file,street,walk,seq,node_id,cardinal,side,vertical_greenery,vertical_hardscape,green_eye_level,sky_openness,walkable_ground,green_softening,signage_detail,facade_variation,ground_floor_activity
1st_avenue/north_to_south/01_n00045_S_L.jpg,1st_avenue,north_to_south,1,n00045,S,L,1.0,3.0,1.0,5.0,3.0,1.0,1.0,3.0,1.0
1st_avenue/north_to_south/01_n00045_S_R.jpg,1st_avenue,north_to_south,1,n00045,S,R,1.0,6.0,1.0,3.0,3.0,1.0,1.0,3.0,3.0
1st_avenue/north_to_south/02_n00043_S_L.jpg,1st_avenue,north_to_south,2,n00043,S,L,1.0,2.0,1.0,5.0,3.0,3.0,1.0,3.0,1.0
1st_avenue/north_to_south/02_n00043_S_R.jpg,1st_avenue,north_to_south,2,n00043,S,R,1.0,6.0,1.0,3.0,3.0,1.0,1.0,3.0,1.0
1st_avenue/north_to_south/03_n00041_S_L.jpg,1st_avenue,north_to_south,3,n00041,S,L,1.0,1.0,3.0,5.0,5.0,3.0,1.0,3.0,3.0
1st_avenue/north_to_south/03_n00041_S_R.jpg,1st_avenue,north_to_south,3,n00041,S,R,1.0,7.0,1.0,3.0,1.0,1.0,1.0,3.0,1.0
1st_avenue/north_to_south/04_n00039_S_L.jpg,1st_avenue,north_to_south,4,n00039,S,L,2.0,1.0,3.0,5.0,6.0,3.0,1.0,3.0,1.0
1st_avenue/north_to_south/04_n00039_S_R.jpg,1st_avenue,north_to_south,4,n00039,S,R,1.0,6.0,2.0,3.0,3.0,1.0,1.0,3.0,1.0
1st_avenue/north_to_south/05_n00037_S_L.jpg,1st_avenue,north_to_south,5,n00037,S,L,1.0,1.0,2.0,5.0,6.0,3.0,3.0,7.0,1.0
1st_avenue/north_to_south/05_n00037_S_R.jpg,1st_avenue,north_to_south,5,n00037,S,R,1.0,7.0,1.0,3.0,3.0,1.0,1.0,3.0,3.0
1st_avenue/north_to_south/06_n00035_S_L.jpg,1st_avenue,north_to_south,6,n00035,S,L,1.0,1.0,1.0,5.0,6.0,1.0,1.0,1.0,1.0
1st_avenue/north_to_south/06_n00035_S_R.jpg,1st_avenue,north_to_south,6,n00035,S,R,1.0,6.0,1.0,3.0,6.0,1.0,1.0,3.0,5.0
1st_avenue/north_to_south/07_n00033_S_L.jpg,1st_avenue,north_to_south,7,n00033,S,L,1.0,1.0,1.0,5.0,3.0,1.0,1.0,1.0,1.0
1st_avenue/north_to_south/07_n00033_S_R.jpg,1st_avenue,north_to_south,7,n00033,S,R,1.0,6.0,1.0,3.0,6.0,1.0,1.0,3.0,3.0
1st_avenue/north_to_south/08_n00031_S_L.jpg,1st_avenue,north_to_south,8,n00031,S,L,1.0,3.0,1.0,5.0,3.0,1.0,1.0,3.0,1.0
1st_avenue/north_to_south/08_n00031_S_R.jpg,1st_avenue,north_to_south,8,n00031,S,R,1.0,6.0,1.0,3.0,3.0,1.0,1.0,3.0,3.0
1st_avenue/north_to_south/09_n00029_S_L.jpg,1st_avenue,north_to_south,9,n00029,S,L,1.0,3.0,1.0,5.0,3.0,1.0,1.0,3.0,3.0
1st_avenue/north_to_south/09_n00029_S_R.jpg,1st_avenue,north_to_south,9,n00029,S,R,1.0,5.0,1.0,3.0,5.0,1.0,3.0,5.0,3.0
1st_avenue/north_to_south/10_n00027_S_L.jpg,1st_avenue,north_to_south,10,n00027,S,L,1.0,3.0,1.0,5.0,3.0,1.0,1.0,3.0,1.0
1st_avenue/north_to_south/10_n00027_S_R.jpg,1st_avenue,north_to_south,10,n00027,S,R,1.0,7.0,1.0,3.0,6.0,1.0,1.0,3.0,3.0
1st_avenue/north_to_south/11_n00025_S_L.jpg,1st_avenue,north_to_south,11,n00025,S,L,1.0,3.0,1.0,5.0,3.0,1.0,1.0,3.0,1.0
1st_avenue/north_to_south/11_n00025_S_R.jpg,1st_avenue,north_to_south,11,n00025,S,R,1.0,7.0,1.0,3.0,6.0,1.0,1.0,3.0,3.0
1st_avenue/north_to_south/12_n00023_S_L.jpg,1st_avenue,north_to_south,12,n00023,S,L,1.0,3.0,1.0,5.0,3.0,1.0,1.0,7.0,1.0
1st_avenue/north_to_south/12_n00023_S_R.jpg,1st_avenue,north_to_south,12,n00023,S,R,1.0,3.0,1.0,3.0,3.0,2.0,1.0,5.0,3.0
1st_avenue/north_to_south/13_n00022_S_L.jpg,1st_avenue,north_to_south,13,n00022,S,L,1.0,3.0,1.0,5.0,3.0,1.0,1.0,7.0,1.0
1st_avenue/north_to_south/13_n00022_S_R.jpg,1st_avenue,north_to_south,13,n00022,S,R,1.0,3.0,1.0,3.0,3.0,2.0,1.0,5.0,3.0
1st_avenue/north_to_south/14_n00021_S_L.jpg,1st_avenue,north_to_south,14,n00021,S,L,1.0,6.0,1.0,5.0,3.0,1.0,1.0,3.0,3.0
1st_avenue/north_to_south/14_n00021_S_R.jpg,1st_avenue,north_to_south,14,n00021,S,R,1.0,5.0,1.0,3.0,3.0,1.0,3.0,5.0,3.0
1st_avenue/north_to_south/15_n00020_S_L.jpg,1st_avenue,north_to_south,15,n00020,S,L,1.0,3.0,1.0,5.0,3.0,1.0,1.0,5.0,3.0
1st_avenue/north_to_south/15_n00020_S_R.jpg,1st_avenue,north_to_south,15,n00020,S,R,1.0,3.0,1.0,1.0,1.0,1.0,1.0,1.0,1.0
1st_avenue/north_to_south/16_n00019_S_L.jpg,1st_avenue,north_to_south,16,n00019,S,L,1.0,3.0,1.0,5.0,3.0,1.0,1.0,3.0,3.0
1st_avenue/north_to_south/16_n00019_S_R.jpg,1st_avenue,north_to_south,16,n00019,S,R,1.0,3.0,1.0,1.0,1.0,1.0,1.0,1.0,1.0
1st_avenue/north_to_south/17_n00018_S_L.jpg,1st_avenue,north_to_south,17,n00018,S,L,1.0,3.0,1.0,3.0,3.0,1.0,3.0,3.0,3.0
1st_avenue/north_to_south/17_n00018_S_R.jpg,1st_avenue,north_to_south,17,n00018,S,R,1.0,1.0,1.0,3.0,1.0,1.0,1.0,3.0,1.0
1st_avenue/north_to_south/18_n00017_S_L.jpg,1st_avenue,north_to_south,18,n00017,S,L,1.0,3.0,1.0,3.0,3.0,1.0,3.0,3.0,3.0
1st_avenue/north_to_south/18_n00017_S_R.jpg,1st_avenue,north_to_south,18,n00017,S,R,3.0,5.0,3.0,3.0,5.0,5.0,3.0,3.0,3.0
1st_avenue/north_to_south/19_n00016_S_L.jpg,1st_avenue,north_to_south,19,n00016,S,L,1.0,6.0,1.0,3.0,3.0,1.0,1.0,5.0,3.0
1st_avenue/north_to_south/19_n00016_S_R.jpg,1st_avenue,north_to_south,19,n00016,S,R,3.0,3.0,3.0,3.0,6.0,5.0,1.0,5.0,3.0
1st_avenue/north_to_south/20_n00015_S_L.jpg,1st_avenue,north_to_south,20,n00015,S,L,1.0,5.0,2.0,3.0,3.0,3.0,3.0,5.0,3.0
1st_avenue/north_to_south/20_n00015_S_R.jpg,1st_avenue,north_to_south,20,n00015,S,R,3.0,3.0,3.0,5.0,6.0,5.0,1.0,5.0,3.0
1st_avenue/north_to_south/21_n00014_S_L.jpg,1st_avenue,north_to_south,21,n00014,S,L,1.0,3.0,1.0,3.0,3.0,2.0,1.0,5.0,3.0
1st_avenue/north_to_south/21_n00014_S_R.jpg,1st_avenue,north_to_south,21,n00014,S,R,3.0,2.0,3.0,3.0,3.0,5.0,1.0,3.0,1.0
1st_avenue/north_to_south/22_n00013_S_L.jpg,1st_avenue,north_to_south,22,n00013,S,L,1.0,5.0,2.0,3.0,5.0,3.0,3.0,3.0,3.0
1st_avenue/north_to_south/22_n00013_S_R.jpg,1st_avenue,north_to_south,22,n00013,S,R,2.0,3.0,3.0,3.0,3.0,3.0,3.0,5.0,3.0
1st_avenue/north_to_south/23_n00012_S_L.jpg,1st_avenue,north_to_south,23,n00012,S,L,2.0,3.0,3.0,3.0,3.0,3.0,3.0,5.0,3.0
1st_avenue/north_to_south/23_n00012_S_R.jpg,1st_avenue,north_to_south,23,n00012,S,R,3.0,1.0,3.0,3.0,3.0,3.0,1.0,3.0,1.0
1st_avenue/north_to_south/24_n00011_S_L.jpg,1st_avenue,north_to_south,24,n00011,S,L,3.0,6.0,3.0,3.0,5.0,3.0,1.0,5.0,3.0
1st_avenue/north_to_south/24_n00011_S_R.jpg,1st_avenue,north_to_south,24,n00011,S,R,3.0,1.0,3.0,3.0,3.0,3.0,1.0,3.0,1.0
1st_avenue/north_to_south/25_n00010_S_L.jpg,1st_avenue,north_to_south,25,n00010,S,L,1.0,6.0,2.0,3.0,3.0,3.0,3.0,5.0,3.0
1st_avenue/north_to_south/25_n00010_S_R.jpg,1st_avenue,north_to_south,25,n00010,S,R,2.0,2.0,3.0,3.0,3.0,3.0,1.0,3.0,1.0
1st_avenue/north_to_south/26_n00009_S_L.jpg,1st_avenue,north_to_south,26,n00009,S,L,1.0,5.0,2.0,3.0,3.0,1.0,3.0,5.0,3.0
1st_avenue/north_to_south/26_n00009_S_R.jpg,1st_avenue,north_to_south,26,n00009,S,R,3.0,2.0,3.0,3.0,3.0,3.0,1.0,3.0,1.0
1st_avenue/north_to_south/27_n00008_S_L.jpg,1st_avenue,north_to_south,27,n00008,S,L,1.0,5.0,1.0,5.0,5.0,1.0,3.0,5.0,3.0
1st_avenue/north_to_south/27_n00008_S_R.jpg,1st_avenue,north_to_south,27,n00008,S,R,2.0,3.0,3.0,3.0,3.0,3.0,1.0,3.0,1.0
1st_avenue/north_to_south/28_n00007_S_L.jpg,1st_avenue,north_to_south,28,n00007,S,L,1.0,5.0,1.0,3.0,3.0,1.0,3.0,5.0,3.0
1st_avenue/north_to_south/28_n00007_S_R.jpg,1st_avenue,north_to_south,28,n00007,S,R,2.0,3.0,3.0,3.0,3.0,3.0,1.0,3.0,1.0
1st_avenue/north_to_south/29_n00006_S_L.jpg,1st_avenue,north_to_south,29,n00006,S,L,1.0,5.0,1.0,3.0,3.0,1.0,3.0,5.0,3.0
1st_avenue/north_to_south/29_n00006_S_R.jpg,1st_avenue,north_to_south,29,n00006,S,R,1.0,3.0,1.0,3.0,3.0,2.0,3.0,3.0,3.0
1st_avenue/north_to_south/30_n00005_S_L.jpg,1st_avenue,north_to_south,30,n00005,S,L,1.0,6.0,2.0,3.0,3.0,2.0,3.0,5.0,3.0
1st_avenue/north_to_south/30_n00005_S_R.jpg,1st_avenue,north_to_south,30,n00005,S,R,1.0,6.0,1.0,3.0,3.0,1.0,1.0,3.0,3.0
1st_avenue/north_to_south/31_n00004_S_L.jpg,1st_avenue,north_to_south,31,n00004,S,L,1.0,5.0,2.0,5.0,3.0,2.0,3.0,7.0,3.0
1st_avenue/north_to_south/31_n00004_S_R.jpg,1st_avenue,north_to_south,31,n00004,S,R,1.0,5.0,1.0,3.0,3.0,1.0,1.0,5.0,3.0
1st_avenue/north_to_south/32_n00003_S_L.jpg,1st_avenue,north_to_south,32,n00003,S,L,2.0,5.0,3.0,5.0,3.0,3.0,1.0,7.0,3.0
1st_avenue/north_to_south/32_n00003_S_R.jpg,1st_avenue,north_to_south,32,n00003,S,R,1.0,5.0,2.0,3.0,3.0,2.0,1.0,5.0,3.0
1st_avenue/north_to_south/33_n00002_S_L.jpg,1st_avenue,north_to_south,33,n00002,S,L,1.0,6.0,1.0,5.0,3.0,1.0,3.0,5.0,3.0
1st_avenue/north_to_south/33_n00002_S_R.jpg,1st_avenue,north_to_south,33,n00002,S,R,1.0,5.0,2.0,3.0,3.0,3.0,3.0,5.0,3.0
1st_avenue/north_to_south/34_n00001_S_L.jpg,1st_avenue,north_to_south,34,n00001,S,L,1.0,5.0,1.0,5.0,3.0,1.0,3.0,5.0,3.0
1st_avenue/north_to_south/34_n00001_S_R.jpg,1st_avenue,north_to_south,34,n00001,S,R,1.0,5.0,3.0,3.0,3.0,3.0,3.0,5.0,3.0
1st_avenue/north_to_south/35_n00000_S_L.jpg,1st_avenue,north_to_south,35,n00000,S,L,1.0,5.0,1.0,3.0,3.0,1.0,1.0,7.0,1.0
1st_avenue/north_to_south/35_n00000_S_R.jpg,1st_avenue,north_to_south,35,n00000,S,R,1.0,5.0,2.0,3.0,3.0,2.0,5.0,5.0,5.0
1st_avenue/south_to_north/01_n00000_N_L.jpg,1st_avenue,south_to_north,1,n00000,N,L,1.0,5.0,1.0,3.0,3.0,1.0,1.0,5.0,3.0
1st_avenue/south_to_north/01_n00000_N_R.jpg,1st_avenue,south_to_north,1,n00000,N,R,1.0,7.0,1.0,3.0,3.0,1.0,3.0,7.0,3.0
1st_avenue/south_to_north/02_n00001_N_L.jpg,1st_avenue,south_to_north,2,n00001,N,L,1.0,6.0,1.0,3.0,3.0,2.0,3.0,5.0,3.0
1st_avenue/south_to_north/02_n00001_N_R.jpg,1st_avenue,south_to_north,2,n00001,N,R,1.0,7.0,2.0,3.0,5.0,3.0,3.0,7.0,3.0
1st_avenue/south_to_north/03_n00002_N_L.jpg,1st_avenue,south_to_north,3,n00002,N,L,1.0,5.0,1.0,3.0,3.0,1.0,1.0,5.0,2.0
1st_avenue/south_to_north/03_n00002_N_R.jpg,1st_avenue,south_to_north,3,n00002,N,R,2.0,5.0,3.0,3.0,3.0,3.0,3.0,5.0,3.0
1st_avenue/south_to_north/04_n00003_N_L.jpg,1st_avenue,south_to_north,4,n00003,N,L,1.0,5.0,1.0,3.0,3.0,1.0,1.0,3.0,1.0
1st_avenue/south_to_north/04_n00003_N_R.jpg,1st_avenue,south_to_north,4,n00003,N,R,2.0,5.0,3.0,3.0,3.0,3.0,3.0,5.0,3.0
1st_avenue/south_to_north/05_n00004_N_L.jpg,1st_avenue,south_to_north,5,n00004,N,L,2.0,2.0,3.0,3.0,3.0,3.0,1.0,3.0,1.0
1st_avenue/south_to_north/05_n00004_N_R.jpg,1st_avenue,south_to_north,5,n00004,N,R,1.0,3.0,1.0,3.0,3.0,1.0,3.0,7.0,3.0
1st_avenue/south_to_north/06_n00005_N_L.jpg,1st_avenue,south_to_north,6,n00005,N,L,2.0,3.0,3.0,3.0,3.0,3.0,3.0,3.0,1.0
1st_avenue/south_to_north/06_n00005_N_R.jpg,1st_avenue,south_to_north,6,n00005,N,R,1.0,5.0,1.0,3.0,3.0,1.0,3.0,3.0,3.0
1st_avenue/south_to_north/07_n00006_N_L.jpg,1st_avenue,south_to_north,7,n00006,N,L,2.0,3.0,2.0,3.0,1.0,3.0,1.0,7.0,1.0
1st_avenue/south_to_north/07_n00006_N_R.jpg,1st_avenue,south_to_north,7,n00006,N,R,1.0,5.0,1.0,3.0,3.0,1.0,1.0,3.0,3.0
1st_avenue/south_to_north/08_n00007_N_L.jpg,1st_avenue,south_to_north,8,n00007,N,L,1.0,3.0,2.0,3.0,3.0,3.0,1.0,7.0,1.0
1st_avenue/south_to_north/08_n00007_N_R.jpg,1st_avenue,south_to_north,8,n00007,N,R,1.0,3.0,1.0,3.0,3.0,1.0,5.0,5.0,3.0
1st_avenue/south_to_north/09_n00008_N_L.jpg,1st_avenue,south_to_north,9,n00008,N,L,2.0,5.0,2.0,3.0,3.0,3.0,1.0,5.0,3.0
1st_avenue/south_to_north/09_n00008_N_R.jpg,1st_avenue,south_to_north,9,n00008,N,R,1.0,7.0,1.0,3.0,3.0,2.0,3.0,5.0,3.0
1st_avenue/south_to_north/10_n00009_N_L.jpg,1st_avenue,south_to_north,10,n00009,N,L,2.0,5.0,3.0,3.0,3.0,3.0,1.0,5.0,3.0
1st_avenue/south_to_north/10_n00009_N_R.jpg,1st_avenue,south_to_north,10,n00009,N,R,2.0,6.0,3.0,3.0,5.0,3.0,1.0,3.0,3.0
1st_avenue/south_to_north/11_n00010_N_L.jpg,1st_avenue,south_to_north,11,n00010,N,L,1.0,3.0,2.0,3.0,3.0,3.0,1.0,5.0,1.0
1st_avenue/south_to_north/11_n00010_N_R.jpg,1st_avenue,south_to_north,11,n00010,N,R,2.0,6.0,3.0,3.0,3.0,3.0,5.0,5.0,5.0
1st_avenue/south_to_north/12_n00011_N_L.jpg,1st_avenue,south_to_north,12,n00011,N,L,1.0,5.0,2.0,3.0,3.0,3.0,3.0,7.0,3.0
1st_avenue/south_to_north/12_n00011_N_R.jpg,1st_avenue,south_to_north,12,n00011,N,R,3.0,5.0,3.0,3.0,6.0,3.0,5.0,5.0,3.0
1st_avenue/south_to_north/13_n00012_N_L.jpg,1st_avenue,south_to_north,13,n00012,N,L,3.0,5.0,3.0,5.0,3.0,5.0,3.0,7.0,3.0
1st_avenue/south_to_north/13_n00012_N_R.jpg,1st_avenue,south_to_north,13,n00012,N,R,1.0,5.0,2.0,3.0,6.0,3.0,3.0,5.0,3.0
1st_avenue/south_to_north/14_n00013_N_L.jpg,1st_avenue,south_to_north,14,n00013,N,L,3.0,3.0,5.0,5.0,5.0,5.0,3.0,5.0,3.0
1st_avenue/south_to_north/14_n00013_N_R.jpg,1st_avenue,south_to_north,14,n00013,N,R,1.0,5.0,2.0,3.0,3.0,2.0,3.0,5.0,3.0
1st_avenue/south_to_north/15_n00014_N_L.jpg,1st_avenue,south_to_north,15,n00014,N,L,3.0,5.0,3.0,3.0,3.0,5.0,1.0,5.0,3.0
1st_avenue/south_to_north/15_n00014_N_R.jpg,1st_avenue,south_to_north,15,n00014,N,R,2.0,3.0,3.0,3.0,3.0,3.0,3.0,5.0,3.0
1st_avenue/south_to_north/16_n00015_N_L.jpg,1st_avenue,south_to_north,16,n00015,N,L,2.0,5.0,3.0,3.0,3.0,3.0,3.0,5.0,3.0
1st_avenue/south_to_north/16_n00015_N_R.jpg,1st_avenue,south_to_north,16,n00015,N,R,1.0,5.0,1.0,3.0,3.0,1.0,1.0,3.0,1.0
1st_avenue/south_to_north/17_n00016_N_L.jpg,1st_avenue,south_to_north,17,n00016,N,L,1.0,6.0,1.0,3.0,3.0,1.0,3.0,7.0,3.0
1st_avenue/south_to_north/17_n00016_N_R.jpg,1st_avenue,south_to_north,17,n00016,N,R,1.0,1.0,1.0,5.0,3.0,1.0,3.0,3.0,1.0
1st_avenue/south_to_north/18_n00017_N_L.jpg,1st_avenue,south_to_north,18,n00017,N,L,1.0,3.0,1.0,3.0,1.0,1.0,1.0,5.0,3.0
1st_avenue/south_to_north/18_n00017_N_R.jpg,1st_avenue,south_to_north,18,n00017,N,R,1.0,1.0,1.0,5.0,3.0,1.0,1.0,1.0,1.0
1st_avenue/south_to_north/19_n00018_N_L.jpg,1st_avenue,south_to_north,19,n00018,N,L,1.0,1.0,1.0,1.0,1.0,1.0,1.0,1.0,1.0
1st_avenue/south_to_north/19_n00018_N_R.jpg,1st_avenue,south_to_north,19,n00018,N,R,1.0,1.0,1.0,5.0,6.0,1.0,1.0,1.0,1.0
1st_avenue/south_to_north/20_n00019_N_L.jpg,1st_avenue,south_to_north,20,n00019,N,L,1.0,3.0,1.0,3.0,1.0,1.0,1.0,3.0,1.0
1st_avenue/south_to_north/20_n00019_N_R.jpg,1st_avenue,south_to_north,20,n00019,N,R,1.0,1.0,1.0,5.0,3.0,1.0,1.0,3.0,1.0
1st_avenue/south_to_north/21_n00020_N_L.jpg,1st_avenue,south_to_north,21,n00020,N,L,1.0,5.0,1.0,3.0,3.0,1.0,1.0,5.0,1.0
1st_avenue/south_to_north/21_n00020_N_R.jpg,1st_avenue,south_to_north,21,n00020,N,R,1.0,1.0,1.0,5.0,3.0,1.0,3.0,3.0,1.0
1st_avenue/south_to_north/22_n00021_N_L.jpg,1st_avenue,south_to_north,22,n00021,N,L,1.0,7.0,2.0,3.0,3.0,3.0,1.0,3.0,3.0
1st_avenue/south_to_north/22_n00021_N_R.jpg,1st_avenue,south_to_north,22,n00021,N,R,1.0,1.0,1.0,5.0,3.0,1.0,1.0,3.0,1.0
1st_avenue/south_to_north/23_n00022_N_L.jpg,1st_avenue,south_to_north,23,n00022,N,L,1.0,6.0,1.0,3.0,6.0,1.0,1.0,3.0,3.0
1st_avenue/south_to_north/23_n00022_N_R.jpg,1st_avenue,south_to_north,23,n00022,N,R,1.0,1.0,1.0,5.0,3.0,1.0,1.0,3.0,1.0
1st_avenue/south_to_north/24_n00023_N_L.jpg,1st_avenue,south_to_north,24,n00023,N,L,1.0,6.0,1.0,3.0,6.0,1.0,1.0,3.0,3.0
1st_avenue/south_to_north/24_n00023_N_R.jpg,1st_avenue,south_to_north,24,n00023,N,R,1.0,1.0,1.0,5.0,3.0,1.0,1.0,3.0,1.0
1st_avenue/south_to_north/25_n00025_N_L.jpg,1st_avenue,south_to_north,25,n00025,N,L,1.0,5.0,1.0,3.0,3.0,1.0,3.0,5.0,3.0
1st_avenue/south_to_north/25_n00025_N_R.jpg,1st_avenue,south_to_north,25,n00025,N,R,1.0,2.0,1.0,5.0,3.0,1.0,1.0,3.0,2.0
1st_avenue/south_to_north/26_n00027_N_L.jpg,1st_avenue,south_to_north,26,n00027,N,L,1.0,6.0,1.0,3.0,3.0,1.0,3.0,5.0,3.0
1st_avenue/south_to_north/26_n00027_N_R.jpg,1st_avenue,south_to_north,26,n00027,N,R,1.0,2.0,1.0,5.0,3.0,1.0,1.0,3.0,1.0
1st_avenue/south_to_north/27_n00029_N_L.jpg,1st_avenue,south_to_north,27,n00029,N,L,1.0,6.0,1.0,3.0,3.0,3.0,1.0,3.0,5.0
1st_avenue/south_to_north/27_n00029_N_R.jpg,1st_avenue,south_to_north,27,n00029,N,R,1.0,2.0,1.0,5.0,3.0,1.0,1.0,3.0,1.0
1st_avenue/south_to_north/28_n00031_N_L.jpg,1st_avenue,south_to_north,28,n00031,N,L,1.0,5.0,1.0,3.0,1.0,1.0,1.0,3.0,3.0
1st_avenue/south_to_north/28_n00031_N_R.jpg,1st_avenue,south_to_north,28,n00031,N,R,1.0,2.0,1.0,5.0,3.0,1.0,1.0,3.0,1.0
1st_avenue/south_to_north/29_n00033_N_L.jpg,1st_avenue,south_to_north,29,n00033,N,L,1.0,5.0,2.0,3.0,3.0,2.0,1.0,3.0,3.0
1st_avenue/south_to_north/29_n00033_N_R.jpg,1st_avenue,south_to_north,29,n00033,N,R,1.0,3.0,1.0,5.0,3.0,1.0,1.0,3.0,1.0
1st_avenue/south_to_north/30_n00035_N_L.jpg,1st_avenue,south_to_north,30,n00035,N,L,1.0,6.0,1.0,3.0,1.0,1.0,3.0,3.0,1.0
1st_avenue/south_to_north/30_n00035_N_R.jpg,1st_avenue,south_to_north,30,n00035,N,R,1.0,3.0,2.0,5.0,5.0,3.0,3.0,3.0,1.0
1st_avenue/south_to_north/31_n00037_N_L.jpg,1st_avenue,south_to_north,31,n00037,N,L,1.0,5.0,1.0,3.0,1.0,1.0,1.0,5.0,1.0
1st_avenue/south_to_north/31_n00037_N_R.jpg,1st_avenue,south_to_north,31,n00037,N,R,1.0,3.0,2.0,5.0,6.0,3.0,1.0,3.0,1.0
1st_avenue/south_to_north/32_n00039_N_L.jpg,1st_avenue,south_to_north,32,n00039,N,L,1.0,5.0,1.0,3.0,1.0,1.0,1.0,3.0,1.0
1st_avenue/south_to_north/32_n00039_N_R.jpg,1st_avenue,south_to_north,32,n00039,N,R,1.0,3.0,1.0,5.0,5.0,1.0,1.0,3.0,3.0
1st_avenue/south_to_north/33_n00041_N_L.jpg,1st_avenue,south_to_north,33,n00041,N,L,1.0,5.0,1.0,3.0,1.0,1.0,3.0,5.0,1.0
1st_avenue/south_to_north/33_n00041_N_R.jpg,1st_avenue,south_to_north,33,n00041,N,R,1.0,6.0,1.0,5.0,6.0,1.0,1.0,3.0,3.0
1st_avenue/south_to_north/34_n00043_N_L.jpg,1st_avenue,south_to_north,34,n00043,N,L,1.0,6.0,2.0,3.0,3.0,2.0,1.0,5.0,3.0
1st_avenue/south_to_north/34_n00043_N_R.jpg,1st_avenue,south_to_north,34,n00043,N,R,1.0,3.0,1.0,3.0,3.0,1.0,3.0,3.0,3.0
1st_avenue/south_to_north/35_n00045_N_L.jpg,1st_avenue,south_to_north,35,n00045,N,L,1.0,5.0,1.0,3.0,6.0,2.0,1.0,3.0,1.0
1st_avenue/south_to_north/35_n00045_N_R.jpg,1st_avenue,south_to_north,35,n00045,N,R,1.0,3.0,1.0,3.0,3.0,1.0,1.0,3.0,1.0
1st_avenue_west_branch/north_to_south/1_n00042_S_L.jpg,1st_avenue_west_branch,north_to_south,1,n00042,S,L,1.0,2.0,1.0,3.0,3.0,1.0,3.0,3.0,1.0
1st_avenue_west_branch/north_to_south/1_n00042_S_R.jpg,1st_avenue_west_branch,north_to_south,1,n00042,S,R,1.0,5.0,1.0,1.0,6.0,1.0,3.0,3.0,1.0
1st_avenue_west_branch/north_to_south/2_n00040_S_L.jpg,1st_avenue_west_branch,north_to_south,2,n00040,S,L,1.0,1.0,1.0,3.0,1.0,1.0,1.0,3.0,1.0
1st_avenue_west_branch/north_to_south/2_n00040_S_R.jpg,1st_avenue_west_branch,north_to_south,2,n00040,S,R,1.0,5.0,2.0,1.0,3.0,3.0,1.0,3.0,1.0
1st_avenue_west_branch/north_to_south/3_n00038_S_L.jpg,1st_avenue_west_branch,north_to_south,3,n00038,S,L,1.0,1.0,1.0,5.0,1.0,1.0,1.0,3.0,1.0
1st_avenue_west_branch/north_to_south/3_n00038_S_R.jpg,1st_avenue_west_branch,north_to_south,3,n00038,S,R,1.0,3.0,2.0,3.0,3.0,2.0,1.0,3.0,1.0
1st_avenue_west_branch/north_to_south/4_n00036_S_L.jpg,1st_avenue_west_branch,north_to_south,4,n00036,S,L,1.0,1.0,1.0,3.0,3.0,1.0,1.0,3.0,1.0
1st_avenue_west_branch/north_to_south/4_n00036_S_R.jpg,1st_avenue_west_branch,north_to_south,4,n00036,S,R,1.0,5.0,2.0,3.0,3.0,3.0,1.0,3.0,1.0
1st_avenue_west_branch/north_to_south/5_n00034_S_L.jpg,1st_avenue_west_branch,north_to_south,5,n00034,S,L,1.0,1.0,1.0,3.0,1.0,1.0,1.0,1.0,1.0
1st_avenue_west_branch/north_to_south/5_n00034_S_R.jpg,1st_avenue_west_branch,north_to_south,5,n00034,S,R,1.0,6.0,1.0,3.0,6.0,1.0,3.0,3.0,3.0
1st_avenue_west_branch/north_to_south/6_n00032_S_L.jpg,1st_avenue_west_branch,north_to_south,6,n00032,S,L,1.0,2.0,1.0,6.0,1.0,1.0,1.0,7.0,1.0
1st_avenue_west_branch/north_to_south/6_n00032_S_R.jpg,1st_avenue_west_branch,north_to_south,6,n00032,S,R,1.0,6.0,1.0,3.0,3.0,3.0,1.0,3.0,3.0
1st_avenue_west_branch/north_to_south/7_n00030_S_L.jpg,1st_avenue_west_branch,north_to_south,7,n00030,S,L,1.0,2.0,1.0,5.0,1.0,1.0,1.0,3.0,1.0
1st_avenue_west_branch/north_to_south/7_n00030_S_R.jpg,1st_avenue_west_branch,north_to_south,7,n00030,S,R,1.0,3.0,1.0,3.0,3.0,1.0,1.0,3.0,3.0
1st_avenue_west_branch/north_to_south/8_n00028_S_L.jpg,1st_avenue_west_branch,north_to_south,8,n00028,S,L,1.0,3.0,1.0,5.0,3.0,1.0,3.0,5.0,3.0
1st_avenue_west_branch/north_to_south/8_n00028_S_R.jpg,1st_avenue_west_branch,north_to_south,8,n00028,S,R,1.0,6.0,1.0,3.0,5.0,1.0,3.0,5.0,3.0
1st_avenue_west_branch/north_to_south/9_n00026_S_L.jpg,1st_avenue_west_branch,north_to_south,9,n00026,S,L,1.0,3.0,1.0,5.0,3.0,1.0,1.0,3.0,1.0
1st_avenue_west_branch/north_to_south/9_n00026_S_R.jpg,1st_avenue_west_branch,north_to_south,9,n00026,S,R,1.0,7.0,1.0,3.0,6.0,1.0,1.0,3.0,3.0
1st_avenue_west_branch/south_to_north/1_n00026_N_L.jpg,1st_avenue_west_branch,south_to_north,1,n00026,N,L,1.0,6.0,1.0,3.0,3.0,1.0,1.0,3.0,3.0
1st_avenue_west_branch/south_to_north/1_n00026_N_R.jpg,1st_avenue_west_branch,south_to_north,1,n00026,N,R,1.0,2.0,1.0,5.0,3.0,1.0,1.0,3.0,1.0
1st_avenue_west_branch/south_to_north/2_n00028_N_L.jpg,1st_avenue_west_branch,south_to_north,2,n00028,N,L,1.0,5.0,1.0,3.0,6.0,3.0,1.0,3.0,5.0
1st_avenue_west_branch/south_to_north/2_n00028_N_R.jpg,1st_avenue_west_branch,south_to_north,2,n00028,N,R,1.0,2.0,1.0,5.0,3.0,1.0,1.0,3.0,1.0
1st_avenue_west_branch/south_to_north/3_n00030_N_L.jpg,1st_avenue_west_branch,south_to_north,3,n00030,N,L,1.0,5.0,1.0,3.0,1.0,1.0,1.0,3.0,3.0
1st_avenue_west_branch/south_to_north/3_n00030_N_R.jpg,1st_avenue_west_branch,south_to_north,3,n00030,N,R,1.0,3.0,1.0,5.0,3.0,1.0,1.0,3.0,1.0
1st_avenue_west_branch/south_to_north/4_n00032_N_L.jpg,1st_avenue_west_branch,south_to_north,4,n00032,N,L,1.0,5.0,1.0,3.0,6.0,3.0,1.0,3.0,3.0
1st_avenue_west_branch/south_to_north/4_n00032_N_R.jpg,1st_avenue_west_branch,south_to_north,4,n00032,N,R,1.0,2.0,1.0,5.0,3.0,1.0,1.0,3.0,1.0
1st_avenue_west_branch/south_to_north/5_n00034_N_L.jpg,1st_avenue_west_branch,south_to_north,5,n00034,N,L,1.0,7.0,3.0,1.0,3.0,3.0,1.0,1.0,1.0
1st_avenue_west_branch/south_to_north/5_n00034_N_R.jpg,1st_avenue_west_branch,south_to_north,5,n00034,N,R,1.0,3.0,1.0,5.0,3.0,1.0,1.0,3.0,1.0
1st_avenue_west_branch/south_to_north/6_n00036_N_L.jpg,1st_avenue_west_branch,south_to_north,6,n00036,N,L,1.0,5.0,2.0,1.0,3.0,2.0,1.0,1.0,1.0
1st_avenue_west_branch/south_to_north/6_n00036_N_R.jpg,1st_avenue_west_branch,south_to_north,6,n00036,N,R,1.0,3.0,1.0,3.0,3.0,1.0,1.0,3.0,1.0
1st_avenue_west_branch/south_to_north/7_n00038_N_L.jpg,1st_avenue_west_branch,south_to_north,7,n00038,N,L,1.0,3.0,2.0,1.0,3.0,3.0,1.0,3.0,1.0
1st_avenue_west_branch/south_to_north/7_n00038_N_R.jpg,1st_avenue_west_branch,south_to_north,7,n00038,N,R,1.0,3.0,1.0,3.0,3.0,1.0,1.0,3.0,1.0
1st_avenue_west_branch/south_to_north/8_n00040_N_L.jpg,1st_avenue_west_branch,south_to_north,8,n00040,N,L,1.0,3.0,1.0,3.0,3.0,3.0,1.0,3.0,1.0
1st_avenue_west_branch/south_to_north/8_n00040_N_R.jpg,1st_avenue_west_branch,south_to_north,8,n00040,N,R,1.0,3.0,1.0,3.0,3.0,1.0,3.0,3.0,1.0
1st_avenue_west_branch/south_to_north/9_n00042_N_L.jpg,1st_avenue_west_branch,south_to_north,9,n00042,N,L,1.0,5.0,1.0,3.0,5.0,1.0,1.0,3.0,3.0
1st_avenue_west_branch/south_to_north/9_n00042_N_R.jpg,1st_avenue_west_branch,south_to_north,9,n00042,N,R,1.0,7.0,1.0,5.0,3.0,1.0,1.0,3.0,1.0
2nd_avenue/north_to_south/01_n00079_S_L.jpg,2nd_avenue,north_to_south,1,n00079,S,L,1.0,6.0,1.0,3.0,3.0,2.0,3.0,5.0,3.0
2nd_avenue/north_to_south/01_n00079_S_R.jpg,2nd_avenue,north_to_south,1,n00079,S,R,1.0,7.0,2.0,3.0,6.0,2.0,5.0,7.0,3.0
2nd_avenue/north_to_south/02_n00078_S_L.jpg,2nd_avenue,north_to_south,2,n00078,S,L,3.0,6.0,3.0,3.0,3.0,3.0,3.0,5.0,5.0
2nd_avenue/north_to_south/02_n00078_S_R.jpg,2nd_avenue,north_to_south,2,n00078,S,R,1.0,6.0,1.0,3.0,6.0,1.0,5.0,7.0,3.0
2nd_avenue/north_to_south/03_n00077_S_L.jpg,2nd_avenue,north_to_south,3,n00077,S,L,2.0,6.0,2.0,3.0,3.0,3.0,3.0,5.0,3.0
2nd_avenue/north_to_south/03_n00077_S_R.jpg,2nd_avenue,north_to_south,3,n00077,S,R,1.0,6.0,1.0,3.0,3.0,1.0,3.0,5.0,3.0
2nd_avenue/north_to_south/04_n00076_S_L.jpg,2nd_avenue,north_to_south,4,n00076,S,L,2.0,6.0,2.0,3.0,3.0,3.0,3.0,7.0,4.0
2nd_avenue/north_to_south/04_n00076_S_R.jpg,2nd_avenue,north_to_south,4,n00076,S,R,1.0,6.0,1.0,3.0,3.0,1.0,3.0,7.0,3.0
2nd_avenue/north_to_south/05_n00075_S_L.jpg,2nd_avenue,north_to_south,5,n00075,S,L,1.0,6.0,1.0,3.0,3.0,1.0,3.0,5.0,3.0
2nd_avenue/north_to_south/05_n00075_S_R.jpg,2nd_avenue,north_to_south,5,n00075,S,R,1.0,6.0,1.0,3.0,3.0,1.0,3.0,7.0,3.0
2nd_avenue/north_to_south/06_n00074_S_L.jpg,2nd_avenue,north_to_south,6,n00074,S,L,1.0,6.0,1.0,3.0,3.0,2.0,3.0,5.0,3.0
2nd_avenue/north_to_south/06_n00074_S_R.jpg,2nd_avenue,north_to_south,6,n00074,S,R,1.0,5.0,2.0,3.0,3.0,1.0,3.0,7.0,3.0
2nd_avenue/north_to_south/07_n00073_S_L.jpg,2nd_avenue,north_to_south,7,n00073,S,L,2.0,5.0,3.0,3.0,3.0,3.0,3.0,5.0,3.0
2nd_avenue/north_to_south/07_n00073_S_R.jpg,2nd_avenue,north_to_south,7,n00073,S,R,1.0,6.0,1.0,3.0,3.0,1.0,5.0,7.0,3.0
2nd_avenue/north_to_south/08_n00072_S_L.jpg,2nd_avenue,north_to_south,8,n00072,S,L,2.0,5.0,3.0,3.0,3.0,3.0,3.0,5.0,3.0
2nd_avenue/north_to_south/08_n00072_S_R.jpg,2nd_avenue,north_to_south,8,n00072,S,R,1.0,5.0,2.0,3.0,5.0,3.0,3.0,5.0,3.0
2nd_avenue/north_to_south/09_n00071_S_L.jpg,2nd_avenue,north_to_south,9,n00071,S,L,1.0,3.0,2.0,3.0,3.0,3.0,5.0,3.0,3.0
2nd_avenue/north_to_south/09_n00071_S_R.jpg,2nd_avenue,north_to_south,9,n00071,S,R,2.0,6.0,3.0,3.0,3.0,3.0,3.0,5.0,3.0
2nd_avenue/north_to_south/10_n00070_S_L.jpg,2nd_avenue,north_to_south,10,n00070,S,L,3.0,3.0,3.0,3.0,3.0,3.0,3.0,3.0,3.0
2nd_avenue/north_to_south/10_n00070_S_R.jpg,2nd_avenue,north_to_south,10,n00070,S,R,2.0,6.0,2.0,3.0,3.0,3.0,3.0,5.0,3.0
2nd_avenue/north_to_south/11_n00069_S_L.jpg,2nd_avenue,north_to_south,11,n00069,S,L,1.0,6.0,1.0,3.0,3.0,1.0,1.0,5.0,3.0
2nd_avenue/north_to_south/11_n00069_S_R.jpg,2nd_avenue,north_to_south,11,n00069,S,R,1.0,5.0,1.0,3.0,3.0,2.0,5.0,5.0,4.0
2nd_avenue/north_to_south/12_n00068_S_L.jpg,2nd_avenue,north_to_south,12,n00068,S,L,1.0,5.0,1.0,3.0,3.0,1.0,1.0,5.0,3.0
2nd_avenue/north_to_south/12_n00068_S_R.jpg,2nd_avenue,north_to_south,12,n00068,S,R,1.0,6.0,1.0,1.0,1.0,1.0,3.0,3.0,3.0
2nd_avenue/north_to_south/13_n00067_S_L.jpg,2nd_avenue,north_to_south,13,n00067,S,L,1.0,5.0,1.0,3.0,3.0,1.0,5.0,5.0,3.0
2nd_avenue/north_to_south/13_n00067_S_R.jpg,2nd_avenue,north_to_south,13,n00067,S,R,1.0,5.0,1.0,3.0,3.0,1.0,3.0,5.0,3.0
2nd_avenue/north_to_south/14_n00066_S_L.jpg,2nd_avenue,north_to_south,14,n00066,S,L,1.0,5.0,1.0,3.0,5.0,1.0,5.0,5.0,3.0
2nd_avenue/north_to_south/14_n00066_S_R.jpg,2nd_avenue,north_to_south,14,n00066,S,R,1.0,6.0,1.0,3.0,5.0,1.0,5.0,5.0,4.0
2nd_avenue/north_to_south/15_n00065_S_L.jpg,2nd_avenue,north_to_south,15,n00065,S,L,1.0,5.0,1.0,3.0,3.0,1.0,3.0,5.0,4.0
2nd_avenue/north_to_south/15_n00065_S_R.jpg,2nd_avenue,north_to_south,15,n00065,S,R,1.0,6.0,1.0,3.0,5.0,1.0,5.0,5.0,5.0
2nd_avenue/north_to_south/16_n00064_S_L.jpg,2nd_avenue,north_to_south,16,n00064,S,L,1.0,5.0,2.0,3.0,3.0,2.0,3.0,5.0,4.0
2nd_avenue/north_to_south/16_n00064_S_R.jpg,2nd_avenue,north_to_south,16,n00064,S,R,2.0,5.0,3.0,3.0,3.0,3.0,5.0,5.0,5.0
2nd_avenue/north_to_south/17_n00063_S_L.jpg,2nd_avenue,north_to_south,17,n00063,S,L,1.0,3.0,1.0,3.0,3.0,1.0,3.0,5.0,3.0
2nd_avenue/north_to_south/17_n00063_S_R.jpg,2nd_avenue,north_to_south,17,n00063,S,R,1.0,3.0,1.0,3.0,3.0,1.0,5.0,5.0,4.0
2nd_avenue/north_to_south/18_n00062_S_L.jpg,2nd_avenue,north_to_south,18,n00062,S,L,1.0,5.0,1.0,3.0,3.0,1.0,5.0,5.0,3.0
2nd_avenue/north_to_south/18_n00062_S_R.jpg,2nd_avenue,north_to_south,18,n00062,S,R,1.0,3.0,1.0,3.0,3.0,1.0,5.0,5.0,5.0
2nd_avenue/north_to_south/19_n00061_S_L.jpg,2nd_avenue,north_to_south,19,n00061,S,L,1.0,3.0,1.0,5.0,3.0,1.0,3.0,5.0,3.0
2nd_avenue/north_to_south/19_n00061_S_R.jpg,2nd_avenue,north_to_south,19,n00061,S,R,2.0,5.0,3.0,3.0,5.0,3.0,5.0,5.0,5.0
2nd_avenue/north_to_south/20_n00060_S_L.jpg,2nd_avenue,north_to_south,20,n00060,S,L,1.0,3.0,1.0,5.0,3.0,1.0,1.0,3.0,1.0
2nd_avenue/north_to_south/20_n00060_S_R.jpg,2nd_avenue,north_to_south,20,n00060,S,R,1.0,6.0,3.0,3.0,5.0,3.0,1.0,3.0,1.0
2nd_avenue/north_to_south/21_n00059_S_L.jpg,2nd_avenue,north_to_south,21,n00059,S,L,1.0,2.0,2.0,3.0,3.0,3.0,1.0,3.0,3.0
2nd_avenue/north_to_south/21_n00059_S_R.jpg,2nd_avenue,north_to_south,21,n00059,S,R,3.0,3.0,3.0,3.0,6.0,5.0,3.0,3.0,1.0
2nd_avenue/north_to_south/22_n00058_S_L.jpg,2nd_avenue,north_to_south,22,n00058,S,L,1.0,3.0,1.0,5.0,3.0,3.0,3.0,5.0,1.0
2nd_avenue/north_to_south/22_n00058_S_R.jpg,2nd_avenue,north_to_south,22,n00058,S,R,1.0,5.0,2.0,5.0,3.0,2.0,1.0,5.0,1.0
2nd_avenue/north_to_south/23_n00056_S_L.jpg,2nd_avenue,north_to_south,23,n00056,S,L,1.0,2.0,2.0,5.0,3.0,3.0,3.0,5.0,3.0
2nd_avenue/north_to_south/23_n00056_S_R.jpg,2nd_avenue,north_to_south,23,n00056,S,R,1.0,3.0,2.0,5.0,3.0,2.0,1.0,5.0,3.0
2nd_avenue/north_to_south/24_n00055_S_L.jpg,2nd_avenue,north_to_south,24,n00055,S,L,2.0,2.0,3.0,5.0,3.0,3.0,1.0,5.0,1.0
2nd_avenue/north_to_south/24_n00055_S_R.jpg,2nd_avenue,north_to_south,24,n00055,S,R,1.0,3.0,2.0,5.0,5.0,3.0,3.0,5.0,3.0
2nd_avenue/north_to_south/25_n00054_S_L.jpg,2nd_avenue,north_to_south,25,n00054,S,L,1.0,2.0,3.0,5.0,3.0,3.0,1.0,3.0,1.0
2nd_avenue/north_to_south/25_n00054_S_R.jpg,2nd_avenue,north_to_south,25,n00054,S,R,2.0,3.0,3.0,5.0,6.0,3.0,5.0,5.0,5.0
2nd_avenue/north_to_south/26_n00053_S_L.jpg,2nd_avenue,north_to_south,26,n00053,S,L,2.0,2.0,3.0,5.0,1.0,3.0,1.0,5.0,1.0
2nd_avenue/north_to_south/26_n00053_S_R.jpg,2nd_avenue,north_to_south,26,n00053,S,R,1.0,5.0,1.0,3.0,3.0,1.0,5.0,5.0,4.0
2nd_avenue/north_to_south/27_n00052_S_L.jpg,2nd_avenue,north_to_south,27,n00052,S,L,2.0,2.0,3.0,5.0,3.0,3.0,1.0,3.0,1.0
2nd_avenue/north_to_south/27_n00052_S_R.jpg,2nd_avenue,north_to_south,27,n00052,S,R,1.0,3.0,1.0,5.0,3.0,1.0,1.0,7.0,3.0
2nd_avenue/north_to_south/28_n00051_S_L.jpg,2nd_avenue,north_to_south,28,n00051,S,L,1.0,2.0,1.0,5.0,3.0,1.0,1.0,1.0,1.0
2nd_avenue/north_to_south/28_n00051_S_R.jpg,2nd_avenue,north_to_south,28,n00051,S,R,1.0,3.0,2.0,5.0,3.0,2.0,3.0,5.0,3.0
2nd_avenue/north_to_south/29_n00050_S_L.jpg,2nd_avenue,north_to_south,29,n00050,S,L,1.0,2.0,2.0,3.0,1.0,1.0,1.0,1.0,1.0
2nd_avenue/north_to_south/29_n00050_S_R.jpg,2nd_avenue,north_to_south,29,n00050,S,R,1.0,5.0,1.0,3.0,5.0,1.0,5.0,5.0,3.0
2nd_avenue/north_to_south/30_n00049_S_L.jpg,2nd_avenue,north_to_south,30,n00049,S,L,2.0,3.0,3.0,5.0,3.0,3.0,1.0,3.0,1.0
2nd_avenue/north_to_south/30_n00049_S_R.jpg,2nd_avenue,north_to_south,30,n00049,S,R,1.0,5.0,1.0,3.0,3.0,1.0,5.0,7.0,4.0
2nd_avenue/north_to_south/31_n00048_S_L.jpg,2nd_avenue,north_to_south,31,n00048,S,L,1.0,7.0,2.0,5.0,3.0,2.0,1.0,3.0,1.0
2nd_avenue/north_to_south/31_n00048_S_R.jpg,2nd_avenue,north_to_south,31,n00048,S,R,1.0,3.0,3.0,3.0,3.0,1.0,5.0,7.0,3.0
2nd_avenue/north_to_south/32_n00047_S_L.jpg,2nd_avenue,north_to_south,32,n00047,S,L,1.0,6.0,1.0,5.0,3.0,1.0,1.0,3.0,3.0
2nd_avenue/north_to_south/32_n00047_S_R.jpg,2nd_avenue,north_to_south,32,n00047,S,R,1.0,3.0,1.0,3.0,3.0,2.0,3.0,7.0,3.0
2nd_avenue/north_to_south/33_n00046_S_L.jpg,2nd_avenue,north_to_south,33,n00046,S,L,1.0,6.0,1.0,3.0,3.0,1.0,1.0,3.0,1.0
2nd_avenue/north_to_south/33_n00046_S_R.jpg,2nd_avenue,north_to_south,33,n00046,S,R,1.0,3.0,1.0,3.0,5.0,1.0,5.0,7.0,5.0
2nd_avenue/south_to_north/01_n00046_N_L.jpg,2nd_avenue,south_to_north,1,n00046,N,L,2.0,3.0,3.0,5.0,5.0,3.0,3.0,5.0,4.0
2nd_avenue/south_to_north/01_n00046_N_R.jpg,2nd_avenue,south_to_north,1,n00046,N,R,2.0,3.0,3.0,5.0,3.0,3.0,1.0,5.0,3.0
2nd_avenue/south_to_north/02_n00047_N_L.jpg,2nd_avenue,south_to_north,2,n00047,N,L,1.0,3.0,3.0,5.0,6.0,3.0,5.0,7.0,5.0
2nd_avenue/south_to_north/02_n00047_N_R.jpg,2nd_avenue,south_to_north,2,n00047,N,R,3.0,3.0,3.0,5.0,3.0,3.0,1.0,5.0,1.0
2nd_avenue/south_to_north/03_n00048_N_L.jpg,2nd_avenue,south_to_north,3,n00048,N,L,1.0,5.0,2.0,5.0,3.0,3.0,5.0,5.0,3.0
2nd_avenue/south_to_north/03_n00048_N_R.jpg,2nd_avenue,south_to_north,3,n00048,N,R,2.0,2.0,3.0,5.0,3.0,3.0,1.0,3.0,3.0
2nd_avenue/south_to_north/04_n00049_N_L.jpg,2nd_avenue,south_to_north,4,n00049,N,L,1.0,5.0,1.0,3.0,3.0,1.0,3.0,5.0,3.0
2nd_avenue/south_to_north/04_n00049_N_R.jpg,2nd_avenue,south_to_north,4,n00049,N,R,1.0,2.0,1.0,5.0,1.0,1.0,1.0,3.0,1.0
2nd_avenue/south_to_north/05_n00050_N_L.jpg,2nd_avenue,south_to_north,5,n00050,N,L,1.0,3.0,1.0,5.0,3.0,1.0,3.0,7.0,3.0
2nd_avenue/south_to_north/05_n00050_N_R.jpg,2nd_avenue,south_to_north,5,n00050,N,R,1.0,3.0,2.0,5.0,3.0,3.0,1.0,5.0,3.0
2nd_avenue/south_to_north/06_n00051_N_L.jpg,2nd_avenue,south_to_north,6,n00051,N,L,1.0,5.0,2.0,5.0,3.0,1.0,3.0,5.0,3.0
2nd_avenue/south_to_north/06_n00051_N_R.jpg,2nd_avenue,south_to_north,6,n00051,N,R,2.0,2.0,3.0,5.0,3.0,3.0,1.0,3.0,1.0
2nd_avenue/south_to_north/07_n00052_N_L.jpg,2nd_avenue,south_to_north,7,n00052,N,L,1.0,6.0,1.0,5.0,3.0,3.0,3.0,7.0,3.0
2nd_avenue/south_to_north/07_n00052_N_R.jpg,2nd_avenue,south_to_north,7,n00052,N,R,1.0,3.0,3.0,5.0,3.0,3.0,1.0,5.0,1.0
2nd_avenue/south_to_north/08_n00053_N_L.jpg,2nd_avenue,south_to_north,8,n00053,N,L,2.0,3.0,3.0,3.0,3.0,3.0,5.0,5.0,5.0
2nd_avenue/south_to_north/08_n00053_N_R.jpg,2nd_avenue,south_to_north,8,n00053,N,R,1.0,5.0,2.0,5.0,3.0,3.0,1.0,5.0,1.0
2nd_avenue/south_to_north/09_n00054_N_L.jpg,2nd_avenue,south_to_north,9,n00054,N,L,1.0,5.0,1.0,5.0,3.0,1.0,1.0,5.0,3.0
2nd_avenue/south_to_north/09_n00054_N_R.jpg,2nd_avenue,south_to_north,9,n00054,N,R,1.0,6.0,1.0,5.0,3.0,1.0,1.0,5.0,3.0
2nd_avenue/south_to_north/10_n00055_N_L.jpg,2nd_avenue,south_to_north,10,n00055,N,L,1.0,5.0,2.0,5.0,3.0,2.0,1.0,5.0,1.0
2nd_avenue/south_to_north/10_n00055_N_R.jpg,2nd_avenue,south_to_north,10,n00055,N,R,1.0,5.0,1.0,5.0,3.0,1.0,1.0,5.0,3.0
2nd_avenue/south_to_north/11_n00056_N_L.jpg,2nd_avenue,south_to_north,11,n00056,N,L,1.0,3.0,1.0,5.0,3.0,1.0,1.0,5.0,2.0
2nd_avenue/south_to_north/11_n00056_N_R.jpg,2nd_avenue,south_to_north,11,n00056,N,R,1.0,5.0,1.0,5.0,3.0,1.0,1.0,5.0,3.0
2nd_avenue/south_to_north/12_n00058_N_L.jpg,2nd_avenue,south_to_north,12,n00058,N,L,3.0,3.0,3.0,3.0,5.0,5.0,3.0,3.0,3.0
2nd_avenue/south_to_north/12_n00058_N_R.jpg,2nd_avenue,south_to_north,12,n00058,N,R,2.0,5.0,3.0,3.0,6.0,3.0,3.0,3.0,1.0
2nd_avenue/south_to_north/13_n00059_N_L.jpg,2nd_avenue,south_to_north,13,n00059,N,L,2.0,3.0,3.0,3.0,3.0,3.0,1.0,3.0,3.0
2nd_avenue/south_to_north/13_n00059_N_R.jpg,2nd_avenue,south_to_north,13,n00059,N,R,2.0,3.0,3.0,3.0,3.0,3.0,3.0,5.0,3.0
2nd_avenue/south_to_north/14_n00060_N_L.jpg,2nd_avenue,south_to_north,14,n00060,N,L,1.0,5.0,1.0,3.0,1.0,1.0,1.0,3.0,1.0
2nd_avenue/south_to_north/14_n00060_N_R.jpg,2nd_avenue,south_to_north,14,n00060,N,R,1.0,5.0,1.0,3.0,3.0,1.0,5.0,5.0,4.0
2nd_avenue/south_to_north/15_n00061_N_L.jpg,2nd_avenue,south_to_north,15,n00061,N,L,2.0,3.0,3.0,3.0,5.0,3.0,5.0,5.0,4.0
2nd_avenue/south_to_north/15_n00061_N_R.jpg,2nd_avenue,south_to_north,15,n00061,N,R,1.0,5.0,1.0,3.0,3.0,1.0,5.0,7.0,3.0
2nd_avenue/south_to_north/16_n00062_N_L.jpg,2nd_avenue,south_to_north,16,n00062,N,L,1.0,5.0,1.0,3.0,3.0,1.0,5.0,7.0,5.0
2nd_avenue/south_to_north/16_n00062_N_R.jpg,2nd_avenue,south_to_north,16,n00062,N,R,1.0,3.0,1.0,3.0,3.0,1.0,5.0,5.0,4.0
2nd_avenue/south_to_north/17_n00063_N_L.jpg,2nd_avenue,south_to_north,17,n00063,N,L,2.0,5.0,2.0,3.0,3.0,3.0,5.0,5.0,5.0
2nd_avenue/south_to_north/17_n00063_N_R.jpg,2nd_avenue,south_to_north,17,n00063,N,R,1.0,3.0,1.0,3.0,3.0,1.0,5.0,5.0,5.0
2nd_avenue/south_to_north/18_n00064_N_L.jpg,2nd_avenue,south_to_north,18,n00064,N,L,1.0,5.0,1.0,3.0,5.0,1.0,5.0,5.0,4.0
2nd_avenue/south_to_north/18_n00064_N_R.jpg,2nd_avenue,south_to_north,18,n00064,N,R,1.0,3.0,1.0,3.0,3.0,1.0,5.0,7.0,3.0
2nd_avenue/south_to_north/19_n00065_N_L.jpg,2nd_avenue,south_to_north,19,n00065,N,L,1.0,5.0,1.0,3.0,3.0,1.0,3.0,5.0,3.0
2nd_avenue/south_to_north/19_n00065_N_R.jpg,2nd_avenue,south_to_north,19,n00065,N,R,1.0,6.0,1.0,3.0,3.0,1.0,3.0,7.0,3.0
2nd_avenue/south_to_north/20_n00066_N_L.jpg,2nd_avenue,south_to_north,20,n00066,N,L,1.0,6.0,1.0,3.0,3.0,1.0,1.0,7.0,3.0
2nd_avenue/south_to_north/20_n00066_N_R.jpg,2nd_avenue,south_to_north,20,n00066,N,R,1.0,5.0,1.0,3.0,3.0,1.0,3.0,5.0,3.0
2nd_avenue/south_to_north/21_n00067_N_L.jpg,2nd_avenue,south_to_north,21,n00067,N,L,1.0,6.0,1.0,3.0,3.0,1.0,3.0,7.0,3.0
2nd_avenue/south_to_north/21_n00067_N_R.jpg,2nd_avenue,south_to_north,21,n00067,N,R,1.0,5.0,1.0,3.0,3.0,1.0,1.0,5.0,3.0
2nd_avenue/south_to_north/22_n00068_N_L.jpg,2nd_avenue,south_to_north,22,n00068,N,L,1.0,5.0,1.0,3.0,3.0,1.0,5.0,5.0,3.0
2nd_avenue/south_to_north/22_n00068_N_R.jpg,2nd_avenue,south_to_north,22,n00068,N,R,1.0,5.0,1.0,3.0,3.0,1.0,1.0,7.0,3.0
2nd_avenue/south_to_north/23_n00069_N_L.jpg,2nd_avenue,south_to_north,23,n00069,N,L,1.0,5.0,2.0,3.0,5.0,2.0,3.0,5.0,3.0
2nd_avenue/south_to_north/23_n00069_N_R.jpg,2nd_avenue,south_to_north,23,n00069,N,R,1.0,5.0,1.0,3.0,3.0,1.0,3.0,7.0,3.0
2nd_avenue/south_to_north/24_n00070_N_L.jpg,2nd_avenue,south_to_north,24,n00070,N,L,2.0,6.0,3.0,3.0,3.0,3.0,3.0,5.0,3.0
2nd_avenue/south_to_north/24_n00070_N_R.jpg,2nd_avenue,south_to_north,24,n00070,N,R,1.0,5.0,2.0,3.0,5.0,3.0,3.0,3.0,3.0
2nd_avenue/south_to_north/25_n00071_N_L.jpg,2nd_avenue,south_to_north,25,n00071,N,L,1.0,5.0,2.0,3.0,3.0,3.0,3.0,5.0,3.0
2nd_avenue/south_to_north/25_n00071_N_R.jpg,2nd_avenue,south_to_north,25,n00071,N,R,3.0,5.0,3.0,3.0,5.0,3.0,3.0,5.0,4.0
2nd_avenue/south_to_north/26_n00072_N_L.jpg,2nd_avenue,south_to_north,26,n00072,N,L,1.0,5.0,1.0,3.0,3.0,1.0,3.0,5.0,3.0
2nd_avenue/south_to_north/26_n00072_N_R.jpg,2nd_avenue,south_to_north,26,n00072,N,R,2.0,6.0,3.0,3.0,3.0,3.0,1.0,5.0,3.0
2nd_avenue/south_to_north/27_n00073_N_L.jpg,2nd_avenue,south_to_north,27,n00073,N,L,1.0,5.0,1.0,3.0,3.0,1.0,3.0,7.0,3.0
2nd_avenue/south_to_north/27_n00073_N_R.jpg,2nd_avenue,south_to_north,27,n00073,N,R,1.0,6.0,1.0,3.0,5.0,1.0,3.0,5.0,3.0
2nd_avenue/south_to_north/28_n00074_N_L.jpg,2nd_avenue,south_to_north,28,n00074,N,L,1.0,6.0,1.0,3.0,3.0,1.0,3.0,7.0,3.0
2nd_avenue/south_to_north/28_n00074_N_R.jpg,2nd_avenue,south_to_north,28,n00074,N,R,1.0,7.0,2.0,3.0,6.0,3.0,5.0,7.0,5.0
2nd_avenue/south_to_north/29_n00075_N_L.jpg,2nd_avenue,south_to_north,29,n00075,N,L,1.0,5.0,1.0,3.0,3.0,1.0,3.0,7.0,3.0
2nd_avenue/south_to_north/29_n00075_N_R.jpg,2nd_avenue,south_to_north,29,n00075,N,R,2.0,6.0,3.0,3.0,3.0,3.0,3.0,5.0,5.0
2nd_avenue/south_to_north/30_n00076_N_L.jpg,2nd_avenue,south_to_north,30,n00076,N,L,2.0,5.0,3.0,3.0,6.0,3.0,5.0,5.0,3.0
2nd_avenue/south_to_north/30_n00076_N_R.jpg,2nd_avenue,south_to_north,30,n00076,N,R,2.0,5.0,2.0,3.0,3.0,3.0,1.0,5.0,3.0
2nd_avenue/south_to_north/31_n00077_N_L.jpg,2nd_avenue,south_to_north,31,n00077,N,L,1.0,6.0,1.0,3.0,5.0,1.0,3.0,7.0,3.0
2nd_avenue/south_to_north/31_n00077_N_R.jpg,2nd_avenue,south_to_north,31,n00077,N,R,1.0,5.0,1.0,3.0,3.0,2.0,3.0,5.0,3.0
2nd_avenue/south_to_north/32_n00078_N_L.jpg,2nd_avenue,south_to_north,32,n00078,N,L,2.0,6.0,2.0,3.0,3.0,3.0,3.0,7.0,3.0
2nd_avenue/south_to_north/32_n00078_N_R.jpg,2nd_avenue,south_to_north,32,n00078,N,R,1.0,6.0,1.0,3.0,3.0,1.0,3.0,5.0,3.0
2nd_avenue/south_to_north/33_n00079_N_L.jpg,2nd_avenue,south_to_north,33,n00079,N,L,2.0,5.0,2.0,3.0,3.0,3.0,1.0,5.0,3.0
2nd_avenue/south_to_north/33_n00079_N_R.jpg,2nd_avenue,south_to_north,33,n00079,N,R,1.0,6.0,1.0,3.0,3.0,1.0,3.0,7.0,3.0
3rd_avenue/north_to_south/01_n00113_S_L.jpg,3rd_avenue,north_to_south,1,n00113,S,L,1.0,7.0,1.0,3.0,6.0,1.0,6.0,7.0,6.0
3rd_avenue/north_to_south/01_n00113_S_R.jpg,3rd_avenue,north_to_south,1,n00113,S,R,1.0,7.0,1.0,3.0,5.0,1.0,5.0,7.0,5.0
3rd_avenue/north_to_south/02_n00112_S_L.jpg,3rd_avenue,north_to_south,2,n00112,S,L,1.0,7.0,2.0,3.0,6.0,3.0,5.0,7.0,5.0
3rd_avenue/north_to_south/02_n00112_S_R.jpg,3rd_avenue,north_to_south,2,n00112,S,R,1.0,6.0,2.0,3.0,3.0,3.0,3.0,5.0,3.0
3rd_avenue/north_to_south/03_n00111_S_L.jpg,3rd_avenue,north_to_south,3,n00111,S,L,1.0,7.0,1.0,3.0,6.0,1.0,5.0,7.0,3.0
3rd_avenue/north_to_south/03_n00111_S_R.jpg,3rd_avenue,north_to_south,3,n00111,S,R,2.0,6.0,3.0,3.0,3.0,3.0,3.0,5.0,5.0
3rd_avenue/north_to_south/04_n00110_S_L.jpg,3rd_avenue,north_to_south,4,n00110,S,L,1.0,6.0,2.0,3.0,6.0,2.0,5.0,5.0,5.0
3rd_avenue/north_to_south/04_n00110_S_R.jpg,3rd_avenue,north_to_south,4,n00110,S,R,1.0,6.0,3.0,3.0,6.0,3.0,5.0,5.0,5.0
3rd_avenue/north_to_south/05_n00109_S_L.jpg,3rd_avenue,north_to_south,5,n00109,S,L,1.0,7.0,1.0,3.0,5.0,1.0,3.0,7.0,3.0
3rd_avenue/north_to_south/05_n00109_S_R.jpg,3rd_avenue,north_to_south,5,n00109,S,R,1.0,6.0,1.0,3.0,6.0,1.0,5.0,7.0,5.0
3rd_avenue/north_to_south/06_n00108_S_L.jpg,3rd_avenue,north_to_south,6,n00108,S,L,1.0,5.0,1.0,3.0,3.0,1.0,3.0,5.0,3.0
3rd_avenue/north_to_south/06_n00108_S_R.jpg,3rd_avenue,north_to_south,6,n00108,S,R,1.0,6.0,1.0,3.0,3.0,1.0,5.0,5.0,5.0
3rd_avenue/north_to_south/07_n00107_S_L.jpg,3rd_avenue,north_to_south,7,n00107,S,L,1.0,5.0,1.0,3.0,3.0,1.0,3.0,5.0,3.0
3rd_avenue/north_to_south/07_n00107_S_R.jpg,3rd_avenue,north_to_south,7,n00107,S,R,1.0,5.0,1.0,3.0,3.0,1.0,5.0,7.0,5.0
3rd_avenue/north_to_south/08_n00106_S_L.jpg,3rd_avenue,north_to_south,8,n00106,S,L,1.0,6.0,1.0,3.0,3.0,1.0,5.0,7.0,3.0
3rd_avenue/north_to_south/08_n00106_S_R.jpg,3rd_avenue,north_to_south,8,n00106,S,R,1.0,6.0,1.0,3.0,6.0,1.0,5.0,7.0,5.0
3rd_avenue/north_to_south/09_n00105_S_L.jpg,3rd_avenue,north_to_south,9,n00105,S,L,1.0,6.0,1.0,3.0,5.0,1.0,5.0,5.0,3.0
3rd_avenue/north_to_south/09_n00105_S_R.jpg,3rd_avenue,north_to_south,9,n00105,S,R,1.0,6.0,1.0,3.0,5.0,1.0,5.0,7.0,5.0
3rd_avenue/north_to_south/10_n00104_S_L.jpg,3rd_avenue,north_to_south,10,n00104,S,L,1.0,7.0,1.0,3.0,5.0,1.0,5.0,7.0,5.0
3rd_avenue/north_to_south/10_n00104_S_R.jpg,3rd_avenue,north_to_south,10,n00104,S,R,2.0,6.0,3.0,3.0,6.0,3.0,5.0,5.0,5.0
3rd_avenue/north_to_south/11_n00103_S_L.jpg,3rd_avenue,north_to_south,11,n00103,S,L,2.0,6.0,3.0,3.0,6.0,3.0,3.0,5.0,5.0
3rd_avenue/north_to_south/11_n00103_S_R.jpg,3rd_avenue,north_to_south,11,n00103,S,R,1.0,6.0,1.0,3.0,6.0,1.0,5.0,5.0,3.0
3rd_avenue/north_to_south/12_n00102_S_L.jpg,3rd_avenue,north_to_south,12,n00102,S,L,2.0,5.0,3.0,3.0,6.0,3.0,5.0,5.0,5.0
3rd_avenue/north_to_south/12_n00102_S_R.jpg,3rd_avenue,north_to_south,12,n00102,S,R,1.0,5.0,2.0,3.0,5.0,2.0,5.0,5.0,5.0
3rd_avenue/north_to_south/13_n00101_S_L.jpg,3rd_avenue,north_to_south,13,n00101,S,L,1.0,6.0,1.0,3.0,6.0,1.0,5.0,7.0,5.0
3rd_avenue/north_to_south/13_n00101_S_R.jpg,3rd_avenue,north_to_south,13,n00101,S,R,1.0,3.0,2.0,3.0,5.0,3.0,5.0,5.0,5.0
3rd_avenue/north_to_south/14_n00100_S_L.jpg,3rd_avenue,north_to_south,14,n00100,S,L,1.0,5.0,1.0,3.0,6.0,1.0,5.0,5.0,5.0
3rd_avenue/north_to_south/14_n00100_S_R.jpg,3rd_avenue,north_to_south,14,n00100,S,R,1.0,6.0,2.0,3.0,3.0,2.0,5.0,7.0,5.0
3rd_avenue/north_to_south/15_n00099_S_L.jpg,3rd_avenue,north_to_south,15,n00099,S,L,1.0,3.0,2.0,3.0,5.0,3.0,5.0,5.0,5.0
3rd_avenue/north_to_south/15_n00099_S_R.jpg,3rd_avenue,north_to_south,15,n00099,S,R,2.0,5.0,3.0,3.0,5.0,3.0,3.0,5.0,5.0
3rd_avenue/north_to_south/16_n00098_S_L.jpg,3rd_avenue,north_to_south,16,n00098,S,L,1.0,3.0,3.0,3.0,3.0,3.0,1.0,5.0,3.0
3rd_avenue/north_to_south/16_n00098_S_R.jpg,3rd_avenue,north_to_south,16,n00098,S,R,1.0,6.0,1.0,3.0,3.0,1.0,3.0,5.0,3.0
3rd_avenue/north_to_south/17_n00097_S_L.jpg,3rd_avenue,north_to_south,17,n00097,S,L,1.0,5.0,2.0,3.0,3.0,3.0,3.0,3.0,3.0
3rd_avenue/north_to_south/17_n00097_S_R.jpg,3rd_avenue,north_to_south,17,n00097,S,R,1.0,6.0,1.0,3.0,3.0,1.0,5.0,7.0,4.0
3rd_avenue/north_to_south/18_n00096_S_L.jpg,3rd_avenue,north_to_south,18,n00096,S,L,2.0,5.0,3.0,3.0,3.0,3.0,3.0,5.0,3.0
3rd_avenue/north_to_south/18_n00096_S_R.jpg,3rd_avenue,north_to_south,18,n00096,S,R,1.0,6.0,1.0,3.0,3.0,1.0,5.0,7.0,5.0
3rd_avenue/north_to_south/19_n00095_S_L.jpg,3rd_avenue,north_to_south,19,n00095,S,L,1.0,5.0,3.0,3.0,1.0,3.0,1.0,5.0,1.0
3rd_avenue/north_to_south/19_n00095_S_R.jpg,3rd_avenue,north_to_south,19,n00095,S,R,1.0,5.0,1.0,3.0,3.0,1.0,5.0,7.0,4.0
3rd_avenue/north_to_south/20_n00094_S_L.jpg,3rd_avenue,north_to_south,20,n00094,S,L,1.0,3.0,2.0,3.0,5.0,3.0,3.0,5.0,3.0
3rd_avenue/north_to_south/20_n00094_S_R.jpg,3rd_avenue,north_to_south,20,n00094,S,R,1.0,5.0,1.0,3.0,3.0,1.0,5.0,5.0,5.0
3rd_avenue/north_to_south/21_n00093_S_L.jpg,3rd_avenue,north_to_south,21,n00093,S,L,1.0,3.0,2.0,5.0,3.0,2.0,3.0,7.0,3.0
3rd_avenue/north_to_south/21_n00093_S_R.jpg,3rd_avenue,north_to_south,21,n00093,S,R,1.0,3.0,2.0,3.0,3.0,2.0,3.0,5.0,3.0
3rd_avenue/north_to_south/22_n00092_S_L.jpg,3rd_avenue,north_to_south,22,n00092,S,L,3.0,3.0,3.0,3.0,3.0,3.0,1.0,5.0,3.0
3rd_avenue/north_to_south/22_n00092_S_R.jpg,3rd_avenue,north_to_south,22,n00092,S,R,1.0,3.0,1.0,3.0,3.0,1.0,5.0,5.0,5.0
3rd_avenue/north_to_south/23_n00091_S_L.jpg,3rd_avenue,north_to_south,23,n00091,S,L,1.0,5.0,1.0,3.0,3.0,1.0,3.0,3.0,3.0
3rd_avenue/north_to_south/23_n00091_S_R.jpg,3rd_avenue,north_to_south,23,n00091,S,R,1.0,3.0,1.0,3.0,3.0,1.0,5.0,7.0,5.0
3rd_avenue/north_to_south/24_n00090_S_L.jpg,3rd_avenue,north_to_south,24,n00090,S,L,1.0,5.0,1.0,3.0,3.0,1.0,3.0,5.0,3.0
3rd_avenue/north_to_south/24_n00090_S_R.jpg,3rd_avenue,north_to_south,24,n00090,S,R,1.0,3.0,1.0,3.0,3.0,1.0,5.0,5.0,5.0
3rd_avenue/north_to_south/25_n00089_S_L.jpg,3rd_avenue,north_to_south,25,n00089,S,L,1.0,6.0,1.0,3.0,5.0,1.0,3.0,3.0,3.0
3rd_avenue/north_to_south/25_n00089_S_R.jpg,3rd_avenue,north_to_south,25,n00089,S,R,1.0,5.0,1.0,3.0,3.0,1.0,1.0,3.0,3.0
3rd_avenue/north_to_south/26_n00088_S_L.jpg,3rd_avenue,north_to_south,26,n00088,S,L,3.0,3.0,3.0,3.0,5.0,3.0,5.0,5.0,5.0
3rd_avenue/north_to_south/26_n00088_S_R.jpg,3rd_avenue,north_to_south,26,n00088,S,R,1.0,5.0,1.0,3.0,3.0,1.0,1.0,5.0,3.0
3rd_avenue/north_to_south/27_n00087_S_L.jpg,3rd_avenue,north_to_south,27,n00087,S,L,2.0,3.0,3.0,3.0,5.0,3.0,5.0,5.0,5.0
3rd_avenue/north_to_south/27_n00087_S_R.jpg,3rd_avenue,north_to_south,27,n00087,S,R,1.0,6.0,3.0,3.0,5.0,3.0,3.0,5.0,5.0
3rd_avenue/north_to_south/28_n00086_S_L.jpg,3rd_avenue,north_to_south,28,n00086,S,L,2.0,3.0,3.0,3.0,5.0,3.0,5.0,5.0,5.0
3rd_avenue/north_to_south/28_n00086_S_R.jpg,3rd_avenue,north_to_south,28,n00086,S,R,1.0,6.0,2.0,3.0,3.0,3.0,3.0,5.0,3.0
3rd_avenue/north_to_south/29_n00085_S_L.jpg,3rd_avenue,north_to_south,29,n00085,S,L,1.0,3.0,3.0,3.0,5.0,3.0,5.0,7.0,5.0
3rd_avenue/north_to_south/29_n00085_S_R.jpg,3rd_avenue,north_to_south,29,n00085,S,R,1.0,6.0,1.0,3.0,5.0,1.0,5.0,7.0,4.0
3rd_avenue/north_to_south/30_n00084_S_L.jpg,3rd_avenue,north_to_south,30,n00084,S,L,1.0,3.0,2.0,3.0,5.0,3.0,5.0,7.0,5.0
3rd_avenue/north_to_south/30_n00084_S_R.jpg,3rd_avenue,north_to_south,30,n00084,S,R,2.0,5.0,3.0,3.0,3.0,3.0,5.0,5.0,4.0
3rd_avenue/north_to_south/31_n00083_S_L.jpg,3rd_avenue,north_to_south,31,n00083,S,L,1.0,5.0,1.0,3.0,6.0,1.0,5.0,7.0,3.0
3rd_avenue/north_to_south/31_n00083_S_R.jpg,3rd_avenue,north_to_south,31,n00083,S,R,1.0,5.0,2.0,3.0,3.0,2.0,3.0,5.0,3.0
3rd_avenue/north_to_south/32_n00082_S_L.jpg,3rd_avenue,north_to_south,32,n00082,S,L,1.0,5.0,1.0,3.0,3.0,1.0,3.0,5.0,5.0
3rd_avenue/north_to_south/32_n00082_S_R.jpg,3rd_avenue,north_to_south,32,n00082,S,R,1.0,5.0,2.0,3.0,3.0,3.0,3.0,5.0,3.0
3rd_avenue/north_to_south/33_n00081_S_L.jpg,3rd_avenue,north_to_south,33,n00081,S,L,1.0,6.0,1.0,5.0,5.0,1.0,3.0,5.0,3.0
3rd_avenue/north_to_south/33_n00081_S_R.jpg,3rd_avenue,north_to_south,33,n00081,S,R,2.0,5.0,3.0,3.0,3.0,3.0,3.0,7.0,3.0
3rd_avenue/north_to_south/34_n00080_S_L.jpg,3rd_avenue,north_to_south,34,n00080,S,L,1.0,6.0,1.0,3.0,5.0,1.0,5.0,7.0,3.0
3rd_avenue/north_to_south/34_n00080_S_R.jpg,3rd_avenue,north_to_south,34,n00080,S,R,1.0,6.0,3.0,3.0,3.0,3.0,3.0,5.0,3.0
3rd_avenue/south_to_north/01_n00080_N_L.jpg,3rd_avenue,south_to_north,1,n00080,N,L,1.0,5.0,1.0,5.0,3.0,1.0,3.0,5.0,3.0
3rd_avenue/south_to_north/01_n00080_N_R.jpg,3rd_avenue,south_to_north,1,n00080,N,R,1.0,6.0,3.0,5.0,5.0,3.0,3.0,5.0,5.0
3rd_avenue/south_to_north/02_n00081_N_L.jpg,3rd_avenue,south_to_north,2,n00081,N,L,1.0,5.0,2.0,3.0,5.0,3.0,3.0,5.0,3.0
3rd_avenue/south_to_north/02_n00081_N_R.jpg,3rd_avenue,south_to_north,2,n00081,N,R,1.0,6.0,1.0,3.0,6.0,1.0,5.0,7.0,5.0
3rd_avenue/south_to_north/03_n00082_N_L.jpg,3rd_avenue,south_to_north,3,n00082,N,L,2.0,5.0,3.0,3.0,3.0,3.0,3.0,5.0,3.0
3rd_avenue/south_to_north/03_n00082_N_R.jpg,3rd_avenue,south_to_north,3,n00082,N,R,1.0,5.0,1.0,3.0,3.0,1.0,5.0,5.0,5.0
3rd_avenue/south_to_north/04_n00083_N_L.jpg,3rd_avenue,south_to_north,4,n00083,N,L,2.0,5.0,3.0,3.0,3.0,3.0,5.0,5.0,4.0
3rd_avenue/south_to_north/04_n00083_N_R.jpg,3rd_avenue,south_to_north,4,n00083,N,R,1.0,5.0,1.0,3.0,5.0,1.0,5.0,7.0,5.0
3rd_avenue/south_to_north/05_n00084_N_L.jpg,3rd_avenue,south_to_north,5,n00084,N,L,1.0,6.0,1.0,3.0,3.0,1.0,3.0,5.0,3.0
3rd_avenue/south_to_north/05_n00084_N_R.jpg,3rd_avenue,south_to_north,5,n00084,N,R,1.0,5.0,1.0,3.0,3.0,1.0,5.0,7.0,3.0
3rd_avenue/south_to_north/06_n00085_N_L.jpg,3rd_avenue,south_to_north,6,n00085,N,L,2.0,6.0,2.0,3.0,3.0,3.0,3.0,5.0,5.0
3rd_avenue/south_to_north/06_n00085_N_R.jpg,3rd_avenue,south_to_north,6,n00085,N,R,1.0,5.0,2.0,3.0,5.0,1.0,3.0,3.0,3.0
3rd_avenue/south_to_north/07_n00086_N_L.jpg,3rd_avenue,south_to_north,7,n00086,N,L,1.0,5.0,1.0,3.0,3.0,1.0,3.0,5.0,3.0
3rd_avenue/south_to_north/07_n00086_N_R.jpg,3rd_avenue,south_to_north,7,n00086,N,R,3.0,3.0,3.0,3.0,5.0,3.0,5.0,5.0,4.0
3rd_avenue/south_to_north/08_n00087_N_L.jpg,3rd_avenue,south_to_north,8,n00087,N,L,1.0,3.0,1.0,3.0,3.0,1.0,1.0,5.0,3.0
3rd_avenue/south_to_north/08_n00087_N_R.jpg,3rd_avenue,south_to_north,8,n00087,N,R,2.0,3.0,3.0,3.0,6.0,3.0,5.0,5.0,5.0
3rd_avenue/south_to_north/09_n00088_N_L.jpg,3rd_avenue,south_to_north,9,n00088,N,L,1.0,3.0,1.0,3.0,3.0,1.0,5.0,5.0,4.0
3rd_avenue/south_to_north/09_n00088_N_R.jpg,3rd_avenue,south_to_north,9,n00088,N,R,1.0,5.0,1.0,3.0,6.0,1.0,5.0,5.0,4.0
3rd_avenue/south_to_north/10_n00089_N_L.jpg,3rd_avenue,south_to_north,10,n00089,N,L,1.0,3.0,1.0,3.0,5.0,1.0,5.0,5.0,5.0
3rd_avenue/south_to_north/10_n00089_N_R.jpg,3rd_avenue,south_to_north,10,n00089,N,R,1.0,5.0,1.0,3.0,6.0,1.0,3.0,5.0,3.0
3rd_avenue/south_to_north/11_n00090_N_L.jpg,3rd_avenue,south_to_north,11,n00090,N,L,1.0,3.0,1.0,3.0,3.0,1.0,5.0,7.0,5.0
3rd_avenue/south_to_north/11_n00090_N_R.jpg,3rd_avenue,south_to_north,11,n00090,N,R,1.0,6.0,2.0,5.0,3.0,2.0,3.0,5.0,3.0
3rd_avenue/south_to_north/12_n00091_N_L.jpg,3rd_avenue,south_to_north,12,n00091,N,L,1.0,3.0,2.0,3.0,3.0,3.0,3.0,5.0,3.0
3rd_avenue/south_to_north/12_n00091_N_R.jpg,3rd_avenue,south_to_north,12,n00091,N,R,3.0,3.0,5.0,5.0,3.0,6.0,1.0,5.0,3.0
3rd_avenue/south_to_north/13_n00092_N_L.jpg,3rd_avenue,south_to_north,13,n00092,N,L,1.0,3.0,1.0,3.0,1.0,1.0,3.0,3.0,3.0
3rd_avenue/south_to_north/13_n00092_N_R.jpg,3rd_avenue,south_to_north,13,n00092,N,R,2.0,3.0,3.0,3.0,5.0,3.0,3.0,5.0,3.0
3rd_avenue/south_to_north/14_n00093_N_L.jpg,3rd_avenue,south_to_north,14,n00093,N,L,1.0,6.0,1.0,3.0,5.0,1.0,5.0,7.0,3.0
3rd_avenue/south_to_north/14_n00093_N_R.jpg,3rd_avenue,south_to_north,14,n00093,N,R,1.0,5.0,1.0,3.0,6.0,1.0,3.0,3.0,3.0
3rd_avenue/south_to_north/15_n00094_N_L.jpg,3rd_avenue,south_to_north,15,n00094,N,L,1.0,6.0,1.0,3.0,3.0,1.0,5.0,5.0,5.0
3rd_avenue/south_to_north/15_n00094_N_R.jpg,3rd_avenue,south_to_north,15,n00094,N,R,1.0,3.0,1.0,3.0,3.0,1.0,3.0,5.0,3.0
3rd_avenue/south_to_north/16_n00095_N_L.jpg,3rd_avenue,south_to_north,16,n00095,N,L,1.0,5.0,2.0,3.0,3.0,2.0,3.0,5.0,3.0
3rd_avenue/south_to_north/16_n00095_N_R.jpg,3rd_avenue,south_to_north,16,n00095,N,R,2.0,5.0,3.0,3.0,3.0,3.0,3.0,5.0,3.0
3rd_avenue/south_to_north/17_n00096_N_L.jpg,3rd_avenue,south_to_north,17,n00096,N,L,1.0,5.0,2.0,3.0,3.0,1.0,3.0,5.0,3.0
3rd_avenue/south_to_north/17_n00096_N_R.jpg,3rd_avenue,south_to_north,17,n00096,N,R,1.0,3.0,2.0,3.0,3.0,2.0,3.0,5.0,3.0
3rd_avenue/south_to_north/18_n00097_N_L.jpg,3rd_avenue,south_to_north,18,n00097,N,L,1.0,6.0,1.0,3.0,5.0,1.0,3.0,5.0,5.0
3rd_avenue/south_to_north/18_n00097_N_R.jpg,3rd_avenue,south_to_north,18,n00097,N,R,1.0,3.0,2.0,3.0,3.0,2.0,3.0,3.0,3.0
3rd_avenue/south_to_north/19_n00098_N_L.jpg,3rd_avenue,south_to_north,19,n00098,N,L,1.0,5.0,2.0,3.0,3.0,3.0,3.0,5.0,5.0
3rd_avenue/south_to_north/19_n00098_N_R.jpg,3rd_avenue,south_to_north,19,n00098,N,R,3.0,3.0,3.0,3.0,6.0,5.0,5.0,5.0,4.0
3rd_avenue/south_to_north/20_n00099_N_L.jpg,3rd_avenue,south_to_north,20,n00099,N,L,1.0,3.0,1.0,3.0,3.0,1.0,5.0,5.0,4.0
3rd_avenue/south_to_north/20_n00099_N_R.jpg,3rd_avenue,south_to_north,20,n00099,N,R,1.0,6.0,1.0,3.0,6.0,1.0,5.0,5.0,5.0
3rd_avenue/south_to_north/21_n00100_N_L.jpg,3rd_avenue,south_to_north,21,n00100,N,L,1.0,5.0,1.0,3.0,3.0,1.0,3.0,7.0,3.0
3rd_avenue/south_to_north/21_n00100_N_R.jpg,3rd_avenue,south_to_north,21,n00100,N,R,1.0,6.0,2.0,3.0,6.0,2.0,5.0,7.0,5.0
3rd_avenue/south_to_north/22_n00101_N_L.jpg,3rd_avenue,south_to_north,22,n00101,N,L,1.0,7.0,1.0,3.0,6.0,1.0,5.0,7.0,5.0
3rd_avenue/south_to_north/22_n00101_N_R.jpg,3rd_avenue,south_to_north,22,n00101,N,R,1.0,7.0,1.0,3.0,6.0,1.0,5.0,7.0,5.0
3rd_avenue/south_to_north/23_n00102_N_L.jpg,3rd_avenue,south_to_north,23,n00102,N,L,1.0,6.0,1.0,3.0,3.0,1.0,5.0,7.0,5.0
3rd_avenue/south_to_north/23_n00102_N_R.jpg,3rd_avenue,south_to_north,23,n00102,N,R,1.0,7.0,1.0,3.0,6.0,1.0,3.0,7.0,5.0
3rd_avenue/south_to_north/24_n00103_N_L.jpg,3rd_avenue,south_to_north,24,n00103,N,L,1.0,6.0,2.0,3.0,3.0,1.0,5.0,7.0,5.0
3rd_avenue/south_to_north/24_n00103_N_R.jpg,3rd_avenue,south_to_north,24,n00103,N,R,1.0,6.0,1.0,3.0,3.0,1.0,5.0,7.0,5.0
3rd_avenue/south_to_north/25_n00104_N_L.jpg,3rd_avenue,south_to_north,25,n00104,N,L,1.0,6.0,2.0,5.0,6.0,3.0,5.0,7.0,6.0
3rd_avenue/south_to_north/25_n00104_N_R.jpg,3rd_avenue,south_to_north,25,n00104,N,R,1.0,6.0,1.0,3.0,6.0,1.0,5.0,5.0,3.0
3rd_avenue/south_to_north/26_n00105_N_L.jpg,3rd_avenue,south_to_north,26,n00105,N,L,1.0,6.0,1.0,3.0,3.0,1.0,3.0,5.0,3.0
3rd_avenue/south_to_north/26_n00105_N_R.jpg,3rd_avenue,south_to_north,26,n00105,N,R,1.0,5.0,1.0,3.0,3.0,1.0,6.0,5.0,3.0
3rd_avenue/south_to_north/27_n00106_N_L.jpg,3rd_avenue,south_to_north,27,n00106,N,L,1.0,6.0,1.0,3.0,3.0,1.0,3.0,5.0,5.0
3rd_avenue/south_to_north/27_n00106_N_R.jpg,3rd_avenue,south_to_north,27,n00106,N,R,1.0,5.0,1.0,3.0,3.0,1.0,3.0,5.0,3.0
3rd_avenue/south_to_north/28_n00107_N_L.jpg,3rd_avenue,south_to_north,28,n00107,N,L,1.0,6.0,1.0,3.0,5.0,1.0,5.0,7.0,5.0
3rd_avenue/south_to_north/28_n00107_N_R.jpg,3rd_avenue,south_to_north,28,n00107,N,R,1.0,6.0,1.0,3.0,3.0,1.0,3.0,5.0,3.0
3rd_avenue/south_to_north/29_n00108_N_L.jpg,3rd_avenue,south_to_north,29,n00108,N,L,1.0,6.0,1.0,3.0,3.0,1.0,3.0,5.0,3.0
3rd_avenue/south_to_north/29_n00108_N_R.jpg,3rd_avenue,south_to_north,29,n00108,N,R,1.0,7.0,1.0,3.0,6.0,1.0,5.0,7.0,5.0
3rd_avenue/south_to_north/30_n00109_N_L.jpg,3rd_avenue,south_to_north,30,n00109,N,L,1.0,7.0,1.0,3.0,6.0,1.0,3.0,7.0,3.0
3rd_avenue/south_to_north/30_n00109_N_R.jpg,3rd_avenue,south_to_north,30,n00109,N,R,1.0,7.0,1.0,3.0,6.0,1.0,6.0,5.0,5.0
3rd_avenue/south_to_north/31_n00110_N_L.jpg,3rd_avenue,south_to_north,31,n00110,N,L,2.0,6.0,3.0,3.0,3.0,3.0,3.0,5.0,5.0
3rd_avenue/south_to_north/31_n00110_N_R.jpg,3rd_avenue,south_to_north,31,n00110,N,R,1.0,7.0,2.0,3.0,6.0,1.0,5.0,5.0,5.0
3rd_avenue/south_to_north/32_n00111_N_L.jpg,3rd_avenue,south_to_north,32,n00111,N,L,1.0,7.0,1.0,3.0,3.0,1.0,3.0,5.0,5.0
3rd_avenue/south_to_north/32_n00111_N_R.jpg,3rd_avenue,south_to_north,32,n00111,N,R,2.0,6.0,3.0,3.0,6.0,3.0,5.0,5.0,6.0
3rd_avenue/south_to_north/33_n00112_N_L.jpg,3rd_avenue,south_to_north,33,n00112,N,L,1.0,7.0,1.0,3.0,6.0,1.0,5.0,7.0,5.0
3rd_avenue/south_to_north/33_n00112_N_R.jpg,3rd_avenue,south_to_north,33,n00112,N,R,1.0,6.0,1.0,3.0,6.0,1.0,5.0,7.0,5.0
3rd_avenue/south_to_north/34_n00113_N_L.jpg,3rd_avenue,south_to_north,34,n00113,N,L,1.0,7.0,1.0,3.0,3.0,1.0,5.0,7.0,5.0
3rd_avenue/south_to_north/34_n00113_N_R.jpg,3rd_avenue,south_to_north,34,n00113,N,R,1.0,7.0,1.0,3.0,6.0,1.0,5.0,7.0,5.0
Park_Ave_East/north_to_south/01_n00139_S_L.jpg,Park_Ave_East,north_to_south,1,n00139,S,L,1.0,6.0,3.0,3.0,3.0,1.0,3.0,7.0,3.0
Park_Ave_East/north_to_south/01_n00139_S_R.jpg,Park_Ave_East,north_to_south,1,n00139,S,R,1.0,7.0,1.0,3.0,3.0,1.0,5.0,7.0,3.0
Park_Ave_East/north_to_south/02_n00137_S_L.jpg,Park_Ave_East,north_to_south,2,n00137,S,L,2.0,5.0,3.0,3.0,3.0,3.0,3.0,5.0,3.0
Park_Ave_East/north_to_south/02_n00137_S_R.jpg,Park_Ave_East,north_to_south,2,n00137,S,R,1.0,6.0,2.0,3.0,6.0,3.0,3.0,7.0,3.0
Park_Ave_East/north_to_south/03_n00136_S_L.jpg,Park_Ave_East,north_to_south,3,n00136,S,L,1.0,3.0,2.0,3.0,3.0,3.0,5.0,5.0,3.0
Park_Ave_East/north_to_south/03_n00136_S_R.jpg,Park_Ave_East,north_to_south,3,n00136,S,R,1.0,6.0,1.0,3.0,3.0,1.0,3.0,7.0,3.0
Park_Ave_East/north_to_south/04_n00135_S_L.jpg,Park_Ave_East,north_to_south,4,n00135,S,L,1.0,6.0,1.0,3.0,3.0,1.0,3.0,7.0,3.0
Park_Ave_East/north_to_south/04_n00135_S_R.jpg,Park_Ave_East,north_to_south,4,n00135,S,R,1.0,6.0,1.0,3.0,3.0,1.0,3.0,5.0,3.0
Park_Ave_East/north_to_south/05_n00134_S_L.jpg,Park_Ave_East,north_to_south,5,n00134,S,L,1.0,5.0,3.0,3.0,3.0,3.0,1.0,5.0,2.0
Park_Ave_East/north_to_south/05_n00134_S_R.jpg,Park_Ave_East,north_to_south,5,n00134,S,R,3.0,5.0,5.0,3.0,3.0,5.0,1.0,5.0,1.0
Park_Ave_East/north_to_south/06_n00133_S_L.jpg,Park_Ave_East,north_to_south,6,n00133,S,L,1.0,5.0,2.0,3.0,3.0,2.0,1.0,5.0,3.0
Park_Ave_East/north_to_south/06_n00133_S_R.jpg,Park_Ave_East,north_to_south,6,n00133,S,R,5.0,3.0,5.0,3.0,3.0,5.0,1.0,7.0,1.0
Park_Ave_East/north_to_south/07_n00132_S_L.jpg,Park_Ave_East,north_to_south,7,n00132,S,L,2.0,3.0,3.0,3.0,3.0,3.0,1.0,5.0,3.0
Park_Ave_East/north_to_south/07_n00132_S_R.jpg,Park_Ave_East,north_to_south,7,n00132,S,R,6.0,1.0,6.0,3.0,6.0,6.0,1.0,7.0,3.0
Park_Ave_East/north_to_south/08_n00131_S_L.jpg,Park_Ave_East,north_to_south,8,n00131,S,L,3.0,2.0,3.0,3.0,6.0,5.0,1.0,5.0,3.0
Park_Ave_East/north_to_south/08_n00131_S_R.jpg,Park_Ave_East,north_to_south,8,n00131,S,R,2.0,6.0,3.0,3.0,6.0,3.0,3.0,5.0,3.0
Park_Ave_East/north_to_south/09_n00130_S_L.jpg,Park_Ave_East,north_to_south,9,n00130,S,L,3.0,3.0,5.0,3.0,5.0,6.0,1.0,7.0,3.0
Park_Ave_East/north_to_south/09_n00130_S_R.jpg,Park_Ave_East,north_to_south,9,n00130,S,R,6.0,2.0,6.0,3.0,6.0,6.0,1.0,5.0,3.0
Park_Ave_East/north_to_south/10_n00129_S_L.jpg,Park_Ave_East,north_to_south,10,n00129,S,L,2.0,5.0,3.0,3.0,3.0,3.0,3.0,7.0,3.0
Park_Ave_East/north_to_south/10_n00129_S_R.jpg,Park_Ave_East,north_to_south,10,n00129,S,R,6.0,1.0,6.0,3.0,6.0,6.0,1.0,3.0,1.0
Park_Ave_East/north_to_south/11_n00128_S_L.jpg,Park_Ave_East,north_to_south,11,n00128,S,L,1.0,5.0,2.0,3.0,3.0,3.0,1.0,5.0,3.0
Park_Ave_East/north_to_south/11_n00128_S_R.jpg,Park_Ave_East,north_to_south,11,n00128,S,R,6.0,2.0,6.0,3.0,6.0,6.0,1.0,5.0,3.0
Park_Ave_East/north_to_south/12_n00127_S_L.jpg,Park_Ave_East,north_to_south,12,n00127,S,L,1.0,5.0,2.0,3.0,5.0,3.0,3.0,3.0,3.0
Park_Ave_East/north_to_south/12_n00127_S_R.jpg,Park_Ave_East,north_to_south,12,n00127,S,R,2.0,3.0,3.0,5.0,6.0,3.0,3.0,5.0,3.0
Park_Ave_East/north_to_south/13_n00126_S_L.jpg,Park_Ave_East,north_to_south,13,n00126,S,L,1.0,6.0,2.0,3.0,3.0,2.0,1.0,5.0,3.0
Park_Ave_East/north_to_south/13_n00126_S_R.jpg,Park_Ave_East,north_to_south,13,n00126,S,R,6.0,3.0,6.0,3.0,6.0,6.0,1.0,5.0,1.0
Park_Ave_East/north_to_south/14_n00125_S_L.jpg,Park_Ave_East,north_to_south,14,n00125,S,L,1.0,5.0,2.0,3.0,3.0,2.0,1.0,5.0,3.0
Park_Ave_East/north_to_south/14_n00125_S_R.jpg,Park_Ave_East,north_to_south,14,n00125,S,R,6.0,2.0,5.0,3.0,6.0,6.0,1.0,5.0,1.0
Park_Ave_East/north_to_south/15_n00124_S_L.jpg,Park_Ave_East,north_to_south,15,n00124,S,L,1.0,5.0,1.0,3.0,3.0,1.0,1.0,5.0,3.0
Park_Ave_East/north_to_south/15_n00124_S_R.jpg,Park_Ave_East,north_to_south,15,n00124,S,R,6.0,2.0,6.0,3.0,6.0,6.0,1.0,5.0,3.0
Park_Ave_East/north_to_south/16_n00123_S_L.jpg,Park_Ave_East,north_to_south,16,n00123,S,L,1.0,6.0,1.0,3.0,3.0,1.0,1.0,3.0,3.0
Park_Ave_East/north_to_south/16_n00123_S_R.jpg,Park_Ave_East,north_to_south,16,n00123,S,R,3.0,5.0,3.0,3.0,6.0,5.0,1.0,5.0,3.0
Park_Ave_East/north_to_south/17_n00122_S_L.jpg,Park_Ave_East,north_to_south,17,n00122,S,L,2.0,3.0,3.0,3.0,5.0,3.0,3.0,7.0,3.0
Park_Ave_East/north_to_south/17_n00122_S_R.jpg,Park_Ave_East,north_to_south,17,n00122,S,R,6.0,1.0,6.0,3.0,7.0,6.0,1.0,3.0,3.0
Park_Ave_East/north_to_south/18_n00121_S_L.jpg,Park_Ave_East,north_to_south,18,n00121,S,L,2.0,3.0,3.0,3.0,3.0,3.0,3.0,5.0,3.0
Park_Ave_East/north_to_south/18_n00121_S_R.jpg,Park_Ave_East,north_to_south,18,n00121,S,R,6.0,1.0,6.0,3.0,7.0,6.0,1.0,7.0,1.0
Park_Ave_East/north_to_south/19_n00120_S_L.jpg,Park_Ave_East,north_to_south,19,n00120,S,L,1.0,5.0,2.0,3.0,3.0,2.0,3.0,5.0,3.0
Park_Ave_East/north_to_south/19_n00120_S_R.jpg,Park_Ave_East,north_to_south,19,n00120,S,R,2.0,6.0,3.0,3.0,3.0,3.0,3.0,7.0,3.0
Park_Ave_East/north_to_south/20_n00119_S_L.jpg,Park_Ave_East,north_to_south,20,n00119,S,L,2.0,3.0,3.0,3.0,5.0,3.0,1.0,3.0,3.0
Park_Ave_East/north_to_south/20_n00119_S_R.jpg,Park_Ave_East,north_to_south,20,n00119,S,R,5.0,3.0,5.0,3.0,6.0,6.0,3.0,5.0,3.0
Park_Ave_East/north_to_south/21_n00118_S_L.jpg,Park_Ave_East,north_to_south,21,n00118,S,L,2.0,3.0,3.0,3.0,3.0,3.0,3.0,5.0,3.0
Park_Ave_East/north_to_south/21_n00118_S_R.jpg,Park_Ave_East,north_to_south,21,n00118,S,R,3.0,6.0,5.0,3.0,6.0,5.0,1.0,5.0,3.0
Park_Ave_East/north_to_south/22_n00117_S_L.jpg,Park_Ave_East,north_to_south,22,n00117,S,L,2.0,5.0,3.0,3.0,6.0,3.0,3.0,5.0,3.0
Park_Ave_East/north_to_south/22_n00117_S_R.jpg,Park_Ave_East,north_to_south,22,n00117,S,R,3.0,3.0,5.0,3.0,6.0,5.0,1.0,5.0,3.0
Park_Ave_East/north_to_south/23_n00116_S_L.jpg,Park_Ave_East,north_to_south,23,n00116,S,L,1.0,6.0,1.0,3.0,5.0,2.0,3.0,5.0,3.0
Park_Ave_East/north_to_south/23_n00116_S_R.jpg,Park_Ave_East,north_to_south,23,n00116,S,R,2.0,5.0,3.0,3.0,6.0,3.0,3.0,5.0,3.0
Park_Ave_East/north_to_south/24_n00115_S_L.jpg,Park_Ave_East,north_to_south,24,n00115,S,L,1.0,3.0,1.0,3.0,3.0,1.0,3.0,7.0,3.0
Park_Ave_East/north_to_south/24_n00115_S_R.jpg,Park_Ave_East,north_to_south,24,n00115,S,R,1.0,6.0,1.0,3.0,3.0,1.0,1.0,7.0,3.0
Park_Ave_East/north_to_south/25_n00114_S_L.jpg,Park_Ave_East,north_to_south,25,n00114,S,L,1.0,1.0,1.0,1.0,1.0,1.0,1.0,7.0,1.0
Park_Ave_East/north_to_south/25_n00114_S_R.jpg,Park_Ave_East,north_to_south,25,n00114,S,R,1.0,7.0,1.0,3.0,3.0,1.0,3.0,7.0,5.0
Park_Ave_East/south_to_north/01_n00114_N_L.jpg,Park_Ave_East,south_to_north,1,n00114,N,L,1.0,6.0,1.0,3.0,3.0,1.0,1.0,5.0,3.0
Park_Ave_East/south_to_north/01_n00114_N_R.jpg,Park_Ave_East,south_to_north,1,n00114,N,R,1.0,2.0,1.0,3.0,3.0,1.0,5.0,5.0,3.0
Park_Ave_East/south_to_north/02_n00115_N_L.jpg,Park_Ave_East,south_to_north,2,n00115,N,L,2.0,5.0,3.0,3.0,3.0,3.0,5.0,5.0,5.0
Park_Ave_East/south_to_north/02_n00115_N_R.jpg,Park_Ave_East,south_to_north,2,n00115,N,R,1.0,5.0,1.0,3.0,6.0,3.0,5.0,5.0,5.0
Park_Ave_East/south_to_north/03_n00116_N_L.jpg,Park_Ave_East,south_to_north,3,n00116,N,L,3.0,5.0,3.0,3.0,3.0,3.0,1.0,5.0,3.0
Park_Ave_East/south_to_north/03_n00116_N_R.jpg,Park_Ave_East,south_to_north,3,n00116,N,R,1.0,5.0,2.0,3.0,3.0,3.0,3.0,5.0,3.0
Park_Ave_East/south_to_north/04_n00117_N_L.jpg,Park_Ave_East,south_to_north,4,n00117,N,L,3.0,3.0,3.0,5.0,3.0,5.0,1.0,5.0,3.0
Park_Ave_East/south_to_north/04_n00117_N_R.jpg,Park_Ave_East,south_to_north,4,n00117,N,R,1.0,5.0,1.0,3.0,3.0,1.0,3.0,5.0,3.0
Park_Ave_East/south_to_north/05_n00118_N_L.jpg,Park_Ave_East,south_to_north,5,n00118,N,L,5.0,2.0,5.0,3.0,6.0,6.0,1.0,5.0,3.0
Park_Ave_East/south_to_north/05_n00118_N_R.jpg,Park_Ave_East,south_to_north,5,n00118,N,R,1.0,5.0,2.0,3.0,3.0,3.0,1.0,7.0,3.0
Park_Ave_East/south_to_north/06_n00119_N_L.jpg,Park_Ave_East,south_to_north,6,n00119,N,L,1.0,6.0,3.0,3.0,3.0,3.0,1.0,7.0,3.0
Park_Ave_East/south_to_north/06_n00119_N_R.jpg,Park_Ave_East,south_to_north,6,n00119,N,R,3.0,3.0,3.0,5.0,6.0,3.0,3.0,3.0,3.0
Park_Ave_East/south_to_north/07_n00120_N_L.jpg,Park_Ave_East,south_to_north,7,n00120,N,L,6.0,1.0,6.0,3.0,6.0,6.0,1.0,3.0,1.0
Park_Ave_East/south_to_north/07_n00120_N_R.jpg,Park_Ave_East,south_to_north,7,n00120,N,R,2.0,5.0,3.0,3.0,6.0,3.0,3.0,5.0,3.0
Park_Ave_East/south_to_north/08_n00121_N_L.jpg,Park_Ave_East,south_to_north,8,n00121,N,L,6.0,1.0,6.0,3.0,6.0,6.0,1.0,3.0,1.0
Park_Ave_East/south_to_north/08_n00121_N_R.jpg,Park_Ave_East,south_to_north,8,n00121,N,R,1.0,5.0,2.0,3.0,3.0,3.0,3.0,5.0,3.0
Park_Ave_East/south_to_north/09_n00122_N_L.jpg,Park_Ave_East,south_to_north,9,n00122,N,L,6.0,2.0,6.0,3.0,6.0,6.0,1.0,3.0,1.0
Park_Ave_East/south_to_north/09_n00122_N_R.jpg,Park_Ave_East,south_to_north,9,n00122,N,R,1.0,5.0,2.0,3.0,5.0,2.0,1.0,5.0,3.0
Park_Ave_East/south_to_north/10_n00123_N_L.jpg,Park_Ave_East,south_to_north,10,n00123,N,L,2.0,5.0,3.0,3.0,3.0,3.0,1.0,5.0,3.0
Park_Ave_East/south_to_north/10_n00123_N_R.jpg,Park_Ave_East,south_to_north,10,n00123,N,R,1.0,6.0,1.0,3.0,3.0,1.0,3.0,7.0,3.0
Park_Ave_East/south_to_north/11_n00124_N_L.jpg,Park_Ave_East,south_to_north,11,n00124,N,L,6.0,2.0,6.0,3.0,6.0,6.0,1.0,3.0,3.0
Park_Ave_East/south_to_north/11_n00124_N_R.jpg,Park_Ave_East,south_to_north,11,n00124,N,R,1.0,6.0,2.0,3.0,6.0,2.0,1.0,5.0,3.0
Park_Ave_East/south_to_north/12_n00125_N_L.jpg,Park_Ave_East,south_to_north,12,n00125,N,L,3.0,2.0,3.0,3.0,3.0,5.0,1.0,5.0,1.0
Park_Ave_East/south_to_north/12_n00125_N_R.jpg,Park_Ave_East,south_to_north,12,n00125,N,R,1.0,5.0,2.0,3.0,3.0,2.0,3.0,7.0,5.0
Park_Ave_East/south_to_north/13_n00126_N_L.jpg,Park_Ave_East,south_to_north,13,n00126,N,L,3.0,3.0,3.0,3.0,6.0,6.0,3.0,5.0,3.0
Park_Ave_East/south_to_north/13_n00126_N_R.jpg,Park_Ave_East,south_to_north,13,n00126,N,R,1.0,5.0,2.0,3.0,3.0,3.0,3.0,5.0,3.0
Park_Ave_East/south_to_north/14_n00127_N_L.jpg,Park_Ave_East,south_to_north,14,n00127,N,L,3.0,3.0,3.0,5.0,6.0,5.0,3.0,5.0,3.0
Park_Ave_East/south_to_north/14_n00127_N_R.jpg,Park_Ave_East,south_to_north,14,n00127,N,R,1.0,3.0,3.0,5.0,6.0,3.0,3.0,3.0,3.0
Park_Ave_East/south_to_north/15_n00128_N_L.jpg,Park_Ave_East,south_to_north,15,n00128,N,L,5.0,1.0,5.0,3.0,3.0,6.0,1.0,5.0,3.0
Park_Ave_East/south_to_north/15_n00128_N_R.jpg,Park_Ave_East,south_to_north,15,n00128,N,R,3.0,3.0,3.0,3.0,5.0,3.0,1.0,7.0,3.0
Park_Ave_East/south_to_north/16_n00129_N_L.jpg,Park_Ave_East,south_to_north,16,n00129,N,L,5.0,2.0,5.0,3.0,6.0,5.0,1.0,3.0,3.0
Park_Ave_East/south_to_north/16_n00129_N_R.jpg,Park_Ave_East,south_to_north,16,n00129,N,R,5.0,2.0,5.0,3.0,6.0,6.0,3.0,5.0,3.0
Park_Ave_East/south_to_north/17_n00130_N_L.jpg,Park_Ave_East,south_to_north,17,n00130,N,L,3.0,3.0,3.0,3.0,3.0,5.0,1.0,5.0,3.0
Park_Ave_East/south_to_north/17_n00130_N_R.jpg,Park_Ave_East,south_to_north,17,n00130,N,R,3.0,3.0,3.0,3.0,3.0,3.0,3.0,5.0,3.0
Park_Ave_East/south_to_north/18_n00131_N_L.jpg,Park_Ave_East,south_to_north,18,n00131,N,L,3.0,5.0,3.0,3.0,6.0,5.0,3.0,5.0,3.0
Park_Ave_East/south_to_north/18_n00131_N_R.jpg,Park_Ave_East,south_to_north,18,n00131,N,R,1.0,5.0,2.0,3.0,6.0,3.0,3.0,5.0,3.0
Park_Ave_East/south_to_north/19_n00132_N_L.jpg,Park_Ave_East,south_to_north,19,n00132,N,L,5.0,1.0,5.0,3.0,6.0,6.0,1.0,5.0,3.0
Park_Ave_East/south_to_north/19_n00132_N_R.jpg,Park_Ave_East,south_to_north,19,n00132,N,R,2.0,5.0,3.0,3.0,5.0,3.0,3.0,5.0,3.0
Park_Ave_East/south_to_north/20_n00133_N_L.jpg,Park_Ave_East,south_to_north,20,n00133,N,L,3.0,3.0,3.0,3.0,3.0,5.0,1.0,7.0,3.0
Park_Ave_East/south_to_north/20_n00133_N_R.jpg,Park_Ave_East,south_to_north,20,n00133,N,R,1.0,5.0,2.0,3.0,3.0,2.0,1.0,5.0,3.0
Park_Ave_East/south_to_north/21_n00134_N_L.jpg,Park_Ave_East,south_to_north,21,n00134,N,L,3.0,3.0,3.0,3.0,5.0,5.0,1.0,5.0,3.0
Park_Ave_East/south_to_north/21_n00134_N_R.jpg,Park_Ave_East,south_to_north,21,n00134,N,R,1.0,5.0,1.0,3.0,3.0,1.0,3.0,7.0,3.0
Park_Ave_East/south_to_north/22_n00135_N_L.jpg,Park_Ave_East,south_to_north,22,n00135,N,L,1.0,6.0,3.0,3.0,3.0,3.0,3.0,7.0,3.0
Park_Ave_East/south_to_north/22_n00135_N_R.jpg,Park_Ave_East,south_to_north,22,n00135,N,R,2.0,6.0,3.0,3.0,6.0,3.0,5.0,7.0,5.0
Park_Ave_East/south_to_north/23_n00136_N_L.jpg,Park_Ave_East,south_to_north,23,n00136,N,L,1.0,6.0,2.0,3.0,6.0,3.0,1.0,7.0,3.0
Park_Ave_East/south_to_north/23_n00136_N_R.jpg,Park_Ave_East,south_to_north,23,n00136,N,R,3.0,5.0,3.0,3.0,3.0,3.0,3.0,7.0,3.0
Park_Ave_East/south_to_north/24_n00137_N_L.jpg,Park_Ave_East,south_to_north,24,n00137,N,L,1.0,6.0,2.0,3.0,3.0,2.0,5.0,5.0,3.0
Park_Ave_East/south_to_north/24_n00137_N_R.jpg,Park_Ave_East,south_to_north,24,n00137,N,R,1.0,6.0,2.0,3.0,1.0,2.0,1.0,5.0,3.0
Park_Ave_East/south_to_north/25_n00139_N_L.jpg,Park_Ave_East,south_to_north,25,n00139,N,L,1.0,7.0,1.0,3.0,6.0,1.0,5.0,7.0,3.0
Park_Ave_East/south_to_north/25_n00139_N_R.jpg,Park_Ave_East,south_to_north,25,n00139,N,R,1.0,7.0,2.0,3.0,5.0,2.0,3.0,7.0,3.0
Park_Ave_West/north_to_south/01_n00241_S_L.jpg,Park_Ave_West,north_to_south,1,n00241,S,L,1.0,1.0,1.0,1.0,3.0,1.0,1.0,3.0,3.0
Park_Ave_West/north_to_south/01_n00241_S_R.jpg,Park_Ave_West,north_to_south,1,n00241,S,R,1.0,6.0,1.0,3.0,3.0,1.0,5.0,7.0,5.0
Park_Ave_West/north_to_south/02_n00233_S_L.jpg,Park_Ave_West,north_to_south,2,n00233,S,L,1.0,6.0,2.0,3.0,3.0,2.0,3.0,5.0,3.0
Park_Ave_West/north_to_south/02_n00233_S_R.jpg,Park_Ave_West,north_to_south,2,n00233,S,R,2.0,6.0,3.0,3.0,5.0,3.0,5.0,5.0,5.0
Park_Ave_West/north_to_south/03_n00232_S_L.jpg,Park_Ave_West,north_to_south,3,n00232,S,L,1.0,5.0,2.0,3.0,3.0,2.0,1.0,5.0,3.0
Park_Ave_West/north_to_south/03_n00232_S_R.jpg,Park_Ave_West,north_to_south,3,n00232,S,R,2.0,6.0,3.0,3.0,3.0,3.0,3.0,5.0,3.0
Park_Ave_West/north_to_south/04_n00231_S_L.jpg,Park_Ave_West,north_to_south,4,n00231,S,L,1.0,6.0,2.0,3.0,3.0,3.0,3.0,5.0,3.0
Park_Ave_West/north_to_south/04_n00231_S_R.jpg,Park_Ave_West,north_to_south,4,n00231,S,R,2.0,5.0,3.0,3.0,5.0,3.0,5.0,5.0,5.0
Park_Ave_West/north_to_south/05_n00230_S_L.jpg,Park_Ave_West,north_to_south,5,n00230,S,L,1.0,6.0,2.0,3.0,3.0,3.0,1.0,5.0,2.0
Park_Ave_West/north_to_south/05_n00230_S_R.jpg,Park_Ave_West,north_to_south,5,n00230,S,R,1.0,7.0,1.0,3.0,5.0,1.0,3.0,5.0,3.0
Park_Ave_West/north_to_south/06_n00229_S_L.jpg,Park_Ave_West,north_to_south,6,n00229,S,L,3.0,3.0,3.0,3.0,3.0,5.0,1.0,3.0,1.0
Park_Ave_West/north_to_south/06_n00229_S_R.jpg,Park_Ave_West,north_to_south,6,n00229,S,R,1.0,7.0,1.0,3.0,3.0,1.0,3.0,5.0,3.0
Park_Ave_West/north_to_south/07_n00228_S_L.jpg,Park_Ave_West,north_to_south,7,n00228,S,L,3.0,3.0,5.0,3.0,6.0,5.0,1.0,3.0,1.0
Park_Ave_West/north_to_south/07_n00228_S_R.jpg,Park_Ave_West,north_to_south,7,n00228,S,R,3.0,5.0,3.0,3.0,3.0,3.0,1.0,5.0,1.0
Park_Ave_West/north_to_south/08_n00227_S_L.jpg,Park_Ave_West,north_to_south,8,n00227,S,L,6.0,2.0,6.0,3.0,6.0,6.0,1.0,5.0,3.0
Park_Ave_West/north_to_south/08_n00227_S_R.jpg,Park_Ave_West,north_to_south,8,n00227,S,R,1.0,5.0,3.0,3.0,5.0,3.0,3.0,5.0,3.0
Park_Ave_West/north_to_south/09_n00226_S_L.jpg,Park_Ave_West,north_to_south,9,n00226,S,L,3.0,3.0,3.0,3.0,6.0,5.0,1.0,5.0,3.0
Park_Ave_West/north_to_south/09_n00226_S_R.jpg,Park_Ave_West,north_to_south,9,n00226,S,R,1.0,5.0,1.0,3.0,6.0,1.0,3.0,7.0,3.0
Park_Ave_West/north_to_south/10_n00225_S_L.jpg,Park_Ave_West,north_to_south,10,n00225,S,L,3.0,3.0,5.0,3.0,6.0,6.0,1.0,5.0,1.0
Park_Ave_West/north_to_south/10_n00225_S_R.jpg,Park_Ave_West,north_to_south,10,n00225,S,R,1.0,5.0,3.0,3.0,6.0,3.0,3.0,7.0,3.0
Park_Ave_West/north_to_south/11_n00224_S_L.jpg,Park_Ave_West,north_to_south,11,n00224,S,L,6.0,2.0,6.0,3.0,6.0,6.0,1.0,3.0,1.0
Park_Ave_West/north_to_south/11_n00224_S_R.jpg,Park_Ave_West,north_to_south,11,n00224,S,R,1.0,6.0,2.0,3.0,3.0,2.0,5.0,7.0,3.0
Park_Ave_West/north_to_south/12_n00223_S_L.jpg,Park_Ave_West,north_to_south,12,n00223,S,L,5.0,3.0,5.0,3.0,6.0,6.0,1.0,5.0,3.0
Park_Ave_West/north_to_south/12_n00223_S_R.jpg,Park_Ave_West,north_to_south,12,n00223,S,R,2.0,5.0,3.0,3.0,5.0,3.0,1.0,5.0,3.0
Park_Ave_West/north_to_south/13_n00222_S_L.jpg,Park_Ave_West,north_to_south,13,n00222,S,L,1.0,6.0,3.0,3.0,3.0,3.0,3.0,5.0,3.0
Park_Ave_West/north_to_south/13_n00222_S_R.jpg,Park_Ave_West,north_to_south,13,n00222,S,R,2.0,5.0,3.0,3.0,6.0,3.0,5.0,5.0,3.0
Park_Ave_West/north_to_south/14_n00221_S_L.jpg,Park_Ave_West,north_to_south,14,n00221,S,L,5.0,3.0,6.0,3.0,6.0,6.0,1.0,5.0,3.0
Park_Ave_West/north_to_south/14_n00221_S_R.jpg,Park_Ave_West,north_to_south,14,n00221,S,R,1.0,6.0,1.0,3.0,3.0,1.0,1.0,3.0,3.0
Park_Ave_West/north_to_south/15_n00220_S_L.jpg,Park_Ave_West,north_to_south,15,n00220,S,L,5.0,3.0,6.0,3.0,6.0,6.0,1.0,5.0,1.0
Park_Ave_West/north_to_south/15_n00220_S_R.jpg,Park_Ave_West,north_to_south,15,n00220,S,R,1.0,6.0,1.0,3.0,6.0,1.0,1.0,5.0,3.0
Park_Ave_West/north_to_south/16_n00219_S_L.jpg,Park_Ave_West,north_to_south,16,n00219,S,L,5.0,2.0,6.0,3.0,6.0,6.0,1.0,5.0,1.0
Park_Ave_West/north_to_south/16_n00219_S_R.jpg,Park_Ave_West,north_to_south,16,n00219,S,R,2.0,6.0,3.0,3.0,6.0,3.0,1.0,3.0,1.0
Park_Ave_West/north_to_south/17_n00218_S_L.jpg,Park_Ave_West,north_to_south,17,n00218,S,L,1.0,6.0,3.0,3.0,3.0,3.0,1.0,5.0,1.0
Park_Ave_West/north_to_south/17_n00218_S_R.jpg,Park_Ave_West,north_to_south,17,n00218,S,R,1.0,6.0,1.0,3.0,3.0,1.0,3.0,5.0,3.0
Park_Ave_West/north_to_south/18_n00217_S_L.jpg,Park_Ave_West,north_to_south,18,n00217,S,L,6.0,2.0,6.0,3.0,6.0,6.0,1.0,3.0,3.0
Park_Ave_West/north_to_south/18_n00217_S_R.jpg,Park_Ave_West,north_to_south,18,n00217,S,R,2.0,6.0,3.0,3.0,6.0,3.0,3.0,3.0,3.0
Park_Ave_West/north_to_south/19_n00216_S_L.jpg,Park_Ave_West,north_to_south,19,n00216,S,L,6.0,2.0,6.0,3.0,6.0,6.0,1.0,3.0,1.0
Park_Ave_West/north_to_south/19_n00216_S_R.jpg,Park_Ave_West,north_to_south,19,n00216,S,R,2.0,5.0,3.0,3.0,3.0,3.0,1.0,5.0,3.0
Park_Ave_West/north_to_south/20_n00215_S_L.jpg,Park_Ave_West,north_to_south,20,n00215,S,L,6.0,2.0,6.0,3.0,6.0,6.0,1.0,3.0,1.0
Park_Ave_West/north_to_south/20_n00215_S_R.jpg,Park_Ave_West,north_to_south,20,n00215,S,R,1.0,6.0,2.0,3.0,3.0,3.0,1.0,5.0,3.0
Park_Ave_West/north_to_south/21_n00214_S_L.jpg,Park_Ave_West,north_to_south,21,n00214,S,L,1.0,5.0,2.0,3.0,3.0,3.0,1.0,3.0,1.0
Park_Ave_West/north_to_south/21_n00214_S_R.jpg,Park_Ave_West,north_to_south,21,n00214,S,R,1.0,6.0,1.0,3.0,3.0,1.0,3.0,7.0,3.0
Park_Ave_West/north_to_south/22_n00213_S_L.jpg,Park_Ave_West,north_to_south,22,n00213,S,L,6.0,2.0,6.0,3.0,6.0,6.0,1.0,5.0,1.0
Park_Ave_West/north_to_south/22_n00213_S_R.jpg,Park_Ave_West,north_to_south,22,n00213,S,R,1.0,6.0,1.0,3.0,3.0,1.0,3.0,5.0,3.0
Park_Ave_West/north_to_south/23_n00212_S_L.jpg,Park_Ave_West,north_to_south,23,n00212,S,L,3.0,3.0,3.0,3.0,3.0,3.0,1.0,5.0,1.0
Park_Ave_West/north_to_south/23_n00212_S_R.jpg,Park_Ave_West,north_to_south,23,n00212,S,R,3.0,5.0,3.0,3.0,3.0,3.0,3.0,7.0,3.0
Park_Ave_West/north_to_south/24_n00211_S_L.jpg,Park_Ave_West,north_to_south,24,n00211,S,L,2.0,5.0,3.0,3.0,3.0,3.0,1.0,5.0,1.0
Park_Ave_West/north_to_south/24_n00211_S_R.jpg,Park_Ave_West,north_to_south,24,n00211,S,R,2.0,5.0,3.0,3.0,3.0,3.0,3.0,5.0,3.0
Park_Ave_West/north_to_south/25_n00210_S_L.jpg,Park_Ave_West,north_to_south,25,n00210,S,L,1.0,5.0,1.0,3.0,3.0,1.0,3.0,3.0,3.0
Park_Ave_West/north_to_south/25_n00210_S_R.jpg,Park_Ave_West,north_to_south,25,n00210,S,R,1.0,6.0,1.0,3.0,5.0,1.0,5.0,7.0,5.0
Park_Ave_West/north_to_south/26_n00209_S_L.jpg,Park_Ave_West,north_to_south,26,n00209,S,L,1.0,5.0,1.0,1.0,1.0,1.0,1.0,7.0,1.0
Park_Ave_West/north_to_south/26_n00209_S_R.jpg,Park_Ave_West,north_to_south,26,n00209,S,R,1.0,6.0,1.0,3.0,3.0,1.0,5.0,7.0,5.0
Park_Ave_West/south_to_north/01_n00209_N_L.jpg,Park_Ave_West,south_to_north,1,n00209,N,L,2.0,5.0,3.0,3.0,3.0,3.0,5.0,5.0,3.0
Park_Ave_West/south_to_north/01_n00209_N_R.jpg,Park_Ave_West,south_to_north,1,n00209,N,R,1.0,5.0,1.0,3.0,1.0,1.0,3.0,7.0,1.0
Park_Ave_West/south_to_north/02_n00210_N_L.jpg,Park_Ave_West,south_to_north,2,n00210,N,L,1.0,3.0,1.0,3.0,3.0,1.0,5.0,7.0,3.0
Park_Ave_West/south_to_north/02_n00210_N_R.jpg,Park_Ave_West,south_to_north,2,n00210,N,R,3.0,6.0,3.0,3.0,3.0,3.0,1.0,5.0,3.0
Park_Ave_West/south_to_north/03_n00211_N_L.jpg,Park_Ave_West,south_to_north,3,n00211,N,L,2.0,5.0,2.0,3.0,3.0,3.0,1.0,5.0,3.0
Park_Ave_West/south_to_north/03_n00211_N_R.jpg,Park_Ave_West,south_to_north,3,n00211,N,R,3.0,5.0,3.0,3.0,3.0,5.0,1.0,5.0,3.0
Park_Ave_West/south_to_north/04_n00212_N_L.jpg,Park_Ave_West,south_to_north,4,n00212,N,L,1.0,5.0,1.0,3.0,3.0,1.0,1.0,5.0,3.0
Park_Ave_West/south_to_north/04_n00212_N_R.jpg,Park_Ave_West,south_to_north,4,n00212,N,R,6.0,3.0,6.0,3.0,6.0,6.0,1.0,5.0,1.0
Park_Ave_West/south_to_north/05_n00213_N_L.jpg,Park_Ave_West,south_to_north,5,n00213,N,L,2.0,5.0,3.0,3.0,3.0,3.0,3.0,5.0,3.0
Park_Ave_West/south_to_north/05_n00213_N_R.jpg,Park_Ave_West,south_to_north,5,n00213,N,R,3.0,3.0,3.0,3.0,5.0,3.0,1.0,5.0,3.0
Park_Ave_West/south_to_north/06_n00214_N_L.jpg,Park_Ave_West,south_to_north,6,n00214,N,L,2.0,5.0,3.0,3.0,3.0,3.0,1.0,5.0,1.0
Park_Ave_West/south_to_north/06_n00214_N_R.jpg,Park_Ave_West,south_to_north,6,n00214,N,R,5.0,3.0,6.0,3.0,6.0,6.0,1.0,7.0,3.0
Park_Ave_West/south_to_north/07_n00215_N_L.jpg,Park_Ave_West,south_to_north,7,n00215,N,L,2.0,5.0,3.0,3.0,3.0,3.0,1.0,5.0,1.0
Park_Ave_West/south_to_north/07_n00215_N_R.jpg,Park_Ave_West,south_to_north,7,n00215,N,R,6.0,1.0,6.0,3.0,6.0,6.0,1.0,3.0,1.0
Park_Ave_West/south_to_north/08_n00216_N_L.jpg,Park_Ave_West,south_to_north,8,n00216,N,L,1.0,6.0,2.0,3.0,3.0,3.0,1.0,5.0,3.0
Park_Ave_West/south_to_north/08_n00216_N_R.jpg,Park_Ave_West,south_to_north,8,n00216,N,R,6.0,1.0,6.0,3.0,6.0,6.0,1.0,3.0,1.0
Park_Ave_West/south_to_north/09_n00217_N_L.jpg,Park_Ave_West,south_to_north,9,n00217,N,L,1.0,6.0,2.0,3.0,3.0,2.0,1.0,3.0,1.0
Park_Ave_West/south_to_north/09_n00217_N_R.jpg,Park_Ave_West,south_to_north,9,n00217,N,R,1.0,5.0,2.0,3.0,6.0,3.0,3.0,5.0,3.0
Park_Ave_West/south_to_north/10_n00218_N_L.jpg,Park_Ave_West,south_to_north,10,n00218,N,L,2.0,5.0,3.0,3.0,3.0,3.0,1.0,5.0,3.0
Park_Ave_West/south_to_north/10_n00218_N_R.jpg,Park_Ave_West,south_to_north,10,n00218,N,R,5.0,3.0,5.0,3.0,6.0,6.0,1.0,5.0,3.0
Park_Ave_West/south_to_north/11_n00219_N_L.jpg,Park_Ave_West,south_to_north,11,n00219,N,L,1.0,6.0,1.0,3.0,6.0,1.0,1.0,7.0,3.0
Park_Ave_West/south_to_north/11_n00219_N_R.jpg,Park_Ave_West,south_to_north,11,n00219,N,R,5.0,3.0,5.0,3.0,6.0,6.0,1.0,5.0,1.0
Park_Ave_West/south_to_north/12_n00220_N_L.jpg,Park_Ave_West,south_to_north,12,n00220,N,L,1.0,5.0,1.0,3.0,3.0,1.0,1.0,3.0,1.0
Park_Ave_West/south_to_north/12_n00220_N_R.jpg,Park_Ave_West,south_to_north,12,n00220,N,R,3.0,3.0,5.0,3.0,6.0,5.0,1.0,5.0,1.0
Park_Ave_West/south_to_north/13_n00221_N_L.jpg,Park_Ave_West,south_to_north,13,n00221,N,L,2.0,5.0,3.0,3.0,5.0,3.0,3.0,5.0,3.0
Park_Ave_West/south_to_north/13_n00221_N_R.jpg,Park_Ave_West,south_to_north,13,n00221,N,R,3.0,5.0,5.0,3.0,6.0,5.0,1.0,5.0,3.0
Park_Ave_West/south_to_north/14_n00222_N_L.jpg,Park_Ave_West,south_to_north,14,n00222,N,L,2.0,5.0,3.0,3.0,3.0,3.0,3.0,5.0,3.0
Park_Ave_West/south_to_north/14_n00222_N_R.jpg,Park_Ave_West,south_to_north,14,n00222,N,R,5.0,2.0,6.0,3.0,6.0,6.0,1.0,5.0,3.0
Park_Ave_West/south_to_north/15_n00223_N_L.jpg,Park_Ave_West,south_to_north,15,n00223,N,L,2.0,5.0,3.0,3.0,3.0,3.0,5.0,7.0,3.0
Park_Ave_West/south_to_north/15_n00223_N_R.jpg,Park_Ave_West,south_to_north,15,n00223,N,R,6.0,2.0,6.0,3.0,6.0,6.0,1.0,5.0,1.0
Park_Ave_West/south_to_north/16_n00224_N_L.jpg,Park_Ave_West,south_to_north,16,n00224,N,L,1.0,5.0,2.0,3.0,5.0,3.0,3.0,7.0,3.0
Park_Ave_West/south_to_north/16_n00224_N_R.jpg,Park_Ave_West,south_to_north,16,n00224,N,R,5.0,2.0,6.0,3.0,6.0,6.0,1.0,5.0,3.0
Park_Ave_West/south_to_north/17_n00225_N_L.jpg,Park_Ave_West,south_to_north,17,n00225,N,L,1.0,5.0,1.0,3.0,6.0,1.0,3.0,7.0,3.0
Park_Ave_West/south_to_north/17_n00225_N_R.jpg,Park_Ave_West,south_to_north,17,n00225,N,R,1.0,5.0,2.0,3.0,3.0,3.0,1.0,5.0,3.0
Park_Ave_West/south_to_north/18_n00226_N_L.jpg,Park_Ave_West,south_to_north,18,n00226,N,L,3.0,5.0,3.0,3.0,5.0,5.0,3.0,5.0,3.0
Park_Ave_West/south_to_north/18_n00226_N_R.jpg,Park_Ave_West,south_to_north,18,n00226,N,R,3.0,2.0,5.0,3.0,6.0,6.0,1.0,5.0,3.0
Park_Ave_West/south_to_north/19_n00227_N_L.jpg,Park_Ave_West,south_to_north,19,n00227,N,L,3.0,3.0,3.0,3.0,3.0,5.0,1.0,5.0,3.0
Park_Ave_West/south_to_north/19_n00227_N_R.jpg,Park_Ave_West,south_to_north,19,n00227,N,R,3.0,3.0,5.0,3.0,6.0,5.0,1.0,5.0,3.0
Park_Ave_West/south_to_north/20_n00228_N_L.jpg,Park_Ave_West,south_to_north,20,n00228,N,L,1.0,5.0,2.0,3.0,3.0,3.0,3.0,7.0,3.0
Park_Ave_West/south_to_north/20_n00228_N_R.jpg,Park_Ave_West,south_to_north,20,n00228,N,R,3.0,3.0,3.0,3.0,6.0,5.0,1.0,5.0,1.0
Park_Ave_West/south_to_north/21_n00229_N_L.jpg,Park_Ave_West,south_to_north,21,n00229,N,L,2.0,6.0,3.0,3.0,5.0,3.0,5.0,5.0,5.0
Park_Ave_West/south_to_north/21_n00229_N_R.jpg,Park_Ave_West,south_to_north,21,n00229,N,R,1.0,6.0,2.0,3.0,3.0,3.0,3.0,5.0,3.0
Park_Ave_West/south_to_north/22_n00230_N_L.jpg,Park_Ave_West,south_to_north,22,n00230,N,L,3.0,6.0,3.0,3.0,5.0,5.0,5.0,5.0,3.0
Park_Ave_West/south_to_north/22_n00230_N_R.jpg,Park_Ave_West,south_to_north,22,n00230,N,R,2.0,6.0,3.0,3.0,3.0,3.0,3.0,7.0,3.0
Park_Ave_West/south_to_north/23_n00231_N_L.jpg,Park_Ave_West,south_to_north,23,n00231,N,L,2.0,6.0,3.0,3.0,3.0,3.0,3.0,7.0,3.0
Park_Ave_West/south_to_north/23_n00231_N_R.jpg,Park_Ave_West,south_to_north,23,n00231,N,R,2.0,6.0,2.0,3.0,3.0,2.0,1.0,5.0,3.0
Park_Ave_West/south_to_north/24_n00232_N_L.jpg,Park_Ave_West,south_to_north,24,n00232,N,L,2.0,6.0,3.0,3.0,3.0,3.0,5.0,5.0,3.0
Park_Ave_West/south_to_north/24_n00232_N_R.jpg,Park_Ave_West,south_to_north,24,n00232,N,R,1.0,6.0,1.0,3.0,3.0,1.0,3.0,7.0,3.0
Park_Ave_West/south_to_north/25_n00233_N_L.jpg,Park_Ave_West,south_to_north,25,n00233,N,L,1.0,6.0,1.0,3.0,5.0,1.0,3.0,7.0,3.0
Park_Ave_West/south_to_north/25_n00233_N_R.jpg,Park_Ave_West,south_to_north,25,n00233,N,R,1.0,7.0,1.0,3.0,6.0,1.0,3.0,7.0,3.0
Park_Ave_West/south_to_north/26_n00241_N_L.jpg,Park_Ave_West,south_to_north,26,n00241,N,L,1.0,6.0,2.0,1.0,6.0,3.0,3.0,7.0,3.0
Park_Ave_West/south_to_north/26_n00241_N_R.jpg,Park_Ave_West,south_to_north,26,n00241,N,R,1.0,1.0,1.0,1.0,3.0,1.0,3.0,3.0,3.0
Tunnel_Exit_Street/north_to_south/01_n00266_S_L.jpg,Tunnel_Exit_Street,north_to_south,1,n00266,S,L,1.0,6.0,1.0,3.0,3.0,1.0,1.0,7.0,3.0
Tunnel_Exit_Street/north_to_south/01_n00266_S_R.jpg,Tunnel_Exit_Street,north_to_south,1,n00266,S,R,1.0,7.0,1.0,1.0,6.0,1.0,1.0,3.0,3.0
Tunnel_Exit_Street/north_to_south/02_n00265_S_L.jpg,Tunnel_Exit_Street,north_to_south,2,n00265,S,L,1.0,7.0,1.0,3.0,3.0,1.0,1.0,3.0,3.0
Tunnel_Exit_Street/north_to_south/02_n00265_S_R.jpg,Tunnel_Exit_Street,north_to_south,2,n00265,S,R,1.0,7.0,1.0,1.0,6.0,1.0,1.0,1.0,3.0
Tunnel_Exit_Street/north_to_south/03_n00264_S_L.jpg,Tunnel_Exit_Street,north_to_south,3,n00264,S,L,1.0,6.0,1.0,3.0,3.0,1.0,1.0,3.0,1.0
Tunnel_Exit_Street/north_to_south/03_n00264_S_R.jpg,Tunnel_Exit_Street,north_to_south,3,n00264,S,R,1.0,7.0,1.0,1.0,6.0,1.0,1.0,3.0,3.0
Tunnel_Exit_Street/north_to_south/04_n00263_S_L.jpg,Tunnel_Exit_Street,north_to_south,4,n00263,S,L,1.0,5.0,1.0,3.0,6.0,2.0,1.0,5.0,3.0
Tunnel_Exit_Street/north_to_south/04_n00263_S_R.jpg,Tunnel_Exit_Street,north_to_south,4,n00263,S,R,1.0,6.0,1.0,1.0,3.0,1.0,1.0,5.0,3.0
Tunnel_Exit_Street/north_to_south/05_n00262_S_L.jpg,Tunnel_Exit_Street,north_to_south,5,n00262,S,L,3.0,3.0,3.0,3.0,3.0,5.0,1.0,3.0,3.0
Tunnel_Exit_Street/north_to_south/05_n00262_S_R.jpg,Tunnel_Exit_Street,north_to_south,5,n00262,S,R,1.0,6.0,1.0,3.0,3.0,1.0,1.0,3.0,3.0
Tunnel_Exit_Street/north_to_south/06_n00261_S_L.jpg,Tunnel_Exit_Street,north_to_south,6,n00261,S,L,3.0,6.0,3.0,3.0,6.0,3.0,1.0,3.0,1.0
Tunnel_Exit_Street/north_to_south/06_n00261_S_R.jpg,Tunnel_Exit_Street,north_to_south,6,n00261,S,R,1.0,6.0,1.0,1.0,3.0,1.0,1.0,3.0,3.0
Tunnel_Exit_Street/north_to_south/07_n00260_S_L.jpg,Tunnel_Exit_Street,north_to_south,7,n00260,S,L,3.0,5.0,3.0,3.0,6.0,3.0,1.0,3.0,3.0
Tunnel_Exit_Street/north_to_south/07_n00260_S_R.jpg,Tunnel_Exit_Street,north_to_south,7,n00260,S,R,1.0,6.0,1.0,3.0,3.0,1.0,1.0,3.0,3.0
Tunnel_Exit_Street/north_to_south/08_n00259_S_L.jpg,Tunnel_Exit_Street,north_to_south,8,n00259,S,L,2.0,6.0,3.0,3.0,3.0,3.0,1.0,5.0,3.0
Tunnel_Exit_Street/north_to_south/08_n00259_S_R.jpg,Tunnel_Exit_Street,north_to_south,8,n00259,S,R,2.0,3.0,3.0,3.0,5.0,3.0,5.0,5.0,3.0
Tunnel_Exit_Street/north_to_south/09_n00258_S_L.jpg,Tunnel_Exit_Street,north_to_south,9,n00258,S,L,2.0,5.0,3.0,3.0,6.0,3.0,1.0,3.0,3.0
Tunnel_Exit_Street/north_to_south/09_n00258_S_R.jpg,Tunnel_Exit_Street,north_to_south,9,n00258,S,R,1.0,3.0,1.0,3.0,3.0,1.0,3.0,7.0,3.0
Tunnel_Exit_Street/north_to_south/10_n00257_S_L.jpg,Tunnel_Exit_Street,north_to_south,10,n00257,S,L,1.0,3.0,1.0,3.0,6.0,1.0,3.0,3.0,3.0
Tunnel_Exit_Street/north_to_south/10_n00257_S_R.jpg,Tunnel_Exit_Street,north_to_south,10,n00257,S,R,1.0,3.0,1.0,3.0,3.0,1.0,1.0,5.0,1.0
Tunnel_Exit_Street/north_to_south/11_n00256_S_L.jpg,Tunnel_Exit_Street,north_to_south,11,n00256,S,L,3.0,3.0,3.0,3.0,6.0,3.0,1.0,3.0,3.0
Tunnel_Exit_Street/north_to_south/11_n00256_S_R.jpg,Tunnel_Exit_Street,north_to_south,11,n00256,S,R,1.0,1.0,1.0,1.0,1.0,1.0,1.0,1.0,1.0
Tunnel_Exit_Street/north_to_south/12_n00255_S_L.jpg,Tunnel_Exit_Street,north_to_south,12,n00255,S,L,1.0,3.0,1.0,3.0,3.0,2.0,1.0,3.0,3.0
Tunnel_Exit_Street/north_to_south/12_n00255_S_R.jpg,Tunnel_Exit_Street,north_to_south,12,n00255,S,R,3.0,3.0,3.0,3.0,3.0,3.0,3.0,5.0,3.0
Tunnel_Exit_Street/north_to_south/13_n00254_S_L.jpg,Tunnel_Exit_Street,north_to_south,13,n00254,S,L,1.0,7.0,1.0,1.0,3.0,1.0,1.0,1.0,1.0
Tunnel_Exit_Street/north_to_south/13_n00254_S_R.jpg,Tunnel_Exit_Street,north_to_south,13,n00254,S,R,1.0,6.0,1.0,1.0,1.0,1.0,1.0,1.0,1.0
Tunnel_Exit_Street/north_to_south/14_n00253_S_L.jpg,Tunnel_Exit_Street,north_to_south,14,n00253,S,L,1.0,6.0,1.0,1.0,1.0,1.0,1.0,1.0,1.0
Tunnel_Exit_Street/north_to_south/14_n00253_S_R.jpg,Tunnel_Exit_Street,north_to_south,14,n00253,S,R,1.0,5.0,1.0,1.0,1.0,1.0,1.0,3.0,1.0
Tunnel_Exit_Street/north_to_south/15_n00252_S_L.jpg,Tunnel_Exit_Street,north_to_south,15,n00252,S,L,1.0,6.0,1.0,1.0,3.0,1.0,1.0,1.0,1.0
Tunnel_Exit_Street/north_to_south/15_n00252_S_R.jpg,Tunnel_Exit_Street,north_to_south,15,n00252,S,R,1.0,5.0,1.0,1.0,1.0,1.0,1.0,1.0,1.0
Tunnel_Exit_Street/north_to_south/16_n00251_S_L.jpg,Tunnel_Exit_Street,north_to_south,16,n00251,S,L,1.0,6.0,1.0,3.0,3.0,1.0,1.0,1.0,1.0
Tunnel_Exit_Street/north_to_south/16_n00251_S_R.jpg,Tunnel_Exit_Street,north_to_south,16,n00251,S,R,1.0,3.0,1.0,3.0,3.0,1.0,5.0,5.0,3.0
Tunnel_Exit_Street/north_to_south/17_n00250_S_L.jpg,Tunnel_Exit_Street,north_to_south,17,n00250,S,L,1.0,3.0,2.0,3.0,3.0,3.0,1.0,3.0,3.0
Tunnel_Exit_Street/north_to_south/17_n00250_S_R.jpg,Tunnel_Exit_Street,north_to_south,17,n00250,S,R,1.0,3.0,2.0,3.0,3.0,2.0,3.0,5.0,3.0
Tunnel_Exit_Street/south_to_north/01_n00250_N_L.jpg,Tunnel_Exit_Street,south_to_north,1,n00250,N,L,1.0,5.0,1.0,3.0,3.0,1.0,3.0,5.0,3.0
Tunnel_Exit_Street/south_to_north/01_n00250_N_R.jpg,Tunnel_Exit_Street,south_to_north,1,n00250,N,R,1.0,3.0,1.0,3.0,3.0,1.0,3.0,7.0,1.0
Tunnel_Exit_Street/south_to_north/02_n00251_N_L.jpg,Tunnel_Exit_Street,south_to_north,2,n00251,N,L,1.0,3.0,1.0,3.0,3.0,1.0,1.0,3.0,1.0
Tunnel_Exit_Street/south_to_north/02_n00251_N_R.jpg,Tunnel_Exit_Street,south_to_north,2,n00251,N,R,1.0,6.0,1.0,1.0,3.0,1.0,1.0,1.0,1.0
Tunnel_Exit_Street/south_to_north/03_n00252_N_L.jpg,Tunnel_Exit_Street,south_to_north,3,n00252,N,L,1.0,5.0,1.0,3.0,3.0,1.0,1.0,3.0,1.0
Tunnel_Exit_Street/south_to_north/03_n00252_N_R.jpg,Tunnel_Exit_Street,south_to_north,3,n00252,N,R,1.0,7.0,1.0,1.0,3.0,1.0,1.0,1.0,1.0
Tunnel_Exit_Street/south_to_north/04_n00253_N_L.jpg,Tunnel_Exit_Street,south_to_north,4,n00253,N,L,1.0,5.0,1.0,1.0,1.0,1.0,1.0,1.0,1.0
Tunnel_Exit_Street/south_to_north/04_n00253_N_R.jpg,Tunnel_Exit_Street,south_to_north,4,n00253,N,R,1.0,6.0,1.0,1.0,3.0,1.0,1.0,1.0,1.0
Tunnel_Exit_Street/south_to_north/05_n00254_N_L.jpg,Tunnel_Exit_Street,south_to_north,5,n00254,N,L,1.0,3.0,1.0,3.0,3.0,1.0,1.0,3.0,1.0
Tunnel_Exit_Street/south_to_north/05_n00254_N_R.jpg,Tunnel_Exit_Street,south_to_north,5,n00254,N,R,3.0,5.0,3.0,3.0,3.0,3.0,5.0,5.0,3.0
Tunnel_Exit_Street/south_to_north/06_n00255_N_L.jpg,Tunnel_Exit_Street,south_to_north,6,n00255,N,L,1.0,1.0,1.0,1.0,1.0,1.0,1.0,1.0,1.0
Tunnel_Exit_Street/south_to_north/06_n00255_N_R.jpg,Tunnel_Exit_Street,south_to_north,6,n00255,N,R,3.0,3.0,3.0,3.0,6.0,5.0,3.0,3.0,3.0
Tunnel_Exit_Street/south_to_north/07_n00256_N_L.jpg,Tunnel_Exit_Street,south_to_north,7,n00256,N,L,1.0,3.0,1.0,1.0,1.0,1.0,1.0,7.0,1.0
Tunnel_Exit_Street/south_to_north/07_n00256_N_R.jpg,Tunnel_Exit_Street,south_to_north,7,n00256,N,R,1.0,3.0,1.0,3.0,6.0,1.0,3.0,3.0,3.0
Tunnel_Exit_Street/south_to_north/08_n00257_N_L.jpg,Tunnel_Exit_Street,south_to_north,8,n00257,N,L,1.0,6.0,1.0,3.0,1.0,1.0,1.0,3.0,3.0
Tunnel_Exit_Street/south_to_north/08_n00257_N_R.jpg,Tunnel_Exit_Street,south_to_north,8,n00257,N,R,3.0,5.0,3.0,3.0,6.0,3.0,1.0,5.0,1.0
Tunnel_Exit_Street/south_to_north/09_n00258_N_L.jpg,Tunnel_Exit_Street,south_to_north,9,n00258,N,L,1.0,7.0,1.0,3.0,6.0,2.0,3.0,3.0,3.0
Tunnel_Exit_Street/south_to_north/09_n00258_N_R.jpg,Tunnel_Exit_Street,south_to_north,9,n00258,N,R,3.0,6.0,3.0,3.0,6.0,3.0,5.0,5.0,3.0
Tunnel_Exit_Street/south_to_north/10_n00259_N_L.jpg,Tunnel_Exit_Street,south_to_north,10,n00259,N,L,1.0,7.0,1.0,1.0,3.0,1.0,1.0,1.0,1.0
Tunnel_Exit_Street/south_to_north/10_n00259_N_R.jpg,Tunnel_Exit_Street,south_to_north,10,n00259,N,R,3.0,5.0,5.0,3.0,6.0,5.0,5.0,7.0,3.0
Tunnel_Exit_Street/south_to_north/11_n00260_N_L.jpg,Tunnel_Exit_Street,south_to_north,11,n00260,N,L,1.0,6.0,1.0,1.0,3.0,1.0,1.0,3.0,1.0
Tunnel_Exit_Street/south_to_north/11_n00260_N_R.jpg,Tunnel_Exit_Street,south_to_north,11,n00260,N,R,3.0,5.0,3.0,3.0,6.0,5.0,1.0,3.0,1.0
Tunnel_Exit_Street/south_to_north/12_n00261_N_L.jpg,Tunnel_Exit_Street,south_to_north,12,n00261,N,L,1.0,6.0,1.0,1.0,3.0,1.0,1.0,3.0,1.0
Tunnel_Exit_Street/south_to_north/12_n00261_N_R.jpg,Tunnel_Exit_Street,south_to_north,12,n00261,N,R,3.0,3.0,3.0,3.0,6.0,5.0,1.0,5.0,3.0
Tunnel_Exit_Street/south_to_north/13_n00262_N_L.jpg,Tunnel_Exit_Street,south_to_north,13,n00262,N,L,1.0,7.0,1.0,3.0,3.0,1.0,1.0,7.0,3.0
Tunnel_Exit_Street/south_to_north/13_n00262_N_R.jpg,Tunnel_Exit_Street,south_to_north,13,n00262,N,R,1.0,5.0,1.0,3.0,6.0,1.0,3.0,3.0,3.0
Tunnel_Exit_Street/south_to_north/14_n00263_N_L.jpg,Tunnel_Exit_Street,south_to_north,14,n00263,N,L,1.0,7.0,1.0,1.0,3.0,1.0,1.0,1.0,1.0
Tunnel_Exit_Street/south_to_north/14_n00263_N_R.jpg,Tunnel_Exit_Street,south_to_north,14,n00263,N,R,1.0,6.0,1.0,1.0,3.0,1.0,1.0,3.0,3.0
Tunnel_Exit_Street/south_to_north/15_n00264_N_L.jpg,Tunnel_Exit_Street,south_to_north,15,n00264,N,L,1.0,7.0,1.0,1.0,3.0,1.0,1.0,1.0,1.0
Tunnel_Exit_Street/south_to_north/15_n00264_N_R.jpg,Tunnel_Exit_Street,south_to_north,15,n00264,N,R,1.0,7.0,1.0,3.0,6.0,1.0,1.0,3.0,3.0
Tunnel_Exit_Street/south_to_north/16_n00265_N_L.jpg,Tunnel_Exit_Street,south_to_north,16,n00265,N,L,1.0,6.0,1.0,1.0,6.0,1.0,1.0,3.0,1.0
Tunnel_Exit_Street/south_to_north/16_n00265_N_R.jpg,Tunnel_Exit_Street,south_to_north,16,n00265,N,R,1.0,6.0,1.0,3.0,6.0,1.0,1.0,3.0,3.0
Tunnel_Exit_Street/south_to_north/17_n00266_N_L.jpg,Tunnel_Exit_Street,south_to_north,17,n00266,N,L,1.0,5.0,1.0,1.0,3.0,1.0,3.0,7.0,3.0
Tunnel_Exit_Street/south_to_north/17_n00266_N_R.jpg,Tunnel_Exit_Street,south_to_north,17,n00266,N,R,1.0,5.0,1.0,3.0,5.0,1.0,3.0,7.0,3.0
east_34th_street/east_to_west/01_n00313_W_L.jpg,east_34th_street,east_to_west,1,n00313,W,L,2.0,3.0,3.0,5.0,3.0,3.0,3.0,5.0,3.0
east_34th_street/east_to_west/01_n00313_W_R.jpg,east_34th_street,east_to_west,1,n00313,W,R,1.0,5.0,1.0,3.0,3.0,1.0,1.0,3.0,3.0
east_34th_street/east_to_west/02_n00312_W_L.jpg,east_34th_street,east_to_west,2,n00312,W,L,1.0,3.0,3.0,3.0,3.0,3.0,3.0,5.0,3.0
east_34th_street/east_to_west/02_n00312_W_R.jpg,east_34th_street,east_to_west,2,n00312,W,R,1.0,5.0,1.0,3.0,3.0,1.0,1.0,7.0,3.0
east_34th_street/east_to_west/03_n00311_W_L.jpg,east_34th_street,east_to_west,3,n00311,W,L,2.0,5.0,3.0,3.0,3.0,3.0,5.0,5.0,3.0
east_34th_street/east_to_west/03_n00311_W_R.jpg,east_34th_street,east_to_west,3,n00311,W,R,1.0,6.0,1.0,3.0,6.0,1.0,3.0,5.0,3.0
east_34th_street/east_to_west/04_n00310_W_L.jpg,east_34th_street,east_to_west,4,n00310,W,L,1.0,5.0,1.0,3.0,3.0,1.0,3.0,5.0,3.0
east_34th_street/east_to_west/04_n00310_W_R.jpg,east_34th_street,east_to_west,4,n00310,W,R,1.0,6.0,1.0,3.0,3.0,1.0,1.0,3.0,3.0
east_34th_street/east_to_west/05_n00309_W_L.jpg,east_34th_street,east_to_west,5,n00309,W,L,2.0,5.0,3.0,3.0,5.0,3.0,5.0,5.0,5.0
east_34th_street/east_to_west/05_n00309_W_R.jpg,east_34th_street,east_to_west,5,n00309,W,R,1.0,5.0,3.0,3.0,3.0,3.0,1.0,5.0,3.0
east_34th_street/east_to_west/06_n00308_W_L.jpg,east_34th_street,east_to_west,6,n00308,W,L,2.0,3.0,2.0,3.0,3.0,3.0,5.0,5.0,5.0
east_34th_street/east_to_west/06_n00308_W_R.jpg,east_34th_street,east_to_west,6,n00308,W,R,2.0,3.0,3.0,3.0,3.0,3.0,1.0,5.0,3.0
east_34th_street/east_to_west/07_n00307_W_L.jpg,east_34th_street,east_to_west,7,n00307,W,L,1.0,3.0,3.0,3.0,3.0,3.0,3.0,5.0,3.0
east_34th_street/east_to_west/07_n00307_W_R.jpg,east_34th_street,east_to_west,7,n00307,W,R,1.0,5.0,1.0,3.0,3.0,1.0,3.0,5.0,3.0
east_34th_street/east_to_west/08_n00306_W_L.jpg,east_34th_street,east_to_west,8,n00306,W,L,1.0,5.0,1.0,3.0,3.0,1.0,5.0,5.0,3.0
east_34th_street/east_to_west/08_n00306_W_R.jpg,east_34th_street,east_to_west,8,n00306,W,R,1.0,5.0,1.0,3.0,3.0,1.0,3.0,5.0,3.0
east_34th_street/east_to_west/09_n00305_W_L.jpg,east_34th_street,east_to_west,9,n00305,W,L,1.0,6.0,2.0,3.0,3.0,2.0,1.0,5.0,3.0
east_34th_street/east_to_west/09_n00305_W_R.jpg,east_34th_street,east_to_west,9,n00305,W,R,1.0,3.0,1.0,5.0,3.0,1.0,3.0,3.0,1.0
east_34th_street/east_to_west/10_n00304_W_L.jpg,east_34th_street,east_to_west,10,n00304,W,L,1.0,6.0,1.0,3.0,3.0,1.0,1.0,5.0,3.0
east_34th_street/east_to_west/10_n00304_W_R.jpg,east_34th_street,east_to_west,10,n00304,W,R,2.0,3.0,3.0,3.0,3.0,3.0,1.0,5.0,1.0
east_34th_street/east_to_west/11_n00303_W_L.jpg,east_34th_street,east_to_west,11,n00303,W,L,1.0,5.0,1.0,3.0,3.0,1.0,1.0,5.0,3.0
east_34th_street/east_to_west/11_n00303_W_R.jpg,east_34th_street,east_to_west,11,n00303,W,R,2.0,3.0,3.0,5.0,3.0,3.0,1.0,5.0,3.0
east_34th_street/east_to_west/12_n00302_W_L.jpg,east_34th_street,east_to_west,12,n00302,W,L,1.0,3.0,1.0,3.0,3.0,1.0,5.0,5.0,3.0
east_34th_street/east_to_west/12_n00302_W_R.jpg,east_34th_street,east_to_west,12,n00302,W,R,1.0,3.0,1.0,5.0,3.0,2.0,3.0,5.0,3.0
east_34th_street/east_to_west/13_n00301_W_L.jpg,east_34th_street,east_to_west,13,n00301,W,L,1.0,3.0,1.0,3.0,3.0,1.0,5.0,7.0,3.0
east_34th_street/east_to_west/13_n00301_W_R.jpg,east_34th_street,east_to_west,13,n00301,W,R,1.0,3.0,2.0,3.0,5.0,2.0,5.0,5.0,4.0
east_34th_street/east_to_west/14_n00300_W_L.jpg,east_34th_street,east_to_west,14,n00300,W,L,2.0,5.0,2.0,3.0,3.0,2.0,3.0,5.0,3.0
east_34th_street/east_to_west/14_n00300_W_R.jpg,east_34th_street,east_to_west,14,n00300,W,R,2.0,5.0,3.0,3.0,3.0,3.0,3.0,7.0,3.0
east_34th_street/east_to_west/15_n00299_W_L.jpg,east_34th_street,east_to_west,15,n00299,W,L,1.0,3.0,2.0,3.0,3.0,3.0,5.0,7.0,3.0
east_34th_street/east_to_west/15_n00299_W_R.jpg,east_34th_street,east_to_west,15,n00299,W,R,1.0,6.0,1.0,3.0,3.0,2.0,3.0,5.0,3.0
east_34th_street/east_to_west/16_n00298_W_L.jpg,east_34th_street,east_to_west,16,n00298,W,L,1.0,5.0,2.0,3.0,3.0,3.0,1.0,7.0,3.0
east_34th_street/east_to_west/16_n00298_W_R.jpg,east_34th_street,east_to_west,16,n00298,W,R,1.0,6.0,2.0,3.0,3.0,2.0,5.0,5.0,3.0
east_34th_street/east_to_west/17_n00297_W_L.jpg,east_34th_street,east_to_west,17,n00297,W,L,2.0,5.0,2.0,3.0,6.0,3.0,5.0,7.0,5.0
east_34th_street/east_to_west/17_n00297_W_R.jpg,east_34th_street,east_to_west,17,n00297,W,R,2.0,6.0,3.0,3.0,5.0,3.0,3.0,5.0,5.0
east_34th_street/east_to_west/18_n00296_W_L.jpg,east_34th_street,east_to_west,18,n00296,W,L,2.0,5.0,2.0,3.0,3.0,3.0,5.0,5.0,5.0
east_34th_street/east_to_west/18_n00296_W_R.jpg,east_34th_street,east_to_west,18,n00296,W,R,1.0,5.0,2.0,3.0,3.0,3.0,1.0,5.0,3.0
east_34th_street/east_to_west/19_n00295_W_L.jpg,east_34th_street,east_to_west,19,n00295,W,L,1.0,3.0,2.0,3.0,5.0,3.0,5.0,5.0,3.0
east_34th_street/east_to_west/19_n00295_W_R.jpg,east_34th_street,east_to_west,19,n00295,W,R,1.0,3.0,1.0,3.0,3.0,1.0,1.0,5.0,3.0
east_34th_street/east_to_west/20_n00294_W_L.jpg,east_34th_street,east_to_west,20,n00294,W,L,1.0,5.0,2.0,3.0,3.0,3.0,5.0,7.0,4.0
east_34th_street/east_to_west/20_n00294_W_R.jpg,east_34th_street,east_to_west,20,n00294,W,R,1.0,5.0,2.0,3.0,3.0,3.0,1.0,5.0,5.0
east_34th_street/east_to_west/21_n00293_W_L.jpg,east_34th_street,east_to_west,21,n00293,W,L,1.0,5.0,2.0,3.0,6.0,2.0,3.0,5.0,3.0
east_34th_street/east_to_west/21_n00293_W_R.jpg,east_34th_street,east_to_west,21,n00293,W,R,1.0,5.0,2.0,3.0,3.0,2.0,3.0,5.0,5.0
east_34th_street/east_to_west/22_n00292_W_L.jpg,east_34th_street,east_to_west,22,n00292,W,L,1.0,3.0,1.0,3.0,3.0,1.0,3.0,5.0,3.0
east_34th_street/east_to_west/22_n00292_W_R.jpg,east_34th_street,east_to_west,22,n00292,W,R,1.0,5.0,1.0,3.0,3.0,1.0,3.0,5.0,3.0
east_34th_street/east_to_west/23_n00291_W_L.jpg,east_34th_street,east_to_west,23,n00291,W,L,1.0,6.0,2.0,3.0,5.0,3.0,3.0,5.0,3.0
east_34th_street/east_to_west/23_n00291_W_R.jpg,east_34th_street,east_to_west,23,n00291,W,R,1.0,5.0,1.0,3.0,3.0,1.0,5.0,5.0,3.0
east_34th_street/east_to_west/24_n00290_W_L.jpg,east_34th_street,east_to_west,24,n00290,W,L,1.0,6.0,2.0,3.0,5.0,3.0,3.0,5.0,3.0
east_34th_street/east_to_west/24_n00290_W_R.jpg,east_34th_street,east_to_west,24,n00290,W,R,1.0,6.0,1.0,3.0,3.0,1.0,5.0,5.0,3.0
east_34th_street/east_to_west/25_n00289_W_L.jpg,east_34th_street,east_to_west,25,n00289,W,L,1.0,5.0,1.0,3.0,3.0,1.0,3.0,5.0,3.0
east_34th_street/east_to_west/25_n00289_W_R.jpg,east_34th_street,east_to_west,25,n00289,W,R,1.0,5.0,1.0,3.0,3.0,1.0,3.0,7.0,3.0
east_34th_street/east_to_west/26_n00288_W_L.jpg,east_34th_street,east_to_west,26,n00288,W,L,1.0,3.0,2.0,3.0,3.0,2.0,1.0,5.0,3.0
east_34th_street/east_to_west/26_n00288_W_R.jpg,east_34th_street,east_to_west,26,n00288,W,R,1.0,6.0,1.0,3.0,3.0,1.0,1.0,7.0,3.0
east_34th_street/east_to_west/27_n00287_W_L.jpg,east_34th_street,east_to_west,27,n00287,W,L,1.0,5.0,1.0,3.0,3.0,1.0,3.0,5.0,3.0
east_34th_street/east_to_west/27_n00287_W_R.jpg,east_34th_street,east_to_west,27,n00287,W,R,1.0,5.0,1.0,3.0,3.0,1.0,5.0,5.0,3.0
east_34th_street/east_to_west/28_n00286_W_L.jpg,east_34th_street,east_to_west,28,n00286,W,L,2.0,5.0,3.0,3.0,3.0,3.0,5.0,5.0,5.0
east_34th_street/east_to_west/28_n00286_W_R.jpg,east_34th_street,east_to_west,28,n00286,W,R,2.0,5.0,3.0,3.0,5.0,3.0,3.0,5.0,3.0
east_34th_street/east_to_west/29_n00285_W_L.jpg,east_34th_street,east_to_west,29,n00285,W,L,1.0,3.0,1.0,3.0,3.0,1.0,5.0,7.0,3.0
east_34th_street/east_to_west/29_n00285_W_R.jpg,east_34th_street,east_to_west,29,n00285,W,R,1.0,6.0,1.0,3.0,3.0,1.0,1.0,7.0,3.0
east_34th_street/east_to_west/30_n00284_W_L.jpg,east_34th_street,east_to_west,30,n00284,W,L,1.0,5.0,1.0,3.0,5.0,1.0,5.0,5.0,3.0
east_34th_street/east_to_west/30_n00284_W_R.jpg,east_34th_street,east_to_west,30,n00284,W,R,1.0,6.0,1.0,3.0,3.0,2.0,3.0,7.0,3.0
east_34th_street/east_to_west/31_n00283_W_L.jpg,east_34th_street,east_to_west,31,n00283,W,L,1.0,6.0,1.0,3.0,5.0,1.0,5.0,5.0,5.0
east_34th_street/east_to_west/31_n00283_W_R.jpg,east_34th_street,east_to_west,31,n00283,W,R,1.0,5.0,1.0,3.0,3.0,1.0,3.0,5.0,3.0
east_34th_street/east_to_west/32_n00282_W_L.jpg,east_34th_street,east_to_west,32,n00282,W,L,2.0,5.0,3.0,3.0,6.0,3.0,5.0,5.0,5.0
east_34th_street/east_to_west/32_n00282_W_R.jpg,east_34th_street,east_to_west,32,n00282,W,R,1.0,5.0,1.0,3.0,3.0,1.0,3.0,5.0,3.0
east_34th_street/east_to_west/33_n00281_W_L.jpg,east_34th_street,east_to_west,33,n00281,W,L,2.0,5.0,3.0,3.0,6.0,3.0,5.0,5.0,3.0
east_34th_street/east_to_west/33_n00281_W_R.jpg,east_34th_street,east_to_west,33,n00281,W,R,3.0,6.0,3.0,3.0,3.0,3.0,1.0,5.0,3.0
east_34th_street/east_to_west/34_n00280_W_L.jpg,east_34th_street,east_to_west,34,n00280,W,L,1.0,3.0,2.0,3.0,3.0,3.0,5.0,7.0,3.0
east_34th_street/east_to_west/34_n00280_W_R.jpg,east_34th_street,east_to_west,34,n00280,W,R,1.0,6.0,3.0,3.0,6.0,3.0,3.0,5.0,3.0
east_34th_street/east_to_west/35_n00279_W_L.jpg,east_34th_street,east_to_west,35,n00279,W,L,1.0,3.0,1.0,3.0,3.0,1.0,1.0,3.0,1.0
east_34th_street/east_to_west/35_n00279_W_R.jpg,east_34th_street,east_to_west,35,n00279,W,R,3.0,6.0,3.0,3.0,6.0,3.0,5.0,5.0,5.0
east_34th_street/east_to_west/36_n00278_W_L.jpg,east_34th_street,east_to_west,36,n00278,W,L,1.0,3.0,1.0,3.0,3.0,1.0,3.0,5.0,3.0
east_34th_street/east_to_west/36_n00278_W_R.jpg,east_34th_street,east_to_west,36,n00278,W,R,3.0,5.0,3.0,3.0,6.0,3.0,5.0,5.0,5.0
east_34th_street/east_to_west/37_n00277_W_L.jpg,east_34th_street,east_to_west,37,n00277,W,L,1.0,3.0,1.0,3.0,3.0,1.0,1.0,7.0,1.0
east_34th_street/east_to_west/37_n00277_W_R.jpg,east_34th_street,east_to_west,37,n00277,W,R,1.0,5.0,2.0,3.0,6.0,2.0,5.0,5.0,4.0
east_34th_street/east_to_west/38_n00276_W_L.jpg,east_34th_street,east_to_west,38,n00276,W,L,1.0,6.0,1.0,3.0,3.0,1.0,3.0,5.0,3.0
east_34th_street/east_to_west/38_n00276_W_R.jpg,east_34th_street,east_to_west,38,n00276,W,R,2.0,5.0,3.0,5.0,6.0,3.0,5.0,5.0,3.0
east_34th_street/east_to_west/39_n00275_W_L.jpg,east_34th_street,east_to_west,39,n00275,W,L,1.0,5.0,1.0,3.0,3.0,1.0,1.0,7.0,3.0
east_34th_street/east_to_west/39_n00275_W_R.jpg,east_34th_street,east_to_west,39,n00275,W,R,1.0,5.0,1.0,3.0,3.0,1.0,5.0,5.0,3.0
east_34th_street/east_to_west/40_n00274_W_L.jpg,east_34th_street,east_to_west,40,n00274,W,L,1.0,5.0,2.0,3.0,5.0,3.0,5.0,7.0,5.0
east_34th_street/east_to_west/40_n00274_W_R.jpg,east_34th_street,east_to_west,40,n00274,W,R,2.0,5.0,3.0,3.0,3.0,3.0,5.0,5.0,3.0
east_34th_street/east_to_west/41_n00273_W_L.jpg,east_34th_street,east_to_west,41,n00273,W,L,1.0,5.0,1.0,3.0,3.0,1.0,5.0,7.0,4.0
east_34th_street/east_to_west/41_n00273_W_R.jpg,east_34th_street,east_to_west,41,n00273,W,R,1.0,5.0,1.0,3.0,3.0,1.0,3.0,5.0,3.0
east_34th_street/east_to_west/42_n00272_W_L.jpg,east_34th_street,east_to_west,42,n00272,W,L,1.0,5.0,2.0,3.0,5.0,2.0,5.0,5.0,5.0
east_34th_street/east_to_west/42_n00272_W_R.jpg,east_34th_street,east_to_west,42,n00272,W,R,1.0,6.0,1.0,3.0,3.0,1.0,5.0,7.0,3.0
east_34th_street/east_to_west/43_n00271_W_L.jpg,east_34th_street,east_to_west,43,n00271,W,L,1.0,6.0,2.0,3.0,6.0,2.0,3.0,7.0,3.0
east_34th_street/east_to_west/43_n00271_W_R.jpg,east_34th_street,east_to_west,43,n00271,W,R,1.0,6.0,1.0,3.0,3.0,1.0,5.0,7.0,5.0
east_34th_street/east_to_west/44_n00270_W_L.jpg,east_34th_street,east_to_west,44,n00270,W,L,1.0,6.0,2.0,3.0,6.0,3.0,5.0,5.0,6.0
east_34th_street/east_to_west/44_n00270_W_R.jpg,east_34th_street,east_to_west,44,n00270,W,R,1.0,6.0,1.0,3.0,3.0,1.0,5.0,7.0,3.0
east_34th_street/east_to_west/45_n00269_W_L.jpg,east_34th_street,east_to_west,45,n00269,W,L,1.0,6.0,1.0,3.0,6.0,1.0,3.0,7.0,6.0
east_34th_street/east_to_west/45_n00269_W_R.jpg,east_34th_street,east_to_west,45,n00269,W,R,1.0,6.0,1.0,3.0,3.0,1.0,3.0,7.0,3.0
east_34th_street/east_to_west/46_n00268_W_L.jpg,east_34th_street,east_to_west,46,n00268,W,L,1.0,6.0,1.0,3.0,5.0,1.0,3.0,3.0,4.0
east_34th_street/east_to_west/46_n00268_W_R.jpg,east_34th_street,east_to_west,46,n00268,W,R,1.0,7.0,1.0,3.0,6.0,1.0,3.0,3.0,3.0
east_34th_street/east_to_west/47_n00267_W_L.jpg,east_34th_street,east_to_west,47,n00267,W,L,1.0,6.0,2.0,3.0,6.0,3.0,5.0,5.0,5.0
east_34th_street/east_to_west/47_n00267_W_R.jpg,east_34th_street,east_to_west,47,n00267,W,R,1.0,7.0,1.0,3.0,6.0,1.0,1.0,1.0,5.0
east_34th_street/west_to_east/01_n00267_E_L.jpg,east_34th_street,west_to_east,1,n00267,E,L,1.0,6.0,1.0,3.0,3.0,1.0,3.0,5.0,3.0
east_34th_street/west_to_east/01_n00267_E_R.jpg,east_34th_street,west_to_east,1,n00267,E,R,1.0,5.0,1.0,3.0,5.0,1.0,5.0,7.0,6.0
east_34th_street/west_to_east/02_n00268_E_L.jpg,east_34th_street,west_to_east,2,n00268,E,L,1.0,5.0,1.0,3.0,3.0,1.0,3.0,5.0,3.0
east_34th_street/west_to_east/02_n00268_E_R.jpg,east_34th_street,west_to_east,2,n00268,E,R,1.0,6.0,2.0,3.0,6.0,1.0,5.0,5.0,6.0
east_34th_street/west_to_east/03_n00269_E_L.jpg,east_34th_street,west_to_east,3,n00269,E,L,1.0,5.0,1.0,3.0,3.0,1.0,3.0,5.0,3.0
east_34th_street/west_to_east/03_n00269_E_R.jpg,east_34th_street,west_to_east,3,n00269,E,R,1.0,6.0,1.0,3.0,6.0,1.0,3.0,5.0,5.0
east_34th_street/west_to_east/04_n00270_E_L.jpg,east_34th_street,west_to_east,4,n00270,E,L,1.0,5.0,1.0,3.0,3.0,1.0,5.0,5.0,4.0
east_34th_street/west_to_east/04_n00270_E_R.jpg,east_34th_street,west_to_east,4,n00270,E,R,1.0,6.0,1.0,3.0,6.0,1.0,3.0,5.0,3.0
east_34th_street/west_to_east/05_n00271_E_L.jpg,east_34th_street,west_to_east,5,n00271,E,L,1.0,5.0,1.0,3.0,3.0,1.0,5.0,5.0,3.0
east_34th_street/west_to_east/05_n00271_E_R.jpg,east_34th_street,west_to_east,5,n00271,E,R,1.0,5.0,2.0,3.0,3.0,2.0,5.0,5.0,5.0
east_34th_street/west_to_east/06_n00272_E_L.jpg,east_34th_street,west_to_east,6,n00272,E,L,1.0,5.0,2.0,3.0,3.0,3.0,3.0,5.0,3.0
east_34th_street/west_to_east/06_n00272_E_R.jpg,east_34th_street,west_to_east,6,n00272,E,R,1.0,5.0,1.0,3.0,3.0,1.0,5.0,7.0,5.0
east_34th_street/west_to_east/07_n00273_E_L.jpg,east_34th_street,west_to_east,7,n00273,E,L,3.0,3.0,3.0,3.0,5.0,3.0,5.0,5.0,3.0
east_34th_street/west_to_east/07_n00273_E_R.jpg,east_34th_street,west_to_east,7,n00273,E,R,1.0,5.0,1.0,3.0,6.0,1.0,5.0,5.0,5.0
east_34th_street/west_to_east/08_n00274_E_L.jpg,east_34th_street,west_to_east,8,n00274,E,L,2.0,5.0,3.0,3.0,5.0,3.0,3.0,5.0,3.0
east_34th_street/west_to_east/08_n00274_E_R.jpg,east_34th_street,west_to_east,8,n00274,E,R,1.0,5.0,1.0,3.0,3.0,1.0,1.0,3.0,3.0
east_34th_street/west_to_east/09_n00275_E_L.jpg,east_34th_street,west_to_east,9,n00275,E,L,1.0,7.0,2.0,3.0,5.0,3.0,3.0,7.0,5.0
east_34th_street/west_to_east/09_n00275_E_R.jpg,east_34th_street,west_to_east,9,n00275,E,R,1.0,5.0,1.0,3.0,3.0,1.0,1.0,3.0,1.0
east_34th_street/west_to_east/10_n00276_E_L.jpg,east_34th_street,west_to_east,10,n00276,E,L,2.0,6.0,3.0,3.0,5.0,3.0,5.0,5.0,5.0
east_34th_street/west_to_east/10_n00276_E_R.jpg,east_34th_street,west_to_east,10,n00276,E,R,1.0,3.0,1.0,3.0,3.0,1.0,1.0,5.0,3.0
east_34th_street/west_to_east/11_n00277_E_L.jpg,east_34th_street,west_to_east,11,n00277,E,L,2.0,6.0,3.0,3.0,3.0,3.0,3.0,5.0,4.0
east_34th_street/west_to_east/11_n00277_E_R.jpg,east_34th_street,west_to_east,11,n00277,E,R,3.0,5.0,3.0,3.0,6.0,3.0,3.0,3.0,3.0
east_34th_street/west_to_east/12_n00278_E_L.jpg,east_34th_street,west_to_east,12,n00278,E,L,3.0,5.0,3.0,3.0,6.0,3.0,3.0,5.0,3.0
east_34th_street/west_to_east/12_n00278_E_R.jpg,east_34th_street,west_to_east,12,n00278,E,R,1.0,6.0,1.0,1.0,3.0,1.0,1.0,3.0,1.0
east_34th_street/west_to_east/13_n00279_E_L.jpg,east_34th_street,west_to_east,13,n00279,E,L,1.0,6.0,3.0,3.0,6.0,3.0,1.0,5.0,3.0
east_34th_street/west_to_east/13_n00279_E_R.jpg,east_34th_street,west_to_east,13,n00279,E,R,1.0,5.0,2.0,3.0,3.0,1.0,5.0,7.0,3.0
east_34th_street/west_to_east/14_n00280_E_L.jpg,east_34th_street,west_to_east,14,n00280,E,L,2.0,5.0,3.0,3.0,5.0,3.0,1.0,5.0,3.0
east_34th_street/west_to_east/14_n00280_E_R.jpg,east_34th_street,west_to_east,14,n00280,E,R,2.0,5.0,2.0,3.0,3.0,3.0,3.0,3.0,3.0
east_34th_street/west_to_east/15_n00281_E_L.jpg,east_34th_street,west_to_east,15,n00281,E,L,1.0,6.0,1.0,3.0,3.0,1.0,5.0,5.0,3.0
east_34th_street/west_to_east/15_n00281_E_R.jpg,east_34th_street,west_to_east,15,n00281,E,R,1.0,5.0,2.0,3.0,5.0,3.0,5.0,5.0,5.0
east_34th_street/west_to_east/16_n00282_E_L.jpg,east_34th_street,west_to_east,16,n00282,E,L,1.0,5.0,2.0,3.0,3.0,2.0,3.0,5.0,3.0
east_34th_street/west_to_east/16_n00282_E_R.jpg,east_34th_street,west_to_east,16,n00282,E,R,1.0,3.0,2.0,3.0,5.0,3.0,5.0,5.0,4.0
east_34th_street/west_to_east/17_n00283_E_L.jpg,east_34th_street,west_to_east,17,n00283,E,L,2.0,5.0,3.0,3.0,5.0,3.0,1.0,3.0,3.0
east_34th_street/west_to_east/17_n00283_E_R.jpg,east_34th_street,west_to_east,17,n00283,E,R,1.0,3.0,1.0,3.0,5.0,1.0,5.0,7.0,5.0
east_34th_street/west_to_east/18_n00284_E_L.jpg,east_34th_street,west_to_east,18,n00284,E,L,2.0,5.0,3.0,3.0,6.0,3.0,1.0,3.0,3.0
east_34th_street/west_to_east/18_n00284_E_R.jpg,east_34th_street,west_to_east,18,n00284,E,R,1.0,5.0,2.0,3.0,3.0,1.0,5.0,5.0,4.0
east_34th_street/west_to_east/19_n00285_E_L.jpg,east_34th_street,west_to_east,19,n00285,E,L,1.0,6.0,1.0,3.0,3.0,1.0,3.0,7.0,3.0
east_34th_street/west_to_east/19_n00285_E_R.jpg,east_34th_street,west_to_east,19,n00285,E,R,1.0,5.0,2.0,3.0,3.0,3.0,5.0,5.0,3.0
east_34th_street/west_to_east/20_n00286_E_L.jpg,east_34th_street,west_to_east,20,n00286,E,L,1.0,6.0,1.0,3.0,3.0,1.0,3.0,5.0,3.0
east_34th_street/west_to_east/20_n00286_E_R.jpg,east_34th_street,west_to_east,20,n00286,E,R,1.0,5.0,2.0,3.0,3.0,3.0,3.0,5.0,3.0
east_34th_street/west_to_east/21_n00287_E_L.jpg,east_34th_street,west_to_east,21,n00287,E,L,1.0,6.0,1.0,3.0,1.0,2.0,1.0,7.0,1.0
east_34th_street/west_to_east/21_n00287_E_R.jpg,east_34th_street,west_to_east,21,n00287,E,R,1.0,5.0,2.0,3.0,3.0,3.0,1.0,7.0,3.0
east_34th_street/west_to_east/22_n00288_E_L.jpg,east_34th_street,west_to_east,22,n00288,E,L,1.0,5.0,1.0,3.0,3.0,1.0,1.0,5.0,3.0
east_34th_street/west_to_east/22_n00288_E_R.jpg,east_34th_street,west_to_east,22,n00288,E,R,1.0,5.0,1.0,3.0,3.0,1.0,3.0,5.0,3.0
east_34th_street/west_to_east/23_n00289_E_L.jpg,east_34th_street,west_to_east,23,n00289,E,L,1.0,5.0,1.0,3.0,3.0,1.0,3.0,7.0,3.0
east_34th_street/west_to_east/23_n00289_E_R.jpg,east_34th_street,west_to_east,23,n00289,E,R,2.0,5.0,3.0,3.0,3.0,3.0,3.0,5.0,3.0
east_34th_street/west_to_east/24_n00290_E_L.jpg,east_34th_street,west_to_east,24,n00290,E,L,1.0,7.0,1.0,3.0,5.0,1.0,3.0,7.0,5.0
east_34th_street/west_to_east/24_n00290_E_R.jpg,east_34th_street,west_to_east,24,n00290,E,R,1.0,6.0,1.0,3.0,3.0,1.0,1.0,5.0,3.0
east_34th_street/west_to_east/25_n00291_E_L.jpg,east_34th_street,west_to_east,25,n00291,E,L,1.0,7.0,1.0,3.0,6.0,1.0,3.0,7.0,5.0
east_34th_street/west_to_east/25_n00291_E_R.jpg,east_34th_street,west_to_east,25,n00291,E,R,1.0,5.0,1.0,3.0,5.0,1.0,5.0,7.0,5.0
east_34th_street/west_to_east/26_n00292_E_L.jpg,east_34th_street,west_to_east,26,n00292,E,L,1.0,6.0,1.0,3.0,3.0,2.0,1.0,5.0,3.0
east_34th_street/west_to_east/26_n00292_E_R.jpg,east_34th_street,west_to_east,26,n00292,E,R,1.0,5.0,3.0,3.0,6.0,2.0,3.0,7.0,3.0
east_34th_street/west_to_east/27_n00293_E_L.jpg,east_34th_street,west_to_east,27,n00293,E,L,1.0,6.0,1.0,3.0,3.0,1.0,3.0,5.0,3.0
east_34th_street/west_to_east/27_n00293_E_R.jpg,east_34th_street,west_to_east,27,n00293,E,R,2.0,3.0,3.0,3.0,5.0,3.0,5.0,7.0,4.0
east_34th_street/west_to_east/28_n00294_E_L.jpg,east_34th_street,west_to_east,28,n00294,E,L,1.0,6.0,1.0,1.0,1.0,1.0,1.0,7.0,1.0
east_34th_street/west_to_east/28_n00294_E_R.jpg,east_34th_street,west_to_east,28,n00294,E,R,1.0,3.0,2.0,3.0,3.0,2.0,5.0,7.0,3.0
east_34th_street/west_to_east/29_n00295_E_L.jpg,east_34th_street,west_to_east,29,n00295,E,L,2.0,6.0,3.0,3.0,3.0,3.0,1.0,5.0,3.0
east_34th_street/west_to_east/29_n00295_E_R.jpg,east_34th_street,west_to_east,29,n00295,E,R,1.0,5.0,2.0,3.0,5.0,2.0,5.0,7.0,5.0
east_34th_street/west_to_east/30_n00296_E_L.jpg,east_34th_street,west_to_east,30,n00296,E,L,2.0,5.0,3.0,3.0,3.0,3.0,3.0,5.0,3.0
east_34th_street/west_to_east/30_n00296_E_R.jpg,east_34th_street,west_to_east,30,n00296,E,R,1.0,6.0,2.0,3.0,6.0,2.0,5.0,7.0,5.0
east_34th_street/west_to_east/31_n00297_E_L.jpg,east_34th_street,west_to_east,31,n00297,E,L,1.0,5.0,2.0,3.0,3.0,2.0,3.0,5.0,3.0
east_34th_street/west_to_east/31_n00297_E_R.jpg,east_34th_street,west_to_east,31,n00297,E,R,1.0,5.0,1.0,3.0,3.0,1.0,3.0,7.0,5.0
east_34th_street/west_to_east/32_n00298_E_L.jpg,east_34th_street,west_to_east,32,n00298,E,L,1.0,3.0,2.0,3.0,3.0,2.0,1.0,5.0,3.0
east_34th_street/west_to_east/32_n00298_E_R.jpg,east_34th_street,west_to_east,32,n00298,E,R,1.0,5.0,2.0,3.0,6.0,3.0,3.0,7.0,3.0
east_34th_street/west_to_east/33_n00299_E_L.jpg,east_34th_street,west_to_east,33,n00299,E,L,2.0,3.0,3.0,5.0,3.0,3.0,3.0,5.0,4.0
east_34th_street/west_to_east/33_n00299_E_R.jpg,east_34th_street,west_to_east,33,n00299,E,R,1.0,5.0,1.0,3.0,5.0,1.0,5.0,5.0,5.0
east_34th_street/west_to_east/34_n00300_E_L.jpg,east_34th_street,west_to_east,34,n00300,E,L,2.0,3.0,3.0,5.0,3.0,3.0,1.0,7.0,3.0
east_34th_street/west_to_east/34_n00300_E_R.jpg,east_34th_street,west_to_east,34,n00300,E,R,1.0,3.0,1.0,3.0,3.0,1.0,1.0,7.0,3.0
east_34th_street/west_to_east/35_n00301_E_L.jpg,east_34th_street,west_to_east,35,n00301,E,L,1.0,3.0,3.0,5.0,3.0,3.0,1.0,5.0,3.0
east_34th_street/west_to_east/35_n00301_E_R.jpg,east_34th_street,west_to_east,35,n00301,E,R,1.0,6.0,1.0,3.0,3.0,1.0,1.0,3.0,3.0
east_34th_street/west_to_east/36_n00302_E_L.jpg,east_34th_street,west_to_east,36,n00302,E,L,2.0,3.0,3.0,3.0,5.0,3.0,3.0,5.0,3.0
east_34th_street/west_to_east/36_n00302_E_R.jpg,east_34th_street,west_to_east,36,n00302,E,R,1.0,6.0,2.0,3.0,3.0,2.0,3.0,3.0,3.0
east_34th_street/west_to_east/37_n00303_E_L.jpg,east_34th_street,west_to_east,37,n00303,E,L,1.0,3.0,2.0,3.0,3.0,3.0,3.0,3.0,3.0
east_34th_street/west_to_east/37_n00303_E_R.jpg,east_34th_street,west_to_east,37,n00303,E,R,1.0,5.0,1.0,3.0,3.0,1.0,3.0,5.0,3.0
east_34th_street/west_to_east/38_n00304_E_L.jpg,east_34th_street,west_to_east,38,n00304,E,L,1.0,5.0,1.0,3.0,3.0,1.0,3.0,3.0,1.0
east_34th_street/west_to_east/38_n00304_E_R.jpg,east_34th_street,west_to_east,38,n00304,E,R,1.0,3.0,1.0,3.0,3.0,1.0,3.0,5.0,3.0
east_34th_street/west_to_east/39_n00305_E_L.jpg,east_34th_street,west_to_east,39,n00305,E,L,1.0,5.0,1.0,3.0,3.0,1.0,1.0,5.0,3.0
east_34th_street/west_to_east/39_n00305_E_R.jpg,east_34th_street,west_to_east,39,n00305,E,R,1.0,5.0,1.0,5.0,3.0,1.0,3.0,5.0,3.0
east_34th_street/west_to_east/40_n00306_E_L.jpg,east_34th_street,west_to_east,40,n00306,E,L,1.0,5.0,1.0,3.0,3.0,1.0,5.0,5.0,3.0
east_34th_street/west_to_east/40_n00306_E_R.jpg,east_34th_street,west_to_east,40,n00306,E,R,3.0,3.0,3.0,3.0,3.0,5.0,3.0,5.0,3.0
east_34th_street/west_to_east/41_n00307_E_L.jpg,east_34th_street,west_to_east,41,n00307,E,L,1.0,5.0,1.0,3.0,3.0,1.0,1.0,7.0,1.0
east_34th_street/west_to_east/41_n00307_E_R.jpg,east_34th_street,west_to_east,41,n00307,E,R,1.0,3.0,1.0,3.0,3.0,1.0,5.0,7.0,4.0
east_34th_street/west_to_east/42_n00308_E_L.jpg,east_34th_street,west_to_east,42,n00308,E,L,1.0,6.0,1.0,3.0,3.0,1.0,1.0,5.0,3.0
east_34th_street/west_to_east/42_n00308_E_R.jpg,east_34th_street,west_to_east,42,n00308,E,R,1.0,5.0,1.0,3.0,3.0,1.0,5.0,5.0,4.0
east_34th_street/west_to_east/43_n00309_E_L.jpg,east_34th_street,west_to_east,43,n00309,E,L,1.0,6.0,2.0,3.0,6.0,3.0,1.0,5.0,3.0
east_34th_street/west_to_east/43_n00309_E_R.jpg,east_34th_street,west_to_east,43,n00309,E,R,1.0,5.0,1.0,3.0,3.0,1.0,3.0,3.0,3.0
east_34th_street/west_to_east/44_n00310_E_L.jpg,east_34th_street,west_to_east,44,n00310,E,L,1.0,6.0,1.0,3.0,3.0,1.0,3.0,3.0,3.0
east_34th_street/west_to_east/44_n00310_E_R.jpg,east_34th_street,west_to_east,44,n00310,E,R,2.0,3.0,3.0,3.0,3.0,3.0,3.0,5.0,3.0
east_34th_street/west_to_east/45_n00311_E_L.jpg,east_34th_street,west_to_east,45,n00311,E,L,1.0,5.0,1.0,3.0,3.0,1.0,1.0,7.0,1.0
east_34th_street/west_to_east/45_n00311_E_R.jpg,east_34th_street,west_to_east,45,n00311,E,R,2.0,3.0,3.0,5.0,3.0,3.0,3.0,5.0,3.0
east_34th_street/west_to_east/46_n00312_E_L.jpg,east_34th_street,west_to_east,46,n00312,E,L,1.0,6.0,1.0,3.0,3.0,1.0,3.0,7.0,3.0
east_34th_street/west_to_east/46_n00312_E_R.jpg,east_34th_street,west_to_east,46,n00312,E,R,1.0,3.0,2.0,3.0,3.0,3.0,3.0,5.0,3.0
east_34th_street/west_to_east/47_n00313_E_L.jpg,east_34th_street,west_to_east,47,n00313,E,L,1.0,6.0,2.0,3.0,3.0,2.0,3.0,7.0,3.0
east_34th_street/west_to_east/47_n00313_E_R.jpg,east_34th_street,west_to_east,47,n00313,E,R,1.0,3.0,2.0,3.0,3.0,1.0,3.0,5.0,3.0
east_35th_street/east_to_west/01_n00360_W_L.jpg,east_35th_street,east_to_west,1,n00360,W,L,1.0,3.0,1.0,3.0,3.0,2.0,1.0,5.0,3.0
east_35th_street/east_to_west/01_n00360_W_R.jpg,east_35th_street,east_to_west,1,n00360,W,R,2.0,3.0,2.0,3.0,3.0,3.0,3.0,5.0,3.0
east_35th_street/east_to_west/02_n00359_W_L.jpg,east_35th_street,east_to_west,2,n00359,W,L,1.0,6.0,1.0,3.0,3.0,1.0,1.0,3.0,1.0
east_35th_street/east_to_west/02_n00359_W_R.jpg,east_35th_street,east_to_west,2,n00359,W,R,3.0,2.0,3.0,3.0,5.0,5.0,1.0,3.0,2.0
east_35th_street/east_to_west/03_n00358_W_L.jpg,east_35th_street,east_to_west,3,n00358,W,L,1.0,6.0,1.0,3.0,3.0,1.0,1.0,3.0,1.0
east_35th_street/east_to_west/03_n00358_W_R.jpg,east_35th_street,east_to_west,3,n00358,W,R,3.0,1.0,3.0,5.0,6.0,5.0,1.0,3.0,1.0
east_35th_street/east_to_west/04_n00357_W_L.jpg,east_35th_street,east_to_west,4,n00357,W,L,1.0,3.0,1.0,3.0,3.0,1.0,1.0,3.0,1.0
east_35th_street/east_to_west/04_n00357_W_R.jpg,east_35th_street,east_to_west,4,n00357,W,R,3.0,1.0,3.0,3.0,6.0,5.0,1.0,3.0,1.0
east_35th_street/east_to_west/05_n00356_W_L.jpg,east_35th_street,east_to_west,5,n00356,W,L,1.0,6.0,1.0,3.0,3.0,1.0,1.0,3.0,1.0
east_35th_street/east_to_west/05_n00356_W_R.jpg,east_35th_street,east_to_west,5,n00356,W,R,2.0,1.0,3.0,3.0,6.0,3.0,1.0,3.0,1.0
east_35th_street/east_to_west/06_n00355_W_L.jpg,east_35th_street,east_to_west,6,n00355,W,L,1.0,5.0,2.0,3.0,3.0,3.0,1.0,5.0,1.0
east_35th_street/east_to_west/06_n00355_W_R.jpg,east_35th_street,east_to_west,6,n00355,W,R,3.0,1.0,3.0,3.0,6.0,3.0,1.0,7.0,1.0
east_35th_street/east_to_west/07_n00354_W_L.jpg,east_35th_street,east_to_west,7,n00354,W,L,1.0,5.0,2.0,3.0,3.0,2.0,1.0,5.0,1.0
east_35th_street/east_to_west/07_n00354_W_R.jpg,east_35th_street,east_to_west,7,n00354,W,R,3.0,1.0,3.0,3.0,6.0,3.0,1.0,7.0,1.0
east_35th_street/east_to_west/08_n00353_W_L.jpg,east_35th_street,east_to_west,8,n00353,W,L,1.0,5.0,1.0,3.0,3.0,1.0,1.0,7.0,1.0
east_35th_street/east_to_west/08_n00353_W_R.jpg,east_35th_street,east_to_west,8,n00353,W,R,3.0,3.0,3.0,3.0,6.0,3.0,1.0,3.0,1.0
east_35th_street/east_to_west/09_n00352_W_L.jpg,east_35th_street,east_to_west,9,n00352,W,L,1.0,3.0,1.0,3.0,3.0,1.0,1.0,5.0,1.0
east_35th_street/east_to_west/09_n00352_W_R.jpg,east_35th_street,east_to_west,9,n00352,W,R,1.0,1.0,2.0,3.0,6.0,3.0,1.0,3.0,1.0
east_35th_street/east_to_west/10_n00351_W_L.jpg,east_35th_street,east_to_west,10,n00351,W,L,1.0,2.0,1.0,3.0,3.0,1.0,1.0,3.0,1.0
east_35th_street/east_to_west/10_n00351_W_R.jpg,east_35th_street,east_to_west,10,n00351,W,R,1.0,3.0,2.0,5.0,3.0,3.0,1.0,5.0,2.0
east_35th_street/east_to_west/11_n00350_W_L.jpg,east_35th_street,east_to_west,11,n00350,W,L,1.0,1.0,1.0,3.0,1.0,1.0,1.0,1.0,1.0
east_35th_street/east_to_west/11_n00350_W_R.jpg,east_35th_street,east_to_west,11,n00350,W,R,1.0,3.0,3.0,5.0,6.0,3.0,1.0,5.0,3.0
east_35th_street/east_to_west/12_n00349_W_L.jpg,east_35th_street,east_to_west,12,n00349,W,L,1.0,3.0,1.0,3.0,1.0,1.0,1.0,5.0,2.0
east_35th_street/east_to_west/12_n00349_W_R.jpg,east_35th_street,east_to_west,12,n00349,W,R,1.0,3.0,1.0,5.0,3.0,2.0,3.0,5.0,3.0
east_35th_street/east_to_west/13_n00348_W_L.jpg,east_35th_street,east_to_west,13,n00348,W,L,1.0,3.0,2.0,5.0,3.0,3.0,5.0,5.0,3.0
east_35th_street/east_to_west/13_n00348_W_R.jpg,east_35th_street,east_to_west,13,n00348,W,R,1.0,3.0,1.0,3.0,3.0,1.0,5.0,5.0,3.0
east_35th_street/east_to_west/14_n00347_W_L.jpg,east_35th_street,east_to_west,14,n00347,W,L,1.0,3.0,2.0,3.0,3.0,3.0,1.0,5.0,3.0
east_35th_street/east_to_west/14_n00347_W_R.jpg,east_35th_street,east_to_west,14,n00347,W,R,1.0,5.0,1.0,3.0,3.0,1.0,1.0,3.0,3.0
east_35th_street/east_to_west/15_n00346_W_L.jpg,east_35th_street,east_to_west,15,n00346,W,L,1.0,5.0,2.0,3.0,3.0,2.0,1.0,3.0,1.0
east_35th_street/east_to_west/15_n00346_W_R.jpg,east_35th_street,east_to_west,15,n00346,W,R,1.0,5.0,1.0,3.0,3.0,1.0,3.0,3.0,3.0
east_35th_street/east_to_west/16_n00345_W_L.jpg,east_35th_street,east_to_west,16,n00345,W,L,1.0,5.0,1.0,3.0,3.0,1.0,1.0,3.0,1.0
east_35th_street/east_to_west/16_n00345_W_R.jpg,east_35th_street,east_to_west,16,n00345,W,R,3.0,3.0,5.0,3.0,3.0,5.0,3.0,5.0,3.0
east_35th_street/east_to_west/17_n00344_W_L.jpg,east_35th_street,east_to_west,17,n00344,W,L,1.0,5.0,2.0,3.0,3.0,3.0,1.0,7.0,1.0
east_35th_street/east_to_west/17_n00344_W_R.jpg,east_35th_street,east_to_west,17,n00344,W,R,5.0,3.0,5.0,3.0,3.0,5.0,3.0,5.0,3.0
east_35th_street/east_to_west/18_n00343_W_L.jpg,east_35th_street,east_to_west,18,n00343,W,L,1.0,3.0,2.0,1.0,3.0,2.0,1.0,3.0,1.0
east_35th_street/east_to_west/18_n00343_W_R.jpg,east_35th_street,east_to_west,18,n00343,W,R,1.0,5.0,2.0,3.0,3.0,2.0,1.0,5.0,3.0
east_35th_street/east_to_west/19_n00342_W_L.jpg,east_35th_street,east_to_west,19,n00342,W,L,1.0,3.0,2.0,3.0,3.0,2.0,1.0,3.0,1.0
east_35th_street/east_to_west/19_n00342_W_R.jpg,east_35th_street,east_to_west,19,n00342,W,R,1.0,3.0,1.0,3.0,3.0,1.0,1.0,5.0,3.0
east_35th_street/east_to_west/20_n00341_W_L.jpg,east_35th_street,east_to_west,20,n00341,W,L,1.0,5.0,2.0,5.0,3.0,2.0,3.0,5.0,3.0
east_35th_street/east_to_west/20_n00341_W_R.jpg,east_35th_street,east_to_west,20,n00341,W,R,1.0,5.0,1.0,3.0,3.0,1.0,3.0,5.0,3.0
east_35th_street/east_to_west/21_n00340_W_L.jpg,east_35th_street,east_to_west,21,n00340,W,L,1.0,5.0,2.0,5.0,3.0,3.0,1.0,5.0,1.0
east_35th_street/east_to_west/21_n00340_W_R.jpg,east_35th_street,east_to_west,21,n00340,W,R,2.0,5.0,3.0,3.0,6.0,3.0,1.0,5.0,3.0
east_35th_street/east_to_west/22_n00339_W_L.jpg,east_35th_street,east_to_west,22,n00339,W,L,3.0,3.0,3.0,3.0,3.0,3.0,1.0,5.0,2.0
east_35th_street/east_to_west/22_n00339_W_R.jpg,east_35th_street,east_to_west,22,n00339,W,R,1.0,6.0,1.0,3.0,3.0,1.0,1.0,5.0,3.0
east_35th_street/east_to_west/23_n00338_W_L.jpg,east_35th_street,east_to_west,23,n00338,W,L,1.0,3.0,3.0,3.0,5.0,3.0,3.0,3.0,4.0
east_35th_street/east_to_west/23_n00338_W_R.jpg,east_35th_street,east_to_west,23,n00338,W,R,1.0,6.0,1.0,3.0,3.0,1.0,3.0,7.0,3.0
east_35th_street/east_to_west/24_n00337_W_L.jpg,east_35th_street,east_to_west,24,n00337,W,L,1.0,6.0,2.0,3.0,3.0,2.0,5.0,5.0,3.0
east_35th_street/east_to_west/24_n00337_W_R.jpg,east_35th_street,east_to_west,24,n00337,W,R,1.0,6.0,2.0,3.0,3.0,3.0,3.0,5.0,3.0
east_35th_street/east_to_west/25_n00336_W_L.jpg,east_35th_street,east_to_west,25,n00336,W,L,2.0,5.0,3.0,3.0,3.0,3.0,1.0,5.0,1.0
east_35th_street/east_to_west/25_n00336_W_R.jpg,east_35th_street,east_to_west,25,n00336,W,R,3.0,3.0,5.0,3.0,6.0,5.0,1.0,3.0,3.0
east_35th_street/east_to_west/26_n00335_W_L.jpg,east_35th_street,east_to_west,26,n00335,W,L,3.0,5.0,3.0,3.0,5.0,3.0,1.0,7.0,3.0
east_35th_street/east_to_west/26_n00335_W_R.jpg,east_35th_street,east_to_west,26,n00335,W,R,3.0,3.0,3.0,3.0,3.0,3.0,3.0,5.0,3.0
east_35th_street/east_to_west/27_n00334_W_L.jpg,east_35th_street,east_to_west,27,n00334,W,L,2.0,6.0,2.0,3.0,3.0,3.0,3.0,5.0,3.0
east_35th_street/east_to_west/27_n00334_W_R.jpg,east_35th_street,east_to_west,27,n00334,W,R,2.0,3.0,3.0,3.0,3.0,3.0,1.0,7.0,3.0
east_35th_street/east_to_west/28_n00333_W_L.jpg,east_35th_street,east_to_west,28,n00333,W,L,1.0,5.0,1.0,3.0,3.0,1.0,1.0,5.0,1.0
east_35th_street/east_to_west/28_n00333_W_R.jpg,east_35th_street,east_to_west,28,n00333,W,R,3.0,5.0,2.0,3.0,3.0,3.0,3.0,5.0,3.0
east_35th_street/east_to_west/29_n00332_W_L.jpg,east_35th_street,east_to_west,29,n00332,W,L,1.0,5.0,2.0,3.0,3.0,3.0,3.0,7.0,3.0
east_35th_street/east_to_west/29_n00332_W_R.jpg,east_35th_street,east_to_west,29,n00332,W,R,2.0,5.0,3.0,3.0,3.0,3.0,1.0,3.0,3.0
east_35th_street/east_to_west/30_n00331_W_L.jpg,east_35th_street,east_to_west,30,n00331,W,L,2.0,5.0,3.0,3.0,3.0,3.0,3.0,5.0,3.0
east_35th_street/east_to_west/30_n00331_W_R.jpg,east_35th_street,east_to_west,30,n00331,W,R,2.0,5.0,3.0,3.0,6.0,3.0,3.0,3.0,3.0
east_35th_street/east_to_west/31_n00330_W_L.jpg,east_35th_street,east_to_west,31,n00330,W,L,1.0,6.0,1.0,3.0,3.0,1.0,1.0,5.0,2.0
east_35th_street/east_to_west/31_n00330_W_R.jpg,east_35th_street,east_to_west,31,n00330,W,R,1.0,5.0,1.0,5.0,6.0,1.0,3.0,5.0,3.0
east_35th_street/east_to_west/32_n00329_W_L.jpg,east_35th_street,east_to_west,32,n00329,W,L,2.0,5.0,3.0,3.0,3.0,3.0,1.0,3.0,3.0
east_35th_street/east_to_west/32_n00329_W_R.jpg,east_35th_street,east_to_west,32,n00329,W,R,1.0,5.0,3.0,3.0,6.0,3.0,3.0,5.0,3.0
east_35th_street/east_to_west/33_n00328_W_L.jpg,east_35th_street,east_to_west,33,n00328,W,L,3.0,5.0,3.0,3.0,3.0,3.0,1.0,5.0,1.0
east_35th_street/east_to_west/33_n00328_W_R.jpg,east_35th_street,east_to_west,33,n00328,W,R,3.0,6.0,3.0,3.0,6.0,3.0,1.0,3.0,3.0
east_35th_street/east_to_west/34_n00327_W_L.jpg,east_35th_street,east_to_west,34,n00327,W,L,3.0,3.0,3.0,3.0,3.0,3.0,1.0,5.0,1.0
east_35th_street/east_to_west/34_n00327_W_R.jpg,east_35th_street,east_to_west,34,n00327,W,R,2.0,6.0,3.0,3.0,7.0,3.0,1.0,7.0,3.0
east_35th_street/east_to_west/35_n00326_W_L.jpg,east_35th_street,east_to_west,35,n00326,W,L,1.0,5.0,1.0,3.0,6.0,1.0,1.0,7.0,1.0
east_35th_street/east_to_west/35_n00326_W_R.jpg,east_35th_street,east_to_west,35,n00326,W,R,3.0,6.0,3.0,3.0,6.0,3.0,1.0,5.0,3.0
east_35th_street/east_to_west/36_n00325_W_L.jpg,east_35th_street,east_to_west,36,n00325,W,L,1.0,5.0,1.0,3.0,6.0,1.0,3.0,3.0,3.0
east_35th_street/east_to_west/36_n00325_W_R.jpg,east_35th_street,east_to_west,36,n00325,W,R,1.0,6.0,3.0,3.0,6.0,1.0,1.0,7.0,3.0
east_35th_street/east_to_west/37_n00324_W_L.jpg,east_35th_street,east_to_west,37,n00324,W,L,1.0,5.0,2.0,3.0,3.0,3.0,1.0,5.0,3.0
east_35th_street/east_to_west/37_n00324_W_R.jpg,east_35th_street,east_to_west,37,n00324,W,R,1.0,6.0,2.0,3.0,5.0,2.0,1.0,3.0,3.0
east_35th_street/east_to_west/38_n00323_W_L.jpg,east_35th_street,east_to_west,38,n00323,W,L,1.0,5.0,2.0,3.0,3.0,2.0,1.0,5.0,3.0
east_35th_street/east_to_west/38_n00323_W_R.jpg,east_35th_street,east_to_west,38,n00323,W,R,2.0,3.0,3.0,3.0,3.0,3.0,1.0,5.0,3.0
east_35th_street/east_to_west/39_n00322_W_L.jpg,east_35th_street,east_to_west,39,n00322,W,L,1.0,7.0,1.0,3.0,3.0,1.0,1.0,7.0,1.0
east_35th_street/east_to_west/39_n00322_W_R.jpg,east_35th_street,east_to_west,39,n00322,W,R,3.0,3.0,3.0,3.0,6.0,6.0,1.0,5.0,3.0
east_35th_street/east_to_west/40_n00321_W_L.jpg,east_35th_street,east_to_west,40,n00321,W,L,1.0,6.0,1.0,3.0,3.0,1.0,3.0,5.0,3.0
east_35th_street/east_to_west/40_n00321_W_R.jpg,east_35th_street,east_to_west,40,n00321,W,R,3.0,5.0,3.0,3.0,3.0,3.0,1.0,5.0,3.0
east_35th_street/east_to_west/41_n00320_W_L.jpg,east_35th_street,east_to_west,41,n00320,W,L,1.0,3.0,1.0,3.0,1.0,1.0,1.0,3.0,1.0
east_35th_street/east_to_west/41_n00320_W_R.jpg,east_35th_street,east_to_west,41,n00320,W,R,1.0,5.0,2.0,3.0,3.0,2.0,1.0,3.0,3.0
east_35th_street/east_to_west/42_n00319_W_L.jpg,east_35th_street,east_to_west,42,n00319,W,L,1.0,6.0,1.0,3.0,1.0,1.0,1.0,1.0,1.0
east_35th_street/east_to_west/42_n00319_W_R.jpg,east_35th_street,east_to_west,42,n00319,W,R,1.0,3.0,2.0,3.0,3.0,1.0,1.0,5.0,1.0
east_35th_street/east_to_west/43_n00318_W_L.jpg,east_35th_street,east_to_west,43,n00318,W,L,1.0,5.0,1.0,3.0,1.0,1.0,1.0,1.0,1.0
east_35th_street/east_to_west/43_n00318_W_R.jpg,east_35th_street,east_to_west,43,n00318,W,R,2.0,3.0,3.0,3.0,3.0,3.0,3.0,5.0,3.0
east_35th_street/east_to_west/44_n00317_W_L.jpg,east_35th_street,east_to_west,44,n00317,W,L,1.0,1.0,1.0,1.0,1.0,1.0,1.0,7.0,1.0
east_35th_street/east_to_west/44_n00317_W_R.jpg,east_35th_street,east_to_west,44,n00317,W,R,3.0,3.0,3.0,3.0,3.0,3.0,1.0,3.0,1.0
east_35th_street/east_to_west/45_n00316_W_L.jpg,east_35th_street,east_to_west,45,n00316,W,L,1.0,6.0,1.0,3.0,3.0,1.0,1.0,7.0,1.0
east_35th_street/east_to_west/45_n00316_W_R.jpg,east_35th_street,east_to_west,45,n00316,W,R,5.0,2.0,5.0,3.0,6.0,5.0,1.0,3.0,3.0
east_35th_street/east_to_west/46_n00315_W_L.jpg,east_35th_street,east_to_west,46,n00315,W,L,1.0,5.0,1.0,3.0,3.0,1.0,1.0,7.0,1.0
east_35th_street/east_to_west/46_n00315_W_R.jpg,east_35th_street,east_to_west,46,n00315,W,R,3.0,5.0,3.0,1.0,6.0,3.0,1.0,1.0,1.0
east_35th_street/east_to_west/47_n00314_W_L.jpg,east_35th_street,east_to_west,47,n00314,W,L,1.0,7.0,1.0,3.0,6.0,1.0,3.0,3.0,3.0
east_35th_street/east_to_west/47_n00314_W_R.jpg,east_35th_street,east_to_west,47,n00314,W,R,1.0,5.0,1.0,3.0,5.0,1.0,5.0,5.0,4.0
east_35th_street/west_to_east/01_n00314_E_L.jpg,east_35th_street,west_to_east,1,n00314,E,L,3.0,3.0,3.0,5.0,6.0,3.0,1.0,3.0,3.0
east_35th_street/west_to_east/01_n00314_E_R.jpg,east_35th_street,west_to_east,1,n00314,E,R,1.0,5.0,1.0,3.0,5.0,1.0,3.0,5.0,3.0
east_35th_street/west_to_east/02_n00315_E_L.jpg,east_35th_street,west_to_east,2,n00315,E,L,3.0,3.0,5.0,3.0,6.0,5.0,1.0,3.0,1.0
east_35th_street/west_to_east/02_n00315_E_R.jpg,east_35th_street,west_to_east,2,n00315,E,R,1.0,5.0,1.0,3.0,3.0,1.0,1.0,5.0,3.0
east_35th_street/west_to_east/03_n00316_E_L.jpg,east_35th_street,west_to_east,3,n00316,E,L,2.0,5.0,2.0,3.0,3.0,3.0,1.0,3.0,2.0
east_35th_street/west_to_east/03_n00316_E_R.jpg,east_35th_street,west_to_east,3,n00316,E,R,1.0,5.0,1.0,3.0,3.0,1.0,1.0,7.0,3.0
east_35th_street/west_to_east/04_n00317_E_L.jpg,east_35th_street,west_to_east,4,n00317,E,L,3.0,3.0,3.0,3.0,3.0,6.0,1.0,3.0,2.0
east_35th_street/west_to_east/04_n00317_E_R.jpg,east_35th_street,west_to_east,4,n00317,E,R,1.0,6.0,1.0,1.0,1.0,1.0,1.0,1.0,1.0
east_35th_street/west_to_east/05_n00318_E_L.jpg,east_35th_street,west_to_east,5,n00318,E,L,1.0,1.0,2.0,3.0,3.0,3.0,1.0,3.0,1.0
east_35th_street/west_to_east/05_n00318_E_R.jpg,east_35th_street,west_to_east,5,n00318,E,R,1.0,3.0,1.0,1.0,1.0,1.0,1.0,1.0,1.0
east_35th_street/west_to_east/06_n00319_E_L.jpg,east_35th_street,west_to_east,6,n00319,E,L,2.0,5.0,3.0,3.0,5.0,3.0,1.0,3.0,3.0
east_35th_street/west_to_east/06_n00319_E_R.jpg,east_35th_street,west_to_east,6,n00319,E,R,1.0,3.0,1.0,3.0,1.0,1.0,3.0,3.0,1.0
east_35th_street/west_to_east/07_n00320_E_L.jpg,east_35th_street,west_to_east,7,n00320,E,L,1.0,5.0,2.0,3.0,3.0,3.0,1.0,5.0,3.0
east_35th_street/west_to_east/07_n00320_E_R.jpg,east_35th_street,west_to_east,7,n00320,E,R,2.0,3.0,3.0,3.0,3.0,3.0,3.0,5.0,3.0
east_35th_street/west_to_east/08_n00321_E_L.jpg,east_35th_street,west_to_east,8,n00321,E,L,2.0,3.0,3.0,3.0,3.0,3.0,3.0,5.0,3.0
east_35th_street/west_to_east/08_n00321_E_R.jpg,east_35th_street,west_to_east,8,n00321,E,R,2.0,5.0,3.0,3.0,3.0,3.0,3.0,5.0,3.0
east_35th_street/west_to_east/09_n00322_E_L.jpg,east_35th_street,west_to_east,9,n00322,E,L,1.0,5.0,1.0,3.0,5.0,1.0,3.0,7.0,3.0
east_35th_street/west_to_east/09_n00322_E_R.jpg,east_35th_street,west_to_east,9,n00322,E,R,1.0,5.0,2.0,3.0,5.0,1.0,1.0,3.0,3.0
east_35th_street/west_to_east/10_n00323_E_L.jpg,east_35th_street,west_to_east,10,n00323,E,L,3.0,6.0,3.0,5.0,6.0,3.0,1.0,3.0,1.0
east_35th_street/west_to_east/10_n00323_E_R.jpg,east_35th_street,west_to_east,10,n00323,E,R,1.0,5.0,2.0,3.0,3.0,1.0,1.0,3.0,3.0
east_35th_street/west_to_east/11_n00324_E_L.jpg,east_35th_street,west_to_east,11,n00324,E,L,1.0,5.0,3.0,5.0,6.0,3.0,1.0,7.0,3.0
east_35th_street/west_to_east/11_n00324_E_R.jpg,east_35th_street,west_to_east,11,n00324,E,R,2.0,5.0,3.0,3.0,6.0,3.0,3.0,5.0,3.0
east_35th_street/west_to_east/12_n00325_E_L.jpg,east_35th_street,west_to_east,12,n00325,E,L,3.0,6.0,3.0,3.0,5.0,3.0,1.0,5.0,1.0
east_35th_street/west_to_east/12_n00325_E_R.jpg,east_35th_street,west_to_east,12,n00325,E,R,2.0,3.0,3.0,3.0,3.0,3.0,1.0,7.0,1.0
east_35th_street/west_to_east/13_n00326_E_L.jpg,east_35th_street,west_to_east,13,n00326,E,L,3.0,5.0,5.0,3.0,6.0,5.0,1.0,7.0,3.0
east_35th_street/west_to_east/13_n00326_E_R.jpg,east_35th_street,west_to_east,13,n00326,E,R,3.0,3.0,3.0,3.0,6.0,3.0,1.0,5.0,1.0
east_35th_street/west_to_east/14_n00327_E_L.jpg,east_35th_street,west_to_east,14,n00327,E,L,3.0,6.0,3.0,3.0,6.0,3.0,1.0,7.0,1.0
east_35th_street/west_to_east/14_n00327_E_R.jpg,east_35th_street,west_to_east,14,n00327,E,R,2.0,5.0,3.0,3.0,5.0,3.0,1.0,7.0,3.0
east_35th_street/west_to_east/15_n00328_E_L.jpg,east_35th_street,west_to_east,15,n00328,E,L,3.0,3.0,3.0,3.0,6.0,5.0,1.0,3.0,3.0
east_35th_street/west_to_east/15_n00328_E_R.jpg,east_35th_street,west_to_east,15,n00328,E,R,2.0,5.0,3.0,3.0,3.0,3.0,3.0,5.0,3.0
east_35th_street/west_to_east/16_n00329_E_L.jpg,east_35th_street,west_to_east,16,n00329,E,L,1.0,6.0,1.0,5.0,5.0,1.0,1.0,5.0,3.0
east_35th_street/west_to_east/16_n00329_E_R.jpg,east_35th_street,west_to_east,16,n00329,E,R,1.0,3.0,2.0,3.0,3.0,3.0,3.0,7.0,3.0
east_35th_street/west_to_east/17_n00330_E_L.jpg,east_35th_street,west_to_east,17,n00330,E,L,1.0,6.0,3.0,3.0,6.0,3.0,1.0,3.0,2.0
east_35th_street/west_to_east/17_n00330_E_R.jpg,east_35th_street,west_to_east,17,n00330,E,R,1.0,6.0,2.0,3.0,3.0,2.0,3.0,3.0,3.0
east_35th_street/west_to_east/18_n00331_E_L.jpg,east_35th_street,west_to_east,18,n00331,E,L,3.0,3.0,3.0,3.0,5.0,5.0,1.0,3.0,3.0
east_35th_street/west_to_east/18_n00331_E_R.jpg,east_35th_street,west_to_east,18,n00331,E,R,2.0,5.0,3.0,3.0,3.0,3.0,3.0,5.0,3.0
east_35th_street/west_to_east/19_n00332_E_L.jpg,east_35th_street,west_to_east,19,n00332,E,L,1.0,5.0,2.0,3.0,3.0,3.0,1.0,5.0,3.0
east_35th_street/west_to_east/19_n00332_E_R.jpg,east_35th_street,west_to_east,19,n00332,E,R,1.0,6.0,1.0,3.0,3.0,1.0,1.0,5.0,3.0
east_35th_street/west_to_east/20_n00333_E_L.jpg,east_35th_street,west_to_east,20,n00333,E,L,1.0,3.0,3.0,3.0,3.0,3.0,1.0,5.0,3.0
east_35th_street/west_to_east/20_n00333_E_R.jpg,east_35th_street,west_to_east,20,n00333,E,R,1.0,5.0,1.0,3.0,3.0,1.0,3.0,5.0,3.0
east_35th_street/west_to_east/21_n00334_E_L.jpg,east_35th_street,west_to_east,21,n00334,E,L,2.0,3.0,3.0,3.0,5.0,3.0,1.0,5.0,3.0
east_35th_street/west_to_east/21_n00334_E_R.jpg,east_35th_street,west_to_east,21,n00334,E,R,1.0,5.0,1.0,3.0,3.0,1.0,1.0,3.0,2.0
east_35th_street/west_to_east/22_n00335_E_L.jpg,east_35th_street,west_to_east,22,n00335,E,L,1.0,5.0,3.0,3.0,3.0,3.0,1.0,7.0,3.0
east_35th_street/west_to_east/22_n00335_E_R.jpg,east_35th_street,west_to_east,22,n00335,E,R,1.0,5.0,1.0,3.0,3.0,1.0,1.0,3.0,3.0
east_35th_street/west_to_east/23_n00336_E_L.jpg,east_35th_street,west_to_east,23,n00336,E,L,1.0,3.0,2.0,5.0,5.0,3.0,3.0,5.0,3.0
east_35th_street/west_to_east/23_n00336_E_R.jpg,east_35th_street,west_to_east,23,n00336,E,R,1.0,3.0,1.0,3.0,6.0,1.0,3.0,5.0,3.0
east_35th_street/west_to_east/24_n00337_E_L.jpg,east_35th_street,west_to_east,24,n00337,E,L,1.0,5.0,2.0,3.0,5.0,2.0,5.0,3.0,4.0
east_35th_street/west_to_east/24_n00337_E_R.jpg,east_35th_street,west_to_east,24,n00337,E,R,1.0,3.0,2.0,3.0,5.0,2.0,5.0,7.0,4.0
east_35th_street/west_to_east/25_n00338_E_L.jpg,east_35th_street,west_to_east,25,n00338,E,L,1.0,6.0,1.0,3.0,3.0,1.0,1.0,3.0,3.0
east_35th_street/west_to_east/25_n00338_E_R.jpg,east_35th_street,west_to_east,25,n00338,E,R,1.0,5.0,2.0,1.0,3.0,3.0,1.0,3.0,3.0
east_35th_street/west_to_east/26_n00339_E_L.jpg,east_35th_street,west_to_east,26,n00339,E,L,2.0,5.0,3.0,3.0,3.0,3.0,1.0,3.0,3.0
east_35th_street/west_to_east/26_n00339_E_R.jpg,east_35th_street,west_to_east,26,n00339,E,R,1.0,5.0,1.0,3.0,5.0,1.0,1.0,7.0,1.0
east_35th_street/west_to_east/27_n00340_E_L.jpg,east_35th_street,west_to_east,27,n00340,E,L,1.0,5.0,1.0,3.0,3.0,1.0,1.0,3.0,3.0
east_35th_street/west_to_east/27_n00340_E_R.jpg,east_35th_street,west_to_east,27,n00340,E,R,1.0,5.0,1.0,3.0,3.0,1.0,1.0,5.0,1.0
east_35th_street/west_to_east/28_n00341_E_L.jpg,east_35th_street,west_to_east,28,n00341,E,L,1.0,3.0,1.0,3.0,3.0,1.0,3.0,7.0,1.0
east_35th_street/west_to_east/28_n00341_E_R.jpg,east_35th_street,west_to_east,28,n00341,E,R,2.0,3.0,3.0,3.0,3.0,3.0,1.0,3.0,3.0
east_35th_street/west_to_east/29_n00342_E_L.jpg,east_35th_street,west_to_east,29,n00342,E,L,1.0,5.0,3.0,3.0,3.0,3.0,1.0,7.0,3.0
east_35th_street/west_to_east/29_n00342_E_R.jpg,east_35th_street,west_to_east,29,n00342,E,R,2.0,3.0,2.0,3.0,3.0,3.0,3.0,3.0,3.0
east_35th_street/west_to_east/30_n00343_E_L.jpg,east_35th_street,west_to_east,30,n00343,E,L,3.0,3.0,5.0,3.0,3.0,5.0,3.0,5.0,3.0
east_35th_street/west_to_east/30_n00343_E_R.jpg,east_35th_street,west_to_east,30,n00343,E,R,1.0,5.0,1.0,3.0,5.0,1.0,1.0,3.0,3.0
east_35th_street/west_to_east/31_n00344_E_L.jpg,east_35th_street,west_to_east,31,n00344,E,L,1.0,5.0,2.0,3.0,3.0,3.0,1.0,5.0,1.0
east_35th_street/west_to_east/31_n00344_E_R.jpg,east_35th_street,west_to_east,31,n00344,E,R,1.0,6.0,1.0,3.0,3.0,1.0,1.0,3.0,1.0
east_35th_street/west_to_east/32_n00345_E_L.jpg,east_35th_street,west_to_east,32,n00345,E,L,1.0,3.0,1.0,3.0,3.0,1.0,1.0,5.0,3.0
east_35th_street/west_to_east/32_n00345_E_R.jpg,east_35th_street,west_to_east,32,n00345,E,R,2.0,5.0,3.0,3.0,3.0,3.0,1.0,3.0,1.0
east_35th_street/west_to_east/33_n00346_E_L.jpg,east_35th_street,west_to_east,33,n00346,E,L,1.0,3.0,1.0,3.0,3.0,1.0,3.0,5.0,3.0
east_35th_street/west_to_east/33_n00346_E_R.jpg,east_35th_street,west_to_east,33,n00346,E,R,1.0,3.0,2.0,3.0,3.0,2.0,1.0,3.0,3.0
east_35th_street/west_to_east/34_n00347_E_L.jpg,east_35th_street,west_to_east,34,n00347,E,L,1.0,3.0,1.0,5.0,3.0,2.0,3.0,3.0,3.0
east_35th_street/west_to_east/34_n00347_E_R.jpg,east_35th_street,west_to_east,34,n00347,E,R,1.0,3.0,1.0,3.0,3.0,2.0,3.0,5.0,3.0
east_35th_street/west_to_east/35_n00348_E_L.jpg,east_35th_street,west_to_east,35,n00348,E,L,2.0,3.0,3.0,5.0,3.0,3.0,1.0,5.0,3.0
east_35th_street/west_to_east/35_n00348_E_R.jpg,east_35th_street,west_to_east,35,n00348,E,R,1.0,2.0,1.0,3.0,1.0,1.0,1.0,1.0,1.0
east_35th_street/west_to_east/36_n00349_E_L.jpg,east_35th_street,west_to_east,36,n00349,E,L,1.0,3.0,2.0,3.0,6.0,3.0,1.0,3.0,1.0
east_35th_street/west_to_east/36_n00349_E_R.jpg,east_35th_street,west_to_east,36,n00349,E,R,1.0,3.0,2.0,3.0,1.0,1.0,1.0,1.0,1.0
east_35th_street/west_to_east/37_n00350_E_L.jpg,east_35th_street,west_to_east,37,n00350,E,L,2.0,3.0,2.0,3.0,6.0,2.0,1.0,3.0,1.0
east_35th_street/west_to_east/37_n00350_E_R.jpg,east_35th_street,west_to_east,37,n00350,E,R,1.0,2.0,1.0,3.0,1.0,1.0,1.0,3.0,1.0
east_35th_street/west_to_east/38_n00351_E_L.jpg,east_35th_street,west_to_east,38,n00351,E,L,2.0,3.0,3.0,3.0,3.0,3.0,1.0,3.0,1.0
east_35th_street/west_to_east/38_n00351_E_R.jpg,east_35th_street,west_to_east,38,n00351,E,R,1.0,3.0,1.0,3.0,3.0,1.0,1.0,3.0,1.0
east_35th_street/west_to_east/39_n00352_E_L.jpg,east_35th_street,west_to_east,39,n00352,E,L,2.0,1.0,3.0,3.0,6.0,3.0,1.0,7.0,1.0
east_35th_street/west_to_east/39_n00352_E_R.jpg,east_35th_street,west_to_east,39,n00352,E,R,1.0,5.0,1.0,3.0,3.0,1.0,1.0,5.0,3.0
east_35th_street/west_to_east/40_n00353_E_L.jpg,east_35th_street,west_to_east,40,n00353,E,L,2.0,3.0,2.0,3.0,6.0,3.0,1.0,7.0,1.0
east_35th_street/west_to_east/40_n00353_E_R.jpg,east_35th_street,west_to_east,40,n00353,E,R,2.0,3.0,3.0,3.0,3.0,3.0,1.0,5.0,1.0
east_35th_street/west_to_east/41_n00354_E_L.jpg,east_35th_street,west_to_east,41,n00354,E,L,2.0,2.0,2.0,3.0,6.0,3.0,1.0,7.0,1.0
east_35th_street/west_to_east/41_n00354_E_R.jpg,east_35th_street,west_to_east,41,n00354,E,R,1.0,5.0,2.0,3.0,3.0,1.0,1.0,5.0,3.0
east_35th_street/west_to_east/42_n00355_E_L.jpg,east_35th_street,west_to_east,42,n00355,E,L,2.0,1.0,3.0,3.0,6.0,3.0,1.0,1.0,1.0
east_35th_street/west_to_east/42_n00355_E_R.jpg,east_35th_street,west_to_east,42,n00355,E,R,1.0,5.0,1.0,3.0,3.0,1.0,1.0,5.0,3.0
east_35th_street/west_to_east/43_n00356_E_L.jpg,east_35th_street,west_to_east,43,n00356,E,L,2.0,3.0,2.0,3.0,6.0,3.0,1.0,7.0,1.0
east_35th_street/west_to_east/43_n00356_E_R.jpg,east_35th_street,west_to_east,43,n00356,E,R,1.0,5.0,2.0,1.0,3.0,2.0,1.0,3.0,1.0
east_35th_street/west_to_east/44_n00357_E_L.jpg,east_35th_street,west_to_east,44,n00357,E,L,2.0,3.0,3.0,3.0,6.0,3.0,1.0,7.0,1.0
east_35th_street/west_to_east/44_n00357_E_R.jpg,east_35th_street,west_to_east,44,n00357,E,R,1.0,5.0,1.0,1.0,3.0,1.0,1.0,3.0,1.0
east_35th_street/west_to_east/45_n00358_E_L.jpg,east_35th_street,west_to_east,45,n00358,E,L,1.0,3.0,1.0,3.0,3.0,2.0,1.0,7.0,3.0
east_35th_street/west_to_east/45_n00358_E_R.jpg,east_35th_street,west_to_east,45,n00358,E,R,1.0,5.0,1.0,3.0,3.0,1.0,1.0,5.0,3.0
east_35th_street/west_to_east/46_n00359_E_L.jpg,east_35th_street,west_to_east,46,n00359,E,L,1.0,5.0,1.0,3.0,3.0,1.0,1.0,5.0,3.0
east_35th_street/west_to_east/46_n00359_E_R.jpg,east_35th_street,west_to_east,46,n00359,E,R,1.0,5.0,1.0,3.0,3.0,1.0,3.0,5.0,3.0
east_35th_street/west_to_east/47_n00360_E_L.jpg,east_35th_street,west_to_east,47,n00360,E,L,1.0,3.0,1.0,3.0,3.0,1.0,1.0,3.0,3.0
east_35th_street/west_to_east/47_n00360_E_R.jpg,east_35th_street,west_to_east,47,n00360,E,R,1.0,5.0,2.0,3.0,3.0,3.0,3.0,5.0,3.0
east_36th_street/east_to_west/01_n00407_W_L.jpg,east_36th_street,east_to_west,1,n00407,W,L,3.0,2.0,3.0,3.0,3.0,3.0,1.0,3.0,1.0
east_36th_street/east_to_west/01_n00407_W_R.jpg,east_36th_street,east_to_west,1,n00407,W,R,2.0,5.0,3.0,3.0,3.0,3.0,3.0,5.0,3.0
east_36th_street/east_to_west/02_n00406_W_L.jpg,east_36th_street,east_to_west,2,n00406,W,L,3.0,1.0,3.0,5.0,3.0,5.0,1.0,3.0,1.0
east_36th_street/east_to_west/02_n00406_W_R.jpg,east_36th_street,east_to_west,2,n00406,W,R,3.0,3.0,3.0,3.0,3.0,3.0,1.0,3.0,1.0
east_36th_street/east_to_west/03_n00405_W_L.jpg,east_36th_street,east_to_west,3,n00405,W,L,3.0,1.0,3.0,5.0,3.0,5.0,1.0,1.0,1.0
east_36th_street/east_to_west/03_n00405_W_R.jpg,east_36th_street,east_to_west,3,n00405,W,R,2.0,3.0,2.0,3.0,3.0,3.0,1.0,3.0,1.0
east_36th_street/east_to_west/04_n00404_W_L.jpg,east_36th_street,east_to_west,4,n00404,W,L,3.0,1.0,3.0,3.0,3.0,5.0,1.0,3.0,1.0
east_36th_street/east_to_west/04_n00404_W_R.jpg,east_36th_street,east_to_west,4,n00404,W,R,1.0,3.0,2.0,3.0,1.0,1.0,1.0,7.0,1.0
east_36th_street/east_to_west/05_n00403_W_L.jpg,east_36th_street,east_to_west,5,n00403,W,L,3.0,1.0,3.0,5.0,6.0,5.0,1.0,3.0,1.0
east_36th_street/east_to_west/05_n00403_W_R.jpg,east_36th_street,east_to_west,5,n00403,W,R,2.0,1.0,3.0,3.0,3.0,2.0,1.0,7.0,1.0
east_36th_street/east_to_west/06_n00402_W_L.jpg,east_36th_street,east_to_west,6,n00402,W,L,3.0,1.0,3.0,5.0,6.0,5.0,1.0,3.0,1.0
east_36th_street/east_to_west/06_n00402_W_R.jpg,east_36th_street,east_to_west,6,n00402,W,R,1.0,1.0,1.0,3.0,1.0,1.0,1.0,7.0,1.0
east_36th_street/east_to_west/07_n00401_W_L.jpg,east_36th_street,east_to_west,7,n00401,W,L,3.0,1.0,3.0,3.0,6.0,5.0,1.0,3.0,1.0
east_36th_street/east_to_west/07_n00401_W_R.jpg,east_36th_street,east_to_west,7,n00401,W,R,1.0,3.0,2.0,3.0,3.0,3.0,1.0,7.0,1.0
east_36th_street/east_to_west/08_n00400_W_L.jpg,east_36th_street,east_to_west,8,n00400,W,L,1.0,1.0,2.0,5.0,3.0,3.0,1.0,3.0,1.0
east_36th_street/east_to_west/08_n00400_W_R.jpg,east_36th_street,east_to_west,8,n00400,W,R,1.0,3.0,1.0,5.0,3.0,1.0,1.0,5.0,1.0
east_36th_street/east_to_west/09_n00399_W_L.jpg,east_36th_street,east_to_west,9,n00399,W,L,2.0,3.0,3.0,5.0,3.0,3.0,1.0,5.0,1.0
east_36th_street/east_to_west/09_n00399_W_R.jpg,east_36th_street,east_to_west,9,n00399,W,R,1.0,5.0,1.0,5.0,3.0,1.0,1.0,5.0,1.0
east_36th_street/east_to_west/10_n00398_W_L.jpg,east_36th_street,east_to_west,10,n00398,W,L,3.0,2.0,3.0,5.0,6.0,5.0,1.0,7.0,3.0
east_36th_street/east_to_west/10_n00398_W_R.jpg,east_36th_street,east_to_west,10,n00398,W,R,1.0,5.0,1.0,5.0,3.0,1.0,1.0,5.0,3.0
east_36th_street/east_to_west/11_n00397_W_L.jpg,east_36th_street,east_to_west,11,n00397,W,L,2.0,3.0,3.0,3.0,3.0,3.0,1.0,5.0,3.0
east_36th_street/east_to_west/11_n00397_W_R.jpg,east_36th_street,east_to_west,11,n00397,W,R,1.0,5.0,1.0,5.0,3.0,1.0,3.0,5.0,3.0
east_36th_street/east_to_west/12_n00396_W_L.jpg,east_36th_street,east_to_west,12,n00396,W,L,1.0,5.0,1.0,5.0,3.0,1.0,5.0,5.0,3.0
east_36th_street/east_to_west/12_n00396_W_R.jpg,east_36th_street,east_to_west,12,n00396,W,R,1.0,5.0,1.0,5.0,3.0,1.0,3.0,5.0,3.0
east_36th_street/east_to_west/13_n00395_W_L.jpg,east_36th_street,east_to_west,13,n00395,W,L,1.0,5.0,1.0,3.0,3.0,1.0,5.0,5.0,3.0
east_36th_street/east_to_west/13_n00395_W_R.jpg,east_36th_street,east_to_west,13,n00395,W,R,1.0,5.0,1.0,3.0,3.0,1.0,1.0,5.0,3.0
east_36th_street/east_to_west/14_n00394_W_L.jpg,east_36th_street,east_to_west,14,n00394,W,L,1.0,3.0,2.0,3.0,3.0,2.0,5.0,5.0,3.0
east_36th_street/east_to_west/14_n00394_W_R.jpg,east_36th_street,east_to_west,14,n00394,W,R,2.0,3.0,2.0,3.0,3.0,3.0,1.0,3.0,1.0
east_36th_street/east_to_west/15_n00393_W_L.jpg,east_36th_street,east_to_west,15,n00393,W,L,1.0,6.0,2.0,3.0,3.0,1.0,1.0,5.0,1.0
east_36th_street/east_to_west/15_n00393_W_R.jpg,east_36th_street,east_to_west,15,n00393,W,R,1.0,5.0,1.0,3.0,3.0,1.0,3.0,5.0,3.0
east_36th_street/east_to_west/16_n00392_W_L.jpg,east_36th_street,east_to_west,16,n00392,W,L,1.0,6.0,2.0,3.0,5.0,2.0,1.0,7.0,3.0
east_36th_street/east_to_west/16_n00392_W_R.jpg,east_36th_street,east_to_west,16,n00392,W,R,1.0,5.0,1.0,1.0,3.0,1.0,3.0,3.0,3.0
east_36th_street/east_to_west/17_n00391_W_L.jpg,east_36th_street,east_to_west,17,n00391,W,L,2.0,5.0,3.0,3.0,3.0,3.0,1.0,5.0,1.0
east_36th_street/east_to_west/17_n00391_W_R.jpg,east_36th_street,east_to_west,17,n00391,W,R,1.0,3.0,1.0,3.0,3.0,1.0,1.0,3.0,1.0
east_36th_street/east_to_west/18_n00390_W_L.jpg,east_36th_street,east_to_west,18,n00390,W,L,1.0,3.0,1.0,3.0,3.0,1.0,1.0,3.0,1.0
east_36th_street/east_to_west/18_n00390_W_R.jpg,east_36th_street,east_to_west,18,n00390,W,R,1.0,3.0,1.0,3.0,3.0,1.0,1.0,3.0,1.0
east_36th_street/east_to_west/19_n00389_W_L.jpg,east_36th_street,east_to_west,19,n00389,W,L,2.0,5.0,3.0,3.0,3.0,3.0,1.0,3.0,3.0
east_36th_street/east_to_west/19_n00389_W_R.jpg,east_36th_street,east_to_west,19,n00389,W,R,1.0,3.0,1.0,3.0,3.0,1.0,1.0,3.0,1.0
east_36th_street/east_to_west/20_n00388_W_L.jpg,east_36th_street,east_to_west,20,n00388,W,L,1.0,6.0,1.0,3.0,3.0,1.0,1.0,3.0,2.0
east_36th_street/east_to_west/20_n00388_W_R.jpg,east_36th_street,east_to_west,20,n00388,W,R,1.0,3.0,1.0,1.0,3.0,1.0,1.0,3.0,1.0
east_36th_street/east_to_west/21_n00387_W_L.jpg,east_36th_street,east_to_west,21,n00387,W,L,1.0,5.0,1.0,3.0,5.0,1.0,1.0,3.0,3.0
east_36th_street/east_to_west/21_n00387_W_R.jpg,east_36th_street,east_to_west,21,n00387,W,R,1.0,6.0,1.0,3.0,3.0,1.0,1.0,3.0,3.0
east_36th_street/east_to_west/22_n00386_W_L.jpg,east_36th_street,east_to_west,22,n00386,W,L,1.0,3.0,1.0,3.0,3.0,1.0,1.0,5.0,1.0
east_36th_street/east_to_west/22_n00386_W_R.jpg,east_36th_street,east_to_west,22,n00386,W,R,1.0,3.0,1.0,3.0,3.0,1.0,5.0,5.0,3.0
east_36th_street/east_to_west/23_n00385_W_L.jpg,east_36th_street,east_to_west,23,n00385,W,L,1.0,5.0,1.0,3.0,3.0,1.0,1.0,5.0,3.0
east_36th_street/east_to_west/23_n00385_W_R.jpg,east_36th_street,east_to_west,23,n00385,W,R,1.0,3.0,1.0,3.0,5.0,1.0,5.0,5.0,5.0
east_36th_street/east_to_west/24_n00384_W_L.jpg,east_36th_street,east_to_west,24,n00384,W,L,1.0,3.0,1.0,3.0,1.0,2.0,1.0,3.0,3.0
east_36th_street/east_to_west/24_n00384_W_R.jpg,east_36th_street,east_to_west,24,n00384,W,R,1.0,5.0,3.0,3.0,6.0,3.0,3.0,5.0,3.0
east_36th_street/east_to_west/25_n00383_W_L.jpg,east_36th_street,east_to_west,25,n00383,W,L,1.0,3.0,1.0,3.0,3.0,1.0,1.0,5.0,3.0
east_36th_street/east_to_west/25_n00383_W_R.jpg,east_36th_street,east_to_west,25,n00383,W,R,1.0,5.0,1.0,3.0,5.0,1.0,3.0,5.0,3.0
east_36th_street/east_to_west/26_n00382_W_L.jpg,east_36th_street,east_to_west,26,n00382,W,L,1.0,5.0,2.0,3.0,3.0,2.0,1.0,7.0,3.0
east_36th_street/east_to_west/26_n00382_W_R.jpg,east_36th_street,east_to_west,26,n00382,W,R,1.0,5.0,3.0,3.0,6.0,3.0,1.0,5.0,3.0
east_36th_street/east_to_west/27_n00381_W_L.jpg,east_36th_street,east_to_west,27,n00381,W,L,1.0,6.0,1.0,3.0,3.0,1.0,1.0,3.0,3.0
east_36th_street/east_to_west/27_n00381_W_R.jpg,east_36th_street,east_to_west,27,n00381,W,R,2.0,5.0,3.0,3.0,6.0,3.0,1.0,5.0,3.0
east_36th_street/east_to_west/28_n00380_W_L.jpg,east_36th_street,east_to_west,28,n00380,W,L,1.0,5.0,2.0,3.0,3.0,1.0,1.0,3.0,3.0
east_36th_street/east_to_west/28_n00380_W_R.jpg,east_36th_street,east_to_west,28,n00380,W,R,1.0,5.0,2.0,3.0,6.0,2.0,1.0,5.0,3.0
east_36th_street/east_to_west/29_n00379_W_L.jpg,east_36th_street,east_to_west,29,n00379,W,L,1.0,5.0,1.0,3.0,3.0,1.0,1.0,3.0,1.0
east_36th_street/east_to_west/29_n00379_W_R.jpg,east_36th_street,east_to_west,29,n00379,W,R,1.0,5.0,1.0,3.0,5.0,2.0,1.0,3.0,3.0
east_36th_street/east_to_west/30_n00378_W_L.jpg,east_36th_street,east_to_west,30,n00378,W,L,1.0,3.0,1.0,5.0,3.0,2.0,1.0,5.0,3.0
east_36th_street/east_to_west/30_n00378_W_R.jpg,east_36th_street,east_to_west,30,n00378,W,R,1.0,5.0,3.0,5.0,6.0,3.0,3.0,3.0,3.0
east_36th_street/east_to_west/31_n00377_W_L.jpg,east_36th_street,east_to_west,31,n00377,W,L,1.0,3.0,1.0,3.0,6.0,2.0,3.0,7.0,3.0
east_36th_street/east_to_west/31_n00377_W_R.jpg,east_36th_street,east_to_west,31,n00377,W,R,1.0,5.0,1.0,3.0,3.0,1.0,1.0,5.0,3.0
east_36th_street/east_to_west/32_n00376_W_L.jpg,east_36th_street,east_to_west,32,n00376,W,L,3.0,3.0,6.0,3.0,6.0,6.0,1.0,5.0,3.0
east_36th_street/east_to_west/32_n00376_W_R.jpg,east_36th_street,east_to_west,32,n00376,W,R,1.0,6.0,3.0,3.0,6.0,3.0,1.0,7.0,1.0
east_36th_street/east_to_west/33_n00375_W_L.jpg,east_36th_street,east_to_west,33,n00375,W,L,1.0,6.0,2.0,3.0,3.0,2.0,1.0,5.0,3.0
east_36th_street/east_to_west/33_n00375_W_R.jpg,east_36th_street,east_to_west,33,n00375,W,R,3.0,6.0,3.0,3.0,6.0,3.0,1.0,7.0,1.0
east_36th_street/east_to_west/34_n00374_W_L.jpg,east_36th_street,east_to_west,34,n00374,W,L,1.0,5.0,1.0,3.0,3.0,1.0,1.0,5.0,3.0
east_36th_street/east_to_west/34_n00374_W_R.jpg,east_36th_street,east_to_west,34,n00374,W,R,3.0,6.0,3.0,3.0,6.0,5.0,1.0,3.0,1.0
east_36th_street/east_to_west/35_n00373_W_L.jpg,east_36th_street,east_to_west,35,n00373,W,L,1.0,5.0,2.0,3.0,3.0,2.0,1.0,5.0,3.0
east_36th_street/east_to_west/35_n00373_W_R.jpg,east_36th_street,east_to_west,35,n00373,W,R,2.0,5.0,3.0,3.0,6.0,3.0,1.0,5.0,1.0
east_36th_street/east_to_west/36_n00372_W_L.jpg,east_36th_street,east_to_west,36,n00372,W,L,1.0,3.0,2.0,3.0,3.0,2.0,1.0,7.0,3.0
east_36th_street/east_to_west/36_n00372_W_R.jpg,east_36th_street,east_to_west,36,n00372,W,R,3.0,5.0,3.0,3.0,6.0,3.0,1.0,3.0,1.0
east_36th_street/east_to_west/37_n00371_W_L.jpg,east_36th_street,east_to_west,37,n00371,W,L,2.0,5.0,3.0,3.0,3.0,3.0,1.0,5.0,1.0
east_36th_street/east_to_west/37_n00371_W_R.jpg,east_36th_street,east_to_west,37,n00371,W,R,1.0,3.0,2.0,3.0,3.0,2.0,1.0,3.0,1.0
east_36th_street/east_to_west/38_n00370_W_L.jpg,east_36th_street,east_to_west,38,n00370,W,L,2.0,7.0,3.0,3.0,5.0,3.0,1.0,5.0,3.0
east_36th_street/east_to_west/38_n00370_W_R.jpg,east_36th_street,east_to_west,38,n00370,W,R,3.0,3.0,3.0,5.0,6.0,3.0,3.0,5.0,3.0
east_36th_street/east_to_west/39_n00369_W_L.jpg,east_36th_street,east_to_west,39,n00369,W,L,1.0,6.0,1.0,3.0,3.0,1.0,1.0,5.0,3.0
east_36th_street/east_to_west/39_n00369_W_R.jpg,east_36th_street,east_to_west,39,n00369,W,R,2.0,5.0,3.0,3.0,5.0,3.0,1.0,7.0,3.0
east_36th_street/east_to_west/40_n00368_W_L.jpg,east_36th_street,east_to_west,40,n00368,W,L,1.0,6.0,1.0,3.0,3.0,1.0,3.0,7.0,3.0
east_36th_street/east_to_west/40_n00368_W_R.jpg,east_36th_street,east_to_west,40,n00368,W,R,1.0,6.0,3.0,1.0,6.0,3.0,1.0,3.0,1.0
east_36th_street/east_to_west/41_n00367_W_L.jpg,east_36th_street,east_to_west,41,n00367,W,L,1.0,5.0,1.0,3.0,3.0,1.0,3.0,5.0,3.0
east_36th_street/east_to_west/41_n00367_W_R.jpg,east_36th_street,east_to_west,41,n00367,W,R,3.0,3.0,5.0,3.0,6.0,5.0,1.0,3.0,3.0
east_36th_street/east_to_west/42_n00366_W_L.jpg,east_36th_street,east_to_west,42,n00366,W,L,1.0,6.0,3.0,3.0,3.0,3.0,3.0,3.0,3.0
east_36th_street/east_to_west/42_n00366_W_R.jpg,east_36th_street,east_to_west,42,n00366,W,R,2.0,2.0,3.0,5.0,6.0,3.0,1.0,3.0,1.0
east_36th_street/east_to_west/43_n00365_W_L.jpg,east_36th_street,east_to_west,43,n00365,W,L,1.0,5.0,2.0,3.0,3.0,3.0,1.0,5.0,3.0
east_36th_street/east_to_west/43_n00365_W_R.jpg,east_36th_street,east_to_west,43,n00365,W,R,3.0,2.0,3.0,5.0,6.0,5.0,1.0,3.0,1.0
east_36th_street/east_to_west/44_n00364_W_L.jpg,east_36th_street,east_to_west,44,n00364,W,L,2.0,5.0,2.0,3.0,3.0,3.0,3.0,5.0,3.0
east_36th_street/east_to_west/44_n00364_W_R.jpg,east_36th_street,east_to_west,44,n00364,W,R,1.0,1.0,3.0,5.0,3.0,3.0,1.0,1.0,1.0
east_36th_street/east_to_west/45_n00363_W_L.jpg,east_36th_street,east_to_west,45,n00363,W,L,1.0,5.0,1.0,3.0,3.0,1.0,3.0,3.0,3.0
east_36th_street/east_to_west/45_n00363_W_R.jpg,east_36th_street,east_to_west,45,n00363,W,R,1.0,3.0,1.0,5.0,6.0,1.0,1.0,3.0,3.0
east_36th_street/east_to_west/46_n00362_W_L.jpg,east_36th_street,east_to_west,46,n00362,W,L,1.0,5.0,1.0,3.0,5.0,1.0,1.0,3.0,3.0
east_36th_street/east_to_west/46_n00362_W_R.jpg,east_36th_street,east_to_west,46,n00362,W,R,1.0,3.0,1.0,3.0,3.0,1.0,3.0,5.0,3.0
east_36th_street/east_to_west/47_n00361_W_L.jpg,east_36th_street,east_to_west,47,n00361,W,L,1.0,6.0,1.0,3.0,6.0,1.0,3.0,7.0,5.0
east_36th_street/east_to_west/47_n00361_W_R.jpg,east_36th_street,east_to_west,47,n00361,W,R,1.0,1.0,1.0,1.0,3.0,1.0,3.0,7.0,1.0
east_36th_street/west_to_east/01_n00361_E_L.jpg,east_36th_street,west_to_east,1,n00361,E,L,2.0,2.0,3.0,5.0,5.0,3.0,3.0,5.0,3.0
east_36th_street/west_to_east/01_n00361_E_R.jpg,east_36th_street,west_to_east,1,n00361,E,R,1.0,6.0,1.0,5.0,5.0,1.0,3.0,5.0,3.0
east_36th_street/west_to_east/02_n00362_E_L.jpg,east_36th_street,west_to_east,2,n00362,E,L,1.0,2.0,1.0,5.0,6.0,1.0,1.0,1.0,1.0
east_36th_street/west_to_east/02_n00362_E_R.jpg,east_36th_street,west_to_east,2,n00362,E,R,1.0,5.0,1.0,3.0,5.0,1.0,3.0,3.0,3.0
east_36th_street/west_to_east/03_n00363_E_L.jpg,east_36th_street,west_to_east,3,n00363,E,L,1.0,3.0,3.0,5.0,6.0,3.0,1.0,3.0,1.0
east_36th_street/west_to_east/03_n00363_E_R.jpg,east_36th_street,west_to_east,3,n00363,E,R,1.0,5.0,1.0,3.0,3.0,3.0,3.0,5.0,3.0
east_36th_street/west_to_east/04_n00364_E_L.jpg,east_36th_street,west_to_east,4,n00364,E,L,3.0,2.0,3.0,3.0,6.0,3.0,1.0,3.0,1.0
east_36th_street/west_to_east/04_n00364_E_R.jpg,east_36th_street,west_to_east,4,n00364,E,R,1.0,5.0,1.0,3.0,3.0,1.0,3.0,3.0,3.0
east_36th_street/west_to_east/05_n00365_E_L.jpg,east_36th_street,west_to_east,5,n00365,E,L,3.0,3.0,3.0,3.0,6.0,3.0,1.0,3.0,1.0
east_36th_street/west_to_east/05_n00365_E_R.jpg,east_36th_street,west_to_east,5,n00365,E,R,1.0,5.0,2.0,3.0,6.0,1.0,1.0,3.0,3.0
east_36th_street/west_to_east/06_n00366_E_L.jpg,east_36th_street,west_to_east,6,n00366,E,L,2.0,5.0,3.0,3.0,6.0,3.0,1.0,3.0,1.0
east_36th_street/west_to_east/06_n00366_E_R.jpg,east_36th_street,west_to_east,6,n00366,E,R,1.0,5.0,1.0,3.0,3.0,1.0,1.0,3.0,3.0
east_36th_street/west_to_east/07_n00367_E_L.jpg,east_36th_street,west_to_east,7,n00367,E,L,1.0,5.0,1.0,3.0,3.0,1.0,1.0,3.0,1.0
east_36th_street/west_to_east/07_n00367_E_R.jpg,east_36th_street,west_to_east,7,n00367,E,R,1.0,5.0,1.0,3.0,3.0,1.0,1.0,5.0,3.0
east_36th_street/west_to_east/08_n00368_E_L.jpg,east_36th_street,west_to_east,8,n00368,E,L,1.0,3.0,2.0,3.0,6.0,3.0,1.0,3.0,2.0
east_36th_street/west_to_east/08_n00368_E_R.jpg,east_36th_street,west_to_east,8,n00368,E,R,2.0,5.0,3.0,5.0,6.0,3.0,1.0,5.0,3.0
east_36th_street/west_to_east/09_n00369_E_L.jpg,east_36th_street,west_to_east,9,n00369,E,L,2.0,6.0,3.0,3.0,6.0,3.0,3.0,5.0,1.0
east_36th_street/west_to_east/09_n00369_E_R.jpg,east_36th_street,west_to_east,9,n00369,E,R,2.0,5.0,3.0,3.0,5.0,5.0,1.0,3.0,3.0
east_36th_street/west_to_east/10_n00370_E_L.jpg,east_36th_street,west_to_east,10,n00370,E,L,1.0,5.0,3.0,3.0,6.0,3.0,1.0,3.0,3.0
east_36th_street/west_to_east/10_n00370_E_R.jpg,east_36th_street,west_to_east,10,n00370,E,R,1.0,5.0,2.0,3.0,6.0,3.0,1.0,5.0,3.0
east_36th_street/west_to_east/11_n00371_E_L.jpg,east_36th_street,west_to_east,11,n00371,E,L,2.0,5.0,3.0,3.0,6.0,3.0,1.0,5.0,1.0
east_36th_street/west_to_east/11_n00371_E_R.jpg,east_36th_street,west_to_east,11,n00371,E,R,1.0,5.0,1.0,3.0,3.0,1.0,3.0,5.0,3.0
east_36th_street/west_to_east/12_n00372_E_L.jpg,east_36th_street,west_to_east,12,n00372,E,L,2.0,6.0,3.0,3.0,6.0,3.0,1.0,5.0,3.0
east_36th_street/west_to_east/12_n00372_E_R.jpg,east_36th_street,west_to_east,12,n00372,E,R,2.0,5.0,3.0,3.0,3.0,3.0,3.0,5.0,3.0
east_36th_street/west_to_east/13_n00373_E_L.jpg,east_36th_street,west_to_east,13,n00373,E,L,2.0,6.0,3.0,3.0,6.0,3.0,1.0,7.0,1.0
east_36th_street/west_to_east/13_n00373_E_R.jpg,east_36th_street,west_to_east,13,n00373,E,R,1.0,6.0,2.0,3.0,3.0,2.0,1.0,3.0,1.0
east_36th_street/west_to_east/14_n00374_E_L.jpg,east_36th_street,west_to_east,14,n00374,E,L,2.0,6.0,3.0,3.0,3.0,3.0,3.0,7.0,1.0
east_36th_street/west_to_east/14_n00374_E_R.jpg,east_36th_street,west_to_east,14,n00374,E,R,1.0,5.0,1.0,3.0,3.0,1.0,1.0,5.0,1.0
east_36th_street/west_to_east/15_n00375_E_L.jpg,east_36th_street,west_to_east,15,n00375,E,L,1.0,6.0,3.0,3.0,6.0,3.0,1.0,5.0,1.0
east_36th_street/west_to_east/15_n00375_E_R.jpg,east_36th_street,west_to_east,15,n00375,E,R,3.0,3.0,6.0,3.0,6.0,6.0,1.0,5.0,3.0
east_36th_street/west_to_east/16_n00376_E_L.jpg,east_36th_street,west_to_east,16,n00376,E,L,1.0,5.0,2.0,3.0,3.0,2.0,1.0,3.0,1.0
east_36th_street/west_to_east/16_n00376_E_R.jpg,east_36th_street,west_to_east,16,n00376,E,R,2.0,3.0,3.0,3.0,6.0,3.0,1.0,7.0,3.0
east_36th_street/west_to_east/17_n00377_E_L.jpg,east_36th_street,west_to_east,17,n00377,E,L,2.0,5.0,3.0,3.0,6.0,3.0,3.0,5.0,3.0
east_36th_street/west_to_east/17_n00377_E_R.jpg,east_36th_street,west_to_east,17,n00377,E,R,1.0,5.0,1.0,3.0,6.0,1.0,3.0,3.0,3.0
east_36th_street/west_to_east/18_n00378_E_L.jpg,east_36th_street,west_to_east,18,n00378,E,L,2.0,5.0,3.0,3.0,6.0,3.0,1.0,5.0,3.0
east_36th_street/west_to_east/18_n00378_E_R.jpg,east_36th_street,west_to_east,18,n00378,E,R,1.0,5.0,1.0,3.0,3.0,1.0,1.0,3.0,3.0
east_36th_street/west_to_east/19_n00379_E_L.jpg,east_36th_street,west_to_east,19,n00379,E,L,1.0,5.0,1.0,3.0,3.0,1.0,3.0,7.0,3.0
east_36th_street/west_to_east/19_n00379_E_R.jpg,east_36th_street,west_to_east,19,n00379,E,R,1.0,6.0,1.0,3.0,3.0,1.0,1.0,5.0,1.0
east_36th_street/west_to_east/20_n00380_E_L.jpg,east_36th_street,west_to_east,20,n00380,E,L,1.0,5.0,1.0,3.0,3.0,1.0,1.0,7.0,3.0
east_36th_street/west_to_east/20_n00380_E_R.jpg,east_36th_street,west_to_east,20,n00380,E,R,1.0,5.0,2.0,3.0,3.0,1.0,1.0,5.0,3.0
east_36th_street/west_to_east/21_n00381_E_L.jpg,east_36th_street,west_to_east,21,n00381,E,L,2.0,5.0,3.0,3.0,3.0,3.0,1.0,5.0,1.0
east_36th_street/west_to_east/21_n00381_E_R.jpg,east_36th_street,west_to_east,21,n00381,E,R,2.0,3.0,2.0,3.0,3.0,3.0,1.0,5.0,3.0
east_36th_street/west_to_east/22_n00382_E_L.jpg,east_36th_street,west_to_east,22,n00382,E,L,1.0,5.0,1.0,3.0,3.0,1.0,3.0,5.0,3.0
east_36th_street/west_to_east/22_n00382_E_R.jpg,east_36th_street,west_to_east,22,n00382,E,R,1.0,3.0,1.0,3.0,3.0,1.0,1.0,7.0,3.0
east_36th_street/west_to_east/23_n00383_E_L.jpg,east_36th_street,west_to_east,23,n00383,E,L,1.0,5.0,1.0,3.0,3.0,1.0,1.0,5.0,3.0
east_36th_street/west_to_east/23_n00383_E_R.jpg,east_36th_street,west_to_east,23,n00383,E,R,1.0,3.0,1.0,3.0,3.0,1.0,3.0,5.0,3.0
east_36th_street/west_to_east/24_n00384_E_L.jpg,east_36th_street,west_to_east,24,n00384,E,L,1.0,3.0,1.0,3.0,5.0,1.0,5.0,5.0,3.0
east_36th_street/west_to_east/24_n00384_E_R.jpg,east_36th_street,west_to_east,24,n00384,E,R,1.0,5.0,1.0,3.0,3.0,1.0,3.0,5.0,3.0
east_36th_street/west_to_east/25_n00385_E_L.jpg,east_36th_street,west_to_east,25,n00385,E,L,1.0,6.0,1.0,3.0,5.0,1.0,3.0,5.0,3.0
east_36th_street/west_to_east/25_n00385_E_R.jpg,east_36th_street,west_to_east,25,n00385,E,R,1.0,6.0,1.0,3.0,3.0,2.0,3.0,3.0,5.0
east_36th_street/west_to_east/26_n00386_E_L.jpg,east_36th_street,west_to_east,26,n00386,E,L,1.0,6.0,1.0,3.0,3.0,1.0,1.0,3.0,3.0
east_36th_street/west_to_east/26_n00386_E_R.jpg,east_36th_street,west_to_east,26,n00386,E,R,1.0,6.0,1.0,3.0,3.0,1.0,1.0,3.0,3.0
east_36th_street/west_to_east/27_n00387_E_L.jpg,east_36th_street,west_to_east,27,n00387,E,L,1.0,3.0,1.0,3.0,3.0,1.0,1.0,3.0,3.0
east_36th_street/west_to_east/27_n00387_E_R.jpg,east_36th_street,west_to_east,27,n00387,E,R,1.0,5.0,1.0,3.0,3.0,1.0,1.0,5.0,3.0
east_36th_street/west_to_east/28_n00388_E_L.jpg,east_36th_street,west_to_east,28,n00388,E,L,1.0,3.0,1.0,3.0,3.0,1.0,1.0,3.0,1.0
east_36th_street/west_to_east/28_n00388_E_R.jpg,east_36th_street,west_to_east,28,n00388,E,R,2.0,3.0,3.0,3.0,6.0,3.0,1.0,5.0,3.0
east_36th_street/west_to_east/29_n00389_E_L.jpg,east_36th_street,west_to_east,29,n00389,E,L,1.0,3.0,1.0,3.0,3.0,1.0,3.0,3.0,3.0
east_36th_street/west_to_east/29_n00389_E_R.jpg,east_36th_street,west_to_east,29,n00389,E,R,1.0,3.0,1.0,3.0,3.0,1.0,1.0,5.0,1.0
east_36th_street/west_to_east/30_n00390_E_L.jpg,east_36th_street,west_to_east,30,n00390,E,L,1.0,3.0,1.0,3.0,3.0,1.0,3.0,3.0,3.0
east_36th_street/west_to_east/30_n00390_E_R.jpg,east_36th_street,west_to_east,30,n00390,E,R,1.0,5.0,2.0,3.0,3.0,2.0,1.0,7.0,3.0
east_36th_street/west_to_east/31_n00391_E_L.jpg,east_36th_street,west_to_east,31,n00391,E,L,1.0,3.0,1.0,3.0,3.0,1.0,1.0,3.0,1.0
east_36th_street/west_to_east/31_n00391_E_R.jpg,east_36th_street,west_to_east,31,n00391,E,R,1.0,5.0,1.0,3.0,3.0,1.0,1.0,5.0,3.0
east_36th_street/west_to_east/32_n00392_E_L.jpg,east_36th_street,west_to_east,32,n00392,E,L,1.0,3.0,1.0,3.0,3.0,1.0,1.0,5.0,1.0
east_36th_street/west_to_east/32_n00392_E_R.jpg,east_36th_street,west_to_east,32,n00392,E,R,1.0,6.0,2.0,3.0,6.0,2.0,1.0,3.0,1.0
east_36th_street/west_to_east/33_n00393_E_L.jpg,east_36th_street,west_to_east,33,n00393,E,L,2.0,3.0,2.0,3.0,3.0,3.0,1.0,5.0,1.0
east_36th_street/west_to_east/33_n00393_E_R.jpg,east_36th_street,west_to_east,33,n00393,E,R,1.0,5.0,2.0,3.0,3.0,2.0,3.0,5.0,3.0
east_36th_street/west_to_east/34_n00394_E_L.jpg,east_36th_street,west_to_east,34,n00394,E,L,1.0,5.0,1.0,3.0,3.0,1.0,1.0,5.0,3.0
east_36th_street/west_to_east/34_n00394_E_R.jpg,east_36th_street,west_to_east,34,n00394,E,R,1.0,5.0,1.0,3.0,3.0,1.0,3.0,3.0,3.0
east_36th_street/west_to_east/35_n00395_E_L.jpg,east_36th_street,west_to_east,35,n00395,E,L,1.0,6.0,1.0,5.0,3.0,1.0,3.0,5.0,3.0
east_36th_street/west_to_east/35_n00395_E_R.jpg,east_36th_street,west_to_east,35,n00395,E,R,2.0,3.0,2.0,3.0,3.0,3.0,1.0,5.0,1.0
east_36th_street/west_to_east/36_n00396_E_L.jpg,east_36th_street,west_to_east,36,n00396,E,L,1.0,7.0,1.0,5.0,3.0,1.0,1.0,5.0,1.0
east_36th_street/west_to_east/36_n00396_E_R.jpg,east_36th_street,west_to_east,36,n00396,E,R,2.0,1.0,3.0,3.0,5.0,3.0,1.0,3.0,1.0
east_36th_street/west_to_east/37_n00397_E_L.jpg,east_36th_street,west_to_east,37,n00397,E,L,1.0,7.0,1.0,5.0,3.0,1.0,1.0,5.0,1.0
east_36th_street/west_to_east/37_n00397_E_R.jpg,east_36th_street,west_to_east,37,n00397,E,R,3.0,1.0,3.0,3.0,6.0,5.0,1.0,5.0,1.0
east_36th_street/west_to_east/38_n00398_E_L.jpg,east_36th_street,west_to_east,38,n00398,E,L,1.0,7.0,1.0,3.0,1.0,1.0,1.0,7.0,1.0
east_36th_street/west_to_east/38_n00398_E_R.jpg,east_36th_street,west_to_east,38,n00398,E,R,2.0,1.0,3.0,3.0,3.0,3.0,1.0,3.0,1.0
east_36th_street/west_to_east/39_n00399_E_L.jpg,east_36th_street,west_to_east,39,n00399,E,L,1.0,7.0,1.0,3.0,3.0,1.0,3.0,5.0,1.0
east_36th_street/west_to_east/39_n00399_E_R.jpg,east_36th_street,west_to_east,39,n00399,E,R,3.0,1.0,3.0,3.0,3.0,3.0,1.0,3.0,1.0
east_36th_street/west_to_east/40_n00400_E_L.jpg,east_36th_street,west_to_east,40,n00400,E,L,1.0,5.0,2.0,3.0,1.0,3.0,1.0,7.0,1.0
east_36th_street/west_to_east/40_n00400_E_R.jpg,east_36th_street,west_to_east,40,n00400,E,R,3.0,1.0,3.0,3.0,6.0,5.0,1.0,3.0,1.0
east_36th_street/west_to_east/41_n00401_E_L.jpg,east_36th_street,west_to_east,41,n00401,E,L,1.0,3.0,1.0,3.0,1.0,1.0,1.0,3.0,1.0
east_36th_street/west_to_east/41_n00401_E_R.jpg,east_36th_street,west_to_east,41,n00401,E,R,3.0,1.0,3.0,3.0,6.0,3.0,1.0,3.0,1.0
east_36th_street/west_to_east/42_n00402_E_L.jpg,east_36th_street,west_to_east,42,n00402,E,L,1.0,2.0,2.0,3.0,1.0,1.0,1.0,1.0,1.0
east_36th_street/west_to_east/42_n00402_E_R.jpg,east_36th_street,west_to_east,42,n00402,E,R,3.0,1.0,3.0,3.0,6.0,3.0,1.0,3.0,1.0
east_36th_street/west_to_east/43_n00403_E_L.jpg,east_36th_street,west_to_east,43,n00403,E,L,1.0,3.0,2.0,3.0,1.0,2.0,1.0,1.0,1.0
east_36th_street/west_to_east/43_n00403_E_R.jpg,east_36th_street,west_to_east,43,n00403,E,R,3.0,1.0,3.0,3.0,6.0,5.0,1.0,3.0,1.0
east_36th_street/west_to_east/44_n00404_E_L.jpg,east_36th_street,west_to_east,44,n00404,E,L,1.0,3.0,2.0,3.0,1.0,2.0,1.0,1.0,1.0
east_36th_street/west_to_east/44_n00404_E_R.jpg,east_36th_street,west_to_east,44,n00404,E,R,3.0,2.0,3.0,3.0,3.0,3.0,1.0,3.0,3.0
east_36th_street/west_to_east/45_n00405_E_L.jpg,east_36th_street,west_to_east,45,n00405,E,L,1.0,5.0,2.0,3.0,3.0,3.0,1.0,7.0,1.0
east_36th_street/west_to_east/45_n00405_E_R.jpg,east_36th_street,west_to_east,45,n00405,E,R,2.0,3.0,2.0,3.0,3.0,3.0,1.0,3.0,1.0
east_36th_street/west_to_east/46_n00406_E_L.jpg,east_36th_street,west_to_east,46,n00406,E,L,1.0,6.0,1.0,3.0,3.0,1.0,3.0,3.0,3.0
east_36th_street/west_to_east/46_n00406_E_R.jpg,east_36th_street,west_to_east,46,n00406,E,R,1.0,5.0,1.0,3.0,3.0,1.0,3.0,3.0,3.0
east_36th_street/west_to_east/47_n00407_E_L.jpg,east_36th_street,west_to_east,47,n00407,E,L,2.0,7.0,3.0,3.0,6.0,3.0,1.0,3.0,3.0
east_36th_street/west_to_east/47_n00407_E_R.jpg,east_36th_street,west_to_east,47,n00407,E,R,1.0,5.0,1.0,3.0,3.0,1.0,3.0,5.0,3.0
east_37th_street/east_to_west/01_n00445_W_L.jpg,east_37th_street,east_to_west,1,n00445,W,L,1.0,3.0,1.0,5.0,6.0,3.0,1.0,7.0,1.0
east_37th_street/east_to_west/01_n00445_W_R.jpg,east_37th_street,east_to_west,1,n00445,W,R,2.0,5.0,3.0,3.0,3.0,3.0,3.0,5.0,3.0
east_37th_street/east_to_west/02_n00444_W_L.jpg,east_37th_street,east_to_west,2,n00444,W,L,1.0,3.0,1.0,5.0,3.0,1.0,3.0,5.0,1.0
east_37th_street/east_to_west/02_n00444_W_R.jpg,east_37th_street,east_to_west,2,n00444,W,R,5.0,5.0,5.0,3.0,6.0,5.0,1.0,3.0,1.0
east_37th_street/east_to_west/03_n00443_W_L.jpg,east_37th_street,east_to_west,3,n00443,W,L,1.0,3.0,1.0,5.0,3.0,1.0,1.0,5.0,1.0
east_37th_street/east_to_west/03_n00443_W_R.jpg,east_37th_street,east_to_west,3,n00443,W,R,2.0,3.0,3.0,3.0,5.0,3.0,3.0,5.0,1.0
east_37th_street/east_to_west/04_n00442_W_L.jpg,east_37th_street,east_to_west,4,n00442,W,L,1.0,5.0,2.0,5.0,3.0,2.0,1.0,5.0,3.0
east_37th_street/east_to_west/04_n00442_W_R.jpg,east_37th_street,east_to_west,4,n00442,W,R,3.0,3.0,3.0,3.0,5.0,5.0,1.0,3.0,3.0
east_37th_street/east_to_west/05_n00441_W_L.jpg,east_37th_street,east_to_west,5,n00441,W,L,1.0,3.0,1.0,5.0,1.0,3.0,1.0,3.0,1.0
east_37th_street/east_to_west/05_n00441_W_R.jpg,east_37th_street,east_to_west,5,n00441,W,R,2.0,5.0,3.0,3.0,3.0,3.0,1.0,3.0,3.0
east_37th_street/east_to_west/06_n00440_W_L.jpg,east_37th_street,east_to_west,6,n00440,W,L,3.0,3.0,3.0,5.0,6.0,3.0,1.0,3.0,1.0
east_37th_street/east_to_west/06_n00440_W_R.jpg,east_37th_street,east_to_west,6,n00440,W,R,2.0,3.0,3.0,3.0,3.0,3.0,1.0,3.0,2.0
east_37th_street/east_to_west/07_n00439_W_L.jpg,east_37th_street,east_to_west,7,n00439,W,L,3.0,3.0,3.0,5.0,5.0,3.0,1.0,3.0,1.0
east_37th_street/east_to_west/07_n00439_W_R.jpg,east_37th_street,east_to_west,7,n00439,W,R,3.0,3.0,3.0,3.0,6.0,3.0,1.0,3.0,3.0
east_37th_street/east_to_west/08_n00438_W_L.jpg,east_37th_street,east_to_west,8,n00438,W,L,1.0,3.0,1.0,3.0,3.0,1.0,3.0,5.0,1.0
east_37th_street/east_to_west/08_n00438_W_R.jpg,east_37th_street,east_to_west,8,n00438,W,R,1.0,3.0,1.0,1.0,3.0,1.0,3.0,3.0,1.0
east_37th_street/east_to_west/09_n00437_W_L.jpg,east_37th_street,east_to_west,9,n00437,W,L,1.0,3.0,1.0,3.0,3.0,1.0,3.0,5.0,1.0
east_37th_street/east_to_west/09_n00437_W_R.jpg,east_37th_street,east_to_west,9,n00437,W,R,1.0,5.0,1.0,1.0,3.0,1.0,1.0,1.0,1.0
east_37th_street/east_to_west/10_n00436_W_L.jpg,east_37th_street,east_to_west,10,n00436,W,L,1.0,3.0,1.0,3.0,3.0,1.0,5.0,5.0,3.0
east_37th_street/east_to_west/10_n00436_W_R.jpg,east_37th_street,east_to_west,10,n00436,W,R,1.0,5.0,1.0,3.0,3.0,1.0,3.0,3.0,1.0
east_37th_street/east_to_west/11_n00435_W_L.jpg,east_37th_street,east_to_west,11,n00435,W,L,1.0,3.0,1.0,3.0,3.0,1.0,3.0,5.0,3.0
east_37th_street/east_to_west/11_n00435_W_R.jpg,east_37th_street,east_to_west,11,n00435,W,R,1.0,6.0,1.0,3.0,3.0,1.0,3.0,5.0,3.0
east_37th_street/east_to_west/12_n00434_W_L.jpg,east_37th_street,east_to_west,12,n00434,W,L,1.0,1.0,1.0,1.0,3.0,1.0,1.0,3.0,1.0
east_37th_street/east_to_west/12_n00434_W_R.jpg,east_37th_street,east_to_west,12,n00434,W,R,1.0,5.0,1.0,3.0,3.0,1.0,1.0,5.0,3.0
east_37th_street/east_to_west/13_n00432_W_L.jpg,east_37th_street,east_to_west,13,n00432,W,L,1.0,3.0,1.0,3.0,3.0,3.0,5.0,5.0,3.0
east_37th_street/east_to_west/13_n00432_W_R.jpg,east_37th_street,east_to_west,13,n00432,W,R,1.0,6.0,1.0,5.0,5.0,1.0,3.0,5.0,3.0
east_37th_street/east_to_west/14_n00431_W_L.jpg,east_37th_street,east_to_west,14,n00431,W,L,1.0,3.0,1.0,3.0,3.0,1.0,3.0,7.0,3.0
east_37th_street/east_to_west/14_n00431_W_R.jpg,east_37th_street,east_to_west,14,n00431,W,R,1.0,6.0,1.0,3.0,3.0,1.0,5.0,5.0,3.0
east_37th_street/east_to_west/15_n00430_W_L.jpg,east_37th_street,east_to_west,15,n00430,W,L,1.0,2.0,1.0,1.0,3.0,1.0,3.0,3.0,3.0
east_37th_street/east_to_west/15_n00430_W_R.jpg,east_37th_street,east_to_west,15,n00430,W,R,1.0,3.0,2.0,3.0,3.0,3.0,1.0,5.0,1.0
east_37th_street/east_to_west/16_n00429_W_L.jpg,east_37th_street,east_to_west,16,n00429,W,L,1.0,3.0,1.0,1.0,3.0,1.0,3.0,5.0,3.0
east_37th_street/east_to_west/16_n00429_W_R.jpg,east_37th_street,east_to_west,16,n00429,W,R,2.0,3.0,3.0,3.0,5.0,3.0,1.0,5.0,3.0
east_37th_street/east_to_west/17_n00428_W_L.jpg,east_37th_street,east_to_west,17,n00428,W,L,1.0,3.0,1.0,3.0,3.0,2.0,1.0,3.0,1.0
east_37th_street/east_to_west/17_n00428_W_R.jpg,east_37th_street,east_to_west,17,n00428,W,R,1.0,5.0,1.0,3.0,5.0,1.0,1.0,5.0,3.0
east_37th_street/east_to_west/18_n00427_W_L.jpg,east_37th_street,east_to_west,18,n00427,W,L,1.0,5.0,1.0,3.0,5.0,1.0,1.0,7.0,3.0
east_37th_street/east_to_west/18_n00427_W_R.jpg,east_37th_street,east_to_west,18,n00427,W,R,3.0,3.0,3.0,3.0,6.0,5.0,1.0,5.0,3.0
east_37th_street/east_to_west/19_n00426_W_L.jpg,east_37th_street,east_to_west,19,n00426,W,L,2.0,5.0,3.0,3.0,6.0,3.0,1.0,3.0,1.0
east_37th_street/east_to_west/19_n00426_W_R.jpg,east_37th_street,east_to_west,19,n00426,W,R,1.0,5.0,2.0,3.0,3.0,3.0,1.0,5.0,3.0
east_37th_street/east_to_west/20_n00425_W_L.jpg,east_37th_street,east_to_west,20,n00425,W,L,1.0,6.0,1.0,3.0,3.0,1.0,1.0,3.0,1.0
east_37th_street/east_to_west/20_n00425_W_R.jpg,east_37th_street,east_to_west,20,n00425,W,R,1.0,5.0,2.0,3.0,3.0,3.0,3.0,5.0,3.0
east_37th_street/east_to_west/21_n00424_W_L.jpg,east_37th_street,east_to_west,21,n00424,W,L,1.0,1.0,1.0,3.0,3.0,1.0,3.0,7.0,1.0
east_37th_street/east_to_west/21_n00424_W_R.jpg,east_37th_street,east_to_west,21,n00424,W,R,1.0,6.0,1.0,5.0,5.0,1.0,3.0,7.0,3.0
east_37th_street/east_to_west/22_n00423_W_L.jpg,east_37th_street,east_to_west,22,n00423,W,L,1.0,7.0,3.0,3.0,6.0,3.0,1.0,1.0,1.0
east_37th_street/east_to_west/22_n00423_W_R.jpg,east_37th_street,east_to_west,22,n00423,W,R,1.0,7.0,1.0,3.0,6.0,1.0,1.0,1.0,3.0
east_37th_street/east_to_west/23_n00422_W_L.jpg,east_37th_street,east_to_west,23,n00422,W,L,3.0,5.0,3.0,3.0,3.0,5.0,1.0,7.0,3.0
east_37th_street/east_to_west/23_n00422_W_R.jpg,east_37th_street,east_to_west,23,n00422,W,R,1.0,5.0,1.0,3.0,6.0,2.0,1.0,3.0,1.0
east_37th_street/east_to_west/24_n00421_W_L.jpg,east_37th_street,east_to_west,24,n00421,W,L,3.0,5.0,3.0,3.0,5.0,5.0,1.0,5.0,3.0
east_37th_street/east_to_west/24_n00421_W_R.jpg,east_37th_street,east_to_west,24,n00421,W,R,2.0,5.0,3.0,3.0,3.0,3.0,1.0,5.0,3.0
east_37th_street/east_to_west/25_n00420_W_L.jpg,east_37th_street,east_to_west,25,n00420,W,L,3.0,3.0,3.0,3.0,3.0,3.0,1.0,3.0,3.0
east_37th_street/east_to_west/25_n00420_W_R.jpg,east_37th_street,east_to_west,25,n00420,W,R,2.0,6.0,3.0,3.0,6.0,3.0,1.0,5.0,1.0
east_37th_street/east_to_west/26_n00419_W_L.jpg,east_37th_street,east_to_west,26,n00419,W,L,2.0,3.0,3.0,3.0,3.0,3.0,3.0,5.0,3.0
east_37th_street/east_to_west/26_n00419_W_R.jpg,east_37th_street,east_to_west,26,n00419,W,R,2.0,5.0,3.0,3.0,6.0,3.0,1.0,5.0,1.0
east_37th_street/east_to_west/27_n00418_W_L.jpg,east_37th_street,east_to_west,27,n00418,W,L,1.0,6.0,1.0,3.0,3.0,1.0,1.0,5.0,3.0
east_37th_street/east_to_west/27_n00418_W_R.jpg,east_37th_street,east_to_west,27,n00418,W,R,3.0,3.0,3.0,3.0,6.0,5.0,1.0,5.0,3.0
east_37th_street/east_to_west/28_n00417_W_L.jpg,east_37th_street,east_to_west,28,n00417,W,L,2.0,3.0,2.0,3.0,6.0,3.0,1.0,5.0,3.0
east_37th_street/east_to_west/28_n00417_W_R.jpg,east_37th_street,east_to_west,28,n00417,W,R,1.0,3.0,2.0,3.0,3.0,3.0,1.0,3.0,3.0
east_37th_street/east_to_west/29_n00416_W_L.jpg,east_37th_street,east_to_west,29,n00416,W,L,2.0,3.0,3.0,5.0,6.0,3.0,3.0,5.0,3.0
east_37th_street/east_to_west/29_n00416_W_R.jpg,east_37th_street,east_to_west,29,n00416,W,R,3.0,3.0,3.0,5.0,6.0,5.0,3.0,5.0,3.0
east_37th_street/east_to_west/30_n00415_W_L.jpg,east_37th_street,east_to_west,30,n00415,W,L,1.0,5.0,3.0,3.0,6.0,3.0,5.0,3.0,3.0
east_37th_street/east_to_west/30_n00415_W_R.jpg,east_37th_street,east_to_west,30,n00415,W,R,3.0,5.0,3.0,5.0,6.0,5.0,3.0,5.0,3.0
east_37th_street/east_to_west/31_n00414_W_L.jpg,east_37th_street,east_to_west,31,n00414,W,L,1.0,3.0,1.0,3.0,3.0,1.0,1.0,3.0,1.0
east_37th_street/east_to_west/31_n00414_W_R.jpg,east_37th_street,east_to_west,31,n00414,W,R,3.0,3.0,3.0,3.0,6.0,3.0,3.0,3.0,3.0
east_37th_street/east_to_west/32_n00413_W_L.jpg,east_37th_street,east_to_west,32,n00413,W,L,1.0,6.0,1.0,3.0,3.0,1.0,1.0,5.0,1.0
east_37th_street/east_to_west/32_n00413_W_R.jpg,east_37th_street,east_to_west,32,n00413,W,R,2.0,5.0,3.0,3.0,3.0,3.0,1.0,5.0,3.0
east_37th_street/east_to_west/33_n00412_W_L.jpg,east_37th_street,east_to_west,33,n00412,W,L,1.0,5.0,1.0,3.0,3.0,1.0,3.0,3.0,3.0
east_37th_street/east_to_west/33_n00412_W_R.jpg,east_37th_street,east_to_west,33,n00412,W,R,1.0,5.0,1.0,3.0,3.0,1.0,1.0,7.0,3.0
east_37th_street/east_to_west/34_n00411_W_L.jpg,east_37th_street,east_to_west,34,n00411,W,L,1.0,3.0,1.0,3.0,3.0,1.0,1.0,5.0,3.0
east_37th_street/east_to_west/34_n00411_W_R.jpg,east_37th_street,east_to_west,34,n00411,W,R,1.0,7.0,3.0,3.0,6.0,3.0,1.0,3.0,3.0
east_37th_street/east_to_west/35_n00410_W_L.jpg,east_37th_street,east_to_west,35,n00410,W,L,3.0,3.0,3.0,3.0,3.0,3.0,1.0,3.0,3.0
east_37th_street/east_to_west/35_n00410_W_R.jpg,east_37th_street,east_to_west,35,n00410,W,R,1.0,6.0,1.0,1.0,3.0,1.0,1.0,7.0,1.0
east_37th_street/east_to_west/36_n00409_W_L.jpg,east_37th_street,east_to_west,36,n00409,W,L,3.0,3.0,3.0,3.0,3.0,3.0,1.0,3.0,1.0
east_37th_street/east_to_west/36_n00409_W_R.jpg,east_37th_street,east_to_west,36,n00409,W,R,1.0,3.0,1.0,3.0,3.0,1.0,3.0,7.0,3.0
east_37th_street/east_to_west/37_n00408_W_L.jpg,east_37th_street,east_to_west,37,n00408,W,L,1.0,5.0,2.0,3.0,6.0,3.0,1.0,5.0,3.0
east_37th_street/east_to_west/37_n00408_W_R.jpg,east_37th_street,east_to_west,37,n00408,W,R,1.0,6.0,1.0,3.0,3.0,1.0,5.0,7.0,3.0
east_37th_street/west_to_east/01_n00408_E_L.jpg,east_37th_street,west_to_east,1,n00408,E,L,1.0,3.0,1.0,3.0,3.0,1.0,1.0,7.0,3.0
east_37th_street/west_to_east/01_n00408_E_R.jpg,east_37th_street,west_to_east,1,n00408,E,R,2.0,3.0,3.0,3.0,6.0,3.0,1.0,1.0,3.0
east_37th_street/west_to_east/02_n00409_E_L.jpg,east_37th_street,west_to_east,2,n00409,E,L,1.0,3.0,1.0,3.0,3.0,1.0,1.0,7.0,1.0
east_37th_street/west_to_east/02_n00409_E_R.jpg,east_37th_street,west_to_east,2,n00409,E,R,2.0,6.0,3.0,3.0,3.0,3.0,1.0,7.0,3.0
east_37th_street/west_to_east/03_n00410_E_L.jpg,east_37th_street,west_to_east,3,n00410,E,L,1.0,7.0,3.0,3.0,6.0,3.0,1.0,1.0,1.0
east_37th_street/west_to_east/03_n00410_E_R.jpg,east_37th_street,west_to_east,3,n00410,E,R,1.0,5.0,1.0,3.0,3.0,1.0,1.0,7.0,3.0
east_37th_street/west_to_east/04_n00411_E_L.jpg,east_37th_street,west_to_east,4,n00411,E,L,3.0,6.0,3.0,3.0,6.0,5.0,1.0,3.0,1.0
east_37th_street/west_to_east/04_n00411_E_R.jpg,east_37th_street,west_to_east,4,n00411,E,R,2.0,5.0,3.0,3.0,5.0,3.0,1.0,3.0,3.0
east_37th_street/west_to_east/05_n00412_E_L.jpg,east_37th_street,west_to_east,5,n00412,E,L,3.0,3.0,3.0,3.0,3.0,3.0,1.0,5.0,3.0
east_37th_street/west_to_east/05_n00412_E_R.jpg,east_37th_street,west_to_east,5,n00412,E,R,2.0,5.0,3.0,3.0,3.0,3.0,1.0,5.0,1.0
east_37th_street/west_to_east/06_n00413_E_L.jpg,east_37th_street,west_to_east,6,n00413,E,L,5.0,3.0,5.0,5.0,6.0,6.0,3.0,3.0,3.0
east_37th_street/west_to_east/06_n00413_E_R.jpg,east_37th_street,west_to_east,6,n00413,E,R,2.0,5.0,3.0,3.0,3.0,3.0,1.0,5.0,3.0
east_37th_street/west_to_east/07_n00414_E_L.jpg,east_37th_street,west_to_east,7,n00414,E,L,2.0,3.0,3.0,3.0,6.0,5.0,1.0,3.0,3.0
east_37th_street/west_to_east/07_n00414_E_R.jpg,east_37th_street,west_to_east,7,n00414,E,R,2.0,3.0,3.0,3.0,5.0,3.0,1.0,5.0,3.0
east_37th_street/west_to_east/08_n00415_E_L.jpg,east_37th_street,west_to_east,8,n00415,E,L,3.0,3.0,3.0,5.0,6.0,5.0,3.0,5.0,3.0
east_37th_street/west_to_east/08_n00415_E_R.jpg,east_37th_street,west_to_east,8,n00415,E,R,3.0,5.0,3.0,3.0,6.0,6.0,1.0,5.0,3.0
east_37th_street/west_to_east/09_n00416_E_L.jpg,east_37th_street,west_to_east,9,n00416,E,L,1.0,3.0,3.0,5.0,6.0,3.0,3.0,5.0,3.0
east_37th_street/west_to_east/09_n00416_E_R.jpg,east_37th_street,west_to_east,9,n00416,E,R,1.0,6.0,3.0,3.0,6.0,3.0,3.0,3.0,3.0
east_37th_street/west_to_east/10_n00417_E_L.jpg,east_37th_street,west_to_east,10,n00417,E,L,3.0,5.0,3.0,3.0,6.0,3.0,1.0,7.0,1.0
east_37th_street/west_to_east/10_n00417_E_R.jpg,east_37th_street,west_to_east,10,n00417,E,R,1.0,5.0,1.0,3.0,6.0,1.0,1.0,3.0,3.0
east_37th_street/west_to_east/11_n00418_E_L.jpg,east_37th_street,west_to_east,11,n00418,E,L,3.0,6.0,3.0,3.0,6.0,5.0,1.0,5.0,1.0
east_37th_street/west_to_east/11_n00418_E_R.jpg,east_37th_street,west_to_east,11,n00418,E,R,1.0,3.0,1.0,3.0,1.0,1.0,1.0,3.0,1.0
east_37th_street/west_to_east/12_n00419_E_L.jpg,east_37th_street,west_to_east,12,n00419,E,L,3.0,5.0,3.0,3.0,6.0,5.0,1.0,3.0,1.0
east_37th_street/west_to_east/12_n00419_E_R.jpg,east_37th_street,west_to_east,12,n00419,E,R,1.0,5.0,3.0,3.0,3.0,3.0,3.0,7.0,3.0
east_37th_street/west_to_east/13_n00420_E_L.jpg,east_37th_street,west_to_east,13,n00420,E,L,3.0,5.0,3.0,3.0,5.0,3.0,1.0,3.0,3.0
east_37th_street/west_to_east/13_n00420_E_R.jpg,east_37th_street,west_to_east,13,n00420,E,R,3.0,5.0,3.0,3.0,6.0,5.0,1.0,7.0,1.0
east_37th_street/west_to_east/14_n00421_E_L.jpg,east_37th_street,west_to_east,14,n00421,E,L,1.0,6.0,2.0,3.0,6.0,2.0,1.0,3.0,3.0
east_37th_street/west_to_east/14_n00421_E_R.jpg,east_37th_street,west_to_east,14,n00421,E,R,1.0,5.0,1.0,3.0,3.0,1.0,1.0,5.0,1.0
east_37th_street/west_to_east/15_n00422_E_L.jpg,east_37th_street,west_to_east,15,n00422,E,L,2.0,5.0,3.0,3.0,6.0,3.0,3.0,3.0,3.0
east_37th_street/west_to_east/15_n00422_E_R.jpg,east_37th_street,west_to_east,15,n00422,E,R,1.0,5.0,1.0,3.0,5.0,1.0,1.0,3.0,3.0
east_37th_street/west_to_east/16_n00423_E_L.jpg,east_37th_street,west_to_east,16,n00423,E,L,1.0,6.0,1.0,3.0,5.0,1.0,3.0,3.0,3.0
east_37th_street/west_to_east/16_n00423_E_R.jpg,east_37th_street,west_to_east,16,n00423,E,R,1.0,5.0,1.0,3.0,3.0,2.0,1.0,5.0,3.0
east_37th_street/west_to_east/17_n00424_E_L.jpg,east_37th_street,west_to_east,17,n00424,E,L,2.0,5.0,3.0,3.0,6.0,3.0,3.0,5.0,5.0
east_37th_street/west_to_east/17_n00424_E_R.jpg,east_37th_street,west_to_east,17,n00424,E,R,1.0,6.0,1.0,3.0,3.0,1.0,1.0,3.0,3.0
east_37th_street/west_to_east/18_n00425_E_L.jpg,east_37th_street,west_to_east,18,n00425,E,L,1.0,5.0,3.0,3.0,3.0,3.0,3.0,5.0,3.0
east_37th_street/west_to_east/18_n00425_E_R.jpg,east_37th_street,west_to_east,18,n00425,E,R,1.0,5.0,1.0,3.0,3.0,1.0,1.0,5.0,2.0
east_37th_street/west_to_east/19_n00426_E_L.jpg,east_37th_street,west_to_east,19,n00426,E,L,3.0,3.0,3.0,3.0,6.0,6.0,1.0,5.0,3.0
east_37th_street/west_to_east/19_n00426_E_R.jpg,east_37th_street,west_to_east,19,n00426,E,R,3.0,5.0,3.0,3.0,6.0,5.0,1.0,5.0,3.0
east_37th_street/west_to_east/20_n00427_E_L.jpg,east_37th_street,west_to_east,20,n00427,E,L,1.0,5.0,2.0,3.0,5.0,1.0,1.0,3.0,3.0
east_37th_street/west_to_east/20_n00427_E_R.jpg,east_37th_street,west_to_east,20,n00427,E,R,2.0,5.0,3.0,3.0,5.0,3.0,3.0,5.0,3.0
east_37th_street/west_to_east/21_n00428_E_L.jpg,east_37th_street,west_to_east,21,n00428,E,L,2.0,5.0,3.0,5.0,5.0,3.0,1.0,5.0,3.0
east_37th_street/west_to_east/21_n00428_E_R.jpg,east_37th_street,west_to_east,21,n00428,E,R,2.0,5.0,3.0,3.0,6.0,3.0,1.0,3.0,3.0
east_37th_street/west_to_east/22_n00429_E_L.jpg,east_37th_street,west_to_east,22,n00429,E,L,1.0,3.0,2.0,3.0,3.0,3.0,1.0,3.0,1.0
east_37th_street/west_to_east/22_n00429_E_R.jpg,east_37th_street,west_to_east,22,n00429,E,R,1.0,3.0,1.0,1.0,3.0,1.0,3.0,5.0,3.0
east_37th_street/west_to_east/23_n00430_E_L.jpg,east_37th_street,west_to_east,23,n00430,E,L,1.0,5.0,1.0,3.0,3.0,1.0,1.0,5.0,3.0
east_37th_street/west_to_east/23_n00430_E_R.jpg,east_37th_street,west_to_east,23,n00430,E,R,1.0,1.0,1.0,3.0,3.0,1.0,3.0,5.0,3.0
east_37th_street/west_to_east/24_n00431_E_L.jpg,east_37th_street,west_to_east,24,n00431,E,L,1.0,5.0,1.0,3.0,6.0,1.0,3.0,3.0,3.0
east_37th_street/west_to_east/24_n00431_E_R.jpg,east_37th_street,west_to_east,24,n00431,E,R,1.0,3.0,2.0,5.0,3.0,3.0,3.0,5.0,3.0
east_37th_street/west_to_east/25_n00432_E_L.jpg,east_37th_street,west_to_east,25,n00432,E,L,1.0,6.0,1.0,3.0,3.0,1.0,1.0,7.0,1.0
east_37th_street/west_to_east/25_n00432_E_R.jpg,east_37th_street,west_to_east,25,n00432,E,R,1.0,5.0,1.0,3.0,3.0,1.0,3.0,3.0,3.0
east_37th_street/west_to_east/26_n00434_E_L.jpg,east_37th_street,west_to_east,26,n00434,E,L,1.0,5.0,1.0,3.0,3.0,1.0,1.0,5.0,3.0
east_37th_street/west_to_east/26_n00434_E_R.jpg,east_37th_street,west_to_east,26,n00434,E,R,1.0,1.0,1.0,1.0,1.0,1.0,1.0,3.0,1.0
east_37th_street/west_to_east/27_n00435_E_L.jpg,east_37th_street,west_to_east,27,n00435,E,L,1.0,5.0,1.0,3.0,3.0,1.0,3.0,3.0,3.0
east_37th_street/west_to_east/27_n00435_E_R.jpg,east_37th_street,west_to_east,27,n00435,E,R,1.0,7.0,1.0,5.0,3.0,1.0,1.0,1.0,1.0
east_37th_street/west_to_east/28_n00436_E_L.jpg,east_37th_street,west_to_east,28,n00436,E,L,1.0,5.0,1.0,1.0,6.0,1.0,3.0,3.0,3.0
east_37th_street/west_to_east/28_n00436_E_R.jpg,east_37th_street,west_to_east,28,n00436,E,R,1.0,7.0,1.0,3.0,3.0,1.0,1.0,1.0,1.0
east_37th_street/west_to_east/29_n00437_E_L.jpg,east_37th_street,west_to_east,29,n00437,E,L,1.0,3.0,1.0,1.0,3.0,1.0,1.0,3.0,1.0
east_37th_street/west_to_east/29_n00437_E_R.jpg,east_37th_street,west_to_east,29,n00437,E,R,1.0,3.0,1.0,5.0,3.0,3.0,1.0,3.0,1.0
east_37th_street/west_to_east/30_n00438_E_L.jpg,east_37th_street,west_to_east,30,n00438,E,L,1.0,3.0,1.0,3.0,3.0,1.0,1.0,3.0,3.0
east_37th_street/west_to_east/30_n00438_E_R.jpg,east_37th_street,west_to_east,30,n00438,E,R,3.0,2.0,3.0,5.0,6.0,3.0,1.0,5.0,1.0
east_37th_street/west_to_east/31_n00439_E_L.jpg,east_37th_street,west_to_east,31,n00439,E,L,2.0,3.0,3.0,3.0,3.0,3.0,1.0,3.0,1.0
east_37th_street/west_to_east/31_n00439_E_R.jpg,east_37th_street,west_to_east,31,n00439,E,R,3.0,1.0,3.0,5.0,6.0,3.0,1.0,3.0,1.0
east_37th_street/west_to_east/32_n00440_E_L.jpg,east_37th_street,west_to_east,32,n00440,E,L,1.0,5.0,1.0,3.0,3.0,1.0,1.0,3.0,1.0
east_37th_street/west_to_east/32_n00440_E_R.jpg,east_37th_street,west_to_east,32,n00440,E,R,1.0,1.0,2.0,5.0,3.0,3.0,1.0,3.0,1.0
east_37th_street/west_to_east/33_n00441_E_L.jpg,east_37th_street,west_to_east,33,n00441,E,L,3.0,3.0,3.0,3.0,5.0,3.0,3.0,3.0,3.0
east_37th_street/west_to_east/33_n00441_E_R.jpg,east_37th_street,west_to_east,33,n00441,E,R,1.0,1.0,2.0,5.0,6.0,3.0,3.0,5.0,1.0
east_37th_street/west_to_east/34_n00442_E_L.jpg,east_37th_street,west_to_east,34,n00442,E,L,3.0,5.0,3.0,3.0,6.0,3.0,3.0,3.0,1.0
east_37th_street/west_to_east/34_n00442_E_R.jpg,east_37th_street,west_to_east,34,n00442,E,R,1.0,1.0,1.0,5.0,3.0,3.0,3.0,5.0,1.0
east_37th_street/west_to_east/35_n00443_E_L.jpg,east_37th_street,west_to_east,35,n00443,E,L,3.0,5.0,3.0,3.0,3.0,5.0,1.0,3.0,1.0
east_37th_street/west_to_east/35_n00443_E_R.jpg,east_37th_street,west_to_east,35,n00443,E,R,1.0,1.0,3.0,5.0,3.0,3.0,1.0,3.0,1.0
east_37th_street/west_to_east/36_n00444_E_L.jpg,east_37th_street,west_to_east,36,n00444,E,L,3.0,5.0,3.0,3.0,3.0,3.0,1.0,3.0,1.0
east_37th_street/west_to_east/36_n00444_E_R.jpg,east_37th_street,west_to_east,36,n00444,E,R,1.0,1.0,3.0,5.0,6.0,3.0,1.0,3.0,1.0
east_37th_street/west_to_east/37_n00445_E_L.jpg,east_37th_street,west_to_east,37,n00445,E,L,2.0,3.0,3.0,3.0,3.0,3.0,3.0,5.0,3.0
east_37th_street/west_to_east/37_n00445_E_R.jpg,east_37th_street,west_to_east,37,n00445,E,R,1.0,2.0,3.0,5.0,3.0,3.0,3.0,3.0,1.0
east_38th_street/east_to_west/01_n00501_W_L.jpg,east_38th_street,east_to_west,1,n00501,W,L,3.0,3.0,5.0,3.0,6.0,5.0,1.0,3.0,3.0
east_38th_street/east_to_west/01_n00501_W_R.jpg,east_38th_street,east_to_west,1,n00501,W,R,1.0,6.0,1.0,3.0,3.0,1.0,3.0,5.0,3.0
east_38th_street/east_to_west/02_n00500_W_L.jpg,east_38th_street,east_to_west,2,n00500,W,L,3.0,5.0,3.0,3.0,3.0,5.0,1.0,7.0,3.0
east_38th_street/east_to_west/02_n00500_W_R.jpg,east_38th_street,east_to_west,2,n00500,W,R,3.0,6.0,1.0,3.0,3.0,1.0,3.0,3.0,3.0
east_38th_street/east_to_west/03_n00499_W_L.jpg,east_38th_street,east_to_west,3,n00499,W,L,3.0,6.0,3.0,3.0,3.0,3.0,1.0,7.0,3.0
east_38th_street/east_to_west/03_n00499_W_R.jpg,east_38th_street,east_to_west,3,n00499,W,R,1.0,5.0,1.0,3.0,3.0,1.0,3.0,5.0,3.0
east_38th_street/east_to_west/04_n00498_W_L.jpg,east_38th_street,east_to_west,4,n00498,W,L,1.0,5.0,2.0,3.0,3.0,3.0,1.0,5.0,3.0
east_38th_street/east_to_west/04_n00498_W_R.jpg,east_38th_street,east_to_west,4,n00498,W,R,3.0,5.0,1.0,3.0,3.0,1.0,5.0,5.0,3.0
east_38th_street/east_to_west/05_n00497_W_L.jpg,east_38th_street,east_to_west,5,n00497,W,L,1.0,6.0,1.0,3.0,3.0,1.0,1.0,5.0,3.0
east_38th_street/east_to_west/05_n00497_W_R.jpg,east_38th_street,east_to_west,5,n00497,W,R,1.0,3.0,1.0,3.0,3.0,1.0,5.0,5.0,3.0
east_38th_street/east_to_west/06_n00496_W_L.jpg,east_38th_street,east_to_west,6,n00496,W,L,2.0,3.0,2.0,3.0,3.0,2.0,1.0,3.0,1.0
east_38th_street/east_to_west/06_n00496_W_R.jpg,east_38th_street,east_to_west,6,n00496,W,R,1.0,5.0,1.0,3.0,3.0,2.0,3.0,7.0,3.0
east_38th_street/east_to_west/07_n00495_W_L.jpg,east_38th_street,east_to_west,7,n00495,W,L,1.0,3.0,1.0,3.0,3.0,1.0,1.0,7.0,1.0
east_38th_street/east_to_west/07_n00495_W_R.jpg,east_38th_street,east_to_west,7,n00495,W,R,3.0,5.0,3.0,3.0,6.0,3.0,1.0,7.0,3.0
east_38th_street/east_to_west/08_n00494_W_L.jpg,east_38th_street,east_to_west,8,n00494,W,L,1.0,5.0,2.0,3.0,6.0,3.0,3.0,5.0,5.0
east_38th_street/east_to_west/08_n00494_W_R.jpg,east_38th_street,east_to_west,8,n00494,W,R,3.0,5.0,3.0,3.0,6.0,3.0,3.0,5.0,3.0
east_38th_street/east_to_west/09_n00493_W_L.jpg,east_38th_street,east_to_west,9,n00493,W,L,2.0,5.0,2.0,3.0,3.0,3.0,3.0,5.0,3.0
east_38th_street/east_to_west/09_n00493_W_R.jpg,east_38th_street,east_to_west,9,n00493,W,R,3.0,5.0,3.0,3.0,6.0,5.0,1.0,7.0,3.0
east_38th_street/east_to_west/10_n00492_W_L.jpg,east_38th_street,east_to_west,10,n00492,W,L,1.0,3.0,1.0,3.0,3.0,1.0,1.0,3.0,1.0
east_38th_street/east_to_west/10_n00492_W_R.jpg,east_38th_street,east_to_west,10,n00492,W,R,2.0,3.0,3.0,3.0,5.0,3.0,1.0,5.0,3.0
east_38th_street/east_to_west/11_n00491_W_L.jpg,east_38th_street,east_to_west,11,n00491,W,L,1.0,3.0,2.0,3.0,3.0,2.0,3.0,5.0,3.0
east_38th_street/east_to_west/11_n00491_W_R.jpg,east_38th_street,east_to_west,11,n00491,W,R,1.0,3.0,2.0,3.0,3.0,3.0,1.0,5.0,3.0
east_38th_street/east_to_west/12_n00490_W_L.jpg,east_38th_street,east_to_west,12,n00490,W,L,1.0,3.0,2.0,5.0,3.0,3.0,3.0,5.0,4.0
east_38th_street/east_to_west/12_n00490_W_R.jpg,east_38th_street,east_to_west,12,n00490,W,R,1.0,3.0,1.0,3.0,3.0,1.0,5.0,5.0,5.0
east_38th_street/east_to_west/13_n00489_W_L.jpg,east_38th_street,east_to_west,13,n00489,W,L,1.0,5.0,1.0,3.0,5.0,1.0,5.0,3.0,5.0
east_38th_street/east_to_west/13_n00489_W_R.jpg,east_38th_street,east_to_west,13,n00489,W,R,1.0,5.0,1.0,3.0,5.0,1.0,5.0,7.0,3.0
east_38th_street/east_to_west/14_n00488_W_L.jpg,east_38th_street,east_to_west,14,n00488,W,L,1.0,3.0,1.0,3.0,3.0,1.0,3.0,5.0,3.0
east_38th_street/east_to_west/14_n00488_W_R.jpg,east_38th_street,east_to_west,14,n00488,W,R,1.0,5.0,1.0,3.0,3.0,2.0,1.0,5.0,1.0
east_38th_street/east_to_west/15_n00487_W_L.jpg,east_38th_street,east_to_west,15,n00487,W,L,3.0,3.0,3.0,3.0,3.0,3.0,1.0,5.0,3.0
east_38th_street/east_to_west/15_n00487_W_R.jpg,east_38th_street,east_to_west,15,n00487,W,R,2.0,3.0,3.0,3.0,6.0,3.0,1.0,5.0,3.0
east_38th_street/east_to_west/16_n00486_W_L.jpg,east_38th_street,east_to_west,16,n00486,W,L,1.0,3.0,3.0,3.0,3.0,3.0,3.0,5.0,3.0
east_38th_street/east_to_west/16_n00486_W_R.jpg,east_38th_street,east_to_west,16,n00486,W,R,3.0,5.0,3.0,3.0,3.0,3.0,1.0,7.0,3.0
east_38th_street/east_to_west/17_n00485_W_L.jpg,east_38th_street,east_to_west,17,n00485,W,L,1.0,3.0,1.0,3.0,3.0,1.0,1.0,5.0,3.0
east_38th_street/east_to_west/17_n00485_W_R.jpg,east_38th_street,east_to_west,17,n00485,W,R,2.0,3.0,2.0,3.0,3.0,3.0,1.0,3.0,3.0
east_38th_street/east_to_west/18_n00484_W_L.jpg,east_38th_street,east_to_west,18,n00484,W,L,1.0,3.0,1.0,3.0,3.0,1.0,1.0,3.0,1.0
east_38th_street/east_to_west/18_n00484_W_R.jpg,east_38th_street,east_to_west,18,n00484,W,R,3.0,3.0,3.0,3.0,6.0,3.0,3.0,5.0,3.0
east_38th_street/east_to_west/19_n00483_W_L.jpg,east_38th_street,east_to_west,19,n00483,W,L,1.0,5.0,2.0,3.0,3.0,3.0,3.0,3.0,3.0
east_38th_street/east_to_west/19_n00483_W_R.jpg,east_38th_street,east_to_west,19,n00483,W,R,1.0,1.0,1.0,1.0,3.0,1.0,1.0,1.0,1.0
east_38th_street/east_to_west/20_n00482_W_L.jpg,east_38th_street,east_to_west,20,n00482,W,L,1.0,3.0,1.0,3.0,3.0,2.0,3.0,7.0,3.0
east_38th_street/east_to_west/20_n00482_W_R.jpg,east_38th_street,east_to_west,20,n00482,W,R,2.0,3.0,2.0,3.0,3.0,3.0,3.0,5.0,3.0
east_38th_street/east_to_west/21_n00481_W_L.jpg,east_38th_street,east_to_west,21,n00481,W,L,3.0,3.0,3.0,3.0,3.0,5.0,1.0,3.0,3.0
east_38th_street/east_to_west/21_n00481_W_R.jpg,east_38th_street,east_to_west,21,n00481,W,R,2.0,3.0,2.0,3.0,3.0,3.0,3.0,5.0,3.0
east_38th_street/east_to_west/22_n00480_W_L.jpg,east_38th_street,east_to_west,22,n00480,W,L,1.0,5.0,1.0,3.0,3.0,1.0,1.0,5.0,3.0
east_38th_street/east_to_west/22_n00480_W_R.jpg,east_38th_street,east_to_west,22,n00480,W,R,1.0,5.0,1.0,5.0,3.0,2.0,3.0,5.0,3.0
east_38th_street/east_to_west/23_n00479_W_L.jpg,east_38th_street,east_to_west,23,n00479,W,L,1.0,6.0,1.0,3.0,5.0,1.0,5.0,5.0,5.0
east_38th_street/east_to_west/23_n00479_W_R.jpg,east_38th_street,east_to_west,23,n00479,W,R,1.0,6.0,1.0,3.0,3.0,1.0,3.0,5.0,5.0
east_38th_street/east_to_west/24_n00478_W_L.jpg,east_38th_street,east_to_west,24,n00478,W,L,1.0,3.0,2.0,3.0,5.0,3.0,3.0,5.0,3.0
east_38th_street/east_to_west/24_n00478_W_R.jpg,east_38th_street,east_to_west,24,n00478,W,R,1.0,6.0,1.0,3.0,6.0,1.0,3.0,3.0,3.0
east_38th_street/east_to_west/25_n00477_W_L.jpg,east_38th_street,east_to_west,25,n00477,W,L,3.0,3.0,3.0,5.0,6.0,3.0,1.0,3.0,1.0
east_38th_street/east_to_west/25_n00477_W_R.jpg,east_38th_street,east_to_west,25,n00477,W,R,3.0,3.0,3.0,3.0,6.0,5.0,1.0,3.0,3.0
east_38th_street/east_to_west/26_n00476_W_L.jpg,east_38th_street,east_to_west,26,n00476,W,L,2.0,3.0,3.0,3.0,5.0,3.0,1.0,3.0,1.0
east_38th_street/east_to_west/26_n00476_W_R.jpg,east_38th_street,east_to_west,26,n00476,W,R,3.0,3.0,3.0,3.0,6.0,3.0,1.0,3.0,3.0
east_38th_street/east_to_west/27_n00475_W_L.jpg,east_38th_street,east_to_west,27,n00475,W,L,3.0,3.0,3.0,3.0,3.0,5.0,1.0,5.0,1.0
east_38th_street/east_to_west/27_n00475_W_R.jpg,east_38th_street,east_to_west,27,n00475,W,R,3.0,3.0,6.0,3.0,6.0,6.0,1.0,3.0,3.0
east_38th_street/east_to_west/28_n00474_W_L.jpg,east_38th_street,east_to_west,28,n00474,W,L,1.0,5.0,3.0,3.0,3.0,3.0,1.0,7.0,3.0
east_38th_street/east_to_west/28_n00474_W_R.jpg,east_38th_street,east_to_west,28,n00474,W,R,2.0,3.0,3.0,3.0,6.0,3.0,1.0,5.0,3.0
east_38th_street/east_to_west/29_n00473_W_L.jpg,east_38th_street,east_to_west,29,n00473,W,L,1.0,3.0,2.0,3.0,3.0,2.0,3.0,5.0,3.0
east_38th_street/east_to_west/29_n00473_W_R.jpg,east_38th_street,east_to_west,29,n00473,W,R,1.0,5.0,1.0,3.0,3.0,2.0,1.0,3.0,3.0
east_38th_street/east_to_west/30_n00472_W_L.jpg,east_38th_street,east_to_west,30,n00472,W,L,1.0,3.0,1.0,3.0,3.0,1.0,3.0,7.0,3.0
east_38th_street/east_to_west/30_n00472_W_R.jpg,east_38th_street,east_to_west,30,n00472,W,R,1.0,5.0,1.0,5.0,6.0,1.0,3.0,5.0,3.0
east_38th_street/east_to_west/31_n00471_W_L.jpg,east_38th_street,east_to_west,31,n00471,W,L,1.0,5.0,1.0,3.0,3.0,1.0,3.0,5.0,3.0
east_38th_street/east_to_west/31_n00471_W_R.jpg,east_38th_street,east_to_west,31,n00471,W,R,1.0,3.0,1.0,5.0,3.0,1.0,1.0,7.0,3.0
east_38th_street/east_to_west/32_n00470_W_L.jpg,east_38th_street,east_to_west,32,n00470,W,L,1.0,6.0,3.0,3.0,6.0,3.0,1.0,7.0,3.0
east_38th_street/east_to_west/32_n00470_W_R.jpg,east_38th_street,east_to_west,32,n00470,W,R,1.0,3.0,1.0,3.0,3.0,1.0,3.0,5.0,3.0
east_38th_street/east_to_west/33_n00469_W_L.jpg,east_38th_street,east_to_west,33,n00469,W,L,2.0,5.0,3.0,3.0,3.0,3.0,1.0,7.0,3.0
east_38th_street/east_to_west/33_n00469_W_R.jpg,east_38th_street,east_to_west,33,n00469,W,R,1.0,3.0,2.0,3.0,6.0,1.0,3.0,5.0,3.0
east_38th_street/east_to_west/34_n00468_W_L.jpg,east_38th_street,east_to_west,34,n00468,W,L,3.0,5.0,2.0,3.0,3.0,3.0,5.0,7.0,3.0
east_38th_street/east_to_west/34_n00468_W_R.jpg,east_38th_street,east_to_west,34,n00468,W,R,3.0,5.0,3.0,3.0,6.0,5.0,1.0,7.0,1.0
east_38th_street/east_to_west/35_n00467_W_L.jpg,east_38th_street,east_to_west,35,n00467,W,L,3.0,6.0,1.0,3.0,3.0,2.0,3.0,3.0,3.0
east_38th_street/east_to_west/35_n00467_W_R.jpg,east_38th_street,east_to_west,35,n00467,W,R,1.0,6.0,2.0,3.0,6.0,2.0,1.0,3.0,3.0
east_38th_street/east_to_west/36_n00466_W_L.jpg,east_38th_street,east_to_west,36,n00466,W,L,2.0,2.0,3.0,3.0,3.0,3.0,1.0,3.0,3.0
east_38th_street/east_to_west/36_n00466_W_R.jpg,east_38th_street,east_to_west,36,n00466,W,R,1.0,5.0,1.0,3.0,3.0,1.0,1.0,7.0,3.0
east_38th_street/east_to_west/37_n00465_W_L.jpg,east_38th_street,east_to_west,37,n00465,W,L,3.0,2.0,3.0,5.0,3.0,3.0,1.0,3.0,2.0
east_38th_street/east_to_west/37_n00465_W_R.jpg,east_38th_street,east_to_west,37,n00465,W,R,1.0,3.0,2.0,3.0,3.0,3.0,1.0,3.0,1.0
east_38th_street/east_to_west/38_n00464_W_L.jpg,east_38th_street,east_to_west,38,n00464,W,L,2.0,5.0,3.0,3.0,3.0,3.0,3.0,5.0,3.0
east_38th_street/east_to_west/38_n00464_W_R.jpg,east_38th_street,east_to_west,38,n00464,W,R,2.0,5.0,3.0,3.0,6.0,3.0,5.0,5.0,3.0
east_38th_street/east_to_west/39_n00463_W_L.jpg,east_38th_street,east_to_west,39,n00463,W,L,1.0,5.0,1.0,3.0,5.0,1.0,3.0,7.0,3.0
east_38th_street/east_to_west/39_n00463_W_R.jpg,east_38th_street,east_to_west,39,n00463,W,R,1.0,6.0,1.0,3.0,3.0,1.0,3.0,7.0,3.0
east_38th_street/east_to_west/40_n00462_W_L.jpg,east_38th_street,east_to_west,40,n00462,W,L,1.0,3.0,1.0,3.0,6.0,1.0,1.0,3.0,3.0
east_38th_street/east_to_west/40_n00462_W_R.jpg,east_38th_street,east_to_west,40,n00462,W,R,1.0,5.0,1.0,3.0,6.0,1.0,3.0,3.0,3.0
east_38th_street/east_to_west/41_n00461_W_L.jpg,east_38th_street,east_to_west,41,n00461,W,L,1.0,5.0,2.0,3.0,3.0,3.0,1.0,7.0,3.0
east_38th_street/east_to_west/41_n00461_W_R.jpg,east_38th_street,east_to_west,41,n00461,W,R,2.0,5.0,3.0,3.0,5.0,3.0,1.0,3.0,3.0
east_38th_street/east_to_west/42_n00460_W_L.jpg,east_38th_street,east_to_west,42,n00460,W,L,1.0,6.0,3.0,3.0,6.0,3.0,1.0,7.0,3.0
east_38th_street/east_to_west/42_n00460_W_R.jpg,east_38th_street,east_to_west,42,n00460,W,R,3.0,3.0,3.0,3.0,6.0,3.0,1.0,3.0,3.0
east_38th_street/east_to_west/43_n00459_W_L.jpg,east_38th_street,east_to_west,43,n00459,W,L,1.0,5.0,2.0,3.0,3.0,1.0,3.0,5.0,3.0
east_38th_street/east_to_west/43_n00459_W_R.jpg,east_38th_street,east_to_west,43,n00459,W,R,1.0,5.0,3.0,3.0,6.0,3.0,1.0,3.0,3.0
east_38th_street/east_to_west/44_n00458_W_L.jpg,east_38th_street,east_to_west,44,n00458,W,L,1.0,3.0,1.0,3.0,6.0,1.0,6.0,7.0,3.0
east_38th_street/east_to_west/44_n00458_W_R.jpg,east_38th_street,east_to_west,44,n00458,W,R,1.0,3.0,1.0,3.0,3.0,1.0,1.0,7.0,1.0
east_38th_street/east_to_west/45_n00457_W_L.jpg,east_38th_street,east_to_west,45,n00457,W,L,1.0,3.0,1.0,3.0,6.0,1.0,6.0,7.0,3.0
east_38th_street/east_to_west/45_n00457_W_R.jpg,east_38th_street,east_to_west,45,n00457,W,R,1.0,1.0,1.0,1.0,3.0,1.0,1.0,3.0,1.0
east_38th_street/east_to_west/46_n00456_W_L.jpg,east_38th_street,east_to_west,46,n00456,W,L,1.0,5.0,1.0,3.0,3.0,1.0,3.0,7.0,3.0
east_38th_street/east_to_west/46_n00456_W_R.jpg,east_38th_street,east_to_west,46,n00456,W,R,1.0,6.0,1.0,3.0,6.0,1.0,5.0,5.0,3.0
east_38th_street/east_to_west/47_n00455_W_L.jpg,east_38th_street,east_to_west,47,n00455,W,L,1.0,5.0,1.0,3.0,3.0,1.0,1.0,7.0,3.0
east_38th_street/east_to_west/47_n00455_W_R.jpg,east_38th_street,east_to_west,47,n00455,W,R,1.0,6.0,1.0,3.0,3.0,1.0,5.0,5.0,3.0
east_38th_street/west_to_east/01_n00455_E_L.jpg,east_38th_street,west_to_east,1,n00455,E,L,1.0,5.0,1.0,3.0,3.0,1.0,3.0,5.0,3.0
east_38th_street/west_to_east/01_n00455_E_R.jpg,east_38th_street,west_to_east,1,n00455,E,R,1.0,5.0,1.0,3.0,6.0,1.0,5.0,7.0,3.0
east_38th_street/west_to_east/02_n00456_E_L.jpg,east_38th_street,west_to_east,2,n00456,E,L,1.0,1.0,1.0,3.0,3.0,1.0,1.0,1.0,1.0
east_38th_street/west_to_east/02_n00456_E_R.jpg,east_38th_street,west_to_east,2,n00456,E,R,1.0,3.0,1.0,3.0,3.0,1.0,5.0,5.0,3.0
east_38th_street/west_to_east/03_n00457_E_L.jpg,east_38th_street,west_to_east,3,n00457,E,L,1.0,3.0,1.0,3.0,3.0,1.0,3.0,3.0,1.0
east_38th_street/west_to_east/03_n00457_E_R.jpg,east_38th_street,west_to_east,3,n00457,E,R,2.0,3.0,2.0,3.0,6.0,3.0,5.0,7.0,3.0
east_38th_street/west_to_east/04_n00458_E_L.jpg,east_38th_street,west_to_east,4,n00458,E,L,1.0,6.0,1.0,3.0,3.0,3.0,1.0,3.0,1.0
east_38th_street/west_to_east/04_n00458_E_R.jpg,east_38th_street,west_to_east,4,n00458,E,R,1.0,5.0,2.0,3.0,3.0,1.0,1.0,5.0,3.0
east_38th_street/west_to_east/05_n00459_E_L.jpg,east_38th_street,west_to_east,5,n00459,E,L,3.0,3.0,3.0,3.0,6.0,3.0,1.0,3.0,3.0
east_38th_street/west_to_east/05_n00459_E_R.jpg,east_38th_street,west_to_east,5,n00459,E,R,3.0,3.0,3.0,3.0,6.0,3.0,1.0,7.0,3.0
east_38th_street/west_to_east/06_n00460_E_L.jpg,east_38th_street,west_to_east,6,n00460,E,L,2.0,3.0,3.0,3.0,6.0,3.0,3.0,3.0,3.0
east_38th_street/west_to_east/06_n00460_E_R.jpg,east_38th_street,west_to_east,6,n00460,E,R,1.0,6.0,2.0,3.0,3.0,2.0,1.0,7.0,3.0
east_38th_street/west_to_east/07_n00461_E_L.jpg,east_38th_street,west_to_east,7,n00461,E,L,1.0,3.0,2.0,3.0,3.0,3.0,3.0,3.0,3.0
east_38th_street/west_to_east/07_n00461_E_R.jpg,east_38th_street,west_to_east,7,n00461,E,R,1.0,5.0,1.0,3.0,6.0,1.0,1.0,3.0,3.0
east_38th_street/west_to_east/08_n00462_E_L.jpg,east_38th_street,west_to_east,8,n00462,E,L,2.0,3.0,3.0,3.0,6.0,3.0,3.0,5.0,3.0
east_38th_street/west_to_east/08_n00462_E_R.jpg,east_38th_street,west_to_east,8,n00462,E,R,2.0,3.0,3.0,5.0,6.0,3.0,5.0,5.0,3.0
east_38th_street/west_to_east/09_n00463_E_L.jpg,east_38th_street,west_to_east,9,n00463,E,L,1.0,5.0,1.0,3.0,3.0,1.0,3.0,5.0,3.0
east_38th_street/west_to_east/09_n00463_E_R.jpg,east_38th_street,west_to_east,9,n00463,E,R,3.0,3.0,3.0,5.0,3.0,3.0,1.0,5.0,3.0
east_38th_street/west_to_east/10_n00464_E_L.jpg,east_38th_street,west_to_east,10,n00464,E,L,1.0,6.0,1.0,3.0,3.0,1.0,1.0,3.0,3.0
east_38th_street/west_to_east/10_n00464_E_R.jpg,east_38th_street,west_to_east,10,n00464,E,R,3.0,3.0,3.0,3.0,6.0,3.0,1.0,3.0,3.0
east_38th_street/west_to_east/11_n00465_E_L.jpg,east_38th_street,west_to_east,11,n00465,E,L,1.0,6.0,1.0,3.0,3.0,1.0,1.0,3.0,3.0
east_38th_street/west_to_east/11_n00465_E_R.jpg,east_38th_street,west_to_east,11,n00465,E,R,3.0,3.0,3.0,3.0,6.0,3.0,3.0,3.0,3.0
east_38th_street/west_to_east/12_n00466_E_L.jpg,east_38th_street,west_to_east,12,n00466,E,L,3.0,3.0,3.0,3.0,6.0,3.0,1.0,5.0,3.0
east_38th_street/west_to_east/12_n00466_E_R.jpg,east_38th_street,west_to_east,12,n00466,E,R,1.0,5.0,1.0,3.0,3.0,1.0,3.0,5.0,3.0
east_38th_street/west_to_east/13_n00467_E_L.jpg,east_38th_street,west_to_east,13,n00467,E,L,3.0,5.0,3.0,3.0,6.0,5.0,1.0,5.0,3.0
east_38th_street/west_to_east/13_n00467_E_R.jpg,east_38th_street,west_to_east,13,n00467,E,R,3.0,5.0,1.0,3.0,3.0,1.0,1.0,5.0,3.0
east_38th_street/west_to_east/14_n00468_E_L.jpg,east_38th_street,west_to_east,14,n00468,E,L,1.0,6.0,2.0,3.0,6.0,1.0,3.0,5.0,3.0
east_38th_street/west_to_east/14_n00468_E_R.jpg,east_38th_street,west_to_east,14,n00468,E,R,1.0,5.0,1.0,3.0,3.0,1.0,3.0,3.0,3.0
east_38th_street/west_to_east/15_n00469_E_L.jpg,east_38th_street,west_to_east,15,n00469,E,L,1.0,3.0,1.0,3.0,3.0,1.0,1.0,7.0,1.0
east_38th_street/west_to_east/15_n00469_E_R.jpg,east_38th_street,west_to_east,15,n00469,E,R,1.0,5.0,1.0,3.0,3.0,1.0,1.0,5.0,3.0
east_38th_street/west_to_east/16_n00470_E_L.jpg,east_38th_street,west_to_east,16,n00470,E,L,1.0,3.0,1.0,3.0,3.0,1.0,1.0,3.0,3.0
east_38th_street/west_to_east/16_n00470_E_R.jpg,east_38th_street,west_to_east,16,n00470,E,R,1.0,3.0,1.0,3.0,5.0,1.0,3.0,5.0,3.0
east_38th_street/west_to_east/17_n00471_E_L.jpg,east_38th_street,west_to_east,17,n00471,E,L,2.0,6.0,3.0,3.0,3.0,3.0,3.0,5.0,3.0
east_38th_street/west_to_east/17_n00471_E_R.jpg,east_38th_street,west_to_east,17,n00471,E,R,1.0,3.0,1.0,3.0,3.0,1.0,3.0,5.0,3.0
east_38th_street/west_to_east/18_n00472_E_L.jpg,east_38th_street,west_to_east,18,n00472,E,L,1.0,5.0,1.0,3.0,3.0,1.0,1.0,5.0,2.0
east_38th_street/west_to_east/18_n00472_E_R.jpg,east_38th_street,west_to_east,18,n00472,E,R,1.0,3.0,1.0,3.0,3.0,1.0,3.0,3.0,3.0
east_38th_street/west_to_east/19_n00473_E_L.jpg,east_38th_street,west_to_east,19,n00473,E,L,3.0,5.0,3.0,3.0,6.0,3.0,1.0,5.0,1.0
east_38th_street/west_to_east/19_n00473_E_R.jpg,east_38th_street,west_to_east,19,n00473,E,R,3.0,3.0,3.0,3.0,3.0,3.0,1.0,5.0,3.0
east_38th_street/west_to_east/20_n00474_E_L.jpg,east_38th_street,west_to_east,20,n00474,E,L,2.0,5.0,3.0,3.0,3.0,3.0,3.0,3.0,3.0
east_38th_street/west_to_east/20_n00474_E_R.jpg,east_38th_street,west_to_east,20,n00474,E,R,3.0,3.0,3.0,3.0,3.0,5.0,1.0,7.0,3.0
east_38th_street/west_to_east/21_n00475_E_L.jpg,east_38th_street,west_to_east,21,n00475,E,L,3.0,3.0,3.0,3.0,6.0,5.0,1.0,3.0,1.0
east_38th_street/west_to_east/21_n00475_E_R.jpg,east_38th_street,west_to_east,21,n00475,E,R,2.0,3.0,3.0,3.0,3.0,3.0,1.0,3.0,2.0
east_38th_street/west_to_east/22_n00476_E_L.jpg,east_38th_street,west_to_east,22,n00476,E,L,1.0,5.0,2.0,3.0,3.0,3.0,1.0,3.0,1.0
east_38th_street/west_to_east/22_n00476_E_R.jpg,east_38th_street,west_to_east,22,n00476,E,R,2.0,5.0,3.0,3.0,5.0,3.0,1.0,3.0,2.0
east_38th_street/west_to_east/23_n00477_E_L.jpg,east_38th_street,west_to_east,23,n00477,E,L,1.0,5.0,2.0,3.0,3.0,2.0,1.0,3.0,1.0
east_38th_street/west_to_east/23_n00477_E_R.jpg,east_38th_street,west_to_east,23,n00477,E,R,3.0,3.0,3.0,3.0,3.0,3.0,1.0,5.0,3.0
east_38th_street/west_to_east/24_n00478_E_L.jpg,east_38th_street,west_to_east,24,n00478,E,L,1.0,5.0,1.0,3.0,3.0,1.0,3.0,5.0,3.0
east_38th_street/west_to_east/24_n00478_E_R.jpg,east_38th_street,west_to_east,24,n00478,E,R,1.0,5.0,1.0,5.0,5.0,1.0,3.0,5.0,3.0
east_38th_street/west_to_east/25_n00479_E_L.jpg,east_38th_street,west_to_east,25,n00479,E,L,1.0,3.0,2.0,3.0,3.0,3.0,3.0,3.0,3.0
east_38th_street/west_to_east/25_n00479_E_R.jpg,east_38th_street,west_to_east,25,n00479,E,R,1.0,5.0,1.0,3.0,3.0,2.0,3.0,3.0,3.0
east_38th_street/west_to_east/26_n00480_E_L.jpg,east_38th_street,west_to_east,26,n00480,E,L,1.0,3.0,2.0,3.0,3.0,2.0,1.0,3.0,3.0
east_38th_street/west_to_east/26_n00480_E_R.jpg,east_38th_street,west_to_east,26,n00480,E,R,3.0,5.0,3.0,3.0,3.0,3.0,1.0,3.0,3.0
east_38th_street/west_to_east/27_n00481_E_L.jpg,east_38th_street,west_to_east,27,n00481,E,L,1.0,3.0,1.0,3.0,3.0,3.0,1.0,3.0,1.0
east_38th_street/west_to_east/27_n00481_E_R.jpg,east_38th_street,west_to_east,27,n00481,E,R,1.0,3.0,1.0,3.0,3.0,2.0,3.0,5.0,3.0
east_38th_street/west_to_east/28_n00482_E_L.jpg,east_38th_street,west_to_east,28,n00482,E,L,1.0,3.0,1.0,3.0,3.0,1.0,3.0,3.0,3.0
east_38th_street/west_to_east/28_n00482_E_R.jpg,east_38th_street,west_to_east,28,n00482,E,R,2.0,3.0,3.0,3.0,3.0,3.0,3.0,3.0,3.0
east_38th_street/west_to_east/29_n00483_E_L.jpg,east_38th_street,west_to_east,29,n00483,E,L,3.0,3.0,3.0,3.0,6.0,5.0,1.0,3.0,3.0
east_38th_street/west_to_east/29_n00483_E_R.jpg,east_38th_street,west_to_east,29,n00483,E,R,1.0,6.0,1.0,3.0,3.0,1.0,3.0,1.0,1.0
east_38th_street/west_to_east/30_n00484_E_L.jpg,east_38th_street,west_to_east,30,n00484,E,L,2.0,3.0,3.0,3.0,3.0,3.0,1.0,3.0,3.0
east_38th_street/west_to_east/30_n00484_E_R.jpg,east_38th_street,west_to_east,30,n00484,E,R,1.0,3.0,2.0,3.0,3.0,2.0,3.0,5.0,3.0
east_38th_street/west_to_east/31_n00485_E_L.jpg,east_38th_street,west_to_east,31,n00485,E,L,1.0,3.0,1.0,3.0,3.0,1.0,1.0,7.0,3.0
east_38th_street/west_to_east/31_n00485_E_R.jpg,east_38th_street,west_to_east,31,n00485,E,R,1.0,3.0,1.0,1.0,3.0,1.0,1.0,3.0,3.0
east_38th_street/west_to_east/32_n00486_E_L.jpg,east_38th_street,west_to_east,32,n00486,E,L,1.0,3.0,2.0,3.0,3.0,3.0,1.0,3.0,3.0
east_38th_street/west_to_east/32_n00486_E_R.jpg,east_38th_street,west_to_east,32,n00486,E,R,3.0,3.0,3.0,3.0,3.0,3.0,1.0,5.0,3.0
east_38th_street/west_to_east/33_n00487_E_L.jpg,east_38th_street,west_to_east,33,n00487,E,L,1.0,3.0,1.0,3.0,3.0,1.0,3.0,5.0,3.0
east_38th_street/west_to_east/33_n00487_E_R.jpg,east_38th_street,west_to_east,33,n00487,E,R,1.0,3.0,2.0,3.0,3.0,3.0,3.0,5.0,3.0
east_38th_street/west_to_east/34_n00488_E_L.jpg,east_38th_street,west_to_east,34,n00488,E,L,1.0,3.0,1.0,3.0,3.0,1.0,3.0,5.0,3.0
east_38th_street/west_to_east/34_n00488_E_R.jpg,east_38th_street,west_to_east,34,n00488,E,R,2.0,3.0,3.0,3.0,3.0,3.0,3.0,5.0,3.0
east_38th_street/west_to_east/35_n00489_E_L.jpg,east_38th_street,west_to_east,35,n00489,E,L,1.0,5.0,1.0,3.0,3.0,1.0,3.0,5.0,3.0
east_38th_street/west_to_east/35_n00489_E_R.jpg,east_38th_street,west_to_east,35,n00489,E,R,1.0,5.0,1.0,5.0,3.0,1.0,5.0,5.0,3.0
east_38th_street/west_to_east/36_n00490_E_L.jpg,east_38th_street,west_to_east,36,n00490,E,L,1.0,5.0,2.0,3.0,3.0,1.0,1.0,3.0,3.0
east_38th_street/west_to_east/36_n00490_E_R.jpg,east_38th_street,west_to_east,36,n00490,E,R,1.0,3.0,1.0,3.0,5.0,1.0,5.0,5.0,5.0
east_38th_street/west_to_east/37_n00491_E_L.jpg,east_38th_street,west_to_east,37,n00491,E,L,2.0,3.0,3.0,3.0,3.0,3.0,1.0,3.0,3.0
east_38th_street/west_to_east/37_n00491_E_R.jpg,east_38th_street,west_to_east,37,n00491,E,R,1.0,3.0,1.0,3.0,3.0,1.0,1.0,3.0,3.0
east_38th_street/west_to_east/38_n00492_E_L.jpg,east_38th_street,west_to_east,38,n00492,E,L,3.0,3.0,3.0,3.0,5.0,5.0,1.0,5.0,3.0
east_38th_street/west_to_east/38_n00492_E_R.jpg,east_38th_street,west_to_east,38,n00492,E,R,1.0,3.0,1.0,3.0,3.0,1.0,3.0,5.0,3.0
east_38th_street/west_to_east/39_n00493_E_L.jpg,east_38th_street,west_to_east,39,n00493,E,L,1.0,5.0,2.0,3.0,3.0,2.0,3.0,5.0,1.0
east_38th_street/west_to_east/39_n00493_E_R.jpg,east_38th_street,west_to_east,39,n00493,E,R,1.0,5.0,1.0,3.0,6.0,1.0,3.0,5.0,3.0
east_38th_street/west_to_east/40_n00494_E_L.jpg,east_38th_street,west_to_east,40,n00494,E,L,2.0,3.0,3.0,3.0,3.0,3.0,3.0,5.0,3.0
east_38th_street/west_to_east/40_n00494_E_R.jpg,east_38th_street,west_to_east,40,n00494,E,R,1.0,5.0,3.0,3.0,3.0,3.0,1.0,3.0,3.0
east_38th_street/west_to_east/41_n00495_E_L.jpg,east_38th_street,west_to_east,41,n00495,E,L,1.0,5.0,1.0,3.0,3.0,2.0,3.0,7.0,3.0
east_38th_street/west_to_east/41_n00495_E_R.jpg,east_38th_street,west_to_east,41,n00495,E,R,1.0,3.0,2.0,3.0,3.0,3.0,1.0,3.0,1.0
east_38th_street/west_to_east/42_n00496_E_L.jpg,east_38th_street,west_to_east,42,n00496,E,L,1.0,5.0,1.0,3.0,3.0,1.0,3.0,3.0,3.0
east_38th_street/west_to_east/42_n00496_E_R.jpg,east_38th_street,west_to_east,42,n00496,E,R,1.0,3.0,1.0,3.0,3.0,1.0,3.0,3.0,3.0
east_38th_street/west_to_east/43_n00497_E_L.jpg,east_38th_street,west_to_east,43,n00497,E,L,1.0,3.0,1.0,3.0,3.0,1.0,5.0,5.0,3.0
east_38th_street/west_to_east/43_n00497_E_R.jpg,east_38th_street,west_to_east,43,n00497,E,R,1.0,3.0,2.0,3.0,3.0,3.0,1.0,3.0,3.0
east_38th_street/west_to_east/44_n00498_E_L.jpg,east_38th_street,west_to_east,44,n00498,E,L,1.0,3.0,1.0,3.0,3.0,1.0,3.0,5.0,3.0
east_38th_street/west_to_east/44_n00498_E_R.jpg,east_38th_street,west_to_east,44,n00498,E,R,3.0,3.0,3.0,3.0,3.0,3.0,3.0,7.0,3.0
east_38th_street/west_to_east/45_n00499_E_L.jpg,east_38th_street,west_to_east,45,n00499,E,L,1.0,5.0,1.0,3.0,3.0,1.0,3.0,3.0,3.0
east_38th_street/west_to_east/45_n00499_E_R.jpg,east_38th_street,west_to_east,45,n00499,E,R,3.0,3.0,5.0,5.0,6.0,5.0,1.0,5.0,3.0
east_38th_street/west_to_east/46_n00500_E_L.jpg,east_38th_street,west_to_east,46,n00500,E,L,1.0,1.0,1.0,5.0,3.0,1.0,3.0,3.0,3.0
east_38th_street/west_to_east/46_n00500_E_R.jpg,east_38th_street,west_to_east,46,n00500,E,R,2.0,3.0,3.0,3.0,6.0,3.0,3.0,5.0,3.0
east_38th_street/west_to_east/47_n00501_E_L.jpg,east_38th_street,west_to_east,47,n00501,E,L,1.0,1.0,1.0,5.0,3.0,1.0,1.0,1.0,1.0
east_38th_street/west_to_east/47_n00501_E_R.jpg,east_38th_street,west_to_east,47,n00501,E,R,1.0,5.0,1.0,3.0,3.0,1.0,3.0,3.0,3.0
east_39th_street/east_to_west/01_n00548_W_L.jpg,east_39th_street,east_to_west,1,n00548,W,L,1.0,3.0,1.0,3.0,3.0,1.0,3.0,3.0,1.0
east_39th_street/east_to_west/01_n00548_W_R.jpg,east_39th_street,east_to_west,1,n00548,W,R,1.0,7.0,1.0,3.0,6.0,1.0,3.0,7.0,3.0
east_39th_street/east_to_west/02_n00547_W_L.jpg,east_39th_street,east_to_west,2,n00547,W,L,1.0,3.0,1.0,1.0,1.0,1.0,1.0,7.0,1.0
east_39th_street/east_to_west/02_n00547_W_R.jpg,east_39th_street,east_to_west,2,n00547,W,R,1.0,7.0,1.0,3.0,3.0,1.0,5.0,7.0,3.0
east_39th_street/east_to_west/03_n00546_W_L.jpg,east_39th_street,east_to_west,3,n00546,W,L,1.0,3.0,1.0,3.0,1.0,1.0,1.0,3.0,1.0
east_39th_street/east_to_west/03_n00546_W_R.jpg,east_39th_street,east_to_west,3,n00546,W,R,1.0,6.0,2.0,3.0,3.0,2.0,3.0,5.0,3.0
east_39th_street/east_to_west/04_n00545_W_L.jpg,east_39th_street,east_to_west,4,n00545,W,L,1.0,6.0,1.0,3.0,3.0,2.0,1.0,7.0,1.0
east_39th_street/east_to_west/04_n00545_W_R.jpg,east_39th_street,east_to_west,4,n00545,W,R,1.0,3.0,1.0,3.0,1.0,1.0,3.0,7.0,3.0
east_39th_street/east_to_west/05_n00544_W_L.jpg,east_39th_street,east_to_west,5,n00544,W,L,1.0,6.0,2.0,3.0,3.0,2.0,1.0,5.0,3.0
east_39th_street/east_to_west/05_n00544_W_R.jpg,east_39th_street,east_to_west,5,n00544,W,R,1.0,7.0,1.0,1.0,1.0,1.0,1.0,1.0,1.0
east_39th_street/east_to_west/06_n00543_W_L.jpg,east_39th_street,east_to_west,6,n00543,W,L,1.0,6.0,3.0,3.0,3.0,3.0,1.0,3.0,1.0
east_39th_street/east_to_west/06_n00543_W_R.jpg,east_39th_street,east_to_west,6,n00543,W,R,1.0,1.0,1.0,1.0,1.0,1.0,1.0,1.0,1.0
east_39th_street/east_to_west/07_n00542_W_L.jpg,east_39th_street,east_to_west,7,n00542,W,L,2.0,3.0,3.0,3.0,5.0,3.0,3.0,5.0,5.0
east_39th_street/east_to_west/07_n00542_W_R.jpg,east_39th_street,east_to_west,7,n00542,W,R,1.0,7.0,1.0,1.0,3.0,1.0,1.0,1.0,1.0
east_39th_street/east_to_west/08_n00541_W_L.jpg,east_39th_street,east_to_west,8,n00541,W,L,1.0,5.0,1.0,3.0,5.0,1.0,1.0,7.0,3.0
east_39th_street/east_to_west/08_n00541_W_R.jpg,east_39th_street,east_to_west,8,n00541,W,R,1.0,5.0,1.0,3.0,3.0,1.0,3.0,5.0,3.0
east_39th_street/east_to_west/09_n00540_W_L.jpg,east_39th_street,east_to_west,9,n00540,W,L,3.0,5.0,3.0,3.0,6.0,3.0,3.0,5.0,3.0
east_39th_street/east_to_west/09_n00540_W_R.jpg,east_39th_street,east_to_west,9,n00540,W,R,1.0,3.0,1.0,3.0,3.0,1.0,3.0,7.0,3.0
east_39th_street/east_to_west/10_n00539_W_L.jpg,east_39th_street,east_to_west,10,n00539,W,L,1.0,6.0,2.0,3.0,6.0,3.0,1.0,3.0,3.0
east_39th_street/east_to_west/10_n00539_W_R.jpg,east_39th_street,east_to_west,10,n00539,W,R,1.0,3.0,2.0,3.0,3.0,1.0,1.0,7.0,1.0
east_39th_street/east_to_west/11_n00538_W_L.jpg,east_39th_street,east_to_west,11,n00538,W,L,1.0,3.0,2.0,3.0,6.0,3.0,5.0,5.0,5.0
east_39th_street/east_to_west/11_n00538_W_R.jpg,east_39th_street,east_to_west,11,n00538,W,R,1.0,3.0,1.0,3.0,3.0,2.0,1.0,7.0,1.0
east_39th_street/east_to_west/12_n00537_W_L.jpg,east_39th_street,east_to_west,12,n00537,W,L,1.0,6.0,1.0,5.0,5.0,1.0,3.0,5.0,4.0
east_39th_street/east_to_west/12_n00537_W_R.jpg,east_39th_street,east_to_west,12,n00537,W,R,1.0,6.0,1.0,3.0,3.0,1.0,1.0,7.0,3.0
east_39th_street/east_to_west/13_n00536_W_L.jpg,east_39th_street,east_to_west,13,n00536,W,L,1.0,5.0,1.0,3.0,5.0,1.0,5.0,5.0,3.0
east_39th_street/east_to_west/13_n00536_W_R.jpg,east_39th_street,east_to_west,13,n00536,W,R,1.0,7.0,1.0,1.0,6.0,1.0,3.0,3.0,5.0
east_39th_street/east_to_west/14_n00535_W_L.jpg,east_39th_street,east_to_west,14,n00535,W,L,3.0,3.0,3.0,3.0,5.0,5.0,3.0,5.0,3.0
east_39th_street/east_to_west/14_n00535_W_R.jpg,east_39th_street,east_to_west,14,n00535,W,R,1.0,5.0,1.0,3.0,5.0,1.0,3.0,5.0,3.0
east_39th_street/east_to_west/15_n00534_W_L.jpg,east_39th_street,east_to_west,15,n00534,W,L,3.0,6.0,3.0,3.0,6.0,3.0,1.0,3.0,3.0
east_39th_street/east_to_west/15_n00534_W_R.jpg,east_39th_street,east_to_west,15,n00534,W,R,1.0,3.0,3.0,3.0,3.0,3.0,1.0,5.0,3.0
east_39th_street/east_to_west/16_n00533_W_L.jpg,east_39th_street,east_to_west,16,n00533,W,L,2.0,3.0,3.0,3.0,6.0,3.0,1.0,5.0,3.0
east_39th_street/east_to_west/16_n00533_W_R.jpg,east_39th_street,east_to_west,16,n00533,W,R,3.0,3.0,3.0,3.0,5.0,5.0,3.0,5.0,3.0
east_39th_street/east_to_west/17_n00532_W_L.jpg,east_39th_street,east_to_west,17,n00532,W,L,2.0,5.0,3.0,3.0,6.0,3.0,3.0,3.0,3.0
east_39th_street/east_to_west/17_n00532_W_R.jpg,east_39th_street,east_to_west,17,n00532,W,R,1.0,6.0,2.0,3.0,5.0,2.0,5.0,7.0,3.0
east_39th_street/east_to_west/18_n00531_W_L.jpg,east_39th_street,east_to_west,18,n00531,W,L,3.0,3.0,3.0,3.0,6.0,3.0,1.0,5.0,3.0
east_39th_street/east_to_west/18_n00531_W_R.jpg,east_39th_street,east_to_west,18,n00531,W,R,2.0,6.0,3.0,3.0,5.0,3.0,3.0,5.0,3.0
east_39th_street/east_to_west/19_n00530_W_L.jpg,east_39th_street,east_to_west,19,n00530,W,L,2.0,3.0,3.0,3.0,3.0,3.0,5.0,5.0,3.0
east_39th_street/east_to_west/19_n00530_W_R.jpg,east_39th_street,east_to_west,19,n00530,W,R,1.0,7.0,1.0,3.0,6.0,1.0,1.0,3.0,3.0
east_39th_street/east_to_west/20_n00529_W_L.jpg,east_39th_street,east_to_west,20,n00529,W,L,2.0,5.0,2.0,3.0,5.0,3.0,1.0,5.0,3.0
east_39th_street/east_to_west/20_n00529_W_R.jpg,east_39th_street,east_to_west,20,n00529,W,R,1.0,6.0,1.0,3.0,3.0,1.0,5.0,5.0,3.0
east_39th_street/east_to_west/21_n00528_W_L.jpg,east_39th_street,east_to_west,21,n00528,W,L,1.0,6.0,1.0,3.0,3.0,1.0,1.0,7.0,3.0
east_39th_street/east_to_west/21_n00528_W_R.jpg,east_39th_street,east_to_west,21,n00528,W,R,2.0,6.0,3.0,3.0,5.0,3.0,5.0,5.0,5.0
east_39th_street/east_to_west/22_n00527_W_L.jpg,east_39th_street,east_to_west,22,n00527,W,L,1.0,5.0,1.0,3.0,3.0,1.0,5.0,7.0,5.0
east_39th_street/east_to_west/22_n00527_W_R.jpg,east_39th_street,east_to_west,22,n00527,W,R,2.0,6.0,2.0,3.0,3.0,3.0,3.0,7.0,5.0
east_39th_street/east_to_west/23_n00526_W_L.jpg,east_39th_street,east_to_west,23,n00526,W,L,1.0,5.0,1.0,3.0,3.0,1.0,3.0,5.0,3.0
east_39th_street/east_to_west/23_n00526_W_R.jpg,east_39th_street,east_to_west,23,n00526,W,R,1.0,7.0,1.0,3.0,3.0,1.0,3.0,7.0,3.0
east_39th_street/east_to_west/24_n00525_W_L.jpg,east_39th_street,east_to_west,24,n00525,W,L,1.0,3.0,1.0,3.0,3.0,2.0,5.0,5.0,4.0
east_39th_street/east_to_west/24_n00525_W_R.jpg,east_39th_street,east_to_west,24,n00525,W,R,1.0,7.0,1.0,3.0,6.0,1.0,3.0,3.0,3.0
east_39th_street/east_to_west/25_n00524_W_L.jpg,east_39th_street,east_to_west,25,n00524,W,L,1.0,3.0,1.0,3.0,5.0,3.0,5.0,5.0,4.0
east_39th_street/east_to_west/25_n00524_W_R.jpg,east_39th_street,east_to_west,25,n00524,W,R,1.0,5.0,1.0,3.0,3.0,1.0,1.0,3.0,1.0
east_39th_street/east_to_west/26_n00523_W_L.jpg,east_39th_street,east_to_west,26,n00523,W,L,1.0,5.0,1.0,3.0,6.0,2.0,5.0,7.0,4.0
east_39th_street/east_to_west/26_n00523_W_R.jpg,east_39th_street,east_to_west,26,n00523,W,R,1.0,5.0,1.0,3.0,5.0,1.0,3.0,3.0,3.0
east_39th_street/east_to_west/27_n00522_W_L.jpg,east_39th_street,east_to_west,27,n00522,W,L,1.0,3.0,3.0,3.0,3.0,3.0,1.0,7.0,3.0
east_39th_street/east_to_west/27_n00522_W_R.jpg,east_39th_street,east_to_west,27,n00522,W,R,1.0,5.0,1.0,3.0,3.0,1.0,3.0,7.0,3.0
east_39th_street/east_to_west/28_n00521_W_L.jpg,east_39th_street,east_to_west,28,n00521,W,L,1.0,5.0,1.0,3.0,3.0,1.0,3.0,5.0,3.0
east_39th_street/east_to_west/28_n00521_W_R.jpg,east_39th_street,east_to_west,28,n00521,W,R,2.0,3.0,3.0,3.0,3.0,3.0,3.0,5.0,3.0
east_39th_street/east_to_west/29_n00520_W_L.jpg,east_39th_street,east_to_west,29,n00520,W,L,2.0,3.0,3.0,3.0,5.0,3.0,3.0,5.0,3.0
east_39th_street/east_to_west/29_n00520_W_R.jpg,east_39th_street,east_to_west,29,n00520,W,R,1.0,3.0,2.0,3.0,5.0,3.0,5.0,7.0,4.0
east_39th_street/east_to_west/30_n00519_W_L.jpg,east_39th_street,east_to_west,30,n00519,W,L,1.0,3.0,1.0,3.0,5.0,1.0,3.0,5.0,3.0
east_39th_street/east_to_west/30_n00519_W_R.jpg,east_39th_street,east_to_west,30,n00519,W,R,1.0,3.0,1.0,3.0,5.0,1.0,5.0,5.0,4.0
east_39th_street/east_to_west/31_n00518_W_L.jpg,east_39th_street,east_to_west,31,n00518,W,L,1.0,5.0,1.0,5.0,6.0,1.0,3.0,3.0,3.0
east_39th_street/east_to_west/31_n00518_W_R.jpg,east_39th_street,east_to_west,31,n00518,W,R,1.0,3.0,1.0,3.0,3.0,1.0,3.0,7.0,5.0
east_39th_street/east_to_west/32_n00517_W_L.jpg,east_39th_street,east_to_west,32,n00517,W,L,1.0,5.0,2.0,3.0,3.0,2.0,1.0,5.0,3.0
east_39th_street/east_to_west/32_n00517_W_R.jpg,east_39th_street,east_to_west,32,n00517,W,R,1.0,3.0,1.0,3.0,6.0,1.0,1.0,5.0,3.0
east_39th_street/east_to_west/33_n00516_W_L.jpg,east_39th_street,east_to_west,33,n00516,W,L,1.0,5.0,1.0,3.0,3.0,1.0,3.0,5.0,3.0
east_39th_street/east_to_west/33_n00516_W_R.jpg,east_39th_street,east_to_west,33,n00516,W,R,2.0,5.0,3.0,3.0,6.0,3.0,1.0,3.0,3.0
east_39th_street/east_to_west/34_n00515_W_L.jpg,east_39th_street,east_to_west,34,n00515,W,L,1.0,5.0,3.0,3.0,3.0,3.0,5.0,7.0,3.0
east_39th_street/east_to_west/34_n00515_W_R.jpg,east_39th_street,east_to_west,34,n00515,W,R,2.0,5.0,2.0,3.0,6.0,3.0,3.0,7.0,3.0
east_39th_street/east_to_west/35_n00514_W_L.jpg,east_39th_street,east_to_west,35,n00514,W,L,1.0,5.0,3.0,3.0,3.0,3.0,1.0,5.0,1.0
east_39th_street/east_to_west/35_n00514_W_R.jpg,east_39th_street,east_to_west,35,n00514,W,R,1.0,3.0,1.0,3.0,3.0,2.0,3.0,7.0,3.0
east_39th_street/east_to_west/36_n00513_W_L.jpg,east_39th_street,east_to_west,36,n00513,W,L,2.0,5.0,3.0,3.0,6.0,3.0,1.0,3.0,3.0
east_39th_street/east_to_west/36_n00513_W_R.jpg,east_39th_street,east_to_west,36,n00513,W,R,1.0,6.0,1.0,1.0,6.0,1.0,5.0,3.0,3.0
east_39th_street/east_to_west/37_n00512_W_L.jpg,east_39th_street,east_to_west,37,n00512,W,L,1.0,3.0,2.0,3.0,3.0,3.0,1.0,3.0,3.0
east_39th_street/east_to_west/37_n00512_W_R.jpg,east_39th_street,east_to_west,37,n00512,W,R,1.0,6.0,1.0,3.0,5.0,1.0,3.0,7.0,5.0
east_39th_street/east_to_west/38_n00511_W_L.jpg,east_39th_street,east_to_west,38,n00511,W,L,1.0,7.0,1.0,3.0,3.0,3.0,1.0,7.0,3.0
east_39th_street/east_to_west/38_n00511_W_R.jpg,east_39th_street,east_to_west,38,n00511,W,R,1.0,7.0,3.0,3.0,6.0,3.0,5.0,7.0,3.0
east_39th_street/east_to_west/39_n00510_W_L.jpg,east_39th_street,east_to_west,39,n00510,W,L,1.0,6.0,1.0,3.0,5.0,1.0,3.0,5.0,3.0
east_39th_street/east_to_west/39_n00510_W_R.jpg,east_39th_street,east_to_west,39,n00510,W,R,2.0,6.0,3.0,3.0,5.0,3.0,5.0,7.0,5.0
east_39th_street/east_to_west/40_n00509_W_L.jpg,east_39th_street,east_to_west,40,n00509,W,L,1.0,6.0,3.0,3.0,3.0,3.0,1.0,3.0,1.0
east_39th_street/east_to_west/40_n00509_W_R.jpg,east_39th_street,east_to_west,40,n00509,W,R,1.0,6.0,1.0,3.0,3.0,1.0,3.0,5.0,3.0
east_39th_street/east_to_west/41_n00508_W_L.jpg,east_39th_street,east_to_west,41,n00508,W,L,1.0,5.0,2.0,3.0,3.0,3.0,3.0,5.0,3.0
east_39th_street/east_to_west/41_n00508_W_R.jpg,east_39th_street,east_to_west,41,n00508,W,R,1.0,6.0,1.0,3.0,3.0,1.0,1.0,3.0,3.0
east_39th_street/east_to_west/42_n00507_W_L.jpg,east_39th_street,east_to_west,42,n00507,W,L,1.0,5.0,1.0,3.0,6.0,1.0,3.0,7.0,3.0
east_39th_street/east_to_west/42_n00507_W_R.jpg,east_39th_street,east_to_west,42,n00507,W,R,1.0,6.0,1.0,3.0,3.0,1.0,3.0,7.0,3.0
east_39th_street/east_to_west/43_n00506_W_L.jpg,east_39th_street,east_to_west,43,n00506,W,L,2.0,5.0,3.0,3.0,6.0,3.0,1.0,5.0,3.0
east_39th_street/east_to_west/43_n00506_W_R.jpg,east_39th_street,east_to_west,43,n00506,W,R,1.0,5.0,1.0,3.0,3.0,1.0,3.0,7.0,3.0
east_39th_street/east_to_west/44_n00505_W_L.jpg,east_39th_street,east_to_west,44,n00505,W,L,1.0,3.0,2.0,3.0,6.0,2.0,5.0,7.0,3.0
east_39th_street/east_to_west/44_n00505_W_R.jpg,east_39th_street,east_to_west,44,n00505,W,R,1.0,5.0,1.0,3.0,5.0,1.0,5.0,5.0,4.0
east_39th_street/east_to_west/45_n00504_W_L.jpg,east_39th_street,east_to_west,45,n00504,W,L,1.0,3.0,1.0,1.0,3.0,1.0,1.0,7.0,3.0
east_39th_street/east_to_west/45_n00504_W_R.jpg,east_39th_street,east_to_west,45,n00504,W,R,2.0,5.0,3.0,3.0,6.0,3.0,3.0,5.0,5.0
east_39th_street/east_to_west/46_n00503_W_L.jpg,east_39th_street,east_to_west,46,n00503,W,L,1.0,5.0,1.0,3.0,3.0,1.0,3.0,7.0,3.0
east_39th_street/east_to_west/46_n00503_W_R.jpg,east_39th_street,east_to_west,46,n00503,W,R,1.0,6.0,1.0,3.0,5.0,1.0,5.0,7.0,5.0
east_39th_street/east_to_west/47_n00502_W_L.jpg,east_39th_street,east_to_west,47,n00502,W,L,1.0,6.0,1.0,3.0,6.0,1.0,1.0,7.0,3.0
east_39th_street/east_to_west/47_n00502_W_R.jpg,east_39th_street,east_to_west,47,n00502,W,R,1.0,6.0,1.0,3.0,6.0,1.0,5.0,7.0,5.0
east_39th_street/west_to_east/01_n00502_E_L.jpg,east_39th_street,west_to_east,1,n00502,E,L,1.0,5.0,1.0,3.0,3.0,1.0,3.0,5.0,5.0
east_39th_street/west_to_east/01_n00502_E_R.jpg,east_39th_street,west_to_east,1,n00502,E,R,1.0,6.0,1.0,3.0,3.0,1.0,3.0,7.0,3.0
east_39th_street/west_to_east/02_n00503_E_L.jpg,east_39th_street,west_to_east,2,n00503,E,L,1.0,5.0,1.0,3.0,3.0,1.0,3.0,5.0,3.0
east_39th_street/west_to_east/02_n00503_E_R.jpg,east_39th_street,west_to_east,2,n00503,E,R,1.0,3.0,1.0,3.0,3.0,1.0,3.0,3.0,3.0
east_39th_street/west_to_east/03_n00504_E_L.jpg,east_39th_street,west_to_east,3,n00504,E,L,1.0,5.0,1.0,3.0,3.0,1.0,5.0,7.0,4.0
east_39th_street/west_to_east/03_n00504_E_R.jpg,east_39th_street,west_to_east,3,n00504,E,R,1.0,3.0,1.0,3.0,3.0,1.0,3.0,7.0,3.0
east_39th_street/west_to_east/04_n00505_E_L.jpg,east_39th_street,west_to_east,4,n00505,E,L,1.0,5.0,1.0,3.0,3.0,1.0,3.0,3.0,3.0
east_39th_street/west_to_east/04_n00505_E_R.jpg,east_39th_street,west_to_east,4,n00505,E,R,3.0,5.0,3.0,3.0,6.0,5.0,1.0,7.0,3.0
east_39th_street/west_to_east/05_n00506_E_L.jpg,east_39th_street,west_to_east,5,n00506,E,L,1.0,6.0,1.0,3.0,6.0,1.0,5.0,7.0,3.0
east_39th_street/west_to_east/05_n00506_E_R.jpg,east_39th_street,west_to_east,5,n00506,E,R,2.0,5.0,3.0,3.0,6.0,3.0,3.0,5.0,3.0
east_39th_street/west_to_east/06_n00507_E_L.jpg,east_39th_street,west_to_east,6,n00507,E,L,1.0,6.0,1.0,3.0,5.0,1.0,3.0,7.0,3.0
east_39th_street/west_to_east/06_n00507_E_R.jpg,east_39th_street,west_to_east,6,n00507,E,R,2.0,6.0,3.0,3.0,6.0,3.0,3.0,3.0,3.0
east_39th_street/west_to_east/07_n00508_E_L.jpg,east_39th_street,west_to_east,7,n00508,E,L,1.0,6.0,1.0,3.0,6.0,1.0,3.0,7.0,3.0
east_39th_street/west_to_east/07_n00508_E_R.jpg,east_39th_street,west_to_east,7,n00508,E,R,2.0,6.0,3.0,3.0,6.0,3.0,1.0,3.0,1.0
east_39th_street/west_to_east/08_n00509_E_L.jpg,east_39th_street,west_to_east,8,n00509,E,L,1.0,5.0,2.0,3.0,5.0,3.0,3.0,5.0,3.0
east_39th_street/west_to_east/08_n00509_E_R.jpg,east_39th_street,west_to_east,8,n00509,E,R,1.0,5.0,3.0,3.0,6.0,3.0,1.0,5.0,3.0
east_39th_street/west_to_east/09_n00510_E_L.jpg,east_39th_street,west_to_east,9,n00510,E,L,1.0,7.0,3.0,3.0,6.0,3.0,3.0,7.0,3.0
east_39th_street/west_to_east/09_n00510_E_R.jpg,east_39th_street,west_to_east,9,n00510,E,R,2.0,5.0,3.0,3.0,5.0,3.0,1.0,3.0,3.0
east_39th_street/west_to_east/10_n00511_E_L.jpg,east_39th_street,west_to_east,10,n00511,E,L,1.0,6.0,1.0,3.0,5.0,1.0,3.0,7.0,3.0
east_39th_street/west_to_east/10_n00511_E_R.jpg,east_39th_street,west_to_east,10,n00511,E,R,1.0,5.0,1.0,3.0,6.0,1.0,3.0,3.0,3.0
east_39th_street/west_to_east/11_n00512_E_L.jpg,east_39th_street,west_to_east,11,n00512,E,L,1.0,6.0,1.0,3.0,6.0,1.0,5.0,3.0,3.0
east_39th_street/west_to_east/11_n00512_E_R.jpg,east_39th_street,west_to_east,11,n00512,E,R,2.0,5.0,3.0,3.0,6.0,3.0,3.0,5.0,3.0
east_39th_street/west_to_east/12_n00513_E_L.jpg,east_39th_street,west_to_east,12,n00513,E,L,1.0,5.0,1.0,3.0,3.0,1.0,3.0,7.0,3.0
east_39th_street/west_to_east/12_n00513_E_R.jpg,east_39th_street,west_to_east,12,n00513,E,R,1.0,5.0,2.0,3.0,6.0,3.0,3.0,5.0,3.0
east_39th_street/west_to_east/13_n00514_E_L.jpg,east_39th_street,west_to_east,13,n00514,E,L,2.0,3.0,3.0,3.0,5.0,3.0,3.0,7.0,3.0
east_39th_street/west_to_east/13_n00514_E_R.jpg,east_39th_street,west_to_east,13,n00514,E,R,2.0,5.0,2.0,3.0,3.0,3.0,5.0,7.0,3.0
east_39th_street/west_to_east/14_n00515_E_L.jpg,east_39th_street,west_to_east,14,n00515,E,L,1.0,6.0,2.0,3.0,3.0,3.0,1.0,5.0,3.0
east_39th_street/west_to_east/14_n00515_E_R.jpg,east_39th_street,west_to_east,14,n00515,E,R,1.0,5.0,1.0,3.0,3.0,1.0,3.0,7.0,3.0
east_39th_street/west_to_east/15_n00516_E_L.jpg,east_39th_street,west_to_east,15,n00516,E,L,2.0,3.0,3.0,3.0,5.0,3.0,1.0,5.0,3.0
east_39th_street/west_to_east/15_n00516_E_R.jpg,east_39th_street,west_to_east,15,n00516,E,R,3.0,5.0,3.0,3.0,3.0,3.0,1.0,5.0,3.0
east_39th_street/west_to_east/16_n00517_E_L.jpg,east_39th_street,west_to_east,16,n00517,E,L,1.0,3.0,1.0,3.0,3.0,1.0,1.0,5.0,3.0
east_39th_street/west_to_east/16_n00517_E_R.jpg,east_39th_street,west_to_east,16,n00517,E,R,1.0,3.0,1.0,3.0,6.0,1.0,3.0,7.0,3.0
east_39th_street/west_to_east/17_n00518_E_L.jpg,east_39th_street,west_to_east,17,n00518,E,L,1.0,3.0,3.0,3.0,5.0,3.0,5.0,7.0,3.0
east_39th_street/west_to_east/17_n00518_E_R.jpg,east_39th_street,west_to_east,17,n00518,E,R,1.0,5.0,2.0,3.0,5.0,3.0,5.0,5.0,5.0
east_39th_street/west_to_east/18_n00519_E_L.jpg,east_39th_street,west_to_east,18,n00519,E,L,2.0,5.0,3.0,3.0,5.0,3.0,5.0,7.0,4.0
east_39th_street/west_to_east/18_n00519_E_R.jpg,east_39th_street,west_to_east,18,n00519,E,R,2.0,5.0,3.0,3.0,5.0,3.0,5.0,7.0,3.0
east_39th_street/west_to_east/19_n00520_E_L.jpg,east_39th_street,west_to_east,19,n00520,E,L,2.0,5.0,3.0,3.0,3.0,3.0,3.0,5.0,3.0
east_39th_street/west_to_east/19_n00520_E_R.jpg,east_39th_street,west_to_east,19,n00520,E,R,1.0,5.0,2.0,3.0,6.0,3.0,5.0,5.0,3.0
east_39th_street/west_to_east/20_n00521_E_L.jpg,east_39th_street,west_to_east,20,n00521,E,L,1.0,3.0,2.0,3.0,3.0,1.0,5.0,7.0,3.0
east_39th_street/west_to_east/20_n00521_E_R.jpg,east_39th_street,west_to_east,20,n00521,E,R,3.0,5.0,3.0,3.0,6.0,5.0,1.0,7.0,3.0
east_39th_street/west_to_east/21_n00522_E_L.jpg,east_39th_street,west_to_east,21,n00522,E,L,1.0,5.0,1.0,3.0,3.0,1.0,3.0,3.0,3.0
east_39th_street/west_to_east/21_n00522_E_R.jpg,east_39th_street,west_to_east,21,n00522,E,R,1.0,5.0,1.0,3.0,3.0,1.0,5.0,5.0,3.0
east_39th_street/west_to_east/22_n00523_E_L.jpg,east_39th_street,west_to_east,22,n00523,E,L,1.0,5.0,2.0,3.0,3.0,3.0,1.0,5.0,3.0
east_39th_street/west_to_east/22_n00523_E_R.jpg,east_39th_street,west_to_east,22,n00523,E,R,1.0,3.0,2.0,3.0,3.0,2.0,5.0,5.0,4.0
east_39th_street/west_to_east/23_n00524_E_L.jpg,east_39th_street,west_to_east,23,n00524,E,L,1.0,5.0,2.0,3.0,5.0,3.0,1.0,5.0,3.0
east_39th_street/west_to_east/23_n00524_E_R.jpg,east_39th_street,west_to_east,23,n00524,E,R,1.0,3.0,1.0,3.0,3.0,1.0,3.0,7.0,3.0
east_39th_street/west_to_east/24_n00525_E_L.jpg,east_39th_street,west_to_east,24,n00525,E,L,1.0,7.0,1.0,3.0,3.0,1.0,5.0,7.0,3.0
east_39th_street/west_to_east/24_n00525_E_R.jpg,east_39th_street,west_to_east,24,n00525,E,R,1.0,6.0,1.0,3.0,3.0,1.0,3.0,5.0,3.0
east_39th_street/west_to_east/25_n00526_E_L.jpg,east_39th_street,west_to_east,25,n00526,E,L,1.0,7.0,1.0,3.0,3.0,1.0,5.0,7.0,5.0
east_39th_street/west_to_east/25_n00526_E_R.jpg,east_39th_street,west_to_east,25,n00526,E,R,1.0,6.0,1.0,3.0,5.0,1.0,6.0,7.0,4.0
east_39th_street/west_to_east/26_n00527_E_L.jpg,east_39th_street,west_to_east,26,n00527,E,L,2.0,6.0,3.0,3.0,5.0,3.0,5.0,7.0,5.0
east_39th_street/west_to_east/26_n00527_E_R.jpg,east_39th_street,west_to_east,26,n00527,E,R,1.0,5.0,2.0,3.0,5.0,3.0,5.0,7.0,5.0
east_39th_street/west_to_east/27_n00528_E_L.jpg,east_39th_street,west_to_east,27,n00528,E,L,1.0,6.0,2.0,3.0,5.0,2.0,6.0,7.0,5.0
east_39th_street/west_to_east/27_n00528_E_R.jpg,east_39th_street,west_to_east,27,n00528,E,R,1.0,3.0,1.0,3.0,3.0,2.0,3.0,7.0,3.0
east_39th_street/west_to_east/28_n00529_E_L.jpg,east_39th_street,west_to_east,28,n00529,E,L,1.0,5.0,1.0,3.0,3.0,1.0,3.0,5.0,3.0
east_39th_street/west_to_east/28_n00529_E_R.jpg,east_39th_street,west_to_east,28,n00529,E,R,1.0,6.0,1.0,3.0,5.0,1.0,5.0,7.0,3.0
east_39th_street/west_to_east/29_n00530_E_L.jpg,east_39th_street,west_to_east,29,n00530,E,L,3.0,6.0,3.0,3.0,6.0,3.0,5.0,5.0,3.0
east_39th_street/west_to_east/29_n00530_E_R.jpg,east_39th_street,west_to_east,29,n00530,E,R,2.0,6.0,3.0,3.0,6.0,3.0,1.0,3.0,3.0
east_39th_street/west_to_east/30_n00531_E_L.jpg,east_39th_street,west_to_east,30,n00531,E,L,1.0,5.0,2.0,3.0,5.0,2.0,3.0,7.0,3.0
east_39th_street/west_to_east/30_n00531_E_R.jpg,east_39th_street,west_to_east,30,n00531,E,R,3.0,5.0,3.0,3.0,6.0,5.0,1.0,5.0,3.0
east_39th_street/west_to_east/31_n00532_E_L.jpg,east_39th_street,west_to_east,31,n00532,E,L,2.0,3.0,3.0,3.0,3.0,3.0,1.0,5.0,3.0
east_39th_street/west_to_east/31_n00532_E_R.jpg,east_39th_street,west_to_east,31,n00532,E,R,2.0,6.0,3.0,3.0,6.0,3.0,1.0,3.0,3.0
east_39th_street/west_to_east/32_n00533_E_L.jpg,east_39th_street,west_to_east,32,n00533,E,L,1.0,3.0,2.0,3.0,3.0,2.0,1.0,5.0,1.0
east_39th_street/west_to_east/32_n00533_E_R.jpg,east_39th_street,west_to_east,32,n00533,E,R,3.0,3.0,5.0,3.0,6.0,5.0,1.0,5.0,3.0
east_39th_street/west_to_east/33_n00534_E_L.jpg,east_39th_street,west_to_east,33,n00534,E,L,1.0,3.0,1.0,3.0,3.0,1.0,1.0,5.0,3.0
east_39th_street/west_to_east/33_n00534_E_R.jpg,east_39th_street,west_to_east,33,n00534,E,R,3.0,3.0,3.0,3.0,6.0,5.0,3.0,3.0,3.0
east_39th_street/west_to_east/34_n00535_E_L.jpg,east_39th_street,west_to_east,34,n00535,E,L,1.0,6.0,1.0,3.0,5.0,1.0,5.0,5.0,3.0
east_39th_street/west_to_east/34_n00535_E_R.jpg,east_39th_street,west_to_east,34,n00535,E,R,1.0,3.0,1.0,3.0,6.0,1.0,3.0,5.0,3.0
east_39th_street/west_to_east/35_n00536_E_L.jpg,east_39th_street,west_to_east,35,n00536,E,L,1.0,6.0,1.0,3.0,3.0,1.0,1.0,7.0,3.0
east_39th_street/west_to_east/35_n00536_E_R.jpg,east_39th_street,west_to_east,35,n00536,E,R,1.0,5.0,1.0,3.0,3.0,1.0,5.0,5.0,3.0
east_39th_street/west_to_east/36_n00537_E_L.jpg,east_39th_street,west_to_east,36,n00537,E,L,1.0,3.0,1.0,3.0,3.0,1.0,1.0,3.0,1.0
east_39th_street/west_to_east/36_n00537_E_R.jpg,east_39th_street,west_to_east,36,n00537,E,R,1.0,5.0,1.0,3.0,5.0,1.0,5.0,7.0,4.0
east_39th_street/west_to_east/37_n00538_E_L.jpg,east_39th_street,west_to_east,37,n00538,E,L,1.0,3.0,1.0,3.0,3.0,1.0,1.0,3.0,1.0
east_39th_street/west_to_east/37_n00538_E_R.jpg,east_39th_street,west_to_east,37,n00538,E,R,1.0,5.0,1.0,3.0,6.0,1.0,1.0,3.0,1.0
east_39th_street/west_to_east/38_n00539_E_L.jpg,east_39th_street,west_to_east,38,n00539,E,L,1.0,3.0,1.0,3.0,1.0,1.0,1.0,3.0,1.0
east_39th_street/west_to_east/38_n00539_E_R.jpg,east_39th_street,west_to_east,38,n00539,E,R,1.0,5.0,3.0,3.0,6.0,3.0,3.0,3.0,3.0
east_39th_street/west_to_east/39_n00540_E_L.jpg,east_39th_street,west_to_east,39,n00540,E,L,1.0,3.0,1.0,3.0,3.0,1.0,1.0,3.0,1.0
east_39th_street/west_to_east/39_n00540_E_R.jpg,east_39th_street,west_to_east,39,n00540,E,R,1.0,3.0,1.0,3.0,3.0,1.0,3.0,5.0,3.0
east_39th_street/west_to_east/40_n00541_E_L.jpg,east_39th_street,west_to_east,40,n00541,E,L,1.0,5.0,1.0,3.0,3.0,1.0,1.0,1.0,1.0
east_39th_street/west_to_east/40_n00541_E_R.jpg,east_39th_street,west_to_east,40,n00541,E,R,1.0,3.0,2.0,3.0,6.0,3.0,3.0,5.0,3.0
east_39th_street/west_to_east/41_n00542_E_L.jpg,east_39th_street,west_to_east,41,n00542,E,L,1.0,5.0,1.0,3.0,3.0,1.0,1.0,3.0,1.0
east_39th_street/west_to_east/41_n00542_E_R.jpg,east_39th_street,west_to_east,41,n00542,E,R,2.0,5.0,3.0,3.0,6.0,3.0,1.0,3.0,3.0
east_39th_street/west_to_east/42_n00543_E_L.jpg,east_39th_street,west_to_east,42,n00543,E,L,1.0,1.0,1.0,1.0,1.0,1.0,1.0,1.0,1.0
east_39th_street/west_to_east/42_n00543_E_R.jpg,east_39th_street,west_to_east,42,n00543,E,R,1.0,6.0,1.0,1.0,1.0,1.0,1.0,7.0,1.0
east_39th_street/west_to_east/43_n00544_E_L.jpg,east_39th_street,west_to_east,43,n00544,E,L,1.0,6.0,1.0,3.0,3.0,1.0,1.0,3.0,1.0
east_39th_street/west_to_east/43_n00544_E_R.jpg,east_39th_street,west_to_east,43,n00544,E,R,1.0,5.0,3.0,3.0,3.0,3.0,1.0,3.0,1.0
east_39th_street/west_to_east/44_n00545_E_L.jpg,east_39th_street,west_to_east,44,n00545,E,L,1.0,7.0,1.0,3.0,3.0,1.0,1.0,1.0,3.0
east_39th_street/west_to_east/44_n00545_E_R.jpg,east_39th_street,west_to_east,44,n00545,E,R,1.0,3.0,1.0,1.0,1.0,1.0,1.0,3.0,2.0
east_39th_street/west_to_east/45_n00546_E_L.jpg,east_39th_street,west_to_east,45,n00546,E,L,1.0,6.0,1.0,5.0,3.0,1.0,5.0,3.0,3.0
east_39th_street/west_to_east/45_n00546_E_R.jpg,east_39th_street,west_to_east,45,n00546,E,R,1.0,1.0,1.0,1.0,1.0,1.0,1.0,1.0,1.0
east_39th_street/west_to_east/46_n00547_E_L.jpg,east_39th_street,west_to_east,46,n00547,E,L,1.0,1.0,1.0,5.0,3.0,1.0,3.0,3.0,3.0
east_39th_street/west_to_east/46_n00547_E_R.jpg,east_39th_street,west_to_east,46,n00547,E,R,1.0,3.0,1.0,3.0,3.0,1.0,1.0,3.0,3.0
east_39th_street/west_to_east/47_n00548_E_L.jpg,east_39th_street,west_to_east,47,n00548,E,L,1.0,2.0,1.0,5.0,3.0,1.0,3.0,3.0,3.0
east_39th_street/west_to_east/47_n00548_E_R.jpg,east_39th_street,west_to_east,47,n00548,E,R,1.0,3.0,1.0,5.0,3.0,1.0,1.0,3.0,3.0
east_40th_street/east_to_west/01_n00594_W_L.jpg,east_40th_street,east_to_west,1,n00594,W,L,1.0,7.0,2.0,3.0,3.0,2.0,1.0,3.0,3.0
east_40th_street/east_to_west/01_n00594_W_R.jpg,east_40th_street,east_to_west,1,n00594,W,R,1.0,3.0,1.0,1.0,1.0,1.0,1.0,7.0,1.0
east_40th_street/east_to_west/02_n00593_W_L.jpg,east_40th_street,east_to_west,2,n00593,W,L,1.0,3.0,2.0,3.0,5.0,3.0,1.0,5.0,3.0
east_40th_street/east_to_west/02_n00593_W_R.jpg,east_40th_street,east_to_west,2,n00593,W,R,1.0,7.0,1.0,1.0,3.0,1.0,1.0,1.0,1.0
east_40th_street/east_to_west/03_n00592_W_L.jpg,east_40th_street,east_to_west,3,n00592,W,L,1.0,3.0,2.0,3.0,3.0,2.0,1.0,5.0,3.0
east_40th_street/east_to_west/03_n00592_W_R.jpg,east_40th_street,east_to_west,3,n00592,W,R,1.0,6.0,1.0,1.0,1.0,1.0,1.0,1.0,1.0
east_40th_street/east_to_west/04_n00591_W_L.jpg,east_40th_street,east_to_west,4,n00591,W,L,1.0,7.0,1.0,1.0,3.0,1.0,1.0,1.0,1.0
east_40th_street/east_to_west/04_n00591_W_R.jpg,east_40th_street,east_to_west,4,n00591,W,R,1.0,6.0,2.0,3.0,3.0,2.0,1.0,3.0,3.0
east_40th_street/east_to_west/05_n00590_W_L.jpg,east_40th_street,east_to_west,5,n00590,W,L,1.0,6.0,1.0,3.0,3.0,1.0,1.0,7.0,3.0
east_40th_street/east_to_west/05_n00590_W_R.jpg,east_40th_street,east_to_west,5,n00590,W,R,1.0,5.0,1.0,1.0,3.0,1.0,3.0,3.0,3.0
east_40th_street/east_to_west/06_n00589_W_L.jpg,east_40th_street,east_to_west,6,n00589,W,L,1.0,7.0,2.0,1.0,3.0,2.0,1.0,1.0,1.0
east_40th_street/east_to_west/06_n00589_W_R.jpg,east_40th_street,east_to_west,6,n00589,W,R,1.0,5.0,2.0,1.0,3.0,3.0,3.0,3.0,3.0
east_40th_street/east_to_west/07_n00588_W_L.jpg,east_40th_street,east_to_west,7,n00588,W,L,1.0,5.0,1.0,3.0,3.0,1.0,1.0,5.0,3.0
east_40th_street/east_to_west/07_n00588_W_R.jpg,east_40th_street,east_to_west,7,n00588,W,R,1.0,5.0,1.0,3.0,3.0,1.0,3.0,3.0,3.0
east_40th_street/east_to_west/08_n00587_W_L.jpg,east_40th_street,east_to_west,8,n00587,W,L,1.0,5.0,1.0,1.0,3.0,1.0,1.0,3.0,3.0
east_40th_street/east_to_west/08_n00587_W_R.jpg,east_40th_street,east_to_west,8,n00587,W,R,3.0,3.0,3.0,3.0,6.0,5.0,1.0,3.0,3.0
east_40th_street/east_to_west/09_n00586_W_L.jpg,east_40th_street,east_to_west,9,n00586,W,L,3.0,5.0,3.0,3.0,3.0,3.0,1.0,5.0,1.0
east_40th_street/east_to_west/09_n00586_W_R.jpg,east_40th_street,east_to_west,9,n00586,W,R,2.0,5.0,3.0,3.0,3.0,3.0,3.0,5.0,3.0
east_40th_street/east_to_west/10_n00585_W_L.jpg,east_40th_street,east_to_west,10,n00585,W,L,2.0,5.0,3.0,3.0,3.0,3.0,1.0,5.0,3.0
east_40th_street/east_to_west/10_n00585_W_R.jpg,east_40th_street,east_to_west,10,n00585,W,R,3.0,3.0,3.0,3.0,3.0,3.0,1.0,3.0,3.0
east_40th_street/east_to_west/11_n00584_W_L.jpg,east_40th_street,east_to_west,11,n00584,W,L,1.0,6.0,2.0,3.0,3.0,3.0,3.0,5.0,3.0
east_40th_street/east_to_west/11_n00584_W_R.jpg,east_40th_street,east_to_west,11,n00584,W,R,1.0,6.0,2.0,3.0,3.0,2.0,1.0,5.0,3.0
east_40th_street/east_to_west/12_n00583_W_L.jpg,east_40th_street,east_to_west,12,n00583,W,L,1.0,5.0,1.0,3.0,6.0,1.0,5.0,5.0,5.0
east_40th_street/east_to_west/12_n00583_W_R.jpg,east_40th_street,east_to_west,12,n00583,W,R,2.0,5.0,3.0,3.0,6.0,3.0,3.0,5.0,3.0
east_40th_street/east_to_west/13_n00582_W_L.jpg,east_40th_street,east_to_west,13,n00582,W,L,2.0,3.0,3.0,3.0,6.0,3.0,3.0,5.0,3.0
east_40th_street/east_to_west/13_n00582_W_R.jpg,east_40th_street,east_to_west,13,n00582,W,R,2.0,5.0,3.0,3.0,5.0,3.0,3.0,3.0,3.0
east_40th_street/east_to_west/14_n00581_W_L.jpg,east_40th_street,east_to_west,14,n00581,W,L,2.0,3.0,3.0,3.0,3.0,3.0,3.0,5.0,3.0
east_40th_street/east_to_west/14_n00581_W_R.jpg,east_40th_street,east_to_west,14,n00581,W,R,2.0,5.0,3.0,3.0,6.0,3.0,1.0,5.0,1.0
east_40th_street/east_to_west/15_n00580_W_L.jpg,east_40th_street,east_to_west,15,n00580,W,L,1.0,3.0,1.0,1.0,3.0,1.0,1.0,7.0,1.0
east_40th_street/east_to_west/15_n00580_W_R.jpg,east_40th_street,east_to_west,15,n00580,W,R,2.0,6.0,3.0,3.0,5.0,3.0,3.0,7.0,3.0
east_40th_street/east_to_west/16_n00579_W_L.jpg,east_40th_street,east_to_west,16,n00579,W,L,1.0,3.0,2.0,3.0,6.0,3.0,1.0,7.0,3.0
east_40th_street/east_to_west/16_n00579_W_R.jpg,east_40th_street,east_to_west,16,n00579,W,R,1.0,6.0,1.0,1.0,6.0,1.0,3.0,3.0,1.0
east_40th_street/east_to_west/17_n00578_W_L.jpg,east_40th_street,east_to_west,17,n00578,W,L,1.0,6.0,1.0,3.0,6.0,1.0,1.0,7.0,3.0
east_40th_street/east_to_west/17_n00578_W_R.jpg,east_40th_street,east_to_west,17,n00578,W,R,1.0,6.0,1.0,1.0,6.0,1.0,1.0,3.0,3.0
east_40th_street/east_to_west/18_n00577_W_L.jpg,east_40th_street,east_to_west,18,n00577,W,L,1.0,7.0,1.0,3.0,5.0,1.0,1.0,7.0,3.0
east_40th_street/east_to_west/18_n00577_W_R.jpg,east_40th_street,east_to_west,18,n00577,W,R,1.0,7.0,1.0,1.0,3.0,1.0,3.0,3.0,1.0
east_40th_street/east_to_west/19_n00576_W_L.jpg,east_40th_street,east_to_west,19,n00576,W,L,1.0,7.0,1.0,3.0,6.0,1.0,1.0,3.0,3.0
east_40th_street/east_to_west/19_n00576_W_R.jpg,east_40th_street,east_to_west,19,n00576,W,R,2.0,6.0,2.0,3.0,3.0,1.0,1.0,5.0,3.0
east_40th_street/east_to_west/20_n00575_W_L.jpg,east_40th_street,east_to_west,20,n00575,W,L,1.0,6.0,1.0,3.0,6.0,1.0,3.0,7.0,6.0
east_40th_street/east_to_west/20_n00575_W_R.jpg,east_40th_street,east_to_west,20,n00575,W,R,1.0,6.0,1.0,1.0,3.0,1.0,3.0,5.0,3.0
east_40th_street/east_to_west/21_n00574_W_L.jpg,east_40th_street,east_to_west,21,n00574,W,L,1.0,7.0,1.0,3.0,6.0,1.0,3.0,7.0,3.0
east_40th_street/east_to_west/21_n00574_W_R.jpg,east_40th_street,east_to_west,21,n00574,W,R,1.0,5.0,1.0,3.0,5.0,1.0,5.0,5.0,5.0
east_40th_street/east_to_west/22_n00573_W_L.jpg,east_40th_street,east_to_west,22,n00573,W,L,1.0,6.0,1.0,3.0,6.0,3.0,3.0,5.0,3.0
east_40th_street/east_to_west/22_n00573_W_R.jpg,east_40th_street,east_to_west,22,n00573,W,R,1.0,6.0,1.0,3.0,6.0,1.0,5.0,5.0,5.0
east_40th_street/east_to_west/23_n00572_W_L.jpg,east_40th_street,east_to_west,23,n00572,W,L,1.0,6.0,1.0,3.0,6.0,1.0,6.0,7.0,5.0
east_40th_street/east_to_west/23_n00572_W_R.jpg,east_40th_street,east_to_west,23,n00572,W,R,1.0,6.0,1.0,3.0,6.0,1.0,6.0,7.0,5.0
east_40th_street/east_to_west/24_n00571_W_L.jpg,east_40th_street,east_to_west,24,n00571,W,L,1.0,3.0,1.0,3.0,5.0,1.0,5.0,5.0,3.0
east_40th_street/east_to_west/24_n00571_W_R.jpg,east_40th_street,east_to_west,24,n00571,W,R,3.0,6.0,3.0,3.0,6.0,3.0,1.0,5.0,3.0
east_40th_street/east_to_west/25_n00570_W_L.jpg,east_40th_street,east_to_west,25,n00570,W,L,1.0,5.0,1.0,3.0,6.0,2.0,1.0,7.0,3.0
east_40th_street/east_to_west/25_n00570_W_R.jpg,east_40th_street,east_to_west,25,n00570,W,R,1.0,6.0,1.0,3.0,6.0,1.0,3.0,3.0,3.0
east_40th_street/east_to_west/26_n00569_W_L.jpg,east_40th_street,east_to_west,26,n00569,W,L,2.0,5.0,3.0,3.0,5.0,3.0,1.0,3.0,3.0
east_40th_street/east_to_west/26_n00569_W_R.jpg,east_40th_street,east_to_west,26,n00569,W,R,1.0,6.0,1.0,3.0,3.0,2.0,1.0,5.0,3.0
east_40th_street/east_to_west/27_n00568_W_L.jpg,east_40th_street,east_to_west,27,n00568,W,L,3.0,5.0,3.0,3.0,5.0,3.0,3.0,5.0,3.0
east_40th_street/east_to_west/27_n00568_W_R.jpg,east_40th_street,east_to_west,27,n00568,W,R,1.0,3.0,1.0,1.0,1.0,1.0,1.0,1.0,1.0
east_40th_street/east_to_west/28_n00567_W_L.jpg,east_40th_street,east_to_west,28,n00567,W,L,2.0,3.0,3.0,3.0,5.0,3.0,6.0,5.0,3.0
east_40th_street/east_to_west/28_n00567_W_R.jpg,east_40th_street,east_to_west,28,n00567,W,R,1.0,1.0,1.0,1.0,1.0,1.0,1.0,1.0,1.0
east_40th_street/east_to_west/29_n00566_W_L.jpg,east_40th_street,east_to_west,29,n00566,W,L,1.0,3.0,1.0,3.0,6.0,2.0,5.0,5.0,3.0
east_40th_street/east_to_west/29_n00566_W_R.jpg,east_40th_street,east_to_west,29,n00566,W,R,1.0,3.0,1.0,3.0,3.0,1.0,3.0,7.0,3.0
east_40th_street/east_to_west/30_n00565_W_L.jpg,east_40th_street,east_to_west,30,n00565,W,L,1.0,5.0,2.0,3.0,5.0,3.0,5.0,5.0,5.0
east_40th_street/east_to_west/30_n00565_W_R.jpg,east_40th_street,east_to_west,30,n00565,W,R,1.0,5.0,1.0,3.0,3.0,1.0,1.0,3.0,3.0
east_40th_street/east_to_west/31_n00564_W_L.jpg,east_40th_street,east_to_west,31,n00564,W,L,1.0,5.0,2.0,3.0,5.0,1.0,5.0,5.0,3.0
east_40th_street/east_to_west/31_n00564_W_R.jpg,east_40th_street,east_to_west,31,n00564,W,R,1.0,3.0,1.0,1.0,3.0,1.0,1.0,3.0,1.0
east_40th_street/east_to_west/32_n00563_W_L.jpg,east_40th_street,east_to_west,32,n00563,W,L,1.0,5.0,2.0,3.0,6.0,1.0,5.0,7.0,3.0
east_40th_street/east_to_west/32_n00563_W_R.jpg,east_40th_street,east_to_west,32,n00563,W,R,1.0,3.0,1.0,3.0,3.0,1.0,3.0,3.0,3.0
east_40th_street/east_to_west/33_n00562_W_L.jpg,east_40th_street,east_to_west,33,n00562,W,L,1.0,5.0,1.0,3.0,5.0,1.0,5.0,7.0,5.0
east_40th_street/east_to_west/33_n00562_W_R.jpg,east_40th_street,east_to_west,33,n00562,W,R,2.0,5.0,3.0,3.0,3.0,3.0,3.0,5.0,3.0
east_40th_street/east_to_west/34_n00561_W_L.jpg,east_40th_street,east_to_west,34,n00561,W,L,1.0,5.0,1.0,3.0,3.0,1.0,3.0,5.0,3.0
east_40th_street/east_to_west/34_n00561_W_R.jpg,east_40th_street,east_to_west,34,n00561,W,R,3.0,6.0,3.0,3.0,6.0,3.0,1.0,5.0,3.0
east_40th_street/east_to_west/35_n00560_W_L.jpg,east_40th_street,east_to_west,35,n00560,W,L,1.0,5.0,1.0,3.0,3.0,1.0,3.0,7.0,3.0
east_40th_street/east_to_west/35_n00560_W_R.jpg,east_40th_street,east_to_west,35,n00560,W,R,1.0,6.0,3.0,3.0,6.0,3.0,1.0,7.0,3.0
east_40th_street/east_to_west/36_n00559_W_L.jpg,east_40th_street,east_to_west,36,n00559,W,L,1.0,5.0,1.0,3.0,5.0,1.0,6.0,7.0,5.0
east_40th_street/east_to_west/36_n00559_W_R.jpg,east_40th_street,east_to_west,36,n00559,W,R,2.0,5.0,3.0,3.0,6.0,3.0,1.0,7.0,3.0
east_40th_street/east_to_west/37_n00558_W_L.jpg,east_40th_street,east_to_west,37,n00558,W,L,1.0,7.0,1.0,3.0,6.0,1.0,3.0,5.0,3.0
east_40th_street/east_to_west/37_n00558_W_R.jpg,east_40th_street,east_to_west,37,n00558,W,R,1.0,7.0,1.0,3.0,6.0,1.0,5.0,7.0,3.0
east_40th_street/east_to_west/38_n00557_W_L.jpg,east_40th_street,east_to_west,38,n00557,W,L,2.0,6.0,3.0,3.0,6.0,3.0,5.0,7.0,5.0
east_40th_street/east_to_west/38_n00557_W_R.jpg,east_40th_street,east_to_west,38,n00557,W,R,1.0,6.0,1.0,3.0,6.0,2.0,3.0,7.0,5.0
east_40th_street/east_to_west/39_n00556_W_L.jpg,east_40th_street,east_to_west,39,n00556,W,L,1.0,6.0,1.0,3.0,3.0,1.0,6.0,7.0,5.0
east_40th_street/east_to_west/39_n00556_W_R.jpg,east_40th_street,east_to_west,39,n00556,W,R,1.0,7.0,1.0,3.0,3.0,1.0,5.0,5.0,5.0
east_40th_street/east_to_west/40_n00555_W_L.jpg,east_40th_street,east_to_west,40,n00555,W,L,1.0,6.0,1.0,1.0,3.0,1.0,1.0,7.0,3.0
east_40th_street/east_to_west/40_n00555_W_R.jpg,east_40th_street,east_to_west,40,n00555,W,R,1.0,6.0,1.0,1.0,3.0,1.0,3.0,5.0,3.0
east_40th_street/east_to_west/41_n00554_W_L.jpg,east_40th_street,east_to_west,41,n00554,W,L,1.0,5.0,2.0,3.0,3.0,2.0,1.0,5.0,3.0
east_40th_street/east_to_west/41_n00554_W_R.jpg,east_40th_street,east_to_west,41,n00554,W,R,1.0,6.0,1.0,3.0,3.0,1.0,1.0,7.0,3.0
east_40th_street/east_to_west/42_n00553_W_L.jpg,east_40th_street,east_to_west,42,n00553,W,L,1.0,5.0,1.0,3.0,3.0,1.0,5.0,5.0,3.0
east_40th_street/east_to_west/42_n00553_W_R.jpg,east_40th_street,east_to_west,42,n00553,W,R,1.0,5.0,1.0,1.0,3.0,1.0,1.0,5.0,3.0
east_40th_street/east_to_west/43_n00552_W_L.jpg,east_40th_street,east_to_west,43,n00552,W,L,1.0,6.0,1.0,3.0,3.0,1.0,5.0,7.0,3.0
east_40th_street/east_to_west/43_n00552_W_R.jpg,east_40th_street,east_to_west,43,n00552,W,R,1.0,6.0,1.0,1.0,3.0,1.0,6.0,7.0,3.0
east_40th_street/east_to_west/44_n00551_W_L.jpg,east_40th_street,east_to_west,44,n00551,W,L,1.0,5.0,1.0,3.0,3.0,1.0,5.0,7.0,3.0
east_40th_street/east_to_west/44_n00551_W_R.jpg,east_40th_street,east_to_west,44,n00551,W,R,1.0,5.0,1.0,3.0,6.0,1.0,3.0,7.0,5.0
east_40th_street/east_to_west/45_n00550_W_L.jpg,east_40th_street,east_to_west,45,n00550,W,L,1.0,6.0,1.0,3.0,3.0,1.0,5.0,7.0,5.0
east_40th_street/east_to_west/45_n00550_W_R.jpg,east_40th_street,east_to_west,45,n00550,W,R,1.0,6.0,1.0,3.0,6.0,1.0,5.0,7.0,5.0
east_40th_street/east_to_west/46_n00549_W_L.jpg,east_40th_street,east_to_west,46,n00549,W,L,1.0,5.0,1.0,3.0,3.0,1.0,5.0,7.0,4.0
east_40th_street/east_to_west/46_n00549_W_R.jpg,east_40th_street,east_to_west,46,n00549,W,R,1.0,5.0,1.0,3.0,6.0,1.0,5.0,7.0,5.0
east_40th_street/west_to_east/01_n00549_E_L.jpg,east_40th_street,west_to_east,1,n00549,E,L,1.0,6.0,1.0,3.0,5.0,1.0,3.0,7.0,3.0
east_40th_street/west_to_east/01_n00549_E_R.jpg,east_40th_street,west_to_east,1,n00549,E,R,1.0,6.0,1.0,3.0,5.0,1.0,5.0,7.0,5.0
east_40th_street/west_to_east/02_n00550_E_L.jpg,east_40th_street,west_to_east,2,n00550,E,L,1.0,5.0,1.0,1.0,3.0,1.0,3.0,7.0,3.0
east_40th_street/west_to_east/02_n00550_E_R.jpg,east_40th_street,west_to_east,2,n00550,E,R,1.0,6.0,1.0,3.0,5.0,1.0,5.0,5.0,3.0
east_40th_street/west_to_east/03_n00551_E_L.jpg,east_40th_street,west_to_east,3,n00551,E,L,1.0,6.0,1.0,3.0,5.0,1.0,3.0,7.0,5.0
east_40th_street/west_to_east/03_n00551_E_R.jpg,east_40th_street,west_to_east,3,n00551,E,R,1.0,6.0,1.0,3.0,3.0,1.0,5.0,7.0,3.0
east_40th_street/west_to_east/04_n00552_E_L.jpg,east_40th_street,west_to_east,4,n00552,E,L,1.0,6.0,1.0,1.0,1.0,1.0,1.0,3.0,1.0
east_40th_street/west_to_east/04_n00552_E_R.jpg,east_40th_street,west_to_east,4,n00552,E,R,1.0,6.0,1.0,1.0,3.0,1.0,3.0,7.0,3.0
east_40th_street/west_to_east/05_n00553_E_L.jpg,east_40th_street,west_to_east,5,n00553,E,L,1.0,7.0,1.0,1.0,3.0,1.0,1.0,7.0,3.0
east_40th_street/west_to_east/05_n00553_E_R.jpg,east_40th_street,west_to_east,5,n00553,E,R,1.0,5.0,2.0,3.0,3.0,1.0,3.0,5.0,3.0
east_40th_street/west_to_east/06_n00554_E_L.jpg,east_40th_street,west_to_east,6,n00554,E,L,1.0,6.0,1.0,1.0,1.0,1.0,1.0,7.0,1.0
east_40th_street/west_to_east/06_n00554_E_R.jpg,east_40th_street,west_to_east,6,n00554,E,R,2.0,6.0,3.0,3.0,3.0,3.0,3.0,5.0,5.0
east_40th_street/west_to_east/07_n00555_E_L.jpg,east_40th_street,west_to_east,7,n00555,E,L,1.0,6.0,1.0,3.0,3.0,1.0,5.0,5.0,5.0
east_40th_street/west_to_east/07_n00555_E_R.jpg,east_40th_street,west_to_east,7,n00555,E,R,1.0,6.0,1.0,3.0,3.0,1.0,5.0,7.0,4.0
east_40th_street/west_to_east/08_n00556_E_L.jpg,east_40th_street,west_to_east,8,n00556,E,L,1.0,5.0,2.0,3.0,5.0,2.0,3.0,7.0,3.0
east_40th_street/west_to_east/08_n00556_E_R.jpg,east_40th_street,west_to_east,8,n00556,E,R,1.0,3.0,1.0,3.0,5.0,1.0,3.0,7.0,3.0
east_40th_street/west_to_east/09_n00557_E_L.jpg,east_40th_street,west_to_east,9,n00557,E,L,1.0,7.0,1.0,3.0,3.0,1.0,3.0,7.0,3.0
east_40th_street/west_to_east/09_n00557_E_R.jpg,east_40th_street,west_to_east,9,n00557,E,R,1.0,7.0,1.0,3.0,6.0,1.0,5.0,7.0,3.0
east_40th_street/west_to_east/10_n00558_E_L.jpg,east_40th_street,west_to_east,10,n00558,E,L,1.0,7.0,2.0,3.0,6.0,2.0,3.0,7.0,3.0
east_40th_street/west_to_east/10_n00558_E_R.jpg,east_40th_street,west_to_east,10,n00558,E,R,1.0,6.0,3.0,3.0,3.0,2.0,3.0,7.0,3.0
east_40th_street/west_to_east/11_n00559_E_L.jpg,east_40th_street,west_to_east,11,n00559,E,L,2.0,6.0,3.0,3.0,6.0,3.0,1.0,7.0,1.0
east_40th_street/west_to_east/11_n00559_E_R.jpg,east_40th_street,west_to_east,11,n00559,E,R,1.0,5.0,1.0,3.0,3.0,1.0,3.0,5.0,3.0
east_40th_street/west_to_east/12_n00560_E_L.jpg,east_40th_street,west_to_east,12,n00560,E,L,2.0,6.0,3.0,3.0,6.0,3.0,1.0,5.0,3.0
east_40th_street/west_to_east/12_n00560_E_R.jpg,east_40th_street,west_to_east,12,n00560,E,R,1.0,5.0,1.0,3.0,3.0,1.0,3.0,5.0,3.0
east_40th_street/west_to_east/13_n00561_E_L.jpg,east_40th_street,west_to_east,13,n00561,E,L,3.0,6.0,3.0,3.0,6.0,3.0,3.0,5.0,3.0
east_40th_street/west_to_east/13_n00561_E_R.jpg,east_40th_street,west_to_east,13,n00561,E,R,1.0,5.0,1.0,3.0,3.0,1.0,3.0,5.0,3.0
east_40th_street/west_to_east/14_n00562_E_L.jpg,east_40th_street,west_to_east,14,n00562,E,L,1.0,6.0,1.0,1.0,3.0,1.0,5.0,7.0,1.0
east_40th_street/west_to_east/14_n00562_E_R.jpg,east_40th_street,west_to_east,14,n00562,E,R,1.0,5.0,1.0,3.0,3.0,1.0,3.0,7.0,3.0
east_40th_street/west_to_east/15_n00563_E_L.jpg,east_40th_street,west_to_east,15,n00563,E,L,1.0,3.0,1.0,1.0,3.0,1.0,1.0,3.0,1.0
east_40th_street/west_to_east/15_n00563_E_R.jpg,east_40th_street,west_to_east,15,n00563,E,R,1.0,5.0,2.0,3.0,5.0,1.0,5.0,7.0,5.0
east_40th_street/west_to_east/16_n00564_E_L.jpg,east_40th_street,west_to_east,16,n00564,E,L,1.0,3.0,1.0,1.0,3.0,1.0,1.0,3.0,1.0
east_40th_street/west_to_east/16_n00564_E_R.jpg,east_40th_street,west_to_east,16,n00564,E,R,1.0,5.0,1.0,3.0,5.0,1.0,5.0,5.0,5.0
east_40th_street/west_to_east/17_n00565_E_L.jpg,east_40th_street,west_to_east,17,n00565,E,L,1.0,5.0,1.0,3.0,3.0,1.0,3.0,7.0,3.0
east_40th_street/west_to_east/17_n00565_E_R.jpg,east_40th_street,west_to_east,17,n00565,E,R,1.0,3.0,1.0,3.0,3.0,1.0,5.0,5.0,4.0
east_40th_street/west_to_east/18_n00566_E_L.jpg,east_40th_street,west_to_east,18,n00566,E,L,1.0,1.0,1.0,1.0,1.0,1.0,1.0,1.0,1.0
east_40th_street/west_to_east/18_n00566_E_R.jpg,east_40th_street,west_to_east,18,n00566,E,R,2.0,3.0,3.0,3.0,6.0,3.0,5.0,5.0,4.0
east_40th_street/west_to_east/19_n00567_E_L.jpg,east_40th_street,west_to_east,19,n00567,E,L,1.0,1.0,1.0,1.0,1.0,1.0,1.0,1.0,1.0
east_40th_street/west_to_east/19_n00567_E_R.jpg,east_40th_street,west_to_east,19,n00567,E,R,1.0,5.0,2.0,3.0,6.0,2.0,1.0,3.0,3.0
east_40th_street/west_to_east/20_n00568_E_L.jpg,east_40th_street,west_to_east,20,n00568,E,L,2.0,5.0,3.0,3.0,3.0,3.0,1.0,5.0,3.0
east_40th_street/west_to_east/20_n00568_E_R.jpg,east_40th_street,west_to_east,20,n00568,E,R,3.0,5.0,3.0,3.0,5.0,3.0,1.0,3.0,3.0
east_40th_street/west_to_east/21_n00569_E_L.jpg,east_40th_street,west_to_east,21,n00569,E,L,1.0,6.0,1.0,3.0,5.0,1.0,3.0,5.0,3.0
east_40th_street/west_to_east/21_n00569_E_R.jpg,east_40th_street,west_to_east,21,n00569,E,R,1.0,5.0,1.0,1.0,3.0,1.0,1.0,7.0,3.0
east_40th_street/west_to_east/22_n00570_E_L.jpg,east_40th_street,west_to_east,22,n00570,E,L,1.0,3.0,2.0,3.0,5.0,3.0,1.0,3.0,3.0
east_40th_street/west_to_east/22_n00570_E_R.jpg,east_40th_street,west_to_east,22,n00570,E,R,1.0,7.0,1.0,3.0,6.0,1.0,3.0,3.0,3.0
east_40th_street/west_to_east/23_n00571_E_L.jpg,east_40th_street,west_to_east,23,n00571,E,L,2.0,6.0,3.0,3.0,3.0,3.0,1.0,7.0,3.0
east_40th_street/west_to_east/23_n00571_E_R.jpg,east_40th_street,west_to_east,23,n00571,E,R,1.0,6.0,1.0,3.0,6.0,1.0,6.0,7.0,5.0
east_40th_street/west_to_east/24_n00572_E_L.jpg,east_40th_street,west_to_east,24,n00572,E,L,1.0,7.0,1.0,3.0,3.0,1.0,5.0,7.0,3.0
east_40th_street/west_to_east/24_n00572_E_R.jpg,east_40th_street,west_to_east,24,n00572,E,R,1.0,7.0,1.0,3.0,6.0,1.0,3.0,7.0,3.0
east_40th_street/west_to_east/25_n00573_E_L.jpg,east_40th_street,west_to_east,25,n00573,E,L,1.0,6.0,1.0,3.0,3.0,1.0,5.0,7.0,3.0
east_40th_street/west_to_east/25_n00573_E_R.jpg,east_40th_street,west_to_east,25,n00573,E,R,1.0,6.0,1.0,3.0,6.0,1.0,5.0,7.0,5.0
east_40th_street/west_to_east/26_n00574_E_L.jpg,east_40th_street,west_to_east,26,n00574,E,L,1.0,6.0,1.0,3.0,3.0,1.0,3.0,3.0,3.0
east_40th_street/west_to_east/26_n00574_E_R.jpg,east_40th_street,west_to_east,26,n00574,E,R,1.0,7.0,1.0,3.0,3.0,1.0,5.0,7.0,5.0
east_40th_street/west_to_east/27_n00575_E_L.jpg,east_40th_street,west_to_east,27,n00575,E,L,3.0,6.0,1.0,3.0,3.0,2.0,1.0,5.0,3.0
east_40th_street/west_to_east/27_n00575_E_R.jpg,east_40th_street,west_to_east,27,n00575,E,R,1.0,7.0,1.0,3.0,6.0,1.0,5.0,7.0,5.0
east_40th_street/west_to_east/28_n00576_E_L.jpg,east_40th_street,west_to_east,28,n00576,E,L,1.0,5.0,1.0,3.0,3.0,1.0,1.0,7.0,2.0
east_40th_street/west_to_east/28_n00576_E_R.jpg,east_40th_street,west_to_east,28,n00576,E,R,1.0,5.0,1.0,3.0,6.0,1.0,1.0,7.0,3.0
east_40th_street/west_to_east/29_n00577_E_L.jpg,east_40th_street,west_to_east,29,n00577,E,L,1.0,6.0,1.0,3.0,6.0,1.0,1.0,3.0,3.0
east_40th_street/west_to_east/29_n00577_E_R.jpg,east_40th_street,west_to_east,29,n00577,E,R,2.0,3.0,3.0,3.0,3.0,3.0,1.0,5.0,3.0
east_40th_street/west_to_east/30_n00578_E_L.jpg,east_40th_street,west_to_east,30,n00578,E,L,1.0,6.0,1.0,1.0,3.0,1.0,3.0,3.0,3.0
east_40th_street/west_to_east/30_n00578_E_R.jpg,east_40th_street,west_to_east,30,n00578,E,R,1.0,3.0,1.0,3.0,3.0,1.0,1.0,3.0,3.0
east_40th_street/west_to_east/31_n00579_E_L.jpg,east_40th_street,west_to_east,31,n00579,E,L,1.0,6.0,3.0,3.0,6.0,3.0,1.0,7.0,3.0
east_40th_street/west_to_east/31_n00579_E_R.jpg,east_40th_street,west_to_east,31,n00579,E,R,1.0,5.0,1.0,3.0,3.0,1.0,1.0,7.0,3.0
east_40th_street/west_to_east/32_n00580_E_L.jpg,east_40th_street,west_to_east,32,n00580,E,L,2.0,6.0,3.0,3.0,6.0,3.0,1.0,7.0,1.0
east_40th_street/west_to_east/32_n00580_E_R.jpg,east_40th_street,west_to_east,32,n00580,E,R,1.0,3.0,1.0,3.0,3.0,1.0,3.0,5.0,3.0
east_40th_street/west_to_east/33_n00581_E_L.jpg,east_40th_street,west_to_east,33,n00581,E,L,1.0,6.0,1.0,3.0,3.0,2.0,3.0,5.0,3.0
east_40th_street/west_to_east/33_n00581_E_R.jpg,east_40th_street,west_to_east,33,n00581,E,R,2.0,5.0,3.0,3.0,3.0,3.0,3.0,5.0,3.0
east_40th_street/west_to_east/34_n00582_E_L.jpg,east_40th_street,west_to_east,34,n00582,E,L,1.0,6.0,2.0,3.0,3.0,3.0,1.0,5.0,3.0
east_40th_street/west_to_east/34_n00582_E_R.jpg,east_40th_street,west_to_east,34,n00582,E,R,1.0,5.0,3.0,3.0,6.0,3.0,3.0,5.0,3.0
east_40th_street/west_to_east/35_n00583_E_L.jpg,east_40th_street,west_to_east,35,n00583,E,L,1.0,6.0,1.0,3.0,3.0,1.0,3.0,5.0,3.0
east_40th_street/west_to_east/35_n00583_E_R.jpg,east_40th_street,west_to_east,35,n00583,E,R,1.0,6.0,1.0,3.0,3.0,1.0,3.0,7.0,3.0
east_40th_street/west_to_east/36_n00584_E_L.jpg,east_40th_street,west_to_east,36,n00584,E,L,1.0,5.0,2.0,3.0,5.0,3.0,3.0,3.0,3.0
east_40th_street/west_to_east/36_n00584_E_R.jpg,east_40th_street,west_to_east,36,n00584,E,R,3.0,5.0,3.0,3.0,5.0,3.0,3.0,5.0,3.0
east_40th_street/west_to_east/37_n00585_E_L.jpg,east_40th_street,west_to_east,37,n00585,E,L,2.0,5.0,3.0,3.0,3.0,3.0,1.0,3.0,3.0
east_40th_street/west_to_east/37_n00585_E_R.jpg,east_40th_street,west_to_east,37,n00585,E,R,3.0,5.0,3.0,3.0,3.0,3.0,1.0,3.0,3.0
east_40th_street/west_to_east/38_n00586_E_L.jpg,east_40th_street,west_to_east,38,n00586,E,L,3.0,5.0,3.0,3.0,3.0,3.0,1.0,5.0,3.0
east_40th_street/west_to_east/38_n00586_E_R.jpg,east_40th_street,west_to_east,38,n00586,E,R,1.0,3.0,1.0,3.0,3.0,1.0,1.0,3.0,1.0
east_40th_street/west_to_east/39_n00587_E_L.jpg,east_40th_street,west_to_east,39,n00587,E,L,1.0,6.0,1.0,3.0,3.0,1.0,3.0,5.0,3.0
east_40th_street/west_to_east/39_n00587_E_R.jpg,east_40th_street,west_to_east,39,n00587,E,R,1.0,3.0,1.0,3.0,3.0,1.0,1.0,1.0,1.0
east_40th_street/west_to_east/40_n00588_E_L.jpg,east_40th_street,west_to_east,40,n00588,E,L,1.0,6.0,1.0,1.0,3.0,1.0,3.0,3.0,1.0
east_40th_street/west_to_east/40_n00588_E_R.jpg,east_40th_street,west_to_east,40,n00588,E,R,1.0,7.0,1.0,1.0,3.0,1.0,1.0,3.0,1.0
east_40th_street/west_to_east/41_n00589_E_L.jpg,east_40th_street,west_to_east,41,n00589,E,L,2.0,5.0,2.0,3.0,5.0,3.0,3.0,3.0,3.0
east_40th_street/west_to_east/41_n00589_E_R.jpg,east_40th_street,west_to_east,41,n00589,E,R,1.0,5.0,1.0,3.0,3.0,2.0,1.0,3.0,3.0
east_40th_street/west_to_east/42_n00590_E_L.jpg,east_40th_street,west_to_east,42,n00590,E,L,1.0,5.0,1.0,1.0,3.0,2.0,1.0,3.0,1.0
east_40th_street/west_to_east/42_n00590_E_R.jpg,east_40th_street,west_to_east,42,n00590,E,R,1.0,5.0,1.0,1.0,3.0,1.0,1.0,1.0,1.0
east_40th_street/west_to_east/43_n00591_E_L.jpg,east_40th_street,west_to_east,43,n00591,E,L,1.0,6.0,1.0,1.0,3.0,1.0,1.0,1.0,1.0
east_40th_street/west_to_east/43_n00591_E_R.jpg,east_40th_street,west_to_east,43,n00591,E,R,1.0,5.0,2.0,3.0,3.0,2.0,1.0,5.0,3.0
east_40th_street/west_to_east/44_n00592_E_L.jpg,east_40th_street,west_to_east,44,n00592,E,L,1.0,1.0,1.0,1.0,1.0,1.0,1.0,3.0,1.0
east_40th_street/west_to_east/44_n00592_E_R.jpg,east_40th_street,west_to_east,44,n00592,E,R,1.0,7.0,2.0,3.0,3.0,2.0,1.0,3.0,3.0
east_40th_street/west_to_east/45_n00593_E_L.jpg,east_40th_street,west_to_east,45,n00593,E,L,1.0,6.0,1.0,3.0,3.0,1.0,1.0,3.0,3.0
east_40th_street/west_to_east/45_n00593_E_R.jpg,east_40th_street,west_to_east,45,n00593,E,R,1.0,7.0,1.0,3.0,6.0,1.0,1.0,3.0,3.0
east_40th_street/west_to_east/46_n00594_E_L.jpg,east_40th_street,west_to_east,46,n00594,E,L,1.0,2.0,1.0,3.0,3.0,1.0,3.0,3.0,2.0
east_40th_street/west_to_east/46_n00594_E_R.jpg,east_40th_street,west_to_east,46,n00594,E,R,1.0,3.0,1.0,5.0,3.0,1.0,1.0,3.0,3.0
east_41st_street/east_to_west/01_n00638_W_L.jpg,east_41st_street,east_to_west,1,n00638,W,L,3.0,6.0,3.0,3.0,6.0,3.0,1.0,3.0,1.0
east_41st_street/east_to_west/01_n00638_W_R.jpg,east_41st_street,east_to_west,1,n00638,W,R,3.0,3.0,3.0,3.0,6.0,5.0,1.0,3.0,1.0
east_41st_street/east_to_west/02_n00637_W_L.jpg,east_41st_street,east_to_west,2,n00637,W,L,2.0,6.0,2.0,3.0,3.0,3.0,1.0,5.0,1.0
east_41st_street/east_to_west/02_n00637_W_R.jpg,east_41st_street,east_to_west,2,n00637,W,R,2.0,3.0,3.0,3.0,3.0,3.0,1.0,5.0,1.0
east_41st_street/east_to_west/03_n00636_W_L.jpg,east_41st_street,east_to_west,3,n00636,W,L,2.0,6.0,3.0,3.0,3.0,3.0,1.0,5.0,1.0
east_41st_street/east_to_west/03_n00636_W_R.jpg,east_41st_street,east_to_west,3,n00636,W,R,2.0,5.0,3.0,3.0,6.0,3.0,1.0,5.0,2.0
east_41st_street/east_to_west/04_n00635_W_L.jpg,east_41st_street,east_to_west,4,n00635,W,L,2.0,5.0,3.0,3.0,3.0,3.0,1.0,5.0,3.0
east_41st_street/east_to_west/04_n00635_W_R.jpg,east_41st_street,east_to_west,4,n00635,W,R,3.0,5.0,3.0,3.0,5.0,3.0,1.0,5.0,3.0
east_41st_street/east_to_west/05_n00634_W_L.jpg,east_41st_street,east_to_west,5,n00634,W,L,1.0,5.0,1.0,3.0,3.0,1.0,3.0,7.0,3.0
east_41st_street/east_to_west/05_n00634_W_R.jpg,east_41st_street,east_to_west,5,n00634,W,R,3.0,5.0,5.0,3.0,6.0,5.0,1.0,7.0,3.0
east_41st_street/east_to_west/06_n00633_W_L.jpg,east_41st_street,east_to_west,6,n00633,W,L,2.0,3.0,2.0,3.0,3.0,3.0,3.0,5.0,3.0
east_41st_street/east_to_west/06_n00633_W_R.jpg,east_41st_street,east_to_west,6,n00633,W,R,3.0,5.0,3.0,3.0,6.0,3.0,1.0,5.0,1.0
east_41st_street/east_to_west/07_n00632_W_L.jpg,east_41st_street,east_to_west,7,n00632,W,L,1.0,5.0,2.0,3.0,3.0,2.0,1.0,5.0,3.0
east_41st_street/east_to_west/07_n00632_W_R.jpg,east_41st_street,east_to_west,7,n00632,W,R,1.0,5.0,1.0,1.0,6.0,1.0,1.0,3.0,1.0
east_41st_street/east_to_west/08_n00631_W_L.jpg,east_41st_street,east_to_west,8,n00631,W,L,1.0,5.0,2.0,3.0,3.0,2.0,1.0,5.0,3.0
east_41st_street/east_to_west/08_n00631_W_R.jpg,east_41st_street,east_to_west,8,n00631,W,R,1.0,6.0,1.0,3.0,3.0,2.0,1.0,3.0,3.0
east_41st_street/east_to_west/09_n00630_W_L.jpg,east_41st_street,east_to_west,9,n00630,W,L,1.0,5.0,1.0,3.0,3.0,1.0,3.0,5.0,3.0
east_41st_street/east_to_west/09_n00630_W_R.jpg,east_41st_street,east_to_west,9,n00630,W,R,1.0,7.0,1.0,3.0,3.0,1.0,3.0,7.0,3.0
east_41st_street/east_to_west/10_n00629_W_L.jpg,east_41st_street,east_to_west,10,n00629,W,L,1.0,3.0,1.0,3.0,3.0,1.0,5.0,7.0,5.0
east_41st_street/east_to_west/10_n00629_W_R.jpg,east_41st_street,east_to_west,10,n00629,W,R,1.0,1.0,1.0,1.0,3.0,1.0,3.0,3.0,3.0
east_41st_street/east_to_west/11_n00628_W_L.jpg,east_41st_street,east_to_west,11,n00628,W,L,1.0,5.0,1.0,3.0,3.0,1.0,3.0,7.0,3.0
east_41st_street/east_to_west/11_n00628_W_R.jpg,east_41st_street,east_to_west,11,n00628,W,R,1.0,5.0,1.0,1.0,3.0,1.0,1.0,5.0,3.0
east_41st_street/east_to_west/12_n00627_W_L.jpg,east_41st_street,east_to_west,12,n00627,W,L,2.0,3.0,3.0,3.0,3.0,3.0,3.0,7.0,3.0
east_41st_street/east_to_west/12_n00627_W_R.jpg,east_41st_street,east_to_west,12,n00627,W,R,1.0,5.0,1.0,1.0,3.0,1.0,1.0,3.0,3.0
east_41st_street/east_to_west/13_n00626_W_L.jpg,east_41st_street,east_to_west,13,n00626,W,L,1.0,5.0,1.0,3.0,3.0,1.0,1.0,5.0,3.0
east_41st_street/east_to_west/13_n00626_W_R.jpg,east_41st_street,east_to_west,13,n00626,W,R,3.0,5.0,1.0,3.0,3.0,1.0,3.0,5.0,3.0
east_41st_street/east_to_west/14_n00625_W_L.jpg,east_41st_street,east_to_west,14,n00625,W,L,1.0,5.0,1.0,3.0,3.0,1.0,1.0,5.0,3.0
east_41st_street/east_to_west/14_n00625_W_R.jpg,east_41st_street,east_to_west,14,n00625,W,R,1.0,3.0,1.0,1.0,3.0,1.0,1.0,3.0,3.0
east_41st_street/east_to_west/15_n00624_W_L.jpg,east_41st_street,east_to_west,15,n00624,W,L,1.0,6.0,1.0,3.0,3.0,1.0,6.0,7.0,3.0
east_41st_street/east_to_west/15_n00624_W_R.jpg,east_41st_street,east_to_west,15,n00624,W,R,1.0,5.0,1.0,3.0,3.0,1.0,5.0,5.0,3.0
east_41st_street/east_to_west/16_n00623_W_L.jpg,east_41st_street,east_to_west,16,n00623,W,L,1.0,3.0,1.0,1.0,5.0,1.0,3.0,3.0,3.0
east_41st_street/east_to_west/16_n00623_W_R.jpg,east_41st_street,east_to_west,16,n00623,W,R,2.0,5.0,3.0,3.0,6.0,3.0,3.0,5.0,3.0
east_41st_street/east_to_west/17_n00622_W_L.jpg,east_41st_street,east_to_west,17,n00622,W,L,3.0,5.0,3.0,3.0,3.0,3.0,1.0,5.0,3.0
east_41st_street/east_to_west/17_n00622_W_R.jpg,east_41st_street,east_to_west,17,n00622,W,R,2.0,5.0,3.0,3.0,3.0,3.0,1.0,5.0,3.0
east_41st_street/east_to_west/18_n00621_W_L.jpg,east_41st_street,east_to_west,18,n00621,W,L,1.0,6.0,1.0,3.0,3.0,1.0,1.0,5.0,3.0
east_41st_street/east_to_west/18_n00621_W_R.jpg,east_41st_street,east_to_west,18,n00621,W,R,1.0,6.0,1.0,3.0,3.0,1.0,5.0,5.0,4.0
east_41st_street/east_to_west/19_n00620_W_L.jpg,east_41st_street,east_to_west,19,n00620,W,L,1.0,6.0,1.0,3.0,3.0,1.0,3.0,7.0,3.0
east_41st_street/east_to_west/19_n00620_W_R.jpg,east_41st_street,east_to_west,19,n00620,W,R,2.0,5.0,3.0,3.0,6.0,3.0,3.0,5.0,3.0
east_41st_street/east_to_west/20_n00619_W_L.jpg,east_41st_street,east_to_west,20,n00619,W,L,1.0,6.0,1.0,3.0,6.0,1.0,5.0,7.0,5.0
east_41st_street/east_to_west/20_n00619_W_R.jpg,east_41st_street,east_to_west,20,n00619,W,R,1.0,7.0,1.0,3.0,6.0,1.0,3.0,7.0,3.0
east_41st_street/east_to_west/21_n00618_W_L.jpg,east_41st_street,east_to_west,21,n00618,W,L,1.0,6.0,2.0,3.0,6.0,2.0,6.0,5.0,5.0
east_41st_street/east_to_west/21_n00618_W_R.jpg,east_41st_street,east_to_west,21,n00618,W,R,1.0,7.0,2.0,3.0,6.0,1.0,3.0,7.0,5.0
east_41st_street/east_to_west/22_n00617_W_L.jpg,east_41st_street,east_to_west,22,n00617,W,L,3.0,5.0,3.0,3.0,6.0,5.0,1.0,5.0,3.0
east_41st_street/east_to_west/22_n00617_W_R.jpg,east_41st_street,east_to_west,22,n00617,W,R,1.0,7.0,1.0,1.0,5.0,1.0,1.0,1.0,3.0
east_41st_street/east_to_west/23_n00616_W_L.jpg,east_41st_street,east_to_west,23,n00616,W,L,1.0,6.0,1.0,3.0,3.0,1.0,3.0,5.0,3.0
east_41st_street/east_to_west/23_n00616_W_R.jpg,east_41st_street,east_to_west,23,n00616,W,R,1.0,7.0,1.0,1.0,3.0,1.0,1.0,5.0,3.0
east_41st_street/east_to_west/24_n00615_W_L.jpg,east_41st_street,east_to_west,24,n00615,W,L,1.0,6.0,1.0,3.0,3.0,1.0,3.0,7.0,3.0
east_41st_street/east_to_west/24_n00615_W_R.jpg,east_41st_street,east_to_west,24,n00615,W,R,1.0,7.0,1.0,1.0,3.0,1.0,1.0,3.0,3.0
east_41st_street/east_to_west/25_n00614_W_L.jpg,east_41st_street,east_to_west,25,n00614,W,L,1.0,5.0,1.0,3.0,3.0,1.0,5.0,5.0,5.0
east_41st_street/east_to_west/25_n00614_W_R.jpg,east_41st_street,east_to_west,25,n00614,W,R,1.0,7.0,1.0,3.0,5.0,1.0,1.0,3.0,3.0
east_41st_street/east_to_west/26_n00613_W_L.jpg,east_41st_street,east_to_west,26,n00613,W,L,2.0,5.0,2.0,3.0,6.0,3.0,5.0,5.0,5.0
east_41st_street/east_to_west/26_n00613_W_R.jpg,east_41st_street,east_to_west,26,n00613,W,R,1.0,7.0,1.0,3.0,3.0,1.0,5.0,3.0,5.0
east_41st_street/east_to_west/27_n00612_W_L.jpg,east_41st_street,east_to_west,27,n00612,W,L,1.0,5.0,1.0,3.0,3.0,2.0,5.0,5.0,5.0
east_41st_street/east_to_west/27_n00612_W_R.jpg,east_41st_street,east_to_west,27,n00612,W,R,1.0,6.0,1.0,3.0,6.0,1.0,6.0,7.0,5.0
east_41st_street/east_to_west/28_n00611_W_L.jpg,east_41st_street,east_to_west,28,n00611,W,L,1.0,5.0,1.0,3.0,5.0,1.0,5.0,7.0,3.0
east_41st_street/east_to_west/28_n00611_W_R.jpg,east_41st_street,east_to_west,28,n00611,W,R,1.0,6.0,1.0,3.0,6.0,1.0,5.0,7.0,5.0
east_41st_street/east_to_west/29_n00610_W_L.jpg,east_41st_street,east_to_west,29,n00610,W,L,1.0,6.0,1.0,3.0,3.0,1.0,3.0,7.0,3.0
east_41st_street/east_to_west/29_n00610_W_R.jpg,east_41st_street,east_to_west,29,n00610,W,R,1.0,6.0,1.0,3.0,3.0,1.0,5.0,7.0,3.0
east_41st_street/east_to_west/30_n00609_W_L.jpg,east_41st_street,east_to_west,30,n00609,W,L,1.0,3.0,1.0,3.0,3.0,1.0,5.0,7.0,3.0
east_41st_street/east_to_west/30_n00609_W_R.jpg,east_41st_street,east_to_west,30,n00609,W,R,1.0,6.0,1.0,3.0,3.0,1.0,5.0,7.0,3.0
east_41st_street/east_to_west/31_n00608_W_L.jpg,east_41st_street,east_to_west,31,n00608,W,L,1.0,6.0,1.0,3.0,3.0,1.0,1.0,5.0,3.0
east_41st_street/east_to_west/31_n00608_W_R.jpg,east_41st_street,east_to_west,31,n00608,W,R,1.0,6.0,1.0,3.0,3.0,1.0,1.0,5.0,3.0
east_41st_street/east_to_west/32_n00607_W_L.jpg,east_41st_street,east_to_west,32,n00607,W,L,1.0,7.0,1.0,3.0,3.0,1.0,1.0,7.0,3.0
east_41st_street/east_to_west/32_n00607_W_R.jpg,east_41st_street,east_to_west,32,n00607,W,R,1.0,5.0,1.0,1.0,5.0,1.0,3.0,7.0,3.0
east_41st_street/east_to_west/33_n00606_W_L.jpg,east_41st_street,east_to_west,33,n00606,W,L,1.0,6.0,1.0,3.0,3.0,1.0,1.0,7.0,3.0
east_41st_street/east_to_west/33_n00606_W_R.jpg,east_41st_street,east_to_west,33,n00606,W,R,1.0,6.0,1.0,3.0,3.0,1.0,3.0,7.0,3.0
east_41st_street/east_to_west/34_n00605_W_L.jpg,east_41st_street,east_to_west,34,n00605,W,L,1.0,6.0,1.0,3.0,6.0,1.0,1.0,7.0,3.0
east_41st_street/east_to_west/34_n00605_W_R.jpg,east_41st_street,east_to_west,34,n00605,W,R,1.0,3.0,1.0,3.0,3.0,1.0,5.0,5.0,5.0
east_41st_street/east_to_west/35_n00604_W_L.jpg,east_41st_street,east_to_west,35,n00604,W,L,1.0,3.0,1.0,3.0,3.0,1.0,1.0,3.0,3.0
east_41st_street/east_to_west/35_n00604_W_R.jpg,east_41st_street,east_to_west,35,n00604,W,R,1.0,3.0,1.0,3.0,6.0,1.0,3.0,7.0,3.0
east_41st_street/east_to_west/36_n00603_W_L.jpg,east_41st_street,east_to_west,36,n00603,W,L,1.0,6.0,1.0,3.0,3.0,1.0,5.0,7.0,5.0
east_41st_street/east_to_west/36_n00603_W_R.jpg,east_41st_street,east_to_west,36,n00603,W,R,1.0,6.0,2.0,1.0,5.0,2.0,3.0,7.0,3.0
east_41st_street/east_to_west/37_n00602_W_L.jpg,east_41st_street,east_to_west,37,n00602,W,L,1.0,6.0,2.0,3.0,5.0,2.0,5.0,5.0,6.0
east_41st_street/east_to_west/37_n00602_W_R.jpg,east_41st_street,east_to_west,37,n00602,W,R,1.0,6.0,1.0,1.0,6.0,1.0,3.0,5.0,3.0
east_41st_street/east_to_west/38_n00601_W_L.jpg,east_41st_street,east_to_west,38,n00601,W,L,1.0,5.0,1.0,3.0,6.0,1.0,5.0,7.0,5.0
east_41st_street/east_to_west/38_n00601_W_R.jpg,east_41st_street,east_to_west,38,n00601,W,R,1.0,5.0,1.0,1.0,3.0,1.0,1.0,7.0,3.0
east_41st_street/east_to_west/39_n00600_W_L.jpg,east_41st_street,east_to_west,39,n00600,W,L,2.0,6.0,3.0,3.0,6.0,3.0,5.0,7.0,5.0
east_41st_street/east_to_west/39_n00600_W_R.jpg,east_41st_street,east_to_west,39,n00600,W,R,1.0,3.0,1.0,1.0,3.0,1.0,1.0,7.0,3.0
east_41st_street/east_to_west/40_n00599_W_L.jpg,east_41st_street,east_to_west,40,n00599,W,L,1.0,7.0,1.0,3.0,3.0,1.0,5.0,7.0,5.0
east_41st_street/east_to_west/40_n00599_W_R.jpg,east_41st_street,east_to_west,40,n00599,W,R,1.0,3.0,1.0,1.0,3.0,1.0,1.0,3.0,3.0
east_41st_street/east_to_west/41_n00598_W_L.jpg,east_41st_street,east_to_west,41,n00598,W,L,1.0,6.0,1.0,3.0,3.0,1.0,5.0,7.0,3.0
east_41st_street/east_to_west/41_n00598_W_R.jpg,east_41st_street,east_to_west,41,n00598,W,R,3.0,3.0,3.0,1.0,3.0,3.0,3.0,7.0,3.0
east_41st_street/east_to_west/42_n00597_W_L.jpg,east_41st_street,east_to_west,42,n00597,W,L,1.0,5.0,1.0,3.0,3.0,1.0,5.0,7.0,3.0
east_41st_street/east_to_west/42_n00597_W_R.jpg,east_41st_street,east_to_west,42,n00597,W,R,3.0,3.0,3.0,3.0,5.0,5.0,5.0,5.0,5.0
east_41st_street/east_to_west/43_n00596_W_L.jpg,east_41st_street,east_to_west,43,n00596,W,L,1.0,6.0,1.0,3.0,5.0,1.0,5.0,7.0,5.0
east_41st_street/east_to_west/43_n00596_W_R.jpg,east_41st_street,east_to_west,43,n00596,W,R,1.0,6.0,1.0,3.0,6.0,1.0,5.0,7.0,3.0
east_41st_street/east_to_west/44_n00595_W_L.jpg,east_41st_street,east_to_west,44,n00595,W,L,1.0,6.0,1.0,3.0,6.0,1.0,5.0,7.0,5.0
east_41st_street/east_to_west/44_n00595_W_R.jpg,east_41st_street,east_to_west,44,n00595,W,R,1.0,6.0,1.0,3.0,6.0,2.0,3.0,7.0,3.0
east_41st_street/west_to_east/01_n00595_E_L.jpg,east_41st_street,west_to_east,1,n00595,E,L,1.0,5.0,1.0,3.0,3.0,1.0,5.0,5.0,5.0
east_41st_street/west_to_east/01_n00595_E_R.jpg,east_41st_street,west_to_east,1,n00595,E,R,1.0,6.0,1.0,3.0,5.0,1.0,5.0,7.0,3.0
east_41st_street/west_to_east/02_n00596_E_L.jpg,east_41st_street,west_to_east,2,n00596,E,L,5.0,3.0,3.0,3.0,3.0,5.0,5.0,7.0,3.0
east_41st_street/west_to_east/02_n00596_E_R.jpg,east_41st_street,west_to_east,2,n00596,E,R,1.0,5.0,1.0,1.0,3.0,1.0,5.0,5.0,3.0
east_41st_street/west_to_east/03_n00597_E_L.jpg,east_41st_street,west_to_east,3,n00597,E,L,3.0,3.0,3.0,3.0,3.0,3.0,3.0,7.0,3.0
east_41st_street/west_to_east/03_n00597_E_R.jpg,east_41st_street,west_to_east,3,n00597,E,R,3.0,6.0,1.0,2.0,3.0,1.0,3.0,7.0,3.0
east_41st_street/west_to_east/04_n00598_E_L.jpg,east_41st_street,west_to_east,4,n00598,E,L,1.0,3.0,1.0,1.0,3.0,1.0,3.0,7.0,3.0
east_41st_street/west_to_east/04_n00598_E_R.jpg,east_41st_street,west_to_east,4,n00598,E,R,1.0,5.0,1.0,3.0,5.0,1.0,5.0,7.0,4.0
east_41st_street/west_to_east/05_n00599_E_L.jpg,east_41st_street,west_to_east,5,n00599,E,L,1.0,3.0,1.0,1.0,3.0,1.0,1.0,7.0,3.0
east_41st_street/west_to_east/05_n00599_E_R.jpg,east_41st_street,west_to_east,5,n00599,E,R,2.0,5.0,3.0,3.0,6.0,3.0,6.0,7.0,4.0
east_41st_street/west_to_east/06_n00600_E_L.jpg,east_41st_street,west_to_east,6,n00600,E,L,1.0,5.0,1.0,1.0,3.0,1.0,1.0,5.0,3.0
east_41st_street/west_to_east/06_n00600_E_R.jpg,east_41st_street,west_to_east,6,n00600,E,R,1.0,6.0,1.0,3.0,5.0,1.0,5.0,5.0,5.0
east_41st_street/west_to_east/07_n00601_E_L.jpg,east_41st_street,west_to_east,7,n00601,E,L,1.0,5.0,1.0,1.0,3.0,1.0,1.0,3.0,2.0
east_41st_street/west_to_east/07_n00601_E_R.jpg,east_41st_street,west_to_east,7,n00601,E,R,1.0,6.0,1.0,3.0,6.0,1.0,5.0,3.0,5.0
east_41st_street/west_to_east/08_n00602_E_L.jpg,east_41st_street,west_to_east,8,n00602,E,L,1.0,3.0,1.0,3.0,6.0,1.0,5.0,7.0,3.0
east_41st_street/west_to_east/08_n00602_E_R.jpg,east_41st_street,west_to_east,8,n00602,E,R,1.0,6.0,1.0,3.0,3.0,1.0,5.0,5.0,3.0
east_41st_street/west_to_east/09_n00603_E_L.jpg,east_41st_street,west_to_east,9,n00603,E,L,1.0,1.0,1.0,1.0,3.0,1.0,1.0,3.0,3.0
east_41st_street/west_to_east/09_n00603_E_R.jpg,east_41st_street,west_to_east,9,n00603,E,R,1.0,1.0,1.0,1.0,3.0,1.0,1.0,3.0,3.0
east_41st_street/west_to_east/10_n00604_E_L.jpg,east_41st_street,west_to_east,10,n00604,E,L,1.0,6.0,2.0,3.0,6.0,2.0,6.0,7.0,5.0
east_41st_street/west_to_east/10_n00604_E_R.jpg,east_41st_street,west_to_east,10,n00604,E,R,1.0,7.0,1.0,3.0,6.0,2.0,5.0,7.0,5.0
east_41st_street/west_to_east/11_n00605_E_L.jpg,east_41st_street,west_to_east,11,n00605,E,L,1.0,6.0,1.0,3.0,3.0,1.0,5.0,7.0,5.0
east_41st_street/west_to_east/11_n00605_E_R.jpg,east_41st_street,west_to_east,11,n00605,E,R,1.0,7.0,2.0,1.0,3.0,1.0,5.0,7.0,3.0
east_41st_street/west_to_east/12_n00606_E_L.jpg,east_41st_street,west_to_east,12,n00606,E,L,1.0,5.0,1.0,3.0,3.0,1.0,3.0,7.0,3.0
east_41st_street/west_to_east/12_n00606_E_R.jpg,east_41st_street,west_to_east,12,n00606,E,R,1.0,7.0,1.0,3.0,3.0,1.0,1.0,7.0,3.0
east_41st_street/west_to_east/13_n00607_E_L.jpg,east_41st_street,west_to_east,13,n00607,E,L,1.0,6.0,1.0,3.0,5.0,1.0,3.0,3.0,3.0
east_41st_street/west_to_east/13_n00607_E_R.jpg,east_41st_street,west_to_east,13,n00607,E,R,1.0,7.0,1.0,1.0,3.0,1.0,1.0,7.0,3.0
east_41st_street/west_to_east/14_n00608_E_L.jpg,east_41st_street,west_to_east,14,n00608,E,L,1.0,6.0,1.0,3.0,3.0,1.0,5.0,7.0,5.0
east_41st_street/west_to_east/14_n00608_E_R.jpg,east_41st_street,west_to_east,14,n00608,E,R,1.0,3.0,1.0,1.0,3.0,1.0,3.0,3.0,3.0
east_41st_street/west_to_east/15_n00609_E_L.jpg,east_41st_street,west_to_east,15,n00609,E,L,1.0,6.0,1.0,3.0,3.0,1.0,5.0,5.0,3.0
east_41st_street/west_to_east/15_n00609_E_R.jpg,east_41st_street,west_to_east,15,n00609,E,R,1.0,3.0,1.0,3.0,3.0,1.0,5.0,5.0,3.0
east_41st_street/west_to_east/16_n00610_E_L.jpg,east_41st_street,west_to_east,16,n00610,E,L,1.0,5.0,1.0,3.0,6.0,1.0,3.0,7.0,3.0
east_41st_street/west_to_east/16_n00610_E_R.jpg,east_41st_street,west_to_east,16,n00610,E,R,1.0,5.0,1.0,3.0,3.0,1.0,5.0,5.0,3.0
east_41st_street/west_to_east/17_n00611_E_L.jpg,east_41st_street,west_to_east,17,n00611,E,L,1.0,7.0,1.0,3.0,3.0,1.0,5.0,7.0,5.0
east_41st_street/west_to_east/17_n00611_E_R.jpg,east_41st_street,west_to_east,17,n00611,E,R,1.0,5.0,2.0,3.0,5.0,2.0,5.0,5.0,4.0
east_41st_street/west_to_east/18_n00612_E_L.jpg,east_41st_street,west_to_east,18,n00612,E,L,1.0,7.0,1.0,3.0,3.0,1.0,5.0,3.0,5.0
east_41st_street/west_to_east/18_n00612_E_R.jpg,east_41st_street,west_to_east,18,n00612,E,R,1.0,3.0,2.0,3.0,5.0,2.0,3.0,5.0,5.0
east_41st_street/west_to_east/19_n00613_E_L.jpg,east_41st_street,west_to_east,19,n00613,E,L,1.0,7.0,1.0,3.0,6.0,1.0,1.0,3.0,3.0
east_41st_street/west_to_east/19_n00613_E_R.jpg,east_41st_street,west_to_east,19,n00613,E,R,1.0,5.0,2.0,3.0,3.0,2.0,3.0,5.0,3.0
east_41st_street/west_to_east/20_n00614_E_L.jpg,east_41st_street,west_to_east,20,n00614,E,L,1.0,7.0,1.0,3.0,3.0,1.0,1.0,3.0,2.0
east_41st_street/west_to_east/20_n00614_E_R.jpg,east_41st_street,west_to_east,20,n00614,E,R,1.0,6.0,1.0,3.0,3.0,1.0,3.0,7.0,3.0
east_41st_street/west_to_east/21_n00615_E_L.jpg,east_41st_street,west_to_east,21,n00615,E,L,1.0,7.0,1.0,1.0,3.0,1.0,1.0,7.0,3.0
east_41st_street/west_to_east/21_n00615_E_R.jpg,east_41st_street,west_to_east,21,n00615,E,R,1.0,6.0,1.0,3.0,6.0,1.0,3.0,5.0,3.0
east_41st_street/west_to_east/22_n00616_E_L.jpg,east_41st_street,west_to_east,22,n00616,E,L,1.0,7.0,1.0,3.0,6.0,1.0,1.0,3.0,3.0
east_41st_street/west_to_east/22_n00616_E_R.jpg,east_41st_street,west_to_east,22,n00616,E,R,3.0,5.0,3.0,3.0,6.0,5.0,3.0,5.0,3.0
east_41st_street/west_to_east/23_n00617_E_L.jpg,east_41st_street,west_to_east,23,n00617,E,L,1.0,7.0,2.0,3.0,3.0,3.0,3.0,3.0,3.0
east_41st_street/west_to_east/23_n00617_E_R.jpg,east_41st_street,west_to_east,23,n00617,E,R,1.0,6.0,1.0,3.0,3.0,1.0,5.0,5.0,5.0
east_41st_street/west_to_east/24_n00618_E_L.jpg,east_41st_street,west_to_east,24,n00618,E,L,1.0,7.0,1.0,3.0,5.0,1.0,3.0,5.0,3.0
east_41st_street/west_to_east/24_n00618_E_R.jpg,east_41st_street,west_to_east,24,n00618,E,R,1.0,6.0,1.0,3.0,6.0,1.0,3.0,7.0,4.0
east_41st_street/west_to_east/25_n00619_E_L.jpg,east_41st_street,west_to_east,25,n00619,E,L,1.0,7.0,1.0,3.0,6.0,1.0,6.0,5.0,5.0
east_41st_street/west_to_east/25_n00619_E_R.jpg,east_41st_street,west_to_east,25,n00619,E,R,1.0,6.0,1.0,3.0,5.0,1.0,3.0,7.0,3.0
east_41st_street/west_to_east/26_n00620_E_L.jpg,east_41st_street,west_to_east,26,n00620,E,L,1.0,5.0,1.0,3.0,3.0,1.0,3.0,5.0,3.0
east_41st_street/west_to_east/26_n00620_E_R.jpg,east_41st_street,west_to_east,26,n00620,E,R,1.0,6.0,2.0,3.0,3.0,1.0,5.0,5.0,5.0
east_41st_street/west_to_east/27_n00621_E_L.jpg,east_41st_street,west_to_east,27,n00621,E,L,2.0,5.0,3.0,3.0,5.0,3.0,1.0,5.0,3.0
east_41st_street/west_to_east/27_n00621_E_R.jpg,east_41st_street,west_to_east,27,n00621,E,R,2.0,6.0,3.0,3.0,3.0,3.0,1.0,5.0,3.0
east_41st_street/west_to_east/28_n00622_E_L.jpg,east_41st_street,west_to_east,28,n00622,E,L,2.0,5.0,3.0,3.0,3.0,3.0,1.0,5.0,3.0
east_41st_street/west_to_east/28_n00622_E_R.jpg,east_41st_street,west_to_east,28,n00622,E,R,3.0,3.0,3.0,3.0,3.0,3.0,3.0,5.0,3.0
east_41st_street/west_to_east/29_n00623_E_L.jpg,east_41st_street,west_to_east,29,n00623,E,L,1.0,5.0,1.0,3.0,3.0,1.0,3.0,3.0,3.0
east_41st_street/west_to_east/29_n00623_E_R.jpg,east_41st_street,west_to_east,29,n00623,E,R,1.0,7.0,1.0,3.0,6.0,1.0,3.0,7.0,3.0
east_41st_street/west_to_east/30_n00624_E_L.jpg,east_41st_street,west_to_east,30,n00624,E,L,1.0,3.0,1.0,1.0,3.0,1.0,1.0,3.0,3.0
east_41st_street/west_to_east/30_n00624_E_R.jpg,east_41st_street,west_to_east,30,n00624,E,R,1.0,5.0,1.0,3.0,5.0,1.0,3.0,5.0,3.0
east_41st_street/west_to_east/31_n00625_E_L.jpg,east_41st_street,west_to_east,31,n00625,E,L,1.0,5.0,1.0,1.0,3.0,1.0,3.0,7.0,3.0
east_41st_street/west_to_east/31_n00625_E_R.jpg,east_41st_street,west_to_east,31,n00625,E,R,1.0,5.0,1.0,1.0,3.0,1.0,3.0,7.0,3.0
east_41st_street/west_to_east/32_n00626_E_L.jpg,east_41st_street,west_to_east,32,n00626,E,L,1.0,3.0,1.0,1.0,3.0,1.0,1.0,5.0,3.0
east_41st_street/west_to_east/32_n00626_E_R.jpg,east_41st_street,west_to_east,32,n00626,E,R,1.0,5.0,1.0,3.0,3.0,1.0,3.0,5.0,3.0
east_41st_street/west_to_east/33_n00627_E_L.jpg,east_41st_street,west_to_east,33,n00627,E,L,1.0,3.0,1.0,1.0,3.0,1.0,1.0,3.0,3.0
east_41st_street/west_to_east/33_n00627_E_R.jpg,east_41st_street,west_to_east,33,n00627,E,R,1.0,5.0,1.0,1.0,3.0,1.0,5.0,7.0,3.0
east_41st_street/west_to_east/34_n00628_E_L.jpg,east_41st_street,west_to_east,34,n00628,E,L,1.0,3.0,1.0,3.0,3.0,1.0,1.0,5.0,3.0
east_41st_street/west_to_east/34_n00628_E_R.jpg,east_41st_street,west_to_east,34,n00628,E,R,1.0,3.0,3.0,3.0,5.0,3.0,3.0,3.0,5.0
east_41st_street/west_to_east/35_n00629_E_L.jpg,east_41st_street,west_to_east,35,n00629,E,L,1.0,7.0,2.0,3.0,6.0,2.0,3.0,3.0,5.0
east_41st_street/west_to_east/35_n00629_E_R.jpg,east_41st_street,west_to_east,35,n00629,E,R,1.0,5.0,1.0,3.0,3.0,1.0,3.0,5.0,3.0
east_41st_street/west_to_east/36_n00630_E_L.jpg,east_41st_street,west_to_east,36,n00630,E,L,1.0,6.0,1.0,3.0,6.0,1.0,3.0,3.0,5.0
east_41st_street/west_to_east/36_n00630_E_R.jpg,east_41st_street,west_to_east,36,n00630,E,R,1.0,6.0,1.0,3.0,6.0,1.0,3.0,5.0,3.0
east_41st_street/west_to_east/37_n00631_E_L.jpg,east_41st_street,west_to_east,37,n00631,E,L,1.0,5.0,1.0,3.0,6.0,1.0,1.0,3.0,1.0
east_41st_street/west_to_east/37_n00631_E_R.jpg,east_41st_street,west_to_east,37,n00631,E,R,1.0,5.0,1.0,1.0,3.0,1.0,1.0,5.0,3.0
east_41st_street/west_to_east/38_n00632_E_L.jpg,east_41st_street,west_to_east,38,n00632,E,L,1.0,6.0,2.0,3.0,6.0,3.0,1.0,3.0,1.0
east_41st_street/west_to_east/38_n00632_E_R.jpg,east_41st_street,west_to_east,38,n00632,E,R,1.0,5.0,1.0,3.0,3.0,1.0,3.0,5.0,3.0
east_41st_street/west_to_east/39_n00633_E_L.jpg,east_41st_street,west_to_east,39,n00633,E,L,3.0,3.0,5.0,3.0,6.0,5.0,1.0,3.0,3.0
east_41st_street/west_to_east/39_n00633_E_R.jpg,east_41st_street,west_to_east,39,n00633,E,R,1.0,5.0,1.0,3.0,3.0,1.0,1.0,5.0,3.0
east_41st_street/west_to_east/40_n00634_E_L.jpg,east_41st_street,west_to_east,40,n00634,E,L,3.0,3.0,3.0,3.0,6.0,5.0,1.0,5.0,1.0
east_41st_street/west_to_east/40_n00634_E_R.jpg,east_41st_street,west_to_east,40,n00634,E,R,1.0,6.0,1.0,3.0,3.0,1.0,1.0,5.0,3.0
east_41st_street/west_to_east/41_n00635_E_L.jpg,east_41st_street,west_to_east,41,n00635,E,L,2.0,5.0,3.0,3.0,6.0,3.0,1.0,3.0,3.0
east_41st_street/west_to_east/41_n00635_E_R.jpg,east_41st_street,west_to_east,41,n00635,E,R,3.0,5.0,3.0,3.0,3.0,3.0,1.0,3.0,1.0
east_41st_street/west_to_east/42_n00636_E_L.jpg,east_41st_street,west_to_east,42,n00636,E,L,1.0,3.0,3.0,3.0,6.0,3.0,1.0,3.0,1.0
east_41st_street/west_to_east/42_n00636_E_R.jpg,east_41st_street,west_to_east,42,n00636,E,R,2.0,5.0,3.0,3.0,3.0,3.0,1.0,3.0,1.0
east_41st_street/west_to_east/43_n00637_E_L.jpg,east_41st_street,west_to_east,43,n00637,E,L,2.0,5.0,3.0,3.0,6.0,3.0,3.0,5.0,3.0
east_41st_street/west_to_east/43_n00637_E_R.jpg,east_41st_street,west_to_east,43,n00637,E,R,1.0,6.0,2.0,3.0,3.0,3.0,3.0,7.0,3.0
east_41st_street/west_to_east/44_n00638_E_L.jpg,east_41st_street,west_to_east,44,n00638,E,L,2.0,5.0,3.0,3.0,5.0,3.0,5.0,5.0,3.0
east_41st_street/west_to_east/44_n00638_E_R.jpg,east_41st_street,west_to_east,44,n00638,E,R,2.0,6.0,3.0,3.0,6.0,3.0,3.0,3.0,3.0
east_42nd_street/east_to_west/01_n00686_W_L.jpg,east_42nd_street,east_to_west,1,n00686,W,L,1.0,3.0,1.0,3.0,3.0,1.0,1.0,3.0,1.0
east_42nd_street/east_to_west/01_n00686_W_R.jpg,east_42nd_street,east_to_west,1,n00686,W,R,1.0,3.0,1.0,3.0,3.0,1.0,3.0,3.0,1.0
east_42nd_street/east_to_west/02_n00685_W_L.jpg,east_42nd_street,east_to_west,2,n00685,W,L,1.0,1.0,1.0,1.0,3.0,1.0,1.0,1.0,1.0
east_42nd_street/east_to_west/02_n00685_W_R.jpg,east_42nd_street,east_to_west,2,n00685,W,R,1.0,5.0,1.0,1.0,3.0,1.0,1.0,1.0,2.0
east_42nd_street/east_to_west/03_n00684_W_L.jpg,east_42nd_street,east_to_west,3,n00684,W,L,1.0,1.0,2.0,1.0,3.0,2.0,1.0,3.0,1.0
east_42nd_street/east_to_west/03_n00684_W_R.jpg,east_42nd_street,east_to_west,3,n00684,W,R,1.0,3.0,1.0,1.0,3.0,1.0,1.0,3.0,1.0
east_42nd_street/east_to_west/04_n00683_W_L.jpg,east_42nd_street,east_to_west,4,n00683,W,L,1.0,3.0,2.0,3.0,3.0,3.0,1.0,3.0,1.0
east_42nd_street/east_to_west/04_n00683_W_R.jpg,east_42nd_street,east_to_west,4,n00683,W,R,1.0,5.0,1.0,3.0,3.0,1.0,1.0,3.0,1.0
east_42nd_street/east_to_west/05_n00682_W_L.jpg,east_42nd_street,east_to_west,5,n00682,W,L,1.0,5.0,2.0,3.0,3.0,2.0,1.0,5.0,1.0
east_42nd_street/east_to_west/05_n00682_W_R.jpg,east_42nd_street,east_to_west,5,n00682,W,R,2.0,6.0,3.0,3.0,6.0,3.0,1.0,5.0,1.0
east_42nd_street/east_to_west/06_n00681_W_L.jpg,east_42nd_street,east_to_west,6,n00681,W,L,1.0,3.0,1.0,3.0,3.0,1.0,1.0,5.0,3.0
east_42nd_street/east_to_west/06_n00681_W_R.jpg,east_42nd_street,east_to_west,6,n00681,W,R,2.0,6.0,2.0,3.0,3.0,3.0,1.0,5.0,3.0
east_42nd_street/east_to_west/07_n00680_W_L.jpg,east_42nd_street,east_to_west,7,n00680,W,L,1.0,5.0,1.0,3.0,3.0,1.0,1.0,5.0,3.0
east_42nd_street/east_to_west/07_n00680_W_R.jpg,east_42nd_street,east_to_west,7,n00680,W,R,2.0,6.0,2.0,3.0,3.0,3.0,1.0,5.0,3.0
east_42nd_street/east_to_west/08_n00679_W_L.jpg,east_42nd_street,east_to_west,8,n00679,W,L,1.0,3.0,2.0,3.0,3.0,3.0,1.0,5.0,3.0
east_42nd_street/east_to_west/08_n00679_W_R.jpg,east_42nd_street,east_to_west,8,n00679,W,R,2.0,6.0,2.0,3.0,3.0,3.0,1.0,5.0,1.0
east_42nd_street/east_to_west/09_n00678_W_L.jpg,east_42nd_street,east_to_west,9,n00678,W,L,1.0,6.0,1.0,3.0,5.0,1.0,5.0,5.0,5.0
east_42nd_street/east_to_west/09_n00678_W_R.jpg,east_42nd_street,east_to_west,9,n00678,W,R,1.0,6.0,1.0,3.0,3.0,1.0,1.0,5.0,3.0
east_42nd_street/east_to_west/10_n00677_W_L.jpg,east_42nd_street,east_to_west,10,n00677,W,L,1.0,5.0,1.0,3.0,5.0,1.0,3.0,5.0,5.0
east_42nd_street/east_to_west/10_n00677_W_R.jpg,east_42nd_street,east_to_west,10,n00677,W,R,1.0,6.0,1.0,3.0,3.0,1.0,3.0,7.0,3.0
east_42nd_street/east_to_west/11_n00676_W_L.jpg,east_42nd_street,east_to_west,11,n00676,W,L,1.0,7.0,1.0,3.0,3.0,1.0,5.0,7.0,3.0
east_42nd_street/east_to_west/11_n00676_W_R.jpg,east_42nd_street,east_to_west,11,n00676,W,R,1.0,6.0,1.0,5.0,5.0,2.0,3.0,5.0,3.0
east_42nd_street/east_to_west/12_n00675_W_L.jpg,east_42nd_street,east_to_west,12,n00675,W,L,1.0,7.0,1.0,3.0,6.0,1.0,5.0,7.0,3.0
east_42nd_street/east_to_west/12_n00675_W_R.jpg,east_42nd_street,east_to_west,12,n00675,W,R,1.0,6.0,1.0,3.0,3.0,1.0,3.0,3.0,3.0
east_42nd_street/east_to_west/13_n00674_W_L.jpg,east_42nd_street,east_to_west,13,n00674,W,L,1.0,6.0,1.0,3.0,3.0,1.0,3.0,7.0,3.0
east_42nd_street/east_to_west/13_n00674_W_R.jpg,east_42nd_street,east_to_west,13,n00674,W,R,1.0,6.0,1.0,1.0,1.0,1.0,3.0,7.0,3.0
east_42nd_street/east_to_west/14_n00673_W_L.jpg,east_42nd_street,east_to_west,14,n00673,W,L,1.0,6.0,1.0,3.0,6.0,1.0,3.0,7.0,3.0
east_42nd_street/east_to_west/14_n00673_W_R.jpg,east_42nd_street,east_to_west,14,n00673,W,R,1.0,6.0,1.0,1.0,1.0,1.0,3.0,7.0,3.0
east_42nd_street/east_to_west/15_n00672_W_L.jpg,east_42nd_street,east_to_west,15,n00672,W,L,1.0,6.0,1.0,3.0,6.0,1.0,5.0,7.0,3.0
east_42nd_street/east_to_west/15_n00672_W_R.jpg,east_42nd_street,east_to_west,15,n00672,W,R,1.0,1.0,1.0,1.0,1.0,1.0,1.0,1.0,1.0
east_42nd_street/east_to_west/16_n00671_W_L.jpg,east_42nd_street,east_to_west,16,n00671,W,L,1.0,7.0,1.0,3.0,1.0,1.0,3.0,7.0,3.0
east_42nd_street/east_to_west/16_n00671_W_R.jpg,east_42nd_street,east_to_west,16,n00671,W,R,1.0,6.0,1.0,1.0,3.0,1.0,1.0,3.0,1.0
east_42nd_street/east_to_west/17_n00670_W_L.jpg,east_42nd_street,east_to_west,17,n00670,W,L,3.0,6.0,2.0,3.0,5.0,3.0,5.0,7.0,5.0
east_42nd_street/east_to_west/17_n00670_W_R.jpg,east_42nd_street,east_to_west,17,n00670,W,R,1.0,5.0,1.0,3.0,3.0,1.0,3.0,5.0,3.0
east_42nd_street/east_to_west/18_n00669_W_L.jpg,east_42nd_street,east_to_west,18,n00669,W,L,1.0,6.0,1.0,3.0,3.0,1.0,5.0,7.0,5.0
east_42nd_street/east_to_west/18_n00669_W_R.jpg,east_42nd_street,east_to_west,18,n00669,W,R,1.0,6.0,1.0,3.0,3.0,1.0,6.0,7.0,5.0
east_42nd_street/east_to_west/19_n00668_W_L.jpg,east_42nd_street,east_to_west,19,n00668,W,L,1.0,5.0,1.0,3.0,3.0,1.0,3.0,7.0,5.0
east_42nd_street/east_to_west/19_n00668_W_R.jpg,east_42nd_street,east_to_west,19,n00668,W,R,1.0,5.0,1.0,3.0,3.0,1.0,5.0,3.0,3.0
east_42nd_street/east_to_west/20_n00667_W_L.jpg,east_42nd_street,east_to_west,20,n00667,W,L,1.0,6.0,1.0,3.0,6.0,1.0,5.0,5.0,5.0
east_42nd_street/east_to_west/20_n00667_W_R.jpg,east_42nd_street,east_to_west,20,n00667,W,R,1.0,5.0,1.0,3.0,6.0,2.0,3.0,5.0,3.0
east_42nd_street/east_to_west/21_n00666_W_L.jpg,east_42nd_street,east_to_west,21,n00666,W,L,1.0,7.0,1.0,3.0,3.0,1.0,5.0,7.0,3.0
east_42nd_street/east_to_west/21_n00666_W_R.jpg,east_42nd_street,east_to_west,21,n00666,W,R,1.0,7.0,1.0,3.0,5.0,1.0,5.0,7.0,5.0
east_42nd_street/east_to_west/22_n00665_W_L.jpg,east_42nd_street,east_to_west,22,n00665,W,L,1.0,6.0,1.0,3.0,5.0,1.0,5.0,7.0,5.0
east_42nd_street/east_to_west/22_n00665_W_R.jpg,east_42nd_street,east_to_west,22,n00665,W,R,1.0,7.0,1.0,3.0,6.0,1.0,5.0,7.0,5.0
east_42nd_street/east_to_west/23_n00664_W_L.jpg,east_42nd_street,east_to_west,23,n00664,W,L,1.0,6.0,1.0,3.0,6.0,1.0,5.0,7.0,5.0
east_42nd_street/east_to_west/23_n00664_W_R.jpg,east_42nd_street,east_to_west,23,n00664,W,R,1.0,6.0,2.0,3.0,5.0,2.0,5.0,7.0,3.0
east_42nd_street/east_to_west/24_n00663_W_L.jpg,east_42nd_street,east_to_west,24,n00663,W,L,1.0,7.0,1.0,3.0,3.0,1.0,5.0,7.0,5.0
east_42nd_street/east_to_west/24_n00663_W_R.jpg,east_42nd_street,east_to_west,24,n00663,W,R,1.0,6.0,1.0,3.0,6.0,1.0,5.0,7.0,3.0
east_42nd_street/east_to_west/25_n00662_W_L.jpg,east_42nd_street,east_to_west,25,n00662,W,L,1.0,7.0,1.0,3.0,3.0,1.0,5.0,7.0,5.0
east_42nd_street/east_to_west/25_n00662_W_R.jpg,east_42nd_street,east_to_west,25,n00662,W,R,1.0,7.0,1.0,3.0,3.0,1.0,1.0,7.0,3.0
east_42nd_street/east_to_west/26_n00661_W_L.jpg,east_42nd_street,east_to_west,26,n00661,W,L,1.0,7.0,2.0,3.0,3.0,1.0,3.0,7.0,3.0
east_42nd_street/east_to_west/26_n00661_W_R.jpg,east_42nd_street,east_to_west,26,n00661,W,R,1.0,6.0,1.0,3.0,1.0,1.0,1.0,7.0,3.0
east_42nd_street/east_to_west/27_n00660_W_L.jpg,east_42nd_street,east_to_west,27,n00660,W,L,1.0,7.0,1.0,3.0,3.0,1.0,3.0,7.0,3.0
east_42nd_street/east_to_west/27_n00660_W_R.jpg,east_42nd_street,east_to_west,27,n00660,W,R,1.0,6.0,1.0,3.0,1.0,1.0,1.0,7.0,3.0
east_42nd_street/east_to_west/28_n00659_W_L.jpg,east_42nd_street,east_to_west,28,n00659,W,L,1.0,6.0,1.0,3.0,5.0,1.0,3.0,5.0,5.0
east_42nd_street/east_to_west/28_n00659_W_R.jpg,east_42nd_street,east_to_west,28,n00659,W,R,1.0,6.0,1.0,3.0,1.0,1.0,3.0,7.0,3.0
east_42nd_street/east_to_west/29_n00658_W_L.jpg,east_42nd_street,east_to_west,29,n00658,W,L,1.0,7.0,1.0,3.0,3.0,1.0,5.0,7.0,3.0
east_42nd_street/east_to_west/29_n00658_W_R.jpg,east_42nd_street,east_to_west,29,n00658,W,R,1.0,6.0,1.0,3.0,5.0,1.0,5.0,7.0,3.0
east_42nd_street/east_to_west/30_n00657_W_L.jpg,east_42nd_street,east_to_west,30,n00657,W,L,1.0,5.0,1.0,3.0,5.0,1.0,5.0,7.0,3.0
east_42nd_street/east_to_west/30_n00657_W_R.jpg,east_42nd_street,east_to_west,30,n00657,W,R,1.0,6.0,1.0,3.0,5.0,1.0,5.0,7.0,3.0
east_42nd_street/east_to_west/31_n00656_W_L.jpg,east_42nd_street,east_to_west,31,n00656,W,L,1.0,6.0,1.0,3.0,3.0,1.0,5.0,7.0,3.0
east_42nd_street/east_to_west/31_n00656_W_R.jpg,east_42nd_street,east_to_west,31,n00656,W,R,1.0,7.0,1.0,1.0,3.0,1.0,1.0,7.0,3.0
east_42nd_street/east_to_west/32_n00655_W_L.jpg,east_42nd_street,east_to_west,32,n00655,W,L,1.0,6.0,1.0,3.0,3.0,1.0,3.0,7.0,3.0
east_42nd_street/east_to_west/32_n00655_W_R.jpg,east_42nd_street,east_to_west,32,n00655,W,R,1.0,6.0,1.0,1.0,6.0,1.0,3.0,7.0,3.0
east_42nd_street/east_to_west/33_n00654_W_L.jpg,east_42nd_street,east_to_west,33,n00654,W,L,1.0,6.0,1.0,3.0,3.0,1.0,5.0,7.0,3.0
east_42nd_street/east_to_west/33_n00654_W_R.jpg,east_42nd_street,east_to_west,33,n00654,W,R,1.0,6.0,1.0,3.0,5.0,1.0,6.0,3.0,5.0
east_42nd_street/east_to_west/34_n00653_W_L.jpg,east_42nd_street,east_to_west,34,n00653,W,L,1.0,7.0,1.0,3.0,3.0,1.0,1.0,7.0,3.0
east_42nd_street/east_to_west/34_n00653_W_R.jpg,east_42nd_street,east_to_west,34,n00653,W,R,1.0,5.0,1.0,3.0,3.0,1.0,5.0,7.0,3.0
east_42nd_street/east_to_west/35_n00652_W_L.jpg,east_42nd_street,east_to_west,35,n00652,W,L,1.0,5.0,1.0,3.0,3.0,1.0,3.0,7.0,3.0
east_42nd_street/east_to_west/35_n00652_W_R.jpg,east_42nd_street,east_to_west,35,n00652,W,R,1.0,6.0,1.0,3.0,5.0,1.0,5.0,7.0,5.0
east_42nd_street/east_to_west/36_n00651_W_L.jpg,east_42nd_street,east_to_west,36,n00651,W,L,1.0,5.0,1.0,3.0,3.0,1.0,3.0,5.0,3.0
east_42nd_street/east_to_west/36_n00651_W_R.jpg,east_42nd_street,east_to_west,36,n00651,W,R,1.0,5.0,1.0,3.0,3.0,1.0,5.0,7.0,5.0
east_42nd_street/east_to_west/37_n00650_W_L.jpg,east_42nd_street,east_to_west,37,n00650,W,L,1.0,3.0,1.0,3.0,3.0,1.0,5.0,7.0,3.0
east_42nd_street/east_to_west/37_n00650_W_R.jpg,east_42nd_street,east_to_west,37,n00650,W,R,1.0,6.0,1.0,1.0,3.0,1.0,6.0,7.0,3.0
east_42nd_street/east_to_west/38_n00649_W_L.jpg,east_42nd_street,east_to_west,38,n00649,W,L,1.0,7.0,1.0,3.0,5.0,1.0,3.0,7.0,3.0
east_42nd_street/east_to_west/38_n00649_W_R.jpg,east_42nd_street,east_to_west,38,n00649,W,R,1.0,5.0,1.0,3.0,3.0,1.0,5.0,7.0,5.0
east_42nd_street/east_to_west/39_n00648_W_L.jpg,east_42nd_street,east_to_west,39,n00648,W,L,1.0,6.0,1.0,3.0,3.0,1.0,5.0,7.0,3.0
east_42nd_street/east_to_west/39_n00648_W_R.jpg,east_42nd_street,east_to_west,39,n00648,W,R,1.0,5.0,1.0,3.0,3.0,1.0,5.0,7.0,5.0
east_42nd_street/east_to_west/40_n00647_W_L.jpg,east_42nd_street,east_to_west,40,n00647,W,L,1.0,5.0,1.0,3.0,3.0,1.0,5.0,7.0,5.0
east_42nd_street/east_to_west/40_n00647_W_R.jpg,east_42nd_street,east_to_west,40,n00647,W,R,3.0,5.0,3.0,3.0,5.0,3.0,5.0,7.0,5.0
east_42nd_street/east_to_west/41_n00646_W_L.jpg,east_42nd_street,east_to_west,41,n00646,W,L,1.0,6.0,1.0,3.0,5.0,1.0,6.0,5.0,5.0
east_42nd_street/east_to_west/41_n00646_W_R.jpg,east_42nd_street,east_to_west,41,n00646,W,R,3.0,6.0,3.0,3.0,6.0,3.0,3.0,7.0,5.0
east_42nd_street/east_to_west/42_n00645_W_L.jpg,east_42nd_street,east_to_west,42,n00645,W,L,1.0,5.0,1.0,3.0,3.0,1.0,5.0,7.0,4.0
east_42nd_street/east_to_west/42_n00645_W_R.jpg,east_42nd_street,east_to_west,42,n00645,W,R,1.0,6.0,1.0,3.0,5.0,1.0,5.0,7.0,5.0
east_42nd_street/east_to_west/43_n00644_W_L.jpg,east_42nd_street,east_to_west,43,n00644,W,L,1.0,5.0,1.0,3.0,3.0,1.0,5.0,7.0,5.0
east_42nd_street/east_to_west/43_n00644_W_R.jpg,east_42nd_street,east_to_west,43,n00644,W,R,1.0,5.0,1.0,3.0,6.0,1.0,5.0,7.0,5.0
east_42nd_street/east_to_west/44_n00643_W_L.jpg,east_42nd_street,east_to_west,44,n00643,W,L,1.0,5.0,1.0,3.0,3.0,1.0,5.0,7.0,3.0
east_42nd_street/east_to_west/44_n00643_W_R.jpg,east_42nd_street,east_to_west,44,n00643,W,R,1.0,5.0,1.0,3.0,6.0,1.0,6.0,5.0,5.0
east_42nd_street/east_to_west/45_n00642_W_L.jpg,east_42nd_street,east_to_west,45,n00642,W,L,1.0,7.0,1.0,3.0,3.0,1.0,3.0,7.0,3.0
east_42nd_street/east_to_west/45_n00642_W_R.jpg,east_42nd_street,east_to_west,45,n00642,W,R,1.0,7.0,2.0,3.0,5.0,3.0,5.0,5.0,3.0
east_42nd_street/east_to_west/46_n00641_W_L.jpg,east_42nd_street,east_to_west,46,n00641,W,L,1.0,6.0,1.0,3.0,5.0,1.0,3.0,7.0,3.0
east_42nd_street/east_to_west/46_n00641_W_R.jpg,east_42nd_street,east_to_west,46,n00641,W,R,1.0,6.0,1.0,3.0,6.0,1.0,5.0,5.0,3.0
east_42nd_street/west_to_east/01_n00641_E_L.jpg,east_42nd_street,west_to_east,1,n00641,E,L,1.0,6.0,1.0,3.0,5.0,1.0,3.0,3.0,5.0
east_42nd_street/west_to_east/01_n00641_E_R.jpg,east_42nd_street,west_to_east,1,n00641,E,R,1.0,6.0,1.0,3.0,3.0,1.0,5.0,5.0,3.0
east_42nd_street/west_to_east/02_n00642_E_L.jpg,east_42nd_street,west_to_east,2,n00642,E,L,1.0,6.0,1.0,3.0,5.0,1.0,5.0,7.0,5.0
east_42nd_street/west_to_east/02_n00642_E_R.jpg,east_42nd_street,west_to_east,2,n00642,E,R,1.0,6.0,1.0,3.0,5.0,1.0,6.0,7.0,5.0
east_42nd_street/west_to_east/03_n00643_E_L.jpg,east_42nd_street,west_to_east,3,n00643,E,L,1.0,5.0,1.0,3.0,6.0,1.0,5.0,7.0,5.0
east_42nd_street/west_to_east/03_n00643_E_R.jpg,east_42nd_street,west_to_east,3,n00643,E,R,1.0,6.0,1.0,3.0,3.0,1.0,5.0,7.0,3.0
east_42nd_street/west_to_east/04_n00644_E_L.jpg,east_42nd_street,west_to_east,4,n00644,E,L,1.0,3.0,2.0,3.0,5.0,3.0,5.0,7.0,5.0
east_42nd_street/west_to_east/04_n00644_E_R.jpg,east_42nd_street,west_to_east,4,n00644,E,R,1.0,6.0,1.0,3.0,5.0,1.0,5.0,7.0,5.0
east_42nd_street/west_to_east/05_n00645_E_L.jpg,east_42nd_street,west_to_east,5,n00645,E,L,1.0,3.0,2.0,3.0,6.0,3.0,5.0,7.0,3.0
east_42nd_street/west_to_east/05_n00645_E_R.jpg,east_42nd_street,west_to_east,5,n00645,E,R,1.0,5.0,1.0,3.0,6.0,1.0,6.0,7.0,5.0
east_42nd_street/west_to_east/06_n00646_E_L.jpg,east_42nd_street,west_to_east,6,n00646,E,L,1.0,3.0,1.0,3.0,6.0,1.0,5.0,7.0,3.0
east_42nd_street/west_to_east/06_n00646_E_R.jpg,east_42nd_street,west_to_east,6,n00646,E,R,1.0,6.0,1.0,3.0,5.0,1.0,5.0,7.0,3.0
east_42nd_street/west_to_east/07_n00647_E_L.jpg,east_42nd_street,west_to_east,7,n00647,E,L,1.0,6.0,1.0,3.0,5.0,1.0,6.0,7.0,6.0
east_42nd_street/west_to_east/07_n00647_E_R.jpg,east_42nd_street,west_to_east,7,n00647,E,R,1.0,6.0,1.0,3.0,3.0,1.0,3.0,7.0,3.0
east_42nd_street/west_to_east/08_n00648_E_L.jpg,east_42nd_street,west_to_east,8,n00648,E,L,1.0,5.0,1.0,3.0,6.0,1.0,6.0,7.0,6.0
east_42nd_street/west_to_east/08_n00648_E_R.jpg,east_42nd_street,west_to_east,8,n00648,E,R,1.0,6.0,1.0,3.0,3.0,1.0,5.0,7.0,3.0
east_42nd_street/west_to_east/09_n00649_E_L.jpg,east_42nd_street,west_to_east,9,n00649,E,L,1.0,3.0,1.0,1.0,3.0,1.0,6.0,7.0,3.0
east_42nd_street/west_to_east/09_n00649_E_R.jpg,east_42nd_street,west_to_east,9,n00649,E,R,1.0,3.0,1.0,3.0,3.0,1.0,6.0,7.0,5.0
east_42nd_street/west_to_east/10_n00650_E_L.jpg,east_42nd_street,west_to_east,10,n00650,E,L,1.0,5.0,1.0,3.0,3.0,1.0,6.0,7.0,5.0
east_42nd_street/west_to_east/10_n00650_E_R.jpg,east_42nd_street,west_to_east,10,n00650,E,R,1.0,6.0,1.0,3.0,3.0,1.0,3.0,7.0,5.0
east_42nd_street/west_to_east/11_n00651_E_L.jpg,east_42nd_street,west_to_east,11,n00651,E,L,1.0,6.0,1.0,3.0,5.0,1.0,6.0,7.0,5.0
east_42nd_street/west_to_east/11_n00651_E_R.jpg,east_42nd_street,west_to_east,11,n00651,E,R,1.0,6.0,1.0,3.0,5.0,1.0,3.0,7.0,3.0
east_42nd_street/west_to_east/12_n00652_E_L.jpg,east_42nd_street,west_to_east,12,n00652,E,L,1.0,6.0,1.0,3.0,3.0,1.0,5.0,7.0,3.0
east_42nd_street/west_to_east/12_n00652_E_R.jpg,east_42nd_street,west_to_east,12,n00652,E,R,1.0,6.0,1.0,3.0,1.0,1.0,5.0,7.0,3.0
east_42nd_street/west_to_east/13_n00653_E_L.jpg,east_42nd_street,west_to_east,13,n00653,E,L,1.0,6.0,1.0,3.0,3.0,1.0,5.0,7.0,3.0
east_42nd_street/west_to_east/13_n00653_E_R.jpg,east_42nd_street,west_to_east,13,n00653,E,R,1.0,6.0,1.0,3.0,1.0,1.0,1.0,7.0,3.0
east_42nd_street/west_to_east/14_n00654_E_L.jpg,east_42nd_street,west_to_east,14,n00654,E,L,1.0,7.0,1.0,1.0,3.0,1.0,3.0,7.0,3.0
east_42nd_street/west_to_east/14_n00654_E_R.jpg,east_42nd_street,west_to_east,14,n00654,E,R,1.0,6.0,1.0,3.0,1.0,1.0,3.0,7.0,3.0
east_42nd_street/west_to_east/15_n00655_E_L.jpg,east_42nd_street,west_to_east,15,n00655,E,L,1.0,5.0,1.0,3.0,3.0,1.0,5.0,7.0,3.0
east_42nd_street/west_to_east/15_n00655_E_R.jpg,east_42nd_street,west_to_east,15,n00655,E,R,1.0,7.0,1.0,3.0,1.0,1.0,3.0,7.0,3.0
east_42nd_street/west_to_east/16_n00656_E_L.jpg,east_42nd_street,west_to_east,16,n00656,E,L,1.0,5.0,1.0,3.0,3.0,1.0,5.0,7.0,3.0
east_42nd_street/west_to_east/16_n00656_E_R.jpg,east_42nd_street,west_to_east,16,n00656,E,R,1.0,6.0,1.0,3.0,5.0,1.0,5.0,7.0,5.0
east_42nd_street/west_to_east/17_n00657_E_L.jpg,east_42nd_street,west_to_east,17,n00657,E,L,1.0,7.0,1.0,3.0,5.0,1.0,3.0,3.0,3.0
east_42nd_street/west_to_east/17_n00657_E_R.jpg,east_42nd_street,west_to_east,17,n00657,E,R,1.0,7.0,1.0,3.0,5.0,1.0,5.0,7.0,5.0
east_42nd_street/west_to_east/18_n00658_E_L.jpg,east_42nd_street,west_to_east,18,n00658,E,L,1.0,6.0,1.0,3.0,3.0,1.0,1.0,7.0,3.0
east_42nd_street/west_to_east/18_n00658_E_R.jpg,east_42nd_street,west_to_east,18,n00658,E,R,1.0,7.0,1.0,3.0,6.0,1.0,5.0,7.0,5.0
east_42nd_street/west_to_east/19_n00659_E_L.jpg,east_42nd_street,west_to_east,19,n00659,E,L,1.0,5.0,1.0,3.0,3.0,1.0,5.0,7.0,5.0
east_42nd_street/west_to_east/19_n00659_E_R.jpg,east_42nd_street,west_to_east,19,n00659,E,R,1.0,7.0,1.0,3.0,6.0,1.0,3.0,7.0,3.0
east_42nd_street/west_to_east/20_n00660_E_L.jpg,east_42nd_street,west_to_east,20,n00660,E,L,1.0,7.0,1.0,3.0,1.0,1.0,1.0,7.0,3.0
east_42nd_street/west_to_east/20_n00660_E_R.jpg,east_42nd_street,west_to_east,20,n00660,E,R,1.0,7.0,1.0,3.0,3.0,1.0,3.0,7.0,3.0
east_42nd_street/west_to_east/21_n00661_E_L.jpg,east_42nd_street,west_to_east,21,n00661,E,L,1.0,7.0,1.0,3.0,1.0,1.0,1.0,7.0,3.0
east_42nd_street/west_to_east/21_n00661_E_R.jpg,east_42nd_street,west_to_east,21,n00661,E,R,1.0,6.0,1.0,3.0,3.0,1.0,6.0,7.0,5.0
east_42nd_street/west_to_east/22_n00662_E_L.jpg,east_42nd_street,west_to_east,22,n00662,E,L,1.0,7.0,1.0,3.0,3.0,1.0,1.0,7.0,3.0
east_42nd_street/west_to_east/22_n00662_E_R.jpg,east_42nd_street,west_to_east,22,n00662,E,R,1.0,6.0,1.0,3.0,3.0,1.0,6.0,7.0,5.0
east_42nd_street/west_to_east/23_n00663_E_L.jpg,east_42nd_street,west_to_east,23,n00663,E,L,1.0,7.0,1.0,1.0,3.0,1.0,1.0,7.0,3.0
east_42nd_street/west_to_east/23_n00663_E_R.jpg,east_42nd_street,west_to_east,23,n00663,E,R,1.0,6.0,1.0,3.0,3.0,1.0,5.0,7.0,5.0
east_42nd_street/west_to_east/24_n00664_E_L.jpg,east_42nd_street,west_to_east,24,n00664,E,L,1.0,7.0,1.0,3.0,1.0,1.0,1.0,7.0,3.0
east_42nd_street/west_to_east/24_n00664_E_R.jpg,east_42nd_street,west_to_east,24,n00664,E,R,1.0,7.0,1.0,3.0,5.0,1.0,3.0,7.0,5.0
east_42nd_street/west_to_east/25_n00665_E_L.jpg,east_42nd_street,west_to_east,25,n00665,E,L,1.0,6.0,1.0,3.0,6.0,1.0,5.0,5.0,5.0
east_42nd_street/west_to_east/25_n00665_E_R.jpg,east_42nd_street,west_to_east,25,n00665,E,R,1.0,7.0,1.0,3.0,6.0,1.0,6.0,7.0,6.0
east_42nd_street/west_to_east/26_n00666_E_L.jpg,east_42nd_street,west_to_east,26,n00666,E,L,2.0,3.0,3.0,3.0,6.0,3.0,3.0,5.0,3.0
east_42nd_street/west_to_east/26_n00666_E_R.jpg,east_42nd_street,west_to_east,26,n00666,E,R,1.0,6.0,1.0,3.0,6.0,1.0,5.0,7.0,5.0
east_42nd_street/west_to_east/27_n00667_E_L.jpg,east_42nd_street,west_to_east,27,n00667,E,L,1.0,5.0,2.0,3.0,6.0,3.0,5.0,5.0,4.0
east_42nd_street/west_to_east/27_n00667_E_R.jpg,east_42nd_street,west_to_east,27,n00667,E,R,1.0,6.0,1.0,3.0,3.0,1.0,5.0,7.0,3.0
east_42nd_street/west_to_east/28_n00668_E_L.jpg,east_42nd_street,west_to_east,28,n00668,E,L,1.0,5.0,1.0,3.0,3.0,1.0,5.0,7.0,5.0
east_42nd_street/west_to_east/28_n00668_E_R.jpg,east_42nd_street,west_to_east,28,n00668,E,R,1.0,5.0,1.0,3.0,3.0,1.0,5.0,5.0,3.0
east_42nd_street/west_to_east/29_n00669_E_L.jpg,east_42nd_street,west_to_east,29,n00669,E,L,1.0,3.0,1.0,3.0,3.0,1.0,3.0,5.0,3.0
east_42nd_street/west_to_east/29_n00669_E_R.jpg,east_42nd_street,west_to_east,29,n00669,E,R,1.0,6.0,1.0,3.0,6.0,1.0,5.0,7.0,3.0
east_42nd_street/west_to_east/30_n00670_E_L.jpg,east_42nd_street,west_to_east,30,n00670,E,L,1.0,3.0,1.0,1.0,1.0,1.0,1.0,1.0,1.0
east_42nd_street/west_to_east/30_n00670_E_R.jpg,east_42nd_street,west_to_east,30,n00670,E,R,1.0,6.0,1.0,3.0,6.0,1.0,6.0,7.0,3.0
east_42nd_street/west_to_east/31_n00671_E_L.jpg,east_42nd_street,west_to_east,31,n00671,E,L,1.0,1.0,1.0,1.0,1.0,1.0,1.0,1.0,1.0
east_42nd_street/west_to_east/31_n00671_E_R.jpg,east_42nd_street,west_to_east,31,n00671,E,R,1.0,6.0,2.0,3.0,3.0,3.0,5.0,7.0,4.0
east_42nd_street/west_to_east/32_n00672_E_L.jpg,east_42nd_street,west_to_east,32,n00672,E,L,1.0,1.0,1.0,1.0,1.0,1.0,1.0,1.0,1.0
east_42nd_street/west_to_east/32_n00672_E_R.jpg,east_42nd_street,west_to_east,32,n00672,E,R,1.0,6.0,1.0,3.0,6.0,1.0,3.0,7.0,3.0
east_42nd_street/west_to_east/33_n00673_E_L.jpg,east_42nd_street,west_to_east,33,n00673,E,L,1.0,3.0,1.0,1.0,1.0,1.0,1.0,7.0,1.0
east_42nd_street/west_to_east/33_n00673_E_R.jpg,east_42nd_street,west_to_east,33,n00673,E,R,1.0,6.0,1.0,3.0,3.0,1.0,3.0,5.0,3.0
east_42nd_street/west_to_east/34_n00674_E_L.jpg,east_42nd_street,west_to_east,34,n00674,E,L,1.0,3.0,2.0,3.0,3.0,3.0,1.0,5.0,3.0
east_42nd_street/west_to_east/34_n00674_E_R.jpg,east_42nd_street,west_to_east,34,n00674,E,R,1.0,6.0,1.0,3.0,3.0,1.0,3.0,7.0,3.0
east_42nd_street/west_to_east/35_n00675_E_L.jpg,east_42nd_street,west_to_east,35,n00675,E,L,1.0,7.0,1.0,3.0,3.0,1.0,3.0,3.0,3.0
east_42nd_street/west_to_east/35_n00675_E_R.jpg,east_42nd_street,west_to_east,35,n00675,E,R,1.0,7.0,1.0,3.0,3.0,1.0,1.0,7.0,3.0
east_42nd_street/west_to_east/36_n00676_E_L.jpg,east_42nd_street,west_to_east,36,n00676,E,L,1.0,5.0,1.0,5.0,5.0,1.0,3.0,3.0,3.0
east_42nd_street/west_to_east/36_n00676_E_R.jpg,east_42nd_street,west_to_east,36,n00676,E,R,1.0,6.0,1.0,3.0,3.0,1.0,3.0,7.0,3.0
east_42nd_street/west_to_east/37_n00677_E_L.jpg,east_42nd_street,west_to_east,37,n00677,E,L,1.0,6.0,1.0,3.0,3.0,1.0,1.0,3.0,1.0
east_42nd_street/west_to_east/37_n00677_E_R.jpg,east_42nd_street,west_to_east,37,n00677,E,R,1.0,6.0,2.0,3.0,6.0,1.0,5.0,5.0,3.0
east_42nd_street/west_to_east/38_n00678_E_L.jpg,east_42nd_street,west_to_east,38,n00678,E,L,2.0,6.0,3.0,3.0,3.0,3.0,1.0,3.0,1.0
east_42nd_street/west_to_east/38_n00678_E_R.jpg,east_42nd_street,west_to_east,38,n00678,E,R,2.0,5.0,3.0,3.0,3.0,3.0,1.0,5.0,3.0
east_42nd_street/west_to_east/39_n00679_E_L.jpg,east_42nd_street,west_to_east,39,n00679,E,L,1.0,5.0,2.0,3.0,3.0,3.0,1.0,3.0,3.0
east_42nd_street/west_to_east/39_n00679_E_R.jpg,east_42nd_street,west_to_east,39,n00679,E,R,1.0,5.0,1.0,3.0,3.0,1.0,3.0,5.0,3.0
east_42nd_street/west_to_east/40_n00680_E_L.jpg,east_42nd_street,west_to_east,40,n00680,E,L,3.0,3.0,3.0,3.0,3.0,3.0,1.0,3.0,1.0
east_42nd_street/west_to_east/40_n00680_E_R.jpg,east_42nd_street,west_to_east,40,n00680,E,R,1.0,3.0,1.0,3.0,1.0,1.0,1.0,3.0,1.0
east_42nd_street/west_to_east/41_n00681_E_L.jpg,east_42nd_street,west_to_east,41,n00681,E,L,1.0,5.0,2.0,3.0,3.0,3.0,1.0,3.0,1.0
east_42nd_street/west_to_east/41_n00681_E_R.jpg,east_42nd_street,west_to_east,41,n00681,E,R,1.0,3.0,2.0,3.0,3.0,3.0,3.0,3.0,1.0
east_42nd_street/west_to_east/42_n00682_E_L.jpg,east_42nd_street,west_to_east,42,n00682,E,L,1.0,5.0,1.0,3.0,3.0,1.0,1.0,1.0,1.0
east_42nd_street/west_to_east/42_n00682_E_R.jpg,east_42nd_street,west_to_east,42,n00682,E,R,2.0,3.0,3.0,3.0,3.0,3.0,1.0,3.0,1.0
east_42nd_street/west_to_east/43_n00683_E_L.jpg,east_42nd_street,west_to_east,43,n00683,E,L,1.0,5.0,1.0,3.0,3.0,2.0,1.0,3.0,1.0
east_42nd_street/west_to_east/43_n00683_E_R.jpg,east_42nd_street,west_to_east,43,n00683,E,R,1.0,3.0,1.0,1.0,3.0,2.0,1.0,3.0,1.0
east_42nd_street/west_to_east/44_n00684_E_L.jpg,east_42nd_street,west_to_east,44,n00684,E,L,1.0,3.0,1.0,1.0,3.0,1.0,1.0,3.0,3.0
east_42nd_street/west_to_east/44_n00684_E_R.jpg,east_42nd_street,west_to_east,44,n00684,E,R,1.0,1.0,1.0,1.0,3.0,1.0,1.0,1.0,1.0
east_42nd_street/west_to_east/45_n00685_E_L.jpg,east_42nd_street,west_to_east,45,n00685,E,L,1.0,3.0,1.0,3.0,3.0,1.0,1.0,3.0,1.0
east_42nd_street/west_to_east/45_n00685_E_R.jpg,east_42nd_street,west_to_east,45,n00685,E,R,1.0,3.0,1.0,3.0,3.0,1.0,1.0,3.0,1.0
east_42nd_street/west_to_east/46_n00686_E_L.jpg,east_42nd_street,west_to_east,46,n00686,E,L,1.0,3.0,1.0,3.0,5.0,1.0,3.0,3.0,1.0
east_42nd_street/west_to_east/46_n00686_E_R.jpg,east_42nd_street,west_to_east,46,n00686,E,R,1.0,2.0,1.0,3.0,3.0,1.0,1.0,3.0,1.0
lexington_avenue/north_to_south/01_n00722_S_L.jpg,lexington_avenue,north_to_south,1,n00722,S,L,1.0,7.0,1.0,3.0,6.0,1.0,3.0,7.0,3.0
lexington_avenue/north_to_south/01_n00722_S_R.jpg,lexington_avenue,north_to_south,1,n00722,S,R,1.0,5.0,1.0,3.0,5.0,1.0,5.0,7.0,3.0
lexington_avenue/north_to_south/02_n00721_S_L.jpg,lexington_avenue,north_to_south,2,n00721,S,L,1.0,6.0,1.0,3.0,5.0,1.0,5.0,5.0,3.0
lexington_avenue/north_to_south/02_n00721_S_R.jpg,lexington_avenue,north_to_south,2,n00721,S,R,1.0,5.0,1.0,3.0,5.0,1.0,5.0,7.0,3.0
lexington_avenue/north_to_south/03_n00720_S_L.jpg,lexington_avenue,north_to_south,3,n00720,S,L,1.0,6.0,1.0,3.0,3.0,1.0,3.0,7.0,3.0
lexington_avenue/north_to_south/03_n00720_S_R.jpg,lexington_avenue,north_to_south,3,n00720,S,R,1.0,5.0,1.0,3.0,5.0,1.0,3.0,5.0,3.0
lexington_avenue/north_to_south/04_n00719_S_L.jpg,lexington_avenue,north_to_south,4,n00719,S,L,1.0,6.0,1.0,3.0,3.0,1.0,5.0,7.0,5.0
lexington_avenue/north_to_south/04_n00719_S_R.jpg,lexington_avenue,north_to_south,4,n00719,S,R,1.0,5.0,1.0,3.0,3.0,1.0,3.0,7.0,3.0
lexington_avenue/north_to_south/05_n00718_S_L.jpg,lexington_avenue,north_to_south,5,n00718,S,L,1.0,6.0,1.0,3.0,3.0,1.0,5.0,7.0,5.0
lexington_avenue/north_to_south/05_n00718_S_R.jpg,lexington_avenue,north_to_south,5,n00718,S,R,1.0,5.0,1.0,3.0,3.0,1.0,5.0,7.0,3.0
lexington_avenue/north_to_south/06_n00717_S_L.jpg,lexington_avenue,north_to_south,6,n00717,S,L,1.0,5.0,2.0,3.0,5.0,2.0,5.0,5.0,5.0
lexington_avenue/north_to_south/06_n00717_S_R.jpg,lexington_avenue,north_to_south,6,n00717,S,R,1.0,3.0,1.0,3.0,3.0,1.0,5.0,7.0,3.0
lexington_avenue/north_to_south/07_n00716_S_L.jpg,lexington_avenue,north_to_south,7,n00716,S,L,1.0,6.0,1.0,3.0,3.0,1.0,5.0,7.0,5.0
lexington_avenue/north_to_south/07_n00716_S_R.jpg,lexington_avenue,north_to_south,7,n00716,S,R,1.0,5.0,1.0,3.0,3.0,1.0,5.0,7.0,3.0
lexington_avenue/north_to_south/08_n00715_S_L.jpg,lexington_avenue,north_to_south,8,n00715,S,L,1.0,5.0,1.0,3.0,3.0,1.0,3.0,5.0,3.0
lexington_avenue/north_to_south/08_n00715_S_R.jpg,lexington_avenue,north_to_south,8,n00715,S,R,1.0,3.0,1.0,3.0,3.0,1.0,3.0,7.0,3.0
lexington_avenue/north_to_south/09_n00714_S_L.jpg,lexington_avenue,north_to_south,9,n00714,S,L,1.0,3.0,1.0,3.0,3.0,1.0,3.0,5.0,3.0
lexington_avenue/north_to_south/09_n00714_S_R.jpg,lexington_avenue,north_to_south,9,n00714,S,R,1.0,3.0,1.0,3.0,3.0,1.0,5.0,5.0,3.0
lexington_avenue/north_to_south/10_n00713_S_L.jpg,lexington_avenue,north_to_south,10,n00713,S,L,1.0,3.0,2.0,3.0,5.0,2.0,5.0,5.0,4.0
lexington_avenue/north_to_south/10_n00713_S_R.jpg,lexington_avenue,north_to_south,10,n00713,S,R,1.0,5.0,2.0,3.0,5.0,3.0,5.0,5.0,5.0
lexington_avenue/north_to_south/11_n00711_S_L.jpg,lexington_avenue,north_to_south,11,n00711,S,L,2.0,3.0,3.0,3.0,3.0,3.0,5.0,7.0,3.0
lexington_avenue/north_to_south/11_n00711_S_R.jpg,lexington_avenue,north_to_south,11,n00711,S,R,1.0,3.0,1.0,3.0,3.0,1.0,5.0,5.0,5.0
lexington_avenue/north_to_south/12_n00710_S_L.jpg,lexington_avenue,north_to_south,12,n00710,S,L,1.0,3.0,1.0,3.0,3.0,1.0,5.0,5.0,3.0
lexington_avenue/north_to_south/12_n00710_S_R.jpg,lexington_avenue,north_to_south,12,n00710,S,R,1.0,5.0,1.0,3.0,3.0,2.0,3.0,5.0,3.0
lexington_avenue/north_to_south/13_n00709_S_L.jpg,lexington_avenue,north_to_south,13,n00709,S,L,1.0,5.0,2.0,3.0,5.0,3.0,5.0,5.0,3.0
lexington_avenue/north_to_south/13_n00709_S_R.jpg,lexington_avenue,north_to_south,13,n00709,S,R,1.0,5.0,1.0,5.0,6.0,2.0,3.0,3.0,3.0
lexington_avenue/north_to_south/14_n00708_S_L.jpg,lexington_avenue,north_to_south,14,n00708,S,L,1.0,5.0,1.0,3.0,5.0,2.0,3.0,7.0,3.0
lexington_avenue/north_to_south/14_n00708_S_R.jpg,lexington_avenue,north_to_south,14,n00708,S,R,1.0,5.0,1.0,3.0,6.0,1.0,3.0,5.0,3.0
lexington_avenue/north_to_south/15_n00707_S_L.jpg,lexington_avenue,north_to_south,15,n00707,S,L,2.0,5.0,3.0,3.0,3.0,3.0,1.0,5.0,3.0
lexington_avenue/north_to_south/15_n00707_S_R.jpg,lexington_avenue,north_to_south,15,n00707,S,R,1.0,3.0,2.0,3.0,5.0,3.0,5.0,5.0,4.0
lexington_avenue/north_to_south/16_n00706_S_L.jpg,lexington_avenue,north_to_south,16,n00706,S,L,1.0,5.0,2.0,3.0,3.0,2.0,3.0,5.0,3.0
lexington_avenue/north_to_south/16_n00706_S_R.jpg,lexington_avenue,north_to_south,16,n00706,S,R,1.0,3.0,1.0,3.0,3.0,1.0,3.0,5.0,3.0
lexington_avenue/north_to_south/17_n00705_S_L.jpg,lexington_avenue,north_to_south,17,n00705,S,L,1.0,5.0,1.0,3.0,3.0,1.0,3.0,7.0,3.0
lexington_avenue/north_to_south/17_n00705_S_R.jpg,lexington_avenue,north_to_south,17,n00705,S,R,1.0,3.0,1.0,3.0,3.0,1.0,3.0,5.0,3.0
lexington_avenue/north_to_south/18_n00704_S_L.jpg,lexington_avenue,north_to_south,18,n00704,S,L,2.0,5.0,2.0,3.0,3.0,2.0,3.0,5.0,3.0
lexington_avenue/north_to_south/18_n00704_S_R.jpg,lexington_avenue,north_to_south,18,n00704,S,R,1.0,5.0,2.0,3.0,3.0,3.0,3.0,3.0,3.0
lexington_avenue/north_to_south/19_n00703_S_L.jpg,lexington_avenue,north_to_south,19,n00703,S,L,1.0,5.0,1.0,3.0,6.0,1.0,5.0,3.0,3.0
lexington_avenue/north_to_south/19_n00703_S_R.jpg,lexington_avenue,north_to_south,19,n00703,S,R,1.0,5.0,1.0,3.0,3.0,1.0,3.0,5.0,3.0
lexington_avenue/north_to_south/20_n00702_S_L.jpg,lexington_avenue,north_to_south,20,n00702,S,L,1.0,6.0,1.0,3.0,1.0,1.0,1.0,7.0,3.0
lexington_avenue/north_to_south/20_n00702_S_R.jpg,lexington_avenue,north_to_south,20,n00702,S,R,1.0,5.0,1.0,5.0,5.0,1.0,3.0,5.0,3.0
lexington_avenue/north_to_south/21_n00701_S_L.jpg,lexington_avenue,north_to_south,21,n00701,S,L,1.0,3.0,2.0,3.0,3.0,3.0,1.0,5.0,3.0
lexington_avenue/north_to_south/21_n00701_S_R.jpg,lexington_avenue,north_to_south,21,n00701,S,R,1.0,5.0,1.0,3.0,3.0,1.0,1.0,3.0,3.0
lexington_avenue/north_to_south/22_n00700_S_L.jpg,lexington_avenue,north_to_south,22,n00700,S,L,1.0,3.0,1.0,3.0,3.0,1.0,3.0,5.0,3.0
lexington_avenue/north_to_south/22_n00700_S_R.jpg,lexington_avenue,north_to_south,22,n00700,S,R,1.0,5.0,1.0,3.0,3.0,1.0,1.0,5.0,3.0
lexington_avenue/north_to_south/23_n00699_S_L.jpg,lexington_avenue,north_to_south,23,n00699,S,L,3.0,3.0,3.0,3.0,3.0,3.0,3.0,5.0,3.0
lexington_avenue/north_to_south/23_n00699_S_R.jpg,lexington_avenue,north_to_south,23,n00699,S,R,1.0,3.0,1.0,3.0,3.0,1.0,1.0,3.0,1.0
lexington_avenue/north_to_south/24_n00698_S_L.jpg,lexington_avenue,north_to_south,24,n00698,S,L,1.0,6.0,1.0,5.0,6.0,1.0,3.0,3.0,3.0
lexington_avenue/north_to_south/24_n00698_S_R.jpg,lexington_avenue,north_to_south,24,n00698,S,R,2.0,5.0,3.0,3.0,5.0,3.0,1.0,5.0,3.0
lexington_avenue/north_to_south/25_n00697_S_L.jpg,lexington_avenue,north_to_south,25,n00697,S,L,1.0,5.0,2.0,3.0,6.0,3.0,1.0,3.0,3.0
lexington_avenue/north_to_south/25_n00697_S_R.jpg,lexington_avenue,north_to_south,25,n00697,S,R,1.0,5.0,1.0,3.0,3.0,1.0,1.0,5.0,3.0
lexington_avenue/north_to_south/26_n00696_S_L.jpg,lexington_avenue,north_to_south,26,n00696,S,L,1.0,5.0,2.0,3.0,3.0,3.0,1.0,3.0,3.0
lexington_avenue/north_to_south/26_n00696_S_R.jpg,lexington_avenue,north_to_south,26,n00696,S,R,1.0,6.0,1.0,3.0,3.0,1.0,1.0,5.0,3.0
lexington_avenue/north_to_south/27_n00695_S_L.jpg,lexington_avenue,north_to_south,27,n00695,S,L,2.0,6.0,3.0,3.0,6.0,3.0,1.0,5.0,3.0
lexington_avenue/north_to_south/27_n00695_S_R.jpg,lexington_avenue,north_to_south,27,n00695,S,R,1.0,5.0,1.0,3.0,3.0,1.0,1.0,7.0,3.0
lexington_avenue/north_to_south/28_n00694_S_L.jpg,lexington_avenue,north_to_south,28,n00694,S,L,1.0,5.0,1.0,5.0,6.0,1.0,3.0,3.0,3.0
lexington_avenue/north_to_south/28_n00694_S_R.jpg,lexington_avenue,north_to_south,28,n00694,S,R,1.0,5.0,2.0,3.0,3.0,3.0,3.0,5.0,3.0
lexington_avenue/north_to_south/29_n00693_S_L.jpg,lexington_avenue,north_to_south,29,n00693,S,L,1.0,6.0,2.0,3.0,6.0,2.0,5.0,5.0,3.0
lexington_avenue/north_to_south/29_n00693_S_R.jpg,lexington_avenue,north_to_south,29,n00693,S,R,1.0,6.0,3.0,3.0,3.0,3.0,1.0,5.0,3.0
lexington_avenue/north_to_south/30_n00692_S_L.jpg,lexington_avenue,north_to_south,30,n00692,S,L,1.0,5.0,1.0,3.0,3.0,1.0,3.0,5.0,3.0
lexington_avenue/north_to_south/30_n00692_S_R.jpg,lexington_avenue,north_to_south,30,n00692,S,R,1.0,6.0,2.0,3.0,3.0,3.0,1.0,3.0,3.0
lexington_avenue/north_to_south/31_n00691_S_L.jpg,lexington_avenue,north_to_south,31,n00691,S,L,1.0,5.0,2.0,3.0,5.0,3.0,1.0,3.0,3.0
lexington_avenue/north_to_south/31_n00691_S_R.jpg,lexington_avenue,north_to_south,31,n00691,S,R,1.0,6.0,1.0,3.0,3.0,1.0,1.0,5.0,1.0
lexington_avenue/north_to_south/32_n00690_S_L.jpg,lexington_avenue,north_to_south,32,n00690,S,L,1.0,3.0,2.0,5.0,3.0,2.0,3.0,5.0,3.0
lexington_avenue/north_to_south/32_n00690_S_R.jpg,lexington_avenue,north_to_south,32,n00690,S,R,1.0,6.0,1.0,3.0,5.0,1.0,3.0,5.0,3.0
lexington_avenue/north_to_south/33_n00689_S_L.jpg,lexington_avenue,north_to_south,33,n00689,S,L,1.0,3.0,1.0,3.0,5.0,1.0,5.0,5.0,5.0
lexington_avenue/north_to_south/33_n00689_S_R.jpg,lexington_avenue,north_to_south,33,n00689,S,R,1.0,6.0,1.0,3.0,3.0,1.0,5.0,5.0,5.0
lexington_avenue/south_to_north/01_n00689_N_L.jpg,lexington_avenue,south_to_north,1,n00689,N,L,1.0,5.0,1.0,3.0,3.0,1.0,3.0,7.0,3.0
lexington_avenue/south_to_north/01_n00689_N_R.jpg,lexington_avenue,south_to_north,1,n00689,N,R,2.0,5.0,3.0,5.0,6.0,3.0,1.0,5.0,3.0
lexington_avenue/south_to_north/02_n00690_N_L.jpg,lexington_avenue,south_to_north,2,n00690,N,L,1.0,6.0,1.0,3.0,3.0,1.0,3.0,5.0,3.0
lexington_avenue/south_to_north/02_n00690_N_R.jpg,lexington_avenue,south_to_north,2,n00690,N,R,1.0,5.0,2.0,3.0,6.0,2.0,1.0,3.0,3.0
lexington_avenue/south_to_north/03_n00691_N_L.jpg,lexington_avenue,south_to_north,3,n00691,N,L,1.0,5.0,3.0,5.0,3.0,3.0,1.0,5.0,1.0
lexington_avenue/south_to_north/03_n00691_N_R.jpg,lexington_avenue,south_to_north,3,n00691,N,R,1.0,5.0,1.0,3.0,3.0,1.0,5.0,5.0,3.0
lexington_avenue/south_to_north/04_n00692_N_L.jpg,lexington_avenue,south_to_north,4,n00692,N,L,2.0,5.0,3.0,5.0,3.0,3.0,1.0,5.0,3.0
lexington_avenue/south_to_north/04_n00692_N_R.jpg,lexington_avenue,south_to_north,4,n00692,N,R,2.0,5.0,3.0,3.0,3.0,3.0,5.0,5.0,3.0
lexington_avenue/south_to_north/05_n00693_N_L.jpg,lexington_avenue,south_to_north,5,n00693,N,L,1.0,3.0,2.0,5.0,3.0,2.0,3.0,5.0,3.0
lexington_avenue/south_to_north/05_n00693_N_R.jpg,lexington_avenue,south_to_north,5,n00693,N,R,1.0,6.0,3.0,5.0,6.0,3.0,1.0,5.0,3.0
lexington_avenue/south_to_north/06_n00694_N_L.jpg,lexington_avenue,south_to_north,6,n00694,N,L,1.0,6.0,1.0,3.0,3.0,1.0,1.0,7.0,3.0
lexington_avenue/south_to_north/06_n00694_N_R.jpg,lexington_avenue,south_to_north,6,n00694,N,R,2.0,5.0,3.0,3.0,6.0,3.0,1.0,3.0,3.0
lexington_avenue/south_to_north/07_n00695_N_L.jpg,lexington_avenue,south_to_north,7,n00695,N,L,1.0,3.0,1.0,5.0,3.0,1.0,1.0,5.0,2.0
lexington_avenue/south_to_north/07_n00695_N_R.jpg,lexington_avenue,south_to_north,7,n00695,N,R,2.0,3.0,3.0,3.0,5.0,3.0,1.0,5.0,3.0
lexington_avenue/south_to_north/08_n00696_N_L.jpg,lexington_avenue,south_to_north,8,n00696,N,L,1.0,5.0,1.0,5.0,3.0,1.0,1.0,7.0,3.0
lexington_avenue/south_to_north/08_n00696_N_R.jpg,lexington_avenue,south_to_north,8,n00696,N,R,1.0,3.0,1.0,3.0,6.0,2.0,1.0,3.0,3.0
lexington_avenue/south_to_north/09_n00697_N_L.jpg,lexington_avenue,south_to_north,9,n00697,N,L,1.0,3.0,2.0,5.0,3.0,3.0,1.0,5.0,3.0
lexington_avenue/south_to_north/09_n00697_N_R.jpg,lexington_avenue,south_to_north,9,n00697,N,R,1.0,3.0,1.0,3.0,5.0,2.0,3.0,5.0,3.0
lexington_avenue/south_to_north/10_n00698_N_L.jpg,lexington_avenue,south_to_north,10,n00698,N,L,1.0,5.0,1.0,5.0,3.0,1.0,1.0,5.0,3.0
lexington_avenue/south_to_north/10_n00698_N_R.jpg,lexington_avenue,south_to_north,10,n00698,N,R,3.0,5.0,3.0,3.0,6.0,3.0,3.0,3.0,3.0
lexington_avenue/south_to_north/11_n00699_N_L.jpg,lexington_avenue,south_to_north,11,n00699,N,L,1.0,6.0,1.0,5.0,3.0,1.0,1.0,7.0,3.0
lexington_avenue/south_to_north/11_n00699_N_R.jpg,lexington_avenue,south_to_north,11,n00699,N,R,1.0,5.0,1.0,3.0,3.0,3.0,3.0,7.0,3.0
lexington_avenue/south_to_north/12_n00700_N_L.jpg,lexington_avenue,south_to_north,12,n00700,N,L,1.0,5.0,1.0,3.0,3.0,1.0,1.0,3.0,1.0
lexington_avenue/south_to_north/12_n00700_N_R.jpg,lexington_avenue,south_to_north,12,n00700,N,R,1.0,3.0,2.0,3.0,5.0,3.0,1.0,7.0,3.0
lexington_avenue/south_to_north/13_n00701_N_L.jpg,lexington_avenue,south_to_north,13,n00701,N,L,1.0,6.0,1.0,3.0,3.0,1.0,1.0,5.0,3.0
lexington_avenue/south_to_north/13_n00701_N_R.jpg,lexington_avenue,south_to_north,13,n00701,N,R,1.0,6.0,1.0,3.0,5.0,1.0,3.0,5.0,4.0
lexington_avenue/south_to_north/14_n00702_N_L.jpg,lexington_avenue,south_to_north,14,n00702,N,L,1.0,3.0,1.0,3.0,3.0,1.0,3.0,5.0,3.0
lexington_avenue/south_to_north/14_n00702_N_R.jpg,lexington_avenue,south_to_north,14,n00702,N,R,1.0,5.0,1.0,3.0,3.0,1.0,1.0,7.0,3.0
lexington_avenue/south_to_north/15_n00703_N_L.jpg,lexington_avenue,south_to_north,15,n00703,N,L,2.0,5.0,3.0,3.0,3.0,3.0,3.0,5.0,3.0
lexington_avenue/south_to_north/15_n00703_N_R.jpg,lexington_avenue,south_to_north,15,n00703,N,R,3.0,5.0,3.0,3.0,3.0,3.0,1.0,5.0,3.0
lexington_avenue/south_to_north/16_n00704_N_L.jpg,lexington_avenue,south_to_north,16,n00704,N,L,1.0,3.0,1.0,3.0,3.0,2.0,3.0,7.0,3.0
lexington_avenue/south_to_north/16_n00704_N_R.jpg,lexington_avenue,south_to_north,16,n00704,N,R,1.0,5.0,2.0,3.0,3.0,2.0,1.0,5.0,3.0
lexington_avenue/south_to_north/17_n00705_N_L.jpg,lexington_avenue,south_to_north,17,n00705,N,L,1.0,3.0,1.0,5.0,3.0,1.0,1.0,7.0,3.0
lexington_avenue/south_to_north/17_n00705_N_R.jpg,lexington_avenue,south_to_north,17,n00705,N,R,2.0,6.0,3.0,3.0,3.0,3.0,3.0,7.0,3.0
lexington_avenue/south_to_north/18_n00706_N_L.jpg,lexington_avenue,south_to_north,18,n00706,N,L,1.0,5.0,1.0,3.0,5.0,1.0,5.0,7.0,4.0
lexington_avenue/south_to_north/18_n00706_N_R.jpg,lexington_avenue,south_to_north,18,n00706,N,R,3.0,3.0,3.0,3.0,5.0,3.0,3.0,5.0,3.0
lexington_avenue/south_to_north/19_n00707_N_L.jpg,lexington_avenue,south_to_north,19,n00707,N,L,1.0,5.0,1.0,3.0,3.0,1.0,3.0,5.0,3.0
lexington_avenue/south_to_north/19_n00707_N_R.jpg,lexington_avenue,south_to_north,19,n00707,N,R,1.0,5.0,1.0,3.0,5.0,1.0,3.0,7.0,5.0
lexington_avenue/south_to_north/20_n00708_N_L.jpg,lexington_avenue,south_to_north,20,n00708,N,L,1.0,3.0,1.0,3.0,5.0,1.0,3.0,5.0,3.0
lexington_avenue/south_to_north/20_n00708_N_R.jpg,lexington_avenue,south_to_north,20,n00708,N,R,1.0,3.0,1.0,3.0,3.0,1.0,5.0,7.0,5.0
lexington_avenue/south_to_north/21_n00709_N_L.jpg,lexington_avenue,south_to_north,21,n00709,N,L,1.0,3.0,1.0,3.0,3.0,1.0,3.0,7.0,5.0
lexington_avenue/south_to_north/21_n00709_N_R.jpg,lexington_avenue,south_to_north,21,n00709,N,R,1.0,3.0,3.0,3.0,5.0,3.0,5.0,7.0,3.0
lexington_avenue/south_to_north/22_n00710_N_L.jpg,lexington_avenue,south_to_north,22,n00710,N,L,1.0,5.0,2.0,3.0,3.0,3.0,5.0,7.0,5.0
lexington_avenue/south_to_north/22_n00710_N_R.jpg,lexington_avenue,south_to_north,22,n00710,N,R,2.0,3.0,3.0,3.0,3.0,3.0,5.0,7.0,4.0
lexington_avenue/south_to_north/23_n00711_N_L.jpg,lexington_avenue,south_to_north,23,n00711,N,L,3.0,3.0,3.0,3.0,5.0,3.0,3.0,5.0,4.0
lexington_avenue/south_to_north/23_n00711_N_R.jpg,lexington_avenue,south_to_north,23,n00711,N,R,1.0,5.0,2.0,3.0,3.0,2.0,5.0,5.0,4.0
lexington_avenue/south_to_north/24_n00713_N_L.jpg,lexington_avenue,south_to_north,24,n00713,N,L,1.0,5.0,1.0,3.0,3.0,1.0,1.0,7.0,3.0
lexington_avenue/south_to_north/24_n00713_N_R.jpg,lexington_avenue,south_to_north,24,n00713,N,R,1.0,5.0,1.0,3.0,3.0,1.0,3.0,7.0,3.0
lexington_avenue/south_to_north/25_n00714_N_L.jpg,lexington_avenue,south_to_north,25,n00714,N,L,1.0,3.0,1.0,3.0,3.0,1.0,3.0,7.0,3.0
lexington_avenue/south_to_north/25_n00714_N_R.jpg,lexington_avenue,south_to_north,25,n00714,N,R,1.0,6.0,1.0,3.0,3.0,1.0,3.0,5.0,3.0
lexington_avenue/south_to_north/26_n00715_N_L.jpg,lexington_avenue,south_to_north,26,n00715,N,L,3.0,3.0,3.0,3.0,3.0,3.0,3.0,7.0,3.0
lexington_avenue/south_to_north/26_n00715_N_R.jpg,lexington_avenue,south_to_north,26,n00715,N,R,1.0,6.0,1.0,3.0,3.0,1.0,5.0,7.0,5.0
lexington_avenue/south_to_north/27_n00716_N_L.jpg,lexington_avenue,south_to_north,27,n00716,N,L,1.0,5.0,1.0,3.0,5.0,1.0,5.0,7.0,4.0
lexington_avenue/south_to_north/27_n00716_N_R.jpg,lexington_avenue,south_to_north,27,n00716,N,R,1.0,5.0,1.0,3.0,3.0,1.0,1.0,7.0,3.0
lexington_avenue/south_to_north/28_n00717_N_L.jpg,lexington_avenue,south_to_north,28,n00717,N,L,1.0,6.0,1.0,3.0,6.0,1.0,5.0,7.0,5.0
lexington_avenue/south_to_north/28_n00717_N_R.jpg,lexington_avenue,south_to_north,28,n00717,N,R,1.0,7.0,1.0,3.0,6.0,1.0,5.0,7.0,5.0
lexington_avenue/south_to_north/29_n00718_N_L.jpg,lexington_avenue,south_to_north,29,n00718,N,L,1.0,5.0,1.0,3.0,6.0,1.0,3.0,7.0,3.0
lexington_avenue/south_to_north/29_n00718_N_R.jpg,lexington_avenue,south_to_north,29,n00718,N,R,1.0,7.0,1.0,3.0,3.0,1.0,5.0,7.0,3.0
lexington_avenue/south_to_north/30_n00719_N_L.jpg,lexington_avenue,south_to_north,30,n00719,N,L,1.0,3.0,1.0,3.0,3.0,1.0,3.0,7.0,3.0
lexington_avenue/south_to_north/30_n00719_N_R.jpg,lexington_avenue,south_to_north,30,n00719,N,R,1.0,6.0,2.0,3.0,6.0,2.0,5.0,7.0,3.0
lexington_avenue/south_to_north/31_n00720_N_L.jpg,lexington_avenue,south_to_north,31,n00720,N,L,1.0,5.0,1.0,3.0,5.0,1.0,5.0,7.0,3.0
lexington_avenue/south_to_north/31_n00720_N_R.jpg,lexington_avenue,south_to_north,31,n00720,N,R,1.0,6.0,1.0,3.0,3.0,1.0,3.0,7.0,5.0
lexington_avenue/south_to_north/32_n00721_N_L.jpg,lexington_avenue,south_to_north,32,n00721,N,L,1.0,7.0,1.0,3.0,5.0,1.0,5.0,7.0,3.0
lexington_avenue/south_to_north/32_n00721_N_R.jpg,lexington_avenue,south_to_north,32,n00721,N,R,1.0,7.0,1.0,3.0,5.0,1.0,3.0,3.0,5.0
lexington_avenue/south_to_north/33_n00722_N_L.jpg,lexington_avenue,south_to_north,33,n00722,N,L,1.0,6.0,1.0,3.0,5.0,1.0,3.0,7.0,3.0
lexington_avenue/south_to_north/33_n00722_N_R.jpg,lexington_avenue,south_to_north,33,n00722,N,R,1.0,6.0,1.0,3.0,5.0,1.0,3.0,5.0,4.0
madison_avenue/north_to_south/01_n00756_S_L.jpg,madison_avenue,north_to_south,1,n00756,S,L,1.0,6.0,1.0,3.0,3.0,1.0,5.0,7.0,3.0
madison_avenue/north_to_south/01_n00756_S_R.jpg,madison_avenue,north_to_south,1,n00756,S,R,1.0,7.0,1.0,3.0,5.0,1.0,3.0,7.0,3.0
madison_avenue/north_to_south/02_n00755_S_L.jpg,madison_avenue,north_to_south,2,n00755,S,L,1.0,7.0,1.0,3.0,3.0,1.0,3.0,7.0,3.0
madison_avenue/north_to_south/02_n00755_S_R.jpg,madison_avenue,north_to_south,2,n00755,S,R,1.0,6.0,1.0,3.0,6.0,1.0,3.0,7.0,5.0
madison_avenue/north_to_south/03_n00754_S_L.jpg,madison_avenue,north_to_south,3,n00754,S,L,1.0,5.0,1.0,3.0,3.0,1.0,3.0,7.0,3.0
madison_avenue/north_to_south/03_n00754_S_R.jpg,madison_avenue,north_to_south,3,n00754,S,R,3.0,6.0,3.0,3.0,3.0,3.0,3.0,5.0,3.0
madison_avenue/north_to_south/04_n00753_S_L.jpg,madison_avenue,north_to_south,4,n00753,S,L,1.0,5.0,3.0,3.0,3.0,2.0,5.0,5.0,5.0
madison_avenue/north_to_south/04_n00753_S_R.jpg,madison_avenue,north_to_south,4,n00753,S,R,1.0,5.0,2.0,3.0,5.0,3.0,5.0,7.0,4.0
madison_avenue/north_to_south/05_n00752_S_L.jpg,madison_avenue,north_to_south,5,n00752,S,L,1.0,6.0,1.0,3.0,3.0,1.0,5.0,7.0,3.0
madison_avenue/north_to_south/05_n00752_S_R.jpg,madison_avenue,north_to_south,5,n00752,S,R,1.0,5.0,1.0,3.0,3.0,1.0,5.0,5.0,3.0
madison_avenue/north_to_south/06_n00751_S_L.jpg,madison_avenue,north_to_south,6,n00751,S,L,1.0,5.0,1.0,3.0,3.0,1.0,5.0,7.0,3.0
madison_avenue/north_to_south/06_n00751_S_R.jpg,madison_avenue,north_to_south,6,n00751,S,R,1.0,6.0,1.0,3.0,6.0,1.0,5.0,7.0,5.0
madison_avenue/north_to_south/07_n00750_S_L.jpg,madison_avenue,north_to_south,7,n00750,S,L,1.0,5.0,1.0,3.0,6.0,1.0,5.0,7.0,5.0
madison_avenue/north_to_south/07_n00750_S_R.jpg,madison_avenue,north_to_south,7,n00750,S,R,1.0,6.0,1.0,3.0,6.0,1.0,5.0,7.0,5.0
madison_avenue/north_to_south/08_n00749_S_L.jpg,madison_avenue,north_to_south,8,n00749,S,L,1.0,5.0,2.0,3.0,6.0,3.0,5.0,7.0,5.0
madison_avenue/north_to_south/08_n00749_S_R.jpg,madison_avenue,north_to_south,8,n00749,S,R,2.0,5.0,3.0,3.0,5.0,3.0,5.0,7.0,5.0
madison_avenue/north_to_south/09_n00748_S_L.jpg,madison_avenue,north_to_south,9,n00748,S,L,1.0,6.0,1.0,3.0,3.0,1.0,5.0,7.0,5.0
madison_avenue/north_to_south/09_n00748_S_R.jpg,madison_avenue,north_to_south,9,n00748,S,R,1.0,5.0,1.0,3.0,6.0,1.0,5.0,7.0,5.0
madison_avenue/north_to_south/10_n00747_S_L.jpg,madison_avenue,north_to_south,10,n00747,S,L,1.0,6.0,2.0,3.0,3.0,2.0,5.0,7.0,3.0
madison_avenue/north_to_south/10_n00747_S_R.jpg,madison_avenue,north_to_south,10,n00747,S,R,1.0,5.0,1.0,3.0,6.0,1.0,5.0,7.0,5.0
madison_avenue/north_to_south/11_n00746_S_L.jpg,madison_avenue,north_to_south,11,n00746,S,L,1.0,6.0,1.0,3.0,3.0,1.0,5.0,7.0,3.0
madison_avenue/north_to_south/11_n00746_S_R.jpg,madison_avenue,north_to_south,11,n00746,S,R,1.0,5.0,1.0,3.0,6.0,1.0,5.0,7.0,5.0
madison_avenue/north_to_south/12_n00745_S_L.jpg,madison_avenue,north_to_south,12,n00745,S,L,1.0,3.0,2.0,3.0,3.0,2.0,5.0,5.0,5.0
madison_avenue/north_to_south/12_n00745_S_R.jpg,madison_avenue,north_to_south,12,n00745,S,R,1.0,5.0,1.0,3.0,6.0,1.0,5.0,5.0,5.0
madison_avenue/north_to_south/13_n00744_S_L.jpg,madison_avenue,north_to_south,13,n00744,S,L,1.0,5.0,1.0,3.0,3.0,1.0,3.0,5.0,3.0
madison_avenue/north_to_south/13_n00744_S_R.jpg,madison_avenue,north_to_south,13,n00744,S,R,1.0,6.0,1.0,3.0,6.0,1.0,3.0,7.0,3.0
madison_avenue/north_to_south/14_n00743_S_L.jpg,madison_avenue,north_to_south,14,n00743,S,L,1.0,6.0,1.0,1.0,3.0,1.0,1.0,3.0,3.0
madison_avenue/north_to_south/14_n00743_S_R.jpg,madison_avenue,north_to_south,14,n00743,S,R,1.0,6.0,1.0,3.0,3.0,1.0,3.0,7.0,3.0
madison_avenue/north_to_south/15_n00742_S_L.jpg,madison_avenue,north_to_south,15,n00742,S,L,1.0,5.0,2.0,3.0,3.0,3.0,3.0,5.0,3.0
madison_avenue/north_to_south/15_n00742_S_R.jpg,madison_avenue,north_to_south,15,n00742,S,R,1.0,6.0,1.0,3.0,3.0,1.0,3.0,7.0,3.0
madison_avenue/north_to_south/16_n00741_S_L.jpg,madison_avenue,north_to_south,16,n00741,S,L,1.0,1.0,1.0,1.0,3.0,1.0,1.0,3.0,3.0
madison_avenue/north_to_south/16_n00741_S_R.jpg,madison_avenue,north_to_south,16,n00741,S,R,1.0,5.0,1.0,3.0,3.0,1.0,3.0,5.0,3.0
madison_avenue/north_to_south/17_n00740_S_L.jpg,madison_avenue,north_to_south,17,n00740,S,L,1.0,3.0,1.0,3.0,3.0,1.0,5.0,5.0,3.0
madison_avenue/north_to_south/17_n00740_S_R.jpg,madison_avenue,north_to_south,17,n00740,S,R,1.0,5.0,1.0,3.0,3.0,1.0,5.0,7.0,3.0
madison_avenue/north_to_south/18_n00739_S_L.jpg,madison_avenue,north_to_south,18,n00739,S,L,1.0,3.0,1.0,3.0,3.0,1.0,6.0,7.0,5.0
madison_avenue/north_to_south/18_n00739_S_R.jpg,madison_avenue,north_to_south,18,n00739,S,R,1.0,5.0,1.0,3.0,3.0,1.0,1.0,7.0,3.0
madison_avenue/north_to_south/19_n00738_S_L.jpg,madison_avenue,north_to_south,19,n00738,S,L,1.0,3.0,1.0,3.0,5.0,1.0,6.0,7.0,3.0
madison_avenue/north_to_south/19_n00738_S_R.jpg,madison_avenue,north_to_south,19,n00738,S,R,1.0,5.0,1.0,3.0,3.0,1.0,5.0,7.0,3.0
madison_avenue/north_to_south/20_n00737_S_L.jpg,madison_avenue,north_to_south,20,n00737,S,L,3.0,3.0,3.0,3.0,3.0,3.0,1.0,5.0,3.0
madison_avenue/north_to_south/20_n00737_S_R.jpg,madison_avenue,north_to_south,20,n00737,S,R,1.0,6.0,1.0,3.0,3.0,1.0,1.0,5.0,3.0
madison_avenue/north_to_south/21_n00736_S_L.jpg,madison_avenue,north_to_south,21,n00736,S,L,2.0,3.0,3.0,3.0,5.0,3.0,1.0,3.0,3.0
madison_avenue/north_to_south/21_n00736_S_R.jpg,madison_avenue,north_to_south,21,n00736,S,R,1.0,5.0,2.0,3.0,5.0,2.0,3.0,5.0,3.0
madison_avenue/north_to_south/22_n00735_S_L.jpg,madison_avenue,north_to_south,22,n00735,S,L,3.0,6.0,3.0,3.0,6.0,5.0,1.0,3.0,3.0
madison_avenue/north_to_south/22_n00735_S_R.jpg,madison_avenue,north_to_south,22,n00735,S,R,3.0,6.0,3.0,3.0,3.0,3.0,1.0,5.0,3.0
madison_avenue/north_to_south/23_n00734_S_L.jpg,madison_avenue,north_to_south,23,n00734,S,L,2.0,3.0,3.0,5.0,6.0,3.0,1.0,5.0,3.0
madison_avenue/north_to_south/23_n00734_S_R.jpg,madison_avenue,north_to_south,23,n00734,S,R,3.0,3.0,3.0,3.0,5.0,5.0,1.0,5.0,3.0
madison_avenue/north_to_south/24_n00733_S_L.jpg,madison_avenue,north_to_south,24,n00733,S,L,1.0,3.0,2.0,3.0,5.0,3.0,3.0,5.0,3.0
madison_avenue/north_to_south/24_n00733_S_R.jpg,madison_avenue,north_to_south,24,n00733,S,R,1.0,3.0,1.0,3.0,3.0,1.0,1.0,5.0,1.0
madison_avenue/north_to_south/25_n00732_S_L.jpg,madison_avenue,north_to_south,25,n00732,S,L,1.0,5.0,1.0,5.0,5.0,1.0,3.0,5.0,3.0
madison_avenue/north_to_south/25_n00732_S_R.jpg,madison_avenue,north_to_south,25,n00732,S,R,1.0,5.0,1.0,3.0,5.0,1.0,3.0,7.0,3.0
madison_avenue/north_to_south/26_n00731_S_L.jpg,madison_avenue,north_to_south,26,n00731,S,L,1.0,5.0,1.0,3.0,3.0,1.0,3.0,7.0,5.0
madison_avenue/north_to_south/26_n00731_S_R.jpg,madison_avenue,north_to_south,26,n00731,S,R,1.0,5.0,1.0,3.0,3.0,1.0,1.0,3.0,3.0
madison_avenue/north_to_south/27_n00730_S_L.jpg,madison_avenue,north_to_south,27,n00730,S,L,2.0,5.0,3.0,3.0,5.0,3.0,1.0,7.0,3.0
madison_avenue/north_to_south/27_n00730_S_R.jpg,madison_avenue,north_to_south,27,n00730,S,R,1.0,3.0,1.0,1.0,1.0,1.0,1.0,1.0,1.0
madison_avenue/north_to_south/28_n00729_S_L.jpg,madison_avenue,north_to_south,28,n00729,S,L,2.0,3.0,3.0,3.0,6.0,3.0,1.0,7.0,3.0
madison_avenue/north_to_south/28_n00729_S_R.jpg,madison_avenue,north_to_south,28,n00729,S,R,1.0,5.0,1.0,3.0,6.0,1.0,5.0,7.0,5.0
madison_avenue/north_to_south/29_n00728_S_L.jpg,madison_avenue,north_to_south,29,n00728,S,L,1.0,6.0,3.0,3.0,5.0,3.0,3.0,5.0,3.0
madison_avenue/north_to_south/29_n00728_S_R.jpg,madison_avenue,north_to_south,29,n00728,S,R,1.0,6.0,1.0,3.0,6.0,1.0,3.0,1.0,3.0
madison_avenue/north_to_south/30_n00727_S_L.jpg,madison_avenue,north_to_south,30,n00727,S,L,1.0,5.0,1.0,3.0,5.0,1.0,5.0,5.0,5.0
madison_avenue/north_to_south/30_n00727_S_R.jpg,madison_avenue,north_to_south,30,n00727,S,R,1.0,7.0,1.0,3.0,6.0,1.0,3.0,3.0,3.0
madison_avenue/north_to_south/31_n00726_S_L.jpg,madison_avenue,north_to_south,31,n00726,S,L,1.0,5.0,1.0,3.0,3.0,1.0,3.0,7.0,3.0
madison_avenue/north_to_south/31_n00726_S_R.jpg,madison_avenue,north_to_south,31,n00726,S,R,1.0,6.0,1.0,3.0,6.0,1.0,1.0,3.0,3.0
madison_avenue/north_to_south/32_n00725_S_L.jpg,madison_avenue,north_to_south,32,n00725,S,L,1.0,5.0,1.0,3.0,3.0,3.0,5.0,7.0,3.0
madison_avenue/north_to_south/32_n00725_S_R.jpg,madison_avenue,north_to_south,32,n00725,S,R,1.0,5.0,1.0,3.0,6.0,1.0,1.0,7.0,3.0
madison_avenue/north_to_south/33_n00724_S_L.jpg,madison_avenue,north_to_south,33,n00724,S,L,1.0,6.0,1.0,3.0,5.0,1.0,5.0,7.0,6.0
madison_avenue/north_to_south/33_n00724_S_R.jpg,madison_avenue,north_to_south,33,n00724,S,R,2.0,5.0,3.0,3.0,6.0,3.0,5.0,7.0,5.0
madison_avenue/north_to_south/34_n00723_S_L.jpg,madison_avenue,north_to_south,34,n00723,S,L,1.0,6.0,1.0,3.0,6.0,1.0,5.0,7.0,6.0
madison_avenue/north_to_south/34_n00723_S_R.jpg,madison_avenue,north_to_south,34,n00723,S,R,1.0,6.0,1.0,3.0,6.0,1.0,5.0,7.0,5.0
madison_avenue/south_to_north/01_n00723_N_L.jpg,madison_avenue,south_to_north,1,n00723,N,L,1.0,6.0,1.0,3.0,3.0,1.0,3.0,7.0,3.0
madison_avenue/south_to_north/01_n00723_N_R.jpg,madison_avenue,south_to_north,1,n00723,N,R,1.0,5.0,1.0,3.0,5.0,1.0,3.0,7.0,5.0
madison_avenue/south_to_north/02_n00724_N_L.jpg,madison_avenue,south_to_north,2,n00724,N,L,1.0,7.0,1.0,3.0,5.0,1.0,3.0,7.0,3.0
madison_avenue/south_to_north/02_n00724_N_R.jpg,madison_avenue,south_to_north,2,n00724,N,R,1.0,5.0,1.0,3.0,3.0,1.0,5.0,7.0,3.0
madison_avenue/south_to_north/03_n00725_N_L.jpg,madison_avenue,south_to_north,3,n00725,N,L,1.0,6.0,1.0,3.0,6.0,1.0,1.0,3.0,3.0
madison_avenue/south_to_north/03_n00725_N_R.jpg,madison_avenue,south_to_north,3,n00725,N,R,1.0,5.0,1.0,3.0,3.0,1.0,3.0,5.0,3.0
madison_avenue/south_to_north/04_n00726_N_L.jpg,madison_avenue,south_to_north,4,n00726,N,L,1.0,5.0,1.0,3.0,6.0,1.0,5.0,7.0,5.0
madison_avenue/south_to_north/04_n00726_N_R.jpg,madison_avenue,south_to_north,4,n00726,N,R,1.0,5.0,1.0,3.0,5.0,1.0,5.0,5.0,4.0
madison_avenue/south_to_north/05_n00727_N_L.jpg,madison_avenue,south_to_north,5,n00727,N,L,1.0,6.0,1.0,3.0,6.0,1.0,5.0,7.0,5.0
madison_avenue/south_to_north/05_n00727_N_R.jpg,madison_avenue,south_to_north,5,n00727,N,R,2.0,3.0,3.0,3.0,6.0,3.0,3.0,5.0,3.0
madison_avenue/south_to_north/06_n00728_N_L.jpg,madison_avenue,south_to_north,6,n00728,N,L,1.0,5.0,1.0,3.0,3.0,1.0,6.0,7.0,5.0
madison_avenue/south_to_north/06_n00728_N_R.jpg,madison_avenue,south_to_north,6,n00728,N,R,3.0,3.0,3.0,3.0,6.0,3.0,3.0,7.0,3.0
madison_avenue/south_to_north/07_n00729_N_L.jpg,madison_avenue,south_to_north,7,n00729,N,L,1.0,5.0,1.0,3.0,3.0,1.0,5.0,5.0,5.0
madison_avenue/south_to_north/07_n00729_N_R.jpg,madison_avenue,south_to_north,7,n00729,N,R,2.0,3.0,3.0,3.0,6.0,3.0,3.0,7.0,3.0
madison_avenue/south_to_north/08_n00730_N_L.jpg,madison_avenue,south_to_north,8,n00730,N,L,1.0,3.0,1.0,3.0,1.0,1.0,1.0,3.0,1.0
madison_avenue/south_to_north/08_n00730_N_R.jpg,madison_avenue,south_to_north,8,n00730,N,R,1.0,5.0,1.0,3.0,3.0,1.0,1.0,7.0,3.0
madison_avenue/south_to_north/09_n00731_N_L.jpg,madison_avenue,south_to_north,9,n00731,N,L,1.0,1.0,1.0,3.0,3.0,1.0,3.0,3.0,3.0
madison_avenue/south_to_north/09_n00731_N_R.jpg,madison_avenue,south_to_north,9,n00731,N,R,1.0,3.0,2.0,3.0,3.0,2.0,1.0,5.0,3.0
madison_avenue/south_to_north/10_n00732_N_L.jpg,madison_avenue,south_to_north,10,n00732,N,L,1.0,3.0,1.0,3.0,3.0,1.0,1.0,3.0,3.0
madison_avenue/south_to_north/10_n00732_N_R.jpg,madison_avenue,south_to_north,10,n00732,N,R,2.0,3.0,3.0,5.0,5.0,3.0,3.0,5.0,3.0
madison_avenue/south_to_north/11_n00733_N_L.jpg,madison_avenue,south_to_north,11,n00733,N,L,3.0,5.0,3.0,5.0,6.0,5.0,1.0,5.0,3.0
madison_avenue/south_to_north/11_n00733_N_R.jpg,madison_avenue,south_to_north,11,n00733,N,R,1.0,3.0,2.0,3.0,3.0,3.0,1.0,5.0,3.0
madison_avenue/south_to_north/12_n00734_N_L.jpg,madison_avenue,south_to_north,12,n00734,N,L,3.0,5.0,3.0,3.0,3.0,3.0,1.0,5.0,3.0
madison_avenue/south_to_north/12_n00734_N_R.jpg,madison_avenue,south_to_north,12,n00734,N,R,1.0,3.0,3.0,3.0,3.0,3.0,1.0,7.0,1.0
madison_avenue/south_to_north/13_n00735_N_L.jpg,madison_avenue,south_to_north,13,n00735,N,L,1.0,6.0,1.0,3.0,3.0,1.0,3.0,5.0,3.0
madison_avenue/south_to_north/13_n00735_N_R.jpg,madison_avenue,south_to_north,13,n00735,N,R,1.0,3.0,2.0,3.0,3.0,3.0,3.0,5.0,3.0
madison_avenue/south_to_north/14_n00736_N_L.jpg,madison_avenue,south_to_north,14,n00736,N,L,1.0,5.0,1.0,3.0,3.0,1.0,5.0,7.0,3.0
madison_avenue/south_to_north/14_n00736_N_R.jpg,madison_avenue,south_to_north,14,n00736,N,R,1.0,3.0,1.0,1.0,3.0,1.0,3.0,3.0,2.0
madison_avenue/south_to_north/15_n00737_N_L.jpg,madison_avenue,south_to_north,15,n00737,N,L,1.0,5.0,1.0,3.0,1.0,1.0,3.0,5.0,3.0
madison_avenue/south_to_north/15_n00737_N_R.jpg,madison_avenue,south_to_north,15,n00737,N,R,3.0,3.0,3.0,3.0,5.0,3.0,6.0,7.0,5.0
madison_avenue/south_to_north/16_n00738_N_L.jpg,madison_avenue,south_to_north,16,n00738,N,L,1.0,5.0,1.0,3.0,1.0,1.0,1.0,7.0,3.0
madison_avenue/south_to_north/16_n00738_N_R.jpg,madison_avenue,south_to_north,16,n00738,N,R,1.0,3.0,1.0,3.0,6.0,1.0,6.0,7.0,5.0
madison_avenue/south_to_north/17_n00739_N_L.jpg,madison_avenue,south_to_north,17,n00739,N,L,1.0,6.0,1.0,3.0,3.0,1.0,3.0,5.0,3.0
madison_avenue/south_to_north/17_n00739_N_R.jpg,madison_avenue,south_to_north,17,n00739,N,R,1.0,6.0,1.0,3.0,3.0,1.0,1.0,3.0,3.0
madison_avenue/south_to_north/18_n00740_N_L.jpg,madison_avenue,south_to_north,18,n00740,N,L,1.0,7.0,1.0,3.0,3.0,1.0,3.0,7.0,3.0
madison_avenue/south_to_north/18_n00740_N_R.jpg,madison_avenue,south_to_north,18,n00740,N,R,1.0,5.0,1.0,1.0,3.0,1.0,3.0,7.0,3.0
madison_avenue/south_to_north/19_n00741_N_L.jpg,madison_avenue,south_to_north,19,n00741,N,L,1.0,7.0,1.0,3.0,1.0,1.0,1.0,7.0,3.0
madison_avenue/south_to_north/19_n00741_N_R.jpg,madison_avenue,south_to_north,19,n00741,N,R,1.0,3.0,1.0,1.0,3.0,1.0,3.0,7.0,3.0
madison_avenue/south_to_north/20_n00742_N_L.jpg,madison_avenue,south_to_north,20,n00742,N,L,1.0,6.0,1.0,3.0,3.0,1.0,1.0,7.0,3.0
madison_avenue/south_to_north/20_n00742_N_R.jpg,madison_avenue,south_to_north,20,n00742,N,R,1.0,3.0,1.0,1.0,3.0,1.0,3.0,3.0,3.0
madison_avenue/south_to_north/21_n00743_N_L.jpg,madison_avenue,south_to_north,21,n00743,N,L,1.0,6.0,1.0,3.0,3.0,1.0,3.0,7.0,3.0
madison_avenue/south_to_north/21_n00743_N_R.jpg,madison_avenue,south_to_north,21,n00743,N,R,1.0,3.0,1.0,3.0,3.0,1.0,5.0,5.0,3.0
madison_avenue/south_to_north/22_n00744_N_L.jpg,madison_avenue,south_to_north,22,n00744,N,L,1.0,6.0,1.0,3.0,3.0,1.0,5.0,7.0,5.0
madison_avenue/south_to_north/22_n00744_N_R.jpg,madison_avenue,south_to_north,22,n00744,N,R,1.0,3.0,2.0,3.0,5.0,3.0,5.0,5.0,5.0
madison_avenue/south_to_north/23_n00745_N_L.jpg,madison_avenue,south_to_north,23,n00745,N,L,1.0,5.0,1.0,3.0,5.0,1.0,5.0,7.0,5.0
madison_avenue/south_to_north/23_n00745_N_R.jpg,madison_avenue,south_to_north,23,n00745,N,R,1.0,6.0,1.0,3.0,3.0,1.0,5.0,7.0,3.0
madison_avenue/south_to_north/24_n00746_N_L.jpg,madison_avenue,south_to_north,24,n00746,N,L,1.0,5.0,1.0,3.0,5.0,1.0,5.0,7.0,5.0
madison_avenue/south_to_north/24_n00746_N_R.jpg,madison_avenue,south_to_north,24,n00746,N,R,1.0,6.0,2.0,3.0,3.0,3.0,3.0,5.0,3.0
madison_avenue/south_to_north/25_n00747_N_L.jpg,madison_avenue,south_to_north,25,n00747,N,L,1.0,6.0,1.0,3.0,6.0,1.0,5.0,7.0,5.0
madison_avenue/south_to_north/25_n00747_N_R.jpg,madison_avenue,south_to_north,25,n00747,N,R,1.0,6.0,1.0,3.0,3.0,1.0,5.0,7.0,5.0
madison_avenue/south_to_north/26_n00748_N_L.jpg,madison_avenue,south_to_north,26,n00748,N,L,1.0,6.0,1.0,3.0,5.0,1.0,5.0,7.0,5.0
madison_avenue/south_to_north/26_n00748_N_R.jpg,madison_avenue,south_to_north,26,n00748,N,R,1.0,6.0,3.0,3.0,6.0,3.0,5.0,7.0,5.0
madison_avenue/south_to_north/27_n00749_N_L.jpg,madison_avenue,south_to_north,27,n00749,N,L,1.0,5.0,1.0,3.0,5.0,1.0,5.0,7.0,5.0
madison_avenue/south_to_north/27_n00749_N_R.jpg,madison_avenue,south_to_north,27,n00749,N,R,1.0,5.0,1.0,3.0,6.0,1.0,5.0,7.0,5.0
madison_avenue/south_to_north/28_n00750_N_L.jpg,madison_avenue,south_to_north,28,n00750,N,L,1.0,5.0,1.0,3.0,6.0,1.0,3.0,7.0,3.0
madison_avenue/south_to_north/28_n00750_N_R.jpg,madison_avenue,south_to_north,28,n00750,N,R,1.0,5.0,1.0,3.0,3.0,1.0,5.0,7.0,5.0
madison_avenue/south_to_north/29_n00751_N_L.jpg,madison_avenue,south_to_north,29,n00751,N,L,2.0,5.0,3.0,3.0,5.0,3.0,3.0,5.0,3.0
madison_avenue/south_to_north/29_n00751_N_R.jpg,madison_avenue,south_to_north,29,n00751,N,R,1.0,6.0,2.0,3.0,3.0,1.0,5.0,5.0,5.0
madison_avenue/south_to_north/30_n00752_N_L.jpg,madison_avenue,south_to_north,30,n00752,N,L,2.0,6.0,3.0,3.0,3.0,3.0,3.0,7.0,3.0
madison_avenue/south_to_north/30_n00752_N_R.jpg,madison_avenue,south_to_north,30,n00752,N,R,1.0,5.0,1.0,3.0,3.0,1.0,5.0,7.0,5.0
madison_avenue/south_to_north/31_n00753_N_L.jpg,madison_avenue,south_to_north,31,n00753,N,L,2.0,6.0,3.0,3.0,5.0,3.0,1.0,7.0,3.0
madison_avenue/south_to_north/31_n00753_N_R.jpg,madison_avenue,south_to_north,31,n00753,N,R,1.0,6.0,1.0,3.0,3.0,1.0,5.0,7.0,3.0
madison_avenue/south_to_north/32_n00754_N_L.jpg,madison_avenue,south_to_north,32,n00754,N,L,1.0,6.0,1.0,3.0,6.0,1.0,5.0,7.0,5.0
madison_avenue/south_to_north/32_n00754_N_R.jpg,madison_avenue,south_to_north,32,n00754,N,R,1.0,3.0,1.0,3.0,3.0,1.0,5.0,5.0,3.0
madison_avenue/south_to_north/33_n00755_N_L.jpg,madison_avenue,south_to_north,33,n00755,N,L,1.0,7.0,1.0,3.0,5.0,1.0,5.0,7.0,5.0
madison_avenue/south_to_north/33_n00755_N_R.jpg,madison_avenue,south_to_north,33,n00755,N,R,1.0,6.0,1.0,3.0,3.0,1.0,5.0,7.0,5.0
madison_avenue/south_to_north/34_n00756_N_L.jpg,madison_avenue,south_to_north,34,n00756,N,L,1.0,6.0,1.0,3.0,6.0,1.0,5.0,7.0,5.0
madison_avenue/south_to_north/34_n00756_N_R.jpg,madison_avenue,south_to_north,34,n00756,N,R,1.0,6.0,1.0,3.0,6.0,1.0,5.0,7.0,5.0
tudor_city_place/north_to_south/1_n00764_S_L.jpg,tudor_city_place,north_to_south,1,n00764,S,L,1.0,3.0,1.0,3.0,3.0,1.0,1.0,3.0,1.0
tudor_city_place/north_to_south/1_n00764_S_R.jpg,tudor_city_place,north_to_south,1,n00764,S,R,1.0,3.0,1.0,3.0,3.0,2.0,1.0,5.0,1.0
tudor_city_place/north_to_south/2_n00761_S_L.jpg,tudor_city_place,north_to_south,2,n00761,S,L,1.0,6.0,1.0,3.0,3.0,1.0,1.0,3.0,3.0
tudor_city_place/north_to_south/2_n00761_S_R.jpg,tudor_city_place,north_to_south,2,n00761,S,R,3.0,3.0,3.0,3.0,5.0,3.0,1.0,5.0,1.0
tudor_city_place/north_to_south/3_n00762_S_L.jpg,tudor_city_place,north_to_south,3,n00762,S,L,3.0,5.0,3.0,3.0,6.0,3.0,3.0,5.0,3.0
tudor_city_place/north_to_south/3_n00762_S_R.jpg,tudor_city_place,north_to_south,3,n00762,S,R,3.0,3.0,3.0,3.0,5.0,3.0,1.0,5.0,1.0
tudor_city_place/north_to_south/4_n00763_S_L.jpg,tudor_city_place,north_to_south,4,n00763,S,L,2.0,5.0,3.0,3.0,3.0,3.0,3.0,7.0,3.0
tudor_city_place/north_to_south/4_n00763_S_R.jpg,tudor_city_place,north_to_south,4,n00763,S,R,3.0,3.0,3.0,3.0,3.0,3.0,1.0,5.0,1.0
tudor_city_place/north_to_south/5_n00765_S_L.jpg,tudor_city_place,north_to_south,5,n00765,S,L,1.0,5.0,1.0,3.0,6.0,2.0,3.0,5.0,3.0
tudor_city_place/north_to_south/5_n00765_S_R.jpg,tudor_city_place,north_to_south,5,n00765,S,R,2.0,5.0,3.0,3.0,3.0,3.0,1.0,3.0,3.0
tudor_city_place/north_to_south/6_n00760_S_L.jpg,tudor_city_place,north_to_south,6,n00760,S,L,2.0,6.0,3.0,3.0,5.0,3.0,3.0,3.0,3.0
tudor_city_place/north_to_south/6_n00760_S_R.jpg,tudor_city_place,north_to_south,6,n00760,S,R,2.0,5.0,3.0,3.0,6.0,3.0,1.0,3.0,1.0
tudor_city_place/south_to_north/1_n00760_N_L.jpg,tudor_city_place,south_to_north,1,n00760,N,L,3.0,3.0,3.0,3.0,6.0,5.0,1.0,3.0,1.0
tudor_city_place/south_to_north/1_n00760_N_R.jpg,tudor_city_place,south_to_north,1,n00760,N,R,1.0,5.0,2.0,3.0,6.0,3.0,3.0,5.0,4.0
tudor_city_place/south_to_north/2_n00765_N_L.jpg,tudor_city_place,south_to_north,2,n00765,N,L,3.0,2.0,3.0,3.0,3.0,3.0,1.0,3.0,1.0
tudor_city_place/south_to_north/2_n00765_N_R.jpg,tudor_city_place,south_to_north,2,n00765,N,R,2.0,5.0,3.0,3.0,3.0,3.0,3.0,5.0,3.0
tudor_city_place/south_to_north/3_n00763_N_L.jpg,tudor_city_place,south_to_north,3,n00763,N,L,3.0,2.0,3.0,3.0,3.0,3.0,1.0,5.0,1.0
tudor_city_place/south_to_north/3_n00763_N_R.jpg,tudor_city_place,south_to_north,3,n00763,N,R,3.0,5.0,3.0,3.0,3.0,3.0,3.0,7.0,3.0
tudor_city_place/south_to_north/4_n00762_N_L.jpg,tudor_city_place,south_to_north,4,n00762,N,L,2.0,3.0,3.0,3.0,3.0,3.0,1.0,5.0,1.0
tudor_city_place/south_to_north/4_n00762_N_R.jpg,tudor_city_place,south_to_north,4,n00762,N,R,1.0,5.0,1.0,3.0,3.0,1.0,1.0,3.0,1.0
tudor_city_place/south_to_north/5_n00761_N_L.jpg,tudor_city_place,south_to_north,5,n00761,N,L,1.0,3.0,2.0,3.0,3.0,3.0,1.0,5.0,1.0
tudor_city_place/south_to_north/5_n00761_N_R.jpg,tudor_city_place,south_to_north,5,n00761,N,R,1.0,3.0,1.0,3.0,3.0,1.0,2.0,5.0,3.0
tudor_city_place/south_to_north/6_n00764_N_L.jpg,tudor_city_place,south_to_north,6,n00764,N,L,3.0,2.0,3.0,3.0,3.0,5.0,1.0,5.0,1.0
tudor_city_place/south_to_north/6_n00764_N_R.jpg,tudor_city_place,south_to_north,6,n00764,N,R,3.0,3.0,3.0,3.0,3.0,3.0,1.0,5.0,3.0
tunnel_approach_street/north_to_south/01_n00197_S_L.jpg,tunnel_approach_street,north_to_south,1,n00197,S,L,1.0,1.0,1.0,1.0,3.0,1.0,1.0,1.0,1.0
tunnel_approach_street/north_to_south/01_n00197_S_R.jpg,tunnel_approach_street,north_to_south,1,n00197,S,R,1.0,5.0,1.0,3.0,3.0,1.0,1.0,3.0,1.0
tunnel_approach_street/north_to_south/02_n00195_S_L.jpg,tunnel_approach_street,north_to_south,2,n00195,S,L,1.0,7.0,1.0,1.0,1.0,1.0,1.0,1.0,1.0
tunnel_approach_street/north_to_south/02_n00195_S_R.jpg,tunnel_approach_street,north_to_south,2,n00195,S,R,1.0,1.0,1.0,1.0,1.0,1.0,1.0,1.0,1.0
tunnel_approach_street/north_to_south/03_n00193_S_L.jpg,tunnel_approach_street,north_to_south,3,n00193,S,L,1.0,7.0,1.0,1.0,1.0,1.0,1.0,1.0,1.0
tunnel_approach_street/north_to_south/03_n00193_S_R.jpg,tunnel_approach_street,north_to_south,3,n00193,S,R,1.0,3.0,1.0,1.0,1.0,1.0,1.0,1.0,1.0
tunnel_approach_street/north_to_south/04_n00191_S_L.jpg,tunnel_approach_street,north_to_south,4,n00191,S,L,1.0,7.0,1.0,1.0,1.0,1.0,1.0,1.0,1.0
tunnel_approach_street/north_to_south/04_n00191_S_R.jpg,tunnel_approach_street,north_to_south,4,n00191,S,R,1.0,3.0,1.0,1.0,1.0,1.0,1.0,1.0,1.0
tunnel_approach_street/north_to_south/05_n00189_S_L.jpg,tunnel_approach_street,north_to_south,5,n00189,S,L,1.0,3.0,1.0,3.0,3.0,1.0,3.0,3.0,3.0
tunnel_approach_street/north_to_south/05_n00189_S_R.jpg,tunnel_approach_street,north_to_south,5,n00189,S,R,2.0,5.0,3.0,3.0,6.0,3.0,3.0,5.0,3.0
tunnel_approach_street/north_to_south/06_n00187_S_L.jpg,tunnel_approach_street,north_to_south,6,n00187,S,L,1.0,5.0,1.0,3.0,1.0,1.0,1.0,3.0,1.0
tunnel_approach_street/north_to_south/06_n00187_S_R.jpg,tunnel_approach_street,north_to_south,6,n00187,S,R,1.0,6.0,1.0,1.0,6.0,1.0,1.0,1.0,3.0
tunnel_approach_street/north_to_south/07_n00185_S_L.jpg,tunnel_approach_street,north_to_south,7,n00185,S,L,1.0,3.0,1.0,3.0,1.0,1.0,1.0,1.0,1.0
tunnel_approach_street/north_to_south/07_n00185_S_R.jpg,tunnel_approach_street,north_to_south,7,n00185,S,R,3.0,5.0,3.0,3.0,6.0,3.0,1.0,3.0,1.0
tunnel_approach_street/north_to_south/08_n00183_S_L.jpg,tunnel_approach_street,north_to_south,8,n00183,S,L,1.0,6.0,2.0,3.0,3.0,3.0,3.0,3.0,3.0
tunnel_approach_street/north_to_south/08_n00183_S_R.jpg,tunnel_approach_street,north_to_south,8,n00183,S,R,3.0,3.0,3.0,3.0,6.0,5.0,1.0,3.0,1.0
tunnel_approach_street/north_to_south/09_n00181_S_L.jpg,tunnel_approach_street,north_to_south,9,n00181,S,L,1.0,5.0,3.0,3.0,3.0,3.0,1.0,3.0,3.0
tunnel_approach_street/north_to_south/09_n00181_S_R.jpg,tunnel_approach_street,north_to_south,9,n00181,S,R,2.0,5.0,3.0,3.0,6.0,3.0,3.0,5.0,3.0
tunnel_approach_street/north_to_south/10_n00179_S_L.jpg,tunnel_approach_street,north_to_south,10,n00179,S,L,1.0,6.0,1.0,3.0,3.0,1.0,1.0,1.0,1.0
tunnel_approach_street/north_to_south/10_n00179_S_R.jpg,tunnel_approach_street,north_to_south,10,n00179,S,R,1.0,6.0,1.0,1.0,3.0,1.0,1.0,3.0,3.0
tunnel_approach_street/north_to_south/11_n00177_S_L.jpg,tunnel_approach_street,north_to_south,11,n00177,S,L,1.0,5.0,1.0,3.0,1.0,1.0,1.0,1.0,1.0
tunnel_approach_street/north_to_south/11_n00177_S_R.jpg,tunnel_approach_street,north_to_south,11,n00177,S,R,2.0,3.0,3.0,3.0,6.0,3.0,1.0,3.0,1.0
tunnel_approach_street/north_to_south/12_n00175_S_L.jpg,tunnel_approach_street,north_to_south,12,n00175,S,L,1.0,3.0,3.0,5.0,3.0,3.0,1.0,3.0,1.0
tunnel_approach_street/north_to_south/12_n00175_S_R.jpg,tunnel_approach_street,north_to_south,12,n00175,S,R,3.0,3.0,3.0,3.0,6.0,3.0,3.0,1.0,1.0
tunnel_approach_street/north_to_south/13_n00169_S_L.jpg,tunnel_approach_street,north_to_south,13,n00169,S,L,2.0,2.0,2.0,3.0,3.0,3.0,1.0,3.0,1.0
tunnel_approach_street/north_to_south/13_n00169_S_R.jpg,tunnel_approach_street,north_to_south,13,n00169,S,R,3.0,1.0,3.0,3.0,6.0,5.0,1.0,5.0,1.0
tunnel_approach_street/north_to_south/14_n00167_S_L.jpg,tunnel_approach_street,north_to_south,14,n00167,S,L,3.0,1.0,3.0,3.0,3.0,5.0,1.0,1.0,1.0
tunnel_approach_street/north_to_south/14_n00167_S_R.jpg,tunnel_approach_street,north_to_south,14,n00167,S,R,3.0,1.0,3.0,3.0,3.0,5.0,1.0,3.0,1.0
tunnel_approach_street/north_to_south/15_n00165_S_L.jpg,tunnel_approach_street,north_to_south,15,n00165,S,L,5.0,1.0,5.0,3.0,6.0,5.0,1.0,3.0,1.0
tunnel_approach_street/north_to_south/15_n00165_S_R.jpg,tunnel_approach_street,north_to_south,15,n00165,S,R,3.0,1.0,3.0,3.0,3.0,5.0,1.0,3.0,1.0
tunnel_approach_street/north_to_south/16_n00163_S_L.jpg,tunnel_approach_street,north_to_south,16,n00163,S,L,3.0,3.0,3.0,3.0,6.0,3.0,1.0,3.0,1.0
tunnel_approach_street/north_to_south/16_n00163_S_R.jpg,tunnel_approach_street,north_to_south,16,n00163,S,R,2.0,2.0,2.0,3.0,3.0,3.0,1.0,3.0,1.0
tunnel_approach_street/north_to_south/17_n00161_S_L.jpg,tunnel_approach_street,north_to_south,17,n00161,S,L,1.0,3.0,1.0,3.0,3.0,1.0,1.0,3.0,1.0
tunnel_approach_street/north_to_south/17_n00161_S_R.jpg,tunnel_approach_street,north_to_south,17,n00161,S,R,1.0,3.0,1.0,3.0,3.0,1.0,1.0,3.0,1.0
tunnel_approach_street/north_to_south/18_n00159_S_L.jpg,tunnel_approach_street,north_to_south,18,n00159,S,L,1.0,5.0,1.0,1.0,1.0,1.0,1.0,1.0,1.0
tunnel_approach_street/north_to_south/18_n00159_S_R.jpg,tunnel_approach_street,north_to_south,18,n00159,S,R,1.0,1.0,1.0,1.0,1.0,1.0,1.0,1.0,1.0
tunnel_approach_street/north_to_south/19_n00157_S_L.jpg,tunnel_approach_street,north_to_south,19,n00157,S,L,2.0,5.0,3.0,1.0,3.0,3.0,1.0,1.0,1.0
tunnel_approach_street/north_to_south/19_n00157_S_R.jpg,tunnel_approach_street,north_to_south,19,n00157,S,R,1.0,3.0,1.0,1.0,3.0,1.0,1.0,3.0,1.0
tunnel_approach_street/north_to_south/20_n00155_S_L.jpg,tunnel_approach_street,north_to_south,20,n00155,S,L,1.0,3.0,1.0,3.0,3.0,1.0,1.0,5.0,3.0
tunnel_approach_street/north_to_south/20_n00155_S_R.jpg,tunnel_approach_street,north_to_south,20,n00155,S,R,1.0,3.0,1.0,1.0,3.0,1.0,3.0,3.0,1.0
tunnel_approach_street/north_to_south/21_n00153_S_L.jpg,tunnel_approach_street,north_to_south,21,n00153,S,L,1.0,5.0,1.0,5.0,3.0,1.0,3.0,5.0,3.0
tunnel_approach_street/north_to_south/21_n00153_S_R.jpg,tunnel_approach_street,north_to_south,21,n00153,S,R,1.0,6.0,2.0,3.0,3.0,3.0,1.0,5.0,3.0
tunnel_approach_street/south_to_north/01_n00153_N_L.jpg,tunnel_approach_street,south_to_north,1,n00153,N,L,1.0,3.0,1.0,5.0,3.0,1.0,3.0,3.0,3.0
tunnel_approach_street/south_to_north/01_n00153_N_R.jpg,tunnel_approach_street,south_to_north,1,n00153,N,R,1.0,3.0,1.0,3.0,3.0,1.0,3.0,5.0,3.0
tunnel_approach_street/south_to_north/02_n00155_N_L.jpg,tunnel_approach_street,south_to_north,2,n00155,N,L,1.0,6.0,1.0,1.0,1.0,1.0,1.0,1.0,1.0
tunnel_approach_street/south_to_north/02_n00155_N_R.jpg,tunnel_approach_street,south_to_north,2,n00155,N,R,3.0,3.0,6.0,1.0,6.0,5.0,1.0,3.0,1.0
tunnel_approach_street/south_to_north/03_n00157_N_L.jpg,tunnel_approach_street,south_to_north,3,n00157,N,L,1.0,5.0,1.0,3.0,1.0,1.0,1.0,1.0,1.0
tunnel_approach_street/south_to_north/03_n00157_N_R.jpg,tunnel_approach_street,south_to_north,3,n00157,N,R,1.0,5.0,1.0,1.0,3.0,1.0,1.0,3.0,1.0
tunnel_approach_street/south_to_north/04_n00159_N_L.jpg,tunnel_approach_street,south_to_north,4,n00159,N,L,1.0,1.0,1.0,3.0,1.0,3.0,1.0,1.0,1.0
tunnel_approach_street/south_to_north/04_n00159_N_R.jpg,tunnel_approach_street,south_to_north,4,n00159,N,R,1.0,5.0,1.0,1.0,6.0,1.0,1.0,1.0,1.0
tunnel_approach_street/south_to_north/05_n00161_N_L.jpg,tunnel_approach_street,south_to_north,5,n00161,N,L,1.0,3.0,2.0,3.0,3.0,3.0,1.0,5.0,1.0
tunnel_approach_street/south_to_north/05_n00161_N_R.jpg,tunnel_approach_street,south_to_north,5,n00161,N,R,2.0,3.0,2.0,3.0,6.0,3.0,1.0,3.0,1.0
tunnel_approach_street/south_to_north/06_n00163_N_L.jpg,tunnel_approach_street,south_to_north,6,n00163,N,L,3.0,1.0,5.0,3.0,3.0,5.0,1.0,3.0,1.0
tunnel_approach_street/south_to_north/06_n00163_N_R.jpg,tunnel_approach_street,south_to_north,6,n00163,N,R,3.0,1.0,3.0,3.0,6.0,5.0,1.0,1.0,1.0
tunnel_approach_street/south_to_north/07_n00165_N_L.jpg,tunnel_approach_street,south_to_north,7,n00165,N,L,3.0,1.0,5.0,3.0,3.0,5.0,1.0,3.0,1.0
tunnel_approach_street/south_to_north/07_n00165_N_R.jpg,tunnel_approach_street,south_to_north,7,n00165,N,R,3.0,1.0,3.0,3.0,3.0,3.0,3.0,1.0,1.0
tunnel_approach_street/south_to_north/08_n00167_N_L.jpg,tunnel_approach_street,south_to_north,8,n00167,N,L,3.0,2.0,3.0,3.0,3.0,5.0,1.0,3.0,1.0
tunnel_approach_street/south_to_north/08_n00167_N_R.jpg,tunnel_approach_street,south_to_north,8,n00167,N,R,3.0,2.0,3.0,3.0,6.0,5.0,1.0,3.0,1.0
tunnel_approach_street/south_to_north/09_n00169_N_L.jpg,tunnel_approach_street,south_to_north,9,n00169,N,L,1.0,5.0,1.0,5.0,3.0,1.0,1.0,5.0,1.0
tunnel_approach_street/south_to_north/09_n00169_N_R.jpg,tunnel_approach_street,south_to_north,9,n00169,N,R,1.0,7.0,1.0,3.0,3.0,1.0,1.0,3.0,1.0
tunnel_approach_street/south_to_north/10_n00175_N_L.jpg,tunnel_approach_street,south_to_north,10,n00175,N,L,1.0,3.0,1.0,3.0,3.0,2.0,1.0,3.0,1.0
tunnel_approach_street/south_to_north/10_n00175_N_R.jpg,tunnel_approach_street,south_to_north,10,n00175,N,R,1.0,6.0,1.0,3.0,1.0,1.0,1.0,3.0,1.0
tunnel_approach_street/south_to_north/11_n00177_N_L.jpg,tunnel_approach_street,south_to_north,11,n00177,N,L,1.0,6.0,1.0,1.0,1.0,1.0,1.0,1.0,1.0
tunnel_approach_street/south_to_north/11_n00177_N_R.jpg,tunnel_approach_street,south_to_north,11,n00177,N,R,1.0,5.0,1.0,3.0,3.0,1.0,1.0,3.0,1.0
tunnel_approach_street/south_to_north/12_n00179_N_L.jpg,tunnel_approach_street,south_to_north,12,n00179,N,L,1.0,6.0,1.0,3.0,3.0,1.0,1.0,7.0,3.0
tunnel_approach_street/south_to_north/12_n00179_N_R.jpg,tunnel_approach_street,south_to_north,12,n00179,N,R,2.0,3.0,3.0,3.0,3.0,3.0,3.0,5.0,3.0
tunnel_approach_street/south_to_north/13_n00181_N_L.jpg,tunnel_approach_street,south_to_north,13,n00181,N,L,3.0,5.0,3.0,3.0,6.0,5.0,3.0,5.0,3.0
tunnel_approach_street/south_to_north/13_n00181_N_R.jpg,tunnel_approach_street,south_to_north,13,n00181,N,R,2.0,3.0,3.0,3.0,3.0,3.0,3.0,5.0,2.0
tunnel_approach_street/south_to_north/14_n00183_N_L.jpg,tunnel_approach_street,south_to_north,14,n00183,N,L,3.0,5.0,3.0,3.0,7.0,5.0,1.0,3.0,1.0
tunnel_approach_street/south_to_north/14_n00183_N_R.jpg,tunnel_approach_street,south_to_north,14,n00183,N,R,1.0,3.0,1.0,1.0,1.0,1.0,1.0,3.0,1.0
tunnel_approach_street/south_to_north/15_n00185_N_L.jpg,tunnel_approach_street,south_to_north,15,n00185,N,L,1.0,5.0,2.0,3.0,3.0,3.0,1.0,3.0,3.0
tunnel_approach_street/south_to_north/15_n00185_N_R.jpg,tunnel_approach_street,south_to_north,15,n00185,N,R,1.0,6.0,1.0,3.0,1.0,1.0,1.0,1.0,1.0
tunnel_approach_street/south_to_north/16_n00187_N_L.jpg,tunnel_approach_street,south_to_north,16,n00187,N,L,1.0,3.0,1.0,3.0,3.0,1.0,1.0,7.0,3.0
tunnel_approach_street/south_to_north/16_n00187_N_R.jpg,tunnel_approach_street,south_to_north,16,n00187,N,R,1.0,3.0,1.0,3.0,3.0,1.0,3.0,3.0,1.0
tunnel_approach_street/south_to_north/17_n00189_N_L.jpg,tunnel_approach_street,south_to_north,17,n00189,N,L,1.0,3.0,1.0,1.0,3.0,1.0,3.0,7.0,1.0
tunnel_approach_street/south_to_north/17_n00189_N_R.jpg,tunnel_approach_street,south_to_north,17,n00189,N,R,1.0,7.0,1.0,3.0,3.0,1.0,1.0,1.0,1.0
tunnel_approach_street/south_to_north/18_n00191_N_L.jpg,tunnel_approach_street,south_to_north,18,n00191,N,L,1.0,1.0,1.0,1.0,1.0,1.0,1.0,1.0,1.0
tunnel_approach_street/south_to_north/18_n00191_N_R.jpg,tunnel_approach_street,south_to_north,18,n00191,N,R,1.0,7.0,1.0,1.0,1.0,1.0,1.0,1.0,1.0
tunnel_approach_street/south_to_north/19_n00193_N_L.jpg,tunnel_approach_street,south_to_north,19,n00193,N,L,1.0,1.0,1.0,1.0,1.0,1.0,1.0,1.0,1.0
tunnel_approach_street/south_to_north/19_n00193_N_R.jpg,tunnel_approach_street,south_to_north,19,n00193,N,R,1.0,7.0,1.0,1.0,1.0,1.0,1.0,1.0,1.0
tunnel_approach_street/south_to_north/20_n00195_N_L.jpg,tunnel_approach_street,south_to_north,20,n00195,N,L,1.0,3.0,1.0,1.0,1.0,1.0,1.0,1.0,1.0
tunnel_approach_street/south_to_north/20_n00195_N_R.jpg,tunnel_approach_street,south_to_north,20,n00195,N,R,1.0,7.0,1.0,1.0,3.0,1.0,1.0,1.0,1.0
tunnel_approach_street/south_to_north/21_n00197_N_L.jpg,tunnel_approach_street,south_to_north,21,n00197,N,L,3.0,3.0,3.0,3.0,5.0,5.0,3.0,3.0,3.0
tunnel_approach_street/south_to_north/21_n00197_N_R.jpg,tunnel_approach_street,south_to_north,21,n00197,N,R,1.0,5.0,1.0,3.0,3.0,1.0,3.0,3.0,3.0
