vertical_greenery,vertical_hardscape,green_eye_level,green_softening,signage_detail,enclosure,facade_variation,walking_room,ground_floor_activity,street_trees,seating_places,planters,people,greenery_layer,dominant_edge,file,street,direction,node_id,cardinal,seq,nat_built,gvi_eye_n,gmi_n,signage_n,enclosure_vlm,sfv_n,walkroom_vlm,gfapi_n,Imageability_vlm,Identity_vlm,Dependence_vlm,SIM_vlm,VEI,sidewalk,Imageability_hybrid,Identity_hybrid,Dependence_hybrid,SIM_hybrid
1.0,7.0,1.0,1.0,1.0,7.0,1.0,1.0,1.0,0.0,0.0,0.0,0.0,none,blank_wall,1st_avenue/north_to_south/01_n00043_S.jpg,1st_avenue,north_to_south,n00043,S,1,0.125,0.0,0.0,0.0,1.0,0.0,0.0,0.0,0.0425,0.33,0.0,0.12335000000000002,0.610083536095573,4.5275,0.0425,0.20132756691153908,0.129133600657685,0.12350218529784396
1.0,7.0,1.0,1.0,3.0,7.0,3.0,3.0,1.0,0.0,0.0,0.0,0.0,none,blank_wall,1st_avenue/north_to_south/02_n00042_S.jpg,1st_avenue,north_to_south,n00042,S,2,0.125,0.0,0.0,0.3333333333333333,1.0,0.3333333333333333,0.3333333333333333,0.0,0.0425,0.5533333333333333,0.22333333333333333,0.27075,0.6083693140264618,5.3382,0.0425,0.4240952069620657,0.2622564300454675,0.24094604021248597
1.0,7.0,1.0,1.0,1.0,7.0,1.0,1.0,1.0,0.0,0.0,0.0,0.0,none,blank_wall,1st_avenue/north_to_south/03_n00041_S.jpg,1st_avenue,north_to_south,n00041,S,3,0.125,0.0,0.0,0.0,1.0,0.0,0.0,0.0,0.0425,0.33,0.0,0.12335000000000002,0.6165555665346012,1.9413,0.0425,0.2034633369564184,0.05536986393302351,0.09986495629351584
1.0,7.0,1.0,1.0,1.0,7.0,1.0,1.0,1.0,0.0,0.0,0.0,0.0,none,blank_wall,1st_avenue/north_to_south/04_n00040_S.jpg,1st_avenue,north_to_south,n00040,S,4,0.125,0.0,0.0,0.0,1.0,0.0,0.0,0.0,0.0425,0.33,0.0,0.12335000000000002,0.6301954983937154,1.7015,0.0425,0.2079645144699261,0.048530275321712,0.09909328063124058
1.0,7.0,1.0,1.0,1.0,7.0,1.0,1.0,1.0,0.0,0.0,0.0,0.0,none,blank_wall,1st_avenue/north_to_south/05_n00039_S.jpg,1st_avenue,north_to_south,n00039,S,5,0.125,0.0,0.0,0.0,1.0,0.0,0.0,0.0,0.0425,0.33,0.0,0.12335000000000002,0.5980649727436176,2.8101,0.0425,0.19736144100539382,0.0801498246732547,0.10602871767395403
1.0,7.0,1.0,1.0,1.0,7.0,1.0,1.0,1.0,0.0,0.0,0.0,0.0,none,blank_wall,1st_avenue/north_to_south/06_n00038_S.jpg,1st_avenue,north_to_south,n00038,S,6,0.125,0.0,0.0,0.0,1.0,0.0,0.0,0.0,0.0425,0.33,0.0,0.12335000000000002,0.6348132757776395,1.273,0.0425,0.20948838100662104,0.03630857507172458,0.09556299550585406
1.0,7.0,1.0,1.0,1.0,7.0,1.0,1.0,1.0,0.0,0.0,0.0,0.0,none,blank_wall,1st_avenue/north_to_south/07_n00037_S.jpg,1st_avenue,north_to_south,n00037,S,7,0.125,0.0,0.0,0.0,1.0,0.0,0.0,0.0,0.0425,0.33,0.0,0.12335000000000002,0.5898574533034389,2.517,0.0425,0.19465295959013484,0.07179001056993775,0.10237618015282396
1.0,7.0,1.0,1.0,1.0,7.0,1.0,1.0,1.0,0.0,0.0,0.0,0.0,none,blank_wall,1st_avenue/north_to_south/08_n00036_S.jpg,1st_avenue,north_to_south,n00036,S,8,0.125,0.0,0.0,0.0,1.0,0.0,0.0,0.0,0.0425,0.33,0.0,0.12335000000000002,0.596876532546461,1.3537,0.0425,0.19696925574033214,0.03861030485042699,0.09219125499495053
1.0,7.0,1.0,1.0,1.0,7.0,1.0,1.0,1.0,0.0,0.0,0.0,0.0,none,blank_wall,1st_avenue/north_to_south/09_n00035_S.jpg,1st_avenue,north_to_south,n00035,S,9,0.125,0.0,0.0,0.0,1.0,0.0,0.0,0.0,0.0425,0.33,0.0,0.12335000000000002,0.5539720459261379,5.4815,0.0425,0.18281077515562552,0.1563436404207842,0.1263709571402152
1.0,7.0,1.0,1.0,1.0,7.0,1.0,1.0,1.0,0.0,0.0,0.0,1.0,none,blank_wall,1st_avenue/north_to_south/10_n00034_S.jpg,1st_avenue,north_to_south,n00034,S,10,0.125,0.0,0.0,0.0,1.0,0.0,0.0,0.0,0.0425,0.33,0.0,0.12335000000000002,0.583737671518041,0.8138,0.0425,0.19263343160095353,0.023211247755985435,0.08567874418778987
1.0,7.0,1.0,1.0,1.0,7.0,1.0,1.0,1.0,0.0,0.0,0.0,0.0,none,blank_wall,1st_avenue/north_to_south/11_n00033_S.jpg,1st_avenue,north_to_south,n00033,S,11,0.125,0.0,0.0,0.0,1.0,0.0,0.0,0.0,0.0425,0.33,0.0,0.12335000000000002,0.5655319375816512,4.4902,0.0425,0.1866255394019449,0.1280697280338238,0.11829943825380368
1.0,7.0,1.0,1.0,1.0,7.0,1.0,1.0,1.0,0.0,0.0,0.0,0.0,none,blank_wall,1st_avenue/north_to_south/12_n00032_S.jpg,1st_avenue,north_to_south,n00032,S,12,0.125,0.0,0.0,0.0,1.0,0.0,0.0,0.0,0.0425,0.33,0.0,0.12335000000000002,0.5892452867565141,0.8566,0.0425,0.19445094462964965,0.024431991678271228,0.08668136898161391
1.0,7.0,1.0,1.0,1.0,7.0,1.0,1.0,1.0,0.0,0.0,0.0,0.0,none,blank_wall,1st_avenue/north_to_south/13_n00031_S.jpg,1st_avenue,north_to_south,n00031,S,13,0.125,0.0,0.0,0.0,1.0,0.0,0.0,0.0,0.0425,0.33,0.0,0.12335000000000002,0.5824531313236516,0.8022,0.0425,0.19220953333680504,0.022880391926580878,0.08542967533691737
1.0,7.0,1.0,1.0,1.0,7.0,1.0,1.0,1.0,0.0,0.0,0.0,0.0,none,blank_wall,1st_avenue/north_to_south/14_n00030_S.jpg,1st_avenue,north_to_south,n00030,S,14,0.125,0.0,0.0,0.0,1.0,0.0,0.0,0.0,0.0425,0.33,0.0,0.12335000000000002,0.5776011699830677,0.5556,0.0425,0.19060838609441233,0.015846853346308074,0.08258022901543774
1.0,7.0,1.0,1.0,1.0,7.0,1.0,1.0,1.0,0.0,0.0,0.0,0.0,none,blank_wall,1st_avenue/north_to_south/15_n00029_S.jpg,1st_avenue,north_to_south,n00029,S,15,0.125,0.0,0.0,0.0,1.0,0.0,0.0,0.0,0.0425,0.33,0.0,0.12335000000000002,0.5591901705487159,0.8393,0.0425,0.18453275628107627,0.023938560139590292,0.08324553441881997
1.0,7.0,1.0,1.0,1.0,7.0,1.0,1.0,1.0,0.0,0.0,0.0,0.0,none,blank_wall,1st_avenue/north_to_south/16_n00028_S.jpg,1st_avenue,north_to_south,n00028,S,16,0.125,0.0,0.0,0.0,1.0,0.0,0.0,0.0,0.0425,0.33,0.0,0.12335000000000002,0.5591901705487159,0.8393,0.0425,0.18453275628107627,0.023938560139590292,0.08324553441881997
1.0,7.0,1.0,1.0,1.0,7.0,1.0,1.0,1.0,0.0,0.0,0.0,0.0,none,blank_wall,1st_avenue/north_to_south/17_n00027_S.jpg,1st_avenue,north_to_south,n00027,S,17,0.125,0.0,0.0,0.0,1.0,0.0,0.0,0.0,0.0425,0.33,0.0,0.12335000000000002,0.531274004450575,2.5104,0.0425,0.17532042146868979,0.07160176501182827,0.09593432153857095
1.0,7.0,1.0,1.0,1.0,7.0,1.0,1.0,1.0,0.0,0.0,0.0,0.0,none,blank_wall,1st_avenue/north_to_south/18_n00026_S.jpg,1st_avenue,north_to_south,n00026,S,18,0.125,0.0,0.0,0.0,1.0,0.0,0.0,0.0,0.0425,0.33,0.0,0.12335000000000002,0.531274004450575,2.5104,0.0425,0.17532042146868979,0.07160176501182827,0.09593432153857095
1.0,7.0,1.0,1.0,1.0,7.0,1.0,1.0,1.0,0.0,0.0,0.0,0.0,none,blank_wall,1st_avenue/north_to_south/19_n00025_S.jpg,1st_avenue,north_to_south,n00025,S,19,0.125,0.0,0.0,0.0,1.0,0.0,0.0,0.0,0.0425,0.33,0.0,0.12335000000000002,0.5675092316281081,1.9316,0.0425,0.18727804643727566,0.05509320000671107,0.09443251132651563
1.0,7.0,1.0,1.0,1.0,7.0,1.0,1.0,1.0,0.0,0.0,0.0,0.0,none,blank_wall,1st_avenue/north_to_south/20_n00023_S.jpg,1st_avenue,north_to_south,n00023,S,20,0.125,0.0,0.0,0.0,1.0,0.0,0.0,0.0,0.0425,0.33,0.0,0.12335000000000002,0.5824060453049993,1.3423,0.0425,0.19219399495064976,0.03828515343187424,0.09050811896623294
1.0,7.0,1.0,1.0,1.0,7.0,1.0,1.0,1.0,0.0,0.0,0.0,0.0,none,blank_wall,1st_avenue/north_to_south/21_n00022_S.jpg,1st_avenue,north_to_south,n00022,S,21,0.125,0.0,0.0,0.0,1.0,0.0,0.0,0.0,0.0425,0.33,0.0,0.12335000000000002,0.5824060453049993,1.3423,0.0425,0.19219399495064976,0.03828515343187424,0.09050811896623294
1.0,7.0,1.0,1.0,1.0,7.0,1.0,1.0,1.0,0.0,0.0,0.0,0.0,none,blank_wall,1st_avenue/north_to_south/22_n00021_S.jpg,1st_avenue,north_to_south,n00021,S,22,0.125,0.0,0.0,0.0,1.0,0.0,0.0,0.0,0.0425,0.33,0.0,0.12335000000000002,0.5943332297379051,1.8449,0.0425,0.1961299658135087,0.05262033790245458,0.09653760022626788
1.0,7.0,1.0,1.0,1.0,7.0,1.0,1.0,1.0,0.0,0.0,0.0,0.0,none,blank_wall,1st_avenue/north_to_south/23_n00020_S.jpg,1st_avenue,north_to_south,n00020,S,23,0.125,0.0,0.0,0.0,1.0,0.0,0.0,0.0,0.0425,0.33,0.0,0.12335000000000002,0.5847655031455594,1.7669,0.0425,0.19297261603803462,0.05039561767025149,0.09476151712373442
1.0,7.0,1.0,1.0,1.0,7.0,1.0,1.0,1.0,0.0,0.0,0.0,0.0,none,blank_wall,1st_avenue/north_to_south/24_n00019_S.jpg,1st_avenue,north_to_south,n00019,S,24,0.125,0.0,0.0,0.0,1.0,0.0,0.0,0.0,0.0425,0.33,0.0,0.12335000000000002,0.572299613657707,1.8677,0.0425,0.1888588725070433,0.05327064073956009,0.09435273937137913
1.0,7.0,1.0,1.0,1.0,7.0,1.0,1.0,1.0,0.0,0.0,0.0,0.0,none,blank_wall,1st_avenue/north_to_south/25_n00018_S.jpg,1st_avenue,north_to_south,n00018,S,25,0.125,0.0,0.0,0.0,1.0,0.0,0.0,0.0,0.0425,0.33,0.0,0.12335000000000002,0.5186422324751853,1.5821,0.0425,0.17115193671681114,0.04512474204318575,0.08582130399079897
1.0,7.0,1.0,1.0,1.0,7.0,1.0,1.0,1.0,0.0,0.0,0.0,0.0,none,blank_wall,1st_avenue/north_to_south/26_n00017_S.jpg,1st_avenue,north_to_south,n00017,S,26,0.125,0.0,0.0,0.0,1.0,0.0,0.0,0.0,0.0425,0.33,0.0,0.12335000000000002,0.6003349052351582,1.5343,0.0425,0.19811051872760221,0.043761387849604885,0.09426772917047836
1.0,7.0,1.0,1.0,1.0,7.0,1.0,1.0,1.0,0.0,0.0,0.0,0.0,none,blank_wall,1st_avenue/north_to_south/27_n00016_S.jpg,1st_avenue,north_to_south,n00016,S,27,0.125,0.0,0.0,0.0,1.0,0.0,0.0,0.0,0.0425,0.33,0.0,0.12335000000000002,0.6507512161862778,2.141,0.0425,0.2147479013414717,0.06106571816854856,0.10546849443830669
1.0,7.0,1.0,1.0,1.0,7.0,1.0,1.0,1.0,0.0,0.0,0.0,0.0,none,blank_wall,1st_avenue/north_to_south/28_n00015_S.jpg,1st_avenue,north_to_south,n00015,S,28,0.125,0.0,0.0,0.0,1.0,0.0,0.0,0.0,0.0425,0.33,0.0,0.12335000000000002,0.7640134878831241,2.7849,0.0425,0.25212445100143094,0.07943106890592755,0.12386332156942831
1.0,7.0,1.0,1.0,1.0,7.0,1.0,1.0,1.0,0.0,0.0,0.0,0.0,none,blank_wall,1st_avenue/north_to_south/29_n00014_S.jpg,1st_avenue,north_to_south,n00014,S,29,0.125,0.0,0.0,0.0,1.0,0.0,0.0,0.0,0.0425,0.33,0.0,0.12335000000000002,0.714707182126892,0.5386,0.0425,0.23585337010187438,0.015361978423904838,0.09735106501350714
1.0,7.0,1.0,1.0,1.0,7.0,1.0,1.0,1.0,0.0,0.0,0.0,0.0,none,blank_wall,1st_avenue/north_to_south/30_n00013_S.jpg,1st_avenue,north_to_south,n00013,S,30,0.125,0.0,0.0,0.0,1.0,0.0,0.0,0.0,0.0425,0.33,0.0,0.12335000000000002,0.5868522748092759,0.4073,0.0425,0.19366125068706105,0.011617032699696325,0.08219183351762994
1.0,7.0,1.0,1.0,1.0,7.0,1.0,1.0,1.0,0.0,0.0,0.0,0.0,none,blank_wall,1st_avenue/north_to_south/31_n00012_S.jpg,1st_avenue,north_to_south,n00012,S,31,0.125,0.0,0.0,0.0,1.0,0.0,0.0,0.0,0.0425,0.33,0.0,0.12335000000000002,0.6345049971599115,1.7063,0.0425,0.2093866490627708,0.04866718118215526,0.0996077639808256
1.0,7.0,1.0,1.0,1.0,7.0,1.0,1.0,1.0,0.0,0.0,0.0,0.0,none,blank_wall,1st_avenue/north_to_south/32_n00011_S.jpg,1st_avenue,north_to_south,n00011,S,32,0.125,0.0,0.0,0.0,1.0,0.0,0.0,0.0,0.0425,0.33,0.0,0.12335000000000002,0.5951006692478065,1.265,0.0425,0.19638322085177615,0.036080398637652465,0.09116299443151145
1.0,7.0,1.0,1.0,1.0,7.0,1.0,1.0,1.0,0.0,0.0,0.0,0.0,none,blank_wall,1st_avenue/north_to_south/33_n00010_S.jpg,1st_avenue,north_to_south,n00010,S,33,0.125,0.0,0.0,0.0,1.0,0.0,0.0,0.0,0.0425,0.33,0.0,0.12335000000000002,0.5878376102486164,2.629,0.0425,0.1939864113820434,0.07498448064694731,0.10321039436956694
1.0,7.0,1.0,1.0,1.0,7.0,1.0,1.0,1.0,0.0,0.0,0.0,0.0,none,blank_wall,1st_avenue/north_to_south/34_n00009_S.jpg,1st_avenue,north_to_south,n00009,S,34,0.125,0.0,0.0,0.0,1.0,0.0,0.0,0.0,0.0425,0.33,0.0,0.12335000000000002,0.5985825264923436,1.629,0.0425,0.1975322337424734,0.0464624263879335,0.09496823784303429
1.0,7.0,1.0,1.0,1.0,7.0,1.0,1.0,1.0,0.0,0.0,0.0,0.0,none,blank_wall,1st_avenue/north_to_south/35_n00008_S.jpg,1st_avenue,north_to_south,n00008,S,35,0.125,0.0,0.0,0.0,1.0,0.0,0.0,0.0,0.0425,0.33,0.0,0.12335000000000002,0.6774725230797686,1.2708,0.0425,0.22356593261632363,0.03624582655235475,0.10018788052566387
1.0,7.0,1.0,1.0,1.0,7.0,1.0,1.0,1.0,0.0,0.0,0.0,0.0,none,blank_wall,1st_avenue/north_to_south/36_n00007_S.jpg,1st_avenue,north_to_south,n00007,S,36,0.125,0.0,0.0,0.0,1.0,0.0,0.0,0.0,0.0425,0.33,0.0,0.12335000000000002,0.6748072135076166,2.4268,0.0425,0.2226863804575135,0.06921732127577472,0.11077822157198511
1.0,7.0,1.0,1.0,1.0,7.0,1.0,1.0,1.0,0.0,0.0,0.0,0.0,none,blank_wall,1st_avenue/north_to_south/37_n00006_S.jpg,1st_avenue,north_to_south,n00006,S,37,0.125,0.0,0.0,0.0,1.0,0.0,0.0,0.0,0.0425,0.33,0.0,0.12335000000000002,0.6893878035142189,1.2668,0.0425,0.22749797515969225,0.036131738335318686,0.10144780545335362
1.0,7.0,1.0,1.0,3.0,7.0,3.0,3.0,3.0,0.0,0.0,0.0,0.0,none,blank_wall,1st_avenue/north_to_south/38_n00005_S.jpg,1st_avenue,north_to_south,n00005,S,38,0.125,0.0,0.0,0.3333333333333333,1.0,0.3333333333333333,0.3333333333333333,0.3333333333333333,0.0425,0.5533333333333333,0.3333333333333333,0.30705,0.6871678155598397,1.1431,0.0425,0.4500987124680804,0.2526035602234787,0.2463417499882145
1.0,7.0,1.0,1.0,3.0,7.0,3.0,3.0,1.0,0.0,0.0,0.0,0.0,none,blank_wall,1st_avenue/north_to_south/39_n00004_S.jpg,1st_avenue,north_to_south,n00004,S,39,0.125,0.0,0.0,0.3333333333333333,1.0,0.3333333333333333,0.3333333333333333,0.0,0.0425,0.5533333333333333,0.22333333333333333,0.27075,0.7760906129185163,1.3329,0.0425,0.47944323559644375,0.14801704612183952,0.2215118929670335
1.0,7.0,1.0,1.0,1.0,7.0,1.0,1.0,1.0,0.0,0.0,0.0,0.0,none,blank_wall,1st_avenue/north_to_south/40_n00003_S.jpg,1st_avenue,north_to_south,n00003,S,40,0.125,0.0,0.0,0.0,1.0,0.0,0.0,0.0,0.0425,0.33,0.0,0.12335000000000002,0.8497553498720423,2.6001,0.0425,0.28041926545777396,0.07416019327886181,0.1314612213830898
1.0,7.0,1.0,1.0,1.0,7.0,1.0,1.0,1.0,0.0,0.0,0.0,0.0,none,blank_wall,1st_avenue/north_to_south/41_n00002_S.jpg,1st_avenue,north_to_south,n00002,S,41,0.125,0.0,0.0,0.0,1.0,0.0,0.0,0.0,0.0425,0.33,0.0,0.12335000000000002,0.8050657532559079,3.3871,0.0425,0.2656716985744496,0.09660704998070568,0.13400198702320126
1.0,7.0,1.0,1.0,1.0,7.0,1.0,1.0,1.0,0.0,0.0,0.0,0.0,none,blank_wall,1st_avenue/north_to_south/42_n00001_S.jpg,1st_avenue,north_to_south,n00001,S,42,0.125,0.0,0.0,0.0,1.0,0.0,0.0,0.0,0.0425,0.33,0.0,0.12335000000000002,0.7494814100794457,0.4923,0.0425,0.2473288653262171,0.0140414073117125,0.10070218997051678
1.0,7.0,1.0,1.0,1.0,7.0,1.0,1.0,1.0,0.0,0.0,0.0,0.0,none,blank_wall,1st_avenue/south_to_north/01_n00001_N.jpg,1st_avenue,south_to_north,n00001,N,1,0.125,0.0,0.0,0.0,1.0,0.0,0.0,0.0,0.0425,0.33,0.0,0.12335000000000002,0.7494814100794457,4.2421,0.0425,0.2473288653262171,0.12099340637216247,0.13599634966046525
1.0,7.0,1.0,1.0,1.0,7.0,1.0,1.0,1.0,0.0,0.0,0.0,0.0,none,blank_wall,1st_avenue/south_to_north/02_n00002_N.jpg,1st_avenue,south_to_north,n00002,N,2,0.125,0.0,0.0,0.0,1.0,0.0,0.0,0.0,0.0425,0.33,0.0,0.12335000000000002,0.8050657532559079,1.8469,0.0425,0.2656716985744496,0.052677382010972607,0.11950519659318934
1.0,7.0,1.0,1.0,3.0,7.0,3.0,3.0,1.0,0.0,0.0,0.0,1.0,none,blank_wall,1st_avenue/south_to_north/03_n00003_N.jpg,1st_avenue,south_to_north,n00003,N,3,0.125,0.0,0.0,0.3333333333333333,1.0,0.3333333333333333,0.3333333333333333,0.0,0.0425,0.5533333333333333,0.22333333333333333,0.27075,0.8497553498720423,2.4325,0.0425,0.5037525987911073,0.17937989698505108,0.23988372360613228
1.0,7.0,1.0,1.0,1.0,7.0,1.0,1.0,1.0,0.0,0.0,0.0,0.0,none,blank_wall,1st_avenue/south_to_north/04_n00004_N.jpg,1st_avenue,south_to_north,n00004,N,4,0.125,0.0,0.0,0.0,1.0,0.0,0.0,0.0,0.0425,0.33,0.0,0.12335000000000002,0.7760906129185163,1.8379,0.0425,0.2561099022631104,0.05242068352264149,0.11626509330929813
1.0,7.0,1.0,1.0,1.0,7.0,1.0,1.0,1.0,0.0,0.0,0.0,2.0,none,blank_wall,1st_avenue/south_to_north/05_n00005_N.jpg,1st_avenue,south_to_north,n00005,N,5,0.125,0.0,0.0,0.0,1.0,0.0,0.0,0.0,0.0425,0.33,0.0,0.12335000000000002,0.6871678155598397,1.7624,0.0425,0.22676537913474712,0.050267268426085934,0.10587077369507492
1.0,7.0,1.0,1.0,1.0,7.0,1.0,1.0,1.0,0.0,0.0,0.0,0.0,none,blank_wall,1st_avenue/south_to_north/06_n00006_N.jpg,1st_avenue,south_to_north,n00006,N,6,0.125,0.0,0.0,0.0,1.0,0.0,0.0,0.0,0.0425,0.33,0.0,0.12335000000000002,0.6893878035142189,1.5002,0.0425,0.22749797515969225,0.04278878579937251,0.10364463111649137
1.0,7.0,1.0,1.0,3.0,7.0,3.0,3.0,1.0,0.0,0.0,0.0,0.0,none,blank_wall,1st_avenue/south_to_north/07_n00007_N.jpg,1st_avenue,south_to_north,n00007,N,7,0.125,0.0,0.0,0.3333333333333333,1.0,0.3333333333333333,0.3333333333333333,0.0,0.0425,0.5533333333333333,0.22333333333333333,0.27075,0.6748072135076166,0.8464,0.0425,0.4460197137908468,0.13414106672482928,0.2059030575701731
1.0,7.0,1.0,1.0,1.0,7.0,1.0,1.0,1.0,0.0,0.0,0.0,0.0,none,blank_wall,1st_avenue/south_to_north/08_n00008_N.jpg,1st_avenue,south_to_north,n00008,N,8,0.125,0.0,0.0,0.0,1.0,0.0,0.0,0.0,0.0425,0.33,0.0,0.12335000000000002,0.6774725230797686,2.7384,0.0425,0.22356593261632363,0.07810479338288341,0.11400133957973832
1.0,7.0,1.0,1.0,1.0,7.0,1.0,1.0,1.0,0.0,0.0,0.0,0.0,none,blank_wall,1st_avenue/south_to_north/09_n00009_N.jpg,1st_avenue,south_to_north,n00009,N,9,0.125,0.0,0.0,0.0,1.0,0.0,0.0,0.0,0.0425,0.33,0.0,0.12335000000000002,0.5985825264923436,1.364,0.0425,0.1975322337424734,0.038904082009294835,0.09247398419808353
1.0,7.0,1.0,1.0,1.0,7.0,1.0,1.0,1.0,0.0,0.0,0.0,0.0,none,blank_wall,1st_avenue/south_to_north/10_n00010_N.jpg,1st_avenue,south_to_north,n00010,N,10,0.125,0.0,0.0,0.0,1.0,0.0,0.0,0.0,0.0425,0.33,0.0,0.12335000000000002,0.5878376102486164,1.0076,0.0425,0.1939864113820434,0.028738821871382315,0.08794932697363049
1.0,7.0,1.0,1.0,3.0,7.0,3.0,3.0,3.0,0.0,0.0,0.0,0.0,none,blank_wall,1st_avenue/south_to_north/11_n00011_N.jpg,1st_avenue,south_to_north,n00011,N,11,0.125,0.0,0.0,0.3333333333333333,1.0,0.3333333333333333,0.3333333333333333,0.3333333333333333,0.0425,0.5533333333333333,0.3333333333333333,0.30705,0.5951006692478065,2.0338,0.0425,0.41971655418510945,0.27800815395198225,0.24469915368524026
2.0,6.0,3.0,2.0,4.0,6.0,5.0,5.0,3.0,0.0,0.0,0.0,0.0,hedge,blank_wall,1st_avenue/south_to_north/12_n00012_N.jpg,1st_avenue,south_to_north,n00012,N,12,0.25,0.3333333333333333,0.16666666666666666,0.5,0.8333333333333334,0.6666666666666666,0.6666666666666666,0.3333333333333333,0.25,0.665,0.5566666666666666,0.4881500000000001,0.6345049971599115,1.831,0.25,0.5993866490627708,0.38222388134825425,0.4089314750356383
2.0,6.0,3.0,2.0,4.0,6.0,5.0,5.0,3.0,0.0,0.0,0.0,0.0,hedge,blank_wall,1st_avenue/south_to_north/13_n00013_N.jpg,1st_avenue,south_to_north,n00013,N,13,0.25,0.3333333333333333,0.16666666666666666,0.5,0.8333333333333334,0.6666666666666666,0.6666666666666666,0.3333333333333333,0.25,0.665,0.5566666666666666,0.4881500000000001,0.5868522748092759,2.6611,0.25,0.5836612506870611,0.40590003858866164,0.41155522546098855
3.0,6.0,3.0,2.0,4.0,6.0,5.0,5.0,3.0,10.0,0.0,0.0,0.0,tree_canopy,shopfront,1st_avenue/south_to_north/14_n00014_N.jpg,1st_avenue,south_to_north,n00014,N,14,0.3333333333333333,0.3333333333333333,0.16666666666666666,0.5,0.8333333333333334,0.6666666666666666,0.6666666666666666,0.3333333333333333,0.2783333333333333,0.665,0.5566666666666666,0.49778333333333336,0.714707182126892,1.8173,0.2783333333333333,0.6258533701018744,0.38183312920490575,0.4271698781045708
2.0,6.0,3.0,2.0,4.0,6.0,5.0,5.0,3.0,0.0,0.0,0.0,0.0,hedge,blank_wall,1st_avenue/south_to_north/15_n00015_N.jpg,1st_avenue,south_to_north,n00015,N,15,0.25,0.3333333333333333,0.16666666666666666,0.5,0.8333333333333334,0.6666666666666666,0.6666666666666666,0.3333333333333333,0.25,0.665,0.5566666666666666,0.4881500000000001,0.7640134878831241,1.8106,0.25,0.6421244510014309,0.3816420314413704,0.4228429392061245
1.0,7.0,1.0,1.0,1.0,7.0,1.0,1.0,1.0,0.0,0.0,0.0,0.0,none,blank_wall,1st_avenue/south_to_north/16_n00016_N.jpg,1st_avenue,south_to_north,n00016,N,16,0.125,0.0,0.0,0.0,1.0,0.0,0.0,0.0,0.0425,0.33,0.0,0.12335000000000002,0.6507512161862778,1.0192,0.0425,0.2147479013414717,0.029069677700786875,0.09490980108394534
1.0,7.0,1.0,1.0,1.0,7.0,1.0,1.0,1.0,0.0,0.0,0.0,1.0,none,blank_wall,1st_avenue/south_to_north/17_n00017_N.jpg,1st_avenue,south_to_north,n00017,N,17,0.125,0.0,0.0,0.0,1.0,0.0,0.0,0.0,0.0425,0.33,0.0,0.12335000000000002,0.6003349052351582,2.276,0.0425,0.19811051872760221,0.06491619549351542,0.10124881569296884
1.0,7.0,1.0,1.0,1.0,7.0,1.0,1.0,1.0,0.0,0.0,0.0,0.0,none,blank_wall,1st_avenue/south_to_north/18_n00018_N.jpg,1st_avenue,south_to_north,n00018,N,18,0.125,0.0,0.0,0.0,1.0,0.0,0.0,0.0,0.0425,0.33,0.0,0.12335000000000002,0.5186422324751853,1.7131,0.0425,0.17115193671681114,0.04886113115111655,0.08705431239641614
1.0,7.0,1.0,1.0,1.0,7.0,1.0,1.0,1.0,0.0,0.0,0.0,0.0,none,blank_wall,1st_avenue/south_to_north/19_n00019_N.jpg,1st_avenue,south_to_north,n00019,N,19,0.125,0.0,0.0,0.0,1.0,0.0,0.0,0.0,0.0425,0.33,0.0,0.12335000000000002,0.572299613657707,1.5096,0.0425,0.1888588725070433,0.043056893109407246,0.09098220265342868
1.0,7.0,1.0,1.0,1.0,7.0,1.0,1.0,1.0,0.0,0.0,0.0,0.0,none,blank_wall,1st_avenue/south_to_north/20_n00020_N.jpg,1st_avenue,south_to_north,n00020,N,20,0.125,0.0,0.0,0.0,1.0,0.0,0.0,0.0,0.0425,0.33,0.0,0.12335000000000002,0.5847655031455594,1.5507,0.0425,0.19297261603803462,0.044229149539452714,0.09272658264057082
1.0,7.0,1.0,1.0,1.0,7.0,1.0,1.0,1.0,0.0,0.0,0.0,0.0,none,blank_wall,1st_avenue/south_to_north/21_n00021_N.jpg,1st_avenue,south_to_north,n00021,N,21,0.125,0.0,0.0,0.0,1.0,0.0,0.0,0.0,0.0425,0.33,0.0,0.12335000000000002,0.5943332297379051,1.1386,0.0425,0.1961299658135087,0.03247521097931312,0.08988970834163121
1.0,7.0,1.0,1.0,1.0,7.0,1.0,1.0,1.0,0.0,0.0,0.0,0.0,none,blank_wall,1st_avenue/south_to_north/22_n00022_N.jpg,1st_avenue,south_to_north,n00022,N,22,0.125,0.0,0.0,0.0,1.0,0.0,0.0,0.0,0.0425,0.33,0.0,0.12335000000000002,0.5824060453049993,2.5274,0.0425,0.19219399495064976,0.0720866399342315,0.10166260951201084
1.0,7.0,1.0,1.0,1.0,7.0,1.0,1.0,1.0,0.0,0.0,0.0,0.0,none,blank_wall,1st_avenue/south_to_north/23_n00023_N.jpg,1st_avenue,south_to_north,n00023,N,23,0.125,0.0,0.0,0.0,1.0,0.0,0.0,0.0,0.0425,0.33,0.0,0.12335000000000002,0.5824060453049993,2.5274,0.0425,0.19219399495064976,0.0720866399342315,0.10166260951201084
1.0,7.0,1.0,1.0,1.0,7.0,1.0,1.0,1.0,0.0,0.0,0.0,0.0,none,blank_wall,1st_avenue/south_to_north/24_n00025_N.jpg,1st_avenue,south_to_north,n00025,N,24,0.125,0.0,0.0,0.0,1.0,0.0,0.0,0.0,0.0425,0.33,0.0,0.12335000000000002,0.5675092316281081,2.0752,0.0425,0.18727804643727566,0.059188966998305455,0.09578411443374178
1.0,7.0,1.0,1.0,1.0,7.0,1.0,1.0,1.0,0.0,0.0,0.0,0.0,none,blank_wall,1st_avenue/south_to_north/25_n00026_N.jpg,1st_avenue,south_to_north,n00026,N,25,0.125,0.0,0.0,0.0,1.0,0.0,0.0,0.0,0.0425,0.33,0.0,0.12335000000000002,0.531274004450575,0.7695,0.0425,0.17532042146868979,0.021947720752311127,0.0795484869329303
1.0,7.0,1.0,1.0,1.0,7.0,1.0,1.0,1.0,0.0,0.0,0.0,0.0,none,blank_wall,1st_avenue/south_to_north/26_n00027_N.jpg,1st_avenue,south_to_north,n00027,N,26,0.125,0.0,0.0,0.0,1.0,0.0,0.0,0.0,0.0425,0.33,0.0,0.12335000000000002,0.531274004450575,0.7695,0.0425,0.17532042146868979,0.021947720752311127,0.0795484869329303
1.0,7.0,1.0,1.0,1.0,7.0,1.0,1.0,1.0,0.0,0.0,0.0,0.0,none,blank_wall,1st_avenue/south_to_north/27_n00028_N.jpg,1st_avenue,south_to_north,n00028,N,27,0.125,0.0,0.0,0.0,1.0,0.0,0.0,0.0,0.0425,0.33,0.0,0.12335000000000002,0.5591901705487159,0.8364,0.0425,0.18453275628107627,0.023855846182239147,0.0832182388128941
1.0,7.0,1.0,1.0,1.0,7.0,1.0,1.0,1.0,0.0,0.0,0.0,0.0,none,blank_wall,1st_avenue/south_to_north/28_n00029_N.jpg,1st_avenue,south_to_north,n00029,N,28,0.125,0.0,0.0,0.0,1.0,0.0,0.0,0.0,0.0425,0.33,0.0,0.12335000000000002,0.5591901705487159,0.8364,0.0425,0.18453275628107627,0.023855846182239147,0.0832182388128941
1.0,7.0,1.0,1.0,1.0,7.0,1.0,1.0,1.0,0.0,0.0,0.0,0.0,none,blank_wall,1st_avenue/south_to_north/29_n00030_N.jpg,1st_avenue,south_to_north,n00030,N,29,0.125,0.0,0.0,0.0,1.0,0.0,0.0,0.0,0.0425,0.33,0.0,0.12335000000000002,0.5776011699830677,1.1023,0.0425,0.19060838609441233,0.031439860409710925,0.08772592134636069
1.0,7.0,1.0,1.0,1.0,7.0,1.0,1.0,1.0,0.0,0.0,0.0,1.0,none,blank_wall,1st_avenue/south_to_north/30_n00031_N.jpg,1st_avenue,south_to_north,n00031,N,30,0.125,0.0,0.0,0.0,1.0,0.0,0.0,0.0,0.0425,0.33,0.0,0.12335000000000002,0.5824531313236516,1.1412,0.0425,0.19220953333680504,0.03254936832038656,0.08862043754687324
1.0,7.0,1.0,1.0,1.0,7.0,1.0,1.0,1.0,0.0,0.0,0.0,1.0,none,blank_wall,1st_avenue/south_to_north/31_n00032_N.jpg,1st_avenue,south_to_north,n00032,N,31,0.125,0.0,0.0,0.0,1.0,0.0,0.0,0.0,0.0425,0.33,0.0,0.12335000000000002,0.5892452867565141,1.0807,0.0425,0.19445094462964965,0.030823784037716222,0.08879066046023075
1.0,7.0,1.0,1.0,1.0,7.0,1.0,1.0,1.0,0.0,0.0,0.0,0.0,none,blank_wall,1st_avenue/south_to_north/32_n00033_N.jpg,1st_avenue,south_to_north,n00033,N,32,0.125,0.0,0.0,0.0,1.0,0.0,0.0,0.0,0.0425,0.33,0.0,0.12335000000000002,0.5655319375816512,4.7485,0.0425,0.1866255394019449,0.13543697464892707,0.12073062963678775
1.0,7.0,1.0,1.0,1.0,7.0,1.0,1.0,1.0,0.0,0.0,0.0,0.0,none,blank_wall,1st_avenue/south_to_north/33_n00034_N.jpg,1st_avenue,south_to_north,n00034,N,33,0.125,0.0,0.0,0.0,1.0,0.0,0.0,0.0,0.0425,0.33,0.0,0.12335000000000002,0.583737671518041,1.2901,0.0425,0.19263343160095353,0.03679630219955372,0.09016181215416741
1.0,7.0,1.0,1.0,1.0,7.0,1.0,1.0,1.0,0.0,0.0,0.0,0.0,none,blank_wall,1st_avenue/south_to_north/34_n00035_N.jpg,1st_avenue,south_to_north,n00035,N,34,0.125,0.0,0.0,0.0,1.0,0.0,0.0,0.0,0.0425,0.33,0.0,0.12335000000000002,0.5539720459261379,1.9991,0.0425,0.18281077515562552,0.0570184386691945,0.0935936405621906
1.0,7.0,1.0,1.0,1.0,7.0,1.0,1.0,1.0,0.0,0.0,0.0,1.0,none,blank_wall,1st_avenue/south_to_north/35_n00036_N.jpg,1st_avenue,south_to_north,n00036,N,35,0.125,0.0,0.0,0.0,1.0,0.0,0.0,0.0,0.0425,0.33,0.0,0.12335000000000002,0.596876532546461,0.4206,0.0425,0.19696925574033214,0.011996376021341206,0.0834086584813522
1.0,7.0,1.0,1.0,1.0,7.0,1.0,1.0,1.0,0.0,0.0,0.0,0.0,none,blank_wall,1st_avenue/south_to_north/36_n00037_N.jpg,1st_avenue,south_to_north,n00037,N,36,0.125,0.0,0.0,0.0,1.0,0.0,0.0,0.0,0.0425,0.33,0.0,0.12335000000000002,0.5898574533034389,1.7134,0.0425,0.19465295959013484,0.04886968776739426,0.0948124736279846
1.0,7.0,1.0,1.0,1.0,7.0,1.0,1.0,1.0,0.0,0.0,0.0,0.0,none,blank_wall,1st_avenue/south_to_north/37_n00038_N.jpg,1st_avenue,south_to_north,n00038,N,37,0.125,0.0,0.0,0.0,1.0,0.0,0.0,0.0,0.0425,0.33,0.0,0.12335000000000002,0.6348132757776395,0.7223,0.0425,0.20948838100662104,0.020601479791285675,0.09037965406330922
1.0,7.0,1.0,1.0,1.0,7.0,1.0,1.0,1.0,0.0,0.0,0.0,0.0,none,blank_wall,1st_avenue/south_to_north/38_n00039_N.jpg,1st_avenue,south_to_north,n00039,N,38,0.125,0.0,0.0,0.0,1.0,0.0,0.0,0.0,0.0425,0.33,0.0,0.12335000000000002,0.5980649727436176,2.4582,0.0425,0.19736144100539382,0.07011291377950775,0.10271653707901753
1.0,7.0,1.0,1.0,1.0,7.0,1.0,1.0,1.0,0.0,0.0,0.0,0.0,none,blank_wall,1st_avenue/south_to_north/39_n00040_N.jpg,1st_avenue,south_to_north,n00040,N,39,0.125,0.0,0.0,0.0,1.0,0.0,0.0,0.0,0.0425,0.33,0.0,0.12335000000000002,0.6301954983937154,1.321,0.0425,0.2079645144699261,0.037677633676157236,0.0955119088882075
1.0,7.0,1.0,1.0,1.0,7.0,1.0,1.0,1.0,0.0,0.0,0.0,0.0,none,blank_wall,1st_avenue/south_to_north/40_n00041_N.jpg,1st_avenue,south_to_north,n00041,N,40,0.125,0.0,0.0,0.0,1.0,0.0,0.0,0.0,0.0425,0.33,0.0,0.12335000000000002,0.6165555665346012,1.8325,0.0425,0.2034633369564184,0.052266664429642805,0.09884090045740021
1.0,7.0,1.0,1.0,1.0,7.0,1.0,1.0,1.0,0.0,0.0,0.0,0.0,none,blank_wall,1st_avenue/south_to_north/41_n00042_N.jpg,1st_avenue,south_to_north,n00042,N,41,0.125,0.0,0.0,0.0,1.0,0.0,0.0,0.0,0.0425,0.33,0.0,0.12335000000000002,0.6083693140264618,0.3221,0.0425,0.2007618736287324,0.009186953676828348,0.08373311301083505
1.0,7.0,1.0,1.0,1.0,7.0,1.0,1.0,1.0,0.0,0.0,0.0,0.0,none,blank_wall,1st_avenue/south_to_north/42_n00043_N.jpg,1st_avenue,south_to_north,n00043,N,42,0.125,0.0,0.0,0.0,1.0,0.0,0.0,0.0,0.0425,0.33,0.0,0.12335000000000002,0.610083536095573,0.8927,0.0425,0.20132756691153908,0.025461637837021628,0.08929043756702504
1.0,7.0,1.0,1.0,5.0,7.0,5.0,3.0,3.0,0.0,0.0,0.0,0.0,none,blank_wall,2nd_avenue/north_to_south/01_n00078_S.jpg,2nd_avenue,north_to_south,n00078,S,1,0.125,0.0,0.0,0.6666666666666666,1.0,0.6666666666666666,0.3333333333333333,0.3333333333333333,0.0425,0.7766666666666666,0.44333333333333336,0.41705000000000003,0.8495892437519666,2.0403,0.0425,0.7270311171048156,0.3881935473046659,0.3824741392551289
1.0,7.0,1.0,1.0,3.0,7.0,3.0,3.0,1.0,0.0,0.0,0.0,0.0,none,blank_wall,2nd_avenue/north_to_south/02_n00077_S.jpg,2nd_avenue,north_to_south,n00077,S,2,0.125,0.0,0.0,0.3333333333333333,1.0,0.3333333333333333,0.3333333333333333,0.0,0.0425,0.5533333333333333,0.22333333333333333,0.27075,0.8919055388429941,1.9952,0.0425,0.5176621611515214,0.16690720265758435,0.24035789005700492
1.0,7.0,1.0,1.0,5.0,7.0,5.0,3.0,2.0,0.0,0.0,0.0,0.0,none,blank_wall,2nd_avenue/north_to_south/03_n00076_S.jpg,2nd_avenue,north_to_south,n00076,S,3,0.125,0.0,0.0,0.6666666666666666,1.0,0.6666666666666666,0.3333333333333333,0.16666666666666666,0.0425,0.7766666666666666,0.38833333333333336,0.39890000000000003,0.9149757913851816,1.2122,0.0425,0.7486086778237766,0.3095744341727765,0.36365042695886257
1.0,7.0,1.0,1.0,3.0,7.0,3.0,3.0,1.0,0.0,0.0,0.0,0.0,none,blank_wall,2nd_avenue/north_to_south/04_n00075_S.jpg,2nd_avenue,north_to_south,n00075,S,4,0.125,0.0,0.0,0.3333333333333333,1.0,0.3333333333333333,0.3333333333333333,0.0,0.0425,0.5533333333333333,0.22333333333333333,0.27075,0.9209137187058226,2.0601,0.0425,0.5272348605062548,0.16875828397899434,0.2441277376801322
2.0,6.0,3.0,2.0,4.0,6.0,5.0,5.0,3.0,0.0,0.0,0.0,0.0,hedge,blank_wall,2nd_avenue/north_to_south/05_n00074_S.jpg,2nd_avenue,north_to_south,n00074,S,5,0.25,0.3333333333333333,0.16666666666666666,0.5,0.8333333333333334,0.6666666666666666,0.6666666666666666,0.3333333333333333,0.25,0.665,0.5566666666666666,0.4881500000000001,0.871343132897917,0.7478,0.25,0.6775432338563127,0.35132879217489055,0.42452776859029706
1.0,7.0,1.0,1.0,3.0,7.0,5.0,3.0,2.0,0.0,0.0,0.0,0.0,none,blank_wall,2nd_avenue/north_to_south/06_n00073_S.jpg,2nd_avenue,north_to_south,n00073,S,6,0.125,0.0,0.0,0.3333333333333333,1.0,0.6666666666666666,0.3333333333333333,0.16666666666666666,0.0425,0.6633333333333333,0.38833333333333336,0.36150000000000004,0.9087788567856552,1.1188,0.0425,0.6332303560725996,0.30691047430498464,0.3246964740246028
2.0,6.0,3.0,2.0,4.0,6.0,5.0,5.0,3.0,2.0,0.0,0.0,1.0,tree_canopy,blank_wall,2nd_avenue/north_to_south/07_n00072_S.jpg,2nd_avenue,north_to_south,n00072,S,7,0.25,0.3333333333333333,0.16666666666666666,0.5,0.8333333333333334,0.6666666666666666,0.6666666666666666,0.3333333333333333,0.25,0.665,0.5566666666666666,0.4881500000000001,0.910009870102063,2.4131,0.25,0.6903032571336808,0.3988265691324262,0.44441284266781533
1.0,7.0,1.0,1.0,1.0,7.0,1.0,1.0,1.0,0.0,0.0,0.0,0.0,none,blank_wall,2nd_avenue/north_to_south/08_n00071_S.jpg,2nd_avenue,north_to_south,n00071,S,8,0.125,0.0,0.0,0.0,1.0,0.0,0.0,0.0,0.0425,0.33,0.0,0.12335000000000002,0.8909621177067578,1.8165,0.0425,0.2940174988432301,0.05181031156149859,0.12857317743356048
3.0,6.0,3.0,2.0,4.0,6.0,5.0,5.0,3.0,0.0,0.0,0.0,0.0,hedge,blank_wall,2nd_avenue/north_to_south/09_n00070_S.jpg,2nd_avenue,north_to_south,n00070,S,9,0.3333333333333333,0.3333333333333333,0.16666666666666666,0.5,0.8333333333333334,0.6666666666666666,0.6666666666666666,0.3333333333333333,0.2783333333333333,0.665,0.5566666666666666,0.49778333333333336,0.8588088646761599,1.4812,0.2783333333333333,0.6734069253431327,0.37224686676845126,0.43969908473015606
1.0,7.0,1.0,1.0,5.0,7.0,5.0,3.0,3.0,0.0,0.0,0.0,0.0,none,blank_wall,2nd_avenue/north_to_south/10_n00069_S.jpg,2nd_avenue,north_to_south,n00069,S,10,0.125,0.0,0.0,0.6666666666666666,1.0,0.6666666666666666,0.3333333333333333,0.3333333333333333,0.0425,0.7766666666666666,0.44333333333333336,0.41705000000000003,0.855215280162819,2.3541,0.0425,0.7288877091203969,0.39714376793114436,0.38604038742700864
1.0,7.0,1.0,1.0,3.0,7.0,5.0,3.0,3.0,0.0,0.0,0.0,1.0,none,blank_wall,2nd_avenue/north_to_south/11_n00068_S.jpg,2nd_avenue,north_to_south,n00068,S,11,0.125,0.0,0.0,0.3333333333333333,1.0,0.6666666666666666,0.3333333333333333,0.3333333333333333,0.0425,0.6633333333333333,0.44333333333333336,0.37965000000000004,0.8635844459231142,0.0261,0.0425,0.6183162004879611,0.33074442561616024,0.32764000661436005
1.0,7.0,1.0,1.0,5.0,7.0,5.0,3.0,3.0,0.0,0.0,0.0,0.0,none,blank_wall,2nd_avenue/north_to_south/12_n00067_S.jpg,2nd_avenue,north_to_south,n00067,S,12,0.125,0.0,0.0,0.6666666666666666,1.0,0.6666666666666666,0.3333333333333333,0.3333333333333333,0.0425,0.7766666666666666,0.44333333333333336,0.41705000000000003,0.8809695721744752,1.5793,0.0425,0.7373866254842435,0.3750448802912605,0.38155239690591636
1.0,7.0,1.0,1.0,5.0,7.0,5.0,3.0,3.0,0.0,0.0,0.0,3.0,none,blank_wall,2nd_avenue/north_to_south/13_n00066_S.jpg,2nd_avenue,north_to_south,n00066,S,13,0.125,0.0,0.0,0.6666666666666666,1.0,0.6666666666666666,0.3333333333333333,0.3333333333333333,0.0425,0.7766666666666666,0.44333333333333336,0.41705000000000003,0.8499455648994558,2.071,0.0425,0.7271487030834871,0.3890691743704176,0.3828018995597886
1.0,7.0,1.0,1.0,5.0,7.0,5.0,3.0,3.0,0.0,0.0,0.0,0.0,none,blank_wall,2nd_avenue/north_to_south/14_n00065_S.jpg,2nd_avenue,north_to_south,n00065,S,14,0.125,0.0,0.0,0.6666666666666666,1.0,0.6666666666666666,0.3333333333333333,0.3333333333333333,0.0425,0.7766666666666666,0.44333333333333336,0.41705000000000003,0.885113507292102,1.5266,0.0425,0.7387541240730604,0.37354176803181044,0.38150764439460744
1.0,7.0,1.0,1.0,5.0,7.0,5.0,3.0,3.0,0.0,0.0,0.0,0.0,none,blank_wall,2nd_avenue/north_to_south/15_n00064_S.jpg,2nd_avenue,north_to_south,n00064,S,15,0.125,0.0,0.0,0.6666666666666666,1.0,0.6666666666666666,0.3333333333333333,0.3333333333333333,0.0425,0.7766666666666666,0.44333333333333336,0.41705000000000003,0.8613074548545518,0.6509,0.0425,0.7308981267686687,0.3485650051171921,0.37067283352233404
1.0,7.0,1.0,1.0,5.0,5.0,5.0,3.0,3.0,0.0,0.0,0.0,0.0,none,blank_wall,2nd_avenue/north_to_south/16_n00063_S.jpg,2nd_avenue,north_to_south,n00063,S,16,0.125,0.0,0.0,0.6666666666666666,0.6666666666666666,0.6666666666666666,0.3333333333333333,0.3333333333333333,0.0425,0.6666666666666666,0.44333333333333336,0.38075000000000003,0.8306809111043749,0.5736,0.0425,0.7207913673311104,0.3463602503229703,0.36661003382584667
1.0,7.0,1.0,1.0,5.0,5.0,5.0,3.0,3.0,0.0,0.0,0.0,0.0,none,blank_wall,2nd_avenue/north_to_south/17_n00062_S.jpg,2nd_avenue,north_to_south,n00062,S,17,0.125,0.0,0.0,0.6666666666666666,0.6666666666666666,0.6666666666666666,0.3333333333333333,0.3333333333333333,0.0425,0.6666666666666666,0.44333333333333336,0.38075000000000003,0.755958426175973,0.4157,0.0425,0.6961329473047377,0.34185661795547206,0.35698655653586925
3.0,6.0,3.0,3.0,4.0,5.0,4.0,4.0,4.0,2.0,0.0,0.0,0.0,tree_canopy,shopfront,2nd_avenue/north_to_south/18_n00061_S.jpg,2nd_avenue,north_to_south,n00061,S,18,0.3333333333333333,0.3333333333333333,0.3333333333333333,0.5,0.6666666666666666,0.5,0.5,0.5,0.3333333333333333,0.555,0.5,0.46148333333333336,0.8035071387463185,1.3223,0.3333333333333333,0.6001573557862852,0.36771471234669395,0.43273111581721646
1.0,7.0,1.0,1.0,1.0,7.0,1.0,1.0,1.0,0.0,0.0,0.0,0.0,none,blank_wall,2nd_avenue/north_to_south/19_n00060_S.jpg,2nd_avenue,north_to_south,n00060,S,19,0.125,0.0,0.0,0.0,1.0,0.0,0.0,0.0,0.0425,0.33,0.0,0.12335000000000002,0.786189064267502,3.2574,0.0425,0.25944239120827567,0.09290773954331158,0.1307255431480238
3.0,6.0,5.0,4.0,3.0,6.0,4.0,5.0,3.0,2.0,0.0,0.0,0.0,tree_canopy,blank_wall,2nd_avenue/north_to_south/20_n00059_S.jpg,2nd_avenue,north_to_south,n00059,S,20,0.3333333333333333,0.6666666666666666,0.5,0.3333333333333333,0.8333333333333334,0.5,0.6666666666666666,0.3333333333333333,0.4983333333333334,0.5533333333333333,0.5016666666666667,0.5175833333333335,0.7969942394231408,9.2144,0.4983333333333334,0.5413414323429698,0.5378136167642569,0.5255544995387182
1.0,7.0,1.0,1.0,1.0,7.0,1.0,1.0,1.0,0.0,0.0,0.0,0.0,none,blank_wall,2nd_avenue/north_to_south/21_n00058_S.jpg,2nd_avenue,north_to_south,n00058,S,21,0.125,0.0,0.0,0.0,1.0,0.0,0.0,0.0,0.0425,0.33,0.0,0.12335000000000002,0.5533182199788219,1.1359,0.0425,0.18259501259301125,0.032398201432813786,0.08539776062852227
1.0,7.0,1.0,1.0,1.0,7.0,1.0,1.0,1.0,0.0,0.0,0.0,0.0,none,blank_wall,2nd_avenue/north_to_south/22_n00056_S.jpg,2nd_avenue,north_to_south,n00056,S,22,0.125,0.0,0.0,0.0,1.0,0.0,0.0,0.0,0.0425,0.33,0.0,0.12335000000000002,0.5098561521373237,2.5452,0.0425,0.16825253020531683,0.07259433250004195,0.0939294646927684
1.0,7.0,1.0,1.0,1.0,7.0,1.0,1.0,1.0,0.0,0.0,0.0,0.0,none,blank_wall,2nd_avenue/north_to_south/23_n00055_S.jpg,2nd_avenue,north_to_south,n00055,S,23,0.125,0.0,0.0,0.0,1.0,0.0,0.0,0.0,0.0425,0.33,0.0,0.12335000000000002,0.525839561665407,1.7471,0.0425,0.17352705534958432,0.049830880995923026,0.08815811899401743
1.0,7.0,1.0,1.0,1.0,7.0,1.0,1.0,1.0,0.0,0.0,0.0,0.0,none,blank_wall,2nd_avenue/north_to_south/24_n00054_S.jpg,2nd_avenue,north_to_south,n00054,S,24,0.125,0.0,0.0,0.0,1.0,0.0,0.0,0.0,0.0425,0.33,0.0,0.12335000000000002,0.5725206203927834,2.2814,0.0425,0.18893180472961854,0.0650702145865141,0.09827066637432379
1.0,7.0,1.0,1.0,5.0,5.0,5.0,3.0,3.0,0.0,0.0,0.0,0.0,none,blank_wall,2nd_avenue/north_to_south/25_n00053_S.jpg,2nd_avenue,north_to_south,n00053,S,25,0.125,0.0,0.0,0.6666666666666666,0.6666666666666666,0.6666666666666666,0.3333333333333333,0.3333333333333333,0.0425,0.6666666666666666,0.44333333333333336,0.38075000000000003,0.6266483834946552,2.1328,0.0425,0.6534606332199029,0.39083183732362464,0.35906651527936406
1.0,7.0,1.0,1.0,1.0,7.0,1.0,1.0,1.0,0.0,0.0,0.0,0.0,none,blank_wall,2nd_avenue/north_to_south/26_n00052_S.jpg,2nd_avenue,north_to_south,n00052,S,26,0.125,0.0,0.0,0.0,1.0,0.0,0.0,0.0,0.0425,0.33,0.0,0.12335000000000002,0.5939905413467659,0.3393,0.0425,0.19601687864443273,0.009677533010083386,0.08232915584599033
1.0,7.0,1.0,1.0,1.0,7.0,1.0,1.0,1.0,0.0,0.0,0.0,0.0,none,blank_wall,2nd_avenue/north_to_south/27_n00051_S.jpg,2nd_avenue,north_to_south,n00051,S,27,0.125,0.0,0.0,0.0,1.0,0.0,0.0,0.0,0.0425,0.33,0.0,0.12335000000000002,0.6351836244522436,0.6984,0.0425,0.2096105960692404,0.019919802694495243,0.09019503159203276
1.0,7.0,1.0,1.0,5.0,7.0,5.0,3.0,3.0,0.0,0.0,0.0,0.0,none,blank_wall,2nd_avenue/north_to_south/28_n00050_S.jpg,2nd_avenue,north_to_south,n00050,S,28,0.125,0.0,0.0,0.6666666666666666,1.0,0.6666666666666666,0.3333333333333333,0.3333333333333333,0.0425,0.7766666666666666,0.44333333333333336,0.41705000000000003,0.6439298411407739,1.8251,0.0425,0.659163514243122,0.3820556012281261,0.3580523081055119
1.0,7.0,1.0,1.0,5.0,7.0,5.0,3.0,3.0,0.0,0.0,0.0,0.0,none,blank_wall,2nd_avenue/north_to_south/29_n00049_S.jpg,2nd_avenue,north_to_south,n00049,S,29,0.125,0.0,0.0,0.6666666666666666,1.0,0.6666666666666666,0.3333333333333333,0.3333333333333333,0.0425,0.7766666666666666,0.44333333333333336,0.41705000000000003,0.7585139405500291,3.8839,0.0425,0.6969762670481763,0.44077680653658374,0.3899085142829708
1.0,7.0,1.0,1.0,5.0,7.0,5.0,3.0,3.0,0.0,0.0,0.0,0.0,none,blank_wall,2nd_avenue/north_to_south/30_n00048_S.jpg,2nd_avenue,north_to_south,n00048,S,30,0.125,0.0,0.0,0.6666666666666666,1.0,0.6666666666666666,0.3333333333333333,0.3333333333333333,0.0425,0.7766666666666666,0.44333333333333336,0.41705000000000003,0.7359616330858161,4.1294,0.0425,0.689534005584986,0.4477789708571716,0.38976328222591206
1.0,7.0,1.0,1.0,5.0,7.0,5.0,3.0,3.0,0.0,0.0,0.0,0.0,none,blank_wall,2nd_avenue/north_to_south/31_n00047_S.jpg,2nd_avenue,north_to_south,n00047,S,31,0.125,0.0,0.0,0.6666666666666666,1.0,0.6666666666666666,0.3333333333333333,0.3333333333333333,0.0425,0.7766666666666666,0.44333333333333336,0.41705000000000003,0.6627843205698145,0.3465,0.0425,0.6653854924547055,0.33988289180074827,0.3461885668042997
1.0,7.0,1.0,1.0,7.0,7.0,7.0,5.0,3.0,0.0,0.0,0.0,1.0,none,blank_wall,2nd_avenue/north_to_south/32_n00046_S.jpg,2nd_avenue,north_to_south,n00046,S,32,0.125,0.0,0.0,1.0,1.0,1.0,0.6666666666666666,0.3333333333333333,0.0425,1.0,0.6666666666666666,0.56445,0.6452019629575126,3.1957,0.0425,0.8829166477759793,0.5311479287955304,0.4810913102685983
3.0,6.0,3.0,4.0,4.0,5.0,5.0,5.0,4.0,10.0,0.0,0.0,10.0,tree_canopy,shopfront,2nd_avenue/south_to_north/01_n00046_N.jpg,2nd_avenue,south_to_north,n00046,N,1,0.3333333333333333,0.3333333333333333,0.5,0.5,0.6666666666666666,0.6666666666666666,0.6666666666666666,0.5,0.3883333333333333,0.61,0.6116666666666667,0.5351833333333333,0.6452019629575126,0.6411,0.3883333333333333,0.6029166477759792,0.4032854889854538,0.4640800384646062
3.0,6.0,5.0,4.0,4.0,6.0,5.0,6.0,5.0,0.0,0.0,0.0,0.0,hedge,shopfront,2nd_avenue/south_to_north/02_n00047_N.jpg,2nd_avenue,south_to_north,n00047,N,2,0.3333333333333333,0.6666666666666666,0.5,0.5,0.8333333333333334,0.6666666666666666,0.8333333333333334,0.6666666666666666,0.4983333333333334,0.665,0.7233333333333334,0.6275833333333334,0.6627843205698145,4.7537,0.4983333333333334,0.6087188257880388,0.575585289331074,0.5602536913226406
1.0,7.0,1.0,1.0,3.0,7.0,3.0,3.0,3.0,0.0,0.0,0.0,2.0,none,blank_wall,2nd_avenue/south_to_north/03_n00048_N.jpg,2nd_avenue,south_to_north,n00048,N,3,0.125,0.0,0.0,0.3333333333333333,1.0,0.3333333333333333,0.3333333333333333,0.3333333333333333,0.0425,0.5533333333333333,0.3333333333333333,0.30705,0.7359616330858161,4.8255,0.0425,0.4662006722516526,0.3576331728268711,0.2863151688759128
1.0,7.0,1.0,1.0,1.0,7.0,1.0,1.0,1.0,0.0,0.0,0.0,0.0,none,blank_wall,2nd_avenue/south_to_north/04_n00049_N.jpg,2nd_avenue,south_to_north,n00049,N,4,0.125,0.0,0.0,0.0,1.0,0.0,0.0,0.0,0.0425,0.33,0.0,0.12335000000000002,0.7585139405500291,3.3289,0.0425,0.2503096003815096,0.09494706642283107,0.12838470004543245
1.0,7.0,1.0,1.0,1.0,7.0,1.0,1.0,1.0,0.0,0.0,0.0,0.0,none,blank_wall,2nd_avenue/south_to_north/05_n00050_N.jpg,2nd_avenue,south_to_north,n00050,N,5,0.125,0.0,0.0,0.0,1.0,0.0,0.0,0.0,0.0425,0.33,0.0,0.12335000000000002,0.6439298411407739,1.5445,0.0425,0.2124968475764554,0.04405231280304683,0.09911122292523575
1.0,7.0,1.0,1.0,1.0,7.0,1.0,1.0,1.0,0.0,0.0,0.0,0.0,none,blank_wall,2nd_avenue/south_to_north/06_n00051_N.jpg,2nd_avenue,south_to_north,n00051,N,6,0.125,0.0,0.0,0.0,1.0,0.0,0.0,0.0,0.0425,0.33,0.0,0.12335000000000002,0.6351836244522436,0.4365,0.0425,0.2096105960692404,0.012449876684059526,0.08772995600858899
1.0,7.0,1.0,1.0,1.0,7.0,1.0,1.0,1.0,0.0,0.0,0.0,0.0,none,blank_wall,2nd_avenue/south_to_north/07_n00052_N.jpg,2nd_avenue,south_to_north,n00052,N,7,0.125,0.0,0.0,0.0,1.0,0.0,0.0,0.0,0.0425,0.33,0.0,0.12335000000000002,0.5939905413467659,1.0232,0.0425,0.19601687864443273,0.029183765917822933,0.08876621270554438
1.0,7.0,1.0,1.0,1.0,7.0,1.0,1.0,1.0,0.0,0.0,0.0,0.0,none,blank_wall,2nd_avenue/south_to_north/08_n00053_N.jpg,2nd_avenue,south_to_north,n00053,N,8,0.125,0.0,0.0,0.0,1.0,0.0,0.0,0.0,0.0425,0.33,0.0,0.12335000000000002,0.6266483834946552,2.4736,0.0425,0.20679396655323623,0.07055215341509655,0.10597421958954983
1.0,7.0,1.0,1.0,1.0,7.0,1.0,1.0,1.0,0.0,0.0,0.0,0.0,none,blank_wall,2nd_avenue/south_to_north/09_n00054_N.jpg,2nd_avenue,south_to_north,n00054,N,9,0.125,0.0,0.0,0.0,1.0,0.0,0.0,0.0,0.0425,0.33,0.0,0.12335000000000002,0.5725206203927834,0.5956,0.0425,0.18893180472961854,0.016987735516668625,0.08240344828127477
1.0,7.0,1.0,1.0,1.0,7.0,1.0,1.0,1.0,0.0,0.0,0.0,0.0,none,blank_wall,2nd_avenue/south_to_north/10_n00055_N.jpg,2nd_avenue,south_to_north,n00055,N,10,0.125,0.0,0.0,0.0,1.0,0.0,0.0,0.0,0.0425,0.33,0.0,0.12335000000000002,0.525839561665407,2.0911,0.0425,0.17352705534958432,0.059642467661023775,0.09139594259350067
1.0,7.0,1.0,1.0,1.0,7.0,1.0,1.0,1.0,0.0,0.0,0.0,0.0,none,blank_wall,2nd_avenue/south_to_north/11_n00056_N.jpg,2nd_avenue,south_to_north,n00056,N,11,0.125,0.0,0.0,0.0,1.0,0.0,0.0,0.0,0.0425,0.33,0.0,0.12335000000000002,0.5098561521373237,1.8002,0.0425,0.16825253020531683,0.051345402077076656,0.08691731765318986
3.0,6.0,3.0,2.0,3.0,6.0,3.0,4.0,2.0,5.0,0.0,0.0,2.0,tree_canopy,blank_wall,2nd_avenue/south_to_north/12_n00058_N.jpg,2nd_avenue,south_to_north,n00058,N,12,0.3333333333333333,0.3333333333333333,0.16666666666666666,0.3333333333333333,0.8333333333333334,0.3333333333333333,0.5,0.16666666666666666,0.2783333333333333,0.49833333333333335,0.335,0.36963333333333337,0.5533182199788219,1.4845,0.2783333333333333,0.4059283459263446,0.207340989547506,0.297012214039704
3.0,6.0,3.0,3.0,3.0,6.0,3.0,3.0,,1.0,0.0,0.0,0.0,tree_canopy,blank_wall,2nd_avenue/south_to_north/13_n00059_N.jpg,2nd_avenue,south_to_north,n00059,N,13,0.3333333333333333,0.3333333333333333,0.3333333333333333,0.3333333333333333,0.8333333333333334,0.3333333333333333,0.3333333333333333,,0.3333333333333333,0.49833333333333335,,,0.7969942394231408,0.2406,0.3333333333333333,0.48634143234296984,,
1.0,7.0,1.0,1.0,1.0,7.0,1.0,1.0,1.0,0.0,0.0,0.0,0.0,none,blank_wall,2nd_avenue/south_to_north/14_n00060_N.jpg,2nd_avenue,south_to_north,n00060,N,14,0.125,0.0,0.0,0.0,1.0,0.0,0.0,0.0,0.0425,0.33,0.0,0.12335000000000002,0.786189064267502,0.06,0.0425,0.25944239120827567,0.0017113232555408286,0.10063072577305945
1.0,7.0,1.0,1.0,5.0,7.0,5.0,3.0,3.0,0.0,0.0,0.0,0.0,none,blank_wall,2nd_avenue/south_to_north/15_n00061_N.jpg,2nd_avenue,south_to_north,n00061,N,15,0.125,0.0,0.0,0.6666666666666666,1.0,0.6666666666666666,0.3333333333333333,0.3333333333333333,0.0425,0.7766666666666666,0.44333333333333336,0.41705000000000003,0.8035071387463185,1.7871,0.0425,0.7118240224529518,0.38097176316628356,0.3750726092543477
2.0,6.0,3.0,2.0,4.0,6.0,5.0,4.0,5.0,0.0,0.0,0.0,0.0,hedge,shopfront,2nd_avenue/south_to_north/16_n00062_N.jpg,2nd_avenue,south_to_north,n00062,N,16,0.25,0.3333333333333333,0.16666666666666666,0.5,0.8333333333333334,0.6666666666666666,0.5,0.6666666666666666,0.25,0.665,0.61,0.50575,0.755958426175973,1.2643,0.25,0.6394662806380711,0.4760604331996712,0.453123815566455
1.0,7.0,1.0,1.0,5.0,7.0,5.0,3.0,3.0,0.0,0.0,0.0,0.0,none,blank_wall,2nd_avenue/south_to_north/17_n00063_N.jpg,2nd_avenue,south_to_north,n00063,N,17,0.125,0.0,0.0,0.6666666666666666,1.0,0.6666666666666666,0.3333333333333333,0.3333333333333333,0.0425,0.7766666666666666,0.44333333333333336,0.41705000000000003,0.8306809111043749,0.2552,0.0425,0.7207913673311104,0.3372788282469003,0.36361316454074355
1.0,7.0,1.0,1.0,5.0,7.0,5.0,3.0,3.0,0.0,0.0,0.0,0.0,none,blank_wall,2nd_avenue/south_to_north/18_n00064_N.jpg,2nd_avenue,south_to_north,n00064,N,18,0.125,0.0,0.0,0.6666666666666666,1.0,0.6666666666666666,0.3333333333333333,0.3333333333333333,0.0425,0.7766666666666666,0.44333333333333336,0.41705000000000003,0.8613074548545518,1.1843,0.0425,0.7308981267686687,0.36377866885895005,0.3756933425571142
1.0,7.0,1.0,1.0,5.0,7.0,5.0,3.0,3.0,0.0,0.0,0.0,5.0,none,blank_wall,2nd_avenue/south_to_north/19_n00065_N.jpg,2nd_avenue,south_to_north,n00065,N,19,0.125,0.0,0.0,0.6666666666666666,1.0,0.6666666666666666,0.3333333333333333,0.3333333333333333,0.0425,0.7766666666666666,0.44333333333333336,0.41705000000000003,0.885113507292102,1.6499,0.0425,0.7387541240730604,0.3770585373219469,0.38266817826035243
1.0,7.0,1.0,1.0,5.0,7.0,5.0,3.0,3.0,0.0,0.0,0.0,0.0,none,blank_wall,2nd_avenue/south_to_north/20_n00066_N.jpg,2nd_avenue,south_to_north,n00066,N,20,0.125,0.0,0.0,0.6666666666666666,1.0,0.6666666666666666,0.3333333333333333,0.3333333333333333,0.0425,0.7766666666666666,0.44333333333333336,0.41705000000000003,0.8499455648994558,0.4645,0.0425,0.7271487030834871,0.34324849420331194,0.3676810751046437
1.0,7.0,1.0,1.0,3.0,7.0,3.0,3.0,1.0,0.0,0.0,0.0,0.0,none,blank_wall,2nd_avenue/south_to_north/21_n00067_N.jpg,2nd_avenue,south_to_north,n00067,N,21,0.125,0.0,0.0,0.3333333333333333,1.0,0.3333333333333333,0.3333333333333333,0.0,0.0425,0.5533333333333333,0.22333333333333333,0.27075,0.8809695721744752,0.8177,0.0425,0.5140532921509102,0.1333224837675956,0.22808400605310694
1.0,7.0,1.0,1.0,1.0,7.0,1.0,1.0,1.0,0.0,0.0,0.0,0.0,none,blank_wall,2nd_avenue/south_to_north/22_n00068_N.jpg,2nd_avenue,south_to_north,n00068,N,22,0.125,0.0,0.0,0.0,1.0,0.0,0.0,0.0,0.0425,0.33,0.0,0.12335000000000002,0.8635844459231142,0.2832,0.0425,0.28498286715462773,0.008077445766152712,0.11115990326385755
1.0,7.0,1.0,1.0,1.0,7.0,1.0,1.0,1.0,0.0,0.0,0.0,0.0,none,blank_wall,2nd_avenue/south_to_north/23_n00069_N.jpg,2nd_avenue,south_to_north,n00069,N,23,0.125,0.0,0.0,0.0,1.0,0.0,0.0,0.0,0.0425,0.33,0.0,0.12335000000000002,0.855215280162819,1.9544,0.0425,0.2822210424537303,0.05574350284381659,0.1259782999481905
1.0,7.0,1.0,1.0,5.0,7.0,5.0,3.0,2.0,0.0,0.0,0.0,0.0,none,blank_wall,2nd_avenue/south_to_north/24_n00070_N.jpg,2nd_avenue,south_to_north,n00070,N,24,0.125,0.0,0.0,0.6666666666666666,1.0,0.6666666666666666,0.3333333333333333,0.16666666666666666,0.0425,0.7766666666666666,0.38833333333333336,0.39890000000000003,0.8588088646761599,6.1,0.0425,0.7300735920097994,0.4489845309799842,0.40353918058662863
3.0,6.0,3.0,4.0,4.0,6.0,5.0,5.0,3.0,2.0,0.0,0.0,0.0,tree_canopy,blank_wall,2nd_avenue/south_to_north/25_n00071_N.jpg,2nd_avenue,south_to_north,n00071,N,25,0.3333333333333333,0.3333333333333333,0.5,0.5,0.8333333333333334,0.6666666666666666,0.6666666666666666,0.3333333333333333,0.3883333333333333,0.665,0.5566666666666666,0.5351833333333333,0.8909621177067578,2.1423,0.3883333333333333,0.68401749884323,0.3911027968390853,0.48682303090849743
2.0,6.0,3.0,2.0,4.0,6.0,5.0,5.0,3.0,0.0,0.0,0.0,0.0,hedge,blank_wall,2nd_avenue/south_to_north/26_n00072_N.jpg,2nd_avenue,south_to_north,n00072,N,26,0.25,0.3333333333333333,0.16666666666666666,0.5,0.8333333333333334,0.6666666666666666,0.6666666666666666,0.3333333333333333,0.25,0.665,0.5566666666666666,0.4881500000000001,0.910009870102063,1.7939,0.25,0.6903032571336808,0.38116571313524483,0.4385847601887455
2.0,6.0,3.0,2.0,4.0,6.0,5.0,5.0,3.0,0.0,0.0,0.0,0.0,hedge,shopfront,2nd_avenue/south_to_north/27_n00073_N.jpg,2nd_avenue,south_to_north,n00073,N,27,0.25,0.3333333333333333,0.16666666666666666,0.5,0.8333333333333334,0.6666666666666666,0.6666666666666666,0.3333333333333333,0.25,0.665,0.5566666666666666,0.4881500000000001,0.9087788567856552,1.1342,0.25,0.6898970227392662,0.36234971394057347,0.43224142310434716
1.0,7.0,1.0,1.0,5.0,7.0,5.0,3.0,3.0,0.0,0.0,0.0,0.0,none,blank_wall,2nd_avenue/south_to_north/28_n00074_N.jpg,2nd_avenue,south_to_north,n00074,N,28,0.125,0.0,0.0,0.6666666666666666,1.0,0.6666666666666666,0.3333333333333333,0.3333333333333333,0.0425,0.7766666666666666,0.44333333333333336,0.41705000000000003,0.871343132897917,2.3563,0.0425,0.7342099005229793,0.39720651645051425,0.3878174176012529
1.0,7.0,1.0,1.0,3.0,7.0,3.0,3.0,1.0,0.0,0.0,0.0,0.0,none,blank_wall,2nd_avenue/south_to_north/29_n00075_N.jpg,2nd_avenue,south_to_north,n00075,N,29,0.125,0.0,0.0,0.3333333333333333,1.0,0.3333333333333333,0.3333333333333333,0.0,0.0425,0.5533333333333333,0.22333333333333333,0.27075,0.9209137187058226,1.7851,0.0425,0.5272348605062548,0.16091471905776555,0.2415393612561267
3.0,6.0,3.0,4.0,5.0,6.0,5.0,5.0,4.0,2.0,0.0,0.0,10.0,tree_canopy,blank_wall,2nd_avenue/south_to_north/30_n00076_N.jpg,2nd_avenue,south_to_north,n00076,N,30,0.3333333333333333,0.3333333333333333,0.5,0.6666666666666666,0.8333333333333334,0.6666666666666666,0.6666666666666666,0.5,0.3883333333333333,0.7216666666666667,0.6116666666666667,0.5720333333333334,0.9149757913851816,2.4732,0.3883333333333333,0.7486086778237766,0.455540744593393,0.5294026427309994
1.0,7.0,1.0,1.0,3.0,7.0,5.0,3.0,3.0,0.0,0.0,0.0,0.0,none,blank_wall,2nd_avenue/south_to_north/31_n00077_N.jpg,2nd_avenue,south_to_north,n00077,N,31,0.125,0.0,0.0,0.3333333333333333,1.0,0.6666666666666666,0.3333333333333333,0.3333333333333333,0.0425,0.6633333333333333,0.44333333333333336,0.37965000000000004,0.8919055388429941,3.7744,0.0425,0.6276621611515214,0.4376536415952217,0.3660042149064252
1.0,7.0,1.0,1.0,3.0,7.0,3.0,3.0,3.0,0.0,0.0,0.0,0.0,none,blank_wall,2nd_avenue/south_to_north/32_n00078_N.jpg,2nd_avenue,south_to_north,n00078,N,32,0.125,0.0,0.0,0.3333333333333333,1.0,0.3333333333333333,0.3333333333333333,0.3333333333333333,0.0425,0.5533333333333333,0.3333333333333333,0.30705,0.8495892437519666,0.3145,0.0425,0.5036977837714823,0.22897018606445985,0.2562304300458609
1.0,7.0,1.0,1.0,5.0,7.0,5.0,3.0,5.0,0.0,0.0,0.0,0.0,none,blank_wall,3rd_avenue/north_to_south/01_n00113_S.jpg,3rd_avenue,north_to_south,n00113,S,1,0.125,0.0,0.0,0.6666666666666666,1.0,0.6666666666666666,0.3333333333333333,0.6666666666666666,0.0425,0.7766666666666666,0.5533333333333333,0.45335000000000003,0.8830953691589569,1.2019,0.0425,0.7380881384891225,0.47428065701390865,0.41453170251600024
1.0,7.0,1.0,1.0,5.0,7.0,5.0,3.0,5.0,0.0,0.0,0.0,0.0,none,blank_wall,3rd_avenue/north_to_south/02_n00112_S.jpg,3rd_avenue,north_to_south,n00112,S,2,0.125,0.0,0.0,0.6666666666666666,1.0,0.6666666666666666,0.3333333333333333,0.6666666666666666,0.0425,0.7766666666666666,0.5533333333333333,0.45335000000000003,0.9362008006803564,1.9699,0.0425,0.7556129308911843,0.49618559468483125,0.4275435134400851
1.0,7.0,1.0,1.0,5.0,7.0,5.0,3.0,3.0,0.0,0.0,0.0,0.0,none,blank_wall,3rd_avenue/north_to_south/03_n00111_S.jpg,3rd_avenue,north_to_south,n00111,S,3,0.125,0.0,0.0,0.6666666666666666,1.0,0.6666666666666666,0.3333333333333333,0.3333333333333333,0.0425,0.7766666666666666,0.44333333333333336,0.41705000000000003,0.9384581091301922,2.5209,0.0425,0.7563578426796301,0.4019012465815479,0.3966754994561888
1.0,7.0,1.0,1.0,5.0,7.0,5.0,3.0,3.0,0.0,0.0,0.0,0.0,none,blank_wall,3rd_avenue/north_to_south/04_n00110_S.jpg,3rd_avenue,north_to_south,n00110,S,4,0.125,0.0,0.0,0.6666666666666666,1.0,0.6666666666666666,0.3333333333333333,0.3333333333333333,0.0425,0.7766666666666666,0.44333333333333336,0.41705000000000003,0.9300017123100308,2.515,0.0425,0.7535672317289768,0.4017329664614197,0.39569906540283084
1.0,7.0,1.0,1.0,5.0,7.0,5.0,3.0,3.0,0.0,0.0,0.0,0.0,none,blank_wall,3rd_avenue/north_to_south/05_n00109_S.jpg,3rd_avenue,north_to_south,n00109,S,5,0.125,0.0,0.0,0.6666666666666666,1.0,0.6666666666666666,0.3333333333333333,0.3333333333333333,0.0425,0.7766666666666666,0.44333333333333336,0.41705000000000003,0.8987257356780256,1.1359,0.0425,0.7432461594404152,0.36239820143281376,0.3793126390881656
1.0,7.0,1.0,1.0,5.0,7.0,5.0,3.0,3.0,0.0,0.0,0.0,0.0,none,blank_wall,3rd_avenue/north_to_south/06_n00108_S.jpg,3rd_avenue,north_to_south,n00108,S,6,0.125,0.0,0.0,0.6666666666666666,1.0,0.6666666666666666,0.3333333333333333,0.3333333333333333,0.0425,0.7766666666666666,0.44333333333333336,0.41705000000000003,0.9334412659440678,1.9294,0.0425,0.7547022844282091,0.3850304514873412,0.3905618028521316
1.0,7.0,1.0,1.0,5.0,7.0,5.0,3.0,3.0,0.0,0.0,0.0,0.0,none,blank_wall,3rd_avenue/north_to_south/07_n00107_S.jpg,3rd_avenue,north_to_south,n00107,S,7,0.125,0.0,0.0,0.6666666666666666,1.0,0.6666666666666666,0.3333333333333333,0.3333333333333333,0.0425,0.7766666666666666,0.44333333333333336,0.41705000000000003,0.9260758370493768,1.9664,0.0425,0.752271692892961,0.38608576749492474,0.39010796192800234
1.0,7.0,1.0,1.0,5.0,7.0,5.0,3.0,3.0,0.0,0.0,0.0,0.0,none,blank_wall,3rd_avenue/north_to_south/08_n00106_S.jpg,3rd_avenue,north_to_south,n00106,S,8,0.125,0.0,0.0,0.6666666666666666,1.0,0.6666666666666666,0.3333333333333333,0.3333333333333333,0.0425,0.7766666666666666,0.44333333333333336,0.41705000000000003,0.8863744414315442,2.0082,0.0425,0.7391702323390763,0.38727798936295155,0.3861779131616693
1.0,7.0,1.0,1.0,5.0,7.0,5.0,3.0,3.0,0.0,0.0,0.0,0.0,none,blank_wall,3rd_avenue/north_to_south/09_n00105_S.jpg,3rd_avenue,north_to_south,n00105,S,9,0.125,0.0,0.0,0.6666666666666666,1.0,0.6666666666666666,0.3333333333333333,0.3333333333333333,0.0425,0.7766666666666666,0.44333333333333336,0.41705000000000003,0.8748941773061667,2.1717,0.0425,0.7353817451777016,0.3919413452343003,0.38646661983596065
1.0,7.0,1.0,1.0,5.0,7.0,5.0,3.0,3.0,0.0,0.0,0.0,0.0,none,blank_wall,3rd_avenue/north_to_south/10_n00104_S.jpg,3rd_avenue,north_to_south,n00104,S,10,0.125,0.0,0.0,0.6666666666666666,1.0,0.6666666666666666,0.3333333333333333,0.3333333333333333,0.0425,0.7766666666666666,0.44333333333333336,0.41705000000000003,0.8988430780859945,2.4562,0.0425,0.7432848824350449,0.4000558696709897,0.39175244819499144
1.0,7.0,1.0,1.0,5.0,7.0,5.0,5.0,3.0,0.0,0.0,0.0,0.0,none,blank_wall,3rd_avenue/north_to_south/11_n00103_S.jpg,3rd_avenue,north_to_south,n00103,S,11,0.125,0.0,0.0,0.6666666666666666,1.0,0.6666666666666666,0.6666666666666666,0.3333333333333333,0.0425,0.7766666666666666,0.5566666666666666,0.45445,0.9088447982221152,2.5644,0.0425,0.7465854500799647,0.403141955941815,0.3938600439871873
1.0,7.0,1.0,1.0,5.0,7.0,5.0,5.0,3.0,0.0,0.0,0.0,0.0,none,blank_wall,3rd_avenue/north_to_south/12_n00102_S.jpg,3rd_avenue,north_to_south,n00102,S,12,0.125,0.0,0.0,0.6666666666666666,1.0,0.6666666666666666,0.6666666666666666,0.3333333333333333,0.0425,0.7766666666666666,0.5566666666666666,0.45445,0.8999478600475814,3.2573,0.0425,0.7436494604823685,0.42290488733788567,0.3994129347806839
1.0,7.0,1.0,1.0,5.0,7.0,5.0,3.0,3.0,0.0,0.0,0.0,10.0,none,blank_wall,3rd_avenue/north_to_south/13_n00101_S.jpg,3rd_avenue,north_to_south,n00101,S,13,0.125,0.0,0.0,0.6666666666666666,1.0,0.6666666666666666,0.3333333333333333,0.3333333333333333,0.0425,0.7766666666666666,0.44333333333333336,0.41705000000000003,0.8507072838246662,1.4193,0.0425,0.7274000703288065,0.37048135160981827,0.3767508692397462
1.0,7.0,1.0,1.0,5.0,7.0,5.0,3.0,3.0,0.0,0.0,0.0,0.0,none,blank_wall,3rd_avenue/north_to_south/14_n00100_S.jpg,3rd_avenue,north_to_south,n00100,S,14,0.125,0.0,0.0,0.6666666666666666,1.0,0.6666666666666666,0.3333333333333333,0.3333333333333333,0.0425,0.7766666666666666,0.44333333333333336,0.41705000000000003,0.9027225286477564,1.0386,0.0425,0.7445651011204263,0.35962300555341176,0.37883207520236656
2.0,6.0,3.0,2.0,4.0,6.0,5.0,5.0,4.0,2.0,0.0,0.0,0.0,hedge,shopfront,3rd_avenue/north_to_south/15_n00099_S.jpg,3rd_avenue,north_to_south,n00099,S,15,0.25,0.3333333333333333,0.16666666666666666,0.5,0.8333333333333334,0.6666666666666666,0.6666666666666666,0.5,0.25,0.665,0.6116666666666667,0.5063000000000001,0.8947684599688367,1.8795,0.25,0.6852735917897161,0.4386072009798164,0.45588066161394575
1.0,7.0,1.0,1.0,1.0,7.0,1.0,1.0,1.0,0.0,0.0,0.0,0.0,none,blank_wall,3rd_avenue/north_to_south/16_n00098_S.jpg,3rd_avenue,north_to_south,n00098,S,16,0.125,0.0,0.0,0.0,1.0,0.0,0.0,0.0,0.0425,0.33,0.0,0.12335000000000002,0.8702823027662436,2.5232,0.0425,0.28719315991286043,0.07196684730634365,0.13297280238233736
1.0,7.0,1.0,1.0,3.0,7.0,3.0,3.0,1.0,0.0,0.0,0.0,0.0,none,blank_wall,3rd_avenue/north_to_south/17_n00097_S.jpg,3rd_avenue,north_to_south,n00097,S,17,0.125,0.0,0.0,0.3333333333333333,1.0,0.3333333333333333,0.3333333333333333,0.0,0.0425,0.5533333333333333,0.22333333333333333,0.27075,0.8252657670507796,1.6693,0.0425,0.4956710364600906,0.15761186517457176,0.2300333575394386
1.0,7.0,1.0,1.0,3.0,7.0,5.0,3.0,3.0,0.0,0.0,0.0,0.0,none,blank_wall,3rd_avenue/north_to_south/18_n00096_S.jpg,3rd_avenue,north_to_south,n00096,S,18,0.125,0.0,0.0,0.3333333333333333,1.0,0.6666666666666666,0.3333333333333333,0.3333333333333333,0.0425,0.6633333333333333,0.44333333333333336,0.37965000000000004,0.9088987378434368,1.0093,0.0425,0.6332699168216674,0.35878730936362263,0.34182888464114575
1.0,7.0,1.0,1.0,3.0,7.0,3.0,3.0,3.0,0.0,0.0,0.0,0.0,none,blank_wall,3rd_avenue/north_to_south/19_n00095_S.jpg,3rd_avenue,north_to_south,n00095,S,19,0.125,0.0,0.0,0.3333333333333333,1.0,0.3333333333333333,0.3333333333333333,0.3333333333333333,0.0425,0.5533333333333333,0.3333333333333333,0.30705,0.8919645713712419,0.3755,0.0425,0.5176816418858432,0.2307100313742597,0.26141925217583395
1.0,7.0,1.0,1.0,3.0,7.0,5.0,3.0,2.0,0.0,0.0,0.0,2.0,none,blank_wall,3rd_avenue/north_to_south/20_n00094_S.jpg,3rd_avenue,north_to_south,n00094,S,20,0.125,0.0,0.0,0.3333333333333333,1.0,0.6666666666666666,0.3333333333333333,0.16666666666666666,0.0425,0.6633333333333333,0.38833333333333336,0.36150000000000004,0.8574959320663855,2.136,0.0425,0.6163069909152405,0.3359231078972535,0.32868593260812307
2.0,6.0,3.0,2.0,3.0,5.0,4.0,4.0,3.0,0.0,0.0,0.0,0.0,hedge,blank_wall,3rd_avenue/north_to_south/21_n00093_S.jpg,3rd_avenue,north_to_south,n00093,S,21,0.25,0.3333333333333333,0.16666666666666666,0.3333333333333333,0.6666666666666666,0.5,0.5,0.3333333333333333,0.25,0.4983333333333334,0.445,0.3963000000000001,0.7917373276611548,0.9352,0.25,0.5396066514615144,0.3016738251430297,0.3626225572794996
1.0,7.0,1.0,1.0,3.0,7.0,5.0,3.0,3.0,0.0,0.0,0.0,0.0,none,blank_wall,3rd_avenue/north_to_south/22_n00092_S.jpg,3rd_avenue,north_to_south,n00092,S,22,0.125,0.0,0.0,0.3333333333333333,1.0,0.6666666666666666,0.3333333333333333,0.3333333333333333,0.0425,0.6633333333333333,0.44333333333333336,0.37965000000000004,0.8596818030007679,0.4741,0.0425,0.6170283283235868,0.34352230592419847,0.33143170930176913
1.0,7.0,1.0,1.0,5.0,7.0,5.0,3.0,3.0,0.0,0.0,0.0,0.0,none,blank_wall,3rd_avenue/north_to_south/23_n00091_S.jpg,3rd_avenue,north_to_south,n00091,S,23,0.125,0.0,0.0,0.6666666666666666,1.0,0.6666666666666666,0.3333333333333333,0.3333333333333333,0.0425,0.7766666666666666,0.44333333333333336,0.41705000000000003,0.8701959413780981,2.0171,0.0425,0.733831327321439,0.38753183564585675,0.3844998437792076
1.0,7.0,1.0,1.0,5.0,7.0,5.0,3.0,3.0,0.0,0.0,0.0,0.0,none,blank_wall,3rd_avenue/north_to_south/24_n00090_S.jpg,3rd_avenue,north_to_south,n00090,S,24,0.125,0.0,0.0,0.6666666666666666,1.0,0.6666666666666666,0.3333333333333333,0.3333333333333333,0.0425,0.7766666666666666,0.44333333333333336,0.41705000000000003,0.8948716968585668,1.0127,0.0425,0.7419743266299937,0.35888428434810327,0.37773334162277206
1.0,7.0,1.0,1.0,3.0,7.0,3.0,3.0,2.0,0.0,0.0,0.0,0.0,none,blank_wall,3rd_avenue/north_to_south/25_n00089_S.jpg,3rd_avenue,north_to_south,n00089,S,25,0.125,0.0,0.0,0.3333333333333333,1.0,0.3333333333333333,0.3333333333333333,0.16666666666666666,0.0425,0.5533333333333333,0.2783333333333333,0.2889,0.8168827370251667,0.506,0.0425,0.49290463655163835,0.179432159455061,0.2363211426822108
3.0,6.0,3.0,4.0,4.0,6.0,5.0,5.0,4.0,2.0,0.0,0.0,3.0,tree_canopy,shopfront,3rd_avenue/north_to_south/26_n00088_S.jpg,3rd_avenue,north_to_south,n00088,S,26,0.3333333333333333,0.3333333333333333,0.5,0.5,0.8333333333333334,0.6666666666666666,0.6666666666666666,0.5,0.3883333333333333,0.665,0.6116666666666667,0.5533333333333335,0.8841413968995687,1.9608,0.3883333333333333,0.6817666609768577,0.44092604399107427,0.5025219259727509
2.0,6.0,3.0,2.0,4.0,6.0,5.0,5.0,4.0,3.0,0.0,0.0,10.0,tree_canopy,shopfront,3rd_avenue/north_to_south/27_n00087_S.jpg,3rd_avenue,north_to_south,n00087,S,27,0.25,0.3333333333333333,0.16666666666666666,0.5,0.8333333333333334,0.6666666666666666,0.6666666666666666,0.5,0.25,0.665,0.6116666666666667,0.5063000000000001,0.9159215417456658,2.3615,0.25,0.6922541087760697,0.4523548311326612,0.46272095016988124
2.0,6.0,3.0,2.0,4.0,6.0,5.0,5.0,4.0,1.0,0.0,0.0,0.0,tree_canopy,shopfront,3rd_avenue/north_to_south/28_n00086_S.jpg,3rd_avenue,north_to_south,n00086,S,28,0.25,0.3333333333333333,0.16666666666666666,0.5,0.8333333333333334,0.6666666666666666,0.6666666666666666,0.5,0.25,0.665,0.6116666666666667,0.5063000000000001,0.9156046182212324,3.0964,0.25,0.6921495240130067,0.4733156888076103,0.46960352023080365
1.0,7.0,1.0,1.0,5.0,7.0,5.0,3.0,3.0,0.0,0.0,0.0,0.0,none,blank_wall,3rd_avenue/north_to_south/29_n00085_S.jpg,3rd_avenue,north_to_south,n00085,S,29,0.125,0.0,0.0,0.6666666666666666,1.0,0.6666666666666666,0.3333333333333333,0.3333333333333333,0.0425,0.7766666666666666,0.44333333333333336,0.41705000000000003,0.8319513673383633,1.5,0.0425,0.7212106178883266,0.3727830813885207,0.3754679207613596
1.0,7.0,1.0,1.0,5.0,7.0,5.0,3.0,3.0,0.0,0.0,0.0,1.0,none,blank_wall,3rd_avenue/north_to_south/30_n00084_S.jpg,3rd_avenue,north_to_south,n00084,S,30,0.125,0.0,0.0,0.6666666666666666,1.0,0.6666666666666666,0.3333333333333333,0.3333333333333333,0.0425,0.7766666666666666,0.44333333333333336,0.41705000000000003,0.9127786660189549,4.3256,0.0425,0.7478836264529218,0.4533749979027901,0.410865346037385
1.0,7.0,1.0,1.0,5.0,7.0,5.0,3.0,3.0,0.0,0.0,0.0,10.0,none,blank_wall,3rd_avenue/north_to_south/31_n00083_S.jpg,3rd_avenue,north_to_south,n00083,S,31,0.125,0.0,0.0,0.6666666666666666,1.0,0.6666666666666666,0.3333333333333333,0.3333333333333333,0.0425,0.7766666666666666,0.44333333333333336,0.41705000000000003,0.8926248683511889,1.7116,0.0425,0.741232873222559,0.37881834806972803,0.38406690302645474
1.0,7.0,1.0,1.0,3.0,7.0,3.0,3.0,3.0,0.0,0.0,0.0,0.0,none,blank_wall,3rd_avenue/north_to_south/32_n00082_S.jpg,3rd_avenue,north_to_south,n00082,S,32,0.125,0.0,0.0,0.3333333333333333,1.0,0.3333333333333333,0.3333333333333333,0.3333333333333333,0.0425,0.5533333333333333,0.3333333333333333,0.30705,0.8907039381547024,2.8913,0.0425,0.5172656329243852,0.30246581547908663,0.2849613779731457
1.0,7.0,1.0,1.0,5.0,7.0,5.0,3.0,3.0,0.0,0.0,0.0,0.0,none,blank_wall,3rd_avenue/north_to_south/33_n00081_S.jpg,3rd_avenue,north_to_south,n00081,S,33,0.125,0.0,0.0,0.6666666666666666,1.0,0.6666666666666666,0.3333333333333333,0.3333333333333333,0.0425,0.7766666666666666,0.44333333333333336,0.41705000000000003,0.8303779531623176,0.265,0.0425,0.7206913912102315,0.3375583443786387,0.36367241274432716
1.0,7.0,1.0,1.0,5.0,7.0,5.0,3.0,3.0,0.0,0.0,0.0,0.0,none,blank_wall,3rd_avenue/south_to_north/01_n00081_N.jpg,3rd_avenue,south_to_north,n00081,N,1,0.125,0.0,0.0,0.6666666666666666,1.0,0.6666666666666666,0.3333333333333333,0.3333333333333333,0.0425,0.7766666666666666,0.44333333333333336,0.41705000000000003,0.8303779531623176,2.1913,0.0425,0.7206913912102315,0.39250037749777694,0.3818032836736428
1.0,7.0,1.0,1.0,5.0,7.0,5.0,3.0,3.0,0.0,0.0,0.0,0.0,none,blank_wall,3rd_avenue/south_to_north/02_n00082_N.jpg,3rd_avenue,south_to_north,n00082,N,2,0.125,0.0,0.0,0.6666666666666666,1.0,0.6666666666666666,0.3333333333333333,0.3333333333333333,0.0425,0.7766666666666666,0.44333333333333336,0.41705000000000003,0.8907039381547024,0.5123,0.0425,0.7405989662577185,0.3446118483968928,0.37256956883602177
1.0,7.0,1.0,1.0,5.0,7.0,5.0,3.0,3.0,0.0,0.0,0.0,0.0,none,blank_wall,3rd_avenue/south_to_north/03_n00083_N.jpg,3rd_avenue,south_to_north,n00083,N,3,0.125,0.0,0.0,0.6666666666666666,1.0,0.6666666666666666,0.3333333333333333,0.3333333333333333,0.0425,0.7766666666666666,0.44333333333333336,0.41705000000000003,0.8926248683511889,1.2875,0.0425,0.741232873222559,0.36672214485848026,0.38007515596674296
1.0,7.0,1.0,1.0,5.0,7.0,5.0,3.0,3.0,0.0,0.0,0.0,0.0,none,blank_wall,3rd_avenue/south_to_north/04_n00084_N.jpg,3rd_avenue,south_to_north,n00084,N,4,0.125,0.0,0.0,0.6666666666666666,1.0,0.6666666666666666,0.3333333333333333,0.3333333333333333,0.0425,0.7766666666666666,0.44333333333333336,0.41705000000000003,0.9127786660189549,0.7768,0.0425,0.7478836264529218,0.35215593174840193,0.3774630542064369
1.0,7.0,1.0,1.0,5.0,7.0,5.0,3.0,3.0,0.0,0.0,0.0,0.0,none,blank_wall,3rd_avenue/south_to_north/05_n00085_N.jpg,3rd_avenue,south_to_north,n00085,N,5,0.125,0.0,0.0,0.6666666666666666,1.0,0.6666666666666666,0.3333333333333333,0.3333333333333333,0.0425,0.7766666666666666,0.44333333333333336,0.41705000000000003,0.8319513673383633,1.4075,0.0425,0.7212106178883266,0.3701447913695619,0.37459728505510326
1.0,7.0,1.0,1.0,5.0,7.0,5.0,5.0,3.0,1.0,0.0,0.0,0.0,tree_canopy,blank_wall,3rd_avenue/south_to_north/06_n00086_N.jpg,3rd_avenue,south_to_north,n00086,N,6,0.125,0.0,0.0,0.6666666666666666,1.0,0.6666666666666666,0.6666666666666666,0.3333333333333333,0.0425,0.7766666666666666,0.5566666666666666,0.45445,0.9156046182212324,3.0259,0.0425,0.7488161906796733,0.4163048839823499,0.39893995463846765
1.0,7.0,1.0,1.0,5.0,7.0,5.0,3.0,3.0,1.0,0.0,0.0,1.0,tree_canopy,blank_wall,3rd_avenue/south_to_north/07_n00087_N.jpg,3rd_avenue,south_to_north,n00087,N,7,0.125,0.0,0.0,0.6666666666666666,1.0,0.6666666666666666,0.3333333333333333,0.3333333333333333,0.0425,0.7766666666666666,0.44333333333333336,0.41705000000000003,0.9159215417456658,1.6042,0.0425,0.7489207754427364,0.37575507944230996,0.3855930321120653
1.0,7.0,1.0,1.0,5.0,7.0,5.0,3.0,3.0,0.0,0.0,0.0,0.0,none,blank_wall,3rd_avenue/south_to_north/08_n00088_N.jpg,3rd_avenue,south_to_north,n00088,N,8,0.125,0.0,0.0,0.6666666666666666,1.0,0.6666666666666666,0.3333333333333333,0.3333333333333333,0.0425,0.7766666666666666,0.44333333333333336,0.41705000000000003,0.8841413968995687,2.3895,0.0425,0.7384333276435244,0.3981534486519135,0.3895236361774945
1.0,7.0,1.0,1.0,5.0,7.0,5.0,3.0,3.0,0.0,0.0,0.0,0.0,none,blank_wall,3rd_avenue/south_to_north/09_n00089_N.jpg,3rd_avenue,south_to_north,n00089,N,9,0.125,0.0,0.0,0.6666666666666666,1.0,0.6666666666666666,0.3333333333333333,0.3333333333333333,0.0425,0.7766666666666666,0.44333333333333336,0.41705000000000003,0.8168827370251667,1.3715,0.0425,0.7162379698849717,0.3691179974162374,0.37261746920939903
1.0,7.0,1.0,1.0,5.0,7.0,5.0,3.0,3.0,0.0,0.0,0.0,0.0,none,blank_wall,3rd_avenue/south_to_north/10_n00090_N.jpg,3rd_avenue,south_to_north,n00090,N,10,0.125,0.0,0.0,0.6666666666666666,1.0,0.6666666666666666,0.3333333333333333,0.3333333333333333,0.0425,0.7766666666666666,0.44333333333333336,0.41705000000000003,0.8948716968585668,0.8397,0.0425,0.7419743266299937,0.3539499689612939,0.37610501754512493
1.0,7.0,1.0,1.0,1.0,7.0,1.0,1.0,1.0,2.0,0.0,0.0,1.0,tree_canopy,blank_wall,3rd_avenue/south_to_north/11_n00091_N.jpg,3rd_avenue,south_to_north,n00091,N,11,0.125,0.0,0.0,0.0,1.0,0.0,0.0,0.0,0.0425,0.33,0.0,0.12335000000000002,0.8701959413780981,0.6394,0.0425,0.28716466065477236,0.018237001493213428,0.11523254850883531
1.0,7.0,1.0,1.0,1.0,7.0,1.0,1.0,1.0,0.0,0.0,0.0,0.0,none,blank_wall,3rd_avenue/south_to_north/12_n00092_N.jpg,3rd_avenue,south_to_north,n00092,N,12,0.125,0.0,0.0,0.0,1.0,0.0,0.0,0.0,0.0425,0.33,0.0,0.12335000000000002,0.8596818030007679,2.0943,0.0425,0.2836949949902534,0.05973373823465262,0.127781481964219
1.0,7.0,1.0,1.0,5.0,7.0,5.0,3.0,3.0,0.0,0.0,0.0,0.0,none,blank_wall,3rd_avenue/south_to_north/13_n00093_N.jpg,3rd_avenue,south_to_north,n00093,N,13,0.125,0.0,0.0,0.6666666666666666,1.0,0.6666666666666666,0.3333333333333333,0.3333333333333333,0.0425,0.7766666666666666,0.44333333333333336,0.41705000000000003,0.7917373276611548,2.1301,0.0425,0.7079399847948478,0.39075482777712534,0.37701928814875113
1.0,7.0,1.0,1.0,3.0,7.0,3.0,3.0,3.0,0.0,0.0,0.0,0.0,none,blank_wall,3rd_avenue/south_to_north/14_n00094_N.jpg,3rd_avenue,south_to_north,n00094,N,14,0.125,0.0,0.0,0.3333333333333333,1.0,0.3333333333333333,0.3333333333333333,0.3333333333333333,0.0425,0.5533333333333333,0.3333333333333333,0.30705,0.8574959320663855,1.8331,0.0425,0.5063069909152406,0.2722837776621982,0.2713849536305548
1.0,7.0,1.0,1.0,5.0,7.0,5.0,5.0,3.0,0.0,0.0,0.0,0.0,none,blank_wall,3rd_avenue/south_to_north/15_n00095_N.jpg,3rd_avenue,south_to_north,n00095,N,15,0.125,0.0,0.0,0.6666666666666666,1.0,0.6666666666666666,0.6666666666666666,0.3333333333333333,0.0425,0.7766666666666666,0.5566666666666666,0.45445,0.8919645713712419,0.2399,0.0425,0.7410149752191765,0.3368424408167374,0.3701429472918516
1.0,7.0,1.0,1.0,3.0,7.0,3.0,3.0,3.0,0.0,0.0,0.0,0.0,none,blank_wall,3rd_avenue/south_to_north/16_n00096_N.jpg,3rd_avenue,south_to_north,n00096,N,16,0.125,0.0,0.0,0.3333333333333333,1.0,0.3333333333333333,0.3333333333333333,0.3333333333333333,0.0425,0.5533333333333333,0.3333333333333333,0.30705,0.9088987378434368,1.9852,0.0425,0.5232699168216675,0.2766219821149942,0.2784143266490984
1.0,7.0,1.0,1.0,3.0,7.0,3.0,3.0,3.0,0.0,0.0,0.0,0.0,none,blank_wall,3rd_avenue/south_to_north/17_n00097_N.jpg,3rd_avenue,south_to_north,n00097,N,17,0.125,0.0,0.0,0.3333333333333333,1.0,0.3333333333333333,0.3333333333333333,0.3333333333333333,0.0425,0.5533333333333333,0.3333333333333333,0.30705,0.8252657670507796,2.0955,0.0425,0.4956710364600906,0.27976796469976345,0.27034487038275185
2.0,6.0,3.0,2.0,4.0,6.0,5.0,5.0,3.0,2.0,0.0,0.0,0.0,hedge,shopfront,3rd_avenue/south_to_north/18_n00098_N.jpg,3rd_avenue,south_to_north,n00098,N,18,0.25,0.3333333333333333,0.16666666666666666,0.5,0.8333333333333334,0.6666666666666666,0.6666666666666666,0.3333333333333333,0.25,0.665,0.5566666666666666,0.4881500000000001,0.8702823027662436,2.1642,0.25,0.6771931599128604,0.3917274298273577,0.437743794614272
1.0,7.0,1.0,1.0,5.0,7.0,5.0,3.0,3.0,0.0,0.0,0.0,0.0,none,blank_wall,3rd_avenue/south_to_north/19_n00099_N.jpg,3rd_avenue,south_to_north,n00099,N,19,0.125,0.0,0.0,0.6666666666666666,1.0,0.6666666666666666,0.3333333333333333,0.3333333333333333,0.0425,0.7766666666666666,0.44333333333333336,0.41705000000000003,0.8947684599688367,2.765,0.0425,0.7419402584563828,0.4088634800261732,0.3942152336992435
1.0,7.0,1.0,1.0,5.0,7.0,5.0,3.0,3.0,0.0,0.0,0.0,0.0,none,blank_wall,3rd_avenue/south_to_north/20_n00100_N.jpg,3rd_avenue,south_to_north,n00100,N,20,0.125,0.0,0.0,0.6666666666666666,1.0,0.6666666666666666,0.3333333333333333,0.3333333333333333,0.0425,0.7766666666666666,0.44333333333333336,0.41705000000000003,0.9027225286477564,2.5738,0.0425,0.7445651011204263,0.40341006325184975,0.3932818042428511
1.0,7.0,1.0,1.0,5.0,7.0,5.0,3.0,3.0,0.0,0.0,0.0,0.0,none,blank_wall,3rd_avenue/south_to_north/21_n00101_N.jpg,3rd_avenue,south_to_north,n00101,N,21,0.125,0.0,0.0,0.6666666666666666,1.0,0.6666666666666666,0.3333333333333333,0.3333333333333333,0.0425,0.7766666666666666,0.44333333333333336,0.41705000000000003,0.8507072838246662,2.8122,0.0425,0.7274000703288065,0.4102097209871986,0.3898612311342817
1.0,7.0,1.0,1.0,5.0,7.0,5.0,3.0,3.0,0.0,0.0,0.0,0.0,none,blank_wall,3rd_avenue/south_to_north/22_n00102_N.jpg,3rd_avenue,south_to_north,n00102,N,22,0.125,0.0,0.0,0.6666666666666666,1.0,0.6666666666666666,0.3333333333333333,0.3333333333333333,0.0425,0.7766666666666666,0.44333333333333336,0.41705000000000003,0.8999478600475814,3.0816,0.0425,0.7436494604823685,0.4178935624045769,0.397759197552692
1.0,7.0,1.0,1.0,5.0,7.0,5.0,3.0,3.0,0.0,0.0,0.0,0.0,none,blank_wall,3rd_avenue/south_to_north/23_n00103_N.jpg,3rd_avenue,south_to_north,n00103,N,23,0.125,0.0,0.0,0.6666666666666666,1.0,0.6666666666666666,0.3333333333333333,0.3333333333333333,0.0425,0.7766666666666666,0.44333333333333336,0.41705000000000003,0.9088447982221152,0.9202,0.0425,0.7465854500799647,0.3562459943291445,0.378384376655006
1.0,7.0,1.0,1.0,5.0,7.0,5.0,5.0,3.0,0.0,0.0,0.0,0.0,none,blank_wall,3rd_avenue/south_to_north/24_n00104_N.jpg,3rd_avenue,south_to_north,n00104,N,24,0.125,0.0,0.0,0.6666666666666666,1.0,0.6666666666666666,0.6666666666666666,0.3333333333333333,0.0425,0.7766666666666666,0.5566666666666666,0.45445,0.8988430780859945,1.1794,0.0425,0.7432848824350449,0.36363891079308086,0.3797348517652815
1.0,7.0,1.0,1.0,5.0,7.0,5.0,3.0,3.0,0.0,0.0,0.0,0.0,none,blank_wall,3rd_avenue/south_to_north/25_n00105_N.jpg,3rd_avenue,south_to_north,n00105,N,25,0.125,0.0,0.0,0.6666666666666666,1.0,0.6666666666666666,0.3333333333333333,0.3333333333333333,0.0425,0.7766666666666666,0.44333333333333336,0.41705000000000003,0.8748941773061667,1.7391,0.0425,0.7353817451777016,0.3796027045618509,0.38239486841405235
1.0,7.0,1.0,1.0,5.0,7.0,5.0,3.0,2.0,0.0,0.0,0.0,0.0,none,blank_wall,3rd_avenue/south_to_north/26_n00106_N.jpg,3rd_avenue,south_to_north,n00106,N,26,0.125,0.0,0.0,0.6666666666666666,1.0,0.6666666666666666,0.3333333333333333,0.16666666666666666,0.0425,0.7766666666666666,0.38833333333333336,0.39890000000000003,0.8863744414315442,1.344,0.0425,0.7391702323390763,0.3133336409241146,0.36177627817685304
1.0,7.0,1.0,1.0,5.0,7.0,5.0,3.0,3.0,0.0,0.0,0.0,0.0,none,blank_wall,3rd_avenue/south_to_north/27_n00107_N.jpg,3rd_avenue,south_to_north,n00107,N,27,0.125,0.0,0.0,0.6666666666666666,1.0,0.6666666666666666,0.3333333333333333,0.3333333333333333,0.0425,0.7766666666666666,0.44333333333333336,0.41705000000000003,0.9260758370493768,2.4569,0.0425,0.752271692892961,0.40007583510897105,0.3947246842406376
1.0,7.0,1.0,1.0,5.0,7.0,5.0,3.0,3.0,0.0,0.0,0.0,0.0,none,blank_wall,3rd_avenue/south_to_north/28_n00108_N.jpg,3rd_avenue,south_to_north,n00108,N,28,0.125,0.0,0.0,0.6666666666666666,1.0,0.6666666666666666,0.3333333333333333,0.3333333333333333,0.0425,0.7766666666666666,0.44333333333333336,0.41705000000000003,0.9334412659440678,2.0507,0.0425,0.7547022844282091,0.38849017666895963,0.3917035121620657
1.0,7.0,1.0,1.0,5.0,7.0,5.0,3.0,3.0,0.0,0.0,0.0,0.0,none,blank_wall,3rd_avenue/south_to_north/29_n00109_N.jpg,3rd_avenue,south_to_north,n00109,N,29,0.125,0.0,0.0,0.6666666666666666,1.0,0.6666666666666666,0.3333333333333333,0.3333333333333333,0.0425,0.7766666666666666,0.44333333333333336,0.41705000000000003,0.8987257356780256,2.387,0.0425,0.7432461594404152,0.3980821435162659,0.3910883399757048
1.0,7.0,1.0,1.0,5.0,7.0,5.0,3.0,3.0,0.0,0.0,0.0,0.0,none,blank_wall,3rd_avenue/south_to_north/30_n00110_N.jpg,3rd_avenue,south_to_north,n00110,N,30,0.125,0.0,0.0,0.6666666666666666,1.0,0.6666666666666666,0.3333333333333333,0.3333333333333333,0.0425,0.7766666666666666,0.44333333333333336,0.41705000000000003,0.9300017123100308,2.7253,0.0425,0.7535672317289768,0.4077311544720903,0.39767846744635216
1.0,7.0,1.0,1.0,5.0,7.0,5.0,5.0,5.0,0.0,0.0,0.0,0.0,none,blank_wall,3rd_avenue/south_to_north/31_n00111_N.jpg,3rd_avenue,south_to_north,n00111,N,31,0.125,0.0,0.0,0.6666666666666666,1.0,0.6666666666666666,0.6666666666666666,0.6666666666666666,0.0425,0.7766666666666666,0.6666666666666666,0.49075,0.9384581091301922,2.1193,0.0425,0.7563578426796301,0.500446789591128,0.42919552864935023
1.0,7.0,1.0,1.0,5.0,7.0,5.0,3.0,3.0,0.0,0.0,0.0,0.0,none,blank_wall,3rd_avenue/south_to_north/32_n00112_N.jpg,3rd_avenue,south_to_north,n00112,N,32,0.125,0.0,0.0,0.6666666666666666,1.0,0.6666666666666666,0.3333333333333333,0.3333333333333333,0.0425,0.7766666666666666,0.44333333333333336,0.41705000000000003,0.9362008006803564,0.5564,0.0425,0.7556129308911843,0.34586967098971527,0.3779392586206969
1.0,7.0,1.0,1.0,5.0,7.0,5.0,3.0,3.0,0.0,0.0,0.0,0.0,none,blank_wall,3rd_avenue/south_to_north/33_n00113_N.jpg,3rd_avenue,south_to_north,n00113,N,33,0.125,0.0,0.0,0.6666666666666666,1.0,0.6666666666666666,0.3333333333333333,0.3333333333333333,0.0425,0.7766666666666666,0.44333333333333336,0.41705000000000003,0.8830953691589569,1.6962,0.0425,0.7380881384891225,0.37837910843413924,0.38288419148467634
1.0,7.0,1.0,1.0,5.0,7.0,5.0,3.0,3.0,0.0,0.0,0.0,0.0,none,blank_wall,Park_Ave_East/north_to_south/01_n00140_S.jpg,Park_Ave_East,north_to_south,n00140,S,1,0.125,0.0,0.0,0.6666666666666666,1.0,0.6666666666666666,0.3333333333333333,0.3333333333333333,0.0425,0.7766666666666666,0.44333333333333336,0.41705000000000003,0.8864193409445952,1.5849,0.0425,0.7391850491783831,0.375204603795111,0.38219858548125313
1.0,7.0,1.0,1.0,1.0,7.0,1.0,1.0,1.0,0.0,0.0,2.0,2.0,low_planter,blank_wall,Park_Ave_East/north_to_south/02_n00139_S.jpg,Park_Ave_East,north_to_south,n00139,S,2,0.125,0.0,0.0,0.0,1.0,0.0,0.0,0.0,0.0425,0.33,0.0,0.12335000000000002,0.8881758750569347,0.7722,0.0425,0.2930980387687885,0.022024730298810465,0.11844051379230766
1.0,7.0,1.0,1.0,7.0,7.0,1.0,1.0,1.0,0.0,0.0,0.0,0.0,none,blank_wall,Park_Ave_East/north_to_south/03_n00138_S.jpg,Park_Ave_East,north_to_south,n00138,S,3,0.125,0.0,0.0,1.0,1.0,0.0,0.0,0.0,0.0425,0.67,0.0,0.23555,0.9317003598349568,0.0006,0.0425,0.6474611187455358,1.7113232555408284e-05,0.22811781655277008
1.0,7.0,1.0,1.0,5.0,7.0,5.0,3.0,3.0,0.0,0.0,0.0,0.0,none,blank_wall,Park_Ave_East/north_to_south/04_n00137_S.jpg,Park_Ave_East,north_to_south,n00137,S,4,0.125,0.0,0.0,0.6666666666666666,1.0,0.6666666666666666,0.3333333333333333,0.3333333333333333,0.0425,0.7766666666666666,0.44333333333333336,0.41705000000000003,0.91030566757208,0.4333,0.0425,0.7470675369654531,0.3423586061104307,0.3739606272150417
1.0,7.0,1.0,1.0,5.0,7.0,5.0,3.0,3.0,0.0,0.0,0.0,0.0,none,blank_wall,Park_Ave_East/north_to_south/05_n00136_S.jpg,Park_Ave_East,north_to_south,n00136,S,5,0.125,0.0,0.0,0.6666666666666666,1.0,0.6666666666666666,0.3333333333333333,0.3333333333333333,0.0425,0.7766666666666666,0.44333333333333336,0.41705000000000003,0.9117584971939148,0.0253,0.0425,0.7475469707406586,0.3307216079727531,0.37027863097542585
1.0,7.0,1.0,1.0,1.0,7.0,1.0,1.0,1.0,0.0,0.0,0.0,0.0,none,blank_wall,Park_Ave_East/north_to_south/06_n00135_S.jpg,Park_Ave_East,north_to_south,n00135,S,6,0.125,0.0,0.0,0.0,1.0,0.0,0.0,0.0,0.0425,0.33,0.0,0.12335000000000002,0.8773897107473168,0.2299,0.0425,0.28953860454661456,0.006557220274147274,0.11216162219085142
3.0,6.0,3.0,4.0,3.0,6.0,4.0,5.0,3.0,2.0,0.0,0.0,0.0,tree_canopy,blank_wall,Park_Ave_East/north_to_south/07_n00134_S.jpg,Park_Ave_East,north_to_south,n00134,S,7,0.3333333333333333,0.3333333333333333,0.5,0.3333333333333333,0.8333333333333334,0.5,0.6666666666666666,0.3333333333333333,0.3883333333333333,0.5533333333333333,0.5016666666666667,0.48018333333333335,0.914411790211282,0.1418,0.3883333333333333,0.5800892241030564,0.27904442729392814,0.41554743829433827
3.0,6.0,3.0,4.0,3.0,6.0,4.0,5.0,3.0,0.0,0.0,0.0,0.0,hedge,blank_wall,Park_Ave_East/north_to_south/08_n00133_S.jpg,Park_Ave_East,north_to_south,n00133,S,8,0.3333333333333333,0.3333333333333333,0.5,0.3333333333333333,0.8333333333333334,0.5,0.6666666666666666,0.3333333333333333,0.3883333333333333,0.5533333333333333,0.5016666666666667,0.48018333333333335,0.8967503920768309,0.0603,0.3883333333333333,0.5742609627186875,0.27671987987181856,0.41285701138820036
3.0,6.0,5.0,4.0,3.0,6.0,4.0,5.0,3.0,1.0,0.0,0.0,0.0,tree_canopy,blank_wall,Park_Ave_East/north_to_south/09_n00132_S.jpg,Park_Ave_East,north_to_south,n00132,S,9,0.3333333333333333,0.6666666666666666,0.5,0.3333333333333333,0.8333333333333334,0.5,0.6666666666666666,0.3333333333333333,0.4983333333333334,0.5533333333333333,0.5016666666666667,0.5175833333333335,0.8273821668901398,0.0984,0.4983333333333334,0.5513694484070795,0.27780657013908694,0.4430614194535683
3.0,6.0,5.0,4.0,4.0,6.0,5.0,5.0,4.0,10.0,0.0,0.0,10.0,tree_canopy,blank_wall,Park_Ave_East/north_to_south/10_n00131_S.jpg,Park_Ave_East,north_to_south,n00131,S,10,0.3333333333333333,0.6666666666666666,0.5,0.5,0.8333333333333334,0.6666666666666666,0.6666666666666666,0.5,0.4983333333333334,0.665,0.6116666666666667,0.5907333333333334,0.8172039136794778,2.0476,0.4983333333333334,0.6596772915142276,0.4434017583007567,0.5334494197722782
3.0,6.0,5.0,4.0,3.0,6.0,4.0,5.0,3.0,10.0,0.0,0.0,0.0,tree_canopy,blank_wall,Park_Ave_East/north_to_south/11_n00130_S.jpg,Park_Ave_East,north_to_south,n00130,S,11,0.3333333333333333,0.6666666666666666,0.5,0.3333333333333333,0.8333333333333334,0.5,0.6666666666666666,0.3333333333333333,0.4983333333333334,0.5533333333333333,0.5016666666666667,0.5175833333333335,0.8920596087046592,0.5683,0.4983333333333334,0.5727130042058709,0.29120908343539753,0.45452762225495197
3.0,6.0,5.0,4.0,3.0,6.0,5.0,5.0,3.0,10.0,0.0,0.0,0.0,tree_canopy,blank_wall,Park_Ave_East/north_to_south/12_n00129_S.jpg,Park_Ave_East,north_to_south,n00129,S,12,0.3333333333333333,0.6666666666666666,0.5,0.3333333333333333,0.8333333333333334,0.6666666666666666,0.6666666666666666,0.3333333333333333,0.4983333333333334,0.6083333333333334,0.5566666666666666,0.5538833333333334,0.8814786581643276,0.0618,0.4983333333333334,0.6242212905275615,0.33176266295320705,0.484908037981987
3.0,6.0,5.0,4.0,3.0,6.0,5.0,5.0,3.0,2.0,0.0,0.0,0.0,tree_canopy,blank_wall,Park_Ave_East/north_to_south/13_n00128_S.jpg,Park_Ave_East,north_to_south,n00128,S,13,0.3333333333333333,0.6666666666666666,0.5,0.3333333333333333,0.8333333333333334,0.6666666666666666,0.6666666666666666,0.3333333333333333,0.4983333333333334,0.6083333333333334,0.5566666666666666,0.5538833333333334,0.8364263231564987,0.0552,0.4983333333333334,0.609354019974978,0.3315744173950976,0.47993971766545834
3.0,6.0,3.0,4.0,4.0,6.0,5.0,5.0,3.0,2.0,0.0,0.0,3.0,tree_canopy,blank_wall,Park_Ave_East/north_to_south/14_n00127_S.jpg,Park_Ave_East,north_to_south,n00127,S,14,0.3333333333333333,0.3333333333333333,0.5,0.5,0.8333333333333334,0.6666666666666666,0.6666666666666666,0.3333333333333333,0.3883333333333333,0.665,0.5566666666666666,0.5351833333333333,0.7964967665432046,1.9526,0.3883333333333333,0.6528439329592575,0.38569216314615035,0.47475024504811797
3.0,6.0,3.0,4.0,3.0,6.0,4.0,5.0,3.0,10.0,0.0,0.0,10.0,tree_canopy,blank_wall,Park_Ave_East/north_to_south/15_n00126_S.jpg,Park_Ave_East,north_to_south,n00126,S,15,0.3333333333333333,0.3333333333333333,0.5,0.3333333333333333,0.8333333333333334,0.5,0.6666666666666666,0.3333333333333333,0.3883333333333333,0.5533333333333333,0.5016666666666667,0.48018333333333335,0.8632962100968444,2.2604,0.3883333333333333,0.563221082665292,0.3394712514470748,0.42992180359041443
3.0,6.0,3.0,4.0,2.0,6.0,5.0,5.0,3.0,2.0,0.0,0.0,0.0,tree_canopy,blank_wall,Park_Ave_East/north_to_south/16_n00125_S.jpg,Park_Ave_East,north_to_south,n00125,S,16,0.3333333333333333,0.3333333333333333,0.5,0.16666666666666666,0.8333333333333334,0.6666666666666666,0.6666666666666666,0.3333333333333333,0.3883333333333333,0.5516666666666666,0.5566666666666666,0.49778333333333336,0.883037271218506,0.6844,0.3883333333333333,0.5680689661687737,0.34952049393486906,0.4348378551675354
3.0,6.0,5.0,4.0,3.0,6.0,4.0,5.0,3.0,2.0,0.0,0.0,0.0,tree_canopy,blank_wall,Park_Ave_East/north_to_south/17_n00124_S.jpg,Park_Ave_East,north_to_south,n00124,S,17,0.3333333333333333,0.6666666666666666,0.5,0.3333333333333333,0.8333333333333334,0.5,0.6666666666666666,0.3333333333333333,0.4983333333333334,0.5533333333333333,0.5016666666666667,0.5175833333333335,0.8614890657747014,0.0165,0.4983333333333334,0.5626247250389849,0.2754706138952737,0.4460047951816387
3.0,6.0,3.0,4.0,3.0,6.0,4.0,5.0,3.0,1.0,0.0,0.0,0.0,tree_canopy,blank_wall,Park_Ave_East/north_to_south/18_n00123_S.jpg,Park_Ave_East,north_to_south,n00123,S,18,0.3333333333333333,0.3333333333333333,0.5,0.3333333333333333,0.8333333333333334,0.5,0.6666666666666666,0.3333333333333333,0.3883333333333333,0.5533333333333333,0.5016666666666667,0.48018333333333335,0.8021870003671773,1.9031,0.3883333333333333,0.5430550434545018,0.3292803214603292,0.41990400375522763
3.0,6.0,5.0,4.0,3.0,6.0,5.0,5.0,3.0,10.0,0.0,0.0,10.0,tree_canopy,blank_wall,Park_Ave_East/north_to_south/19_n00122_S.jpg,Park_Ave_East,north_to_south,n00122,S,19,0.3333333333333333,0.6666666666666666,0.5,0.3333333333333333,0.8333333333333334,0.6666666666666666,0.6666666666666666,0.3333333333333333,0.4983333333333334,0.6083333333333334,0.5566666666666666,0.5538833333333334,0.9079806916925328,0.2887,0.4983333333333334,0.6329669615918692,0.3382343170645773,0.48992975528996074
3.0,6.0,3.0,4.0,3.0,6.0,4.0,5.0,3.0,5.0,0.0,0.0,0.0,tree_canopy,planting,Park_Ave_East/north_to_south/20_n00121_S.jpg,Park_Ave_East,north_to_south,n00121,S,20,0.3333333333333333,0.3333333333333333,0.5,0.3333333333333333,0.8333333333333334,0.5,0.6666666666666666,0.3333333333333333,0.3883333333333333,0.5533333333333333,0.5016666666666667,0.48018333333333335,0.8795135473193173,0.1668,0.3883333333333333,0.5685728039487081,0.2797574786504035,0.41198232659104017
1.0,7.0,1.0,1.0,1.0,7.0,1.0,1.0,1.0,0.0,0.0,0.0,0.0,none,blank_wall,Park_Ave_East/north_to_south/21_n00120_S.jpg,Park_Ave_East,north_to_south,n00120,S,21,0.125,0.0,0.0,0.0,1.0,0.0,0.0,0.0,0.0425,0.33,0.0,0.12335000000000002,0.8572373058558084,2.5386,0.0425,0.2828883109324168,0.07240608694193246,0.13169715129853526
3.0,6.0,3.0,4.0,4.0,6.0,5.0,5.0,4.0,2.0,0.0,0.0,5.0,tree_canopy,blank_wall,Park_Ave_East/north_to_south/22_n00119_S.jpg,Park_Ave_East,north_to_south,n00119,S,22,0.3333333333333333,0.3333333333333333,0.5,0.5,0.8333333333333334,0.6666666666666666,0.6666666666666666,0.5,0.3883333333333333,0.665,0.6116666666666667,0.5533333333333335,0.7793826354500019,4.0945,0.3883333333333333,0.6471962696985006,0.501783551163532,0.5111966742178041
3.0,6.0,3.0,4.0,4.0,6.0,5.0,5.0,3.0,2.0,0.0,0.0,3.0,tree_canopy,blank_wall,Park_Ave_East/north_to_south/23_n00118_S.jpg,Park_Ave_East,north_to_south,n00118,S,23,0.3333333333333333,0.3333333333333333,0.5,0.5,0.8333333333333334,0.6666666666666666,0.6666666666666666,0.3333333333333333,0.3883333333333333,0.665,0.5566666666666666,0.5351833333333333,0.8657869706993279,2.0821,0.3883333333333333,0.6757097003307782,0.38938576917269263,0.4835148382694787
3.0,6.0,3.0,4.0,4.0,6.0,5.0,5.0,3.0,10.0,0.0,0.0,0.0,tree_canopy,blank_wall,Park_Ave_East/north_to_south/24_n00117_S.jpg,Park_Ave_East,north_to_south,n00117,S,24,0.3333333333333333,0.3333333333333333,0.5,0.5,0.8333333333333334,0.6666666666666666,0.6666666666666666,0.3333333333333333,0.3883333333333333,0.665,0.5566666666666666,0.5351833333333333,0.8849640910754822,2.1776,0.3883333333333333,0.6820381500549091,0.39210962535442845,0.4865020992184148
1.0,7.0,1.0,1.0,5.0,7.0,5.0,3.0,3.0,0.0,0.0,0.0,0.0,none,blank_wall,Park_Ave_East/north_to_south/25_n00116_S.jpg,Park_Ave_East,north_to_south,n00116,S,25,0.125,0.0,0.0,0.6666666666666666,1.0,0.6666666666666666,0.3333333333333333,0.3333333333333333,0.0425,0.7766666666666666,0.44333333333333336,0.41705000000000003,0.849431576972012,1.444,0.0425,0.7269790870674306,0.37118584635001595,0.3768444280277574
1.0,7.0,1.0,1.0,3.0,7.0,3.0,3.0,3.0,0.0,0.0,0.0,1.0,none,blank_wall,Park_Ave_East/north_to_south/26_n00115_S.jpg,Park_Ave_East,north_to_south,n00115,S,26,0.125,0.0,0.0,0.3333333333333333,1.0,0.3333333333333333,0.3333333333333333,0.3333333333333333,0.0425,0.5533333333333333,0.3333333333333333,0.30705,0.8351473826504238,1.7148,0.0425,0.4989319696079732,0.2689096186433569,0.26783772412293894
1.0,7.0,1.0,1.0,3.0,7.0,5.0,3.0,3.0,0.0,0.0,0.0,10.0,none,blank_wall,Park_Ave_East/south_to_north/01_n00115_N.jpg,Park_Ave_East,south_to_north,n00115,N,1,0.125,0.0,0.0,0.3333333333333333,1.0,0.6666666666666666,0.3333333333333333,0.3333333333333333,0.0425,0.6633333333333333,0.44333333333333336,0.37965000000000004,0.8351473826504238,1.0204,0.0425,0.6089319696079732,0.3591039041658977,0.33390183834537746
3.0,6.0,3.0,4.0,4.0,6.0,5.0,5.0,4.0,2.0,0.0,0.0,0.0,tree_canopy,blank_wall,Park_Ave_East/south_to_north/02_n00116_N.jpg,Park_Ave_East,south_to_north,n00116,N,2,0.3333333333333333,0.3333333333333333,0.5,0.5,0.8333333333333334,0.6666666666666666,0.6666666666666666,0.5,0.3883333333333333,0.665,0.6116666666666667,0.5533333333333335,0.849431576972012,1.2583,0.3883333333333333,0.670312420400764,0.42088930087411713,0.4921299013540441
3.0,6.0,3.0,4.0,4.0,6.0,5.0,5.0,3.0,10.0,0.0,0.0,20.0,tree_canopy,blank_wall,Park_Ave_East/south_to_north/03_n00117_N.jpg,Park_Ave_East,south_to_north,n00117,N,3,0.3333333333333333,0.3333333333333333,0.5,0.5,0.8333333333333334,0.6666666666666666,0.6666666666666666,0.3333333333333333,0.3883333333333333,0.665,0.5566666666666666,0.5351833333333333,0.8849640910754822,3.7234,0.3883333333333333,0.6820381500549091,0.436199016828012,0.5010515984046974
3.0,6.0,5.0,4.0,3.0,6.0,5.0,5.0,3.0,5.0,0.0,0.0,0.0,tree_canopy,blank_wall,Park_Ave_East/south_to_north/04_n00118_N.jpg,Park_Ave_East,south_to_north,n00118,N,4,0.3333333333333333,0.6666666666666666,0.5,0.3333333333333333,0.8333333333333334,0.6666666666666666,0.6666666666666666,0.3333333333333333,0.4983333333333334,0.6083333333333334,0.5566666666666666,0.5538833333333334,0.8657869706993279,0.4906,0.4983333333333334,0.6190430336641115,0.34399291981947216,0.48723519798291604
3.0,6.0,3.0,4.0,4.0,6.0,5.0,5.0,4.0,1.0,0.0,0.0,0.0,tree_canopy,blank_wall,Park_Ave_East/south_to_north/05_n00119_N.jpg,Park_Ave_East,south_to_north,n00119,N,5,0.3333333333333333,0.3333333333333333,0.5,0.5,0.8333333333333334,0.6666666666666666,0.6666666666666666,0.5,0.3883333333333333,0.665,0.6116666666666667,0.5533333333333335,0.7793826354500019,0.8094,0.3883333333333333,0.6471962696985006,0.4080857507172458,0.48027640007052963
3.0,6.0,5.0,4.0,3.0,6.0,4.0,5.0,3.0,10.0,0.0,0.0,0.0,tree_canopy,blank_wall,Park_Ave_East/south_to_north/06_n00120_N.jpg,Park_Ave_East,south_to_north,n00120,N,6,0.3333333333333333,0.6666666666666666,0.5,0.3333333333333333,0.8333333333333334,0.5,0.6666666666666666,0.3333333333333333,0.4983333333333334,0.5533333333333333,0.5016666666666667,0.5175833333333335,0.8572373058558084,3.127,0.4983333333333334,0.5612216442657502,0.36418846366793617,0.4748186689514499
3.0,6.0,3.0,3.0,2.0,6.0,3.0,4.0,3.0,10.0,0.0,0.0,10.0,tree_canopy,blank_wall,Park_Ave_East/south_to_north/07_n00121_N.jpg,Park_Ave_East,south_to_north,n00121,N,7,0.3333333333333333,0.3333333333333333,0.3333333333333333,0.16666666666666666,0.8333333333333334,0.3333333333333333,0.5,0.3333333333333333,0.3333333333333333,0.44166666666666665,0.39,0.38778333333333337,0.8795135473193173,1.4864,0.3333333333333333,0.45690613728204144,0.26239518145059815,0.3507027685151044
3.0,6.0,5.0,4.0,3.0,6.0,4.0,5.0,3.0,2.0,0.0,0.0,0.0,tree_canopy,blank_wall,Park_Ave_East/south_to_north/08_n00122_N.jpg,Park_Ave_East,south_to_north,n00122,N,8,0.3333333333333333,0.6666666666666666,0.5,0.3333333333333333,0.8333333333333334,0.5,0.6666666666666666,0.3333333333333333,0.4983333333333334,0.5533333333333333,0.5016666666666667,0.5175833333333335,0.9079806916925328,0.3629,0.4983333333333334,0.5779669615918692,0.28535065349059613,0.45432814631054697
3.0,6.0,3.0,4.0,4.0,6.0,5.0,5.0,3.0,1.0,0.0,0.0,0.0,tree_canopy,blank_wall,Park_Ave_East/south_to_north/09_n00123_N.jpg,Park_Ave_East,south_to_north,n00123,N,9,0.3333333333333333,0.3333333333333333,0.5,0.5,0.8333333333333334,0.6666666666666666,0.6666666666666666,0.3333333333333333,0.3883333333333333,0.665,0.5566666666666666,0.5351833333333333,0.8021870003671773,0.8093,0.3883333333333333,0.6547217101211685,0.3530828985118199,0.46460885418221953
3.0,6.0,5.0,4.0,3.0,6.0,5.0,5.0,3.0,2.0,0.0,0.0,0.0,tree_canopy,blank_wall,Park_Ave_East/south_to_north/10_n00124_N.jpg,Park_Ave_East,south_to_north,n00124,N,10,0.3333333333333333,0.6666666666666666,0.5,0.3333333333333333,0.8333333333333334,0.6666666666666666,0.6666666666666666,0.3333333333333333,0.4983333333333334,0.6083333333333334,0.5566666666666666,0.5538833333333334,0.8614890657747014,1.2533,0.4983333333333334,0.6176247250389848,0.365746690602822,0.49394590049512965
3.0,6.0,3.0,4.0,3.0,6.0,4.0,5.0,3.0,10.0,0.0,0.0,0.0,tree_canopy,blank_wall,Park_Ave_East/south_to_north/11_n00125_N.jpg,Park_Ave_East,south_to_north,n00125,N,11,0.3333333333333333,0.3333333333333333,0.5,0.3333333333333333,0.8333333333333334,0.5,0.6666666666666666,0.3333333333333333,0.3883333333333333,0.5533333333333333,0.5016666666666667,0.48018333333333335,0.883037271218506,0.0088,0.3883333333333333,0.5697356328354404,0.2752509940774793,0.4108789202145969
3.0,6.0,5.0,4.0,4.0,6.0,5.0,5.0,3.0,2.0,0.0,0.0,0.0,tree_canopy,blank_wall,Park_Ave_East/south_to_north/12_n00126_N.jpg,Park_Ave_East,south_to_north,n00126,N,12,0.3333333333333333,0.6666666666666666,0.5,0.5,0.8333333333333334,0.6666666666666666,0.6666666666666666,0.3333333333333333,0.4983333333333334,0.665,0.5566666666666666,0.5725833333333334,0.8632962100968444,1.205,0.4983333333333334,0.6748877493319586,0.3643690753821116,0.5123880854889766
3.0,6.0,5.0,4.0,5.0,6.0,5.0,6.0,4.0,2.0,0.0,0.0,10.0,tree_canopy,blank_wall,Park_Ave_East/south_to_north/13_n00127_N.jpg,Park_Ave_East,south_to_north,n00127,N,13,0.3333333333333333,0.6666666666666666,0.5,0.6666666666666666,0.8333333333333334,0.6666666666666666,0.8333333333333334,0.5,0.4983333333333334,0.7216666666666667,0.6683333333333334,0.6281333333333334,0.7964967665432046,1.8022,0.4983333333333334,0.7095105996259242,0.43640244618559465,0.5475846384511346
3.0,6.0,5.0,4.0,3.0,6.0,5.0,5.0,3.0,10.0,0.0,0.0,10.0,tree_canopy,blank_wall,Park_Ave_East/south_to_north/14_n00128_N.jpg,Park_Ave_East,south_to_north,n00128,N,14,0.3333333333333333,0.6666666666666666,0.5,0.3333333333333333,0.8333333333333334,0.6666666666666666,0.6666666666666666,0.3333333333333333,0.4983333333333334,0.6083333333333334,0.5566666666666666,0.5538833333333334,0.8364263231564987,0.0297,0.4983333333333334,0.609354019974978,0.3308471050114927,0.47969970457886874
3.0,4.0,5.0,4.0,3.0,5.0,4.0,5.0,3.0,10.0,0.0,0.0,10.0,tree_canopy,planting,Park_Ave_East/south_to_north/15_n00129_N.jpg,Park_Ave_East,south_to_north,n00129,N,15,0.42857142857142855,0.6666666666666666,0.5,0.3333333333333333,0.6666666666666666,0.5,0.6666666666666666,0.3333333333333333,0.5307142857142857,0.4983333333333334,0.5016666666666667,0.5104428571428572,0.8814786581643276,0.4374,0.5307142857142857,0.5692212905275614,0.28747554653289265,0.463152813372807
3.0,6.0,5.0,4.0,3.0,6.0,5.0,5.0,3.0,10.0,0.0,0.0,0.0,tree_canopy,blank_wall,Park_Ave_East/south_to_north/16_n00130_N.jpg,Park_Ave_East,south_to_north,n00130,N,16,0.3333333333333333,0.6666666666666666,0.5,0.3333333333333333,0.8333333333333334,0.6666666666666666,0.6666666666666666,0.3333333333333333,0.4983333333333334,0.6083333333333334,0.5566666666666666,0.5538833333333334,0.8920596087046592,0.9897,0.4983333333333334,0.6277130042058708,0.358228277100146,0.494793956164319
3.0,6.0,3.0,4.0,5.0,6.0,5.0,5.0,4.0,1.0,0.0,0.0,0.0,tree_canopy,blank_wall,Park_Ave_East/south_to_north/17_n00131_N.jpg,Park_Ave_East,south_to_north,n00131,N,17,0.3333333333333333,0.3333333333333333,0.5,0.6666666666666666,0.8333333333333334,0.6666666666666666,0.6666666666666666,0.5,0.3883333333333333,0.7216666666666667,0.6116666666666667,0.5720333333333334,0.8172039136794778,1.5962,0.3883333333333333,0.7163439581808944,0.4305269030082378,0.510500717525747
3.0,6.0,5.0,4.0,3.0,6.0,5.0,5.0,3.0,10.0,0.0,0.0,10.0,tree_canopy,blank_wall,Park_Ave_East/south_to_north/18_n00132_N.jpg,Park_Ave_East,south_to_north,n00132,N,18,0.3333333333333333,0.6666666666666666,0.5,0.3333333333333333,0.8333333333333334,0.6666666666666666,0.6666666666666666,0.3333333333333333,0.4983333333333334,0.6083333333333334,0.5566666666666666,0.5538833333333334,0.8273821668901398,1.1705,0.4983333333333334,0.6063694484070795,0.36338506451017566,0.4894523225960276
3.0,6.0,3.0,3.0,3.0,6.0,3.0,3.0,3.0,1.0,0.0,0.0,0.0,tree_canopy,blank_wall,Park_Ave_East/south_to_north/19_n00133_N.jpg,Park_Ave_East,south_to_north,n00133,N,19,0.3333333333333333,0.3333333333333333,0.3333333333333333,0.3333333333333333,0.8333333333333334,0.3333333333333333,0.3333333333333333,0.3333333333333333,0.3333333333333333,0.49833333333333335,0.3333333333333333,0.38778333333333337,0.8967503920768309,0.0641,0.3333333333333333,0.5192609627186876,0.2218282636780028,0.3578927780442412
3.0,6.0,3.0,3.0,3.0,5.0,4.0,4.0,3.0,1.0,0.0,0.0,0.0,tree_canopy,blank_wall,Park_Ave_East/south_to_north/20_n00134_N.jpg,Park_Ave_East,south_to_north,n00134,N,20,0.3333333333333333,0.3333333333333333,0.3333333333333333,0.3333333333333333,0.6666666666666666,0.5,0.5,0.3333333333333333,0.3333333333333333,0.4983333333333334,0.445,0.4246333333333334,0.914411790211282,0.1294,0.3333333333333333,0.5800892241030564,0.2786907538211164,0.3967307260483104
3.0,6.0,3.0,4.0,5.0,6.0,5.0,5.0,4.0,0.0,0.0,0.0,0.0,hedge,blank_wall,Park_Ave_East/south_to_north/21_n00135_N.jpg,Park_Ave_East,south_to_north,n00135,N,21,0.3333333333333333,0.3333333333333333,0.5,0.6666666666666666,0.8333333333333334,0.6666666666666666,0.6666666666666666,0.5,0.3883333333333333,0.7216666666666667,0.6116666666666667,0.5720333333333334,0.8773897107473168,0.8035,0.3883333333333333,0.7362052712132812,0.4079174705971176,0.509593838130765
3.0,6.0,3.0,4.0,5.0,6.0,5.0,5.0,4.0,0.0,0.0,0.0,0.0,hedge,blank_wall,Park_Ave_East/south_to_north/22_n00136_N.jpg,Park_Ave_East,south_to_north,n00136,N,22,0.3333333333333333,0.3333333333333333,0.5,0.6666666666666666,0.8333333333333334,0.6666666666666666,0.6666666666666666,0.5,0.3883333333333333,0.7216666666666667,0.6116666666666667,0.5720333333333334,0.9117584971939148,0.0303,0.3883333333333333,0.7475469707406586,0.38586421824404815,0.5060590256982865
1.0,7.0,1.0,1.0,3.0,7.0,3.0,3.0,1.0,0.0,0.0,0.0,0.0,none,blank_wall,Park_Ave_East/south_to_north/23_n00137_N.jpg,Park_Ave_East,south_to_north,n00137,N,23,0.125,0.0,0.0,0.3333333333333333,1.0,0.3333333333333333,0.3333333333333333,0.0,0.0425,0.5533333333333333,0.22333333333333333,0.27075,0.91030566757208,0.0,0.0425,0.5237342036321198,0.11,0.22358228719859952
1.0,7.0,1.0,1.0,5.0,7.0,5.0,3.0,2.0,0.0,0.0,0.0,0.0,none,blank_wall,Park_Ave_East/south_to_north/24_n00138_N.jpg,Park_Ave_East,south_to_north,n00138,N,24,0.125,0.0,0.0,0.6666666666666666,1.0,0.6666666666666666,0.3333333333333333,0.16666666666666666,0.0425,0.7766666666666666,0.38833333333333336,0.39890000000000003,0.9317003598349568,1.3505,0.0425,0.7541277854122024,0.31351903427679817,0.3667734504973702
1.0,7.0,1.0,1.0,5.0,7.0,5.0,3.0,1.0,0.0,0.0,1.0,1.0,low_planter,blank_wall,Park_Ave_East/south_to_north/25_n00139_N.jpg,Park_Ave_East,south_to_north,n00139,N,25,0.125,0.0,0.0,0.6666666666666666,1.0,0.6666666666666666,0.3333333333333333,0.0,0.0425,0.7766666666666666,0.33333333333333337,0.38075000000000003,0.8881758750569347,1.4825,0.0425,0.7397647054354551,0.262283945438988,0.3451260547885663
1.0,7.0,1.0,1.0,5.0,7.0,5.0,3.0,1.0,0.0,0.0,0.0,0.0,none,blank_wall,Park_Ave_East/south_to_north/26_n00140_N.jpg,Park_Ave_East,south_to_north,n00140,N,26,0.125,0.0,0.0,0.6666666666666666,1.0,0.6666666666666666,0.3333333333333333,0.0,0.0425,0.7766666666666666,0.33333333333333337,0.38075000000000003,0.8864193409445952,0.8751,0.0425,0.7391850491783831,0.244959649682063,0.33921775062394727
1.0,7.0,1.0,1.0,1.0,7.0,1.0,1.0,1.0,0.0,0.0,0.0,0.0,none,blank_wall,Tunnel_Exit_Street/north_to_south/01_n00266_S.jpg,Tunnel_Exit_Street,north_to_south,n00266,S,1,0.125,0.0,0.0,0.0,1.0,0.0,0.0,0.0,0.0425,0.33,0.0,0.12335000000000002,0.9802749331587272,0.4797,0.0425,0.32349072794238,0.013682029428048924,0.12571700993224155
1.0,7.0,1.0,1.0,1.0,7.0,1.0,1.0,1.0,0.0,0.0,0.0,0.0,none,blank_wall,Tunnel_Exit_Street/north_to_south/02_n00265_S.jpg,Tunnel_Exit_Street,north_to_south,n00265,S,2,0.125,0.0,0.0,0.0,1.0,0.0,0.0,0.0,0.0425,0.33,0.0,0.12335000000000002,0.9800248562524224,0.8731,0.0425,0.3234082025632994,0.024902605573544956,0.12939256668515864
1.0,7.0,1.0,1.0,1.0,7.0,1.0,1.0,1.0,0.0,0.0,0.0,0.0,none,blank_wall,Tunnel_Exit_Street/north_to_south/03_n00264_S.jpg,Tunnel_Exit_Street,north_to_south,n00264,S,3,0.125,0.0,0.0,0.0,1.0,0.0,0.0,0.0,0.0425,0.33,0.0,0.12335000000000002,0.9778396600236344,4.3697,0.0425,0.32268708780779937,0.12463282049561264,0.16206556974012598
1.0,7.0,1.0,1.0,1.0,7.0,1.0,1.0,1.0,0.0,0.0,0.0,0.0,none,blank_wall,Tunnel_Exit_Street/north_to_south/04_n00263_S.jpg,Tunnel_Exit_Street,north_to_south,n00263,S,4,0.125,0.0,0.0,0.0,1.0,0.0,0.0,0.0,0.0425,0.33,0.0,0.12335000000000002,0.9463748601763798,4.0714,0.0425,0.3123037038582054,0.1161246917101488,0.15583137053755688
3.0,6.0,3.0,3.0,4.0,6.0,5.0,5.0,3.0,0.0,0.0,0.0,0.0,hedge,blank_wall,Tunnel_Exit_Street/north_to_south/05_n00262_S.jpg,Tunnel_Exit_Street,north_to_south,n00262,S,5,0.3333333333333333,0.3333333333333333,0.3333333333333333,0.5,0.8333333333333334,0.6666666666666666,0.6666666666666666,0.3333333333333333,0.3333333333333333,0.665,0.5566666666666666,0.5164833333333334,0.9255622249127832,3.6952,0.3333333333333333,0.6954355342212184,0.43539469489790783,0.48650730894264504
2.0,6.0,3.0,4.0,3.0,6.0,4.0,5.0,3.0,0.0,0.0,0.0,0.0,hedge,blank_wall,Tunnel_Exit_Street/north_to_south/06_n00261_S.jpg,Tunnel_Exit_Street,north_to_south,n00261,S,6,0.25,0.3333333333333333,0.5,0.3333333333333333,0.8333333333333334,0.5,0.6666666666666666,0.3333333333333333,0.36,0.5533333333333333,0.5016666666666667,0.4705500000000001,0.9499754262580132,3.1411,0.36,0.5918252239984777,0.3645906246329883,0.4380172300483838
3.0,6.0,3.0,3.0,3.0,6.0,3.0,5.0,2.0,0.0,0.0,0.0,0.0,hedge,blank_wall,Tunnel_Exit_Street/north_to_south/07_n00260_S.jpg,Tunnel_Exit_Street,north_to_south,n00260,S,7,0.3333333333333333,0.3333333333333333,0.3333333333333333,0.3333333333333333,0.8333333333333334,0.3333333333333333,0.6666666666666666,0.16666666666666666,0.3333333333333333,0.49833333333333335,0.39166666666666666,0.40703333333333336,0.9457859203411518,3.3577,0.3333333333333333,0.5354426870459135,0.26076850158549064,0.37608302558169665
2.0,6.0,3.0,2.0,4.0,6.0,5.0,5.0,3.0,0.0,0.0,0.0,0.0,hedge,blank_wall,Tunnel_Exit_Street/north_to_south/08_n00259_S.jpg,Tunnel_Exit_Street,north_to_south,n00259,S,8,0.25,0.3333333333333333,0.16666666666666666,0.5,0.8333333333333334,0.6666666666666666,0.6666666666666666,0.3333333333333333,0.25,0.665,0.5566666666666666,0.4881500000000001,0.9091013121701412,4.4037,0.25,0.6900034330161466,0.45560257034041907,0.4630499811076667
1.0,7.0,1.0,1.0,1.0,7.0,1.0,1.0,1.0,0.0,0.0,0.0,0.0,none,blank_wall,Tunnel_Exit_Street/north_to_south/09_n00258_S.jpg,Tunnel_Exit_Street,north_to_south,n00258,S,9,0.125,0.0,0.0,0.0,1.0,0.0,0.0,0.0,0.0425,0.33,0.0,0.12335000000000002,0.8703325652558277,2.6347,0.0425,0.28720974653442316,0.07514705635622368,0.13402774495391348
1.0,7.0,1.0,1.0,1.0,7.0,1.0,1.0,1.0,0.0,0.0,0.0,0.0,none,blank_wall,Tunnel_Exit_Street/north_to_south/10_n00257_S.jpg,Tunnel_Exit_Street,north_to_south,n00257,S,10,0.125,0.0,0.0,0.0,1.0,0.0,0.0,0.0,0.0425,0.33,0.0,0.12335000000000002,0.8877534900103079,2.3357,0.0425,0.29295865170340163,0.06661896213277856,0.13311061256593948
1.0,7.0,1.0,1.0,1.0,7.0,1.0,1.0,1.0,0.0,0.0,0.0,1.0,none,blank_wall,Tunnel_Exit_Street/north_to_south/11_n00256_S.jpg,Tunnel_Exit_Street,north_to_south,n00256,S,11,0.125,0.0,0.0,0.0,1.0,0.0,0.0,0.0,0.0425,0.33,0.0,0.12335000000000002,0.903588095342027,2.8384,0.0425,0.2981840714628689,0.08095699880878479,0.13956655318964573
2.0,6.0,3.0,2.0,4.0,5.0,4.0,5.0,3.0,0.0,0.0,0.0,0.0,hedge,blank_wall,Tunnel_Exit_Street/north_to_south/12_n00255_S.jpg,Tunnel_Exit_Street,north_to_south,n00255,S,12,0.25,0.3333333333333333,0.16666666666666666,0.5,0.6666666666666666,0.5,0.6666666666666666,0.3333333333333333,0.25,0.555,0.5016666666666667,0.4337000000000001,0.877828112447445,3.3969,0.25,0.6246832771076569,0.371886566112444,0.41386804826263335
1.0,7.0,1.0,1.0,1.0,7.0,1.0,1.0,1.0,0.0,0.0,0.0,0.0,none,blank_wall,Tunnel_Exit_Street/north_to_south/13_n00254_S.jpg,Tunnel_Exit_Street,north_to_south,n00254,S,13,0.125,0.0,0.0,0.0,1.0,0.0,0.0,0.0,0.0425,0.33,0.0,0.12335000000000002,0.9418574545991936,2.8003,0.0425,0.3108129600177339,0.07987030854151637,0.1433754786245526
1.0,7.0,1.0,1.0,1.0,7.0,1.0,1.0,1.0,0.0,0.0,0.0,0.0,none,blank_wall,Tunnel_Exit_Street/north_to_south/14_n00253_S.jpg,Tunnel_Exit_Street,north_to_south,n00253,S,14,0.125,0.0,0.0,0.0,1.0,0.0,0.0,0.0,0.0425,0.33,0.0,0.12335000000000002,0.9496733314006058,3.3609,0.0425,0.3133921993621999,0.09585977215911952,0.14950315060203542
1.0,7.0,1.0,1.0,1.0,7.0,1.0,1.0,1.0,0.0,0.0,0.0,0.0,none,blank_wall,Tunnel_Exit_Street/north_to_south/15_n00252_S.jpg,Tunnel_Exit_Street,north_to_south,n00252,S,15,0.125,0.0,0.0,0.0,1.0,0.0,0.0,0.0,0.0425,0.33,0.0,0.12335000000000002,0.9274805729672496,4.8641,0.0425,0.3060685890791924,0.13873412412126906,0.1612348953561523
1.0,7.0,1.0,1.0,3.0,7.0,3.0,3.0,1.0,0.0,0.0,0.0,0.0,none,blank_wall,Tunnel_Exit_Street/north_to_south/16_n00251_S.jpg,Tunnel_Exit_Street,north_to_south,n00251,S,16,0.125,0.0,0.0,0.3333333333333333,1.0,0.3333333333333333,0.3333333333333333,0.0,0.0425,0.5533333333333333,0.22333333333333333,0.27075,0.8178729293622234,0.3409,0.0425,0.4932314000228671,0.1197231682968978,0.21672500754552243
1.0,7.0,1.0,1.0,1.0,7.0,1.0,1.0,1.0,0.0,0.0,0.0,0.0,none,blank_wall,Tunnel_Exit_Street/north_to_south/17_n00250_S.jpg,Tunnel_Exit_Street,north_to_south,n00250,S,17,0.125,0.0,0.0,0.0,1.0,0.0,0.0,0.0,0.0425,0.33,0.0,0.12335000000000002,0.8234492267688703,1.2387,0.0425,0.2717382448337272,0.035330268610640404,0.11578260943664133
1.0,7.0,1.0,1.0,3.0,7.0,3.0,3.0,1.0,0.0,0.0,0.0,0.0,none,blank_wall,Tunnel_Exit_Street/south_to_north/01_n00250_N.jpg,Tunnel_Exit_Street,south_to_north,n00250,N,1,0.125,0.0,0.0,0.3333333333333333,1.0,0.3333333333333333,0.3333333333333333,0.0,0.0425,0.5533333333333333,0.22333333333333333,0.27075,0.8234492267688703,1.7896,0.0425,0.49507157816706054,0.1610430683019311,0.23096783333476725
1.0,7.0,1.0,1.0,1.0,7.0,1.0,1.0,1.0,0.0,0.0,0.0,1.0,none,blank_wall,Tunnel_Exit_Street/south_to_north/02_n00251_N.jpg,Tunnel_Exit_Street,south_to_north,n00251,N,2,0.125,0.0,0.0,0.0,1.0,0.0,0.0,0.0,0.0425,0.33,0.0,0.12335000000000002,0.8178729293622234,9.3004,0.0425,0.26989806668953376,0.26526651343053204,0.1910543114396217
1.0,7.0,1.0,1.0,1.0,7.0,1.0,1.0,1.0,0.0,0.0,0.0,0.0,none,blank_wall,Tunnel_Exit_Street/south_to_north/03_n00252_N.jpg,Tunnel_Exit_Street,south_to_north,n00252,N,3,0.125,0.0,0.0,0.0,1.0,0.0,0.0,0.0,0.0425,0.33,0.0,0.12335000000000002,0.9274805729672496,3.1054,0.0425,0.3060685890791924,0.08857238729594148,0.14468152220379418
1.0,7.0,1.0,1.0,1.0,7.0,1.0,1.0,1.0,0.0,0.0,0.0,0.0,none,blank_wall,Tunnel_Exit_Street/south_to_north/04_n00253_N.jpg,Tunnel_Exit_Street,south_to_north,n00253,N,4,0.125,0.0,0.0,0.0,1.0,0.0,0.0,0.0,0.0425,0.33,0.0,0.12335000000000002,0.9496733314006058,2.4801,0.0425,0.3133921993621999,0.07073754676778014,0.14121281622289344
1.0,7.0,1.0,1.0,1.0,7.0,1.0,1.0,1.0,0.0,0.0,0.0,0.0,none,blank_wall,Tunnel_Exit_Street/south_to_north/05_n00254_N.jpg,Tunnel_Exit_Street,south_to_north,n00254,N,5,0.125,0.0,0.0,0.0,1.0,0.0,0.0,0.0,0.0425,0.33,0.0,0.12335000000000002,0.9418574545991936,2.3323,0.0425,0.3108129600177339,0.0665219871482979,0.1389705325647905
1.0,7.0,1.0,1.0,1.0,7.0,1.0,1.0,1.0,0.0,0.0,0.0,1.0,none,blank_wall,Tunnel_Exit_Street/south_to_north/06_n00255_N.jpg,Tunnel_Exit_Street,south_to_north,n00255,N,6,0.125,0.0,0.0,0.0,1.0,0.0,0.0,0.0,0.0425,0.33,0.0,0.12335000000000002,0.877828112447445,2.2667,0.0425,0.28968327710765684,0.0646509403889066,0.13138029177386595
1.0,7.0,1.0,1.0,1.0,7.0,1.0,1.0,1.0,0.0,0.0,0.0,0.0,none,blank_wall,Tunnel_Exit_Street/south_to_north/07_n00256_N.jpg,Tunnel_Exit_Street,south_to_north,n00256,N,7,0.125,0.0,0.0,0.0,1.0,0.0,0.0,0.0,0.0425,0.33,0.0,0.12335000000000002,0.903588095342027,2.2249,0.0425,0.2981840714628689,0.06345871852087982,0.13379212069463708
1.0,7.0,1.0,1.0,1.0,7.0,1.0,1.0,1.0,0.0,0.0,0.0,0.0,none,blank_wall,Tunnel_Exit_Street/south_to_north/08_n00257_N.jpg,Tunnel_Exit_Street,south_to_north,n00257,N,8,0.125,0.0,0.0,0.0,1.0,0.0,0.0,0.0,0.0425,0.33,0.0,0.12335000000000002,0.8877534900103079,2.2192,0.0425,0.29295865170340163,0.06329614281160344,0.1320140821899517
1.0,7.0,1.0,1.0,5.0,7.0,5.0,3.0,1.0,0.0,0.0,0.0,1.0,none,blank_wall,Tunnel_Exit_Street/south_to_north/09_n00258_N.jpg,Tunnel_Exit_Street,south_to_north,n00258,N,9,0.125,0.0,0.0,0.6666666666666666,1.0,0.6666666666666666,0.3333333333333333,0.0,0.0425,0.7766666666666666,0.33333333333333337,0.38075000000000003,0.8703325652558277,4.4468,0.0425,0.7338764132010898,0.3468318708789826,0.3710837337464239
3.0,6.0,3.0,4.0,5.0,6.0,5.0,5.0,3.0,0.0,0.0,0.0,0.0,hedge,blank_wall,Tunnel_Exit_Street/south_to_north/10_n00259_N.jpg,Tunnel_Exit_Street,south_to_north,n00259,N,10,0.3333333333333333,0.3333333333333333,0.5,0.6666666666666666,0.8333333333333334,0.6666666666666666,0.6666666666666666,0.3333333333333333,0.3883333333333333,0.7216666666666667,0.5566666666666666,0.5538833333333334,0.9091013121701412,3.5907,0.3883333333333333,0.7466700996828133,0.43241414022784086,0.5211311325038492
1.0,7.0,1.0,1.0,1.0,7.0,1.0,1.0,1.0,0.0,0.0,0.0,1.0,none,blank_wall,Tunnel_Exit_Street/south_to_north/11_n00260_N.jpg,Tunnel_Exit_Street,south_to_north,n00260,N,11,0.125,0.0,0.0,0.0,1.0,0.0,0.0,0.0,0.0425,0.33,0.0,0.12335000000000002,0.9457859203411518,1.7556,0.0425,0.31210935371258014,0.05007331845712464,0.1339702818160026
3.0,6.0,3.0,4.0,4.0,6.0,5.0,5.0,3.0,0.0,0.0,0.0,1.0,hedge,blank_wall,Tunnel_Exit_Street/south_to_north/12_n00261_N.jpg,Tunnel_Exit_Street,south_to_north,n00261,N,12,0.3333333333333333,0.3333333333333333,0.5,0.5,0.8333333333333334,0.6666666666666666,0.6666666666666666,0.3333333333333333,0.3883333333333333,0.665,0.5566666666666666,0.5351833333333333,0.9499754262580132,3.1356,0.3883333333333333,0.7034918906651444,0.4194337533345637,0.5025987958532371
1.0,7.0,1.0,1.0,3.0,7.0,3.0,3.0,1.0,0.0,0.0,0.0,3.0,none,blank_wall,Tunnel_Exit_Street/south_to_north/13_n00262_N.jpg,Tunnel_Exit_Street,south_to_north,n00262,N,13,0.125,0.0,0.0,0.3333333333333333,1.0,0.3333333333333333,0.3333333333333333,0.0,0.0425,0.5533333333333333,0.22333333333333333,0.27075,0.9255622249127832,1.5291,0.0425,0.5287688675545518,0.153613073167458,0.23963604043826323
1.0,7.0,1.0,1.0,1.0,7.0,1.0,1.0,1.0,0.0,0.0,0.0,0.0,none,blank_wall,Tunnel_Exit_Street/south_to_north/14_n00263_N.jpg,Tunnel_Exit_Street,south_to_north,n00263,N,14,0.125,0.0,0.0,0.0,1.0,0.0,0.0,0.0,0.0425,0.33,0.0,0.12335000000000002,0.9463748601763798,2.3774,0.0425,0.3123037038582054,0.06780833179537944,0.13988697176568302
1.0,7.0,1.0,1.0,1.0,7.0,1.0,1.0,1.0,0.0,0.0,0.0,0.0,none,blank_wall,Tunnel_Exit_Street/south_to_north/15_n00264_N.jpg,Tunnel_Exit_Street,south_to_north,n00264,N,15,0.125,0.0,0.0,0.0,1.0,0.0,0.0,0.0,0.0425,0.33,0.0,0.12335000000000002,0.9778396600236344,3.9464,0.0425,0.32268708780779937,0.11255943492777211,0.15808135250273858
1.0,7.0,1.0,1.0,1.0,7.0,1.0,1.0,1.0,0.0,0.0,0.0,0.0,none,blank_wall,Tunnel_Exit_Street/south_to_north/16_n00265_N.jpg,Tunnel_Exit_Street,south_to_north,n00265,N,16,0.125,0.0,0.0,0.0,1.0,0.0,0.0,0.0,0.0425,0.33,0.0,0.12335000000000002,0.9800248562524224,3.1133,0.0425,0.3234082025632994,0.0887977115245877,0.15047795164900274
1.0,7.0,1.0,1.0,1.0,7.0,1.0,1.0,1.0,0.0,0.0,0.0,0.0,none,blank_wall,Tunnel_Exit_Street/south_to_north/17_n00266_N.jpg,Tunnel_Exit_Street,south_to_north,n00266,N,17,0.125,0.0,0.0,0.0,1.0,0.0,0.0,0.0,0.0425,0.33,0.0,0.12335000000000002,0.9802749331587272,3.7376,0.0425,0.32349072794238,0.10660402999849003,0.1563812701204871
1.0,7.0,1.0,1.0,3.0,7.0,3.0,3.0,3.0,0.0,0.0,0.0,0.0,none,blank_wall,east_34th_street/east_to_west/01_n00313_W.jpg,east_34th_street,east_to_west,n00313,W,1,0.125,0.0,0.0,0.3333333333333333,1.0,0.3333333333333333,0.3333333333333333,0.3333333333333333,0.0425,0.5533333333333333,0.3333333333333333,0.30705,0.7620761696977308,1.538,0.0425,0.4748184693335845,0.2638669194503632,0.25821617829870275
1.0,7.0,1.0,1.0,3.0,7.0,3.0,3.0,3.0,0.0,0.0,0.0,0.0,none,blank_wall,east_34th_street/east_to_west/02_n00312_W.jpg,east_34th_street,east_to_west,n00312,W,2,0.125,0.0,0.0,0.3333333333333333,1.0,0.3333333333333333,0.3333333333333333,0.3333333333333333,0.0425,0.5533333333333333,0.3333333333333333,0.30705,0.8388295087366558,0.9172,0.0425,0.5001470712164298,0.24616042816636746,0.2607314747963231
1.0,7.0,1.0,1.0,3.0,7.0,5.0,3.0,2.0,0.0,0.0,0.0,0.0,none,blank_wall,east_34th_street/east_to_west/03_n00311_W.jpg,east_34th_street,east_to_west,n00311,W,3,0.125,0.0,0.0,0.3333333333333333,1.0,0.6666666666666666,0.3333333333333333,0.16666666666666666,0.0425,0.6633333333333333,0.38833333333333336,0.36150000000000004,0.8770408971159032,3.5643,0.0425,0.6227568293815814,0.3766611579954029,0.34425793583440484
1.0,7.0,1.0,1.0,1.0,7.0,1.0,1.0,1.0,0.0,0.0,0.0,0.0,none,blank_wall,east_34th_street/east_to_west/04_n00310_W.jpg,east_34th_street,east_to_west,n00310,W,4,0.125,0.0,0.0,0.0,1.0,0.0,0.0,0.0,0.0425,0.33,0.0,0.12335000000000002,0.8946414302207187,3.3156,0.0425,0.2952316719728372,0.09456772310118619,0.14308380037442772
1.0,7.0,1.0,1.0,1.0,7.0,1.0,1.0,1.0,0.0,0.0,0.0,0.0,none,blank_wall,east_34th_street/east_to_west/05_n00309_W.jpg,east_34th_street,east_to_west,n00309,W,5,0.125,0.0,0.0,0.0,1.0,0.0,0.0,0.0,0.0425,0.33,0.0,0.12335000000000002,0.8995914624917466,2.8222,0.0425,0.2968651826222764,0.08049494152978877,0.1389788409701815
1.0,7.0,1.0,1.0,3.0,7.0,3.0,3.0,3.0,2.0,0.0,0.0,0.0,tree_canopy,blank_wall,east_34th_street/east_to_west/06_n00308_W.jpg,east_34th_street,east_to_west,n00308,W,6,0.125,0.0,0.0,0.3333333333333333,1.0,0.3333333333333333,0.3333333333333333,0.3333333333333333,0.0425,0.5533333333333333,0.3333333333333333,0.30705,0.8940465317758838,1.4941,0.0425,0.518368688819375,0.26261480126839254,0.2721745517289633
1.0,7.0,1.0,1.0,3.0,7.0,5.0,3.0,3.0,0.0,0.0,0.0,0.0,none,blank_wall,east_34th_street/east_to_west/07_n00307_W.jpg,east_34th_street,east_to_west,n00307,W,7,0.125,0.0,0.0,0.3333333333333333,1.0,0.6666666666666666,0.3333333333333333,0.3333333333333333,0.0425,0.6633333333333333,0.44333333333333336,0.37965000000000004,0.8864462146561892,1.3762,0.0425,0.6258605841698758,0.3692520510712548,0.3428371696295731
1.0,7.0,1.0,1.0,5.0,7.0,5.0,3.0,3.0,0.0,0.0,0.0,0.0,none,blank_wall,east_34th_street/east_to_west/08_n00306_W.jpg,east_34th_street,east_to_west,n00306,W,8,0.125,0.0,0.0,0.6666666666666666,1.0,0.6666666666666666,0.3333333333333333,0.3333333333333333,0.0425,0.7766666666666666,0.44333333333333336,0.41705000000000003,0.8509800990860997,1.2878,0.0425,0.7274900993650796,0.36673070147475795,0.37554286427714645
1.0,7.0,1.0,1.0,1.0,7.0,1.0,1.0,1.0,0.0,0.0,0.0,0.0,none,blank_wall,east_34th_street/east_to_west/09_n00305_W.jpg,east_34th_street,east_to_west,n00305,W,9,0.125,0.0,0.0,0.0,1.0,0.0,0.0,0.0,0.0425,0.33,0.0,0.12335000000000002,0.7344318047125633,1.183,0.0425,0.2423624955551459,0.033741590188413335,0.10556434829537456
1.0,7.0,1.0,1.0,1.0,7.0,1.0,1.0,1.0,0.0,0.0,0.0,0.0,none,blank_wall,east_34th_street/east_to_west/10_n00304_W.jpg,east_34th_street,east_to_west,n00304,W,10,0.125,0.0,0.0,0.0,1.0,0.0,0.0,0.0,0.0425,0.33,0.0,0.12335000000000002,0.7920584940596841,1.0414,0.0425,0.26137930303969575,0.029702867305336982,0.1105071162138608
3.0,6.0,3.0,4.0,4.0,6.0,5.0,5.0,4.0,2.0,0.0,0.0,0.0,tree_canopy,blank_wall,east_34th_street/east_to_west/11_n00303_W.jpg,east_34th_street,east_to_west,n00303,W,11,0.3333333333333333,0.3333333333333333,0.5,0.5,0.8333333333333334,0.6666666666666666,0.6666666666666666,0.5,0.3883333333333333,0.665,0.6116666666666667,0.5533333333333335,0.7514776509290053,0.561,0.3883333333333333,0.6379876248065718,0.40100087243930677,0.47489953742447333
1.0,7.0,1.0,1.0,5.0,7.0,5.0,3.0,3.0,0.0,0.0,0.0,0.0,none,blank_wall,east_34th_street/east_to_west/12_n00302_W.jpg,east_34th_street,east_to_west,n00302,W,12,0.125,0.0,0.0,0.6666666666666666,1.0,0.6666666666666666,0.3333333333333333,0.3333333333333333,0.0425,0.7766666666666666,0.44333333333333336,0.41705000000000003,0.637960909408509,0.7505,0.0425,0.6571937667714747,0.35140580172138985,0.3472878576026453
1.0,7.0,1.0,1.0,5.0,7.0,5.0,3.0,3.0,0.0,0.0,0.0,0.0,none,blank_wall,east_34th_street/east_to_west/13_n00301_W.jpg,east_34th_street,east_to_west,n00301,W,13,0.125,0.0,0.0,0.6666666666666666,1.0,0.6666666666666666,0.3333333333333333,0.3333333333333333,0.0425,0.7766666666666666,0.44333333333333336,0.41705000000000003,0.6604766710099683,2.6097,0.0425,0.6646239680999563,0.40443400499974835,0.3672391311229025
1.0,7.0,1.0,1.0,5.0,7.0,5.0,3.0,3.0,0.0,0.0,0.0,0.0,none,blank_wall,east_34th_street/east_to_west/14_n00300_W.jpg,east_34th_street,east_to_west,n00300,W,14,0.125,0.0,0.0,0.6666666666666666,1.0,0.6666666666666666,0.3333333333333333,0.3333333333333333,0.0425,0.7766666666666666,0.44333333333333336,0.41705000000000003,0.7685779416921384,1.0035,0.0425,0.7002973874250724,0.3586218814489204,0.36389335872841766
1.0,7.0,1.0,1.0,5.0,7.0,5.0,3.0,3.0,1.0,0.0,0.0,0.0,tree_canopy,shopfront,east_34th_street/east_to_west/15_n00299_W.jpg,east_34th_street,east_to_west,n00299,W,15,0.125,0.0,0.0,0.6666666666666666,1.0,0.6666666666666666,0.3333333333333333,0.3333333333333333,0.0425,0.7766666666666666,0.44333333333333336,0.41705000000000003,0.8363040019753923,1.6508,0.0425,0.7226469873185462,0.37708420717078,0.3773612941814777
1.0,7.0,1.0,1.0,3.0,7.0,5.0,3.0,3.0,0.0,0.0,0.0,0.0,none,blank_wall,east_34th_street/east_to_west/16_n00298_W.jpg,east_34th_street,east_to_west,n00298,W,16,0.125,0.0,0.0,0.3333333333333333,1.0,0.6666666666666666,0.3333333333333333,0.3333333333333333,0.0425,0.6633333333333333,0.44333333333333336,0.37965000000000004,0.8586844987409894,7.3779,0.0425,0.6166992179178599,0.540432864117578,0.39630358707169444
1.0,7.0,1.0,1.0,3.0,7.0,3.0,3.0,3.0,0.0,0.0,0.0,0.0,none,blank_wall,east_34th_street/east_to_west/17_n00297_W.jpg,east_34th_street,east_to_west,n00297,W,17,0.125,0.0,0.0,0.3333333333333333,1.0,0.3333333333333333,0.3333333333333333,0.3333333333333333,0.0425,0.5533333333333333,0.3333333333333333,0.30705,0.8967856107193763,4.7915,0.0425,0.5192725848707276,0.35666342298206466,0.30350888259142145
1.0,7.0,1.0,1.0,1.0,7.0,1.0,1.0,1.0,0.0,0.0,0.0,0.0,none,blank_wall,east_34th_street/east_to_west/18_n00296_W.jpg,east_34th_street,east_to_west,n00296,W,18,0.125,0.0,0.0,0.0,1.0,0.0,0.0,0.0,0.0425,0.33,0.0,0.12335000000000002,0.8915579693478789,1.3059,0.0425,0.29421412988480006,0.037246950656846134,0.12383215657874325
1.0,7.0,1.0,1.0,3.0,7.0,3.0,3.0,3.0,0.0,0.0,0.0,0.0,none,blank_wall,east_34th_street/east_to_west/19_n00295_W.jpg,east_34th_street,east_to_west,n00295,W,19,0.125,0.0,0.0,0.3333333333333333,1.0,0.3333333333333333,0.3333333333333333,0.3333333333333333,0.0425,0.5533333333333333,0.3333333333333333,0.30705,0.8323712050203312,5.0012,0.0425,0.49801583099004265,0.3626444977601799,0.29846790848757343
1.0,7.0,1.0,1.0,1.0,7.0,1.0,1.0,1.0,0.0,0.0,0.0,0.0,none,blank_wall,east_34th_street/east_to_west/20_n00294_W.jpg,east_34th_street,east_to_west,n00294,W,20,0.125,0.0,0.0,0.0,1.0,0.0,0.0,0.0,0.0425,0.33,0.0,0.12335000000000002,0.8749382907821146,1.0213,0.0425,0.2887296359580978,0.029129574014730805,0.11934353929103345
1.0,7.0,1.0,1.0,1.0,7.0,1.0,1.0,1.0,0.0,0.0,0.0,2.0,none,blank_wall,east_34th_street/east_to_west/21_n00293_W.jpg,east_34th_street,east_to_west,n00293,W,21,0.125,0.0,0.0,0.0,1.0,0.0,0.0,0.0,0.0425,0.33,0.0,0.12335000000000002,0.9021663011273394,4.6811,0.0425,0.297714879372022,0.13351458819186954,0.15675572429608423
1.0,7.0,1.0,1.0,5.0,7.0,5.0,3.0,2.0,0.0,0.0,0.0,0.0,none,blank_wall,east_34th_street/east_to_west/22_n00292_W.jpg,east_34th_street,east_to_west,n00292,W,22,0.125,0.0,0.0,0.6666666666666666,1.0,0.6666666666666666,0.3333333333333333,0.16666666666666666,0.0425,0.7766666666666666,0.38833333333333336,0.39890000000000003,0.892336646008751,1.693,0.0425,0.7411377598495545,0.32328783786051035,0.36571044724432145
1.0,7.0,1.0,1.0,5.0,7.0,5.0,3.0,3.0,0.0,0.0,0.0,10.0,none,blank_wall,east_34th_street/east_to_west/23_n00291_W.jpg,east_34th_street,east_to_west,n00291,W,23,0.125,0.0,0.0,0.6666666666666666,1.0,0.6666666666666666,0.3333333333333333,0.3333333333333333,0.0425,0.7766666666666666,0.44333333333333336,0.41705000000000003,0.8227102709797851,0.3945,0.0425,0.7181610560899958,0.34125195040518097,0.36405629214340834
1.0,7.0,1.0,1.0,3.0,7.0,3.0,3.0,1.0,0.0,0.0,0.0,0.0,none,blank_wall,east_34th_street/east_to_west/24_n00290_W.jpg,east_34th_street,east_to_west,n00290,W,24,0.125,0.0,0.0,0.3333333333333333,1.0,0.3333333333333333,0.3333333333333333,0.0,0.0425,0.5533333333333333,0.22333333333333333,0.27075,0.8082321806556619,5.1364,0.0425,0.4900499529497018,0.25650067949599853,0.2608117087070811
1.0,7.0,1.0,1.0,3.0,7.0,3.0,3.0,3.0,0.0,0.0,0.0,0.0,none,blank_wall,east_34th_street/east_to_west/25_n00289_W.jpg,east_34th_street,east_to_west,n00289,W,25,0.125,0.0,0.0,0.3333333333333333,1.0,0.3333333333333333,0.3333333333333333,0.3333333333333333,0.0425,0.5533333333333333,0.3333333333333333,0.30705,0.8750560240664014,0.1459,0.0425,0.5121018212752458,0.22416136771639011,0.2574168523672399
1.0,7.0,1.0,1.0,1.0,7.0,1.0,1.0,1.0,0.0,0.0,0.0,0.0,none,blank_wall,east_34th_street/east_to_west/26_n00288_W.jpg,east_34th_street,east_to_west,n00288,W,26,0.125,0.0,0.0,0.0,1.0,0.0,0.0,0.0,0.0425,0.33,0.0,0.12335000000000002,0.9212481047892108,0.276,0.0425,0.3040118745804396,0.00787208697548781,0.11737170731345606
1.0,7.0,1.0,1.0,5.0,7.0,5.0,3.0,3.0,0.0,0.0,0.0,0.0,none,blank_wall,east_34th_street/east_to_west/27_n00287_W.jpg,east_34th_street,east_to_west,n00287,W,27,0.125,0.0,0.0,0.6666666666666666,1.0,0.6666666666666666,0.3333333333333333,0.3333333333333333,0.0425,0.7766666666666666,0.44333333333333336,0.41705000000000003,0.9082053067693296,2.6131,0.0425,0.7463744179005454,0.404530979984229,0.39424878130197555
1.0,7.0,1.0,1.0,3.0,7.0,3.0,3.0,3.0,0.0,0.0,0.0,0.0,none,blank_wall,east_34th_street/east_to_west/28_n00286_W.jpg,east_34th_street,east_to_west,n00286,W,28,0.125,0.0,0.0,0.3333333333333333,1.0,0.3333333333333333,0.3333333333333333,0.3333333333333333,0.0425,0.5533333333333333,0.3333333333333333,0.30705,0.8949027602035112,3.2103,0.0425,0.518651244200492,0.31156435078771205,0.2884211463461073
1.0,7.0,1.0,1.0,3.0,7.0,3.0,3.0,3.0,0.0,0.0,0.0,0.0,none,blank_wall,east_34th_street/east_to_west/29_n00285_W.jpg,east_34th_street,east_to_west,n00285,W,29,0.125,0.0,0.0,0.3333333333333333,1.0,0.3333333333333333,0.3333333333333333,0.3333333333333333,0.0425,0.5533333333333333,0.3333333333333333,0.30705,0.9261678327651764,2.9446,0.0425,0.5289687181458416,0.30398604097109205,0.2893250705085881
1.0,7.0,1.0,1.0,3.0,7.0,5.0,3.0,2.0,0.0,0.0,0.0,10.0,none,blank_wall,east_34th_street/east_to_west/30_n00284_W.jpg,east_34th_street,east_to_west,n00284,W,30,0.125,0.0,0.0,0.3333333333333333,1.0,0.6666666666666666,0.3333333333333333,0.16666666666666666,0.0425,0.6633333333333333,0.38833333333333336,0.36150000000000004,0.9029837491290316,2.7084,0.0425,0.6313179705459138,0.352249131755113,0.33902714375933884
1.0,7.0,1.0,1.0,5.0,7.0,5.0,3.0,3.0,0.0,0.0,0.0,0.0,none,blank_wall,east_34th_street/east_to_west/31_n00283_W.jpg,east_34th_street,east_to_west,n00283,W,31,0.125,0.0,0.0,0.6666666666666666,1.0,0.6666666666666666,0.3333333333333333,0.3333333333333333,0.0425,0.7766666666666666,0.44333333333333336,0.41705000000000003,0.8393304484875017,0.7895,0.0425,0.7236457146675422,0.3525181618374914,0.3695840792466611
1.0,7.0,1.0,1.0,5.0,7.0,5.0,3.0,3.0,1.0,0.0,0.0,0.0,none,blank_wall,east_34th_street/east_to_west/32_n00282_W.jpg,east_34th_street,east_to_west,n00282,W,32,0.125,0.0,0.0,0.6666666666666666,1.0,0.6666666666666666,0.3333333333333333,0.3333333333333333,0.0425,0.7766666666666666,0.44333333333333336,0.41705000000000003,0.8755562157023699,4.1266,0.0425,0.7356002178484486,0.44769910910524635,0.4049387778947193
1.0,7.0,1.0,1.0,1.0,7.0,1.0,1.0,1.0,0.0,0.0,0.0,0.0,none,blank_wall,east_34th_street/east_to_west/33_n00281_W.jpg,east_34th_street,east_to_west,n00281,W,33,0.125,0.0,0.0,0.0,1.0,0.0,0.0,0.0,0.0425,0.33,0.0,0.12335000000000002,0.903202373586634,4.1286,0.0425,0.29805678328358925,0.11775615321376441,0.15166826904412672
1.0,7.0,1.0,1.0,3.0,7.0,3.0,3.0,1.0,0.0,0.0,0.0,0.0,none,blank_wall,east_34th_street/east_to_west/34_n00280_W.jpg,east_34th_street,east_to_west,n00280,W,34,0.125,0.0,0.0,0.3333333333333333,1.0,0.3333333333333333,0.3333333333333333,0.0,0.0425,0.5533333333333333,0.22333333333333333,0.27075,0.919158099808258,3.8109,0.0425,0.5266555062700585,0.21869469657567572,0.2604155669390923
1.0,7.0,1.0,1.0,1.0,7.0,1.0,1.0,1.0,0.0,0.0,0.0,1.0,none,blank_wall,east_34th_street/east_to_west/35_n00279_W.jpg,east_34th_street,east_to_west,n00279,W,35,0.125,0.0,0.0,0.0,1.0,0.0,0.0,0.0,0.0425,0.33,0.0,0.12335000000000002,0.9187457773136052,4.3856,0.0425,0.3031861065134897,0.12508632115833096,0.15577990113170082
1.0,7.0,1.0,1.0,3.0,7.0,5.0,3.0,3.0,0.0,0.0,0.0,1.0,none,blank_wall,east_34th_street/east_to_west/36_n00278_W.jpg,east_34th_street,east_to_west,n00278,W,36,0.125,0.0,0.0,0.3333333333333333,1.0,0.6666666666666666,0.3333333333333333,0.3333333333333333,0.0425,0.6633333333333333,0.44333333333333336,0.37965000000000004,0.9229561412530448,4.4704,0.0425,0.6379088599468381,0.4575049913594953,0.37593657093109
1.0,7.0,1.0,1.0,3.0,7.0,5.0,3.0,3.0,0.0,0.0,0.0,0.0,none,blank_wall,east_34th_street/east_to_west/37_n00277_W.jpg,east_34th_street,east_to_west,n00277,W,37,0.125,0.0,0.0,0.3333333333333333,1.0,0.6666666666666666,0.3333333333333333,0.3333333333333333,0.0425,0.6633333333333333,0.44333333333333336,0.37965000000000004,0.9004075068634052,4.2061,0.0425,0.6304678105982571,0.44996661241883795,0.3709933595956414
1.0,7.0,1.0,1.0,5.0,7.0,5.0,3.0,3.0,0.0,0.0,0.0,10.0,none,blank_wall,east_34th_street/east_to_west/38_n00276_W.jpg,east_34th_street,east_to_west,n00276,W,38,0.125,0.0,0.0,0.6666666666666666,1.0,0.6666666666666666,0.3333333333333333,0.3333333333333333,0.0425,0.7766666666666666,0.44333333333333336,0.41705000000000003,0.8553571614401322,1.87,0.0425,0.7289345299419103,0.3833362414643558,0.3814993545640678
1.0,7.0,1.0,1.0,5.0,7.0,5.0,3.0,3.0,0.0,0.0,0.0,0.0,none,blank_wall,east_34th_street/east_to_west/39_n00275_W.jpg,east_34th_street,east_to_west,n00275,W,39,0.125,0.0,0.0,0.6666666666666666,1.0,0.6666666666666666,0.3333333333333333,0.3333333333333333,0.0425,0.7766666666666666,0.44333333333333336,0.41705000000000003,0.842386350529492,0.41,0.0425,0.724654162341399,0.34169404224619565,0.3663449075139063
1.0,7.0,1.0,1.0,5.0,7.0,5.0,3.0,5.0,0.0,0.0,0.0,10.0,none,blank_wall,east_34th_street/east_to_west/40_n00274_W.jpg,east_34th_street,east_to_west,n00274,W,40,0.125,0.0,0.0,0.6666666666666666,1.0,0.6666666666666666,0.3333333333333333,0.6666666666666666,0.0425,0.7766666666666666,0.5533333333333333,0.45335000000000003,0.7990303351816487,3.5635,0.0425,0.7103466772766107,0.5416383403519957,0.4276050558174401
1.0,7.0,1.0,1.0,5.0,7.0,5.0,3.0,3.0,0.0,0.0,1.0,1.0,none,blank_wall,east_34th_street/east_to_west/41_n00273_W.jpg,east_34th_street,east_to_west,n00273,W,41,0.125,0.0,0.0,0.6666666666666666,1.0,0.6666666666666666,0.3333333333333333,0.3333333333333333,0.0425,0.7766666666666666,0.44333333333333336,0.41705000000000003,0.8922936252977007,3.6194,0.0425,0.7411235630149079,0.43323272318507455,0.4019875744459942
1.0,7.0,1.0,1.0,5.0,7.0,5.0,3.0,3.0,0.0,0.0,0.0,0.0,none,blank_wall,east_34th_street/east_to_west/42_n00272_W.jpg,east_34th_street,east_to_west,n00272,W,42,0.125,0.0,0.0,0.6666666666666666,1.0,0.6666666666666666,0.3333333333333333,0.3333333333333333,0.0425,0.7766666666666666,0.44333333333333336,0.41705000000000003,0.9201551936260268,3.2888,0.0425,0.7503178805632555,0.42380333204704457,0.40191000016139905
1.0,7.0,1.0,1.0,5.0,7.0,5.0,3.0,3.0,0.0,0.0,0.0,0.0,none,blank_wall,east_34th_street/east_to_west/43_n00271_W.jpg,east_34th_street,east_to_west,n00271,W,43,0.125,0.0,0.0,0.6666666666666666,1.0,0.6666666666666666,0.3333333333333333,0.3333333333333333,0.0425,0.7766666666666666,0.44333333333333336,0.41705000000000003,0.9286648141011012,4.3774,0.0425,0.7531260553200301,0.45485244031340705,0.4130829035590343
1.0,7.0,1.0,1.0,5.0,7.0,5.0,3.0,3.0,0.0,0.0,0.0,0.0,none,blank_wall,east_34th_street/east_to_west/44_n00270_W.jpg,east_34th_street,east_to_west,n00270,W,44,0.125,0.0,0.0,0.6666666666666666,1.0,0.6666666666666666,0.3333333333333333,0.3333333333333333,0.0425,0.7766666666666666,0.44333333333333336,0.41705000000000003,0.937323118148722,4.7644,0.0425,0.755983295655745,0.4658904753116454,0.41766834441923884
1.0,7.0,1.0,1.0,5.0,7.0,5.0,3.0,3.0,0.0,0.0,0.0,0.0,none,blank_wall,east_34th_street/east_to_west/45_n00269_W.jpg,east_34th_street,east_to_west,n00269,W,45,0.125,0.0,0.0,0.6666666666666666,1.0,0.6666666666666666,0.3333333333333333,0.3333333333333333,0.0425,0.7766666666666666,0.44333333333333336,0.41705000000000003,0.9384076257447992,5.0277,0.0425,0.7563411831624505,0.4734003321980437,0.4202647000689631
1.0,7.0,1.0,1.0,5.0,7.0,5.0,3.0,3.0,0.0,0.0,0.0,10.0,none,blank_wall,east_34th_street/east_to_west/46_n00268_W.jpg,east_34th_street,east_to_west,n00268,W,46,0.125,0.0,0.0,0.6666666666666666,1.0,0.6666666666666666,0.3333333333333333,0.3333333333333333,0.0425,0.7766666666666666,0.44333333333333336,0.41705000000000003,0.9158744603519064,3.8442,0.0425,0.7489052385827958,0.43964448098250086,0.40667140745654795
1.0,7.0,1.0,1.0,5.0,7.0,5.0,3.0,3.0,0.0,0.0,0.0,3.0,none,blank_wall,east_34th_street/east_to_west/47_n00267_W.jpg,east_34th_street,east_to_west,n00267,W,47,0.125,0.0,0.0,0.6666666666666666,1.0,0.6666666666666666,0.3333333333333333,0.3333333333333333,0.0425,0.7766666666666666,0.44333333333333336,0.41705000000000003,0.8843295046197203,3.9172,0.0425,0.7384954031911743,0.4417265909434089,0.4039232580644125
1.0,7.0,1.0,1.0,5.0,7.0,5.0,3.0,3.0,0.0,0.0,0.0,0.0,none,blank_wall,east_34th_street/west_to_east/01_n00267_E.jpg,east_34th_street,west_to_east,n00267,E,1,0.125,0.0,0.0,0.6666666666666666,1.0,0.6666666666666666,0.3333333333333333,0.3333333333333333,0.0425,0.7766666666666666,0.44333333333333336,0.41705000000000003,0.8843295046197203,1.1505,0.0425,0.7384954031911743,0.3628146234249954,0.37788230878333606
1.0,7.0,1.0,1.0,5.0,7.0,5.0,3.0,3.0,0.0,0.0,0.0,0.0,none,blank_wall,east_34th_street/west_to_east/02_n00268_E.jpg,east_34th_street,west_to_east,n00268,E,2,0.125,0.0,0.0,0.6666666666666666,1.0,0.6666666666666666,0.3333333333333333,0.3333333333333333,0.0425,0.7766666666666666,0.44333333333333336,0.41705000000000003,0.9158744603519064,4.7402,0.0425,0.7489052385827958,0.4652002415985772,0.4151048084598531
1.0,7.0,1.0,1.0,1.0,7.0,5.0,3.0,3.0,0.0,0.0,0.0,0.0,none,blank_wall,east_34th_street/west_to_east/03_n00269_E.jpg,east_34th_street,west_to_east,n00269,E,3,0.125,0.0,0.0,0.0,1.0,0.6666666666666666,0.3333333333333333,0.3333333333333333,0.0425,0.55,0.44333333333333336,0.34225000000000005,0.9384076257447992,4.5788,0.0425,0.5296745164957838,0.46059678204117244,0.3412395285171955
1.0,7.0,1.0,1.0,5.0,7.0,5.0,3.0,3.0,0.0,0.0,0.0,0.0,none,blank_wall,east_34th_street/west_to_east/04_n00270_E.jpg,east_34th_street,west_to_east,n00270,E,4,0.125,0.0,0.0,0.6666666666666666,1.0,0.6666666666666666,0.3333333333333333,0.3333333333333333,0.0425,0.7766666666666666,0.44333333333333336,0.41705000000000003,0.937323118148722,5.2481,0.0425,0.755983295655745,0.47968659295673033,0.4222210632421169
1.0,7.0,1.0,1.0,5.0,7.0,5.0,3.0,3.0,0.0,0.0,0.0,0.0,none,blank_wall,east_34th_street/west_to_east/05_n00271_E.jpg,east_34th_street,west_to_east,n00271,E,5,0.125,0.0,0.0,0.6666666666666666,1.0,0.6666666666666666,0.3333333333333333,0.3333333333333333,0.0425,0.7766666666666666,0.44333333333333336,0.41705000000000003,0.9286648141011012,4.5846,0.0425,0.7531260553200301,0.4607622099558747,0.4150331275410486
1.0,7.0,1.0,1.0,3.0,7.0,5.0,3.0,3.0,0.0,0.0,0.0,0.0,none,blank_wall,east_34th_street/west_to_east/06_n00272_E.jpg,east_34th_street,west_to_east,n00272,E,6,0.125,0.0,0.0,0.3333333333333333,1.0,0.6666666666666666,0.3333333333333333,0.3333333333333333,0.0425,0.6633333333333333,0.44333333333333336,0.37965000000000004,0.9201551936260268,1.7055,0.0425,0.6369845472299223,0.37864436353874803,0.34960754055366117
1.0,7.0,1.0,1.0,5.0,7.0,5.0,3.0,3.0,0.0,0.0,0.0,0.0,none,blank_wall,east_34th_street/west_to_east/07_n00273_E.jpg,east_34th_street,west_to_east,n00273,E,7,0.125,0.0,0.0,0.6666666666666666,1.0,0.6666666666666666,0.3333333333333333,0.3333333333333333,0.0425,0.7766666666666666,0.44333333333333336,0.41705000000000003,0.8922936252977007,4.1727,0.0425,0.7411235630149079,0.4490139758065869,0.4071953878110933
1.0,7.0,1.0,1.0,1.0,7.0,1.0,1.0,1.0,0.0,0.0,0.0,0.0,none,blank_wall,east_34th_street/west_to_east/08_n00274_E.jpg,east_34th_street,west_to_east,n00274,E,8,0.125,0.0,0.0,0.0,1.0,0.0,0.0,0.0,0.0425,0.33,0.0,0.12335000000000002,0.7990303351816487,0.4383,0.0425,0.26368001060994406,0.012501216381725754,0.10558980490725105
1.0,7.0,1.0,1.0,3.0,7.0,3.0,3.0,3.0,0.0,0.0,0.0,0.0,none,blank_wall,east_34th_street/west_to_east/09_n00275_E.jpg,east_34th_street,west_to_east,n00275,E,9,0.125,0.0,0.0,0.3333333333333333,1.0,0.3333333333333333,0.3333333333333333,0.3333333333333333,0.0425,0.5533333333333333,0.3333333333333333,0.30705,0.842386350529492,0.4678,0.0425,0.5013208290080657,0.23334261698236666,0.2568889371768427
1.0,7.0,1.0,1.0,1.0,7.0,1.0,1.0,1.0,0.0,0.0,0.0,0.0,none,blank_wall,east_34th_street/west_to_east/10_n00276_E.jpg,east_34th_street,west_to_east,n00276,E,10,0.125,0.0,0.0,0.0,1.0,0.0,0.0,0.0,0.0425,0.33,0.0,0.12335000000000002,0.8553571614401322,3.3097,0.0425,0.2822678632752436,0.094399442981058,0.13875021106457952
1.0,7.0,1.0,1.0,3.0,7.0,3.0,3.0,3.0,0.0,0.0,0.0,1.0,none,blank_wall,east_34th_street/west_to_east/11_n00277_E.jpg,east_34th_street,west_to_east,n00277,E,11,0.125,0.0,0.0,0.3333333333333333,1.0,0.3333333333333333,0.3333333333333333,0.3333333333333333,0.0425,0.5533333333333333,0.3333333333333333,0.30705,0.9004075068634052,4.0135,0.0425,0.5204678105982571,0.3344732647685519,0.29658055487104695
3.0,6.0,3.0,3.0,4.0,6.0,5.0,5.0,3.0,0.0,0.0,0.0,0.0,hedge,blank_wall,east_34th_street/west_to_east/12_n00278_E.jpg,east_34th_street,west_to_east,n00278,E,12,0.3333333333333333,0.3333333333333333,0.3333333333333333,0.5,0.8333333333333334,0.6666666666666666,0.6666666666666666,0.3333333333333333,0.3333333333333333,0.665,0.5566666666666666,0.5164833333333334,0.9229561412530448,4.5568,0.3333333333333333,0.6945755266135047,0.4599692968474741,0.49433312507545635
1.0,7.0,1.0,1.0,5.0,7.0,5.0,3.0,3.0,0.0,0.0,0.0,0.0,none,blank_wall,east_34th_street/west_to_east/13_n00279_E.jpg,east_34th_street,west_to_east,n00279,E,13,0.125,0.0,0.0,0.6666666666666666,1.0,0.6666666666666666,0.3333333333333333,0.3333333333333333,0.0425,0.7766666666666666,0.44333333333333336,0.41705000000000003,0.9187457773136052,4.3747,0.0425,0.7498527731801563,0.4547754307669077,0.4119773073025311
1.0,7.0,1.0,1.0,1.0,7.0,1.0,1.0,1.0,0.0,0.0,0.0,0.0,none,blank_wall,east_34th_street/west_to_east/14_n00280_E.jpg,east_34th_street,west_to_east,n00280,E,14,0.125,0.0,0.0,0.0,1.0,0.0,0.0,0.0,0.0425,0.33,0.0,0.12335000000000002,0.919158099808258,4.6272,0.0425,0.30332217293672514,0.1319772494673087,0.15809880939333118
1.0,7.0,1.0,1.0,5.0,7.0,5.0,3.0,3.0,1.0,0.0,0.0,0.0,none,blank_wall,east_34th_street/west_to_east/15_n00281_E.jpg,east_34th_street,west_to_east,n00281,E,15,0.125,0.0,0.0,0.6666666666666666,1.0,0.6666666666666666,0.3333333333333333,0.3333333333333333,0.0425,0.7766666666666666,0.44333333333333336,0.41705000000000003,0.903202373586634,4.1558,0.0425,0.744723449950256,0.4485319530896096,0.40822428300315566
1.0,7.0,1.0,1.0,5.0,7.0,5.0,3.0,3.0,0.0,0.0,0.0,0.0,none,blank_wall,east_34th_street/west_to_east/16_n00282_E.jpg,east_34th_street,west_to_east,n00282,E,16,0.125,0.0,0.0,0.6666666666666666,1.0,0.6666666666666666,0.3333333333333333,0.3333333333333333,0.0425,0.7766666666666666,0.44333333333333336,0.41705000000000003,0.8755562157023699,3.4483,0.0425,0.7356002178484486,0.4283525997013573,0.39855442979143596
1.0,7.0,1.0,1.0,5.0,7.0,5.0,3.0,3.0,0.0,0.0,0.0,10.0,none,blank_wall,east_34th_street/west_to_east/17_n00283_E.jpg,east_34th_street,west_to_east,n00283,E,17,0.125,0.0,0.0,0.6666666666666666,1.0,0.6666666666666666,0.3333333333333333,0.3333333333333333,0.0425,0.7766666666666666,0.44333333333333336,0.41705000000000003,0.8393304484875017,1.6592,0.0425,0.7236457146675422,0.37732379242655567,0.3777699373410523
1.0,7.0,1.0,1.0,1.0,7.0,1.0,1.0,1.0,0.0,0.0,0.0,0.0,none,blank_wall,east_34th_street/west_to_east/18_n00284_E.jpg,east_34th_street,west_to_east,n00284,E,18,0.125,0.0,0.0,0.0,1.0,0.0,0.0,0.0,0.0425,0.33,0.0,0.12335000000000002,0.9029837491290316,4.3657,0.0425,0.29798463721258045,0.12451873227857659,0.15387611193208184
1.0,7.0,1.0,1.0,5.0,7.0,5.0,3.0,3.0,0.0,0.0,0.0,0.0,none,blank_wall,east_34th_street/west_to_east/19_n00285_E.jpg,east_34th_street,west_to_east,n00285,E,19,0.125,0.0,0.0,0.6666666666666666,1.0,0.6666666666666666,0.3333333333333333,0.3333333333333333,0.0425,0.7766666666666666,0.44333333333333336,0.41705000000000003,0.9261678327651764,1.316,0.0425,0.752302051479175,0.36753502340486216,0.3839962347117323
1.0,7.0,1.0,1.0,3.0,7.0,3.0,3.0,1.0,0.0,0.0,0.0,1.0,none,blank_wall,east_34th_street/west_to_east/20_n00286_E.jpg,east_34th_street,west_to_east,n00286,E,20,0.125,0.0,0.0,0.3333333333333333,1.0,0.3333333333333333,0.3333333333333333,0.0,0.0425,0.5533333333333333,0.22333333333333333,0.27075,0.8949027602035112,3.3118,0.0425,0.518651244200492,0.20445933929500193,0.253076492553513
1.0,7.0,1.0,1.0,3.0,7.0,3.0,3.0,1.0,0.0,0.0,0.0,0.0,none,blank_wall,east_34th_street/west_to_east/21_n00287_E.jpg,east_34th_street,west_to_east,n00287,E,21,0.125,0.0,0.0,0.3333333333333333,1.0,0.3333333333333333,0.3333333333333333,0.0,0.0425,0.5533333333333333,0.22333333333333333,0.27075,0.9082053067693296,0.1001,0.0425,0.5230410845672121,0.11285505763132728,0.22429572692551797
1.0,7.0,1.0,1.0,3.0,7.0,3.0,3.0,1.0,0.0,0.0,0.0,0.0,none,blank_wall,east_34th_street/west_to_east/22_n00288_E.jpg,east_34th_street,west_to_east,n00288,E,22,0.125,0.0,0.0,0.3333333333333333,1.0,0.3333333333333333,0.3333333333333333,0.0,0.0425,0.5533333333333333,0.22333333333333333,0.27075,0.9212481047892108,0.6443,0.0425,0.5273452079137729,0.1283767595590826,0.23083824926604232
1.0,7.0,1.0,1.0,3.0,7.0,5.0,3.0,2.0,0.0,0.0,0.0,0.0,none,blank_wall,east_34th_street/west_to_east/23_n00289_E.jpg,east_34th_street,west_to_east,n00289,E,23,0.125,0.0,0.0,0.3333333333333333,1.0,0.6666666666666666,0.3333333333333333,0.16666666666666666,0.0425,0.6633333333333333,0.38833333333333336,0.36150000000000004,0.8750560240664014,1.0841,0.0425,0.6221018212752458,0.3059207590221969,0.3206974514981561
1.0,7.0,1.0,1.0,3.0,7.0,5.0,3.0,2.0,0.0,0.0,0.0,0.0,none,blank_wall,east_34th_street/west_to_east/24_n00290_E.jpg,east_34th_street,west_to_east,n00290,E,24,0.125,0.0,0.0,0.3333333333333333,1.0,0.6666666666666666,0.3333333333333333,0.16666666666666666,0.0425,0.6633333333333333,0.38833333333333336,0.36150000000000004,0.8082321806556619,0.5369,0.0425,0.6000499529497018,0.29031349093166453,0.3082699364808509
1.0,7.0,1.0,1.0,5.0,7.0,5.0,3.0,3.0,0.0,0.0,0.0,0.0,none,blank_wall,east_34th_street/west_to_east/25_n00291_E.jpg,east_34th_street,west_to_east,n00291,E,25,0.125,0.0,0.0,0.6666666666666666,1.0,0.6666666666666666,0.3333333333333333,0.3333333333333333,0.0425,0.7766666666666666,0.44333333333333336,0.41705000000000003,0.8227102709797851,1.2176,0.0425,0.7181610560899958,0.3647284532657752,0.3718035380874044
1.0,7.0,1.0,1.0,1.0,7.0,1.0,1.0,1.0,0.0,0.0,0.0,0.0,none,blank_wall,east_34th_street/west_to_east/26_n00292_E.jpg,east_34th_street,west_to_east,n00292,E,26,0.125,0.0,0.0,0.0,1.0,0.0,0.0,0.0,0.0425,0.33,0.0,0.12335000000000002,0.892336646008751,11.8136,0.0425,0.29447109318288783,0.33694814019428554,0.22281834701446723
1.0,7.0,1.0,1.0,3.0,7.0,3.0,3.0,3.0,2.0,0.0,0.0,0.0,tree_canopy,blank_wall,east_34th_street/west_to_east/27_n00293_E.jpg,east_34th_street,west_to_east,n00293,E,27,0.125,0.0,0.0,0.3333333333333333,1.0,0.3333333333333333,0.3333333333333333,0.3333333333333333,0.0425,0.5533333333333333,0.3333333333333333,0.30705,0.9021663011273394,11.1126,0.0425,0.5210482127053554,0.5369541801587169,0.36359078964514385
1.0,7.0,1.0,1.0,3.0,7.0,3.0,3.0,1.0,1.0,0.0,0.0,0.0,none,blank_wall,east_34th_street/west_to_east/28_n00294_E.jpg,east_34th_street,west_to_east,n00294,E,28,0.125,0.0,0.0,0.3333333333333333,1.0,0.3333333333333333,0.3333333333333333,0.0,0.0425,0.5533333333333333,0.22333333333333333,0.27075,0.8749382907821146,4.9608,0.0425,0.5120629692914311,0.2514922067681157,0.2664232080996504
1.0,7.0,1.0,1.0,5.0,7.0,5.0,3.0,3.0,0.0,0.0,0.0,0.0,none,blank_wall,east_34th_street/west_to_east/29_n00295_E.jpg,east_34th_street,west_to_east,n00295,E,29,0.125,0.0,0.0,0.6666666666666666,1.0,0.6666666666666666,0.3333333333333333,0.3333333333333333,0.0425,0.7766666666666666,0.44333333333333336,0.41705000000000003,0.8323712050203312,5.0375,0.0425,0.721349164323376,0.47367984832978205,0.4088095741755422
1.0,7.0,1.0,1.0,5.0,7.0,5.0,3.0,3.0,0.0,0.0,0.0,0.0,none,blank_wall,east_34th_street/west_to_east/30_n00296_E.jpg,east_34th_street,west_to_east,n00296,E,30,0.125,0.0,0.0,0.6666666666666666,1.0,0.6666666666666666,0.3333333333333333,0.3333333333333333,0.0425,0.7766666666666666,0.44333333333333336,0.41705000000000003,0.8915579693478789,3.9243,0.0425,0.7408807965514668,0.4419290975286479,0.40477726504643785
1.0,7.0,1.0,1.0,3.0,7.0,5.0,3.0,3.0,0.0,0.0,0.0,0.0,none,blank_wall,east_34th_street/west_to_east/31_n00297_E.jpg,east_34th_street,west_to_east,n00297,E,31,0.125,0.0,0.0,0.3333333333333333,1.0,0.6666666666666666,0.3333333333333333,0.3333333333333333,0.0425,0.6633333333333333,0.44333333333333336,0.37965000000000004,0.8967856107193763,2.5099,0.0425,0.6292725848707276,0.4015875039846988,0.3546338293222907
1.0,7.0,1.0,1.0,5.0,7.0,5.0,3.0,3.0,0.0,0.0,0.0,0.0,none,blank_wall,east_34th_street/west_to_east/32_n00298_E.jpg,east_34th_street,west_to_east,n00298,E,32,0.125,0.0,0.0,0.6666666666666666,1.0,0.6666666666666666,0.3333333333333333,0.3333333333333333,0.0425,0.7766666666666666,0.44333333333333336,0.41705000000000003,0.8586844987409894,8.5241,0.0425,0.7300325512511932,0.5731248427092597,0.44449194000694947
1.0,7.0,1.0,1.0,5.0,7.0,5.0,3.0,3.0,0.0,0.0,0.0,2.0,none,blank_wall,east_34th_street/west_to_east/33_n00299_E.jpg,east_34th_street,west_to_east,n00299,E,33,0.125,0.0,0.0,0.6666666666666666,1.0,0.6666666666666666,0.3333333333333333,0.3333333333333333,0.0425,0.7766666666666666,0.44333333333333336,0.41705000000000003,0.8363040019753923,4.1738,0.0425,0.7226469873185462,0.44904535006627183,0.40110847133698996
1.0,7.0,1.0,1.0,1.0,7.0,1.0,1.0,1.0,0.0,0.0,0.0,0.0,none,blank_wall,east_34th_street/west_to_east/34_n00300_E.jpg,east_34th_street,west_to_east,n00300,E,34,0.125,0.0,0.0,0.0,1.0,0.0,0.0,0.0,0.0425,0.33,0.0,0.12335000000000002,0.7685779416921384,0.7005,0.0425,0.2536307207584057,0.019979699008439173,0.10474143852305881
1.0,7.0,1.0,1.0,1.0,7.0,1.0,1.0,1.0,0.0,0.0,0.0,0.0,none,blank_wall,east_34th_street/west_to_east/35_n00301_E.jpg,east_34th_street,west_to_east,n00301,E,35,0.125,0.0,0.0,0.0,1.0,0.0,0.0,0.0,0.0425,0.33,0.0,0.12335000000000002,0.6604766710099683,0.2584,0.0425,0.21795730143328956,0.007370098820529169,0.0888080420837602
1.0,7.0,1.0,1.0,1.0,7.0,1.0,1.0,1.0,0.0,0.0,0.0,1.0,none,blank_wall,east_34th_street/west_to_east/36_n00302_E.jpg,east_34th_street,west_to_east,n00302,E,36,0.125,0.0,0.0,0.0,1.0,0.0,0.0,0.0,0.0425,0.33,0.0,0.12335000000000002,0.637960909408509,3.7191,0.0425,0.210527100104808,0.10607637199469827,0.11892914579283707
1.0,7.0,1.0,1.0,3.0,7.0,3.0,3.0,1.0,0.0,0.0,0.0,0.0,none,blank_wall,east_34th_street/west_to_east/37_n00303_E.jpg,east_34th_street,west_to_east,n00303,E,37,0.125,0.0,0.0,0.3333333333333333,1.0,0.3333333333333333,0.3333333333333333,0.0,0.0425,0.5533333333333333,0.22333333333333333,0.27075,0.7514776509290053,0.8779,0.0425,0.4713209581399051,0.13503951143398824,0.2145489549593848
1.0,7.0,1.0,1.0,3.0,7.0,3.0,3.0,1.0,0.0,0.0,0.0,0.0,none,blank_wall,east_34th_street/west_to_east/38_n00304_E.jpg,east_34th_street,west_to_east,n00304,E,38,0.125,0.0,0.0,0.3333333333333333,1.0,0.3333333333333333,0.3333333333333333,0.0,0.0425,0.5533333333333333,0.22333333333333333,0.27075,0.7920584940596841,2.1939,0.0425,0.4847126363730291,0.1725745348388504,0.23135476649992023
1.0,7.0,1.0,1.0,3.0,7.0,5.0,3.0,2.0,0.0,0.0,0.0,2.0,none,blank_wall,east_34th_street/west_to_east/39_n00305_E.jpg,east_34th_street,west_to_east,n00305,E,39,0.125,0.0,0.0,0.3333333333333333,1.0,0.6666666666666666,0.3333333333333333,0.16666666666666666,0.0425,0.6633333333333333,0.38833333333333336,0.36150000000000004,0.7344318047125633,1.4677,0.0425,0.5756958288884793,0.31686181903595456,0.30899402381506313
3.0,6.0,3.0,4.0,4.0,6.0,5.0,5.0,4.0,2.0,0.0,0.0,0.0,tree_canopy,shopfront,east_34th_street/west_to_east/40_n00306_E.jpg,east_34th_street,west_to_east,n00306,E,40,0.3333333333333333,0.3333333333333333,0.5,0.5,0.8333333333333334,0.6666666666666666,0.6666666666666666,0.5,0.3883333333333333,0.665,0.6116666666666667,0.5533333333333335,0.8509800990860997,1.3962,0.3883333333333333,0.6708234326984129,0.4248224921564351,0.4935964885354332
1.0,7.0,1.0,1.0,5.0,7.0,5.0,3.0,3.0,0.0,0.0,0.0,0.0,none,blank_wall,east_34th_street/west_to_east/41_n00307_E.jpg,east_34th_street,west_to_east,n00307,E,41,0.125,0.0,0.0,0.6666666666666666,1.0,0.6666666666666666,0.3333333333333333,0.3333333333333333,0.0425,0.7766666666666666,0.44333333333333336,0.41705000000000003,0.8864462146561892,0.804,0.0425,0.7391939175032092,0.3529317316242471,0.3748514642120606
1.0,7.0,1.0,1.0,5.0,7.0,5.0,3.0,2.0,0.0,0.0,0.0,0.0,none,blank_wall,east_34th_street/west_to_east/42_n00308_E.jpg,east_34th_street,west_to_east,n00308,E,42,0.125,0.0,0.0,0.6666666666666666,1.0,0.6666666666666666,0.3333333333333333,0.16666666666666666,0.0425,0.7766666666666666,0.38833333333333336,0.39890000000000003,0.8940465317758838,2.1027,0.0425,0.7417020221527083,0.33497332349042835,0.3697528640622351
1.0,7.0,1.0,1.0,1.0,7.0,1.0,1.0,1.0,0.0,0.0,0.0,0.0,none,blank_wall,east_34th_street/west_to_east/43_n00309_E.jpg,east_34th_street,west_to_east,n00309,E,43,0.125,0.0,0.0,0.0,1.0,0.0,0.0,0.0,0.0425,0.33,0.0,0.12335000000000002,0.8995914624917466,3.5552,0.0425,0.2968651826222764,0.10140160730164591,0.14587804067489438
1.0,7.0,1.0,1.0,3.0,7.0,3.0,3.0,1.0,0.0,0.0,0.0,1.0,none,blank_wall,east_34th_street/west_to_east/44_n00310_E.jpg,east_34th_street,west_to_east,n00310,E,44,0.125,0.0,0.0,0.3333333333333333,1.0,0.3333333333333333,0.3333333333333333,0.0,0.0425,0.5533333333333333,0.22333333333333333,0.27075,0.8946414302207187,3.0402,0.0425,0.5185650053061706,0.19671274935825378,0.2504916590392601
1.0,7.0,1.0,1.0,3.0,7.0,3.0,3.0,1.0,0.0,0.0,0.0,0.0,none,blank_wall,east_34th_street/west_to_east/45_n00311_E.jpg,east_34th_street,west_to_east,n00311,E,45,0.125,0.0,0.0,0.3333333333333333,1.0,0.3333333333333333,0.3333333333333333,0.0,0.0425,0.5533333333333333,0.22333333333333333,0.27075,0.8770408971159032,0.8855,0.0425,0.5127568293815814,0.13525627904635673,0.22829432578121958
1.0,7.0,1.0,1.0,3.0,7.0,3.0,3.0,3.0,0.0,0.0,0.0,0.0,none,blank_wall,east_34th_street/west_to_east/46_n00312_E.jpg,east_34th_street,west_to_east,n00312,E,46,0.125,0.0,0.0,0.3333333333333333,1.0,0.3333333333333333,0.3333333333333333,0.3333333333333333,0.0425,0.5533333333333333,0.3333333333333333,0.30705,0.8388295087366558,0.9546,0.0425,0.5001470712164298,0.24722715299565456,0.2610834939899878
1.0,7.0,1.0,1.0,5.0,7.0,5.0,3.0,2.0,0.0,0.0,0.0,0.0,none,blank_wall,east_34th_street/west_to_east/47_n00313_E.jpg,east_34th_street,west_to_east,n00313,E,47,0.125,0.0,0.0,0.6666666666666666,1.0,0.6666666666666666,0.3333333333333333,0.16666666666666666,0.0425,0.7766666666666666,0.38833333333333336,0.39890000000000003,0.7620761696977308,0.9467,0.0425,0.6981518026669179,0.3020018287670084,0.3445006983731957
1.0,7.0,1.0,1.0,1.0,7.0,1.0,1.0,1.0,0.0,0.0,0.0,0.0,none,blank_wall,east_35th_street/east_to_west/01_n00359_W.jpg,east_35th_street,east_to_west,n00359,W,1,0.125,0.0,0.0,0.0,1.0,0.0,0.0,0.0,0.0425,0.33,0.0,0.12335000000000002,0.7034504154726496,3.0375,0.0425,0.2321386371059744,0.08663573981175446,0.11964554438285054
1.0,7.0,1.0,1.0,1.0,7.0,1.0,1.0,1.0,0.0,0.0,0.0,0.0,none,blank_wall,east_35th_street/east_to_west/02_n00358_W.jpg,east_35th_street,east_to_west,n00358,W,2,0.125,0.0,0.0,0.0,1.0,0.0,0.0,0.0,0.0425,0.33,0.0,0.12335000000000002,0.7643155701769382,7.3688,0.0425,0.2522241381583896,0.21017331342382098,0.16704115902212952
1.0,7.0,1.0,1.0,1.0,7.0,1.0,1.0,1.0,0.0,0.0,0.0,0.0,none,blank_wall,east_35th_street/east_to_west/03_n00357_W.jpg,east_35th_street,east_to_west,n00357,W,3,0.125,0.0,0.0,0.0,1.0,0.0,0.0,0.0,0.0425,0.33,0.0,0.12335000000000002,0.7609949605145053,6.6009,0.0425,0.25112833696978676,0.18827122795832427,0.15945185642627663
1.0,7.0,1.0,1.0,1.0,7.0,1.0,1.0,1.0,0.0,0.0,0.0,0.0,none,blank_wall,east_35th_street/east_to_west/04_n00356_W.jpg,east_35th_street,east_to_west,n00356,W,4,0.125,0.0,0.0,0.0,1.0,0.0,0.0,0.0,0.0425,0.33,0.0,0.12335000000000002,0.7246784080680612,6.4413,0.0425,0.2391438746624602,0.18371910809858566,0.15399478431114516
1.0,7.0,1.0,1.0,1.0,7.0,1.0,1.0,1.0,0.0,0.0,0.0,0.0,none,blank_wall,east_35th_street/east_to_west/05_n00355_W.jpg,east_35th_street,east_to_west,n00355,W,5,0.125,0.0,0.0,0.0,1.0,0.0,0.0,0.0,0.0425,0.33,0.0,0.12335000000000002,0.6927837141539925,9.5494,0.0425,0.22861862567081756,0.2723685049410265,0.17977575310190855
1.0,7.0,1.0,1.0,1.0,7.0,1.0,1.0,1.0,0.0,0.0,0.0,0.0,none,blank_wall,east_35th_street/east_to_west/06_n00354_W.jpg,east_35th_street,east_to_west,n00354,W,6,0.125,0.0,0.0,0.0,1.0,0.0,0.0,0.0,0.0425,0.33,0.0,0.12335000000000002,0.6857619645291498,10.0926,0.0425,0.22630144829461946,0.28786168481452273,0.18412383392601694
1.0,7.0,1.0,1.0,1.0,7.0,1.0,1.0,1.0,0.0,0.0,0.0,2.0,none,blank_wall,east_35th_street/east_to_west/07_n00353_W.jpg,east_35th_street,east_to_west,n00353,W,7,0.125,0.0,0.0,0.0,1.0,0.0,0.0,0.0,0.0425,0.33,0.0,0.12335000000000002,0.6714631197293641,8.0676,0.0425,0.22158282951069017,0.23010452494001984,0.1635068269687343
1.0,7.0,1.0,1.0,1.0,7.0,1.0,1.0,1.0,0.0,0.0,0.0,0.0,none,blank_wall,east_35th_street/east_to_west/08_n00352_W.jpg,east_35th_street,east_to_west,n00352,W,8,0.125,0.0,0.0,0.0,1.0,0.0,0.0,0.0,0.0425,0.33,0.0,0.12335000000000002,0.6640872115254877,9.0876,0.0425,0.21914877980341094,0.2591970202842139,0.1723041140289162
1.0,7.0,1.0,1.0,1.0,7.0,1.0,1.0,1.0,0.0,0.0,0.0,0.0,none,blank_wall,east_35th_street/east_to_west/09_n00351_W.jpg,east_35th_street,east_to_west,n00351,W,9,0.125,0.0,0.0,0.0,1.0,0.0,0.0,0.0,0.0425,0.33,0.0,0.12335000000000002,0.6261985014606439,3.6041,0.0425,0.20664550548201252,0.10279633575491166,0.11656580760818498
1.0,7.0,1.0,1.0,1.0,7.0,1.0,1.0,1.0,0.0,0.0,0.0,1.0,none,blank_wall,east_35th_street/east_to_west/10_n00350_W.jpg,east_35th_street,east_to_west,n00350,W,10,0.125,0.0,0.0,0.0,1.0,0.0,0.0,0.0,0.0425,0.33,0.0,0.12335000000000002,0.5543524031530407,6.5072,0.0425,0.18293629304050343,0.18559871147425466,0.13606655148987018
1.0,7.0,1.0,1.0,3.0,7.0,3.0,3.0,1.0,0.0,0.0,0.0,0.0,none,blank_wall,east_35th_street/east_to_west/11_n00349_W.jpg,east_35th_street,east_to_west,n00349,W,11,0.125,0.0,0.0,0.3333333333333333,1.0,0.3333333333333333,0.3333333333333333,0.0,0.0425,0.5533333333333333,0.22333333333333333,0.27075,0.5959113611941919,7.3037,0.0425,0.41998408252741665,0.31831652769155916,0.258089201372262
1.0,7.0,1.0,1.0,5.0,5.0,5.0,3.0,3.0,0.0,0.0,0.0,0.0,none,blank_wall,east_35th_street/east_to_west/12_n00348_W.jpg,east_35th_street,east_to_west,n00348,W,12,0.125,0.0,0.0,0.6666666666666666,0.6666666666666666,0.6666666666666666,0.3333333333333333,0.3333333333333333,0.0425,0.6666666666666666,0.44333333333333336,0.38075000000000003,0.6205201044381979,1.4539,0.0425,0.651438301131272,0.37146821468718016,0.3520091502200892
1.0,7.0,1.0,1.0,1.0,7.0,1.0,1.0,1.0,0.0,0.0,0.0,0.0,none,blank_wall,east_35th_street/east_to_west/13_n00347_W.jpg,east_35th_street,east_to_west,n00347,W,13,0.125,0.0,0.0,0.0,1.0,0.0,0.0,0.0,0.0425,0.33,0.0,0.12335000000000002,0.7465890384022641,1.1665,0.0425,0.24637438267274717,0.03327097629313961,0.10673296845874265
3.0,6.0,3.0,3.0,3.0,6.0,3.0,3.0,3.0,2.0,0.0,0.0,0.0,tree_canopy,blank_wall,east_35th_street/east_to_west/14_n00346_W.jpg,east_35th_street,east_to_west,n00346,W,14,0.3333333333333333,0.3333333333333333,0.3333333333333333,0.3333333333333333,0.8333333333333334,0.3333333333333333,0.3333333333333333,0.3333333333333333,0.3333333333333333,0.49833333333333335,0.3333333333333333,0.38778333333333337,0.8323759672311889,4.0324,0.3333333333333333,0.4980174025196257,0.33501233159404725,0.38823314559084543
1.0,7.0,1.0,1.0,1.0,7.0,1.0,1.0,1.0,0.0,0.0,0.0,0.0,none,blank_wall,east_35th_street/east_to_west/15_n00345_W.jpg,east_35th_street,east_to_west,n00345,W,15,0.125,0.0,0.0,0.0,1.0,0.0,0.0,0.0,0.0425,0.33,0.0,0.12335000000000002,0.829783726997147,4.3148,0.0425,0.27382862990905854,0.12306695971679278,0.14542554457653095
3.0,6.0,3.0,3.0,3.0,6.0,3.0,3.0,3.0,2.0,0.0,0.0,1.0,tree_canopy,blank_wall,east_35th_street/east_to_west/16_n00344_W.jpg,east_35th_street,east_to_west,n00344,W,16,0.3333333333333333,0.3333333333333333,0.3333333333333333,0.3333333333333333,0.8333333333333334,0.3333333333333333,0.3333333333333333,0.3333333333333333,0.3333333333333333,0.49833333333333335,0.3333333333333333,0.38778333333333337,0.8718136211133212,3.3702,0.3333333333333333,0.5110318283007294,0.3161250272637283,0.3862950956696044
3.0,6.0,3.0,3.0,2.0,6.0,3.0,4.0,2.0,2.0,0.0,0.0,0.0,tree_canopy,blank_wall,east_35th_street/east_to_west/17_n00343_W.jpg,east_35th_street,east_to_west,n00343,W,17,0.3333333333333333,0.3333333333333333,0.3333333333333333,0.16666666666666666,0.8333333333333334,0.3333333333333333,0.5,0.16666666666666666,0.3333333333333333,0.44166666666666665,0.335,0.36963333333333337,0.8909728065213259,4.5714,0.3333333333333333,0.46068769281870425,0.2953857188396557,0.36283755918059213
1.0,7.0,1.0,1.0,1.0,7.0,1.0,1.0,1.0,0.0,0.0,0.0,0.0,none,blank_wall,east_35th_street/east_to_west/18_n00342_W.jpg,east_35th_street,east_to_west,n00342,W,18,0.125,0.0,0.0,0.0,1.0,0.0,0.0,0.0,0.0425,0.33,0.0,0.12335000000000002,0.905598453502044,2.5077,0.0425,0.29884748965567454,0.07152475546532892,0.13667284088993115
1.0,7.0,1.0,1.0,3.0,7.0,3.0,3.0,1.0,0.0,0.0,0.0,0.0,none,blank_wall,east_35th_street/east_to_west/19_n00341_W.jpg,east_35th_street,east_to_west,n00341,W,19,0.125,0.0,0.0,0.3333333333333333,1.0,0.3333333333333333,0.3333333333333333,0.0,0.0425,0.5533333333333333,0.22333333333333333,0.27075,0.8234492267688703,1.4352,0.0425,0.49507157816706054,0.1509348522725366,0.22763212204506705
3.0,6.0,3.0,4.0,4.0,6.0,5.0,5.0,3.0,2.0,0.0,0.0,1.0,tree_canopy,blank_wall,east_35th_street/east_to_west/20_n00340_W.jpg,east_35th_street,east_to_west,n00340,W,20,0.3333333333333333,0.3333333333333333,0.5,0.5,0.8333333333333334,0.6666666666666666,0.6666666666666666,0.3333333333333333,0.3883333333333333,0.665,0.5566666666666666,0.5351833333333333,0.8519575494577591,3.2386,0.3883333333333333,0.6711459913210606,0.4223715249232421,0.4928941136939532
3.0,6.0,3.0,3.0,3.0,6.0,3.0,3.0,3.0,1.0,0.0,0.0,0.0,tree_canopy,blank_wall,east_35th_street/east_to_west/21_n00339_W.jpg,east_35th_street,east_to_west,n00339,W,21,0.3333333333333333,0.3333333333333333,0.3333333333333333,0.3333333333333333,0.8333333333333334,0.3333333333333333,0.3333333333333333,0.3333333333333333,0.3333333333333333,0.49833333333333335,0.3333333333333333,0.38778333333333337,0.8890750302424857,5.1421,0.3333333333333333,0.5167280933133537,0.3666632552052749,0.4048524783444808
1.0,7.0,1.0,1.0,3.0,7.0,3.0,3.0,3.0,0.0,0.0,0.0,0.0,none,blank_wall,east_35th_street/east_to_west/22_n00338_W.jpg,east_35th_street,east_to_west,n00338,W,22,0.125,0.0,0.0,0.3333333333333333,1.0,0.3333333333333333,0.3333333333333333,0.3333333333333333,0.0425,0.5533333333333333,0.3333333333333333,0.30705,0.915183766127516,6.3348,0.0425,0.5253439761554136,0.4006815093200007,0.3200384102068867
1.0,7.0,1.0,1.0,5.0,7.0,5.0,3.0,3.0,0.0,0.0,0.0,0.0,none,blank_wall,east_35th_street/east_to_west/23_n00337_W.jpg,east_35th_street,east_to_west,n00337,W,23,0.125,0.0,0.0,0.6666666666666666,1.0,0.6666666666666666,0.3333333333333333,0.3333333333333333,0.0425,0.7766666666666666,0.44333333333333336,0.41705000000000003,0.8319513673383633,0.6559,0.0425,0.7212106178883266,0.34870761538848716,0.3675230169813486
3.0,6.0,3.0,3.0,3.0,6.0,3.0,3.0,3.0,2.0,0.0,0.0,1.0,tree_canopy,blank_wall,east_35th_street/east_to_west/24_n00336_W.jpg,east_35th_street,east_to_west,n00336,W,24,0.3333333333333333,0.3333333333333333,0.3333333333333333,0.3333333333333333,0.8333333333333334,0.3333333333333333,0.3333333333333333,0.3333333333333333,0.3333333333333333,0.49833333333333335,0.3333333333333333,0.38778333333333337,0.7940673395241402,2.355,0.3333333333333333,0.4853755553762996,0.2871694377799775,0.3682731810749048
3.0,6.0,5.0,4.0,3.0,6.0,5.0,5.0,3.0,2.0,0.0,0.0,0.0,tree_canopy,blank_wall,east_35th_street/east_to_west/25_n00335_W.jpg,east_35th_street,east_to_west,n00335,W,25,0.3333333333333333,0.6666666666666666,0.5,0.3333333333333333,0.8333333333333334,0.6666666666666666,0.6666666666666666,0.3333333333333333,0.4983333333333334,0.6083333333333334,0.5566666666666666,0.5538833333333334,0.8481444331687665,1.0452,0.4983333333333334,0.6132209962790263,0.35981125111152124,0.49053397497221407
3.0,6.0,3.0,4.0,4.0,6.0,5.0,5.0,3.0,2.0,0.0,0.0,0.0,tree_canopy,blank_wall,east_35th_street/east_to_west/26_n00334_W.jpg,east_35th_street,east_to_west,n00334,W,26,0.3333333333333333,0.3333333333333333,0.5,0.5,0.8333333333333334,0.6666666666666666,0.6666666666666666,0.3333333333333333,0.3883333333333333,0.665,0.5566666666666666,0.5351833333333333,0.906478532668368,2.7081,0.3883333333333333,0.6891379157805614,0.40724057513883527,0.4938382353367342
3.0,6.0,3.0,4.0,4.0,6.0,5.0,5.0,3.0,0.0,0.0,0.0,0.0,hedge,blank_wall,east_35th_street/east_to_west/27_n00333_W.jpg,east_35th_street,east_to_west,n00333,W,27,0.3333333333333333,0.3333333333333333,0.5,0.5,0.8333333333333334,0.6666666666666666,0.6666666666666666,0.3333333333333333,0.3883333333333333,0.665,0.5566666666666666,0.5351833333333333,0.9083910795192494,1.8305,0.3883333333333333,0.6897690562413523,0.38220962032112477,0.4857862965989508
3.0,6.0,3.0,4.0,4.0,6.0,5.0,5.0,3.0,4.0,0.0,0.0,0.0,tree_canopy,blank_wall,east_35th_street/east_to_west/28_n00332_W.jpg,east_35th_street,east_to_west,n00332,W,28,0.3333333333333333,0.3333333333333333,0.5,0.5,0.8333333333333334,0.6666666666666666,0.6666666666666666,0.3333333333333333,0.3883333333333333,0.665,0.5566666666666666,0.5351833333333333,0.9089593574032474,4.4065,0.3883333333333333,0.6899565879430717,0.4556824320923444,0.5100942099450206
3.0,6.0,5.0,4.0,4.0,6.0,5.0,6.0,3.0,2.0,0.0,0.0,0.0,tree_canopy,blank_wall,east_35th_street/east_to_west/29_n00331_W.jpg,east_35th_street,east_to_west,n00331,W,29,0.3333333333333333,0.6666666666666666,0.5,0.5,0.8333333333333334,0.6666666666666666,0.8333333333333334,0.3333333333333333,0.4983333333333334,0.665,0.6133333333333334,0.5912833333333334,0.8942674924671057,4.5353,0.4983333333333334,0.6851082725141449,0.45935607268090534,0.5471065672477
1.0,7.0,1.0,1.0,1.0,7.0,1.0,1.0,1.0,0.0,0.0,0.0,0.0,none,blank_wall,east_35th_street/east_to_west/30_n00330_W.jpg,east_35th_street,east_to_west,n00330,W,30,0.125,0.0,0.0,0.0,1.0,0.0,0.0,0.0,0.0425,0.33,0.0,0.12335000000000002,0.835386878497159,4.4247,0.0425,0.27567766990406245,0.1262015334798584,0.1470701371166939
2.0,6.0,3.0,3.0,4.0,6.0,5.0,5.0,4.0,2.0,0.0,0.0,0.0,tree_canopy,blank_wall,east_35th_street/east_to_west/31_n00329_W.jpg,east_35th_street,east_to_west,n00329,W,31,0.25,0.3333333333333333,0.3333333333333333,0.5,0.8333333333333334,0.6666666666666666,0.6666666666666666,0.5,0.305,0.665,0.6116666666666667,0.5250000000000001,0.8144852524051975,7.4611,0.305,0.6587801332937152,0.5978058990319279,0.5183733906674622
3.0,6.0,3.0,4.0,3.0,6.0,4.0,5.0,3.0,10.0,0.0,0.0,0.0,tree_canopy,blank_wall,east_35th_street/east_to_west/32_n00328_W.jpg,east_35th_street,east_to_west,n00328,W,32,0.3333333333333333,0.3333333333333333,0.5,0.3333333333333333,0.8333333333333334,0.5,0.6666666666666666,0.3333333333333333,0.3883333333333333,0.5533333333333333,0.5016666666666667,0.48018333333333335,0.8512973286107757,4.8247,0.3883333333333333,0.5592614517748893,0.4126103551834639,0.4527510296295899
3.0,6.0,3.0,4.0,3.0,6.0,5.0,5.0,3.0,10.0,0.0,0.0,0.0,tree_canopy,blank_wall,east_35th_street/east_to_west/33_n00327_W.jpg,east_35th_street,east_to_west,n00327,W,33,0.3333333333333333,0.3333333333333333,0.5,0.3333333333333333,0.8333333333333334,0.6666666666666666,0.6666666666666666,0.3333333333333333,0.3883333333333333,0.6083333333333334,0.5566666666666666,0.5164833333333334,0.878171975803282,5.3415,0.3883333333333333,0.6231300853484164,0.4823505528245222,0.4968419439304031
3.0,6.0,3.0,4.0,3.0,6.0,5.0,5.0,3.0,10.0,0.0,0.0,10.0,tree_canopy,blank_wall,east_35th_street/east_to_west/34_n00326_W.jpg,east_35th_street,east_to_west,n00326,W,34,0.3333333333333333,0.3333333333333333,0.5,0.3333333333333333,0.8333333333333334,0.6666666666666666,0.6666666666666666,0.3333333333333333,0.3883333333333333,0.6083333333333334,0.5566666666666666,0.5164833333333334,0.8804901550511973,3.748,0.3883333333333333,0.6238950845002285,0.43690065936278377,0.48209592880812746
3.0,6.0,3.0,4.0,4.0,6.0,5.0,5.0,3.0,0.0,0.0,0.0,0.0,hedge,blank_wall,east_35th_street/east_to_west/35_n00325_W.jpg,east_35th_street,east_to_west,n00325,W,35,0.3333333333333333,0.3333333333333333,0.5,0.5,0.8333333333333334,0.6666666666666666,0.6666666666666666,0.3333333333333333,0.3883333333333333,0.665,0.5566666666666666,0.5351833333333333,0.8894784946471108,5.3907,0.3883333333333333,0.6835279032335466,0.48375383789406573,0.5172363079054454
1.0,7.0,1.0,1.0,1.0,7.0,1.0,1.0,1.0,0.0,0.0,0.0,1.0,none,blank_wall,east_35th_street/east_to_west/36_n00324_W.jpg,east_35th_street,east_to_west,n00324,W,36,0.125,0.0,0.0,0.0,1.0,0.0,0.0,0.0,0.0425,0.33,0.0,0.12335000000000002,0.8793977119839457,5.3366,0.0425,0.29020124495470206,0.1522107947586531,0.1604459731054072
1.0,7.0,1.0,1.0,1.0,7.0,1.0,1.0,1.0,0.0,0.0,0.0,0.0,none,blank_wall,east_35th_street/east_to_west/37_n00323_W.jpg,east_35th_street,east_to_west,n00323,W,37,0.125,0.0,0.0,0.0,1.0,0.0,0.0,0.0,0.0425,0.33,0.0,0.12335000000000002,0.869035711668921,4.5505,0.0425,0.28678178485074396,0.12978960790564237,0.15191855960960748
3.0,6.0,3.0,3.0,3.0,6.0,3.0,3.0,3.0,2.0,0.0,0.0,1.0,tree_canopy,blank_wall,east_35th_street/east_to_west/38_n00322_W.jpg,east_35th_street,east_to_west,n00322,W,38,0.3333333333333333,0.3333333333333333,0.3333333333333333,0.3333333333333333,0.8333333333333334,0.3333333333333333,0.3333333333333333,0.3333333333333333,0.3333333333333333,0.49833333333333335,0.3333333333333333,0.38778333333333337,0.8065973566773197,0.0234,0.3333333333333333,0.48951046103684887,0.22066741606966092,0.3476920327784816
3.0,6.0,3.0,4.0,4.0,6.0,5.0,5.0,3.0,2.0,0.0,0.0,1.0,tree_canopy,blank_wall,east_35th_street/east_to_west/39_n00321_W.jpg,east_35th_street,east_to_west,n00321,W,39,0.3333333333333333,0.3333333333333333,0.5,0.5,0.8333333333333334,0.6666666666666666,0.6666666666666666,0.3333333333333333,0.3883333333333333,0.665,0.5566666666666666,0.5351833333333333,0.8006574054046952,0.8693,0.3883333333333333,0.6542169437835494,0.3547942217673607,0.46500701796513366
3.0,6.0,3.0,2.0,3.0,6.0,4.0,4.0,2.0,0.0,0.0,0.0,1.0,hedge,blank_wall,east_35th_street/east_to_west/40_n00320_W.jpg,east_35th_street,east_to_west,n00320,W,40,0.3333333333333333,0.3333333333333333,0.16666666666666666,0.3333333333333333,0.8333333333333334,0.5,0.5,0.16666666666666666,0.2783333333333333,0.5533333333333333,0.39,0.40593333333333337,0.8927107947993884,3.58,0.2783333333333333,0.5729278956171315,0.32210895424726943,0.38999549378858567
3.0,6.0,3.0,2.0,3.0,6.0,3.0,3.0,,0.0,0.0,0.0,0.0,hedge,blank_wall,east_35th_street/east_to_west/41_n00319_W.jpg,east_35th_street,east_to_west,n00319,W,41,0.3333333333333333,0.3333333333333333,0.16666666666666666,0.3333333333333333,0.8333333333333334,0.3333333333333333,0.3333333333333333,,0.2783333333333333,0.49833333333333335,,,0.9069085689178796,5.0686,0.2783333333333333,0.5226131610762337,,
1.0,7.0,1.0,1.0,1.0,7.0,1.0,1.0,1.0,0.0,0.0,0.0,1.0,none,blank_wall,east_35th_street/east_to_west/42_n00318_W.jpg,east_35th_street,east_to_west,n00318,W,42,0.125,0.0,0.0,0.0,1.0,0.0,0.0,0.0,0.0425,0.33,0.0,0.12335000000000002,0.9281989813876648,2.6824,0.0425,0.3063056638579294,0.07650755834437864,0.14077836332676166
1.0,7.0,1.0,1.0,1.0,7.0,1.0,1.0,1.0,0.0,0.0,0.0,0.0,none,blank_wall,east_35th_street/east_to_west/43_n00317_W.jpg,east_35th_street,east_to_west,n00317,W,43,0.125,0.0,0.0,0.0,1.0,0.0,0.0,0.0,0.0425,0.33,0.0,0.12335000000000002,0.941933126174612,3.4046,0.0425,0.31083793163762197,0.09710618593023841,0.14907155879739392
3.0,6.0,3.0,3.0,2.0,6.0,3.0,4.0,2.0,2.0,0.0,0.0,0.0,tree_canopy,blank_wall,east_35th_street/east_to_west/44_n00316_W.jpg,east_35th_street,east_to_west,n00316,W,44,0.3333333333333333,0.3333333333333333,0.3333333333333333,0.16666666666666666,0.8333333333333334,0.3333333333333333,0.5,0.16666666666666666,0.3333333333333333,0.44166666666666665,0.335,0.36963333333333337,0.93930787065595,0.6927,0.3333333333333333,0.47663826398313014,0.18475722698521885,0.3315938453528885
1.0,7.0,1.0,1.0,1.0,7.0,1.0,1.0,1.0,0.0,0.0,0.0,0.0,none,blank_wall,east_35th_street/east_to_west/45_n00315_W.jpg,east_35th_street,east_to_west,n00315,W,45,0.125,0.0,0.0,0.0,1.0,0.0,0.0,0.0,0.0425,0.33,0.0,0.12335000000000002,0.935027541661792,1.1963,0.0425,0.3085590887483914,0.03412093351005822,0.12753440734528837
1.0,7.0,1.0,1.0,5.0,7.0,5.0,3.0,3.0,0.0,0.0,0.0,0.0,none,blank_wall,east_35th_street/east_to_west/46_n00314_W.jpg,east_35th_street,east_to_west,n00314,W,46,0.125,0.0,0.0,0.6666666666666666,1.0,0.6666666666666666,0.3333333333333333,0.3333333333333333,0.0425,0.7766666666666666,0.44333333333333336,0.41705000000000003,0.8368253810785111,1.6937,0.0425,0.7228190424225753,0.3783078032984917,0.3778218590879521
3.0,6.0,3.0,4.0,4.0,6.0,5.0,5.0,4.0,0.0,0.0,0.0,10.0,hedge,blank_wall,east_35th_street/west_to_east/01_n00314_E.jpg,east_35th_street,west_to_east,n00314,E,1,0.3333333333333333,0.3333333333333333,0.5,0.5,0.8333333333333334,0.6666666666666666,0.6666666666666666,0.5,0.3883333333333333,0.665,0.6116666666666667,0.5533333333333335,0.8368253810785111,4.3645,0.3883333333333333,0.6661523757559087,0.5094845058134657,0.5199935042512269
3.0,6.0,3.0,4.0,3.0,6.0,4.0,5.0,3.0,0.0,0.0,0.0,0.0,hedge,blank_wall,east_35th_street/west_to_east/02_n00315_E.jpg,east_35th_street,west_to_east,n00315,E,2,0.3333333333333333,0.3333333333333333,0.5,0.3333333333333333,0.8333333333333334,0.5,0.6666666666666666,0.3333333333333333,0.3883333333333333,0.5533333333333333,0.5016666666666667,0.48018333333333335,0.935027541661792,1.4108,0.3883333333333333,0.5868924220817248,0.3152389141486167,0.42973667428934603
3.0,6.0,3.0,3.0,3.0,6.0,3.0,3.0,2.0,2.0,0.0,0.0,0.0,tree_canopy,blank_wall,east_35th_street/west_to_east/03_n00316_E.jpg,east_35th_street,west_to_east,n00316,E,3,0.3333333333333333,0.3333333333333333,0.3333333333333333,0.3333333333333333,0.8333333333333334,0.3333333333333333,0.3333333333333333,0.16666666666666666,0.3333333333333333,0.49833333333333335,0.2783333333333333,0.36963333333333337,0.93930787065595,1.0861,0.3333333333333333,0.5333049306497969,0.1959778031307149,0.3539966354809022
3.0,6.0,3.0,2.0,2.0,6.0,3.0,4.0,2.0,0.0,0.0,0.0,0.0,tree_canopy,blank_wall,east_35th_street/west_to_east/04_n00317_E.jpg,east_35th_street,west_to_east,n00317,E,4,0.3333333333333333,0.3333333333333333,0.16666666666666666,0.16666666666666666,0.8333333333333334,0.3333333333333333,0.5,0.16666666666666666,0.2783333333333333,0.44166666666666665,0.335,0.3509333333333333,0.941933126174612,0.2782,0.2783333333333333,0.4775045983042886,0.17293483549485764,0.3092783464870516
1.0,7.0,1.0,1.0,1.0,7.0,1.0,1.0,1.0,0.0,0.0,0.0,1.0,none,blank_wall,east_35th_street/west_to_east/05_n00318_E.jpg,east_35th_street,west_to_east,n00318,E,5,0.125,0.0,0.0,0.0,1.0,0.0,0.0,0.0,0.0425,0.33,0.0,0.12335000000000002,0.9281989813876648,2.6684,0.0425,0.3063056638579294,0.07610824958475246,0.14064659143608502
1.0,7.0,1.0,1.0,1.0,7.0,1.0,1.0,1.0,0.0,0.0,0.0,0.0,none,blank_wall,east_35th_street/west_to_east/06_n00319_E.jpg,east_35th_street,west_to_east,n00319,E,6,0.125,0.0,0.0,0.0,1.0,0.0,0.0,0.0,0.0425,0.33,0.0,0.12335000000000002,0.9069085689178796,4.3418,0.0425,0.2992798277429003,0.12383705518178616,0.15407857136514652
1.0,7.0,1.0,1.0,1.0,7.0,1.0,1.0,1.0,2.0,0.0,0.0,1.0,tree_canopy,blank_wall,east_35th_street/west_to_east/07_n00320_E.jpg,east_35th_street,west_to_east,n00320,E,7,0.125,0.0,0.0,0.0,1.0,0.0,0.0,0.0,0.0425,0.33,0.0,0.12335000000000002,0.8927107947993884,2.2523,0.0425,0.2945945622837982,0.06424022280757681,0.13286547908015378
3.0,6.0,3.0,4.0,4.0,6.0,5.0,5.0,3.0,2.0,0.0,0.0,0.0,tree_canopy,blank_wall,east_35th_street/west_to_east/08_n00321_E.jpg,east_35th_street,west_to_east,n00321,E,8,0.3333333333333333,0.3333333333333333,0.5,0.5,0.8333333333333334,0.6666666666666666,0.6666666666666666,0.3333333333333333,0.3883333333333333,0.665,0.5566666666666666,0.5351833333333333,0.8006574054046952,1.8532,0.3883333333333333,0.6542169437835494,0.38285707095280436,0.47426775819633005
1.0,7.0,1.0,1.0,3.0,7.0,3.0,3.0,3.0,0.0,0.0,0.0,0.0,none,blank_wall,east_35th_street/west_to_east/09_n00322_E.jpg,east_35th_street,west_to_east,n00322,E,9,0.125,0.0,0.0,0.3333333333333333,1.0,0.3333333333333333,0.3333333333333333,0.3333333333333333,0.0425,0.5533333333333333,0.3333333333333333,0.30705,0.8065973566773197,2.1998,0.0425,0.48951046103684887,0.28274281495897857,0.26929358107862306
3.0,6.0,5.0,4.0,3.0,6.0,5.0,6.0,3.0,2.0,0.0,0.0,1.0,tree_canopy,blank_wall,east_35th_street/west_to_east/10_n00323_E.jpg,east_35th_street,west_to_east,n00323,E,10,0.3333333333333333,0.6666666666666666,0.5,0.3333333333333333,0.8333333333333334,0.6666666666666666,0.8333333333333334,0.3333333333333333,0.4983333333333334,0.6083333333333334,0.6133333333333334,0.5725833333333334,0.869035711668921,5.3492,0.4983333333333334,0.6201151181840773,0.4825701726423166,0.5333194793060434
3.0,6.0,3.0,4.0,3.0,6.0,5.0,5.0,3.0,0.0,0.0,0.0,0.0,hedge,blank_wall,east_35th_street/west_to_east/11_n00324_E.jpg,east_35th_street,west_to_east,n00324,E,11,0.3333333333333333,0.3333333333333333,0.5,0.3333333333333333,0.8333333333333334,0.6666666666666666,0.6666666666666666,0.3333333333333333,0.3883333333333333,0.6083333333333334,0.5566666666666666,0.5164833333333334,0.8793977119839457,4.6513,0.3883333333333333,0.6235345782880354,0.4626646309749509,0.4904790723901188
3.0,6.0,3.0,4.0,3.0,6.0,5.0,5.0,3.0,10.0,0.0,0.0,0.0,tree_canopy,blank_wall,east_35th_street/west_to_east/12_n00325_E.jpg,east_35th_street,west_to_east,n00325,E,12,0.3333333333333333,0.3333333333333333,0.5,0.3333333333333333,0.8333333333333334,0.6666666666666666,0.6666666666666666,0.3333333333333333,0.3883333333333333,0.6083333333333334,0.5566666666666666,0.5164833333333334,0.8894784946471108,0.3265,0.3883333333333333,0.62686123656688,0.33931245071556804,0.4508706501365412
3.0,6.0,5.0,4.0,3.0,6.0,5.0,6.0,3.0,10.0,0.0,0.0,0.0,tree_canopy,blank_wall,east_35th_street/west_to_east/13_n00326_E.jpg,east_35th_street,west_to_east,n00326,E,13,0.3333333333333333,0.6666666666666666,0.5,0.3333333333333333,0.8333333333333334,0.6666666666666666,0.8333333333333334,0.3333333333333333,0.4983333333333334,0.6083333333333334,0.6133333333333334,0.5725833333333334,0.8804901550511973,5.04,0.4983333333333334,0.6238950845002285,0.4737511534654296,0.5316565918620005
3.0,6.0,3.0,4.0,3.0,6.0,5.0,5.0,3.0,2.0,0.0,0.0,0.0,tree_canopy,blank_wall,east_35th_street/west_to_east/14_n00327_E.jpg,east_35th_street,west_to_east,n00327,E,14,0.3333333333333333,0.3333333333333333,0.5,0.3333333333333333,0.8333333333333334,0.6666666666666666,0.6666666666666666,0.3333333333333333,0.3883333333333333,0.6083333333333334,0.5566666666666666,0.5164833333333334,0.878171975803282,5.182,0.3883333333333333,0.6231300853484164,0.4778012851702096,0.4953406856044799
3.0,6.0,5.0,4.0,4.0,6.0,5.0,6.0,4.0,2.0,0.0,0.0,0.0,tree_canopy,blank_wall,east_35th_street/west_to_east/15_n00328_E.jpg,east_35th_street,west_to_east,n00328,E,15,0.3333333333333333,0.6666666666666666,0.5,0.5,0.8333333333333334,0.6666666666666666,0.8333333333333334,0.5,0.4983333333333334,0.665,0.6683333333333334,0.6094333333333335,0.8512973286107757,4.6861,0.4983333333333334,0.670928118441556,0.5186571984631646,0.5619964879118912
1.0,7.0,1.0,1.0,5.0,7.0,5.0,3.0,2.0,0.0,0.0,0.0,1.0,none,blank_wall,east_35th_street/west_to_east/16_n00329_E.jpg,east_35th_street,west_to_east,n00329,E,16,0.125,0.0,0.0,0.6666666666666666,1.0,0.6666666666666666,0.3333333333333333,0.16666666666666666,0.0425,0.7766666666666666,0.38833333333333336,0.39890000000000003,0.8144852524051975,0.6067,0.0425,0.7154467999603819,0.2923043303189437,0.34700787299217745
3.0,6.0,3.0,4.0,4.0,6.0,5.0,5.0,3.0,2.0,0.0,0.0,0.0,tree_canopy,blank_wall,east_35th_street/west_to_east/17_n00330_E.jpg,east_35th_street,west_to_east,n00330,E,17,0.3333333333333333,0.3333333333333333,0.5,0.5,0.8333333333333334,0.6666666666666666,0.6666666666666666,0.3333333333333333,0.3883333333333333,0.665,0.5566666666666666,0.5351833333333333,0.835386878497159,4.3185,0.3883333333333333,0.6656776699040624,0.4531724913175511,0.5012538865364657
3.0,6.0,5.0,4.0,3.0,6.0,5.0,5.0,3.0,2.0,0.0,0.0,1.0,tree_canopy,blank_wall,east_35th_street/west_to_east/18_n00331_E.jpg,east_35th_street,west_to_east,n00331,E,18,0.3333333333333333,0.6666666666666666,0.5,0.3333333333333333,0.8333333333333334,0.6666666666666666,0.6666666666666666,0.3333333333333333,0.4983333333333334,0.6083333333333334,0.5566666666666666,0.5538833333333334,0.8942674924671057,5.3668,0.4983333333333334,0.6284416058474782,0.4830721607972753,0.5362328763261021
1.0,7.0,1.0,1.0,1.0,7.0,1.0,1.0,1.0,0.0,0.0,0.0,0.0,none,blank_wall,east_35th_street/west_to_east/19_n00332_E.jpg,east_35th_street,west_to_east,n00332,E,19,0.125,0.0,0.0,0.0,1.0,0.0,0.0,0.0,0.0425,0.33,0.0,0.12335000000000002,0.9089593574032474,2.1472,0.0425,0.2999565879430717,0.06124255490495446,0.13364571713984863
3.0,6.0,3.0,4.0,4.0,6.0,5.0,5.0,3.0,10.0,0.0,0.0,0.0,tree_canopy,blank_wall,east_35th_street/west_to_east/20_n00333_E.jpg,east_35th_street,west_to_east,n00333,E,20,0.3333333333333333,0.3333333333333333,0.5,0.5,0.8333333333333334,0.6666666666666666,0.6666666666666666,0.3333333333333333,0.3883333333333333,0.665,0.5566666666666666,0.5351833333333333,0.9083910795192494,1.1373,0.3883333333333333,0.6897690562413523,0.3624381323087764,0.4792617055548758
3.0,6.0,5.0,4.0,3.0,6.0,5.0,5.0,3.0,2.0,0.0,0.0,1.0,tree_canopy,blank_wall,east_35th_street/west_to_east/21_n00334_E.jpg,east_35th_street,west_to_east,n00334,E,21,0.3333333333333333,0.6666666666666666,0.5,0.3333333333333333,0.8333333333333334,0.6666666666666666,0.6666666666666666,0.3333333333333333,0.4983333333333334,0.6083333333333334,0.5566666666666666,0.5538833333333334,0.906478532668368,6.3233,0.4983333333333334,0.6324712491138947,0.510353505696022,0.546565502420606
1.0,7.0,1.0,1.0,1.0,7.0,1.0,1.0,1.0,0.0,0.0,0.0,0.0,none,blank_wall,east_35th_street/west_to_east/22_n00335_E.jpg,east_35th_street,west_to_east,n00335,E,22,0.125,0.0,0.0,0.0,1.0,0.0,0.0,0.0,0.0425,0.33,0.0,0.12335000000000002,0.8481444331687665,0.207,0.0425,0.27988766294569295,0.005904065231615858,0.10876127029851192
1.0,7.0,1.0,1.0,1.0,7.0,1.0,1.0,1.0,0.0,0.0,0.0,0.0,none,blank_wall,east_35th_street/west_to_east/23_n00336_E.jpg,east_35th_street,west_to_east,n00336,E,23,0.125,0.0,0.0,0.0,1.0,0.0,0.0,0.0,0.0425,0.33,0.0,0.12335000000000002,0.7940673395241402,6.8965,0.0425,0.2620422220429663,0.1967023471972887,0.16583570784928414
1.0,7.0,1.0,1.0,1.0,7.0,1.0,1.0,1.0,0.0,0.0,0.0,0.0,none,blank_wall,east_35th_street/west_to_east/24_n00337_E.jpg,east_35th_street,west_to_east,n00337,E,24,0.125,0.0,0.0,0.0,1.0,0.0,0.0,0.0,0.0425,0.33,0.0,0.12335000000000002,0.8319513673383633,2.1745,0.0425,0.2745439512216599,0.062021206986225534,0.12551650220860222
1.0,7.0,1.0,1.0,1.0,7.0,1.0,1.0,1.0,0.0,0.0,0.0,0.0,none,blank_wall,east_35th_street/west_to_east/25_n00338_E.jpg,east_35th_street,west_to_east,n00338,E,25,0.125,0.0,0.0,0.0,1.0,0.0,0.0,0.0,0.0425,0.33,0.0,0.12335000000000002,0.915183766127516,1.3821,0.0425,0.3020106428220803,0.03942033119138299,0.1271222214244429
3.0,6.0,3.0,3.0,3.0,6.0,3.0,4.0,3.0,0.0,0.0,0.0,0.0,hedge,blank_wall,east_35th_street/west_to_east/26_n00339_E.jpg,east_35th_street,west_to_east,n00339,E,26,0.3333333333333333,0.3333333333333333,0.3333333333333333,0.3333333333333333,0.8333333333333334,0.3333333333333333,0.5,0.3333333333333333,0.3333333333333333,0.49833333333333335,0.39,0.4064833333333334,0.8890750302424857,6.295,0.3333333333333333,0.5167280933133537,0.3995463315604919,0.41570389354170245
1.0,7.0,1.0,1.0,1.0,7.0,1.0,1.0,1.0,0.0,0.0,0.0,0.0,none,blank_wall,east_35th_street/west_to_east/27_n00340_E.jpg,east_35th_street,west_to_east,n00340,E,27,0.125,0.0,0.0,0.0,1.0,0.0,0.0,0.0,0.0425,0.33,0.0,0.12335000000000002,0.8519575494577591,3.8241,0.0425,0.28114599132106055,0.10907118769189471,0.14322166907427525
1.0,7.0,1.0,1.0,1.0,7.0,1.0,1.0,1.0,0.0,0.0,0.0,0.0,none,blank_wall,east_35th_street/west_to_east/28_n00341_E.jpg,east_35th_street,west_to_east,n00341,E,28,0.125,0.0,0.0,0.0,1.0,0.0,0.0,0.0,0.0425,0.33,0.0,0.12335000000000002,0.8234492267688703,1.4566,0.0425,0.2717382448337272,0.04154522423367951,0.11783354479224423
3.0,6.0,3.0,3.0,3.0,6.0,3.0,3.0,3.0,0.0,0.0,0.0,0.0,hedge,blank_wall,east_35th_street/west_to_east/29_n00342_E.jpg,east_35th_street,west_to_east,n00342,E,29,0.3333333333333333,0.3333333333333333,0.3333333333333333,0.3333333333333333,0.8333333333333334,0.3333333333333333,0.3333333333333333,0.3333333333333333,0.3333333333333333,0.49833333333333335,0.3333333333333333,0.38778333333333337,0.905598453502044,2.3508,0.3333333333333333,0.5221808229890079,0.28704964515208964,0.38037938781989555
3.0,6.0,5.0,4.0,3.0,6.0,5.0,5.0,3.0,2.0,0.0,0.0,1.0,tree_canopy,blank_wall,east_35th_street/west_to_east/30_n00343_E.jpg,east_35th_street,west_to_east,n00343,E,30,0.3333333333333333,0.6666666666666666,0.5,0.3333333333333333,0.8333333333333334,0.6666666666666666,0.6666666666666666,0.3333333333333333,0.4983333333333334,0.6083333333333334,0.5566666666666666,0.5538833333333334,0.8909728065213259,4.0868,0.4983333333333334,0.6273543594853709,0.44656393134573763,0.5238263693075992
3.0,6.0,3.0,2.0,3.0,6.0,3.0,3.0,2.0,2.0,0.0,0.0,0.0,tree_canopy,blank_wall,east_35th_street/west_to_east/31_n00344_E.jpg,east_35th_street,west_to_east,n00344,E,31,0.3333333333333333,0.3333333333333333,0.16666666666666666,0.3333333333333333,0.8333333333333334,0.3333333333333333,0.3333333333333333,0.16666666666666666,0.2783333333333333,0.49833333333333335,0.2783333333333333,0.3509333333333333,0.8718136211133212,4.2739,0.2783333333333333,0.5110318283007294,0.2869004076975991,0.35795097121278174
3.0,6.0,3.0,2.0,3.0,5.0,4.0,4.0,2.0,1.0,0.0,0.0,0.0,tree_canopy,blank_wall,east_35th_street/west_to_east/32_n00345_E.jpg,east_35th_street,west_to_east,n00345,E,32,0.3333333333333333,0.3333333333333333,0.16666666666666666,0.3333333333333333,0.6666666666666666,0.5,0.5,0.16666666666666666,0.2783333333333333,0.4983333333333334,0.39,0.38778333333333337,0.829783726997147,3.8066,0.2783333333333333,0.5521619632423919,0.328572051742362,0.3852755582783021
1.0,7.0,1.0,1.0,3.0,7.0,3.0,3.0,3.0,0.0,0.0,0.0,0.0,none,blank_wall,east_35th_street/west_to_east/33_n00346_E.jpg,east_35th_street,west_to_east,n00346,E,33,0.125,0.0,0.0,0.3333333333333333,1.0,0.3333333333333333,0.3333333333333333,0.3333333333333333,0.0425,0.5533333333333333,0.3333333333333333,0.30705,0.8323759672311889,2.4044,0.0425,0.4980174025196257,0.2885784272603728,0.2740266238273995
1.0,7.0,1.0,1.0,3.0,7.0,3.0,3.0,3.0,0.0,0.0,0.0,0.0,none,blank_wall,east_35th_street/west_to_east/34_n00347_E.jpg,east_35th_street,west_to_east,n00347,E,34,0.125,0.0,0.0,0.3333333333333333,1.0,0.3333333333333333,0.3333333333333333,0.3333333333333333,0.0425,0.5533333333333333,0.3333333333333333,0.30705,0.7465890384022641,1.5692,0.0425,0.4697077160060805,0.2647568075432445,0.25682329277127725
1.0,7.0,1.0,1.0,1.0,7.0,1.0,1.0,1.0,0.0,0.0,0.0,0.0,none,blank_wall,east_35th_street/west_to_east/35_n00348_E.jpg,east_35th_street,west_to_east,n00348,E,35,0.125,0.0,0.0,0.0,1.0,0.0,0.0,0.0,0.0425,0.33,0.0,0.12335000000000002,0.6205201044381979,0.314,0.0425,0.20477163446460533,0.008955925037330337,0.08498009463563878
1.0,7.0,1.0,1.0,1.0,7.0,1.0,1.0,1.0,0.0,0.0,0.0,0.0,none,blank_wall,east_35th_street/west_to_east/36_n00349_E.jpg,east_35th_street,west_to_east,n00349,E,36,0.125,0.0,0.0,0.0,1.0,0.0,0.0,0.0,0.0425,0.33,0.0,0.12335000000000002,0.5959113611941919,6.8921,0.0425,0.19665074919408332,0.19657685015854906,0.1442151077863687
1.0,7.0,1.0,1.0,1.0,7.0,1.0,1.0,1.0,0.0,0.0,0.0,0.0,none,blank_wall,east_35th_street/west_to_east/37_n00350_E.jpg,east_35th_street,west_to_east,n00350,E,37,0.125,0.0,0.0,0.0,1.0,0.0,0.0,0.0,0.0425,0.33,0.0,0.12335000000000002,0.5543524031530407,6.3825,0.0425,0.18293629304050343,0.18204201130815564,0.1348928404350575
1.0,7.0,1.0,1.0,1.0,7.0,1.0,1.0,1.0,0.0,0.0,0.0,0.0,none,blank_wall,east_35th_street/west_to_east/38_n00351_E.jpg,east_35th_street,west_to_east,n00351,E,38,0.125,0.0,0.0,0.0,1.0,0.0,0.0,0.0,0.0425,0.33,0.0,0.12335000000000002,0.6261985014606439,2.2872,0.0425,0.20664550548201252,0.06523564250121638,0.10417077883446554
1.0,7.0,1.0,1.0,1.0,7.0,1.0,1.0,1.0,0.0,0.0,0.0,0.0,none,blank_wall,east_35th_street/west_to_east/39_n00352_E.jpg,east_35th_street,west_to_east,n00352,E,39,0.125,0.0,0.0,0.0,1.0,0.0,0.0,0.0,0.0425,0.33,0.0,0.12335000000000002,0.6640872115254877,3.7699,0.0425,0.21914877980341094,0.10752529235105616,0.12225244381097414
1.0,7.0,1.0,1.0,1.0,7.0,1.0,1.0,1.0,0.0,0.0,0.0,1.0,none,blank_wall,east_35th_street/west_to_east/40_n00353_E.jpg,east_35th_street,west_to_east,n00353,E,40,0.125,0.0,0.0,0.0,1.0,0.0,0.0,0.0,0.0425,0.33,0.0,0.12335000000000002,0.6714631197293641,4.8118,0.0425,0.22158282951069017,0.13724242068352263,0.13286233256409025
3.0,6.0,3.0,4.0,2.0,6.0,5.0,5.0,3.0,10.0,0.0,0.0,0.0,tree_canopy,blank_wall,east_35th_street/west_to_east/41_n00354_E.jpg,east_35th_street,west_to_east,n00354,E,41,0.3333333333333333,0.3333333333333333,0.5,0.16666666666666666,0.8333333333333334,0.6666666666666666,0.6666666666666666,0.3333333333333333,0.3883333333333333,0.5516666666666666,0.5566666666666666,0.49778333333333336,0.6857619645291498,5.8424,0.3883333333333333,0.5029681149612861,0.4966372498028623,0.46190310370550236
1.0,7.0,1.0,1.0,1.0,7.0,1.0,1.0,1.0,0.0,0.0,0.0,0.0,none,blank_wall,east_35th_street/west_to_east/42_n00355_E.jpg,east_35th_street,west_to_east,n00355,E,42,0.125,0.0,0.0,0.0,1.0,0.0,0.0,0.0,0.0425,0.33,0.0,0.12335000000000002,0.6927837141539925,1.3144,0.0425,0.22861862567081756,0.03748938811804775,0.10226564455032555
1.0,7.0,1.0,1.0,1.0,7.0,1.0,1.0,1.0,0.0,0.0,0.0,0.0,none,blank_wall,east_35th_street/west_to_east/43_n00356_E.jpg,east_35th_street,west_to_east,n00356,E,43,0.125,0.0,0.0,0.0,1.0,0.0,0.0,0.0,0.0425,0.33,0.0,0.12335000000000002,0.7246784080680612,9.0885,0.0425,0.2391438746624602,0.259222690133047,0.17891096638251738
1.0,7.0,1.0,1.0,1.0,7.0,1.0,1.0,1.0,0.0,0.0,0.0,0.0,none,blank_wall,east_35th_street/west_to_east/44_n00357_E.jpg,east_35th_street,west_to_east,n00357,E,44,0.125,0.0,0.0,0.0,1.0,0.0,0.0,0.0,0.0425,0.33,0.0,0.12335000000000002,0.7609949605145053,7.5238,0.0425,0.25112833696978676,0.21459423183396809,0.1681384477052391
1.0,7.0,1.0,1.0,1.0,7.0,1.0,1.0,1.0,0.0,0.0,0.0,0.0,none,blank_wall,east_35th_street/west_to_east/45_n00358_E.jpg,east_35th_street,west_to_east,n00358,E,45,0.125,0.0,0.0,0.0,1.0,0.0,0.0,0.0,0.0425,0.33,0.0,0.12335000000000002,0.7643155701769382,3.4636,0.0425,0.2522241381583896,0.09878898713152023,0.13028433134567025
1.0,7.0,1.0,1.0,1.0,7.0,1.0,1.0,1.0,0.0,0.0,0.0,0.0,none,blank_wall,east_35th_street/west_to_east/46_n00359_E.jpg,east_35th_street,west_to_east,n00359,E,46,0.125,0.0,0.0,0.0,1.0,0.0,0.0,0.0,0.0425,0.33,0.0,0.12335000000000002,0.7034504154726496,0.5499,0.0425,0.2321386371059744,0.015684277637031695,0.09623156186519202
1.0,7.0,1.0,1.0,1.0,7.0,1.0,1.0,1.0,0.0,0.0,0.0,0.0,none,blank_wall,east_36th_street/east_to_west/01_n00407_W.jpg,east_36th_street,east_to_west,n00407,W,1,0.125,0.0,0.0,0.0,1.0,0.0,0.0,0.0,0.0425,0.33,0.0,0.12335000000000002,0.5985825264923436,1.1023,0.0425,0.1975322337424734,0.031439860409710925,0.09001079107022084
1.0,7.0,1.0,1.0,1.0,7.0,1.0,1.0,1.0,0.0,0.0,0.0,0.0,none,blank_wall,east_36th_street/east_to_west/02_n00406_W.jpg,east_36th_street,east_to_west,n00406,W,2,0.125,0.0,0.0,0.0,1.0,0.0,0.0,0.0,0.0425,0.33,0.0,0.12335000000000002,0.5657850712920431,1.7414,0.0425,0.18670907352637425,0.049668305286646654,0.09245453500829691
1.0,7.0,1.0,1.0,1.0,7.0,1.0,1.0,1.0,0.0,0.0,0.0,0.0,none,blank_wall,east_36th_street/east_to_west/03_n00405_W.jpg,east_36th_street,east_to_west,n00405,W,3,0.125,0.0,0.0,0.0,1.0,0.0,0.0,0.0,0.0425,0.33,0.0,0.12335000000000002,0.5364253506433369,1.5319,0.0425,0.17702036571230118,0.04369293491938326,0.08728538920845587
1.0,7.0,1.0,1.0,1.0,7.0,1.0,1.0,1.0,0.0,0.0,0.0,0.0,none,blank_wall,east_36th_street/east_to_west/04_n00404_W.jpg,east_36th_street,east_to_west,n00404,W,4,0.125,0.0,0.0,0.0,1.0,0.0,0.0,0.0,0.0425,0.33,0.0,0.12335000000000002,0.5210326484078724,3.2517,0.0425,0.17194077397459792,0.0927451638340352,0.10179635947684894
1.0,7.0,1.0,1.0,1.0,7.0,1.0,1.0,1.0,0.0,0.0,0.0,0.0,none,blank_wall,east_36th_street/east_to_west/05_n00403_W.jpg,east_36th_street,east_to_west,n00403,W,5,0.125,0.0,0.0,0.0,1.0,0.0,0.0,0.0,0.0425,0.33,0.0,0.12335000000000002,0.5151572319334534,4.7528,0.0425,0.17000188653803963,0.13555961948224082,0.11528529698669256
1.0,7.0,1.0,1.0,1.0,7.0,1.0,1.0,1.0,0.0,0.0,0.0,0.0,none,blank_wall,east_36th_street/east_to_west/06_n00402_W.jpg,east_36th_street,east_to_west,n00402,W,6,0.125,0.0,0.0,0.0,1.0,0.0,0.0,0.0,0.0425,0.33,0.0,0.12335000000000002,0.4713571057628238,3.5609,0.0425,0.15554784490173187,0.10156418301092227,0.09929696921117587
1.0,7.0,1.0,1.0,1.0,7.0,1.0,1.0,1.0,0.0,0.0,0.0,1.0,none,blank_wall,east_36th_street/east_to_west/07_n00401_W.jpg,east_36th_street,east_to_west,n00401,W,7,0.125,0.0,0.0,0.0,1.0,0.0,0.0,0.0,0.0425,0.33,0.0,0.12335000000000002,0.4791154717502706,4.4591,0.0425,0.1581081056775893,0.1271826921463685,0.10859596328190607
1.0,7.0,1.0,1.0,1.0,7.0,1.0,1.0,1.0,0.0,0.0,0.0,0.0,none,blank_wall,east_36th_street/east_to_west/08_n00400_W.jpg,east_36th_street,east_to_west,n00400,W,8,0.125,0.0,0.0,0.0,1.0,0.0,0.0,0.0,0.0425,0.33,0.0,0.12335000000000002,0.4880169207942819,4.2645,0.0425,0.16104558386211304,0.1216323003875644,0.10773370180239356
1.0,7.0,1.0,1.0,1.0,7.0,1.0,1.0,1.0,0.0,0.0,0.0,0.0,none,blank_wall,east_36th_street/east_to_west/09_n00399_W.jpg,east_36th_street,east_to_west,n00399,W,9,0.125,0.0,0.0,0.0,1.0,0.0,0.0,0.0,0.0425,0.33,0.0,0.12335000000000002,0.5025403972704032,1.6358,0.0425,0.16583833109923307,0.046656376356894784,0.08457325346052219
1.0,7.0,1.0,1.0,1.0,7.0,1.0,1.0,1.0,0.0,0.0,0.0,0.0,none,blank_wall,east_36th_street/east_to_west/10_n00398_W.jpg,east_36th_street,east_to_west,n00398,W,10,0.125,0.0,0.0,0.0,1.0,0.0,0.0,0.0,0.0425,0.33,0.0,0.12335000000000002,0.4998497107964835,4.546,0.0425,0.16495040456283955,0.1296612586614768,0.1116718488640244
1.0,7.0,1.0,1.0,1.0,7.0,1.0,1.0,1.0,0.0,0.0,0.0,0.0,none,blank_wall,east_36th_street/east_to_west/11_n00397_W.jpg,east_36th_street,east_to_west,n00397,W,11,0.125,0.0,0.0,0.0,1.0,0.0,0.0,0.0,0.0425,0.33,0.0,0.12335000000000002,0.5134875819912038,4.5677,0.0425,0.16945090205709726,0.1302801872388974,0.11336125946767825
1.0,7.0,1.0,1.0,3.0,7.0,3.0,3.0,3.0,0.0,0.0,0.0,0.0,none,blank_wall,east_36th_street/east_to_west/12_n00396_W.jpg,east_36th_street,east_to_west,n00396,W,12,0.125,0.0,0.0,0.3333333333333333,1.0,0.3333333333333333,0.3333333333333333,0.3333333333333333,0.0425,0.5533333333333333,0.3333333333333333,0.30705,0.5391522594144271,0.2819,0.0425,0.4012535789400943,0.22804036709561598,0.2221170021917844
1.0,7.0,1.0,1.0,3.0,7.0,3.0,3.0,1.0,0.0,0.0,0.0,2.0,none,blank_wall,east_36th_street/east_to_west/13_n00395_W.jpg,east_36th_street,east_to_west,n00395,W,13,0.125,0.0,0.0,0.3333333333333333,1.0,0.3333333333333333,0.3333333333333333,0.0,0.0425,0.5533333333333333,0.22333333333333333,0.27075,0.6118238276706255,4.9812,0.0425,0.42523519646463975,0.2520740566749996,0.23796205353608096
1.0,7.0,1.0,1.0,3.0,7.0,3.0,3.0,1.0,2.0,0.0,0.0,0.0,tree_canopy,blank_wall,east_36th_street/east_to_west/14_n00394_W.jpg,east_36th_street,east_to_west,n00394,W,14,0.125,0.0,0.0,0.3333333333333333,1.0,0.3333333333333333,0.3333333333333333,0.0,0.0425,0.5533333333333333,0.22333333333333333,0.27075,0.7615069670237822,3.8341,0.0425,0.4746306324511815,0.21935640823448482,0.24346572342626988
1.0,7.0,1.0,1.0,1.0,7.0,1.0,1.0,1.0,0.0,0.0,0.0,0.0,none,blank_wall,east_36th_street/east_to_west/15_n00393_W.jpg,east_36th_street,east_to_west,n00393,W,15,0.125,0.0,0.0,0.0,1.0,0.0,0.0,0.0,0.0425,0.33,0.0,0.12335000000000002,0.8078187581241304,1.667,0.0425,0.266580190180963,0.04754626444977602,0.1181117300281439
2.0,6.0,3.0,2.0,3.0,6.0,4.0,4.0,2.0,0.0,0.0,0.0,0.0,hedge,blank_wall,east_36th_street/east_to_west/16_n00392_W.jpg,east_36th_street,east_to_west,n00392,W,16,0.25,0.3333333333333333,0.16666666666666666,0.3333333333333333,0.8333333333333334,0.5,0.5,0.16666666666666666,0.25,0.5533333333333333,0.39,0.3963,0.8169749306328966,4.0299,0.25,0.5479350604421892,0.33494102645839974,0.3763491086771944
3.0,6.0,3.0,3.0,3.0,6.0,3.0,3.0,2.0,0.0,0.0,0.0,0.0,hedge,blank_wall,east_36th_street/east_to_west/17_n00391_W.jpg,east_36th_street,east_to_west,n00391,W,17,0.3333333333333333,0.3333333333333333,0.3333333333333333,0.3333333333333333,0.8333333333333334,0.3333333333333333,0.3333333333333333,0.16666666666666666,0.3333333333333333,0.49833333333333335,0.2783333333333333,0.36963333333333337,0.8570872948019603,4.4182,0.3333333333333333,0.5061721406179803,0.2910161401271748,0.3764054659792346
2.0,6.0,3.0,2.0,3.0,5.0,4.0,4.0,2.0,0.0,0.0,0.0,0.0,hedge,blank_wall,east_36th_street/east_to_west/18_n00390_W.jpg,east_36th_street,east_to_west,n00390,W,18,0.25,0.3333333333333333,0.16666666666666666,0.3333333333333333,0.6666666666666666,0.5,0.5,0.16666666666666666,0.25,0.4983333333333334,0.39,0.3781500000000001,0.8732363572129994,3.6643,0.25,0.5665013312136231,0.3245133634213043,0.37903484922952607
2.0,6.0,3.0,2.0,3.0,6.0,4.0,5.0,2.0,0.0,0.0,0.0,0.0,hedge,blank_wall,east_36th_street/east_to_west/19_n00389_W.jpg,east_36th_street,east_to_west,n00389,W,19,0.25,0.3333333333333333,0.16666666666666666,0.3333333333333333,0.8333333333333334,0.5,0.6666666666666666,0.16666666666666666,0.25,0.5533333333333333,0.4466666666666667,0.41500000000000004,0.7921261875512859,3.0368,0.25,0.5397349752252577,0.30661577437377313,0.3642957473676802
1.0,7.0,1.0,1.0,1.0,7.0,1.0,1.0,1.0,0.0,0.0,0.0,1.0,none,blank_wall,east_36th_street/east_to_west/20_n00388_W.jpg,east_36th_street,east_to_west,n00388,W,20,0.125,0.0,0.0,0.0,1.0,0.0,0.0,0.0,0.0425,0.33,0.0,0.12335000000000002,0.9016746662376556,4.3458,0.0425,0.29755263985842634,0.12395114339882221,0.15354624847489204
1.0,7.0,1.0,1.0,1.0,7.0,1.0,1.0,1.0,0.0,0.0,0.0,0.0,none,blank_wall,east_36th_street/east_to_west/21_n00387_W.jpg,east_36th_street,east_to_west,n00387,W,21,0.125,0.0,0.0,0.0,1.0,0.0,0.0,0.0,0.0425,0.33,0.0,0.12335000000000002,0.9168814986853836,3.7184,0.0425,0.3025708945661766,0.10605640655671694,0.14929700937055487
1.0,7.0,1.0,1.0,5.0,5.0,5.0,3.0,3.0,0.0,0.0,0.0,10.0,none,blank_wall,east_36th_street/east_to_west/22_n00386_W.jpg,east_36th_street,east_to_west,n00386,W,22,0.125,0.0,0.0,0.6666666666666666,0.6666666666666666,0.6666666666666666,0.3333333333333333,0.3333333333333333,0.0425,0.6666666666666666,0.44333333333333336,0.38075000000000003,0.8796514614496137,2.0704,0.0425,0.7369516489450392,0.38905206113786217,0.3860312243273575
1.0,7.0,1.0,1.0,5.0,7.0,5.0,3.0,3.0,0.0,0.0,0.0,0.0,none,blank_wall,east_36th_street/east_to_west/23_n00385_W.jpg,east_36th_street,east_to_west,n00385,W,23,0.125,0.0,0.0,0.6666666666666666,1.0,0.6666666666666666,0.3333333333333333,0.3333333333333333,0.0425,0.7766666666666666,0.44333333333333336,0.41705000000000003,0.8168827370251667,0.7778,0.0425,0.7162379698849717,0.35218445380266095,0.3670293998169188
1.0,7.0,1.0,1.0,3.0,7.0,5.0,3.0,2.0,0.0,0.0,0.0,0.0,none,blank_wall,east_36th_street/east_to_west/24_n00384_W.jpg,east_36th_street,east_to_west,n00384,W,24,0.125,0.0,0.0,0.3333333333333333,1.0,0.6666666666666666,0.3333333333333333,0.16666666666666666,0.0425,0.6633333333333333,0.38833333333333336,0.36150000000000004,0.8666564606655635,0.9076,0.0425,0.6193299653529692,0.3008866164454809,0.31812147199348856
1.0,7.0,1.0,1.0,3.0,7.0,5.0,3.0,2.0,0.0,0.0,0.0,0.0,none,blank_wall,east_36th_street/east_to_west/25_n00383_W.jpg,east_36th_street,east_to_west,n00383,W,25,0.125,0.0,0.0,0.3333333333333333,1.0,0.6666666666666666,0.3333333333333333,0.16666666666666666,0.0425,0.6633333333333333,0.38833333333333336,0.36150000000000004,0.8933450413529325,0.0459,0.0425,0.6281371969798011,0.27630916229048874,0.31291729855919564
3.0,6.0,3.0,4.0,3.0,6.0,5.0,5.0,3.0,0.0,0.0,0.0,1.0,hedge,blank_wall,east_36th_street/east_to_west/26_n00382_W.jpg,east_36th_street,east_to_west,n00382,W,26,0.3333333333333333,0.3333333333333333,0.5,0.3333333333333333,0.8333333333333334,0.6666666666666666,0.6666666666666666,0.3333333333333333,0.3883333333333333,0.6083333333333334,0.5566666666666666,0.5164833333333334,0.8728582590615495,0.744,0.3883333333333333,0.6213765588236447,0.35122040836870627,0.45299033250680915
3.0,6.0,3.0,3.0,3.0,6.0,3.0,3.0,3.0,2.0,0.0,0.0,0.0,tree_canopy,blank_wall,east_36th_street/east_to_west/27_n00381_W.jpg,east_36th_street,east_to_west,n00381,W,27,0.3333333333333333,0.3333333333333333,0.3333333333333333,0.3333333333333333,0.8333333333333334,0.3333333333333333,0.3333333333333333,0.3333333333333333,0.3333333333333333,0.49833333333333335,0.3333333333333333,0.38778333333333337,0.8515098794084934,1.7262,0.3333333333333333,0.5043315935381362,0.26923477006190966,0.3686102333213485
1.0,7.0,1.0,1.0,1.0,7.0,1.0,1.0,1.0,0.0,0.0,0.0,0.0,none,blank_wall,east_36th_street/east_to_west/28_n00380_W.jpg,east_36th_street,east_to_west,n00380,W,28,0.125,0.0,0.0,0.0,1.0,0.0,0.0,0.0,0.0425,0.33,0.0,0.12335000000000002,0.9057877054713328,1.6136,0.0425,0.29890994280553984,0.04602318675234469,0.1282779327541019
3.0,6.0,3.0,4.0,3.0,6.0,4.0,5.0,3.0,2.0,0.0,0.0,1.0,tree_canopy,blank_wall,east_36th_street/east_to_west/29_n00379_W.jpg,east_36th_street,east_to_west,n00379,W,29,0.3333333333333333,0.3333333333333333,0.5,0.3333333333333333,0.8333333333333334,0.5,0.6666666666666666,0.3333333333333333,0.3883333333333333,0.5533333333333333,0.5016666666666667,0.48018333333333335,0.8768147009031175,1.2552,0.3883333333333333,0.5676821846313621,0.31080088250591414,0.42193274548863446
3.0,6.0,3.0,4.0,4.0,6.0,5.0,5.0,3.0,0.0,0.0,0.0,0.0,hedge,blank_wall,east_36th_street/east_to_west/30_n00378_W.jpg,east_36th_street,east_to_west,n00378,W,30,0.3333333333333333,0.3333333333333333,0.5,0.5,0.8333333333333334,0.6666666666666666,0.6666666666666666,0.3333333333333333,0.3883333333333333,0.665,0.5566666666666666,0.5351833333333333,0.8000693308592756,1.0036,0.3883333333333333,0.654022879183561,0.3586247336543463,0.4662070455698427
3.0,6.0,3.0,4.0,4.0,6.0,5.0,5.0,3.0,10.0,0.0,0.0,10.0,tree_canopy,blank_wall,east_36th_street/east_to_west/31_n00377_W.jpg,east_36th_street,east_to_west,n00377,W,31,0.3333333333333333,0.3333333333333333,0.5,0.5,0.8333333333333334,0.6666666666666666,0.6666666666666666,0.3333333333333333,0.3883333333333333,0.665,0.5566666666666666,0.5351833333333333,0.7698148213524176,0.551,0.3883333333333333,0.6440388910462979,0.3457156518967166,0.4586523325045282
3.0,6.0,5.0,4.0,3.0,6.0,5.0,5.0,3.0,2.0,0.0,0.0,0.0,tree_canopy,blank_wall,east_36th_street/east_to_west/32_n00376_W.jpg,east_36th_street,east_to_west,n00376,W,32,0.3333333333333333,0.6666666666666666,0.5,0.3333333333333333,0.8333333333333334,0.6666666666666666,0.6666666666666666,0.3333333333333333,0.4983333333333334,0.6083333333333334,0.5566666666666666,0.5538833333333334,0.9003913561467527,2.6162,0.4983333333333334,0.6304624808617617,0.40461939835243194,0.5110103534740172
3.0,6.0,3.0,4.0,3.0,6.0,5.0,5.0,3.0,2.0,0.0,0.0,0.0,tree_canopy,blank_wall,east_36th_street/east_to_west/33_n00375_W.jpg,east_36th_street,east_to_west,n00375,W,33,0.3333333333333333,0.3333333333333333,0.5,0.3333333333333333,0.8333333333333334,0.6666666666666666,0.6666666666666666,0.3333333333333333,0.3883333333333333,0.6083333333333334,0.5566666666666666,0.5164833333333334,0.8910976238033433,0.9547,0.3883333333333333,0.6273955491884367,0.3572300052010805,0.45695976628187407
3.0,6.0,5.0,4.0,3.0,6.0,5.0,6.0,3.0,10.0,0.0,0.0,1.0,tree_canopy,blank_wall,east_36th_street/east_to_west/34_n00374_W.jpg,east_36th_street,east_to_west,n00374,W,34,0.3333333333333333,0.6666666666666666,0.5,0.3333333333333333,0.8333333333333334,0.6666666666666666,0.8333333333333334,0.3333333333333333,0.4983333333333334,0.6083333333333334,0.6133333333333334,0.5725833333333334,0.9024700230093164,0.7389,0.4983333333333334,0.6311484409264078,0.3510749458919853,0.49356705098340314
3.0,6.0,3.0,4.0,3.0,6.0,5.0,5.0,3.0,2.0,0.0,0.0,1.0,tree_canopy,blank_wall,east_36th_street/east_to_west/35_n00373_W.jpg,east_36th_street,east_to_west,n00373,W,35,0.3333333333333333,0.3333333333333333,0.5,0.3333333333333333,0.8333333333333334,0.6666666666666666,0.6666666666666666,0.3333333333333333,0.3883333333333333,0.6083333333333334,0.5566666666666666,0.5164833333333334,0.9463368389818498,2.6461,0.3883333333333333,0.6456244901973438,0.40547220777477644,0.47889524366413305
1.0,7.0,1.0,1.0,1.0,7.0,1.0,1.0,1.0,0.0,0.0,0.0,0.0,none,blank_wall,east_36th_street/east_to_west/36_n00372_W.jpg,east_36th_street,east_to_west,n00372,W,36,0.125,0.0,0.0,0.0,1.0,0.0,0.0,0.0,0.0425,0.33,0.0,0.12335000000000002,0.9131039536202152,6.0327,0.0425,0.30132430469467103,0.17206499672835263,0.17066846946959782
1.0,7.0,1.0,1.0,1.0,7.0,1.0,1.0,1.0,4.0,0.0,0.0,0.0,tree_canopy,blank_wall,east_36th_street/east_to_west/37_n00371_W.jpg,east_36th_street,east_to_west,n00371,W,37,0.125,0.0,0.0,0.0,1.0,0.0,0.0,0.0,0.0425,0.33,0.0,0.12335000000000002,0.9039695112017894,2.5952,0.0425,0.2983099386965905,0.07402043521299265,0.13731902339016244
3.0,6.0,3.0,4.0,5.0,6.0,5.0,5.0,4.0,10.0,0.0,0.0,0.0,tree_canopy,blank_wall,east_36th_street/east_to_west/38_n00370_W.jpg,east_36th_street,east_to_west,n00370,W,38,0.3333333333333333,0.3333333333333333,0.5,0.6666666666666666,0.8333333333333334,0.6666666666666666,0.6666666666666666,0.5,0.3883333333333333,0.7216666666666667,0.6116666666666667,0.5720333333333334,0.8168858485969642,4.1269,0.3883333333333333,0.7162389967036649,0.5027076657215241,0.5342857319336457
3.0,6.0,3.0,4.0,4.0,6.0,5.0,5.0,3.0,0.0,0.0,0.0,0.0,hedge,blank_wall,east_36th_street/east_to_west/39_n00369_W.jpg,east_36th_street,east_to_west,n00369,W,39,0.3333333333333333,0.3333333333333333,0.5,0.5,0.8333333333333334,0.6666666666666666,0.6666666666666666,0.3333333333333333,0.3883333333333333,0.665,0.5566666666666666,0.5351833333333333,0.8206270409832432,1.0704,0.3883333333333333,0.6608069235244702,0.3605300068788484,0.4690745203664285
1.0,7.0,1.0,1.0,1.0,7.0,1.0,1.0,1.0,0.0,0.0,0.0,0.0,none,blank_wall,east_36th_street/east_to_west/40_n00368_W.jpg,east_36th_street,east_to_west,n00368,W,40,0.125,0.0,0.0,0.0,1.0,0.0,0.0,0.0,0.0425,0.33,0.0,0.12335000000000002,0.8721942426048046,0.6045,0.0425,0.28782410005958553,0.017241581799573847,0.11512167501352259
3.0,6.0,3.0,3.0,3.0,6.0,3.0,3.0,2.0,1.0,0.0,0.0,0.0,tree_canopy,blank_wall,east_36th_street/east_to_west/41_n00367_W.jpg,east_36th_street,east_to_west,n00367,W,41,0.3333333333333333,0.3333333333333333,0.3333333333333333,0.3333333333333333,0.8333333333333334,0.3333333333333333,0.3333333333333333,0.16666666666666666,0.3333333333333333,0.49833333333333335,0.2783333333333333,0.36963333333333337,0.9002392478882975,2.8454,0.3333333333333333,0.5204122851364715,0.2461566531885979,0.36630108298060626
3.0,6.0,3.0,4.0,4.0,6.0,5.0,5.0,3.0,2.0,0.0,0.0,0.0,tree_canopy,blank_wall,east_36th_street/east_to_west/42_n00366_W.jpg,east_36th_street,east_to_west,n00366,W,42,0.3333333333333333,0.3333333333333333,0.5,0.5,0.8333333333333334,0.6666666666666666,0.6666666666666666,0.3333333333333333,0.3883333333333333,0.665,0.5566666666666666,0.5351833333333333,0.8484652300013237,3.7737,0.3883333333333333,0.6699935259004368,0.4376336761572404,0.4975503100123668
3.0,6.0,3.0,4.0,3.0,6.0,5.0,5.0,3.0,2.0,0.0,0.0,0.0,tree_canopy,blank_wall,east_36th_street/east_to_west/43_n00365_W.jpg,east_36th_street,east_to_west,n00365,W,43,0.3333333333333333,0.3333333333333333,0.5,0.3333333333333333,0.8333333333333334,0.6666666666666666,0.6666666666666666,0.3333333333333333,0.3883333333333333,0.6083333333333334,0.5566666666666666,0.5164833333333334,0.8507901990074507,3.0284,0.3883333333333333,0.614094099005792,0.4163761891179974,0.4720885284141839
1.0,7.0,1.0,1.0,1.0,7.0,1.0,1.0,1.0,0.0,0.0,0.0,0.0,none,blank_wall,east_36th_street/east_to_west/44_n00364_W.jpg,east_36th_street,east_to_west,n00364,W,44,0.125,0.0,0.0,0.0,1.0,0.0,0.0,0.0,0.0425,0.33,0.0,0.12335000000000002,0.804186855903671,3.3179,0.0425,0.26538166244821143,0.09463332382598191,0.1332549454704838
1.0,7.0,1.0,1.0,1.0,7.0,1.0,1.0,1.0,0.0,0.0,0.0,1.0,none,blank_wall,east_36th_street/east_to_west/45_n00363_W.jpg,east_36th_street,east_to_west,n00363,W,45,0.125,0.0,0.0,0.0,1.0,0.0,0.0,0.0,0.0425,0.33,0.0,0.12335000000000002,0.8577198109533165,5.4586,0.0425,0.28304753761459445,0.15569048537825278,0.15923354758763958
1.0,7.0,1.0,1.0,1.0,7.0,1.0,1.0,1.0,0.0,0.0,0.0,0.0,none,blank_wall,east_36th_street/east_to_west/46_n00362_W.jpg,east_36th_street,east_to_west,n00362,W,46,0.125,0.0,0.0,0.0,1.0,0.0,0.0,0.0,0.0425,0.33,0.0,0.12335000000000002,0.8009293622627687,0.5701,0.0425,0.26430668954671366,0.016260423133063775,0.10703714718432657
1.0,7.0,1.0,1.0,3.0,7.0,5.0,3.0,2.0,0.0,0.0,0.0,4.0,none,blank_wall,east_36th_street/east_to_west/47_n00361_W.jpg,east_36th_street,east_to_west,n00361,W,47,0.125,0.0,0.0,0.3333333333333333,1.0,0.6666666666666666,0.3333333333333333,0.16666666666666666,0.0425,0.6633333333333333,0.38833333333333336,0.36150000000000004,0.7770909688124815,1.4764,0.0425,0.5897733530414523,0.31710996090800797,0.3137214936033219
1.0,7.0,1.0,1.0,1.0,7.0,1.0,1.0,1.0,0.0,0.0,0.0,0.0,none,blank_wall,east_36th_street/west_to_east/01_n00361_E.jpg,east_36th_street,west_to_east,n00361,E,1,0.125,0.0,0.0,0.0,1.0,0.0,0.0,0.0,0.0425,0.33,0.0,0.12335000000000002,0.7770909688124815,0.2939,0.0425,0.2564400197081189,0.008382631746724158,0.10184147498009823
1.0,7.0,1.0,1.0,1.0,7.0,1.0,1.0,1.0,0.0,0.0,0.0,4.0,none,blank_wall,east_36th_street/west_to_east/02_n00362_E.jpg,east_36th_street,west_to_east,n00362,E,2,0.125,0.0,0.0,0.0,1.0,0.0,0.0,0.0,0.0425,0.33,0.0,0.12335000000000002,0.8009293622627687,7.7139,0.0425,0.26430668954671366,0.22001627434860663,0.1742765780854557
1.0,7.0,1.0,1.0,1.0,7.0,1.0,1.0,1.0,0.0,0.0,0.0,0.0,none,blank_wall,east_36th_street/west_to_east/03_n00363_E.jpg,east_36th_street,west_to_east,n00363,E,3,0.125,0.0,0.0,0.0,1.0,0.0,0.0,0.0,0.0425,0.33,0.0,0.12335000000000002,0.8577198109533165,3.5843,0.0425,0.28304753761459445,0.10223159908058319,0.1415921151094086
3.0,6.0,3.0,4.0,3.0,6.0,4.0,5.0,3.0,10.0,0.0,0.0,2.0,tree_canopy,blank_wall,east_36th_street/west_to_east/04_n00364_E.jpg,east_36th_street,west_to_east,n00364,E,4,0.3333333333333333,0.3333333333333333,0.5,0.3333333333333333,0.8333333333333334,0.5,0.6666666666666666,0.3333333333333333,0.3883333333333333,0.5533333333333333,0.5016666666666667,0.48018333333333335,0.804186855903671,6.3806,0.3883333333333333,0.5437149957815448,0.4569878194050635,0.46226526234491416
1.0,7.0,1.0,1.0,1.0,7.0,1.0,1.0,1.0,0.0,0.0,0.0,0.0,none,blank_wall,east_36th_street/west_to_east/05_n00365_E.jpg,east_36th_street,west_to_east,n00365,E,5,0.125,0.0,0.0,0.0,1.0,0.0,0.0,0.0,0.0425,0.33,0.0,0.12335000000000002,0.8507901990074507,6.4146,0.0425,0.2807607656724587,0.18295756924986997,0.16747705052436848
3.0,6.0,3.0,4.0,3.0,6.0,4.0,5.0,3.0,1.0,0.0,0.0,0.0,tree_canopy,blank_wall,east_36th_street/west_to_east/06_n00366_E.jpg,east_36th_street,west_to_east,n00366,E,6,0.3333333333333333,0.3333333333333333,0.5,0.3333333333333333,0.8333333333333334,0.5,0.6666666666666666,0.3333333333333333,0.3883333333333333,0.5533333333333333,0.5016666666666667,0.48018333333333335,0.8484652300013237,4.2178,0.3883333333333333,0.5583268592337701,0.3953003204536685,0.4467303026301881
1.0,7.0,1.0,1.0,1.0,7.0,1.0,1.0,1.0,0.0,0.0,0.0,1.0,none,blank_wall,east_36th_street/west_to_east/07_n00367_E.jpg,east_36th_street,west_to_east,n00367,E,7,0.125,0.0,0.0,0.0,1.0,0.0,0.0,0.0,0.0425,0.33,0.0,0.12335000000000002,0.9002392478882975,7.4654,0.0425,0.29707895180313815,0.21292854386524168,0.18275247357056534
1.0,7.0,1.0,1.0,1.0,7.0,1.0,1.0,1.0,0.0,0.0,0.0,1.0,none,blank_wall,east_36th_street/west_to_east/08_n00368_E.jpg,east_36th_street,west_to_east,n00368,E,8,0.125,0.0,0.0,0.0,1.0,0.0,0.0,0.0,0.0425,0.33,0.0,0.12335000000000002,0.8721942426048046,8.3757,0.0425,0.28782410005958553,0.23889216985722198,0.18826636907254649
3.0,6.0,3.0,4.0,4.0,6.0,5.0,5.0,3.0,0.0,0.0,0.0,0.0,hedge,blank_wall,east_36th_street/west_to_east/09_n00369_E.jpg,east_36th_street,west_to_east,n00369,E,9,0.3333333333333333,0.3333333333333333,0.5,0.5,0.8333333333333334,0.6666666666666666,0.6666666666666666,0.3333333333333333,0.3883333333333333,0.665,0.5566666666666666,0.5351833333333333,0.8206270409832432,3.0621,0.3883333333333333,0.6608069235244702,0.4173373823465262,0.4878209542707622
1.0,7.0,1.0,1.0,1.0,7.0,1.0,1.0,1.0,0.0,0.0,0.0,0.0,none,blank_wall,east_36th_street/west_to_east/10_n00370_E.jpg,east_36th_street,west_to_east,n00370,E,10,0.125,0.0,0.0,0.0,1.0,0.0,0.0,0.0,0.0425,0.33,0.0,0.12335000000000002,0.8168858485969642,11.9206,0.0425,0.2695723300369982,0.34,0.21560886891220943
3.0,6.0,3.0,4.0,3.0,6.0,5.0,5.0,3.0,2.0,0.0,1.0,1.0,tree_canopy,blank_wall,east_36th_street/west_to_east/11_n00371_E.jpg,east_36th_street,west_to_east,n00371,E,11,0.3333333333333333,0.3333333333333333,0.5,0.3333333333333333,0.8333333333333334,0.6666666666666666,0.6666666666666666,0.3333333333333333,0.3883333333333333,0.6083333333333334,0.5566666666666666,0.5164833333333334,0.9039695112017894,6.8745,0.3883333333333333,0.6316432720299239,0.5260748620035904,0.5140803175643931
3.0,6.0,3.0,4.0,3.0,6.0,4.0,5.0,3.0,2.0,0.0,0.0,0.0,tree_canopy,blank_wall,east_36th_street/west_to_east/12_n00372_E.jpg,east_36th_street,west_to_east,n00372,E,12,0.3333333333333333,0.3333333333333333,0.5,0.3333333333333333,0.8333333333333334,0.5,0.6666666666666666,0.3333333333333333,0.3883333333333333,0.5533333333333333,0.5016666666666667,0.48018333333333335,0.9131039536202152,7.6733,0.3883333333333333,0.5796576380280044,0.4938582789456907,0.4862935859346527
3.0,6.0,5.0,4.0,3.0,6.0,5.0,5.0,3.0,3.0,0.0,0.0,1.0,tree_canopy,blank_wall,east_36th_street/west_to_east/13_n00373_E.jpg,east_36th_street,west_to_east,n00373,E,13,0.3333333333333333,0.6666666666666666,0.5,0.3333333333333333,0.8333333333333334,0.6666666666666666,0.6666666666666666,0.3333333333333333,0.4983333333333334,0.6083333333333334,0.5566666666666666,0.5538833333333334,0.9463368389818498,6.0878,0.4983333333333334,0.6456244901973438,0.5036365619180242,0.5486894805314049
3.0,6.0,3.0,4.0,3.0,6.0,5.0,5.0,3.0,2.0,0.0,0.0,0.0,tree_canopy,blank_wall,east_36th_street/west_to_east/14_n00374_E.jpg,east_36th_street,west_to_east,n00374,E,14,0.3333333333333333,0.3333333333333333,0.5,0.3333333333333333,0.8333333333333334,0.6666666666666666,0.6666666666666666,0.3333333333333333,0.3883333333333333,0.6083333333333334,0.5566666666666666,0.5164833333333334,0.9024700230093164,0.5387,0.3883333333333333,0.6311484409264078,0.34536483062933077,0.45428271294672706
3.0,6.0,3.0,4.0,3.0,6.0,5.0,5.0,3.0,2.0,0.0,0.0,0.0,tree_canopy,blank_wall,east_36th_street/west_to_east/15_n00375_E.jpg,east_36th_street,west_to_east,n00375,E,15,0.3333333333333333,0.3333333333333333,0.5,0.3333333333333333,0.8333333333333334,0.6666666666666666,0.6666666666666666,0.3333333333333333,0.3883333333333333,0.6083333333333334,0.5566666666666666,0.5164833333333334,0.8910976238033433,7.6334,0.3883333333333333,0.6273955491884367,0.547720248980756,0.5198215467291669
3.0,6.0,3.0,2.0,3.0,6.0,4.0,5.0,2.0,2.0,0.0,0.0,0.0,tree_canopy,blank_wall,east_36th_street/west_to_east/16_n00376_E.jpg,east_36th_street,west_to_east,n00376,E,16,0.3333333333333333,0.3333333333333333,0.16666666666666666,0.3333333333333333,0.8333333333333334,0.5,0.6666666666666666,0.16666666666666666,0.2783333333333333,0.5533333333333333,0.4466666666666667,0.42463333333333336,0.9003913561467527,8.0279,0.2783333333333333,0.5754624808617618,0.44897219938593697,0.4326967778150739
2.0,6.0,3.0,2.0,4.0,6.0,5.0,5.0,3.0,0.0,0.0,0.0,7.0,hedge,blank_wall,east_36th_street/west_to_east/17_n00377_E.jpg,east_36th_street,west_to_east,n00377,E,17,0.25,0.3333333333333333,0.16666666666666666,0.5,0.8333333333333334,0.6666666666666666,0.6666666666666666,0.3333333333333333,0.25,0.665,0.5566666666666666,0.4881500000000001,0.7698148213524176,2.6925,0.25,0.6440388910462979,0.4067956310923947,0.43177539230576856
3.0,6.0,3.0,4.0,4.0,6.0,5.0,5.0,4.0,2.0,0.0,0.0,2.0,tree_canopy,blank_wall,east_36th_street/west_to_east/18_n00378_E.jpg,east_36th_street,west_to_east,n00378,E,18,0.3333333333333333,0.3333333333333333,0.5,0.5,0.8333333333333334,0.6666666666666666,0.6666666666666666,0.5,0.3883333333333333,0.665,0.6116666666666667,0.5533333333333335,0.8000693308592756,9.2014,0.3883333333333333,0.654022879183561,0.6474428300588897,0.561517017383342
2.0,6.0,3.0,2.0,3.0,6.0,4.0,5.0,3.0,0.0,0.0,0.0,0.0,hedge,blank_wall,east_36th_street/west_to_east/19_n00379_E.jpg,east_36th_street,west_to_east,n00379,E,19,0.25,0.3333333333333333,0.16666666666666666,0.3333333333333333,0.8333333333333334,0.5,0.6666666666666666,0.3333333333333333,0.25,0.5533333333333333,0.5016666666666667,0.43315000000000003,0.8768147009031175,7.8141,0.25,0.5676821846313621,0.4978741841853598,0.43663360170951826
3.0,6.0,3.0,4.0,3.0,6.0,5.0,4.0,3.0,0.0,0.0,0.0,0.0,hedge,blank_wall,east_36th_street/west_to_east/20_n00380_E.jpg,east_36th_street,west_to_east,n00380,E,20,0.3333333333333333,0.3333333333333333,0.5,0.3333333333333333,0.8333333333333334,0.6666666666666666,0.5,0.3333333333333333,0.3883333333333333,0.6083333333333334,0.5,0.49778333333333336,0.9057877054713328,8.5402,0.3883333333333333,0.6322432761388732,0.5735840477828298,0.5299563502274953
1.0,7.0,1.0,1.0,1.0,7.0,1.0,1.0,1.0,1.0,0.0,1.0,0.0,none,blank_wall,east_36th_street/west_to_east/21_n00381_E.jpg,east_36th_street,west_to_east,n00381,E,21,0.125,0.0,0.0,0.0,1.0,0.0,0.0,0.0,0.0425,0.33,0.0,0.12335000000000002,0.8515098794084934,9.9587,0.0425,0.28099826020480284,0.28404258174924085,0.20091347784483443
1.0,7.0,1.0,1.0,3.0,7.0,5.0,3.0,1.0,0.0,0.0,0.0,0.0,none,blank_wall,east_36th_street/west_to_east/22_n00382_E.jpg,east_36th_street,west_to_east,n00382,E,22,0.125,0.0,0.0,0.3333333333333333,1.0,0.6666666666666666,0.3333333333333333,0.0,0.0425,0.6633333333333333,0.33333333333333337,0.34335000000000004,0.8728582590615495,11.5171,0.0425,0.6213765588236447,0.548491351106488,0.4005064102769438
1.0,7.0,1.0,1.0,1.0,7.0,1.0,1.0,1.0,0.0,0.0,0.0,0.0,none,blank_wall,east_36th_street/west_to_east/23_n00383_E.jpg,east_36th_street,west_to_east,n00383,E,23,0.125,0.0,0.0,0.0,1.0,0.0,0.0,0.0,0.0425,0.33,0.0,0.12335000000000002,0.8933450413529325,3.4004,0.0425,0.2948038636464677,0.09698639330235057,0.14374078479311003
1.0,7.0,1.0,1.0,3.0,7.0,3.0,3.0,3.0,0.0,0.0,0.0,0.0,none,blank_wall,east_36th_street/west_to_east/24_n00384_E.jpg,east_36th_street,west_to_east,n00384,E,24,0.125,0.0,0.0,0.3333333333333333,1.0,0.3333333333333333,0.3333333333333333,0.3333333333333333,0.0425,0.5533333333333333,0.3333333333333333,0.30705,0.8666564606655635,11.8772,0.0425,0.5093299653529693,0.5587621428451588,0.36692039570538226
1.0,7.0,1.0,1.0,5.0,7.0,5.0,3.0,3.0,0.0,0.0,0.0,0.0,none,blank_wall,east_36th_street/west_to_east/25_n00385_E.jpg,east_36th_street,west_to_east,n00385,E,25,0.125,0.0,0.0,0.6666666666666666,1.0,0.6666666666666666,0.3333333333333333,0.3333333333333333,0.0425,0.7766666666666666,0.44333333333333336,0.41705000000000003,0.8168827370251667,1.0155,0.0425,0.7162379698849717,0.3589641461000285,0.3692666982750501
1.0,7.0,1.0,1.0,1.0,7.0,1.0,1.0,1.0,0.0,0.0,0.0,0.0,none,blank_wall,east_36th_street/west_to_east/26_n00386_E.jpg,east_36th_street,west_to_east,n00386,E,26,0.125,0.0,0.0,0.0,1.0,0.0,0.0,0.0,0.0425,0.33,0.0,0.12335000000000002,0.8796514614496137,3.9582,0.0425,0.2902849822783725,0.11289599516802847,0.14749972255731233
1.0,7.0,1.0,1.0,1.0,7.0,1.0,1.0,1.0,0.0,0.0,0.0,0.0,none,blank_wall,east_36th_street/west_to_east/27_n00387_E.jpg,east_36th_street,west_to_east,n00387,E,27,0.125,0.0,0.0,0.0,1.0,0.0,0.0,0.0,0.0425,0.33,0.0,0.12335000000000002,0.9168814986853836,1.0893,0.0425,0.3025708945661766,0.031069073704343742,0.12455118952927172
1.0,7.0,1.0,1.0,1.0,7.0,1.0,1.0,1.0,0.0,0.0,0.0,1.0,none,blank_wall,east_36th_street/west_to_east/28_n00388_E.jpg,east_36th_street,west_to_east,n00388,E,28,0.125,0.0,0.0,0.0,1.0,0.0,0.0,0.0,0.0425,0.33,0.0,0.12335000000000002,0.9016746662376556,4.1252,0.0425,0.29755263985842634,0.11765917822928379,0.15146989996894436
1.0,7.0,1.0,1.0,1.0,7.0,1.0,1.0,1.0,0.0,0.0,0.0,0.0,none,blank_wall,east_36th_street/west_to_east/29_n00389_E.jpg,east_36th_street,west_to_east,n00389,E,29,0.125,0.0,0.0,0.0,1.0,0.0,0.0,0.0,0.0425,0.33,0.0,0.12335000000000002,0.7921261875512859,4.1759,0.0425,0.2614016418919244,0.11910524638021577,0.14001727312980627
1.0,7.0,1.0,1.0,1.0,7.0,1.0,1.0,1.0,0.0,0.0,0.0,0.0,none,blank_wall,east_36th_street/west_to_east/30_n00390_E.jpg,east_36th_street,west_to_east,n00390,E,30,0.125,0.0,0.0,0.0,1.0,0.0,0.0,0.0,0.0425,0.33,0.0,0.12335000000000002,0.8732363572129994,3.6853,0.0425,0.2881679978802898,0.1051123265607436,0.14423250706554103
1.0,7.0,1.0,1.0,1.0,7.0,1.0,1.0,1.0,0.0,0.0,0.0,0.0,none,blank_wall,east_36th_street/west_to_east/31_n00391_E.jpg,east_36th_street,west_to_east,n00391,E,31,0.125,0.0,0.0,0.0,1.0,0.0,0.0,0.0,0.0425,0.33,0.0,0.12335000000000002,0.8570872948019603,3.406,0.0425,0.28283880728464694,0.09714611680620104,0.13984502494997986
1.0,7.0,1.0,1.0,1.0,7.0,1.0,1.0,1.0,0.0,0.0,0.0,0.0,none,blank_wall,east_36th_street/west_to_east/32_n00392_E.jpg,east_36th_street,west_to_east,n00392,E,32,0.125,0.0,0.0,0.0,1.0,0.0,0.0,0.0,0.0425,0.33,0.0,0.12335000000000002,0.8169749306328966,4.9736,0.0425,0.2696017271088559,0.1418572890626311,0.1502314753365907
1.0,7.0,1.0,1.0,1.0,7.0,1.0,1.0,1.0,2.0,0.0,0.0,0.0,tree_canopy,blank_wall,east_36th_street/west_to_east/33_n00393_E.jpg,east_36th_street,west_to_east,n00393,E,33,0.125,0.0,0.0,0.0,1.0,0.0,0.0,0.0,0.0425,0.33,0.0,0.12335000000000002,0.8078187581241304,2.6628,0.0425,0.266580190180963,0.07594852608090197,0.12748447636641547
1.0,7.0,1.0,1.0,3.0,7.0,3.0,3.0,1.0,0.0,0.0,0.0,1.0,none,blank_wall,east_36th_street/west_to_east/34_n00394_E.jpg,east_36th_street,west_to_east,n00394,E,34,0.125,0.0,0.0,0.3333333333333333,1.0,0.3333333333333333,0.3333333333333333,0.0,0.0425,0.5533333333333333,0.22333333333333333,0.27075,0.7615069670237822,3.2296,0.0425,0.4746306324511815,0.202114826434911,0.2377760014324105
1.0,7.0,1.0,1.0,1.0,7.0,1.0,1.0,1.0,0.0,0.0,0.0,0.0,none,blank_wall,east_36th_street/west_to_east/35_n00395_E.jpg,east_36th_street,west_to_east,n00395,E,35,0.125,0.0,0.0,0.0,1.0,0.0,0.0,0.0,0.0425,0.33,0.0,0.12335000000000002,0.6118238276706255,0.4865,0.0425,0.20190186313130642,0.013875979397010216,0.08565668803434451
1.0,7.0,1.0,1.0,1.0,7.0,1.0,1.0,1.0,0.0,0.0,0.0,2.0,none,blank_wall,east_36th_street/west_to_east/36_n00396_E.jpg,east_36th_street,west_to_east,n00396,E,36,0.125,0.0,0.0,0.0,1.0,0.0,0.0,0.0,0.0425,0.33,0.0,0.12335000000000002,0.5391522594144271,3.8871,0.0425,0.17792024560676095,0.1108680771102126,0.10975014649660128
1.0,7.0,1.0,1.0,1.0,7.0,1.0,1.0,1.0,0.0,0.0,0.0,0.0,none,blank_wall,east_36th_street/west_to_east/37_n00397_E.jpg,east_36th_street,west_to_east,n00397,E,37,0.125,0.0,0.0,0.0,1.0,0.0,0.0,0.0,0.0425,0.33,0.0,0.12335000000000002,0.5134875819912038,4.3221,0.0425,0.16945090205709726,0.12327517071288359,0.1110496040140937
1.0,7.0,1.0,1.0,1.0,7.0,1.0,1.0,1.0,0.0,0.0,0.0,0.0,none,blank_wall,east_36th_street/west_to_east/38_n00398_E.jpg,east_36th_street,west_to_east,n00398,E,38,0.125,0.0,0.0,0.0,1.0,0.0,0.0,0.0,0.0425,0.33,0.0,0.12335000000000002,0.4998497107964835,3.6669,0.0425,0.16495040456283955,0.10458752076237773,0.1033975153573217
1.0,7.0,1.0,1.0,1.0,7.0,1.0,1.0,1.0,0.0,0.0,0.0,0.0,none,blank_wall,east_36th_street/west_to_east/39_n00399_E.jpg,east_36th_street,west_to_east,n00399,E,39,0.125,0.0,0.0,0.0,1.0,0.0,0.0,0.0,0.0425,0.33,0.0,0.12335000000000002,0.5025403972704032,4.5052,0.0425,0.16583833109923307,0.12849755884770903,0.1115808436824909
1.0,7.0,1.0,1.0,1.0,7.0,1.0,1.0,1.0,0.0,0.0,0.0,0.0,none,blank_wall,east_36th_street/west_to_east/40_n00400_E.jpg,east_36th_street,west_to_east,n00400,E,40,0.125,0.0,0.0,0.0,1.0,0.0,0.0,0.0,0.0425,0.33,0.0,0.12335000000000002,0.4880169207942819,3.8623,0.0425,0.16104558386211304,0.11016073016458904,0.1039480836288117
1.0,7.0,1.0,1.0,1.0,7.0,1.0,1.0,1.0,0.0,0.0,0.0,0.0,none,blank_wall,east_36th_street/west_to_east/41_n00401_E.jpg,east_36th_street,west_to_east,n00401,E,41,0.125,0.0,0.0,0.0,1.0,0.0,0.0,0.0,0.0425,0.33,0.0,0.12335000000000002,0.4791154717502706,3.758,0.0425,0.1581081056775893,0.1071858799053739,0.10199701524237785
1.0,7.0,1.0,1.0,1.0,7.0,1.0,1.0,1.0,0.0,0.0,0.0,0.0,none,blank_wall,east_36th_street/west_to_east/42_n00402_E.jpg,east_36th_street,west_to_east,n00402,E,42,0.125,0.0,0.0,0.0,1.0,0.0,0.0,0.0,0.0425,0.33,0.0,0.12335000000000002,0.4713571057628238,3.2252,0.0425,0.15554784490173187,0.09198932939617133,0.09613726751830806
1.0,7.0,1.0,1.0,1.0,7.0,1.0,1.0,1.0,0.0,0.0,0.0,0.0,none,blank_wall,east_36th_street/west_to_east/43_n00403_E.jpg,east_36th_street,west_to_east,n00403,E,43,0.125,0.0,0.0,0.0,1.0,0.0,0.0,0.0,0.0425,0.33,0.0,0.12335000000000002,0.5151572319334534,4.1173,0.0425,0.17000188653803963,0.11743385400063756,0.10930379437776347
1.0,7.0,1.0,1.0,1.0,7.0,1.0,1.0,1.0,0.0,0.0,0.0,0.0,none,blank_wall,east_36th_street/west_to_east/44_n00404_E.jpg,east_36th_street,west_to_east,n00404,E,44,0.125,0.0,0.0,0.0,1.0,0.0,0.0,0.0,0.0425,0.33,0.0,0.12335000000000002,0.5210326484078724,0.7722,0.0425,0.17194077397459792,0.022024730298810465,0.07845861641022478
1.0,7.0,1.0,1.0,1.0,7.0,1.0,1.0,1.0,0.0,0.0,0.0,0.0,none,blank_wall,east_36th_street/west_to_east/45_n00405_E.jpg,east_36th_street,west_to_east,n00405,E,45,0.125,0.0,0.0,0.0,1.0,0.0,0.0,0.0,0.0425,0.33,0.0,0.12335000000000002,0.5364253506433369,4.6475,0.0425,0.17702036571230118,0.13255624716876668,0.1166102822507524
1.0,7.0,1.0,1.0,3.0,7.0,3.0,3.0,1.0,0.0,0.0,0.0,0.0,none,blank_wall,east_36th_street/west_to_east/46_n00406_E.jpg,east_36th_street,west_to_east,n00406,E,46,0.125,0.0,0.0,0.3333333333333333,1.0,0.3333333333333333,0.3333333333333333,0.0,0.0425,0.5533333333333333,0.22333333333333333,0.27075,0.5657850712920431,2.8432,0.0425,0.4100424068597076,0.19109390466922804,0.21282498280454876
1.0,7.0,1.0,1.0,3.0,7.0,3.0,3.0,3.0,0.0,0.0,0.0,0.0,none,blank_wall,east_36th_street/west_to_east/47_n00407_E.jpg,east_36th_street,west_to_east,n00407,E,47,0.125,0.0,0.0,0.3333333333333333,1.0,0.3333333333333333,0.3333333333333333,0.3333333333333333,0.0425,0.5533333333333333,0.3333333333333333,0.30705,0.5985825264923436,1.7786,0.0425,0.4208655670758067,0.27072932570508196,0.24267631461769326
1.0,7.0,1.0,1.0,1.0,7.0,1.0,1.0,1.0,0.0,0.0,0.0,0.0,none,blank_wall,east_37th_street/east_to_west/01_n00445_W.jpg,east_37th_street,east_to_west,n00445,W,1,0.125,0.0,0.0,0.0,1.0,0.0,0.0,0.0,0.0425,0.33,0.0,0.12335000000000002,0.5899872469669949,3.991,0.0425,0.19469579149910832,0.11383151854772412,0.11626401231545472
3.0,6.0,5.0,4.0,3.0,6.0,4.0,5.0,3.0,2.0,0.0,0.0,0.0,tree_canopy,blank_wall,east_37th_street/east_to_west/02_n00444_W.jpg,east_37th_street,east_to_west,n00444,W,2,0.3333333333333333,0.6666666666666666,0.5,0.3333333333333333,0.8333333333333334,0.5,0.6666666666666666,0.3333333333333333,0.4983333333333334,0.5533333333333333,0.5016666666666667,0.5175833333333335,0.5775686029736506,4.3206,0.4983333333333334,0.4689309723146381,0.39823238763149504,0.4555972421155573
1.0,7.0,1.0,1.0,1.0,7.0,1.0,1.0,1.0,0.0,0.0,0.0,0.0,none,blank_wall,east_37th_street/east_to_west/03_n00443_W.jpg,east_37th_street,east_to_west,n00443,W,3,0.125,0.0,0.0,0.0,1.0,0.0,0.0,0.0,0.0425,0.33,0.0,0.12335000000000002,0.6026722663640984,3.1833,0.0425,0.19888184790015248,0.09079425532271866,0.11004311406354748
2.0,6.0,3.0,2.0,3.0,5.0,4.0,4.0,2.0,0.0,0.0,0.0,0.0,hedge,blank_wall,east_37th_street/east_to_west/04_n00442_W.jpg,east_37th_street,east_to_west,n00442,W,4,0.25,0.3333333333333333,0.16666666666666666,0.3333333333333333,0.6666666666666666,0.5,0.5,0.16666666666666666,0.25,0.4983333333333334,0.39,0.3781500000000001,0.5533182199788219,0.6732,0.25,0.4609283459263446,0.2392010469271681,0.3160426996416592
3.0,6.0,3.0,3.0,3.0,6.0,3.0,3.0,3.0,1.0,0.0,0.0,0.0,tree_canopy,blank_wall,east_37th_street/east_to_west/05_n00441_W.jpg,east_37th_street,east_to_west,n00441,W,5,0.3333333333333333,0.3333333333333333,0.3333333333333333,0.3333333333333333,0.8333333333333334,0.3333333333333333,0.3333333333333333,0.3333333333333333,0.3333333333333333,0.49833333333333335,0.3333333333333333,0.38778333333333337,0.5754948621666971,5.1985,0.3333333333333333,0.41324663784834337,0.3682718990654833,0.3712344505148961
3.0,6.0,3.0,3.0,3.0,5.0,3.0,4.0,2.0,3.0,0.0,0.0,1.0,tree_canopy,blank_wall,east_37th_street/east_to_west/06_n00440_W.jpg,east_37th_street,east_to_west,n00440,W,6,0.3333333333333333,0.3333333333333333,0.3333333333333333,0.3333333333333333,0.6666666666666666,0.3333333333333333,0.5,0.16666666666666666,0.3333333333333333,0.44333333333333336,0.335,0.3701833333333334,0.6666678585874586,4.3477,0.3333333333333333,0.44333372666719467,0.2890053353019143,0.3550052237831393
1.0,7.0,1.0,1.0,3.0,7.0,3.0,3.0,1.0,0.0,0.0,0.0,0.0,none,blank_wall,east_37th_street/east_to_west/07_n00439_W.jpg,east_37th_street,east_to_west,n00439,W,7,0.125,0.0,0.0,0.3333333333333333,1.0,0.3333333333333333,0.3333333333333333,0.0,0.0425,0.5533333333333333,0.22333333333333333,0.27075,0.6846331632598647,4.876,0.0425,0.4492622772090887,0.24907353656695136,0.24490081854609322
1.0,7.0,1.0,1.0,3.0,7.0,3.0,3.0,1.0,0.0,0.0,0.0,0.0,none,blank_wall,east_37th_street/east_to_west/08_n00438_W.jpg,east_37th_street,east_to_west,n00438,W,8,0.125,0.0,0.0,0.3333333333333333,1.0,0.3333333333333333,0.3333333333333333,0.0,0.0425,0.5533333333333333,0.22333333333333333,0.27075,0.6968812805053648,5.8285,0.0425,0.45330415590010376,0.276240793248662,0.2551998332190927
1.0,7.0,1.0,1.0,3.0,7.0,3.0,3.0,1.0,0.0,0.0,0.0,0.0,none,blank_wall,east_37th_street/east_to_west/09_n00437_W.jpg,east_37th_street,east_to_west,n00437,W,9,0.125,0.0,0.0,0.3333333333333333,1.0,0.3333333333333333,0.3333333333333333,0.0,0.0425,0.5533333333333333,0.22333333333333333,0.27075,0.7838524535965697,9.5543,0.0425,0.48200464302020135,0.3825082630068956,0.29973925898894205
1.0,7.0,1.0,1.0,5.0,7.0,5.0,3.0,2.0,0.0,0.0,0.0,1.0,none,blank_wall,east_37th_street/east_to_west/10_n00436_W.jpg,east_37th_street,east_to_west,n00436,W,10,0.125,0.0,0.0,0.6666666666666666,1.0,0.6666666666666666,0.3333333333333333,0.16666666666666666,0.0425,0.7766666666666666,0.38833333333333336,0.39890000000000003,0.8199215161127529,6.6366,0.0425,0.7172407669838752,0.464289465295371,0.40435497665215125
1.0,7.0,1.0,1.0,3.0,7.0,3.0,3.0,1.0,0.0,0.0,0.0,0.0,none,blank_wall,east_37th_street/east_to_west/11_n00435_W.jpg,east_37th_street,east_to_west,n00435,W,11,0.125,0.0,0.0,0.3333333333333333,1.0,0.3333333333333333,0.3333333333333333,0.0,0.0425,0.5533333333333333,0.22333333333333333,0.27075,0.8505117915007364,2.859,0.0425,0.5040022245285763,0.19154455312652047,0.24398043662618196
1.0,7.0,1.0,1.0,1.0,7.0,1.0,1.0,1.0,0.0,0.0,0.0,0.0,none,blank_wall,east_37th_street/east_to_west/12_n00434_W.jpg,east_37th_street,east_to_west,n00434,W,12,0.125,0.0,0.0,0.0,1.0,0.0,0.0,0.0,0.0425,0.33,0.0,0.12335000000000002,0.936108925126609,0.0899,0.0425,0.308915945291781,0.0025641326778853414,0.11723842572998991
1.0,7.0,1.0,1.0,5.0,7.0,5.0,3.0,2.0,0.0,0.0,0.0,1.0,none,blank_wall,east_37th_street/east_to_west/13_n00432_W.jpg,east_37th_street,east_to_west,n00432,W,13,0.125,0.0,0.0,0.6666666666666666,1.0,0.6666666666666666,0.3333333333333333,0.16666666666666666,0.0425,0.7766666666666666,0.38833333333333336,0.39890000000000003,0.8726479949351348,0.6627,0.0425,0.7346405049952611,0.29390156535744844,0.3538688832163942
1.0,7.0,1.0,1.0,5.0,7.0,5.0,3.0,3.0,0.0,0.0,0.0,0.0,none,blank_wall,east_37th_street/east_to_west/14_n00431_W.jpg,east_37th_street,east_to_west,n00431,W,14,0.125,0.0,0.0,0.6666666666666666,1.0,0.6666666666666666,0.3333333333333333,0.3333333333333333,0.0425,0.7766666666666666,0.44333333333333336,0.41705000000000003,0.7917373276611548,0.6434,0.0425,0.7079399847948478,0.3483510897102495,0.3630260545866821
1.0,7.0,1.0,1.0,1.0,7.0,1.0,1.0,1.0,0.0,0.0,0.0,0.0,none,blank_wall,east_37th_street/east_to_west/15_n00430_W.jpg,east_37th_street,east_to_west,n00430,W,15,0.125,0.0,0.0,0.0,1.0,0.0,0.0,0.0,0.0425,0.33,0.0,0.12335000000000002,0.8275278311466224,1.2682,0.0425,0.27308418427838543,0.036171669211281315,0.11650443165159004
3.0,6.0,3.0,3.0,4.0,6.0,4.0,5.0,4.0,2.0,0.0,0.0,0.0,tree_canopy,shopfront,east_37th_street/east_to_west/16_n00429_W.jpg,east_37th_street,east_to_west,n00429,W,16,0.3333333333333333,0.3333333333333333,0.3333333333333333,0.5,0.8333333333333334,0.5,0.6666666666666666,0.5,0.3333333333333333,0.6100000000000001,0.5566666666666668,0.4983333333333334,0.8626671647708223,1.389,0.3333333333333333,0.6196801643743715,0.3696171333657702,0.43980144158758006
1.0,7.0,1.0,1.0,1.0,7.0,1.0,1.0,1.0,2.0,0.0,0.0,1.0,tree_canopy,blank_wall,east_37th_street/east_to_west/17_n00428_W.jpg,east_37th_street,east_to_west,n00428,W,17,0.125,0.0,0.0,0.0,1.0,0.0,0.0,0.0,0.0425,0.33,0.0,0.12335000000000002,0.9043656168586084,0.564,0.0425,0.29844065356334076,0.016086438602083787,0.1182439404145901
3.0,6.0,3.0,4.0,3.0,6.0,5.0,5.0,3.0,2.0,0.0,0.0,0.0,tree_canopy,blank_wall,east_37th_street/east_to_west/18_n00427_W.jpg,east_37th_street,east_to_west,n00427,W,18,0.3333333333333333,0.3333333333333333,0.5,0.3333333333333333,0.8333333333333334,0.6666666666666666,0.6666666666666666,0.3333333333333333,0.3883333333333333,0.6083333333333334,0.5566666666666666,0.5164833333333334,0.9281291690934518,1.1685,0.3883333333333333,0.6396159591341725,0.3633280204016576,0.4630048465801573
3.0,6.0,3.0,3.0,2.0,6.0,3.0,3.0,2.0,2.0,0.0,0.0,0.0,tree_canopy,blank_wall,east_37th_street/east_to_west/19_n00426_W.jpg,east_37th_street,east_to_west,n00426,W,19,0.3333333333333333,0.3333333333333333,0.3333333333333333,0.16666666666666666,0.8333333333333334,0.3333333333333333,0.3333333333333333,0.16666666666666666,0.3333333333333333,0.44166666666666665,0.2783333333333333,0.3509333333333333,0.926801600201834,0.7211,0.3333333333333333,0.47251119473327186,0.18556725332617485,0.3304992211929507
1.0,7.0,1.0,1.0,1.0,7.0,1.0,1.0,1.0,0.0,0.0,0.0,1.0,none,blank_wall,east_37th_street/east_to_west/20_n00425_W.jpg,east_37th_street,east_to_west,n00425,W,20,0.125,0.0,0.0,0.0,1.0,0.0,0.0,0.0,0.0425,0.33,0.0,0.12335000000000002,0.9267531642313046,2.1497,0.0425,0.30582854419633054,0.06131386004060199,0.13560699339818774
1.0,7.0,1.0,1.0,3.0,7.0,3.0,3.0,3.0,0.0,0.0,0.0,2.0,none,blank_wall,east_37th_street/east_to_west/21_n00424_W.jpg,east_37th_street,east_to_west,n00424,W,21,0.125,0.0,0.0,0.3333333333333333,1.0,0.3333333333333333,0.3333333333333333,0.3333333333333333,0.0425,0.5533333333333333,0.3333333333333333,0.30705,0.8827082526274594,1.4053,0.0425,0.514627056700395,0.2600820428501921,0.2701040028516938
3.0,6.0,3.0,3.0,3.0,6.0,3.0,5.0,2.0,0.0,0.0,0.0,0.0,hedge,blank_wall,east_37th_street/east_to_west/22_n00423_W.jpg,east_37th_street,east_to_west,n00423,W,22,0.3333333333333333,0.3333333333333333,0.3333333333333333,0.3333333333333333,0.8333333333333334,0.3333333333333333,0.6666666666666666,0.16666666666666666,0.3333333333333333,0.49833333333333335,0.39166666666666666,0.40703333333333336,0.8527596139044261,8.6489,0.3333333333333333,0.504744005921794,0.4116843950807845,0.41575470566418427
3.0,6.0,3.0,4.0,2.0,6.0,4.0,5.0,2.0,10.0,0.0,0.0,0.0,tree_canopy,blank_wall,east_37th_street/east_to_west/23_n00422_W.jpg,east_37th_street,east_to_west,n00422,W,23,0.3333333333333333,0.3333333333333333,0.5,0.16666666666666666,0.8333333333333334,0.5,0.6666666666666666,0.16666666666666666,0.3883333333333333,0.4966666666666667,0.4466666666666667,0.4433333333333334,0.9221170845871512,3.7326,0.3883333333333333,0.5259653045804267,0.32646141972719495,0.4133341523548485
3.0,6.0,5.0,4.0,3.0,6.0,5.0,6.0,3.0,10.0,0.0,0.0,0.0,tree_canopy,blank_wall,east_37th_street/east_to_west/24_n00421_W.jpg,east_37th_street,east_to_west,n00421,W,24,0.3333333333333333,0.6666666666666666,0.5,0.3333333333333333,0.8333333333333334,0.6666666666666666,0.8333333333333334,0.3333333333333333,0.4983333333333334,0.6083333333333334,0.6133333333333334,0.5725833333333334,0.9153726455797264,4.6513,0.4983333333333334,0.6354063063746431,0.4626646309749509,0.5317967426586994
3.0,6.0,3.0,3.0,2.0,6.0,3.0,5.0,2.0,10.0,0.0,0.0,0.0,tree_canopy,blank_wall,east_37th_street/east_to_west/25_n00420_W.jpg,east_37th_street,east_to_west,n00420,W,25,0.3333333333333333,0.3333333333333333,0.3333333333333333,0.16666666666666666,0.8333333333333334,0.3333333333333333,0.6666666666666666,0.16666666666666666,0.3333333333333333,0.44166666666666665,0.39166666666666666,0.3883333333333333,0.9294774972487336,6.0034,0.3333333333333333,0.4733942407587488,0.33622930053856354,0.38050910196144644
3.0,6.0,3.0,4.0,3.0,6.0,5.0,5.0,3.0,2.0,0.0,0.0,0.0,tree_canopy,blank_wall,east_37th_street/east_to_west/26_n00419_W.jpg,east_37th_street,east_to_west,n00419,W,26,0.3333333333333333,0.3333333333333333,0.5,0.3333333333333333,0.8333333333333334,0.6666666666666666,0.6666666666666666,0.3333333333333333,0.3883333333333333,0.6083333333333334,0.5566666666666666,0.5164833333333334,0.9138400179881052,4.0781,0.3883333333333333,0.634900539269408,0.4463157894736842,0.4888347218185538
1.0,7.0,1.0,1.0,1.0,7.0,1.0,1.0,1.0,2.0,0.0,0.0,0.0,tree_canopy,blank_wall,east_37th_street/east_to_west/27_n00418_W.jpg,east_37th_street,east_to_west,n00418,W,27,0.125,0.0,0.0,0.0,1.0,0.0,0.0,0.0,0.0425,0.33,0.0,0.12335000000000002,0.8893334605187865,2.733,0.0425,0.29348004197119953,0.07795077428988474,0.13702216936615783
1.0,7.0,1.0,1.0,1.0,7.0,1.0,1.0,1.0,0.0,0.0,0.0,0.0,none,blank_wall,east_37th_street/east_to_west/28_n00417_W.jpg,east_37th_street,east_to_west,n00417,W,28,0.125,0.0,0.0,0.0,1.0,0.0,0.0,0.0,0.0425,0.33,0.0,0.12335000000000002,0.864045739474949,5.5265,0.0425,0.2851350940267332,0.15762713286243984,0.16056153487342711
3.0,6.0,5.0,4.0,4.0,6.0,5.0,6.0,5.0,10.0,0.0,0.0,20.0,tree_canopy,blank_wall,east_37th_street/east_to_west/29_n00416_W.jpg,east_37th_street,east_to_west,n00416,W,29,0.3333333333333333,0.6666666666666666,0.5,0.5,0.8333333333333334,0.6666666666666666,0.8333333333333334,0.6666666666666666,0.4983333333333334,0.665,0.7233333333333334,0.6275833333333334,0.7964967665432046,0.6601,0.4983333333333334,0.6528439329592575,0.458827408016375,0.536284875855292
3.0,6.0,5.0,4.0,5.0,6.0,5.0,6.0,4.0,10.0,0.0,0.0,15.0,tree_canopy,blank_wall,east_37th_street/east_to_west/30_n00415_W.jpg,east_37th_street,east_to_west,n00415,W,30,0.3333333333333333,0.6666666666666666,0.5,0.6666666666666666,0.8333333333333334,0.6666666666666666,0.8333333333333334,0.5,0.4983333333333334,0.7216666666666667,0.6683333333333334,0.6281333333333334,0.7714976816310198,2.7435,0.4983333333333334,0.7012609016049033,0.46325025585960444,0.5537220152966209
3.0,6.0,3.0,4.0,3.0,6.0,4.0,5.0,3.0,2.0,0.0,0.0,0.0,tree_canopy,blank_wall,east_37th_street/east_to_west/31_n00414_W.jpg,east_37th_street,east_to_west,n00414,W,31,0.3333333333333333,0.3333333333333333,0.5,0.3333333333333333,0.8333333333333334,0.5,0.6666666666666666,0.3333333333333333,0.3883333333333333,0.5533333333333333,0.5016666666666667,0.48018333333333335,0.8293558373151777,3.0682,0.3883333333333333,0.552020759647342,0.3625113668775062,0.43382893508653325
1.0,7.0,1.0,1.0,1.0,7.0,1.0,1.0,1.0,0.0,0.0,0.0,0.0,none,blank_wall,east_37th_street/east_to_west/32_n00413_W.jpg,east_37th_street,east_to_west,n00413,W,32,0.125,0.0,0.0,0.0,1.0,0.0,0.0,0.0,0.0425,0.33,0.0,0.12335000000000002,0.9077701776611912,0.5013,0.0425,0.2995641586281931,0.014298105800043624,0.11802454726131811
1.0,7.0,1.0,1.0,1.0,7.0,1.0,1.0,1.0,0.0,0.0,0.0,0.0,none,blank_wall,east_37th_street/east_to_west/33_n00412_W.jpg,east_37th_street,east_to_west,n00412,W,33,0.125,0.0,0.0,0.0,1.0,0.0,0.0,0.0,0.0425,0.33,0.0,0.12335000000000002,0.8801689452472443,0.2073,0.0425,0.2904557519315906,0.0059126218478935625,0.11225156334722979
3.0,6.0,3.0,4.0,3.0,6.0,5.0,5.0,3.0,0.0,0.0,0.0,0.0,hedge,blank_wall,east_37th_street/east_to_west/34_n00411_W.jpg,east_37th_street,east_to_west,n00411,W,34,0.3333333333333333,0.3333333333333333,0.5,0.3333333333333333,0.8333333333333334,0.6666666666666666,0.6666666666666666,0.3333333333333333,0.3883333333333333,0.6083333333333334,0.5566666666666666,0.5164833333333334,0.907510652905998,2.4092,0.3883333333333333,0.6328118487923127,0.3987153331208161,0.47243730336466583
1.0,7.0,1.0,1.0,1.0,7.0,1.0,1.0,1.0,2.0,0.0,0.0,0.0,tree_canopy,blank_wall,east_37th_street/east_to_west/35_n00410_W.jpg,east_37th_street,east_to_west,n00410,W,35,0.125,0.0,0.0,0.0,1.0,0.0,0.0,0.0,0.0425,0.33,0.0,0.12335000000000002,0.919153517979536,3.0422,0.0425,0.3033206609332469,0.08676979346677181,0.1431798499520062
1.0,7.0,1.0,1.0,1.0,7.0,1.0,1.0,1.0,1.0,0.0,0.0,0.0,tree_canopy,blank_wall,east_37th_street/east_to_west/36_n00409_W.jpg,east_37th_street,east_to_west,n00409,W,36,0.125,0.0,0.0,0.0,1.0,0.0,0.0,0.0,0.0425,0.33,0.0,0.12335000000000002,0.923079236878206,4.798,0.0425,0.30461614816980803,0.13684881633474827,0.1601334382865036
1.0,7.0,1.0,1.0,3.0,7.0,5.0,3.0,2.0,0.0,0.0,0.0,2.0,none,blank_wall,east_37th_street/east_to_west/37_n00408_W.jpg,east_37th_street,east_to_west,n00408,W,37,0.125,0.0,0.0,0.3333333333333333,1.0,0.6666666666666666,0.3333333333333333,0.16666666666666666,0.0425,0.6633333333333333,0.38833333333333336,0.36150000000000004,0.8572815400260845,0.7681,0.0425,0.6162362415419412,0.2969077898763485,0.31578753036803564
3.0,6.0,3.0,4.0,4.0,6.0,5.0,5.0,4.0,2.0,0.0,0.0,5.0,tree_canopy,blank_wall,east_37th_street/west_to_east/01_n00408_E.jpg,east_37th_street,west_to_east,n00408,E,1,0.3333333333333333,0.3333333333333333,0.5,0.5,0.8333333333333334,0.6666666666666666,0.6666666666666666,0.5,0.3883333333333333,0.665,0.6116666666666667,0.5533333333333335,0.8572815400260845,3.6589,0.3883333333333333,0.6729029082086079,0.48935934432830563,0.5155798766705147
3.0,6.0,3.0,4.0,4.0,6.0,5.0,5.0,3.0,2.0,0.0,0.0,0.0,tree_canopy,blank_wall,east_37th_street/west_to_east/02_n00409_E.jpg,east_37th_street,west_to_east,n00409,E,2,0.3333333333333333,0.3333333333333333,0.5,0.5,0.8333333333333334,0.6666666666666666,0.6666666666666666,0.3333333333333333,0.3883333333333333,0.665,0.5566666666666666,0.5351833333333333,0.923079236878206,2.4331,0.3883333333333333,0.694616148169808,0.3993970102176065,0.4930576756011801
3.0,6.0,3.0,4.0,3.0,6.0,4.0,5.0,3.0,2.0,0.0,0.0,0.0,tree_canopy,blank_wall,east_37th_street/west_to_east/03_n00410_E.jpg,east_37th_street,west_to_east,n00410,E,3,0.3333333333333333,0.3333333333333333,0.5,0.3333333333333333,0.8333333333333334,0.5,0.6666666666666666,0.3333333333333333,0.3883333333333333,0.5533333333333333,0.5016666666666667,0.48018333333333335,0.919153517979536,2.9978,0.3883333333333333,0.5816539942665803,0.3605034142576716,0.44294527814633644
3.0,6.0,5.0,4.0,3.0,6.0,5.0,5.0,3.0,10.0,0.0,0.0,0.0,tree_canopy,blank_wall,east_37th_street/west_to_east/04_n00411_E.jpg,east_37th_street,west_to_east,n00411,E,4,0.3333333333333333,0.6666666666666666,0.5,0.3333333333333333,0.8333333333333334,0.6666666666666666,0.6666666666666666,0.3333333333333333,0.4983333333333334,0.6083333333333334,0.5566666666666666,0.5538833333333334,0.907510652905998,4.1457,0.4983333333333334,0.6328118487923127,0.4482438803415935,0.5261817239475225
3.0,6.0,3.0,4.0,3.0,6.0,4.0,5.0,3.0,5.0,0.0,0.0,0.0,tree_canopy,blank_wall,east_37th_street/west_to_east/05_n00412_E.jpg,east_37th_street,west_to_east,n00412,E,5,0.3333333333333333,0.3333333333333333,0.5,0.3333333333333333,0.8333333333333334,0.5,0.6666666666666666,0.3333333333333333,0.3883333333333333,0.5533333333333333,0.5016666666666667,0.48018333333333335,0.8801689452472443,0.8051,0.3883333333333333,0.568789085264924,0.29796310588393204,0.4180615564124558
3.0,6.0,5.0,4.0,4.0,6.0,5.0,6.0,4.0,5.0,0.0,0.0,2.0,tree_canopy,blank_wall,east_37th_street/west_to_east/06_n00413_E.jpg,east_37th_street,west_to_east,n00413,E,6,0.3333333333333333,0.6666666666666666,0.5,0.5,0.8333333333333334,0.6666666666666666,0.8333333333333334,0.5,0.4983333333333334,0.665,0.6683333333333334,0.6094333333333335,0.9077701776611912,2.5788,0.4983333333333334,0.6895641586281931,0.4585526735231449,0.5483118879432749
3.0,6.0,5.0,4.0,3.0,6.0,5.0,6.0,4.0,10.0,0.0,0.0,10.0,tree_canopy,blank_wall,east_37th_street/west_to_east/07_n00414_E.jpg,east_37th_street,west_to_east,n00414,E,7,0.3333333333333333,0.6666666666666666,0.5,0.3333333333333333,0.8333333333333334,0.6666666666666666,0.8333333333333334,0.5,0.4983333333333334,0.6083333333333334,0.6683333333333334,0.5907333333333334,0.8293558373151777,3.9796,0.4983333333333334,0.607020759647342,0.4985063671291714,0.5342572851695828
3.0,6.0,5.0,4.0,3.0,6.0,5.0,5.0,3.0,10.0,0.0,0.0,10.0,tree_canopy,blank_wall,east_37th_street/west_to_east/08_n00415_E.jpg,east_37th_street,west_to_east,n00415,E,8,0.3333333333333333,0.6666666666666666,0.5,0.3333333333333333,0.8333333333333334,0.6666666666666666,0.6666666666666666,0.3333333333333333,0.4983333333333334,0.6083333333333334,0.5566666666666666,0.5538833333333334,0.7714976816310198,0.6669,0.4983333333333334,0.5879275682715699,0.3490213579853363,0.47862647899811245
1.0,7.0,1.0,1.0,1.0,7.0,1.0,1.0,1.0,0.0,0.0,0.0,0.0,none,blank_wall,east_37th_street/west_to_east/09_n00416_E.jpg,east_37th_street,west_to_east,n00416,E,9,0.125,0.0,0.0,0.0,1.0,0.0,0.0,0.0,0.0425,0.33,0.0,0.12335000000000002,0.7964967665432046,2.0913,0.0425,0.2628439329592575,0.059648172071875574,0.12087239466027393
3.0,6.0,3.0,3.0,2.0,6.0,3.0,4.0,2.0,5.0,0.0,0.0,0.0,tree_canopy,blank_wall,east_37th_street/west_to_east/10_n00417_E.jpg,east_37th_street,west_to_east,n00417,E,10,0.3333333333333333,0.3333333333333333,0.3333333333333333,0.16666666666666666,0.8333333333333334,0.3333333333333333,0.5,0.16666666666666666,0.3333333333333333,0.44166666666666665,0.335,0.36963333333333337,0.864045739474949,7.6672,0.3333333333333333,0.45180176069339983,0.3836842944147107,0.38904373151900984
3.0,6.0,3.0,3.0,2.0,5.0,4.0,5.0,2.0,10.0,0.0,0.0,1.0,tree_canopy,blank_wall,east_37th_street/west_to_east/11_n00418_E.jpg,east_37th_street,west_to_east,n00418,E,11,0.3333333333333333,0.3333333333333333,0.3333333333333333,0.16666666666666666,0.6666666666666666,0.5,0.6666666666666666,0.16666666666666666,0.3333333333333333,0.44166666666666665,0.4466666666666667,0.40648333333333336,0.8893334605187865,3.725,0.3333333333333333,0.5151467086378663,0.32624465211482645,0.390992482381722
3.0,6.0,3.0,4.0,3.0,6.0,4.0,5.0,3.0,10.0,0.0,0.0,0.0,tree_canopy,blank_wall,east_37th_street/west_to_east/12_n00419_E.jpg,east_37th_street,west_to_east,n00419,E,12,0.3333333333333333,0.3333333333333333,0.5,0.3333333333333333,0.8333333333333334,0.5,0.6666666666666666,0.3333333333333333,0.3883333333333333,0.5533333333333333,0.5016666666666667,0.48018333333333335,0.9138400179881052,4.6617,0.3883333333333333,0.5799005392694081,0.4079612603392446,0.4580277272041887
3.0,6.0,3.0,4.0,3.0,6.0,5.0,5.0,3.0,10.0,0.0,0.0,0.0,tree_canopy,blank_wall,east_37th_street/west_to_east/13_n00420_E.jpg,east_37th_street,west_to_east,n00420,E,13,0.3333333333333333,0.3333333333333333,0.5,0.3333333333333333,0.8333333333333334,0.6666666666666666,0.6666666666666666,0.3333333333333333,0.3883333333333333,0.6083333333333334,0.5566666666666666,0.5164833333333334,0.9294774972487336,7.0008,0.3883333333333333,0.6400609074254154,0.5296771974565039,0.5180469079443667
1.0,7.0,1.0,1.0,1.0,7.0,1.0,1.0,1.0,0.0,0.0,0.0,0.0,none,blank_wall,east_37th_street/west_to_east/14_n00421_E.jpg,east_37th_street,west_to_east,n00421,E,14,0.125,0.0,0.0,0.0,1.0,0.0,0.0,0.0,0.0425,0.33,0.0,0.12335000000000002,0.9153726455797264,4.378,0.0425,0.30207297304130976,0.12486955354596246,0.15534103377379985
1.0,7.0,1.0,1.0,1.0,7.0,1.0,1.0,1.0,0.0,0.0,0.0,0.0,none,blank_wall,east_37th_street/west_to_east/15_n00422_E.jpg,east_37th_street,west_to_east,n00422,E,15,0.125,0.0,0.0,0.0,1.0,0.0,0.0,0.0,0.0425,0.33,0.0,0.12335000000000002,0.9221170845871512,4.8387,0.0425,0.30429863791375994,0.1380096639430901,0.16041173961276053
1.0,7.0,1.0,1.0,3.0,7.0,5.0,3.0,3.0,0.0,0.0,0.0,1.0,none,blank_wall,east_37th_street/west_to_east/16_n00423_E.jpg,east_37th_street,west_to_east,n00423,E,16,0.125,0.0,0.0,0.3333333333333333,1.0,0.6666666666666666,0.3333333333333333,0.3333333333333333,0.0425,0.6633333333333333,0.44333333333333336,0.37965000000000004,0.8527596139044261,1.5607,0.0425,0.614744005921794,0.37451437008204286,0.34090526408126615
1.0,7.0,1.0,1.0,1.0,7.0,1.0,1.0,1.0,0.0,0.0,0.0,1.0,none,blank_wall,east_37th_street/west_to_east/17_n00424_E.jpg,east_37th_street,west_to_east,n00424,E,17,0.125,0.0,0.0,0.0,1.0,0.0,0.0,0.0,0.0425,0.33,0.0,0.12335000000000002,0.8827082526274594,1.7886,0.0425,0.2912937233670616,0.0510145462476721,0.12741172897286213
1.0,7.0,1.0,1.0,1.0,7.0,1.0,1.0,1.0,0.0,0.0,0.0,0.0,none,blank_wall,east_37th_street/west_to_east/18_n00425_E.jpg,east_37th_street,west_to_east,n00425,E,18,0.125,0.0,0.0,0.0,1.0,0.0,0.0,0.0,0.0425,0.33,0.0,0.12335000000000002,0.9267531642313046,1.8338,0.0425,0.30582854419633054,0.05230374310017953,0.13263365480784833
3.0,6.0,5.0,4.0,3.0,6.0,5.0,5.0,3.0,5.0,0.0,0.0,0.0,tree_canopy,blank_wall,east_37th_street/west_to_east/19_n00426_E.jpg,east_37th_street,west_to_east,n00426,E,19,0.3333333333333333,0.6666666666666666,0.5,0.3333333333333333,0.8333333333333334,0.6666666666666666,0.6666666666666666,0.3333333333333333,0.4983333333333334,0.6083333333333334,0.5566666666666666,0.5538833333333334,0.926801600201834,2.5179,0.4983333333333334,0.6391778613999386,0.40181568041877086,0.5129612021335075
3.0,6.0,3.0,4.0,4.0,6.0,5.0,5.0,3.0,2.0,0.0,0.0,0.0,hedge,blank_wall,east_37th_street/west_to_east/20_n00427_E.jpg,east_37th_street,west_to_east,n00427,E,20,0.3333333333333333,0.3333333333333333,0.5,0.5,0.8333333333333334,0.6666666666666666,0.6666666666666666,0.3333333333333333,0.3883333333333333,0.665,0.5566666666666666,0.5351833333333333,0.9281291690934518,1.2945,0.3883333333333333,0.6962826258008391,0.3669217992382934,0.48289079359624704
3.0,6.0,3.0,3.0,3.0,6.0,3.0,3.0,3.0,0.0,0.0,2.0,0.0,hedge,blank_wall,east_37th_street/west_to_east/21_n00428_E.jpg,east_37th_street,west_to_east,n00428,E,21,0.3333333333333333,0.3333333333333333,0.3333333333333333,0.3333333333333333,0.8333333333333334,0.3333333333333333,0.3333333333333333,0.3333333333333333,0.3333333333333333,0.49833333333333335,0.3333333333333333,0.38778333333333337,0.9043656168586084,0.9825,0.3333333333333333,0.5217739868966741,0.2480229183094811,0.36736631205136455
1.0,7.0,1.0,1.0,3.0,7.0,3.0,3.0,1.0,0.0,0.0,0.0,0.0,none,blank_wall,east_37th_street/west_to_east/22_n00429_E.jpg,east_37th_street,west_to_east,n00429,E,22,0.125,0.0,0.0,0.3333333333333333,1.0,0.3333333333333333,0.3333333333333333,0.0,0.0425,0.5533333333333333,0.22333333333333333,0.27075,0.8626671647708223,1.2545,0.0425,0.5080134977077048,0.14578091706793284,0.2302021568759604
1.0,7.0,1.0,1.0,3.0,5.0,3.0,3.0,3.0,0.0,0.0,0.0,0.0,none,blank_wall,east_37th_street/west_to_east/23_n00430_E.jpg,east_37th_street,west_to_east,n00430,E,23,0.125,0.0,0.0,0.3333333333333333,0.6666666666666666,0.3333333333333333,0.3333333333333333,0.3333333333333333,0.0425,0.44333333333333336,0.3333333333333333,0.27075,0.8275278311466224,1.131,0.0425,0.49641751761171876,0.25225844336694464,0.26151306712295896
1.0,7.0,1.0,1.0,3.0,7.0,3.0,3.0,3.0,0.0,0.0,0.0,1.0,none,blank_wall,east_37th_street/west_to_east/24_n00431_E.jpg,east_37th_street,west_to_east,n00431,E,24,0.125,0.0,0.0,0.3333333333333333,1.0,0.3333333333333333,0.3333333333333333,0.3333333333333333,0.0425,0.5533333333333333,0.3333333333333333,0.30705,0.7917373276611548,2.1356,0.0425,0.48460665146151444,0.2809116990755499,0.2670710556772312
1.0,7.0,1.0,1.0,5.0,7.0,5.0,3.0,2.0,0.0,0.0,0.0,0.0,none,blank_wall,east_37th_street/west_to_east/25_n00432_E.jpg,east_37th_street,west_to_east,n00432,E,25,0.125,0.0,0.0,0.6666666666666666,1.0,0.6666666666666666,0.3333333333333333,0.16666666666666666,0.0425,0.7766666666666666,0.38833333333333336,0.39890000000000003,0.8726479949351348,0.0003,0.0425,0.7346405049952611,0.2750085566162777,0.34763419033180787
1.0,7.0,1.0,1.0,1.0,7.0,1.0,1.0,1.0,0.0,0.0,0.0,0.0,none,blank_wall,east_37th_street/west_to_east/26_n00434_E.jpg,east_37th_street,west_to_east,n00434,E,26,0.125,0.0,0.0,0.0,1.0,0.0,0.0,0.0,0.0425,0.33,0.0,0.12335000000000002,0.936108925126609,0.1675,0.0425,0.308915945291781,0.004777444088384814,0.11796881849545472
1.0,7.0,1.0,1.0,3.0,7.0,3.0,3.0,1.0,0.0,0.0,0.0,0.0,none,blank_wall,east_37th_street/west_to_east/27_n00435_E.jpg,east_37th_street,west_to_east,n00435,E,27,0.125,0.0,0.0,0.3333333333333333,1.0,0.3333333333333333,0.3333333333333333,0.0,0.0425,0.5533333333333333,0.22333333333333333,0.27075,0.8505117915007364,0.9814,0.0425,0.5040022245285763,0.13799154404979616,0.22630794363086293
1.0,7.0,1.0,1.0,1.0,7.0,1.0,1.0,1.0,0.0,0.0,0.0,1.0,none,blank_wall,east_37th_street/west_to_east/28_n00436_E.jpg,east_37th_street,west_to_east,n00436,E,28,0.125,0.0,0.0,0.0,1.0,0.0,0.0,0.0,0.0425,0.33,0.0,0.12335000000000002,0.8199215161127529,5.1139,0.0425,0.27057410031720847,0.14585893327517072,0.15187290108548515
1.0,7.0,1.0,1.0,1.0,7.0,1.0,1.0,1.0,0.0,0.0,0.0,0.0,none,blank_wall,east_37th_street/west_to_east/29_n00437_E.jpg,east_37th_street,west_to_east,n00437,E,29,0.125,0.0,0.0,0.0,1.0,0.0,0.0,0.0,0.0425,0.33,0.0,0.12335000000000002,0.7838524535965697,3.5648,0.0425,0.258671309686868,0.10167541902253242,0.13336442047410216
1.0,7.0,1.0,1.0,1.0,7.0,1.0,1.0,1.0,0.0,0.0,0.0,0.0,none,blank_wall,east_37th_street/west_to_east/30_n00438_E.jpg,east_37th_street,west_to_east,n00438,E,30,0.125,0.0,0.0,0.0,1.0,0.0,0.0,0.0,0.0425,0.33,0.0,0.12335000000000002,0.6968812805053648,1.7749,0.0425,0.2299708225667704,0.050623794104323605,0.10704622350146104
3.0,6.0,5.0,4.0,3.0,6.0,4.0,5.0,3.0,3.0,0.0,0.0,1.0,tree_canopy,blank_wall,east_37th_street/west_to_east/31_n00439_E.jpg,east_37th_street,west_to_east,n00439,E,31,0.3333333333333333,0.6666666666666666,0.5,0.3333333333333333,0.8333333333333334,0.5,0.6666666666666666,0.3333333333333333,0.4983333333333334,0.5533333333333333,0.5016666666666667,0.5175833333333335,0.6846331632598647,5.04,0.4983333333333334,0.5042622772090887,0.41875115346542957,0.4740277654559244
1.0,7.0,1.0,1.0,1.0,7.0,1.0,1.0,1.0,0.0,0.0,0.0,0.0,none,blank_wall,east_37th_street/west_to_east/32_n00440_E.jpg,east_37th_street,west_to_east,n00440,E,32,0.125,0.0,0.0,0.0,1.0,0.0,0.0,0.0,0.0425,0.33,0.0,0.12335000000000002,0.6666678585874586,2.6507,0.0425,0.22000039333386134,0.07560340922436791,0.11199925484421566
2.0,6.0,3.0,2.0,3.0,5.0,4.0,5.0,3.0,1.0,0.0,0.0,1.0,tree_canopy,blank_wall,east_37th_street/west_to_east/33_n00441_E.jpg,east_37th_street,west_to_east,n00441,E,33,0.25,0.3333333333333333,0.16666666666666666,0.3333333333333333,0.6666666666666666,0.5,0.6666666666666666,0.3333333333333333,0.25,0.4983333333333334,0.5016666666666667,0.4150000000000001,0.5754948621666971,5.0961,0.25,0.4682466378483434,0.42035124070936025,0.37823729992404226
2.0,6.0,3.0,2.0,3.0,5.0,4.0,5.0,3.0,0.0,0.0,0.0,2.0,hedge,blank_wall,east_37th_street/west_to_east/34_n00442_E.jpg,east_37th_street,west_to_east,n00442,E,34,0.25,0.3333333333333333,0.16666666666666666,0.3333333333333333,0.6666666666666666,0.5,0.6666666666666666,0.3333333333333333,0.25,0.4983333333333334,0.5016666666666667,0.4150000000000001,0.5533182199788219,1.8082,0.25,0.4609283459263446,0.32657357851114877,0.3448756350643728
3.0,6.0,5.0,4.0,3.0,6.0,4.0,5.0,3.0,1.0,0.0,0.0,1.0,tree_canopy,blank_wall,east_37th_street/west_to_east/35_n00443_E.jpg,east_37th_street,west_to_east,n00443,E,35,0.3333333333333333,0.6666666666666666,0.5,0.3333333333333333,0.8333333333333334,0.5,0.6666666666666666,0.3333333333333333,0.4983333333333334,0.5533333333333333,0.5016666666666667,0.5175833333333335,0.6026722663640984,4.598,0.4983333333333334,0.47721518123348583,0.4061444054829455,0.4609419969497557
3.0,6.0,3.0,3.0,3.0,5.0,3.0,4.0,3.0,1.0,0.0,0.0,0.0,tree_canopy,blank_wall,east_37th_street/west_to_east/36_n00444_E.jpg,east_37th_street,west_to_east,n00444,E,36,0.3333333333333333,0.3333333333333333,0.3333333333333333,0.3333333333333333,0.6666666666666666,0.3333333333333333,0.5,0.3333333333333333,0.3333333333333333,0.44333333333333336,0.39,0.3883333333333334,0.5775686029736506,3.2173,0.3333333333333333,0.41393097231463805,0.3117640051675251,0.3528126759024472
3.0,6.0,3.0,2.0,4.0,5.0,4.0,5.0,3.0,1.0,0.0,0.0,0.0,tree_canopy,blank_wall,east_37th_street/west_to_east/37_n00445_E.jpg,east_37th_street,west_to_east,n00445,E,37,0.3333333333333333,0.3333333333333333,0.16666666666666666,0.5,0.6666666666666666,0.5,0.6666666666666666,0.3333333333333333,0.2783333333333333,0.555,0.5016666666666667,0.4433333333333334,0.5899872469669949,2.334,0.2783333333333333,0.5296957914991084,0.34157047464053825,0.38215120115941675
1.0,7.0,1.0,1.0,1.0,7.0,1.0,1.0,1.0,0.0,0.0,0.0,0.0,none,blank_wall,east_38th_street/east_to_west/01_n00501_W.jpg,east_38th_street,east_to_west,n00501,W,1,0.125,0.0,0.0,0.0,1.0,0.0,0.0,0.0,0.0425,0.33,0.0,0.12335000000000002,0.592567634279671,1.213,0.0425,0.19554731931229144,0.034597251816183755,0.09039770847239682
3.0,6.0,3.0,2.0,4.0,6.0,5.0,4.0,3.0,2.0,0.0,0.0,0.0,tree_canopy,blank_wall,east_38th_street/east_to_west/02_n00500_W.jpg,east_38th_street,east_to_west,n00500,W,2,0.3333333333333333,0.3333333333333333,0.16666666666666666,0.5,0.8333333333333334,0.6666666666666666,0.5,0.3333333333333333,0.2783333333333333,0.665,0.5,0.4790833333333334,0.7461179088609383,2.698,0.2783333333333333,0.6362189099241097,0.40695250239081926,0.4388798993972599
3.0,6.0,3.0,2.0,4.0,6.0,5.0,4.0,3.0,0.0,0.0,0.0,0.0,hedge,shopfront,east_38th_street/east_to_west/03_n00499_W.jpg,east_38th_street,east_to_west,n00499,W,3,0.3333333333333333,0.3333333333333333,0.16666666666666666,0.5,0.8333333333333334,0.6666666666666666,0.5,0.3333333333333333,0.2783333333333333,0.665,0.5,0.4790833333333334,0.7868279856378065,0.8884,0.2783333333333333,0.6496532352604761,0.35533899300370786,0.42628076866051406
1.0,7.0,1.0,1.0,5.0,7.0,5.0,3.0,3.0,0.0,0.0,0.0,0.0,none,blank_wall,east_38th_street/east_to_west/04_n00498_W.jpg,east_38th_street,east_to_west,n00498,W,4,0.125,0.0,0.0,0.6666666666666666,1.0,0.6666666666666666,0.3333333333333333,0.3333333333333333,0.0425,0.7766666666666666,0.44333333333333336,0.41705000000000003,0.8466246389104166,1.7176,0.0425,0.7260527975071042,0.37898948039528213,0.3791139517077875
1.0,7.0,1.0,1.0,1.0,7.0,1.0,1.0,1.0,0.0,0.0,0.0,0.0,none,blank_wall,east_38th_street/east_to_west/05_n00497_W.jpg,east_38th_street,east_to_west,n00497,W,5,0.125,0.0,0.0,0.0,1.0,0.0,0.0,0.0,0.0425,0.33,0.0,0.12335000000000002,0.8928698291580636,0.6346,0.0425,0.294647043622161,0.018100095632770163,0.11765655595412729
1.0,7.0,1.0,1.0,1.0,7.0,1.0,1.0,1.0,0.0,0.0,0.0,0.0,none,blank_wall,east_38th_street/east_to_west/06_n00496_W.jpg,east_38th_street,east_to_west,n00496,W,6,0.125,0.0,0.0,0.0,1.0,0.0,0.0,0.0,0.0425,0.33,0.0,0.12335000000000002,0.9120045739283557,0.0473,0.0425,0.3009615093963574,0.0013490931664513531,0.1142124988457269
1.0,7.0,1.0,1.0,1.0,7.0,1.0,1.0,1.0,0.0,0.0,0.0,0.0,none,blank_wall,east_38th_street/east_to_west/07_n00495_W.jpg,east_38th_street,east_to_west,n00495,W,7,0.125,0.0,0.0,0.0,1.0,0.0,0.0,0.0,0.0425,0.33,0.0,0.12335000000000002,0.8979865830164544,1.3119,0.0425,0.29633557239542996,0.03741808298240022,0.12458870627468396
3.0,6.0,3.0,3.0,4.0,6.0,4.0,5.0,3.0,4.0,0.0,0.0,0.0,tree_canopy,blank_wall,east_38th_street/east_to_west/08_n00494_W.jpg,east_38th_street,east_to_west,n00494,W,8,0.3333333333333333,0.3333333333333333,0.3333333333333333,0.5,0.8333333333333334,0.5,0.6666666666666666,0.3333333333333333,0.3333333333333333,0.6100000000000001,0.5016666666666667,0.4801833333333334,0.7951324751978623,3.3856,0.3333333333333333,0.5973937168152946,0.37156426689931715,0.43308946795915526
2.0,6.0,3.0,2.0,4.0,6.0,3.0,4.0,3.0,0.0,0.0,0.0,0.0,hedge,blank_wall,east_38th_street/east_to_west/09_n00493_W.jpg,east_38th_street,east_to_west,n00493,W,9,0.25,0.3333333333333333,0.16666666666666666,0.5,0.8333333333333334,0.3333333333333333,0.5,0.3333333333333333,0.25,0.555,0.39,0.39685000000000004,0.8703189773907423,2.661,0.25,0.567205262538945,0.29589718638323576,0.3698238081443197
1.0,7.0,1.0,1.0,1.0,7.0,1.0,1.0,1.0,0.0,0.0,0.0,0.0,none,blank_wall,east_38th_street/east_to_west/10_n00492_W.jpg,east_38th_street,east_to_west,n00492,W,10,0.125,0.0,0.0,0.0,1.0,0.0,0.0,0.0,0.0425,0.33,0.0,0.12335000000000002,0.8988532102449371,1.637,0.0425,0.2966215593808293,0.0466906028220056,0.1277430135269355
1.0,7.0,1.0,1.0,3.0,7.0,3.0,3.0,3.0,0.0,0.0,0.0,0.0,none,blank_wall,east_38th_street/east_to_west/11_n00491_W.jpg,east_38th_street,east_to_west,n00491,W,11,0.125,0.0,0.0,0.3333333333333333,1.0,0.3333333333333333,0.3333333333333333,0.3333333333333333,0.0425,0.5533333333333333,0.3333333333333333,0.30705,0.9058068280536028,0.0128,0.0425,0.5222495865910223,0.22036508229451537,0.2595128407322274
1.0,7.0,1.0,1.0,5.0,7.0,5.0,3.0,3.0,0.0,0.0,0.0,0.0,none,blank_wall,east_38th_street/east_to_west/12_n00490_W.jpg,east_38th_street,east_to_west,n00490,W,12,0.125,0.0,0.0,0.6666666666666666,1.0,0.6666666666666666,0.3333333333333333,0.3333333333333333,0.0425,0.7766666666666666,0.44333333333333336,0.41705000000000003,0.7668135030174398,0.4174,0.0425,0.6997151226624219,0.34190510544771235,0.3581846752763443
1.0,7.0,1.0,1.0,5.0,7.0,5.0,3.0,3.0,0.0,0.0,0.0,0.0,none,blank_wall,east_38th_street/east_to_west/13_n00489_W.jpg,east_38th_street,east_to_west,n00489,W,13,0.125,0.0,0.0,0.6666666666666666,1.0,0.6666666666666666,0.3333333333333333,0.3333333333333333,0.0425,0.7766666666666666,0.44333333333333336,0.41705000000000003,0.7639012361005459,3.337,0.0425,0.6987540745798468,0.42517809506232906,0.385347615981918
1.0,7.0,1.0,1.0,1.0,7.0,1.0,1.0,1.0,0.0,0.0,0.0,0.0,none,blank_wall,east_38th_street/east_to_west/14_n00488_W.jpg,east_38th_street,east_to_west,n00488,W,14,0.125,0.0,0.0,0.0,1.0,0.0,0.0,0.0,0.0425,0.33,0.0,0.12335000000000002,0.8920220400154981,0.7365,0.0425,0.2943672732051144,0.02100649296176367,0.11852334283506978
3.0,6.0,5.0,4.0,4.0,6.0,5.0,5.0,4.0,2.0,0.0,0.0,0.0,tree_canopy,shopfront,east_38th_street/east_to_west/15_n00487_W.jpg,east_38th_street,east_to_west,n00487,W,15,0.3333333333333333,0.6666666666666666,0.5,0.5,0.8333333333333334,0.6666666666666666,0.6666666666666666,0.5,0.4983333333333334,0.665,0.6116666666666667,0.5907333333333334,0.8649968823823042,3.3435,0.4983333333333334,0.6754489711861604,0.48036348841501264,0.5508514450017206
3.0,6.0,3.0,2.0,4.0,5.0,4.0,4.0,3.0,0.0,0.0,0.0,0.0,hedge,blank_wall,east_38th_street/east_to_west/16_n00486_W.jpg,east_38th_street,east_to_west,n00486,W,16,0.3333333333333333,0.3333333333333333,0.16666666666666666,0.5,0.6666666666666666,0.5,0.5,0.3333333333333333,0.2783333333333333,0.555,0.445,0.4246333333333334,0.8376576289348705,0.4731,0.2783333333333333,0.6114270175485074,0.28849378386993946,0.3916071978014208
3.0,6.0,3.0,2.0,4.0,6.0,5.0,5.0,3.0,0.0,0.0,0.0,1.0,hedge,blank_wall,east_38th_street/east_to_west/17_n00485_W.jpg,east_38th_street,east_to_west,n00485,W,17,0.3333333333333333,0.3333333333333333,0.16666666666666666,0.5,0.8333333333333334,0.6666666666666666,0.6666666666666666,0.3333333333333333,0.2783333333333333,0.665,0.5566666666666666,0.49778333333333336,0.8328896602404326,1.5711,0.2783333333333333,0.6648535878793428,0.37481099944633656,0.43772264715080755
1.0,7.0,1.0,1.0,1.0,7.0,1.0,1.0,1.0,0.0,0.0,0.0,0.0,none,blank_wall,east_38th_street/east_to_west/18_n00484_W.jpg,east_38th_street,east_to_west,n00484,W,18,0.125,0.0,0.0,0.0,1.0,0.0,0.0,0.0,0.0425,0.33,0.0,0.12335000000000002,0.8895302586937781,2.3481,0.0425,0.2935449853689468,0.06697263560559033,0.13342081492159724
1.0,7.0,1.0,1.0,1.0,7.0,1.0,1.0,1.0,2.0,0.0,0.0,1.0,tree_canopy,blank_wall,east_38th_street/east_to_west/19_n00483_W.jpg,east_38th_street,east_to_west,n00483,W,19,0.125,0.0,0.0,0.0,1.0,0.0,0.0,0.0,0.0425,0.33,0.0,0.12335000000000002,0.8856544377450717,2.3258,0.0425,0.29226596445587366,0.06633659379561432,0.13278884422299103
3.0,6.0,3.0,2.0,4.0,6.0,5.0,5.0,4.0,2.0,0.0,0.0,0.0,tree_canopy,shopfront,east_38th_street/east_to_west/20_n00482_W.jpg,east_38th_street,east_to_west,n00482,W,20,0.3333333333333333,0.3333333333333333,0.16666666666666666,0.5,0.8333333333333334,0.6666666666666666,0.6666666666666666,0.5,0.2783333333333333,0.665,0.6116666666666667,0.5159333333333334,0.9395551641060976,0.8658,0.2783333333333333,0.7000532041550123,0.40969439457745416,0.4608500409150472
3.0,6.0,3.0,4.0,4.0,6.0,5.0,5.0,4.0,2.0,0.0,0.0,0.0,tree_canopy,blank_wall,east_38th_street/east_to_west/21_n00481_W.jpg,east_38th_street,east_to_west,n00481,W,21,0.3333333333333333,0.3333333333333333,0.5,0.5,0.8333333333333334,0.6666666666666666,0.6666666666666666,0.5,0.3883333333333333,0.665,0.6116666666666667,0.5533333333333335,0.9033502579172488,4.5046,0.3883333333333333,0.688105585112692,0.5134804456151536,0.5285567234735224
1.0,7.0,1.0,1.0,1.0,7.0,1.0,1.0,1.0,0.0,0.0,0.0,0.0,none,blank_wall,east_38th_street/east_to_west/22_n00480_W.jpg,east_38th_street,east_to_west,n00480,W,22,0.125,0.0,0.0,0.0,1.0,0.0,0.0,0.0,0.0425,0.33,0.0,0.12335000000000002,0.8885233708592989,2.5014,0.0425,0.29321271238356866,0.07134506652349713,0.13475406703933174
1.0,7.0,1.0,1.0,5.0,7.0,5.0,5.0,3.0,0.0,0.0,0.0,0.0,none,blank_wall,east_38th_street/east_to_west/23_n00479_W.jpg,east_38th_street,east_to_west,n00479,W,23,0.125,0.0,0.0,0.6666666666666666,1.0,0.6666666666666666,0.6666666666666666,0.3333333333333333,0.0425,0.7766666666666666,0.5566666666666666,0.45445,0.8252657670507796,0.8494,0.0425,0.719004369793424,0.3542266328876063,0.36861623088474005
1.0,7.0,1.0,1.0,1.0,7.0,1.0,1.0,1.0,0.0,0.0,0.0,0.0,none,blank_wall,east_38th_street/east_to_west/24_n00478_W.jpg,east_38th_street,east_to_west,n00478,W,24,0.125,0.0,0.0,0.0,1.0,0.0,0.0,0.0,0.0425,0.33,0.0,0.12335000000000002,0.8084948301550583,5.4729,0.0425,0.26680329395116925,0.15609835075415668,0.15400754275275758
3.0,6.0,3.0,3.0,3.0,6.0,3.0,5.0,3.0,4.0,0.0,0.0,0.0,tree_canopy,blank_wall,east_38th_street/east_to_west/25_n00477_W.jpg,east_38th_street,east_to_west,n00477,W,25,0.3333333333333333,0.3333333333333333,0.3333333333333333,0.3333333333333333,0.8333333333333334,0.3333333333333333,0.6666666666666666,0.3333333333333333,0.3333333333333333,0.49833333333333335,0.44666666666666666,0.42518333333333336,0.8404580485078471,4.5943,0.3333333333333333,0.5006844893409229,0.35103887388218713,0.39440204319695965
3.0,6.0,5.0,4.0,3.0,6.0,5.0,6.0,3.0,10.0,0.0,0.0,1.0,tree_canopy,blank_wall,east_38th_street/east_to_west/26_n00476_W.jpg,east_38th_street,east_to_west,n00476,W,26,0.3333333333333333,0.6666666666666666,0.5,0.3333333333333333,0.8333333333333334,0.6666666666666666,0.8333333333333334,0.3333333333333333,0.4983333333333334,0.6083333333333334,0.6133333333333334,0.5725833333333334,0.885447052577504,4.5898,0.4983333333333334,0.6255308606839097,0.4609105246380216,0.5279589904895707
3.0,6.0,5.0,4.0,3.0,6.0,4.0,5.0,3.0,10.0,0.0,0.0,0.0,tree_canopy,blank_wall,east_38th_street/east_to_west/27_n00475_W.jpg,east_38th_street,east_to_west,n00475,W,27,0.3333333333333333,0.6666666666666666,0.5,0.3333333333333333,0.8333333333333334,0.5,0.6666666666666666,0.3333333333333333,0.4983333333333334,0.5533333333333333,0.5016666666666667,0.5175833333333335,0.8802893104236081,2.5667,0.4983333333333334,0.568828805773124,0.34820755666661074,0.4720553329384458
3.0,6.0,3.0,3.0,3.0,6.0,3.0,5.0,3.0,5.0,0.0,0.0,0.0,tree_canopy,blank_wall,east_38th_street/east_to_west/28_n00474_W.jpg,east_38th_street,east_to_west,n00474,W,28,0.3333333333333333,0.3333333333333333,0.3333333333333333,0.3333333333333333,0.8333333333333334,0.3333333333333333,0.6666666666666666,0.3333333333333333,0.3333333333333333,0.49833333333333335,0.44666666666666666,0.42518333333333336,0.9275225058488284,2.4212,0.3333333333333333,0.5294157602634467,0.28905759777192425,0.38342954148500574
1.0,7.0,1.0,1.0,1.0,7.0,1.0,1.0,1.0,0.0,0.0,0.0,1.0,none,blank_wall,east_38th_street/east_to_west/29_n00473_W.jpg,east_38th_street,east_to_west,n00473,W,29,0.125,0.0,0.0,0.0,1.0,0.0,0.0,0.0,0.0425,0.33,0.0,0.12335000000000002,0.910456530301848,2.8815,0.0425,0.3004506549996099,0.0821862993473483,0.14072019493449622
1.0,7.0,1.0,1.0,3.0,7.0,5.0,3.0,2.0,0.0,0.0,0.0,0.0,none,blank_wall,east_38th_street/east_to_west/30_n00472_W.jpg,east_38th_street,east_to_west,n00472,W,30,0.125,0.0,0.0,0.3333333333333333,1.0,0.6666666666666666,0.3333333333333333,0.16666666666666666,0.0425,0.6633333333333333,0.38833333333333336,0.36150000000000004,0.9007394370237424,3.9172,0.0425,0.6305773475511683,0.3867265909434089,0.3501602997032105
1.0,7.0,1.0,1.0,1.0,7.0,1.0,1.0,1.0,0.0,0.0,0.0,2.0,none,blank_wall,east_38th_street/east_to_west/31_n00471_W.jpg,east_38th_street,east_to_west,n00471,W,31,0.125,0.0,0.0,0.0,1.0,0.0,0.0,0.0,0.0425,0.33,0.0,0.12335000000000002,0.8464369876671026,2.1302,0.0425,0.2793242059301439,0.06075767998255121,0.1266770223511894
3.0,6.0,3.0,4.0,4.0,6.0,5.0,5.0,4.0,0.0,0.0,0.0,0.0,hedge,blank_wall,east_38th_street/east_to_west/32_n00470_W.jpg,east_38th_street,east_to_west,n00470,W,32,0.3333333333333333,0.3333333333333333,0.5,0.5,0.8333333333333334,0.6666666666666666,0.6666666666666666,0.5,0.3883333333333333,0.665,0.6116666666666667,0.5533333333333335,0.9211993909702884,4.3474,0.3883333333333333,0.6939957990201951,0.5089967786856366,0.5290208839762579
1.0,7.0,1.0,1.0,3.0,7.0,5.0,3.0,2.0,1.0,0.0,0.0,0.0,tree_canopy,blank_wall,east_38th_street/east_to_west/33_n00469_W.jpg,east_38th_street,east_to_west,n00469,W,33,0.125,0.0,0.0,0.3333333333333333,1.0,0.6666666666666666,0.3333333333333333,0.16666666666666666,0.0425,0.6633333333333333,0.38833333333333336,0.36150000000000004,0.9126433844778568,2.8916,0.0425,0.6345056502110261,0.3574743720953643,0.3418034073611088
3.0,6.0,3.0,4.0,4.0,6.0,5.0,5.0,4.0,0.0,0.0,0.0,0.0,hedge,shopfront,east_38th_street/east_to_west/34_n00468_W.jpg,east_38th_street,east_to_west,n00468,W,34,0.3333333333333333,0.3333333333333333,0.5,0.5,0.8333333333333334,0.6666666666666666,0.6666666666666666,0.5,0.3883333333333333,0.665,0.6116666666666667,0.5533333333333335,0.9233397439315932,2.0303,0.3883333333333333,0.6947021154974258,0.4429083267620757,0.5074447792789689
3.0,6.0,3.0,3.0,3.0,6.0,3.0,3.0,3.0,0.0,0.0,0.0,0.0,hedge,blank_wall,east_38th_street/east_to_west/35_n00467_W.jpg,east_38th_street,east_to_west,n00467,W,35,0.3333333333333333,0.3333333333333333,0.3333333333333333,0.3333333333333333,0.8333333333333334,0.3333333333333333,0.3333333333333333,0.3333333333333333,0.3333333333333333,0.49833333333333335,0.3333333333333333,0.38778333333333337,0.9065851446404384,2.5864,0.3333333333333333,0.5225064310646781,0.2937694411355133,0.3827043711593965
1.0,7.0,1.0,1.0,1.0,7.0,1.0,1.0,1.0,0.0,0.0,0.0,0.0,none,blank_wall,east_38th_street/east_to_west/36_n00466_W.jpg,east_38th_street,east_to_west,n00466,W,36,0.125,0.0,0.0,0.0,1.0,0.0,0.0,0.0,0.0425,0.33,0.0,0.12335000000000002,0.8930219115503634,2.3688,0.0425,0.2946972308116199,0.0675630421287519,0.1339958900703227
1.0,7.0,1.0,1.0,1.0,7.0,1.0,1.0,1.0,1.0,1.0,1.0,1.0,tree_canopy,blank_wall,east_38th_street/east_to_west/37_n00465_W.jpg,east_38th_street,east_to_west,n00465,W,37,0.125,0.0,0.0,0.0,1.0,0.0,0.0,0.0,0.0425,0.33,0.0,0.12335000000000002,0.8954366349224304,5.4571,0.0425,0.29549408952440204,0.15564770229686425,0.1633267913010179
3.0,6.0,3.0,4.0,5.0,6.0,5.0,5.0,4.0,10.0,0.0,0.0,20.0,tree_canopy,shopfront,east_38th_street/east_to_west/38_n00464_W.jpg,east_38th_street,east_to_west,n00464,W,38,0.3333333333333333,0.3333333333333333,0.5,0.6666666666666666,0.8333333333333334,0.6666666666666666,0.6666666666666666,0.5,0.3883333333333333,0.7216666666666667,0.6116666666666667,0.5720333333333334,0.8606297100578546,1.9774,0.3883333333333333,0.7306744709857587,0.4413995100917739,0.518817747088919
1.0,7.0,1.0,1.0,1.0,7.0,1.0,1.0,1.0,0.0,0.0,0.0,0.0,none,blank_wall,east_38th_street/east_to_west/39_n00463_W.jpg,east_38th_street,east_to_west,n00463,W,39,0.125,0.0,0.0,0.0,1.0,0.0,0.0,0.0,0.0425,0.33,0.0,0.12335000000000002,0.8171186622104777,2.0795,0.0425,0.26964915852945764,0.05931161183161921,0.12300705421915538
1.0,7.0,1.0,1.0,3.0,7.0,3.0,3.0,1.0,0.0,0.0,0.0,3.0,none,blank_wall,east_38th_street/east_to_west/40_n00462_W.jpg,east_38th_street,east_to_west,n00462,W,40,0.125,0.0,0.0,0.3333333333333333,1.0,0.3333333333333333,0.3333333333333333,0.0,0.0425,0.5533333333333333,0.22333333333333333,0.27075,0.7987839861569722,6.7402,0.0425,0.4869320487651342,0.30224435011660483,0.27487821163097387
2.0,6.0,3.0,2.0,4.0,6.0,5.0,5.0,3.0,0.0,0.0,0.0,0.0,hedge,blank_wall,east_38th_street/east_to_west/41_n00461_W.jpg,east_38th_street,east_to_west,n00461,W,41,0.25,0.3333333333333333,0.16666666666666666,0.5,0.8333333333333334,0.6666666666666666,0.6666666666666666,0.3333333333333333,0.25,0.665,0.5566666666666666,0.4881500000000001,0.8968758621654198,5.0743,0.25,0.6859690345145886,0.4747294599265138,0.4680305031655638
3.0,6.0,3.0,4.0,3.0,6.0,5.0,5.0,3.0,4.0,0.0,0.0,0.0,tree_canopy,blank_wall,east_38th_street/east_to_west/42_n00460_W.jpg,east_38th_street,east_to_west,n00460,W,42,0.3333333333333333,0.3333333333333333,0.5,0.3333333333333333,0.8333333333333334,0.6666666666666666,0.6666666666666666,0.3333333333333333,0.3883333333333333,0.6083333333333334,0.5566666666666666,0.5164833333333334,0.9352221460888126,3.3377,0.3883333333333333,0.6419566415426415,0.4251980605003104,0.48419438500750756
3.0,6.0,3.0,4.0,4.0,6.0,5.0,5.0,3.0,2.0,0.0,0.0,0.0,tree_canopy,blank_wall,east_38th_street/east_to_west/43_n00459_W.jpg,east_38th_street,east_to_west,n00459,W,43,0.3333333333333333,0.3333333333333333,0.5,0.5,0.8333333333333334,0.6666666666666666,0.6666666666666666,0.3333333333333333,0.3883333333333333,0.665,0.5566666666666666,0.5351833333333333,0.9441892451907872,3.8196,0.3883333333333333,0.7015824509129598,0.43894283844772913,0.5084066788223607
3.0,6.0,3.0,3.0,5.0,6.0,5.0,5.0,4.0,0.0,0.0,0.0,0.0,hedge,shopfront,east_38th_street/east_to_west/44_n00458_W.jpg,east_38th_street,east_to_west,n00458,W,44,0.3333333333333333,0.3333333333333333,0.3333333333333333,0.6666666666666666,0.8333333333333334,0.6666666666666666,0.6666666666666666,0.5,0.3333333333333333,0.7216666666666667,0.6116666666666667,0.5533333333333335,0.9460632716751484,7.2159,0.3333333333333333,0.7588675463194656,0.5908122913276178,0.5587276797568709
1.0,7.0,1.0,1.0,5.0,7.0,5.0,3.0,3.0,0.0,0.0,0.0,0.0,none,blank_wall,east_38th_street/east_to_west/45_n00457_W.jpg,east_38th_street,east_to_west,n00457,W,45,0.125,0.0,0.0,0.6666666666666666,1.0,0.6666666666666666,0.3333333333333333,0.3333333333333333,0.0425,0.7766666666666666,0.44333333333333336,0.41705000000000003,0.9166157982846408,4.2646,0.0425,0.7491498801005981,0.45163515259299025,0.41070906078888414
1.0,7.0,1.0,1.0,5.0,7.0,5.0,3.0,3.0,0.0,0.0,0.0,10.0,none,blank_wall,east_38th_street/east_to_west/46_n00456_W.jpg,east_38th_street,east_to_west,n00456,W,46,0.125,0.0,0.0,0.6666666666666666,1.0,0.6666666666666666,0.3333333333333333,0.3333333333333333,0.0425,0.7766666666666666,0.44333333333333336,0.41705000000000003,0.913623560982979,3.9234,0.0425,0.7481624417910497,0.4419034276798148,0.40717173692538533
1.0,7.0,1.0,1.0,5.0,7.0,5.0,3.0,3.0,0.0,0.0,0.0,0.0,none,blank_wall,east_38th_street/east_to_west/47_n00455_W.jpg,east_38th_street,east_to_west,n00455,W,47,0.125,0.0,0.0,0.6666666666666666,1.0,0.6666666666666666,0.3333333333333333,0.3333333333333333,0.0425,0.7766666666666666,0.44333333333333336,0.41705000000000003,0.918374463294122,1.7726,0.0425,0.7497302395537269,0.38055819337952784,0.387445182867974
1.0,7.0,1.0,1.0,5.0,7.0,5.0,3.0,3.0,0.0,0.0,0.0,10.0,none,blank_wall,east_38th_street/west_to_east/01_n00455_E.jpg,east_38th_street,west_to_east,n00455,E,1,0.125,0.0,0.0,0.6666666666666666,1.0,0.6666666666666666,0.3333333333333333,0.3333333333333333,0.0425,0.7766666666666666,0.44333333333333336,0.41705000000000003,0.918374463294122,2.515,0.0425,0.7497302395537269,0.4017329664614197,0.3944328579849984
1.0,7.0,1.0,1.0,5.0,7.0,5.0,3.0,1.0,0.0,0.0,0.0,0.0,none,blank_wall,east_38th_street/west_to_east/02_n00456_E.jpg,east_38th_street,west_to_east,n00456,E,2,0.125,0.0,0.0,0.6666666666666666,1.0,0.6666666666666666,0.3333333333333333,0.0,0.0425,0.7766666666666666,0.33333333333333337,0.38075000000000003,0.913623560982979,2.078,0.0425,0.7481624417910497,0.2792688287502307,0.3535023192786226
1.0,7.0,1.0,1.0,1.0,7.0,1.0,1.0,1.0,0.0,0.0,0.0,0.0,none,blank_wall,east_38th_street/west_to_east/03_n00457_E.jpg,east_38th_street,west_to_east,n00457,E,3,0.125,0.0,0.0,0.0,1.0,0.0,0.0,0.0,0.0425,0.33,0.0,0.12335000000000002,0.9166157982846408,1.863,0.0425,0.3024832134339315,0.053136587084542726,0.1318045341710965
3.0,6.0,3.0,4.0,4.0,6.0,5.0,5.0,3.0,10.0,0.0,0.0,0.0,tree_canopy,blank_wall,east_38th_street/west_to_east/04_n00458_E.jpg,east_38th_street,west_to_east,n00458,E,4,0.3333333333333333,0.3333333333333333,0.5,0.5,0.8333333333333334,0.6666666666666666,0.6666666666666666,0.3333333333333333,0.3883333333333333,0.665,0.5566666666666666,0.5351833333333333,0.9460632716751484,6.4534,0.3883333333333333,0.702200879652799,0.5140642249551197,0.5334008178539466
3.0,6.0,3.0,4.0,3.0,6.0,4.0,5.0,3.0,10.0,0.0,0.0,10.0,tree_canopy,blank_wall,east_38th_street/west_to_east/05_n00459_E.jpg,east_38th_street,west_to_east,n00459,E,5,0.3333333333333333,0.3333333333333333,0.5,0.3333333333333333,0.8333333333333334,0.5,0.6666666666666666,0.3333333333333333,0.3883333333333333,0.5533333333333333,0.5016666666666667,0.48018333333333335,0.9441892451907872,5.422,0.3883333333333333,0.5899157842462931,0.42964657819237284,0.46848891293809314
1.0,7.0,1.0,1.0,1.0,7.0,1.0,1.0,1.0,1.0,0.0,0.0,0.0,none,blank_wall,east_38th_street/west_to_east/06_n00460_E.jpg,east_38th_street,west_to_east,n00460,E,6,0.125,0.0,0.0,0.0,1.0,0.0,0.0,0.0,0.0425,0.33,0.0,0.12335000000000002,0.9352221460888126,5.5327,0.0425,0.30862330820930817,0.1578039695988457,0.1683710016766908
1.0,7.0,1.0,1.0,3.0,7.0,3.0,3.0,1.0,1.0,0.0,0.0,0.0,tree_canopy,blank_wall,east_38th_street/west_to_east/07_n00461_E.jpg,east_38th_street,west_to_east,n00461,E,7,0.125,0.0,0.0,0.3333333333333333,1.0,0.3333333333333333,0.3333333333333333,0.0,0.0425,0.5533333333333333,0.22333333333333333,0.27075,0.8968758621654198,6.5382,0.0425,0.5193023678479219,0.29648289515628407,0.283659136791388
3.0,6.0,3.0,4.0,4.0,6.0,5.0,5.0,4.0,10.0,0.0,0.0,20.0,tree_canopy,blank_wall,east_38th_street/west_to_east/08_n00462_E.jpg,east_38th_street,west_to_east,n00462,E,8,0.3333333333333333,0.3333333333333333,0.5,0.5,0.8333333333333334,0.6666666666666666,0.6666666666666666,0.5,0.3883333333333333,0.665,0.6116666666666667,0.5533333333333335,0.7987839861569722,3.0582,0.3883333333333333,0.6535987154318008,0.472226146334916,0.5035555377163499
3.0,6.0,3.0,4.0,4.0,6.0,5.0,5.0,4.0,0.0,0.0,0.0,0.0,hedge,blank_wall,east_38th_street/west_to_east/09_n00463_E.jpg,east_38th_street,west_to_east,n00463,E,9,0.3333333333333333,0.3333333333333333,0.5,0.5,0.8333333333333334,0.6666666666666666,0.6666666666666666,0.5,0.3883333333333333,0.665,0.6116666666666667,0.5533333333333335,0.8171186622104777,1.758,0.3883333333333333,0.6596491585294576,0.43514177138734633,0.4933143402058786
1.0,7.0,1.0,1.0,1.0,7.0,1.0,1.0,1.0,0.0,0.0,0.0,0.0,none,blank_wall,east_38th_street/west_to_east/10_n00464_E.jpg,east_38th_street,west_to_east,n00464,E,10,0.125,0.0,0.0,0.0,1.0,0.0,0.0,0.0,0.0425,0.33,0.0,0.12335000000000002,0.8606297100578546,5.8615,0.0425,0.284007804319092,0.16718202103920946,0.16334264236823948
3.0,6.0,3.0,4.0,4.0,6.0,5.0,5.0,3.0,2.0,0.0,0.0,1.0,tree_canopy,blank_wall,east_38th_street/west_to_east/11_n00465_E.jpg,east_38th_street,west_to_east,n00465,E,11,0.3333333333333333,0.3333333333333333,0.5,0.5,0.8333333333333334,0.6666666666666666,0.6666666666666666,0.3333333333333333,0.3883333333333333,0.665,0.5566666666666666,0.5351833333333333,0.8954366349224304,4.2601,0.3883333333333333,0.685494089524402,0.45150680334882476,0.5072436279814981
3.0,6.0,3.0,4.0,4.0,6.0,5.0,5.0,4.0,2.0,0.0,0.0,2.0,tree_canopy,shopfront,east_38th_street/west_to_east/12_n00466_E.jpg,east_38th_street,west_to_east,n00466,E,12,0.3333333333333333,0.3333333333333333,0.5,0.5,0.8333333333333334,0.6666666666666666,0.6666666666666666,0.5,0.3883333333333333,0.665,0.6116666666666667,0.5533333333333335,0.8930219115503634,3.2625,0.3883333333333333,0.6846972308116199,0.47805320202003254,0.5157409761677787
3.0,6.0,3.0,4.0,4.0,6.0,5.0,5.0,4.0,1.0,0.0,0.0,0.0,tree_canopy,blank_wall,east_38th_street/west_to_east/13_n00467_E.jpg,east_38th_street,west_to_east,n00467,E,13,0.3333333333333333,0.3333333333333333,0.5,0.5,0.8333333333333334,0.6666666666666666,0.6666666666666666,0.5,0.3883333333333333,0.665,0.6116666666666667,0.5533333333333335,0.9065851446404384,2.331,0.3883333333333333,0.6891730977313447,0.45148490847776124,0.5084504753823383
1.0,7.0,1.0,1.0,1.0,7.0,1.0,1.0,1.0,0.0,0.0,0.0,1.0,none,blank_wall,east_38th_street/west_to_east/14_n00468_E.jpg,east_38th_street,west_to_east,n00468,E,14,0.125,0.0,0.0,0.0,1.0,0.0,0.0,0.0,0.0425,0.33,0.0,0.12335000000000002,0.9233397439315932,4.1529,0.0425,0.30470211549742576,0.11844923913225845,0.1540899470277958
1.0,7.0,1.0,1.0,1.0,7.0,1.0,1.0,1.0,0.0,0.0,0.0,0.0,none,blank_wall,east_38th_street/west_to_east/15_n00469_E.jpg,east_38th_street,west_to_east,n00469,E,15,0.125,0.0,0.0,0.0,1.0,0.0,0.0,0.0,0.0425,0.33,0.0,0.12335000000000002,0.9126433844778568,1.7885,0.0425,0.30117231687769275,0.051011694042246196,0.13067072360357984
1.0,7.0,1.0,1.0,1.0,7.0,1.0,1.0,1.0,0.0,0.0,0.0,0.0,none,blank_wall,east_38th_street/west_to_east/16_n00470_E.jpg,east_38th_street,west_to_east,n00470,E,16,0.125,0.0,0.0,0.0,1.0,0.0,0.0,0.0,0.0425,0.33,0.0,0.12335000000000002,0.9211993909702884,3.2841,0.0425,0.3039957990201952,0.09366927839202725,0.14567947554603342
1.0,7.0,1.0,1.0,5.0,7.0,5.0,3.0,3.0,0.0,0.0,0.0,0.0,none,blank_wall,east_38th_street/west_to_east/17_n00471_E.jpg,east_38th_street,west_to_east,n00471,E,17,0.125,0.0,0.0,0.6666666666666666,1.0,0.6666666666666666,0.3333333333333333,0.3333333333333333,0.0425,0.7766666666666666,0.44333333333333336,0.41705000000000003,0.8464369876671026,0.4723,0.0425,0.7259908725968105,0.3434709662265322,0.36737240681170313
2.0,6.0,3.0,2.0,3.0,5.0,4.0,4.0,2.0,0.0,0.0,0.0,1.0,hedge,blank_wall,east_38th_street/west_to_east/18_n00472_E.jpg,east_38th_street,west_to_east,n00472,E,18,0.25,0.3333333333333333,0.16666666666666666,0.3333333333333333,0.6666666666666666,0.5,0.5,0.16666666666666666,0.25,0.4983333333333334,0.39,0.3781500000000001,0.9007394370237424,3.2456,0.25,0.5755773475511683,0.3125711793030552,0.3780890138618938
3.0,6.0,5.0,4.0,3.0,6.0,5.0,6.0,3.0,10.0,0.0,0.0,10.0,tree_canopy,blank_wall,east_38th_street/west_to_east/19_n00473_E.jpg,east_38th_street,west_to_east,n00473,E,19,0.3333333333333333,0.6666666666666666,0.5,0.3333333333333333,0.8333333333333334,0.6666666666666666,0.8333333333333334,0.3333333333333333,0.4983333333333334,0.6083333333333334,0.6133333333333334,0.5725833333333334,0.910456530301848,3.4139,0.4983333333333334,0.6337839883329432,0.42737144103484725,0.5196146250247042
3.0,6.0,5.0,4.0,3.0,6.0,5.0,6.0,3.0,4.0,0.0,0.0,0.0,tree_canopy,blank_wall,east_38th_street/west_to_east/20_n00474_E.jpg,east_38th_street,west_to_east,n00474,E,20,0.3333333333333333,0.6666666666666666,0.5,0.3333333333333333,0.8333333333333334,0.6666666666666666,0.8333333333333334,0.3333333333333333,0.4983333333333334,0.6083333333333334,0.6133333333333334,0.5725833333333334,0.9275225058488284,2.6005,0.4983333333333334,0.6394157602634467,0.4041716021005654,0.5138171629134574
3.0,6.0,3.0,4.0,3.0,6.0,4.0,5.0,3.0,2.0,0.0,0.0,1.0,tree_canopy,blank_wall,east_38th_street/west_to_east/21_n00475_E.jpg,east_38th_street,west_to_east,n00475,E,21,0.3333333333333333,0.3333333333333333,0.5,0.3333333333333333,0.8333333333333334,0.5,0.6666666666666666,0.3333333333333333,0.3883333333333333,0.5533333333333333,0.5016666666666667,0.48018333333333335,0.8802893104236081,4.6225,0.3883333333333333,0.568828805773124,0.40684319581229134,0.45400509385652044
1.0,7.0,1.0,1.0,1.0,7.0,1.0,1.0,1.0,0.0,0.0,0.0,1.0,none,blank_wall,east_38th_street/west_to_east/22_n00476_E.jpg,east_38th_street,west_to_east,n00476,E,22,0.125,0.0,0.0,0.0,1.0,0.0,0.0,0.0,0.0425,0.33,0.0,0.12335000000000002,0.885447052577504,3.0411,0.0425,0.29219752735057636,0.0867384192070869,0.1394988623640289
1.0,7.0,1.0,1.0,1.0,7.0,1.0,1.0,1.0,2.0,1.0,1.0,1.0,tree_canopy,blank_wall,east_38th_street/west_to_east/23_n00477_E.jpg,east_38th_street,west_to_east,n00477,E,23,0.125,0.0,0.0,0.0,1.0,0.0,0.0,0.0,0.0425,0.33,0.0,0.12335000000000002,0.8404580485078471,4.5681,0.0425,0.2773511560075896,0.13029159606060098,0.1489721081825029
1.0,7.0,1.0,1.0,1.0,7.0,1.0,1.0,1.0,0.0,0.0,0.0,0.0,none,blank_wall,east_38th_street/west_to_east/24_n00478_E.jpg,east_38th_street,west_to_east,n00478,E,24,0.125,0.0,0.0,0.0,1.0,0.0,0.0,0.0,0.0425,0.33,0.0,0.12335000000000002,0.8084948301550583,0.0434,0.0425,0.26680329395116925,0.0012378571548411993,0.10290357986498345
3.0,6.0,3.0,2.0,4.0,6.0,5.0,5.0,3.0,0.0,0.0,0.0,3.0,hedge,blank_wall,east_38th_street/west_to_east/25_n00479_E.jpg,east_38th_street,west_to_east,n00479,E,25,0.3333333333333333,0.3333333333333333,0.16666666666666666,0.5,0.8333333333333334,0.6666666666666666,0.6666666666666666,0.3333333333333333,0.2783333333333333,0.665,0.5566666666666666,0.49778333333333336,0.8252657670507796,2.3613,0.2783333333333333,0.6623377031267572,0.39734912672180933,0.4443299871833603
3.0,6.0,5.0,4.0,4.0,6.0,5.0,5.0,3.0,3.0,0.0,0.0,1.0,tree_canopy,shopfront,east_38th_street/west_to_east/26_n00480_E.jpg,east_38th_street,west_to_east,n00480,E,26,0.3333333333333333,0.6666666666666666,0.5,0.5,0.8333333333333334,0.6666666666666666,0.6666666666666666,0.3333333333333333,0.4983333333333334,0.665,0.5566666666666666,0.5725833333333334,0.8885233708592989,2.4455,0.4983333333333334,0.6832127123835686,0.3997506836904183,0.5268112540377491
1.0,7.0,1.0,1.0,3.0,7.0,3.0,3.0,3.0,0.0,0.0,0.0,0.0,none,blank_wall,east_38th_street/west_to_east/27_n00481_E.jpg,east_38th_street,west_to_east,n00481,E,27,0.125,0.0,0.0,0.3333333333333333,1.0,0.3333333333333333,0.3333333333333333,0.3333333333333333,0.0425,0.5533333333333333,0.3333333333333333,0.30705,0.9033502579172488,3.0423,0.0425,0.5214389184460254,0.3067726456721977,0.28775981615901364
1.0,7.0,1.0,1.0,1.0,7.0,1.0,1.0,1.0,0.0,0.0,0.0,0.0,none,blank_wall,east_38th_street/west_to_east/28_n00482_E.jpg,east_38th_street,west_to_east,n00482,E,28,0.125,0.0,0.0,0.0,1.0,0.0,0.0,0.0,0.0425,0.33,0.0,0.12335000000000002,0.9395551641060976,1.5406,0.0425,0.31005320415501225,0.04394107679143667,0.13126811271232813
3.0,6.0,3.0,2.0,4.0,6.0,3.0,4.0,3.0,0.0,0.0,0.0,0.0,hedge,blank_wall,east_38th_street/west_to_east/29_n00483_E.jpg,east_38th_street,west_to_east,n00483,E,29,0.3333333333333333,0.3333333333333333,0.16666666666666666,0.5,0.8333333333333334,0.3333333333333333,0.5,0.3333333333333333,0.2783333333333333,0.555,0.39,0.4064833333333334,0.8856544377450717,1.7021,0.2783333333333333,0.5722659644558736,0.2685473885542674,0.37210173982667993
3.0,6.0,3.0,4.0,5.0,6.0,5.0,5.0,4.0,2.0,0.0,0.0,0.0,tree_canopy,blank_wall,east_38th_street/west_to_east/30_n00484_E.jpg,east_38th_street,west_to_east,n00484,E,30,0.3333333333333333,0.3333333333333333,0.5,0.6666666666666666,0.8333333333333334,0.6666666666666666,0.6666666666666666,0.5,0.3883333333333333,0.7216666666666667,0.6116666666666667,0.5720333333333334,0.8895302586937781,1.1566,0.3883333333333333,0.7402116520356135,0.41798860795597537,0.5142394191305577
1.0,7.0,1.0,1.0,1.0,7.0,1.0,1.0,1.0,0.0,0.0,0.0,0.0,none,blank_wall,east_38th_street/west_to_east/31_n00485_E.jpg,east_38th_street,west_to_east,n00485,E,31,0.125,0.0,0.0,0.0,1.0,0.0,0.0,0.0,0.0425,0.33,0.0,0.12335000000000002,0.8328896602404326,1.3549,0.0425,0.2748535878793428,0.03864453131553781,0.11790437933431061
1.0,7.0,1.0,1.0,1.0,7.0,1.0,1.0,1.0,0.0,0.0,0.0,0.0,none,blank_wall,east_38th_street/west_to_east/32_n00486_E.jpg,east_38th_street,west_to_east,n00486,E,32,0.125,0.0,0.0,0.0,1.0,0.0,0.0,0.0,0.0425,0.33,0.0,0.12335000000000002,0.8376576289348705,0.2142,0.0425,0.2764270175485073,0.0061094240222807576,0.10768702571836007
1.0,7.0,1.0,1.0,1.0,7.0,1.0,1.0,1.0,0.0,0.0,0.0,0.0,none,blank_wall,east_38th_street/west_to_east/33_n00487_E.jpg,east_38th_street,west_to_east,n00487,E,33,0.125,0.0,0.0,0.0,1.0,0.0,0.0,0.0,0.0425,0.33,0.0,0.12335000000000002,0.8649968823823042,4.399,0.0425,0.2854489711861604,0.12546851668540177,0.15005277099761552
1.0,7.0,1.0,1.0,3.0,7.0,3.0,3.0,3.0,0.0,0.0,0.0,0.0,none,blank_wall,east_38th_street/west_to_east/34_n00488_E.jpg,east_38th_street,west_to_east,n00488,E,34,0.125,0.0,0.0,0.3333333333333333,1.0,0.3333333333333333,0.3333333333333333,0.3333333333333333,0.0425,0.5533333333333333,0.3333333333333333,0.30705,0.8920220400154981,1.7145,0.0425,0.5177006065384477,0.2689010620270792,0.2740285506266239
1.0,7.0,1.0,1.0,5.0,7.0,5.0,3.0,2.0,0.0,0.0,0.0,0.0,none,blank_wall,east_38th_street/west_to_east/35_n00489_E.jpg,east_38th_street,west_to_east,n00489,E,35,0.125,0.0,0.0,0.6666666666666666,1.0,0.6666666666666666,0.3333333333333333,0.16666666666666666,0.0425,0.7766666666666666,0.38833333333333336,0.39890000000000003,0.7639012361005459,0.0306,0.0425,0.6987540745798468,0.27587277486032585,0.33607686031525696
1.0,7.0,1.0,1.0,5.0,7.0,5.0,3.0,3.0,0.0,0.0,0.0,0.0,none,blank_wall,east_38th_street/west_to_east/36_n00490_E.jpg,east_38th_street,west_to_east,n00490,E,36,0.125,0.0,0.0,0.6666666666666666,1.0,0.6666666666666666,0.3333333333333333,0.3333333333333333,0.0425,0.7766666666666666,0.44333333333333336,0.41705000000000003,0.7668135030174398,1.8852,0.0425,0.6997151226624219,0.38376977668909285,0.37200001678599987
1.0,7.0,1.0,1.0,1.0,7.0,1.0,1.0,1.0,0.0,0.0,0.0,1.0,none,blank_wall,east_38th_street/west_to_east/37_n00491_E.jpg,east_38th_street,west_to_east,n00491,E,37,0.125,0.0,0.0,0.0,1.0,0.0,0.0,0.0,0.0425,0.33,0.0,0.12335000000000002,0.9058068280536028,0.7851,0.0425,0.29891625325768895,0.022392664798751745,0.12048194295862544
2.0,6.0,3.0,2.0,4.0,5.0,4.0,4.0,3.0,2.0,0.0,0.0,0.0,tree_canopy,blank_wall,east_38th_street/west_to_east/38_n00492_E.jpg,east_38th_street,west_to_east,n00492,E,38,0.25,0.3333333333333333,0.16666666666666666,0.5,0.6666666666666666,0.5,0.5,0.3333333333333333,0.25,0.555,0.445,0.41500000000000004,0.8988532102449371,1.1003,0.25,0.6316215593808293,0.3063828163011929,0.39454144397506735
1.0,7.0,1.0,1.0,3.0,7.0,3.0,3.0,1.0,0.0,0.0,0.0,0.0,none,blank_wall,east_38th_street/west_to_east/39_n00493_E.jpg,east_38th_street,west_to_east,n00493,E,39,0.125,0.0,0.0,0.3333333333333333,1.0,0.3333333333333333,0.3333333333333333,0.0,0.0425,0.5533333333333333,0.22333333333333333,0.27075,0.8703189773907423,3.7097,0.0425,0.5105385958722783,0.21580826468466352,0.2541444639837908
3.0,6.0,3.0,2.0,4.0,6.0,5.0,5.0,3.0,2.0,0.0,0.0,0.0,tree_canopy,blank_wall,east_38th_street/west_to_east/40_n00494_E.jpg,east_38th_street,west_to_east,n00494,E,40,0.3333333333333333,0.3333333333333333,0.16666666666666666,0.5,0.8333333333333334,0.6666666666666666,0.6666666666666666,0.3333333333333333,0.2783333333333333,0.665,0.5566666666666666,0.49778333333333336,0.7951324751978623,1.2358,0.2783333333333333,0.6523937168152946,0.36524755465328923,0.430454952917966
1.0,7.0,1.0,1.0,1.0,7.0,1.0,1.0,1.0,0.0,0.0,0.0,0.0,none,blank_wall,east_38th_street/west_to_east/41_n00495_E.jpg,east_38th_street,west_to_east,n00495,E,41,0.125,0.0,0.0,0.0,1.0,0.0,0.0,0.0,0.0425,0.33,0.0,0.12335000000000002,0.8979865830164544,0.9806,0.0425,0.29633557239542996,0.027968726406388943,0.12147041860460024
1.0,7.0,1.0,1.0,3.0,7.0,3.0,3.0,1.0,0.0,0.0,0.0,0.0,none,blank_wall,east_38th_street/west_to_east/42_n00496_E.jpg,east_38th_street,west_to_east,n00496,E,42,0.125,0.0,0.0,0.3333333333333333,1.0,0.3333333333333333,0.3333333333333333,0.0,0.0425,0.5533333333333333,0.22333333333333333,0.27075,0.9120045739283557,1.3563,0.0425,0.5242948427296907,0.14868446219150044,0.2365331706239931
1.0,7.0,1.0,1.0,5.0,7.0,5.0,3.0,2.0,0.0,0.0,0.0,0.0,none,blank_wall,east_38th_street/west_to_east/43_n00497_E.jpg,east_38th_street,west_to_east,n00497,E,43,0.125,0.0,0.0,0.6666666666666666,1.0,0.6666666666666666,0.3333333333333333,0.16666666666666666,0.0425,0.7766666666666666,0.38833333333333336,0.39890000000000003,0.8928698291580636,0.6358,0.0425,0.7413137102888276,0.293134322097881,0.35581785068761385
1.0,7.0,1.0,1.0,1.0,7.0,1.0,1.0,1.0,0.0,0.0,0.0,0.0,none,blank_wall,east_38th_street/west_to_east/44_n00498_E.jpg,east_38th_street,west_to_east,n00498,E,44,0.125,0.0,0.0,0.0,1.0,0.0,0.0,0.0,0.0425,0.33,0.0,0.12335000000000002,0.8466246389104166,0.0767,0.0425,0.2793861308404375,0.0021876415616663594,0.10736934489269429
1.0,7.0,1.0,1.0,1.0,7.0,1.0,1.0,1.0,0.0,0.0,0.0,0.0,none,blank_wall,east_38th_street/west_to_east/45_n00499_E.jpg,east_38th_street,west_to_east,n00499,E,45,0.125,0.0,0.0,0.0,1.0,0.0,0.0,0.0,0.0425,0.33,0.0,0.12335000000000002,0.7868279856378065,0.1527,0.0425,0.2596532352604762,0.0043553176853514085,0.10157282247212311
1.0,7.0,1.0,1.0,1.0,7.0,1.0,1.0,1.0,0.0,0.0,0.0,0.0,none,blank_wall,east_38th_street/west_to_east/46_n00500_E.jpg,east_38th_street,west_to_east,n00500,E,46,0.125,0.0,0.0,0.0,1.0,0.0,0.0,0.0,0.0425,0.33,0.0,0.12335000000000002,0.7461179088609383,3.9288,0.0425,0.24621890992410966,0.11205744677281344,0.13268119770998463
1.0,7.0,1.0,1.0,1.0,7.0,1.0,1.0,1.0,0.0,0.0,0.0,0.0,none,blank_wall,east_38th_street/west_to_east/47_n00501_E.jpg,east_38th_street,west_to_east,n00501,E,47,0.125,0.0,0.0,0.0,1.0,0.0,0.0,0.0,0.0425,0.33,0.0,0.12335000000000002,0.592567634279671,1.3529,0.0425,0.19554731931229144,0.03858748720701978,0.09171448615137272
1.0,7.0,1.0,1.0,1.0,7.0,1.0,1.0,1.0,0.0,0.0,0.0,0.0,none,blank_wall,east_39th_street/east_to_west/01_n00548_W.jpg,east_39th_street,east_to_west,n00548,W,1,0.125,0.0,0.0,0.0,1.0,0.0,0.0,0.0,0.0425,0.33,0.0,0.12335000000000002,0.5779977827217219,1.0892,0.0425,0.19073926829816823,0.03106622149891784,0.0876458116330384
1.0,7.0,1.0,1.0,5.0,7.0,5.0,3.0,1.0,0.0,0.0,0.0,0.0,none,blank_wall,east_39th_street/east_to_west/02_n00547_W.jpg,east_39th_street,east_to_west,n00547,W,2,0.125,0.0,0.0,0.6666666666666666,1.0,0.6666666666666666,0.3333333333333333,0.0,0.0425,0.7766666666666666,0.33333333333333337,0.38075000000000003,0.6131840348162132,3.2261,0.0425,0.649017398156017,0.3120149992450045,0.3315906911423371
1.0,7.0,1.0,1.0,1.0,7.0,1.0,1.0,1.0,0.0,0.0,0.0,0.0,none,blank_wall,east_39th_street/east_to_west/03_n00546_W.jpg,east_39th_street,east_to_west,n00546,W,3,0.125,0.0,0.0,0.0,1.0,0.0,0.0,0.0,0.0425,0.33,0.0,0.12335000000000002,0.8391940081390562,0.2513,0.0425,0.27693402268588857,0.0071675922352901714,0.10820353292398899
1.0,7.0,1.0,1.0,1.0,7.0,1.0,1.0,1.0,0.0,0.0,0.0,0.0,none,blank_wall,east_39th_street/east_to_west/04_n00545_W.jpg,east_39th_street,east_to_west,n00545,W,4,0.125,0.0,0.0,0.0,1.0,0.0,0.0,0.0,0.0425,0.33,0.0,0.12335000000000002,0.8259992953112844,4.2043,0.0425,0.27257976745272383,0.11991527272117175,0.14397336325738555
1.0,7.0,1.0,1.0,1.0,7.0,1.0,1.0,1.0,1.0,0.0,0.0,0.0,none,blank_wall,east_39th_street/east_to_west/05_n00544_W.jpg,east_39th_street,east_to_west,n00544,W,5,0.125,0.0,0.0,0.0,1.0,0.0,0.0,0.0,0.0425,0.33,0.0,0.12335000000000002,0.9076812065415204,3.5922,0.0425,0.29953479815870176,0.10245692330922941,0.14710726808441732
1.0,7.0,1.0,1.0,1.0,7.0,1.0,1.0,1.0,0.0,0.0,0.0,0.0,none,blank_wall,east_39th_street/east_to_west/06_n00543_W.jpg,east_39th_street,east_to_west,n00543,W,6,0.125,0.0,0.0,0.0,1.0,0.0,0.0,0.0,0.0425,0.33,0.0,0.12335000000000002,0.902716897461847,3.129,0.0425,0.29789657616240955,0.08924550777645421,0.14220688769982504
1.0,7.0,1.0,1.0,1.0,7.0,1.0,1.0,1.0,0.0,0.0,0.0,0.0,none,blank_wall,east_39th_street/east_to_west/07_n00542_W.jpg,east_39th_street,east_to_west,n00542,W,7,0.125,0.0,0.0,0.0,1.0,0.0,0.0,0.0,0.0425,0.33,0.0,0.12335000000000002,0.9376036989945143,4.389,0.0425,0.30940922066818977,0.12518329614281162,0.15786553054763047
1.0,7.0,1.0,1.0,3.0,7.0,3.0,3.0,1.0,0.0,0.0,0.0,1.0,none,blank_wall,east_39th_street/east_to_west/08_n00541_W.jpg,east_39th_street,east_to_west,n00541,W,8,0.125,0.0,0.0,0.3333333333333333,1.0,0.3333333333333333,0.3333333333333333,0.0,0.0425,0.5533333333333333,0.22333333333333333,0.27075,0.9172161654123352,1.7451,0.0425,0.526014667919404,0.15977383688740499,0.24076020658624697
1.0,7.0,1.0,1.0,1.0,7.0,1.0,1.0,1.0,0.0,0.0,0.0,0.0,none,blank_wall,east_39th_street/east_to_west/09_n00540_W.jpg,east_39th_street,east_to_west,n00540,W,9,0.125,0.0,0.0,0.0,1.0,0.0,0.0,0.0,0.0425,0.33,0.0,0.12335000000000002,0.8891358237297711,4.7143,0.0425,0.29341482183082446,0.1344615203932688,0.1556491929339508
1.0,7.0,1.0,1.0,1.0,7.0,1.0,1.0,1.0,0.0,0.0,0.0,0.0,none,blank_wall,east_39th_street/east_to_west/10_n00539_W.jpg,east_39th_street,east_to_west,n00539,W,10,0.125,0.0,0.0,0.0,1.0,0.0,0.0,0.0,0.0425,0.33,0.0,0.12335000000000002,0.945901369744078,4.6715,0.0425,0.3121474520155458,0.133240776470983,0.16142811540055452
1.0,7.0,1.0,1.0,3.0,5.0,5.0,3.0,3.0,2.0,0.0,0.0,2.0,tree_canopy,blank_wall,east_39th_street/east_to_west/11_n00538_W.jpg,east_39th_street,east_to_west,n00538,W,11,0.125,0.0,0.0,0.3333333333333333,0.6666666666666666,0.6666666666666666,0.3333333333333333,0.3333333333333333,0.0425,0.5533333333333333,0.44333333333333336,0.34335000000000004,0.937190917869224,4.2629,0.0425,0.6426063362301773,0.45158666510074996,0.37553369043920604
1.0,7.0,1.0,1.0,1.0,7.0,1.0,1.0,1.0,0.0,0.0,0.0,0.0,none,blank_wall,east_39th_street/east_to_west/12_n00537_W.jpg,east_39th_street,east_to_west,n00537,W,12,0.125,0.0,0.0,0.0,1.0,0.0,0.0,0.0,0.0425,0.33,0.0,0.12335000000000002,0.8708097977891804,0.2637,0.0425,0.28736723327042957,0.007521265708101942,0.1117632046629154
1.0,7.0,1.0,1.0,5.0,7.0,5.0,3.0,3.0,0.0,0.0,0.0,1.0,none,blank_wall,east_39th_street/east_to_west/13_n00536_W.jpg,east_39th_street,east_to_west,n00536,W,13,0.125,0.0,0.0,0.6666666666666666,1.0,0.6666666666666666,0.3333333333333333,0.3333333333333333,0.0425,0.7766666666666666,0.44333333333333336,0.41705000000000003,0.8455183353256086,6.6555,0.0425,0.7256877173241175,0.5198285321208664,0.42547036231684476
3.0,6.0,3.0,2.0,4.0,6.0,5.0,5.0,3.0,2.0,0.0,0.0,0.0,tree_canopy,blank_wall,east_39th_street/east_to_west/14_n00535_W.jpg,east_39th_street,east_to_west,n00535,W,14,0.3333333333333333,0.3333333333333333,0.16666666666666666,0.5,0.8333333333333334,0.6666666666666666,0.6666666666666666,0.3333333333333333,0.2783333333333333,0.665,0.5566666666666666,0.49778333333333336,0.9513877913119796,5.1389,0.2783333333333333,0.7039579711329532,0.4765719846316461,0.4842082187356511
1.0,7.0,1.0,1.0,1.0,7.0,1.0,1.0,1.0,0.0,0.0,0.0,0.0,none,blank_wall,east_39th_street/east_to_west/15_n00534_W.jpg,east_39th_street,east_to_west,n00534,W,15,0.125,0.0,0.0,0.0,1.0,0.0,0.0,0.0,0.0425,0.33,0.0,0.12335000000000002,0.9063149358186372,2.9777,0.0425,0.2990839288201503,0.08493012096706543,0.14117463642978118
3.0,6.0,3.0,4.0,4.0,6.0,5.0,5.0,3.0,4.0,0.0,0.0,1.0,tree_canopy,blank_wall,east_39th_street/east_to_west/16_n00533_W.jpg,east_39th_street,east_to_west,n00533,W,16,0.3333333333333333,0.3333333333333333,0.5,0.5,0.8333333333333334,0.6666666666666666,0.6666666666666666,0.3333333333333333,0.3883333333333333,0.665,0.5566666666666666,0.5351833333333333,0.9117826757749508,4.9656,0.3883333333333333,0.6908882830057338,0.471629112628559,0.51566407389265
3.0,6.0,3.0,2.0,4.0,6.0,5.0,5.0,3.0,2.0,0.0,0.0,0.0,tree_canopy,blank_wall,east_39th_street/east_to_west/17_n00532_W.jpg,east_39th_street,east_to_west,n00532,W,17,0.3333333333333333,0.3333333333333333,0.16666666666666666,0.5,0.8333333333333334,0.6666666666666666,0.6666666666666666,0.3333333333333333,0.2783333333333333,0.665,0.5566666666666666,0.49778333333333336,0.9296739304849062,6.1159,0.2783333333333333,0.696792397060019,0.5044380316427025,0.4910393748052314
1.0,7.0,1.0,1.0,1.0,7.0,1.0,1.0,1.0,0.0,0.0,0.0,0.0,none,blank_wall,east_39th_street/east_to_west/18_n00531_W.jpg,east_39th_street,east_to_west,n00531,W,18,0.125,0.0,0.0,0.0,1.0,0.0,0.0,0.0,0.0425,0.33,0.0,0.12335000000000002,0.878159419519187,4.9246,0.0425,0.2897926084413317,0.1404597084039394,0.15643326455893947
2.0,6.0,3.0,2.0,4.0,6.0,5.0,5.0,3.0,2.0,0.0,0.0,1.0,tree_canopy,blank_wall,east_39th_street/east_to_west/19_n00530_W.jpg,east_39th_street,east_to_west,n00530,W,19,0.25,0.3333333333333333,0.16666666666666666,0.5,0.8333333333333334,0.6666666666666666,0.6666666666666666,0.3333333333333333,0.25,0.665,0.5566666666666666,0.4881500000000001,0.86051605398589,2.4225,0.25,0.6739702978153437,0.39909467644246094,0.43911144150507553
1.0,7.0,1.0,1.0,3.0,7.0,3.0,3.0,3.0,0.0,0.0,0.0,0.0,none,blank_wall,east_39th_street/east_to_west/20_n00529_W.jpg,east_39th_street,east_to_west,n00529,W,20,0.125,0.0,0.0,0.3333333333333333,1.0,0.3333333333333333,0.3333333333333333,0.3333333333333333,0.0425,0.5533333333333333,0.3333333333333333,0.30705,0.9386820638681048,4.6175,0.0425,0.533098414409808,0.35170058554099626,0.3064336699837654
1.0,7.0,1.0,1.0,5.0,7.0,5.0,3.0,3.0,1.0,0.0,0.0,0.0,none,blank_wall,east_39th_street/east_to_west/21_n00528_W.jpg,east_39th_street,east_to_west,n00528,W,21,0.125,0.0,0.0,0.6666666666666666,1.0,0.6666666666666666,0.3333333333333333,0.3333333333333333,0.0425,0.7766666666666666,0.44333333333333336,0.41705000000000003,0.924227653505002,1.9997,0.0425,0.7516617923233173,0.3870355519017499,0.39022012359427216
1.0,7.0,1.0,1.0,5.0,7.0,5.0,3.0,3.0,0.0,0.0,0.0,0.0,none,blank_wall,east_39th_street/east_to_west/22_n00527_W.jpg,east_39th_street,east_to_west,n00527,W,22,0.125,0.0,0.0,0.6666666666666666,1.0,0.6666666666666666,0.3333333333333333,0.3333333333333333,0.0425,0.7766666666666666,0.44333333333333336,0.41705000000000003,0.9130398674806212,4.1343,0.0425,0.7479698229352716,0.44791872892304074,0.4090932221132431
1.0,7.0,1.0,1.0,5.0,7.0,5.0,3.0,3.0,0.0,0.0,0.0,0.0,none,blank_wall,east_39th_street/east_to_west/23_n00526_W.jpg,east_39th_street,east_to_west,n00526,W,23,0.125,0.0,0.0,0.6666666666666666,1.0,0.6666666666666666,0.3333333333333333,0.3333333333333333,0.0425,0.7766666666666666,0.44333333333333336,0.41705000000000003,0.8600496876807197,0.5794,0.0425,0.7304830636013042,0.3465256782376726,0.36986288480686236
1.0,7.0,1.0,1.0,5.0,7.0,5.0,3.0,3.0,0.0,0.0,0.0,5.0,none,blank_wall,east_39th_street/east_to_west/24_n00525_W.jpg,east_39th_street,east_to_west,n00525,W,24,0.125,0.0,0.0,0.6666666666666666,1.0,0.6666666666666666,0.3333333333333333,0.3333333333333333,0.0425,0.7766666666666666,0.44333333333333336,0.41705000000000003,0.8608712603241124,4.5349,0.0425,0.7307541825736238,0.4593446638592017,0.40718261932283245
1.0,7.0,1.0,1.0,3.0,7.0,5.0,3.0,2.0,0.0,0.0,0.0,1.0,none,blank_wall,east_39th_street/east_to_west/25_n00524_W.jpg,east_39th_street,east_to_west,n00524,W,25,0.125,0.0,0.0,0.3333333333333333,1.0,0.6666666666666666,0.3333333333333333,0.16666666666666666,0.0425,0.6633333333333333,0.38833333333333336,0.36150000000000004,0.9426830197618372,6.2677,0.0425,0.6444187298547397,0.45376767947922086,0.376851515080207
2.0,6.0,3.0,2.0,4.0,5.0,4.0,4.0,3.0,0.0,0.0,0.0,1.0,hedge,blank_wall,east_39th_street/east_to_west/26_n00523_W.jpg,east_39th_street,east_to_west,n00523,W,26,0.25,0.3333333333333333,0.16666666666666666,0.5,0.6666666666666666,0.5,0.5,0.3333333333333333,0.25,0.555,0.445,0.41500000000000004,0.9256863523751364,5.2059,0.25,0.6404764962837951,0.423482962267,0.4361066213217624
2.0,6.0,3.0,4.0,5.0,6.0,5.0,4.0,3.0,0.0,0.0,0.0,0.0,hedge,blank_wall,east_39th_street/east_to_west/27_n00522_W.jpg,east_39th_street,east_to_west,n00522,W,27,0.25,0.3333333333333333,0.5,0.6666666666666666,0.8333333333333334,0.6666666666666666,0.5,0.3333333333333333,0.36,0.7216666666666667,0.5,0.5255500000000001,0.9216455228142498,1.7044,0.36,0.7508096891953691,0.3786129892790631,0.4951094838965626
3.0,6.0,3.0,3.0,4.0,6.0,5.0,5.0,3.0,0.0,0.0,0.0,1.0,hedge,blank_wall,east_39th_street/east_to_west/28_n00521_W.jpg,east_39th_street,east_to_west,n00521,W,28,0.3333333333333333,0.3333333333333333,0.3333333333333333,0.5,0.8333333333333334,0.6666666666666666,0.6666666666666666,0.3333333333333333,0.3333333333333333,0.665,0.5566666666666666,0.5164833333333334,0.9316004028830234,1.4746,0.3333333333333333,0.6974281329513977,0.3720586212103417,0.4662639622067074
1.0,7.0,1.0,1.0,3.0,7.0,5.0,3.0,2.0,0.0,0.0,0.0,0.0,none,blank_wall,east_39th_street/east_to_west/29_n00520_W.jpg,east_39th_street,east_to_west,n00520,W,29,0.125,0.0,0.0,0.3333333333333333,1.0,0.6666666666666666,0.3333333333333333,0.16666666666666666,0.0425,0.6633333333333333,0.38833333333333336,0.36150000000000004,0.9378661152494144,2.9048,0.0425,0.6428291513656401,0.35785086321158327,0.3446744048104837
1.0,7.0,1.0,1.0,5.0,7.0,5.0,3.0,3.0,0.0,0.0,0.0,0.0,none,blank_wall,east_39th_street/east_to_west/30_n00519_W.jpg,east_39th_street,east_to_west,n00519,W,30,0.125,0.0,0.0,0.6666666666666666,1.0,0.6666666666666666,0.3333333333333333,0.3333333333333333,0.0425,0.7766666666666666,0.44333333333333336,0.41705000000000003,0.92807620212359,5.4972,0.0425,0.7529318133674514,0.4867914366726507,0.42355867251323376
2.0,6.0,3.0,4.0,5.0,6.0,5.0,5.0,4.0,0.0,0.0,0.0,0.0,hedge,blank_wall,east_39th_street/east_to_west/31_n00518_W.jpg,east_39th_street,east_to_west,n00518,W,31,0.25,0.3333333333333333,0.5,0.6666666666666666,0.8333333333333334,0.6666666666666666,0.6666666666666666,0.5,0.36,0.7216666666666667,0.6116666666666667,0.5624,0.8663504585521827,1.3135,0.36,0.7325623179888869,0.4224637182692147,0.5035585919651736
1.0,7.0,1.0,1.0,1.0,7.0,1.0,1.0,1.0,0.0,0.0,0.0,0.0,none,blank_wall,east_39th_street/east_to_west/32_n00517_W.jpg,east_39th_street,east_to_west,n00517,W,32,0.125,0.0,0.0,0.0,1.0,0.0,0.0,0.0,0.0425,0.33,0.0,0.12335000000000002,0.9315762024118648,7.2543,0.0425,0.3074201467959154,0.20690753821116387,0.18417813605233618
3.0,6.0,3.0,4.0,4.0,6.0,5.0,5.0,3.0,2.0,0.0,0.0,0.0,tree_canopy,blank_wall,east_39th_street/east_to_west/33_n00516_W.jpg,east_39th_street,east_to_west,n00516,W,33,0.3333333333333333,0.3333333333333333,0.5,0.5,0.8333333333333334,0.6666666666666666,0.6666666666666666,0.3333333333333333,0.3883333333333333,0.665,0.5566666666666666,0.5351833333333333,0.9433813738536644,6.8744,0.3883333333333333,0.7013158533717092,0.5260720097981645,0.5370713281793917
2.0,6.0,3.0,2.0,4.0,6.0,5.0,5.0,3.0,0.0,0.0,0.0,0.0,hedge,blank_wall,east_39th_street/east_to_west/34_n00515_W.jpg,east_39th_street,east_to_west,n00515,W,34,0.25,0.3333333333333333,0.16666666666666666,0.5,0.8333333333333334,0.6666666666666666,0.6666666666666666,0.3333333333333333,0.25,0.665,0.5566666666666666,0.4881500000000001,0.9469406373408475,8.0781,0.25,0.7024904103224797,0.5604040065097394,0.5017551575546324
1.0,7.0,1.0,1.0,5.0,7.0,5.0,3.0,1.0,0.0,0.0,0.0,0.0,none,blank_wall,east_39th_street/east_to_west/35_n00514_W.jpg,east_39th_street,east_to_west,n00514,W,35,0.125,0.0,0.0,0.6666666666666666,1.0,0.6666666666666666,0.3333333333333333,0.0,0.0425,0.7766666666666666,0.33333333333333337,0.38075000000000003,0.9400910509866532,11.3875,0.0425,0.7568967134922622,0.5447948928745198,0.44400823010103807
2.0,6.0,3.0,2.0,4.0,6.0,5.0,5.0,3.0,0.0,0.0,0.0,0.0,hedge,blank_wall,east_39th_street/east_to_west/36_n00513_W.jpg,east_39th_street,east_to_west,n00513,W,36,0.25,0.3333333333333333,0.16666666666666666,0.5,0.8333333333333334,0.6666666666666666,0.6666666666666666,0.3333333333333333,0.25,0.665,0.5566666666666666,0.4881500000000001,0.9314232206337858,8.6575,0.25,0.6973696628091494,0.576929684747412,0.5055187846936653
1.0,7.0,1.0,1.0,5.0,7.0,5.0,3.0,3.0,1.0,0.0,0.0,0.0,tree_canopy,blank_wall,east_39th_street/east_to_west/37_n00512_W.jpg,east_39th_street,east_to_west,n00512,W,37,0.125,0.0,0.0,0.6666666666666666,1.0,0.6666666666666666,0.3333333333333333,0.3333333333333333,0.0425,0.7766666666666666,0.44333333333333336,0.41705000000000003,0.9363509643207948,8.0642,0.0425,0.755662484892529,0.5600075499555391,0.4486211114998625
1.0,7.0,1.0,1.0,5.0,7.0,5.0,3.0,2.0,0.0,0.0,0.0,0.0,none,blank_wall,east_39th_street/east_to_west/38_n00511_W.jpg,east_39th_street,east_to_west,n00511,W,38,0.125,0.0,0.0,0.6666666666666666,1.0,0.6666666666666666,0.3333333333333333,0.16666666666666666,0.0425,0.7766666666666666,0.38833333333333336,0.39890000000000003,0.8645899578852406,0.2245,0.0425,0.7319813527687961,0.2814032011811486,0.34886690280348176
1.0,7.0,1.0,1.0,5.0,7.0,5.0,3.0,3.0,0.0,0.0,0.0,10.0,none,blank_wall,east_39th_street/east_to_west/39_n00510_W.jpg,east_39th_street,east_to_west,n00510,W,39,0.125,0.0,0.0,0.6666666666666666,1.0,0.6666666666666666,0.3333333333333333,0.3333333333333333,0.0425,0.7766666666666666,0.44333333333333336,0.41705000000000003,0.8519246168789443,2.3399,0.0425,0.7278017902367182,0.3967387547606664,0.3855483798491369
1.0,7.0,1.0,1.0,1.0,7.0,1.0,1.0,1.0,0.0,0.0,0.0,0.0,none,blank_wall,east_39th_street/east_to_west/40_n00509_W.jpg,east_39th_street,east_to_west,n00509,W,40,0.125,0.0,0.0,0.0,1.0,0.0,0.0,0.0,0.0425,0.33,0.0,0.12335000000000002,0.9042125233270972,5.8894,0.0425,0.2983901326979421,0.16797778635303595,0.16835141328682277
1.0,7.0,1.0,1.0,3.0,7.0,5.0,3.0,2.0,1.0,0.0,0.0,1.0,tree_canopy,blank_wall,east_39th_street/east_to_west/41_n00508_W.jpg,east_39th_street,east_to_west,n00508,W,41,0.125,0.0,0.0,0.3333333333333333,1.0,0.6666666666666666,0.3333333333333333,0.16666666666666666,0.0425,0.6633333333333333,0.38833333333333336,0.36150000000000004,0.942375066025254,7.8998,0.0425,0.6443171051216672,0.5003185242353574,0.3921797576878181
1.0,7.0,1.0,1.0,1.0,7.0,1.0,1.0,1.0,0.0,0.0,0.0,1.0,none,blank_wall,east_39th_street/east_to_west/42_n00507_W.jpg,east_39th_street,east_to_west,n00507,W,42,0.125,0.0,0.0,0.0,1.0,0.0,0.0,0.0,0.0425,0.33,0.0,0.12335000000000002,0.9288352699591615,3.086,0.0425,0.30651563908652335,0.08801905944331662,0.1446464505148472
3.0,6.0,3.0,3.0,4.0,6.0,5.0,5.0,4.0,2.0,0.0,0.0,0.0,tree_canopy,shopfront,east_39th_street/east_to_west/43_n00506_W.jpg,east_39th_street,east_to_west,n00506,W,43,0.3333333333333333,0.3333333333333333,0.3333333333333333,0.5,0.8333333333333334,0.6666666666666666,0.6666666666666666,0.5,0.3333333333333333,0.665,0.6116666666666667,0.5346333333333334,0.9442621511976548,6.4138,0.3333333333333333,0.7016065098952261,0.5679347516064628,0.5322819496288906
1.0,7.0,1.0,1.0,5.0,7.0,5.0,3.0,2.0,0.0,0.0,0.0,0.0,none,blank_wall,east_39th_street/east_to_west/44_n00505_W.jpg,east_39th_street,east_to_west,n00505,W,44,0.125,0.0,0.0,0.6666666666666666,1.0,0.6666666666666666,0.3333333333333333,0.16666666666666666,0.0425,0.7766666666666666,0.38833333333333336,0.39890000000000003,0.9403760281253052,6.6218,0.0425,0.7569907559480173,0.46386733889233767,0.4173331712973172
1.0,7.0,1.0,1.0,3.0,7.0,3.0,3.0,3.0,0.0,0.0,0.0,0.0,none,blank_wall,east_39th_street/east_to_west/45_n00504_W.jpg,east_39th_street,east_to_west,n00504,W,45,0.125,0.0,0.0,0.3333333333333333,1.0,0.3333333333333333,0.3333333333333333,0.3333333333333333,0.0425,0.5533333333333333,0.3333333333333333,0.30705,0.9379088931383216,6.0543,0.0425,0.5328432680689795,0.3926810731003473,0.31987303258587785
1.0,7.0,1.0,1.0,5.0,7.0,5.0,3.0,3.0,0.0,0.0,0.0,0.0,none,blank_wall,east_39th_street/east_to_west/46_n00503_W.jpg,east_39th_street,east_to_west,n00503,W,46,0.125,0.0,0.0,0.6666666666666666,1.0,0.6666666666666666,0.3333333333333333,0.3333333333333333,0.0425,0.7766666666666666,0.44333333333333336,0.41705000000000003,0.9314267039640378,5.5685,0.0425,0.7540374789747992,0.4888250591413184,0.42459463757831883
1.0,7.0,1.0,1.0,5.0,7.0,5.0,3.0,3.0,0.0,0.0,0.0,1.0,none,blank_wall,east_39th_street/east_to_west/47_n00502_W.jpg,east_39th_street,east_to_west,n00502,W,47,0.125,0.0,0.0,0.6666666666666666,1.0,0.6666666666666666,0.3333333333333333,0.3333333333333333,0.0425,0.7766666666666666,0.44333333333333336,0.41705000000000003,0.8907808313204317,3.3138,0.0425,0.7406243410024091,0.42451638340351994,0.39894643905395666
1.0,7.0,1.0,1.0,3.0,7.0,5.0,3.0,3.0,0.0,0.0,0.0,0.0,none,blank_wall,east_39th_street/west_to_east/01_n00502_E.jpg,east_39th_street,west_to_east,n00502,E,1,0.125,0.0,0.0,0.3333333333333333,1.0,0.6666666666666666,0.3333333333333333,0.3333333333333333,0.0425,0.6633333333333333,0.44333333333333336,0.37965000000000004,0.8907808313204317,0.2138,0.0425,0.6272910076690759,0.33609801520057714,0.3323683775469855
1.0,7.0,1.0,1.0,3.0,7.0,3.0,3.0,1.0,0.0,0.0,0.0,0.0,none,blank_wall,east_39th_street/west_to_east/02_n00503_E.jpg,east_39th_street,west_to_east,n00503,E,2,0.125,0.0,0.0,0.3333333333333333,1.0,0.3333333333333333,0.3333333333333333,0.0,0.0425,0.5533333333333333,0.22333333333333333,0.27075,0.9314267039640378,3.9371,0.0425,0.5307041456414658,0.22229417982316327,0.2629394474033276
1.0,7.0,1.0,1.0,5.0,7.0,5.0,3.0,3.0,0.0,0.0,0.0,0.0,none,blank_wall,east_39th_street/west_to_east/03_n00504_E.jpg,east_39th_street,west_to_east,n00504,E,3,0.125,0.0,0.0,0.6666666666666666,1.0,0.6666666666666666,0.3333333333333333,0.3333333333333333,0.0425,0.7766666666666666,0.44333333333333336,0.41705000000000003,0.9379088931383216,6.5781,0.0425,0.7561766014023128,0.5176209251212187,0.4348031837527654
1.0,7.0,1.0,1.0,1.0,7.0,1.0,1.0,1.0,1.0,1.0,1.0,1.0,none,blank_wall,east_39th_street/west_to_east/04_n00505_E.jpg,east_39th_street,west_to_east,n00505,E,4,0.125,0.0,0.0,0.0,1.0,0.0,0.0,0.0,0.0425,0.33,0.0,0.12335000000000002,0.9403760281253052,3.1154,0.0425,0.31032408928135075,0.08885760783853162,0.1461799600495612
2.0,6.0,3.0,2.0,4.0,6.0,5.0,5.0,3.0,1.0,0.0,0.0,10.0,tree_canopy,blank_wall,east_39th_street/west_to_east/05_n00506_E.jpg,east_39th_street,west_to_east,n00506,E,5,0.25,0.3333333333333333,0.16666666666666666,0.5,0.8333333333333334,0.6666666666666666,0.6666666666666666,0.3333333333333333,0.25,0.665,0.5566666666666666,0.4881500000000001,0.9442621511976548,8.0631,0.25,0.7016065098952261,0.5599761756958542,0.5013222862450566
3.0,6.0,3.0,3.0,3.0,6.0,3.0,3.0,3.0,2.0,0.0,0.0,0.0,tree_canopy,blank_wall,east_39th_street/west_to_east/06_n00507_E.jpg,east_39th_street,west_to_east,n00507,E,6,0.3333333333333333,0.3333333333333333,0.3333333333333333,0.3333333333333333,0.8333333333333334,0.3333333333333333,0.3333333333333333,0.3333333333333333,0.3333333333333333,0.49833333333333335,0.3333333333333333,0.38778333333333337,0.9288352699591615,5.5618,0.3333333333333333,0.5298489724198567,0.378633961377783,0.41313270148655445
1.0,7.0,1.0,1.0,1.0,7.0,1.0,1.0,1.0,1.0,0.0,0.0,0.0,none,blank_wall,east_39th_street/west_to_east/07_n00508_E.jpg,east_39th_street,west_to_east,n00508,E,7,0.125,0.0,0.0,0.0,1.0,0.0,0.0,0.0,0.0425,0.33,0.0,0.12335000000000002,0.942375066025254,7.3824,0.0425,0.31098377178833386,0.21056121336174352,0.18655984509952556
1.0,7.0,1.0,1.0,3.0,7.0,3.0,3.0,3.0,0.0,0.0,0.0,0.0,none,blank_wall,east_39th_street/west_to_east/08_n00509_E.jpg,east_39th_street,west_to_east,n00509,E,8,0.125,0.0,0.0,0.3333333333333333,1.0,0.3333333333333333,0.3333333333333333,0.3333333333333333,0.0425,0.5533333333333333,0.3333333333333333,0.30705,0.9042125233270972,4.9509,0.0425,0.5217234660312755,0.36120983843095145,0.3058179904725349
3.0,6.0,3.0,4.0,4.0,6.0,5.0,5.0,3.0,0.0,0.0,0.0,0.0,hedge,blank_wall,east_39th_street/west_to_east/09_n00510_E.jpg,east_39th_street,west_to_east,n00510,E,9,0.3333333333333333,0.3333333333333333,0.5,0.5,0.8333333333333334,0.6666666666666666,0.6666666666666666,0.3333333333333333,0.3883333333333333,0.665,0.5566666666666666,0.5351833333333333,0.8519246168789443,1.152,0.3883333333333333,0.6711351235700516,0.3628574065063839,0.47325086825855706
1.0,7.0,1.0,1.0,3.0,7.0,5.0,3.0,3.0,0.0,0.0,0.0,10.0,none,blank_wall,east_39th_street/west_to_east/10_n00511_E.jpg,east_39th_street,west_to_east,n00511,E,10,0.125,0.0,0.0,0.3333333333333333,1.0,0.6666666666666666,0.3333333333333333,0.3333333333333333,0.0425,0.6633333333333333,0.44333333333333336,0.37965000000000004,0.8645899578852406,5.3324,0.0425,0.6186480194354628,0.4820910021307652,0.3776938771168552
3.0,6.0,3.0,3.0,4.0,6.0,5.0,5.0,3.0,1.0,0.0,0.0,0.0,hedge,blank_wall,east_39th_street/west_to_east/11_n00512_E.jpg,east_39th_street,west_to_east,n00512,E,11,0.3333333333333333,0.3333333333333333,0.3333333333333333,0.5,0.8333333333333334,0.6666666666666666,0.6666666666666666,0.3333333333333333,0.3333333333333333,0.665,0.5566666666666666,0.5164833333333334,0.9363509643207948,8.395,0.3333333333333333,0.6989958182258623,0.5694426455044209,0.5319180263643268
1.0,7.0,1.0,1.0,1.0,7.0,1.0,1.0,1.0,1.0,1.0,1.0,1.0,none,blank_wall,east_39th_street/west_to_east/12_n00513_E.jpg,east_39th_street,west_to_east,n00513,E,12,0.125,0.0,0.0,0.0,1.0,0.0,0.0,0.0,0.0425,0.33,0.0,0.12335000000000002,0.9314232206337858,9.1661,0.0425,0.30736966280914935,0.2614360015435465,0.20215586923638965
1.0,7.0,1.0,1.0,1.0,7.0,1.0,1.0,1.0,0.0,0.0,0.0,0.0,none,blank_wall,east_39th_street/west_to_east/13_n00514_E.jpg,east_39th_street,west_to_east,n00514,E,13,0.125,0.0,0.0,0.0,1.0,0.0,0.0,0.0,0.0425,0.33,0.0,0.12335000000000002,0.9400910509866532,1.5885,0.0425,0.3102300468255956,0.045307283190443436,0.1317773189052929
1.0,7.0,1.0,1.0,1.0,7.0,1.0,1.0,1.0,2.0,0.0,0.0,1.0,tree_canopy,blank_wall,east_39th_street/west_to_east/14_n00515_E.jpg,east_39th_street,west_to_east,n00515,E,14,0.125,0.0,0.0,0.0,1.0,0.0,0.0,0.0,0.0425,0.33,0.0,0.12335000000000002,0.9469406373408475,1.5949,0.0425,0.3124904103224797,0.04548982433770112,0.1325834774378597
1.0,7.0,1.0,1.0,1.0,7.0,1.0,1.0,1.0,2.0,0.0,0.0,0.0,tree_canopy,blank_wall,east_39th_street/west_to_east/15_n00516_E.jpg,east_39th_street,west_to_east,n00516,E,15,0.125,0.0,0.0,0.0,1.0,0.0,0.0,0.0,0.0425,0.33,0.0,0.12335000000000002,0.9433813738536644,2.0275,0.0425,0.31131585337170925,0.057828465010150494,0.13626762506601373
1.0,7.0,1.0,1.0,3.0,7.0,5.0,3.0,3.0,0.0,0.0,0.0,3.0,none,blank_wall,east_39th_street/west_to_east/16_n00517_E.jpg,east_39th_street,west_to_east,n00517,E,16,0.125,0.0,0.0,0.3333333333333333,1.0,0.6666666666666666,0.3333333333333333,0.3333333333333333,0.0425,0.6633333333333333,0.44333333333333336,0.37965000000000004,0.9315762024118648,7.8051,0.0425,0.6407534801292487,0.5526174856970287,0.40826241872267155
3.0,6.0,5.0,4.0,5.0,6.0,5.0,6.0,5.0,2.0,0.0,0.0,2.0,tree_canopy,shopfront,east_39th_street/west_to_east/17_n00518_E.jpg,east_39th_street,west_to_east,n00518,E,17,0.3333333333333333,0.6666666666666666,0.5,0.6666666666666666,0.8333333333333334,0.6666666666666666,0.8333333333333334,0.6666666666666666,0.4983333333333334,0.7216666666666667,0.7233333333333334,0.6462833333333334,0.8663504585521827,1.659,0.4983333333333334,0.7325623179888869,0.48731808801570387,0.5719938673148484
3.0,6.0,3.0,3.0,4.0,6.0,4.0,5.0,4.0,2.0,0.0,0.0,0.0,tree_canopy,shopfront,east_39th_street/west_to_east/18_n00519_E.jpg,east_39th_street,west_to_east,n00519,E,18,0.3333333333333333,0.3333333333333333,0.3333333333333333,0.5,0.8333333333333334,0.5,0.6666666666666666,0.5,0.3333333333333333,0.6100000000000001,0.5566666666666668,0.4983333333333334,0.92807620212359,3.5698,0.3333333333333333,0.6412651467007847,0.4318180292938275,0.4674507814115554
3.0,6.0,3.0,3.0,4.0,6.0,5.0,5.0,4.0,0.0,0.0,0.0,0.0,hedge,blank_wall,east_39th_street/west_to_east/19_n00520_E.jpg,east_39th_street,west_to_east,n00520,E,19,0.3333333333333333,0.3333333333333333,0.3333333333333333,0.5,0.8333333333333334,0.6666666666666666,0.6666666666666666,0.5,0.3333333333333333,0.665,0.6116666666666667,0.5346333333333334,0.9378661152494144,4.3679,0.3333333333333333,0.6994958180323068,0.5095814807979464,0.5123288419473169
3.0,6.0,3.0,3.0,4.0,6.0,5.0,5.0,4.0,1.0,0.0,0.0,0.0,tree_canopy,blank_wall,east_39th_street/west_to_east/20_n00521_E.jpg,east_39th_street,west_to_east,n00521,E,20,0.3333333333333333,0.3333333333333333,0.3333333333333333,0.5,0.8333333333333334,0.6666666666666666,0.6666666666666666,0.5,0.3333333333333333,0.665,0.6116666666666667,0.5346333333333334,0.9316004028830234,1.551,0.3333333333333333,0.6974281329513977,0.4292377061557304,0.48513306023868563
1.0,7.0,1.0,1.0,3.0,7.0,3.0,3.0,1.0,0.0,0.0,0.0,1.0,none,blank_wall,east_39th_street/west_to_east/21_n00522_E.jpg,east_39th_street,west_to_east,n00522,E,21,0.125,0.0,0.0,0.3333333333333333,1.0,0.3333333333333333,0.3333333333333333,0.0,0.0425,0.5533333333333333,0.22333333333333333,0.27075,0.9216455228142498,2.5856,0.0425,0.5274763558620358,0.1837466234921061,0.24915358318686684
1.0,7.0,1.0,1.0,5.0,7.0,5.0,3.0,3.0,0.0,0.0,0.0,0.0,none,blank_wall,east_39th_street/west_to_east/22_n00523_E.jpg,east_39th_street,west_to_east,n00523,E,22,0.125,0.0,0.0,0.6666666666666666,1.0,0.6666666666666666,0.3333333333333333,0.3333333333333333,0.0425,0.7766666666666666,0.44333333333333336,0.41705000000000003,0.9256863523751364,2.657,0.0425,0.7521431629504617,0.4057830981661997,0.39656566616849825
1.0,7.0,1.0,1.0,5.0,7.0,5.0,3.0,2.0,1.0,0.0,0.0,0.0,tree_canopy,blank_wall,east_39th_street/west_to_east/23_n00524_E.jpg,east_39th_street,west_to_east,n00524,E,23,0.125,0.0,0.0,0.6666666666666666,1.0,0.6666666666666666,0.3333333333333333,0.16666666666666666,0.0425,0.7766666666666666,0.38833333333333336,0.39890000000000003,0.9426830197618372,5.9399,0.0425,0.757752063188073,0.4444181500931161,0.41116617038279246
1.0,7.0,1.0,1.0,5.0,7.0,5.0,3.0,3.0,0.0,0.0,0.0,0.0,none,blank_wall,east_39th_street/west_to_east/24_n00525_E.jpg,east_39th_street,west_to_east,n00525,E,24,0.125,0.0,0.0,0.6666666666666666,1.0,0.6666666666666666,0.3333333333333333,0.3333333333333333,0.0425,0.7766666666666666,0.44333333333333336,0.41705000000000003,0.8608712603241124,0.417,0.0425,0.7307541825736238,0.34189369662600877,0.3684238001358788
1.0,7.0,1.0,1.0,5.0,7.0,5.0,3.0,3.0,0.0,0.0,0.0,10.0,none,blank_wall,east_39th_street/west_to_east/25_n00526_E.jpg,east_39th_street,west_to_east,n00526,E,25,0.125,0.0,0.0,0.6666666666666666,1.0,0.6666666666666666,0.3333333333333333,0.3333333333333333,0.0425,0.7766666666666666,0.44333333333333336,0.41705000000000003,0.8600496876807197,2.9901,0.0425,0.7304830636013042,0.4152837944398772,0.39255306315358984
3.0,6.0,3.0,2.0,5.0,6.0,4.0,5.0,4.0,2.0,0.0,0.0,0.0,tree_canopy,shopfront,east_39th_street/west_to_east/26_n00527_E.jpg,east_39th_street,west_to_east,n00527,E,26,0.3333333333333333,0.3333333333333333,0.16666666666666666,0.6666666666666666,0.8333333333333334,0.5,0.6666666666666666,0.5,0.2783333333333333,0.6666666666666667,0.5566666666666668,0.4983333333333334,0.9130398674806212,5.5308,0.2783333333333333,0.6929698229352717,0.48774977769575356,0.48427080154157165
1.0,7.0,1.0,1.0,5.0,7.0,5.0,3.0,3.0,0.0,0.0,0.0,1.0,none,blank_wall,east_39th_street/west_to_east/27_n00528_E.jpg,east_39th_street,west_to_east,n00528,E,27,0.125,0.0,0.0,0.6666666666666666,1.0,0.6666666666666666,0.3333333333333333,0.3333333333333333,0.0425,0.7766666666666666,0.44333333333333336,0.41705000000000003,0.924227653505002,3.9139,0.0425,0.7516617923233173,0.44163246816435414,0.4082371059609316
1.0,7.0,1.0,1.0,5.0,7.0,5.0,3.0,2.0,0.0,0.0,0.0,0.0,none,blank_wall,east_39th_street/west_to_east/28_n00529_E.jpg,east_39th_street,west_to_east,n00529,E,28,0.125,0.0,0.0,0.6666666666666666,1.0,0.6666666666666666,0.3333333333333333,0.16666666666666666,0.0425,0.7766666666666666,0.38833333333333336,0.39890000000000003,0.9386820638681048,2.5652,0.0425,0.7564317477431413,0.3481647735852222,0.37896685203836
3.0,6.0,3.0,3.0,4.0,6.0,5.0,5.0,3.0,4.0,0.0,0.0,0.0,tree_canopy,blank_wall,east_39th_street/west_to_east/29_n00530_E.jpg,east_39th_street,west_to_east,n00530,E,29,0.3333333333333333,0.3333333333333333,0.3333333333333333,0.5,0.8333333333333334,0.6666666666666666,0.6666666666666666,0.3333333333333333,0.3333333333333333,0.665,0.5566666666666666,0.5164833333333334,0.86051605398589,3.0271,0.3333333333333333,0.6739702978153437,0.4163391104474607,0.4731354380600588
3.0,6.0,3.0,4.0,4.0,6.0,5.0,5.0,3.0,2.0,0.0,0.0,0.0,tree_canopy,blank_wall,east_39th_street/west_to_east/30_n00531_E.jpg,east_39th_street,west_to_east,n00531,E,30,0.3333333333333333,0.3333333333333333,0.5,0.5,0.8333333333333334,0.6666666666666666,0.6666666666666666,0.3333333333333333,0.3883333333333333,0.665,0.5566666666666666,0.5351833333333333,0.878159419519187,5.8107,0.3883333333333333,0.6797926084413317,0.49573310068285154,0.5199568173443139
3.0,6.0,3.0,3.0,3.0,6.0,3.0,3.0,,4.0,0.0,0.0,0.0,tree_canopy,blank_wall,east_39th_street/west_to_east/31_n00532_E.jpg,east_39th_street,west_to_east,n00532,E,31,0.3333333333333333,0.3333333333333333,0.3333333333333333,0.3333333333333333,0.8333333333333334,0.3333333333333333,0.3333333333333333,,0.3333333333333333,0.49833333333333335,,,0.9296739304849062,6.719,0.3333333333333333,0.5301257303933524,,
1.0,7.0,1.0,1.0,1.0,7.0,1.0,1.0,1.0,0.0,0.0,0.0,0.0,none,blank_wall,east_39th_street/west_to_east/32_n00533_E.jpg,east_39th_street,west_to_east,n00533,E,32,0.125,0.0,0.0,0.0,1.0,0.0,0.0,0.0,0.0425,0.33,0.0,0.12335000000000002,0.9117826757749508,4.3123,0.0425,0.3008882830057338,0.12299565458114524,0.1543316994036701
3.0,6.0,3.0,3.0,3.0,6.0,3.0,3.0,3.0,1.0,0.0,0.0,0.0,tree_canopy,blank_wall,east_39th_street/west_to_east/33_n00534_E.jpg,east_39th_street,west_to_east,n00534,E,33,0.3333333333333333,0.3333333333333333,0.3333333333333333,0.3333333333333333,0.8333333333333334,0.3333333333333333,0.3333333333333333,0.3333333333333333,0.3333333333333333,0.49833333333333335,0.3333333333333333,0.38778333333333337,0.9063149358186372,5.6411,0.3333333333333333,0.5224172621534836,0.3808957602805228,0.41142663073655544
1.0,7.0,1.0,1.0,5.0,7.0,5.0,3.0,3.0,0.0,0.0,0.0,0.0,none,blank_wall,east_39th_street/west_to_east/34_n00535_E.jpg,east_39th_street,west_to_east,n00535,E,34,0.125,0.0,0.0,0.6666666666666666,1.0,0.6666666666666666,0.3333333333333333,0.3333333333333333,0.0425,0.7766666666666666,0.44333333333333336,0.41705000000000003,0.9513877913119796,5.6402,0.0425,0.76062463779962,0.49087009043168967,0.4274432603163322
1.0,7.0,1.0,1.0,3.0,7.0,5.0,3.0,2.0,0.0,0.0,0.0,0.0,none,blank_wall,east_39th_street/west_to_east/35_n00536_E.jpg,east_39th_street,west_to_east,n00536,E,35,0.125,0.0,0.0,0.3333333333333333,1.0,0.6666666666666666,0.3333333333333333,0.16666666666666666,0.0425,0.6633333333333333,0.38833333333333336,0.36150000000000004,0.8455183353256086,0.4506,0.0425,0.6123543839907842,0.2878520376491116,0.3115181191411656
1.0,7.0,1.0,1.0,1.0,7.0,1.0,1.0,1.0,0.0,0.0,0.0,1.0,none,blank_wall,east_39th_street/west_to_east/36_n00537_E.jpg,east_39th_street,west_to_east,n00537,E,36,0.125,0.0,0.0,0.0,1.0,0.0,0.0,0.0,0.0425,0.33,0.0,0.12335000000000002,0.8708097977891804,3.801,0.0425,0.28736723327042957,0.1084123282385115,0.14505725529795055
1.0,7.0,1.0,1.0,1.0,7.0,1.0,1.0,1.0,0.0,0.0,0.0,0.0,none,blank_wall,east_39th_street/west_to_east/37_n00538_E.jpg,east_39th_street,west_to_east,n00538,E,37,0.125,0.0,0.0,0.0,1.0,0.0,0.0,0.0,0.0425,0.33,0.0,0.12335000000000002,0.937190917869224,3.305,0.0425,0.30927300289684395,0.09426538932604064,0.14761766943355192
1.0,7.0,1.0,1.0,1.0,7.0,1.0,1.0,1.0,0.0,0.0,0.0,0.0,none,blank_wall,east_39th_street/west_to_east/38_n00539_E.jpg,east_39th_street,west_to_east,n00539,E,38,0.125,0.0,0.0,0.0,1.0,0.0,0.0,0.0,0.0425,0.33,0.0,0.12335000000000002,0.945901369744078,3.7254,0.0425,0.3121474520155458,0.10625606093653005,0.15252315927418503
1.0,7.0,1.0,1.0,1.0,7.0,1.0,1.0,1.0,0.0,0.0,0.0,0.0,none,blank_wall,east_39th_street/west_to_east/39_n00540_E.jpg,east_39th_street,west_to_east,n00540,E,39,0.125,0.0,0.0,0.0,1.0,0.0,0.0,0.0,0.0425,0.33,0.0,0.12335000000000002,0.8891358237297711,6.8333,0.0425,0.29341482183082446,0.19489975336811907,0.17559380981565137
1.0,7.0,1.0,1.0,1.0,7.0,1.0,1.0,1.0,0.0,0.0,0.0,0.0,none,blank_wall,east_39th_street/west_to_east/40_n00541_E.jpg,east_39th_street,west_to_east,n00541,E,40,0.125,0.0,0.0,0.0,1.0,0.0,0.0,0.0,0.0425,0.33,0.0,0.12335000000000002,0.9172161654123352,2.7341,0.0425,0.3026813345860706,0.07798214854956967,0.1400689494347613
1.0,7.0,1.0,1.0,1.0,7.0,1.0,1.0,1.0,2.0,0.0,0.0,0.0,tree_canopy,blank_wall,east_39th_street/west_to_east/41_n00542_E.jpg,east_39th_street,west_to_east,n00542,E,41,0.125,0.0,0.0,0.0,1.0,0.0,0.0,0.0,0.0425,0.33,0.0,0.12335000000000002,0.9376036989945143,3.3395,0.0425,0.30940922066818977,0.09524940019797662,0.14798734488583493
1.0,7.0,1.0,1.0,1.0,7.0,1.0,1.0,1.0,0.0,0.0,0.0,0.0,none,blank_wall,east_39th_street/west_to_east/42_n00543_E.jpg,east_39th_street,west_to_east,n00543,E,42,0.125,0.0,0.0,0.0,1.0,0.0,0.0,0.0,0.0425,0.33,0.0,0.12335000000000002,0.902716897461847,0.3781,0.0425,0.29789657616240955,0.010784188715333121,0.11631465240965509
1.0,7.0,1.0,1.0,1.0,7.0,1.0,1.0,1.0,0.0,0.0,0.0,0.0,none,blank_wall,east_39th_street/west_to_east/43_n00544_E.jpg,east_39th_street,west_to_east,n00544,E,43,0.125,0.0,0.0,0.0,1.0,0.0,0.0,0.0,0.0425,0.33,0.0,0.12335000000000002,0.9076812065415204,2.4352,0.0425,0.29953479815870176,0.06945690653155043,0.13621726254778324
1.0,7.0,1.0,1.0,1.0,7.0,1.0,1.0,1.0,0.0,0.0,0.0,0.0,none,blank_wall,east_39th_street/west_to_east/44_n00545_E.jpg,east_39th_street,west_to_east,n00545,E,44,0.125,0.0,0.0,0.0,1.0,0.0,0.0,0.0,0.0425,0.33,0.0,0.12335000000000002,0.8259992953112844,6.5127,0.0425,0.27257976745272383,0.18575558277267926,0.165700665574383
1.0,7.0,1.0,1.0,3.0,5.0,3.0,3.0,1.0,0.0,0.0,0.0,0.0,none,blank_wall,east_39th_street/west_to_east/45_n00546_E.jpg,east_39th_street,west_to_east,n00546,E,45,0.125,0.0,0.0,0.3333333333333333,0.6666666666666666,0.3333333333333333,0.3333333333333333,0.0,0.0425,0.44333333333333336,0.22333333333333333,0.23445,0.8391940081390562,1.3002,0.0425,0.5002673560192219,0.14708437494756976,0.22807607121904128
1.0,7.0,1.0,1.0,1.0,7.0,1.0,1.0,1.0,0.0,0.0,0.0,0.0,none,blank_wall,east_39th_street/west_to_east/46_n00547_E.jpg,east_39th_street,west_to_east,n00547,E,46,0.125,0.0,0.0,0.0,1.0,0.0,0.0,0.0,0.0425,0.33,0.0,0.12335000000000002,0.6131840348162132,3.7304,0.0425,0.20235073148935037,0.10639867120782512,0.11633730289006791
1.0,7.0,1.0,1.0,1.0,7.0,1.0,1.0,1.0,0.0,0.0,0.0,0.0,none,blank_wall,east_39th_street/west_to_east/47_n00548_E.jpg,east_39th_street,west_to_east,n00548,E,47,0.125,0.0,0.0,0.0,1.0,0.0,0.0,0.0,0.0425,0.33,0.0,0.12335000000000002,0.5779977827217219,1.6867,0.0425,0.19073926829816823,0.04810814891867859,0.09326964768155946
1.0,7.0,1.0,1.0,1.0,7.0,1.0,1.0,1.0,0.0,0.0,0.0,0.0,none,blank_wall,east_40th_street/east_to_west/01_n00594_W.jpg,east_40th_street,east_to_west,n00594,W,1,0.125,0.0,0.0,0.0,1.0,0.0,0.0,0.0,0.0425,0.33,0.0,0.12335000000000002,0.6821359849562877,3.2107,0.0425,0.22510487503557494,0.09157575960941565,0.1189546094328469
1.0,7.0,1.0,1.0,1.0,7.0,1.0,1.0,1.0,0.0,0.0,0.0,0.0,none,blank_wall,east_40th_street/east_to_west/02_n00593_W.jpg,east_40th_street,east_to_west,n00593,W,2,0.125,0.0,0.0,0.0,1.0,0.0,0.0,0.0,0.0425,0.33,0.0,0.12335000000000002,0.8171847761123261,6.0072,0.0425,0.26967097611706764,0.17133768434474775,0.15998285795239908
1.0,7.0,1.0,1.0,1.0,7.0,1.0,1.0,1.0,0.0,0.0,0.0,0.0,none,blank_wall,east_40th_street/east_to_west/03_n00592_W.jpg,east_40th_street,east_to_west,n00592,W,3,0.125,0.0,0.0,0.0,1.0,0.0,0.0,0.0,0.0425,0.33,0.0,0.12335000000000002,0.8084679624090285,0.7471,0.0425,0.2667944275949794,0.021308826736909217,0.10952407392952325
1.0,7.0,1.0,1.0,1.0,7.0,1.0,1.0,1.0,0.0,0.0,0.0,0.0,none,blank_wall,east_40th_street/east_to_west/04_n00591_W.jpg,east_40th_street,east_to_west,n00591,W,4,0.125,0.0,0.0,0.0,1.0,0.0,0.0,0.0,0.0425,0.33,0.0,0.12335000000000002,0.8862520188183487,2.5075,0.0425,0.2924631662100551,0.07151905105447712,0.13456413169729564
1.0,7.0,1.0,1.0,3.0,7.0,3.0,3.0,1.0,0.0,0.0,0.0,2.0,none,blank_wall,east_40th_street/east_to_west/05_n00590_W.jpg,east_40th_street,east_to_west,n00590,W,5,0.125,0.0,0.0,0.3333333333333333,1.0,0.3333333333333333,0.3333333333333333,0.0,0.0425,0.5533333333333333,0.22333333333333333,0.27075,0.928253295820962,3.3602,0.0425,0.5296569209542509,0.20583980672113822,0.25716392013287837
1.0,7.0,1.0,1.0,1.0,7.0,1.0,1.0,1.0,1.0,0.0,0.0,0.0,none,blank_wall,east_40th_street/east_to_west/06_n00589_W.jpg,east_40th_street,east_to_west,n00589,W,6,0.125,0.0,0.0,0.0,1.0,0.0,0.0,0.0,0.0425,0.33,0.0,0.12335000000000002,0.9362208948809774,5.3801,0.0425,0.30895289531072256,0.15345150411892017,0.16704345181178212
1.0,7.0,1.0,1.0,1.0,7.0,1.0,1.0,1.0,0.0,0.0,0.0,0.0,none,blank_wall,east_40th_street/east_to_west/07_n00588_W.jpg,east_40th_street,east_to_west,n00588,W,7,0.125,0.0,0.0,0.0,1.0,0.0,0.0,0.0,0.0425,0.33,0.0,0.12335000000000002,0.9304291182155692,4.1711,0.0425,0.30704160901113786,0.1189683405197725,0.15503328334520045
3.0,6.0,3.0,4.0,4.0,6.0,5.0,5.0,3.0,2.0,0.0,0.0,0.0,tree_canopy,blank_wall,east_40th_street/east_to_west/08_n00587_W.jpg,east_40th_street,east_to_west,n00587,W,8,0.3333333333333333,0.3333333333333333,0.5,0.5,0.8333333333333334,0.6666666666666666,0.6666666666666666,0.3333333333333333,0.3883333333333333,0.665,0.5566666666666666,0.5351833333333333,0.9167170370088648,8.1734,0.3883333333333333,0.6925166222129253,0.5631221582806235,0.5463941308962045
3.0,6.0,3.0,4.0,4.0,6.0,5.0,5.0,3.0,2.0,0.0,0.0,0.0,tree_canopy,blank_wall,east_40th_street/east_to_west/09_n00586_W.jpg,east_40th_street,east_to_west,n00586,W,9,0.3333333333333333,0.3333333333333333,0.5,0.5,0.8333333333333334,0.6666666666666666,0.6666666666666666,0.3333333333333333,0.3883333333333333,0.665,0.5566666666666666,0.5351833333333333,0.91769762479794,0.737,0.3883333333333333,0.6928402161833203,0.35102075398889315,0.47650745349016377
3.0,6.0,3.0,2.0,3.0,6.0,4.0,4.0,2.0,2.0,0.0,0.0,0.0,tree_canopy,blank_wall,east_40th_street/east_to_west/10_n00585_W.jpg,east_40th_street,east_to_west,n00585,W,10,0.3333333333333333,0.3333333333333333,0.16666666666666666,0.3333333333333333,0.8333333333333334,0.5,0.5,0.16666666666666666,0.2783333333333333,0.5533333333333333,0.39,0.40593333333333337,0.925620630347196,0.6597,0.2783333333333333,0.583788141347908,0.23881599919467142,0.36609269971238456
3.0,6.0,3.0,4.0,4.0,6.0,5.0,5.0,3.0,0.0,0.0,0.0,0.0,hedge,blank_wall,east_40th_street/east_to_west/11_n00584_W.jpg,east_40th_street,east_to_west,n00584,W,11,0.3333333333333333,0.3333333333333333,0.5,0.5,0.8333333333333334,0.6666666666666666,0.6666666666666666,0.3333333333333333,0.3883333333333333,0.665,0.5566666666666666,0.5351833333333333,0.8588249174248576,0.8341,0.3883333333333333,0.673412222750203,0.3537902454574434,0.47101014784185663
2.0,6.0,3.0,2.0,4.0,6.0,5.0,5.0,4.0,0.0,0.0,0.0,2.0,hedge,blank_wall,east_40th_street/east_to_west/12_n00583_W.jpg,east_40th_street,east_to_west,n00583,W,12,0.25,0.3333333333333333,0.16666666666666666,0.5,0.8333333333333334,0.6666666666666666,0.6666666666666666,0.5,0.25,0.665,0.6116666666666667,0.5063000000000001,0.8575655521756406,7.3933,0.25,0.6729966322179614,0.5958721037531668,0.5037266828704723
3.0,6.0,3.0,2.0,4.0,6.0,5.0,5.0,3.0,0.0,0.0,0.0,0.0,hedge,blank_wall,east_40th_street/east_to_west/13_n00582_W.jpg,east_40th_street,east_to_west,n00582,W,13,0.3333333333333333,0.3333333333333333,0.16666666666666666,0.5,0.8333333333333334,0.6666666666666666,0.6666666666666666,0.3333333333333333,0.2783333333333333,0.665,0.5566666666666666,0.49778333333333336,0.9396905220843056,8.572,0.2783333333333333,0.7000978722878208,0.5744910491082663,0.5152476773940421
3.0,6.0,3.0,2.0,4.0,6.0,5.0,5.0,3.0,0.0,0.0,0.0,1.0,hedge,blank_wall,east_40th_street/east_to_west/14_n00581_W.jpg,east_40th_street,east_to_west,n00581,W,14,0.3333333333333333,0.3333333333333333,0.16666666666666666,0.5,0.8333333333333334,0.6666666666666666,0.6666666666666666,0.3333333333333333,0.2783333333333333,0.665,0.5566666666666666,0.49778333333333336,0.9026599800527229,4.7091,0.2783333333333333,0.6878777934173985,0.4643132057111219,0.4748563630457451
1.0,7.0,1.0,1.0,1.0,7.0,1.0,1.0,1.0,0.0,0.0,0.0,1.0,none,blank_wall,east_40th_street/east_to_west/15_n00580_W.jpg,east_40th_street,east_to_west,n00580,W,15,0.125,0.0,0.0,0.0,1.0,0.0,0.0,0.0,0.0425,0.33,0.0,0.12335000000000002,0.9216197005485977,5.14,0.0425,0.30413450118103724,0.14660335889133097,0.1631934938238815
1.0,7.0,1.0,1.0,1.0,7.0,1.0,1.0,1.0,0.0,0.0,0.0,0.0,none,blank_wall,east_40th_street/east_to_west/16_n00579_W.jpg,east_40th_street,east_to_west,n00579,W,16,0.125,0.0,0.0,0.0,1.0,0.0,0.0,0.0,0.0425,0.33,0.0,0.12335000000000002,0.9488077349468204,9.1896,0.0425,0.31310655253245073,0.26210626981863333,0.20427023137585776
1.0,7.0,1.0,1.0,1.0,7.0,1.0,1.0,1.0,0.0,0.0,0.0,0.0,none,blank_wall,east_40th_street/east_to_west/17_n00578_W.jpg,east_40th_street,east_to_west,n00578,W,17,0.125,0.0,0.0,0.0,1.0,0.0,0.0,0.0,0.0425,0.33,0.0,0.12335000000000002,0.9319030889252944,7.41,0.0425,0.3075280193453472,0.21134842205929233,0.18567922566353104
1.0,7.0,1.0,1.0,3.0,7.0,3.0,3.0,1.0,0.0,0.0,0.0,3.0,none,blank_wall,east_40th_street/east_to_west/18_n00577_W.jpg,east_40th_street,east_to_west,n00577,W,18,0.125,0.0,0.0,0.3333333333333333,1.0,0.3333333333333333,0.3333333333333333,0.0,0.0425,0.5533333333333333,0.22333333333333333,0.27075,0.9074114128958652,3.5778,0.0425,0.522779099588969,0.21204620572789962,0.2569423507545666
1.0,7.0,1.0,1.0,3.0,7.0,3.0,3.0,1.0,0.0,0.0,0.0,1.0,none,blank_wall,east_40th_street/east_to_west/19_n00576_W.jpg,east_40th_street,east_to_west,n00576,W,19,0.125,0.0,0.0,0.3333333333333333,1.0,0.3333333333333333,0.3333333333333333,0.0,0.0425,0.5533333333333333,0.22333333333333333,0.27075,0.9511781081450418,7.7139,0.0425,0.5372221090211972,0.33001627434860664,0.30063866651203525
1.0,7.0,1.0,1.0,3.0,7.0,3.0,3.0,3.0,0.0,0.0,0.0,0.0,none,blank_wall,east_40th_street/east_to_west/20_n00575_W.jpg,east_40th_street,east_to_west,n00575,W,20,0.125,0.0,0.0,0.3333333333333333,1.0,0.3333333333333333,0.3333333333333333,0.3333333333333333,0.0425,0.5533333333333333,0.3333333333333333,0.30705,0.9528828132139752,4.7974,0.0425,0.5377846616939451,0.3568317031021928,0.3096734003827255
1.0,7.0,1.0,1.0,5.0,7.0,5.0,3.0,3.0,0.0,0.0,0.0,10.0,none,blank_wall,east_40th_street/east_to_west/21_n00574_W.jpg,east_40th_street,east_to_west,n00574,W,21,0.125,0.0,0.0,0.6666666666666666,1.0,0.6666666666666666,0.3333333333333333,0.3333333333333333,0.0425,0.7766666666666666,0.44333333333333336,0.41705000000000003,0.9240025558555311,5.0109,0.0425,0.7515875100989919,0.4729211616864923,0.4185378616892098
1.0,7.0,1.0,1.0,5.0,7.0,5.0,3.0,3.0,0.0,0.0,0.0,10.0,none,blank_wall,east_40th_street/east_to_west/22_n00573_W.jpg,east_40th_street,east_to_west,n00573,W,22,0.125,0.0,0.0,0.6666666666666666,1.0,0.6666666666666666,0.3333333333333333,0.3333333333333333,0.0425,0.7766666666666666,0.44333333333333336,0.41705000000000003,0.8667002245221009,0.6382,0.0425,0.73267774075896,0.3482027750281026,0.3711405702097307
1.0,7.0,1.0,1.0,5.0,7.0,5.0,3.0,3.0,0.0,0.0,0.0,10.0,none,blank_wall,east_40th_street/east_to_west/23_n00572_W.jpg,east_40th_street,east_to_west,n00572,W,23,0.125,0.0,0.0,0.6666666666666666,1.0,0.6666666666666666,0.3333333333333333,0.3333333333333333,0.0425,0.7766666666666666,0.44333333333333336,0.41705000000000003,0.8812765683049935,5.4036,0.0425,0.7374879342073145,0.484121772394007,0.4175812031784361
1.0,7.0,1.0,1.0,1.0,7.0,1.0,1.0,1.0,2.0,0.0,0.0,2.0,tree_canopy,blank_wall,east_40th_street/east_to_west/24_n00571_W.jpg,east_40th_street,east_to_west,n00571,W,24,0.125,0.0,0.0,0.0,1.0,0.0,0.0,0.0,0.0425,0.33,0.0,0.12335000000000002,0.9237587588991484,6.2082,0.0425,0.30484039043671896,0.17707061725080953,0.17348063253688442
1.0,7.0,1.0,1.0,1.0,7.0,1.0,1.0,1.0,0.0,0.0,0.0,0.0,none,blank_wall,east_40th_street/east_to_west/25_n00570_W.jpg,east_40th_street,east_to_west,n00570,W,25,0.125,0.0,0.0,0.0,1.0,0.0,0.0,0.0,0.0425,0.33,0.0,0.12335000000000002,0.9342783225918798,5.5606,0.0425,0.30831184645532034,0.15859973491267218,0.16853082185143753
1.0,7.0,1.0,1.0,1.0,7.0,1.0,1.0,1.0,2.0,0.0,0.0,0.0,tree_canopy,blank_wall,east_40th_street/east_to_west/26_n00569_W.jpg,east_40th_street,east_to_west,n00569,W,26,0.125,0.0,0.0,0.0,1.0,0.0,0.0,0.0,0.0425,0.33,0.0,0.12335000000000002,0.9545745456249692,7.4866,0.0425,0.31500960005623985,0.21353321141553278,0.188869127785685
3.0,6.0,3.0,2.0,3.0,6.0,3.0,3.0,2.0,2.0,0.0,0.0,0.0,hedge,blank_wall,east_40th_street/east_to_west/27_n00568_W.jpg,east_40th_street,east_to_west,n00568,W,27,0.3333333333333333,0.3333333333333333,0.16666666666666666,0.3333333333333333,0.8333333333333334,0.3333333333333333,0.3333333333333333,0.16666666666666666,0.2783333333333333,0.49833333333333335,0.2783333333333333,0.3509333333333333,0.9525538018684088,6.3411,0.2783333333333333,0.5376760879499083,0.3458611982618325,0.3862006377832078
3.0,6.0,3.0,2.0,4.0,6.0,3.0,4.0,3.0,1.0,0.0,0.0,0.0,tree_canopy,blank_wall,east_40th_street/east_to_west/28_n00567_W.jpg,east_40th_street,east_to_west,n00567,W,28,0.3333333333333333,0.3333333333333333,0.16666666666666666,0.5,0.8333333333333334,0.3333333333333333,0.5,0.3333333333333333,0.2783333333333333,0.555,0.39,0.4064833333333334,0.9479292141714613,5.3812,0.2783333333333333,0.5928166406765822,0.3734828783786051,0.41351217462154516
1.0,7.0,1.0,1.0,3.0,7.0,3.0,3.0,3.0,0.0,0.0,0.0,10.0,none,blank_wall,east_40th_street/east_to_west/29_n00566_W.jpg,east_40th_street,east_to_west,n00566,W,29,0.125,0.0,0.0,0.3333333333333333,1.0,0.3333333333333333,0.3333333333333333,0.3333333333333333,0.0425,0.5533333333333333,0.3333333333333333,0.30705,0.9468280070467788,7.8895,0.0425,0.5357865756587704,0.4450247470764894,0.33811773650263577
1.0,7.0,1.0,1.0,3.0,7.0,3.0,3.0,3.0,0.0,0.0,0.0,0.0,none,blank_wall,east_40th_street/east_to_west/30_n00565_W.jpg,east_40th_street,east_to_west,n00565,W,30,0.125,0.0,0.0,0.3333333333333333,1.0,0.3333333333333333,0.3333333333333333,0.3333333333333333,0.0425,0.5533333333333333,0.3333333333333333,0.30705,0.8790244189795465,1.4458,0.0425,0.5134113915965838,0.26123718604768215,0.2700840306226078
1.0,7.0,1.0,1.0,3.0,7.0,5.0,3.0,1.0,0.0,0.0,0.0,1.0,none,blank_wall,east_40th_street/east_to_west/31_n00564_W.jpg,east_40th_street,east_to_west,n00564,W,31,0.125,0.0,0.0,0.3333333333333333,1.0,0.6666666666666666,0.3333333333333333,0.0,0.0425,0.6633333333333333,0.33333333333333337,0.34335000000000004,0.9483754176327108,5.3393,0.0425,0.646297221152128,0.3722878043051524,0.35058305840090254
1.0,7.0,1.0,1.0,5.0,7.0,5.0,3.0,1.0,0.0,0.0,0.0,1.0,none,blank_wall,east_40th_street/east_to_west/32_n00563_W.jpg,east_40th_street,east_to_west,n00563,W,32,0.125,0.0,0.0,0.6666666666666666,1.0,0.6666666666666666,0.3333333333333333,0.0,0.0425,0.7766666666666666,0.33333333333333337,0.38075000000000003,0.9636591919976218,5.9492,0.0425,0.7646742000258819,0.38968340519772493,0.3953880097237903
1.0,7.0,1.0,1.0,5.0,7.0,5.0,3.0,3.0,0.0,1.0,0.0,1.0,none,blank_wall,east_40th_street/east_to_west/33_n00562_W.jpg,east_40th_street,east_to_west,n00562,W,33,0.125,0.0,0.0,0.6666666666666666,1.0,0.6666666666666666,0.3333333333333333,0.3333333333333333,0.0425,0.7766666666666666,0.44333333333333336,0.41705000000000003,0.9614558148736816,4.2507,0.0425,0.7639470855749816,0.45123869603878997,0.41546130793254465
1.0,7.0,1.0,1.0,1.0,7.0,1.0,1.0,1.0,0.0,0.0,0.0,1.0,none,blank_wall,east_40th_street/east_to_west/34_n00561_W.jpg,east_40th_street,east_to_west,n00561,W,34,0.125,0.0,0.0,0.0,1.0,0.0,0.0,0.0,0.0425,0.33,0.0,0.12335000000000002,0.9545078209920708,2.9597,0.0425,0.3149875809273834,0.08441672399040318,0.14625342062286956
1.0,7.0,1.0,1.0,1.0,7.0,1.0,1.0,1.0,0.0,0.0,0.0,0.0,none,blank_wall,east_40th_street/east_to_west/35_n00560_W.jpg,east_40th_street,east_to_west,n00560,W,35,0.125,0.0,0.0,0.0,1.0,0.0,0.0,0.0,0.0425,0.33,0.0,0.12335000000000002,0.9633117195863098,5.837,0.0425,0.3178928674634822,0.1664832307098636,0.17429411239720413
1.0,7.0,1.0,1.0,5.0,7.0,5.0,5.0,3.0,0.0,0.0,0.0,0.0,none,blank_wall,east_40th_street/east_to_west/36_n00559_W.jpg,east_40th_street,east_to_west,n00559,W,36,0.125,0.0,0.0,0.6666666666666666,1.0,0.6666666666666666,0.6666666666666666,0.3333333333333333,0.0425,0.7766666666666666,0.5566666666666666,0.45445,0.948189169879154,3.6084,0.0425,0.7595690927267875,0.4329189805882254,0.4079710641939543
1.0,7.0,1.0,1.0,1.0,7.0,1.0,1.0,1.0,0.0,0.0,0.0,0.0,none,blank_wall,east_40th_street/east_to_west/37_n00558_W.jpg,east_40th_street,east_to_west,n00558,W,37,0.125,0.0,0.0,0.0,1.0,0.0,0.0,0.0,0.0425,0.33,0.0,0.12335000000000002,0.8881758750569347,0.2845,0.0425,0.2930980387687885,0.008114524436689427,0.11385014585780771
2.0,6.0,3.0,2.0,4.0,6.0,5.0,5.0,4.0,0.0,0.0,0.0,0.0,hedge,blank_wall,east_40th_street/east_to_west/38_n00557_W.jpg,east_40th_street,east_to_west,n00557,W,38,0.25,0.3333333333333333,0.16666666666666666,0.5,0.8333333333333334,0.6666666666666666,0.6666666666666666,0.5,0.25,0.665,0.6116666666666667,0.5063000000000001,0.8817023283792335,3.0162,0.25,0.680961768365147,0.4710282200560375,0.4651566961789909
1.0,7.0,1.0,1.0,5.0,7.0,5.0,3.0,3.0,0.0,0.0,0.0,3.0,none,blank_wall,east_40th_street/east_to_west/39_n00556_W.jpg,east_40th_street,east_to_west,n00556,W,39,0.125,0.0,0.0,0.6666666666666666,1.0,0.6666666666666666,0.3333333333333333,0.3333333333333333,0.0425,0.7766666666666666,0.44333333333333336,0.41705000000000003,0.9410055168686596,3.9977,0.0425,0.7571984872333244,0.4440226163112595,0.41085296416971273
1.0,7.0,1.0,1.0,5.0,7.0,5.0,3.0,3.0,0.0,0.0,0.0,0.0,none,blank_wall,east_40th_street/east_to_west/40_n00555_W.jpg,east_40th_street,east_to_west,n00555,W,40,0.125,0.0,0.0,0.6666666666666666,1.0,0.6666666666666666,0.3333333333333333,0.3333333333333333,0.0425,0.7766666666666666,0.44333333333333336,0.41705000000000003,0.9494400277958768,0.0682,0.0425,0.759981875839306,0.33194520410046474,0.37478593638012436
1.0,7.0,1.0,1.0,1.0,7.0,1.0,1.0,1.0,0.0,0.0,0.0,0.0,none,blank_wall,east_40th_street/east_to_west/41_n00554_W.jpg,east_40th_street,east_to_west,n00554,W,41,0.125,0.0,0.0,0.0,1.0,0.0,0.0,0.0,0.0425,0.33,0.0,0.12335000000000002,0.9501734798387752,3.5903,0.0425,0.3135572483467958,0.10240273140613727,0.15171679331846794
1.0,7.0,1.0,1.0,3.0,7.0,3.0,3.0,3.0,0.0,0.0,0.0,1.0,none,blank_wall,east_40th_street/east_to_west/42_n00553_W.jpg,east_40th_street,east_to_west,n00553,W,42,0.125,0.0,0.0,0.3333333333333333,1.0,0.3333333333333333,0.3333333333333333,0.3333333333333333,0.0425,0.5533333333333333,0.3333333333333333,0.30705,0.9557042173144572,2.7768,0.0425,0.5387157250471043,0.29920004026642955,0.29096220255346616
1.0,7.0,1.0,1.0,5.0,7.0,5.0,3.0,3.0,0.0,0.0,0.0,1.0,none,blank_wall,east_40th_street/east_to_west/43_n00552_W.jpg,east_40th_street,east_to_west,n00552,W,43,0.125,0.0,0.0,0.6666666666666666,1.0,0.6666666666666666,0.3333333333333333,0.3333333333333333,0.0425,0.7766666666666666,0.44333333333333336,0.41705000000000003,0.9519333135737756,2.7315,0.0425,0.7608046601460126,0.4079079912084962,0.4001251749469879
1.0,7.0,1.0,1.0,5.0,7.0,5.0,3.0,3.0,0.0,0.0,0.0,0.0,none,blank_wall,east_40th_street/east_to_west/44_n00551_W.jpg,east_40th_street,east_to_west,n00551,W,44,0.125,0.0,0.0,0.6666666666666666,1.0,0.6666666666666666,0.3333333333333333,0.3333333333333333,0.0425,0.7766666666666666,0.44333333333333336,0.41705000000000003,0.9503562346646572,2.584,0.0425,0.7602842241060035,0.40370098820529166,0.3985651200627275
1.0,7.0,1.0,1.0,5.0,7.0,5.0,3.0,3.0,0.0,0.0,0.0,10.0,none,blank_wall,east_40th_street/east_to_west/45_n00550_W.jpg,east_40th_street,east_to_west,n00550,W,45,0.125,0.0,0.0,0.6666666666666666,1.0,0.6666666666666666,0.3333333333333333,0.3333333333333333,0.0425,0.7766666666666666,0.44333333333333336,0.41705000000000003,0.9439599237916034,3.3251,0.0425,0.7581734415178958,0.4248386826166468,0.4048440009643991
1.0,7.0,1.0,1.0,5.0,7.0,5.0,3.0,3.0,0.0,0.0,0.0,0.0,none,blank_wall,east_40th_street/east_to_west/46_n00549_W.jpg,east_40th_street,east_to_west,n00549,W,46,0.125,0.0,0.0,0.6666666666666666,1.0,0.6666666666666666,0.3333333333333333,0.3333333333333333,0.0425,0.7766666666666666,0.44333333333333336,0.41705000000000003,0.919208646817312,1.691,0.0425,0.7500055201163796,0.3782307937519923,0.3867679835765627
1.0,7.0,1.0,1.0,5.0,7.0,5.0,3.0,3.0,0.0,0.0,0.0,10.0,none,blank_wall,east_40th_street/west_to_east/01_n00549_E.jpg,east_40th_street,west_to_east,n00549,E,1,0.125,0.0,0.0,0.6666666666666666,1.0,0.6666666666666666,0.3333333333333333,0.3333333333333333,0.0425,0.7766666666666666,0.44333333333333336,0.41705000000000003,0.919208646817312,5.353,0.0425,0.7500055201163796,0.4826785564485009,0.42123574526641056
1.0,7.0,1.0,1.0,5.0,7.0,5.0,3.0,3.0,0.0,0.0,0.0,0.0,none,blank_wall,east_40th_street/west_to_east/02_n00550_E.jpg,east_40th_street,west_to_east,n00550,E,2,0.125,0.0,0.0,0.6666666666666666,1.0,0.6666666666666666,0.3333333333333333,0.3333333333333333,0.0425,0.7766666666666666,0.44333333333333336,0.41705000000000003,0.9439599237916034,6.0165,0.0425,0.7581734415178958,0.5016029394493565,0.4301762057191933
1.0,7.0,1.0,1.0,5.0,7.0,5.0,3.0,3.0,0.0,0.0,0.0,0.0,none,blank_wall,east_40th_street/west_to_east/03_n00551_E.jpg,east_40th_street,west_to_east,n00551,E,3,0.125,0.0,0.0,0.6666666666666666,1.0,0.6666666666666666,0.3333333333333333,0.3333333333333333,0.0425,0.7766666666666666,0.44333333333333336,0.41705000000000003,0.9503562346646572,1.4755,0.0425,0.7602842241060035,0.37208429105917484,0.3881316100045089
1.0,7.0,1.0,1.0,1.0,7.0,1.0,1.0,1.0,0.0,0.0,0.0,1.0,none,blank_wall,east_40th_street/west_to_east/04_n00552_E.jpg,east_40th_street,west_to_east,n00552,E,4,0.125,0.0,0.0,0.0,1.0,0.0,0.0,0.0,0.0425,0.33,0.0,0.12335000000000002,0.9519333135737756,2.9242,0.0425,0.31413799347934596,0.08340419106420818,0.14563892089937286
1.0,7.0,1.0,1.0,3.0,7.0,5.0,3.0,2.0,0.0,0.0,0.0,2.0,none,blank_wall,east_40th_street/west_to_east/05_n00553_E.jpg,east_40th_street,west_to_east,n00553,E,5,0.125,0.0,0.0,0.3333333333333333,1.0,0.6666666666666666,0.3333333333333333,0.16666666666666666,0.0425,0.6633333333333333,0.38833333333333336,0.36150000000000004,0.9557042173144572,1.0761,0.0425,0.6487157250471043,0.30569258258812476,0.3294047415196256
1.0,7.0,1.0,1.0,3.0,7.0,3.0,3.0,1.0,0.0,0.0,0.0,0.0,none,blank_wall,east_40th_street/west_to_east/06_n00554_E.jpg,east_40th_street,west_to_east,n00554,E,6,0.125,0.0,0.0,0.3333333333333333,1.0,0.3333333333333333,0.3333333333333333,0.0,0.0425,0.5533333333333333,0.22333333333333333,0.27075,0.9501734798387752,0.6436,0.0425,0.5368905816801292,0.1283567941211013,0.23398163401440605
1.0,7.0,1.0,1.0,5.0,7.0,5.0,3.0,3.0,0.0,0.0,0.0,0.0,none,blank_wall,east_40th_street/west_to_east/07_n00555_E.jpg,east_40th_street,west_to_east,n00555,E,7,0.125,0.0,0.0,0.6666666666666666,1.0,0.6666666666666666,0.3333333333333333,0.3333333333333333,0.0425,0.7766666666666666,0.44333333333333336,0.41705000000000003,0.9494400277958768,0.6421,0.0425,0.759981875839306,0.34831401103971277,0.3801876426700762
1.0,7.0,1.0,1.0,5.0,7.0,5.0,3.0,3.0,0.0,0.0,0.0,5.0,none,blank_wall,east_40th_street/west_to_east/08_n00556_E.jpg,east_40th_street,west_to_east,n00556,E,8,0.125,0.0,0.0,0.6666666666666666,1.0,0.6666666666666666,0.3333333333333333,0.3333333333333333,0.0425,0.7766666666666666,0.44333333333333336,0.41705000000000003,0.9410055168686596,4.936,0.0425,0.7571984872333244,0.4707848598224922,0.4196845045284195
1.0,7.0,1.0,1.0,5.0,7.0,5.0,3.0,3.0,0.0,0.0,0.0,3.0,none,blank_wall,east_40th_street/west_to_east/09_n00557_E.jpg,east_40th_street,west_to_east,n00557,E,9,0.125,0.0,0.0,0.6666666666666666,1.0,0.6666666666666666,0.3333333333333333,0.3333333333333333,0.0425,0.7766666666666666,0.44333333333333336,0.41705000000000003,0.8817023283792335,0.6769,0.0425,0.7376284350318136,0.34930657852792646,0.3731385544747143
1.0,7.0,1.0,1.0,1.0,7.0,1.0,1.0,1.0,0.0,0.0,1.0,1.0,none,blank_wall,east_40th_street/west_to_east/10_n00558_E.jpg,east_40th_street,west_to_east,n00558,E,10,0.125,0.0,0.0,0.0,1.0,0.0,0.0,0.0,0.0425,0.33,0.0,0.12335000000000002,0.8881758750569347,2.7498,0.0425,0.2930980387687885,0.07842994480143618,0.13705423457817414
1.0,7.0,1.0,1.0,3.0,7.0,3.0,3.0,1.0,0.0,0.0,0.0,0.0,none,blank_wall,east_40th_street/west_to_east/11_n00559_E.jpg,east_40th_street,west_to_east,n00559,E,11,0.125,0.0,0.0,0.3333333333333333,1.0,0.3333333333333333,0.3333333333333333,0.0,0.0425,0.5533333333333333,0.22333333333333333,0.27075,0.948189169879154,4.1056,0.0425,0.5362357593934542,0.2271001459658071,0.26635084876855625
1.0,7.0,1.0,1.0,1.0,7.0,1.0,1.0,1.0,0.0,0.0,0.0,0.0,none,blank_wall,east_40th_street/west_to_east/12_n00560_E.jpg,east_40th_street,west_to_east,n00560,E,12,0.125,0.0,0.0,0.0,1.0,0.0,0.0,0.0,0.0425,0.33,0.0,0.12335000000000002,0.9633117195863098,5.0875,0.0425,0.3178928674634822,0.14510595104273277,0.16723961010705096
1.0,7.0,1.0,1.0,3.0,7.0,3.0,3.0,3.0,0.0,0.0,0.0,0.0,none,blank_wall,east_40th_street/west_to_east/13_n00561_E.jpg,east_40th_street,west_to_east,n00561,E,13,0.125,0.0,0.0,0.3333333333333333,1.0,0.3333333333333333,0.3333333333333333,0.3333333333333333,0.0425,0.5533333333333333,0.3333333333333333,0.30705,0.9545078209920708,4.4833,0.0425,0.5383209142607167,0.3478729258594366,0.30689396723965057
1.0,7.0,1.0,1.0,5.0,7.0,5.0,3.0,1.0,0.0,0.0,0.0,0.0,none,blank_wall,east_40th_street/west_to_east/14_n00562_E.jpg,east_40th_street,west_to_east,n00562,E,14,0.125,0.0,0.0,0.6666666666666666,1.0,0.6666666666666666,0.3333333333333333,0.0,0.0425,0.7766666666666666,0.33333333333333337,0.38075000000000003,0.9614558148736816,6.3193,0.0425,0.7639470855749816,0.40023941747898595,0.3986315460078093
1.0,7.0,1.0,1.0,5.0,7.0,5.0,3.0,3.0,0.0,0.0,0.0,0.0,none,blank_wall,east_40th_street/west_to_east/15_n00563_E.jpg,east_40th_street,west_to_east,n00563,E,15,0.125,0.0,0.0,0.6666666666666666,1.0,0.6666666666666666,0.3333333333333333,0.3333333333333333,0.0425,0.7766666666666666,0.44333333333333336,0.41705000000000003,0.9636591919976218,4.809,0.0425,0.7646742000258819,0.4671625589315974,0.42095613045596825
1.0,7.0,1.0,1.0,3.0,7.0,3.0,3.0,1.0,0.0,0.0,0.0,0.0,none,blank_wall,east_40th_street/west_to_east/16_n00564_E.jpg,east_40th_street,west_to_east,n00564,E,16,0.125,0.0,0.0,0.3333333333333333,1.0,0.3333333333333333,0.3333333333333333,0.0,0.0425,0.5533333333333333,0.22333333333333333,0.27075,0.9483754176327108,4.5331,0.0425,0.536297221152128,0.23929332416153548,0.27039487995350897
1.0,7.0,1.0,1.0,5.0,7.0,5.0,3.0,3.0,0.0,0.0,0.0,0.0,none,blank_wall,east_40th_street/west_to_east/17_n00565_E.jpg,east_40th_street,west_to_east,n00565,E,17,0.125,0.0,0.0,0.6666666666666666,1.0,0.6666666666666666,0.3333333333333333,0.3333333333333333,0.0425,0.7766666666666666,0.44333333333333336,0.41705000000000003,0.8790244189795465,0.5509,0.0425,0.736744724929917,0.3457127996912907,0.37166098312499857
1.0,7.0,1.0,1.0,5.0,7.0,5.0,3.0,1.0,1.0,0.0,0.0,1.0,hedge,blank_wall,east_40th_street/west_to_east/18_n00566_E.jpg,east_40th_street,west_to_east,n00566,E,18,0.125,0.0,0.0,0.6666666666666666,1.0,0.6666666666666666,0.3333333333333333,0.0,0.0425,0.7766666666666666,0.33333333333333337,0.38075000000000003,0.9468280070467788,5.7074,0.0425,0.7591199089921037,0.3827867724778954,0.3912792048850997
1.0,7.0,1.0,1.0,1.0,7.0,1.0,1.0,1.0,1.0,1.0,1.0,1.0,none,blank_wall,east_40th_street/west_to_east/19_n00567_E.jpg,east_40th_street,west_to_east,n00567,E,19,0.125,0.0,0.0,0.0,1.0,0.0,0.0,0.0,0.0425,0.33,0.0,0.12335000000000002,0.9479292141714613,5.155,0.0425,0.3128166406765822,0.1470311897052162,0.16619978402599347
3.0,6.0,3.0,3.0,3.0,6.0,3.0,5.0,3.0,4.0,0.0,0.0,0.0,tree_canopy,blank_wall,east_40th_street/west_to_east/20_n00568_E.jpg,east_40th_street,west_to_east,n00568,E,20,0.3333333333333333,0.3333333333333333,0.3333333333333333,0.3333333333333333,0.8333333333333334,0.3333333333333333,0.6666666666666666,0.3333333333333333,0.3333333333333333,0.49833333333333335,0.44666666666666666,0.42518333333333336,0.9525538018684088,8.3116,0.3333333333333333,0.5376760879499083,0.45706390617921916,0.4415975313959454
1.0,7.0,1.0,1.0,1.0,7.0,1.0,1.0,1.0,0.0,0.0,0.0,0.0,none,blank_wall,east_40th_street/west_to_east/21_n00569_E.jpg,east_40th_street,west_to_east,n00569,E,21,0.125,0.0,0.0,0.0,1.0,0.0,0.0,0.0,0.0425,0.33,0.0,0.12335000000000002,0.9545745456249692,5.0718,0.0425,0.31500960005623985,0.14465815479086622,0.166140359099545
2.0,6.0,3.0,2.0,4.0,6.0,5.0,5.0,3.0,0.0,0.0,0.0,0.0,hedge,blank_wall,east_40th_street/west_to_east/22_n00570_E.jpg,east_40th_street,west_to_east,n00570,E,22,0.25,0.3333333333333333,0.16666666666666666,0.5,0.8333333333333334,0.6666666666666666,0.6666666666666666,0.3333333333333333,0.25,0.665,0.5566666666666666,0.4881500000000001,0.9342783225918798,6.7296,0.25,0.6983118464553203,0.5219420163414593,0.4876837747229373
1.0,7.0,1.0,1.0,5.0,7.0,5.0,3.0,3.0,1.0,1.0,1.0,1.0,tree_canopy,blank_wall,east_40th_street/west_to_east/23_n00571_E.jpg,east_40th_street,west_to_east,n00571,E,23,0.125,0.0,0.0,0.6666666666666666,1.0,0.6666666666666666,0.3333333333333333,0.3333333333333333,0.0425,0.7766666666666666,0.44333333333333336,0.41705000000000003,0.9237587588991484,6.1622,0.0425,0.7515070571033856,0.5057586027548949,0.4293476677532326
1.0,7.0,1.0,1.0,5.0,7.0,5.0,3.0,3.0,0.0,0.0,0.0,10.0,none,blank_wall,east_40th_street/west_to_east/24_n00572_E.jpg,east_40th_street,west_to_east,n00572,E,24,0.125,0.0,0.0,0.6666666666666666,1.0,0.6666666666666666,0.3333333333333333,0.3333333333333333,0.0425,0.7766666666666666,0.44333333333333336,0.41705000000000003,0.8812765683049935,1.1493,0.0425,0.7374879342073145,0.36278039695988457,0.3775385492851757
1.0,7.0,1.0,1.0,5.0,7.0,5.0,3.0,3.0,0.0,0.0,0.0,15.0,none,blank_wall,east_40th_street/west_to_east/25_n00573_E.jpg,east_40th_street,west_to_east,n00573,E,25,0.125,0.0,0.0,0.6666666666666666,1.0,0.6666666666666666,0.3333333333333333,0.3333333333333333,0.0425,0.7766666666666666,0.44333333333333336,0.41705000000000003,0.8667002245221009,2.7861,0.0425,0.73267774075896,0.4094652953710384,0.39135720192289947
1.0,7.0,1.0,1.0,5.0,7.0,5.0,3.0,3.0,0.0,0.0,0.0,0.0,none,blank_wall,east_40th_street/west_to_east/26_n00574_E.jpg,east_40th_street,west_to_east,n00574,E,26,0.125,0.0,0.0,0.6666666666666666,1.0,0.6666666666666666,0.3333333333333333,0.3333333333333333,0.0425,0.7766666666666666,0.44333333333333336,0.41705000000000003,0.9240025558555311,3.4694,0.0425,0.7515875100989919,0.4289544150462225,0.4040288352979208
1.0,7.0,1.0,1.0,5.0,7.0,5.0,3.0,3.0,0.0,0.0,0.0,0.0,none,blank_wall,east_40th_street/west_to_east/27_n00575_E.jpg,east_40th_street,west_to_east,n00575,E,27,0.125,0.0,0.0,0.6666666666666666,1.0,0.6666666666666666,0.3333333333333333,0.3333333333333333,0.0425,0.7766666666666666,0.44333333333333336,0.41705000000000003,0.9528828132139752,4.7961,0.0425,0.7611179950272784,0.4667946244316561,0.4196611644214484
1.0,7.0,1.0,1.0,3.0,7.0,3.0,3.0,1.0,0.0,0.0,0.0,0.0,none,blank_wall,east_40th_street/west_to_east/28_n00576_E.jpg,east_40th_street,west_to_east,n00576,E,28,0.125,0.0,0.0,0.3333333333333333,1.0,0.3333333333333333,0.3333333333333333,0.0,0.0425,0.5533333333333333,0.22333333333333333,0.27075,0.9511781081450418,8.019,0.0425,0.5372221090211972,0.3387183531030318,0.30351035250099556
3.0,6.0,3.0,2.0,4.0,6.0,5.0,5.0,3.0,0.0,0.0,0.0,0.0,hedge,blank_wall,east_40th_street/west_to_east/29_n00577_E.jpg,east_40th_street,west_to_east,n00577,E,29,0.3333333333333333,0.3333333333333333,0.16666666666666666,0.5,0.8333333333333334,0.6666666666666666,0.6666666666666666,0.3333333333333333,0.2783333333333333,0.665,0.5566666666666666,0.49778333333333336,0.9074114128958652,2.3183,0.2783333333333333,0.6894457662556356,0.3961226783886717,0.45287092006595475
1.0,7.0,1.0,1.0,1.0,7.0,1.0,1.0,1.0,0.0,0.0,0.0,0.0,none,blank_wall,east_40th_street/west_to_east/30_n00578_E.jpg,east_40th_street,west_to_east,n00578,E,30,0.125,0.0,0.0,0.0,1.0,0.0,0.0,0.0,0.0425,0.33,0.0,0.12335000000000002,0.9319030889252944,8.0928,0.0425,0.3075280193453472,0.23082328070734698,0.1921059290173891
3.0,6.0,3.0,3.0,4.0,6.0,5.0,5.0,3.0,0.0,0.0,0.0,0.0,hedge,blank_wall,east_40th_street/west_to_east/31_n00579_E.jpg,east_40th_street,west_to_east,n00579,E,31,0.3333333333333333,0.3333333333333333,0.3333333333333333,0.5,0.8333333333333334,0.6666666666666666,0.6666666666666666,0.3333333333333333,0.3333333333333333,0.665,0.5566666666666666,0.5164833333333334,0.9488077349468204,6.9037,0.3333333333333333,0.7031065525324507,0.5269077059879537,0.5192380386450668
1.0,7.0,1.0,1.0,1.0,7.0,1.0,1.0,1.0,0.0,0.0,0.0,0.0,none,blank_wall,east_40th_street/west_to_east/32_n00580_E.jpg,east_40th_street,west_to_east,n00580,E,32,0.125,0.0,0.0,0.0,1.0,0.0,0.0,0.0,0.0425,0.33,0.0,0.12335000000000002,0.9216197005485977,7.9056,0.0425,0.30413450118103724,0.22548395215005956,0.18922408959926196
2.0,6.0,3.0,2.0,4.0,6.0,5.0,5.0,3.0,2.0,0.0,0.0,1.0,tree_canopy,blank_wall,east_40th_street/west_to_east/33_n00581_E.jpg,east_40th_street,west_to_east,n00581,E,33,0.25,0.3333333333333333,0.16666666666666666,0.5,0.8333333333333334,0.6666666666666666,0.6666666666666666,0.3333333333333333,0.25,0.665,0.5566666666666666,0.4881500000000001,0.9026599800527229,4.9877,0.25,0.6878777934173985,0.47225945002768316,0.46784529033687694
1.0,7.0,1.0,1.0,1.0,7.0,1.0,1.0,1.0,0.0,0.0,0.0,0.0,none,blank_wall,east_40th_street/west_to_east/34_n00582_E.jpg,east_40th_street,west_to_east,n00582,E,34,0.125,0.0,0.0,0.0,1.0,0.0,0.0,0.0,0.0425,0.33,0.0,0.12335000000000002,0.9396905220843056,8.4143,0.0425,0.3100978722878209,0.23999312115161994,0.1959800278350155
1.0,7.0,1.0,1.0,1.0,7.0,1.0,1.0,1.0,0.0,0.0,0.0,0.0,none,blank_wall,east_40th_street/west_to_east/35_n00583_E.jpg,east_40th_street,west_to_east,n00583,E,35,0.125,0.0,0.0,0.0,1.0,0.0,0.0,0.0,0.0425,0.33,0.0,0.12335000000000002,0.8575655521756406,0.4788,0.0425,0.2829966322179614,0.01365635957921581,0.11234548729306848
1.0,7.0,1.0,1.0,1.0,7.0,1.0,1.0,1.0,0.0,0.0,0.0,0.0,none,blank_wall,east_40th_street/west_to_east/36_n00584_E.jpg,east_40th_street,west_to_east,n00584,E,36,0.125,0.0,0.0,0.0,1.0,0.0,0.0,0.0,0.0425,0.33,0.0,0.12335000000000002,0.8588249174248576,7.4353,0.0425,0.283412222750203,0.21207003003204536,0.17795914341814198
3.0,6.0,3.0,4.0,4.0,6.0,5.0,5.0,3.0,2.0,0.0,0.0,0.0,tree_canopy,blank_wall,east_40th_street/west_to_east/37_n00585_E.jpg,east_40th_street,west_to_east,n00585,E,37,0.3333333333333333,0.3333333333333333,0.5,0.5,0.8333333333333334,0.6666666666666666,0.6666666666666666,0.3333333333333333,0.3883333333333333,0.665,0.5566666666666666,0.5351833333333333,0.925620630347196,2.0858,0.3883333333333333,0.6954548080145747,0.389491300773451,0.49006554923338186
3.0,6.0,3.0,2.0,3.0,6.0,3.0,4.0,2.0,0.0,0.0,0.0,0.0,tree_canopy,blank_wall,east_40th_street/west_to_east/38_n00586_E.jpg,east_40th_street,west_to_east,n00586,E,38,0.3333333333333333,0.3333333333333333,0.16666666666666666,0.3333333333333333,0.8333333333333334,0.3333333333333333,0.5,0.16666666666666666,0.2783333333333333,0.49833333333333335,0.335,0.36963333333333337,0.91769762479794,1.2621,0.2783333333333333,0.5261735495166536,0.20099768468030133,0.3345998406183285
1.0,7.0,1.0,1.0,1.0,7.0,1.0,1.0,1.0,0.0,0.0,0.0,0.0,none,blank_wall,east_40th_street/west_to_east/39_n00587_E.jpg,east_40th_street,west_to_east,n00587,E,39,0.125,0.0,0.0,0.0,1.0,0.0,0.0,0.0,0.0425,0.33,0.0,0.12335000000000002,0.9167170370088648,6.3201,0.0425,0.30251662221292536,0.1802622351223932,0.17376702292065513
1.0,7.0,1.0,1.0,3.0,7.0,3.0,3.0,1.0,0.0,0.0,0.0,0.0,none,blank_wall,east_40th_street/west_to_east/40_n00588_E.jpg,east_40th_street,west_to_east,n00588,E,40,0.125,0.0,0.0,0.3333333333333333,1.0,0.3333333333333333,0.3333333333333333,0.0,0.0425,0.5533333333333333,0.22333333333333333,0.27075,0.9304291182155692,4.5243,0.0425,0.5303749423444712,0.23904233008405618,0.26835769990141406
1.0,7.0,1.0,1.0,1.0,7.0,1.0,1.0,1.0,2.0,0.0,0.0,0.0,tree_canopy,blank_wall,east_40th_street/west_to_east/41_n00589_E.jpg,east_40th_street,west_to_east,n00589,E,41,0.125,0.0,0.0,0.0,1.0,0.0,0.0,0.0,0.0425,0.33,0.0,0.12335000000000002,0.9362208948809774,4.1699,0.0425,0.30895289531072256,0.11893411405466169,0.15565271309057682
1.0,7.0,1.0,1.0,1.0,7.0,1.0,1.0,1.0,1.0,0.0,0.0,0.0,none,blank_wall,east_40th_street/west_to_east/42_n00590_E.jpg,east_40th_street,west_to_east,n00590,E,42,0.125,0.0,0.0,0.0,1.0,0.0,0.0,0.0,0.0425,0.33,0.0,0.12335000000000002,0.928253295820962,3.5025,0.0425,0.3063235876209175,0.09989849504219586,0.14850328727882742
1.0,7.0,1.0,1.0,1.0,7.0,1.0,1.0,1.0,0.0,0.0,0.0,0.0,none,blank_wall,east_40th_street/west_to_east/43_n00591_E.jpg,east_40th_street,west_to_east,n00591,E,43,0.125,0.0,0.0,0.0,1.0,0.0,0.0,0.0,0.0425,0.33,0.0,0.12335000000000002,0.8862520188183487,1.1929,0.0425,0.2924631662100551,0.034023958525577574,0.12219075116275879
1.0,7.0,1.0,1.0,1.0,7.0,1.0,1.0,1.0,0.0,0.0,0.0,0.0,none,blank_wall,east_40th_street/west_to_east/44_n00592_E.jpg,east_40th_street,west_to_east,n00592,E,44,0.125,0.0,0.0,0.0,1.0,0.0,0.0,0.0,0.0425,0.33,0.0,0.12335000000000002,0.8084679624090285,5.2434,0.0425,0.2667944275949794,0.14955253930171303,0.15184449907590852
1.0,7.0,1.0,1.0,1.0,7.0,1.0,1.0,1.0,0.0,0.0,0.0,0.0,none,blank_wall,east_40th_street/west_to_east/45_n00593_E.jpg,east_40th_street,west_to_east,n00593,E,45,0.125,0.0,0.0,0.0,1.0,0.0,0.0,0.0,0.0425,0.33,0.0,0.12335000000000002,0.8171847761123261,6.0191,0.0425,0.26967097611706764,0.17167709679043003,0.16009486405947423
1.0,7.0,1.0,1.0,1.0,7.0,1.0,1.0,1.0,0.0,0.0,0.0,0.0,none,blank_wall,east_40th_street/west_to_east/46_n00594_E.jpg,east_40th_street,west_to_east,n00594,E,46,0.125,0.0,0.0,0.0,1.0,0.0,0.0,0.0,0.0425,0.33,0.0,0.12335000000000002,0.6821359849562877,5.0988,0.0425,0.22510487503557494,0.14542825025585962,0.13672593134617342
3.0,6.0,3.0,3.0,3.0,6.0,3.0,3.0,3.0,0.0,0.0,0.0,1.0,hedge,blank_wall,east_41st_street/east_to_west/01_n00638_W.jpg,east_41st_street,east_to_west,n00638,W,1,0.3333333333333333,0.3333333333333333,0.3333333333333333,0.3333333333333333,0.8333333333333334,0.3333333333333333,0.3333333333333333,0.3333333333333333,0.3333333333333333,0.49833333333333335,0.3333333333333333,0.38778333333333337,0.7881987718059493,4.5998,0.3333333333333333,0.4834389280292966,0.3511957451806117,0.38876277549260313
3.0,6.0,3.0,4.0,2.0,6.0,5.0,5.0,3.0,0.0,0.0,0.0,0.0,hedge,blank_wall,east_41st_street/east_to_west/02_n00637_W.jpg,east_41st_street,east_to_west,n00637,W,2,0.3333333333333333,0.3333333333333333,0.5,0.16666666666666666,0.8333333333333334,0.6666666666666666,0.6666666666666666,0.3333333333333333,0.3883333333333333,0.5516666666666666,0.5566666666666666,0.49778333333333336,0.8283909891713649,0.11,0.3883333333333333,0.5500356930932171,0.3331374259684915,0.42348046262369715
3.0,6.0,3.0,4.0,3.0,6.0,5.0,5.0,3.0,2.0,0.0,0.0,1.0,tree_canopy,blank_wall,east_41st_street/east_to_west/03_n00636_W.jpg,east_41st_street,east_to_west,n00636,W,3,0.3333333333333333,0.3333333333333333,0.5,0.3333333333333333,0.8333333333333334,0.6666666666666666,0.6666666666666666,0.3333333333333333,0.3883333333333333,0.6083333333333334,0.5566666666666666,0.5164833333333334,0.9292662984337012,3.4979,0.3883333333333333,0.6399912118164548,0.4297672935926044,0.48505364011832286
3.0,6.0,3.0,4.0,3.0,6.0,5.0,5.0,3.0,2.0,0.0,0.0,0.0,tree_canopy,blank_wall,east_41st_street/east_to_west/04_n00635_W.jpg,east_41st_street,east_to_west,n00635,W,4,0.3333333333333333,0.3333333333333333,0.5,0.3333333333333333,0.8333333333333334,0.6666666666666666,0.6666666666666666,0.3333333333333333,0.3883333333333333,0.6083333333333334,0.5566666666666666,0.5164833333333334,0.9353222221081946,1.2025,0.3883333333333333,0.6419896666290376,0.3642977702464641,0.4641081875022489
3.0,6.0,3.0,4.0,4.0,6.0,5.0,5.0,3.0,2.0,0.0,0.0,0.0,tree_canopy,blank_wall,east_41st_street/east_to_west/05_n00634_W.jpg,east_41st_street,east_to_west,n00634,W,5,0.3333333333333333,0.3333333333333333,0.5,0.5,0.8333333333333334,0.6666666666666666,0.6666666666666666,0.3333333333333333,0.3883333333333333,0.665,0.5566666666666666,0.5351833333333333,0.9267469407693322,3.4389,0.3883333333333333,0.6958264904538796,0.42808449239132257,0.5029239576722501
3.0,6.0,3.0,4.0,4.0,6.0,5.0,5.0,3.0,2.0,0.0,0.0,0.0,tree_canopy,blank_wall,east_41st_street/east_to_west/06_n00633_W.jpg,east_41st_street,east_to_west,n00633,W,6,0.3333333333333333,0.3333333333333333,0.5,0.5,0.8333333333333334,0.6666666666666666,0.6666666666666666,0.3333333333333333,0.3883333333333333,0.665,0.5566666666666666,0.5351833333333333,0.9373423554282768,2.964,0.3883333333333333,0.6993229772913313,0.4145393688237169,0.49960790755129925
1.0,7.0,1.0,1.0,1.0,7.0,1.0,1.0,1.0,0.0,0.0,0.0,0.0,none,blank_wall,east_41st_street/east_to_west/07_n00632_W.jpg,east_41st_street,east_to_west,n00632,W,7,0.125,0.0,0.0,0.0,1.0,0.0,0.0,0.0,0.0425,0.33,0.0,0.12335000000000002,0.9399143087520484,3.636,0.0425,0.310171721888176,0.10370618928577423,0.1510297106874036
1.0,7.0,1.0,1.0,1.0,7.0,1.0,1.0,1.0,0.0,0.0,0.0,0.0,none,blank_wall,east_41st_street/east_to_west/08_n00631_W.jpg,east_41st_street,east_to_west,n00631,W,8,0.125,0.0,0.0,0.0,1.0,0.0,0.0,0.0,0.0425,0.33,0.0,0.12335000000000002,0.9407573041361088,3.9382,0.0425,0.3104499103649159,0.1123255540828482,0.15396590326776216
1.0,7.0,1.0,1.0,3.0,7.0,3.0,3.0,3.0,0.0,0.0,0.0,0.0,none,blank_wall,east_41st_street/east_to_west/09_n00630_W.jpg,east_41st_street,east_to_west,n00630,W,9,0.125,0.0,0.0,0.3333333333333333,1.0,0.3333333333333333,0.3333333333333333,0.3333333333333333,0.0425,0.5533333333333333,0.3333333333333333,0.30705,0.8738359479468396,0.2929,0.0425,0.5116991961557904,0.22835410969246514,0.2586675909299243
1.0,7.0,1.0,1.0,3.0,7.0,3.0,3.0,3.0,0.0,0.0,0.0,4.0,none,blank_wall,east_41st_street/east_to_west/10_n00629_W.jpg,east_41st_street,east_to_west,n00629,W,10,0.125,0.0,0.0,0.3333333333333333,1.0,0.3333333333333333,0.3333333333333333,0.3333333333333333,0.0425,0.5533333333333333,0.3333333333333333,0.30705,0.8797238734966938,3.9601,0.0425,0.5136422115872423,0.33295018707112056,0.2938254915572598
1.0,7.0,1.0,1.0,3.0,7.0,3.0,3.0,1.0,0.0,0.0,0.0,0.0,none,blank_wall,east_41st_street/east_to_west/11_n00628_W.jpg,east_41st_street,east_to_west,n00628,W,11,0.125,0.0,0.0,0.3333333333333333,1.0,0.3333333333333333,0.3333333333333333,0.0,0.0425,0.5533333333333333,0.22333333333333333,0.27075,0.9458098663186074,1.5086,0.0425,0.5354505892184738,0.15302837105514824,0.24164805689029525
3.0,6.0,3.0,2.0,4.0,6.0,5.0,5.0,3.0,1.0,0.0,0.0,0.0,hedge,blank_wall,east_41st_street/east_to_west/12_n00627_W.jpg,east_41st_street,east_to_west,n00627,W,12,0.3333333333333333,0.3333333333333333,0.16666666666666666,0.5,0.8333333333333334,0.6666666666666666,0.6666666666666666,0.3333333333333333,0.2783333333333333,0.665,0.5566666666666666,0.49778333333333336,0.9295193138702692,4.3011,0.2783333333333333,0.6967413735771888,0.4526762075734443,0.47394113511304226
1.0,7.0,1.0,1.0,3.0,7.0,3.0,3.0,1.0,0.0,0.0,0.0,0.0,none,blank_wall,east_41st_street/east_to_west/13_n00626_W.jpg,east_41st_street,east_to_west,n00626,W,13,0.125,0.0,0.0,0.3333333333333333,1.0,0.3333333333333333,0.3333333333333333,0.0,0.0425,0.5533333333333333,0.22333333333333333,0.27075,0.9445324543658185,2.154,0.0425,0.5350290432740534,0.17143650487391573,0.24758363088882981
3.0,6.0,2.0,3.0,4.0,6.0,5.0,5.0,3.0,0.0,0.0,0.0,0.0,hedge,blank_wall,east_41st_street/east_to_west/14_n00625_W.jpg,east_41st_street,east_to_west,n00625,W,14,0.3333333333333333,0.16666666666666666,0.3333333333333333,0.5,0.8333333333333334,0.6666666666666666,0.6666666666666666,0.3333333333333333,0.2783333333333333,0.665,0.5566666666666666,0.49778333333333336,0.9501079491071232,2.9764,0.2783333333333333,0.7035356232053507,0.4148930422965287,0.46371479294895357
1.0,7.0,1.0,1.0,5.0,7.0,5.0,3.0,2.0,0.0,0.0,0.0,0.0,none,blank_wall,east_41st_street/east_to_west/15_n00624_W.jpg,east_41st_street,east_to_west,n00624,W,15,0.125,0.0,0.0,0.6666666666666666,1.0,0.6666666666666666,0.3333333333333333,0.16666666666666666,0.0425,0.7766666666666666,0.38833333333333336,0.39890000000000003,0.9541990094876632,1.8123,0.0425,0.7615523397975955,0.32669051893361073,0.37357014338129807
1.0,7.0,1.0,1.0,1.0,7.0,1.0,1.0,1.0,0.0,0.0,0.0,4.0,none,blank_wall,east_41st_street/east_to_west/16_n00623_W.jpg,east_41st_street,east_to_west,n00623,W,16,0.125,0.0,0.0,0.0,1.0,0.0,0.0,0.0,0.0425,0.33,0.0,0.12335000000000002,0.9336854700247766,6.2881,0.0425,0.30811620510817633,0.17934952938610474,0.17531369238311276
3.0,6.0,3.0,3.0,3.0,6.0,3.0,3.0,3.0,2.0,0.0,0.0,0.0,tree_canopy,blank_wall,east_41st_street/east_to_west/17_n00622_W.jpg,east_41st_street,east_to_west,n00622,W,17,0.3333333333333333,0.3333333333333333,0.3333333333333333,0.3333333333333333,0.8333333333333334,0.3333333333333333,0.3333333333333333,0.3333333333333333,0.3333333333333333,0.49833333333333335,0.3333333333333333,0.38778333333333337,0.945124859816294,0.956,0.3333333333333333,0.5352245370727104,0.24726708387161722,0.3715555682449615
1.0,7.0,1.0,1.0,5.0,7.0,5.0,3.0,3.0,0.0,0.0,0.0,0.0,none,blank_wall,east_41st_street/east_to_west/18_n00621_W.jpg,east_41st_street,east_to_west,n00621,W,18,0.125,0.0,0.0,0.6666666666666666,1.0,0.6666666666666666,0.3333333333333333,0.3333333333333333,0.0425,0.7766666666666666,0.44333333333333336,0.41705000000000003,0.9565725714160626,0.6402,0.0425,0.7623356152339673,0.34825981913662063,0.380946493342294
1.0,7.0,1.0,1.0,5.0,7.0,5.0,3.0,3.0,0.0,0.0,0.0,10.0,none,blank_wall,east_41st_street/east_to_west/19_n00620_W.jpg,east_41st_street,east_to_west,n00620,W,19,0.125,0.0,0.0,0.6666666666666666,1.0,0.6666666666666666,0.3333333333333333,0.3333333333333333,0.0425,0.7766666666666666,0.44333333333333336,0.41705000000000003,0.9416973716965924,4.26,0.0425,0.7574267993265422,0.4515039511433988,0.41339714765508057
1.0,7.0,1.0,1.0,5.0,7.0,5.0,3.0,3.0,0.0,0.0,0.0,0.0,none,blank_wall,east_41st_street/east_to_west/20_n00619_W.jpg,east_41st_street,east_to_west,n00619,W,20,0.125,0.0,0.0,0.6666666666666666,1.0,0.6666666666666666,0.3333333333333333,0.3333333333333333,0.0425,0.7766666666666666,0.44333333333333336,0.41705000000000003,0.8987257356780256,0.9374,0.0425,0.7432461594404152,0.3567365736623995,0.37744430192392886
1.0,7.0,1.0,1.0,5.0,7.0,5.0,3.0,3.0,0.0,0.0,0.0,1.0,none,blank_wall,east_41st_street/east_to_west/21_n00618_W.jpg,east_41st_street,east_to_west,n00618,W,21,0.125,0.0,0.0,0.6666666666666666,1.0,0.6666666666666666,0.3333333333333333,0.3333333333333333,0.0425,0.7766666666666666,0.44333333333333336,0.41705000000000003,0.9577325799446824,5.298,0.0425,0.7627184180484119,0.4811098434642551,0.42491332629918016
1.0,7.0,1.0,1.0,3.0,7.0,3.0,3.0,1.0,0.0,0.0,0.0,0.0,none,blank_wall,east_41st_street/east_to_west/22_n00617_W.jpg,east_41st_street,east_to_west,n00617,W,22,0.125,0.0,0.0,0.3333333333333333,1.0,0.3333333333333333,0.3333333333333333,0.0,0.0425,0.5533333333333333,0.22333333333333333,0.27075,0.9629641599499404,4.792,0.0425,0.5411115061168137,0.24667768400919415,0.27442043274158257
1.0,7.0,1.0,1.0,3.0,7.0,3.0,3.0,1.0,0.0,0.0,0.0,2.0,none,blank_wall,east_41st_street/east_to_west/23_n00616_W.jpg,east_41st_street,east_to_west,n00616,W,23,0.125,0.0,0.0,0.3333333333333333,1.0,0.3333333333333333,0.3333333333333333,0.0,0.0425,0.5533333333333333,0.22333333333333333,0.27075,0.959358991942018,5.1573,0.0425,0.5399218006741994,0.25709679043001193,0.2774661350643897
1.0,7.0,1.0,1.0,3.0,7.0,3.0,3.0,1.0,0.0,0.0,0.0,1.0,none,blank_wall,east_41st_street/east_to_west/24_n00615_W.jpg,east_41st_street,east_to_west,n00615,W,24,0.125,0.0,0.0,0.3333333333333333,1.0,0.3333333333333333,0.3333333333333333,0.0,0.0425,0.5533333333333333,0.22333333333333333,0.27075,0.9597037269560644,7.3055,0.0425,0.5400355632288346,0.3183678673892254,0.2977231321039598
1.0,7.0,1.0,1.0,3.0,7.0,3.0,3.0,3.0,0.0,0.0,0.0,2.0,none,blank_wall,east_41st_street/east_to_west/25_n00614_W.jpg,east_41st_street,east_to_west,n00614,W,25,0.125,0.0,0.0,0.3333333333333333,1.0,0.3333333333333333,0.3333333333333333,0.3333333333333333,0.0425,0.5533333333333333,0.3333333333333333,0.30705,0.9531707618938876,5.3459,0.0425,0.5378796847583163,0.37247604986326194,0.31486739242512085
1.0,7.0,1.0,1.0,5.0,7.0,5.0,5.0,3.0,0.0,0.0,0.0,0.0,none,blank_wall,east_41st_street/east_to_west/26_n00613_W.jpg,east_41st_street,east_to_west,n00613,W,26,0.125,0.0,0.0,0.6666666666666666,1.0,0.6666666666666666,0.6666666666666666,0.3333333333333333,0.0425,0.7766666666666666,0.5566666666666666,0.45445,0.9556603202077516,3.258,0.0425,0.7620345723352246,0.422924852775867,0.4054866102866603
1.0,7.0,1.0,1.0,5.0,7.0,5.0,3.0,3.0,1.0,0.0,0.0,0.0,tree_canopy,blank_wall,east_41st_street/east_to_west/27_n00612_W.jpg,east_41st_street,east_to_west,n00612,W,27,0.125,0.0,0.0,0.6666666666666666,1.0,0.6666666666666666,0.3333333333333333,0.3333333333333333,0.0425,0.7766666666666666,0.44333333333333336,0.41705000000000003,0.9568523195479997,5.8496,0.0425,0.7624279321175065,0.49684260859352714,0.4300092784346411
1.0,7.0,1.0,1.0,5.0,7.0,5.0,3.0,3.0,0.0,0.0,0.0,5.0,none,blank_wall,east_41st_street/east_to_west/28_n00611_W.jpg,east_41st_street,east_to_west,n00611,W,28,0.125,0.0,0.0,0.6666666666666666,1.0,0.6666666666666666,0.3333333333333333,0.3333333333333333,0.0425,0.7766666666666666,0.44333333333333336,0.41705000000000003,0.8920287486669078,2.0652,0.0425,0.7410361537267462,0.3889037464557153,0.38733016706021234
1.0,7.0,1.0,1.0,5.0,7.0,5.0,3.0,3.0,0.0,0.0,0.0,0.0,none,blank_wall,east_41st_street/east_to_west/29_n00610_W.jpg,east_41st_street,east_to_west,n00610,W,29,0.125,0.0,0.0,0.6666666666666666,1.0,0.6666666666666666,0.3333333333333333,0.3333333333333333,0.0425,0.7766666666666666,0.44333333333333336,0.41705000000000003,0.9490779630500096,1.1656,0.0425,0.7598623944731698,0.36324530644430647,0.3850755413027672
1.0,7.0,1.0,1.0,5.0,7.0,5.0,3.0,3.0,0.0,0.0,0.0,0.0,none,blank_wall,east_41st_street/east_to_west/30_n00609_W.jpg,east_41st_street,east_to_west,n00609,W,30,0.125,0.0,0.0,0.6666666666666666,1.0,0.6666666666666666,0.3333333333333333,0.3333333333333333,0.0425,0.7766666666666666,0.44333333333333336,0.41705000000000003,0.9582610649307002,3.55,0.0425,0.7628928180937977,0.431253292619499,0.408518216535388
1.0,7.0,1.0,1.0,3.0,7.0,3.0,3.0,1.0,0.0,0.0,0.0,0.0,none,blank_wall,east_41st_street/east_to_west/31_n00608_W.jpg,east_41st_street,east_to_west,n00608,W,31,0.125,0.0,0.0,0.3333333333333333,1.0,0.3333333333333333,0.3333333333333333,0.0,0.0425,0.5533333333333333,0.22333333333333333,0.27075,0.9560830330773274,3.9746,0.0425,0.5388407342488515,0.2233637568578763,0.26597748206522015
1.0,7.0,1.0,1.0,5.0,7.0,5.0,3.0,3.0,0.0,0.0,0.0,0.0,none,blank_wall,east_41st_street/east_to_west/32_n00607_W.jpg,east_41st_street,east_to_west,n00607,W,32,0.125,0.0,0.0,0.6666666666666666,1.0,0.6666666666666666,0.3333333333333333,0.3333333333333333,0.0425,0.7766666666666666,0.44333333333333336,0.41705000000000003,0.9581233380238092,2.939,0.0425,0.7628473682145237,0.4138263174672416,0.40275231627498254
1.0,7.0,1.0,1.0,5.0,7.0,5.0,3.0,3.0,0.0,0.0,0.0,0.0,none,blank_wall,east_41st_street/east_to_west/33_n00606_W.jpg,east_41st_street,east_to_west,n00606,W,33,0.125,0.0,0.0,0.6666666666666666,1.0,0.6666666666666666,0.3333333333333333,0.3333333333333333,0.0425,0.7766666666666666,0.44333333333333336,0.41705000000000003,0.9581100042980896,0.9613,0.0425,0.7628429680850362,0.35741825075919,0.3841362022185947
1.0,7.0,1.0,1.0,5.0,7.0,5.0,3.0,3.0,0.0,0.0,0.0,0.0,none,blank_wall,east_41st_street/east_to_west/34_n00605_W.jpg,east_41st_street,east_to_west,n00605,W,34,0.125,0.0,0.0,0.6666666666666666,1.0,0.6666666666666666,0.3333333333333333,0.3333333333333333,0.0425,0.7766666666666666,0.44333333333333336,0.41705000000000003,0.9587036065845672,1.9733,0.0425,0.7630388568395738,0.38628256966931196,0.39372607074793237
1.0,7.0,1.0,1.0,5.0,7.0,5.0,3.0,1.0,0.0,0.0,0.0,0.0,none,blank_wall,east_41st_street/east_to_west/35_n00604_W.jpg,east_41st_street,east_to_west,n00604,W,35,0.125,0.0,0.0,0.6666666666666666,1.0,0.6666666666666666,0.3333333333333333,0.0,0.0425,0.7766666666666666,0.33333333333333337,0.38075000000000003,0.9015328614882584,5.1396,0.0425,0.7441725109577919,0.3665919500696274,0.3810022721390484
1.0,7.0,1.0,1.0,5.0,7.0,5.0,3.0,3.0,0.0,0.0,0.0,0.0,none,blank_wall,east_41st_street/east_to_west/36_n00603_W.jpg,east_41st_street,east_to_west,n00603,W,36,0.125,0.0,0.0,0.6666666666666666,1.0,0.6666666666666666,0.3333333333333333,0.3333333333333333,0.0425,0.7766666666666666,0.44333333333333336,0.41705000000000003,0.9469095892536378,3.5959,0.0425,0.7591468311203671,0.43256245490998774,0.4077140643900171
1.0,7.0,1.0,1.0,5.0,7.0,5.0,3.0,5.0,0.0,0.0,1.0,0.0,none,blank_wall,east_41st_street/east_to_west/37_n00602_W.jpg,east_41st_street,east_to_west,n00602,W,37,0.125,0.0,0.0,0.6666666666666666,1.0,0.6666666666666666,0.3333333333333333,0.6666666666666666,0.0425,0.7766666666666666,0.5533333333333333,0.45335000000000003,0.9265830801495342,7.818,0.0425,0.7524390831160129,0.6629854201969699,0.48154008609328436
2.0,6.0,3.0,2.0,4.0,6.0,5.0,4.0,3.0,0.0,0.0,0.0,0.0,hedge,blank_wall,east_41st_street/east_to_west/38_n00601_W.jpg,east_41st_street,east_to_west,n00601,W,38,0.25,0.3333333333333333,0.16666666666666666,0.5,0.8333333333333334,0.6666666666666666,0.5,0.3333333333333333,0.25,0.665,0.5,0.46945000000000003,0.9625393781147024,3.8686,0.25,0.7076379947778518,0.4403404191064208,0.46383287658181
3.0,6.0,3.0,2.0,4.0,6.0,5.0,5.0,4.0,0.0,0.0,0.0,1.0,hedge,shopfront,east_41st_street/east_to_west/39_n00600_W.jpg,east_41st_street,east_to_west,n00600,W,39,0.3333333333333333,0.3333333333333333,0.16666666666666666,0.5,0.8333333333333334,0.6666666666666666,0.6666666666666666,0.5,0.2783333333333333,0.665,0.6116666666666667,0.5159333333333334,0.963459447718267,4.6491,0.2783333333333333,0.7079416177470281,0.5176018824555811,0.4990626884001944
1.0,7.0,1.0,1.0,5.0,7.0,5.0,3.0,2.0,0.0,0.0,0.0,0.0,none,blank_wall,east_41st_street/east_to_west/40_n00599_W.jpg,east_41st_street,east_to_west,n00599,W,40,0.125,0.0,0.0,0.6666666666666666,1.0,0.6666666666666666,0.3333333333333333,0.16666666666666666,0.0425,0.7766666666666666,0.38833333333333336,0.39890000000000003,0.9647500554270244,3.6679,0.0425,0.7650341849575848,0.37961604281663675,0.39218457516549315
1.0,7.0,1.0,1.0,5.0,7.0,5.0,3.0,1.0,0.0,0.0,0.0,0.0,none,blank_wall,east_41st_street/east_to_west/41_n00598_W.jpg,east_41st_street,east_to_west,n00598,W,41,0.125,0.0,0.0,0.6666666666666666,1.0,0.6666666666666666,0.3333333333333333,0.0,0.0425,0.7766666666666666,0.33333333333333337,0.38075000000000003,0.9550188246155392,1.9748,0.0425,0.7618228787897946,0.27632535275070047,0.35703891640836344
1.0,7.0,1.0,1.0,3.0,7.0,5.0,3.0,3.0,0.0,0.0,0.0,0.0,none,blank_wall,east_41st_street/east_to_west/42_n00597_W.jpg,east_41st_street,east_to_west,n00597,W,42,0.125,0.0,0.0,0.3333333333333333,1.0,0.6666666666666666,0.3333333333333333,0.3333333333333333,0.0425,0.6633333333333333,0.44333333333333336,0.37965000000000004,0.9519616036195206,2.9737,0.0425,0.6474806625277751,0.4148160327500294,0.3650079094416755
1.0,7.0,1.0,1.0,5.0,7.0,5.0,3.0,3.0,0.0,0.0,0.0,0.0,none,blank_wall,east_41st_street/east_to_west/43_n00596_W.jpg,east_41st_street,east_to_west,n00596,W,43,0.125,0.0,0.0,0.6666666666666666,1.0,0.6666666666666666,0.3333333333333333,0.3333333333333333,0.0425,0.7766666666666666,0.44333333333333336,0.41705000000000003,0.9106808455552936,0.8446,0.0425,0.7471913456999135,0.35408972702716307,0.3778727539999353
1.0,7.0,1.0,1.0,5.0,7.0,5.0,3.0,3.0,0.0,0.0,0.0,0.0,none,blank_wall,east_41st_street/east_to_west/44_n00595_W.jpg,east_41st_street,east_to_west,n00595,W,44,0.125,0.0,0.0,0.6666666666666666,1.0,0.6666666666666666,0.3333333333333333,0.3333333333333333,0.0425,0.7766666666666666,0.44333333333333336,0.41705000000000003,0.9003839698002551,5.4935,0.0425,0.7437933767007509,0.48668590507189236,0.4205081629849723
1.0,7.0,1.0,1.0,5.0,7.0,5.0,3.0,3.0,0.0,0.0,0.0,10.0,none,blank_wall,east_41st_street/west_to_east/01_n00595_E.jpg,east_41st_street,west_to_east,n00595,E,1,0.125,0.0,0.0,0.6666666666666666,1.0,0.6666666666666666,0.3333333333333333,0.3333333333333333,0.0425,0.7766666666666666,0.44333333333333336,0.41705000000000003,0.9003839698002551,1.0173,0.0425,0.7437933767007509,0.35901548579769477,0.3783769246244871
1.0,7.0,1.0,1.0,5.0,7.0,5.0,3.0,3.0,0.0,0.0,0.0,5.0,none,blank_wall,east_41st_street/west_to_east/02_n00596_E.jpg,east_41st_street,west_to_east,n00596,E,2,0.125,0.0,0.0,0.6666666666666666,1.0,0.6666666666666666,0.3333333333333333,0.3333333333333333,0.0425,0.7766666666666666,0.44333333333333336,0.41705000000000003,0.9106808455552936,3.7781,0.0425,0.7471913456999135,0.43775917319598,0.4054836712356449
3.0,6.0,3.0,4.0,5.0,6.0,5.0,4.0,3.0,0.0,0.0,0.0,0.0,hedge,shopfront,east_41st_street/west_to_east/03_n00597_E.jpg,east_41st_street,west_to_east,n00597,E,3,0.3333333333333333,0.3333333333333333,0.5,0.6666666666666666,0.8333333333333334,0.6666666666666666,0.5,0.3333333333333333,0.3883333333333333,0.7216666666666667,0.5,0.5351833333333333,0.9519616036195206,2.393,0.3883333333333333,0.7608139958611084,0.39825327584182,0.5145255329952998
1.0,7.0,1.0,1.0,5.0,7.0,5.0,3.0,3.0,0.0,0.0,0.0,0.0,none,blank_wall,east_41st_street/west_to_east/04_n00598_E.jpg,east_41st_street,west_to_east,n00598,E,4,0.125,0.0,0.0,0.6666666666666666,1.0,0.6666666666666666,0.3333333333333333,0.3333333333333333,0.0425,0.7766666666666666,0.44333333333333336,0.41705000000000003,0.9550188246155392,4.6024,0.0425,0.7618228787897946,0.46126990252168515,0.41807061783278837
1.0,7.0,1.0,1.0,5.0,7.0,5.0,3.0,2.0,0.0,0.0,0.0,0.0,none,blank_wall,east_41st_street/west_to_east/05_n00599_E.jpg,east_41st_street,west_to_east,n00599,E,5,0.125,0.0,0.0,0.6666666666666666,1.0,0.6666666666666666,0.3333333333333333,0.16666666666666666,0.0425,0.7766666666666666,0.38833333333333336,0.39890000000000003,0.9647500554270244,5.9593,0.0425,0.7650341849575848,0.444971477945741,0.41375186875809755
1.0,7.0,1.0,1.0,5.0,7.0,5.0,3.0,3.0,0.0,0.0,0.0,0.0,none,blank_wall,east_41st_street/west_to_east/06_n00600_E.jpg,east_41st_street,west_to_east,n00600,E,6,0.125,0.0,0.0,0.6666666666666666,1.0,0.6666666666666666,0.3333333333333333,0.3333333333333333,0.0425,0.7766666666666666,0.44333333333333336,0.41705000000000003,0.963459447718267,1.3603,0.0425,0.7646082844136948,0.3687985504085365,0.3884742554913363
1.0,7.0,1.0,1.0,3.0,7.0,3.0,3.0,3.0,0.0,0.0,0.0,0.0,none,blank_wall,east_41st_street/west_to_east/07_n00601_E.jpg,east_41st_street,west_to_east,n00601,E,7,0.125,0.0,0.0,0.3333333333333333,1.0,0.3333333333333333,0.3333333333333333,0.3333333333333333,0.0425,0.5533333333333333,0.3333333333333333,0.30705,0.9625393781147024,5.7524,0.0425,0.5409713281111852,0.38407026491955104,0.31971372570014295
1.0,7.0,1.0,1.0,5.0,7.0,5.0,3.0,3.0,0.0,0.0,0.0,0.0,none,blank_wall,east_41st_street/west_to_east/08_n00602_E.jpg,east_41st_street,west_to_east,n00602,E,8,0.125,0.0,0.0,0.6666666666666666,1.0,0.6666666666666666,0.3333333333333333,0.3333333333333333,0.0425,0.7766666666666666,0.44333333333333336,0.41705000000000003,0.9265830801495342,5.1813,0.0425,0.7524390831160129,0.47778131973222826,0.4204227329399196
1.0,7.0,1.0,1.0,1.0,7.0,1.0,1.0,1.0,0.0,0.0,0.0,0.0,none,blank_wall,east_41st_street/west_to_east/09_n00603_E.jpg,east_41st_street,west_to_east,n00603,E,9,0.125,0.0,0.0,0.0,1.0,0.0,0.0,0.0,0.0425,0.33,0.0,0.12335000000000002,0.9469095892536378,5.2282,0.0425,0.31248016445370047,0.149119004076976,0.16677772561512325
1.0,7.0,1.0,1.0,5.0,7.0,5.0,3.0,3.0,0.0,0.0,0.0,10.0,none,blank_wall,east_41st_street/west_to_east/10_n00604_E.jpg,east_41st_street,west_to_east,n00604,E,10,0.125,0.0,0.0,0.6666666666666666,1.0,0.6666666666666666,0.3333333333333333,0.3333333333333333,0.0425,0.7766666666666666,0.44333333333333336,0.41705000000000003,0.9015328614882584,6.5077,0.0425,0.7441725109577919,0.5156129725013842,0.4301792095415281
1.0,7.0,1.0,1.0,5.0,7.0,5.0,3.0,3.0,0.0,0.0,0.0,0.0,none,blank_wall,east_41st_street/west_to_east/11_n00605_E.jpg,east_41st_street,west_to_east,n00605,E,11,0.125,0.0,0.0,0.6666666666666666,1.0,0.6666666666666666,0.3333333333333333,0.3333333333333333,0.0425,0.7766666666666666,0.44333333333333336,0.41705000000000003,0.9587036065845672,1.5414,0.0425,0.7630388568395738,0.3739638944348439,0.3896609079205579
1.0,7.0,1.0,1.0,5.0,7.0,5.0,3.0,3.0,0.0,0.0,0.0,0.0,none,blank_wall,east_41st_street/west_to_east/12_n00606_E.jpg,east_41st_street,west_to_east,n00606,E,12,0.125,0.0,0.0,0.6666666666666666,1.0,0.6666666666666666,0.3333333333333333,0.3333333333333333,0.0425,0.7766666666666666,0.44333333333333336,0.41705000000000003,0.9581100042980896,0.3666,0.0425,0.7628429680850362,0.34045618509135445,0.3785387205482089
1.0,7.0,1.0,1.0,5.0,7.0,5.0,3.0,3.0,0.0,0.0,0.0,0.0,none,blank_wall,east_41st_street/west_to_east/13_n00607_E.jpg,east_41st_street,west_to_east,n00607,E,13,0.125,0.0,0.0,0.6666666666666666,1.0,0.6666666666666666,0.3333333333333333,0.3333333333333333,0.0425,0.7766666666666666,0.44333333333333336,0.41705000000000003,0.9581233380238092,1.3757,0.0425,0.7628473682145237,0.36923779004412527,0.3880381022253542
1.0,7.0,1.0,1.0,5.0,7.0,5.0,3.0,3.0,0.0,0.0,0.0,0.0,none,blank_wall,east_41st_street/west_to_east/14_n00608_E.jpg,east_41st_street,west_to_east,n00608,E,14,0.125,0.0,0.0,0.6666666666666666,1.0,0.6666666666666666,0.3333333333333333,0.3333333333333333,0.0425,0.7766666666666666,0.44333333333333336,0.41705000000000003,0.9560830330773274,3.9268,0.0425,0.7621740675821848,0.4420004026642954,0.4118275751813385
1.0,7.0,1.0,1.0,5.0,7.0,5.0,3.0,3.0,0.0,0.0,0.0,0.0,none,blank_wall,east_41st_street/west_to_east/15_n00609_E.jpg,east_41st_street,west_to_east,n00609,E,15,0.125,0.0,0.0,0.6666666666666666,1.0,0.6666666666666666,0.3333333333333333,0.3333333333333333,0.0425,0.7766666666666666,0.44333333333333336,0.41705000000000003,0.9582610649307002,1.5484,0.0425,0.7628928180937977,0.37416354881465697,0.3896786010797901
1.0,7.0,1.0,1.0,5.0,7.0,5.0,3.0,3.0,0.0,0.0,0.0,1.0,none,blank_wall,east_41st_street/west_to_east/16_n00610_E.jpg,east_41st_street,west_to_east,n00610,E,16,0.125,0.0,0.0,0.6666666666666666,1.0,0.6666666666666666,0.3333333333333333,0.3333333333333333,0.0425,0.7766666666666666,0.44333333333333336,0.41705000000000003,0.9490779630500096,3.727,0.0425,0.7598623944731698,0.43630169622334447,0.40918414992984975
1.0,7.0,1.0,1.0,5.0,7.0,5.0,3.0,3.0,0.0,0.0,0.0,0.0,none,blank_wall,east_41st_street/west_to_east/17_n00611_E.jpg,east_41st_street,west_to_east,n00611,E,17,0.125,0.0,0.0,0.6666666666666666,1.0,0.6666666666666666,0.3333333333333333,0.3333333333333333,0.0425,0.7766666666666666,0.44333333333333336,0.41705000000000003,0.8920287486669078,0.703,0.0425,0.7410361537267462,0.3500510041440867,0.37450876209737494
1.0,7.0,1.0,1.0,5.0,7.0,5.0,5.0,3.0,0.0,0.0,0.0,0.0,none,blank_wall,east_41st_street/west_to_east/18_n00612_E.jpg,east_41st_street,west_to_east,n00612,E,18,0.125,0.0,0.0,0.6666666666666666,1.0,0.6666666666666666,0.6666666666666666,0.3333333333333333,0.0425,0.7766666666666666,0.5566666666666666,0.45445,0.9568523195479997,5.3427,0.0425,0.7624279321175065,0.4823847792896331,0.4252381947643561
1.0,7.0,1.0,1.0,1.0,7.0,1.0,1.0,1.0,1.0,0.0,0.0,0.0,none,blank_wall,east_41st_street/west_to_east/19_n00613_E.jpg,east_41st_street,west_to_east,n00613,E,19,0.125,0.0,0.0,0.0,1.0,0.0,0.0,0.0,0.0425,0.33,0.0,0.12335000000000002,0.9556603202077516,5.9815,0.0425,0.31536790566855805,0.1706046675502911,0.17482094916222024
1.0,7.0,1.0,1.0,5.0,7.0,5.0,5.0,1.0,0.0,0.0,0.0,1.0,none,blank_wall,east_41st_street/west_to_east/20_n00614_E.jpg,east_41st_street,west_to_east,n00614,E,20,0.125,0.0,0.0,0.6666666666666666,1.0,0.6666666666666666,0.6666666666666666,0.0,0.0425,0.7766666666666666,0.44666666666666666,0.41815,0.9531707618938876,4.4898,0.0425,0.7612130180916497,0.3480583192121202,0.3805095413102441
1.0,7.0,1.0,1.0,1.0,7.0,1.0,1.0,1.0,0.0,0.0,0.0,1.0,none,blank_wall,east_41st_street/west_to_east/21_n00615_E.jpg,east_41st_street,west_to_east,n00615,E,21,0.125,0.0,0.0,0.0,1.0,0.0,0.0,0.0,0.0425,0.33,0.0,0.12335000000000002,0.9597037269560644,7.5688,0.0425,0.3167022298955013,0.2158777242756237,0.19020138487647126
3.0,6.0,3.0,4.0,4.0,6.0,5.0,5.0,3.0,2.0,0.0,0.0,10.0,tree_canopy,blank_wall,east_41st_street/west_to_east/22_n00616_E.jpg,east_41st_street,west_to_east,n00616,E,22,0.3333333333333333,0.3333333333333333,0.5,0.5,0.8333333333333334,0.6666666666666666,0.6666666666666666,0.3333333333333333,0.3883333333333333,0.665,0.5566666666666666,0.5351833333333333,0.959358991942018,4.4241,0.3883333333333333,0.706588467340866,0.456184420247303,0.515748386237429
1.0,7.0,1.0,1.0,5.0,7.0,5.0,3.0,3.0,0.0,0.0,0.0,0.0,none,blank_wall,east_41st_street/west_to_east/23_n00617_E.jpg,east_41st_street,west_to_east,n00617,E,23,0.125,0.0,0.0,0.6666666666666666,1.0,0.6666666666666666,0.3333333333333333,0.3333333333333333,0.0425,0.7766666666666666,0.44333333333333336,0.41705000000000003,0.9629641599499404,3.3715,0.0425,0.7644448394501471,0.42616210593426507,0.407350291976856
1.0,7.0,1.0,1.0,5.0,7.0,5.0,3.0,3.0,0.0,0.0,0.0,0.0,none,blank_wall,east_41st_street/west_to_east/24_n00618_E.jpg,east_41st_street,west_to_east,n00618,E,24,0.125,0.0,0.0,0.6666666666666666,1.0,0.6666666666666666,0.3333333333333333,0.3333333333333333,0.0425,0.7766666666666666,0.44333333333333336,0.41705000000000003,0.9577325799446824,6.0333,0.0425,0.7627184180484119,0.502082109960908,0.4318341742430756
1.0,7.0,1.0,1.0,5.0,7.0,5.0,3.0,3.0,0.0,0.0,0.0,3.0,none,blank_wall,east_41st_street/west_to_east/25_n00619_E.jpg,east_41st_street,west_to_east,n00619,E,25,0.125,0.0,0.0,0.6666666666666666,1.0,0.6666666666666666,0.3333333333333333,0.3333333333333333,0.0425,0.7766666666666666,0.44333333333333336,0.41705000000000003,0.8987257356780256,2.4331,0.0425,0.7432461594404152,0.3993970102176065,0.39152224598714713
1.0,7.0,1.0,1.0,5.0,7.0,5.0,3.0,2.0,0.0,0.0,0.0,0.0,none,blank_wall,east_41st_street/west_to_east/26_n00620_E.jpg,east_41st_street,west_to_east,n00620,E,26,0.125,0.0,0.0,0.6666666666666666,1.0,0.6666666666666666,0.3333333333333333,0.16666666666666666,0.0425,0.7766666666666666,0.38833333333333336,0.39890000000000003,0.9416973716965924,2.3055,0.0425,0.7574267993265422,0.34075759609415635,0.37685085048883055
1.0,7.0,1.0,1.0,1.0,7.0,1.0,1.0,1.0,2.0,0.0,0.0,3.0,tree_canopy,blank_wall,east_41st_street/west_to_east/27_n00621_E.jpg,east_41st_street,west_to_east,n00621,E,27,0.125,0.0,0.0,0.0,1.0,0.0,0.0,0.0,0.0425,0.33,0.0,0.12335000000000002,0.9565725714160626,3.172,0.0425,0.31566894856730066,0.09047195610959181,0.14847649854337452
3.0,6.0,3.0,3.0,4.0,6.0,4.0,4.0,3.0,2.0,0.0,0.0,1.0,tree_canopy,blank_wall,east_41st_street/west_to_east/28_n00622_E.jpg,east_41st_street,west_to_east,n00622,E,28,0.3333333333333333,0.3333333333333333,0.3333333333333333,0.5,0.8333333333333334,0.5,0.5,0.3333333333333333,0.3333333333333333,0.6100000000000001,0.445,0.46148333333333336,0.945124859816294,0.8783,0.3333333333333333,0.6468912037393771,0.30005092025569186,0.4258242342517061
3.0,6.0,3.0,2.0,4.0,6.0,5.0,5.0,4.0,0.0,0.0,0.0,0.0,hedge,blank_wall,east_41st_street/west_to_east/29_n00623_E.jpg,east_41st_street,west_to_east,n00623,E,29,0.3333333333333333,0.3333333333333333,0.16666666666666666,0.5,0.8333333333333334,0.6666666666666666,0.6666666666666666,0.5,0.2783333333333333,0.665,0.6116666666666667,0.5159333333333334,0.9336854700247766,2.224,0.2783333333333333,0.6981162051081763,0.4484330486720467,0.4729945870808069
1.0,7.0,1.0,1.0,3.0,7.0,5.0,3.0,2.0,0.0,0.0,0.0,0.0,none,blank_wall,east_41st_street/west_to_east/30_n00624_E.jpg,east_41st_street,west_to_east,n00624,E,30,0.125,0.0,0.0,0.3333333333333333,1.0,0.6666666666666666,0.3333333333333333,0.16666666666666666,0.0425,0.6633333333333333,0.38833333333333336,0.36150000000000004,0.9541990094876632,5.307,0.0425,0.6482190064642622,0.42636654195258633,0.36906323097756
1.0,7.0,1.0,1.0,3.0,7.0,3.0,3.0,1.0,0.0,0.0,0.0,1.0,none,blank_wall,east_41st_street/west_to_east/31_n00625_E.jpg,east_41st_street,west_to_east,n00625,E,31,0.125,0.0,0.0,0.3333333333333333,1.0,0.3333333333333333,0.3333333333333333,0.0,0.0425,0.5533333333333333,0.22333333333333333,0.27075,0.9501079491071232,4.131,0.0425,0.536868956538684,0.22782460614398606,0.26679887568528116
1.0,7.0,1.0,1.0,3.0,7.0,5.0,3.0,2.0,0.0,0.0,0.0,1.0,none,blank_wall,east_41st_street/west_to_east/32_n00626_E.jpg,east_41st_street,west_to_east,n00626,E,32,0.125,0.0,0.0,0.3333333333333333,1.0,0.6666666666666666,0.3333333333333333,0.16666666666666666,0.0425,0.6633333333333333,0.38833333333333336,0.36150000000000004,0.9445324543658185,3.0428,0.0425,0.6450290432740534,0.3617869066993272,0.3466992634912156
1.0,7.0,1.0,1.0,5.0,7.0,5.0,3.0,2.0,0.0,0.0,0.0,0.0,none,blank_wall,east_41st_street/west_to_east/33_n00627_E.jpg,east_41st_street,west_to_east,n00627,E,33,0.125,0.0,0.0,0.6666666666666666,1.0,0.6666666666666666,0.3333333333333333,0.16666666666666666,0.0425,0.7766666666666666,0.38833333333333336,0.39890000000000003,0.9295193138702692,6.3826,0.0425,0.7534080402438554,0.45704486351358153,0.4138994582399542
1.0,7.0,1.0,1.0,3.0,7.0,3.0,3.0,3.0,0.0,0.0,0.0,1.0,none,blank_wall,east_41st_street/west_to_east/34_n00628_E.jpg,east_41st_street,west_to_east,n00628,E,34,0.125,0.0,0.0,0.3333333333333333,1.0,0.3333333333333333,0.3333333333333333,0.3333333333333333,0.0425,0.5533333333333333,0.3333333333333333,0.30705,0.9458098663186074,3.7559,0.0425,0.5354505892184738,0.32712598359142997,0.2991002690272682
1.0,7.0,1.0,1.0,3.0,7.0,3.0,3.0,1.0,0.0,0.0,0.0,0.0,none,blank_wall,east_41st_street/west_to_east/35_n00629_E.jpg,east_41st_street,west_to_east,n00629,E,35,0.125,0.0,0.0,0.3333333333333333,1.0,0.3333333333333333,0.3333333333333333,0.0,0.0425,0.5533333333333333,0.22333333333333333,0.27075,0.8797238734966938,0.516,0.0425,0.5136422115872423,0.12471737999765113,0.22510866522301484
1.0,7.0,1.0,1.0,1.0,7.0,1.0,1.0,1.0,0.0,0.0,0.0,1.0,none,blank_wall,east_41st_street/west_to_east/36_n00630_E.jpg,east_41st_street,west_to_east,n00630,E,36,0.125,0.0,0.0,0.0,1.0,0.0,0.0,0.0,0.0425,0.33,0.0,0.12335000000000002,0.8738359479468396,6.3507,0.0425,0.2883658628224571,0.181135009982719,0.16938528802570813
1.0,7.0,1.0,1.0,1.0,7.0,1.0,1.0,1.0,0.0,0.0,0.0,0.0,none,blank_wall,east_41st_street/west_to_east/37_n00631_E.jpg,east_41st_street,west_to_east,n00631,E,37,0.125,0.0,0.0,0.0,1.0,0.0,0.0,0.0,0.0425,0.33,0.0,0.12335000000000002,0.9407573041361088,4.5062,0.0425,0.3104499103649159,0.12852608090196802,0.15931207711807172
1.0,7.0,1.0,1.0,1.0,7.0,1.0,1.0,1.0,0.0,0.0,0.0,0.0,none,blank_wall,east_41st_street/west_to_east/38_n00632_E.jpg,east_41st_street,west_to_east,n00632,E,38,0.125,0.0,0.0,0.0,1.0,0.0,0.0,0.0,0.0425,0.33,0.0,0.12335000000000002,0.9399143087520484,2.9683,0.0425,0.310171721888176,0.08466201365703069,0.1447451327299182
3.0,6.0,3.0,3.0,3.0,6.0,3.0,3.0,,1.0,0.0,0.0,0.0,tree_canopy,blank_wall,east_41st_street/west_to_east/39_n00633_E.jpg,east_41st_street,west_to_east,n00633,E,39,0.3333333333333333,0.3333333333333333,0.3333333333333333,0.3333333333333333,0.8333333333333334,0.3333333333333333,0.3333333333333333,,0.3333333333333333,0.49833333333333335,,,0.9373423554282768,3.0755,0.3333333333333333,0.5326563106246647,,
3.0,6.0,3.0,3.0,3.0,6.0,3.0,3.0,,0.0,0.0,0.0,0.0,hedge,blank_wall,east_41st_street/west_to_east/40_n00634_E.jpg,east_41st_street,west_to_east,n00634,E,40,0.3333333333333333,0.3333333333333333,0.3333333333333333,0.3333333333333333,0.8333333333333334,0.3333333333333333,0.3333333333333333,,0.3333333333333333,0.49833333333333335,,,0.9267469407693322,5.1497,0.3333333333333333,0.5291598237872129,,
1.0,7.0,1.0,1.0,1.0,7.0,1.0,1.0,1.0,0.0,0.0,0.0,0.0,none,blank_wall,east_41st_street/west_to_east/41_n00635_E.jpg,east_41st_street,west_to_east,n00635,E,41,0.125,0.0,0.0,0.0,1.0,0.0,0.0,0.0,0.0425,0.33,0.0,0.12335000000000002,0.9353222221081946,1.713,0.0425,0.30865633329570424,0.04885827894569066,0.13242982203966033
1.0,7.0,1.0,1.0,1.0,7.0,1.0,1.0,1.0,0.0,0.0,0.0,1.0,none,blank_wall,east_41st_street/west_to_east/42_n00636_E.jpg,east_41st_street,west_to_east,n00636,E,42,0.125,0.0,0.0,0.0,1.0,0.0,0.0,0.0,0.0425,0.33,0.0,0.12335000000000002,0.9292662984337012,3.6359,0.0425,0.3066578784831214,0.1037033370803483,0.149869201135945
1.0,7.0,1.0,1.0,1.0,7.0,1.0,1.0,1.0,0.0,0.0,0.0,0.0,none,blank_wall,east_41st_street/west_to_east/43_n00637_E.jpg,east_41st_street,west_to_east,n00637,E,43,0.125,0.0,0.0,0.0,1.0,0.0,0.0,0.0,0.0425,0.33,0.0,0.12335000000000002,0.8283909891713649,3.0969,0.0425,0.2733690264265504,0.08832994983473988,0.1338106621662258
1.0,7.0,1.0,1.0,1.0,7.0,1.0,1.0,1.0,0.0,0.0,0.0,0.0,none,blank_wall,east_41st_street/west_to_east/44_n00638_E.jpg,east_41st_street,west_to_east,n00638,E,44,0.125,0.0,0.0,0.0,1.0,0.0,0.0,0.0,0.0425,0.33,0.0,0.12335000000000002,0.7881987718059493,1.4771,0.0425,0.2601055946959633,0.042129926345989305,0.11418772194384437
1.0,7.0,1.0,1.0,1.0,7.0,1.0,1.0,1.0,0.0,0.0,0.0,0.0,none,blank_wall,east_42nd_street/east_to_west/01_n00686_W.jpg,east_42nd_street,east_to_west,n00686,W,1,0.125,0.0,0.0,0.0,1.0,0.0,0.0,0.0,0.0425,0.33,0.0,0.12335000000000002,0.5945576425966159,3.0605,0.0425,0.19620402205688325,0.08729174705971177,0.10800360380847636
1.0,7.0,1.0,1.0,1.0,7.0,1.0,1.0,1.0,0.0,0.0,0.0,0.0,none,blank_wall,east_42nd_street/east_to_west/02_n00685_W.jpg,east_42nd_street,east_to_west,n00685,W,2,0.125,0.0,0.0,0.0,1.0,0.0,0.0,0.0,0.0425,0.33,0.0,0.12335000000000002,0.7005747929404401,0.8806,0.0425,0.23118968167034526,0.025116520980487562,0.09903104687477483
1.0,7.0,1.0,1.0,1.0,7.0,1.0,1.0,1.0,0.0,0.0,0.0,0.0,none,blank_wall,east_42nd_street/east_to_west/03_n00684_W.jpg,east_42nd_street,east_to_west,n00684,W,3,0.125,0.0,0.0,0.0,1.0,0.0,0.0,0.0,0.0425,0.33,0.0,0.12335000000000002,0.8194145379150495,0.5509,0.0425,0.27040679751196633,0.015712799691290705,0.10886946707707483
1.0,7.0,1.0,1.0,1.0,7.0,1.0,1.0,1.0,0.0,0.0,0.0,0.0,none,blank_wall,east_42nd_street/east_to_west/04_n00683_W.jpg,east_42nd_street,east_to_west,n00683,W,4,0.125,0.0,0.0,0.0,1.0,0.0,0.0,0.0,0.0425,0.33,0.0,0.12335000000000002,0.6967933215312607,2.9819,0.0425,0.22994179610531604,0.08504991359495329,0.1183972642010889
1.0,7.0,1.0,1.0,1.0,7.0,1.0,1.0,1.0,0.0,0.0,0.0,0.0,none,blank_wall,east_42nd_street/east_to_west/05_n00682_W.jpg,east_42nd_street,east_to_west,n00682,W,5,0.125,0.0,0.0,0.0,1.0,0.0,0.0,0.0,0.0425,0.33,0.0,0.12335000000000002,0.76448442147968,3.0681,0.0425,0.2522798590882944,0.08750851467208026,0.12658016334092365
1.0,7.0,1.0,1.0,1.0,7.0,1.0,1.0,1.0,0.0,0.0,0.0,0.0,none,blank_wall,east_42nd_street/east_to_west/06_n00681_W.jpg,east_42nd_street,east_to_west,n00681,W,6,0.125,0.0,0.0,0.0,1.0,0.0,0.0,0.0,0.0425,0.33,0.0,0.12335000000000002,0.7842168835102326,1.1144,0.0425,0.25879157155837673,0.03178497726624499,0.11034026111212517
1.0,7.0,1.0,1.0,1.0,7.0,1.0,1.0,1.0,0.0,0.0,0.0,0.0,none,blank_wall,east_42nd_street/east_to_west/07_n00680_W.jpg,east_42nd_street,east_to_west,n00680,W,7,0.125,0.0,0.0,0.0,1.0,0.0,0.0,0.0,0.0425,0.33,0.0,0.12335000000000002,0.8571313635243795,1.9038,0.0425,0.28285334996304523,0.054300286898310485,0.1257107001642474
1.0,7.0,1.0,1.0,1.0,7.0,1.0,1.0,1.0,0.0,0.0,0.0,0.0,none,blank_wall,east_42nd_street/east_to_west/08_n00679_W.jpg,east_42nd_street,east_to_west,n00679,W,8,0.125,0.0,0.0,0.0,1.0,0.0,0.0,0.0,0.0425,0.33,0.0,0.12335000000000002,0.9015971508744692,1.8694,0.0425,0.29752705978857485,0.05331912823180041,0.13022924204672387
1.0,7.0,1.0,1.0,5.0,7.0,5.0,3.0,3.0,0.0,0.0,0.0,0.0,none,blank_wall,east_42nd_street/east_to_west/09_n00678_W.jpg,east_42nd_street,east_to_west,n00678,W,9,0.125,0.0,0.0,0.6666666666666666,1.0,0.6666666666666666,0.3333333333333333,0.3333333333333333,0.0425,0.7766666666666666,0.44333333333333336,0.41705000000000003,0.9079907425395832,0.8779,0.0425,0.7463036117047291,0.3550395114339882,0.37789323063577673
1.0,7.0,1.0,1.0,5.0,7.0,5.0,3.0,3.0,0.0,0.0,0.0,0.0,none,blank_wall,east_42nd_street/east_to_west/10_n00677_W.jpg,east_42nd_street,east_to_west,n00677,W,10,0.125,0.0,0.0,0.6666666666666666,1.0,0.6666666666666666,0.3333333333333333,0.3333333333333333,0.0425,0.7766666666666666,0.44333333333333336,0.41705000000000003,0.9269867142796352,2.5146,0.0425,0.7525722823789462,0.4017215576397161,0.3953669672061586
1.0,7.0,1.0,1.0,5.0,7.0,5.0,3.0,3.0,0.0,0.0,0.0,0.0,none,blank_wall,east_42nd_street/east_to_west/11_n00676_W.jpg,east_42nd_street,east_to_west,n00676,W,11,0.125,0.0,0.0,0.6666666666666666,1.0,0.6666666666666666,0.3333333333333333,0.3333333333333333,0.0425,0.7766666666666666,0.44333333333333336,0.41705000000000003,0.8588899138839496,0.6797,0.0425,0.7301003382483701,0.34938644027985166,0.3706806369143132
1.0,7.0,1.0,1.0,5.0,7.0,5.0,5.0,3.0,0.0,0.0,0.0,3.0,none,blank_wall,east_42nd_street/east_to_west/12_n00675_W.jpg,east_42nd_street,east_to_west,n00675,W,12,0.125,0.0,0.0,0.6666666666666666,1.0,0.6666666666666666,0.6666666666666666,0.3333333333333333,0.0425,0.7766666666666666,0.5566666666666666,0.45445,0.8681975296282565,3.3094,0.0425,0.7331718514439913,0.4243908863647803,0.3964457034768947
1.0,7.0,1.0,1.0,5.0,7.0,5.0,3.0,2.0,0.0,0.0,0.0,0.0,none,blank_wall,east_42nd_street/east_to_west/13_n00674_W.jpg,east_42nd_street,east_to_west,n00674,W,13,0.125,0.0,0.0,0.6666666666666666,1.0,0.6666666666666666,0.3333333333333333,0.16666666666666666,0.0425,0.7766666666666666,0.38833333333333336,0.39890000000000003,0.9100503576869678,1.4027,0.0425,0.7469832847033661,0.3150078855091187,0.36490708617011997
1.0,7.0,1.0,1.0,5.0,7.0,5.0,3.0,1.0,0.0,0.0,0.0,0.0,none,blank_wall,east_42nd_street/east_to_west/14_n00673_W.jpg,east_42nd_street,east_to_west,n00673,W,14,0.125,0.0,0.0,0.6666666666666666,1.0,0.6666666666666666,0.3333333333333333,0.0,0.0425,0.7766666666666666,0.33333333333333337,0.38075000000000003,0.92869230301271,1.3059,0.0425,0.753135126660861,0.2572469506568461,0.3478760855148434
1.0,7.0,1.0,1.0,1.0,7.0,1.0,1.0,1.0,0.0,0.0,0.0,1.0,none,blank_wall,east_42nd_street/east_to_west/15_n00672_W.jpg,east_42nd_street,east_to_west,n00672,W,15,0.125,0.0,0.0,0.0,1.0,0.0,0.0,0.0,0.0425,0.33,0.0,0.12335000000000002,0.9027562766609428,0.593,0.0425,0.29790957129811113,0.016913578175595186,0.1183416393263231
1.0,7.0,1.0,1.0,1.0,7.0,1.0,1.0,1.0,0.0,0.0,0.0,0.0,none,blank_wall,east_42nd_street/east_to_west/16_n00671_W.jpg,east_42nd_street,east_to_west,n00671,W,16,0.125,0.0,0.0,0.0,1.0,0.0,0.0,0.0,0.0425,0.33,0.0,0.12335000000000002,0.9295575599119972,0.0995,0.0425,0.3067539947709591,0.0028379443987718743,0.11661533992601124
3.0,6.0,3.0,3.0,4.0,6.0,5.0,5.0,4.0,0.0,0.0,0.0,0.0,hedge,blank_wall,east_42nd_street/east_to_west/17_n00670_W.jpg,east_42nd_street,east_to_west,n00670,W,17,0.3333333333333333,0.3333333333333333,0.3333333333333333,0.5,0.8333333333333334,0.6666666666666666,0.6666666666666666,0.5,0.3333333333333333,0.665,0.6116666666666667,0.5346333333333334,0.9354760428844796,1.259,0.3333333333333333,0.6987070941518783,0.42090926631209835,0.48280673228644566
1.0,7.0,1.0,1.0,5.0,7.0,5.0,3.0,3.0,0.0,0.0,0.0,0.0,none,blank_wall,east_42nd_street/east_to_west/18_n00669_W.jpg,east_42nd_street,east_to_west,n00669,W,18,0.125,0.0,0.0,0.6666666666666666,1.0,0.6666666666666666,0.3333333333333333,0.3333333333333333,0.0425,0.7766666666666666,0.44333333333333336,0.41705000000000003,0.9295127854924674,0.2782,0.0425,0.7534058858791809,0.33793483549485764,0.37459243805343273
1.0,7.0,1.0,1.0,5.0,7.0,5.0,3.0,3.0,0.0,0.0,0.0,0.0,none,blank_wall,east_42nd_street/east_to_west/19_n00668_W.jpg,east_42nd_street,east_to_west,n00668,W,19,0.125,0.0,0.0,0.6666666666666666,1.0,0.6666666666666666,0.3333333333333333,0.3333333333333333,0.0425,0.7766666666666666,0.44333333333333336,0.41705000000000003,0.937923225504904,0.9621,0.0425,0.756181331083285,0.3574410684025972,0.38194539183034115
1.0,7.0,1.0,1.0,5.0,7.0,5.0,3.0,3.0,0.0,0.0,0.0,0.0,none,blank_wall,east_42nd_street/east_to_west/20_n00667_W.jpg,east_42nd_street,east_to_west,n00667,W,20,0.125,0.0,0.0,0.6666666666666666,1.0,0.6666666666666666,0.3333333333333333,0.3333333333333333,0.0425,0.7766666666666666,0.44333333333333336,0.41705000000000003,0.9415786178584484,1.3815,0.0425,0.7573876105599546,0.3694032179588276,0.3862909734111981
1.0,7.0,1.0,1.0,5.0,7.0,5.0,3.0,3.0,0.0,0.0,0.0,10.0,none,blank_wall,east_42nd_street/east_to_west/21_n00666_W.jpg,east_42nd_street,east_to_west,n00666,W,21,0.125,0.0,0.0,0.6666666666666666,1.0,0.6666666666666666,0.3333333333333333,0.3333333333333333,0.0425,0.7766666666666666,0.44333333333333336,0.41705000000000003,0.934094851010616,0.8931,0.0425,0.7549179675001699,0.35547304665872526,0.38087903467243545
1.0,7.0,1.0,1.0,5.0,7.0,5.0,3.0,3.0,0.0,0.0,0.0,0.0,none,blank_wall,east_42nd_street/east_to_west/22_n00665_W.jpg,east_42nd_street,east_to_west,n00665,W,22,0.125,0.0,0.0,0.6666666666666666,1.0,0.6666666666666666,0.3333333333333333,0.3333333333333333,0.0425,0.7766666666666666,0.44333333333333336,0.41705000000000003,0.8830953691589569,0.7651,0.0425,0.7380881384891225,0.35182222371357147,0.374120419526889
1.0,7.0,1.0,1.0,5.0,7.0,5.0,3.0,3.0,0.0,0.0,0.0,0.0,none,blank_wall,east_42nd_street/east_to_west/23_n00664_W.jpg,east_42nd_street,east_to_west,n00664,W,23,0.125,0.0,0.0,0.6666666666666666,1.0,0.6666666666666666,0.3333333333333333,0.3333333333333333,0.0425,0.7766666666666666,0.44333333333333336,0.41705000000000003,0.8979945833554074,2.3494,0.0425,0.7430048791739511,0.397009714276127,0.3906548158385258
1.0,7.0,1.0,1.0,5.0,7.0,5.0,3.0,3.0,0.0,0.0,0.0,0.0,none,blank_wall,east_42nd_street/east_to_west/24_n00663_W.jpg,east_42nd_street,east_to_west,n00663,W,24,0.125,0.0,0.0,0.6666666666666666,1.0,0.6666666666666666,0.3333333333333333,0.3333333333333333,0.0425,0.7766666666666666,0.44333333333333336,0.41705000000000003,0.9415575826253912,2.4102,0.0425,0.7573806689330458,0.39874385517507505,0.3959710929556799
1.0,7.0,1.0,1.0,5.0,7.0,5.0,3.0,3.0,0.0,0.0,0.0,0.0,none,blank_wall,east_42nd_street/east_to_west/25_n00662_W.jpg,east_42nd_street,east_to_west,n00662,W,25,0.125,0.0,0.0,0.6666666666666666,1.0,0.6666666666666666,0.3333333333333333,0.3333333333333333,0.0425,0.7766666666666666,0.44333333333333336,0.41705000000000003,0.9355877795423384,1.9072,0.0425,0.7554106339156383,0.3843972618827911,0.3905866056134817
1.0,7.0,1.0,1.0,5.0,7.0,5.0,3.0,3.0,0.0,0.0,0.0,0.0,none,blank_wall,east_42nd_street/east_to_west/26_n00661_W.jpg,east_42nd_street,east_to_west,n00661,W,26,0.125,0.0,0.0,0.6666666666666666,1.0,0.6666666666666666,0.3333333333333333,0.3333333333333333,0.0425,0.7766666666666666,0.44333333333333336,0.41705000000000003,0.9293001990792286,0.7228,0.0425,0.753335732362812,0.3506157408184152,0.37875398614980504
1.0,7.0,1.0,1.0,5.0,7.0,5.0,3.0,3.0,0.0,0.0,0.0,0.0,none,blank_wall,east_42nd_street/east_to_west/27_n00660_W.jpg,east_42nd_street,east_to_west,n00660,W,27,0.125,0.0,0.0,0.6666666666666666,1.0,0.6666666666666666,0.3333333333333333,0.3333333333333333,0.0425,0.7766666666666666,0.44333333333333336,0.41705000000000003,0.9305756450924086,0.2513,0.0425,0.7537566295471616,0.3371675922352902,0.3744549931882091
1.0,7.0,1.0,1.0,5.0,7.0,5.0,3.0,3.0,0.0,0.0,0.0,0.0,none,blank_wall,east_42nd_street/east_to_west/28_n00659_W.jpg,east_42nd_street,east_to_west,n00659,W,28,0.125,0.0,0.0,0.6666666666666666,1.0,0.6666666666666666,0.3333333333333333,0.3333333333333333,0.0425,0.7766666666666666,0.44333333333333336,0.41705000000000003,0.9436426485744276,1.4573,0.0425,0.7580687406962278,0.3715651896716608,0.3872291970214033
1.0,7.0,1.0,1.0,5.0,7.0,5.0,3.0,3.0,0.0,0.0,0.0,0.0,none,blank_wall,east_42nd_street/east_to_west/29_n00658_W.jpg,east_42nd_street,east_to_west,n00658,W,29,0.125,0.0,0.0,0.6666666666666666,1.0,0.6666666666666666,0.3333333333333333,0.3333333333333333,0.0425,0.7766666666666666,0.44333333333333336,0.41705000000000003,0.9408532422195752,0.1045,0.0425,0.7571482365991264,0.33298055467006693,0.37419250111883384
1.0,7.0,1.0,1.0,5.0,7.0,5.0,3.0,3.0,0.0,0.0,0.0,10.0,none,blank_wall,east_42nd_street/east_to_west/30_n00657_W.jpg,east_42nd_street,east_to_west,n00657,W,30,0.125,0.0,0.0,0.6666666666666666,1.0,0.6666666666666666,0.3333333333333333,0.3333333333333333,0.0425,0.7766666666666666,0.44333333333333336,0.41705000000000003,0.8915137142059036,0.6356,0.0425,0.7408661923546149,0.3481286176870292,0.37381828731374256
1.0,7.0,1.0,1.0,5.0,7.0,5.0,3.0,3.0,0.0,0.0,0.0,0.0,none,blank_wall,east_42nd_street/east_to_west/31_n00656_W.jpg,east_42nd_street,east_to_west,n00656,W,31,0.125,0.0,0.0,0.6666666666666666,1.0,0.6666666666666666,0.3333333333333333,0.3333333333333333,0.0425,0.7766666666666666,0.44333333333333336,0.41705000000000003,0.941212123013648,2.9864,0.0425,0.7572666672611705,0.41517826283911885,0.40135682693309555
1.0,7.0,1.0,1.0,3.0,7.0,5.0,3.0,3.0,0.0,0.0,0.0,0.0,none,blank_wall,east_42nd_street/east_to_west/32_n00655_W.jpg,east_42nd_street,east_to_west,n00655,W,32,0.125,0.0,0.0,0.3333333333333333,1.0,0.6666666666666666,0.3333333333333333,0.3333333333333333,0.0425,0.6633333333333333,0.44333333333333336,0.37965000000000004,0.9414858215065468,6.3157,0.0425,0.6440236544304938,0.5101367380836535,0.39532292952966863
1.0,7.0,1.0,1.0,5.0,7.0,5.0,3.0,3.0,0.0,0.0,0.0,0.0,none,blank_wall,east_42nd_street/east_to_west/33_n00654_W.jpg,east_42nd_street,east_to_west,n00654,W,33,0.125,0.0,0.0,0.6666666666666666,1.0,0.6666666666666666,0.3333333333333333,0.3333333333333333,0.0425,0.7766666666666666,0.44333333333333336,0.41705000000000003,0.9413726846232046,1.6629,0.0425,0.7573196525923243,0.37742932402731405,0.38891716228448064
1.0,7.0,1.0,1.0,7.0,7.0,7.0,3.0,3.0,0.0,0.0,0.0,0.0,none,blank_wall,east_42nd_street/east_to_west/34_n00653_W.jpg,east_42nd_street,east_to_west,n00653,W,34,0.125,0.0,0.0,1.0,1.0,1.0,0.3333333333333333,0.3333333333333333,0.0425,1.0,0.5533333333333333,0.52705,0.9125062484998794,0.0137,0.0425,0.9711270620049604,0.4403907521433485,0.48025087866894195
1.0,7.0,1.0,1.0,5.0,7.0,5.0,3.0,3.0,0.0,0.0,0.0,0.0,none,blank_wall,east_42nd_street/east_to_west/35_n00652_W.jpg,east_42nd_street,east_to_west,n00652,W,35,0.125,0.0,0.0,0.6666666666666666,1.0,0.6666666666666666,0.3333333333333333,0.3333333333333333,0.0425,0.7766666666666666,0.44333333333333336,0.41705000000000003,0.928763448115986,1.3147,0.0425,0.7531586045449421,0.36749794473432545,0.3842666612621583
1.0,7.0,1.0,1.0,5.0,7.0,5.0,3.0,3.0,0.0,0.0,0.0,0.0,none,blank_wall,east_42nd_street/east_to_west/36_n00651_W.jpg,east_42nd_street,east_to_west,n00651,W,36,0.125,0.0,0.0,0.6666666666666666,1.0,0.6666666666666666,0.3333333333333333,0.3333333333333333,0.0425,0.7766666666666666,0.44333333333333336,0.41705000000000003,0.9451611922364648,1.2802,0.0425,0.7585698601047001,0.36651393386238945,0.3857276520091396
1.0,7.0,1.0,1.0,7.0,7.0,7.0,3.0,3.0,0.0,0.0,0.0,0.0,none,blank_wall,east_42nd_street/east_to_west/37_n00650_W.jpg,east_42nd_street,east_to_west,n00650,W,37,0.125,0.0,0.0,1.0,1.0,1.0,0.3333333333333333,0.3333333333333333,0.0425,1.0,0.5533333333333333,0.52705,0.9334344578663404,0.4819,0.0425,0.9780333710958924,0.45374477794741874,0.48693678918429273
1.0,7.0,1.0,1.0,5.0,7.0,5.0,3.0,3.0,0.0,0.0,0.0,0.0,none,blank_wall,east_42nd_street/east_to_west/38_n00649_W.jpg,east_42nd_street,east_to_west,n00649,W,38,0.125,0.0,0.0,0.6666666666666666,1.0,0.6666666666666666,0.3333333333333333,0.3333333333333333,0.0425,0.7766666666666666,0.44333333333333336,0.41705000000000003,0.929697889346532,1.0637,0.0425,0.7534669701510222,0.36033890911531297,0.3820059401578906
1.0,7.0,1.0,1.0,5.0,7.0,5.0,3.0,3.0,0.0,0.0,0.0,0.0,none,blank_wall,east_42nd_street/east_to_west/39_n00648_W.jpg,east_42nd_street,east_to_west,n00648,W,39,0.125,0.0,0.0,0.6666666666666666,1.0,0.6666666666666666,0.3333333333333333,0.3333333333333333,0.0425,0.7766666666666666,0.44333333333333336,0.41705000000000003,0.9439271289513316,1.5217,0.0425,0.7581626192206061,0.3734020099659413,0.3878663276315607
1.0,7.0,1.0,1.0,5.0,7.0,5.0,3.0,3.0,0.0,0.0,0.0,0.0,none,blank_wall,east_42nd_street/east_to_west/40_n00647_W.jpg,east_42nd_street,east_to_west,n00647,W,40,0.125,0.0,0.0,0.6666666666666666,1.0,0.6666666666666666,0.3333333333333333,0.3333333333333333,0.0425,0.7766666666666666,0.44333333333333336,0.41705000000000003,0.9280481337157488,1.064,0.0425,0.7529225507928639,0.3603474657315907,0.38182910545307003
1.0,7.0,1.0,1.0,5.0,7.0,5.0,5.0,3.0,0.0,0.0,0.0,0.0,none,blank_wall,east_42nd_street/east_to_west/41_n00646_W.jpg,east_42nd_street,east_to_west,n00646,W,41,0.125,0.0,0.0,0.6666666666666666,1.0,0.6666666666666666,0.6666666666666666,0.3333333333333333,0.0425,0.7766666666666666,0.5566666666666666,0.45445,0.917339901475337,2.8049,0.0425,0.7493888341535279,0.41000150999110785,0.3970488135677298
1.0,7.0,1.0,1.0,5.0,7.0,5.0,3.0,3.0,0.0,0.0,0.0,0.0,none,blank_wall,east_42nd_street/east_to_west/42_n00645_W.jpg,east_42nd_street,east_to_west,n00645,W,42,0.125,0.0,0.0,0.6666666666666666,1.0,0.6666666666666666,0.3333333333333333,0.3333333333333333,0.0425,0.7766666666666666,0.44333333333333336,0.41705000000000003,0.9037167001225817,0.8988,0.0425,0.7448931777071186,0.3556356223680016,0.3776245040247897
1.0,7.0,1.0,1.0,5.0,7.0,5.0,3.0,3.0,0.0,0.0,0.0,0.0,none,blank_wall,east_42nd_street/east_to_west/43_n00644_W.jpg,east_42nd_street,east_to_west,n00644,W,43,0.125,0.0,0.0,0.6666666666666666,1.0,0.6666666666666666,0.3333333333333333,0.3333333333333333,0.0425,0.7766666666666666,0.44333333333333336,0.41705000000000003,0.9068855722211548,1.7689,0.0425,0.7459389054996477,0.3804526617787695,0.38615921720187774
1.0,7.0,1.0,1.0,5.0,7.0,5.0,3.0,3.0,0.0,0.0,0.0,0.0,none,blank_wall,east_42nd_street/east_to_west/44_n00643_W.jpg,east_42nd_street,east_to_west,n00643,W,44,0.125,0.0,0.0,0.6666666666666666,1.0,0.6666666666666666,0.3333333333333333,0.3333333333333333,0.0425,0.7766666666666666,0.44333333333333336,0.41705000000000003,0.9317440206013374,3.1917,0.0425,0.754142193465108,0.42103384057849436,0.4022580912343888
1.0,7.0,1.0,1.0,5.0,7.0,5.0,3.0,3.0,0.0,0.0,0.0,0.0,none,blank_wall,east_42nd_street/east_to_west/45_n00642_W.jpg,east_42nd_street,east_to_west,n00642,W,45,0.125,0.0,0.0,0.6666666666666666,1.0,0.6666666666666666,0.3333333333333333,0.3333333333333333,0.0425,0.7766666666666666,0.44333333333333336,0.41705000000000003,0.8925224361576712,0.196,0.0425,0.7411990705986982,0.33559032263476674,0.3697904997670435
1.0,7.0,1.0,1.0,5.0,7.0,5.0,3.0,3.0,0.0,0.0,0.0,10.0,none,blank_wall,east_42nd_street/east_to_west/46_n00641_W.jpg,east_42nd_street,east_to_west,n00641,W,46,0.125,0.0,0.0,0.6666666666666666,1.0,0.6666666666666666,0.3333333333333333,0.3333333333333333,0.0425,0.7766666666666666,0.44333333333333336,0.41705000000000003,0.8819171078303226,4.0208,0.0425,0.7376993122506732,0.44468147576464273,0.40463566004505425
1.0,7.0,1.0,1.0,5.0,7.0,5.0,3.0,3.0,0.0,0.0,0.0,10.0,none,blank_wall,east_42nd_street/west_to_east/01_n00641_E.jpg,east_42nd_street,west_to_east,n00641,E,1,0.125,0.0,0.0,0.6666666666666666,1.0,0.6666666666666666,0.3333333333333333,0.3333333333333333,0.0425,0.7766666666666666,0.44333333333333336,0.41705000000000003,0.8819171078303226,0.6704,0.0425,0.7376993122506732,0.3491211851752429,0.3731007641505523
1.0,7.0,1.0,1.0,5.0,7.0,5.0,3.0,5.0,0.0,0.0,0.0,10.0,none,blank_wall,east_42nd_street/west_to_east/02_n00642_E.jpg,east_42nd_street,west_to_east,n00642,E,2,0.125,0.0,0.0,0.6666666666666666,1.0,0.6666666666666666,0.3333333333333333,0.6666666666666666,0.0425,0.7766666666666666,0.5533333333333333,0.45335000000000003,0.8925224361576712,1.8639,0.0425,0.7411990705986982,0.4931622569333758,0.42178923808558444
1.0,7.0,1.0,1.0,5.0,7.0,5.0,3.0,5.0,0.0,0.0,0.0,10.0,none,blank_wall,east_42nd_street/west_to_east/03_n00643_E.jpg,east_42nd_street,west_to_east,n00643,E,3,0.125,0.0,0.0,0.6666666666666666,1.0,0.6666666666666666,0.3333333333333333,0.6666666666666666,0.0425,0.7766666666666666,0.5533333333333333,0.45335000000000003,0.9317440206013374,2.9666,0.0425,0.754142193465108,0.5246135261647904,0.4364393874778665
1.0,7.0,1.0,1.0,5.0,7.0,5.0,3.0,3.0,0.0,0.0,0.0,0.0,none,blank_wall,east_42nd_street/west_to_east/04_n00644_E.jpg,east_42nd_street,west_to_east,n00644,E,4,0.125,0.0,0.0,0.6666666666666666,1.0,0.6666666666666666,0.3333333333333333,0.3333333333333333,0.0425,0.7766666666666666,0.44333333333333336,0.41705000000000003,0.9068855722211548,2.5769,0.0425,0.7459389054996477,0.4034984816200527,0.39376433774950115
1.0,7.0,1.0,1.0,5.0,7.0,5.0,3.0,3.0,0.0,0.0,0.0,0.0,none,blank_wall,east_42nd_street/west_to_east/05_n00645_E.jpg,east_42nd_street,west_to_east,n00645,E,5,0.125,0.0,0.0,0.6666666666666666,1.0,0.6666666666666666,0.3333333333333333,0.3333333333333333,0.0425,0.7766666666666666,0.44333333333333336,0.41705000000000003,0.9037167001225817,2.8609,0.0425,0.7448931777071186,0.4115987450296126,0.3960923345031213
1.0,7.0,1.0,1.0,5.0,7.0,5.0,3.0,3.0,0.0,0.0,0.0,10.0,none,blank_wall,east_42nd_street/west_to_east/06_n00646_E.jpg,east_42nd_street,west_to_east,n00646,E,6,0.125,0.0,0.0,0.6666666666666666,1.0,0.6666666666666666,0.3333333333333333,0.3333333333333333,0.0425,0.7766666666666666,0.44333333333333336,0.41705000000000003,0.917339901475337,1.0494,0.0425,0.7493888341535279,0.3599310437394091,0.3805255597046692
1.0,7.0,1.0,1.0,5.0,7.0,5.0,3.0,3.0,0.0,0.0,0.0,0.0,none,blank_wall,east_42nd_street/west_to_east/07_n00647_E.jpg,east_42nd_street,west_to_east,n00647,E,7,0.125,0.0,0.0,0.6666666666666666,1.0,0.6666666666666666,0.3333333333333333,0.3333333333333333,0.0425,0.7766666666666666,0.44333333333333336,0.41705000000000003,0.9280481337157488,2.7941,0.0425,0.7529225507928639,0.40969347180511045,0.39811328745733154
1.0,7.0,1.0,1.0,5.0,7.0,5.0,3.0,3.0,0.0,0.0,0.0,10.0,none,blank_wall,east_42nd_street/west_to_east/08_n00648_E.jpg,east_42nd_street,west_to_east,n00648,E,8,0.125,0.0,0.0,0.6666666666666666,1.0,0.6666666666666666,0.3333333333333333,0.3333333333333333,0.0425,0.7766666666666666,0.44333333333333336,0.41705000000000003,0.9439271289513316,0.9047,0.0425,0.7581626192206061,0.35580390248812976,0.3820589521638829
1.0,7.0,1.0,1.0,5.0,7.0,5.0,3.0,3.0,0.0,0.0,0.0,0.0,none,blank_wall,east_42nd_street/west_to_east/09_n00649_E.jpg,east_42nd_street,west_to_east,n00649,E,9,0.125,0.0,0.0,0.6666666666666666,1.0,0.6666666666666666,0.3333333333333333,0.3333333333333333,0.0425,0.7766666666666666,0.44333333333333336,0.41705000000000003,0.929697889346532,1.3545,0.0425,0.7534669701510222,0.3686331224938342,0.38474303057280257
1.0,7.0,1.0,1.0,5.0,7.0,5.0,3.0,3.0,0.0,0.0,0.0,0.0,none,blank_wall,east_42nd_street/west_to_east/10_n00650_E.jpg,east_42nd_street,west_to_east,n00650,E,10,0.125,0.0,0.0,0.6666666666666666,1.0,0.6666666666666666,0.3333333333333333,0.3333333333333333,0.0425,0.7766666666666666,0.44333333333333336,0.41705000000000003,0.9334344578663404,0.7325,0.0425,0.754700037762559,0.3508924047447276,0.3792955060274046
1.0,7.0,1.0,1.0,5.0,7.0,5.0,3.0,3.0,0.0,0.0,0.0,0.0,none,blank_wall,east_42nd_street/west_to_east/11_n00651_E.jpg,east_42nd_street,west_to_east,n00651,E,11,0.125,0.0,0.0,0.6666666666666666,1.0,0.6666666666666666,0.3333333333333333,0.3333333333333333,0.0425,0.7766666666666666,0.44333333333333336,0.41705000000000003,0.9451611922364648,0.8764,0.0425,0.7585698601047001,0.3549967283525997,0.38192697419090893
1.0,7.0,1.0,1.0,5.0,7.0,5.0,3.0,3.0,0.0,0.0,0.0,0.0,none,blank_wall,east_42nd_street/west_to_east/12_n00652_E.jpg,east_42nd_street,west_to_east,n00652,E,12,0.125,0.0,0.0,0.6666666666666666,1.0,0.6666666666666666,0.3333333333333333,0.3333333333333333,0.0425,0.7766666666666666,0.44333333333333336,0.41705000000000003,0.928763448115986,0.5126,0.0425,0.7531586045449421,0.3446204050131705,0.3767170731541772
1.0,7.0,1.0,1.0,5.0,7.0,5.0,3.0,3.0,0.0,0.0,0.0,0.0,none,blank_wall,east_42nd_street/west_to_east/13_n00653_E.jpg,east_42nd_street,west_to_east,n00653,E,13,0.125,0.0,0.0,0.6666666666666666,1.0,0.6666666666666666,0.3333333333333333,0.3333333333333333,0.0425,0.7766666666666666,0.44333333333333336,0.41705000000000003,0.9125062484998794,0.5974,0.0425,0.7477937286716269,0.34703907521433486,0.3757448252823674
1.0,7.0,1.0,1.0,5.0,7.0,5.0,3.0,2.0,0.0,0.0,0.0,0.0,none,blank_wall,east_42nd_street/west_to_east/14_n00654_E.jpg,east_42nd_street,west_to_east,n00654,E,14,0.125,0.0,0.0,0.6666666666666666,1.0,0.6666666666666666,0.3333333333333333,0.16666666666666666,0.0425,0.7766666666666666,0.38833333333333336,0.39890000000000003,0.9413726846232046,0.1687,0.0425,0.7573196525923243,0.27981167055349565,0.3567033366381206
1.0,7.0,1.0,1.0,3.0,7.0,3.0,3.0,3.0,0.0,0.0,0.0,10.0,none,blank_wall,east_42nd_street/west_to_east/15_n00655_E.jpg,east_42nd_street,west_to_east,n00655,E,15,0.125,0.0,0.0,0.3333333333333333,1.0,0.3333333333333333,0.3333333333333333,0.3333333333333333,0.0425,0.5533333333333333,0.3333333333333333,0.30705,0.9414858215065468,3.5103,0.0425,0.5340236544304938,0.32012096706541615,0.2963177250936503
1.0,7.0,1.0,1.0,5.0,7.0,5.0,3.0,3.0,0.0,0.0,0.0,0.0,none,blank_wall,east_42nd_street/west_to_east/16_n00656_E.jpg,east_42nd_street,west_to_east,n00656,E,16,0.125,0.0,0.0,0.6666666666666666,1.0,0.6666666666666666,0.3333333333333333,0.3333333333333333,0.0425,0.7766666666666666,0.44333333333333336,0.41705000000000003,0.941212123013648,2.9462,0.0425,0.7572666672611705,0.4140316762579065,0.40097845336129545
1.0,7.0,1.0,1.0,5.0,7.0,5.0,3.0,3.0,0.0,0.0,0.0,0.0,none,blank_wall,east_42nd_street/west_to_east/17_n00657_E.jpg,east_42nd_street,west_to_east,n00657,E,17,0.125,0.0,0.0,0.6666666666666666,1.0,0.6666666666666666,0.3333333333333333,0.3333333333333333,0.0425,0.7766666666666666,0.44333333333333336,0.41705000000000003,0.8915137142059036,0.396,0.0425,0.7408661923546149,0.34129473348656947,0.37156310552759086
1.0,7.0,1.0,1.0,5.0,7.0,5.0,3.0,3.0,0.0,0.0,0.0,0.0,none,blank_wall,east_42nd_street/west_to_east/18_n00658_E.jpg,east_42nd_street,west_to_east,n00658,E,18,0.125,0.0,0.0,0.6666666666666666,1.0,0.6666666666666666,0.3333333333333333,0.3333333333333333,0.0425,0.7766666666666666,0.44333333333333336,0.41705000000000003,0.9408532422195752,0.685,0.0425,0.7571482365991264,0.34953760716742444,0.3796563284429618
1.0,7.0,1.0,1.0,5.0,7.0,5.0,3.0,3.0,0.0,0.0,0.0,0.0,none,blank_wall,east_42nd_street/west_to_east/19_n00659_E.jpg,east_42nd_street,west_to_east,n00659,E,19,0.125,0.0,0.0,0.6666666666666666,1.0,0.6666666666666666,0.3333333333333333,0.3333333333333333,0.0425,0.7766666666666666,0.44333333333333336,0.41705000000000003,0.9436426485744276,1.6182,0.0425,0.7580687406962278,0.37615438820193614,0.38874363253639416
1.0,7.0,1.0,1.0,5.0,7.0,5.0,3.0,2.0,0.0,0.0,0.0,0.0,none,blank_wall,east_42nd_street/west_to_east/20_n00660_E.jpg,east_42nd_street,west_to_east,n00660,E,20,0.125,0.0,0.0,0.6666666666666666,1.0,0.6666666666666666,0.3333333333333333,0.16666666666666666,0.0425,0.7766666666666666,0.38833333333333336,0.39890000000000003,0.9305756450924086,0.0388,0.0425,0.7537566295471616,0.2761066557052497,0.35430488413329575
1.0,7.0,1.0,1.0,7.0,7.0,7.0,3.0,3.0,0.0,0.0,0.0,0.0,none,blank_wall,east_42nd_street/west_to_east/21_n00661_E.jpg,east_42nd_street,west_to_east,n00661,E,21,0.125,0.0,0.0,1.0,1.0,1.0,0.3333333333333333,0.3333333333333333,0.0425,1.0,0.5533333333333333,0.52705,0.9293001990792286,0.1622,0.0425,0.9766690656961454,0.44462627720081205,0.48347746315599605
1.0,7.0,1.0,1.0,7.0,7.0,7.0,3.0,3.0,0.0,0.0,0.0,0.0,none,blank_wall,east_42nd_street/west_to_east/22_n00662_E.jpg,east_42nd_street,west_to_east,n00662,E,22,0.125,0.0,0.0,1.0,1.0,1.0,0.3333333333333333,0.3333333333333333,0.0425,1.0,0.5533333333333333,0.52705,0.9355877795423384,0.0004,0.0425,0.9787439672489717,0.4400114088217036,0.48263927410332286
1.0,7.0,1.0,1.0,5.0,7.0,5.0,3.0,3.0,0.0,0.0,0.0,0.0,none,blank_wall,east_42nd_street/west_to_east/23_n00663_E.jpg,east_42nd_street,west_to_east,n00663,E,23,0.125,0.0,0.0,0.6666666666666666,1.0,0.6666666666666666,0.3333333333333333,0.3333333333333333,0.0425,0.7766666666666666,0.44333333333333336,0.41705000000000003,0.9415575826253912,1.0012,0.0425,0.7573806689330458,0.35855628072412465,0.38270919338686626
1.0,7.0,1.0,1.0,5.0,7.0,5.0,3.0,1.0,0.0,0.0,0.0,0.0,none,blank_wall,east_42nd_street/west_to_east/24_n00664_E.jpg,east_42nd_street,west_to_east,n00664,E,24,0.125,0.0,0.0,0.6666666666666666,1.0,0.6666666666666666,0.3333333333333333,0.0,0.0425,0.7766666666666666,0.33333333333333337,0.38075000000000003,0.8979945833554074,0.0756,0.0425,0.7430048791739511,0.22215626730198146,0.3329531783370578
1.0,7.0,1.0,1.0,5.0,7.0,5.0,3.0,3.0,0.0,0.0,0.0,0.0,none,blank_wall,east_42nd_street/west_to_east/25_n00665_E.jpg,east_42nd_street,west_to_east,n00665,E,25,0.125,0.0,0.0,0.6666666666666666,1.0,0.6666666666666666,0.3333333333333333,0.3333333333333333,0.0425,0.7766666666666666,0.44333333333333336,0.41705000000000003,0.8830953691589569,2.1067,0.0425,0.7380881384891225,0.39008741170746436,0.38674793156487364
3.0,6.0,3.0,4.0,5.0,6.0,5.0,5.0,4.0,0.0,0.0,0.0,1.0,hedge,blank_wall,east_42nd_street/west_to_east/26_n00666_E.jpg,east_42nd_street,west_to_east,n00666,E,26,0.3333333333333333,0.3333333333333333,0.5,0.6666666666666666,0.8333333333333334,0.6666666666666666,0.6666666666666666,0.5,0.3883333333333333,0.7216666666666667,0.6116666666666667,0.5720333333333334,0.934094851010616,0.9336,0.3883333333333333,0.7549179675001699,0.4116281898562153,0.5169935652609405
1.0,7.0,1.0,1.0,5.0,7.0,5.0,3.0,3.0,0.0,0.0,1.0,3.0,low_planter,blank_wall,east_42nd_street/west_to_east/27_n00667_E.jpg,east_42nd_street,west_to_east,n00667,E,27,0.125,0.0,0.0,0.6666666666666666,1.0,0.6666666666666666,0.3333333333333333,0.3333333333333333,0.0425,0.7766666666666666,0.44333333333333336,0.41705000000000003,0.9415786178584484,7.9165,0.0425,0.7573876105599546,0.5557948425414828,0.4478002095234743
1.0,7.0,1.0,1.0,5.0,7.0,5.0,3.0,3.0,0.0,0.0,0.0,0.0,none,blank_wall,east_42nd_street/west_to_east/28_n00668_E.jpg,east_42nd_street,west_to_east,n00668,E,28,0.125,0.0,0.0,0.6666666666666666,1.0,0.6666666666666666,0.3333333333333333,0.3333333333333333,0.0425,0.7766666666666666,0.44333333333333336,0.41705000000000003,0.937923225504904,0.8547,0.0425,0.756181331083285,0.3543777997751791,0.3809345131832932
1.0,7.0,1.0,1.0,5.0,7.0,5.0,3.0,2.0,0.0,0.0,0.0,0.0,none,blank_wall,east_42nd_street/west_to_east/29_n00669_E.jpg,east_42nd_street,west_to_east,n00669,E,29,0.125,0.0,0.0,0.6666666666666666,1.0,0.6666666666666666,0.3333333333333333,0.16666666666666666,0.0425,0.7766666666666666,0.38833333333333336,0.39890000000000003,0.9295127854924674,2.0352,0.0425,0.7534058858791809,0.3330480848279449,0.37297981033335154
1.0,7.0,1.0,1.0,5.0,7.0,5.0,3.0,1.0,0.0,0.0,0.0,0.0,none,blank_wall,east_42nd_street/west_to_east/30_n00670_E.jpg,east_42nd_street,west_to_east,n00670,E,30,0.125,0.0,0.0,0.6666666666666666,1.0,0.6666666666666666,0.3333333333333333,0.0,0.0425,0.7766666666666666,0.33333333333333337,0.38075000000000003,0.9354760428844796,0.9609,0.0425,0.7553737608185449,0.24740684193748635,0.34536759890949037
1.0,7.0,1.0,1.0,5.0,7.0,5.0,3.0,1.0,0.0,0.0,0.0,0.0,none,blank_wall,east_42nd_street/west_to_east/31_n00671_E.jpg,east_42nd_street,west_to_east,n00671,E,31,0.125,0.0,0.0,0.6666666666666666,1.0,0.6666666666666666,0.3333333333333333,0.0,0.0425,0.7766666666666666,0.33333333333333337,0.38075000000000003,0.9295575599119972,0.3415,0.0425,0.7534206614376258,0.22974028152945322,0.3388931111791361
1.0,7.0,1.0,1.0,1.0,7.0,1.0,1.0,1.0,0.0,0.0,0.0,0.0,none,blank_wall,east_42nd_street/west_to_east/32_n00672_E.jpg,east_42nd_street,west_to_east,n00672,E,32,0.125,0.0,0.0,0.0,1.0,0.0,0.0,0.0,0.0425,0.33,0.0,0.12335000000000002,0.9027562766609428,0.6427,0.0425,0.29790957129811113,0.018331124272268177,0.11880942953822518
1.0,7.0,1.0,1.0,5.0,7.0,5.0,3.0,2.0,0.0,0.0,0.0,0.0,none,blank_wall,east_42nd_street/west_to_east/33_n00673_E.jpg,east_42nd_street,west_to_east,n00673,E,33,0.125,0.0,0.0,0.6666666666666666,1.0,0.6666666666666666,0.3333333333333333,0.16666666666666666,0.0425,0.7766666666666666,0.38833333333333336,0.39890000000000003,0.92869230301271,1.0477,0.0425,0.753135126660861,0.30488255624716876,0.36359583535964984
1.0,7.0,1.0,1.0,3.0,7.0,3.0,3.0,1.0,0.0,0.0,0.0,1.0,none,blank_wall,east_42nd_street/west_to_east/34_n00674_E.jpg,east_42nd_street,west_to_east,n00674,E,34,0.125,0.0,0.0,0.3333333333333333,1.0,0.3333333333333333,0.3333333333333333,0.0,0.0425,0.5533333333333333,0.22333333333333333,0.27075,0.9100503576869678,2.4591,0.0425,0.5236499513700328,0.18013858362834084,0.24670021654946328
1.0,7.0,1.0,1.0,5.0,7.0,5.0,3.0,3.0,0.0,0.0,0.0,0.0,none,blank_wall,east_42nd_street/west_to_east/35_n00675_E.jpg,east_42nd_street,west_to_east,n00675,E,35,0.125,0.0,0.0,0.6666666666666666,1.0,0.6666666666666666,0.3333333333333333,0.3333333333333333,0.0425,0.7766666666666666,0.44333333333333336,0.41705000000000003,0.8681975296282565,0.0249,0.0425,0.7331718514439913,0.33071019915104943,0.3655310766963635
1.0,7.0,1.0,1.0,3.0,7.0,3.0,3.0,3.0,0.0,0.0,0.0,0.0,none,blank_wall,east_42nd_street/west_to_east/36_n00676_E.jpg,east_42nd_street,west_to_east,n00676,E,36,0.125,0.0,0.0,0.3333333333333333,1.0,0.3333333333333333,0.3333333333333333,0.3333333333333333,0.0425,0.5533333333333333,0.3333333333333333,0.30705,0.8588899138839496,1.2272,0.0425,0.5067670049150368,0.25500226498666173,0.2658338590675605
1.0,7.0,1.0,1.0,3.0,7.0,3.0,3.0,1.0,0.0,0.0,0.0,0.0,none,blank_wall,east_42nd_street/west_to_east/37_n00677_E.jpg,east_42nd_street,west_to_east,n00677,E,37,0.125,0.0,0.0,0.3333333333333333,1.0,0.3333333333333333,0.3333333333333333,0.0,0.0425,0.5533333333333333,0.22333333333333333,0.27075,0.9269867142796352,1.996,0.0425,0.529238949045613,0.16693002030099158,0.24418575988437952
1.0,7.0,1.0,1.0,1.0,7.0,1.0,1.0,1.0,0.0,0.0,0.0,0.0,none,blank_wall,east_42nd_street/west_to_east/38_n00678_E.jpg,east_42nd_street,west_to_east,n00678,E,38,0.125,0.0,0.0,0.0,1.0,0.0,0.0,0.0,0.0425,0.33,0.0,0.12335000000000002,0.9079907425395832,1.1799,0.0425,0.2996369450380625,0.033653171820210395,0.12443573856323006
1.0,7.0,1.0,1.0,1.0,7.0,1.0,1.0,1.0,0.0,0.0,0.0,0.0,none,blank_wall,east_42nd_street/west_to_east/39_n00679_E.jpg,east_42nd_street,west_to_east,n00679,E,39,0.125,0.0,0.0,0.0,1.0,0.0,0.0,0.0,0.0425,0.33,0.0,0.12335000000000002,0.9015971508744692,1.152,0.0425,0.29752705978857485,0.032857406506383906,0.12347687387733641
1.0,7.0,1.0,1.0,1.0,7.0,1.0,1.0,1.0,0.0,0.0,0.0,0.0,none,blank_wall,east_42nd_street/west_to_east/40_n00680_E.jpg,east_42nd_street,west_to_east,n00680,E,40,0.125,0.0,0.0,0.0,1.0,0.0,0.0,0.0,0.0425,0.33,0.0,0.12335000000000002,0.8571313635243795,0.1378,0.0425,0.28285334996304523,0.0039303390768921035,0.10908861738317933
1.0,7.0,1.0,1.0,1.0,7.0,1.0,1.0,1.0,0.0,0.0,0.0,0.0,none,blank_wall,east_42nd_street/west_to_east/41_n00681_E.jpg,east_42nd_street,west_to_east,n00681,E,41,0.125,0.0,0.0,0.0,1.0,0.0,0.0,0.0,0.0425,0.33,0.0,0.12335000000000002,0.7842168835102326,1.8927,0.0425,0.25879157155837673,0.053983692096035436,0.11766583700595602
1.0,7.0,1.0,1.0,1.0,7.0,1.0,1.0,1.0,0.0,0.0,0.0,0.0,none,blank_wall,east_42nd_street/west_to_east/42_n00682_E.jpg,east_42nd_street,west_to_east,n00682,E,42,0.125,0.0,0.0,0.0,1.0,0.0,0.0,0.0,0.0425,0.33,0.0,0.12335000000000002,0.76448442147968,1.3381,0.0425,0.2522798590882944,0.03816536080398638,0.11029692256445267
1.0,7.0,1.0,1.0,1.0,7.0,1.0,1.0,1.0,0.0,0.0,0.0,0.0,none,blank_wall,east_42nd_street/west_to_east/43_n00683_E.jpg,east_42nd_street,west_to_east,n00683,E,43,0.125,0.0,0.0,0.0,1.0,0.0,0.0,0.0,0.0425,0.33,0.0,0.12335000000000002,0.6967933215312607,1.9506,0.0425,0.22994179610531604,0.05563511903763233,0.10869038199717297
1.0,7.0,1.0,1.0,1.0,7.0,1.0,1.0,1.0,0.0,0.0,0.0,1.0,none,blank_wall,east_42nd_street/west_to_east/44_n00684_E.jpg,east_42nd_street,west_to_east,n00684,E,44,0.125,0.0,0.0,0.0,1.0,0.0,0.0,0.0,0.0425,0.33,0.0,0.12335000000000002,0.8194145379150495,1.4613,0.0425,0.27040679751196633,0.04167927788869688,0.11743840488221886
1.0,7.0,1.0,1.0,1.0,7.0,1.0,1.0,1.0,0.0,0.0,0.0,0.0,none,blank_wall,east_42nd_street/west_to_east/45_n00685_E.jpg,east_42nd_street,west_to_east,n00685,E,45,0.125,0.0,0.0,0.0,1.0,0.0,0.0,0.0,0.0425,0.33,0.0,0.12335000000000002,0.7005747929404401,0.192,0.0425,0.23118968167034526,0.005476234417730651,0.09254975230906505
1.0,7.0,1.0,1.0,1.0,7.0,1.0,1.0,1.0,0.0,0.0,0.0,0.0,none,blank_wall,east_42nd_street/west_to_east/46_n00686_E.jpg,east_42nd_street,west_to_east,n00686,E,46,0.125,0.0,0.0,0.0,1.0,0.0,0.0,0.0,0.0425,0.33,0.0,0.12335000000000002,0.5945576425966159,1.3123,0.0425,0.19620402205688325,0.03742949180410382,0.09154905957412574
1.0,7.0,1.0,1.0,5.0,7.0,5.0,3.0,3.0,0.0,0.0,0.0,10.0,none,blank_wall,lexington_avenue/north_to_south/01_n00721_S.jpg,lexington_avenue,north_to_south,n00721,S,1,0.125,0.0,0.0,0.6666666666666666,1.0,0.6666666666666666,0.3333333333333333,0.3333333333333333,0.0425,0.7766666666666666,0.44333333333333336,0.41705000000000003,0.8915137142059036,0.5624,0.0425,0.7408661923546149,0.3460408033152694,0.3731293085710618
1.0,7.0,1.0,1.0,3.0,7.0,5.0,3.0,3.0,0.0,0.0,0.0,10.0,none,blank_wall,lexington_avenue/north_to_south/02_n00720_S.jpg,lexington_avenue,north_to_south,n00720,S,2,0.125,0.0,0.0,0.3333333333333333,1.0,0.6666666666666666,0.3333333333333333,0.3333333333333333,0.0425,0.6633333333333333,0.44333333333333336,0.37965000000000004,0.9450595929322788,2.0679,0.0425,0.6452029990009853,0.38898075600221466,0.35573063915105596
1.0,7.0,1.0,1.0,5.0,7.0,5.0,3.0,3.0,0.0,0.0,0.0,0.0,none,blank_wall,lexington_avenue/north_to_south/03_n00719_S.jpg,lexington_avenue,north_to_south,n00719,S,3,0.125,0.0,0.0,0.6666666666666666,1.0,0.6666666666666666,0.3333333333333333,0.3333333333333333,0.0425,0.7766666666666666,0.44333333333333336,0.41705000000000003,0.9506671787113616,3.3091,0.0425,0.7603868356414161,0.4243823297485026,0.4054238245786732
1.0,7.0,1.0,1.0,5.0,7.0,5.0,3.0,3.0,0.0,0.0,0.0,0.0,none,blank_wall,lexington_avenue/north_to_south/04_n00718_S.jpg,lexington_avenue,north_to_south,n00718,S,4,0.125,0.0,0.0,0.6666666666666666,1.0,0.6666666666666666,0.3333333333333333,0.3333333333333333,0.0425,0.7766666666666666,0.44333333333333336,0.41705000000000003,0.940277757708284,0.4187,0.0425,0.7569583267104004,0.34194218411824906,0.37708716857345437
1.0,7.0,1.0,1.0,5.0,7.0,5.0,3.0,3.0,0.0,0.0,0.0,10.0,none,blank_wall,lexington_avenue/north_to_south/05_n00717_S.jpg,lexington_avenue,north_to_south,n00717,S,5,0.125,0.0,0.0,0.6666666666666666,1.0,0.6666666666666666,0.3333333333333333,0.3333333333333333,0.0425,0.7766666666666666,0.44333333333333336,0.41705000000000003,0.8920287486669078,1.495,0.0425,0.7410361537267462,0.37264047111722565,0.3819632861985108
1.0,7.0,1.0,1.0,5.0,7.0,5.0,3.0,3.0,0.0,0.0,0.0,0.0,none,blank_wall,lexington_avenue/north_to_south/06_n00716_S.jpg,lexington_avenue,north_to_south,n00716,S,6,0.125,0.0,0.0,0.6666666666666666,1.0,0.6666666666666666,0.3333333333333333,0.3333333333333333,0.0425,0.7766666666666666,0.44333333333333336,0.41705000000000003,0.9175967102119216,1.7744,0.0425,0.7494735810366008,0.3806095330771941,0.38737742765755234
1.0,7.0,1.0,1.0,5.0,7.0,5.0,3.0,3.0,0.0,0.0,0.0,0.0,none,blank_wall,lexington_avenue/north_to_south/07_n00715_S.jpg,lexington_avenue,north_to_south,n00715,S,7,0.125,0.0,0.0,0.6666666666666666,1.0,0.6666666666666666,0.3333333333333333,0.3333333333333333,0.0425,0.7766666666666666,0.44333333333333336,0.41705000000000003,0.9446110506364174,2.8369,0.0425,0.7583883133766844,0.4109142157273963,0.40031983460434667
1.0,7.0,1.0,1.0,5.0,7.0,5.0,3.0,3.0,0.0,0.0,0.0,0.0,none,blank_wall,lexington_avenue/north_to_south/08_n00714_S.jpg,lexington_avenue,north_to_south,n00714,S,8,0.125,0.0,0.0,0.6666666666666666,1.0,0.6666666666666666,0.3333333333333333,0.3333333333333333,0.0425,0.7766666666666666,0.44333333333333336,0.41705000000000003,0.937147274535002,0.5887,0.0425,0.7559252672632173,0.34679093334228145,0.3783463461998146
1.0,7.0,1.0,1.0,5.0,7.0,5.0,3.0,3.0,0.0,0.0,0.0,0.0,none,blank_wall,lexington_avenue/north_to_south/09_n00713_S.jpg,lexington_avenue,north_to_south,n00713,S,9,0.125,0.0,0.0,0.6666666666666666,1.0,0.6666666666666666,0.3333333333333333,0.3333333333333333,0.0425,0.7766666666666666,0.44333333333333336,0.41705000000000003,0.8790244189795465,1.6502,0.0425,0.736744724929917,0.3770670939382246,0.3820079002264868
2.0,6.0,3.0,2.0,4.0,6.0,5.0,5.0,4.0,0.0,0.0,0.0,0.0,hedge,shopfront,lexington_avenue/north_to_south/10_n00711_S.jpg,lexington_avenue,north_to_south,n00711,S,10,0.25,0.3333333333333333,0.16666666666666666,0.5,0.8333333333333334,0.6666666666666666,0.6666666666666666,0.5,0.25,0.665,0.6116666666666667,0.5063000000000001,0.8733220266081074,1.3094,0.25,0.6781962687806754,0.4223467778467527,0.4481792053870513
1.0,7.0,1.0,1.0,3.0,7.0,5.0,3.0,3.0,0.0,0.0,0.0,0.0,none,blank_wall,lexington_avenue/north_to_south/11_n00710_S.jpg,lexington_avenue,north_to_south,n00710,S,11,0.125,0.0,0.0,0.3333333333333333,1.0,0.6666666666666666,0.3333333333333333,0.3333333333333333,0.0425,0.6633333333333333,0.44333333333333336,0.37965000000000004,0.9503287220452654,0.2011,0.0425,0.6469418116082709,0.33573578511148766,0.3387336069175203
1.0,7.0,1.0,1.0,1.0,7.0,1.0,1.0,1.0,0.0,0.0,0.0,2.0,none,blank_wall,lexington_avenue/north_to_south/12_n00709_S.jpg,lexington_avenue,north_to_south,n00709,S,12,0.125,0.0,0.0,0.0,1.0,0.0,0.0,0.0,0.0425,0.33,0.0,0.12335000000000002,0.8663504585521827,2.2586,0.0425,0.28589565132222033,0.06441991174940859,0.13005413581363756
2.0,6.0,3.0,3.0,4.0,6.0,5.0,5.0,3.0,0.0,0.0,0.0,0.0,hedge,blank_wall,lexington_avenue/north_to_south/13_n00708_S.jpg,lexington_avenue,north_to_south,n00708,S,13,0.25,0.3333333333333333,0.3333333333333333,0.5,0.8333333333333334,0.6666666666666666,0.6666666666666666,0.3333333333333333,0.305,0.665,0.5566666666666666,0.50685,0.921177312627784,1.9614,0.305,0.6939885131671687,0.38594315722362965,0.4600774512289635
1.0,7.0,1.0,1.0,3.0,7.0,5.0,3.0,2.0,0.0,0.0,0.0,0.0,none,blank_wall,lexington_avenue/north_to_south/14_n00707_S.jpg,lexington_avenue,north_to_south,n00707,S,14,0.125,0.0,0.0,0.3333333333333333,1.0,0.6666666666666666,0.3333333333333333,0.16666666666666666,0.0425,0.6633333333333333,0.38833333333333336,0.36150000000000004,0.9292476014523812,2.8979,0.0425,0.6399850418126192,0.3576540610371961,0.34367090394043903
1.0,7.0,1.0,1.0,3.0,7.0,5.0,3.0,3.0,0.0,0.0,0.0,0.0,none,blank_wall,lexington_avenue/north_to_south/15_n00706_S.jpg,lexington_avenue,north_to_south,n00706,S,15,0.125,0.0,0.0,0.3333333333333333,1.0,0.6666666666666666,0.3333333333333333,0.3333333333333333,0.0425,0.6633333333333333,0.44333333333333336,0.37965000000000004,0.918077292254057,1.7275,0.0425,0.6362988397771722,0.37927184873244635,0.3495883272081741
1.0,7.0,1.0,1.0,5.0,7.0,5.0,3.0,3.0,0.0,0.0,0.0,3.0,none,blank_wall,lexington_avenue/north_to_south/16_n00705_S.jpg,lexington_avenue,north_to_south,n00705,S,16,0.125,0.0,0.0,0.6666666666666666,1.0,0.6666666666666666,0.3333333333333333,0.3333333333333333,0.0425,0.7766666666666666,0.44333333333333336,0.41705000000000003,0.8464369876671026,2.5011,0.0425,0.7259908725968105,0.4013365099072194,0.3864680362263299
1.0,7.0,1.0,1.0,3.0,7.0,3.0,3.0,1.0,0.0,0.0,0.0,0.0,none,blank_wall,lexington_avenue/north_to_south/17_n00704_S.jpg,lexington_avenue,north_to_south,n00704,S,17,0.125,0.0,0.0,0.3333333333333333,1.0,0.3333333333333333,0.3333333333333333,0.0,0.0425,0.5533333333333333,0.22333333333333333,0.27075,0.9193610970902656,2.8831,0.0425,0.526722495373121,0.19223193463416272,0.2517049619024036
1.0,7.0,1.0,1.0,3.0,7.0,5.0,3.0,2.0,0.0,0.0,0.0,0.0,none,blank_wall,lexington_avenue/north_to_south/18_n00703_S.jpg,lexington_avenue,north_to_south,n00703,S,18,0.125,0.0,0.0,0.3333333333333333,1.0,0.6666666666666666,0.3333333333333333,0.16666666666666666,0.0425,0.6633333333333333,0.38833333333333336,0.36150000000000004,0.9160349840765316,2.8026,0.0425,0.6356248780785888,0.3549359092663121,0.3413350598238173
1.0,7.0,1.0,1.0,1.0,7.0,1.0,1.0,1.0,0.0,0.0,0.0,0.0,none,blank_wall,lexington_avenue/north_to_south/19_n00702_S.jpg,lexington_avenue,north_to_south,n00702,S,19,0.125,0.0,0.0,0.0,1.0,0.0,0.0,0.0,0.0425,0.33,0.0,0.12335000000000002,0.8265057504461943,1.3743,0.0425,0.27274689764724414,0.03919785916816268,0.11739176974908426
1.0,7.0,1.0,1.0,1.0,7.0,1.0,1.0,1.0,1.0,0.0,0.0,1.0,tree_canopy,blank_wall,lexington_avenue/north_to_south/20_n00701_S.jpg,lexington_avenue,north_to_south,n00701,S,20,0.125,0.0,0.0,0.0,1.0,0.0,0.0,0.0,0.0425,0.33,0.0,0.12335000000000002,0.8460956150886525,3.5275,0.0425,0.2792115529792553,0.1006115463986712,0.13979162279471574
1.0,7.0,1.0,1.0,1.0,7.0,1.0,1.0,1.0,0.0,0.0,0.0,1.0,none,blank_wall,lexington_avenue/north_to_south/21_n00700_S.jpg,lexington_avenue,north_to_south,n00700,S,21,0.125,0.0,0.0,0.0,1.0,0.0,0.0,0.0,0.0425,0.33,0.0,0.12335000000000002,0.8917939966825986,1.1443,0.0425,0.2942920189052576,0.0326377866885895,0.12233683584596954
3.0,6.0,3.0,3.0,3.0,6.0,3.0,4.0,3.0,0.0,0.0,0.0,0.0,hedge,blank_wall,lexington_avenue/north_to_south/22_n00699_S.jpg,lexington_avenue,north_to_south,n00699,S,22,0.3333333333333333,0.3333333333333333,0.3333333333333333,0.3333333333333333,0.8333333333333334,0.3333333333333333,0.5,0.3333333333333333,0.3333333333333333,0.49833333333333335,0.39,0.4064833333333334,0.8388037126962842,0.511,0.3333333333333333,0.5001385585231072,0.23457476972635605,0.3557887316556562
1.0,7.0,1.0,1.0,1.0,7.0,1.0,1.0,1.0,0.0,0.0,0.0,0.0,none,blank_wall,lexington_avenue/north_to_south/23_n00698_S.jpg,lexington_avenue,north_to_south,n00698,S,23,0.125,0.0,0.0,0.0,1.0,0.0,0.0,0.0,0.0425,0.33,0.0,0.12335000000000002,0.7771688066387687,2.8414,0.0425,0.2564657061907937,0.08104256497156184,0.12582772948357732
1.0,7.0,1.0,1.0,1.0,7.0,1.0,1.0,1.0,0.0,0.0,0.0,0.0,none,blank_wall,lexington_avenue/north_to_south/24_n00697_S.jpg,lexington_avenue,north_to_south,n00697,S,24,0.125,0.0,0.0,0.0,1.0,0.0,0.0,0.0,0.0425,0.33,0.0,0.12335000000000002,0.8203866749970958,1.9827,0.0425,0.2707276027490416,0.05655067697934668,0.12245183231036814
2.0,6.0,3.0,4.0,3.0,6.0,5.0,5.0,3.0,0.0,0.0,0.0,0.0,hedge,blank_wall,lexington_avenue/north_to_south/25_n00696_S.jpg,lexington_avenue,north_to_south,n00696,S,25,0.25,0.3333333333333333,0.5,0.3333333333333333,0.8333333333333334,0.6666666666666666,0.6666666666666666,0.3333333333333333,0.36,0.6083333333333334,0.5566666666666666,0.50685,0.8553157547531617,1.5772,0.36,0.6155875324018767,0.37498498397731655,0.4492889304051338
1.0,7.0,1.0,1.0,1.0,7.0,1.0,1.0,1.0,0.0,0.0,0.0,0.0,none,blank_wall,lexington_avenue/north_to_south/26_n00695_S.jpg,lexington_avenue,north_to_south,n00695,S,26,0.125,0.0,0.0,0.0,1.0,0.0,0.0,0.0,0.0425,0.33,0.0,0.12335000000000002,0.8496389371242496,3.1669,0.0425,0.2803808492510024,0.09032649363287085,0.13678342315167816
1.0,7.0,1.0,1.0,3.0,7.0,5.0,3.0,1.0,0.0,0.0,0.0,1.0,none,blank_wall,lexington_avenue/north_to_south/27_n00694_S.jpg,lexington_avenue,north_to_south,n00694,S,27,0.125,0.0,0.0,0.3333333333333333,1.0,0.6666666666666666,0.3333333333333333,0.0,0.0425,0.6633333333333333,0.33333333333333337,0.34335000000000004,0.8524741435540955,4.3886,0.0425,0.6146498007061848,0.34517188732110804,0.33119115704900665
2.0,6.0,3.0,2.0,4.0,6.0,5.0,5.0,3.0,0.0,0.0,0.0,0.0,hedge,blank_wall,lexington_avenue/north_to_south/28_n00693_S.jpg,lexington_avenue,north_to_south,n00693,S,28,0.25,0.3333333333333333,0.16666666666666666,0.5,0.8333333333333334,0.6666666666666666,0.6666666666666666,0.3333333333333333,0.25,0.665,0.5566666666666666,0.4881500000000001,0.7860474885897138,3.9846,0.25,0.6493956712346056,0.4436489774004664,0.4457047340495738
1.0,7.0,1.0,1.0,3.0,7.0,3.0,3.0,3.0,0.0,0.0,0.0,0.0,none,blank_wall,lexington_avenue/north_to_south/29_n00692_S.jpg,lexington_avenue,north_to_south,n00692,S,29,0.125,0.0,0.0,0.3333333333333333,1.0,0.3333333333333333,0.3333333333333333,0.3333333333333333,0.0425,0.5533333333333333,0.3333333333333333,0.30705,0.8546362732256569,0.8116,0.0425,0.5053633034978001,0.24314849923661558,0.2614588949023572
1.0,7.0,1.0,1.0,1.0,7.0,1.0,1.0,1.0,0.0,0.0,0.0,0.0,none,blank_wall,lexington_avenue/north_to_south/30_n00691_S.jpg,lexington_avenue,north_to_south,n00691,S,30,0.125,0.0,0.0,0.0,1.0,0.0,0.0,0.0,0.0425,0.33,0.0,0.12335000000000002,0.8736926270172617,0.7045,0.0425,0.28831856691569635,0.020093787225475227,0.11622607686658663
1.0,7.0,1.0,1.0,3.0,7.0,3.0,3.0,3.0,0.0,0.0,0.0,10.0,none,blank_wall,lexington_avenue/north_to_south/31_n00690_S.jpg,lexington_avenue,north_to_south,n00690,S,31,0.125,0.0,0.0,0.3333333333333333,1.0,0.3333333333333333,0.3333333333333333,0.3333333333333333,0.0425,0.5533333333333333,0.3333333333333333,0.30705,0.8317557744704186,5.1613,0.0425,0.4978127389085715,0.36721087864704793,0.2999077937933544
1.0,7.0,1.0,1.0,5.0,7.0,5.0,3.0,3.0,0.0,0.0,0.0,10.0,none,blank_wall,lexington_avenue/north_to_south/32_n00689_S.jpg,lexington_avenue,north_to_south,n00689,S,32,0.125,0.0,0.0,0.6666666666666666,1.0,0.6666666666666666,0.3333333333333333,0.3333333333333333,0.0425,0.7766666666666666,0.44333333333333336,0.41705000000000003,0.8393304484875017,1.8507,0.0425,0.7236457146675422,0.38278576581715684,0.3795723885599507
1.0,7.0,1.0,1.0,1.0,7.0,1.0,1.0,1.0,0.0,0.0,0.0,0.0,none,blank_wall,lexington_avenue/south_to_north/01_n00689_N.jpg,lexington_avenue,south_to_north,n00689,N,1,0.125,0.0,0.0,0.0,1.0,0.0,0.0,0.0,0.0425,0.33,0.0,0.12335000000000002,0.8393304484875017,0.9364,0.0425,0.2769790480008756,0.026708051608140528,0.11466674287097532
1.0,7.0,1.0,1.0,1.0,7.0,1.0,1.0,1.0,0.0,0.0,0.0,0.0,none,blank_wall,lexington_avenue/south_to_north/02_n00690_N.jpg,lexington_avenue,south_to_north,n00690,N,2,0.125,0.0,0.0,0.0,1.0,0.0,0.0,0.0,0.0425,0.33,0.0,0.12335000000000002,0.8317557744704186,4.385,0.0425,0.27447940557523814,0.12506920792577556,0.14630104245533454
1.0,7.0,1.0,1.0,3.0,7.0,3.0,3.0,1.0,0.0,0.0,0.0,0.0,none,blank_wall,lexington_avenue/south_to_north/03_n00691_N.jpg,lexington_avenue,south_to_north,n00691,N,3,0.125,0.0,0.0,0.3333333333333333,1.0,0.3333333333333333,0.3333333333333333,0.0,0.0425,0.5533333333333333,0.22333333333333333,0.27075,0.8736926270172617,0.6997,0.0425,0.5116519002490297,0.12995688136503197,0.22618089793264037
3.0,6.0,3.0,4.0,4.0,6.0,5.0,5.0,3.0,0.0,0.0,0.0,0.0,hedge,blank_wall,lexington_avenue/south_to_north/04_n00692_N.jpg,lexington_avenue,south_to_north,n00692,N,4,0.3333333333333333,0.3333333333333333,0.5,0.5,0.8333333333333334,0.6666666666666666,0.6666666666666666,0.3333333333333333,0.3883333333333333,0.665,0.5566666666666666,0.5351833333333333,0.8546362732256569,0.3791,0.3883333333333333,0.6720299701644668,0.34081271076959213,0.4662714180415728
1.0,7.0,1.0,1.0,1.0,7.0,1.0,1.0,1.0,0.0,0.0,0.0,0.0,none,blank_wall,lexington_avenue/south_to_north/05_n00693_N.jpg,lexington_avenue,south_to_north,n00693,N,5,0.125,0.0,0.0,0.0,1.0,0.0,0.0,0.0,0.0425,0.33,0.0,0.12335000000000002,0.7860474885897138,1.2123,0.0425,0.2593956712346056,0.03457728637820244,0.11146107601222667
1.0,7.0,1.0,1.0,1.0,7.0,1.0,1.0,1.0,0.0,0.0,0.0,0.0,none,blank_wall,lexington_avenue/south_to_north/06_n00694_N.jpg,lexington_avenue,south_to_north,n00694,N,6,0.125,0.0,0.0,0.0,1.0,0.0,0.0,0.0,0.0425,0.33,0.0,0.12335000000000002,0.8524741435540955,2.7766,0.0425,0.2813164673728515,0.07919433585557775,0.13341856506538166
1.0,7.0,1.0,1.0,1.0,7.0,1.0,1.0,1.0,0.0,0.0,0.0,0.0,none,blank_wall,lexington_avenue/south_to_north/07_n00695_N.jpg,lexington_avenue,south_to_north,n00695,N,7,0.125,0.0,0.0,0.0,1.0,0.0,0.0,0.0,0.0425,0.33,0.0,0.12335000000000002,0.8496389371242496,2.5889,0.0425,0.2803808492510024,0.07384074627116086,0.13134312652231386
1.0,7.0,1.0,1.0,1.0,7.0,1.0,1.0,1.0,0.0,0.0,0.0,0.0,none,blank_wall,lexington_avenue/south_to_north/08_n00696_N.jpg,lexington_avenue,south_to_north,n00696,N,8,0.125,0.0,0.0,0.0,1.0,0.0,0.0,0.0,0.0425,0.33,0.0,0.12335000000000002,0.8553157547531617,1.3335,0.0425,0.2822541990685434,0.03803415935439491,0.12014515827956965
1.0,7.0,1.0,1.0,3.0,7.0,5.0,3.0,2.0,0.0,0.0,0.0,0.0,none,blank_wall,lexington_avenue/south_to_north/09_n00697_N.jpg,lexington_avenue,south_to_north,n00697,N,9,0.125,0.0,0.0,0.3333333333333333,1.0,0.6666666666666666,0.3333333333333333,0.16666666666666666,0.0425,0.6633333333333333,0.38833333333333336,0.36150000000000004,0.8203866749970958,1.055,0.0425,0.604060936082375,0.30509076724325956,0.3144700620974594
3.0,6.0,3.0,4.0,4.0,6.0,5.0,5.0,4.0,2.0,0.0,0.0,0.0,tree_canopy,blank_wall,lexington_avenue/south_to_north/10_n00698_N.jpg,lexington_avenue,south_to_north,n00698,N,10,0.3333333333333333,0.3333333333333333,0.5,0.5,0.8333333333333334,0.6666666666666666,0.6666666666666666,0.5,0.3883333333333333,0.665,0.6116666666666667,0.5533333333333335,0.7771688066387687,4.0932,0.3883333333333333,0.6464657061907937,0.5017464724929953,0.5109433522989838
1.0,7.0,1.0,1.0,3.0,7.0,5.0,3.0,2.0,0.0,0.0,0.0,0.0,none,blank_wall,lexington_avenue/south_to_north/11_n00699_N.jpg,lexington_avenue,south_to_north,n00699,N,11,0.125,0.0,0.0,0.3333333333333333,1.0,0.6666666666666666,0.3333333333333333,0.16666666666666666,0.0425,0.6633333333333333,0.38833333333333336,0.36150000000000004,0.8388037126962842,0.0852,0.0425,0.6101385585231072,0.277430079022868,0.3073476503901718
1.0,7.0,1.0,1.0,1.0,7.0,1.0,1.0,1.0,0.0,0.0,0.0,0.0,none,blank_wall,lexington_avenue/south_to_north/12_n00700_N.jpg,lexington_avenue,south_to_north,n00700,N,12,0.125,0.0,0.0,0.0,1.0,0.0,0.0,0.0,0.0425,0.33,0.0,0.12335000000000002,0.8917939966825986,3.2241,0.0425,0.2942920189052576,0.09195795513648641,0.14191249143377552
1.0,7.0,1.0,1.0,5.0,7.0,5.0,3.0,3.0,0.0,0.0,0.0,0.0,none,blank_wall,lexington_avenue/south_to_north/13_n00701_N.jpg,lexington_avenue,south_to_north,n00701,N,13,0.125,0.0,0.0,0.6666666666666666,1.0,0.6666666666666666,0.3333333333333333,0.3333333333333333,0.0425,0.7766666666666666,0.44333333333333336,0.41705000000000003,0.8460956150886525,2.3337,0.0425,0.7258782196459219,0.3965619180242605,0.38485524543116023
1.0,7.0,1.0,1.0,3.0,7.0,3.0,3.0,1.0,0.0,0.0,0.0,0.0,none,blank_wall,lexington_avenue/south_to_north/14_n00702_N.jpg,lexington_avenue,south_to_north,n00702,N,14,0.125,0.0,0.0,0.3333333333333333,1.0,0.3333333333333333,0.3333333333333333,0.0,0.0425,0.5533333333333333,0.22333333333333333,0.27075,0.8265057504461943,0.9974,0.0425,0.49608023098057746,0.13844789691794038,0.2238442822065109
1.0,7.0,1.0,1.0,1.0,7.0,1.0,1.0,1.0,0.0,0.0,0.0,0.0,none,blank_wall,lexington_avenue/south_to_north/15_n00703_N.jpg,lexington_avenue,south_to_north,n00703,N,15,0.125,0.0,0.0,0.0,1.0,0.0,0.0,0.0,0.0425,0.33,0.0,0.12335000000000002,0.9160349840765316,1.4281,0.0425,0.30229154474525544,0.04073234568729762,0.12764788384274253
1.0,7.0,1.0,1.0,3.0,7.0,3.0,3.0,1.0,0.0,0.0,0.0,0.0,none,blank_wall,lexington_avenue/south_to_north/16_n00704_N.jpg,lexington_avenue,south_to_north,n00704,N,16,0.125,0.0,0.0,0.3333333333333333,1.0,0.3333333333333333,0.3333333333333333,0.0,0.0425,0.5533333333333333,0.22333333333333333,0.27075,0.9193610970902656,2.7336,0.0425,0.526722495373121,0.18796788752244015,0.25029782635553516
3.0,6.0,3.0,4.0,4.0,6.0,5.0,5.0,4.0,2.0,0.0,0.0,0.0,tree_canopy,blank_wall,lexington_avenue/south_to_north/17_n00705_N.jpg,lexington_avenue,south_to_north,n00705,N,17,0.3333333333333333,0.3333333333333333,0.5,0.5,0.8333333333333334,0.6666666666666666,0.6666666666666666,0.5,0.3883333333333333,0.665,0.6116666666666667,0.5533333333333335,0.8464369876671026,1.1244,0.3883333333333333,0.6693242059301439,0.41707019780883514,0.49054348656719643
3.0,6.0,3.0,3.0,4.0,6.0,5.0,5.0,4.0,2.0,0.0,0.0,0.0,tree_canopy,shopfront,lexington_avenue/south_to_north/18_n00706_N.jpg,lexington_avenue,south_to_north,n00706,N,18,0.3333333333333333,0.3333333333333333,0.3333333333333333,0.5,0.8333333333333334,0.6666666666666666,0.6666666666666666,0.5,0.3333333333333333,0.665,0.6116666666666667,0.5346333333333334,0.918077292254057,3.9136,0.3333333333333333,0.6929655064438388,0.4966239115480765,0.5058978412706654
1.0,7.0,1.0,1.0,5.0,7.0,5.0,3.0,3.0,0.0,0.0,0.0,2.0,none,blank_wall,lexington_avenue/south_to_north/19_n00707_N.jpg,lexington_avenue,south_to_north,n00707,N,19,0.125,0.0,0.0,0.6666666666666666,1.0,0.6666666666666666,0.3333333333333333,0.3333333333333333,0.0425,0.7766666666666666,0.44333333333333336,0.41705000000000003,0.9292476014523812,2.0114,0.0425,0.7533183751459525,0.3873692599365804,0.39087691957723586
1.0,7.0,1.0,1.0,5.0,7.0,5.0,3.0,3.0,0.0,0.0,0.0,0.0,none,blank_wall,lexington_avenue/south_to_north/20_n00708_N.jpg,lexington_avenue,south_to_north,n00708,N,20,0.125,0.0,0.0,0.6666666666666666,1.0,0.6666666666666666,0.3333333333333333,0.3333333333333333,0.0425,0.7766666666666666,0.44333333333333336,0.41705000000000003,0.921177312627784,2.1647,0.0425,0.7506551798338355,0.3917416908544872,0.3914409673271465
3.0,6.0,3.0,4.0,5.0,6.0,5.0,5.0,5.0,0.0,0.0,0.0,0.0,hedge,shopfront,lexington_avenue/south_to_north/21_n00709_N.jpg,lexington_avenue,south_to_north,n00709,N,21,0.3333333333333333,0.3333333333333333,0.5,0.6666666666666666,0.8333333333333334,0.6666666666666666,0.6666666666666666,0.6666666666666666,0.3883333333333333,0.7216666666666667,0.6666666666666666,0.5901833333333334,0.8663504585521827,0.9986,0.3883333333333333,0.7325623179888869,0.4684821233830512,0.528377998986073
3.0,6.0,3.0,4.0,5.0,6.0,5.0,5.0,4.0,2.0,0.0,0.0,1.0,tree_canopy,shopfront,lexington_avenue/south_to_north/22_n00710_N.jpg,lexington_avenue,south_to_north,n00710,N,22,0.3333333333333333,0.3333333333333333,0.5,0.6666666666666666,0.8333333333333334,0.6666666666666666,0.6666666666666666,0.5,0.3883333333333333,0.7216666666666667,0.6116666666666667,0.5720333333333334,0.9503287220452654,1.3502,0.3883333333333333,0.7602751449416043,0.4235104776605204,0.5226825887920346
3.0,6.0,3.0,3.0,5.0,6.0,5.0,5.0,4.0,2.0,0.0,0.0,3.0,tree_canopy,shopfront,lexington_avenue/south_to_north/23_n00711_N.jpg,lexington_avenue,south_to_north,n00711,N,23,0.3333333333333333,0.3333333333333333,0.3333333333333333,0.6666666666666666,0.8333333333333334,0.6666666666666666,0.6666666666666666,0.5,0.3333333333333333,0.7216666666666667,0.6116666666666667,0.5533333333333335,0.8733220266081074,1.2896,0.3333333333333333,0.7348629354473422,0.42178204117242424,0.4950261756178562
1.0,7.0,1.0,1.0,3.0,7.0,3.0,3.0,1.0,0.0,0.0,0.0,0.0,none,blank_wall,lexington_avenue/south_to_north/24_n00713_N.jpg,lexington_avenue,south_to_north,n00713,N,24,0.125,0.0,0.0,0.3333333333333333,1.0,0.3333333333333333,0.3333333333333333,0.0,0.0425,0.5533333333333333,0.22333333333333333,0.27075,0.8790244189795465,0.643,0.0425,0.5134113915965838,0.1283396808885459,0.2262278539200928
1.0,7.0,1.0,1.0,5.0,7.0,5.0,3.0,3.0,0.0,0.0,0.0,0.0,none,blank_wall,lexington_avenue/south_to_north/25_n00714_N.jpg,lexington_avenue,south_to_north,n00714,N,25,0.125,0.0,0.0,0.6666666666666666,1.0,0.6666666666666666,0.3333333333333333,0.3333333333333333,0.0425,0.7766666666666666,0.44333333333333336,0.41705000000000003,0.937147274535002,1.9349,0.0425,0.7559252672632173,0.38518732278576584,0.3910171547161645
2.0,6.0,3.0,2.0,5.0,6.0,5.0,4.0,5.0,0.0,0.0,0.0,0.0,hedge,shopfront,lexington_avenue/south_to_north/26_n00715_N.jpg,lexington_avenue,south_to_north,n00715,N,26,0.25,0.3333333333333333,0.16666666666666666,0.6666666666666666,0.8333333333333334,0.6666666666666666,0.5,0.6666666666666666,0.25,0.7216666666666667,0.61,0.5244500000000001,0.9446110506364174,2.4342,0.25,0.7583883133766844,0.5094283844772914,0.503379510291812
1.0,7.0,1.0,1.0,5.0,7.0,5.0,3.0,3.0,0.0,0.0,0.0,1.0,none,blank_wall,lexington_avenue/south_to_north/27_n00716_N.jpg,lexington_avenue,south_to_north,n00716,N,27,0.125,0.0,0.0,0.6666666666666666,1.0,0.6666666666666666,0.3333333333333333,0.3333333333333333,0.0425,0.7766666666666666,0.44333333333333336,0.41705000000000003,0.9175967102119216,2.3244,0.0425,0.7494735810366008,0.3962966629196517,0.39255418050556334
1.0,7.0,1.0,1.0,5.0,7.0,5.0,3.0,3.0,0.0,0.0,0.0,0.0,none,blank_wall,lexington_avenue/south_to_north/28_n00717_N.jpg,lexington_avenue,south_to_north,n00717,N,28,0.125,0.0,0.0,0.6666666666666666,1.0,0.6666666666666666,0.3333333333333333,0.3333333333333333,0.0425,0.7766666666666666,0.44333333333333336,0.41705000000000003,0.8920287486669078,0.9135,0.0425,0.7410361537267462,0.3560548965656091,0.37649004659647733
1.0,7.0,1.0,1.0,5.0,7.0,5.0,3.0,3.0,0.0,0.0,0.0,0.0,none,blank_wall,lexington_avenue/south_to_north/29_n00718_N.jpg,lexington_avenue,south_to_north,n00718,N,29,0.125,0.0,0.0,0.6666666666666666,1.0,0.6666666666666666,0.3333333333333333,0.3333333333333333,0.0425,0.7766666666666666,0.44333333333333336,0.41705000000000003,0.940277757708284,2.5964,0.0425,0.7569583267104004,0.40405466167810344,0.3975842861682063
1.0,7.0,1.0,1.0,5.0,7.0,5.0,3.0,3.0,0.0,0.0,0.0,0.0,none,blank_wall,lexington_avenue/south_to_north/30_n00719_N.jpg,lexington_avenue,south_to_north,n00719,N,30,0.125,0.0,0.0,0.6666666666666666,1.0,0.6666666666666666,0.3333333333333333,0.3333333333333333,0.0425,0.7766666666666666,0.44333333333333336,0.41705000000000003,0.9506671787113616,3.884,0.0425,0.7603868356414161,0.44077965874200964,0.4108349431465305
1.0,7.0,1.0,1.0,5.0,7.0,5.0,3.0,3.0,0.0,0.0,0.0,10.0,none,blank_wall,lexington_avenue/south_to_north/31_n00720_N.jpg,lexington_avenue,south_to_north,n00720,N,31,0.125,0.0,0.0,0.6666666666666666,1.0,0.6666666666666666,0.3333333333333333,0.3333333333333333,0.0425,0.7766666666666666,0.44333333333333336,0.41705000000000003,0.9450595929322788,1.7859,0.0425,0.7585363323343186,0.38093753670117275,0.3904763767817122
1.0,7.0,1.0,1.0,5.0,7.0,5.0,3.0,3.0,0.0,0.0,0.0,0.0,none,blank_wall,lexington_avenue/south_to_north/32_n00721_N.jpg,lexington_avenue,south_to_north,n00721,N,32,0.125,0.0,0.0,0.6666666666666666,1.0,0.6666666666666666,0.3333333333333333,0.3333333333333333,0.0425,0.7766666666666666,0.44333333333333336,0.41705000000000003,0.8915137142059036,0.5952,0.0425,0.7408661923546149,0.34697632669496503,0.3734380312863614
1.0,7.0,1.0,1.0,5.0,7.0,5.0,3.0,3.0,0.0,0.0,0.0,10.0,none,blank_wall,madison_avenue/north_to_south/01_n00755_S.jpg,madison_avenue,north_to_south,n00755,S,1,0.125,0.0,0.0,0.6666666666666666,1.0,0.6666666666666666,0.3333333333333333,0.3333333333333333,0.0425,0.7766666666666666,0.44333333333333336,0.41705000000000003,0.8714831635601491,2.1208,0.0425,0.7342561106415159,0.3904895726725165,0.38561607549363064
1.0,7.0,1.0,1.0,5.0,7.0,5.0,3.0,3.0,1.0,0.0,0.0,0.0,none,blank_wall,madison_avenue/north_to_south/02_n00754_S.jpg,madison_avenue,north_to_south,n00754,S,2,0.125,0.0,0.0,0.6666666666666666,1.0,0.6666666666666666,0.3333333333333333,0.3333333333333333,0.0425,0.7766666666666666,0.44333333333333336,0.41705000000000003,0.9436527347405006,1.0091,0.0425,0.7580720691310319,0.35878160495277084,0.3830117124476549
1.0,7.0,1.0,1.0,7.0,7.0,7.0,5.0,5.0,0.0,0.0,0.0,0.0,none,blank_wall,madison_avenue/north_to_south/03_n00753_S.jpg,madison_avenue,north_to_south,n00753,S,3,0.125,0.0,0.0,1.0,1.0,1.0,0.6666666666666666,0.6666666666666666,0.0425,1.0,0.7766666666666666,0.60075,0.9473275821993076,2.9761,0.0425,0.9826181021257716,0.634884485680251,0.5482258539759876
1.0,7.0,1.0,1.0,5.0,7.0,5.0,3.0,3.0,0.0,0.0,0.0,10.0,none,blank_wall,madison_avenue/north_to_south/04_n00752_S.jpg,madison_avenue,north_to_south,n00752,S,4,0.125,0.0,0.0,0.6666666666666666,1.0,0.6666666666666666,0.3333333333333333,0.3333333333333333,0.0425,0.7766666666666666,0.44333333333333336,0.41705000000000003,0.940234195198726,2.3665,0.0425,0.7569439510822462,0.39749744140395615,0.3954156595204468
1.0,7.0,1.0,1.0,5.0,7.0,5.0,3.0,3.0,0.0,0.0,0.0,0.0,none,blank_wall,madison_avenue/north_to_south/05_n00751_S.jpg,madison_avenue,north_to_south,n00751,S,5,0.125,0.0,0.0,0.6666666666666666,1.0,0.6666666666666666,0.3333333333333333,0.3333333333333333,0.0425,0.7766666666666666,0.44333333333333336,0.41705000000000003,0.9055962602533878,1.799,0.0425,0.7455134325502846,0.3813111756119658,0.38630212069354264
1.0,7.0,1.0,1.0,5.0,7.0,5.0,3.0,5.0,0.0,0.0,0.0,0.0,none,blank_wall,madison_avenue/north_to_south/06_n00750_S.jpg,madison_avenue,north_to_south,n00750,S,6,0.125,0.0,0.0,0.6666666666666666,1.0,0.6666666666666666,0.3333333333333333,0.6666666666666666,0.0425,0.7766666666666666,0.5533333333333333,0.45335000000000003,0.9400375845446464,3.4733,0.0425,0.7568790695664,0.5390656510578327,0.44211175780599676
1.0,7.0,1.0,1.0,5.0,7.0,5.0,3.0,3.0,0.0,0.0,0.0,0.0,none,blank_wall,madison_avenue/north_to_south/07_n00749_S.jpg,madison_avenue,north_to_south,n00749,S,7,0.125,0.0,0.0,0.6666666666666666,1.0,0.6666666666666666,0.3333333333333333,0.3333333333333333,0.0425,0.7766666666666666,0.44333333333333336,0.41705000000000003,0.9391879946672628,3.9305,0.0425,0.7565987049068634,0.44210593426505373,0.4100225309267327
1.0,7.0,1.0,1.0,5.0,7.0,5.0,3.0,3.0,0.0,0.0,0.0,10.0,none,blank_wall,madison_avenue/north_to_south/08_n00748_S.jpg,madison_avenue,north_to_south,n00748,S,8,0.125,0.0,0.0,0.6666666666666666,1.0,0.6666666666666666,0.3333333333333333,0.3333333333333333,0.0425,0.7766666666666666,0.44333333333333336,0.41705000000000003,0.9227399168045426,2.0494,0.0425,0.7511708392121657,0.38845309799842287,0.3905258992794942
1.0,7.0,1.0,1.0,5.0,7.0,5.0,3.0,3.0,0.0,0.0,0.0,0.0,none,blank_wall,madison_avenue/north_to_south/09_n00747_S.jpg,madison_avenue,north_to_south,n00747,S,9,0.125,0.0,0.0,0.6666666666666666,1.0,0.6666666666666666,0.3333333333333333,0.3333333333333333,0.0425,0.7766666666666666,0.44333333333333336,0.41705000000000003,0.8972720948997837,2.2778,0.0425,0.7427664579835953,0.39496753519118166,0.3899022177476764
1.0,7.0,1.0,1.0,5.0,7.0,5.0,3.0,3.0,0.0,0.0,0.0,0.0,none,blank_wall,madison_avenue/north_to_south/10_n00746_S.jpg,madison_avenue,north_to_south,n00746,S,10,0.125,0.0,0.0,0.6666666666666666,1.0,0.6666666666666666,0.3333333333333333,0.3333333333333333,0.0425,0.7766666666666666,0.44333333333333336,0.41705000000000003,0.9260509128814984,2.9038,0.0425,0.7522634679175612,0.4128223411573243,0.3989283169947122
1.0,7.0,1.0,1.0,5.0,7.0,5.0,3.0,3.0,0.0,0.0,0.0,0.0,none,blank_wall,madison_avenue/north_to_south/11_n00745_S.jpg,madison_avenue,north_to_south,n00745,S,11,0.125,0.0,0.0,0.6666666666666666,1.0,0.6666666666666666,0.3333333333333333,0.3333333333333333,0.0425,0.7766666666666666,0.44333333333333336,0.41705000000000003,0.9253867358783704,3.3389,0.0425,0.7520442895065289,0.4252322869654212,0.40295127023574356
1.0,7.0,1.0,1.0,5.0,7.0,5.0,3.0,3.0,0.0,0.0,0.0,10.0,none,blank_wall,madison_avenue/north_to_south/12_n00744_S.jpg,madison_avenue,north_to_south,n00744,S,12,0.125,0.0,0.0,0.6666666666666666,1.0,0.6666666666666666,0.3333333333333333,0.3333333333333333,0.0425,0.7766666666666666,0.44333333333333336,0.41705000000000003,0.888949909493092,0.3737,0.0425,0.740020136799387,0.34065869167659346,0.37107401339707363
1.0,7.0,1.0,1.0,1.0,7.0,1.0,1.0,1.0,0.0,0.0,0.0,0.0,none,blank_wall,madison_avenue/north_to_south/13_n00743_S.jpg,madison_avenue,north_to_south,n00743,S,13,0.125,0.0,0.0,0.0,1.0,0.0,0.0,0.0,0.0425,0.33,0.0,0.12335000000000002,0.943817569171122,1.6817,0.0425,0.31145979782647026,0.047965538647383524,0.13306036103637175
1.0,7.0,1.0,1.0,1.0,7.0,1.0,1.0,1.0,0.0,0.0,0.0,0.0,none,blank_wall,madison_avenue/north_to_south/14_n00742_S.jpg,madison_avenue,north_to_south,n00742,S,14,0.125,0.0,0.0,0.0,1.0,0.0,0.0,0.0,0.0425,0.33,0.0,0.12335000000000002,0.9371055486720192,0.7613,0.0425,0.30924483106176637,0.02171383990738721,0.1236663614198207
1.0,7.0,1.0,1.0,5.0,7.0,5.0,3.0,3.0,0.0,0.0,0.0,1.0,none,blank_wall,madison_avenue/north_to_south/15_n00741_S.jpg,madison_avenue,north_to_south,n00741,S,15,0.125,0.0,0.0,0.6666666666666666,1.0,0.6666666666666666,0.3333333333333333,0.3333333333333333,0.0425,0.7766666666666666,0.44333333333333336,0.41705000000000003,0.9317367162337936,7.0533,0.0425,0.7541397830238186,0.5311746053051021,0.4386037481485438
1.0,7.0,1.0,1.0,5.0,7.0,5.0,3.0,3.0,0.0,0.0,0.0,0.0,none,blank_wall,madison_avenue/north_to_south/16_n00740_S.jpg,madison_avenue,north_to_south,n00740,S,16,0.125,0.0,0.0,0.6666666666666666,1.0,0.6666666666666666,0.3333333333333333,0.3333333333333333,0.0425,0.7766666666666666,0.44333333333333336,0.41705000000000003,0.9319971990236856,6.5316,0.0425,0.7542257423444829,0.5162946495981746,0.433721729341077
1.0,7.0,1.0,1.0,5.0,7.0,5.0,3.0,3.0,0.0,0.0,0.0,10.0,none,blank_wall,madison_avenue/north_to_south/17_n00739_S.jpg,madison_avenue,north_to_south,n00739,S,17,0.125,0.0,0.0,0.6666666666666666,1.0,0.6666666666666666,0.3333333333333333,0.3333333333333333,0.0425,0.7766666666666666,0.44333333333333336,0.41705000000000003,0.8578103058378477,2.8529,0.0425,0.7297440675931564,0.4113705685955405,0.39101782994226997
3.0,6.0,3.0,2.0,5.0,6.0,5.0,4.0,4.0,0.0,0.0,0.0,0.0,hedge,shopfront,madison_avenue/north_to_south/18_n00738_S.jpg,madison_avenue,north_to_south,n00738,S,18,0.3333333333333333,0.3333333333333333,0.16666666666666666,0.6666666666666666,0.8333333333333334,0.6666666666666666,0.5,0.5,0.2783333333333333,0.7216666666666667,0.555,0.5159333333333334,0.906180535261854,4.5611,0.2783333333333333,0.7457062433030786,0.5150919416807879,0.5106967343780093
1.0,7.0,1.0,1.0,1.0,7.0,1.0,1.0,1.0,0.0,0.0,0.0,0.0,none,blank_wall,madison_avenue/north_to_south/19_n00737_S.jpg,madison_avenue,north_to_south,n00737,S,19,0.125,0.0,0.0,0.0,1.0,0.0,0.0,0.0,0.0425,0.33,0.0,0.12335000000000002,0.9198397480499002,3.5316,0.0425,0.30354711685646707,0.10072848682113318,0.1478609492136081
1.0,7.0,1.0,1.0,1.0,7.0,1.0,1.0,1.0,0.0,0.0,0.0,0.0,none,blank_wall,madison_avenue/north_to_south/20_n00736_S.jpg,madison_avenue,north_to_south,n00736,S,20,0.125,0.0,0.0,0.0,1.0,0.0,0.0,0.0,0.0425,0.33,0.0,0.12335000000000002,0.8846959707122175,3.1393,0.0425,0.2919496703350318,0.08953928493532204,0.14034135523921676
3.0,6.0,5.0,4.0,3.0,6.0,5.0,5.0,3.0,2.0,0.0,0.0,1.0,tree_canopy,blank_wall,madison_avenue/north_to_south/21_n00735_S.jpg,madison_avenue,north_to_south,n00735,S,21,0.3333333333333333,0.6666666666666666,0.5,0.3333333333333333,0.8333333333333334,0.6666666666666666,0.6666666666666666,0.3333333333333333,0.4983333333333334,0.6083333333333334,0.5566666666666666,0.5538833333333334,0.8841371702382335,7.5224,0.4983333333333334,0.6250985995119503,0.5445543009580055,0.5554187904884188
2.0,6.0,3.0,2.0,3.0,5.0,4.0,5.0,3.0,2.0,0.0,0.0,1.0,tree_canopy,blank_wall,madison_avenue/north_to_south/22_n00734_S.jpg,madison_avenue,north_to_south,n00734,S,22,0.25,0.3333333333333333,0.16666666666666666,0.3333333333333333,0.6666666666666666,0.5,0.6666666666666666,0.3333333333333333,0.25,0.4983333333333334,0.5016666666666667,0.4150000000000001,0.8568303241584079,4.1288,0.25,0.5610873403056079,0.3927618576246162,0.399770235316974
1.0,7.0,1.0,1.0,1.0,7.0,1.0,1.0,1.0,0.0,0.0,0.0,0.0,none,blank_wall,madison_avenue/north_to_south/23_n00733_S.jpg,madison_avenue,north_to_south,n00733,S,23,0.125,0.0,0.0,0.0,1.0,0.0,0.0,0.0,0.0425,0.33,0.0,0.12335000000000002,0.8167196618683507,2.0808,0.0425,0.2695174884165557,0.05934869050215593,0.12297583904317486
1.0,7.0,1.0,1.0,3.0,7.0,5.0,3.0,3.0,0.0,0.0,0.0,10.0,none,blank_wall,madison_avenue/north_to_south/24_n00732_S.jpg,madison_avenue,north_to_south,n00732,S,24,0.125,0.0,0.0,0.3333333333333333,1.0,0.6666666666666666,0.3333333333333333,0.3333333333333333,0.0425,0.6633333333333333,0.44333333333333336,0.37965000000000004,0.7923310512500016,0.8671,0.0425,0.5948025802458339,0.35473147324799087,0.3277962376529622
1.0,7.0,1.0,1.0,3.0,7.0,3.0,3.0,3.0,0.0,0.0,0.0,0.0,none,blank_wall,madison_avenue/north_to_south/25_n00731_S.jpg,madison_avenue,north_to_south,n00731,S,25,0.125,0.0,0.0,0.3333333333333333,1.0,0.3333333333333333,0.3333333333333333,0.3333333333333333,0.0425,0.5533333333333333,0.3333333333333333,0.30705,0.7679817826173195,3.3578,0.0425,0.47676732159704877,0.3157713537909166,0.27598776287802856
2.0,6.0,3.0,2.0,3.0,6.0,4.0,4.0,3.0,0.0,0.0,0.0,0.0,hedge,blank_wall,madison_avenue/north_to_south/26_n00730_S.jpg,madison_avenue,north_to_south,n00730,S,26,0.25,0.3333333333333333,0.16666666666666666,0.3333333333333333,0.8333333333333334,0.5,0.5,0.3333333333333333,0.25,0.5533333333333333,0.445,0.41445,0.7967849292734532,0.1334,0.25,0.5412723599935729,0.2788048420381524,0.3556254766704694
1.0,7.0,1.0,1.0,5.0,7.0,5.0,3.0,3.0,0.0,0.0,0.0,0.0,none,blank_wall,madison_avenue/north_to_south/27_n00729_S.jpg,madison_avenue,north_to_south,n00729,S,27,0.125,0.0,0.0,0.6666666666666666,1.0,0.6666666666666666,0.3333333333333333,0.3333333333333333,0.0425,0.7766666666666666,0.44333333333333336,0.41705000000000003,0.9292444598176672,4.1645,0.0425,0.7533173384064968,0.448780094961663,0.4111421530114928
1.0,7.0,1.0,1.0,1.0,7.0,1.0,1.0,1.0,0.0,0.0,0.0,0.0,none,blank_wall,madison_avenue/north_to_south/28_n00728_S.jpg,madison_avenue,north_to_south,n00728,S,28,0.125,0.0,0.0,0.0,1.0,0.0,0.0,0.0,0.0425,0.33,0.0,0.12335000000000002,0.9036496068493248,3.4581,0.0425,0.2982043702602772,0.09863211583309565,0.14540604041081306
1.0,7.0,1.0,1.0,5.0,7.0,5.0,3.0,3.0,0.0,0.0,0.0,10.0,none,blank_wall,madison_avenue/north_to_south/29_n00727_S.jpg,madison_avenue,north_to_south,n00727,S,29,0.125,0.0,0.0,0.6666666666666666,1.0,0.6666666666666666,0.3333333333333333,0.3333333333333333,0.0425,0.7766666666666666,0.44333333333333336,0.41705000000000003,0.854366240154776,4.2985,0.0425,0.7286075259177427,0.4526020502323708,0.4042491601295375
1.0,7.0,1.0,1.0,5.0,7.0,5.0,3.0,3.0,0.0,0.0,0.0,0.0,none,blank_wall,madison_avenue/north_to_south/30_n00726_S.jpg,madison_avenue,north_to_south,n00726,S,30,0.125,0.0,0.0,0.6666666666666666,1.0,0.6666666666666666,0.3333333333333333,0.3333333333333333,0.0425,0.7766666666666666,0.44333333333333336,0.41705000000000003,0.9337805173962462,2.6327,0.0425,0.7548142374074279,0.40509001224770563,0.3972184023861941
1.0,7.0,1.0,1.0,5.0,7.0,5.0,3.0,3.0,0.0,0.0,0.0,0.0,none,blank_wall,madison_avenue/north_to_south/31_n00725_S.jpg,madison_avenue,north_to_south,n00725,S,31,0.125,0.0,0.0,0.6666666666666666,1.0,0.6666666666666666,0.3333333333333333,0.3333333333333333,0.0425,0.7766666666666666,0.44333333333333336,0.41705000000000003,0.9273611295542474,1.9065,0.0425,0.7526958394195683,0.38437729644480984,0.3896841348352448
1.0,7.0,1.0,1.0,5.0,7.0,5.0,3.0,5.0,0.0,0.0,0.0,10.0,none,blank_wall,madison_avenue/north_to_south/32_n00724_S.jpg,madison_avenue,north_to_south,n00724,S,32,0.125,0.0,0.0,0.6666666666666666,1.0,0.6666666666666666,0.3333333333333333,0.6666666666666666,0.0425,0.7766666666666666,0.5533333333333333,0.45335000000000003,0.90232566758462,2.1464,0.0425,0.7444341369695913,0.5012197372615472,0.42551577849627575
1.0,7.0,1.0,1.0,5.0,7.0,5.0,3.0,5.0,0.0,0.0,0.0,10.0,none,blank_wall,madison_avenue/north_to_south/33_n00723_S.jpg,madison_avenue,north_to_south,n00723,S,33,0.125,0.0,0.0,0.6666666666666666,1.0,0.6666666666666666,0.3333333333333333,0.6666666666666666,0.0425,0.7766666666666666,0.5533333333333333,0.45335000000000003,0.8711278270084829,4.7411,0.0425,0.7341388495794661,0.5752259114474103,0.44654037113886924
1.0,7.0,1.0,1.0,5.0,7.0,5.0,3.0,3.0,0.0,0.0,0.0,10.0,none,blank_wall,madison_avenue/south_to_north/01_n00723_N.jpg,madison_avenue,south_to_north,n00723,N,1,0.125,0.0,0.0,0.6666666666666666,1.0,0.6666666666666666,0.3333333333333333,0.3333333333333333,0.0425,0.7766666666666666,0.44333333333333336,0.41705000000000003,0.8711278270084829,0.2487,0.0425,0.7341388495794661,0.3370934348942167,0.3679566538763153
1.0,7.0,1.0,1.0,5.0,7.0,5.0,3.0,3.0,0.0,0.0,0.0,0.0,none,blank_wall,madison_avenue/south_to_north/02_n00724_N.jpg,madison_avenue,south_to_north,n00724,N,2,0.125,0.0,0.0,0.6666666666666666,1.0,0.6666666666666666,0.3333333333333333,0.3333333333333333,0.0425,0.7766666666666666,0.44333333333333336,0.41705000000000003,0.90232566758462,3.5654,0.0425,0.7444341369695913,0.43169253225508786,0.4025718008441441
1.0,7.0,1.0,1.0,3.0,7.0,5.0,5.0,3.0,0.0,0.0,0.0,5.0,none,blank_wall,madison_avenue/south_to_north/03_n00725_N.jpg,madison_avenue,south_to_north,n00725,N,3,0.125,0.0,0.0,0.3333333333333333,1.0,0.6666666666666666,0.6666666666666666,0.3333333333333333,0.0425,0.6633333333333333,0.5566666666666666,0.41705000000000003,0.9273611295542474,2.2984,0.0425,0.639362506086235,0.3955550895089173,0.3559728065464003
1.0,7.0,1.0,1.0,5.0,7.0,5.0,5.0,3.0,0.0,0.0,0.0,0.0,none,blank_wall,madison_avenue/south_to_north/04_n00726_N.jpg,madison_avenue,south_to_north,n00726,N,4,0.125,0.0,0.0,0.6666666666666666,1.0,0.6666666666666666,0.6666666666666666,0.3333333333333333,0.0425,0.7766666666666666,0.5566666666666666,0.45445,0.9337805173962462,4.4153,0.0425,0.7548142374074279,0.4559334261698237,0.413996728980493
1.0,7.0,1.0,1.0,5.0,7.0,5.0,5.0,5.0,0.0,0.0,0.0,0.0,none,blank_wall,madison_avenue/south_to_north/05_n00727_N.jpg,madison_avenue,south_to_north,n00727,N,5,0.125,0.0,0.0,0.6666666666666666,1.0,0.6666666666666666,0.6666666666666666,0.6666666666666666,0.0425,0.7766666666666666,0.6666666666666666,0.49075,0.854366240154776,3.1111,0.0425,0.7286075259177427,0.5287349630052178,0.429373021344577
3.0,6.0,3.0,4.0,4.0,6.0,5.0,5.0,5.0,2.0,0.0,0.0,10.0,tree_canopy,shopfront,madison_avenue/south_to_north/06_n00728_N.jpg,madison_avenue,south_to_north,n00728,N,6,0.3333333333333333,0.3333333333333333,0.5,0.5,0.8333333333333334,0.6666666666666666,0.6666666666666666,0.6666666666666666,0.3883333333333333,0.665,0.6666666666666666,0.5714833333333333,0.9036496068493248,4.8037,0.3883333333333333,0.6882043702602771,0.5770113920440246,0.5495545348937529
3.0,6.0,3.0,4.0,4.0,6.0,5.0,5.0,4.0,2.0,0.0,0.0,10.0,tree_canopy,blank_wall,madison_avenue/south_to_north/07_n00729_N.jpg,madison_avenue,south_to_north,n00729,N,7,0.3333333333333333,0.3333333333333333,0.5,0.5,0.8333333333333334,0.6666666666666666,0.6666666666666666,0.5,0.3883333333333333,0.665,0.6116666666666667,0.5533333333333335,0.9292444598176672,3.8548,0.3883333333333333,0.6966506717398302,0.49494681475764646,0.5252605038775007
1.0,7.0,1.0,1.0,1.0,7.0,1.0,1.0,1.0,0.0,0.0,0.0,0.0,none,blank_wall,madison_avenue/south_to_north/08_n00730_N.jpg,madison_avenue,south_to_north,n00730,N,8,0.125,0.0,0.0,0.0,1.0,0.0,0.0,0.0,0.0425,0.33,0.0,0.12335000000000002,0.7967849292734532,0.0143,0.0425,0.2629390266602396,0.0004078653759038975,0.10135447437192736
1.0,7.0,1.0,1.0,1.0,7.0,1.0,1.0,1.0,0.0,0.0,0.0,0.0,none,blank_wall,madison_avenue/south_to_north/09_n00731_N.jpg,madison_avenue,south_to_north,n00731,N,9,0.125,0.0,0.0,0.0,1.0,0.0,0.0,0.0,0.0425,0.33,0.0,0.12335000000000002,0.7679817826173195,0.7095,0.0425,0.25343398826371544,0.020236397496770298,0.1047612273009603
1.0,7.0,1.0,1.0,1.0,7.0,1.0,1.0,1.0,0.0,0.0,0.0,1.0,none,blank_wall,madison_avenue/south_to_north/10_n00732_N.jpg,madison_avenue,south_to_north,n00732,N,10,0.125,0.0,0.0,0.0,1.0,0.0,0.0,0.0,0.0425,0.33,0.0,0.12335000000000002,0.7923310512500016,3.5605,0.0425,0.2614692469125005,0.10155277418921868,0.13424726696356734
3.0,6.0,5.0,4.0,3.0,6.0,5.0,5.0,3.0,4.0,0.0,0.0,10.0,tree_canopy,blank_wall,madison_avenue/south_to_north/11_n00733_N.jpg,madison_avenue,south_to_north,n00733,N,11,0.3333333333333333,0.6666666666666666,0.5,0.3333333333333333,0.8333333333333334,0.6666666666666666,0.6666666666666666,0.3333333333333333,0.4983333333333334,0.6083333333333334,0.5566666666666666,0.5538833333333334,0.8167196618683507,4.5079,0.4983333333333334,0.602850821749889,0.45857456839420835,0.5197037120808855
1.0,7.0,1.0,1.0,1.0,7.0,1.0,1.0,1.0,2.0,0.0,0.0,0.0,tree_canopy,blank_wall,madison_avenue/south_to_north/12_n00734_N.jpg,madison_avenue,south_to_north,n00734,N,12,0.125,0.0,0.0,0.0,1.0,0.0,0.0,0.0,0.0425,0.33,0.0,0.12335000000000002,0.8568303241584079,1.0417,0.0425,0.2827540069722746,0.029711423921614688,0.11756359219498347
1.0,7.0,1.0,1.0,3.0,7.0,5.0,3.0,2.0,0.0,0.0,0.0,0.0,none,blank_wall,madison_avenue/south_to_north/13_n00735_N.jpg,madison_avenue,south_to_north,n00735,N,13,0.125,0.0,0.0,0.3333333333333333,1.0,0.6666666666666666,0.3333333333333333,0.16666666666666666,0.0425,0.6633333333333333,0.38833333333333336,0.36150000000000004,0.8841371702382335,1.6857,0.0425,0.6250985995119503,0.32307962686441954,0.3273488147042021
1.0,7.0,1.0,1.0,3.0,7.0,5.0,3.0,2.0,0.0,0.0,0.0,0.0,none,blank_wall,madison_avenue/south_to_north/14_n00736_N.jpg,madison_avenue,south_to_north,n00736,N,14,0.125,0.0,0.0,0.3333333333333333,1.0,0.6666666666666666,0.3333333333333333,0.16666666666666666,0.0425,0.6633333333333333,0.38833333333333336,0.36150000000000004,0.8846959707122175,5.0166,0.0425,0.6252830036683651,0.4180837373957687,0.3587610245511642
1.0,7.0,1.0,1.0,5.0,7.0,5.0,3.0,3.0,0.0,0.0,0.0,0.0,none,blank_wall,madison_avenue/south_to_north/15_n00737_N.jpg,madison_avenue,south_to_north,n00737,N,15,0.125,0.0,0.0,0.6666666666666666,1.0,0.6666666666666666,0.3333333333333333,0.3333333333333333,0.0425,0.7766666666666666,0.44333333333333336,0.41705000000000003,0.9198397480499002,1.2739,0.0425,0.7502137835231337,0.36633424492055766,0.3829108493864182
1.0,7.0,1.0,1.0,5.0,7.0,5.0,3.0,3.0,0.0,0.0,0.0,0.0,none,blank_wall,madison_avenue/south_to_north/16_n00738_N.jpg,madison_avenue,south_to_north,n00738,N,16,0.125,0.0,0.0,0.6666666666666666,1.0,0.6666666666666666,0.3333333333333333,0.3333333333333333,0.0425,0.7766666666666666,0.44333333333333336,0.41705000000000003,0.906180535261854,4.3146,0.0425,0.7457062433030786,0.453061255305941,0.41004327454097644
1.0,7.0,1.0,1.0,3.0,7.0,3.0,3.0,3.0,0.0,0.0,0.0,0.0,none,blank_wall,madison_avenue/south_to_north/17_n00739_N.jpg,madison_avenue,south_to_north,n00739,N,17,0.125,0.0,0.0,0.3333333333333333,1.0,0.3333333333333333,0.3333333333333333,0.3333333333333333,0.0425,0.5533333333333333,0.3333333333333333,0.30705,0.8578103058378477,0.8486,0.0425,0.5064107342598231,0.2442038152441991,0.26215280133632735
1.0,7.0,1.0,1.0,3.0,7.0,3.0,3.0,3.0,0.0,0.0,0.0,0.0,none,blank_wall,madison_avenue/south_to_north/18_n00740_N.jpg,madison_avenue,south_to_north,n00740,N,18,0.125,0.0,0.0,0.3333333333333333,1.0,0.3333333333333333,0.3333333333333333,0.3333333333333333,0.0425,0.5533333333333333,0.3333333333333333,0.30705,0.9319971990236856,6.0664,0.0425,0.5308924090111496,0.3930261899568814,0.3193431376594502
1.0,7.0,1.0,1.0,5.0,7.0,5.0,3.0,3.0,0.0,0.0,0.0,0.0,none,blank_wall,madison_avenue/south_to_north/19_n00741_N.jpg,madison_avenue,south_to_north,n00741,N,19,0.125,0.0,0.0,0.6666666666666666,1.0,0.6666666666666666,0.3333333333333333,0.3333333333333333,0.0425,0.7766666666666666,0.44333333333333336,0.41705000000000003,0.9317367162337936,6.0616,0.0425,0.7541397830238186,0.5028892840964381,0.4292695921496847
1.0,7.0,1.0,1.0,3.0,7.0,3.0,3.0,3.0,0.0,0.0,0.0,0.0,none,blank_wall,madison_avenue/south_to_north/20_n00742_N.jpg,madison_avenue,south_to_north,n00742,N,20,0.125,0.0,0.0,0.3333333333333333,1.0,0.3333333333333333,0.3333333333333333,0.3333333333333333,0.0425,0.5533333333333333,0.3333333333333333,0.30705,0.9371055486720192,9.5554,0.0425,0.5325781643950998,0.4925396372665805,0.3527388745483545
1.0,7.0,1.0,1.0,5.0,7.0,5.0,3.0,3.0,0.0,0.0,0.0,1.0,none,blank_wall,madison_avenue/south_to_north/21_n00743_N.jpg,madison_avenue,south_to_north,n00743,N,21,0.125,0.0,0.0,0.6666666666666666,1.0,0.6666666666666666,0.3333333333333333,0.3333333333333333,0.0425,0.7766666666666666,0.44333333333333336,0.41705000000000003,0.943817569171122,1.5152,0.0425,0.7581264644931369,0.3732166166132577,0.38779321676511025
1.0,7.0,1.0,1.0,5.0,7.0,5.0,3.0,3.0,1.0,0.0,0.0,5.0,tree_canopy,blank_wall,madison_avenue/south_to_north/22_n00744_N.jpg,madison_avenue,south_to_north,n00744,N,22,0.125,0.0,0.0,0.6666666666666666,1.0,0.6666666666666666,0.3333333333333333,0.3333333333333333,0.0425,0.7766666666666666,0.44333333333333336,0.41705000000000003,0.888949909493092,4.6596,0.0425,0.740020136799387,0.46290136402530074,0.411414095272147
1.0,7.0,1.0,1.0,5.0,7.0,5.0,3.0,3.0,0.0,0.0,0.0,10.0,none,blank_wall,madison_avenue/south_to_north/23_n00745_N.jpg,madison_avenue,south_to_north,n00745,N,23,0.125,0.0,0.0,0.6666666666666666,1.0,0.6666666666666666,0.3333333333333333,0.3333333333333333,0.0425,0.7766666666666666,0.44333333333333336,0.41705000000000003,0.9253867358783704,3.8848,0.0425,0.7520442895065289,0.4408024763854168,0.40808943274434206
1.0,7.0,1.0,1.0,5.0,7.0,5.0,3.0,3.0,0.0,0.0,0.0,10.0,none,blank_wall,madison_avenue/south_to_north/24_n00746_N.jpg,madison_avenue,south_to_north,n00746,N,24,0.125,0.0,0.0,0.6666666666666666,1.0,0.6666666666666666,0.3333333333333333,0.3333333333333333,0.0425,0.7766666666666666,0.44333333333333336,0.41705000000000003,0.9260509128814984,2.7744,0.0425,0.7522634679175612,0.4091315873362079,0.3977103682337438
1.0,7.0,1.0,1.0,5.0,7.0,5.0,3.0,3.0,0.0,0.0,0.0,10.0,none,blank_wall,madison_avenue/south_to_north/25_n00747_N.jpg,madison_avenue,south_to_north,n00747,N,25,0.125,0.0,0.0,0.6666666666666666,1.0,0.6666666666666666,0.3333333333333333,0.3333333333333333,0.0425,0.7766666666666666,0.44333333333333336,0.41705000000000003,0.8972720948997837,1.1036,0.0425,0.7427664579835953,0.36147693908024764,0.3788503210310682
1.0,7.0,1.0,1.0,5.0,7.0,5.0,3.0,5.0,0.0,0.0,0.0,0.0,none,blank_wall,madison_avenue/south_to_north/26_n00748_N.jpg,madison_avenue,south_to_north,n00748,N,26,0.125,0.0,0.0,0.6666666666666666,1.0,0.6666666666666666,0.3333333333333333,0.6666666666666666,0.0425,0.7766666666666666,0.5533333333333333,0.45335000000000003,0.9227399168045426,3.5034,0.0425,0.7511708392121657,0.539924164891029,0.4405113513540543
1.0,7.0,1.0,1.0,5.0,7.0,5.0,3.0,3.0,0.0,0.0,0.0,0.0,none,blank_wall,madison_avenue/south_to_north/27_n00749_N.jpg,madison_avenue,south_to_north,n00749,N,27,0.125,0.0,0.0,0.6666666666666666,1.0,0.6666666666666666,0.3333333333333333,0.3333333333333333,0.0425,0.7766666666666666,0.44333333333333336,0.41705000000000003,0.9391879946672628,3.89,0.0425,0.7565987049068634,0.4409507910675637,0.40964133367156097
1.0,7.0,1.0,1.0,5.0,7.0,5.0,3.0,3.0,0.0,0.0,0.0,0.0,none,blank_wall,madison_avenue/south_to_north/28_n00750_N.jpg,madison_avenue,south_to_north,n00750,N,28,0.125,0.0,0.0,0.6666666666666666,1.0,0.6666666666666666,0.3333333333333333,0.3333333333333333,0.0425,0.7766666666666666,0.44333333333333336,0.41705000000000003,0.9400375845446464,3.5459,0.0425,0.7568790695664,0.43113635219703705,0.4064950891819342
3.0,6.0,3.0,4.0,5.0,6.0,5.0,5.0,5.0,1.0,0.0,0.0,10.0,tree_canopy,shopfront,madison_avenue/south_to_north/29_n00751_N.jpg,madison_avenue,south_to_north,n00751,N,29,0.3333333333333333,0.3333333333333333,0.5,0.6666666666666666,0.8333333333333334,0.6666666666666666,0.6666666666666666,0.6666666666666666,0.3883333333333333,0.7216666666666667,0.6666666666666666,0.5901833333333334,0.9055962602533878,1.0338,0.3883333333333333,0.7455134325502846,0.4694860996929685,0.5329831789736068
2.0,6.0,3.0,2.0,4.0,6.0,5.0,4.0,3.0,2.0,0.0,0.0,10.0,tree_canopy,blank_wall,madison_avenue/south_to_north/30_n00752_N.jpg,madison_avenue,south_to_north,n00752,N,30,0.25,0.3333333333333333,0.16666666666666666,0.5,0.8333333333333334,0.6666666666666666,0.5,0.3333333333333333,0.25,0.665,0.5,0.46945000000000003,0.940234195198726,3.4158,0.25,0.7002772844155796,0.42742563293793934,0.4571419627266613
1.0,7.0,1.0,1.0,5.0,7.0,5.0,3.0,3.0,2.0,0.0,0.0,10.0,tree_canopy,blank_wall,madison_avenue/south_to_north/31_n00753_N.jpg,madison_avenue,south_to_north,n00753,N,31,0.125,0.0,0.0,0.6666666666666666,1.0,0.6666666666666666,0.3333333333333333,0.3333333333333333,0.0425,0.7766666666666666,0.44333333333333336,0.41705000000000003,0.9473275821993076,3.9796,0.0425,0.7592847687924382,0.44350636712917135,0.41137107485413116
1.0,7.0,1.0,1.0,5.0,7.0,5.0,3.0,3.0,0.0,0.0,0.0,0.0,none,blank_wall,madison_avenue/south_to_north/32_n00754_N.jpg,madison_avenue,south_to_north,n00754,N,32,0.125,0.0,0.0,0.6666666666666666,1.0,0.6666666666666666,0.3333333333333333,0.3333333333333333,0.0425,0.7766666666666666,0.44333333333333336,0.41705000000000003,0.9436527347405006,4.1865,0.0425,0.7580720691310319,0.4494075801553613,0.4129182842645098
1.0,7.0,1.0,1.0,5.0,7.0,5.0,3.0,5.0,0.0,0.0,0.0,10.0,none,blank_wall,madison_avenue/south_to_north/33_n00755_N.jpg,madison_avenue,south_to_north,n00755,N,33,0.125,0.0,0.0,0.6666666666666666,1.0,0.6666666666666666,0.3333333333333333,0.6666666666666666,0.0425,0.7766666666666666,0.5533333333333333,0.45335000000000003,0.8714831635601491,0.2055,0.0425,0.7342561106415159,0.44586128215022736,0.40388873962127525
3.0,6.0,3.0,4.0,3.0,6.0,4.0,5.0,3.0,10.0,0.0,0.0,0.0,tree_canopy,blank_wall,tudor_city_place/north_to_south/1_n00761_S.jpg,tudor_city_place,north_to_south,n00761,S,1,0.3333333333333333,0.3333333333333333,0.5,0.3333333333333333,0.8333333333333334,0.5,0.6666666666666666,0.3333333333333333,0.3883333333333333,0.5533333333333333,0.5016666666666667,0.48018333333333335,0.6869356278563691,1.1094,0.3883333333333333,0.5050220905259352,0.3066423669949499,0.3998826043152254
3.0,6.0,3.0,4.0,3.0,6.0,4.0,5.0,3.0,10.0,0.0,0.0,0.0,tree_canopy,blank_wall,tudor_city_place/north_to_south/2_n00762_S.jpg,tudor_city_place,north_to_south,n00762,S,2,0.3333333333333333,0.3333333333333333,0.5,0.3333333333333333,0.8333333333333334,0.5,0.6666666666666666,0.3333333333333333,0.3883333333333333,0.5533333333333333,0.5016666666666667,0.48018333333333335,0.7824878633191718,0.9701,0.3883333333333333,0.53655432822866,0.3026692448366693,0.408977112444892
3.0,6.0,3.0,4.0,4.0,6.0,5.0,5.0,3.0,10.0,0.0,0.0,0.0,tree_canopy,blank_wall,tudor_city_place/north_to_south/3_n00763_S.jpg,tudor_city_place,north_to_south,n00763,S,3,0.3333333333333333,0.3333333333333333,0.5,0.5,0.8333333333333334,0.6666666666666666,0.6666666666666666,0.3333333333333333,0.3883333333333333,0.665,0.5566666666666666,0.5351833333333333,0.7872409949496674,0.0326,0.3883333333333333,0.6497895283333902,0.3309298189688438,0.45567071794307057
3.0,6.0,3.0,3.0,4.0,6.0,4.0,5.0,3.0,0.0,0.0,0.0,0.0,hedge,blank_wall,tudor_city_place/north_to_south/4_n00765_S.jpg,tudor_city_place,north_to_south,n00765,S,4,0.3333333333333333,0.3333333333333333,0.3333333333333333,0.5,0.8333333333333334,0.5,0.6666666666666666,0.3333333333333333,0.3333333333333333,0.6100000000000001,0.5016666666666667,0.4801833333333334,0.8201947009677043,0.8352,0.3333333333333333,0.6056642513193424,0.29882161971712834,0.41181367077536873
3.0,6.0,3.0,2.0,4.0,6.0,5.0,5.0,3.0,0.0,0.0,0.0,1.0,hedge,blank_wall,tudor_city_place/north_to_south/5_n00760_S.jpg,tudor_city_place,north_to_south,n00760,S,5,0.3333333333333333,0.3333333333333333,0.16666666666666666,0.5,0.8333333333333334,0.6666666666666666,0.6666666666666666,0.3333333333333333,0.2783333333333333,0.665,0.5566666666666666,0.49778333333333336,0.7881987718059493,1.2213,0.2783333333333333,0.6501055946959633,0.36483398486653357,0.4295633945889573
1.0,7.0,1.0,1.0,1.0,7.0,1.0,1.0,1.0,0.0,0.0,0.0,1.0,none,blank_wall,tudor_city_place/south_to_north/1_n00760_N.jpg,tudor_city_place,south_to_north,n00760,N,1,0.125,0.0,0.0,0.0,1.0,0.0,0.0,0.0,0.0425,0.33,0.0,0.12335000000000002,0.7881987718059493,4.9769,0.0425,0.2601055946959633,0.14195141184168583,0.14712881215742424
3.0,6.0,3.0,4.0,3.0,6.0,4.0,5.0,3.0,10.0,0.0,0.0,0.0,tree_canopy,blank_wall,tudor_city_place/south_to_north/2_n00765_N.jpg,tudor_city_place,south_to_north,n00765,N,2,0.3333333333333333,0.3333333333333333,0.5,0.3333333333333333,0.8333333333333334,0.5,0.6666666666666666,0.3333333333333333,0.3883333333333333,0.5533333333333333,0.5016666666666667,0.48018333333333335,0.8201947009677043,1.4544,0.3883333333333333,0.5489975846526758,0.3164824757143097,0.4176417532544386
3.0,6.0,3.0,4.0,3.0,6.0,4.0,5.0,3.0,10.0,0.0,0.0,0.0,tree_canopy,blank_wall,tudor_city_place/south_to_north/3_n00763_N.jpg,tudor_city_place,south_to_north,n00763,N,3,0.3333333333333333,0.3333333333333333,0.5,0.3333333333333333,0.8333333333333334,0.5,0.6666666666666666,0.3333333333333333,0.3883333333333333,0.5533333333333333,0.5016666666666667,0.48018333333333335,0.7872409949496674,1.3793,0.3883333333333333,0.5381228616667236,0.31434046943945776,0.4133462325983732
1.0,7.0,1.0,1.0,1.0,7.0,1.0,1.0,1.0,0.0,0.0,0.0,0.0,none,blank_wall,tudor_city_place/south_to_north/4_n00762_N.jpg,tudor_city_place,south_to_north,n00762,N,4,0.125,0.0,0.0,0.0,1.0,0.0,0.0,0.0,0.0425,0.33,0.0,0.12335000000000002,0.7824878633191718,0.7007,0.0425,0.2582209948953267,0.019985403419290976,0.10625811144382383
1.0,7.0,1.0,1.0,1.0,7.0,1.0,1.0,1.0,0.0,0.0,0.0,1.0,none,blank_wall,tudor_city_place/south_to_north/5_n00761_N.jpg,tudor_city_place,south_to_north,n00761,N,5,0.125,0.0,0.0,0.0,1.0,0.0,0.0,0.0,0.0425,0.33,0.0,0.12335000000000002,0.6869356278563691,0.3466,0.0425,0.22668875719260181,0.009885744006174186,0.09251958539559609
