city,file,node_id,street,walk,side,seq,cardinal,nat_built,GVI_eye,GMI,V_sign,SVF,SFV,V_pave,GFAPI,IAS,I_raw,I,Y,D_raw,D,HW_effective,Omega,a,b,c,M,M_local,M_noA,M_local_noA,I_local,D_local,Omega_local
"Murray Hill, Manhattan",1st_avenue/north_to_south/001_n00045_S.jpg,n00045,1st_avenue,north_to_south,W,1,S,0.19073034910936998,0.20176439272948513,0.2159842845326716,0.5608614232209738,0.6907962771458118,0.8113696601184909,0.69524697110904,0.767554628038301,0.0543267365153279,0.2028263421238422,0.508478213678112,0.5604782687312175,0.5057094452208897,0.5213973429476749,0.5367320941078925,1.0,0.4,0.2,0.4,0.523706809783885,0.3316909887636358,0.523706809783885,0.3316909887636358,0.23395060828292089,0.3617683877667574,1.0
"Murray Hill, Manhattan",1st_avenue/north_to_south/002_n00044_S.jpg,n00044,1st_avenue,north_to_south,W,2,S,0.41927394003897483,0.502618135376756,0.5478106611284183,0.48353269537480054,0.7855124632296021,0.7908220720720721,0.6778525771793825,0.7281327543424316,0.11870600974553329,0.48990091218138304,0.9700788261267788,0.4962807680724235,0.5082304470891158,0.5308250347290547,0.5367320941078925,1.0,0.4,0.2,0.4,0.6665747493153061,0.5615887865268543,0.6665747493153061,0.5615887865268543,0.9054033276026586,0.37054440453739923,1.0
"Murray Hill, Manhattan",1st_avenue/north_to_south/003_n00043_S.jpg,n00043,1st_avenue,north_to_south,W,3,S,0.1967625368383055,0.2403413456261662,0.22040288093630434,0.44924366684891565,0.6902573529411765,0.7478689006466784,0.7080501132880181,0.7349142729904253,0.06415626856803325,0.219168921133592,0.5572545293257641,0.5022850715181392,0.5023735516154922,0.5088998784592196,0.5367320941078925,1.0,0.4,0.2,0.4,0.5263376484540894,0.33969765393567586,0.5263376484540894,0.33969765393567586,0.27090700495940667,0.35029666167680795,1.0
"Murray Hill, Manhattan",1st_avenue/north_to_south/004_n00042_S.jpg,n00042,1st_avenue,north_to_south,W,4,S,0.22441487951065336,0.34321950740849766,0.3412284678150499,0.634465437097016,0.5153922542204569,0.7170652614511552,0.7756410256410257,0.7434649875977867,0.11128167641325537,0.3029542849114003,0.7747712756268298,0.6120461481092381,0.5434625632173559,0.6574471545120469,,1.0,0.45,0.15,0.4,0.7003095444463358,0.5170343161693212,0.7003095444463358,0.5170343161693212,0.5038495947086191,0.49964992959759785,1.0
"Murray Hill, Manhattan",1st_avenue/north_to_south/005_n00041_S.jpg,n00041,1st_avenue,north_to_south,W,5,S,0.22307686238352178,0.3014442052386079,0.24223210364514713,0.41050179211469534,0.6673907796282886,0.7511255296610169,0.7340493407060825,0.715820065706343,0.1407018694653985,0.2555843904224256,0.6608339270328398,0.4980788473824745,0.530190425292608,0.611318148724465,0.5367320941078925,1.0,0.4,0.2,0.4,0.6053457085634778,0.4224308286574354,0.6053457085634778,0.4224308286574354,0.3651593820145352,0.4500466157651024,1.0
"Murray Hill, Manhattan",1st_avenue/north_to_south/006_n00040_S.jpg,n00040,1st_avenue,north_to_south,W,6,S,0.2947027627583253,0.49074618096357225,0.6622533748701973,0.5023489932885905,0.5173769660071029,0.7054090124038311,0.7696762696762698,0.7466029723991507,0.1334581995481032,0.48256743953069825,0.9674160644719971,0.5634603465617729,0.5499124805411746,0.6788925811355352,,1.0,0.45,0.15,0.4,0.7742405468023543,0.674819588986823,0.7742405468023543,0.674819588986823,0.8975925286357485,0.5238190766434414,1.0
"Murray Hill, Manhattan",1st_avenue/north_to_south/007_n00039_S.jpg,n00039,1st_avenue,north_to_south,W,7,S,0.2668830405223936,0.3441633008632296,0.26153683319221005,0.4384057971014493,0.6662448078920041,0.7664203612479475,0.7868175765645806,0.6996223196881091,0.0697344914679973,0.2908610581926111,0.7484443656911592,0.5128604501524642,0.5187247959068957,0.569759978328852,0.5367320941078925,1.0,0.4,0.2,0.4,0.6222149290677291,0.4510202542880188,0.6222149290677291,0.4510202542880188,0.4676153899858088,0.4079450925244433,1.0
"Murray Hill, Manhattan",1st_avenue/north_to_south/008_n00038_S.jpg,n00038,1st_avenue,north_to_south,W,8,S,0.2816572653295476,0.3450499910730227,0.3453125000000001,0.5546096345514949,0.5368099976308932,0.6856714178544636,0.786289500509684,0.6884846600331674,0.10914502164502167,0.3240065854675234,0.8157897697568499,0.5678236849250218,0.5279730607292911,0.6033865508593387,,1.0,0.45,0.15,0.4,0.6848263945441468,0.5131106093500877,0.6848263945441468,0.5131106093500877,0.5666082979681312,0.4418289059147173,1.0
"Murray Hill, Manhattan",1st_avenue/north_to_south/009_n00037_S.jpg,n00037,1st_avenue,north_to_south,W,9,S,0.22268063247129308,0.2566607894994613,0.1849115255858441,0.48352619736419156,0.7101172273190621,0.7857229061066859,0.7939007715597226,0.7581689579597529,0.04155344202898551,0.22141764918553283,0.5639015822924012,0.5197106253839384,0.531207723849487,0.6149377083488415,0.5367320941078925,1.0,0.4,0.2,0.4,0.5743360731613787,0.382332741817675,0.5743360731613787,0.382332741817675,0.27626976019549276,0.45382621546479435,1.0
"Murray Hill, Manhattan",1st_avenue/north_to_south/010_n00036_S.jpg,n00036,1st_avenue,north_to_south,W,10,S,0.26610000379088666,0.3698630136986301,0.3386737872719181,0.5453580097087379,0.5935821317500708,0.7615792934986847,0.7939270408696562,0.7302480717114864,0.0953703703703704,0.32487893492047826,0.8173576990931908,0.5711183904857839,0.539848494317171,0.6451362025982618,0.5367320941078925,1.0,0.4,0.2,0.4,0.692102881756518,0.5347301972981658,0.692102881756518,0.5347301972981658,0.5691770878614715,0.4861007530689764,1.0
"Murray Hill, Manhattan",1st_avenue/north_to_south/011_n00035_S.jpg,n00035,1st_avenue,north_to_south,W,11,S,0.16245184615004526,0.16666666666666666,0.12568435460096863,0.6159387997623291,0.688032272523532,0.7263567758509955,0.728206973768394,0.7870652726348654,0.02806156741497512,0.1516009558058935,0.3587511730366618,0.5514211010299308,0.5144446046060782,0.5539563483316622,0.5367320941078925,1.0,0.4,0.2,0.4,0.46516199624607113,0.27954746994139945,0.46516199624607113,0.27954746994139945,0.1417486889773935,0.3925348078457977,1.0
"Murray Hill, Manhattan",1st_avenue/north_to_south/012_n00034_S.jpg,n00034,1st_avenue,north_to_south,W,12,S,0.17538601791603747,0.3075527134462496,0.20676373675305007,0.7284525320919735,0.5603531189887332,0.717570825798674,0.812538844002486,0.8169114457458017,0.06931045145330861,0.22990082270511236,0.5887523072432038,0.6285567463006381,0.5662535804005321,0.7298385704986826,,1.0,0.45,0.15,0.4,0.647906114037259,0.4357124059495675,0.647906114037259,0.4357124059495675,0.297079741300069,0.5843034667195445,1.0
"Murray Hill, Manhattan",1st_avenue/north_to_south/013_n00033_S.jpg,n00033,1st_avenue,north_to_south,W,13,S,0.17334924390235487,0.169609630135946,0.12743405275779382,0.6161530752849806,0.6543927648578811,0.7401912298054731,0.7552775203377613,0.8222744360902255,0.06401677373304782,0.15679764226536488,0.3732198247764651,0.5673171800775242,0.5471895767203449,0.6699245105053024,,1.0,0.45,0.15,0.4,0.5021903399666914,0.29917684273857537,0.5021903399666914,0.29917684273857537,0.1495059749105861,0.5136228577935451,1.0
"Murray Hill, Manhattan",1st_avenue/north_to_south/014_n00032_S.jpg,n00032,1st_avenue,north_to_south,W,14,S,0.18651097549216575,0.2541666666666667,0.2744050964961589,0.7664343897161766,0.7224937343358396,0.7825143417874396,0.8115971287572904,0.8365219054907213,0.07317460317460316,0.2383609128849971,0.6130926848372599,0.6088183323892589,0.5737645458075382,0.751470086185945,,1.0,0.45,0.15,0.4,0.6643923107199449,0.4557477483495114,0.6643923107199449,0.4557477483495114,0.31870667356853466,0.6113830322537359,1.0
"Murray Hill, Manhattan",1st_avenue/north_to_south/015_n00031_S.jpg,n00031,1st_avenue,north_to_south,W,15,S,0.17143820632267162,0.24527741796200342,0.20723303219828582,0.6866467576791808,0.7780655391120508,0.7811069003631771,0.7799788330572427,0.8132012215362145,0.08890822376901264,0.20798288549432029,0.5239303593159473,0.563229372976769,0.56069609278749,0.713090476677164,,1.0,0.45,0.15,0.4,0.5991475019937565,0.3876082286543883,0.5991475019937565,0.3876082286543883,0.24522230237177473,0.5639239289686823,1.0
"Murray Hill, Manhattan",1st_avenue/north_to_south/016_n00030_S.jpg,n00030,1st_avenue,north_to_south,W,16,S,0.16410779189838146,0.20714348091869708,0.1999280834232291,0.6563108687183482,0.7331965262907447,0.7685250667923936,0.8090777445922708,0.8011339126147777,0.05571018893387314,0.19039311874676917,0.4712112329127961,0.5638798030733323,0.5553072820469739,0.6962722973718772,,1.0,0.45,0.15,0.4,0.5658960506680949,0.3550524706060317,0.5658960506680949,0.3550524706060317,0.20827821163605484,0.5439538754123731,1.0
"Murray Hill, Manhattan",1st_avenue/north_to_south/017_n00029_S.jpg,n00029,1st_avenue,north_to_south,W,17,S,0.1486891261889451,0.18618120112144018,0.1959800372929692,0.5575576606260296,0.7420774647887324,0.8066081178869812,0.726130814700591,0.7744150559511699,0.05767047067506955,0.1769501215344515,0.4312878854190699,0.5406961045747594,0.5194054471089434,0.5722609319771819,,1.0,0.45,0.15,0.4,0.49960398284261526,0.2973411254857601,0.49960398284261526,0.2973411254857601,0.18292550514563538,0.41041331421623395,1.0
"Murray Hill, Manhattan",1st_avenue/north_to_south/018_n00028_S.jpg,n00028,1st_avenue,north_to_south,W,18,S,0.1486891261889451,0.18618120112144018,0.1959800372929692,0.5575576606260296,0.7420774647887324,0.8066081178869812,0.726130814700591,0.7744150559511699,0.05767047067506955,0.1769501215344515,0.4312878854190699,0.5406961045747594,0.5194054471089434,0.5722609319771819,0.5367320941078925,1.0,0.4,0.2,0.4,0.5052835865286085,0.31389827556243116,0.5052835865286085,0.31389827556243116,0.18292550514563538,0.41041331421623395,1.0
"Murray Hill, Manhattan",1st_avenue/north_to_south/019_n00027_S.jpg,n00027,1st_avenue,north_to_south,W,19,S,0.1354119987387551,0.15077424612876936,0.12936308024469234,0.5939289805269187,0.7199166666666666,0.7984514497906297,0.760958358238693,0.8041804180418041,0.039618297935541356,0.13851644170407224,0.32348481961882325,0.5574879212169606,0.5349190247386795,0.6280324858022263,0.5367320941078925,1.0,0.4,0.2,0.4,0.47030705976269405,0.2845541730138809,0.47030705976269405,0.2845541730138809,0.12369932611962914,0.467656885029052,1.0
"Murray Hill, Manhattan",1st_avenue/north_to_south/020_n00026_S.jpg,n00026,1st_avenue,north_to_south,W,20,S,0.1354119987387551,0.15077424612876936,0.12936308024469234,0.5939289805269187,0.7199166666666666,0.7984514497906297,0.760958358238693,0.8041804180418041,0.039618297935541356,0.13851644170407224,0.32348481961882325,0.5574879212169606,0.5349190247386795,0.6280324858022263,0.5367320941078925,1.0,0.4,0.2,0.4,0.47030705976269405,0.2845541730138809,0.47030705976269405,0.2845541730138809,0.12369932611962914,0.467656885029052,1.0
"Murray Hill, Manhattan",1st_avenue/north_to_south/021_n00025_S.jpg,n00025,1st_avenue,north_to_south,W,21,S,0.1410069154717289,0.20107227288078353,0.15253195673549658,0.6473371831889638,0.744568324757004,0.8003425677688413,0.7672550667787429,0.7982903202486806,0.03660097570400426,0.164870381696003,0.39614461184913163,0.5677038087336004,0.5340487875771425,0.6249780129979282,,1.0,0.45,0.15,0.4,0.5017626793247906,0.2981652954325331,0.5017626793247906,0.2981652954325331,0.1622463593586473,0.46440856824097426,1.0
"Murray Hill, Manhattan",1st_avenue/north_to_south/022_n00023_S.jpg,n00023,1st_avenue,north_to_south,W,22,S,0.21903509091149462,0.2581949765857812,0.2094386487829111,0.5149456521739131,0.6992474623731186,0.8005985575135698,0.6985566247224279,0.7772480537104492,0.05601345668629102,0.2288895720933956,0.5858110108103454,0.5387655824381214,0.5106060450397226,0.5396889940050928,,1.0,0.45,0.15,0.4,0.559832735764499,0.3566478471381825,0.559832735764499,0.3566478471381825,0.29455192380518075,0.378893346411157,1.0
"Murray Hill, Manhattan",1st_avenue/north_to_south/023_n00022_S.jpg,n00022,1st_avenue,north_to_south,W,23,S,0.21903509091149462,0.2581949765857812,0.2094386487829111,0.5149456521739131,0.6992474623731186,0.8005985575135698,0.6985566247224279,0.7772480537104492,0.05601345668629102,0.2288895720933956,0.5858110108103454,0.5387655824381214,0.5106060450397226,0.5396889940050928,,1.0,0.45,0.15,0.4,0.559832735764499,0.3566478471381825,0.559832735764499,0.3566478471381825,0.29455192380518075,0.378893346411157,1.0
"Murray Hill, Manhattan",1st_avenue/north_to_south/024_n00021_S.jpg,n00021,1st_avenue,north_to_south,W,24,S,0.15661231789113678,0.17286636212022333,0.13543548063415614,0.6720502467474203,0.5660231200095339,0.8239626631663386,0.6226268285091815,0.7861971735290121,0.05923090158293184,0.15497138688183873,0.3681077121931032,0.643329929968075,0.4893516345403751,0.46015330835592755,0.5367320941078925,1.0,0.4,0.2,0.4,0.45002613659812624,0.2650311712416327,0.45002613659812624,0.2650311712416327,0.14674073885983513,0.3072379153579622,1.0
"Murray Hill, Manhattan",1st_avenue/north_to_south/025_n00020_S.jpg,n00020,1st_avenue,north_to_south,W,25,S,0.1886771517984611,0.2611560622777982,0.21005847953216375,0.5378652355396542,0.6147281150938796,0.7594298245614035,0.5132743362831858,0.6639802631578947,0.045155038759689924,0.21996389786947435,0.5596068848763733,0.560855648335726,0.4074698794002568,0.1997349401973205,0.5367320941078925,1.0,0.4,0.2,0.4,0.3707704010746626,0.2229905819859071,0.3707704010746626,0.2229905819859071,0.2727953689379998,0.11493538638927113,1.0
"Murray Hill, Manhattan",1st_avenue/north_to_south/026_n00019_S.jpg,n00019,1st_avenue,north_to_south,W,26,S,0.19046278066761652,0.2152439024390244,0.15890441339543135,0.4133660253992204,0.6146760209901894,0.7500686813186813,0.5052331743508214,0.6842424242424242,0.05094844357976654,0.18820369883402407,0.4646700718767464,0.5162528952425708,0.41347468072433735,0.21452206122005898,,1.0,0.45,0.15,0.4,0.34652396518028905,0.19239762516236386,0.34652396518028905,0.19239762516236386,0.20397902763775352,0.12442055184440937,1.0
"Murray Hill, Manhattan",1st_avenue/north_to_south/027_n00018_S.jpg,n00018,1st_avenue,north_to_south,W,27,S,0.34619388974765675,0.2838342172461206,0.18615023474178405,0.5737633900441085,0.6468654932637983,0.7501145317940261,0.44356636271529887,0.7494402985074626,0.10202418506834914,0.2720594472451871,0.7036444702041339,0.5590041428581121,0.4316769487637035,0.26408457892696185,,1.0,0.45,0.15,0.4,0.45932326806016627,0.29348716845208456,0.45932326806016627,0.29348716845208456,0.4120882396475866,0.15733602087720933,1.0
"Murray Hill, Manhattan",1st_avenue/north_to_south/028_n00017_S.jpg,n00017,1st_avenue,north_to_south,W,28,S,0.3885521297608798,0.36552583267768163,0.35481508604906625,0.6771481481481482,0.6807459447109893,0.786646701988789,0.7320235231221598,0.7943953079914691,0.19992581602373885,0.36963101616254257,0.8844816314607226,0.5943496351419826,0.5754482157124559,0.756156775915357,0.5367320941078925,1.0,0.4,0.2,0.4,0.7672354596743712,0.6417858699620208,0.7672354596743712,0.6417858699620208,0.6932844185780125,0.6173663267932563,1.0
"Murray Hill, Manhattan",1st_avenue/north_to_south/029_n00016_S.jpg,n00016,1st_avenue,north_to_south,W,29,S,0.3896960279601608,0.40445423396965247,0.3919345369147218,0.597482070470845,0.6518503345623378,0.7538956639566395,0.519093851132686,0.7604749689054726,0.06785213628329372,0.395361599614845,0.9124832236365567,0.5665091332883823,0.44914031877381744,0.3180180132707654,0.5367320941078925,1.0,0.4,0.2,0.4,0.5441417219921427,0.4149626406935655,0.5441417219921427,0.4149626406935655,0.7547829447787051,0.19525266064754307,1.0
"Murray Hill, Manhattan",1st_avenue/north_to_south/030_n00015_S.jpg,n00015,1st_avenue,north_to_south,W,30,S,0.4160174905228371,0.44008355321020226,0.32408859270874174,0.5745595186935969,0.6960110041265475,0.7642916952119966,0.5096777018742337,0.7240607252075142,0.11170212765957448,0.39339654548059366,0.9105817227109153,0.547613403259682,0.44848018491377406,0.3158743209043377,0.5367320941078925,1.0,0.4,0.2,0.4,0.5385525838762362,0.4098862284630845,0.5385525838762362,0.4098862284630845,0.7503923297565473,0.19370146105316413,1.0
"Murray Hill, Manhattan",1st_avenue/north_to_south/031_n00014_S.jpg,n00014,1st_avenue,north_to_south,W,31,S,0.35879930487959233,0.3143613632744067,0.2641283524904215,0.5202991452991453,0.7178124261752893,0.7232126013959631,0.6402560278399204,0.7748266721044046,0.1301114264690423,0.31242967354814016,0.7939916237811006,0.508566440173273,0.5150647088044558,0.5562534901033577,0.5306981504889148,1.0,0.4,0.2,0.4,0.6299484439641893,0.4679944252953456,0.6299484439641893,0.4679944252953456,0.5322310810214449,0.3947549802656326,1.0
"Murray Hill, Manhattan",1st_avenue/north_to_south/032_n00013_S.jpg,n00013,1st_avenue,north_to_south,W,32,S,0.3726705767562933,0.3887675885492479,0.370552355133853,0.5436168769502103,0.7200472284364903,0.7645107794361525,0.6771198318149966,0.7890147077964337,0.1422125835078273,0.377330173479798,0.893591386569187,0.5293601426499575,0.5361157077064191,0.632216073710615,0.5306981504889148,1.0,0.4,0.2,0.4,0.7007321612798002,0.5695157566714236,0.7007321612798002,0.5695157566714236,0.7125721598253282,0.4721281446266967,1.0
"Murray Hill, Manhattan",1st_avenue/north_to_south/033_n00012_S.jpg,n00012,1st_avenue,north_to_south,W,33,S,0.4190961782161843,0.4870370370370371,0.3887737152908657,0.5566,0.7225704272813047,0.713311209439528,0.7345238095238095,0.7635447291054178,0.15896235615369614,0.43163564351469563,0.9415649649563955,0.5157802607194077,0.5523436315943078,0.6867899564110715,0.5306981504889148,1.0,0.4,0.2,0.4,0.7358048290677534,0.6309671957982332,0.7358048290677534,0.6309671957982332,0.8262923578292414,0.5329063030912374,1.0
"Murray Hill, Manhattan",1st_avenue/north_to_south/034_n00011_S.jpg,n00011,1st_avenue,north_to_south,W,34,S,0.3682758171893217,0.36938202247191015,0.3512518409425625,0.4808787319175131,0.7446966877558615,0.7585366835789643,0.7433897243107769,0.7673489492119089,0.0996823909195043,0.3629698935345981,0.8760601865609312,0.4982395759135386,0.53680702148073,0.6346239037759647,,1.0,0.45,0.15,0.4,0.7075588679211092,0.5606255961529807,0.7075588679211092,0.5606255961529807,0.6760298799235029,0.4747132396612241,1.0
"Murray Hill, Manhattan",1st_avenue/north_to_south/035_n00010_S.jpg,n00010,1st_avenue,north_to_south,W,35,S,0.3234883585939413,0.3078309836331226,0.27182623365668496,0.5525818639798489,0.7259056501757231,0.7777090827338129,0.6700223713646533,0.7806305356389709,0.09770114942528733,0.3010485252945829,0.7707555389534834,0.5347950988459795,0.5161180188096371,0.5601498612471534,0.5306981504889148,1.0,0.4,0.2,0.4,0.6305591593960427,0.46212819394629145,0.6305591593960427,0.46212819394629145,0.4981324006111529,0.3985360964513289,1.0
"Murray Hill, Manhattan",1st_avenue/north_to_south/036_n00009_S.jpg,n00009,1st_avenue,north_to_south,W,36,S,0.3425441566500114,0.2744197530864197,0.2149664147774979,0.5187234308577144,0.769528152260111,0.7709113607990012,0.48065809097688295,0.6595916717202345,0.06320315721269958,0.27731010817130963,0.716612757680574,0.5067022131322015,0.4011509733032723,0.18501460869056027,0.5306981504889148,1.0,0.4,0.2,0.4,0.3889974756622827,0.25283009758752434,0.3889974756622827,0.25283009758752434,0.4274331885489875,0.10563973174297962,1.0
"Murray Hill, Manhattan",1st_avenue/north_to_south/037_n00008_S.jpg,n00008,1st_avenue,north_to_south,W,37,S,0.30579712407166465,0.2224119035575788,0.19597043395326663,0.6199358202968311,0.7668705187684521,0.7602005129400792,0.6167199786751967,0.7743284676398053,0.07918219258678172,0.24139315386083668,0.6216877034574922,0.537755271489486,0.4900768796339279,0.4628568500087888,0.5306981504889148,1.0,0.4,0.2,0.4,0.536691261894683,0.35322524623239926,0.536691261894683,0.35322524623239926,0.326659040683666,0.30955820583014565,1.0
"Murray Hill, Manhattan",1st_avenue/north_to_south/038_n00007_S.jpg,n00007,1st_avenue,north_to_south,W,38,S,0.347978642350508,0.2819545234639574,0.23856685115059717,0.42637120854942645,0.6668444128451237,0.7955268860896654,0.6050024166263895,0.6302405498281787,0.05039823485093101,0.2895000056550208,0.7453568735684861,0.518351227264656,0.42854706710183305,0.2550620659522378,0.5306981504889148,1.0,0.4,0.2,0.4,0.4513660393471426,0.3028291406254859,0.4513660393471426,0.3028291406254859,0.46355160120986083,0.1512112171299215,1.0
"Murray Hill, Manhattan",1st_avenue/north_to_south/039_n00006_S.jpg,n00006,1st_avenue,north_to_south,W,39,S,0.27528789438793744,0.2714345172031077,0.19121962402567627,0.7063539989264628,0.6741654995331466,0.8080354102826014,0.6785057048214943,0.7808591347139635,0.13400770712909438,0.2459806785389071,0.6345457162008448,0.6134079698919725,0.5311241822215174,0.6146409391604511,0.5306981504889148,1.0,0.4,0.2,0.4,0.6222768476845225,0.42875154761331863,0.6222768476845225,0.42875154761331863,0.33888105539052066,0.4535156240561289,1.0
"Murray Hill, Manhattan",1st_avenue/north_to_south/040_n00005_S.jpg,n00005,1st_avenue,north_to_south,W,40,S,0.2875430361817073,0.2567025394128198,0.16935126020589278,0.6582900739342458,0.6417112299465241,0.7812737498100014,0.6770190095653227,0.7877182656464586,0.1567304902814041,0.23786561193347328,0.6116818563314738,0.5992841979325743,0.5404892551643952,0.6473335139204986,0.5306981504889148,1.0,0.4,0.2,0.4,0.6231434602027919,0.4282777145278704,0.6231434602027919,0.4282777145278704,0.31741751390892897,0.48850205173325745,1.0
"Murray Hill, Manhattan",1st_avenue/north_to_south/041_n00004_S.jpg,n00004,1st_avenue,north_to_south,W,41,S,0.2698423469016127,0.21420751221155468,0.19083481000196892,0.6225605917532263,0.5657117231191305,0.814441604404247,0.6314892136395267,0.7773089545241444,0.12594373771848175,0.22496155637171206,0.5743297385670205,0.623763491012781,0.5115806352940508,0.5433185090918892,0.5306981504889148,1.0,0.4,0.2,0.4,0.5710712705946925,0.37482811702449165,0.5710712705946925,0.37482811702449165,0.28485316273851796,0.3823396879107543,1.0
"Murray Hill, Manhattan",1st_avenue/north_to_south/042_n00003_S.jpg,n00003,1st_avenue,north_to_south,W,42,S,0.3234035965856799,0.3452974033816425,0.2740316103122166,0.6315808145310062,0.6791072371896462,0.8295711060948081,0.7205008775482652,0.7625775457709184,0.18621700879765393,0.314244203426513,0.7975304387353543,0.5940148944787227,0.5564318107056125,0.6998276247573765,0.5306981504889148,1.0,0.4,0.2,0.4,0.7135999428536902,0.552730879516643,0.7135999428536902,0.552730879516643,0.5376480348239244,0.5481350708784715,1.0
"Murray Hill, Manhattan",1st_avenue/north_to_south/043_n00002_S.jpg,n00002,1st_avenue,north_to_south,W,43,S,0.25724873083731054,0.21859615690011114,0.20540848701169936,0.6199358202968311,0.6874384539635647,0.8078286961265685,0.7641488992893049,0.7786544850498339,0.07400177743921794,0.227084458249707,0.5805455919973678,0.5801086874866116,0.5389350539261188,0.6419932178795393,0.5306981504889148,1.0,0.4,0.2,0.4,0.6042944181081443,0.40847629170916766,0.6042944181081443,0.40847629170916766,0.2900710015646315,0.4826787038409535,1.0
"Murray Hill, Manhattan",1st_avenue/north_to_south/044_n00001_S.jpg,n00001,1st_avenue,north_to_south,W,44,S,0.2784543351741244,0.278724585682556,0.26815900686740624,0.6799559995243193,0.6798296931877275,0.8586662153012864,0.7100785340314136,0.8024033131155025,0.14643692182575987,0.27511264257469553,0.7112272004038528,0.6195975072126261,0.552972922990892,0.6888168660352316,0.5306981504889148,1.0,0.4,0.2,0.4,0.6830724733995237,0.5006750675490237,0.6830724733995237,0.5006750675490237,0.42099235060673795,0.5352551776077312,1.0
"Murray Hill, Manhattan",1st_avenue/north_to_south/045_n00000_S.jpg,n00000,1st_avenue,north_to_south,W,45,S,0.20666686679436108,0.17234703020993347,0.2088315102179259,0.658390903857225,0.5576738991703892,0.8451368726669432,0.4023374529822676,0.7916751097602162,0.06534890685834079,0.19594846907407348,0.48784780085394286,0.6486179591179262,0.41978715653360815,0.23090774843589634,0.5306981504889148,1.0,0.4,0.2,0.4,0.3829013848921133,0.22450800819501862,0.3829013848921133,0.22450800819501862,0.21948482153249985,0.13510786011923132,1.0
"Murray Hill, Manhattan",1st_avenue/south_to_north/001_n00000_N.jpg,n00000,1st_avenue,south_to_north,W,1,N,0.17181841635990042,0.17677777777777778,0.10860429108604293,0.6495000735186003,0.4888727624576681,0.8418276813880127,0.7022435897435897,0.789542273636104,0.1016850974196946,0.15240016174124038,0.3609604249486296,0.6674849974829816,0.5311569869331294,0.6147574831912826,0.5306981504889148,1.0,0.4,0.2,0.4,0.5050724350992983,0.30875104456326846,0.5050724350992983,0.30875104456326846,0.14291944082126845,0.4536375812468746,1.0
"Murray Hill, Manhattan",1st_avenue/south_to_north/002_n00001_N.jpg,n00001,1st_avenue,south_to_north,W,2,N,0.3014239993853567,0.3176671064204046,0.26328548041808336,0.7069176614631161,0.644127875869449,0.8393381371764077,0.7279489204844655,0.7965560007632132,0.1464351851851852,0.2941255287412815,0.7557477852884334,0.6340426409233583,0.5569800354776213,0.7015522558165593,0.5306981504889148,1.0,0.4,0.2,0.4,0.7082693636166161,0.5347712564150416,0.7082693636166161,0.5347712564150416,0.4773788553895392,0.5501710429670916,1.0
"Murray Hill, Manhattan",1st_avenue/south_to_north/003_n00002_N.jpg,n00002,1st_avenue,south_to_north,W,3,N,0.3622535209656231,0.3184256917298996,0.24585808065020318,0.5675921877277365,0.5341207349081364,0.7943697257383966,0.6658312447786132,0.7730358022086236,0.08122845399098384,0.30884576444857526,0.7868680598119719,0.6092803928526656,0.5066985003260736,0.5250982643352824,0.5306981504889148,1.0,0.4,0.2,0.4,0.6359462933866687,0.4665320421427471,0.6359462933866687,0.4665320421427471,0.5215108234409732,0.3652008379980658,1.0
"Murray Hill, Manhattan",1st_avenue/south_to_north/004_n00003_N.jpg,n00003,1st_avenue,south_to_north,W,4,N,0.25502899131090984,0.21122236128493954,0.1603549468977082,0.5070379436964504,0.5178270803270802,0.7731422505307856,0.6772295761465436,0.7573481737626971,0.09741566078613433,0.20886876649785252,0.5265812152764006,0.5874510379667185,0.5106644702317917,0.5399067004043578,0.5306981504889148,1.0,0.4,0.2,0.4,0.5436356978794328,0.34874797826303766,0.5436356978794328,0.34874797826303766,0.2471952220830911,0.3790996090819571,1.0
"Murray Hill, Manhattan",1st_avenue/south_to_north/005_n00004_N.jpg,n00004,1st_avenue,south_to_north,W,5,N,0.33059703094798754,0.322950377562028,0.3027373870896673,0.5396566710126032,0.5745726495726496,0.7845809743482212,0.5809620596205963,0.7698353025420693,0.08726975638740346,0.3187615985332276,0.8061428140518543,0.5832216652627249,0.4793557061833563,0.42319665536440876,0.5306981504889148,1.0,0.4,0.2,0.4,0.5839133642271223,0.42285811807550905,0.5839133642271223,0.42285811807550905,0.551092655378144,0.276277319823154,1.0
"Murray Hill, Manhattan",1st_avenue/south_to_north/006_n00005_N.jpg,n00005,1st_avenue,south_to_north,W,6,N,0.27001476042958716,0.23892498523331365,0.18853090447707088,0.5153489399293286,0.5844285145360414,0.796496192272759,0.35018547959724433,0.7581282790216508,0.06811277190424107,0.23249021671332387,0.5962544374521935,0.5758055392220154,0.3921421768410454,0.165499199089365,0.5306981504889148,1.0,0.4,0.2,0.4,0.35460607859070886,0.2154628579791886,0.35460607859070886,0.2154628579791886,0.30360909716930207,0.09353590247902287,1.0
"Murray Hill, Manhattan",1st_avenue/south_to_north/007_n00006_N.jpg,n00006,1st_avenue,south_to_north,W,7,N,0.2264616627718304,0.16330682025964527,0.14158254308147245,0.45979609929078014,0.5935459085670379,0.7815759218198243,0.33380867498514566,0.7549294676954252,0.030862923203963666,0.17711700870431604,0.43177915916444265,0.5492753708478555,0.37320035529484485,0.12988288354826275,0.5306981504889148,1.0,0.4,0.2,0.4,0.2802098931133113,0.15712718507697804,0.2802098931133113,0.15712718507697804,0.18322501824903692,0.07206899882676561,1.0
"Murray Hill, Manhattan",1st_avenue/south_to_north/008_n00007_N.jpg,n00007,1st_avenue,south_to_north,W,8,N,0.25810873032802556,0.21136741479634247,0.16146848602988953,0.6876964667421098,0.6307692307692307,0.8097380814141023,0.5353522111518965,0.7984709739415522,0.07135756446101271,0.21031487705141916,0.5309051827171796,0.6222217724623271,0.46839358318482044,0.3836471750188803,0.5306981504889148,1.0,0.4,0.2,0.4,0.4812476574951569,0.29763010482796465,0.4812476574951569,0.29763010482796465,0.2504386457195024,0.24463477641180834,1.0
"Murray Hill, Manhattan",1st_avenue/south_to_north/009_n00008_N.jpg,n00008,1st_avenue,south_to_north,W,9,N,0.26287785933522384,0.2532310956790123,0.19677647892313135,0.6734432234432234,0.6238041992794136,0.8342101643628362,0.6246761658031087,0.7698642372275812,0.07683626749210033,0.23762847797912248,0.6110057328487922,0.627949729508882,0.4904588901742634,0.4642817835094276,0.5306981504889148,1.0,0.4,0.2,0.4,0.5504473017819029,0.36048181401016954,0.5504473017819029,0.36048181401016954,0.31680129482977315,0.31078425813024824,1.0
"Murray Hill, Manhattan",1st_avenue/south_to_north/010_n00009_N.jpg,n00009,1st_avenue,south_to_north,W,10,N,0.2863063768960849,0.3107324716020368,0.29605692649170917,0.6665419628382591,0.6287257019438445,0.8155042735042736,0.7181921129762857,0.7905801396022653,0.09520147646877881,0.29769859166327695,0.7635755020846309,0.6177735114662294,0.5346579096824432,0.6271170506633431,0.5306981504889148,1.0,0.4,0.2,0.4,0.6764661891190236,0.5025420176314569,0.6764661891190236,0.5025420176314569,0.488084847273291,0.4666819255187135,1.0
"Murray Hill, Manhattan",1st_avenue/south_to_north/011_n00010_N.jpg,n00010,1st_avenue,south_to_north,W,11,N,0.32847587634508574,0.3909679234665166,0.3665254237288136,0.6856805891151767,0.6088664421997755,0.8066133912128387,0.7466878083157154,0.8280404186214363,0.1405676292547385,0.3619897411801386,0.874777443129613,0.6278091793760799,0.5717652853972967,0.7458271419247582,0.5306981504889148,1.0,0.4,0.2,0.4,0.7680329213151215,0.6358717281905252,0.7680329213151215,0.6358717281905252,0.6734485662911989,0.6042345113289713,1.0
"Murray Hill, Manhattan",1st_avenue/south_to_north/012_n00011_N.jpg,n00011,1st_avenue,south_to_north,W,12,N,0.4085258049724258,0.49035552193645987,0.4009177027827116,0.7682561728395062,0.633581267217631,0.7978144811478144,0.7641598119858989,0.8196211360339247,0.19701855623444228,0.43326634323053237,0.9426323684130306,0.6441631289232298,0.593599834751422,0.8028174686118675,,1.0,0.45,0.15,0.4,0.8349301841161392,0.7371380910611646,0.8349301841161392,0.7371380910611646,0.8290831658980603,0.6793222295261255,1.0
"Murray Hill, Manhattan",1st_avenue/south_to_north/013_n00012_N.jpg,n00012,1st_avenue,south_to_north,W,13,N,0.3479090145466894,0.42756286266924565,0.49058233972697424,0.7532189576056435,0.7044822793606671,0.8142984992427372,0.7563965037743344,0.8117272996154984,0.19716345647826547,0.4220180723143031,0.9348818513577998,0.6210117258292378,0.5884290866226993,0.7902505459286273,0.5306981504889148,1.0,0.4,0.2,0.4,0.8054314311764126,0.7082968039603545,0.8054314311764126,0.7082968039603545,0.8090986629929396,0.6621964094125098,1.0
"Murray Hill, Manhattan",1st_avenue/south_to_north/014_n00013_N.jpg,n00013,1st_avenue,south_to_north,W,14,N,0.3819854545483399,0.37604833790789877,0.3412440398786303,0.7361409796893668,0.6708547008547008,0.7964701527693654,0.7205544053370141,0.8157534246575343,0.21443569553805775,0.366425944111623,0.8804934523118887,0.6205854772013437,0.5835811751775354,0.7779427368399958,0.5306981504889148,1.0,0.4,0.2,0.4,0.781321591607446,0.6559519858275807,0.781321591607446,0.6559519858275807,0.6850458275297154,0.6457429872323905,1.0
"Murray Hill, Manhattan",1st_avenue/south_to_north/015_n00014_N.jpg,n00014,1st_avenue,south_to_north,W,15,N,0.35915434986990136,0.3447548761201898,0.3339728056004308,0.7462406015037594,0.6286666666666667,0.7808106758010419,0.6700781540751768,0.8208533953179479,0.13167311979349994,0.34596067719684065,0.8521454397188166,0.6327948702127115,0.5408682230622082,0.6486301593026601,0.5306981504889148,1.0,0.4,0.2,0.4,0.7198747403916586,0.5701539060541743,0.7198747403916586,0.5701539060541743,0.6298271575965,0.4899225188578233,1.0
"Murray Hill, Manhattan",1st_avenue/south_to_north/016_n00015_N.jpg,n00015,1st_avenue,south_to_north,W,16,N,0.3259209866795682,0.28010516334798724,0.23932367149758452,0.6914935473717344,0.6690761636107193,0.7721540953262379,0.629170601196097,0.7852939163758297,0.09419663439372987,0.2817832738417133,0.7273857770380469,0.5981904930290842,0.5028870506552189,0.5108247482922721,0.5367320941078925,1.0,0.4,0.2,0.4,0.6072710741931112,0.42818894098378213,0.6072710741931112,0.42818894098378213,0.440618213512866,0.3520516769916134,1.0
"Murray Hill, Manhattan",1st_avenue/south_to_north/017_n00016_N.jpg,n00016,1st_avenue,south_to_north,W,17,N,0.1905543036416541,0.21073277578653923,0.17644866778460963,0.6317483388704318,0.7642802873325044,0.7885606381476776,0.6624365482233503,0.7681531716673518,0.10470494417862837,0.19257858240426765,0.4777504506477284,0.5520095632285349,0.51176488802311,0.5440041880626645,0.5367320941078925,1.0,0.4,0.2,0.4,0.5179772191968915,0.32562674286557786,0.5179772191968915,0.32562674286557786,0.2126358537971812,0.38299258576312717,1.0
"Murray Hill, Manhattan",1st_avenue/south_to_north/018_n00017_N.jpg,n00017,1st_avenue,south_to_north,W,18,N,0.17884608940868146,0.1487808439188203,0.08517573696145127,0.3649593216454681,0.7816032076782219,0.6913714804722978,0.40148847631241996,0.4740714786264892,0.03857457751653196,0.13760089009631765,0.32108515939365506,0.4249091981465146,0.30471151081848036,0.050722703773603404,0.5367320941078925,1.0,0.4,0.2,0.4,0.16232607134248608,0.08586101290933636,0.16232607134248608,0.08586101290933636,0.12251331594642843,0.027049463645902338,1.0
"Murray Hill, Manhattan",1st_avenue/south_to_north/019_n00018_N.jpg,n00018,1st_avenue,south_to_north,W,19,N,0.18249693457595978,0.18425482899167114,0.10371313879882656,0.24917428861788618,0.7946741627372749,0.6630041856925418,0.32271720724241243,0.4124136097820308,0.02995344379022317,0.1568216341221525,0.3732871752900328,0.372501437191051,0.2550280869382221,0.024732860082750944,,1.0,0.45,0.15,0.4,0.12600805568928009,0.06459515059871672,0.12600805568928009,0.06459515059871672,0.1495425865136921,0.013023157907716737,1.0
"Murray Hill, Manhattan",1st_avenue/south_to_north/020_n00019_N.jpg,n00019,1st_avenue,south_to_north,W,20,N,0.1611518354226255,0.15661997665499416,0.07735604702131897,0.32860777898945837,0.7997746591362884,0.704826504245109,0.4177823549605217,0.44919638925583455,0.021307057436415738,0.13170928636631288,0.30587223442682937,0.4112198746994263,0.2960952672175906,0.04484887832933269,,1.0,0.45,0.15,0.4,0.14835588335716235,0.07423351484971408,0.14835588335716235,0.07423351484971408,0.11511344811087022,0.023848191677197757,1.0
"Murray Hill, Manhattan",1st_avenue/south_to_north/021_n00020_N.jpg,n00020,1st_avenue,south_to_north,W,21,N,0.13854342066507672,0.136660724896019,0.12843735054997607,0.4623044670214482,0.794984121583305,0.7757582433722553,0.46204188481675396,0.6929281901989325,0.03764657227655329,0.13454716537035727,0.3131499146629349,0.48102619627013277,0.39753888243074653,0.17698393372599047,0.5367320941078925,1.0,0.4,0.2,0.4,0.27158651497694863,0.14695958321861527,0.27158651497694863,0.14695958321861527,0.11862805086452478,0.10062896832037825,1.0
"Murray Hill, Manhattan",1st_avenue/south_to_north/022_n00021_N.jpg,n00021,1st_avenue,south_to_north,W,22,N,0.1581642310228325,0.23567041965199595,0.17009367146447332,0.5228876269144725,0.7769673704414587,0.7817748441510818,0.760756250552169,0.805360023463851,0.04485988543118128,0.18797610737976725,0.46399077244773196,0.5092317002080319,0.5369920531490671,0.6352672301568001,0.5367320941078925,1.0,0.4,0.2,0.4,0.536005696097977,0.34329316853655906,0.536005696097977,0.34329316853655906,0.20353593351900479,0.475405381854703,1.0
"Murray Hill, Manhattan",1st_avenue/south_to_north/023_n00022_N.jpg,n00022,1st_avenue,south_to_north,W,23,N,0.1448908564870519,0.2007837407013815,0.15063481816225524,0.5051061113770544,0.7882916982084279,0.737095363079615,0.7706604643366021,0.7643529893529893,0.039597232517914506,0.16543647178356286,0.3977707533223425,0.4846365920827471,0.5248702287358352,0.5921965884601826,,1.0,0.45,0.15,0.4,0.4804338205070538,0.2831686175735983,0.4804338205070538,0.2831686175735983,0.16317181155736832,0.4303838325832041,1.0
"Murray Hill, Manhattan",1st_avenue/south_to_north/024_n00023_N.jpg,n00023,1st_avenue,south_to_north,W,24,N,0.1448908564870519,0.2007837407013815,0.15063481816225524,0.5051061113770544,0.7882916982084279,0.737095363079615,0.7706604643366021,0.7643529893529893,0.039597232517914506,0.16543647178356286,0.3977707533223425,0.4846365920827471,0.5248702287358352,0.5921965884601826,,1.0,0.45,0.15,0.4,0.4804338205070538,0.2831686175735983,0.4804338205070538,0.2831686175735983,0.16317181155736832,0.4303838325832041,1.0
"Murray Hill, Manhattan",1st_avenue/south_to_north/025_n00025_N.jpg,n00025,1st_avenue,south_to_north,W,25,N,0.14277842967381868,0.18801567656765675,0.25101010101010107,0.544047619047619,0.797054033618333,0.7648719146616835,0.8029948237614,0.7683431447828685,0.03569202742221581,0.1939347357505255,0.4818122355162336,0.5039551666969897,0.5356766653221614,0.6306834599132428,,1.0,0.45,0.15,0.4,0.5402296084901015,0.33443685775887194,0.5402296084901015,0.33443685775887194,0.21537319097630203,0.47048715881333647,1.0
"Murray Hill, Manhattan",1st_avenue/south_to_north/026_n00026_N.jpg,n00026,1st_avenue,south_to_north,W,26,N,0.20106594890170293,0.18983797950917322,0.17294762915782025,0.5864087742700459,0.795551335174954,0.7520473526311521,0.7581182348043298,0.7645587908424094,0.0773635714749205,0.18795051918956546,0.46391440687366026,0.5143015972420812,0.5333468657072199,0.6225070323874331,0.5367320941078925,1.0,0.4,0.2,0.4,0.5326923050890103,0.33996609006876816,0.5326923050890103,0.33996609006876816,0.20348616112156906,0.46179070381389886,1.0
"Murray Hill, Manhattan",1st_avenue/south_to_north/027_n00027_N.jpg,n00027,1st_avenue,south_to_north,W,27,N,0.20106594890170293,0.18983797950917322,0.17294762915782025,0.5864087742700459,0.795551335174954,0.7520473526311521,0.7581182348043298,0.7645587908424094,0.0773635714749205,0.18795051918956546,0.46391440687366026,0.5143015972420812,0.5333468657072199,0.6225070323874331,0.5367320941078925,1.0,0.4,0.2,0.4,0.5326923050890103,0.33996609006876816,0.5326923050890103,0.33996609006876816,0.20348616112156906,0.46179070381389886,1.0
"Murray Hill, Manhattan",1st_avenue/south_to_north/028_n00028_N.jpg,n00028,1st_avenue,south_to_north,W,28,N,0.2126610447164968,0.32146401985111656,0.33423913043478254,0.5866440146366964,0.7836710175985454,0.7138246628131021,0.8120949844651576,0.8051544101310819,0.09929959331224587,0.28945473166746527,0.7452537437873322,0.5055992199504177,0.5721829959694951,0.7470130861059114,0.5367320941078925,1.0,0.4,0.2,0.4,0.6902624197113535,0.5248824436177487,0.6902624197113535,0.5248824436177487,0.46341650367589576,0.6057318678193924,1.0
"Murray Hill, Manhattan",1st_avenue/south_to_north/029_n00029_N.jpg,n00029,1st_avenue,south_to_north,W,29,N,0.2126610447164968,0.32146401985111656,0.33423913043478254,0.5866440146366964,0.7836710175985454,0.7138246628131021,0.8120949844651576,0.8051544101310819,0.09929959331224587,0.28945473166746527,0.7452537437873322,0.5055992199504177,0.5721829959694951,0.7470130861059114,,1.0,0.45,0.15,0.4,0.703783560568832,0.5226010785414325,0.703783560568832,0.5226010785414325,0.46341650367589576,0.6057318678193924,1.0
"Murray Hill, Manhattan",1st_avenue/south_to_north/030_n00030_N.jpg,n00030,1st_avenue,south_to_north,W,30,N,0.20657787951828652,0.2778108072400581,0.2465336728919071,0.5753391472868218,0.8034345561991691,0.7053639846743295,0.8209338428469071,0.7980794398638921,0.08105893370794037,0.24364078655008392,0.6280100749628365,0.4924228585873274,0.5666907388062465,0.7311295657551995,,1.0,0.45,0.15,0.4,0.6434776162249516,0.4424405576629582,0.6434776162249516,0.4424405576629582,0.3326190242389683,0.5858953212841848,1.0
"Murray Hill, Manhattan",1st_avenue/south_to_north/031_n00031_N.jpg,n00031,1st_avenue,south_to_north,W,31,N,0.21267149166694607,0.29994007191370353,0.3030475108839674,0.49996489750070205,0.7875759266146027,0.6778542742398165,0.8262601844390725,0.7619988107373429,0.06002209045459831,0.27188635815487233,0.7032111580829142,0.4634144150419719,0.5494270285436711,0.6773031081991826,,1.0,0.45,0.15,0.4,0.6507246331324547,0.460756316146216,0.6507246331324547,0.460756316146216,0.4115851170090186,0.5220024559019013,1.0
"Murray Hill, Manhattan",1st_avenue/south_to_north/032_n00032_N.jpg,n00032,1st_avenue,south_to_north,W,32,N,0.22555635527132242,0.34043907095132037,0.24711465451784362,0.5288504714863045,0.7784380032206119,0.7604958607872953,0.7769564109100178,0.7784201426410201,0.1076636422553467,0.27103669358016214,0.7010788052201928,0.5036361096843293,0.5543467319354615,0.6932166926556576,,1.0,0.45,0.15,0.4,0.6641408763888171,0.471767820020506,0.6641408763888171,0.471767820020506,0.4091180725271063,0.5403774453410721,1.0
"Murray Hill, Manhattan",1st_avenue/south_to_north/033_n00033_N.jpg,n00033,1st_avenue,south_to_north,W,33,N,0.21438518984653437,0.23444623223384284,0.20346995346995347,0.5440410539215685,0.7489039457951375,0.7687263556116015,0.7644362536622248,0.6897754523653804,0.05433033732800707,0.21743379185011022,0.5521114508097092,0.5212878212460108,0.502847347785204,0.5106759313576125,,1.0,0.45,0.15,0.4,0.5305567353122217,0.32955742133516563,0.5305567353122217,0.32955742133516563,0.26681407851256544,0.35191583886861855,1.0
"Murray Hill, Manhattan",1st_avenue/south_to_north/034_n00034_N.jpg,n00034,1st_avenue,south_to_north,W,34,N,0.2181201039020439,0.2592501637197118,0.1910445601851852,0.34186351706036744,0.6405364563656971,0.6845738295318128,0.7850877192982456,0.44697526328679893,0.03170075599461993,0.22280494260231362,0.5679910390304374,0.4619669634088277,0.4212545795265548,0.23483986055807968,,1.0,0.45,0.15,0.4,0.38677111389196145,0.22709903777954243,0.38677111389196145,0.22709903777954243,0.27961071151051176,0.13770068809502867,1.0
"Murray Hill, Manhattan",1st_avenue/south_to_north/035_n00035_N.jpg,n00035,1st_avenue,south_to_north,W,35,N,0.2368545988433511,0.2833719135802469,0.28998839714901375,0.6269224733207784,0.7585323559549145,0.7736957946988855,0.7886658168684937,0.75878587196468,0.048538011695906436,0.2700716365242039,0.69864623486777,0.5473619706882498,0.5319965668430267,0.6177357143451307,0.5367320941078925,1.0,0.4,0.2,0.4,0.633401281289422,0.45193747590174993,0.633401281289422,0.45193747590174993,0.4063215268592266,0.4567607183246778,1.0
"Murray Hill, Manhattan",1st_avenue/south_to_north/036_n00036_N.jpg,n00036,1st_avenue,south_to_north,W,36,N,0.1802052028597636,0.22451556380127805,0.15997099965881947,0.2950316706254949,0.6247480854494155,0.7132499006754073,0.7248352039907359,0.41921368861024044,0.030120481927710847,0.18823058877328702,0.4647503398394132,0.46117782861716217,0.3913897915095624,0.16394640731529408,0.5367320941078925,1.0,0.4,0.2,0.4,0.3058738376986361,0.17509177760115946,0.3058738376986361,0.17509177760115946,0.20403142658679385,0.09258339527104174,1.0
"Murray Hill, Manhattan",1st_avenue/south_to_north/037_n00037_N.jpg,n00037,1st_avenue,south_to_north,W,37,N,0.2035760471877887,0.27436023622047245,0.220678522282206,0.4511378848728247,0.7783072144571509,0.7845304900860457,0.7756221568102757,0.7311036789297659,0.056117574326982535,0.23287160189682238,0.5973557039267525,0.4857870535005731,0.5209478033556747,0.5779142601269814,0.5367320941078925,1.0,0.4,0.2,0.4,0.5656239073872695,0.3788046019882817,0.5656239073872695,0.3788046019882817,0.3045776040184599,0.4160228473152806,1.0
"Murray Hill, Manhattan",1st_avenue/south_to_north/038_n00038_N.jpg,n00038,1st_avenue,south_to_north,W,38,N,0.19818822763340802,0.3104942233632862,0.18882412804144688,0.3062962962962963,0.6468724448078494,0.7136833514689881,0.7971034356725145,0.5510316875460575,0.07687816270922543,0.2325021930127137,0.5962890343587165,0.4577024009858116,0.47500442864259906,0.4073494371165223,,1.0,0.45,0.15,0.4,0.4920734091278898,0.3050757262869659,0.4920734091278898,0.3050757262869659,0.3036394839027967,0.26341919183389173,1.0
"Murray Hill, Manhattan",1st_avenue/south_to_north/039_n00039_N.jpg,n00039,1st_avenue,south_to_north,W,39,N,0.2089097766787009,0.26732730644413544,0.19989738017626454,0.3583364626361247,0.7815330745223416,0.7627772002772003,0.7971179851250844,0.694871794871795,0.06025596479036369,0.2253781544330336,0.5755514562298505,0.44652686279699444,0.5174152482624144,0.5649383153377625,0.5367320941078925,1.0,0.4,0.2,0.4,0.5430047057110541,0.3586334935475267,0.5430047057110541,0.3586334935475267,0.28587264861395406,0.4032094630347105,1.0
"Murray Hill, Manhattan",1st_avenue/south_to_north/040_n00040_N.jpg,n00040,1st_avenue,south_to_north,W,40,N,0.17987464682349563,0.28345443536179227,0.1763572783309625,0.4272927436339269,0.6236796363150153,0.7547169811320754,0.7341894184790991,0.704257907542579,0.09091137965760325,0.21322878683875013,0.5396032282655416,0.5194433628169957,0.5097862352264271,0.5366326246905876,,1.0,0.45,0.15,0.4,0.535346665254913,0.33260050928055784,0.535346665254913,0.33260050928055784,0.2570597084319499,0.3760037594528564,1.0
"Murray Hill, Manhattan",1st_avenue/south_to_north/041_n00041_N.jpg,n00041,1st_avenue,south_to_north,W,41,N,0.19057476330731518,0.246973723058754,0.24822695035460987,0.510313725490196,0.7871885596343801,0.7959556139582421,0.7545668827342369,0.7221570926143025,0.051952123888979775,0.22859181224022634,0.5849437770302861,0.5063602599380193,0.5095586997458397,0.5357838414561913,0.5367320941078925,1.0,0.4,0.2,0.4,0.5486980509625998,0.36126444711554184,0.5486980509625998,0.36126444711554184,0.29381000710217053,0.3752033165288162,1.0
"Murray Hill, Manhattan",1st_avenue/south_to_north/042_n00042_N.jpg,n00042,1st_avenue,south_to_north,W,42,N,0.21710386540100188,0.33061594202898553,0.22958995197635765,0.5127490336009516,0.5706214689265536,0.7676211453744494,0.6800419883516186,0.7525000000000001,0.08497441032487758,0.25910325313544835,0.6702329931433916,0.5699162366829491,0.505838799558832,0.5218815130954347,,1.0,0.45,0.15,0.4,0.5918368887221614,0.3937988820226884,0.5918368887221614,0.3937988820226884,0.3750027950570783,0.36221651108703734,1.0
"Murray Hill, Manhattan",1st_avenue/south_to_north/043_n00043_N.jpg,n00043,1st_avenue,south_to_north,W,43,N,0.21072470458188,0.2634595011075797,0.21507312813796112,0.6352194168920949,0.6910386567746974,0.7968276741590946,0.7749883122954652,0.7602642276422764,0.05334929546455306,0.22975244460914024,0.5883211301730388,0.5803361447588307,0.5295339451340981,0.6089758233405984,0.5367320941078925,1.0,0.4,0.2,0.4,0.5948695285395613,0.3999703587303166,0.5948695285395613,0.3999703587303166,0.29670805792414806,0.44761060525519036,1.0
"Murray Hill, Manhattan",1st_avenue/south_to_north/044_n00044_N.jpg,n00044,1st_avenue,south_to_north,W,44,N,0.4777815714306933,0.6736130800491447,0.5955980435749222,0.3736683238636364,0.7902467883705206,0.7496561801615953,0.769040098271475,0.7097093791281374,0.1483620866707743,0.5823308983515867,0.9899289757091008,0.44435923855157033,0.5423705213567955,0.6537486107026286,0.5367320941078925,1.0,0.4,0.2,0.4,0.7144186262972888,0.6334288623717796,0.7144186262972888,0.6334288623717796,0.9666867099767856,0.4955548896767966,1.0
"Murray Hill, Manhattan",1st_avenue/south_to_north/045_n00045_N.jpg,n00045,1st_avenue,south_to_north,W,45,N,0.2910836804979724,0.30407705119849376,0.2394520675814432,0.49335856337192047,0.7435481691663289,0.7885545512210593,0.7510723477266228,0.7564102564102564,0.07761469673405907,0.27820426642596974,0.7187867003131836,0.5127883151422169,0.5283657669569795,0.6047953739041385,0.5367320941078925,1.0,0.4,0.2,0.4,0.6270050250189342,0.4508912476444066,0.6270050250189342,0.4508912476444066,0.43006118131802606,0.4432821149875898,1.0
"Murray Hill, Manhattan",2nd_avenue/north_to_south/001_n00079_S.jpg,n00079,2nd_avenue,north_to_south,W,1,S,0.1704894801340478,0.23602077687443543,0.21008638211382116,0.7707343344104416,0.5249901999215995,0.8487390350877192,0.739753320683112,0.8295775975862719,0.12205567451820128,0.2055322130407681,0.516590546449848,0.6981610565255203,0.563795530929195,0.7225073133787948,2.7753632171881697,0.8902041303792668,0.4,0.2,0.4,0.5585682033936266,0.3439381915241966,0.6274608085177626,0.42141443393209366,0.239820077671386,0.5753209211729449,0.816151901383659
"Murray Hill, Manhattan",2nd_avenue/north_to_south/002_n00078_S.jpg,n00078,2nd_avenue,north_to_south,W,2,S,0.2717532740573721,0.28796231136132616,0.24066727698097848,0.7839339600742804,0.503864734299517,0.8467265203576443,0.7187647754137115,0.8139329805996472,0.10664842240824209,0.2667942874665589,0.6903019777018449,0.7089319153774691,0.5464487261405335,0.667462570777072,2.9229134007554047,0.870718095975971,0.4,0.2,0.4,0.5961902781268323,0.3936004386050307,0.6847110228696628,0.49305641263141375,0.39687064744165806,0.5108463386931169,0.7982868258510375
"Murray Hill, Manhattan",2nd_avenue/north_to_south/003_n00077_S.jpg,n00077,2nd_avenue,north_to_south,W,3,S,0.3437519475126102,0.27344985434873076,0.23161916563403553,0.7560305909305303,0.3123096446700508,0.8144378892166503,0.6517126789366053,0.8173504935165473,0.1448449184749295,0.2829403224984588,0.7301303213861131,0.7527196118257098,0.537969363642694,0.6386571306950077,3.07046358432264,0.8516585991765894,0.3,0.1,0.6,0.5755852201913653,0.3825367936928685,0.6758403199919069,0.4899212598741825,0.44404316853483894,0.4790626817858381,0.7808128061050228
"Murray Hill, Manhattan",2nd_avenue/north_to_south/004_n00076_S.jpg,n00076,2nd_avenue,north_to_south,W,4,S,0.31076985631338505,0.23457446808510637,0.20413376683697168,0.6344106225729677,0.4606976744186047,0.8078575813382444,0.6438789088489688,0.8019410723318159,0.11095697040498446,0.249826030411821,0.6451785431213103,0.660523509830869,0.5189256505285897,0.5704983656633018,3.4542035662811315,0.8040204820491323,0.3,0.1,0.6,0.4829615512184399,0.30152305202298263,0.6006831442745845,0.40904587398353814,0.34929481413439584,0.40867296772732664,0.7371374977739472
"Murray Hill, Manhattan",2nd_avenue/north_to_south/005_n00075_S.jpg,n00075,2nd_avenue,north_to_south,W,5,S,0.28654619378630247,0.1776857983811626,0.1777429700902514,0.7113363363363363,0.3383202833706189,0.8078575813382444,0.5311927369648508,0.7739400584795321,0.07134180527004297,0.21399165408590548,0.5418766320059426,0.7269578781013206,0.4588248669048086,0.3503213462430211,2.309092485979165,0.9546945115230695,0.4,0.2,0.4,0.46080065198618897,0.26055052772555376,0.4826681691623552,0.2976775890246034,0.2588119018055924,0.21909198045324144,0.8752776068205086
"Murray Hill, Manhattan",2nd_avenue/north_to_south/006_n00074_S.jpg,n00074,2nd_avenue,north_to_south,W,6,S,0.32608287180714524,0.3401633340657731,0.2904160566129819,0.6809347373894955,0.3937471158283341,0.8199043802292062,0.7007876496534342,0.8041142303969022,0.1449121744397335,0.3188874208286334,0.8063786619221317,0.7023640005967892,0.5499380181633566,0.67897608245797,2.1125824690250017,0.9832544219963606,0.4,0.2,0.4,0.7200054077771839,0.5111772319031312,0.7322676528779943,0.5670537174451288,0.5514661519327327,0.5239146245227131,0.9014617419426326
"Murray Hill, Manhattan",2nd_avenue/north_to_south/007_n00073_S.jpg,n00073,2nd_avenue,north_to_south,W,7,S,0.32611285143520413,0.29565794463405387,0.2160018993352327,0.7204710144927536,0.2914270778881338,0.8218141126908899,0.691540979773179,0.8189630018674136,0.09762071378586423,0.27925756513483024,0.7213344901003539,0.7502860164318366,0.5360415651421522,0.6319574424842137,2.167049418027577,0.9752539184562985,0.4,0.2,0.4,0.6725009261874373,0.44732846256362,0.6895649568390556,0.5002964677269348,0.4331619514882893,0.4718509825845577,0.894126765667622
"Murray Hill, Manhattan",2nd_avenue/north_to_south/008_n00072_S.jpg,n00072,2nd_avenue,north_to_south,W,8,S,0.4077262743074406,0.49105803622937577,0.5055096418732782,0.7392572762218562,0.47128041483845234,0.8279804890409223,0.7075447405690741,0.7996092749167306,0.15628960709759188,0.4680979841366981,0.9614755417997335,0.698652450141442,0.5544812075277988,0.6936455038203077,1.9969539716046885,1.0,0.4,0.2,0.4,0.7915576744926912,0.6345452700332924,0.7915576744926912,0.6918035534570955,0.8804946881149383,0.5408783992312215,0.9172333198670767
"Murray Hill, Manhattan",2nd_avenue/north_to_south/009_n00071_S.jpg,n00071,2nd_avenue,north_to_south,W,9,S,0.3319089922049419,0.33920379441723036,0.2902580572458869,0.5899692036955565,0.46261648745519707,0.814441604404247,0.769040098271475,0.781275487797227,0.077204217607866,0.3204569479560197,0.8093023476450183,0.6472647735482021,0.5425066012255226,0.6542105139544393,2.453455488427493,0.9342433550326299,0.4,0.2,0.4,0.6640606402211118,0.4690733493285247,0.7108004960847899,0.5476452809075609,0.5561201967327114,0.49606515330511286,0.8565276935303334
"Murray Hill, Manhattan",2nd_avenue/north_to_south/010_n00070_S.jpg,n00070,2nd_avenue,north_to_south,W,10,S,0.3548415023258882,0.36573879551820737,0.34493499458288196,0.6658493650194894,0.3890980218482433,0.8394821035792841,0.6554774915430652,0.7754836696484294,0.15038639876352397,0.3551717641423258,0.8655370133153336,0.7054111489168433,0.5271158533183395,0.6003054070899336,2.252088865904497,0.9628926674002004,0.4,0.2,0.4,0.6910818755603584,0.4999776224504432,0.7177143402974205,0.5663583342800595,0.6552073286080589,0.43866030205729467,0.8827937935900637
"Murray Hill, Manhattan",2nd_avenue/north_to_south/011_n00069_S.jpg,n00069,2nd_avenue,north_to_south,W,11,S,0.23857843937429557,0.21226415094339623,0.15475554368153888,0.7128691053327457,0.4607065048241519,0.8098377909856365,0.6407604412923562,0.8029925544100802,0.07318608017116605,0.2018660446664102,0.5055979000902858,0.6873334638314101,0.5056463586245341,0.5211611967068644,2.050722243381501,0.992420533620697,0.4,0.2,0.4,0.5400577128431963,0.31317856788626414,0.5441823244757713,0.34420319767791496,0.23189171543640127,0.3615499234837123,0.9098653644098861
"Murray Hill, Manhattan",2nd_avenue/north_to_south/012_n00068_S.jpg,n00068,2nd_avenue,north_to_south,W,12,S,0.15796826871063932,0.14866755005889284,0.15041725434884815,0.579984544049459,0.36145937813440315,0.7985406748085282,0.5073643410852714,0.7989751496462906,0.0336393596986817,0.15235102437279344,0.3608244230825742,0.6723552802411947,0.44665961681008115,0.31000289883659066,2.775137604042196,0.8902342571522007,0.4,0.2,0.4,0.34236450996060885,0.17793944111776613,0.384577999790538,0.2180150767233846,0.14284722794420282,0.18947202347481107,0.8161795220407346
"Murray Hill, Manhattan",2nd_avenue/north_to_south/013_n00067_S.jpg,n00067,2nd_avenue,north_to_south,W,13,S,0.17057826646472973,0.1975185185185185,0.12442178797318988,0.7438819416431356,0.4195300157977883,0.8211224979024331,0.4756923689978083,0.7971213267751293,0.10320858441695742,0.16417285765214604,0.3941440719097724,0.71515814124926,0.4586740933966316,0.3498067882568746,2.412262516515109,0.9400338652763874,0.4,0.2,0.4,0.39793964647724156,0.2113975887631056,0.42332479836802467,0.2452873425157949,0.1611118629519481,0.21870528714431853,0.8618365162869869
"Murray Hill, Manhattan",2nd_avenue/north_to_south/014_n00066_S.jpg,n00066,2nd_avenue,north_to_south,W,14,S,0.2062455553753447,0.2224124809741248,0.22052671610572352,0.7775377969762419,0.687995870014129,0.8239901325932779,0.7248939620758484,0.8348982146745048,0.19771409075400884,0.21639491748506434,0.5490267177255233,0.6378440198517968,0.5858354225014539,0.7837290493434907,2.169754421636574,0.9748582889198087,0.4,0.2,0.4,0.6358990202610146,0.4047072375907428,0.6522989315356001,0.4528121700817971,0.26438242966404674,0.6534395144097552,0.8937640468400738
"Murray Hill, Manhattan",2nd_avenue/north_to_south/015_n00065_S.jpg,n00065,2nd_avenue,north_to_south,W,15,S,0.2419311553419493,0.21867494824016562,0.1680320015330076,0.7926882423449929,0.5325056974931032,0.8115876824635073,0.7219876692132422,0.8455940315315315,0.18275231332042177,0.20954603503837418,0.528606829773433,0.690590075771799,0.5834446713550652,0.7775888244537067,1.2175878831172726,1.0,0.4,0.2,0.4,0.65072453048122,0.4467038098584921,0.65072453048122,0.4467038098584921,0.24871072023889193,0.6452744504453447,1.0
"Murray Hill, Manhattan",2nd_avenue/north_to_south/016_n00064_S.jpg,n00064,2nd_avenue,north_to_south,W,16,S,0.3479353059750803,0.3016856441169904,0.2621165469266735,0.7764017419706043,0.501865463860118,0.8322093770070649,0.65911446764401,0.8183406605794161,0.16063015312131915,0.30391249900624806,0.7767714430006021,0.7022485517058503,0.5460284271149151,0.6660617763368013,0.590344389062695,1.0,0.4,0.2,0.4,0.7158487572107073,0.5419837407481704,0.7158487572107073,0.5419837407481704,0.5067239076911532,0.5092708565119544,1.0
"Murray Hill, Manhattan",2nd_avenue/north_to_south/017_n00063_S.jpg,n00063,2nd_avenue,north_to_south,W,17,S,0.2467161273961358,0.19811394279479386,0.19039841922735704,0.7101985078603783,0.5572143916913946,0.8272534357316088,0.6193675072343944,0.8052224539450816,0.16493969298245614,0.21174282980609554,0.5351703113484977,0.660079183966864,0.5298432180539774,0.610079943997084,0.5941890442619032,1.0,0.4,0.2,0.4,0.5881264504205714,0.3858611355270206,0.5881264504205714,0.3858611355270206,0.25366902949555875,0.44875792280769755,1.0
"Murray Hill, Manhattan",2nd_avenue/north_to_south/018_n00062_S.jpg,n00062,2nd_avenue,north_to_south,W,18,S,0.3006270397822963,0.2641527265853889,0.2431256181998022,0.7842566863494268,0.629968587652531,0.8178853573397024,0.6510559249120064,0.8120557598039215,0.19992581602373885,0.2693017948558291,0.6966976863564445,0.6573911520121993,0.5543458335798889,0.6932138268852548,0.5976259985708766,1.0,0.4,0.2,0.4,0.6872731933459931,0.5003063068679681,0.6872731933459931,0.5003063068679681,0.40409501492782474,0.5403740984752036,1.0
"Murray Hill, Manhattan",2nd_avenue/north_to_south/019_n00061_S.jpg,n00061,2nd_avenue,north_to_south,W,19,S,0.4048826030958407,0.36186504570728495,0.349302936807222,0.7834082785656635,0.6174959121700537,0.8127120627120626,0.7029443641618497,0.8317381825915883,0.25725524475524475,0.37201686187011584,0.8873748392964337,0.6595414763692241,0.5973125971695609,0.8114850970435817,0.6209157476487066,1.0,0.4,0.2,0.4,0.806869846907452,0.6880149130861914,0.806869846907452,0.6880149130861914,0.6993384507080008,0.6913312150556475,1.0
"Murray Hill, Manhattan",2nd_avenue/north_to_south/020_n00060_S.jpg,n00060,2nd_avenue,north_to_south,W,20,S,0.3659829102561646,0.36285398061216706,0.3406914893617021,0.5656966490299823,0.5415138015373865,0.7780829596412556,0.7427002583979329,0.7970348837209302,0.258201253225212,0.35650946007667794,0.8673942912763566,0.6007552690446171,0.5993121317813583,0.8160305342289412,0.6173689888175483,1.0,0.4,0.2,0.4,0.78651807084856,0.6617798973150483,0.78651807084856,0.6617798973150483,0.658824636279664,0.6976945029989998,1.0
"Murray Hill, Manhattan",2nd_avenue/north_to_south/021_n00059_S.jpg,n00059,2nd_avenue,north_to_south,W,21,S,0.4887562610182732,0.7071473750790639,0.724815001681803,0.6207977207977208,0.5840717299578059,0.7555701440280099,0.7454142371234208,0.7590713774170447,0.2918356734269371,0.64023954592638,0.9949478405632589,0.5974320449559749,0.5987737626558008,0.8148151013446953,0.631317191526189,1.0,0.4,0.2,0.4,0.8294714758678755,0.7750610676473717,0.8294714758678755,0.7750610676473717,0.9830904373030752,0.6959885216173514,1.0
"Murray Hill, Manhattan",2nd_avenue/north_to_south/022_n00058_S.jpg,n00058,2nd_avenue,north_to_south,W,22,S,0.36180367651361167,0.33999333999333997,0.3559775992208425,0.41544117647058826,0.7580681561724215,0.7962200884011583,0.739979815455594,0.6693305536252027,0.05115819667694973,0.3525915385759314,0.8618925330216365,0.48453103623310834,0.4868228552525821,0.45074595908585835,0.631317191526189,1.0,0.4,0.2,0.4,0.592677314293965,0.44889105092390535,0.592677314293965,0.44889105092390535,0.648179309644399,0.2992239862367042,1.0
"Murray Hill, Manhattan",2nd_avenue/north_to_south/023_n00056_S.jpg,n00056,2nd_avenue,north_to_south,W,23,S,0.33848675521108434,0.2997388709276299,0.3123239005267671,0.5116468422543189,0.8984225819842258,0.8204229797979798,0.7015450512467493,0.7805354993983152,0.07206444737007082,0.3168498422218271,0.8025324632139775,0.47788241335602427,0.5180483326717118,0.5672708803072555,0.631317191526189,1.0,0.4,0.2,0.4,0.6297460461727536,0.4717898910635334,0.6297460461727536,0.4717898910635334,0.5454108626343366,0.4054966497501559,1.0
"Murray Hill, Manhattan",2nd_avenue/north_to_south/024_n00055_S.jpg,n00055,2nd_avenue,north_to_south,W,24,S,0.383069133391557,0.3585016262007413,0.3591840402588066,0.729957127545552,0.8678839957035446,0.8113591105210753,0.7684410646387833,0.8052780860771982,0.10787878787878791,0.36691826661703497,0.8811137102749933,0.5578107474543609,0.5605326461982565,0.712588615670492,0.631317191526189,1.0,0.4,0.2,0.4,0.7386619208176328,0.6084293625738706,0.7386619208176328,0.6084293625738706,0.6863191023242031,0.563320928357718,1.0
"Murray Hill, Manhattan",2nd_avenue/north_to_south/025_n00054_S.jpg,n00054,2nd_avenue,north_to_south,W,25,S,0.38756181178507026,0.34974073214147516,0.3580302484695715,0.7590384991205785,0.8083571769194086,0.8049855179638873,0.7550157444894287,0.839212252612853,0.17165769403319872,0.3651109307987056,0.8788229940378327,0.5852222800550191,0.5886285637118267,0.7907460789392469,0.4405870251190285,1.0,0.4,0.2,0.4,0.7766754072308635,0.6538138326405524,0.7766754072308635,0.6538138326405524,0.6816312312181988,0.6628654066447328,1.0
"Murray Hill, Manhattan",2nd_avenue/north_to_south/026_n00053_S.jpg,n00053,2nd_avenue,north_to_south,W,26,S,0.3723932701887748,0.3484334814122048,0.3280569514237856,0.7624154219328482,0.8436684605348989,0.8264238219138479,0.5879870642057107,0.8240986421101919,0.14702742189256013,0.3496279010082551,0.8576045209983342,0.5817235944372656,0.5197043760694875,0.5733581447278395,,1.0,0.45,0.15,0.4,0.6887428036161796,0.5287424669210732,0.6887428036161796,0.5287424669210732,0.6400271709374512,0.4114987449726936,1.0
"Murray Hill, Manhattan",2nd_avenue/north_to_south/027_n00052_S.jpg,n00052,2nd_avenue,north_to_south,W,27,S,0.35777791581398966,0.31045708792169197,0.28077804746494067,0.45108506944444443,0.8527375952714263,0.7994539460127755,0.592109500805153,0.7553654060954206,0.07422768878718537,0.31633768373354076,0.8015566856688907,0.4659338067285978,0.47390086522925295,0.4033593818461992,,1.0,0.45,0.15,0.4,0.5614303767797951,0.39569779986345077,0.5614303767797951,0.39569779986345077,0.5438866403206238,0.26021993569622626,1.0
"Murray Hill, Manhattan",2nd_avenue/north_to_south/028_n00051_S.jpg,n00051,2nd_avenue,north_to_south,W,28,S,0.234360887314209,0.2292629861299972,0.19786898586105184,0.6216764898493778,0.7738123657197421,0.8172556187381533,0.5605175292153589,0.7840492840492841,0.1046988080034057,0.22049761976841936,0.5611846871914018,0.555039914289263,0.4830885404226829,0.4369199282417692,0.4405870251190285,1.0,0.4,0.2,0.4,0.50660317745458,0.3217590651763826,0.50660317745458,0.3217590651763826,0.27406776068433797,0.287611945386578,1.0
"Murray Hill, Manhattan",2nd_avenue/north_to_south/029_n00050_S.jpg,n00050,2nd_avenue,north_to_south,W,29,S,0.2794121195136753,0.2419948289578361,0.19908461392525134,0.7683342899049804,0.7635704719136531,0.8155042735042736,0.47192258883248733,0.8123713764920327,0.11034933072151487,0.24016385413225422,0.6182120683562334,0.6067560304985335,0.4648810986820116,0.3712673929036639,0.4405870251190285,1.0,0.4,0.2,0.4,0.5022645599193015,0.32282005662446145,0.5022645599193015,0.32282005662446145,0.32342271817136964,0.2350302160964843,1.0
"Murray Hill, Manhattan",2nd_avenue/north_to_south/030_n00049_S.jpg,n00049,2nd_avenue,north_to_south,W,30,S,0.31899684721622584,0.2784896840747905,0.21562985292774273,0.7829444444444444,0.7540026409177188,0.7976548406494288,0.6967919972404277,0.8274967081940646,0.15412495685191577,0.27103879473958636,0.7010840892054471,0.6088655480587181,0.559471220762136,0.7093168149563751,0.4302448896642232,1.0,0.4,0.2,0.4,0.6847758358543115,0.502036727478784,0.6847758358543115,0.502036727478784,0.40912416776440685,0.5594005508476941,1.0
"Murray Hill, Manhattan",2nd_avenue/north_to_south/031_n00048_S.jpg,n00048,2nd_avenue,north_to_south,W,31,S,0.2700118731348645,0.2969198312236287,0.24458305975049247,0.7513156072566126,0.7642340805717999,0.8056742640075973,0.7297349212447176,0.8298309553349875,0.20465386852821407,0.27050492136966187,0.6997397867328682,0.5975852635641367,0.5880732483693064,0.7893644477389345,0.3619854316261353,1.0,0.4,0.2,0.4,0.711484802833187,0.533881071767874,0.711484802833187,0.533881071767874,0.40757636145866,0.6610014033985518,1.0
"Murray Hill, Manhattan",2nd_avenue/north_to_south/032_n00047_S.jpg,n00047,2nd_avenue,north_to_south,W,32,S,0.21852707449573383,0.1893038731867803,0.18288574453749162,0.7151491262646171,0.7445506015569708,0.8341086773922596,0.7023344897369181,0.8094390304847576,0.10397196261682244,0.1969055640733352,0.4907177587844581,0.6015690673666352,0.5385818276128327,0.6407745318197994,0.2498453051793788,1.0,0.4,0.2,0.4,0.5686851741859149,0.3689441960300435,0.5686851741859149,0.3689441960300435,0.22145869267842222,0.48135581933177496,1.0
"Murray Hill, Manhattan",2nd_avenue/north_to_south/033_n00046_S.jpg,n00046,2nd_avenue,north_to_south,W,33,S,0.18344756133807907,0.1796340973059912,0.15084944346807264,0.7923111409997757,0.7597245049698677,0.8110236220472441,0.7183390782586493,0.8370718765074772,0.16538693164709428,0.1713103673707143,0.4147712600610828,0.614536752692384,0.5735992954710736,0.7510068584555529,0.2498453051793788,1.0,0.4,0.2,0.4,0.5689716086770907,0.3692431474545666,0.5689716086770907,0.3692431474545666,0.17302643727551476,0.6107939330294566,1.0
"Murray Hill, Manhattan",2nd_avenue/south_to_north/001_n00046_N.jpg,n00046,2nd_avenue,south_to_north,W,1,N,0.39906938188357766,0.4137501113189064,0.4387725421756836,0.6716008771929824,0.8110921158487531,0.8163161119052481,0.7309087437953418,0.8013743670677976,0.1984967543559959,0.41719734512605583,0.9312702995914247,0.5589416244164924,0.5769266217397118,0.7602224238972817,0.2498453051793788,1.0,0.4,0.2,0.4,0.7753179910927034,0.6735830805776374,0.7753179910927034,0.6735830805776374,0.8000033671084219,0.6225910642952228,1.0
"Murray Hill, Manhattan",2nd_avenue/south_to_north/002_n00047_N.jpg,n00047,2nd_avenue,south_to_north,W,2,N,0.44126836016933596,0.45064155629139074,0.4583575722319178,0.7085145643864506,0.8449213607704565,0.7957123481906171,0.7504103069095684,0.7885819692460317,0.2612241318835497,0.45008916289754813,0.9526224404053499,0.5531018506022036,0.6000721360130499,0.8177358031975648,0.2498453051793788,1.0,0.4,0.2,0.4,0.8038491384230939,0.7237305653048192,0.8038491384230939,0.7237305653048192,0.8558224263977581,0.7000935361043837,1.0
"Murray Hill, Manhattan",2nd_avenue/south_to_north/003_n00048_N.jpg,n00048,2nd_avenue,south_to_north,W,3,N,0.3933475105467476,0.3188493504397644,0.26827242524916944,0.6964382816748232,0.8174169346195069,0.769503914640061,0.7082151300236408,0.784574942078061,0.18666430008283044,0.3268230954118938,0.8208147334243318,0.5495084205651257,0.5598181240615108,0.7103885467241731,0.3619854316261353,1.0,0.4,0.2,0.4,0.7149757435340015,0.5640468250363294,0.7149757435340015,0.5640468250363294,0.5748884480954068,0.5606826786932904,1.0
"Murray Hill, Manhattan",2nd_avenue/south_to_north/004_n00049_N.jpg,n00049,2nd_avenue,south_to_north,W,4,N,0.3241154047805717,0.22552190532196406,0.16104725415070242,0.4917180717386338,0.7832521014339197,0.7016759776536313,0.6046415592996367,0.5506398720255948,0.07936742051786301,0.23689485475107938,0.6089113088094273,0.47004731598611516,0.4115496172810315,0.2096965100853298,0.4302448896642232,1.0,0.4,0.2,0.4,0.37747345174660674,0.23294515681055686,0.37747345174660674,0.23294515681055686,0.314898965770802,0.12130876760129129,1.0
"Murray Hill, Manhattan",2nd_avenue/south_to_north/005_n00050_N.jpg,n00050,2nd_avenue,south_to_north,W,5,N,0.4013437551324154,0.33237898915865016,0.3215661490309378,0.5802982317234099,0.8469251336898395,0.7988339198233629,0.6418928041042257,0.7796858875128999,0.17513020833333334,0.35176296444066774,0.8607047289015848,0.5107356726189778,0.5322362999834862,0.6185845067203226,0.4405870251190285,1.0,0.4,0.2,0.4,0.6794234455807784,0.5369356436176864,0.6794234455807784,0.5369356436176864,0.6459085775062283,0.4576531321959042,1.0
"Murray Hill, Manhattan",2nd_avenue/south_to_north/006_n00051_N.jpg,n00051,2nd_avenue,south_to_north,W,6,N,0.4085374047473888,0.38832530222334943,0.31430309350017377,0.4558660982156955,0.8114872103923932,0.7768834399431414,0.5945126751692648,0.7428084784254353,0.0821805666933975,0.3703886001569706,0.8854072532451179,0.47375410925548117,0.4731672400960325,0.40071390205933033,0.4405870251190285,1.0,0.4,0.2,0.4,0.5689860149714924,0.4331896140164678,0.5689860149714924,0.4331896140164678,0.6952141367149727,0.25810712860919116,1.0
"Murray Hill, Manhattan",2nd_avenue/south_to_north/007_n00052_N.jpg,n00052,2nd_avenue,south_to_north,W,7,N,0.38727238993738666,0.3238553514144065,0.3095120342894824,0.5223458235753319,0.8114836378237302,0.789816772374912,0.6750473100838065,0.7653329019269486,0.09048188653451812,0.34021325854709183,0.8432431011852339,0.5002263193755045,0.5102873661817577,0.5385012550324929,,1.0,0.45,0.15,0.4,0.651671048522651,0.4901360874578454,0.651671048522651,0.4901360874578454,0.6136085873142209,0.37776906378436387,1.0
"Murray Hill, Manhattan",2nd_avenue/south_to_north/008_n00053_N.jpg,n00053,2nd_avenue,south_to_north,W,8,N,0.3306515100983382,0.29404821073558646,0.2564891947362067,0.5313670411985019,0.8115559207951789,0.7182114333753677,0.7187919463087248,0.7690819178671253,0.07535885167464114,0.2937296385233771,0.754869777090376,0.47934085125956355,0.5210775719501637,0.578389003545108,,1.0,0.45,0.15,0.4,0.6339092578231732,0.4517972553499835,0.6339092578231732,0.4517972553499835,0.47619374532479014,0.4164958294732064,1.0
"Murray Hill, Manhattan",2nd_avenue/south_to_north/009_n00054_N.jpg,n00054,2nd_avenue,south_to_north,W,9,N,0.1964466520298024,0.19274671290275971,0.1535889070146819,0.42737312426235036,0.8357262896390472,0.8232828060925601,0.739979815455594,0.7345988538681948,0.051112015188500136,0.18092742398241468,0.44303073494807943,0.47164321357195443,0.5085635615040962,0.5320692717605282,0.4405870251190285,1.0,0.4,0.2,0.4,0.48270692760131273,0.2981666090481392,0.48270692760131273,0.2981666090481392,0.1901672729014989,0.37171059679800567,1.0
"Murray Hill, Manhattan",2nd_avenue/south_to_north/010_n00055_N.jpg,n00055,2nd_avenue,south_to_north,W,10,N,0.2878033680920484,0.2750181290790428,0.2566388467374811,0.4470766129032258,0.8132152288732395,0.8213388844832145,0.7657603357442628,0.7756088375596284,0.054251304251304235,0.27315344796952407,0.7063747014680205,0.4850667561710669,0.5318734925183984,0.6172996812658222,0.631317191526189,1.0,0.4,0.2,0.4,0.6208301189030982,0.44483068847673896,0.6208301189030982,0.44483068847673896,0.415272411441173,0.45630267786220424,1.0
"Murray Hill, Manhattan",2nd_avenue/south_to_north/011_n00056_N.jpg,n00056,2nd_avenue,south_to_north,W,11,N,0.36035413222671336,0.35445060445060445,0.3364937871420854,0.43081076724693745,0.7964898177920685,0.7885594830862791,0.7122596804765773,0.7252117588440458,0.12207646939190564,0.35043284127313434,0.8587800334653456,0.474293477513716,0.5198493029041762,0.5738898366809333,0.631317191526189,1.0,0.4,0.2,0.4,0.6490731128933223,0.5061281720268634,0.6490731128933223,0.5061281720268634,0.6422495730717953,0.41202529466901033,1.0
"Murray Hill, Manhattan",2nd_avenue/south_to_north/012_n00058_N.jpg,n00058,2nd_avenue,south_to_north,W,12,N,0.45578250609400034,0.6552850079298441,0.5909222318589187,0.5300327088908713,0.5633378777550556,0.7905732668257066,0.7673261243548782,0.783717834960071,0.24198267790262173,0.5673299152942544,0.9879665549283921,0.5857560326538407,0.5976755457391902,0.8123165269912378,0.631317191526189,1.0,0.4,0.2,0.4,0.8228683661296465,0.7632834223546215,0.8228683661296465,0.7632834223546215,0.9603766228826286,0.6924917601173087,1.0
"Murray Hill, Manhattan",2nd_avenue/south_to_north/013_n00059_N.jpg,n00059,2nd_avenue,south_to_north,W,13,N,0.3822438785818964,0.38049915397631134,0.3478316653836284,0.5483979198121122,0.3807880676758682,0.7842116677510301,0.6778147326927814,0.7756237356709373,0.2927462651727358,0.37019156598061204,0.8851671385459715,0.650607173295758,0.5820615778454847,0.7739801968283037,0.631317191526189,1.0,0.4,0.2,0.4,0.7887980386226033,0.663738015267096,0.7887980386226033,0.663738015267096,0.6947129073316499,0.6405115113887299,1.0
"Murray Hill, Manhattan",2nd_avenue/south_to_north/014_n00060_N.jpg,n00060,2nd_avenue,south_to_north,W,14,N,0.25670382712151985,0.22682674928995614,0.2526583448913546,0.6388783390302569,0.29995739241585,0.8193129400339888,0.6541176470588236,0.7994466206553503,0.12548884288014725,0.2453963071009435,0.6329180161848013,0.7194112955494651,0.5263510368647737,0.597549628740378,0.6173689888175483,1.0,0.4,0.2,0.4,0.6345765600452609,0.43484837374682084,0.6345765600452609,0.43484837374682084,0.33731175914263006,0.43583742278895105,1.0
"Murray Hill, Manhattan",2nd_avenue/south_to_north/015_n00061_N.jpg,n00061,2nd_avenue,south_to_north,W,15,N,0.28258389657014676,0.24389657823913877,0.20749852681202122,0.7641938674579625,0.4373668512995313,0.8194646538135079,0.6658611894213989,0.810399880632647,0.17973231357552585,0.24465966720710225,0.6308618663771126,0.7154305566573129,0.5519977945431906,0.6856729839979031,0.6209157476487066,1.0,0.4,0.2,0.4,0.6688581494895043,0.46918678715830675,0.6688581494895043,0.46918678715830675,0.3353386537313395,0.5316148137982774,1.0
"Murray Hill, Manhattan",2nd_avenue/south_to_north/016_n00062_N.jpg,n00062,2nd_avenue,south_to_north,W,16,N,0.3257560504312562,0.3089262508122157,0.3033103051237766,0.7757717225609757,0.3542796865581676,0.84082327452801,0.6418955304254174,0.8195073533523458,0.2427779853069357,0.31266420212241613,0.7944515819529532,0.7541051035102726,0.5680602896948996,0.735148717555626,0.5976259985708766,1.0,0.4,0.2,0.4,0.7621903242309226,0.5953220210978187,0.7621903242309226,0.5953220210978187,0.5329316790718382,0.590870614563869,1.0
"Murray Hill, Manhattan",2nd_avenue/south_to_north/017_n00063_N.jpg,n00063,2nd_avenue,south_to_north,W,17,N,0.2672110454336735,0.22559129224977492,0.21550237171194478,0.7656521158723802,0.31501035196687366,0.8380905803544964,0.6268368980066928,0.8181607881558893,0.22611091569937858,0.2361015697984644,0.606642034609531,0.7629107814200009,0.5570362006206535,0.7017286209333568,0.5941890442619032,1.0,0.4,0.2,0.4,0.6731865438055568,0.4686984439813081,0.6731865438055568,0.4686984439813081,0.31284889681572325,0.5503795328012013,1.0
"Murray Hill, Manhattan",2nd_avenue/south_to_north/018_n00064_N.jpg,n00064,2nd_avenue,south_to_north,W,18,N,0.18406852502891852,0.19507065261782244,0.13234757210660827,0.7999386229215489,0.4440314822912111,0.8365776081424937,0.6967917010167629,0.8258194444444444,0.22039230199851959,0.17049558325111638,0.41239992516246543,0.7308282495909437,0.5810011491532423,0.7711854872367156,0.590344389062695,1.0,0.4,0.2,0.4,0.5939556742143419,0.3874490511235822,0.5939556742143419,0.3874490511235822,0.17163187395094567,0.6368408254369021,1.0
"Murray Hill, Manhattan",2nd_avenue/south_to_north/019_n00065_N.jpg,n00065,2nd_avenue,south_to_north,W,19,N,0.18629889175003064,0.1968508546007961,0.14098407281001138,0.7096622258107926,0.7068816833390824,0.8271386712529462,0.6632967786154901,0.7994410120623713,0.14640463132236445,0.17471127305361273,0.42471072201211596,0.6099730712415521,0.5363808073334086,0.6331401967732526,1.2175878831172726,1.0,0.4,0.2,0.4,0.5356725318782923,0.33739402376260585,0.5356725318782923,0.33739402376260585,0.1789441395338443,0.4731192876713164,1.0
"Murray Hill, Manhattan",2nd_avenue/south_to_north/020_n00066_N.jpg,n00066,2nd_avenue,south_to_north,W,20,N,0.19223218667956837,0.17558804132776432,0.12254213483146063,0.6103713567095724,0.6853252647503782,0.8197666666666666,0.6348940914158305,0.7818972933624512,0.06755567692214333,0.16345412094626444,0.3920863986396756,0.5816042528752869,0.49478235390014164,0.48044380850249974,2.169754421636574,0.9748582889198087,0.4,0.2,0.4,0.448618061702926,0.2457033185002856,0.46018797480813034,0.2749084832501107,0.1599495784946886,0.3248429662544611,0.8937640468400738
"Murray Hill, Manhattan",2nd_avenue/south_to_north/021_n00067_N.jpg,n00067,2nd_avenue,south_to_north,W,21,N,0.16810641303139695,0.1669923571304499,0.11653579151018549,0.5814108600125549,0.2288170005414185,0.749822316986496,0.41315303804656445,0.7711587089097129,0.03781236299868477,0.15054485389067745,0.35584096214668076,0.7008053921525441,0.4073747033183207,0.19950684256468817,2.412262516515109,0.9400338652763874,0.4,0.2,0.4,0.30391244231474984,0.15389439237908234,0.3232994613714198,0.17856564379761827,0.1402139041556233,0.11479023905493242,0.8618365162869869
"Murray Hill, Manhattan",2nd_avenue/south_to_north/022_n00068_N.jpg,n00068,2nd_avenue,south_to_north,W,22,N,0.23354135510312055,0.2217121371108779,0.17794221282593373,0.5308035714285714,0.3519429414658141,0.7926469446385589,0.39151747655583974,0.7657728119180632,0.047862773104798174,0.21106523501331073,0.5331470173239838,0.657169191533772,0.40171768719290035,0.1862998147525361,2.775137604042196,0.8902342571522007,0.4,0.2,0.4,0.32498514072486673,0.1765321707373367,0.36505575708181826,0.21629086000092781,0.25213271959757955,0.10644557509688322,0.8161795220407346
"Murray Hill, Manhattan",2nd_avenue/south_to_north/023_n00069_N.jpg,n00069,2nd_avenue,south_to_north,W,23,N,0.26267974244314835,0.1777090694935218,0.1789259927797834,0.4768691588785046,0.32243616871208913,0.8187097231074287,0.6605520614954578,0.7617345067840118,0.11605988262210287,0.20643826823881783,0.5193052029629932,0.657714237757948,0.5127821503005241,0.5477867614543827,2.050722243381501,0.992420533620697,0.4,0.2,0.4,0.5519717773474974,0.32424973081096037,0.5561873809016339,0.35637111103933483,0.24180783718342352,0.3866047924568413,0.9098653644098861
"Murray Hill, Manhattan",2nd_avenue/south_to_north/024_n00070_N.jpg,n00070,2nd_avenue,south_to_north,W,24,N,0.3456582875263705,0.32996504260432596,0.2503761455341267,0.7220432145564821,0.5202817379497624,0.7969947067836746,0.7457047791893526,0.7758580159849554,0.15629946185501745,0.3086664918882744,0.786507054614909,0.6662520611301315,0.5592874190097751,0.7087480255526938,2.252088865904497,0.9628926674002004,0.4,0.2,0.4,0.7027217350308107,0.4968111873390237,0.7298027691166781,0.5627714999203134,0.5209739765505611,0.5587209113647368,0.8827937935900637
"Murray Hill, Manhattan",2nd_avenue/south_to_north/025_n00071_N.jpg,n00071,2nd_avenue,south_to_north,W,25,N,0.40697014418253347,0.48536121673003807,0.41127591136526087,0.7296957956665232,0.5463572124756335,0.8003347680535629,0.7022479126525369,0.8223083821279739,0.16841918114396023,0.4345357574259441,0.9434505827322471,0.6612244504148175,0.5643251586414904,0.7240972742944624,2.453455488427493,0.9342433550326299,0.4,0.2,0.4,0.7384757291480859,0.587825864034695,0.7904532851853076,0.6862893850073482,0.8312309347277409,0.5772607835290865,0.8565276935303334
"Murray Hill, Manhattan",2nd_avenue/south_to_north/026_n00072_N.jpg,n00072,2nd_avenue,south_to_north,W,26,N,0.35359226058762716,0.36827233584499464,0.3573717948717949,0.7642252017877392,0.6013999243284146,0.800576359047814,0.7441241531867827,0.8139107611548556,0.16865671641791039,0.3597454637681389,0.8717974372010217,0.6544672121690461,0.5755638769198494,0.7564765243665763,1.9969539716046885,1.0,0.4,0.2,0.4,0.777789356883433,0.5912483699337339,0.777789356883433,0.6445997513690587,0.6674985127991799,0.6177760745401406,0.9172333198670767
"Murray Hill, Manhattan",2nd_avenue/south_to_north/027_n00073_N.jpg,n00073,2nd_avenue,south_to_north,W,27,N,0.3080621276304538,0.21345846645367414,0.21640735502121644,0.7337346852555978,0.5886486872146119,0.8078286961265685,0.6418955304254174,0.7914003044140031,0.08956492182188987,0.24597598303511475,0.6345326495975037,0.650971564722518,0.5076202522204367,0.5285448735169812,2.167049418027577,0.9752539184562985,0.4,0.2,0.4,0.5781552091083647,0.35699119276126784,0.5928253126360261,0.399262393733076,0.3388684316984557,0.3684121067793298,0.894126765667622
"Murray Hill, Manhattan",2nd_avenue/south_to_north/028_n00074_N.jpg,n00074,2nd_avenue,south_to_north,W,28,N,0.3399368129751172,0.3634246054382963,0.3818537022802972,0.7199490994518403,0.5578148534352914,0.7801300524643464,0.5821620683671699,0.8034391534391534,0.08590259159964253,0.36173837356457017,0.8744466460816764,0.6474214328269651,0.4905012711353219,0.46443990465973956,2.1125824690250017,0.9832544219963606,0.4,0.2,0.4,0.6285914365116009,0.44197215651584687,0.6392968314704691,0.4902838755679253,0.6727848636459197,0.31092044288388987,0.9014617419426326
"Murray Hill, Manhattan",2nd_avenue/south_to_north/029_n00075_N.jpg,n00075,2nd_avenue,south_to_north,W,29,N,0.34159619801781244,0.3561958184599694,0.3536036036036036,0.6200850938967136,0.5196633137747974,0.796906489318823,0.48665985467756584,0.7748266721044046,0.06358013731060604,0.3504652066937951,0.8588271290320293,0.6324427564802464,0.4416888880308588,0.2942841917451402,2.309092485979165,0.9546945115230695,0.4,0.2,0.4,0.5025019433495274,0.33566212196119766,0.5263484154191503,0.38349218504573396,0.642338805454235,0.1782857056181406,0.8752776068205086
"Murray Hill, Manhattan",2nd_avenue/south_to_north/030_n00076_N.jpg,n00076,2nd_avenue,south_to_north,W,30,N,0.35673456078607485,0.3942356526155409,0.37366434378629504,0.7551227321237993,0.6061940408043447,0.8263239875389408,0.7137325273894977,0.807344953896678,0.1361066235864297,0.3748781857293036,0.8907610211742928,0.6584175596194651,0.5523947016242018,0.6869547175655192,3.4542035662811315,0.8040204820491323,0.3,0.1,0.6,0.5945692990129405,0.43673455510906395,0.7394952147209197,0.5924736652631858,0.7065082797397346,0.5330969813890074,0.7371374977739472
"Murray Hill, Manhattan",2nd_avenue/south_to_north/031_n00077_N.jpg,n00077,2nd_avenue,south_to_north,W,31,N,0.3271467348114667,0.3756663334999167,0.3651331867057674,0.7639800382827454,0.6471269358807353,0.8487241354098121,0.7189542483660131,0.8227581208407458,0.11478405315614619,0.35598208500571693,0.8666646840868271,0.6551924126039406,0.5521654741209684,0.6862148191541269,3.07046358432264,0.8516585991765894,0.3,0.1,0.6,0.623927039460379,0.4520618792714333,0.7326022893018534,0.5789631980121865,0.6574007227240569,0.5322410481611436,0.7808128061050228
"Murray Hill, Manhattan",2nd_avenue/south_to_north/032_n00078_N.jpg,n00078,2nd_avenue,south_to_north,W,32,N,0.33297026705896754,0.3296300560288587,0.3234290745020359,0.713707276408241,0.5478744939271255,0.819138418079096,0.6431007185482889,0.8019361590790162,0.14640463132236445,0.32867646586328736,0.8240625046606179,0.6616570668534039,0.5304805029832231,0.6123515194393269,2.9229134007554047,0.870718095975971,0.4,0.2,0.4,0.6098015767572098,0.4300007680667671,0.7003432908715364,0.5386544712276217,0.5803145676636358,0.4511237818937928,0.7982868258510375
"Murray Hill, Manhattan",2nd_avenue/south_to_north/033_n00079_N.jpg,n00079,2nd_avenue,south_to_north,W,33,N,0.34142808151719944,0.31890535560260336,0.2937534549474848,0.6287683031869079,0.4387587340731607,0.7835942596216569,0.5821043675553034,0.7886640512079289,0.13037761649311033,0.3180289640224292,0.8047651917030597,0.6578679429118013,0.5003820117521142,0.5014325401506518,2.7753632171881697,0.8902041303792668,0.4,0.2,0.4,0.5694689230835989,0.3851115240319593,0.6397059996126726,0.47186255815744893,0.5489167386196113,0.3435286464273178,0.816151901383659
"Murray Hill, Manhattan",3rd_avenue/north_to_south/001_n00113_S.jpg,n00113,3rd_avenue,north_to_south,W,1,S,0.18386191707640365,0.22438991686779297,0.19585615743558535,0.8066135458167331,0.5044041053921569,0.8411040718009635,0.7155119745845552,0.9187751202477433,0.12857891061452512,0.2013693304599273,0.5041078989492225,0.7144378374085132,0.5876220018156079,0.7882368240626176,4.183719631453511,0.7206815303775761,0.3,0.1,0.6,0.49191596709332774,0.32057677521156996,0.6825705202069011,0.4851848953145697,0.23083172793683884,0.6594830344339103,0.6607311528190175
"Murray Hill, Manhattan",3rd_avenue/north_to_south/002_n00112_S.jpg,n00112,3rd_avenue,north_to_south,W,2,S,0.28977929604142977,0.3009579073408861,0.24254115226337455,0.7729603967121799,0.4370139968895801,0.8172758037225042,0.7392712550607287,0.8541172174548111,0.07855553373911905,0.2777594518818968,0.717706504320047,0.7177407345150346,0.5573146687515529,0.7026021575354006,4.183719631453511,0.7206815303775761,0.3,0.1,0.6,0.5106812393301267,0.34687258981441055,0.7086087513059658,0.5249829500765545,0.42875333842695135,0.5514129676289088,0.6607311528190175
"Murray Hill, Manhattan",3rd_avenue/north_to_south/003_n00111_S.jpg,n00111,3rd_avenue,north_to_south,W,3,S,0.2948430951827236,0.3237432124715362,0.297199830292745,0.7918954827280779,0.42483579638752045,0.8476253747615154,0.7320235231221598,0.8314409868236613,0.08329965649626185,0.3052620459823349,0.7795669498716387,0.7382283537006908,0.5489213888140276,0.6756431672603073,4.486606466134605,0.6886714515740481,0.3,0.1,0.6,0.49002429350456855,0.3382497190165074,0.7115501773517029,0.5357275402381004,0.5107712872694409,0.5201096718862075,0.6313838539384677
"Murray Hill, Manhattan",3rd_avenue/north_to_south/004_n00110_S.jpg,n00110,3rd_avenue,north_to_south,W,4,S,0.24090886081964916,0.2645432580615185,0.22947266421868626,0.7760465552844003,0.48904805214491437,0.8142313246685046,0.7678404949571997,0.8161541544980816,0.10574252136752138,0.2449749276999513,0.6317424254889038,0.7004099426026635,0.563245723607601,0.720850815889789,4.4818402712061145,0.6891639789711714,0.3,0.1,0.6,0.47613164813844244,0.31487847655090706,0.6908829577094882,0.49835522275430033,0.33618238654307525,0.5733046905457502,0.6318354101129764
"Murray Hill, Manhattan",3rd_avenue/north_to_south/005_n00109_S.jpg,n00109,3rd_avenue,north_to_south,W,5,S,0.2570662226490639,0.29171366798270354,0.2151200519143414,0.7619192533982552,0.45545047287207563,0.8119197207678882,0.6385393535652604,0.8285402429764618,0.13386099562946385,0.2546333141820363,0.658271246283006,0.7061295004313559,0.533646864057062,0.6235639062769671,4.219718862314258,0.7168004214600862,0.3,0.1,0.6,0.45997765468479196,0.29489296928714065,0.6417095204099361,0.44872965825685546,0.36251775675886183,0.4629093183334583,0.6571728965557748
"Murray Hill, Manhattan",3rd_avenue/north_to_south/006_n00108_S.jpg,n00108,3rd_avenue,north_to_south,W,6,S,0.23343701876006398,0.20667049478418983,0.15271340285824644,0.6682656132430399,0.44681657402728653,0.795160154875044,0.54135045728741,0.8013735566552468,0.06452861652075519,0.19760697213416673,0.49282140970118393,0.6722030646969324,0.46908421015447066,0.38609971497065937,4.227005342288325,0.7160174066572047,0.3,0.1,0.6,0.31441277793528,0.17359738796973256,0.439113316257416,0.2644467379751076,0.22291329139215446,0.24655413667259898,0.6564550173656266
"Murray Hill, Manhattan",3rd_avenue/north_to_south/007_n00107_S.jpg,n00107,3rd_avenue,north_to_south,W,7,S,0.22140995243390446,0.24470712773465064,0.1742111471542318,0.7285724575050417,0.4224197149235789,0.8127532928064842,0.5364829396325459,0.8061095721760542,0.08855047941342353,0.21344274244092895,0.5402410030169238,0.7063020117959824,0.47704766374067453,0.41476896563951937,5.033354883227677,0.6344459171085415,0.3,0.1,0.6,0.300437172657627,0.17024753092996683,0.4735426055334327,0.29268793697066176,0.25755034912393654,0.26940887219261644,0.5816691070087797
"Murray Hill, Manhattan",3rd_avenue/north_to_south/008_n00106_S.jpg,n00106,3rd_avenue,north_to_south,W,8,S,0.22659584465550273,0.27472222222222226,0.21820209565307605,0.7572941430732656,0.5791917670682731,0.8204141571864079,0.5025901574018729,0.8040964801062609,0.1360851338277975,0.23984005417693366,0.617294545932578,0.6661721777304668,0.48092392377864374,0.42894884043663767,5.019863910839916,0.6357311109108972,0.3,0.1,0.6,0.31785068009488054,0.18609330430219762,0.4999766011756972,0.3192830698799977,0.3225730535267759,0.28100541770117626,0.5828473911007578
"Murray Hill, Manhattan",3rd_avenue/north_to_south/009_n00105_S.jpg,n00105,3rd_avenue,north_to_south,W,9,S,0.219913264783643,0.25234588106928535,0.2278727611072342,0.802243538925004,0.5340712827759461,0.838658896034298,0.719756999471738,0.8635523751931734,0.11410018552875696,0.2333773023200542,0.5988144217674551,0.7022770507277852,0.5658031867312228,0.7285044135531992,5.057906717749617,0.6321136925982781,0.3,0.1,0.6,0.43260649284673525,0.2835541296753272,0.6843808288166066,0.4892821668159638,0.3058644755818041,0.5826615762925533,0.5795308901621625
"Murray Hill, Manhattan",3rd_avenue/north_to_south/010_n00104_S.jpg,n00104,3rd_avenue,north_to_south,W,10,S,0.2716152306231548,0.3262326471996171,0.27676111767020867,0.7737934362934363,0.5105532941353838,0.8271386712529462,0.7444215906257791,0.8548699334543254,0.09667480525520289,0.2915363318309935,0.7499669410374212,0.6967929378036661,0.5653221097784358,0.7270748100846856,3.831359658754504,0.7597970287436582,0.3,0.1,0.6,0.5552237819037742,0.3866165425265396,0.7307527680410246,0.5550108202784082,0.46963323096089243,0.5809058055455016,0.696592802159429
"Murray Hill, Manhattan",3rd_avenue/north_to_south/011_n00103_S.jpg,n00103,3rd_avenue,north_to_south,W,11,S,0.23082664190733057,0.24066210045662104,0.199615975422427,0.7831485856199648,0.5955916473317865,0.8316437007874016,0.7760722967144985,0.8430914421843504,0.1901563992359121,0.22370157259545953,0.5706292344834741,0.67306687969186,0.603106712711587,0.8244222235745048,4.865715329266514,0.6506019293915833,0.3,0.1,0.6,0.47067072685644396,0.31913290314833476,0.7234388734392414,0.5350259470122453,0.2817831246547228,0.7095628677550451,0.5964811705497167
"Murray Hill, Manhattan",3rd_avenue/north_to_south/012_n00102_S.jpg,n00102,3rd_avenue,north_to_south,W,12,S,0.2876843398170105,0.2920473773265652,0.24696969696969692,0.7904690701666944,0.5105537902859737,0.8372902817347262,0.7821938332939044,0.8309830656207197,0.17303510406958678,0.27556713803775756,0.7123460567647064,0.7057351872051489,0.5954040009947369,0.8070664246403054,4.858206709944111,0.6513351105351688,0.3,0.1,0.6,0.4995989792132727,0.354919149224279,0.7670383050635451,0.5943517563339072,0.4223223621394177,0.6851887909735328,0.5971533615270166
"Murray Hill, Manhattan",3rd_avenue/north_to_south/013_n00101_S.jpg,n00101,3rd_avenue,north_to_south,W,13,S,0.27206091243286895,0.29167839384557653,0.1978423101881895,0.7904526608735162,0.4739164696611505,0.838495575221239,0.7345238095238095,0.8298049178271233,0.19343292872704643,0.25386053882221166,0.6561821633342378,0.7183439221445348,0.585920552025993,0.783945409966166,0.3531688403507763,1.0,0.4,0.2,0.4,0.7174482512846442,0.524962801680786,0.7174482512846442,0.524962801680786,0.3603774528521727,0.6537286295000458,1.0
"Murray Hill, Manhattan",3rd_avenue/north_to_south/014_n00100_S.jpg,n00100,3rd_avenue,north_to_south,W,14,S,0.2870820043058979,0.2889458535707861,0.21510806994677964,0.7866625273490627,0.4116209397666351,0.8327517012737742,0.7082414215686273,0.8266146870161468,0.20427006874053358,0.26371197594115453,0.682339408777879,0.7359310962854005,0.5797087257751026,0.7677466308166065,0.5725233160071689,1.0,0.4,0.2,0.4,0.7261975518204538,0.5361731388533757,0.7261975518204538,0.5361731388533757,0.38805174728264996,0.6323454704764685,1.0
"Murray Hill, Manhattan",3rd_avenue/north_to_south/015_n00099_S.jpg,n00099,3rd_avenue,north_to_south,W,15,S,0.37845484186446887,0.4010416666666667,0.36198283968030087,0.6797696038803558,0.5329442530935068,0.7987548289183223,0.6784968043264503,0.7995320501500971,0.15910689170182843,0.38049311607047875,0.8971468568807732,0.6485267265683904,0.545711915392792,0.6650049505015078,0.5776757912453728,1.0,0.4,0.2,0.4,0.7458662276650553,0.6134244667749096,0.7458662276650553,0.6134244667749096,0.7202827671832965,0.5080842956132354,1.0
"Murray Hill, Manhattan",3rd_avenue/north_to_south/016_n00098_S.jpg,n00098,3rd_avenue,north_to_south,W,16,S,0.28566502404107047,0.28767123287671237,0.2399150743099788,0.6542293481129585,0.5719402374130168,0.8343642611683849,0.5967233774417139,0.7856010986689204,0.08068730568234435,0.2710837770759205,0.7011971977074121,0.6388844572894422,0.4876705939309928,0.45389606094046436,1.195788593325546,1.0,0.5,0.2,0.3,0.6040758512933485,0.40835606223956533,0.6040758512933485,0.40835606223956533,0.409254663376901,0.3018971971854893,1.0
"Murray Hill, Manhattan",3rd_avenue/north_to_south/017_n00097_S.jpg,n00097,3rd_avenue,north_to_south,W,17,S,0.26393665529383364,0.25856210926882306,0.2004053409632809,0.6858030040439053,0.4881528755868545,0.8252198813663325,0.5437959736740224,0.7886935539469149,0.11110091743119266,0.2409680351753125,0.620487146087235,0.674290003274461,0.4811968150173766,0.42995180846458453,1.2612468403022437,1.0,0.4,0.2,0.4,0.5447915613629667,0.3554731916202265,0.5447915613629667,0.3554731916202265,0.32553796135643864,0.2818331883881298,1.0
"Murray Hill, Manhattan",3rd_avenue/north_to_south/018_n00096_S.jpg,n00096,3rd_avenue,north_to_south,W,18,S,0.35800494517258985,0.3261878247958426,0.3499999999999999,0.6744926382809391,0.46428571428571436,0.8256598069991862,0.7549318825194621,0.8039437213786454,0.11731756164726499,0.34473092332281075,0.8502764680335853,0.6786222436648035,0.5587310551817908,0.7070223243407551,1.3267050872789412,1.0,0.4,0.2,0.4,0.7549582456756371,0.6071521357473683,0.7549582456756371,0.6071521357473683,0.6263800857636168,0.556662326493039,1.0
"Murray Hill, Manhattan",3rd_avenue/north_to_south/019_n00095_S.jpg,n00095,3rd_avenue,north_to_south,W,19,S,0.30493180627641986,0.21861471861471862,0.18721552878179382,0.597112080359503,0.48658837175583586,0.7974492870054228,0.7482941347270615,0.7876464843750001,0.061078140454995045,0.2369206845576441,0.6089851191201623,0.6359909985363632,0.5323395865190188,0.6189499773393486,1.2003547453457262,1.0,0.4,0.2,0.4,0.6182940775606423,0.42107171242228786,0.6182940775606423,0.42107171242228786,0.3149658391349547,0.45803770356828183,1.0
"Murray Hill, Manhattan",3rd_avenue/north_to_south/020_n00094_S.jpg,n00094,3rd_avenue,north_to_south,W,20,S,0.2675956310627985,0.18596551989532828,0.1636558117423342,0.6543509180243082,0.6585943940643033,0.8078575813382444,0.6988932291666666,0.7883603041528563,0.10111181036291172,0.2057389875668203,0.517210161236111,0.6012047017660831,0.5294551145608115,0.608694214994851,0.4620883237569191,1.0,0.4,0.2,0.4,0.5688934883552715,0.37011178336705125,0.5688934883552715,0.37011178336705125,0.24027272551424966,0.4473182541835143,1.0
"Murray Hill, Manhattan",3rd_avenue/north_to_south/021_n00093_S.jpg,n00093,3rd_avenue,north_to_south,W,21,S,0.31488580900697416,0.3089853300733496,0.26173666425295683,0.7233070059967822,0.6921014492753623,0.8135752422384813,0.6625129802699896,0.8152282676672921,0.2806532663316583,0.29520260111109353,0.7581257330118726,0.6149269329866337,0.5861315047563134,0.784480880200552,0.5513269469568436,1.0,0.4,0.2,0.4,0.7370452361834287,0.5712535773042375,0.7370452361834287,0.5712535773042375,0.4806043567894836,0.6544445732969734,1.0
"Murray Hill, Manhattan",3rd_avenue/north_to_south/022_n00092_S.jpg,n00092,3rd_avenue,north_to_south,W,22,S,0.3505398364995145,0.31512322314744723,0.2655916006538413,0.7172712933753944,0.552065587734242,0.8272707020558844,0.7147775423728814,0.8346709211628957,0.22038542051471496,0.31041822010026765,0.7900154658515088,0.6641588025656789,0.5899446280168306,0.7939938054016731,0.6155351213170934,1.0,0.4,0.2,0.4,0.7646020703202457,0.6062325067797184,0.7646020703202457,0.6062325067797184,0.5262174091574304,0.6672627351816487,1.0
"Murray Hill, Manhattan",3rd_avenue/north_to_south/023_n00091_S.jpg,n00091,3rd_avenue,north_to_south,W,23,S,0.19455772596581994,0.20182709447415328,0.14100796568627452,0.7945739806275739,0.4346264367816092,0.8205455692210659,0.7264276228419654,0.8411733778684974,0.16472311924410954,0.17913092870874925,0.43771794597647495,0.7268310376890101,0.5774413733181907,0.7616270615435713,0.4921477075613943,1.0,0.4,0.2,0.4,0.6045905861017623,0.397272183636674,0.6045905861017623,0.397272183636674,0.18686942549480187,0.6244036183252576,1.0
"Murray Hill, Manhattan",3rd_avenue/north_to_south/024_n00090_S.jpg,n00090,3rd_avenue,north_to_south,W,24,S,0.17806224266356843,0.1721605366643534,0.14963653417751202,0.6957054784923637,0.4219423906346272,0.8145984684861575,0.6589983225497243,0.7949315920398011,0.13534382284382288,0.16661977116847795,0.4011771416310967,0.696120518781298,0.5297579124777827,0.6097755107216518,0.5981762211924008,1.0,0.4,0.2,0.4,0.5295894810599223,0.3283515322984469,0.5295894810599223,0.3283515322984469,0.1651200052170848,0.4484414075609498,1.0
"Murray Hill, Manhattan",3rd_avenue/north_to_south/025_n00089_S.jpg,n00089,3rd_avenue,north_to_south,W,25,S,0.2576343846405564,0.2642066592261905,0.18139345927280118,0.6209588826114251,0.5078337874659401,0.8165232974910395,0.6279467930989068,0.7701610140459061,0.10202418506834914,0.234411501046516,0.6017921494717269,0.6432161308788414,0.5000439974043873,0.500164990260464,0.4866312283640773,1.0,0.4,0.2,0.4,0.5663635671341778,0.372548753892057,0.5663635671341778,0.372548753892057,0.3085056712373016,0.34238613699480125,1.0
"Murray Hill, Manhattan",3rd_avenue/north_to_south/026_n00088_S.jpg,n00088,3rd_avenue,north_to_south,W,26,S,0.3922591181088119,0.3814796787539548,0.3869527804668173,0.6484270414993306,0.48813670004353504,0.7902304676939713,0.6220377604166666,0.8017212141767001,0.12573461181565113,0.38689719244319465,0.9040247427734986,0.6501736030499223,0.5164978621363392,0.5615531748619068,1.136293630390002,1.0,0.5,0.2,0.3,0.7336911681851607,0.597700655458038,0.7336911681851607,0.597700655458038,0.7355008335519747,0.3999026383642792,1.0
"Murray Hill, Manhattan",3rd_avenue/north_to_south/027_n00087_S.jpg,n00087,3rd_avenue,north_to_south,W,27,S,0.3880829985123319,0.3849980415197806,0.3680902200036975,0.7451459606245757,0.42588671254632077,0.7893087983115684,0.675911304118963,0.8126408353943391,0.22804232804232805,0.3803904200119366,0.897033086638914,0.7028560154632744,0.5721981558518767,0.7470560584418603,1.1565626658145882,1.0,0.5,0.2,0.3,0.8086925866312956,0.6803708627098245,0.8086925866312956,0.6803708627098245,0.7200344109144569,0.6057861739356996,1.0
"Murray Hill, Manhattan",3rd_avenue/north_to_south/028_n00086_S.jpg,n00086,3rd_avenue,north_to_south,W,28,S,0.3466885783477426,0.29728378965667096,0.2781862745098039,0.6445283577669184,0.5444589498114302,0.804427985122483,0.719756999471738,0.78882382103241,0.16436988216496906,0.30738621417140577,0.7839159863265622,0.6348324643593237,0.5576502342230389,0.7036528418222117,1.161420764862503,1.0,0.5,0.2,0.3,0.7275688883678544,0.5496322815512229,0.7275688883678544,0.5496322815512229,0.5171387414558779,0.5526577084279838,1.0
"Murray Hill, Manhattan",3rd_avenue/north_to_south/029_n00085_S.jpg,n00085,3rd_avenue,north_to_south,W,29,S,0.30211120178814266,0.2794213415201414,0.23193965967219965,0.7363105292792792,0.4856839484475688,0.8249111657783245,0.684447983014862,0.8084087196884031,0.25166794970490125,0.27115740099349456,0.701382272719895,0.6918459155366783,0.5815082174693887,0.7725248653161503,0.5280476113695157,1.0,0.4,0.2,0.4,0.7270240491180736,0.5432265913724504,0.7270240491180736,0.5432265913724504,0.40946827697689836,0.6385980682434725,1.0
"Murray Hill, Manhattan",3rd_avenue/north_to_south/030_n00084_S.jpg,n00084,3rd_avenue,north_to_south,W,30,S,0.3638215560747397,0.3533585427340002,0.33167229729729725,0.7286680911680912,0.4675095785440613,0.8001716901945822,0.7181624689606244,0.8161878778152248,0.16405484818805094,0.349617465368679,0.8575892276342325,0.6871100676062041,0.5661350649879666,0.7294879045310853,0.5417794658834587,1.0,0.4,0.2,0.4,0.7689962595527534,0.6257541482696521,0.7689962595527534,0.6257541482696521,0.6399983189280684,0.5838716037813344,1.0
"Murray Hill, Manhattan",3rd_avenue/north_to_south/031_n00083_S.jpg,n00083,3rd_avenue,north_to_south,W,31,S,0.27265262652522493,0.20413180683986498,0.18881566904631156,0.741512027491409,0.45315712187958884,0.8112636995455761,0.7041427203065135,0.8269184106763725,0.14472953459957794,0.22186670080380047,0.5652262738413568,0.6998728683857987,0.5585968885274879,0.7066052779784927,0.539870146456521,1.0,0.4,0.2,0.4,0.6450056499867164,0.44085503141691945,0.6450056499867164,0.44085503141691945,0.2773484844152227,0.5561656064352456,1.0
"Murray Hill, Manhattan",3rd_avenue/north_to_south/032_n00082_S.jpg,n00082,3rd_avenue,north_to_south,W,32,S,0.2743296133802458,0.22939796010470262,0.20712108617345523,0.6759520925851165,0.4892949826989619,0.8147279549718575,0.6743903882575757,0.7977478303385893,0.12728166245436676,0.2369495532194679,0.6090676072513449,0.6671283549526706,0.5331399603501772,0.6217774389352559,0.5400550860942642,1.0,0.4,0.2,0.4,0.6254060308453165,0.42626156671375787,0.6254060308453165,0.42626156671375787,0.31504058917272804,0.4610194318789557,1.0
"Murray Hill, Manhattan",3rd_avenue/north_to_south/033_n00081_S.jpg,n00081,3rd_avenue,north_to_south,W,33,S,0.22087720944387307,0.23442659526996876,0.21507312813796112,0.75809902200489,0.5932246376811595,0.8605473554735547,0.698038073038073,0.8195463545306313,0.1174060751398881,0.22345897761726763,0.5699158255554712,0.6751405799324284,0.5449968342361975,0.6626112212941319,1.026313434330775,1.0,0.5,0.2,0.3,0.6168248144384916,0.39946021750337835,0.6168248144384916,0.39946021750337835,0.2811943385804806,0.5054032355166973,1.0
"Murray Hill, Manhattan",3rd_avenue/north_to_south/034_n00080_S.jpg,n00080,3rd_avenue,north_to_south,W,34,S,0.26541489366579935,0.2446634973900074,0.18310220852593737,0.7662313558750085,0.5125432525951558,0.8512535840501433,0.7058976357495453,0.8155915086562242,0.0999823196605375,0.23106019986058135,0.5921166416911546,0.7016472291099985,0.5404904880221023,0.647337735697725,1.5125717825672855,1.0,0.4,0.2,0.4,0.634803100929396,0.4262368710100105,0.634803100929396,0.43213208743744486,0.29999317984949914,0.4885066725058327,0.9863578368771615
"Murray Hill, Manhattan",3rd_avenue/south_to_north/001_n00080_N.jpg,n00080,3rd_avenue,south_to_north,W,1,N,0.2176590882778642,0.2152286944512145,0.18429829242262538,0.7703098431891178,0.7287322768974144,0.8445993931176964,0.7155119745845552,0.8232865767045454,0.13187367303609343,0.20572869171723468,0.5171793102160833,0.6287256531364666,0.5568907414417313,0.7012717387871523,1.5125717825672855,1.0,0.4,0.2,0.4,0.6074397778724809,0.40002451404569395,0.6074397778724809,0.4055571914065017,0.24025017317003408,0.5498395395803682,0.9863578368771615
"Murray Hill, Manhattan",3rd_avenue/south_to_north/002_n00081_N.jpg,n00081,3rd_avenue,south_to_north,W,2,N,0.21823782061271277,0.2246598223743176,0.19793057409879836,0.8002905441098784,0.683419930722089,0.8478601075049329,0.7224570842941328,0.8456239870340356,0.1594544205671671,0.21360940569527626,0.5407377140285827,0.6549102402975742,0.5758451639651119,0.7572529626062889,1.026313434330775,1.0,0.5,0.2,0.3,0.6215870829663901,0.40406287541101094,0.6215870829663901,0.40406287541101094,0.2579329630254297,0.6187718777861138,1.0
"Murray Hill, Manhattan",3rd_avenue/south_to_north/003_n00082_N.jpg,n00082,3rd_avenue,south_to_north,W,3,N,0.3241930409397819,0.26140148603638225,0.2357355126300149,0.7609069844422377,0.5273207184971892,0.8239901325932779,0.6660424469413234,0.8289855072463768,0.20067792715155694,0.27377667986872634,0.707923474293301,0.6858587995127754,0.5652352937797523,0.726816321049641,0.5400550860942642,1.0,0.4,0.2,0.4,0.7109046203330649,0.5258793456463389,0.7109046203330649,0.5258793456463389,0.41708956170443345,0.5805887363257538,1.0
"Murray Hill, Manhattan",3rd_avenue/south_to_north/004_n00083_N.jpg,n00083,3rd_avenue,south_to_north,W,4,N,0.3449156302305925,0.281239183108342,0.30306691449814127,0.7839395491803279,0.5296832966495475,0.8327805417357657,0.7043783422459894,0.8282291479012791,0.2621808386038886,0.30974057594569193,0.7886633034229572,0.6956789314221821,0.5982627762503856,0.8136557573211861,0.539870146456521,1.0,0.4,0.2,0.4,0.7787798467499044,0.6207433854869578,0.7787798467499044,0.6207433854869578,0.5241896449278023,0.6943643069532718,1.0
"Murray Hill, Manhattan",3rd_avenue/south_to_north/005_n00084_N.jpg,n00084,3rd_avenue,south_to_north,W,5,N,0.27977179817449643,0.24965526751241032,0.24066625412541254,0.7681055385400715,0.5491935483870968,0.8239901325932779,0.644141769185706,0.8049396298803883,0.2720689655172414,0.2566977732707731,0.6638220043725239,0.6809673742487508,0.5737167881944452,0.751336271905709,0.5417794658834587,1.0,0.4,0.2,0.4,0.7010995057460562,0.5099940111090715,0.7010995057460562,0.5099940111090715,0.3682621519822829,0.6112128149732162,1.0
"Murray Hill, Manhattan",3rd_avenue/south_to_north/006_n00085_N.jpg,n00085,3rd_avenue,south_to_north,W,6,N,0.3430272030051687,0.3212082805238699,0.2867443698143026,0.7640393294648614,0.5538281131789984,0.8114157993061116,0.7187389302160822,0.8288515167036595,0.20237268518518517,0.3169932844477804,0.8028051037157006,0.6738756718639916,0.5833210440349756,0.777267949497925,0.5280476113695157,1.0,0.4,0.2,0.4,0.7652235189495659,0.6085899604963433,0.7652235189495659,0.6085899604963433,0.5458376062634618,0.644849870434916,1.0
"Murray Hill, Manhattan",3rd_avenue/south_to_north/007_n00086_N.jpg,n00086,3rd_avenue,south_to_north,W,7,N,0.41192627774199236,0.49322493224932246,0.4766179078014184,0.7135274195649343,0.4981840193704601,0.7971840271237521,0.7394563542104526,0.8142484589853011,0.22310920069593698,0.46058970593091103,0.9579959082702856,0.670842475772742,0.5922713379638969,0.7996438758437989,1.161420764862503,1.0,0.5,0.2,0.3,0.8450354382487106,0.765665385231968,0.8450354382487106,0.765665385231968,0.8706844106327942,0.6749657394492017,1.0
"Murray Hill, Manhattan",3rd_avenue/south_to_north/008_n00087_N.jpg,n00087,3rd_avenue,south_to_north,W,8,N,0.3920923648375485,0.44513222166077143,0.3902906742026646,0.714126734747316,0.44223856209150325,0.8008202099737532,0.6263180092787852,0.8029925544100802,0.08855932203389831,0.40917175356699487,0.9248441335582959,0.6909027942098553,0.5059566285742546,0.5223225084842685,1.1565626658145882,1.0,0.5,0.2,0.3,0.7350202180010739,0.6066243884074782,0.7350202180010739,0.6066243884074782,0.7841485952153036,0.3626249157419791,1.0
"Murray Hill, Manhattan",3rd_avenue/south_to_north/009_n00088_N.jpg,n00088,3rd_avenue,south_to_north,W,9,N,0.1668645787327595,0.1594850948509485,0.15181313489251114,0.7471330275229358,0.6086560044893378,0.8254000680966973,0.6106088004822182,0.8095837831354205,0.13709590225970378,0.15938760282540637,0.3805183291893892,0.6546256970434318,0.5190961619591141,0.5711249585270127,1.136293630390002,1.0,0.5,0.2,0.3,0.4790774643866196,0.27533664480717535,0.4790774643866196,0.27533664480717535,0.15350105673713174,0.409291197080425,1.0
"Murray Hill, Manhattan",3rd_avenue/south_to_north/010_n00089_N.jpg,n00089,3rd_avenue,south_to_north,W,10,N,0.19688848843475729,0.19847733711048163,0.2061962408410322,0.8067361774381832,0.6966119096509241,0.8305758085623481,0.7426470588235294,0.8221174170365674,0.204285046182626,0.20052068879542367,0.5015620613042612,0.646900025449869,0.589683174014241,0.7933515845300138,0.4866312283640773,1.0,0.4,0.2,0.4,0.6339917148521859,0.4321306513981285,0.6339917148521859,0.4321306513981285,0.22902858610714574,0.6663914320212879,1.0
"Murray Hill, Manhattan",3rd_avenue/south_to_north/011_n00090_N.jpg,n00090,3rd_avenue,south_to_north,W,11,N,0.33516479674436106,0.2838342172461206,0.26505486968449926,0.7738024150743099,0.7082506941689806,0.8348785069381325,0.7069008009858287,0.8421950899304188,0.21410472972972974,0.2946846278916603,0.7569841292025609,0.6334767426144872,0.5877335402153258,0.7885159584514608,0.5981762211924008,1.0,0.4,0.2,0.4,0.7425146718314621,0.5758109430194613,0.7425146718314621,0.5758109430194613,0.47905296743915066,0.6598586487037474,1.0
"Murray Hill, Manhattan",3rd_avenue/south_to_north/012_n00091_N.jpg,n00091,3rd_avenue,south_to_north,W,12,N,0.4473249917158767,0.6319444444444445,0.5625978090766823,0.5742019643953347,0.7403536977491961,0.8110150496317643,0.613596312864308,0.7876433411519416,0.10853105709876543,0.5472890817456678,0.9847449034771522,0.5482877720926342,0.503256903705005,0.5122109603627475,0.4921477075613943,1.0,0.4,0.2,0.4,0.6743894314637043,0.573037964384222,0.6743894314637043,0.573037964384222,0.9501412308115088,0.3533182281770533,1.0
"Murray Hill, Manhattan",3rd_avenue/south_to_north/013_n00092_N.jpg,n00092,3rd_avenue,south_to_north,W,13,N,0.3494983142841999,0.34103788231641047,0.27446338383838387,0.6872574385510997,0.7093879429360331,0.7955853476877243,0.6658507166170001,0.790820237638942,0.12463947259991759,0.32166652681299807,0.8115324181029989,0.5911516144342636,0.5271034756186199,0.6002608578994496,0.6155351213170934,1.0,0.4,0.2,0.4,0.6751466780178143,0.5132810144974589,0.6751466780178143,0.5132810144974589,0.5597002397299043,0.4386145847814336,1.0
"Murray Hill, Manhattan",3rd_avenue/south_to_north/014_n00093_N.jpg,n00093,3rd_avenue,south_to_north,W,14,N,0.3036328262967462,0.29568878833584716,0.23787878787878788,0.7341154652475407,0.6285487822452803,0.8150757731605293,0.7638551779935274,0.7898342577918648,0.12401168786524575,0.2790668008371271,0.7208741082720226,0.6402141520542632,0.559233707883546,0.7085816883931226,0.5513269469568436,1.0,0.4,0.2,0.4,0.6991410377486466,0.5182219977953824,0.6991410377486466,0.5182219977953824,0.43259997129844874,0.5585222633108018,1.0
"Murray Hill, Manhattan",3rd_avenue/south_to_north/015_n00094_N.jpg,n00094,3rd_avenue,south_to_north,W,15,N,0.2905337086178312,0.27536868834847156,0.21754131504922647,0.6115772956747169,0.4837482710926695,0.8010578371651275,0.6354001584786054,0.7714651783206965,0.08122845399098384,0.2611479040051764,0.6756330897768289,0.6429622872490582,0.49603126359676186,0.48512163223864635,0.4620883237569191,1.0,0.4,0.2,0.4,0.585951568257496,0.39880670157929377,0.585951568257496,0.39880670157929377,0.3807707933299844,0.3289650349421023,1.0
"Murray Hill, Manhattan",3rd_avenue/south_to_north/016_n00095_N.jpg,n00095,3rd_avenue,south_to_north,W,16,N,0.35520946789161434,0.32557340279285146,0.26171990535344575,0.6305232558139536,0.5659571387199537,0.8102346849572996,0.7268518518518517,0.7801727080346782,0.05423126076568319,0.31416759201263716,0.7973819476056976,0.6249336006837665,0.520418606884071,0.5759767735917493,1.2003547453457262,1.0,0.4,0.2,0.4,0.666799588525931,0.4990366052477964,0.666799588525931,0.4990366052477964,0.5374194957331715,0.4140956350481084,1.0
"Murray Hill, Manhattan",3rd_avenue/south_to_north/017_n00096_N.jpg,n00096,3rd_avenue,south_to_north,W,17,N,0.3300414354563769,0.34850660539919587,0.30779797125950975,0.6920856217434164,0.638962472406181,0.8093642778533048,0.6678984971667897,0.8032307499843623,0.09239834239834244,0.3287820040383608,0.8242460448283714,0.6208291423968467,0.5211758631831648,0.5787484943034331,1.3267050872789412,1.0,0.4,0.2,0.4,0.67610339605372,0.515401613729233,0.67610339605372,0.515401613729233,0.5806229815782536,0.41685418495867993,1.0
"Murray Hill, Manhattan",3rd_avenue/south_to_north/018_n00097_N.jpg,n00097,3rd_avenue,south_to_north,W,18,N,0.36850344892185904,0.35498483839952666,0.32461618527192293,0.7018295647945538,0.6363790530457197,0.8044143356643357,0.6946492403932082,0.7934684247947773,0.1106740481740482,0.34936815753110284,0.857223461183241,0.6232882824710566,0.5329305711206779,0.6210385251419539,1.2612468403022437,1.0,0.4,0.2,0.4,0.7070055591750571,0.5577190144274506,0.7070055591750571,0.5577190144274506,0.639308742908279,0.4602390909042065,1.0
"Murray Hill, Manhattan",3rd_avenue/south_to_north/019_n00098_N.jpg,n00098,3rd_avenue,south_to_north,W,19,N,0.41513865780601866,0.5827408336818625,0.5336000688349681,0.7773773052201598,0.5405982905982906,0.8150037439161363,0.7669646404449741,0.8490732013823438,0.16644649933949804,0.510493186774283,0.976475752959977,0.6839275861793351,0.5941614470556054,0.8041476292510378,1.195788593325546,1.0,0.5,0.2,0.3,0.8578937263344717,0.7942210669838202,0.8578937263344717,0.7942210669838202,0.9245519921061426,0.6811546047936438,1.0
"Murray Hill, Manhattan",3rd_avenue/south_to_north/020_n00099_N.jpg,n00099,3rd_avenue,south_to_north,W,20,N,0.19110548448229647,0.21606086624689946,0.17294762915782025,0.7881492057826165,0.5422383922383922,0.8403137020825043,0.7825935059597205,0.8331735239423524,0.1076636422553467,0.19337132662900536,0.48012445859310166,0.6954081718755762,0.5744768907191399,0.753460312417665,0.5776757912453728,1.0,0.4,0.2,0.4,0.6191753277140974,0.41309197614809806,0.6191753277140974,0.41309197614809806,0.21423287993646456,0.6139187215170309,1.0
"Murray Hill, Manhattan",3rd_avenue/south_to_north/021_n00100_N.jpg,n00100,3rd_avenue,south_to_north,W,21,N,0.2202650326550362,0.2526246719160105,0.21227962279622795,0.8001011592300963,0.49910686548617583,0.8572025925151578,0.7473171050909566,0.8234453686414304,0.11761744966442955,0.22838977578909153,0.5843550401157015,0.7193989620863593,0.5627933077989389,0.7194832114425738,0.5725233160071689,1.0,0.4,0.2,0.4,0.6620227971122999,0.45832469346103694,0.6620227971122999,0.45832469346103694,0.2933072226258205,0.5716437777669674,1.0
"Murray Hill, Manhattan",3rd_avenue/south_to_north/022_n00101_N.jpg,n00101,3rd_avenue,south_to_north,W,22,N,0.18334298936243099,0.21165865384615387,0.21091041780696954,0.8041786670708908,0.5570843917583969,0.8493477627168051,0.8037298464861529,0.8411733778684974,0.09944635955290926,0.20197068700518478,0.5059117855094838,0.698814012676433,0.5814498613025199,0.7723710045108927,0.3531688403507763,1.0,0.4,0.2,0.4,0.6391939037663198,0.4337005903124974,0.6391939037663198,0.4337005903124974,0.2321154548759662,0.638396022944064,1.0
"Murray Hill, Manhattan",3rd_avenue/south_to_north/023_n00102_N.jpg,n00102,3rd_avenue,south_to_north,W,23,N,0.23571134629999663,0.2753945556614765,0.19629629629629627,0.7639743064097307,0.46171271538918596,0.8278609657826688,0.7613453560240454,0.8410108765195137,0.1487691960252936,0.23580073275258978,0.6057802479517105,0.7100408522677377,0.5837084761896175,0.778272426375284,4.858206709944111,0.6513351105351688,0.3,0.1,0.6,0.4659146241343971,0.3131145157284102,0.715322445540482,0.5243452283810751,0.31207335423868665,0.6461796843159253,0.5971533615270166
"Murray Hill, Manhattan",3rd_avenue/south_to_north/024_n00103_N.jpg,n00103,3rd_avenue,south_to_north,W,24,N,0.2382125231490901,0.22745018847603657,0.1736623826451554,0.7821091259098839,0.5474547023295945,0.8489062794644541,0.7351738241308793,0.8223621531499345,0.0751473792131232,0.2131083647567607,0.5392442079981852,0.6945202343482477,0.5442277854979789,0.6600275030599531,4.865715329266514,0.6506019293915833,0.3,0.1,0.6,0.4062156990138334,0.2531204745749361,0.6243690352927633,0.4243561860329311,0.2567838268002977,0.5025194917679715,0.5964811705497167
"Murray Hill, Manhattan",3rd_avenue/south_to_north/025_n00104_N.jpg,n00104,3rd_avenue,south_to_north,W,25,N,0.2602663004025422,0.24477484750627912,0.2202612423970486,0.785309216809933,0.554891650732951,0.864069690992768,0.7301332381632167,0.8442078309347855,0.08306353702954272,0.24176746343529,0.6227435404471982,0.69816241902325,0.5524682020425149,0.6871917603786727,3.831359658754504,0.7597970287436582,0.3,0.1,0.6,0.5077299393019138,0.32977264388950317,0.6682441758708334,0.47340805541948194,0.3276477746176386,0.5333713902202155,0.696592802159429
"Murray Hill, Manhattan",3rd_avenue/south_to_north/026_n00105_N.jpg,n00105,3rd_avenue,south_to_north,W,26,N,0.2953122111372822,0.26428175263449805,0.2453762755102041,0.7888782107286388,0.5631613756613757,0.8147603165260611,0.6844277673545967,0.8205527667185968,0.077986869474779,0.26832341309399477,0.6942110700261475,0.680159050531108,0.5276558011826575,0.602247135868537,5.057906717749617,0.6321136925982781,0.3,0.1,0.6,0.402131924663741,0.259315559657304,0.63617024812545,0.4474577008047719,0.40127106890768516,0.44065561313718626,0.5795308901621625
"Murray Hill, Manhattan",3rd_avenue/south_to_north/027_n00106_N.jpg,n00106,3rd_avenue,south_to_north,W,27,N,0.3061298712949487,0.24565174424350236,0.22630881378396292,0.7370771958537916,0.5384934461589513,0.8131893534112674,0.622773264928032,0.8197094463413,0.058079511749942934,0.25936347644080465,0.6709228028245345,0.6705910343687025,0.5001874076730917,0.5007027783112927,5.019863910839916,0.6357311109108972,0.3,0.1,0.6,0.35782362071848595,0.21965611580645725,0.5628537200354786,0.3768672883507596,0.3757349604737992,0.3428706503430047,0.5828473911007578
"Murray Hill, Manhattan",3rd_avenue/south_to_north/028_n00107_N.jpg,n00107,3rd_avenue,south_to_north,W,28,N,0.17755997098580037,0.1958271726630524,0.15237403100775193,0.7646989572822065,0.5068639624724062,0.8427950658816933,0.668139097744361,0.8205314009661836,0.058079511749942934,0.1752537248855349,0.42630195323692793,0.7002100202304978,0.5155833368201624,0.5581728778942345,5.033354883227677,0.6344459171085415,0.3,0.1,0.6,0.33411338450598893,0.19263340751182184,0.5266223258693121,0.33117352321225174,0.17990252374676194,0.3966151801142518,0.5816691070087797
"Murray Hill, Manhattan",3rd_avenue/south_to_north/029_n00108_N.jpg,n00108,3rd_avenue,south_to_north,W,29,N,0.1585161521317839,0.1825146707237557,0.17047878012369377,0.7844097102942861,0.5958750181238219,0.8429446778711484,0.7207491582491583,0.8331492051801387,0.10046092604232137,0.1705032009930778,0.4124220770838407,0.6771597900138708,0.5514530964905394,0.6839093731947714,4.227005342288325,0.7160174066572047,0.3,0.1,0.6,0.4203338847283458,0.25411026421486144,0.5870442266071638,0.38709470945109603,0.17164487091338468,0.5295798481302646,0.6564550173656266
"Murray Hill, Manhattan",3rd_avenue/south_to_north/030_n00109_N.jpg,n00109,3rd_avenue,south_to_north,W,30,N,0.17983274469246416,0.1932253370098039,0.21213217559093098,0.8004063110126115,0.5039021164021165,0.8360714285714286,0.7968940781440782,0.859670781893004,0.10664842240824209,0.195063419097733,0.4851945867050279,0.7108585410606412,0.5877377608151081,0.7885265155745979,4.219718862314258,0.7168004214600862,0.3,0.1,0.6,0.4835497195387869,0.31323781250760035,0.6745946361942988,0.4766444479820625,0.2176708148937136,0.6598728579611592,0.6571728965557748
"Murray Hill, Manhattan",3rd_avenue/south_to_north/031_n00110_N.jpg,n00110,3rd_avenue,south_to_north,W,31,N,0.20298716975807357,0.21406223575173344,0.1917415169660678,0.7244652989960717,0.3923746066999814,0.8231496824081744,0.7756944444444445,0.8346542947354855,0.06109849146717927,0.20293030749195826,0.508790016767485,0.7184134582347549,0.5571490768823697,0.702082884291553,4.4818402712061145,0.6891639789711714,0.3,0.1,0.6,0.4403060182022488,0.2765023351776603,0.6388987695781287,0.4376176623722622,0.23417427172832297,0.5507984855818939,0.6318354101129764
"Murray Hill, Manhattan",3rd_avenue/south_to_north/032_n00111_N.jpg,n00111,3rd_avenue,south_to_north,W,32,N,0.2798952738809383,0.29760563380281685,0.24282807226523717,0.808713606188908,0.5340527094258438,0.8419030732860521,0.7756692784851453,0.8765856073262793,0.11922785768357307,0.27344299331633076,0.707094837770853,0.7055213233497053,0.5904942478316658,0.7953390375057232,4.486606466134605,0.6886714515740481,0.3,0.1,0.6,0.5224416278810369,0.3682984485924056,0.7586224558705441,0.5833193964258366,0.4161163521465904,0.6690906292937052,0.6313838539384677
"Murray Hill, Manhattan",3rd_avenue/south_to_north/033_n00112_N.jpg,n00112,3rd_avenue,south_to_north,W,33,N,0.14339073315364864,0.15692060085836912,0.09934985778138967,0.790069938153864,0.44140151515151516,0.8634081079099772,0.7566045606229143,0.8344472426707994,0.06989447548106764,0.13322039726446913,0.30973569609181556,0.737358843637442,0.5536487595915938,0.6909856613755383,4.183719631453511,0.7206815303775761,0.3,0.1,0.6,0.39399442852590894,0.23204903638058444,0.5466969971042399,0.35120038670879133,0.11697348237889452,0.5377760420726719,0.6607311528190175
"Murray Hill, Manhattan",3rd_avenue/south_to_north/034_n00113_N.jpg,n00113,3rd_avenue,south_to_north,W,34,N,0.1412022392500968,0.19713775340644726,0.19476118079310778,0.7875275938189845,0.47388805597201406,0.8662299696838458,0.7623213962741907,0.8584833397165837,0.08956492182188987,0.17770039114988395,0.43349753883274394,0.7266231691769387,0.570123219270888,0.7411296634352542,4.183719631453511,0.7206815303775761,0.3,0.1,0.6,0.4538442366901624,0.28311305313992274,0.6297431216981326,0.42848449317398984,0.18427500590006002,0.5983295130249067,0.6607311528190175
"Murray Hill, Manhattan",Park_Ave_East/north_to_south/003_n00149_S.jpg,n00149,Park_Ave_East,north_to_south,W,3,S,0.16270958317211687,0.1692005993301605,0.14085960960960964,0.7722370583401807,0.4381879415147034,0.8188161152374521,0.6965370595382746,0.8219235615287696,0.13704528582034156,0.15758993070396232,0.37544654186121745,0.7176217440209764,0.5518353022957951,0.6851474279665629,1.0501483097267612,1.0,0.5,0.2,0.3,0.511903833249864,0.3004645829371889,0.511903833249864,0.3004645829371889,0.15071891882063063,0.5310078575569106,1.0
"Murray Hill, Manhattan",Park_Ave_East/north_to_south/004_n00148_S.jpg,n00148,Park_Ave_East,north_to_south,W,4,S,0.14629674049653316,0.15108842010771992,0.08109255109662523,0.7214560175655276,0.37737341772151906,0.8203612845673506,0.769603071598529,0.8390531692927549,0.07113402061855667,0.1261592372336261,0.2919175477544997,0.7214812948037863,0.5599300871699469,0.7107339483386451,0.9831200265442408,1.0,0.5,0.2,0.3,0.45686431184452087,0.25946196224422846,0.45686431184452087,0.25946196224422846,0.10850129376886053,0.5610963137245302,1.0
"Murray Hill, Manhattan",Park_Ave_East/north_to_south/005_n00143_S.jpg,n00143,Park_Ave_East,north_to_south,W,5,S,0.4110519431479388,0.641692325236629,0.5539944263817929,0.3549209770114942,0.47131317315658655,0.7307818930041153,0.6783339981385454,0.7358490566037736,0.1890934000476531,0.5355795649221202,0.9824837499380683,0.5381298989530077,0.5344254849299908,0.6263014325875178,2.484790501023126,0.9298624796123384,0.4,0.2,0.4,0.6764561678857767,0.5419710956808842,0.7274797969779281,0.6357348356199528,0.9430476599341021,0.46581430455811773,0.8525112441767762
"Murray Hill, Manhattan",Park_Ave_East/north_to_south/006_n00142_S.jpg,n00142,Park_Ave_East,north_to_south,W,6,S,0.47857233572742264,0.7857575757575758,0.7279429538312788,0.38878171401847306,0.571749654218534,0.8262989349453079,0.7809203022526376,0.8092478344861967,0.5050207039337473,0.6640909551054257,0.9962005469263514,0.5477769982484156,0.6983962802241939,0.9514754580228342,3.9929477131790376,0.7416023047136777,0.3,0.1,0.6,0.6769771920850635,0.6029409107311237,0.912857454436357,0.8867930688994861,0.9872455520532848,0.9107319904472451,0.6799116184786783
"Murray Hill, Manhattan",Park_Ave_East/north_to_south/007_n00141_S.jpg,n00141,Park_Ave_East,north_to_south,W,7,S,0.3498690640635555,0.39896176247151177,0.38010718454844533,0.6939525244913338,0.5413040324920221,0.8174450019297569,0.6779076124094573,0.790771678599841,0.1613068304244775,0.37631267036117083,0.8924247932629257,0.6566978313096895,0.5433287071445918,0.6569948249872223,2.1840361448697108,0.9727721258268506,0.4,0.2,0.4,0.7223333464709059,0.5414727053759889,0.7425514437483771,0.6071333090229762,0.7100649080341547,0.4991479700922466,0.8918514226263569
"Murray Hill, Manhattan",Park_Ave_East/north_to_south/008_n00140_S.jpg,n00140,Park_Ave_East,north_to_south,W,8,S,0.21393616646622313,0.2820445837687217,0.2103408279800143,0.7651911468812878,0.3838639043287855,0.8268927161822749,0.6717997734352874,0.8071171011408643,0.06826664219285365,0.23544052607165303,0.6047475235438132,0.736073319578259,0.5157278389230018,0.5587073580689806,2.4374318831143387,0.9364915477799268,0.4,0.2,0.4,0.570678450133231,0.34988882430663015,0.6093791785799855,0.4075161430571352,0.3111461433647216,0.39713401157201556,0.8585888688526739
"Murray Hill, Manhattan",Park_Ave_East/north_to_south/009_n00139_S.jpg,n00139,Park_Ave_East,north_to_south,W,9,S,0.3295250095002868,0.4554522172799569,0.4252414744726986,0.7337346852555978,0.40639923591212984,0.817458019687319,0.5942905449343218,0.8070786066231236,0.20124755662872254,0.4034062337509807,0.9198915768232415,0.7149311563435956,0.5342055693953893,0.6255290497919194,2.5231620869022806,0.924525807888298,0.4,0.2,0.4,0.6930515414934864,0.526169675180925,0.74962919972616,0.6207623722081097,0.7722081859756575,0.4649935697046299,0.8476185070774993
"Murray Hill, Manhattan",Park_Ave_East/north_to_south/010_n00138_S.jpg,n00138,Park_Ave_East,north_to_south,W,10,S,0.28588696311474815,0.295082309684967,0.2934510393188079,0.7766542980828696,0.4050248245163499,0.8273234599699507,0.6828875681030212,0.7972032396861555,0.033199737495898364,0.291473437372841,0.7498253893338477,0.7329843111788235,0.5044301817616916,0.5166070707027155,2.9480182327227915,0.8674453771989762,0.4,0.2,0.4,0.5578395062574769,0.3659432970224976,0.6430831507325201,0.4601402964418054,0.46944524787415554,0.35734966820418873,0.7952863503854829
"Murray Hill, Manhattan",Park_Ave_East/north_to_south/011_n00137_S.jpg,n00137,Park_Ave_East,north_to_south,W,11,S,0.2942224837641616,0.32612144016526484,0.2935274502798619,0.6768742318721835,0.35191552062868364,0.8187097231074287,0.5287201579608687,0.7912049861495846,0.11762734584450403,0.3046237914030961,0.7782479823455714,0.7145561447836428,0.47918416331831903,0.4225686724095322,2.940700640445563,0.8683980416830644,0.4,0.2,0.4,0.5203939360310558,0.3393597758063741,0.5992573808923694,0.426245823945413,0.5088572635937587,0.27576312090649424,0.7961597668340654
"Murray Hill, Manhattan",Park_Ave_East/north_to_south/012_n00136_S.jpg,n00136,Park_Ave_East,north_to_south,W,12,S,0.2540738989014901,0.19970803959267966,0.2110334603981364,0.7165066300868771,0.40913140311804,0.8186661877394635,0.6984382177308222,0.7813787123347063,0.13035676588558157,0.22160513296410206,0.5644547669829287,0.7086804715694335,0.5367245653170367,0.6343370614693019,2.2588531188461736,0.9619161754431719,0.4,0.2,0.4,0.5953975090770421,0.36541339395308203,0.6189702640177892,0.41434856821734994,0.27671982337858686,0.47440482959455366,0.8818985317728947
"Murray Hill, Manhattan",Park_Ave_East/north_to_south/013_n00135_S.jpg,n00135,Park_Ave_East,north_to_south,W,13,S,0.32882162884284993,0.31961875443997156,0.31115751789976137,0.7563833508219657,0.39716386554621846,0.8429251557795981,0.6963319491632062,0.8155929520269805,0.21216683394669347,0.3198659670608609,0.8082054586430643,0.7340482136851152,0.5746972450456267,0.7540737861667027,2.2463625139586165,0.9637201020579278,0.4,0.2,0.4,0.7431390524913574,0.5399612339047122,0.7711150269714809,0.6111253111964174,0.55436889975082,0.6147018600057391,0.8835523975395728
"Murray Hill, Manhattan",Park_Ave_East/north_to_south/014_n00134_S.jpg,n00134,Park_Ave_East,north_to_south,W,14,S,0.48718891036781675,0.7325642831983092,0.7563986556359875,0.4899441878367976,0.3125664388762339,0.7870489002775999,0.6838087585375653,0.7522014865083212,0.26920672803727697,0.6587172830673711,0.9959484960872027,0.6548088830793878,0.5684056576943878,0.7361561616043989,1.317434584516426,1.0,0.4,0.2,0.4,0.8115319919637144,0.7409860899240589,0.8115319919637144,0.7409860899240589,0.9864075439208374,0.5921223745064894,1.0
"Murray Hill, Manhattan",Park_Ave_East/north_to_south/015_n00133_S.jpg,n00133,Park_Ave_East,north_to_south,W,15,S,0.4873196703267866,0.7370009285051068,0.7544972773239985,0.49549000487567035,0.3150749063670412,0.76734589541338,0.7141970198675497,0.7502609184328838,0.23020555767034642,0.6596059587186306,0.9959912999251318,0.6492536646406697,0.5648878319902599,0.7257802478205939,1.172755652402779,1.0,0.5,0.2,0.3,0.8314807473711687,0.7734241584624153,0.8314807473711687,0.7734241584624153,0.986549785920322,0.5793190732925083,1.0
"Murray Hill, Manhattan",Park_Ave_East/north_to_south/016_n00132_S.jpg,n00132,Park_Ave_East,north_to_south,W,16,S,0.551304447724669,0.8103289625028754,0.8095648015303682,0.5596599237760188,0.6356697198991106,0.7784056997911071,0.7514402197996987,0.7939340644182358,0.28315925426774485,0.7237327372526374,0.9981390265245464,0.5674653012226717,0.6095111794952264,0.8378976039965766,1.168484413336772,1.0,0.5,0.2,0.3,0.8459421505889845,0.8095264625235514,0.8459421505889845,0.8095264625235514,0.99372408384424,0.728955359471544,1.0
"Murray Hill, Manhattan",Park_Ave_East/north_to_south/017_n00131_S.jpg,n00131,Park_Ave_East,north_to_south,W,17,S,0.4385502224043317,0.6702910052910053,0.6515782828282828,0.6750604351329573,0.58140506491837,0.8419764821856077,0.7002943463290014,0.7964789209705843,0.19173881673881676,0.5868065035078732,0.9904505657261755,0.6452106174667316,0.5628373613461342,0.7196165601057436,1.0858792662225274,1.0,0.5,0.2,0.3,0.8260133148862847,0.7623181941478737,0.8260133148862847,0.7623181941478737,0.9683735864593909,0.5718055791118722,1.0
"Murray Hill, Manhattan",Park_Ave_East/north_to_south/018_n00130_S.jpg,n00130,Park_Ave_East,north_to_south,W,18,S,0.550402877802651,0.836739019840597,0.8257434531735464,0.4940610434521125,0.5601278877887789,0.7779383429672447,0.7932456531431119,0.8111122858955381,0.34764081724799634,0.7376284502722648,0.9984243986140243,0.5706238328768594,0.6506662520955486,0.9055090989758676,0.974881002819721,1.0,0.5,0.2,0.3,0.8669527321775875,0.8439125119939076,0.8669527321775875,0.8439125119939076,0.9946828614785777,0.83294646623114,1.0
"Murray Hill, Manhattan",Park_Ave_East/north_to_south/019_n00129_S.jpg,n00129,Park_Ave_East,north_to_south,W,19,S,0.5299777914500629,0.7857747273411056,0.796093230798443,0.4866362946089598,0.42307147912243454,0.7744627343392776,0.7635327635327634,0.7719245069511801,0.2863826063543349,0.7039485831965371,0.9976415348908888,0.6126758499419342,0.6072799589460927,0.833300201776621,0.8163814561660667,1.0,0.5,0.2,0.3,0.8573810085290863,0.8190833190711855,0.8573810085290863,0.8190833190711855,0.992055744906918,0.7222922741595307,1.0
"Murray Hill, Manhattan",Park_Ave_East/north_to_south/020_n00128_S.jpg,n00128,Park_Ave_East,north_to_south,W,20,S,0.5250749255446334,0.8039277557398726,0.78654888764255,0.6047830374753452,0.5211518858307849,0.8054546613139616,0.7543205027494109,0.7852269410391126,0.2994773915019313,0.7051838563090187,0.9976761565938304,0.629695270986174,0.6130082784301516,0.8448968509181493,0.9987965958065884,1.0,0.5,0.2,0.3,0.8656891818552022,0.8293676710500704,0.8656891818552022,0.8293676710500704,0.9921717212478585,0.7391943622191258,1.0
"Murray Hill, Manhattan",Park_Ave_East/north_to_south/021_n00127_S.jpg,n00127,Park_Ave_East,north_to_south,W,21,S,0.4166682827192163,0.5238460554916252,0.5940872648781993,0.7237895539458635,0.6236002604166667,0.8147639597227672,0.7171060444127776,0.8084370677731675,0.1984967543559959,0.5115338676963469,0.9767609164324176,0.6383177510839879,0.5746799555139803,0.7540256887478679,1.1393671516739643,1.0,0.5,0.2,0.3,0.8300750568610468,0.7599111427384394,0.8300750568610468,0.7599111427384394,0.9254185066310006,0.6146404344853518,1.0
"Murray Hill, Manhattan",Park_Ave_East/north_to_south/022_n00126_S.jpg,n00126,Park_Ave_East,north_to_south,W,22,S,0.4943799933999665,0.7878506409065578,0.7672119027816283,0.5660559305689489,0.49520131086142327,0.806631636788241,0.7775707618187293,0.7944563279857397,0.22038542051471496,0.6831475123627175,0.9969748659287015,0.6258287521652555,0.5974708367730612,0.8118479339924927,1.267415515497088,1.0,0.4,0.2,0.4,0.8366708961720123,0.7825576197928612,0.8366708961720123,0.7825576197928612,0.9898262385552019,0.6918374917472552,1.0
"Murray Hill, Manhattan",Park_Ave_East/north_to_south/023_n00125_S.jpg,n00125,Park_Ave_East,north_to_south,W,23,S,0.5234690161217788,0.7951707891637221,0.7877312987810225,0.4531069244752934,0.4259112519809825,0.7842116677510301,0.7699343931365128,0.7679633300297324,0.29275894209483866,0.7021237013555077,0.9975894440712766,0.6038024467484471,0.6102188884203612,0.8393343077444388,1.3018207032989066,1.0,0.4,0.2,0.4,0.8420418986281172,0.7949524183891195,0.8420418986281172,0.7949524183891195,0.9918812861524225,0.7310476854436421,1.0
"Murray Hill, Manhattan",Park_Ave_East/north_to_south/024_n00124_S.jpg,n00124,Park_Ave_East,north_to_south,W,24,S,0.5218880571434592,0.7958123047344389,0.7724425887265136,0.5188644688644689,0.5557409879839786,0.8017445799457995,0.7686631944444445,0.7914583829247005,0.2963552724699221,0.6967143168681372,0.9974281940463209,0.5882893536087632,0.6188256166130224,0.8559910227742699,1.3247718537863014,1.0,0.4,0.2,0.4,0.8442256397472945,0.8011958876267826,0.8442256397472945,0.8011958876267826,0.9913415127689721,0.7556627100142954,1.0
"Murray Hill, Manhattan",Park_Ave_East/north_to_south/025_n00123_S.jpg,n00123,Park_Ave_East,north_to_south,W,25,S,0.4639502242906008,0.7346464646464647,0.7180857276337305,0.5796957671957671,0.4289193645083933,0.8091918546899389,0.7879314477468841,0.7889852976620872,0.22191272051996283,0.6388941388569319,0.9948660341904919,0.6533227524591042,0.5996098219763114,0.8166999482222876,1.3461588025765587,1.0,0.4,0.2,0.4,0.8451940078254042,0.7901606512270783,0.8451940078254042,0.7901606512270783,0.9828199469231894,0.6986354890782225,1.0
"Murray Hill, Manhattan",Park_Ave_East/north_to_south/026_n00122_S.jpg,n00122,Park_Ave_East,north_to_south,W,26,S,0.5411791916651364,0.8027777777777777,0.7970449172576832,0.5224447061902892,0.5214197019867549,0.7697572999620781,0.6500607164541591,0.7766933028919331,0.3004118911174785,0.7136672955668657,0.9979006114475719,0.5902607680552041,0.5757219701545235,0.75691311716591,1.367545751366816,1.0,0.4,0.2,0.4,0.8043815706560031,0.7403975550184628,0.8043815706560031,0.7403975550184628,0.9929240664783513,0.6183358734073543,1.0
"Murray Hill, Manhattan",Park_Ave_East/north_to_south/027_n00121_S.jpg,n00121,Park_Ave_East,north_to_south,W,27,S,0.5143917929341033,0.7757380514079225,0.7718726379440666,0.5386328725038402,0.4315407201359914,0.7825085910652921,0.6792242079610072,0.7660680529300566,0.21776203594385413,0.6873341607620307,0.9971226668682595,0.6298669144777136,0.554351432278306,0.6932316865904021,1.4209979659479886,1.0,0.4,0.2,0.4,0.7865033142011865,0.7099773255814276,0.7865033142011865,0.7099773255814276,0.99031991344855,0.5403949566296606,1.0
"Murray Hill, Manhattan",Park_Ave_East/north_to_south/028_n00120_S.jpg,n00120,Park_Ave_East,north_to_south,W,28,S,0.3723757469280679,0.48552631578947364,0.5190002140869193,0.702197190933111,0.42555301296720066,0.8283728042102269,0.7100895188362552,0.7908570259766824,0.17973231357552585,0.45896742560148696,0.9572055243702682,0.7016723273920457,0.5602262861294878,0.7116465309040279,1.4632560588390715,1.0,0.4,0.2,0.4,0.7989777460023256,0.6949132022392837,0.7989777460023256,0.6993320483421854,0.8684766584406703,0.5621901765019514,0.9936813333331757
"Murray Hill, Manhattan",Park_Ave_East/north_to_south/029_n00119_S.jpg,n00119,Park_Ave_East,north_to_south,W,29,S,0.44771430436769605,0.7006267981915331,0.6901915413292197,0.6428474207159386,0.39374726716222125,0.8206013363028953,0.7333204034134989,0.7952052370842181,0.20578953096093158,0.6128442146294828,0.9929952025993817,0.6899004966188709,0.5781050571528829,0.7634297412116392,1.1580633930497355,1.0,0.5,0.2,0.3,0.8532211043502183,0.797544304669068,0.8532211043502183,0.797544304669068,0.9766624590062531,0.6267354553802721,1.0
"Murray Hill, Manhattan",Park_Ave_East/north_to_south/030_n00118_S.jpg,n00118,Park_Ave_East,north_to_south,W,30,S,0.394360549142671,0.5783150851581508,0.6617302543507363,0.6542293481129585,0.3613566217732884,0.8096057783178074,0.6468593861527481,0.775804735301942,0.21047398077560495,0.5448019628838526,0.9842900067696994,0.7008261682191591,0.5443793674100983,0.6605375219686286,1.0847842893396418,1.0,0.5,0.2,0.3,0.8159298989273818,0.7382127761715197,0.8159298989273818,0.7382127761715197,0.9487082216225587,0.5030879060040309,1.0
"Murray Hill, Manhattan",Park_Ave_East/north_to_south/031_n00117_S.jpg,n00117,Park_Ave_East,north_to_south,W,31,S,0.4296422475096611,0.6185953293830603,0.6047974257715372,0.674916163648558,0.4976388210389188,0.8108173076923078,0.7549540433426088,0.8091841586848719,0.24770786234614425,0.5510116675547528,0.9854016384160058,0.6626982167673156,0.6039486881245416,0.8262428814368802,1.1567329331374223,1.0,0.5,0.2,0.3,0.8633802694728381,0.8117154153509338,0.8633802694728381,0.8117154153509338,0.9522153734717591,0.7121587201967159,1.0
"Murray Hill, Manhattan",Park_Ave_East/north_to_south/032_n00116_S.jpg,n00116,Park_Ave_East,north_to_south,W,32,S,0.309106793083183,0.31559365901002917,0.33741537236160885,0.7493674257557598,0.4749448580093742,0.8246312111801242,0.6991607122604061,0.8167317103388466,0.17717433508056687,0.32070527481827366,0.8097618213572074,0.6996845929755032,0.5643555858932732,0.7241884465010898,1.1843575605026735,1.0,0.5,0.2,0.3,0.7605269147153983,0.5892350002254414,0.7605269147153983,0.5892350002254414,0.5568556685841066,0.577372157385662,1.0
"Murray Hill, Manhattan",Park_Ave_East/north_to_south/033_n00115_S.jpg,n00115,Park_Ave_East,north_to_south,W,33,S,0.25727350011142386,0.2707925103418245,0.2354737341396893,0.6773751296872685,0.36358024691358026,0.8250733838487269,0.501513138470623,0.7815067120817472,0.13309818600633458,0.25451324819764587,0.6579470659897602,0.7129560888741383,0.47203934551956817,0.3966579843158282,1.675932768975834,1.0,0.4,0.2,0.4,0.5460789282274668,0.3468262513106973,0.5460789282274668,0.36034581165692403,0.3621848577401317,0.2548807379707686,0.962481705326165
"Murray Hill, Manhattan",Park_Ave_East/north_to_south/034_n00114_S.jpg,n00114,Park_Ave_East,north_to_south,W,34,S,0.2575922269959848,0.17464040025015634,0.14271405677655677,0.42397660818713456,0.22222951106446245,0.8032284193473732,0.2666344916344916,0.6566151202749141,0.09319119669876204,0.1916488946742326,0.47496762989537933,0.6683251721566817,0.3388136028693892,0.08182569321770516,2.1675079774489947,0.975186838982432,0.4,0.2,0.4,0.24541826276594653,0.12720642058265721,0.2516628126585779,0.14227867403565578,0.21077404145677986,0.044313748691869645,0.8940652662448809
"Murray Hill, Manhattan",Park_Ave_East/south_to_north/001_n00114_N.jpg,n00114,Park_Ave_East,south_to_north,W,1,N,0.287998491591909,0.18557161731561353,0.14402096911306317,0.7861727966689799,0.36815920398009955,0.7943634489360135,0.4919253684540608,0.8170000479685325,0.19718457821199706,0.20586369267352855,0.5175838236267335,0.7374590138749646,0.5020366648781968,0.5076368993420824,2.1675079774489947,0.975186838982432,0.4,0.2,0.4,0.537587250117433,0.31231986577378557,0.551265899648916,0.349325577858029,0.24054599832699822,0.3491474582076502,0.8940652662448809
"Murray Hill, Manhattan",Park_Ave_East/south_to_north/002_n00115_N.jpg,n00115,Park_Ave_East,south_to_north,W,2,N,0.3416765224649296,0.3262207548707916,0.3095159333994928,0.7129629629629629,0.47971042721724455,0.8419030732860521,0.7525899565045472,0.8232437205651492,0.1673748103186646,0.3258044035784047,0.8190097524915488,0.6917185363439234,0.5810694957961202,0.7713663420607705,1.675932768975834,1.0,0.4,0.2,0.4,0.7730467986531055,0.5970117537315661,0.7730467986531055,0.6202837419431794,0.5718982297133325,0.6370778947834751,0.962481705326165
"Murray Hill, Manhattan",Park_Ave_East/south_to_north/003_n00116_N.jpg,n00116,Park_Ave_East,south_to_north,W,3,N,0.3858414095293435,0.4054969556641798,0.38063135366506157,0.737060680944536,0.3993135011441648,0.8245503364389234,0.708225984541774,0.8085841792089604,0.17977289610527433,0.3906565729528616,0.9078681851192993,0.7207658387464315,0.5655276866186696,0.7276862922942919,1.1843575605026735,1.0,0.5,0.2,0.3,0.8112477321534608,0.6867501083323182,0.8112477321534608,0.6867501083323182,0.7441832879185503,0.5816563460356606,1.0
"Murray Hill, Manhattan",Park_Ave_East/south_to_north/004_n00117_N.jpg,n00117,Park_Ave_East,south_to_north,W,4,N,0.3810756390894886,0.38703527168732127,0.3882605508430202,0.6182498772704959,0.5066261914088002,0.7963432884377643,0.740788662969809,0.8055603797614913,0.1895610005104645,0.3854571538732766,0.9025149169387752,0.6359889914331534,0.5786366810805883,0.7648669218038333,1.1567329331374223,1.0,0.5,0.2,0.3,0.8007424967536942,0.679977890660142,0.8007424967536942,0.679977890660142,0.7321254510771702,0.6285990686412841,1.0
"Murray Hill, Manhattan",Park_Ave_East/south_to_north/005_n00118_N.jpg,n00118,Park_Ave_East,south_to_north,W,5,N,0.4593724375340038,0.7533974210485677,0.6548323471400396,0.5423050732039497,0.49307331628303497,0.8019466779517562,0.7581086090260403,0.7827328323017978,0.1523621144364178,0.6225340685742036,0.9937593381657984,0.6170594782908903,0.5644011852547519,0.7243250454819031,1.0847842893396418,1.0,0.5,0.2,0.3,0.8216485015702537,0.7620247295169631,0.8216485015702537,0.7620247295169631,0.9791709191981465,0.5775390514773945,1.0
"Murray Hill, Manhattan",Park_Ave_East/south_to_north/006_n00119_N.jpg,n00119,Park_Ave_East,south_to_north,W,6,N,0.3989925275882693,0.38749169986719795,0.5061549989295654,0.6649972744617062,0.6496817489968175,0.8103893924135616,0.7357796340493238,0.7976540616246499,0.20237681159420293,0.4308797421283442,0.9410638815815603,0.6085683059594833,0.5786035024227255,0.764777404514082,1.1580633930497355,1.0,0.5,0.2,0.3,0.810460649434548,0.7154401863150992,0.810460649434548,0.7154401863150992,0.8249865376767578,0.6284828717304914,1.0
"Murray Hill, Manhattan",Park_Ave_East/south_to_north/007_n00120_N.jpg,n00120,Park_Ave_East,south_to_north,W,7,N,0.5133858841251587,0.8256653134866938,0.7942623690863128,0.5816731770833333,0.4957519116397621,0.8064117763287887,0.774329456444339,0.7832349155878567,0.2891784604763549,0.7111045222327217,0.9978351872829667,0.6307776805907865,0.6155809441695168,0.8498868860576506,1.4632560588390715,1.0,0.4,0.2,0.4,0.853774620367516,0.8038545612531166,0.853774620367516,0.8089661486914425,0.9927046898466014,0.7465650238671857,0.9936813333331757
"Murray Hill, Manhattan",Park_Ave_East/south_to_north/008_n00121_N.jpg,n00121,Park_Ave_East,south_to_north,W,8,N,0.4933299355795398,0.7795852943182594,0.7791666666666667,0.551564027370479,0.446139521558516,0.7895874191908187,0.7718128390596745,0.7898351648351648,0.23618122977346276,0.6840272988548219,0.9970065404943749,0.6316706416675939,0.5992764112227673,0.8159500825349316,1.4209979659479886,1.0,0.4,0.2,0.4,0.8399293895787815,0.7866440494536986,0.8399293895787815,0.7866440494536986,0.9899320067154942,0.6975814799961725,1.0
"Murray Hill, Manhattan",Park_Ave_East/south_to_north/009_n00122_N.jpg,n00122,Park_Ave_East,south_to_north,W,9,N,0.5130080170667134,0.7820146014206788,0.73904576436222,0.493966079582518,0.4692490984028852,0.8005971422478141,0.751333688983729,0.7808902841503662,0.22755889520714864,0.678022794283204,0.9967836082005678,0.6084380411424823,0.5865942894470813,0.7856522118300645,1.367545751366816,1.0,0.4,0.2,0.4,0.821061639133696,0.7615873211684512,0.821061639133696,0.7615873211684512,0.9891879253417569,0.6560127453987175,1.0
"Murray Hill, Manhattan",Park_Ave_East/south_to_north/010_n00123_N.jpg,n00123,Park_Ave_East,south_to_north,W,10,N,0.35904608821694367,0.36763003390391136,0.37882882882882885,0.6733751348435814,0.5242991231320242,0.8317767728404771,0.687927181913775,0.7964171595621728,0.17317884528642313,0.36850165031656124,0.8830896996843028,0.6602842615173448,0.5525077289207903,0.6873191962498449,1.3461588025765587,1.0,0.4,0.2,0.4,0.7537225455935773,0.6172274180237246,0.7537225455935773,0.6172274180237246,0.6903950987219934,0.5335189528033183,1.0
"Murray Hill, Manhattan",Park_Ave_East/south_to_north/011_n00124_N.jpg,n00124,Park_Ave_East,south_to_north,W,11,N,0.47935818384718815,0.6980304212168487,0.7080114449213162,0.41405294183071956,0.36289878987898794,0.7838796035019174,0.7608054226475279,0.7559568285595684,0.22360749286688994,0.6284666833284509,0.9941856802896434,0.6116779184845497,0.5801232480246621,0.7688534972990331,1.3247718537863014,1.0,0.4,0.2,0.4,0.8140086119994991,0.749333052348323,0.8140086119994991,0.749333052348323,0.9805744138196077,0.6337898283239219,1.0
"Murray Hill, Manhattan",Park_Ave_East/south_to_north/012_n00125_N.jpg,n00125,Park_Ave_East,south_to_north,W,12,N,0.45281276832033407,0.6211359404096833,0.5613602759980286,0.5408086216364635,0.44941609545569944,0.7894433129667345,0.7521335341365462,0.7971095334685598,0.18493070237256282,0.5451029949093487,0.9843457681403023,0.6269452797158328,0.5780579233258896,0.7633020285201099,1.3018207032989066,1.0,0.4,0.2,0.4,0.8124255356407533,0.7398079204698743,0.8124255356407533,0.7398079204698743,0.9488837189534662,0.6265700445796706,1.0
"Murray Hill, Manhattan",Park_Ave_East/south_to_north/013_n00126_N.jpg,n00126,Park_Ave_East,south_to_north,W,13,N,0.44611884517835604,0.6191682013505218,0.6326448497854077,0.7126456876456876,0.5188738399799347,0.8380905803544964,0.7433658780823632,0.8215260285474392,0.20018926359256714,0.5659772987714284,0.9877720493694637,0.6772874760067498,0.5883603900741232,0.7900796932885691,1.267415515497088,1.0,0.4,0.2,0.4,0.8376944961337045,0.7715301092732407,0.8376944961337045,0.7715301092732407,0.959754327079897,0.6619658675414694,1.0
"Murray Hill, Manhattan",Park_Ave_East/south_to_north/014_n00127_N.jpg,n00127,Park_Ave_East,south_to_north,W,14,N,0.4338525120371725,0.5672575599582897,0.5707342605054584,0.7772174472314798,0.7040349417637272,0.8186444810142013,0.7815414555335242,0.797419123869036,0.29947649937407533,0.5239481108336401,0.9799127318584662,0.6306089954939846,0.6261456929255451,0.8690045070272305,1.1393671516739643,1.0,0.5,0.2,0.3,0.8654706432397884,0.8170071019306172,0.8654706432397884,0.8170071019306172,0.9350707873295858,0.7753631956058014,1.0
"Murray Hill, Manhattan",Park_Ave_East/south_to_north/015_n00128_N.jpg,n00128,Park_Ave_East,south_to_north,W,15,N,0.5182439740966862,0.7737636805837048,0.7230280425473131,0.6128839375629406,0.49076855676555264,0.8226107848371597,0.7521902377972466,0.7939985394675695,0.24828490718321228,0.671678565742568,0.9965300627209385,0.6482420552115158,0.5981578948160094,0.8134171076588599,0.9987965958065884,1.0,0.5,0.2,0.3,0.860372723807816,0.8169862324515553,0.860372723807816,0.8169862324515553,0.9883426210359427,0.6940303318713235,1.0
"Murray Hill, Manhattan",Park_Ave_East/south_to_north/016_n00129_N.jpg,n00129,Park_Ave_East,south_to_north,W,16,N,0.5531973644279939,0.8310391136478094,0.8162579914218662,0.39283808303981216,0.5520784128483703,0.7560828877005347,0.7775707618187293,0.7880832282471627,0.2146297019393466,0.7334981564992231,0.9983444711572284,0.5322808526306588,0.5934278973350795,0.8024088802652231,0.8163814561660667,1.0,0.5,0.2,0.3,0.8244932324806369,0.7825763606509808,0.8244932324806369,0.7825763606509808,0.994414194363095,0.6787601380535796,1.0
"Murray Hill, Manhattan",Park_Ave_East/south_to_north/017_n00130_N.jpg,n00130,Park_Ave_East,south_to_north,W,17,N,0.48113416827612665,0.7162943599493029,0.6568222330254416,0.5859265489206615,0.49671307037896373,0.8080132134586568,0.7581621576486306,0.7892838742916023,0.2414872660757,0.6180835870836237,0.9934192433659857,0.6324088973334515,0.5963110993386442,0.8091762441865801,0.974881002819721,1.0,0.5,0.2,0.3,0.8534514404794393,0.8066394047720733,0.8534514404794393,0.8066394047720733,0.9780533628533551,0.6881163552720856,1.0
"Murray Hill, Manhattan",Park_Ave_East/south_to_north/018_n00131_N.jpg,n00131,Park_Ave_East,south_to_north,W,18,N,0.39603535681515234,0.5394688644688644,0.5200659703133589,0.7332197829926823,0.4753327844105942,0.8485163485163486,0.7255418331517133,0.8302748829481952,0.1789920332525113,0.4851900638657919,0.968393654539908,0.7021344490328122,0.5782695831174732,0.7638751640227776,1.0858792662225274,1.0,0.5,0.2,0.3,0.8457007988150852,0.7687036092631389,0.8457007988150852,0.7687036092631389,0.9004494104107383,0.6273126080052857,1.0
"Murray Hill, Manhattan",Park_Ave_East/south_to_north/019_n00132_N.jpg,n00132,Park_Ave_East,south_to_north,W,19,N,0.4837659770582349,0.7186590038314176,0.6851102114260009,0.5639186295503212,0.42906367041198507,0.8046539914218039,0.7474583809886898,0.7855075609579626,0.2935157379601825,0.6291783974385511,0.9942348413755875,0.6465029835200466,0.6088272266356116,0.8364992983042708,1.168484413336772,1.0,0.5,0.2,0.3,0.8661602918335414,0.8247776571595699,0.8661602918335414,0.8247776571595699,0.9807364306089962,0.7269235794240606,1.0
"Murray Hill, Manhattan",Park_Ave_East/south_to_north/020_n00133_N.jpg,n00133,Park_Ave_East,south_to_north,W,20,N,0.4352076092530446,0.5934307716485935,0.6069715656046591,0.607311141510868,0.36908527744826675,0.8079839568841262,0.7110116873630387,0.7660512699905926,0.24812583668005353,0.545203315502099,0.9843643076212013,0.6820699403155758,0.5750629313445617,0.7550895966404497,1.172755652402779,1.0,0.5,0.2,0.3,0.8447792873005636,0.780296914203252,0.8447792873005636,0.780296914203252,0.9489420780961921,0.6160001961242604,1.0
"Murray Hill, Manhattan",Park_Ave_East/south_to_north/021_n00134_N.jpg,n00134,Park_Ave_East,south_to_north,W,21,N,0.39351625603736007,0.6469142545057346,0.6208524757529351,0.6311323017872136,0.4265864332603939,0.8194671758501545,0.752074949698189,0.7914912280701754,0.17406859116703677,0.55376099543201,0.9858687133610191,0.6746710147923247,0.5725449229784669,0.7480376887004555,1.317434584516426,1.0,0.4,0.2,0.4,0.8183054358563762,0.7427890369818176,0.8183054358563762,0.7427890369818176,0.9536943482761167,0.6070276561596384,1.0
"Murray Hill, Manhattan",Park_Ave_East/south_to_north/022_n00135_N.jpg,n00135,Park_Ave_East,south_to_north,W,22,N,0.3480973789069214,0.4078870170145,0.40602284527518173,0.7796911059826025,0.4245625266752027,0.8254869634243146,0.7582726537216828,0.8211736835792252,0.15849307774227903,0.38733574706553436,0.9044803819992413,0.7268718475772381,0.579313138347729,0.7666868819941982,2.2463625139586165,0.9637201020579278,0.4,0.2,0.4,0.7809969921591516,0.6100993482911676,0.8103981544967369,0.6905072636213885,0.7365233575299263,0.6309648700980035,0.8835523975395728
"Murray Hill, Manhattan",Park_Ave_East/south_to_north/023_n00136_N.jpg,n00136,Park_Ave_East,south_to_north,W,23,N,0.30122531656933726,0.32663034077149283,0.30943251533742333,0.693382873319179,0.3749801681738855,0.8315524827152734,0.6382879273504273,0.8111200590564391,0.09863647003745317,0.3124293908927511,0.7939910689768892,0.7166517292868556,0.5160148188147732,0.5597684264991503,2.2588531188461736,0.9619161754431719,0.4,0.2,0.4,0.6506215813232942,0.4435528152859987,0.6763807470266744,0.5029522096995869,0.532230236578799,0.39816509135813505,0.8818985317728947
"Murray Hill, Manhattan",Park_Ave_East/south_to_north/024_n00137_N.jpg,n00137,Park_Ave_East,south_to_north,W,24,N,0.2656447723682322,0.29777218493661445,0.2818791946308725,0.6154649947753396,0.3345855550169656,0.8444398167430237,0.6771146773654296,0.7806359602788929,0.058239284085727316,0.28176538397857304,0.7273432051630573,0.7084397521671325,0.5053299739100165,0.5199767624405363,2.940700640445563,0.8683980416830644,0.4,0.2,0.4,0.5493748180127938,0.3559634699343418,0.6326301898931467,0.44710055037047763,0.4405653015962564,0.3604551711123949,0.7961597668340654
"Murray Hill, Manhattan",Park_Ave_East/south_to_north/025_n00138_N.jpg,n00138,Park_Ave_East,south_to_north,W,25,N,0.15154054622771282,0.24160639342798462,0.23112982204705604,0.7776425929530855,0.5496082439107477,0.8909752715507281,0.7558209928285368,0.8399750545681322,0.10265571037275219,0.20809225390091782,0.5242577026342866,0.7063365401976887,0.5661505859231404,0.7295338445027684,2.9480182327227915,0.8674453771989762,0.4,0.2,0.4,0.5509099008086347,0.3410873985891738,0.6350946299207333,0.42888627275426705,0.2454652973704338,0.5839281684657842,0.7952863503854829
"Murray Hill, Manhattan",Park_Ave_East/south_to_north/026_n00139_N.jpg,n00139,Park_Ave_East,south_to_north,W,26,N,0.2610549317491101,0.4965358866573253,0.5540318799812471,0.7811345326791447,0.43836707911511064,0.8457608857185317,0.7695894060492087,0.8049511854951185,0.2236444908858702,0.4372075661292275,0.9451370037171277,0.7295094464275219,0.5993950274767323,0.8162171312518423,2.5231620869022806,0.924525807888298,0.4,0.2,0.4,0.7824298523818748,0.6414373426816107,0.8463039600473854,0.7567524037355202,0.8356811039328946,0.6979567000376875,0.8476185070774993
"Murray Hill, Manhattan",Park_Ave_East/south_to_north/027_n00140_N.jpg,n00140,Park_Ave_East,south_to_north,W,27,N,0.17046824940583447,0.2300585437248445,0.2049032120825356,0.8018887344964233,0.47901585660117196,0.8605529355478095,0.7706345220157376,0.795927750410509,0.12000505816894287,0.20181000173773816,0.5054297917519939,0.7278086044810202,0.5621891101983965,0.7176504263458054,2.4374318831143387,0.9364915477799268,0.4,0.2,0.4,0.5857830661480385,0.3584157469879271,0.6255081186121886,0.4174474652424454,0.23177195001815384,0.5694231287479338,0.8585888688526739
"Murray Hill, Manhattan",Park_Ave_East/south_to_north/028_n00141_N.jpg,n00141,Park_Ave_East,south_to_north,W,28,N,0.4979865116348488,0.7741050808314087,0.7347596293078481,0.4273759713090259,0.5039256198347107,0.7862161728097647,0.5921522422165095,0.7832061542279298,0.25182810214872314,0.6689504072580352,0.9964149982985077,0.5698888414280266,0.5423954995310541,0.6538334172205197,2.1840361448697108,0.9727721258268506,0.4,0.2,0.4,0.7323726140555624,0.5989846659436091,0.7528717102507949,0.6716193423560363,0.9879593383805607,0.495648550582001,0.8918514226263569
"Murray Hill, Manhattan",Park_Ave_East/south_to_north/029_n00142_N.jpg,n00142,Park_Ave_East,south_to_north,W,29,N,0.3694894310377998,0.611046511627907,0.5103271983640082,0.487565445026178,0.3509996826404316,0.6855402436588776,0.7665163472378804,0.7580833515801766,0.1849237260629666,0.49695438034323824,0.9724402581764533,0.6073686686815413,0.5698411416270078,0.740317059200018,3.9929477131790376,0.7416023047136777,0.3,0.1,0.6,0.584151965747758,0.46192906301389103,0.7876889837515956,0.6793957485937224,0.9124081789720185,0.5973122099634651,0.6799116184786783
"Murray Hill, Manhattan",Park_Ave_East/south_to_north/030_n00143_N.jpg,n00143,Park_Ave_East,south_to_north,W,30,N,0.3045102951114044,0.25173070266528214,0.25727746929160356,0.7782304303216852,0.49002641089797055,0.8332468879668049,0.6754349627174814,0.819192015815318,0.14280567564571556,0.2711728223560967,0.7014210304362338,0.7071503024635064,0.5458108847261716,0.6653355854230051,2.484790501023126,0.9298624796123384,0.4,0.2,0.4,0.6396300877942586,0.4246299977005956,0.687876005128115,0.4980931343734214,0.40951302509372745,0.5084553290689714,0.8525112441767762
"Murray Hill, Manhattan",Park_Ave_East/south_to_north/031_n00148_N.jpg,n00148,Park_Ave_East,south_to_north,W,31,N,0.13742751591249477,0.1641136423147421,0.11099066044029353,0.6752411575562701,0.4211893247358051,0.7555758988015979,0.7321326472269868,0.79367307277046,0.12478425957887469,0.13751060622251013,0.3208490339704736,0.6698759105406875,0.5501966598587738,0.6798211271290517,0.9831200265442408,1.0,0.5,0.2,0.3,0.46565860980415036,0.2661353889568343,0.46565860980415036,0.2661353889568343,0.12239689325358306,0.524882221099744,1.0
"Murray Hill, Manhattan",Park_Ave_East/south_to_north/032_n00149_N.jpg,n00149,Park_Ave_East,south_to_north,W,32,N,0.131895095630212,0.17004781420765033,0.07077067669172936,0.31495949074074076,0.15724822243446887,0.6561831407787762,0.8262726638772664,0.7867181851048445,0.06951227147508139,0.12423786217653056,0.28717469469823137,0.6046314696950159,0.5608343734857307,0.7135146568398026,1.0501483097267612,1.0,0.5,0.2,0.3,0.43791730071840634,0.24833078828510585,0.43791730071840634,0.24833078828510585,0.10629111526408742,0.5644339379999515,1.0
"Murray Hill, Manhattan",Park_Ave_Tunnel_Segment/north_to_south/001_n00208_S.jpg,n00208,Park_Ave_Tunnel_Segment,north_to_south,W,1,S,0.24392401314729725,0.30014503881921334,0.308941058941059,0.04452196382428938,0.5592961757526443,0.6052717747216766,0.811298076923077,0.14626099706744866,0.012760326107955633,0.2843367036358565,0.7334192774327599,0.3634991875977739,0.3234398000328271,0.06608750800431376,3.3920109887549708,0.8115561932196014,0.3,0.1,0.6,0.1309321389357796,0.07133594800628006,0.16133465560326307,0.09587567819427419,0.4481836297181714,0.03551148601579471,0.7440463457450706
"Murray Hill, Manhattan",Park_Ave_Tunnel_Segment/north_to_south/002_n00207_S.jpg,n00207,Park_Ave_Tunnel_Segment,north_to_south,W,2,S,0.15770343268026493,0.144780239478024,0.09334035580524347,0.06876768795373449,0.5754078444984381,0.6654370934475646,0.8794096472282217,0.3483565234926396,0.017478190302292546,0.1319413426545108,0.3064637805529979,0.386265645634287,0.41508145367438465,0.21861117349267695,3.3920109887549708,0.8115561932196014,0.3,0.1,0.6,0.20783771758061634,0.10265339164047788,0.2560977530786669,0.13796639446926276,0.11539740583314519,0.12707003645483783,0.7440463457450706
"Murray Hill, Manhattan",Park_Ave_Tunnel_Segment/north_to_south/003_n00206_S.jpg,n00206,Park_Ave_Tunnel_Segment,north_to_south,W,3,S,0.3282721046537559,0.36347225492504515,0.3356631989596879,0.16880698243273295,0.6401296367603645,0.6986757389522973,0.7835231992405364,0.32010434134525817,0.025450480073655135,0.3424691861794963,0.8467883177556712,0.4091176948748886,0.37635934021981654,0.13533255031622415,3.3920109887549708,0.8115561932196014,0.3,0.1,0.6,0.2126558036749536,0.12490808174634628,0.2620346014874295,0.16787674915769696,0.6200068966952726,0.07530282695180479,0.7440463457450706
"Murray Hill, Manhattan",Park_Ave_Tunnel_Segment/north_to_south/004_n00205_S.jpg,n00205,Park_Ave_Tunnel_Segment,north_to_south,W,4,S,0.17879977693301294,0.1703549283728886,0.17539414414414414,0.28230317915131664,0.6199018387944145,0.6947257383966244,0.8493559033322687,0.521901211556384,0.022328446993838957,0.17484961648334854,0.42511639255673594,0.4523756929178422,0.4645285206274972,0.37003371229230797,3.3920109887549708,0.8115561932196014,0.3,0.1,0.6,0.3194226097282091,0.17169675163021544,0.393592720253908,0.23076082909631435,0.1791881797531351,0.23408069342482296,0.7440463457450706
"Murray Hill, Manhattan",Park_Ave_Tunnel_Segment/north_to_south/005_n00204_S.jpg,n00204,Park_Ave_Tunnel_Segment,north_to_south,W,5,S,0.3151404833697168,0.41085515935626377,0.33849206349206346,0.2840737382895134,0.7007385730211818,0.758009731019921,0.7400194311959019,0.7335600907029479,0.03777127529870761,0.35482923540601463,0.8650579211653524,0.44711496542941753,0.5037835990658523,0.5141846892766707,3.3920109887549708,0.8115561932196014,0.3,0.1,0.6,0.48100053289459743,0.3247877996043111,0.5926891285080023,0.4365155496853845,0.6542781663338932,0.3551254386206432,0.7440463457450706
"Murray Hill, Manhattan",Park_Ave_Tunnel_Segment/north_to_south/006_n00203_S.jpg,n00203,Park_Ave_Tunnel_Segment,north_to_south,W,6,S,0.19595002705172118,0.2125587125587125,0.19634275278738947,0.3660279805352798,0.7845596985323285,0.7570110046148385,0.8449087698646262,0.748445480790584,0.03981619473422756,0.20161716413260772,0.504851340150927,0.4461597622059299,0.5443901484631459,0.6605737821887617,3.3920109887549708,0.8115561932196014,0.3,0.1,0.6,0.4755207689559236,0.2929833074313582,0.5859369602854488,0.39377023905408953,0.23136018036496636,0.5031283333906968,0.7440463457450706
"Murray Hill, Manhattan",Park_Ave_Tunnel_Segment/north_to_south/007_n00202_S.jpg,n00202,Park_Ave_Tunnel_Segment,north_to_south,W,7,S,0.1960457377258879,0.2085281811469358,0.1706023697075151,0.6632227396197128,0.683359830418654,0.7752628009494744,0.7581031307550644,0.7913487475915222,0.04339984650805828,0.1917254295267796,0.4751966642036412,0.585041903383511,0.5309505749515482,0.6140239526733178,3.3920109887549708,0.8115561932196014,0.3,0.1,0.6,0.45920911132904435,0.27487962930061377,0.5658377265377921,0.3694388540076166,0.21092685939171088,0.4528703022264416,0.7440463457450706
"Murray Hill, Manhattan",Park_Ave_Tunnel_Segment/north_to_south/008_n00201_S.jpg,n00201,Park_Ave_Tunnel_Segment,north_to_south,W,8,S,0.20000505572865815,0.27234686609686604,0.22489897419956484,0.6791194523135032,0.7456174271719515,0.7722766364070712,0.8059956129661224,0.7996516280353201,0.12308797864695616,0.2324169653416963,0.5960428094595561,0.5685928871828743,0.5762450732161328,0.758353935575042,3.3920109887549708,0.8115561932196014,0.3,0.1,0.6,0.5562949807498092,0.3691543021082887,0.685466989713773,0.4961442310944035,0.3034232782702122,0.6201859044351948,0.7440463457450706
"Murray Hill, Manhattan",Park_Ave_Tunnel_Segment/north_to_south/009_n00200_S.jpg,n00200,Park_Ave_Tunnel_Segment,north_to_south,W,9,S,0.17590354439291817,0.1736887026691496,0.13837081733406476,0.6534863945578232,0.6844930417495031,0.7572093409789745,0.771940583265195,0.8274996977390884,0.07674673899005553,0.16265435479871082,0.3898012470304345,0.5754008979290982,0.5587290066647796,0.7070159592990646,,1.0,0.45,0.15,0.4,0.5243807230017286,0.3180134823104689,0.5243807230017286,0.3180134823104689,0.15866424930731574,0.5566547431961667,1.0
"Murray Hill, Manhattan",Park_Ave_Tunnel_Segment/north_to_south/010_n00199_S.jpg,n00199,Park_Ave_Tunnel_Segment,north_to_south,W,10,S,0.1787150873013968,0.2931129476584022,0.22247622531089975,0.7741134091050245,0.7010797442393534,0.7949248696718798,0.8054473806212332,0.860609171800137,0.1318008505645989,0.23143475342356623,0.5932017121184079,0.6226528448458502,0.599285800995323,0.8159712333068905,,1.0,0.45,0.15,0.4,0.6788095034672517,0.46978253252546126,0.6788095034672517,0.46978253252546126,0.30093789023204603,0.6976111923850885,1.0
"Murray Hill, Manhattan",Park_Ave_Tunnel_Segment/north_to_south/011_n00198_S.jpg,n00198,Park_Ave_Tunnel_Segment,north_to_south,W,11,S,0.17705303161403033,0.2584782608695652,0.2523189263864219,0.6964964119881807,0.7544293603313391,0.7706277056277057,0.7862614913176711,0.8172828159041394,0.10291144359078042,0.2292834062900058,0.5869572463010587,0.5708982524281824,0.568818583604197,0.7373574412699088,,1.0,0.45,0.15,0.4,0.6403655277497022,0.4311817899891515,0.6403655277497022,0.4311817899891515,0.29553489922973897,0.5936174241861143,1.0
"Murray Hill, Manhattan",Park_Ave_Tunnel_Segment/north_to_south/012_n00197_S.jpg,n00197,Park_Ave_Tunnel_Segment,north_to_south,W,12,S,0.15989272437583174,0.12909803921568627,0.045586618501649134,0.36768911768911766,0.36109649122807014,0.6302660753880266,0.7850695291534521,0.42170364702881913,0.04625706214689266,0.11152579403105571,0.256986535931067,0.5456195672830247,0.4176767461097213,0.22533389778087817,3.8792183842650463,0.7543621225443721,0.3,0.1,0.6,0.19316920660303555,0.09437512839102405,0.25606959950679814,0.1364571479289124,0.09264630982429828,0.13145126329689721,0.6916100022857649
"Murray Hill, Manhattan",Park_Ave_Tunnel_Segment/north_to_south/013_n00196_S.jpg,n00196,Park_Ave_Tunnel_Segment,north_to_south,W,13,S,0.2655741452464501,0.25724081465561355,0.2671465131158029,0.8038315063558231,0.4034661897462102,0.8391809728183118,0.6928605654048874,0.80357466884413,0.04003231419338804,0.2633204910059555,0.6813202743547339,0.7465154298093082,0.5121558494808017,0.5454585583651644,3.3920109887549708,0.8115561932196014,0.3,0.1,0.6,0.4882979771647826,0.30623293165690857,0.601681043462449,0.41157776448757916,0.3869367559183726,0.38437935058090766,0.7440463457450706
"Murray Hill, Manhattan",Park_Ave_Tunnel_Segment/north_to_south/014_n00195_S.jpg,n00195,Park_Ave_Tunnel_Segment,north_to_south,W,14,S,0.16867262592418164,0.13886012151339408,0.05622660768969038,0.3397030953885028,0.17461419753086424,0.6360860107095047,0.41180270557835535,0.38872379065543994,0.022139556572978947,0.12125311837575536,0.27989901544892015,0.6003916361890477,0.27422201760225806,0.032714675760132136,3.8792183842650463,0.7543621225443721,0.3,0.1,0.6,0.06285926818529697,0.029120433276781623,0.08332771000389079,0.04210528069365517,0.10293641158386513,0.01729301269731221,0.6916100022857649
"Murray Hill, Manhattan",Park_Ave_Tunnel_Segment/north_to_south/015_n00194_S.jpg,n00194,Park_Ave_Tunnel_Segment,north_to_south,W,15,S,0.33486241404843625,0.3883193346508564,0.32063367373658025,0.5634901192226033,0.33948352754999284,0.8078286961265685,0.7272093023255816,0.7792410882508102,0.07464945825366476,0.34793847414529094,0.8551107939225058,0.6772784292663929,0.5270332829433522,0.6000081926221411,2.9439145301162526,0.8679795022522051,0.4,0.2,0.4,0.6148012552779168,0.44144662838851123,0.7083131038033161,0.5547372678274981,0.6353432615939243,0.4383553464963993,0.7957760438871111
"Murray Hill, Manhattan",Park_Ave_Tunnel_Segment/north_to_south/016_n00193_S.jpg,n00193,Park_Ave_Tunnel_Segment,north_to_south,W,16,S,0.1679790394136827,0.15540969722633924,0.04966466547676999,0.181422315118941,0.1593081039755352,0.5737162974411816,0.3964073473797947,0.4151094074429005,0.017132824797190953,0.12435113403893064,0.2874530235002834,0.5319435028615291,0.27621652653996204,0.033674752440578694,4.079090410958366,0.7320814053982094,0.3,0.1,0.6,0.06181567818337105,0.02870225962204504,0.08443825744999894,0.04276370457627861,0.10642030521588931,0.01780884276595423,0.671182721572874
"Murray Hill, Manhattan",Park_Ave_Tunnel_Segment/north_to_south/017_n00192_S.jpg,n00192,Park_Ave_Tunnel_Segment,north_to_south,W,17,S,0.3438786688909501,0.38284065004779766,0.3838028169014085,0.6679503191784625,0.31501035196687366,0.8080354102826014,0.6809229864785421,0.8079301626349596,0.1420834581211939,0.37017404528005204,0.885145765847824,0.7203251258313967,0.5436455357448986,0.6580649968615162,2.953468086085264,0.8667365494481445,0.4,0.2,0.4,0.6538923527260381,0.4876294635934777,0.7544303435021572,0.613650985832015,0.6946683145768845,0.50033607646807,0.7946364869475899
"Murray Hill, Manhattan",Park_Ave_Tunnel_Segment/north_to_south/018_n00191_S.jpg,n00191,Park_Ave_Tunnel_Segment,north_to_south,W,18,S,0.18963654483323375,0.14476145930776427,0.06759464792206187,0.28753629199502284,0.22127598152424946,0.6473221828011488,0.675420528664607,0.5188668086113083,0.03097966132891587,0.13399755068768662,0.31173308584317,0.571194164423974,0.408422332868277,0.2020283547459296,2.242673719067127,0.964253494480857,0.4,0.2,0.4,0.28525026995632863,0.14219044777319054,0.2958249792082984,0.16084138668173914,0.11794020106459249,0.11639672929187492,0.8840414193552454
"Murray Hill, Manhattan",Park_Ave_Tunnel_Segment/north_to_south/019_n00190_S.jpg,n00190,Park_Ave_Tunnel_Segment,north_to_south,W,19,S,0.35662183554465954,0.4216343765524093,0.4087492828456684,0.6720672067206722,0.28050527903469086,0.8028723650683345,0.7168016454557141,0.7899409300089292,0.16841704718417047,0.3956684983142457,0.9127768755088861,0.7314780975847719,0.5583865408829378,0.7059507308414203,1.87127586409875,1.0,0.4,0.2,0.4,0.7879449452557572,0.6203416542071548,0.7879449452557572,0.6636879380308222,0.7554639355751218,0.555386618728895,0.9346887575623616
"Murray Hill, Manhattan",Park_Ave_Tunnel_Segment/north_to_south/020_n00189_S.jpg,n00189,Park_Ave_Tunnel_Segment,north_to_south,W,20,S,0.35774717594251926,0.34516041326808056,0.3044753718106154,0.5716658756525866,0.4422256357740228,0.7450866604766326,0.7351738241308793,0.7698642372275812,0.10108388312912346,0.3357943203404051,0.8361054960164112,0.6248423001183988,0.5353739814958614,0.6296253088152428,2.121140435950461,0.9819930329655849,0.4,0.2,0.4,0.691512114873969,0.49395114108187327,0.7041924857507659,0.5486484981645955,0.6009629722046368,0.46935620255057775,0.9003052824063087
"Murray Hill, Manhattan",Park_Ave_Tunnel_Segment/north_to_south/021_n00188_S.jpg,n00188,Park_Ave_Tunnel_Segment,north_to_south,W,21,S,0.5025774593683722,0.7468726307808947,0.7499634021373152,0.579048656499637,0.672675026123302,0.795409813018417,0.7871181371501815,0.791316967408029,0.3250207168013259,0.6664711640955273,0.9963071385695117,0.5672611477982505,0.6344852737865121,0.8825993697317739,1.4960876525303308,1.0,0.4,0.2,0.4,0.8480458825416232,0.8019546133943406,0.8480458825416232,0.8110384531461013,0.9876002442911792,0.7963993658722303,0.9887997422113297
"Murray Hill, Manhattan",Park_Ave_Tunnel_Segment/north_to_south/022_n00187_S.jpg,n00187,Park_Ave_Tunnel_Segment,north_to_south,W,22,S,0.27513585893472287,0.2838342172461206,0.24007201646090529,0.46931862175764616,0.3101507345926349,0.6314420218037662,0.8763699338296113,0.7654805914972274,0.06988548437016402,0.26634736421391625,0.6891542623950103,0.5968699696562592,0.5705786698990009,0.7424382200600925,1.999607152833796,1.0,0.4,0.2,0.4,0.6898690362864038,0.4651916475990441,0.6898690362864038,0.5073701641948201,0.39558763028719435,0.5999702900990032,0.9168683545617785
"Murray Hill, Manhattan",Park_Ave_Tunnel_Segment/north_to_south/023_n00186_S.jpg,n00186,Park_Ave_Tunnel_Segment,north_to_south,W,23,S,0.4679156062374895,0.6309223184223184,0.6140570633263743,0.4940422661870503,0.4245202558635395,0.7776143790849673,0.747281184486373,0.7615325577637745,0.212952963762899,0.570964995995394,0.9884742616427555,0.6157121298028261,0.573922235337682,0.7519115814356523,1.1716763616069372,1.0,0.5,0.2,0.3,0.8283392813149825,0.7682058051703657,0.8283392813149825,0.7682058051703657,0.9620036161433556,0.6119448748371703,1.0
"Murray Hill, Manhattan",Park_Ave_Tunnel_Segment/north_to_south/024_n00185_S.jpg,n00185,Park_Ave_Tunnel_Segment,north_to_south,W,24,S,0.4099098394083855,0.6445558176100629,0.6123755765962612,0.3902217741935485,0.3325808878856283,0.6796414538310412,0.8732506809429886,0.7482282966337636,0.19395134779750167,0.5556137445382364,0.9861751316783752,0.5790941133796538,0.6051434417914179,0.828800740536018,3.727472495352265,0.7717297351120478,0.3,0.1,0.6,0.6501243633100761,0.5405784505480716,0.8424249238182902,0.7640329758613416,0.9546663445146978,0.7158183722725227,0.7075328783272007
"Murray Hill, Manhattan",Park_Ave_Tunnel_Segment/north_to_south/025_n00184_S.jpg,n00184,Park_Ave_Tunnel_Segment,north_to_south,W,25,S,0.5145802870974028,0.8063636885292936,0.7731076210092688,0.6849955757805587,0.5034215028293195,0.8008238017429194,0.784350401371678,0.7951140619679945,0.20014958002531355,0.698017198878655,0.9974679894500295,0.6607992915647195,0.593204681121662,0.8018774825278586,1.1678113251968778,1.0,0.5,0.2,0.3,0.860390889054933,0.8156978768087532,0.860390889054933,0.8156978768087532,0.9914746867558945,0.6780296344431026,1.0
"Murray Hill, Manhattan",Park_Ave_Tunnel_Segment/north_to_south/026_n00183_S.jpg,n00183,Park_Ave_Tunnel_Segment,north_to_south,W,26,S,0.415963475623431,0.5602687946241075,0.4918093134548132,0.5288870008496177,0.40293773994324816,0.7496558054153281,0.8038988022488388,0.7327638804148872,0.20464532328939114,0.4893471945674505,0.969885356732004,0.6252016887738991,0.5804360019843724,0.7696861747075245,3.1575421386202307,0.8406067547677025,0.3,0.1,0.6,0.6792024157338407,0.5433265562293759,0.8079906708833607,0.7049960202481681,0.9048326939414184,0.6348779975722404,0.7706803168025227
"Murray Hill, Manhattan",Park_Ave_Tunnel_Segment/north_to_south/027_n00182_S.jpg,n00182,Park_Ave_Tunnel_Segment,north_to_south,W,27,S,0.36993746396101346,0.4044862518089725,0.3962800234329233,0.6595982142857143,0.7260793465577596,0.8218141126908899,0.7222222222222222,0.8052780860771982,0.17601294903926487,0.39023457973430303,0.9074437452855328,0.5851109934729481,0.5678377524462284,0.7344982706034281,1.0850959311588884,1.0,0.5,0.2,0.3,0.7801080162252608,0.6611125248418213,0.7801080162252608,0.6611125248418213,0.743218055360937,0.5900634196984065,1.0
"Murray Hill, Manhattan",Park_Ave_Tunnel_Segment/north_to_south/028_n00181_S.jpg,n00181,Park_Ave_Tunnel_Segment,north_to_south,W,28,S,0.32821889284477446,0.31008462008200294,0.2726889666796318,0.6734185571960148,0.4260029354207436,0.7808106758010419,0.7826827054017249,0.8026724137931035,0.12800041744938429,0.303664159868803,0.776254279997558,0.6760754325254377,0.5711185122147375,0.7439836374409508,3.040720686629586,0.8554667068595828,0.3,0.1,0.6,0.6384720064687123,0.4533604725715705,0.7463434887051796,0.5780416716414388,0.5059790106357929,0.6019121879226325,0.7843041337905332
"Murray Hill, Manhattan",Park_Ave_Tunnel_Segment/north_to_south/029_n00180_S.jpg,n00180,Park_Ave_Tunnel_Segment,north_to_south,W,29,S,0.43387049103986447,0.6683709700326658,0.6514681555004135,0.6349103277674706,0.4818607764390897,0.7841068178636427,0.7994159033585557,0.7898407623346498,0.1200607902735562,0.5845698721909811,0.9901933399611222,0.6457187897306744,0.5697724853222539,0.7401190249445984,0.8809477465924265,1.0,0.5,0.2,0.3,0.8330271491141858,0.7720577439527478,0.8330271491141858,0.7720577439527478,0.9675411784971262,0.5970644762998809,1.0
"Murray Hill, Manhattan",Park_Ave_Tunnel_Segment/north_to_south/030_n00179_S.jpg,n00179,Park_Ave_Tunnel_Segment,north_to_south,W,30,S,0.18083732739143787,0.19536959940790086,0.1284246575342466,0.3824132909716706,0.3735343383584589,0.6481001727115716,0.837089342948718,0.7502872801202156,0.06817622824817067,0.1682105281111951,0.40577151677649403,0.5523263751082611,0.5518509504390348,0.6851980601287536,1.5693380905773109,1.0,0.4,0.2,0.4,0.5322041169058087,0.3301560161218508,0.5322041169058087,0.3375846648131141,0.16776838772728808,0.5310663119859974,0.9779947092816679
"Murray Hill, Manhattan",Park_Ave_Tunnel_Segment/north_to_south/031_n00178_S.jpg,n00178,Park_Ave_Tunnel_Segment,north_to_south,W,31,S,0.48633643751905664,0.7646585502378954,0.7086274509803921,0.5056439393939395,0.432010475423046,0.7832957534761368,0.779156626506024,0.8112976741068435,0.19125436378957508,0.6532074795791147,0.9956727644418725,0.6189764058156767,0.5939028881341475,0.8035360856065404,0.893275175730709,1.0,0.5,0.2,0.3,0.8489747002509109,0.8034775370527103,0.8489747002509109,0.8034775370527103,0.9854919461223455,0.6803116945632584,1.0
"Murray Hill, Manhattan",Park_Ave_Tunnel_Segment/north_to_south/032_n00177_S.jpg,n00177,Park_Ave_Tunnel_Segment,north_to_south,W,32,S,0.39748136783597243,0.43775667351129366,0.5175043760940236,0.3184162062615102,0.5923140248465799,0.559635112323075,0.8041527931927489,0.43093043669080533,0.10393559928443648,0.45091413914709655,0.9530672467781063,0.42857909791266835,0.4463396097226635,0.3089770883243329,1.5828798565200548,1.0,0.4,0.2,0.4,0.5176379703675856,0.3975600744842311,0.5176379703675856,0.407331901956576,0.8570396585087645,0.18873595831248954,0.9760101592205105
"Murray Hill, Manhattan",Park_Ave_Tunnel_Segment/north_to_south/033_n00176_S.jpg,n00176,Park_Ave_Tunnel_Segment,north_to_south,W,33,S,0.4383716953250239,0.6383871989860584,0.5596186681844052,0.6639977285633162,0.38387804187889074,0.8114114114114114,0.7427002583979329,0.78591274311031,0.150855365474339,0.5454591874984958,0.9844114955836907,0.6971770326986122,0.559822788994194,0.7104029427272325,0.9039396370358392,1.0,0.5,0.2,0.3,0.8331215688293123,0.7619765508462366,0.8331215688293123,0.7619765508462366,0.9490906402738398,0.5606999144463123,1.0
"Murray Hill, Manhattan",Park_Ave_Tunnel_Segment/north_to_south/034_n00175_S.jpg,n00175,Park_Ave_Tunnel_Segment,north_to_south,W,34,S,0.3818501900935215,0.37711777913859973,0.6667173252279636,0.6061093247588425,0.7091067611654854,0.668843537414966,0.7089473684210527,0.6529146141215105,0.0866095430107527,0.4752284314866949,0.9645227296195157,0.5219487003361076,0.4828238418511053,0.4359433533855992,1.3599201363224005,1.0,0.4,0.2,0.4,0.6209013083021573,0.5083446524007973,0.6209013083021573,0.5083446524007973,0.8892091657131657,0.28679911532636126,1.0
"Murray Hill, Manhattan",Park_Ave_Tunnel_Segment/north_to_south/035_n00174_S.jpg,n00174,Park_Ave_Tunnel_Segment,north_to_south,W,35,S,0.4420266181196758,0.7106741573033708,0.6531229454306379,0.6500242512428761,0.6482093663911845,0.8120945804561623,0.7706432748538012,0.7846124905944319,0.18297735760971054,0.6019412402845614,0.9920238782712822,0.6046364884359512,0.5794110410193145,0.7669494687758326,1.209912962057785,1.0,0.4,0.2,0.4,0.8106145993103516,0.7442641042867373,0.8106145993103516,0.7442641042867373,0.973486815598851,0.6313067512004603,1.0
"Murray Hill, Manhattan",Park_Ave_Tunnel_Segment/north_to_south/036_n00173_S.jpg,n00173,Park_Ave_Tunnel_Segment,north_to_south,W,36,S,0.5045343100081516,0.7902346130408288,0.7314518586227909,0.4610844870429535,0.503813882532418,0.7905732668257066,0.7814035504834363,0.8120196078431373,0.2544319358178054,0.6754069272239238,0.9966813833750925,0.5826146237787474,0.6159516980481263,0.8505950134027097,1.2239493673759627,1.0,0.4,0.2,0.4,0.8402101965957979,0.7954251272809516,0.8402101965957979,0.7954251272809516,0.988846992202008,0.7476158114395239,1.0
"Murray Hill, Manhattan",Park_Ave_Tunnel_Segment/north_to_south/037_n00172_S.jpg,n00172,Park_Ave_Tunnel_Segment,north_to_south,W,37,S,0.507323632653751,0.755204968052265,0.7396158999553372,0.3860781100641813,0.3885062419285407,0.7842116677510301,0.7407295850066934,0.7505174522532694,0.21820897342111686,0.6673815002204511,0.9963471134098218,0.5939278452955569,0.5698186702270265,0.7402522528229015,1.3023069220244,1.0,0.4,0.2,0.4,0.7977428111646833,0.7295576109765132,0.7977428111646833,0.7295576109765132,0.9877333099192014,0.5972311315046941,1.0
"Murray Hill, Manhattan",Park_Ave_Tunnel_Segment/north_to_south/038_n00171_S.jpg,n00171,Park_Ave_Tunnel_Segment,north_to_south,W,38,S,0.5307430806802058,0.8042856333559937,0.799885091926459,0.5202141608391608,0.5230819245773732,0.779110822885142,0.7642398465515803,0.7849038084020417,0.3071033720287451,0.711637935320886,0.9978489701906997,0.5920810197156432,0.6187490089941223,0.8558493130522083,1.3062268722792625,1.0,0.4,0.2,0.4,0.8453977269317736,0.8025918476414876,0.8453977269317736,0.8025918476414876,0.9927509002494652,0.7554504791574139,1.0
"Murray Hill, Manhattan",Park_Ave_Tunnel_Segment/north_to_south/039_n00170_S.jpg,n00170,Park_Ave_Tunnel_Segment,north_to_south,W,39,S,0.3708767640979235,0.49421476859074365,0.48769923769923773,0.6056049696456304,0.5230304057872726,0.8004771962763044,0.7648327939590076,0.7662487828627068,0.1613199395117736,0.45093025679596827,0.9530758973427701,0.6276839200448874,0.5641338387778293,0.723523576318259,1.399804962097413,1.0,0.4,0.2,0.4,0.7851999625642974,0.6872128442634577,0.7851999625642974,0.6872128442634577,0.8570633542032248,0.5765603096902869,1.0
"Murray Hill, Manhattan",Park_Ave_Tunnel_Segment/north_to_south/040_n00169_S.jpg,n00169,Park_Ave_Tunnel_Segment,north_to_south,W,40,S,0.42849117926563696,0.5572181441746659,0.5036146161934806,0.3651284771334276,0.6318889776357829,0.6805400372439477,0.7819911067193676,0.5090666666666666,0.10667507810622445,0.4964413132112611,0.9722747737146491,0.4712598455805308,0.4659109504974195,0.37488044853841757,1.4332842888056236,1.0,0.4,0.2,0.4,0.5745460071245345,0.46594215767585107,0.5745460071245345,0.46680165680619407,0.9119148791980514,0.237818946983185,0.9981587487580408
"Murray Hill, Manhattan",Park_Ave_Tunnel_Segment/north_to_south/041_n00168_S.jpg,n00168,Park_Ave_Tunnel_Segment,north_to_south,W,41,S,0.5371196543121959,0.8121452089009992,0.7949812049172,0.5623059554050239,0.4932735426008968,0.7891898538504778,0.6347949654892409,0.7958995877502945,0.30308278489781787,0.7147486893767983,0.997927622541997,0.6194074222182017,0.5779257793791177,0.76294372088425,1.4667636155138344,1.0,0.4,0.2,0.4,0.8147641279954044,0.7462002071737112,0.8147641279954044,0.7513403808194069,0.9930146584508454,0.6261061426897435,0.9931586618037355
"Murray Hill, Manhattan",Park_Ave_Tunnel_Segment/north_to_south/042_n00167_S.jpg,n00167,Park_Ave_Tunnel_Segment,north_to_south,W,42,S,0.5419077298094682,0.7897694524495678,0.754031827405746,0.2927498555748122,0.6069057104913678,0.3507194244604317,0.8174470457079153,0.686173853524983,0.10094932477603953,0.6952363365549272,0.9973822946777168,0.3455211898479587,0.5348567413363126,0.6278142114899823,1.4443991783846863,1.0,0.4,0.2,0.4,0.6704587392202676,0.5922668236957078,0.6704587392202676,0.5943494410041468,0.9911879432969765,0.46742430661342,0.9964959716208022
"Murray Hill, Manhattan",Park_Ave_Tunnel_Segment/north_to_south/043_n00166_S.jpg,n00166,Park_Ave_Tunnel_Segment,north_to_south,W,43,S,0.49225869788736065,0.7579950799507995,0.7260981912144703,0.3215750120598167,0.3292314335060449,0.7649295549151457,0.7642398465515803,0.7502642007926023,0.18925839491767146,0.65878398968421,0.9959517248110513,0.5857577111563058,0.5679208140872847,0.734741168063748,1.4220347412555383,1.0,0.4,0.2,0.4,0.7930355713202112,0.7236835102334562,0.7930355713202112,0.7237960635642516,0.986418272331712,0.5903647607819216,0.9998444957958998
"Murray Hill, Manhattan",Park_Ave_Tunnel_Segment/north_to_south/044_n00165_S.jpg,n00165,Park_Ave_Tunnel_Segment,north_to_south,W,44,S,0.5111193804465937,0.7603482260183969,0.7122328134026574,0.07118935837245692,0.48838471558836294,0.6706944444444444,0.7806408029337967,0.7022485791944652,0.13769683856232717,0.661233473289216,0.996068526165348,0.4178330290761794,0.540195406896863,0.6463266098478683,1.4426323432668533,1.0,0.4,0.2,0.4,0.7042016771748684,0.62465249637395,0.7042016771748684,0.6266828842253336,0.9868064903151845,0.4874007610396959,0.9967601032316474
"Murray Hill, Manhattan",Park_Ave_Tunnel_Segment/north_to_south/045_n00164_S.jpg,n00164,Park_Ave_Tunnel_Segment,north_to_south,W,45,S,0.47209644161174913,0.7392600385761879,0.6774580335731416,0.6155863619333083,0.3230494995200877,0.8076633986928105,0.7403376436781609,0.7600212262225488,0.16230568411059687,0.6296048379203596,0.9942640991953455,0.7000667537020103,0.5542215180037688,0.6928171141157291,1.463229945278168,1.0,0.4,0.2,0.4,0.8021877705901773,0.7175357977020548,0.8021877705901773,0.7220956689288655,0.9808328713891004,0.539910919969993,0.9936852256245012
"Murray Hill, Manhattan",Park_Ave_Tunnel_Segment/north_to_south/046_n00163_S.jpg,n00163,Park_Ave_Tunnel_Segment,north_to_south,W,46,S,0.40154610408248625,0.38650990099009896,0.35025243418680124,0.43884615384615383,0.43900709219858153,0.7717761274851087,0.7242006312611501,0.7122853239656518,0.16436988216496906,0.37943614641979545,0.8959705728394018,0.5905383963775603,0.5336186124639236,0.6234644277915393,1.3065973438249492,1.0,0.4,0.2,0.4,0.7130037241890326,0.5791492819043332,0.7130037241890326,0.5791492819043332,0.7177201998615542,0.4628039595104634,1.0
"Murray Hill, Manhattan",Park_Ave_Tunnel_Segment/north_to_south/047_n00162_S.jpg,n00162,Park_Ave_Tunnel_Segment,north_to_south,W,47,S,0.37753271579151865,0.4376112099644129,0.5584630524244051,0.7026396562308165,0.5409510456829069,0.812299763198217,0.688219958772887,0.7987950499348675,0.21819662841762288,0.45786899272677883,0.9566623158809718,0.6579961245820422,0.5684038790417925,0.7361509795492128,1.1630120257021783,1.0,0.5,0.2,0.3,0.8205670406944929,0.7317574464229162,0.8205670406944929,0.7317574464229162,0.8669637107045408,0.5921159309622998,1.0
"Murray Hill, Manhattan",Park_Ave_Tunnel_Segment/north_to_south/048_n00161_S.jpg,n00161,Park_Ave_Tunnel_Segment,north_to_south,W,48,S,0.20656988476560387,0.1828984512092775,0.14696158690176322,0.5438934178743962,0.5394736842105262,0.7191894127377999,0.6263180092787852,0.5636833993835316,0.11264518956826652,0.17880997429221485,0.4367702512231001,0.5745363821338899,0.43421553274352775,0.2715511266855418,1.3065973438249492,1.0,0.4,0.2,0.4,0.3815095123637053,0.22091397081005343,0.3815095123637053,0.22091397081005343,0.18628490578386375,0.16245067517828965,1.0
"Murray Hill, Manhattan",Park_Ave_Tunnel_Segment/north_to_south/049_n00160_S.jpg,n00160,Park_Ave_Tunnel_Segment,north_to_south,W,49,S,0.41462551782302615,0.5294255177020708,0.4864243943191311,0.6370252373813093,0.31301622418879055,0.7835942596216569,0.672888250777698,0.7991255144032922,0.1514918574194283,0.47682514328140935,0.9651725733513851,0.7025344242713918,0.5411685408668061,0.6496561479219954,1.1518521057824085,1.0,0.5,0.2,0.3,0.8043426060508229,0.7106075327006471,0.8043426060508229,0.7106075327006471,0.8910827603662247,0.4910483023437001,1.0
"Murray Hill, Manhattan",Park_Ave_Tunnel_Segment/north_to_south/050_n00159_S.jpg,n00159,Park_Ave_Tunnel_Segment,north_to_south,W,50,S,0.16426730648233467,0.13858673259167698,0.05311874583055368,0.22663022992838297,0.1724069675376089,0.61994522313517,0.8247488904461574,0.31180635285112884,0.06219190140845073,0.11865759496818844,0.2736645527404917,0.5580561618419814,0.39958238156857895,0.18149308721044582,2.154871204901658,0.9770370741448183,0.4,0.2,0.4,0.26162430004093723,0.1281046833798179,0.2677731551486231,0.14301203026083045,0.1000957089867244,0.1034372620372379,0.8957615883515253
"Murray Hill, Manhattan",Park_Ave_Tunnel_Segment/north_to_south/051_n00158_S.jpg,n00158,Park_Ave_Tunnel_Segment,north_to_south,W,51,S,0.37966393077192,0.38689679778788694,0.34924852388620503,0.6133497288434859,0.26033674339300933,0.7773411918795023,0.6180446194225722,0.7775459664834793,0.10849514563106799,0.37193641748200396,0.8872783271594278,0.7101180591099929,0.5013619105123731,0.5051069868143773,1.1562505910901328,1.0,0.5,0.2,0.3,0.7166565276386945,0.5683156915717986,0.7166565276386945,0.5683156915717986,0.6991354367765972,0.3468509808701782,1.0
"Murray Hill, Manhattan",Park_Ave_Tunnel_Segment/north_to_south/052_n00157_S.jpg,n00157,Park_Ave_Tunnel_Segment,north_to_south,W,52,S,0.25670535411871565,0.39004975124378105,0.3460758522415872,0.3279409818711128,0.15265927189988623,0.6890505502704719,0.8058335786478265,0.46342157699971526,0.07396967959742658,0.3309436525346946,0.8279722488740234,0.6214440867472328,0.4477416117483227,0.3134851590675046,2.110723432410805,0.9835286461247701,0.4,0.2,0.4,0.521387400515152,0.34235906232022906,0.530119181143819,0.37967624248545306,0.5869257820683935,0.19197706149077756,0.9017131545525823
"Murray Hill, Manhattan",Park_Ave_Tunnel_Segment/north_to_south/053_n00156_S.jpg,n00156,Park_Ave_Tunnel_Segment,north_to_south,W,53,S,0.2993306200751389,0.25636093156868783,0.23710412032623665,0.7614626318202659,0.3419657422512235,0.8272534357316088,0.6452829050548919,0.798941318814277,0.12379487179487181,0.2642652239900211,0.6837766773279191,0.748916775100217,0.5226730318880135,0.5842137155744601,1.1787795946849942,1.0,0.5,0.2,0.3,0.6642252456194708,0.45488971143138685,0.6642252456194708,0.45488971143138685,0.38962945583666375,0.42232329594481977,1.0
"Murray Hill, Manhattan",Park_Ave_Tunnel_Segment/north_to_south/054_n00155_S.jpg,n00155,Park_Ave_Tunnel_Segment,north_to_south,W,54,S,0.17703213818880534,0.2117755363432597,0.18709485985574728,0.6742224178403755,0.3792177333938569,0.7780518800926964,0.732178500142572,0.6386479875472538,0.10390161153519932,0.1919675114626041,0.4759211745433863,0.691018854846405,0.49157603307500836,0.46845208926430126,1.0851797999295776,1.0,0.5,0.2,0.3,0.510346390411714,0.30178666057886067,0.510346390411714,0.30178666057886067,0.21141076128793196,0.31438492719333766,1.0
"Murray Hill, Manhattan",Park_Ave_Tunnel_Segment/north_to_south/055_n00154_S.jpg,n00154,Park_Ave_Tunnel_Segment,north_to_south,W,55,S,0.16980880750262461,0.11400032028184803,0.05805065189800388,0.3919707123355672,0.42518978605935126,0.7799272916125681,0.22536255767963084,0.5345674574646537,0.03721600542556799,0.11395325989415885,0.26258792522635666,0.5822360726295946,0.2657153401899508,0.02890892474248793,1.1787795946849942,1.0,0.5,0.2,0.3,0.15884252393430567,0.0789172665052544,0.15884252393430567,0.0789172665052544,0.09512425796769941,0.015252998845244815,1.0
"Murray Hill, Manhattan",Park_Ave_Tunnel_Segment/north_to_south/056_n00153_S.jpg,n00153,Park_Ave_Tunnel_Segment,north_to_south,W,56,S,0.2696098061869734,0.2465216968281767,0.22709941854923268,0.6893157492354741,0.6036264562194663,0.8022183954619124,0.7511394908840728,0.8056172496761058,0.23619233268356074,0.24774364052146092,0.639437526430033,0.6293025628259734,0.5976496910812463,0.8122573934378858,1.0851797999295776,1.0,0.5,0.2,0.3,0.6848241419137685,0.4785535809912136,0.6848241419137685,0.4785535809912136,0.3436367907609668,0.692409168905195,1.0
"Murray Hill, Manhattan",Park_Ave_Tunnel_Segment/north_to_south/057_n00152_S.jpg,n00152,Park_Ave_Tunnel_Segment,north_to_south,W,57,S,0.14557626951334734,0.16498596335697402,0.07317698321158532,0.7818258689059948,0.26132326820603907,0.8231538992408557,0.4221014492753623,0.7997928215465592,0.1464387858658548,0.12791307202730223,0.29628676809386073,0.7812188333136039,0.4561110188959254,0.34111379352517296,1.0851797999295776,1.0,0.5,0.2,0.3,0.37521522613747826,0.1987785086002352,0.37521522613747826,0.1987785086002352,0.11055388555398697,0.21220695067501763,1.0
"Murray Hill, Manhattan",Park_Ave_Tunnel_Segment/south_to_north/001_n00152_N.jpg,n00152,Park_Ave_Tunnel_Segment,south_to_north,W,1,N,0.3639410873741701,0.32680835197613717,0.3288690476190476,0.602021927951018,0.3494019311139935,0.7975699717943154,0.4807855087184696,0.7317906658855692,0.12732002249718788,0.33987282898978494,0.8427023509006156,0.6833966562104467,0.44663206570040886,0.30991450758766503,1.0851797999295776,1.0,0.5,0.2,0.3,0.5986103818676174,0.4403084080995858,0.5986103818676174,0.4403084080995858,0.6126395769922651,0.1894085652788363,1.0
"Murray Hill, Manhattan",Park_Ave_Tunnel_Segment/south_to_north/002_n00153_N.jpg,n00153,Park_Ave_Tunnel_Segment,south_to_north,W,2,N,0.20711638325033335,0.2526166097838453,0.19936799770180982,0.7143094289508632,0.6467136150234741,0.7734267340376665,0.6948831535695943,0.7959447941253606,0.19450993600538902,0.2197003302453295,0.5588272730855152,0.6136741826550185,0.5617792945667812,0.7164031578713947,1.0851797999295776,1.0,0.5,0.2,0.3,0.6134421519376689,0.3992928039688652,0.6134421519376689,0.3992928039688652,0.2721683876191936,0.5679153084315903,1.0
"Murray Hill, Manhattan",Park_Ave_Tunnel_Segment/south_to_north/003_n00154_N.jpg,n00154,Park_Ave_Tunnel_Segment,south_to_north,W,3,N,0.39249744857897284,0.47894137734775183,0.48409748038000827,0.7375827814569536,0.4969169719169719,0.8232981584936891,0.6659638186040827,0.8036315986521902,0.20237268518518517,0.45184543543557765,0.9535646067070016,0.6879879893445568,0.5573227008138193,0.702627331697064,1.1787795946849942,1.0,0.5,0.2,0.3,0.8150959677369888,0.7191376646059331,0.8150959677369888,0.7191376646059331,0.858403461612226,0.551442769211334,1.0
"Murray Hill, Manhattan",Park_Ave_Tunnel_Segment/south_to_north/004_n00155_N.jpg,n00155,Park_Ave_Tunnel_Segment,south_to_north,W,4,N,0.4511492229518666,0.6887164829181979,0.7913298302344381,0.23654244306418226,0.3451227390180878,0.7046296296296296,0.8630197581834267,0.5121335304262132,0.07466679482250416,0.6437318453681675,0.9951541845434019,0.5320164445585747,0.48327336114404795,0.4376020935160002,1.0851797999295776,1.0,0.5,0.2,0.3,0.6862052167282832,0.6019103155974798,0.6862052167282832,0.6019103155974798,0.9837731716208648,0.28818030208176,1.0
"Murray Hill, Manhattan",Park_Ave_Tunnel_Segment/south_to_north/005_n00156_N.jpg,n00156,Park_Ave_Tunnel_Segment,south_to_north,W,5,N,0.40135986419259884,0.4101182355616189,0.3685505159587233,0.5190600902080605,0.3781663788140472,0.7644648621802831,0.48735695828719083,0.7553399518652225,0.10955786736020805,0.39334287190431366,0.9105292659034669,0.6351195245247654,0.45075159250420715,0.3232827706825405,1.1787795946849942,1.0,0.5,0.2,0.3,0.6210017374763294,0.4874022816967814,0.6210017374763294,0.4874022816967814,0.7502716712006561,0.19907832109032425,1.0
"Murray Hill, Manhattan",Park_Ave_Tunnel_Segment/south_to_north/006_n00157_N.jpg,n00157,Park_Ave_Tunnel_Segment,south_to_north,W,6,N,0.341742233192747,0.3396809895833333,0.34793921731890093,0.3234036684595228,0.29275700934579446,0.6205100574712644,0.8473631367575565,0.437257045675413,0.07853257307641892,0.3431208133649937,0.8478000576643812,0.5503855721949975,0.4543842518364628,0.33531647841044426,2.110723432410805,0.9835286461247701,0.4,0.2,0.4,0.5277396893396705,0.35304070593615594,0.5365778530386818,0.3915221865775374,0.6218474276037218,0.2079091395986975,0.9017131545525823
"Murray Hill, Manhattan",Park_Ave_Tunnel_Segment/south_to_north/007_n00158_N.jpg,n00158,Park_Ave_Tunnel_Segment,south_to_north,W,7,N,0.4573932935528088,0.6516416249304395,0.6284615384615385,0.504659090909091,0.29559247458655746,0.7873899772856331,0.6623348017621145,0.7553673664122137,0.1883866710656549,0.5791654856482622,0.9895431471219435,0.6654855312027221,0.5353629464133277,0.6295867077187329,1.1562505910901328,1.0,0.5,0.2,0.3,0.7981081696385998,0.721821872165109,0.7981081696385998,0.721821872165109,0.9654415374512328,0.46931497663642596,1.0
"Murray Hill, Manhattan",Park_Ave_Tunnel_Segment/south_to_north/008_n00159_N.jpg,n00159,Park_Ave_Tunnel_Segment,south_to_north,W,8,N,0.38164977152474466,0.4055555555555556,0.4217080317132023,0.25102040816326526,0.4265864332603939,0.5793567004504504,0.8041573971078977,0.4134499914221994,0.0631169829165928,0.40297111959783416,0.91950596398078,0.4679302251177738,0.4269081238155632,0.2504191362851055,2.154871204901658,0.9770370741448183,0.4,0.2,0.4,0.46648328715990856,0.32308541993743156,0.47744686410002646,0.3606823781448447,0.7712884277428571,0.14808291219640274,0.8957615883515253
"Murray Hill, Manhattan",Park_Ave_Tunnel_Segment/south_to_north/009_n00160_N.jpg,n00160,Park_Ave_Tunnel_Segment,south_to_north,W,9,N,0.5032566362249639,0.771540599563232,0.7145939445387662,0.5075757575757575,0.37817477399913907,0.7672917134516056,0.7297660145761412,0.7559568285595684,0.2386823222439661,0.6631303934423206,0.9961566675313692,0.632230899009408,0.5748017217932252,0.7543642931606115,1.1518521057824085,1.0,0.5,0.2,0.3,0.8367838767554725,0.7834902938899923,0.8367838767554725,0.7834902938899923,0.9870995918237392,0.6150729627745445,1.0
"Murray Hill, Manhattan",Park_Ave_Tunnel_Segment/south_to_north/010_n00161_N.jpg,n00161,Park_Ave_Tunnel_Segment,south_to_north,W,10,N,0.38036239785314313,0.37146170595474776,0.3611649857770882,0.30165079365079367,0.7270126548196015,0.7903484923381118,0.7498950902224086,0.45422808378588053,0.07308807767479981,0.37099636319499296,0.8861451486361773,0.45499554372310125,0.42573708389436293,0.24713638451632752,1.3065973438249492,1.0,0.4,0.2,0.4,0.46534821230983425,0.3423206202836637,0.46534821230983425,0.3423206202836637,0.6967572902748653,0.1458806057411902,1.0
"Murray Hill, Manhattan",Park_Ave_Tunnel_Segment/south_to_north/011_n00162_N.jpg,n00162,Park_Ave_Tunnel_Segment,south_to_north,W,11,N,0.3937865082592544,0.6238066012002182,0.5620567375886525,0.6352385238523852,0.6193890637752127,0.7922445318429587,0.7663480684986061,0.7909586742185861,0.23339508714148485,0.5265499490160417,0.9805181785515855,0.6026979973067104,0.5969006099528924,0.8105379080579662,1.1630120257021783,1.0,0.5,0.2,0.3,0.8401943832365475,0.7825873512168914,0.8401943832365475,0.7825873512168914,0.9369408307340403,0.6900109342655486,1.0
"Murray Hill, Manhattan",Park_Ave_Tunnel_Segment/south_to_north/012_n00163_N.jpg,n00163,Park_Ave_Tunnel_Segment,south_to_north,W,12,N,0.536933153257662,0.7727562739259889,0.715613954203166,0.16383169203222916,0.4504158669225848,0.3838510354041416,0.8181085870791042,0.3689398511365923,0.07333586433814225,0.6751011271289389,0.9966692236408936,0.36575562017126195,0.4201281008512795,0.23181721929950838,1.3065973438249492,1.0,0.4,0.2,0.4,0.4551105442349547,0.366204002607733,0.4551105442349547,0.366204002607733,0.9888064488879558,0.13570658531592864,1.0
"Murray Hill, Manhattan",Park_Ave_Tunnel_Segment/south_to_north/013_n00164_N.jpg,n00164,Park_Ave_Tunnel_Segment,south_to_north,W,13,N,0.5192320962316396,0.7840873091300766,0.781556635229113,0.4524614317906049,0.36298040975026175,0.7190669371196754,0.7123138394478751,0.7893121329977885,0.3107363687464868,0.6949586801969431,0.9973735812066451,0.6028493197200062,0.6041207803973834,0.8266131673024182,1.463229945278168,1.0,0.4,0.2,0.4,0.8365768196627398,0.7814614527773339,0.8365768196627398,0.7864275654156063,0.9911587936634658,0.7126875847745254,0.9936852256245012
"Murray Hill, Manhattan",Park_Ave_Tunnel_Segment/south_to_north/014_n00165_N.jpg,n00165,Park_Ave_Tunnel_Segment,south_to_north,W,14,N,0.5379702400289923,0.7548488949030222,0.6544301931298836,0.601063829787234,0.5484751773049646,0.32892690513219286,0.8389332598916736,0.4286291626252829,0.03263558293661909,0.649083109353966,0.9954542087180063,0.46050518587148737,0.43339933515119183,0.2691361170666682,1.4426323432668533,1.0,0.4,0.2,0.4,0.5056432485730223,0.4083912987037193,0.5056432485730223,0.4097187451420385,0.9847670545824275,0.16079176828887165,0.9967601032316474
"Murray Hill, Manhattan",Park_Ave_Tunnel_Segment/south_to_north/015_n00166_N.jpg,n00166,Park_Ave_Tunnel_Segment,south_to_north,W,15,N,0.5207058142447881,0.796681504308623,0.7911485319516407,0.33503201358944207,0.4315614360878985,0.7625070947863456,0.7925432445067789,0.7971979974160207,0.3423712173712174,0.7028452835016838,0.9976101772642701,0.5553258907626297,0.644037486431339,0.8966516667475926,1.4220347412555383,1.0,0.4,0.2,0.4,0.8502437277588024,0.8178567774822926,0.8502437277588024,0.8179839774296694,0.9919507190737431,0.8186493749755831,0.9998444957958998
"Murray Hill, Manhattan",Park_Ave_Tunnel_Segment/south_to_north/016_n00167_N.jpg,n00167,Park_Ave_Tunnel_Segment,south_to_north,W,16,N,0.48783168284676365,0.675097547380156,0.5919302514193024,0.22924318308291594,0.5945796460176992,0.7353348090758162,0.7247585601404741,0.4399634560167059,0.08738465001125362,0.5849531605487407,0.9902379024216214,0.4566661153803443,0.4173688887228112,0.2245288333267699,1.4443991783846863,1.0,0.4,0.2,0.4,0.46851599663980076,0.37281888732668805,0.46851599663980076,0.3741298489348608,0.9676853154693899,0.13092493038923753,0.9964959716208022
"Murray Hill, Manhattan",Park_Ave_Tunnel_Segment/south_to_north/017_n00168_N.jpg,n00168,Park_Ave_Tunnel_Segment,south_to_north,W,17,N,0.5111227741540145,0.7779273681303507,0.7218699186991869,0.5050468923859482,0.45532229847934325,0.7990280467685245,0.7670328313996544,0.7873105172683231,0.23396772858916015,0.6703066869945173,0.9964726690912639,0.616250880225043,0.5961036924190459,0.8086953963643361,1.4667636155138344,1.0,0.4,0.2,0.4,0.8326292346900178,0.7723169329787973,0.8326292346900178,0.7776370107633617,0.9881514152249877,0.6874482838780971,0.9931586618037355
"Murray Hill, Manhattan",Park_Ave_Tunnel_Segment/south_to_north/018_n00169_N.jpg,n00169,Park_Ave_Tunnel_Segment,south_to_north,W,18,N,0.18098435635862412,0.18963270142180097,0.16499106344950845,0.27538934694411726,0.6933345552297165,0.8219056564391568,0.6926516068307113,0.48303264604810997,0.04660285579789736,0.17853604040997784,0.4359617606042325,0.46798681605118586,0.4074290362255728,0.19963703206799213,1.4332842888056236,1.0,0.4,0.2,0.4,0.32353593508567263,0.18405172920499835,0.32353593508567263,0.1843912398042944,0.18578713544693867,0.11487307936174793,0.9981587487580408
"Murray Hill, Manhattan",Park_Ave_Tunnel_Segment/south_to_north/019_n00170_N.jpg,n00170,Park_Ave_Tunnel_Segment,south_to_north,W,19,N,0.41527866655606177,0.6502486718661693,0.5508411906082457,0.5502523128679563,0.6069193126209173,0.804427985122483,0.7616740268236833,0.7688584262701363,0.20237268518518517,0.5387895096768255,0.9831344717220541,0.582586995123174,0.5776350460930015,0.7621540837138717,1.399804962097413,1.0,0.4,0.2,0.4,0.7997135216451846,0.7271690898602757,0.7997135216451846,0.7271690898602757,0.9450815249754931,0.62508468465777,1.0
"Murray Hill, Manhattan",Park_Ave_Tunnel_Segment/south_to_north/020_n00171_N.jpg,n00171,Park_Ave_Tunnel_Segment,south_to_north,W,20,N,0.48194091697562225,0.7546357132428092,0.74354791938524,0.48183150183150186,0.43344334433443343,0.7883869375088165,0.7658545115411518,0.7384130515387467,0.2755409001504108,0.6600415165345571,0.9960121141755107,0.6122583650019616,0.5932694877434364,0.8020318746145519,1.3062268722792625,1.0,0.4,0.2,0.4,0.8286467762692495,0.771970230536966,0.8286467762692495,0.771970230536966,0.9866189644369804,0.6782418122865908,1.0
"Murray Hill, Manhattan",Park_Ave_Tunnel_Segment/south_to_north/021_n00172_N.jpg,n00172,Park_Ave_Tunnel_Segment,south_to_north,W,21,N,0.44427383821187744,0.5752380952380952,0.5389340789696662,0.5661715509166333,0.43584554099203293,0.7959606503447839,0.7207671001926782,0.7871152586771447,0.15908824906367044,0.5194820041398795,0.9788302311290599,0.6420955534231281,0.5556568693111644,0.6973801006259276,1.3023069220244,1.0,0.4,0.2,0.4,0.7855805140425304,0.6980355086978272,0.7855805140425304,0.6980355086978272,0.9317400923171705,0.5452543941811105,1.0
"Murray Hill, Manhattan",Park_Ave_Tunnel_Segment/south_to_north/022_n00173_N.jpg,n00173,Park_Ave_Tunnel_Segment,south_to_north,W,22,N,0.44035989337154385,0.650349040139616,0.5690887750746905,0.6603811841038119,0.4591979249800479,0.8278619528619529,0.7200976403580146,0.7946536842856124,0.1696300837931739,0.5532659028619501,0.985785704852389,0.6763484039952389,0.5614604694789336,0.7154305192868554,1.2239493673759627,1.0,0.4,0.2,0.4,0.8042185483508869,0.7229426130138933,0.8042185483508869,0.7229426130138933,0.9534312719411627,0.5667413939649024,1.0
"Murray Hill, Manhattan",Park_Ave_Tunnel_Segment/south_to_north/023_n00174_N.jpg,n00174,Park_Ave_Tunnel_Segment,south_to_north,W,23,N,0.4399687231141147,0.6658493526873284,0.6232662192393735,0.6439836804286933,0.7058031019978969,0.833988421694089,0.7663451855294755,0.7903407095187918,0.2702794819359237,0.5763614316802722,0.9891891700243729,0.5907230000416285,0.6089884589947303,0.8368298011206903,1.209912962057785,1.0,0.4,0.2,0.4,0.8345327266363155,0.7810376614305163,0.8345327266363155,0.7810376614305163,0.9643011251325329,0.7274033989680533,1.0
"Murray Hill, Manhattan",Park_Ave_Tunnel_Segment/south_to_north/024_n00175_N.jpg,n00175,Park_Ave_Tunnel_Segment,south_to_north,W,24,N,0.21364716151832203,0.30503053213143355,0.23708214699989458,0.3834187669087284,0.48357457073932175,0.7095207713029916,0.7337837837837838,0.7082243533856438,0.06180138839863514,0.2519199468832167,0.650909488152095,0.5364549891574661,0.5012698418560209,0.5047617629921691,1.3599201363224005,1.0,0.4,0.2,0.4,0.5656521966963346,0.3818666983675107,0.5656521966963346,0.3818666983675107,0.3550272837783557,0.3465381811498418,1.0
"Murray Hill, Manhattan",Park_Ave_Tunnel_Segment/south_to_north/025_n00176_N.jpg,n00176,Park_Ave_Tunnel_Segment,south_to_north,W,25,N,0.5091375498013787,0.7918260315252666,0.7722180886243386,0.5971063435306582,0.4315614360878985,0.7945881888208572,0.7777972300031123,0.794726387286941,0.280685618729097,0.691060556650328,0.9972481512538417,0.653377698754539,0.6177364120063833,0.8539652855528955,0.9039396370358392,1.0,0.5,0.2,0.3,0.8747149440829204,0.8394360724152535,0.8747149440829204,0.8394360724152535,0.9907393197408889,0.7526335191789996,1.0
"Murray Hill, Manhattan",Park_Ave_Tunnel_Segment/south_to_north/026_n00177_N.jpg,n00177,Park_Ave_Tunnel_Segment,south_to_north,W,26,N,0.17429737413648846,0.2041073331395912,0.17070830425680392,0.45223939754260806,0.4238505747126436,0.6781161997925004,0.8139507229832573,0.7405880736466063,0.08423093494183542,0.18303767051096118,0.4492879814687129,0.5688350075408216,0.5462565771905663,0.666822532281699,1.5828798565200548,1.0,0.4,0.2,0.4,0.551583530547729,0.3457250119680915,0.551583530547729,0.3542227595706631,0.19409772956958293,0.5101260971882431,0.9760101592205105
"Murray Hill, Manhattan",Park_Ave_Tunnel_Segment/south_to_north/027_n00178_N.jpg,n00178,Park_Ave_Tunnel_Segment,south_to_north,W,27,N,0.5094767816387462,0.7845411496733202,0.7432527907305356,0.6053281351526966,0.4272146783058519,0.7891898538504778,0.771717996578006,0.7845257619242859,0.26441569183504665,0.6790902406808673,0.9968244153621308,0.6557677702324408,0.6068864834457794,0.8324787171679018,0.893275175730709,1.0,0.5,0.2,0.3,0.8685029316449688,0.8287416866747036,0.8685029316449688,0.8287416866747036,0.9893240686768858,0.7211068363026283,1.0
"Murray Hill, Manhattan",Park_Ave_Tunnel_Segment/south_to_north/028_n00179_N.jpg,n00179,Park_Ave_Tunnel_Segment,south_to_north,W,28,N,0.3389558030814898,0.38368519508284343,0.3560517799352751,0.6506734006734006,0.4789434523809524,0.7789862914862914,0.7974362428160919,0.7960832042487276,0.19921402660217655,0.35956425936653613,0.8715542093165117,0.6502387465929131,0.5975778245556653,0.8120929484670282,1.5693380905773109,1.0,0.4,0.2,0.4,0.7990512341747132,0.6587081023545378,0.7990512341747132,0.6735293106425448,0.6670157298551218,0.6921795306961271,0.9779947092816679
"Murray Hill, Manhattan",Park_Ave_Tunnel_Segment/south_to_north/029_n00180_N.jpg,n00180,Park_Ave_Tunnel_Segment,south_to_north,W,29,N,0.4118578148398159,0.5593310609288453,0.5373951299365665,0.7286460276016412,0.4816610455311973,0.8111729342542849,0.7549556598852374,0.7892664939206697,0.2398507980569049,0.5028613352350759,0.9742776490471765,0.6860526387749095,0.5946909839542706,0.8053955927925891,0.8809477465924265,1.0,0.5,0.2,0.3,0.8578584474873305,0.7924544844386928,0.8578584474873305,0.7924544844386928,0.9179100110578046,0.682877213296398,1.0
"Murray Hill, Manhattan",Park_Ave_Tunnel_Segment/south_to_north/030_n00181_N.jpg,n00181,Park_Ave_Tunnel_Segment,south_to_north,W,30,N,0.3962051359909858,0.3996279384407238,0.39822214500810743,0.6724485679709561,0.42110716400236825,0.8078575813382444,0.7095460534195711,0.7749214189492591,0.21822935668247592,0.39801840647993897,0.9149959609774122,0.6863996617689441,0.5675656096837687,0.7337014482556452,3.040720686629586,0.8554667068595828,0.3,0.1,0.6,0.6661901348984064,0.5065214784552988,0.7787446659893867,0.6458227830666735,0.7606357491772578,0.5890756345119847,0.7843041337905332
"Murray Hill, Manhattan",Park_Ave_Tunnel_Segment/south_to_north/031_n00182_N.jpg,n00182,Park_Ave_Tunnel_Segment,south_to_north,W,31,N,0.35592849023358114,0.3405736397000159,0.3200269334359369,0.6675531914893617,0.5457721117833477,0.8341086773922596,0.6599722991689752,0.8030746705710102,0.13965517241379313,0.338843021123178,0.8410573297520102,0.6519632523660911,0.5342340473845928,0.6256291057378784,1.0850959311588884,1.0,0.5,0.2,0.3,0.7313958756268973,0.5697280586470428,0.7313958756268973,0.5697280586470428,0.6097028934042827,0.465099840276317,1.0
"Murray Hill, Manhattan",Park_Ave_Tunnel_Segment/south_to_north/032_n00183_N.jpg,n00183,Park_Ave_Tunnel_Segment,south_to_north,W,32,N,0.35479422105443126,0.4762909632571996,0.43226013575490735,0.351123595505618,0.2515538109257442,0.7469696969696971,0.8300994368180218,0.6613796576032226,0.13660290628707003,0.4211151066888461,0.9342190883080422,0.6155131605165236,0.5426940002361047,0.6548461365855929,3.1575421386202307,0.8406067547677025,0.3,0.1,0.6,0.6086039862813929,0.45250132293448614,0.7240055862382138,0.5871452962648247,0.8074194118106391,0.4967678633820796,0.7706803168025227
"Murray Hill, Manhattan",Park_Ave_Tunnel_Segment/south_to_north/033_n00184_N.jpg,n00184,Park_Ave_Tunnel_Segment,south_to_north,W,33,N,0.47109846309638315,0.714797261716693,0.6248583970546587,0.5190600902080605,0.42790570175438597,0.7828017832647461,0.7712606303151576,0.7628586691086691,0.21971641608605305,0.603584707289245,0.9921784209131839,0.6246520572394736,0.5846119051699599,0.780602101507923,1.1678113251968778,1.0,0.5,0.2,0.3,0.841688587103547,0.789101906583766,0.841688587103547,0.789101906583766,0.9739911094427848,0.6492717965358986,1.0
"Murray Hill, Manhattan",Park_Ave_Tunnel_Segment/south_to_north/034_n00185_N.jpg,n00185,Park_Ave_Tunnel_Segment,south_to_north,W,34,N,0.2871848998916629,0.22653052144509692,0.1917464660282718,0.5033718689788055,0.5085118066996156,0.6226663816445774,0.8184820978315682,0.7505145303367087,0.09048188653451812,0.23515396245501052,0.6039252675882142,0.5391754813079224,0.5531595049009317,0.6894164512184002,3.727472495352265,0.7717297351120478,0.3,0.1,0.6,0.49890998205324183,0.3220886167898043,0.6464827767467128,0.45522777337402187,0.3104095777598246,0.5359513120116899,0.7075328783272007
"Murray Hill, Manhattan",Park_Ave_Tunnel_Segment/south_to_north/035_n00186_N.jpg,n00186,Park_Ave_Tunnel_Segment,south_to_north,W,35,N,0.40836581577675274,0.6799075584556823,0.6497503613191432,0.4412163470850281,0.3808121269242853,0.8039626063904004,0.7710131659255385,0.783107167710508,0.13302409895500109,0.5793412451838593,0.9895649486802202,0.6214556088503811,0.5623814775303492,0.7182347449277284,1.1716763616069372,1.0,0.5,0.2,0.3,0.8190003690156384,0.7548368548326948,0.8190003690156384,0.7548368548326948,0.9655118372772771,0.5701304571395012,1.0
"Murray Hill, Manhattan",Park_Ave_Tunnel_Segment/south_to_north/036_n00187_N.jpg,n00187,Park_Ave_Tunnel_Segment,south_to_north,W,36,N,0.17715143369678465,0.22837063318777293,0.1973002754820937,0.6550150978075359,0.6196940726577438,0.7748534673060821,0.7373599757795942,0.7475270301357257,0.09507246376811596,0.20094078078888378,0.5028223123914377,0.6033914974852914,0.5266531565611453,0.5986389699184391,1.999607152833796,1.0,0.4,0.2,0.4,0.5591800229557267,0.33054529298774377,0.5591800229557267,0.3605155433090822,0.2299199321621854,0.4369520371809941,0.9168683545617785
"Murray Hill, Manhattan",Park_Ave_Tunnel_Segment/south_to_north/037_n00188_N.jpg,n00188,Park_Ave_Tunnel_Segment,south_to_north,W,37,N,0.3962943048726732,0.600735294117647,0.5863356428021556,0.7248241912798875,0.4846260590125621,0.8414555206214166,0.6934824030486437,0.7944475690538683,0.16538808664259927,0.5277884139308252,0.9808000504872195,0.6938845509629139,0.5511060195817037,0.6827828446760482,1.4960876525303308,1.0,0.4,0.2,0.4,0.7917766240066914,0.6939990435994514,0.7917766240066914,0.7018600571713413,0.9378132121222768,0.5282826681046828,0.9887997422113297
"Murray Hill, Manhattan",Park_Ave_Tunnel_Segment/south_to_north/038_n00189_N.jpg,n00189,Park_Ave_Tunnel_Segment,south_to_north,W,38,N,0.17252962667987212,0.15606545275590547,0.062983624257693,0.4773094315245478,0.5259379509379509,0.7115520656479909,0.42329611537566875,0.5580379123584441,0.04707579333857851,0.1305262345644902,0.30286642145328735,0.5543078487448625,0.34280327369089714,0.08643586443646983,2.121140435950461,0.9819930329655849,0.4,0.2,0.4,0.203252854936466,0.09861518169615838,0.2069799358175174,0.10953526945058314,0.11367522968986642,0.046918443688163725,0.9003052824063087
"Murray Hill, Manhattan",Park_Ave_Tunnel_Segment/south_to_north/039_n00190_N.jpg,n00190,Park_Ave_Tunnel_Segment,south_to_north,W,39,N,0.2944231869253909,0.32816523978561984,0.31041955617198336,0.7525579452912926,0.2878133102852203,0.8217038940502075,0.7408126772721667,0.8056172496761058,0.08122845399098384,0.31100266096099805,0.7911765414612868,0.7621495096854265,0.5425527936464187,0.6543672413320686,1.87127586409875,1.0,0.4,0.2,0.4,0.7278569203320701,0.5180759518970792,0.7278569203320701,0.5542764344873525,0.5279655825340124,0.4962383646208155,0.9346887575623616
"Murray Hill, Manhattan",Park_Ave_Tunnel_Segment/south_to_north/040_n00191_N.jpg,n00191,Park_Ave_Tunnel_Segment,south_to_north,W,40,N,0.1556993570987797,0.08313119062057812,0.028565612701859127,0.07299558080808081,0.21617028888292644,0.6212997022245577,0.16756165473349252,0.26753539253539255,0.015015192770608884,0.08913205347373898,0.20909066837737578,0.49270833138323733,0.15003741334649798,0.005223040745932271,2.242673719067127,0.964253494480857,0.4,0.2,0.4,0.05470316174833449,0.025291973820119662,0.05673110033973592,0.02860948963066206,0.07239504467354735,0.002724403833016553,0.8840414193552454
"Murray Hill, Manhattan",Park_Ave_Tunnel_Segment/south_to_north/041_n00192_N.jpg,n00192,Park_Ave_Tunnel_Segment,south_to_north,W,41,N,0.32697204290221876,0.3924968963376785,0.32302914199465915,0.6505004766444232,0.37409024745269287,0.8165469952778316,0.730564537860415,0.7892026009582477,0.1165174129353234,0.34749936041151874,0.8544567165916022,0.6976524081565206,0.5454281839179953,0.6640561684087476,2.953468086085264,0.8667365494481445,0.4,0.2,0.4,0.6429436087631459,0.46965133075194665,0.7417981959714418,0.5910266372942454,0.6341215751080757,0.5070205457410808,0.7946364869475899
"Murray Hill, Manhattan",Park_Ave_Tunnel_Segment/south_to_north/042_n00193_N.jpg,n00193,Park_Ave_Tunnel_Segment,south_to_north,W,42,N,0.15969946260316722,0.11929759552042163,0.03588534107402034,0.1920132422925719,0.2925591882750846,0.6628632127192983,0.2538966049382716,0.385393152746426,0.02276797134817088,0.1049607997325364,0.24223400486992777,0.5207724222455952,0.2206859096776228,0.014924540801335935,4.079090410958366,0.7320814053982094,0.3,0.1,0.6,0.03596129256358661,0.01641253018857843,0.0491219860228874,0.024453147646764074,0.08623296386889152,0.007821318361305141,0.671182721572874
"Murray Hill, Manhattan",Park_Ave_Tunnel_Segment/south_to_north/043_n00194_N.jpg,n00194,Park_Ave_Tunnel_Segment,south_to_north,W,43,N,0.2945495683924247,0.32531952703164513,0.27214932356830435,0.7159338267305181,0.34036772368616947,0.8119062587314892,0.6851090220655438,0.7790871501272264,0.1029660122440363,0.29733947299745805,0.7627966471220591,0.7291574539252792,0.5223873948122688,0.5831725883326833,2.9439145301162526,0.8679795022522051,0.4,0.2,0.4,0.5893266545654261,0.39645808576632274,0.678963792389406,0.4982030922038718,0.48700816003989694,0.4212783578746886,0.7957760438871111
"Murray Hill, Manhattan",Park_Ave_Tunnel_Segment/south_to_north/044_n00195_N.jpg,n00195,Park_Ave_Tunnel_Segment,south_to_north,W,44,N,0.20998868426760528,0.20724354273608733,0.14498644986449863,0.3682718701515694,0.3202902197617849,0.6488629563135846,0.6375555555555555,0.40906874695270595,0.04631804185585305,0.1874062256227304,0.4622904198635734,0.565614868901123,0.36431411478803816,0.11554738048056246,3.8792183842650463,0.7543621225443721,0.3,0.1,0.6,0.15486828398860195,0.077493550805316,0.20529700439657547,0.11204804810398998,0.20242958490193258,0.06364779517804364,0.6916100022857649
"Murray Hill, Manhattan",Park_Ave_Tunnel_Segment/south_to_north/045_n00196_N.jpg,n00196,Park_Ave_Tunnel_Segment,south_to_north,W,45,N,0.15774505112629122,0.30135689491953294,0.26066408143480374,0.7975423630454967,0.4913368513632365,0.9050686250902963,0.7629884746983612,0.8342929385243405,0.12158703071672357,0.23992200916020928,0.6175268536157007,0.7370913789241854,0.5729561479798084,0.749198507678901,3.3920109887549708,0.8115561932196014,0.3,0.1,0.6,0.5728298304973988,0.3815776042160418,0.7058412409187235,0.5128411777010193,0.32278799633463473,0.6084981162366668,0.7440463457450706
"Murray Hill, Manhattan",Park_Ave_Tunnel_Segment/south_to_north/046_n00197_N.jpg,n00197,Park_Ave_Tunnel_Segment,south_to_north,W,46,N,0.3772113048231208,0.40156352324819905,0.3857724706100158,0.7524979608482871,0.3838912133891213,0.7524084778420038,0.7265349329569513,0.752675291486983,0.1964166999069273,0.3881824328937785,0.9053545812286039,0.7070050751003899,0.5585423081169538,0.7064355198129706,3.8792183842650463,0.7543621225443721,0.3,0.1,0.6,0.5741313403831033,0.4288789416446659,0.761081877290747,0.6201167424230778,0.7384902745556869,0.5559635032839585,0.6916100022857649
"Murray Hill, Manhattan",Park_Ave_Tunnel_Segment/south_to_north/047_n00198_N.jpg,n00198,Park_Ave_Tunnel_Segment,south_to_north,W,47,N,0.20879152892353092,0.31624336618650495,0.2807888762769579,0.5385989437713575,0.760309466462302,0.6396085997794928,0.818660452269981,0.7651441528992549,0.07461779568860745,0.26860792379566456,0.694935347297282,0.47263269236284944,0.5528074669526144,0.6882846388619852,,1.0,0.45,0.15,0.4,0.6533723861184667,0.4616880786591504,0.6533723861184667,0.4616880786591504,0.40209159791242166,0.534637748505488,1.0
"Murray Hill, Manhattan",Park_Ave_Tunnel_Segment/south_to_north/048_n00199_N.jpg,n00199,Park_Ave_Tunnel_Segment,south_to_north,W,48,N,0.24825163770401415,0.3338386622565233,0.25186900698846104,0.5751245968924069,0.787206186822555,0.7717706520838511,0.7806822152341021,0.7664639182999173,0.13346373031971406,0.2779864356496662,0.7182580304285865,0.5198963540512342,0.5602032879512444,0.7115757353609556,,1.0,0.45,0.15,0.4,0.6817139616144287,0.49216629356301583,0.6817139616144287,0.49216629356301583,0.4294205925347601,0.5621052657352533,1.0
"Murray Hill, Manhattan",Park_Ave_Tunnel_Segment/south_to_north/049_n00200_N.jpg,n00200,Park_Ave_Tunnel_Segment,south_to_north,W,49,N,0.20952722123590262,0.2505383656352715,0.25348527568922313,0.6018706619265278,0.786171143876658,0.790280072378255,0.7743013972055888,0.719345884624668,0.048190536745615464,0.23785028752013238,0.611638175861409,0.5353265301427083,0.5139459395252907,0.5521073930369578,,1.0,0.45,0.15,0.4,0.5754728023566764,0.37304648294104986,0.5754728023566764,0.37304648294104986,0.31737767232942127,0.39075263918182196,1.0
"Murray Hill, Manhattan",Park_Ave_Tunnel_Segment/south_to_north/050_n00201_N.jpg,n00201,Park_Ave_Tunnel_Segment,south_to_north,W,50,N,0.19320626116918713,0.2098942723942724,0.1784924845269673,0.4286782296650717,0.757120196120845,0.722562599893447,0.8284064420428057,0.5733555062823354,0.025775347039184677,0.19386433936347558,0.4816013290491282,0.4647068778125578,0.4758457651214419,0.41039964281094315,3.3920109887549708,0.8115561932196014,0.3,0.1,0.6,0.35380746660829887,0.1963340736988243,0.4359617603368607,0.26387344662276374,0.21523047191950553,0.26587515361981895,0.7440463457450706
"Murray Hill, Manhattan",Park_Ave_Tunnel_Segment/south_to_north/051_n00202_N.jpg,n00202,Park_Ave_Tunnel_Segment,south_to_north,W,51,N,0.36501665158314645,0.361807792606228,0.2696869397324506,0.3018096342091705,0.6633234797297297,0.6828214971209213,0.6658348457350272,0.47983606557377056,0.03921496156120637,0.332170461307275,0.8300590100257113,0.44043588386678734,0.3949619576233347,0.1714237030498216,3.3920109887549708,0.8115561932196014,0.3,0.1,0.6,0.2454042499841158,0.14451393913628544,0.3023872555399391,0.19422706658356417,0.5904903438998571,0.09718429066435288,0.7440463457450706
"Murray Hill, Manhattan",Park_Ave_Tunnel_Segment/south_to_north/052_n00203_N.jpg,n00203,Park_Ave_Tunnel_Segment,south_to_north,W,52,N,0.17240241112662086,0.17089787722317848,0.1099207677714541,0.35240354206198604,0.7414059482425648,0.74872848200313,0.8185134069400631,0.49583333333333335,0.016955310645512922,0.15107368537375115,0.3572969026276427,0.4532420252741837,0.4437673503063031,0.30080031271557567,3.3920109887549708,0.8115561932196014,0.3,0.1,0.6,0.2678103511481941,0.13781856386663072,0.3299960660588866,0.18522846682167687,0.14098068507911055,0.1828990219407282,0.7440463457450706
"Murray Hill, Manhattan",Park_Ave_Tunnel_Segment/south_to_north/053_n00204_N.jpg,n00204,Park_Ave_Tunnel_Segment,south_to_north,W,53,N,0.3395754332370075,0.3702342673403766,0.26866376180101675,0.20471369475288478,0.7513942271459794,0.7440738924309303,0.7126840696117805,0.5042002688172044,0.04851043492114071,0.3261578207928003,0.8196375583629147,0.39913112001261186,0.4217982577833752,0.2363084321064527,3.3920109887549708,0.8115561932196014,0.3,0.1,0.6,0.29349738889142796,0.1755239962597395,0.36164764848514885,0.2359046546811192,0.5729362400193229,0.13867189113152575,0.7440463457450706
"Murray Hill, Manhattan",Park_Ave_Tunnel_Segment/south_to_north/054_n00205_N.jpg,n00205,Park_Ave_Tunnel_Segment,south_to_north,W,54,N,0.16437698235930484,0.15511551155115513,0.10037818259294766,0.19114959114959115,0.6124031007751939,0.6611604664075514,0.8415543792107796,0.3438312894834634,0.01430787964490532,0.13995689216780255,0.3272790814423483,0.4133023189273162,0.39989784944638274,0.18219710411173465,3.3920109887549708,0.8115561932196014,0.3,0.1,0.6,0.19131355274105272,0.09393334920566251,0.23573666782342528,0.12624663738063233,0.12558524613227665,0.10387692413771306,0.7440463457450706
"Murray Hill, Manhattan",Park_Ave_Tunnel_Segment/south_to_north/055_n00206_N.jpg,n00206,Park_Ave_Tunnel_Segment,south_to_north,W,55,N,0.28850881610778295,0.3159560293137908,0.2423946110386789,0.15089962121212122,0.6755601974933536,0.712511825922422,0.775,0.3762248105010168,0.021651880016899033,0.2822864854867509,0.7285815480331349,0.3959504165470632,0.3909588968393053,0.1630624025511753,3.3920109887549708,0.8115561932196014,0.3,0.1,0.6,0.22658879473347146,0.12688591923833295,0.27920284094506087,0.17053496729598527,0.44210708472406723,0.09204182031587574,0.7440463457450706
"Murray Hill, Manhattan",Park_Ave_Tunnel_Segment/south_to_north/056_n00207_N.jpg,n00207,Park_Ave_Tunnel_Segment,south_to_north,W,56,N,0.15644437796120678,0.09322992405881403,0.06426847662141781,0.5010302197802198,0.6187474162877221,0.5774211711711711,0.9310906383770705,0.34516765285996054,0.012360998884143326,0.10464759288047953,0.2415447788464043,0.4865679915545562,0.4295397633737248,0.2579016349691246,3.3920109887549708,0.8115561932196014,0.3,0.1,0.6,0.21867780372371587,0.1075496190421785,0.2694549133513213,0.1445469353585506,0.08593726754320415,0.15313229364292336,0.7440463457450706
"Murray Hill, Manhattan",Park_Ave_Tunnel_Segment/south_to_north/057_n00208_N.jpg,n00208,Park_Ave_Tunnel_Segment,south_to_north,W,57,N,0.15514711317561108,0.1478753628559076,0.12921308197657813,0.23139036083774922,0.38277145359019266,0.5291327913279132,0.751108998732573,0.17788461538461534,0.013026575374260219,0.14407851933603227,0.33826002933036076,0.4592505661918232,0.31400672983048283,0.05787245901290182,3.3920109887549708,0.8115561932196014,0.3,0.1,0.6,0.0981255112792079,0.046524110119094866,0.12091031046158973,0.062528511006269,0.13111790235023632,0.030971164278575335,0.7440463457450706
"Murray Hill, Manhattan",Park_Ave_West/north_to_south/002_n00244_S.jpg,n00244,Park_Ave_West,north_to_south,W,2,S,0.1438434002176528,0.19995338588015935,0.13986860304287688,0.6796851686063862,0.19468727234883962,0.7908557115874189,0.8031605452808891,0.8040874244434616,0.12223884851075957,0.16122179638022965,0.38572016329391967,0.7586178692816551,0.57649560607837,0.7590419311916364,1.019346063643705,1.0,0.5,0.2,0.3,0.5410289631667452,0.3243706647750687,0.5410289631667452,0.3243706647750687,0.15638290690040277,0.6210707190951087,1.0
"Murray Hill, Manhattan",Park_Ave_West/north_to_south/004_n00242_S.jpg,n00242,Park_Ave_West,north_to_south,W,4,S,0.1453019509288271,0.1548155403199478,0.10250214776632305,0.6960170567954999,0.35951395277522225,0.8263313382443217,0.7103026048978318,0.8100663243474541,0.058519473081328766,0.13420654633836598,0.31227143391844253,0.7209448140881998,0.5262961341088715,0.5973515642669867,0.999852320331192,1.0,0.5,0.2,0.3,0.44845155553290456,0.25097383141795154,0.44845155553290456,0.25097383141795154,0.118201353748604,0.4356349385500264,1.0
"Murray Hill, Manhattan",Park_Ave_West/north_to_south/005_n00241_S.jpg,n00241,Park_Ave_West,north_to_south,W,5,S,0.16821175537843708,0.2880813143971039,0.2595736434108527,0.5719122426868907,0.3602975909305621,0.7780294231513745,0.6821680790960452,0.716331096196868,0.07385428535257625,0.23862223772879787,0.613836287045842,0.663214691635901,0.49078448688182974,0.46549674979358596,2.493916451762398,0.9285904685567515,0.4,0.2,0.4,0.5182540846632976,0.3116963900052476,0.5581083396955243,0.3661222807258765,0.31938796645744816,0.31183135322869593,0.8513450462159152
"Murray Hill, Manhattan",Park_Ave_West/north_to_south/006_n00240_S.jpg,n00240,Park_Ave_West,north_to_south,W,6,S,0.14072866946046406,0.1608540785971505,0.0872213582166926,0.4648182665424045,0.41011443337024733,0.8384451677516274,0.8206608678264348,0.8225651272942569,0.04442981096994111,0.12960136875810238,0.3005282653154021,0.6310496669745949,0.5625519353635442,0.7187518985459708,2.1654803790170383,0.9754834771857198,0.4,0.2,0.4,0.4819681702131379,0.27205139058550515,0.49408132632202156,0.3041932975017357,0.11256181700532131,0.5707569859342053,0.8943372283998231
"Murray Hill, Manhattan",Park_Ave_West/north_to_south/007_n00239_S.jpg,n00239,Park_Ave_West,north_to_south,W,7,S,0.24328748472939926,0.369485294117647,0.3839078642209572,0.7707645497507607,0.24916593072318718,0.812520713196792,0.7098246706089842,0.825284364758049,0.14961542811899106,0.3322268810226678,0.83015449217689,0.7780397774081217,0.5615748211620081,0.7157796025650476,2.822352524507758,0.8839516798194625,0.4,0.2,0.4,0.6826595684598301,0.49765292634577524,0.772281544393078,0.6140682527426263,0.5906540490946811,0.5671625239167792,0.8104195651266731
"Murray Hill, Manhattan",Park_Ave_West/north_to_south/008_n00238_S.jpg,n00238,Park_Ave_West,north_to_south,W,8,S,0.1676820584774459,0.18630980027868094,0.16032036359605364,0.6296217894439741,0.5147426286856572,0.8523187052598816,0.7688895686754359,0.8151399491094148,0.04596576379103386,0.17143740745072683,0.4151413545803269,0.6557326220060662,0.5433317605252947,0.6570051462233506,3.91178938228977,0.7506855619705713,0.3,0.1,0.6,0.42966581749788146,0.25701215907744523,0.5723645681555354,0.3734343083377276,0.17324468139292168,0.49915942023707816,0.6882392788747408
"Murray Hill, Manhattan",Park_Ave_West/north_to_south/009_n00237_S.jpg,n00237,Park_Ave_West,north_to_south,W,9,S,0.15784259891027816,0.33056336827750793,0.34158916295996766,0.5907313707451701,0.2986220472440945,0.7889109895574341,0.7559451095366073,0.8007721176325827,0.06268788682581783,0.2766650433825846,0.715038136620516,0.6936734376861698,0.5398017046650025,0.6449755090620536,3.969067133089409,0.7442635522630606,0.3,0.1,0.6,0.49873167768705934,0.33017751182692895,0.6701009019863735,0.48388186654308857,0.4255398296672938,0.48592542917958376,0.682351488361731
"Murray Hill, Manhattan",Park_Ave_West/north_to_south/010_n00236_S.jpg,n00236,Park_Ave_West,north_to_south,W,10,S,0.17366212039069445,0.22438991686779297,0.15333007388092135,0.6333333333333333,0.6012982456140351,0.8204141571864079,0.8071194315386717,0.8232365145228216,0.06117626465954836,0.18379403704646957,0.4515347579488937,0.6174830816352352,0.5638440702403472,0.7226532647856062,3.040562416818652,0.8554870162837528,0.3,0.1,0.6,0.5284954667171162,0.3288079352539454,0.617771464274125,0.41922529172714557,0.19552143744837835,0.5754988031985157,0.7843227537616012
"Murray Hill, Manhattan",Park_Ave_West/north_to_south/011_n00235_S.jpg,n00235,Park_Ave_West,north_to_south,W,11,S,0.1612467671842586,0.28574835241068336,0.27271228902953587,0.6895432889765072,0.3237264428739694,0.7935585873658778,0.7222412807318469,0.800773571745609,0.07344579226686887,0.2399024695414926,0.6174714719398232,0.7197918111561386,0.5321535482481082,0.618291599813105,3.4856965692022204,0.8002312861739678,0.3,0.1,0.6,0.5021544246872061,0.3162412551436251,0.6275116124090645,0.4310440023136836,0.32273674309671874,0.45734505534878644,0.7336635087048187
"Murray Hill, Manhattan",Park_Ave_West/north_to_south/012_n00234_S.jpg,n00234,Park_Ave_West,north_to_south,W,12,S,0.29872151487702836,0.3108392528282031,0.3393666440063449,0.7956766067999549,0.508902791145332,0.8739930080559356,0.7305342999060276,0.8206281565656566,0.15554588531089839,0.3163091372371921,0.8015021915503039,0.7202556079035195,0.5689027805941942,0.7376019536008288,3.244011287258626,0.8297741753617581,0.3,0.1,0.6,0.6259984075924702,0.44860055086622785,0.7544202099559829,0.5896828489682195,0.5438016593341951,0.5939220580230361,0.7607488527963017
"Murray Hill, Manhattan",Park_Ave_West/north_to_south/013_n00233_S.jpg,n00233,Park_Ave_West,north_to_south,W,13,S,0.3269011317930676,0.43479860832329725,0.38906106519742883,0.7910666443402544,0.31301622418879055,0.830290558604193,0.6859687458614753,0.8141130004823927,0.13074179743223965,0.38358693510459785,0.9005224604740606,0.7694469929185522,0.5436078479253692,0.6579377803683464,3.4474601576986004,0.8048341692995512,0.3,0.1,0.6,0.5909946327783513,0.431196344276458,0.7343060910208312,0.584369138897411,0.7277011908465335,0.5001947471855985,0.7378834979034659
"Murray Hill, Manhattan",Park_Ave_West/north_to_south/014_n00232_S.jpg,n00232,Park_Ave_West,north_to_south,W,14,S,0.34958539887873064,0.44615291847563915,0.38099912739965097,0.6179786797867979,0.36404993652137113,0.7990280467685245,0.7110943775100402,0.798380355276907,0.08434228780426282,0.3922458149180069,0.9094509834403687,0.684318930011317,0.53127234019707,0.6151671896841847,2.99375284732604,0.861514900559844,0.4,0.2,0.4,0.6330288284613792,0.4752883274157395,0.7347856990633752,0.6017456556880951,0.7477969643925615,0.4540664710531444,0.7898492044321419
"Murray Hill, Manhattan",Park_Ave_West/north_to_south/015_n00231_S.jpg,n00231,Park_Ave_West,north_to_south,W,15,S,0.333024373493039,0.4022304674172637,0.3897204032844819,0.6930049964311206,0.334465877539091,0.8175949123145115,0.7073729613155412,0.8047109421884376,0.15540255355070168,0.3749917480649282,0.8908935538991094,0.7253780104021803,0.5558288190182268,0.6979241501723925,2.924289835868008,0.8705383414890666,0.4,0.2,0.4,0.6750786886276079,0.5113777182019519,0.7754726661124166,0.6407262330728948,0.7067907719021692,0.5458938483972673,0.7981220243619601
"Murray Hill, Manhattan",Park_Ave_West/north_to_south/016_n00230_S.jpg,n00230,Park_Ave_West,north_to_south,W,16,S,0.3363285273375715,0.37757805494415914,0.3761662425784564,0.6549149878554079,0.38387165320866984,0.8221203915850864,0.6995165489029379,0.7848955969133001,0.24202314165497896,0.36335760828672903,0.8765644742577732,0.6977212420772747,0.5754784291570723,0.7562403292175774,2.249008225364652,0.9633377191486222,0.4,0.2,0.4,0.7604881199524974,0.5798176491038041,0.7894304404737738,0.6564950770429844,0.6770480213283867,0.6174733787274495,0.8832018234096219
"Murray Hill, Manhattan",Park_Ave_West/north_to_south/017_n00229_S.jpg,n00229,Park_Ave_West,north_to_south,W,17,S,0.374392101068269,0.5023971738581882,0.5405913978494624,0.6301488833746899,0.43572266197596016,0.7959419680403701,0.7249594105157987,0.7706097115735671,0.15982707446122082,0.4724602242586398,0.9633683313199276,0.6634560631463666,0.5517987321835289,0.6850290821448788,1.4878606312679696,1.0,0.4,0.2,0.4,0.7801228227232455,0.6744583179623117,0.7801228227232455,0.6812567652660043,0.8858940496924274,0.5308712447410735,0.9900207269119183
"Murray Hill, Manhattan",Park_Ave_West/north_to_south/018_n00228_S.jpg,n00228,Park_Ave_West,north_to_south,W,18,S,0.4593208650437065,0.5958249158249158,0.6279347826086957,0.48353269537480054,0.41270190895741554,0.7859882899252978,0.7573566398390342,0.7600352256901778,0.17000668002672015,0.5610268544924393,0.9870333385119788,0.6189396921142276,0.5624661818519774,0.7184918023885016,1.1872876348644623,1.0,0.5,0.2,0.3,0.8173764542725048,0.7511711225183816,0.8173764542725048,0.7511711225183816,0.9573960230330882,0.570441821564643,1.0
"Murray Hill, Manhattan",Park_Ave_West/north_to_south/019_n00227_S.jpg,n00227,Park_Ave_West,north_to_south,W,19,S,0.5130503420586987,0.7981218520541296,0.7569579288025889,0.6685411842540523,0.5463319225343081,0.7866969093457254,0.7833879184861717,0.7914928382700598,0.20929192229038854,0.6893767076384724,0.9971921390185632,0.6363020570218232,0.5947242263488732,0.8054737338602783,1.162944460268698,1.0,0.5,0.2,0.3,0.8549436744789548,0.8109511753605314,0.8549436744789548,0.8109511753605314,0.9905520792796308,0.6829851860108356,1.0
"Murray Hill, Manhattan",Park_Ave_West/north_to_south/020_n00226_S.jpg,n00226,Park_Ave_West,north_to_south,W,20,S,0.36484690246877377,0.3790690104166667,0.37273096034884895,0.7528530420779949,0.5445308002302821,0.8452824975825389,0.7223486174308715,0.8139377324005799,0.1914470284237726,0.3722156244114298,0.8876129928331766,0.6845349131434172,0.5759111260850747,0.7574347945659438,1.1697389757307723,1.0,0.5,0.2,0.3,0.8035159860315859,0.67156293039576,0.8035159860315859,0.67156293039576,0.6998397238570391,0.619005250615842,1.0
"Murray Hill, Manhattan",Park_Ave_West/north_to_south/021_n00225_S.jpg,n00225,Park_Ave_West,north_to_south,W,21,S,0.45570522861241386,0.7200761697497279,0.6892387944358579,0.47940302539168017,0.5491556091676718,0.7896752762524574,0.8104914933837429,0.7758511979823455,0.13167490002352392,0.6216733975993332,0.9936949587875974,0.5733075641588219,0.5726725304632041,0.7483982841120462,0.8804077523379663,1.0,0.5,0.2,0.3,0.817605703885026,0.7622901809370792,0.817605703885026,0.7622901809370792,0.9789592304611829,0.6074841645649914,1.0
"Murray Hill, Manhattan",Park_Ave_West/north_to_south/022_n00224_S.jpg,n00224,Park_Ave_West,north_to_south,W,22,S,0.4538479498046996,0.6635057471264368,0.6428619392962664,0.6154265702147205,0.4222314392368312,0.7853529918209211,0.7573566398390342,0.7799331103678929,0.1598164663306191,0.5867385454091343,0.9904428494702044,0.6595160409329368,0.565702072179182,0.7282043243699069,0.8819158886079224,1.0,0.5,0.2,0.3,0.8325987588750413,0.7698450900398708,0.8325987588750413,0.7698450900398708,0.9683486013510967,0.5822927141865126,1.0
"Murray Hill, Manhattan",Park_Ave_West/north_to_south/023_n00223_S.jpg,n00223,Park_Ave_West,north_to_south,W,23,S,0.4710545294136393,0.7517945780832379,0.6952166802943581,0.6263620848102928,0.4035462588094167,0.8044256709776109,0.7701567296816934,0.7862170509229333,0.2700701245314956,0.6393552625970784,0.9948942198097231,0.6757471656594956,0.608814635045374,0.8364734647212908,0.8947574581380753,1.0,0.5,0.2,0.3,0.8741399139686701,0.8330178764605418,0.8741399139686701,0.8330178764605418,0.982913130062716,0.7268860852827209,1.0
"Murray Hill, Manhattan",Park_Ave_West/north_to_south/024_n00222_S.jpg,n00222,Park_Ave_West,north_to_south,W,24,S,0.345948332010004,0.38745681032915075,0.4709328028293545,0.7614903629214208,0.47594761365067373,0.8325834637454356,0.7678162382285568,0.8184912603495861,0.18309323026469895,0.4014459817228364,0.9181409295082782,0.7060420710053942,0.5898002429476139,0.7936393289557977,1.0937787114521018,1.0,0.5,0.2,0.3,0.833888038884707,0.7238594618611848,0.833888038884707,0.7238594618611848,0.7680439501486043,0.6667817086384736,1.0
"Murray Hill, Manhattan",Park_Ave_West/north_to_south/025_n00221_S.jpg,n00221,Park_Ave_West,north_to_south,W,25,S,0.4443915993472457,0.7306555615260613,0.6923213021939136,0.6106144881472653,0.4059755219582433,0.7687280902301478,0.7553611042642346,0.7393354486162523,0.15066507503410642,0.6224561543557402,0.9937535370659016,0.65778901880639,0.5484538759715311,0.6741044503506123,1.1525831482277464,1.0,0.5,0.2,0.3,0.8144695003804655,0.7471908815003596,0.8144695003804655,0.7471908815003596,0.9791518417115654,0.5183590949546675,1.0
"Murray Hill, Manhattan",Park_Ave_West/north_to_south/026_n00220_S.jpg,n00220,Park_Ave_West,north_to_south,W,26,S,0.42032008664414666,0.5759609741784036,0.6042161050466698,0.5577337023370234,0.39259010019440704,0.7867706719775761,0.7663531506425144,0.7619473549706108,0.1765510381698371,0.53349905528974,0.982048881567643,0.6506380913733975,0.5682838479276542,0.7358011213528262,1.2949894534358306,1.0,0.4,0.2,0.4,0.8057963899093707,0.7262171052496902,0.8057963899093707,0.7262171052496902,0.9416918339382842,0.5916810198517749,1.0
"Murray Hill, Manhattan",Park_Ave_West/north_to_south/027_n00219_S.jpg,n00219,Park_Ave_West,north_to_south,W,27,S,0.47754653369309263,0.7603139832055494,0.7355072463768115,0.522405820753434,0.4531359372812543,0.7236038394415357,0.7641502038256506,0.6579789073305671,0.20885102354750926,0.6577892544251511,0.9959033108532066,0.5976245743045718,0.5436600449012423,0.6581139669433405,1.3041310086450164,1.0,0.4,0.2,0.4,0.7618912800752669,0.6801511242545086,0.7618912800752669,0.6801511242545086,0.9862574195091273,0.5003904857755829,1.0
"Murray Hill, Manhattan",Park_Ave_West/north_to_south/028_n00218_S.jpg,n00218,Park_Ave_West,north_to_south,W,28,S,0.3597752090670057,0.3782802903405919,0.4084185637303421,0.6159567901234567,0.3659221525600836,0.8026214069857334,0.7444257598405581,0.7852158744003489,0.16305763594920228,0.3821580210459799,0.8989758208284814,0.6842186815163688,0.5642330900633697,0.7238212864477345,1.315280793994449,1.0,0.4,0.2,0.4,0.780532031364486,0.6538097653389604,0.780532031364486,0.6538097653389604,0.7242902477659956,0.5769237341276933,1.0
"Murray Hill, Manhattan",Park_Ave_West/north_to_south/029_n00217_S.jpg,n00217,Park_Ave_West,north_to_south,W,29,S,0.48840454891212093,0.7798296399813669,0.7731112254523625,0.38641043239533285,0.4508104298801972,0.752087593728698,0.8018754423213021,0.7123993184634448,0.1851674335378323,0.6804484714486168,0.9968755935660341,0.5625625320812779,0.5664807314408598,0.7305098691183511,1.4425327998631476,1.0,0.4,0.2,0.4,0.7851289314987234,0.7139994862247766,0.7851289314987234,0.7163095943533894,0.989494849732653,0.5851308289747451,0.9967749864767649
"Murray Hill, Manhattan",Park_Ave_West/north_to_south/030_n00216_S.jpg,n00216,Park_Ave_West,north_to_south,W,30,S,0.47074260549530367,0.6912672841992213,0.7034293552812071,0.3727150537634409,0.29598992374727656,0.7649295549151457,0.7641768771599121,0.7472470750172059,0.1945652173913043,0.6218130816585773,0.9937054520313708,0.6138848949771033,0.5686630565228075,0.7369053971734015,1.493862520369844,1.0,0.4,0.2,0.4,0.8007282548260525,0.7218060216755473,0.8007282548260525,0.7297384030399691,0.9789937293962823,0.5930545210560639,0.9891298288107399
"Murray Hill, Manhattan",Park_Ave_West/north_to_south/031_n00215_S.jpg,n00215,Park_Ave_West,north_to_south,W,31,S,0.5018880911132569,0.739044470374692,0.706717501815541,0.4026648599819332,0.30080655824408303,0.7808106758010419,0.7200976403580146,0.7075371549893843,0.22511737089201875,0.6492166877678299,0.9954614564719534,0.6275563258462973,0.5509173887464726,0.682169693466786,1.4898730540308815,1.0,0.4,0.2,0.4,0.7803641155542085,0.6938983965670424,0.7803641155542085,0.7011044030250659,0.9847910814687364,0.5275775098263346,0.9897219209764885
"Murray Hill, Manhattan",Park_Ave_West/north_to_south/032_n00214_S.jpg,n00214,Park_Ave_West,north_to_south,W,32,S,0.30930624311606286,0.30015881418740076,0.21352115520549328,0.5969631236442517,0.2525973075797483,0.8080299785867239,0.660047785096216,0.7688321638841842,0.12052714753358167,0.2743287375029856,0.7092913582289538,0.7174652648837424,0.5164690321713272,0.561446698122195,1.160175759562471,1.0,0.5,0.2,0.3,0.6627733999769571,0.459901345771273,0.6627733999769571,0.459901345771273,0.41870107478418833,0.39979886340886217,1.0
"Murray Hill, Manhattan",Park_Ave_West/north_to_south/033_n00213_S.jpg,n00213,Park_Ave_West,north_to_south,W,33,S,0.4533351105139954,0.7076429499675113,0.678812582345191,0.4520689655172414,0.2783201611653494,0.7729981378026071,0.7171831695641219,0.7527819929185635,0.19768297168076496,0.6132635476088992,0.9930301171164251,0.648915647384833,0.5558827113878168,0.6980945516145973,1.1701124640254943,1.0,0.5,0.2,0.3,0.8205274866268034,0.7559892362284142,0.8205274866268034,0.7559892362284142,0.9767768781002353,0.5460942346797323,1.0
"Murray Hill, Manhattan",Park_Ave_West/north_to_south/034_n00212_S.jpg,n00212,Park_Ave_West,north_to_south,W,34,S,0.3875105729857136,0.3636820485929033,0.3107334935347294,0.6389203473008682,0.28815261044176704,0.7990354274239816,0.6263406717471071,0.8039499036608864,0.09424294761082323,0.3539753717044487,0.8638573550023199,0.7166010547610275,0.5081778410062722,0.5306285069291923,1.1562121613992191,1.0,0.5,0.2,0.3,0.7189748180842767,0.5607280155852574,0.7189748180842767,0.5607280155852574,0.6519568073880097,0.3703603747191566,1.0
"Murray Hill, Manhattan",Park_Ave_West/north_to_south/035_n00211_S.jpg,n00211,Park_Ave_West,north_to_south,W,35,S,0.36325820545195825,0.3281404549950544,0.28178562292146325,0.6051891113728569,0.23431589630039676,0.7981527604815276,0.604691218840035,0.7898099705334055,0.11235817683881066,0.3243947611228253,0.8164887459541126,0.7230086585179959,0.5022864554040837,0.5085733673970105,1.168772824002161,1.0,0.5,0.2,0.3,0.6913689725568244,0.5153806935525688,0.6913689725568244,0.5153806935525688,0.5677518016072869,0.3499993878816325,1.0
"Murray Hill, Manhattan",Park_Ave_West/north_to_south/036_n00210_S.jpg,n00210,Park_Ave_West,north_to_south,W,36,S,0.16968021855751206,0.1854676906046769,0.15969932485476526,0.7257541046200839,0.3483266696283134,0.827287768868525,0.6278236914600551,0.8067724961570297,0.07982006829524561,0.17161574467231808,0.4156610499702459,0.7349050679534318,0.5048054186374434,0.5180125215778478,1.61598678879403,1.0,0.4,0.2,0.4,0.5087191469242573,0.3007323997261988,0.5087191469242573,0.30965821447599046,0.17355141670835722,0.35864330566665903,0.9711752689496834
"Murray Hill, Manhattan",Park_Ave_West/north_to_south/037_n00209_S.jpg,n00209,Park_Ave_West,north_to_south,W,37,S,0.15513576994803677,0.1571028114436475,0.07574273587985636,0.7742652923492238,0.2734153933220147,0.8143078512396694,0.3729299739768157,0.8054851964426432,0.10068378453809657,0.1293271057571802,0.2998368825418398,0.7717192500889595,0.42636631831918514,0.24889670300559336,1.61598678879403,1.0,0.4,0.2,0.4,0.3362432275568133,0.1785816996069026,0.3362432275568133,0.18388205025034973,0.1122334769558013,0.1470605748572487,0.9711752689496834
"Murray Hill, Manhattan",Park_Ave_West/south_to_north/001_n00209_N.jpg,n00209,Park_Ave_West,south_to_north,W,1,N,0.34510268950828965,0.30999384283845144,0.2935802883003688,0.6084135621598995,0.41245236001172675,0.7975544461326965,0.5,0.7532638084202395,0.11680123604465713,0.31622560688236995,0.8013426707806146,0.6645052160936231,0.45668834815496556,0.34306282917594233,1.61598678879403,1.0,0.4,0.2,0.4,0.5497641959243108,0.3782526170825973,0.5497641959243108,0.3894792517643842,0.5435529804936422,0.21365828539853038,0.9711752689496834
"Murray Hill, Manhattan",Park_Ave_West/south_to_north/002_n00210_N.jpg,n00210,Park_Ave_West,south_to_north,W,2,N,0.36062866185406706,0.296070460704607,0.3182369735902926,0.7759338107218889,0.3965877437325905,0.7689168573607933,0.5127434917167303,0.7775681950087058,0.15087501294397845,0.32497869871632223,0.8175363489681792,0.7160876414500306,0.4803955665564714,0.4270086128898595,1.61598678879403,1.0,0.4,0.2,0.4,0.6140033182066769,0.4354860654433385,0.6140033182066769,0.4484114035505789,0.5694706259049647,0.2794069501067598,0.9711752689496834
"Murray Hill, Manhattan",Park_Ave_West/south_to_north/003_n00211_N.jpg,n00211,Park_Ave_West,south_to_north,W,3,N,0.4434362562323602,0.6034092300159138,0.578597930091779,0.5202370627348945,0.3795137217140106,0.7336761345086517,0.5761561142147734,0.7275683421516755,0.19258826149905336,0.5418144721133509,0.9837259200283501,0.6247998251765119,0.49877090595516743,0.49539102788074935,1.168772824002161,1.0,0.5,0.2,0.3,0.7312563968977147,0.6397668080674306,0.7312563968977147,0.6397668080674306,0.9469354046905156,0.33809947110762756,1.0
"Murray Hill, Manhattan",Park_Ave_West/south_to_north/004_n00212_N.jpg,n00212,Park_Ave_West,south_to_north,W,4,N,0.5136219679964781,0.7798911362652317,0.7711604403537268,0.47728626750074477,0.38368136117556073,0.7302123552123553,0.7228781319690412,0.7600212262225488,0.2850908656145385,0.688224514871812,0.9971531583156192,0.6079390871791797,0.5893300746020427,0.7924819028679085,1.1562121613992191,1.0,0.5,0.2,0.3,0.8430430530602048,0.7972055446029066,0.8430430530602048,0.7972055446029066,0.9904218020160741,0.6652129125926909,1.0
"Murray Hill, Manhattan",Park_Ave_West/south_to_north/005_n00213_N.jpg,n00213,Park_Ave_West,south_to_north,W,5,N,0.4297759076636179,0.531758530183727,0.5607883411580595,0.6411011783827713,0.47496570644718794,0.8046004610065309,0.7158593322386425,0.7830495570321152,0.27205966724039016,0.5074409263351347,0.9756195498231574,0.6569119776473714,0.5903228521703825,0.7949202361882715,1.1701124640254943,1.0,0.5,0.2,0.3,0.8476932971273143,0.7823323905337739,0.8476932971273143,0.7823323905337739,0.9219569821777827,0.6685211555633993,1.0
"Murray Hill, Manhattan",Park_Ave_West/south_to_north/006_n00214_N.jpg,n00214,Park_Ave_West,south_to_north,W,6,N,0.5150942867696574,0.797602110379987,0.7851456401610939,0.4531069244752934,0.29483144495733676,0.7896616936331161,0.7386001783212329,0.7800417972831766,0.36340871540685665,0.6992806791035794,0.9975059946082716,0.6493123910503575,0.6273502303370887,0.8710476195317958,1.160175759562471,1.0,0.5,0.2,0.3,0.8789437145051677,0.8472978076541021,0.8789437145051677,0.8472978076541021,0.9916018932292184,0.7784945376702982,1.0
"Murray Hill, Manhattan",Park_Ave_West/south_to_north/007_n00215_N.jpg,n00215,Park_Ave_West,south_to_north,W,7,N,0.5005001260174738,0.751446694858669,0.7484915526950925,0.3022049286640726,0.34473339160839167,0.71508547008547,0.6805867665418227,0.6820347867524422,0.1967435999469426,0.6668127911904117,0.9963221909945305,0.5575190023803835,0.5197883844137359,0.5736663662263732,1.4898730540308815,1.0,0.4,0.2,0.4,0.7113373480870201,0.6144444300038544,0.7113373480870201,0.6208253217202925,0.9876503468615982,0.4118039403642014,0.9897219209764885
"Murray Hill, Manhattan",Park_Ave_West/south_to_north/008_n00216_N.jpg,n00216,Park_Ave_West,south_to_north,W,8,N,0.526758177578563,0.7927507541478129,0.799569722514928,0.3722753346080306,0.4346042906075356,0.7619599707102758,0.7678389398572886,0.6928992146596858,0.2674669715447155,0.7063595514137679,0.9977086373822057,0.566543671570257,0.5760683753538967,0.7578678961929545,1.493862520369844,1.0,0.4,0.2,0.4,0.7981519435769555,0.726754118252662,0.7981519435769555,0.7347408773694147,0.992280543254015,0.6195613739598745,0.9891298288107399
"Murray Hill, Manhattan",Park_Ave_West/south_to_north/009_n00217_N.jpg,n00217,Park_Ave_West,south_to_north,W,9,N,0.40736666513865566,0.4940767973856209,0.5527708850289496,0.6210179554011005,0.3838656470235418,0.8204229797979798,0.7413424124513619,0.785212293350812,0.16644649933949804,0.48473811585107535,0.9682272368417845,0.6858584293918462,0.564333735047224,0.7241229745215285,1.4425327998631476,1.0,0.4,0.2,0.4,0.804567980664503,0.7113641975274396,0.804567980664503,0.7136657793168064,0.8999622005854152,0.5772921768206118,0.9967749864767649
"Murray Hill, Manhattan",Park_Ave_West/south_to_north/010_n00218_N.jpg,n00218,Park_Ave_West,south_to_north,W,10,N,0.5029930703231007,0.7827866231856256,0.7349264705882352,0.4935388447765841,0.43337097684923775,0.7828017832647461,0.7668983700862896,0.7817194704744906,0.22291666666666665,0.6735687213656538,0.99660761751347,0.6143232170640308,0.5905115024091488,0.7953811634550932,1.315280793994449,1.0,0.4,0.2,0.4,0.8266452743418445,0.7689474714737637,0.8266452743418445,0.7689474714737637,0.9886010759578129,0.6691479314009351,1.0
"Murray Hill, Manhattan",Park_Ave_West/south_to_north/011_n00219_N.jpg,n00219,Park_Ave_West,south_to_north,W,11,N,0.5173552423869112,0.7806904190511353,0.7914808730344989,0.5624010933678608,0.3983467381590706,0.7793619932310794,0.761703431372549,0.7699705815795429,0.19771409075400884,0.6965088448241818,0.9974218613802228,0.6478054494799566,0.5764627012353669,0.7589516465568188,1.3041310086450164,1.0,0.4,0.2,0.4,0.820211993685176,0.7550895324928978,0.820211993685176,0.7550895324928978,0.9913203230332616,0.6209545538410728,1.0
"Murray Hill, Manhattan",Park_Ave_West/south_to_north/012_n00220_N.jpg,n00220,Park_Ave_West,south_to_north,W,12,N,0.48123648840194366,0.7171036877394635,0.6460890777463016,0.5592076621680454,0.4939613526570048,0.75803916827853,0.7610659439927733,0.7600658149438638,0.16804864566058594,0.614809751295903,0.9931573703082772,0.6077618259298568,0.5630601348657409,0.7202902954494452,1.2949894534358306,1.0,0.4,0.2,0.4,0.7916932406089412,0.717607045890831,0.7916932406089412,0.717607045890831,0.9771940610539066,0.5726235533381815,1.0
"Murray Hill, Manhattan",Park_Ave_West/south_to_north/013_n00221_N.jpg,n00221,Park_Ave_West,south_to_north,W,13,N,0.417063062325496,0.5514514024787998,0.578092959671907,0.6610066179031696,0.4785967061385599,0.8167993090258499,0.7177543186180423,0.7764317996591835,0.16324424163407217,0.5155358081587342,0.977826398716015,0.6664030735968198,0.5524767866370992,0.6872194397809741,1.1525831482277464,1.0,0.5,0.2,0.3,0.8147172431647535,0.7358578516949308,0.8147172431647535,0.7358578516949308,0.9286660587186752,0.5334034389086769,1.0
"Murray Hill, Manhattan",Park_Ave_West/south_to_north/014_n00222_N.jpg,n00222,Park_Ave_West,south_to_north,W,14,N,0.5370185012104031,0.7930117168818747,0.7831325301204819,0.531,0.43701799485861176,0.7747127644668628,0.7635327635327634,0.7845257619242859,0.1842974758964359,0.7043875827375865,0.9976538975314715,0.6228982565360837,0.5774520004511616,0.7616560008806003,1.0937787114521018,1.0,0.5,0.2,0.3,0.8373384521318201,0.7866978239421292,0.8373384521318201,0.7866978239421292,0.9920971552920289,0.624441002308331,1.0
"Murray Hill, Manhattan",Park_Ave_West/south_to_north/015_n00223_N.jpg,n00223,Park_Ave_West,south_to_north,W,15,N,0.49656521691206784,0.7467996061053669,0.6866263150309843,0.6630225522552254,0.4417523250122369,0.7893087983115684,0.7463080168776371,0.7991312741312742,0.21820897342111686,0.643330379349473,0.9951308970006383,0.6701930085181856,0.5878827548100094,0.7888889595490449,0.8947574581380753,1.0,0.5,0.2,0.3,0.857600147992196,0.808360048097476,0.857600147992196,0.808360048097476,0.9836960863912205,0.6603608263366556,1.0
"Murray Hill, Manhattan",Park_Ave_West/south_to_north/016_n00224_N.jpg,n00224,Park_Ave_West,south_to_north,W,16,N,0.49553679624198316,0.7705915141976524,0.7162943599493029,0.6931917825378929,0.4660585490029699,0.7947883806519452,0.7825168225832922,0.8019235810722244,0.22322873863777862,0.6608075567963128,0.9960484605781329,0.6739738713956227,0.6025563807644316,0.8232241116528702,0.8819158886079224,1.0,0.5,0.2,0.3,0.8700100530483275,0.8275874687824373,0.8700100530483275,0.8275874687824373,0.9867397821502809,0.707858715136801,1.0
"Murray Hill, Manhattan",Park_Ave_West/south_to_north/017_n00225_N.jpg,n00225,Park_Ave_West,south_to_north,W,17,N,0.407890283128425,0.4602383743649863,0.5710367526055952,0.756486093814861,0.39059633027522933,0.8233174734519376,0.7355576441102757,0.8173278951921888,0.20237268518518517,0.47972180336633546,0.966322303748816,0.7297357456638563,0.5850860748292166,0.7818177820727497,0.8804077523379663,1.0,0.5,0.2,0.3,0.8572861137381352,0.7806455029723901,0.8572861137381352,0.7806455029723901,0.8944107830400945,0.6508897259602551,1.0
"Murray Hill, Manhattan",Park_Ave_West/south_to_north/018_n00226_N.jpg,n00226,Park_Ave_West,south_to_north,W,18,N,0.5271135827117439,0.7938361864003803,0.7644694533762059,0.5878687162442874,0.4865603644646925,0.8012782790636851,0.7701420844433681,0.7824849419715,0.24318775662560657,0.6951397408294433,0.9973792665654201,0.6341955436144266,0.5986049276801582,0.8144326603184071,1.1697389757307723,1.0,0.5,0.2,0.3,0.8572971097375894,0.8150807695050427,0.8572971097375894,0.8150807695050427,0.991177813056849,0.6954524027164274,1.0
"Murray Hill, Manhattan",Park_Ave_West/south_to_north/019_n00227_N.jpg,n00227,Park_Ave_West,south_to_north,W,19,N,0.46269363178974504,0.6626267427122939,0.5982560612505315,0.4904218682737839,0.3860015467904099,0.7410868812737972,0.7648327939590076,0.7532747726922485,0.2245999255675475,0.5745254785841902,0.988951009656562,0.6151690675857238,0.5809024974062679,0.770924263468841,1.162944460268698,1.0,0.5,0.2,0.3,0.8346219485268583,0.7778069906453333,0.8346219485268583,0.7778069906453333,0.9635348977745523,0.6364985215521661,1.0
"Murray Hill, Manhattan",Park_Ave_West/south_to_north/020_n00228_N.jpg,n00228,Park_Ave_West,south_to_north,W,20,N,0.41445538376709384,0.6189859576427256,0.6226681127982646,0.5621994080651129,0.3208661417322834,0.7923552979895542,0.7498948254101809,0.7845502419584401,0.13577261981517305,0.552036484736028,0.9855774934641232,0.6778961881074612,0.5567392290612647,0.7007954168917001,1.1872876348644623,1.0,0.5,0.2,0.3,0.8255728514563189,0.754509142408042,0.8255728514563189,0.754509142408042,0.9527718374464471,0.5492769499766398,1.0
"Murray Hill, Manhattan",Park_Ave_West/south_to_north/021_n00229_N.jpg,n00229,Park_Ave_West,south_to_north,W,21,N,0.31673948637880456,0.3885029985576558,0.3996310763888889,0.7463171916627488,0.36289700894233734,0.8331083419868467,0.7320235231221598,0.8084087196884031,0.1473496432212029,0.3682911871084497,0.8828287028820158,0.738842841569086,0.5625939620105886,0.7188793147627904,1.4878606312679696,1.0,0.4,0.2,0.4,0.7847356572471683,0.6419265242812574,0.7847356572471683,0.6483970555682813,0.6898550019141283,0.5709114228385074,0.9900207269119183
"Murray Hill, Manhattan",Park_Ave_West/south_to_north/022_n00230_N.jpg,n00230,Park_Ave_West,south_to_north,W,22,N,0.35924541737119065,0.4706325301204819,0.46669562699102235,0.6828985507246377,0.37409024745269287,0.8145984684861575,0.7345058626465661,0.7898162833729844,0.16608900944343982,0.4321911914942316,0.9419306845662807,0.7078022572527007,0.5634703851543301,0.7215284234557107,2.249008225364652,0.9633377191486222,0.4,0.2,0.4,0.7703177576509709,0.6119278355852726,0.7996341701763341,0.6928516442854595,0.8272471529715456,0.5741288584268439,0.8832018234096219
"Murray Hill, Manhattan",Park_Ave_West/south_to_north/023_n00231_N.jpg,n00231,Park_Ave_West,south_to_north,W,23,N,0.3172370256734807,0.39365656565656565,0.3262030516431926,0.6761317704122877,0.3256443115477716,0.8279804890409223,0.6931406775277993,0.7996641393987763,0.12488422352577955,0.34569888099107965,0.8517491859519795,0.726155982635146,0.539229680150785,0.6430083234310616,2.924289835868008,0.8705383414890666,0.4,0.2,0.4,0.6418081333088836,0.46518061262905624,0.7372542973937976,0.5828439742668847,0.6290944219149331,0.4837823089291279,0.7981220243619601
"Murray Hill, Manhattan",Park_Ave_West/south_to_north/024_n00232_N.jpg,n00232,Park_Ave_West,south_to_north,W,24,N,0.2932136768499354,0.3381943028078047,0.29487699378210325,0.6812128264804759,0.3752357855025599,0.8056403893872877,0.6592120289303388,0.7812443642921552,0.1337086220169361,0.30876165781328113,0.7866987478339826,0.7038724767884011,0.5247216717464767,0.5916583308757214,2.99375284732604,0.861514900559844,0.4,0.2,0.4,0.5914436415520462,0.4047493586485871,0.6865158584810366,0.5124387748666274,0.5212589650978671,0.42983762835441747,0.7898492044321419
"Murray Hill, Manhattan",Park_Ave_West/south_to_north/025_n00233_N.jpg,n00233,Park_Ave_West,south_to_north,W,25,N,0.1827147901583914,0.2876150747986191,0.22305060676478186,0.7542117930204572,0.4034519956850055,0.8633127843827976,0.7361275866613944,0.8186715641261095,0.16496989600437875,0.2311268239072641,0.5923097155610306,0.738024193906083,0.5732563489306276,0.7500436746984682,3.4474601576986004,0.8048341692995512,0.3,0.1,0.6,0.5614745227495395,0.3706939289111156,0.6976275910827592,0.5023746024465394,0.3001610971076064,0.6095703353689439,0.7378834979034659
"Murray Hill, Manhattan",Park_Ave_West/south_to_north/026_n00234_N.jpg,n00234,Park_Ave_West,south_to_north,W,26,N,0.21425379586991158,0.26053060832853575,0.2080401538605873,0.762710970464135,0.46063202999464375,0.8584877240548275,0.750806900389538,0.7947114598659474,0.04371858007592078,0.2276081860196782,0.5820752231741153,0.7201888881747729,0.5297456467771353,0.6097317306074453,3.244011287258626,0.8297741753617581,0.3,0.1,0.6,0.5073195141465506,0.3142787385313259,0.6113946772630923,0.4131175977145735,0.2913669210247962,0.4483959007018864,0.7607488527963017
"Murray Hill, Manhattan",Park_Ave_West/south_to_north/027_n00235_N.jpg,n00235,Park_Ave_West,south_to_north,W,27,N,0.29200004314872535,0.4119721808246399,0.3902593929669742,0.6679546087440825,0.35556359543334937,0.8096542216260527,0.7544436614204056,0.8123367404883589,0.1602767030132489,0.36474387231344646,0.8783531402740671,0.7073484116455953,0.5756857016406711,0.7568130044440026,3.4856965692022204,0.8002312861739678,0.3,0.1,0.6,0.6290320358396214,0.4731759606319145,0.7860627879811135,0.6449495647769659,0.680674602667159,0.6182074764437789,0.7336635087048187
"Murray Hill, Manhattan",Park_Ave_West/south_to_north/028_n00236_N.jpg,n00236,Park_Ave_West,south_to_north,W,28,N,0.271191353729089,0.32428698752228163,0.34509291521486646,0.6652946556905789,0.5077828397873957,0.8155042735042736,0.7784366044075502,0.7970953483477162,0.0570026103733969,0.31352375215541234,0.7961308233143497,0.6576720298024856,0.5441781877095544,0.65986054358263,3.040562416818652,0.8554870162837528,0.3,0.1,0.6,0.5970091504816707,0.41258976971602374,0.6978588092138284,0.5260459010493433,0.5354982484734294,0.5023335044439214,0.7843227537616012
"Murray Hill, Manhattan",Park_Ave_West/south_to_north/029_n00237_N.jpg,n00237,Park_Ave_West,south_to_north,W,29,N,0.2734835129730153,0.4130664972469293,0.5119963369963371,0.5931219681219683,0.40418538858379094,0.7872201778595523,0.7372085492227979,0.8110454377539712,0.13021240552514982,0.39951544907209385,0.9163828343368869,0.6587189191325765,0.5594887975006396,0.7093711732414613,3.969067133089409,0.7442635522630606,0.3,0.1,0.6,0.5659055723884765,0.4260412108034974,0.7603564230274932,0.6243720693368557,0.7638911996615378,0.5594655323258607,0.682351488361731
"Murray Hill, Manhattan",Park_Ave_West/south_to_north/030_n00238_N.jpg,n00238,Park_Ave_West,south_to_north,W,30,N,0.212372895569828,0.20743919885550785,0.19473229706390324,0.6158443733820618,0.4606299212598426,0.7982515637953124,0.8245305164319249,0.791969421737814,0.0529376102292769,0.204848130496413,0.5145402905962462,0.6511553386391771,0.556479182799672,0.6999768746283717,3.91178938228977,0.7506855619705713,0.3,0.1,0.6,0.47566648802405087,0.2990032740911527,0.6336427821728882,0.43444668630366146,0.23832672400655064,0.5483110637976426,0.6882392788747408
"Murray Hill, Manhattan",Park_Ave_West/south_to_north/031_n00239_N.jpg,n00239,Park_Ave_West,south_to_north,W,31,N,0.1437933741869425,0.23447154471544707,0.20151100690373847,0.5694507148231754,0.2286947904869762,0.8068362480127186,0.6314035697728326,0.7851547929876911,0.07880896380504376,0.193258641935376,0.4797869478102695,0.7158640574496392,0.4984557755218558,0.4942094171120179,2.822352524507758,0.8839516798194625,0.4,0.2,0.4,0.4649201992956836,0.2648010550448468,0.5259565764846315,0.32674563453247446,0.21400533965074794,0.33704244483945134,0.8104195651266731
"Murray Hill, Manhattan",Park_Ave_West/south_to_north/032_n00240_N.jpg,n00240,Park_Ave_West,south_to_north,W,32,N,0.15629194132019056,0.17020465926409756,0.15975254730713248,0.732454259576901,0.4211893247358051,0.7840244212668531,0.7851542741527567,0.8122409553916404,0.06855660552158611,0.16208304929714018,0.3881718215136917,0.6984297853693162,0.5553172783553277,0.6963040063059334,2.1654803790170383,0.9754834771857198,0.4,0.2,0.4,0.5379892873359484,0.31171066895195354,0.5515104047564734,0.3485381789480868,0.15775122722399398,0.5439910716389893,0.8943372283998231
"Murray Hill, Manhattan",Park_Ave_West/south_to_north/033_n00241_N.jpg,n00241,Park_Ave_West,south_to_north,W,33,N,0.3338309412889755,0.3911203814064362,0.3863565162907268,0.5989750650145326,0.24825830653804934,0.7786900506404528,0.7190299387081565,0.7181589449939269,0.14554186098156782,0.3704359463287128,0.8854648862443565,0.7098022697056453,0.5275769148945504,0.6019636487455688,2.493916451762398,0.9285904685567515,0.4,0.2,0.4,0.6741372764689552,0.4951483293962052,0.7259791041326575,0.5816071070091449,0.6953345103434672,0.4403639773442008,0.8513450462159152
"Murray Hill, Manhattan",Park_Ave_West/south_to_north/034_n00242_N.jpg,n00242,Park_Ave_West,south_to_north,W,34,N,0.1331959567181126,0.15701318348822127,0.10178361636227702,0.5484374999999999,0.21517218973359328,0.694141046386192,0.771940583265195,0.7905959440661835,0.09211896394637513,0.13066425218953695,0.30321622534965376,0.6758021188841994,0.5515518304259178,0.6842294465538228,0.999852320331192,1.0,0.5,0.2,0.3,0.4543605917782164,0.25786104032071233,0.4543605917782164,0.25786104032071233,0.11384220505039341,0.5299487883233139,1.0
"Murray Hill, Manhattan",Park_Ave_West/south_to_north/036_n00244_N.jpg,n00244,Park_Ave_West,south_to_north,W,36,N,0.13139467115155462,0.13087975243147656,0.04463541666666667,0.25369645575125027,0.14711274060494958,0.6017685851318945,0.8384020274776577,0.7709589867310012,0.07504604051565382,0.10230328008323261,0.23642855277020347,0.5694507667593983,0.5614690182414375,0.7154566251644408,1.019346063643705,1.0,0.5,0.2,0.3,0.3929309074488724,0.2180792088531917,0.3929309074488724,0.2180792088531917,0.08375304705504683,0.5667728803589094,1.0
"Murray Hill, Manhattan",Tunnel_Exit_Street/north_to_south/001_n00266_S.jpg,n00266,Tunnel_Exit_Street,north_to_south,W,1,S,0.1488479631084407,0.1755516066933215,0.12194202898550725,0.4791666666666666,0.16283010049076888,0.667670265780731,0.7605215004574566,0.7613234644277508,0.058239284085727316,0.14878053292908983,0.35100293596737714,0.6613356106522096,0.5266947496569783,0.5987888645066437,9.799905987118391,0.3103713180699213,0.3,0.1,0.6,0.15991206273209527,0.09166828308207617,0.5152282231699962,0.3221485084671702,0.1376809425408453,0.437105537306579,0.28455287133951757
"Murray Hill, Manhattan",Tunnel_Exit_Street/north_to_south/002_n00265_S.jpg,n00265,Tunnel_Exit_Street,north_to_south,W,2,S,0.14755554242789778,0.17531887755102046,0.0812266394835202,0.38792838481635167,0.18354353626000486,0.6778914802475011,0.8002925746569814,0.7799160389202763,0.07618032681004976,0.13470035315414614,0.3135454348980431,0.627425442934616,0.5521296467957691,0.6860990903088301,9.71533561710696,0.3143336295771572,0.3,0.1,0.6,0.1689932314877672,0.09942491880652753,0.5376237716438345,0.34500310677540574,0.11882038503487281,0.5321072520062335,0.28818557530049244
"Murray Hill, Manhattan",Tunnel_Exit_Street/north_to_south/003_n00264_S.jpg,n00264,Tunnel_Exit_Street,north_to_south,W,3,S,0.14905919669723927,0.1802592785293097,0.116350846971002,0.5590444711538461,0.22928507328746636,0.6698548812664907,0.8349144345238096,0.795192379251321,0.062227524449157544,0.14855644073251698,0.35039060358677643,0.6665380930442901,0.5641114460747627,0.723456380665912,9.69355917805684,0.3153620684117744,0.3,0.1,0.6,0.18205604298457853,0.10997731095314206,0.5772921388467823,0.3803752487858361,0.13736198960834453,0.5764783037617635,0.2891284627593183
"Murray Hill, Manhattan",Tunnel_Exit_Street/north_to_south/004_n00263_S.jpg,n00263,Tunnel_Exit_Street,north_to_south,W,4,S,0.1753788017884579,0.30242047026279395,0.31431585292344794,0.6382312925170068,0.31821251688428637,0.7956523328945444,0.7265303724591705,0.7892039403620874,0.08877245508982039,0.26403837499156657,0.6831877748984414,0.7052237028424215,0.5348355893036927,0.6277400716057269,9.675040718458154,0.3162392891644278,0.3,0.1,0.6,0.20600532792133433,0.13362619068861517,0.6514223089282951,0.4608869074586964,0.3889822644495322,0.4673453239984702,0.28993271131397985
"Murray Hill, Manhattan",Tunnel_Exit_Street/north_to_south/005_n00262_S.jpg,n00262,Tunnel_Exit_Street,north_to_south,W,5,S,0.36803945794870035,0.6996135265700483,0.6794265910523,0.7069691748037527,0.3853523357086302,0.7564697790387757,0.7758648958845713,0.7915789809323385,0.12287749287749287,0.5823598585236829,0.9899324397748204,0.692695539377966,0.5634404565648008,0.72143821338727,9.523366418706786,0.32351656434713777,0.3,0.1,0.6,0.25559474073095506,0.20285008146622302,0.7900514808159818,0.6839073526965321,0.9666978995938414,0.5740190894683384,0.2966046214687108
"Murray Hill, Manhattan",Tunnel_Exit_Street/north_to_south/006_n00261_S.jpg,n00261,Tunnel_Exit_Street,north_to_south,W,6,S,0.33196596059720873,0.40507726269315675,0.3767326732673267,0.5131033768386161,0.2631042516016308,0.6981155163974547,0.9084535256410257,0.817365161661986,0.07475537530578087,0.3712586321858974,0.8864622928310082,0.6493715472114799,0.6001913542029309,0.8180021830357279,6.317946537625393,0.5232520600456988,0.3,0.1,0.6,0.428460736595946,0.33306088556982594,0.8188419488659556,0.6942746271373393,0.6974218451893719,0.7004688720762013,0.47972498569206795
"Murray Hill, Manhattan",Tunnel_Exit_Street/north_to_south/007_n00260_S.jpg,n00260,Tunnel_Exit_Street,north_to_south,W,7,S,0.3204675966324719,0.5498414136837336,0.3765626641453934,0.5479200286892594,0.23682208455602657,0.7388392857142856,0.8706315289648622,0.7974859353023911,0.08423093494183542,0.4156238914871996,0.9300518899351824,0.6833124099491727,0.5841161330696962,0.7793258369353073,6.341701619716582,0.5213908935809888,0.3,0.1,0.6,0.4228720402855209,0.33121745858292373,0.811046079806216,0.6928965311201755,0.7969652551514353,0.6475764794730634,0.47801864161083185
"Murray Hill, Manhattan",Tunnel_Exit_Street/north_to_south/008_n00259_S.jpg,n00259,Tunnel_Exit_Street,north_to_south,W,8,S,0.389978062199413,0.4665509259259259,0.4007679180887372,0.7583482705968266,0.4229719764011799,0.8141472138554217,0.7309087437953418,0.8071129583775498,0.2360034453057709,0.4190989687380253,0.9327165856260115,0.7165078360170227,0.5913417158262207,0.7974004675767813,1.418907628269052,1.0,0.4,0.2,0.4,0.8310260984649445,0.7311191378002959,0.8310260984649445,0.7311191378002959,0.8036294570638947,0.6718991021788967,1.0
"Murray Hill, Manhattan",Tunnel_Exit_Street/north_to_south/009_n00258_S.jpg,n00258,Tunnel_Exit_Street,north_to_south,W,9,S,0.30832306600040815,0.34016549001745994,0.3155933711489267,0.6646996737670312,0.432751687491024,0.7591809775429327,0.7557184750733138,0.7752558479532164,0.1067003488511969,0.3213606423889316,0.8109703647296165,0.6637096546063133,0.5458915572925757,0.6656049748125846,0.8685673993512552,1.0,0.5,0.2,0.3,0.7342823460840239,0.5623094476976597,0.7342823460840239,0.5623094476976597,0.5587954717063527,0.5087577615493244,1.0
"Murray Hill, Manhattan",Tunnel_Exit_Street/north_to_south/010_n00257_S.jpg,n00257,Tunnel_Exit_Street,north_to_south,W,10,S,0.20980802942547083,0.28709412248253185,0.2250633494586501,0.5016059957173448,0.516376358493375,0.7078857231823136,0.7545668827342369,0.7536842533789284,0.07059754281459422,0.2406551671222176,0.6196026462939125,0.5643717868020944,0.5262828929759198,0.5973037914530706,1.3637631882638068,1.0,0.4,0.2,0.4,0.5992892303416618,0.4078900994559422,0.5992892303416618,0.4078900994559422,0.3247141709403273,0.43558610776849666,1.0
"Murray Hill, Manhattan",Tunnel_Exit_Street/north_to_south/011_n00256_S.jpg,n00256,Tunnel_Exit_Street,north_to_south,W,11,S,0.28020162637920976,0.29474928072338674,0.2648622184920968,0.360884584890701,0.3394814814814815,0.5625814863102999,0.6592508278145696,0.49792452830188677,0.07351827305434577,0.2799377085315644,0.7229721186890657,0.5279948632398398,0.4102312097236007,0.2064379496126657,1.3409689913941498,1.0,0.4,0.2,0.4,0.4112352876194048,0.2694777327455323,0.4112352876194048,0.2694777327455323,0.4351670032739888,0.11921651051590745,1.0
"Murray Hill, Manhattan",Tunnel_Exit_Street/north_to_south/012_n00255_S.jpg,n00255,Tunnel_Exit_Street,north_to_south,W,12,S,0.4240589163226037,0.5384615384615384,0.5760851135978298,0.6411323051948052,0.46262129287959547,0.778954802259887,0.7274651109585908,0.7921981090170696,0.27659456461453136,0.5128685227939906,0.9771216983747923,0.6524886048583656,0.5987525948633972,0.8147671859715593,0.7925829160831487,1.0,0.4,0.2,0.4,0.8381224256819418,0.7703354632120574,0.8381224256819418,0.7703354632120574,0.9265164029392811,0.6959213345154323,1.0
"Murray Hill, Manhattan",Tunnel_Exit_Street/north_to_south/013_n00254_S.jpg,n00254,Tunnel_Exit_Street,north_to_south,W,13,S,0.15863811001867748,0.13682266009852218,0.07996785211975084,0.24016706129965795,0.13109184629803186,0.6344754837770988,0.7490946714950854,0.6763194444444446,0.061724057156242663,0.1251428740789835,0.2894029527671181,0.581183566259575,0.4957127243652575,0.48392825493380526,1.057500171657768,1.0,0.5,0.2,0.3,0.3881936598370858,0.21035089839666776,0.3881936598370858,0.21035089839666776,0.10732717596056798,0.3279111493130958,1.0
"Murray Hill, Manhattan",Tunnel_Exit_Street/north_to_south/014_n00253_S.jpg,n00253,Tunnel_Exit_Street,north_to_south,W,14,S,0.16315902211052816,0.17144515898535193,0.13613970995239677,0.2552290836653386,0.188084349593496,0.5780549530007231,0.8291744162016945,0.5219655797101449,0.04997842851749986,0.1569146303494256,0.37354828294161,0.5483998956908551,0.4670394748097797,0.37885573540218404,1.335803228763602,1.0,0.4,0.2,0.4,0.4056464849274184,0.23476084531599517,0.4056464849274184,0.23476084531599517,0.1496845687047467,0.24090091496799884,1.0
"Murray Hill, Manhattan",Tunnel_Exit_Street/north_to_south/015_n00252_S.jpg,n00252,Tunnel_Exit_Street,north_to_south,W,15,S,0.16322090265290337,0.16460732565579014,0.13872104733131926,0.3234398782343988,0.26036866359447003,0.6691130785958372,0.80537873965627,0.5137271214642262,0.06585948364471857,0.15551642521333758,0.3696303601850949,0.577394764411922,0.4616551149217383,0.36004397733032023,1.3858881780387082,1.0,0.4,0.2,0.4,0.3998930375124471,0.23007350973032023,0.3998930375124471,0.23007350973032023,0.1475615496214389,0.22644196554094956,1.0
"Murray Hill, Manhattan",Tunnel_Exit_Street/north_to_south/016_n00251_S.jpg,n00251,Tunnel_Exit_Street,north_to_south,W,16,S,0.18633680773927716,0.17966149706111464,0.15011081560283693,0.7379980960152319,0.6667254763585039,0.797647687784015,0.6260835303388496,0.7726304038968946,0.139679012345679,0.17203637346774292,0.41688755239361336,0.622973435813581,0.5127976488604744,0.5478443495324078,2.0741794495260635,0.9889347577533212,0.4,0.2,0.4,0.4983471658059338,0.28039497147101816,0.5039231980662581,0.3092581744671549,0.17427658620972977,0.38665992419254436,0.9066695551512343
"Murray Hill, Manhattan",Tunnel_Exit_Street/north_to_south/017_n00250_S.jpg,n00250,Tunnel_Exit_Street,north_to_south,W,17,S,0.34748581939407475,0.3293321959541799,0.2662831750669588,0.6575769132977372,0.5794453084499741,0.7957590015029733,0.5071127946127946,0.7240618101545254,0.16451805918189724,0.3143670634717378,0.7977684011590742,0.6246302021169121,0.4652308879830724,0.37249297671265186,1.2426030587470007,1.0,0.4,0.2,0.4,0.5601735045864172,0.39864698682961014,0.5601735045864172,0.39864698682961014,0.5380145048878175,0.2359748618216555,1.0
"Murray Hill, Manhattan",Tunnel_Exit_Street/north_to_south/018_n00249_S.jpg,n00249,Tunnel_Exit_Street,north_to_south,W,18,S,0.3998862079109478,0.527954360228199,0.47756410256410264,0.3127619446772842,0.24509092667827437,0.7202145214521453,0.8029494230561847,0.7051378446115287,0.07785173583920646,0.46846822356774975,0.9616397702788954,0.5959618464837183,0.5286463345023066,0.6058008390840625,1.0745547307551833,1.0,0.5,0.2,0.3,0.7607620859944201,0.6634850898303144,0.7607620859944201,0.6634850898303144,0.8809613943491893,0.44432095127356686,1.0
"Murray Hill, Manhattan",Tunnel_Exit_Street/north_to_south/019_n00248_S.jpg,n00248,Tunnel_Exit_Street,north_to_south,W,19,S,0.30401390132856604,0.25201064093046277,0.29894441695530266,0.44006012777151443,0.26788139429606156,0.8124174372523117,0.7612703662869044,0.7806264501160093,0.05091387352207396,0.2849896530714438,0.7349484132858942,0.6615320569092549,0.5309368966416625,0.6139753254441404,0.8372174521270959,1.0,0.5,0.2,0.3,0.6818422092002059,0.48702687826354146,0.6818422092002059,0.48702687826354146,0.4501222176456298,0.4528194647917924,1.0
"Murray Hill, Manhattan",Tunnel_Exit_Street/north_to_south/020_n00247_S.jpg,n00247,Tunnel_Exit_Street,north_to_south,W,20,S,0.37372798804774127,0.44014830508474573,0.4391659179395028,0.6271509060453785,0.392512077294686,0.809234097208139,0.7099973639119547,0.7911167512690356,0.1394074074074074,0.41768073702399655,0.931640651422772,0.6812909753196105,0.5468405075294658,0.6687656597551611,1.073048187513154,1.0,0.5,0.2,0.3,0.7922694900875086,0.6781485237475472,0.7922694900875086,0.6781485237475472,0.8009298529367981,0.5123147297235925,1.0
"Murray Hill, Manhattan",Tunnel_Exit_Street/north_to_south/021_n00246_S.jpg,n00246,Tunnel_Exit_Street,north_to_south,W,21,S,0.4294758617090323,0.6256422355038271,0.6488461538461539,0.7500350434538828,0.4018186003683241,0.8082075343397253,0.7456729605422416,0.838963116296575,0.2788269208142134,0.5679880836863377,0.9880600906930609,0.7188079924750945,0.62115433255101,0.8602436349088771,1.073048187513154,1.0,0.5,0.2,0.3,0.8894073185558056,0.8456815823560838,0.8894073185558056,0.8456815823560838,0.9606760787507388,0.7620544707301049,1.0
"Murray Hill, Manhattan",Tunnel_Exit_Street/south_to_north/001_n00246_N.jpg,n00246,Tunnel_Exit_Street,south_to_north,W,1,N,0.28687646296863717,0.2512931463244803,0.21557708996239514,0.6338582677165355,0.5146929099128901,0.7730659906276408,0.7170747150696496,0.6811936228235788,0.04970572498662388,0.2512488997518375,0.6490775169303873,0.6307437828104288,0.4826580209599507,0.43533182887107114,1.073048187513154,1.0,0.5,0.2,0.3,0.5724861773582639,0.3724038735047419,0.5724861773582639,0.3724038735047419,0.3531855438707001,0.28629061677918777,1.0
"Murray Hill, Manhattan",Tunnel_Exit_Street/south_to_north/002_n00247_N.jpg,n00247,Tunnel_Exit_Street,south_to_north,W,2,N,0.3523430979696194,0.35600060345477863,0.3086139487955606,0.34368695858549897,0.4166043147524629,0.7400305515356167,0.6995614035087719,0.6328979682964948,0.047084318360914125,0.33898588340665287,0.8412863695639473,0.5557043984562176,0.4598478967220603,0.3538218849154196,1.073048187513154,1.0,0.5,0.2,0.3,0.5971399132247772,0.4419974059634069,0.5971399132247772,0.4419974059634069,0.6101107717463651,0.22172875803631342,1.0
"Murray Hill, Manhattan",Tunnel_Exit_Street/south_to_north/003_n00248_N.jpg,n00248,Tunnel_Exit_Street,south_to_north,W,3,N,0.4891888299235856,0.7512617702448211,0.6648465381870093,0.5312190287413281,0.40816252362261957,0.6812637708530059,0.8258293838862559,0.7735296493779286,0.13770472061657033,0.635099046118472,0.994628107044386,0.6014400919905715,0.5790212512935848,0.7659027846504847,0.8372174521270959,1.0,0.5,0.2,0.3,0.8316123559568498,0.7792780645415938,0.8316123559568498,0.7792780645415938,0.9820338406708307,0.6299448061788575,1.0
"Murray Hill, Manhattan",Tunnel_Exit_Street/south_to_north/004_n00249_N.jpg,n00249,Tunnel_Exit_Street,south_to_north,W,4,N,0.40619282645670696,0.4270367358004609,0.396519259737465,0.42160263251511915,0.49747381392483064,0.6979069040924711,0.7868098159509204,0.7611363254328459,0.1396461892645099,0.4099162739982109,0.9254627779869037,0.5406785742275865,0.5625307768827588,0.7186877370481368,1.0745547307551833,1.0,0.5,0.2,0.3,0.7704232497878578,0.6624024551833664,0.7704232497878578,0.6624024551833664,0.7856569625092633,0.5706792288509641,1.0
"Murray Hill, Manhattan",Tunnel_Exit_Street/south_to_north/005_n00250_N.jpg,n00250,Tunnel_Exit_Street,south_to_north,W,5,N,0.2878438555104573,0.2689892344497608,0.22618356084809754,0.7622335973214861,0.4553226007737427,0.796769241504431,0.6628200026528717,0.6994029548674358,0.1473496432212029,0.26100555026943856,0.6752586105056625,0.7012267460173914,0.5031908669138367,0.5119634671212916,1.2426030587470007,1.0,0.4,0.2,0.4,0.6090533487578783,0.41726162763341484,0.6090533487578783,0.41726162763341484,0.38036809797028687,0.3530919353685857,1.0
"Murray Hill, Manhattan",Tunnel_Exit_Street/south_to_north/006_n00251_N.jpg,n00251,Tunnel_Exit_Street,south_to_north,W,6,N,0.16673275642433205,0.15580876888778797,0.09334035580524347,0.5874917654808959,0.4443526820827435,0.680028605841614,0.7957591293398093,0.7630243572395129,0.05649478726401802,0.13862729370578783,0.32377599735115375,0.6077225630799221,0.5384260912811134,0.6402366384296343,2.0741794495260635,0.9889347577533212,0.4,0.2,0.4,0.47702680410924936,0.26553111586501377,0.4823642817378236,0.2928642683063541,0.12384359167363988,0.4807726457743831,0.9066695551512343
"Murray Hill, Manhattan",Tunnel_Exit_Street/south_to_north/007_n00252_N.jpg,n00252,Tunnel_Exit_Street,south_to_north,W,7,N,0.15302205080812356,0.12690815006468306,0.05878856413825099,0.20019024558976128,0.1641234316717531,0.620429841897233,0.9158390628978864,0.7170388091440723,0.02258946109830044,0.11290625500368587,0.2601623444295267,0.5521655519384137,0.5518224443800863,0.6851058207543655,1.3858881780387082,1.0,0.4,0.2,0.4,0.4454661409414438,0.26778045849832877,0.4454661409414438,0.26778045849832877,0.09404828615308411,0.5309598255267248,1.0
"Murray Hill, Manhattan",Tunnel_Exit_Street/south_to_north/008_n00253_N.jpg,n00253,Tunnel_Exit_Street,south_to_north,W,8,N,0.1561164513478847,0.11509479824987849,0.041027393792090715,0.2124413145539906,0.16457528957528958,0.547532656023222,0.8401580459770116,0.4272260273972603,0.02752119589468986,0.10407954779661796,0.24029818345037784,0.5317995603339742,0.4316350897563206,0.26396257135365425,1.335803228763602,1.0,0.4,0.2,0.4,0.29246017128753066,0.15717332841791085,0.29246017128753066,0.15717332841791085,0.08540332336068227,0.15725279290134672,1.0
"Murray Hill, Manhattan",Tunnel_Exit_Street/south_to_north/009_n00254_N.jpg,n00254,Tunnel_Exit_Street,south_to_north,W,9,N,0.4041565402104372,0.4660822169687418,0.3732285890326556,0.6081757127192983,0.4749448580093742,0.7812571298197581,0.6452968202152097,0.7594507575757575,0.14941479400749058,0.41448911540394484,0.9291608060202817,0.6381626615098941,0.5180541239328192,0.5672922042976776,1.057500171657768,1.0,0.5,0.2,0.3,0.7433164836623591,0.6215917606705837,0.7433164836623591,0.6215917606705837,0.794752903165598,0.4055175913350649,1.0
"Murray Hill, Manhattan",Tunnel_Exit_Street/south_to_north/010_n00255_N.jpg,n00255,Tunnel_Exit_Street,south_to_north,W,10,N,0.3956121910819075,0.4560979971387697,0.4783836895111766,0.46589912280701756,0.45548344150441,0.6115243122200895,0.6704999201405526,0.5571884256094782,0.05946015867540533,0.4433646259106179,0.9488445289257774,0.5406466645075657,0.42904950147514537,0.2564966861648922,0.7925829160831487,1.0,0.4,0.2,0.4,0.5024506728439484,0.38939302978111867,0.5024506728439484,0.38939302978111867,0.8455768864973354,0.15218104641556093,1.0
"Murray Hill, Manhattan",Tunnel_Exit_Street/south_to_north/011_n00256_N.jpg,n00256,Tunnel_Exit_Street,south_to_north,W,11,N,0.17704403952788864,0.19666753562738962,0.152090047856236,0.433868501529052,0.3597277556440903,0.6219779389543669,0.7126960040465352,0.7678547854785479,0.03027812029045074,0.17526720767050474,0.4263415232984603,0.5653728949464428,0.5036096366051779,0.5135328313239442,1.3409689913941498,1.0,0.4,0.2,0.4,0.48595643286089696,0.29673255858674136,0.48595643286089696,0.29673255858674136,0.17992639559677584,0.3545280740884642,1.0
"Murray Hill, Manhattan",Tunnel_Exit_Street/south_to_north/012_n00257_N.jpg,n00257,Tunnel_Exit_Street,south_to_north,W,12,N,0.34359925206734665,0.4724273756770065,0.44614860259032046,0.5602722287504897,0.3982367758186398,0.7652410309101807,0.8269493177387913,0.7539280283831729,0.0512559125754363,0.42072507677822457,0.9339308773391479,0.6424254946140102,0.5440444195658001,0.6594100461545256,1.3637631882638068,1.0,0.4,0.2,0.4,0.7539675781947314,0.6374860005445517,0.7539675781947314,0.6374860005445517,0.8066906000231324,0.5018318826504352,1.0
"Murray Hill, Manhattan",Tunnel_Exit_Street/south_to_north/013_n00258_N.jpg,n00258,Tunnel_Exit_Street,south_to_north,W,13,N,0.3236935309606993,0.4340585549288209,0.4919339442535318,0.7625776808144916,0.6555578626799557,0.805128205128205,0.8108951707891637,0.8056070149438064,0.06579581751340924,0.41656201004768395,0.9307807096437516,0.6373826744209136,0.5607660010821265,0.7133049693665287,0.8685673993512552,1.0,0.5,0.2,0.3,0.7966843989862498,0.6878908983060836,0.7966843989862498,0.6878908983060836,0.7987807486707434,0.5641817828042947,1.0
"Murray Hill, Manhattan",Tunnel_Exit_Street/south_to_north/014_n00259_N.jpg,n00259,Tunnel_Exit_Street,south_to_north,W,14,N,0.37216012668025467,0.720168954593453,0.6994484010613043,0.7288290435335241,0.3341070453304205,0.7706777155306567,0.9265574395122881,0.7809080325960419,0.08805991855730078,0.5972591607783373,0.9915667992277256,0.72179990457792,0.5985084635552103,0.8142138784271832,1.418907628269052,1.0,0.4,0.2,0.4,0.8600180278065093,0.8009027530598892,0.8600180278065093,0.8009027530598892,0.9719974388394869,0.6951458519241742,1.0
"Murray Hill, Manhattan",Tunnel_Exit_Street/south_to_north/015_n00260_N.jpg,n00260,Tunnel_Exit_Street,south_to_north,W,15,N,0.3471204053369606,0.6379030161206448,0.6530969845150775,0.2627797943133696,0.30661541381928625,0.6548035298035297,0.9277432126696832,0.7524282560706402,0.0504866180048662,0.5460401353242276,0.9845181143377529,0.5369893034325377,0.5768860289150632,0.7601114147982391,6.341701619716582,0.5213908935809888,0.3,0.1,0.6,0.41366947126582715,0.3327680558915353,0.793396041930623,0.6961403320384542,0.9494264276716383,0.6224479813078351,0.47801864161083185
"Murray Hill, Manhattan",Tunnel_Exit_Street/south_to_north/016_n00261_N.jpg,n00261,Tunnel_Exit_Street,south_to_north,W,16,N,0.45288938089475356,0.754293688278231,0.7289912690988464,0.4413106364040944,0.3773375747059957,0.7340626688276607,0.8324479571564308,0.7700153964588144,0.0720827039274925,0.6453914460906103,0.9952492814191565,0.5993452435085864,0.5581820191809126,0.7053134963187011,6.317946537625393,0.5232520600456988,0.3,0.1,0.6,0.4026127568757611,0.31847236294211817,0.7694432332298863,0.6638644482581595,0.9840880443904503,0.5546289452987946,0.47972498569206795
"Murray Hill, Manhattan",Tunnel_Exit_Street/south_to_north/017_n00262_N.jpg,n00262,Tunnel_Exit_Street,south_to_north,W,17,N,0.1676285514409278,0.18577118831599915,0.17219360377763474,0.7129924393155592,0.4062950504565112,0.815511584990773,0.6948392880010245,0.8072721289897994,0.10849514563106799,0.17519778117818724,0.42613777647697837,0.7074029912832736,0.5368688542072972,0.6348389401653625,9.523366418706786,0.32351656434713777,0.3,0.1,0.6,0.18421557942889802,0.10953925326698581,0.569416220775738,0.36931067602579903,0.17980349942211604,0.47494452473719495,0.2966046214687108
"Murray Hill, Manhattan",Tunnel_Exit_Street/south_to_north/018_n00263_N.jpg,n00263,Tunnel_Exit_Street,south_to_north,W,18,N,0.13553189821845893,0.10924006908462869,0.052687725131615425,0.3998699112335476,0.1849005424954792,0.6827127659574468,0.8167088726317764,0.7455368060650525,0.0404569490172603,0.09915323081156767,0.229672524359614,0.6325607115651717,0.5342342092380297,0.6256296743708972,9.675040718458154,0.3162392891644278,0.3,0.1,0.6,0.14663888965613048,0.0822841358461571,0.4636959880715074,0.2838042505560826,0.08089755673743258,0.46510044426964287,0.28993271131397985
"Murray Hill, Manhattan",Tunnel_Exit_Street/south_to_north/019_n00264_N.jpg,n00264,Tunnel_Exit_Street,south_to_north,W,19,N,0.14001470187166018,0.17271692385529977,0.08253172329103564,0.5637353998203055,0.2230104873534855,0.7591647529131581,0.8272451631533353,0.8084571979080649,0.04592476489028211,0.1317544496726652,0.305987312380543,0.699963221793326,0.5605423753172274,0.71261850348403,9.69355917805684,0.3153620684117744,0.3,0.1,0.6,0.17407734736155248,0.1033876838270896,0.5519920269366584,0.3575839017729413,0.11516866490934073,0.5633568270826897,0.2891284627593183
"Murray Hill, Manhattan",Tunnel_Exit_Street/south_to_north/020_n00265_N.jpg,n00265,Tunnel_Exit_Street,south_to_north,W,20,N,0.14399861589731763,0.1728426182673725,0.12468893254747877,0.6599936447410233,0.305268875611081,0.7518459915611815,0.8225870058168195,0.7859230942208231,0.051629544710121156,0.14717672223738965,0.3466314319372517,0.7021902535637079,0.5533798815825879,0.6901238181408571,9.71533561710696,0.3143336295771572,0.3,0.1,0.6,0.1767473533259403,0.10512096176037257,0.5622922165970644,0.3647682978260187,0.13541188773151708,0.5367733535834421,0.28818557530049244
"Murray Hill, Manhattan",Tunnel_Exit_Street/south_to_north/021_n00266_N.jpg,n00266,Tunnel_Exit_Street,south_to_north,W,21,N,0.3026704488144636,0.2743207712532865,0.2547817199591181,0.6711220221858519,0.3594339622641509,0.8129714172290591,0.7284201453023026,0.7701391817798399,0.08844979647218454,0.2772576466756227,0.7164848943662407,0.70821982571692,0.5290030411847756,0.6070778695294401,9.799905987118391,0.3103713180699213,0.3,0.1,0.6,0.20109771735008575,0.131155101679964,0.6479262278506737,0.46091645838103235,0.4272791262155313,0.4456424041646491,0.28455287133951757
"Murray Hill, Manhattan",east_34th_street/east_to_west/001_n00313_W.jpg,n00313,east_34th_street,east_to_west,W,1,W,0.32959960228470425,0.34408658922914465,0.3295538057742782,0.6912719633307868,0.6160906443853652,0.827287768868525,0.7189360119047619,0.7921981090170696,0.16191555987474357,0.33441333242937565,0.8338219365176066,0.6341563626046488,0.5576832269321916,0.703756028747813,0.422451609965888,1.0,0.4,0.2,0.4,0.7376280930565127,0.5859287629148769,0.7376280930565127,0.5859287629148769,0.5969823650052661,0.5527800556467519,1.0
"Murray Hill, Manhattan",east_34th_street/east_to_west/002_n00312_W.jpg,n00312,east_34th_street,east_to_west,W,2,W,0.3198487847299401,0.3134266886326194,0.2809217214503558,0.5056736050881758,0.5543913994169096,0.8206013363028953,0.6921138557637706,0.7675428657753608,0.1585281246664532,0.30473239827097176,0.7784728187311919,0.5906278473247204,0.5393949487351948,0.643577179098822,0.422451609965888,1.0,0.4,0.2,0.4,0.6826536545762047,0.5141555219108005,0.6826536545762047,0.5141555219108005,0.5091829781474283,0.4844014386771153,1.0
"Murray Hill, Manhattan",east_34th_street/east_to_west/003_n00311_W.jpg,n00311,east_34th_street,east_to_west,W,3,W,0.27289512469941407,0.27649527806925495,0.2003189792663477,0.6037308228730822,0.5524594907407407,0.8000790201501383,0.7548711227610311,0.7752697331061897,0.12461443553362121,0.24990312734500555,0.6453903059746996,0.6171167840941598,0.551585097133614,0.6843372504700789,0.4234952088697344,1.0,0.4,0.2,0.4,0.6548027867250703,0.4625824926826804,0.6548027867250703,0.4625824926826804,0.3495051218858701,0.5300730890484047,1.0
"Murray Hill, Manhattan",east_34th_street/east_to_west/004_n00310_W.jpg,n00310,east_34th_street,east_to_west,W,4,W,0.262680688451715,0.2776237013558725,0.2110252808988764,0.7010429532043365,0.5305810397553516,0.8076206355433504,0.7718078655578656,0.8036407463060357,0.12800417972831765,0.2504432235688213,0.6468721922235414,0.6593608496641117,0.5678175971974063,0.7344393091280466,0.5391612300013943,1.0,0.4,0.2,0.4,0.6831788132618721,0.49008967274016485,0.6831788132618721,0.49008967274016485,0.3509800542325969,0.5899902878397864,1.0
"Murray Hill, Manhattan",east_34th_street/east_to_west/005_n00309_W.jpg,n00309,east_34th_street,east_to_west,W,5,W,0.34981306078889257,0.3445463154269972,0.26827242524916944,0.6189688143571638,0.5633720248563724,0.7731390882075814,0.7644804775734108,0.790824285536004,0.14739267251067653,0.32087726715501974,0.8100795582182008,0.6095786259027909,0.5675658118733637,0.73370204082329,0.6831143529456192,1.0,0.4,0.2,0.4,0.7355715207491043,0.5801368293959166,0.7355715207491043,0.5801368293959166,0.5573649139351167,0.5890763686587628,1.0
"Murray Hill, Manhattan",east_34th_street/east_to_west/006_n00308_W.jpg,n00308,east_34th_street,east_to_west,W,6,W,0.36727727897170787,0.36913895993179874,0.3328608551854477,0.6632878615637235,0.60718303521206,0.805638276752035,0.638256061817213,0.7877229080932784,0.169919073960254,0.3564256980296514,0.8672786354062818,0.6205810343678995,0.5319660146235817,0.6176274902695204,0.6854212663917486,1.0,0.4,0.2,0.4,0.708131324814185,0.5621345584734151,0.708131324814185,0.5621345584734151,0.6585986691219117,0.4566470065797451,1.0
"Murray Hill, Manhattan",east_34th_street/east_to_west/007_n00307_W.jpg,n00307,east_34th_street,east_to_west,W,7,W,0.3361046255841445,0.2846908889416608,0.24558641091707223,0.6849091146854976,0.6403190145293746,0.8286846038863976,0.712947543713572,0.8232541396688265,0.18089430894308944,0.28879397514762584,0.7437454783919133,0.6244249013475069,0.5723653307751626,0.7475296137027385,0.6888056744165885,1.0,0.4,0.2,0.4,0.7196430557604652,0.546818905345751,0.7196430557604652,0.546818905345751,0.4614454280991397,0.6063848586672348,1.0
"Murray Hill, Manhattan",east_34th_street/east_to_west/008_n00306_W.jpg,n00306,east_34th_street,east_to_west,W,8,W,0.1869915344068501,0.19011413982128103,0.18912415784408085,0.7034269048487057,0.6093960863697706,0.8185476144855336,0.6918975159318507,0.7924721734036321,0.1486444855206408,0.18874327735740398,0.46628108830562387,0.6375261443214895,0.5443380582853745,0.6603985683977817,0.6851645241255214,1.0,0.4,0.2,0.4,0.5705335259657501,0.36832622605749454,0.5705335259657501,0.36832622605749454,0.2050323895900418,0.5029330024032224,1.0
"Murray Hill, Manhattan",east_34th_street/east_to_west/009_n00305_W.jpg,n00305,east_34th_street,east_to_west,W,9,W,0.31801310864656673,0.27567710882688856,0.2130579553635709,0.5993455861876914,0.7427671779523631,0.7301817012381412,0.7664274322169059,0.7758133443617314,0.11605988262210287,0.26891605761234205,0.6957186749943405,0.5289200364911565,0.5527668864002467,0.6881540262065532,0.7030886789642311,1.0,0.4,0.2,0.4,0.655731022260607,0.47639413774102374,0.655731022260607,0.47639413774102374,0.40298087483791356,0.534486298557716,1.0
"Murray Hill, Manhattan",east_34th_street/east_to_west/010_n00304_W.jpg,n00304,east_34th_street,east_to_west,W,10,W,0.353398463878052,0.33013319494897075,0.25086609429130896,0.5085784313725491,0.6541875148915892,0.7832919768403639,0.6683168316831684,0.7893248108147821,0.1208791208791209,0.31146591770611054,0.7920935051838153,0.5458942977737746,0.526173587792357,0.5969093577440486,1.328572605713816,1.0,0.4,0.2,0.4,0.6565920914738909,0.4924792408994646,0.6565920914738909,0.4924792408994646,0.5293507862426329,0.4351830588402988,1.0
"Murray Hill, Manhattan",east_34th_street/east_to_west/011_n00303_W.jpg,n00303,east_34th_street,east_to_west,W,11,W,0.4046381005666484,0.44113475177304956,0.35608134532655455,0.6917191719171917,0.6882667710780476,0.8177047942619856,0.7027834351663271,0.8099902424378893,0.12401168786524575,0.4006180658887508,0.9173911252200263,0.6070523983670433,0.5455951218231541,0.6646145603001095,2.18437605232461,0.9727225292166076,0.4,0.2,0.4,0.7222440370579014,0.5532134187231204,0.7424974906662933,0.6203293638504997,0.7662692960978622,0.5076464281347279,0.8918059517434767
"Murray Hill, Manhattan",east_34th_street/east_to_west/012_n00302_W.jpg,n00302,east_34th_street,east_to_west,W,12,W,0.30925039278732236,0.2983478423663765,0.2337164750957855,0.7551759834368531,0.7183241614255765,0.8414694280078896,0.7029652351738241,0.8257381258023107,0.2359629270395517,0.2804382367498281,0.724173476290096,0.626107083339722,0.5882220960052288,0.7897354373642844,1.3094126792753136,1.0,0.4,0.2,0.4,0.7282146633246291,0.5541062229037844,0.7282146633246291,0.5541062229037844,0.4366439120621481,0.6615015268435221,1.0
"Murray Hill, Manhattan",east_34th_street/east_to_west/013_n00301_W.jpg,n00301,east_34th_street,east_to_west,W,13,W,0.4058641705431779,0.39232905501763865,0.41201159951159955,0.7705623625510524,0.54638515674984,0.8162689933523266,0.6915385472370766,0.8236365176151761,0.24425574425574417,0.40340160835747196,0.9198874865259014,0.6801487330511796,0.5864769363693323,0.7853556239449736,0.4344493062260171,1.0,0.4,0.2,0.4,0.8129076420842275,0.7051345640791624,0.8129076420842275,0.7051345640791624,0.7721984223974692,0.655615407907224,1.0
"Murray Hill, Manhattan",east_34th_street/east_to_west/014_n00300_W.jpg,n00300,east_34th_street,east_to_west,W,14,W,0.2925868215018495,0.2522178304787001,0.2080710038474991,0.6181934285382562,0.5090605627086314,0.8169384252306372,0.7272319425751458,0.7823594419118662,0.07761024643320362,0.2509585519426829,0.6482834945274761,0.642023763686754,0.5290672103067385,0.6073074439278845,0.4340061692338997,1.0,0.4,0.2,0.4,0.6303469389854636,0.43652280001373933,0.6303469389854636,0.43652280001373933,0.3523900077545991,0.44588020674177525,1.0
"Murray Hill, Manhattan",east_34th_street/east_to_west/015_n00299_W.jpg,n00299,east_34th_street,east_to_west,W,15,W,0.3428379472829685,0.32679045092838194,0.28486159169550174,0.670961485175949,0.37688010313708636,0.8059230674996938,0.6348940914158305,0.8095816100221782,0.11214800261951537,0.3181633299689507,0.8050184032121864,0.7000014831795187,0.5188745680191746,0.5703106043356617,0.4324516973805383,1.0,0.4,0.2,0.4,0.6820036426855028,0.5121772878514768,0.6820036426855028,0.5121772878514768,0.5493159466796433,0.40848781218515623,1.0
"Murray Hill, Manhattan",east_34th_street/east_to_west/016_n00298_W.jpg,n00298,east_34th_street,east_to_west,W,16,W,0.28345614461190527,0.30275415147833135,0.24444802059864826,0.6256749076442171,0.30985812490858566,0.8044108821764353,0.6902200791295746,0.807553003533569,0.06657321999155963,0.2768861055629616,0.7155783479887962,0.7067425549706889,0.5214487675515678,0.5797461771448941,0.5567035821394108,1.0,0.4,0.2,0.4,0.6561608013655158,0.4678438397118324,0.6561608013655158,0.4678438397118324,0.42618843627782904,0.4178496140112809,1.0
"Murray Hill, Manhattan",east_34th_street/east_to_west/017_n00297_W.jpg,n00297,east_34th_street,east_to_west,W,17,W,0.34897594976313423,0.363989921121823,0.3155993431855501,0.6610325948561243,0.3681311018131102,0.7938209547257556,0.7203003003003002,0.8191895356289693,0.15034496962207808,0.34285507135683574,0.8473881205109611,0.6955741492562566,0.5632782685171158,0.7209490379989619,0.574070097737624,1.0,0.4,0.2,0.4,0.7635956784619452,0.615350998145638,0.7635956784619452,0.615350998145638,0.6210972557357338,0.5734241064417329,1.0
"Murray Hill, Manhattan",east_34th_street/east_to_west/018_n00296_W.jpg,n00296,east_34th_street,east_to_west,W,18,W,0.3359240475988557,0.3360765932708379,0.28077362804878053,0.6570724893398029,0.3934590690208668,0.7675397013510311,0.6771983250856489,0.7926102915714385,0.08001511268808725,0.3175914229728247,0.8039389236042074,0.6770510405566557,0.5166079097817249,0.561959557931789,2.1072034602989045,0.9840480822535964,0.4,0.2,0.4,0.6623870734772871,0.4547432788924276,0.6731247033786557,0.5040441491001602,0.5476163480969451,0.4002988431045717,0.9021893810378586
"Murray Hill, Manhattan",east_34th_street/east_to_west/019_n00295_W.jpg,n00295,east_34th_street,east_to_west,W,19,W,0.324802530725393,0.2767419245729748,0.22892482034273076,0.5325581395348836,0.37269012082444924,0.7072884587182872,0.6778525771793825,0.7650455927051673,0.13579258828094684,0.2768230918803662,0.715424423849625,0.6223854924762404,0.5262302527218322,0.5971138519076421,0.5884771453082882,1.0,0.4,0.2,0.4,0.6472324088932551,0.46358496717627234,0.6472324088932551,0.46358496717627234,0.4260035252530383,0.43539199288298797,1.0
"Murray Hill, Manhattan",east_34th_street/east_to_west/020_n00294_W.jpg,n00294,east_34th_street,east_to_west,W,20,W,0.34835302794260037,0.3664597640429654,0.31948356807511735,0.6817025440313111,0.34094001236858373,0.7931698890439174,0.6582543606647439,0.7978044269434998,0.3201167870197022,0.344765453353561,0.8503292111028642,0.7113108069022149,0.592058524875982,0.7991319535164235,0.596326346044944,1.0,0.4,0.2,0.4,0.8003761141041296,0.6617686675077153,0.8003761141041296,0.6617686675077153,0.6264770526434422,0.6742650223343005,1.0
"Murray Hill, Manhattan",east_34th_street/east_to_west/021_n00293_W.jpg,n00293,east_34th_street,east_to_west,W,21,W,0.29724317003046685,0.3398940795194056,0.27774610414291145,0.6577560824422749,0.496253543944917,0.8110236220472441,0.7615015850923993,0.8195073533523458,0.13712636236106612,0.3049611178975946,0.7789457772742657,0.657508720181534,0.5727117669352704,0.7485090903200131,0.5901320476112383,1.0,0.4,0.2,0.4,0.7410747666572153,0.5754635453028134,0.7410747666572153,0.5754635453028134,0.5098688878619766,0.607624493060506,1.0
"Murray Hill, Manhattan",east_34th_street/east_to_west/022_n00292_W.jpg,n00292,east_34th_street,east_to_west,W,22,W,0.20303924666518658,0.23603692250023425,0.17333869239013935,0.681433659839715,0.5024053677680719,0.8416863983162326,0.715565749235474,0.798380355276907,0.12287749287749287,0.2041382871851867,0.5124123108678295,0.6735715634626253,0.5456078657966246,0.6646571688257032,0.5894396713075362,1.0,0.4,0.2,0.4,0.600570019279931,0.39596655182539936,0.600570019279931,0.39596655182539936,0.23678390268470031,0.5076942067885659,1.0
"Murray Hill, Manhattan",east_34th_street/east_to_west/023_n00291_W.jpg,n00291,east_34th_street,east_to_west,W,23,W,0.24069526282271875,0.21185698359611407,0.17772349361446813,0.7604689276874708,0.5900374855824683,0.8457692307692307,0.6738354207866403,0.8257381258023107,0.16649043303121855,0.2100919133444336,0.5302387924034975,0.6720668909580777,0.5553546598733898,0.6964225663460168,2.7167265239992906,0.8980684590172329,0.4,0.2,0.4,0.5568390413410446,0.3423627351712758,0.6200407505129399,0.41581069136686627,0.24993672652078883,0.5441301637783488,0.8233620305573434
"Murray Hill, Manhattan",east_34th_street/east_to_west/024_n00290_W.jpg,n00290,east_34th_street,east_to_west,W,24,W,0.3223424692804227,0.31530958439355383,0.2674637945722283,0.7580108412240977,0.28192616129520354,0.8273426323319027,0.6560185185185184,0.7911231884057971,0.1540519877675841,0.3017052827487349,0.7721450877034407,0.7678091040869321,0.5337312315639665,0.6238609160485997,1.6452684618290123,1.0,0.4,0.2,0.4,0.7082153378296244,0.5109528345243102,0.7082153378296244,0.5284339705191756,0.5001026642866918,0.46322397022240397,0.9669189776393622
"Murray Hill, Manhattan",east_34th_street/east_to_west/025_n00289_W.jpg,n00289,east_34th_street,east_to_west,W,25,W,0.2080032388365952,0.1865998747651847,0.17617168818747012,0.6615096108766995,0.2849509588640023,0.8107690144805285,0.6658397233498722,0.8061965386910682,0.07218144174665915,0.1902582672630833,0.47080803850090525,0.7291092221644085,0.5147392345958665,0.5550480823951845,1.6440232436558695,1.0,0.4,0.2,0.4,0.5488179517603898,0.33364290550705944,0.5488179517603898,0.3449933244766185,0.20801149607866207,0.39358913012928226,0.967099598269681
"Murray Hill, Manhattan",east_34th_street/east_to_west/026_n00288_W.jpg,n00288,east_34th_street,east_to_west,W,26,W,0.26840036765175673,0.22981663929939788,0.20863453815261046,0.5933831805756552,0.24492753623188404,0.8107690144805285,0.6564760712298275,0.795171659143756,0.09762071378586423,0.235617181701255,0.605254118473628,0.7197415529414332,0.5164228147198159,0.5612759929602499,1.6260009723970543,1.0,0.4,0.2,0.4,0.6079683952137945,0.39462469068142325,0.6079683952137945,0.4069480817411148,0.3116006853288988,0.39963252006133543,0.9697175349568763
"Murray Hill, Manhattan",east_34th_street/east_to_west/027_n00287_W.jpg,n00287,east_34th_street,east_to_west,W,27,W,0.19993832862586183,0.2395368441931965,0.1848046309696092,0.7904963713921666,0.3635375923511517,0.8294577292411974,0.6256537823702003,0.8232541396688265,0.14960574486060263,0.20809326792955582,0.5242607375590117,0.7521388360940707,0.532837888966543,0.6207112794050658,1.6966815011061032,1.0,0.4,0.2,0.4,0.6028848788790132,0.3787573470455306,0.6028848788790132,0.39474827570158766,0.24546755110171556,0.45989374983102554,0.9594908207575161
"Murray Hill, Manhattan",east_34th_street/east_to_west/028_n00286_W.jpg,n00286,east_34th_street,east_to_west,W,28,W,0.3440055652272081,0.3641726231650142,0.31584889539851096,0.7226855443496251,0.4998723838693211,0.8169409009675234,0.7516980483191471,0.8232160063481267,0.16865869853917662,0.34134236126357775,0.8450257773678744,0.6799180204826091,0.5811909177354835,0.7716873934532831,1.402306013708576,1.0,0.4,0.2,0.4,0.7802178023772126,0.6373020957528905,0.7802178023772126,0.6373020957528905,0.6168160304074894,0.637498898420585,1.0
"Murray Hill, Manhattan",east_34th_street/east_to_west/029_n00285_W.jpg,n00285,east_34th_street,east_to_west,W,29,W,0.25724855919926143,0.2224119035575788,0.20192958700067706,0.6203129613227044,0.46920144462279295,0.8183141599204659,0.747167355688256,0.8038497652582159,0.11807653575025179,0.22719668325250575,0.5808734945474812,0.6564752255401257,0.5563645522322411,0.6996156483172677,1.0464316325353402,1.0,0.5,0.2,0.3,0.6294225565366475,0.4135330801798374,0.6294225565366475,0.4135330801798374,0.29034840563760345,0.5478851770422452,1.0
"Murray Hill, Manhattan",east_34th_street/east_to_west/030_n00284_W.jpg,n00284,east_34th_street,east_to_west,W,30,W,0.26034927047717005,0.25103014530470613,0.21213217559093098,0.7296957956665232,0.439592123769339,0.8419764821856077,0.6895888510530962,0.799031007751938,0.2121998883305416,0.24117053045760237,0.6210591883134433,0.7106933846942639,0.5669399157118586,0.7318636753830662,0.6057747224626009,1.0,0.4,0.2,0.4,0.6813366142789489,0.4820124980244708,0.6813366142789489,0.4820124980244708,0.326071713021555,0.5868018661500011,1.0
"Murray Hill, Manhattan",east_34th_street/east_to_west/031_n00283_W.jpg,n00283,east_34th_street,east_to_west,W,31,W,0.26496629784360537,0.27264670211773484,0.20803698435277376,0.7539975399753996,0.45308370044052865,0.8370028409090908,0.6705822912719465,0.8205395444384025,0.1760426515390272,0.2485499947713713,0.641665432190725,0.7126388934813206,0.555721495749792,0.6975846439891242,1.0315913494290696,1.0,0.5,0.2,0.3,0.6719041129544141,0.4581817004362927,0.6719041129544141,0.4581817004362927,0.34582256450706295,0.545494747477368,1.0
"Murray Hill, Manhattan",east_34th_street/east_to_west/032_n00282_W.jpg,n00282,east_34th_street,east_to_west,W,32,W,0.30692145671514853,0.3064495530012772,0.25155889928155073,0.7638689622190339,0.4719348659003832,0.7891908975979772,0.7473171050909566,0.8281096160157532,0.15910689170182843,0.2883099696659921,0.7426369637310541,0.6937083313055425,0.5781778709361793,0.7636269422037719,1.4574079763955383,1.0,0.4,0.2,0.4,0.7407957871643717,0.5621756279272442,0.7407957871643717,0.5652543505717721,0.4600023722792315,0.6269909287902766,0.994553385318638
"Murray Hill, Manhattan",east_34th_street/east_to_west/033_n00281_W.jpg,n00281,east_34th_street,east_to_west,W,33,W,0.4008654232163756,0.3971867355259581,0.33386449480642116,0.6313106261022927,0.31594336718990457,0.769752805580831,0.7361475922451531,0.8069074778200253,0.19993141289437588,0.37730555118291825,0.8935632885261794,0.6950400214977397,0.5809954943198514,0.7711705192469622,1.9139474344249787,1.0,0.4,0.2,0.4,0.801147085566586,0.6295249834111265,0.801147085566586,0.6778377555294167,0.712511640404052,0.6368212079202277,0.9287251680447394
"Murray Hill, Manhattan",east_34th_street/east_to_west/034_n00280_W.jpg,n00280,east_34th_street,east_to_west,W,34,W,0.36962075276267226,0.3140018880878819,0.2538493549729505,0.7661827853617894,0.34834070796460176,0.8003347680535629,0.6076275787187839,0.8108947573680986,0.2110455412494039,0.31249066527450153,0.7941113142351268,0.7393922818169167,0.5431892924454287,0.6565234083617076,1.7941717324157451,1.0,0.4,0.2,0.4,0.7254836382073302,0.5236898060310499,0.7254836382073302,0.5538398695224671,0.5324132915644261,0.49862516761056386,0.9455617676686705
"Murray Hill, Manhattan",east_34th_street/east_to_west/035_n00279_W.jpg,n00279,east_34th_street,east_to_west,W,35,W,0.3558394952377944,0.36830188679245285,0.31304347826086953,0.5595076272466395,0.42110716400236825,0.7637934981684982,0.49757142857142855,0.7828865234246666,0.09456355283307809,0.3457282867637056,0.8517937381103172,0.6340646538042565,0.4583405016097244,0.3486695535729192,1.878414933514276,1.0,0.4,0.2,0.4,0.5617280309778149,0.38494786749124466,0.5617280309778149,0.4122873101898798,0.62917675478452,0.21785146187490392,0.9336883721062288
"Murray Hill, Manhattan",east_34th_street/east_to_west/036_n00278_W.jpg,n00278,east_34th_street,east_to_west,W,36,W,0.364877081850231,0.38948508665860543,0.32870566624275815,0.7529659188955997,0.5293084319526628,0.80645626170918,0.6064400715563506,0.8247030951941419,0.13811756220699603,0.36102261158386484,0.8735006096811115,0.676704582884039,0.5230869096524962,0.5857209363506539,1.778187956861869,1.0,0.4,0.2,0.4,0.7073940583590946,0.5300929414235886,0.7073940583590946,0.5592691549848181,0.6708912045450466,0.4238386053923745,0.9478315345997912
"Murray Hill, Manhattan",east_34th_street/east_to_west/037_n00277_W.jpg,n00277,east_34th_street,east_to_west,W,37,W,0.21519195681523925,0.2364466705951679,0.1663795803319762,0.7381154499151105,0.5152992147305714,0.824175223945816,0.486491739552964,0.796851525246587,0.12906440109083284,0.20600606924746112,0.5180104121706508,0.682330486376785,0.47080255529679454,0.39222676939126905,1.549998279886391,1.0,0.4,0.2,0.4,0.4897215813930223,0.29595640023318587,0.4897215813930223,0.30173893626101256,0.2408582550857468,0.2513734835742247,0.9808359633679339
"Murray Hill, Manhattan",east_34th_street/east_to_west/038_n00276_W.jpg,n00276,east_34th_street,east_to_west,W,38,W,0.3215099210201229,0.30191373893173384,0.3042995559144126,0.6926495393797847,0.4633096833530417,0.8496582315299593,0.5149312070043778,0.8126459793126459,0.13000664388762337,0.30924107195542305,0.7876625258889111,0.6929993625189008,0.48586127673488233,0.44717762781082765,0.9275831962095672,1.0,0.5,0.2,0.3,0.6478294385580173,0.46639046486204383,0.6478294385580173,0.46639046486204383,0.5226944279871432,0.29620828531779514,1.0
"Murray Hill, Manhattan",east_34th_street/east_to_west/039_n00275_W.jpg,n00275,east_34th_street,east_to_west,W,39,W,0.3125098869264268,0.24626865671641793,0.2646358280055159,0.7209763390535621,0.2464223130841122,0.8129296475062162,0.4222994314592545,0.8028641072516759,0.08369968737788203,0.2744714572161202,0.7096443723466866,0.762494557825222,0.4362877420296041,0.2777431877626393,0.9477462471733412,1.0,0.5,0.2,0.3,0.5433263351812473,0.3582739295519343,0.5433263351812473,0.3582739295519343,0.41911797217118185,0.1667243569828196,1.0
"Murray Hill, Manhattan",east_34th_street/east_to_west/040_n00274_W.jpg,n00274,east_34th_street,east_to_west,W,40,W,0.3617509052202687,0.39734616506270054,0.3609883635292384,0.8143566892030322,0.3952358926919519,0.836578227397086,0.6711959739490823,0.8352506868131867,0.23777737137283586,0.37336181127073587,0.8889777657761004,0.7518996746360553,0.5814080107117016,0.7722606168209155,0.9679092981371156,1.0,0.5,0.2,0.3,0.8241506303521668,0.6920236319974419,0.8241506303521668,0.6920236319974419,0.7027210310687221,0.6382510943956947,1.0
"Murray Hill, Manhattan",east_34th_street/east_to_west/041_n00273_W.jpg,n00273,east_34th_street,east_to_west,W,41,W,0.20351836348478827,0.23511722731906218,0.18619691941111394,0.6717718839496949,0.45240549828178694,0.8222970445192668,0.3857753952783192,0.7930732337207157,0.1061689549961861,0.2082775034049881,0.5248121129317309,0.6805544767290582,0.42833919466507364,0.25447006525629234,0.6986273992635299,1.0,0.4,0.2,0.4,0.41383650685576506,0.24787553025667905,0.41383650685576506,0.24787553025667905,0.24587725566186563,0.150811457077485,1.0
"Murray Hill, Manhattan",east_34th_street/east_to_west/042_n00272_W.jpg,n00272,east_34th_street,east_to_west,W,42,W,0.27440881996593763,0.3215864440078586,0.2591986917416189,0.8024889107934944,0.25440057088487156,0.821350147437104,0.639969777106158,0.8271302348099733,0.19259507081521132,0.28506465190513836,0.7351236928035996,0.7898128291152423,0.5532316942437808,0.6896482629053892,0.7008658316809017,1.0,0.4,0.2,0.4,0.7269425054635101,0.5403316047127209,0.7269425054635101,0.5403316047127209,0.45034498515251886,0.5362206119698835,1.0
"Murray Hill, Manhattan",east_34th_street/east_to_west/043_n00271_W.jpg,n00271,east_34th_street,east_to_west,W,43,W,0.1854689008905027,0.3064509252153151,0.23932367149758452,0.7969335795422752,0.3151390690301196,0.8531698958745223,0.718242883745677,0.8389349149563797,0.24770266868076543,0.2437478325344674,0.6283101141274855,0.7783214687955592,0.6016268224609407,0.8211858325422325,0.6417952185851507,1.0,0.4,0.2,0.4,0.7299246016941141,0.5326317319513197,0.7299246016941141,0.5326317319513197,0.3329042349700258,0.7049669642466717,1.0
"Murray Hill, Manhattan",east_34th_street/east_to_west/044_n00270_W.jpg,n00270,east_34th_street,east_to_west,W,44,W,0.2171823964629559,0.2893102250021718,0.21613979118329466,0.807187685981713,0.31253801703163026,0.8263239875389408,0.6898317281080483,0.8727475126974188,0.17973231357552585,0.24087747088280742,0.6202311965479725,0.7736578854963412,0.5807705181269975,0.770574462772106,1.1707212540674306,1.0,0.5,0.2,0.3,0.6918803210900193,0.4730388601815736,0.6918803210900193,0.4730388601815736,0.3252993918029139,0.6360403608630881,1.0
"Murray Hill, Manhattan",east_34th_street/east_to_west/045_n00269_W.jpg,n00269,east_34th_street,east_to_west,W,45,W,0.17056711669597968,0.20511409942950287,0.17867889045604132,0.785536904312838,0.3249117387466902,0.8418095801301005,0.6829587346890236,0.8593114837398375,0.13965517241379313,0.18478670219384127,0.4544864427346045,0.767478248565416,0.5606417969475513,0.7129238199805408,1.879227214714084,1.0,0.4,0.2,0.4,0.6042808597920012,0.3678995728436131,0.6042808597920012,0.39407623812483034,0.19740190458475346,0.5637236371632464,0.9335746164098193
"Murray Hill, Manhattan",east_34th_street/east_to_west/046_n00268_W.jpg,n00268,east_34th_street,east_to_west,W,46,W,0.2327229302068874,0.23706605999325917,0.2205558744737849,0.8044708994708994,0.45248226950354603,0.8306310100372007,0.7082300884955752,0.8448608847848392,0.24598242310106713,0.23011495489131045,0.589374321046202,0.727539880001518,0.5996911321271605,0.8168824610391126,2.1379819413683827,0.9795154276307377,0.4,0.2,0.4,0.6861245421872764,0.44966696332865413,0.7004734410839059,0.5007238860897795,0.2976166105930403,0.6988922172456836,0.8980337783367282
"Murray Hill, Manhattan",east_34th_street/east_to_west/047_n00267_W.jpg,n00267,east_34th_street,east_to_west,W,47,W,0.2889031605600224,0.3331308221952207,0.26815900686740624,0.8114252769840076,0.28494505494505495,0.803116978364503,0.7416911945057642,0.834183967704729,0.1849335215907754,0.2967309965408831,0.7614729554253973,0.7765324001344851,0.5869362279337562,0.7865146973338332,2.207900794920344,0.9692961211071468,0.4,0.2,0.4,0.7506421053708942,0.5348146742252422,0.774419797031167,0.6018183814896824,0.4851841442468719,0.6571692451335135,0.8886645716958899
"Murray Hill, Manhattan",east_34th_street/west_to_east/001_n00267_E.jpg,n00267,east_34th_street,west_to_east,W,1,E,0.15456601716439636,0.23698270397536905,0.2102035984848485,0.8140479515828677,0.4116209397666351,0.8588471082267608,0.6727993053294258,0.874032471210119,0.17602790014684286,0.20058410654153797,0.5017523124503627,0.7537580400143311,0.5742865588954624,0.752929594225544,2.207900794920344,0.9692961211071468,0.4,0.2,0.4,0.6205837029362914,0.3830846511363636,0.640241603595246,0.4310790182681651,0.22916298929260656,0.6132418078793426,0.8886645716958899
"Murray Hill, Manhattan",east_34th_street/west_to_east/002_n00268_E.jpg,n00268,east_34th_street,west_to_east,W,2,E,0.1894281050605912,0.3594058011827654,0.2901174955737968,0.8134038800705468,0.22274617914490227,0.8228972543173065,0.7022144522144522,0.8712121212121212,0.1381364229765013,0.27965046727238446,0.7222812323942037,0.8045183184143169,0.5705209988010249,0.7422727641508924,2.1379819413683827,0.9795154276307377,0.4,0.2,0.4,0.7308469021071731,0.5020136679145439,0.7461310781750047,0.5590142375761595,0.43431995802086865,0.599762651062974,0.8980337783367282
"Murray Hill, Manhattan",east_34th_street/west_to_east/003_n00269_E.jpg,n00269,east_34th_street,west_to_east,W,3,E,0.19697128921522758,0.3267184942716858,0.24532636248415715,0.7977878834592261,0.2630802670392796,0.8393626991565135,0.6801921375300215,0.850197720400093,0.13827361563517915,0.2563387153236902,0.662859788085115,0.7913567718588199,0.5562211578550978,0.6991634316760186,1.879227214714084,1.0,0.4,0.2,0.4,0.7015758259305895,0.4689428216439365,0.7015758259305895,0.5023088817981322,0.36726032515355655,0.5473523254797721,0.9335746164098193
"Murray Hill, Manhattan",east_34th_street/west_to_east/004_n00270_E.jpg,n00270,east_34th_street,west_to_east,W,4,E,0.19874096717131284,0.2900196243341744,0.22129364321341397,0.7749969937469938,0.23870348493797997,0.8234973161092433,0.7349685534591194,0.8135323644428879,0.18739092495636997,0.23668474490630037,0.6083107217237494,0.786596941639419,0.5786306142861257,0.7648505551228494,1.1707212540674306,1.0,0.5,0.2,0.3,0.6859400521807154,0.46490963239145,0.6859400521807154,0.46490963239145,0.3143552766560112,0.6285778228776933,1.0
"Murray Hill, Manhattan",east_34th_street/west_to_east/005_n00271_E.jpg,n00271,east_34th_street,west_to_east,W,5,E,0.31168136954671444,0.37330767188744357,0.3392305532153889,0.8190595852576292,0.3668442077230359,0.8393669551708833,0.7147854203409759,0.8379104795358986,0.2227341214649977,0.34140653154984896,0.8451265933197558,0.7638607775684922,0.5918100071139574,0.7985329048698553,0.6417952185851507,1.0,0.4,0.2,0.4,0.8096338846276003,0.6668641908427361,0.8096338846276003,0.6668641908427361,0.6169980168858685,0.6734457553856799,1.0
"Murray Hill, Manhattan",east_34th_street/west_to_east/006_n00272_E.jpg,n00272,east_34th_street,west_to_east,W,6,E,0.34408103975438026,0.3480840773809524,0.32413592027141647,0.7579752935586778,0.35880594940227967,0.8007315219456584,0.6399598393574296,0.7975472646190567,0.10109504348737293,0.33876701246891633,0.8409353618691092,0.7333002887006854,0.512867382487953,0.5481034432557361,0.7008658316809017,1.0,0.4,0.2,0.4,0.6894558000202821,0.5273329468638731,0.6894558000202821,0.5273329468638731,0.6094858226552109,0.38690801774129496,1.0
"Murray Hill, Manhattan",east_34th_street/west_to_east/007_n00273_E.jpg,n00273,east_34th_street,west_to_east,W,7,E,0.36056655597220044,0.37170099160945846,0.33236707406246735,0.7699730980980982,0.4524691358024691,0.7801300524643464,0.7053419641689551,0.8183645748437924,0.16405740378343117,0.35487820721470875,0.865126505795654,0.6992113382533252,0.5625879809320595,0.718861183498782,0.6986273992635299,1.0,0.4,0.2,0.4,0.7698596414710178,0.6278888282858738,0.7698596414710178,0.6278888282858738,0.6544110823270353,0.5708894447857265,1.0
"Murray Hill, Manhattan",east_34th_street/west_to_east/008_n00274_E.jpg,n00274,east_34th_street,west_to_east,W,8,E,0.2683059521268321,0.20836260048388353,0.18114035087719302,0.6100661430343117,0.5203004782699105,0.8219864426760979,0.6170329670329671,0.7664532794249775,0.07604928763958414,0.21926963449596953,0.55755268698655,0.6372507024801664,0.4865118446991762,0.4495912544203978,0.9679092981371156,1.0,0.5,0.2,0.3,0.5368468108649634,0.3310062332163666,0.5368468108649634,0.3310062332163666,0.27114578152982866,0.29824667107023556,1.0
"Murray Hill, Manhattan",east_34th_street/west_to_east/009_n00275_E.jpg,n00275,east_34th_street,west_to_east,W,9,E,0.292880884641236,0.2439368693881329,0.1543026706231454,0.6171468240194377,0.5301874563765082,0.7661219783715012,0.46003401360544216,0.7532747726922485,0.07970943198215925,0.23037347488417143,0.5901248923423635,0.6176937820048102,0.43100607275994995,0.26213351728281586,0.9477462471733412,1.0,0.5,0.2,0.3,0.46685646737176195,0.2840526970327115,0.46685646737176195,0.2840526970327115,0.2982655127018094,0.15600643171632464,1.0
"Murray Hill, Manhattan",east_34th_street/west_to_east/010_n00276_E.jpg,n00276,east_34th_street,west_to_east,W,10,E,0.37013779095097554,0.348399906563887,0.2945954692556634,0.6826206355433504,0.5051493305870237,0.7923552979895542,0.6821505786595448,0.8013908744341197,0.1988336402701044,0.3377110555901753,0.8392330538889397,0.6566088676486269,0.5607916977879229,0.7133837879118515,0.9275831962095672,1.0,0.5,0.2,0.3,0.7610262019296824,0.6029927235592036,0.7610262019296824,0.6029927235592036,0.6064656973691669,0.5642765553182073,1.0
"Murray Hill, Manhattan",east_34th_street/west_to_east/011_n00277_E.jpg,n00277,east_34th_street,west_to_east,W,11,E,0.3871800727143702,0.3593687414884242,0.3040946205571566,0.7366129994036971,0.47439266526512497,0.7909858113106045,0.6700917668346905,0.8123899163364157,0.21102006887543037,0.350214478253317,0.8584619459543738,0.6844020484830589,0.5645005840155122,0.7246226624792066,1.549998279886391,1.0,0.4,0.2,0.4,0.7666470069508764,0.6113910850784892,0.7666470069508764,0.6233367330650604,0.64164728261045,0.5779027904770013,0.9808359633679339
"Murray Hill, Manhattan",east_34th_street/west_to_east/012_n00278_E.jpg,n00278,east_34th_street,west_to_east,W,12,E,0.37238012945654575,0.35844434236717193,0.30335522926326636,0.6428425774877651,0.4422965537214017,0.7721643518518518,0.6560766003518744,0.7689618566512921,0.11242312423124234,0.3447265670289947,0.8502698129029407,0.6575701252060717,0.5124871937448029,0.546690547720669,1.778187956861869,1.0,0.4,0.2,0.4,0.676873863949584,0.49372645049159125,0.676873863949584,0.5209010593850525,0.62636785174218,0.38555612356462454,0.9478315345997912
"Murray Hill, Manhattan",east_34th_street/west_to_east/013_n00279_E.jpg,n00279,east_34th_street,west_to_east,W,13,E,0.3634242368355638,0.3331634194230479,0.2486362750827976,0.7699730980980982,0.44234253065774803,0.7959736361263378,0.6703821656050956,0.806432372912461,0.14739267251067653,0.3150746437804698,0.7991348191417512,0.7078680678555627,0.5414024036760776,0.6504541464521648,1.878414933514276,1.0,0.4,0.2,0.4,0.7183319119602366,0.5128017101442571,0.7183319119602366,0.5492214805968624,0.5401242818314943,0.4919250334090026,0.9336883721062288
"Murray Hill, Manhattan",east_34th_street/west_to_east/014_n00280_E.jpg,n00280,east_34th_street,west_to_east,W,14,E,0.3866630251597193,0.5202913279132791,0.3919594924353343,0.6582205029013539,0.3143115942028986,0.7848675034867504,0.7663531506425144,0.8126675194931773,0.2562714776632302,0.4329712818361109,0.942440597104835,0.7095921373950684,0.6117640492663072,0.8424353056457604,1.7941717324157451,1.0,0.4,0.2,0.4,0.8513692830411266,0.7242318996517231,0.8513692830411266,0.7659276468393522,0.8285808436047523,0.7355802826710682,0.9455617676686705
"Murray Hill, Manhattan",east_34th_street/west_to_east/015_n00281_E.jpg,n00281,east_34th_street,west_to_east,W,15,E,0.34264514356039333,0.2993031043533352,0.2869428294573644,0.7643532918610679,0.41437067148449264,0.7809706921637912,0.7770719240598759,0.8274967081940646,0.2129463215911814,0.30963035912369763,0.7884427765827664,0.7103177708467887,0.605838317948374,0.8302746164475464,1.9139474344249787,1.0,0.4,0.2,0.4,0.7882923496176468,0.5865398842906724,0.7882923496176468,0.6315537733574342,0.5238597578615707,0.7179338951869428,0.9287251680447394
"Murray Hill, Manhattan",east_34th_street/west_to_east/016_n00282_E.jpg,n00282,east_34th_street,west_to_east,W,16,E,0.3370798920639871,0.28031785980611484,0.22682873412176963,0.7623191239734064,0.41985252004581897,0.8202833031946956,0.7082568245807321,0.8085841792089604,0.20338683626085205,0.28140882866395717,0.7264938567827167,0.7209166357074277,0.5734092800168482,0.7504734965491855,1.4574079763955383,1.0,0.4,0.2,0.4,0.7348588549862083,0.5502474327469605,0.7348588549862083,0.5532608313134147,0.439511019674494,0.6101161489366386,0.994553385318638
"Murray Hill, Manhattan",east_34th_street/west_to_east/017_n00283_E.jpg,n00283,east_34th_street,west_to_east,W,17,E,0.2732131858664869,0.26817146000314324,0.2142887691386537,0.7829147313492747,0.6429460580912862,0.8317600786627336,0.7190299387081565,0.8449085866304409,0.1599838969404187,0.2518911383360946,0.6508309313306112,0.6572429173069073,0.5746408074263387,0.75391676000741,1.0315913494290696,1.0,0.5,0.2,0.3,0.6815163744114808,0.4733522845719719,0.6815163744114808,0.4733522845719719,0.3549481277662697,0.6145013373113308,1.0
"Murray Hill, Manhattan",east_34th_street/west_to_east/018_n00284_E.jpg,n00284,east_34th_street,west_to_east,W,18,E,0.26829141536867734,0.2984094875456132,0.23410347551342806,0.7878643303261623,0.3517945053199936,0.8076206355433504,0.7837733914380928,0.8244393565809558,0.1094263792473511,0.26693479280923954,0.6906623174787866,0.747896820183173,0.5725463757554665,0.7480417959106597,0.6057747224626009,1.0,0.4,0.2,0.4,0.7245110067647841,0.5341821910503012,0.7245110067647841,0.5341821910503012,0.39727430115217227,0.6070328544396159,1.0
"Murray Hill, Manhattan",east_34th_street/west_to_east/019_n00285_E.jpg,n00285,east_34th_street,west_to_east,W,19,E,0.3028685627315572,0.3128789766591909,0.2706027060270602,0.7148031312069166,0.5588962940523073,0.8185655937576201,0.7230206757438226,0.8233049343272986,0.1599924949072585,0.2954500818059361,0.7586698851838328,0.658157476970743,0.5687727016594599,0.7372241360431112,1.0464316325353402,1.0,0.5,0.2,0.3,0.7310923678352909,0.5456448592213646,0.7310923678352909,0.5456448592213646,0.4813457238322498,0.5934513879954705,1.0
"Murray Hill, Manhattan",east_34th_street/west_to_east/020_n00286_E.jpg,n00286,east_34th_street,west_to_east,W,20,E,0.22687680436125707,0.29010643444605705,0.19367283950617287,0.6729166666666667,0.5724811150122354,0.7773411918795023,0.6295943024290983,0.7706743002544529,0.113788929239573,0.23688535943782896,0.6088841740966009,0.6259255811779778,0.5046858439743747,0.5175646841845069,1.402306013708576,1.0,0.4,0.2,0.4,0.5737256525980694,0.3803861220031024,0.5737256525980694,0.3803861220031024,0.3148743843353635,0.35823084496872853,1.0
"Murray Hill, Manhattan",east_34th_street/west_to_east/021_n00287_E.jpg,n00287,east_34th_street,west_to_east,W,21,E,0.2797261719730199,0.2612925170068027,0.2681908548707754,0.720094608605495,0.30392383595436323,0.8292731629392972,0.7305795782127142,0.8019235810722244,0.06626760989177094,0.269736514616866,0.6977988816199605,0.7484813118634763,0.5329235897255699,0.6210138787934864,1.6966815011061032,1.0,0.4,0.2,0.4,0.6754120776070757,0.4625870266167726,0.6754120776070757,0.48211719863204217,0.4053518187331304,0.4602130763373378,0.9594908207575161
"Murray Hill, Manhattan",east_34th_street/west_to_east/022_n00288_E.jpg,n00288,east_34th_street,west_to_east,W,22,E,0.2585773286944776,0.28197887250287623,0.21727172717271723,0.6202651515151515,0.3123096446700508,0.8135704874835309,0.5580206472106412,0.789906103286385,0.10662592473464139,0.25260930945669036,0.6527868297191036,0.7071753314428771,0.4848508917438891,0.4434340404218281,1.6260009723970543,1.0,0.4,0.2,0.4,0.568258035453245,0.3667436711004045,0.568258035453245,0.37819639006188926,0.3569237743487091,0.29305856562337707,0.9697175349568763
"Murray Hill, Manhattan",east_34th_street/west_to_east/023_n00289_E.jpg,n00289,east_34th_street,west_to_east,W,23,E,0.33797072066288547,0.32703737282159767,0.33180227471566054,0.658105996021597,0.42660984848484845,0.8186199412740968,0.7349685534591194,0.7996641393987763,0.10665162260906942,0.3322701227333812,0.830227643585731,0.6833720296036151,0.5470947718223217,0.6696099776172292,1.6440232436558695,1.0,0.4,0.2,0.4,0.7327217482808424,0.5560455245374556,0.7327217482808424,0.57496200549801,0.5907795039167445,0.5132675965150573,0.967099598269681
"Murray Hill, Manhattan",east_34th_street/west_to_east/024_n00290_E.jpg,n00290,east_34th_street,west_to_east,W,24,E,0.2196505848335375,0.2424953095684803,0.1779631299468992,0.7392827699917559,0.5125561978163135,0.8572572781724475,0.7243823779968358,0.8290396952686447,0.07366368651322049,0.21336967478297234,0.5400232122276276,0.6946612834492967,0.5423619199262337,0.6537194046499064,1.6452684618290123,1.0,0.4,0.2,0.4,0.6130221128596957,0.39445899035051385,0.6130221128596957,0.4079545437338987,0.2573827224059492,0.49552263688006776,0.9669189776393622
"Murray Hill, Manhattan",east_34th_street/west_to_east/025_n00291_E.jpg,n00291,east_34th_street,west_to_east,W,25,E,0.22270811587444578,0.24660141381185427,0.18924697538589905,0.7969969007160415,0.6740770681756939,0.862137828323856,0.7282546739626082,0.8377434243803744,0.13175287356321838,0.21951883502406636,0.5582902559230802,0.6616858869547344,0.5659169906354002,0.7288419136515053,2.7167265239992906,0.8980684590172329,0.4,0.2,0.4,0.5770815282954425,0.3628031739368008,0.6425807771124149,0.4406362699178818,0.2717371670992353,0.5830766180444166,0.8233620305573434
"Murray Hill, Manhattan",east_34th_street/west_to_east/026_n00292_E.jpg,n00292,east_34th_street,west_to_east,W,26,E,0.32521653897661623,0.4879069460919994,0.429220350181698,0.72708719851577,0.4644861452122062,0.8079844809598331,0.7727798939427889,0.8115657339977003,0.2951131393801103,0.4141146117501045,0.9288644324414358,0.6901951780877988,0.6264862557735331,0.8695849346556712,0.5894396713075362,1.0,0.4,0.2,0.4,0.8525112531381308,0.7651168014654348,0.8525112531381308,0.7651168014654348,0.7940188603689066,0.7762517073996044,1.0
"Murray Hill, Manhattan",east_34th_street/west_to_east/027_n00293_E.jpg,n00293,east_34th_street,west_to_east,W,27,E,0.34060241138823405,0.3800358905338717,0.31537861046057764,0.7511607761607761,0.3681311018131102,0.7884900670794633,0.7704496861852541,0.811626447601118,0.26229809104258445,0.34533897079422776,0.8512029958733935,0.7238399138090431,0.6147914082763188,0.8483696919843936,0.5901320476112383,1.0,0.4,0.2,0.4,0.8229544933092072,0.6915753785043828,0.8229544933092072,0.6915753785043828,0.6280861071452228,0.7443177175819353,1.0
"Murray Hill, Manhattan",east_34th_street/west_to_east/028_n00294_E.jpg,n00294,east_34th_street,west_to_east,W,28,E,0.3681283974764863,0.3460443801254221,0.34315068493150686,0.7388165921106141,0.3210063773526209,0.7622752420470263,0.7426470588235294,0.8194039913700109,0.09340911700539667,0.3524411541778051,0.8616775827945715,0.7266951522683398,0.551820055732979,0.6850980909514224,0.596326346044944,1.0,0.4,0.2,0.4,0.7598178174484831,0.6121528919377057,0.7598178174484831,0.6121528919377057,0.6477676705641648,0.5309509024333358,1.0
"Murray Hill, Manhattan",east_34th_street/west_to_east/029_n00295_E.jpg,n00295,east_34th_street,west_to_east,W,29,E,0.2634817752962047,0.298042119118131,0.2300644567219153,0.7798642533936652,0.24752727643519937,0.8175949123145115,0.7641598119858989,0.8371545403271292,0.07169634489222121,0.26386278371208366,0.6827315345247168,0.7833106297576591,0.5576702324017497,0.7037153899598849,0.5884771453082882,1.0,0.4,0.2,0.4,0.7103062053262493,0.5146841305181583,0.7103062053262493,0.5146841305181583,0.3884815777382146,0.5527318686516426,1.0
"Murray Hill, Manhattan",east_34th_street/west_to_east/030_n00296_E.jpg,n00296,east_34th_street,west_to_east,W,30,E,0.31375718624388327,0.3508667388949079,0.33538697545526525,0.7703926052982656,0.33782788093132926,0.8030444818765986,0.7689123936537134,0.8431701030927835,0.1035441830896376,0.33333696686468545,0.8320244790791412,0.7452030687478449,0.5718755599453782,0.7461405839632761,2.1072034602989045,0.9840480822535964,0.4,0.2,0.4,0.7667502970180589,0.5647098110064164,0.7791797076237396,0.6259326732008159,0.5938709000537112,0.6046300008864754,0.9021893810378586
"Murray Hill, Manhattan",east_34th_street/west_to_east/031_n00297_E.jpg,n00297,east_34th_street,west_to_east,W,31,E,0.2501037299131676,0.25512334887334887,0.2250654186795491,0.6782386534415389,0.3519880174291939,0.8114114114114114,0.752116189967032,0.812389326494474,0.0663588629368097,0.2434308324886885,0.6274213083506269,0.7125540158079188,0.5436214597994385,0.6579837303254522,0.574070097737624,1.0,0.4,0.2,0.4,0.6559539113997302,0.45574672130872657,0.6559539113997302,0.45574672130872657,0.33205998396316555,0.5002457917034078,1.0
"Murray Hill, Manhattan",east_34th_street/west_to_east/032_n00298_E.jpg,n00298,east_34th_street,west_to_east,W,32,E,0.27825121088938554,0.338396568497391,0.28082010582010586,0.7647810337020506,0.4778741383144318,0.807648831951771,0.710672148730783,0.8256240181532554,0.10109504348737293,0.2991559617356275,0.7667180886204806,0.6981852424464632,0.5457970701238037,0.6652894435931158,0.5567035821394108,1.0,0.4,0.2,0.4,0.7109722820710559,0.5348404877014725,0.7109722820710559,0.5348404877014725,0.49245527395054695,0.5084035390341612,1.0
"Murray Hill, Manhattan",east_34th_street/west_to_east/033_n00299_E.jpg,n00299,east_34th_street,west_to_east,W,33,E,0.26205639452441964,0.2569840857983048,0.23655450100661488,0.7638242894056848,0.6135612232849215,0.803984496124031,0.7183621241202814,0.827462749434002,0.11234115347018574,0.25186499377644644,0.6507596317336141,0.6514158540815981,0.5527220090081564,0.6880095488919741,0.4324516973805383,1.0,0.4,0.2,0.4,0.665545410664262,0.4719789679525636,0.665545410664262,0.4719789679525636,0.354876298349452,0.5343188050488287,1.0
"Murray Hill, Manhattan",east_34th_street/west_to_east/034_n00300_E.jpg,n00300,east_34th_street,west_to_east,W,34,E,0.32927126671359813,0.2784547461368654,0.2905689548546691,0.4314212171355028,0.6775840668020763,0.7921355185909981,0.7103611876339149,0.7711411203447215,0.08283082077051929,0.29943165590171084,0.7673092991388257,0.5153242229748082,0.5214443762497185,0.5797301285728151,0.4340061692338997,1.0,0.4,0.2,0.4,0.633424189682571,0.46564573083368205,0.633424189682571,0.46564573083368205,0.49328218801501295,0.41783359124880876,1.0
"Murray Hill, Manhattan",east_34th_street/west_to_east/035_n00301_E.jpg,n00301,east_34th_street,west_to_east,W,35,E,0.3550145332015499,0.34725723890289556,0.3501746085389208,0.532947462154942,0.6890619928594611,0.8117733627667403,0.6308591199895548,0.7799462593692548,0.15553471821504136,0.3508154602144554,0.8593359507313229,0.5518862773540737,0.5221133658579502,0.5821730741188836,0.4344493062260171,1.0,0.4,0.2,0.4,0.6730633729810134,0.5261995071041469,0.6730633729810134,0.5261995071041469,0.6433038322162844,0.420276547632322,1.0
"Murray Hill, Manhattan",east_34th_street/west_to_east/036_n00302_E.jpg,n00302,east_34th_street,west_to_east,W,36,E,0.3404007751364561,0.33672735984666985,0.28106398809523814,0.5884891034079275,0.6062975226882511,0.7721540953262379,0.6496364332185228,0.7081927259092614,0.14190333831589438,0.3193973743594547,0.8073323124616316,0.5847818920153047,0.4999108324812262,0.4996656218544468,1.3094126792753136,1.0,0.4,0.2,0.4,0.6247287680688427,0.46138188698448457,0.6247287680688427,0.46138188698448457,0.5529793222754914,0.3419365317360795,1.0
"Murray Hill, Manhattan",east_34th_street/west_to_east/037_n00303_E.jpg,n00303,east_34th_street,west_to_east,W,37,E,0.3390528486234043,0.2940226528625785,0.24582295558322956,0.679970238095238,0.6228509585652443,0.7971568430228659,0.6218603661132396,0.7923728813559322,0.1741386467413865,0.2929661523564041,0.7531705024831039,0.6180920408509532,0.5294572980701862,0.6087020161733753,2.18437605232461,0.9727225292166076,0.4,0.2,0.4,0.6467237679508122,0.4355206682995911,0.6648594522341926,0.4883581091246926,0.47390899348766446,0.4473263514570637,0.8918059517434767
"Murray Hill, Manhattan",east_34th_street/west_to_east/038_n00304_E.jpg,n00304,east_34th_street,west_to_east,W,38,E,0.24554507274089424,0.21973094170403593,0.1957297726070862,0.6844409649733242,0.7217659688674182,0.808821620920122,0.7099579887094656,0.789647150058162,0.13537117903930138,0.2203352623506721,0.560704851439306,0.5904988723420093,0.544992105935643,0.6625953653990687,1.328572605713816,1.0,0.4,0.2,0.4,0.6056711642425628,0.40793441819869014,0.6056711642425628,0.40793441819869014,0.27368031024879896,0.5053855064534689,1.0
"Murray Hill, Manhattan",east_34th_street/west_to_east/039_n00305_E.jpg,n00305,east_34th_street,west_to_east,W,39,E,0.36025043944245055,0.32011664015753993,0.33068829205906286,0.7267508610792192,0.700372757139247,0.8226107848371597,0.689162989704506,0.8060572551910554,0.2190892469432065,0.33701845721968443,0.8381085376324082,0.6163296295923772,0.5714364972795893,0.7448910883728774,0.7030886789642311,1.0,0.4,0.2,0.4,0.7518303036839799,0.6062588948166912,0.7518303036839799,0.6062588948166912,0.6044803637231201,0.6030545351151836,1.0
"Murray Hill, Manhattan",east_34th_street/west_to_east/040_n00306_E.jpg,n00306,east_34th_street,west_to_east,W,40,E,0.39141177685818257,0.3825309306078537,0.38950362590647664,0.7086204566950411,0.6280004528985508,0.8239901325932779,0.6686666666666666,0.799682264586944,0.2546092796092796,0.38781544445750427,0.9049765504276782,0.6348700454632561,0.5743194036209633,0.75302123270375,0.6851645241255214,1.0,0.4,0.2,0.4,0.7832759401360211,0.6649060573773524,0.7832759401360211,0.6649060573773524,0.7376388975467171,0.6133586512117378,1.0
"Murray Hill, Manhattan",east_34th_street/west_to_east/041_n00307_E.jpg,n00307,east_34th_street,west_to_east,W,41,E,0.3382353955337349,0.29069865319865323,0.2527611443779109,0.7229592576482529,0.610050432276657,0.7982303732303732,0.6630527210884353,0.8180591338486075,0.2552345870492439,0.29389839770343296,0.755244312862371,0.6370463995339897,0.5787821473287622,0.7652591167658775,0.6888056744165885,1.0,0.4,0.2,0.4,0.73382516927695,0.5644455447907342,0.73382516927695,0.5644455447907342,0.4766988993395395,0.6291083387652604,1.0
"Murray Hill, Manhattan",east_34th_street/west_to_east/042_n00308_E.jpg,n00308,east_34th_street,west_to_east,W,42,E,0.305962266341566,0.28442745408208103,0.2186120521507032,0.7852895553257498,0.6000067503712704,0.8172432676201521,0.7361275866613944,0.8198958900792931,0.18309323026469895,0.2696672575247834,0.6976235972432678,0.6675086908582104,0.5797055690017955,0.7677381873633625,0.6854212663917486,1.0,0.4,0.2,0.4,0.7184972446457956,0.5349548255719803,0.7184972446457956,0.5349548255719803,0.40515150831656105,0.6323344618861687,1.0
"Murray Hill, Manhattan",east_34th_street/west_to_east/043_n00309_E.jpg,n00309,east_34th_street,west_to_east,W,43,E,0.29534493147428204,0.2884890798424633,0.2125308290646936,0.7263082920977658,0.6024450341167551,0.8111049519586104,0.7846030042918456,0.8278890237324704,0.14831089503864373,0.265454946793813,0.6868555369010614,0.6449894033132071,0.5869343076876532,0.7865098608854224,0.6831143529456192,1.0,0.4,0.2,0.4,0.7160417513426083,0.5330279449300227,0.7160417513426083,0.5330279449300227,0.39303001128476045,0.6571627556949813,1.0
"Murray Hill, Manhattan",east_34th_street/west_to_east/044_n00310_E.jpg,n00310,east_34th_street,west_to_east,W,44,E,0.36130391391041056,0.3344764210148825,0.30772268805444153,0.6435943534425356,0.640055773110241,0.7990185950413223,0.7676581448705342,0.7805171917709681,0.12000505816894287,0.33450100765991153,0.8339676677470528,0.6008523917912056,0.5560601316034817,0.6986551481502662,0.5391612300013943,1.0,0.4,0.2,0.4,0.7276430570135749,0.5772029308413926,0.7276430570135749,0.5772029308413926,0.5972354692121198,0.5467538247730888,1.0
"Murray Hill, Manhattan",east_34th_street/west_to_east/045_n00311_E.jpg,n00311,east_34th_street,west_to_east,W,45,E,0.3530031305711789,0.3407562658283119,0.3731767097082736,0.5359073098229968,0.6563559785581446,0.8204229797979798,0.7259032038173143,0.791931288937277,0.11996253543944917,0.3556453687025881,0.8661970727881987,0.5666581036876106,0.5459323427313467,0.6657411282948911,0.4234952088697344,1.0,0.4,0.2,0.4,0.7161979285457581,0.575721055095442,0.7161979285457581,0.575721055095442,0.6564901016117152,0.5089106591980856,1.0
"Murray Hill, Manhattan",east_34th_street/west_to_east/046_n00312_E.jpg,n00312,east_34th_street,west_to_east,W,46,E,0.33369068259348694,0.30134653672849204,0.35495436766623206,0.6470588235294118,0.7280183727034121,0.8511647194576663,0.7126401837589514,0.7957520136307311,0.11878654970760234,0.329997195662737,0.8263485240783037,0.5900683900945554,0.542392915699095,0.6538246449832795,0.422451609965888,1.0,0.4,0.2,0.4,0.7034452266352309,0.5481029924168588,0.7034452266352309,0.5481029924168588,0.5841695381340416,0.4956388619476665,1.0
"Murray Hill, Manhattan",east_34th_street/west_to_east/047_n00313_E.jpg,n00313,east_34th_street,west_to_east,W,47,E,0.2591538464208909,0.2813681027966742,0.2709010840108401,0.6820375512362818,0.6014024674115456,0.829608839935042,0.6914124709053043,0.8013687754065041,0.1109114668409017,0.2704743444094684,0.699662688977108,0.6367479745865927,0.53456423771757,0.6267884264740182,0.422451609965888,1.0,0.4,0.2,0.4,0.6570484390180749,0.4702377802073311,0.6570484390180749,0.4702377802073311,0.4074877678915411,0.4663322318491351,1.0
"Murray Hill, Manhattan",east_35th_street/east_to_west/001_n00360_W.jpg,n00360,east_35th_street,east_to_west,W,1,W,0.3621208906614886,0.3216151926376541,0.2459233693477391,0.4842276760953966,0.6527982779827798,0.782881738639571,0.5964602925809822,0.7420787839862985,0.10613634199752449,0.30988648421562726,0.78895498442647,0.5381037122507293,0.481558472854935,0.4312819090703176,0.4872177512157724,1.0,0.4,0.2,0.4,0.5739824105578664,0.4118948511109563,0.5739824105578664,0.4118948511109563,0.524626326611701,0.28293249753711114,1.0
"Murray Hill, Manhattan",east_35th_street/east_to_west/002_n00359_W.jpg,n00359,east_35th_street,east_to_west,W,2,W,0.4023480623369158,0.5213981244671783,0.32409696470265076,0.5234365833626656,0.6907646215969779,0.6993225638353309,0.5993217054263567,0.6973546633207862,0.10826601269474896,0.4159477171689149,0.930304267061649,0.5106648418670061,0.46831412714729725,0.3833653891014706,0.4872177512157724,1.0,0.4,0.2,0.4,0.5787917838058422,0.4545594126103536,0.5787917838058422,0.4545594126103536,0.7975933147579038,0.24441460489598263,1.0
"Murray Hill, Manhattan",east_35th_street/east_to_west/003_n00358_W.jpg,n00358,east_35th_street,east_to_west,W,3,W,0.39076706297456676,0.502592383107089,0.3123548536925222,0.3825801467748165,0.7401153792036022,0.6914218353282554,0.4971633483194177,0.6278631096739423,0.13019002993622278,0.4019047665913926,0.9185537552594292,0.44462886763315657,0.41840549597652754,0.2272477676161998,0.4872177512157724,1.0,0.4,0.2,0.4,0.45440302330601107,0.3412945726092254,0.45440302330601107,0.3412945726092254,0.7690233061745976,0.13270433965906553,1.0
"Murray Hill, Manhattan",east_35th_street/east_to_west/004_n00357_W.jpg,n00357,east_35th_street,east_to_west,W,4,W,0.42575460775964913,0.5552893649004133,0.44672131147540983,0.265215787532276,0.6626786625829505,0.5652591765873015,0.7106159716544017,0.45581155433287485,0.1407018694653985,0.47592176137849074,0.9648063295427114,0.38926543384554235,0.435709798484225,0.2760074942486536,0.4872177512157724,1.0,0.4,0.2,0.4,0.4877458416872872,0.3849054778001947,0.4877458416872872,0.3849054778001947,0.8900261663117008,0.1655234517389893,1.0
"Murray Hill, Manhattan",east_35th_street/east_to_west/005_n00356_W.jpg,n00356,east_35th_street,east_to_west,W,5,W,0.3825463958591027,0.40175876782183373,0.29265734265734267,0.22290577258279506,0.5535030103995622,0.5682823813354787,0.5663239074550129,0.4470574869347874,0.1546306854174585,0.35898750211275965,0.8707774166679707,0.4125617145062372,0.3893373599357529,0.15977010496223773,0.4872177512157724,1.0,0.4,0.2,0.4,0.38059129937263414,0.2717091806707735,0.38059129937263414,0.2717091806707735,0.6654767438364912,0.09002920965617328,1.0
"Murray Hill, Manhattan",east_35th_street/east_to_west/006_n00355_W.jpg,n00355,east_35th_street,east_to_west,W,6,W,0.4355137236550328,0.4784843329079824,0.3461175916106987,0.3289369856836884,0.6034434095399379,0.6368088056855608,0.7277819738167169,0.5389276711266241,0.24446310812492214,0.42003854939123797,0.9334207186974876,0.4541007939431037,0.5037242510227543,0.5139623104388598,,1.0,0.45,0.15,0.4,0.6599031397607634,0.5325148039772892,0.6599031397607634,0.5325148039772892,0.8054026609932996,0.35492159428172343,1.0
"Murray Hill, Manhattan",east_35th_street/east_to_west/007_n00354_W.jpg,n00354,east_35th_street,east_to_west,W,7,W,0.4249084996427971,0.4666956689868522,0.34837398373983736,0.3255255802649168,0.6518085495067591,0.7422933604336044,0.7510389195236953,0.6427531362007168,0.22804202843840438,0.41332605078982887,0.928236636575778,0.4720034637305873,0.5406113613876055,0.6477515406362553,,1.0,0.45,0.15,0.4,0.726275806334574,0.6044251387681921,0.726275806334574,0.6044251387681921,0.7924668967681976,0.488959717438796,1.0
"Murray Hill, Manhattan",east_35th_street/east_to_west/008_n00353_W.jpg,n00353,east_35th_street,east_to_west,W,8,W,0.42897613453101524,0.5357737104825292,0.5085369057000264,0.46192406143344716,0.7055209097578871,0.7385808926080893,0.7259032038173143,0.6957501609787508,0.18735543562066312,0.4910955835711902,0.9704921505307594,0.49832801476121646,0.536336266805576,0.6329849990838983,,1.0,0.45,0.15,0.4,0.7401693117424606,0.6388467004197684,0.7401693117424606,0.6388467004197684,0.9066240685070023,0.47295274644562757,1.0
"Murray Hill, Manhattan",east_35th_street/east_to_west/009_n00352_W.jpg,n00352,east_35th_street,east_to_west,W,9,W,0.364133531831751,0.3486206290634335,0.3018297181643795,0.48740770042194087,0.650890261627907,0.6589361310509848,0.6064319667260843,0.4996839443742099,0.14271083133493204,0.338194626353188,0.8400144393594308,0.4984845232816729,0.4162755808117421,0.22168630844752232,0.6158097811668186,1.0,0.4,0.2,0.4,0.4441611664507726,0.31432521455331525,0.4441611664507726,0.31432521455331525,0.6078497757103148,0.1290701905882913,1.0
"Murray Hill, Manhattan",east_35th_street/east_to_west/010_n00351_W.jpg,n00351,east_35th_street,east_to_west,W,10,W,0.3188927196097863,0.282584073880467,0.2700417386298215,0.41415410385259627,0.7566773504273504,0.7555483311660165,0.5674039686874203,0.5641748942172073,0.07479449436054293,0.29050617737335827,0.7476417337791547,0.47100836153042075,0.40212445242172346,0.1872265221286878,0.7444018111178647,1.0,0.4,0.2,0.4,0.3917690159974691,0.2593969373783793,0.3917690159974691,0.2593969373783793,0.4665553615511526,0.10702731179570339,1.0
"Murray Hill, Manhattan",east_35th_street/east_to_west/011_n00350_W.jpg,n00350,east_35th_street,east_to_west,W,11,W,0.29907735224888565,0.2643686502177068,0.14161399072903494,0.3281721178380886,0.6129236216489632,0.7020069808027923,0.43137813211845094,0.39111484325015994,0.061803001109359545,0.2350199977318758,0.6035406718176549,0.4724184923306392,0.29476532549265677,0.044002025910795085,0.7444018111178647,1.0,0.4,0.2,0.4,0.20162160314732103,0.11996244448788566,0.20162160314732103,0.11996244448788566,0.31006557209617425,0.023388171789110332,1.0
"Murray Hill, Manhattan",east_35th_street/east_to_west/012_n00349_W.jpg,n00349,east_35th_street,east_to_west,W,12,W,0.22338141075445964,0.20609974009096818,0.1369688809096349,0.5894722561389228,0.7011288858633992,0.7819595593174795,0.4412163470850281,0.5783671687404497,0.08283172819689673,0.18881667725168758,0.46650029304725565,0.5567676431976677,0.3674717480074582,0.12047668972438672,0.7444018111178647,1.0,0.4,0.2,0.4,0.2812138954706709,0.1596582423645215,0.2812138954706709,0.1596582423645215,0.20517599189392066,0.06652958648991654,1.0
"Murray Hill, Manhattan",east_35th_street/east_to_west/013_n00348_W.jpg,n00348,east_35th_street,east_to_west,W,13,W,0.3624883353757616,0.33075898322171815,0.28827160493827164,0.7966698058912782,0.8023625778499864,0.8275508974822311,0.6862728407672227,0.8223083821279739,0.28745104438642294,0.3271729745119171,0.821431415702317,0.6072860418411743,0.5986774224272065,0.814596948381438,0.7444018111178647,1.0,0.4,0.2,0.4,0.7706981114036738,0.6277493221176991,0.7706981114036738,0.6277493221176991,0.5759142147261174,0.6956826677795336,1.0
"Murray Hill, Manhattan",east_35th_street/east_to_west/014_n00347_W.jpg,n00347,east_35th_street,east_to_west,W,14,W,0.38446619752105166,0.3410856508682596,0.3194905104109084,0.3776315789473684,0.5660157388516467,0.7313679245283019,0.5860040421538906,0.6082820688083846,0.21663279132791327,0.3483474529334065,0.8557177864630807,0.5143279215413412,0.47030630076339613,0.3904537059697095,0.7444018111178647,1.0,0.4,0.2,0.4,0.5646873562408783,0.4196822621002934,0.5646873562408783,0.4196822621002934,0.6364795418336567,0.249975263944699,1.0
"Murray Hill, Manhattan",east_35th_street/east_to_west/015_n00346_W.jpg,n00346,east_35th_street,east_to_west,W,15,W,0.40523622381299024,0.3528754885538805,0.29072865687873845,0.5515690376569037,0.5030259017187122,0.7488339163751457,0.6389496717724289,0.6917651939431653,0.2664033701948394,0.349613456415203,0.8575833521739842,0.5991256841044457,0.5323727453034779,0.6190672783357887,0.7356365987901236,1.0,0.4,0.2,0.4,0.7006631286683609,0.5525599785036602,0.7006631286683609,0.5525599785036602,0.6399872348762056,0.45816117577759496,1.0
"Murray Hill, Manhattan",east_35th_street/east_to_west/016_n00345_W.jpg,n00345,east_35th_street,east_to_west,W,16,W,0.45736998943847346,0.6371849738468854,0.5535823637477035,0.5351589615438012,0.4269908056724326,0.6993319451674475,0.6389900461277009,0.6478900503290747,0.1815279229072332,0.5493791090110207,0.9851171248314999,0.6025000336796054,0.4894693397880029,0.4605919304655362,0.6869485972133342,1.0,0.4,0.2,0.4,0.6587385697783382,0.5527435539955834,0.6587385697783382,0.5527435539955834,0.9513160332140558,0.307613833878786,1.0
"Murray Hill, Manhattan",east_35th_street/east_to_west/017_n00344_W.jpg,n00344,east_35th_street,east_to_west,W,17,W,0.44942450461914496,0.5035460992907801,0.38081805359661497,0.5509491903964266,0.47496216811115693,0.7855875394321766,0.6753992987923647,0.6611910721735503,0.27004931918087277,0.4445962191688466,0.9495571463735066,0.6205248539058155,0.5355465633822626,0.6302287903666303,0.8357136269027362,1.0,0.5,0.2,0.3,0.7711908376815472,0.6671915220921827,0.7711908376815472,0.6671915220921827,0.8474968530155901,0.4700010044902046,1.0
"Murray Hill, Manhattan",east_35th_street/east_to_west/018_n00343_W.jpg,n00343,east_35th_street,east_to_west,W,18,W,0.3874527615598647,0.3807873341891314,0.3477983037062855,0.5252836879432624,0.37936399514268365,0.7789176487093153,0.6167057749967411,0.4951180744777475,0.280685618729097,0.37201279981842716,0.8873699676313238,0.6416124471699647,0.46416982273452845,0.3687803574238263,0.8917077589404254,1.0,0.5,0.2,0.3,0.639053552626534,0.4943875199251967,0.639053552626534,0.4943875199251967,0.6993282013607032,0.23311742634323462,1.0
"Murray Hill, Manhattan",east_35th_street/east_to_west/019_n00342_W.jpg,n00342,east_35th_street,east_to_west,W,19,W,0.3439179486088672,0.33029821559520894,0.26713648957956876,0.5483333333333333,0.44022044369559105,0.705515587529976,0.6083587952859014,0.5618140735958684,0.20970101781170483,0.3137842179278816,0.796637657350297,0.6045428257225728,0.4599579622311582,0.3541994433425837,0.8590480227361992,1.0,0.5,0.2,0.3,0.5911397893989048,0.42159303461321673,0.5911397893989048,0.42159303461321673,0.5362756202710885,0.22201379093166862,1.0
"Murray Hill, Manhattan",east_35th_street/east_to_west/020_n00341_W.jpg,n00341,east_35th_street,east_to_west,W,20,W,0.25463635025775505,0.266503888587448,0.19447534297367444,0.6972091052185495,0.6898845783905098,0.7925492938982148,0.6882022471910112,0.7444131455399061,0.14203233256351042,0.23853852727295916,0.613598145811014,0.5999579402420848,0.5248825750981425,0.5922413123548178,0.9684063477650092,1.0,0.5,0.2,0.3,0.6043879402629067,0.3961005799232539,0.6043879402629067,0.3961005799232539,0.3191696430492649,0.4304292344939272,1.0
"Murray Hill, Manhattan",east_35th_street/east_to_west/021_n00340_W.jpg,n00340,east_35th_street,east_to_west,W,21,W,0.4181369529721102,0.5098599336527828,0.44350282485875697,0.6146806126260739,0.6130374895197029,0.8016187956664148,0.7364856429463171,0.7808557611438184,0.3129673356946084,0.45716657049455,0.9563115024529386,0.6010873062575952,0.6101029132615812,0.8390995766106726,0.8901621317330435,1.0,0.5,0.2,0.3,0.837975365633919,0.7650085532419394,0.837975365633919,0.7650085532419394,0.8659885114007357,0.7307055077365076,1.0
"Murray Hill, Manhattan",east_35th_street/east_to_west/022_n00339_W.jpg,n00339,east_35th_street,east_to_west,W,22,W,0.37702252695177774,0.3824053685645381,0.33022408963585437,0.4325359962842545,0.5344289192336191,0.7485294117647059,0.7137723387723388,0.7503184713375797,0.22274298630501263,0.36321732838405674,0.8763822206980977,0.5488788296051137,0.5622779321383103,0.717920315612389,0.9116604700341636,1.0,0.5,0.2,0.3,0.7517353066496134,0.6162999886311078,0.7517353066496134,0.6162999886311078,0.676679838544903,0.569749759508333,1.0
"Murray Hill, Manhattan",east_35th_street/east_to_west/023_n00338_W.jpg,n00338,east_35th_street,east_to_west,W,23,W,0.20189907159701645,0.3428424001179419,0.30482613908872896,0.6347982523772809,0.5465790719696969,0.797188149339768,0.6920262186585212,0.7944036751983772,0.17631330607109152,0.28318920360122907,0.7307183912628935,0.628469109915784,0.5542477333093299,0.6929007955033901,0.8981179241413015,1.0,0.5,0.2,0.3,0.6978034693118337,0.5051843637087462,0.6978034693118337,0.5051843637087462,0.44478058307162344,0.5400085994634495,1.0
"Murray Hill, Manhattan",east_35th_street/east_to_west/024_n00337_W.jpg,n00337,east_35th_street,east_to_west,W,24,W,0.3481025181230724,0.3298480576441103,0.3898750276487502,0.5987642212632406,0.4633989726027397,0.7836109235501537,0.7117653931534057,0.7956272474387679,0.14739267251067653,0.35594186780531095,0.8666089056647691,0.6396587240702182,0.5515951043676167,0.6843696759798131,0.7957831159216394,1.0,0.4,0.2,0.4,0.7420535169645799,0.5998457212201084,0.7420535169645799,0.5998457212201084,0.6572920194352195,0.530110480250314,1.0
"Murray Hill, Manhattan",east_35th_street/east_to_west/025_n00336_W.jpg,n00336,east_35th_street,east_to_west,W,25,W,0.44752806314437427,0.5469263642340566,0.5516619183285849,0.5553143093465674,0.5947931358721203,0.7503266372693124,0.7224489795918368,0.785948020892329,0.2928372185694361,0.515372115235672,0.9777837685697227,0.5702826035812532,0.6004114063512006,0.8184930699991435,0.6934483077019773,1.0,0.4,0.2,0.4,0.8175628649151617,0.752773947433768,0.8175628649151617,0.752773947433768,0.9285358222390216,0.7011609579753225,1.0
"Murray Hill, Manhattan",east_35th_street/east_to_west/026_n00335_W.jpg,n00335,east_35th_street,east_to_west,W,26,W,0.4576810760358312,0.6153604358759429,0.5511312724014337,0.647080129276719,0.6213510479041916,0.8079791901717438,0.7166544967749787,0.8060572551910554,0.2981934169615095,0.5413909281044026,0.9836443522822386,0.611236090514757,0.6069683896425145,0.8326499841831723,0.760263200980212,1.0,0.4,0.2,0.4,0.836685090818456,0.7780048730009965,0.836685090818456,0.7780048730009965,0.9466794331324229,0.7213538536684464,1.0
"Murray Hill, Manhattan",east_35th_street/east_to_west/027_n00334_W.jpg,n00334,east_35th_street,east_to_west,W,27,W,0.38410453044013604,0.36945556111389033,0.34510456829068814,0.6897754338210276,0.6234918993450534,0.8090303709235748,0.740788662969809,0.7898383371824481,0.3396364702433304,0.36622155328157147,0.8802351277188712,0.6251046351331829,0.6234211567985292,0.8642817010200826,0.8935723147371282,1.0,0.5,0.2,0.3,0.8174976017492909,0.6958551193713942,0.8174976017492909,0.6958551193713942,0.684516399926252,0.7681649964025042,1.0
"Murray Hill, Manhattan",east_35th_street/east_to_west/028_n00333_W.jpg,n00333,east_35th_street,east_to_west,W,28,W,0.4074304020938615,0.35365423609274443,0.31178107606679034,0.712063934208781,0.5797210181171502,0.8139600602863601,0.6281159964925468,0.8060572551910554,0.2712104755008448,0.3576219047511321,0.8689222346240033,0.6487676587926636,0.5684612423948157,0.7363180731829813,0.8734689033022448,1.0,0.5,0.2,0.3,0.7798802671355471,0.6376100284685481,0.7798802671355471,0.6376100284685481,0.6618188369817052,0.5923237258358643,1.0
"Murray Hill, Manhattan",east_35th_street/east_to_west/029_n00332_W.jpg,n00332,east_35th_street,east_to_west,W,29,W,0.4275212216160568,0.6013156276896594,0.5492946194225722,0.6991967132695609,0.6005335844318895,0.7938029805851792,0.7569725061405593,0.78243523686847,0.3275846082522021,0.5260438229094295,0.9804018213768413,0.6308220364742835,0.6223307837537437,0.862351752888785,1.0960523774912836,1.0,0.5,0.2,0.3,0.8637513935717369,0.8145040830439038,0.8637513935717369,0.8145040830439038,0.9365810374063319,0.7652395026955849,1.0
"Murray Hill, Manhattan",east_35th_street/east_to_west/030_n00331_W.jpg,n00331,east_35th_street,east_to_west,W,30,W,0.4095830023070404,0.43224354418384275,0.41257635253054104,0.6892832880434782,0.6366857210908657,0.7950206652233812,0.7510389195236953,0.7877229080932784,0.32262934919776454,0.418134299673808,0.9319864671250627,0.6158727440586645,0.6204637256049127,0.8589935627012018,1.467330345856661,1.0,0.4,0.2,0.4,0.8303439067955348,0.7393839720932859,0.8303439067955348,0.7445404827077983,0.8017962307759134,0.7601709845758465,0.9930742374198931
"Murray Hill, Manhattan",east_35th_street/east_to_west/031_n00330_W.jpg,n00330,east_35th_street,east_to_west,W,31,W,0.27734745413557577,0.31050510036196116,0.2328071272272585,0.6881875159887438,0.7135130179684634,0.827287768868525,0.7279557137208382,0.7987194877951179,0.26441569183504665,0.2735532272415985,0.7073687315638423,0.600654088962935,0.5970302977836676,0.810836462633819,1.4713435465153937,1.0,0.4,0.2,0.4,0.723030368975171,0.5443926982542102,0.723030368975171,0.5485194257964591,0.4164377816542421,0.6904268757112569,0.9924766063913657
"Murray Hill, Manhattan",east_35th_street/east_to_west/032_n00329_W.jpg,n00329,east_35th_street,east_to_west,W,32,W,0.40900420616327837,0.39229733039431786,0.3847448618001417,0.7063539989264628,0.5999112885340431,0.7987853444842692,0.7492956021070684,0.8160318311874106,0.34325101656253104,0.3953487994525793,0.9124709565780063,0.6350760182922296,0.6361928166190034,0.8852274475050332,0.6993612470396625,1.0,0.4,0.2,0.4,0.8384452547772638,0.7465115170790909,0.8384452547772638,0.7465115170790909,0.7547545141497258,0.8005209554666248,1.0
"Murray Hill, Manhattan",east_35th_street/east_to_west/033_n00328_W.jpg,n00328,east_35th_street,east_to_west,W,33,W,0.44975084053331826,0.6141429669485011,0.5807466804621487,0.5842994131959353,0.6111956276763579,0.8079839568841262,0.7571925754060325,0.763566341538938,0.42682291666666666,0.5482134959813227,0.9849106533044325,0.5936959141345678,0.6491939445372124,0.9036024899330535,0.8299671202485772,1.0,0.5,0.2,0.3,0.8673701163003278,0.8306658827520444,0.8673701163003278,0.8306658827520444,0.9506641203418328,0.8298508298727361,1.0
"Murray Hill, Manhattan",east_35th_street/east_to_west/034_n00327_W.jpg,n00327,east_35th_street,east_to_west,W,34,W,0.37345612882508783,0.4372241835834069,0.3835757575757576,0.6581772982122077,0.5937659520163349,0.8264773692513044,0.7646702609782778,0.7825355272999253,0.3464396906698805,0.3980853566614174,0.9150584274448683,0.6302962384823925,0.6312151596493611,0.8774205904393195,0.8080981201891881,1.0,0.5,0.2,0.3,0.8386788715138036,0.74054504603226,0.8386788715138036,0.74054504603226,0.7607819931827012,0.7883300565432373,1.0
"Murray Hill, Manhattan",east_35th_street/east_to_west/035_n00326_W.jpg,n00326,east_35th_street,east_to_west,W,35,W,0.3746544076916866,0.48326424074927066,0.5068609775641025,0.6036309523809523,0.5711623573258793,0.8386578259995981,0.7135209912185734,0.7960333006856023,0.36689093097035336,0.4549265420016866,0.9551745698603947,0.6237088070182237,0.6254817409581763,0.8678666133581295,0.839003493618956,1.0,0.5,0.2,0.3,0.8522630216191727,0.78256423506876,0.8522630216191727,0.78256423506876,0.8628381800069197,0.7736237811705322,1.0
"Murray Hill, Manhattan",east_35th_street/east_to_west/036_n00325_W.jpg,n00325,east_35th_street,east_to_west,W,36,W,0.34406623825082466,0.31419446742027385,0.27588168373151306,0.7507434301521437,0.569952774498229,0.8256452498627128,0.7054524502668608,0.8073535233570862,0.354109796784956,0.3113807964675372,0.7919252403941599,0.6688119685055425,0.6223052568029677,0.8623062953842016,0.8697945778087675,1.0,0.5,0.2,0.3,0.7854189345113274,0.6193778471576419,0.7854189345113274,0.6193778471576419,0.5290962948706057,0.7651707077223431,1.0
"Murray Hill, Manhattan",east_35th_street/east_to_west/037_n00324_W.jpg,n00324,east_35th_street,east_to_west,W,37,W,0.33808203070435433,0.3364427860696517,0.29374931038287544,0.7001887711606382,0.4836016096579477,0.7649295549151457,0.740788662969809,0.776428932726353,0.26815050344462105,0.32275804238562716,0.8135275839085746,0.6605055721392787,0.5951226997135943,0.8064085510004646,0.9187027732026108,1.0,0.5,0.2,0.3,0.778265853079195,0.6162692914884279,0.778265853079195,0.6162692914884279,0.5629255347770096,0.684277908690565,1.0
"Murray Hill, Manhattan",east_35th_street/east_to_west/038_n00323_W.jpg,n00323,east_35th_street,east_to_west,W,38,W,0.3604220119114783,0.39634628695738156,0.3756570966437525,0.6441358024691358,0.5925357873210634,0.8165232974910395,0.5978384527872583,0.7762506191183755,0.22082327239277913,0.37747513183753745,0.8937566751747458,0.622707770879704,0.5316374480994709,0.6164628848209949,1.1983207609975022,1.0,0.5,0.2,0.3,0.7437698792480173,0.6066031699333023,0.7437698792480173,0.6066031699333023,0.7129283004528374,0.4554244088387989,1.0
"Murray Hill, Manhattan",east_35th_street/east_to_west/039_n00322_W.jpg,n00322,east_35th_street,east_to_west,W,39,W,0.44875574399466445,0.7103913373860182,0.6690420560747663,0.5955364601981143,0.5459537572254335,0.8000335795836131,0.7553550832097544,0.7722977277553621,0.17090264941466415,0.6093963791518163,0.9927014665471321,0.616538760852098,0.5661851534599269,0.7296361423207517,1.1983207609975022,1.0,0.5,0.2,0.3,0.8228739431806218,0.7631085038574871,0.8228739431806218,0.7631085038574871,0.9757005927833848,0.58405413887044,1.0
"Murray Hill, Manhattan",east_35th_street/east_to_west/040_n00321_W.jpg,n00321,east_35th_street,east_to_west,W,40,W,0.3913240221602719,0.37645439204192205,0.3868975701436435,0.6993022732388026,0.38663883089770357,0.810434267081666,0.6836956521739129,0.8101817392383079,0.23619731057667445,0.3848919947819458,0.9019166017656381,0.7076992364742549,0.5766915673296318,0.759579133452866,3.524237376675128,0.7956183988613766,0.3,0.1,0.6,0.6318055261176668,0.4822631259608407,0.7941062285913131,0.6611467195063102,0.7307933061270632,0.6217622408422021,0.7294343475241849
"Murray Hill, Manhattan",east_35th_street/east_to_west/041_n00320_W.jpg,n00320,east_35th_street,east_to_west,W,41,W,0.3400895662682618,0.3073714442013129,0.22069055036344754,0.5213543802104689,0.4339414040906578,0.77415611814346,0.40888766384907504,0.4855091383812011,0.10507708665603403,0.2893838536110074,0.7450922352072848,0.6205230314210903,0.33315796296210337,0.07567397392954925,3.524237376675128,0.7956183988613766,0.3,0.1,0.6,0.14757457601359916,0.08104981773949417,0.18548411678864604,0.11111324550946912,0.46320501441752426,0.0408567149693728,0.7294343475241849
"Murray Hill, Manhattan",east_35th_street/east_to_west/042_n00319_W.jpg,n00319,east_35th_street,east_to_west,W,42,W,0.39123668392442135,0.3738720806794055,0.31172703180212014,0.5506376037959669,0.4872279723991508,0.748435054773083,0.6043649151841125,0.6225455820476858,0.09874587458745876,0.358945265468649,0.8707203742614321,0.6039482287232997,0.4418854572730857,0.2948969184276453,1.5943074069383818,1.0,0.4,0.2,0.4,0.5248310475993077,0.3758382082080912,0.5248310475993077,0.38573676065912865,0.665363903008218,0.17871807609857335,0.9743385814872214
"Murray Hill, Manhattan",east_35th_street/east_to_west/043_n00318_W.jpg,n00318,east_35th_street,east_to_west,W,43,W,0.4123112240644197,0.42112217305801375,0.3824404761904762,0.5115162503357508,0.4727986741605419,0.6908186632317159,0.6792663153627888,0.6614707046714171,0.1115376238701949,0.4052912911043032,0.9215427656117844,0.5765120798023082,0.4840915479681336,0.4406247867956758,0.5952491592796717,1.0,0.4,0.2,0.4,0.6245906083084681,0.49376854737671483,0.6245906083084681,0.49376854737671483,0.7761627074569228,0.2907043816452796,1.0
"Murray Hill, Manhattan",east_35th_street/east_to_west/044_n00317_W.jpg,n00317,east_35th_street,east_to_west,W,44,W,0.4459593452944173,0.403285209192693,0.3346450954671331,0.5385604113110539,0.5008753501400561,0.7572420869839767,0.5804459843638948,0.525528811086798,0.15413793103448273,0.3946298833180811,0.9117794821107331,0.5983090493849914,0.4200375754950585,0.23157549875110528,0.9117313127875556,1.0,0.5,0.2,0.3,0.5555687435584772,0.4299860898110424,0.5555687435584772,0.4299860898110424,0.7531541491438748,0.135547397881419,1.0
"Murray Hill, Manhattan",east_35th_street/east_to_west/045_n00316_W.jpg,n00316,east_35th_street,east_to_west,W,45,W,0.47855258313339244,0.7591929824561404,0.7790357362908195,0.5657914591821337,0.557043487786176,0.7913520316432937,0.7765151515151515,0.7788919706990968,0.378905844492889,0.6722604339601174,0.9965541236873452,0.6000333343464171,0.644770988902379,0.8976668033846794,0.990862129926324,1.0,0.5,0.2,0.3,0.8726097682966677,0.8458524873623732,0.8726097682966677,0.8458524873623732,0.988422795159125,0.820277116764517,1.0
"Murray Hill, Manhattan",east_35th_street/east_to_west/046_n00315_W.jpg,n00315,east_35th_street,east_to_west,W,46,W,0.3730113142987265,0.5725567620927937,0.5854078597150463,0.6650345260514752,0.5107660455486543,0.7854827506367216,0.7450058326042578,0.7799280418665503,0.15383950190245596,0.5103253120355222,0.9764294337966839,0.6465837437131807,0.5595911254577546,0.7096875161888149,0.9509128021299744,1.0,0.5,0.2,0.3,0.8170818005633997,0.7404191668531716,0.8170818005633997,0.7404191668531716,0.9244113494182197,0.5598437998601145,1.0
"Murray Hill, Manhattan",east_35th_street/east_to_west/047_n00314_W.jpg,n00314,east_35th_street,east_to_west,W,47,W,0.16877614332400662,0.18009487124616594,0.14799266550858906,0.7604145149073882,0.5815469474739876,0.8082024076719038,0.7246487650124632,0.8208416109806754,0.15238177029657618,0.16562122669292054,0.3983019681506107,0.6623566583684348,0.5659573820965715,0.7289616363507215,2.7981120218524835,0.8871716452466608,0.4,0.2,0.4,0.4981875664263279,0.29256464598662446,0.5615458621739613,0.3596936736004376,0.16347476990948973,0.5832238970451569,0.8133716755652957
"Murray Hill, Manhattan",east_35th_street/west_to_east/001_n00314_E.jpg,n00314,east_35th_street,west_to_east,W,1,E,0.3513292904457445,0.36799161613893255,0.3587882612811612,0.7405913978494624,0.5598206141684402,0.8189435723377175,0.7416911945057642,0.8084118016321407,0.2546262478694911,0.35936972262194605,0.8712926478088654,0.6665714520062465,0.601576414669132,0.8210747776314964,2.7981120218524835,0.8871716452466608,0.4,0.2,0.4,0.7154770360054927,0.5543785503295873,0.8064696835600154,0.6815808405724143,0.6664970351123035,0.7048096762297876,0.8133716755652957
"Murray Hill, Manhattan",east_35th_street/west_to_east/002_n00315_E.jpg,n00315,east_35th_street,west_to_east,W,2,E,0.4029328437673381,0.5453939855348305,0.551575816047596,0.5765151515151515,0.4887355920363255,0.795160154875044,0.6407867494824017,0.785212293350812,0.2454721001464908,0.49996754844992153,0.9733929226750196,0.62764657145129,0.5571570476599015,0.7021078915045889,0.9509128021299744,1.0,0.5,0.2,0.3,0.808366450225455,0.728817748484268,0.808366450225455,0.728817748484268,0.9152551456686311,0.5508280672907229,1.0
"Murray Hill, Manhattan",east_35th_street/west_to_east/003_n00316_E.jpg,n00316,east_35th_street,west_to_east,W,3,E,0.3880960826396462,0.38773678068049194,0.37761100687929955,0.5746099647710117,0.34338508492569003,0.803049421661409,0.5761494252873564,0.7649426596795018,0.26806212018906145,0.3844812900664792,0.9014797510456967,0.6780914338355768,0.5363847350519733,0.6331538812510535,0.990862129926324,1.0,0.5,0.2,0.3,0.7659288384121448,0.6314828317714946,0.7659288384121448,0.6314828317714946,0.7298226067702992,0.4731339740682554,1.0
"Murray Hill, Manhattan",east_35th_street/west_to_east/004_n00317_E.jpg,n00317,east_35th_street,west_to_east,W,4,E,0.4052792382975572,0.4005352582989589,0.5177366493155967,0.24742676167854313,0.36149847094801224,0.6017964071856287,0.465565509518477,0.3635453736654804,0.04626733395891983,0.44118371530403755,0.947559204111506,0.49590823263871986,0.2917927390476257,0.042164035647234685,0.9117313127875556,1.0,0.5,0.2,0.3,0.3272397803028255,0.25514784513058564,0.3272397803028255,0.25514784513058564,0.8421285855359176,0.022391066934263786,1.0
"Murray Hill, Manhattan",east_35th_street/west_to_east/005_n00318_E.jpg,n00318,east_35th_street,west_to_east,W,5,E,0.298781706190661,0.301279207335108,0.2970345868152275,0.5101648351648351,0.36540701907674394,0.6904355598894849,0.405297619047619,0.49098238913643116,0.07654702174192718,0.2990318334469988,0.7664515615770302,0.6117311253258586,0.3242756766419924,0.06686558483567265,0.5952491592796717,1.0,0.4,0.2,0.4,0.27617671528036364,0.18045764008867077,0.27617671528036364,0.18045764008867077,0.4920829781263116,0.03594343281896046,1.0
"Murray Hill, Manhattan",east_35th_street/west_to_east/006_n00319_E.jpg,n00319,east_35th_street,west_to_east,W,6,E,0.30594757102803266,0.3124015584846224,0.2865613901572806,0.4896201702685003,0.5543372319688108,0.6769856931425754,0.653282031044462,0.5181549503905424,0.1740502761808139,0.3016368398899786,0.7720005557893,0.5374228771474217,0.4484957525386061,0.31592478500068116,1.5943074069383818,1.0,0.4,0.2,0.4,0.5022775354039498,0.3382293761356481,0.5022775354039498,0.34713741461348874,0.49989733571330836,0.19373793421783347,0.9743385814872214
"Murray Hill, Manhattan",east_35th_street/west_to_east/007_n00320_E.jpg,n00320,east_35th_street,west_to_east,W,7,E,0.36027567562418883,0.3139375,0.28676279553130685,0.6087373322377431,0.6162087589526829,0.7727949723917465,0.6891412111468381,0.7693330673582021,0.22360594795539032,0.32032532371849853,0.809058462474902,0.5884411818922688,0.5606934088201434,0.7130822398147246,3.524237376675128,0.7956183988613766,0.3,0.1,0.6,0.5780333114215731,0.4112855667990432,0.7265207947035999,0.5638417880855368,0.5557302641063505,0.5639140285768309,0.7294343475241849
"Murray Hill, Manhattan",east_35th_street/west_to_east/008_n00321_E.jpg,n00321,east_35th_street,west_to_east,W,8,E,0.42691438657205305,0.5699985386526377,0.5472481827622014,0.5986321094312456,0.36039972899728995,0.7685365457937859,0.7333656957928802,0.7716395694985115,0.2068042813455658,0.514720369328964,0.9776132402830084,0.6689229754092472,0.5706031822123192,0.7425085238245654,3.524237376675128,0.7956183988613766,0.3,0.1,0.6,0.6349118277779333,0.504320362839975,0.7980104893081491,0.6913855435403031,0.9280151044563526,0.6000585333667998,0.7294343475241849
"Murray Hill, Manhattan",east_35th_street/west_to_east/009_n00322_E.jpg,n00322,east_35th_street,west_to_east,W,9,E,0.33696881799683187,0.3339515331355094,0.3374730021598272,0.743879472693032,0.587528441410694,0.8028596491228069,0.68562734082397,0.7984421681604781,0.24032557061754148,0.33613111776405613,0.8366585726901892,0.653070226801715,0.5747983598673299,0.754354948627916,1.1983207609975022,1.0,0.5,0.2,0.3,0.7718605289772876,0.6158019671825065,0.7718605289772876,0.6158019671825065,0.6019317700176752,0.6150610232517417,1.0
"Murray Hill, Manhattan",east_35th_street/west_to_east/010_n00323_E.jpg,n00323,east_35th_street,west_to_east,W,10,E,0.4138562579374178,0.4521653543307087,0.4312119584675976,0.6389752446747266,0.5927313080871134,0.8007934886255278,0.7635553986189579,0.78243523686847,0.33088816439438845,0.43241119024524133,0.942074916181979,0.6156791417377137,0.625626266627272,0.8681150155461617,1.1983207609975022,1.0,0.5,0.2,0.3,0.8442805584827996,0.7645577302695045,0.8442805584827996,0.7645577302695045,0.8276241055053184,0.7740032177095179,1.0
"Murray Hill, Manhattan",east_35th_street/west_to_east/011_n00324_E.jpg,n00324,east_35th_street,west_to_east,W,11,E,0.34461317696840044,0.349752380952381,0.31114115128985015,0.6792879622344611,0.6644691186675918,0.8139527578841563,0.7425194494314781,0.791759203176526,0.3748335893497184,0.3351689030702105,0.8350744657340246,0.6095905338170085,0.6363707473192408,0.8854983347195925,0.9187027732026108,1.0,0.5,0.2,0.3,0.7980435092456323,0.6559350355919787,0.7980435092456323,0.6559350355919787,0.5991618665547221,0.8009468123536416,1.0
"Murray Hill, Manhattan",east_35th_street/west_to_east/012_n00325_E.jpg,n00325,east_35th_street,west_to_east,W,12,E,0.4319101264255213,0.5202459922609176,0.5339615233608167,0.5497400756143667,0.5679914127133731,0.8250767656090071,0.7320235231221598,0.7728172097330975,0.41057271328836825,0.4953725473490852,0.9719269489706468,0.6022751428366668,0.6384711487145418,0.8886541724272463,0.8697945778087675,1.0,0.5,0.2,0.3,0.8597964254373096,0.8083088464953633,0.8597964254373096,0.8083088464953633,0.9108792242094135,0.8059222623184483,1.0
"Murray Hill, Manhattan",east_35th_street/west_to_east/013_n00326_E.jpg,n00326,east_35th_street,west_to_east,W,13,E,0.48143537427250244,0.6935390295358649,0.6442414174972314,0.5615284974093265,0.621091592089272,0.8187428243398392,0.7838876026099769,0.7935912465806956,0.3893725607925547,0.6064052737685328,0.9924367574658469,0.5863932432199646,0.6556171366610757,0.9116747323587893,0.839003493618956,1.0,0.5,0.2,0.3,0.8708456514021851,0.8430544673696385,0.8708456514021851,0.8430544673696385,0.974834913248592,0.8430260935065559,1.0
"Murray Hill, Manhattan",east_35th_street/west_to_east/014_n00327_E.jpg,n00327,east_35th_street,west_to_east,W,14,E,0.46221616727327836,0.6043686303753417,0.5981311975591153,0.5511904761904761,0.6095668485675306,0.8209521112579448,0.7688116540490938,0.8012434061793519,0.43352788586251617,0.5549053317359117,0.9860587515829748,0.58752524629363,0.6678609820303205,0.9253882053130499,0.8080981201891881,1.0,0.5,0.2,0.3,0.8722759341293983,0.841156472329162,0.8722759341293983,0.841156472329162,0.9542970105767004,0.8658294271163297,1.0
"Murray Hill, Manhattan",east_35th_street/west_to_east/015_n00328_E.jpg,n00328,east_35th_street,west_to_east,W,15,E,0.3839802964115307,0.47051114023591084,0.38670199343931366,0.6724485679709561,0.5945764660789575,0.8055613126079447,0.7521400445129259,0.7643390530664124,0.3593734631651421,0.4137311433622517,0.9285597782940539,0.6278111381666477,0.6252841869148267,0.8675264276254037,0.8299671202485772,1.0,0.5,0.2,0.3,0.8413090317424499,0.751184220530919,0.8413090317424499,0.751184220530919,0.7932652336218834,0.7731043957437962,1.0
"Murray Hill, Manhattan",east_35th_street/west_to_east/016_n00329_E.jpg,n00329,east_35th_street,west_to_east,W,16,E,0.269235778443552,0.27988110137672084,0.2481774338268282,0.7813464837049743,0.6740427927927928,0.8221203915850864,0.6980220492866408,0.8079312519709871,0.20237268518518517,0.26576477121570036,0.687654643894179,0.6431413608324226,0.5694419954809377,0.7391643801461434,0.6993612470396625,1.0,0.4,0.2,0.4,0.6984026077090043,0.5127247556665123,0.6984026077090043,0.5127247556665123,0.39391729412022286,0.5958712734032396,1.0
"Murray Hill, Manhattan",east_35th_street/west_to_east/017_n00330_E.jpg,n00330,east_35th_street,west_to_east,W,17,E,0.3960988238619243,0.4483382691674893,0.4355716878402904,0.7441846941149105,0.51489417989418,0.797179326655537,0.7290919952210274,0.794470554724774,0.2863328745125029,0.42666959362323464,0.938198570297761,0.6754899469587559,0.6032984748194348,0.8248381992201588,1.4713435465153937,1.0,0.4,0.2,0.4,0.8344286188091534,0.7382369191436774,0.8344286188091534,0.7438330680940671,0.8175718493589192,0.7101552950558606,0.9924766063913657
"Murray Hill, Manhattan",east_35th_street/west_to_east/018_n00331_E.jpg,n00331,east_35th_street,west_to_east,W,18,E,0.4528828778827632,0.6031012326252294,0.5662418494368703,0.6576057989553353,0.560968606431853,0.7850725887595228,0.6960392441860465,0.7863158627410037,0.3289998146088246,0.5407419866482877,0.9835185961487192,0.6272365937610016,0.6037849738452916,0.8258900428968298,1.467330345856661,1.0,0.4,0.2,0.4,0.838239650387917,0.7722974296215807,0.838239650387917,0.7776834807718778,0.9462849798656969,0.7116550644408488,0.9930742374198931
"Murray Hill, Manhattan",east_35th_street/west_to_east/019_n00332_E.jpg,n00332,east_35th_street,west_to_east,W,19,E,0.30106021624953927,0.25203252032520324,0.2088235294117647,0.5259426489226869,0.3114835382784609,0.7996432818073722,0.47210515753562105,0.7521843867385268,0.25183898651409886,0.253972088662169,0.6564840974386776,0.6713674641505327,0.4920428435960822,0.4701960377947527,1.0960523774912836,1.0,0.5,0.2,0.3,0.5966063243412384,0.3924822783945122,0.5966063243412384,0.3924822783945122,0.3606860647641347,0.31589617962660876,1.0
"Murray Hill, Manhattan",east_35th_street/west_to_east/020_n00333_E.jpg,n00333,east_35th_street,west_to_east,W,20,E,0.37480282102699397,0.3485071806500378,0.3238038683406854,0.6581189151599444,0.49859747545582045,0.8034320366427973,0.6091051271589828,0.7752739483916579,0.33684666474155356,0.34903795667257237,0.8567378094557448,0.6543178254489737,0.5737419134307313,0.7514066774838173,0.8734689033022448,1.0,0.5,0.2,0.3,0.7804484675621428,0.6332557682874355,0.7804484675621428,0.6332557682874355,0.6383945350905058,0.6113023695114539,1.0
"Murray Hill, Manhattan",east_35th_street/west_to_east/021_n00334_E.jpg,n00334,east_35th_street,west_to_east,W,21,E,0.41933937716167,0.46330463304633046,0.5117340843147296,0.5797029702970297,0.4559335002782415,0.7835942596216569,0.7560661764705882,0.762222742892846,0.2898968280100977,0.4647926981742433,0.9599792030539838,0.6357879098801483,0.6027285824578439,0.8235996956734798,0.8935723147371282,1.0,0.5,0.2,0.3,0.8443222196746509,0.7710110360805273,0.8443222196746509,0.7710110360805273,0.8762577643850064,0.7083925843071065,1.0
"Murray Hill, Manhattan",east_35th_street/west_to_east/022_n00335_E.jpg,n00335,east_35th_street,west_to_east,W,22,E,0.37523919091066776,0.317993907745866,0.34267125134843585,0.5326881218905473,0.5505189255189255,0.7834347690387017,0.6575306708431219,0.7517472798030339,0.27787878787878784,0.34530145000165646,0.8511459598480877,0.5885346551367745,0.5623855795083145,0.7182471967410025,0.760263200980212,1.0,0.4,0.2,0.4,0.7386957507926091,0.5963857814178622,0.7386957507926091,0.5963857814178622,0.6279809255197546,0.5701455368715902,1.0
"Murray Hill, Manhattan",east_35th_street/west_to_east/023_n00336_E.jpg,n00336,east_35th_street,west_to_east,W,23,E,0.3449499363643773,0.29344248094248093,0.27059773828756056,0.7034269048487057,0.6876213003396409,0.8264650155636758,0.7355684948660155,0.8035811423390752,0.2797138861998494,0.3029967185314729,0.7748601195746994,0.6140902066909135,0.6062878411349799,0.8312226946892664,0.6934483077019773,1.0,0.4,0.2,0.4,0.760716287374543,0.6044690450224188,0.760716287374543,0.6044690450224188,0.5039768877704842,0.7192973455992101,1.0
"Murray Hill, Manhattan",east_35th_street/west_to_east/024_n00337_E.jpg,n00337,east_35th_street,west_to_east,W,24,E,0.3470462935691346,0.32222222222222224,0.32510797764227645,0.7682789470296711,0.6345082090676306,0.824478761978762,0.7291144527986634,0.8221426439868695,0.32859698979054835,0.33145883114454444,0.8288510129805781,0.6527498333136008,0.6266180288586937,0.8698089307558089,0.7957831159216394,1.0,0.4,0.2,0.4,0.8055815069644715,0.6712792788913722,0.8055815069644715,0.6712792788913722,0.5884237952720038,0.7765948250454826,1.0
"Murray Hill, Manhattan",east_35th_street/west_to_east/025_n00338_E.jpg,n00338,east_35th_street,west_to_east,W,25,E,0.3710377743896461,0.3588135894699395,0.3821040276748208,0.49104826154644526,0.4041625124626121,0.7400392156862745,0.7214768948515079,0.7422698524244554,0.2582474858964925,0.37065179717813546,0.8857273149643209,0.6089749882567026,0.5739980777241519,0.7521237358259222,0.8981179241413015,1.0,0.5,0.2,0.3,0.7824501867742196,0.6520173895695829,0.7824501867742196,0.6520173895695829,0.6958829541471298,0.6122149928977633,1.0
"Murray Hill, Manhattan",east_35th_street/west_to_east/026_n00339_E.jpg,n00339,east_35th_street,west_to_east,W,26,E,0.3560632670029388,0.3565538194444444,0.3583514624123761,0.6045054812673172,0.5597919837645865,0.8014264264264265,0.7517762369457285,0.7884079708592243,0.3794652128764278,0.35698951628658643,0.8680554911070008,0.6153799746430524,0.6398831402271268,0.8907326897598451,0.9116604700341636,1.0,0.5,0.2,0.3,0.8166324507195762,0.6919241830568524,0.8166324507195762,0.6919241830568524,0.6601183031662449,0.809213590594876,1.0
"Murray Hill, Manhattan",east_35th_street/west_to_east/027_n00340_E.jpg,n00340,east_35th_street,west_to_east,W,27,E,0.30703818037237823,0.3386032444322244,0.32411489645958586,0.639819674337236,0.6074903371984539,0.7717761274851087,0.719117465032801,0.7327638804148872,0.2557785888077859,0.3232521070880628,0.814425310629891,0.6013684882079635,0.569219978085158,0.7385217932943264,0.8901621317330435,1.0,0.5,0.2,0.3,0.7443252624232137,0.5807451319627512,0.7443252624232137,0.5807451319627512,0.564383704892364,0.5950690622143101,1.0
"Murray Hill, Manhattan",east_35th_street/west_to_east/028_n00341_E.jpg,n00341,east_35th_street,west_to_east,W,28,E,0.3648249778262348,0.34977772289454184,0.307187696170747,0.629656357388316,0.38387165320866984,0.7769682132587238,0.5548327137546468,0.7090745732255166,0.21060120953397368,0.3405967989638412,0.8438505162120711,0.6742509724794565,0.491502832171379,0.4681786881944699,0.9684063477650092,1.0,0.5,0.2,0.3,0.6761149961361177,0.511960042773039,0.6761149961361177,0.511960042773039,0.6146992324958837,0.31414830186646253,1.0
"Murray Hill, Manhattan",east_35th_street/west_to_east/029_n00342_E.jpg,n00342,east_35th_street,west_to_east,W,29,E,0.3704496352269377,0.34746131107633454,0.3328179358330112,0.6615273336378865,0.35940629470672386,0.78660178090702,0.5981094334752871,0.7367218732153056,0.2409868340100898,0.3502429607120945,0.8585034700117308,0.696240939946061,0.5252727135668941,0.5936537729691538,0.8590480227361992,1.0,0.5,0.2,0.3,0.7370261693758737,0.5792031820675774,0.7370261693758737,0.5792031820675774,0.6417258685329352,0.4318645094163006,1.0
"Murray Hill, Manhattan",east_35th_street/west_to_east/030_n00343_E.jpg,n00343,east_35th_street,west_to_east,W,30,E,0.44471793637415546,0.5453535353535354,0.5389387539598732,0.5927210312456214,0.45917893619843486,0.7825457370911916,0.6957206372730641,0.7010434134525806,0.36941354410616706,0.509670075229188,0.9762477910236692,0.638695944046126,0.5887258649439373,0.7909874781912064,0.8917077589404254,1.0,0.5,0.2,0.3,0.8419566787043312,0.776879426885019,0.8419566787043312,0.776879426885019,0.9238600965707457,0.6631914947614094,1.0
"Murray Hill, Manhattan",east_35th_street/west_to_east/031_n00344_E.jpg,n00344,east_35th_street,west_to_east,W,31,E,0.41713278497544803,0.47010613999731293,0.4174280879864636,0.5326812606738085,0.6014025777103867,0.7245252431681334,0.6100850190559953,0.6309162621359223,0.21689497716894976,0.4348890043197415,0.9436763134341548,0.5519346420438517,0.4859654194536225,0.44756383610602213,0.8357136269027362,1.0,0.5,0.2,0.3,0.6777125905813908,0.5623618146090789,0.6777125905813908,0.5623618146090789,0.8318247674651444,0.29653404678627476,1.0
"Murray Hill, Manhattan",east_35th_street/west_to_east/032_n00345_E.jpg,n00345,east_35th_street,west_to_east,W,32,E,0.4247402214869947,0.4156227721763927,0.3870863911420111,0.49327628361858183,0.6272749937671405,0.7817124024751143,0.7041146979701639,0.6496586629001883,0.30285754504504503,0.4091497949351328,0.9248258160425091,0.5492378974421852,0.552210301971799,0.6863595887314108,0.6869485972133342,1.0,0.4,0.2,0.4,0.7395997557526942,0.6254600005340912,0.7395997557526942,0.6254600005340912,0.7841039913713064,0.5324084499979672,1.0
"Murray Hill, Manhattan",east_35th_street/west_to_east/033_n00346_E.jpg,n00346,east_35th_street,west_to_east,W,33,E,0.36560288555989523,0.3217234808384501,0.3089977338277709,0.5613646312103304,0.6034977812581571,0.7291666666666666,0.5847609561752988,0.6960831334932055,0.24925515433202242,0.3321080334087054,0.8299533101564598,0.5623445055396132,0.5100330813335089,0.5375532028497935,0.7356365987901236,1.0,0.4,0.2,0.4,0.6453429014381532,0.4885514100853861,0.6453429014381532,0.4885514100853861,0.5903091822236893,0.3768729012676683,1.0
"Murray Hill, Manhattan",east_35th_street/west_to_east/034_n00347_E.jpg,n00347,east_35th_street,west_to_east,W,34,E,0.3441812176389871,0.27942961165048547,0.23757730859458315,0.6426005747126436,0.6945909517112049,0.7806914056914057,0.6891955412301907,0.7499123729407641,0.10084692597239649,0.2870627126280186,0.7397659726285046,0.5762336762309481,0.5133182800477837,0.5497781076191082,0.7444018111178647,1.0,0.4,0.2,0.4,0.6249315407315285,0.448308935968502,0.6249315407315285,0.448308935968502,0.45628683931651043,0.3885136022510864,1.0
"Murray Hill, Manhattan",east_35th_street/west_to_east/035_n00348_E.jpg,n00348,east_35th_street,west_to_east,W,35,E,0.34430971802250154,0.27768010626660417,0.2283089862771138,0.27079322294955716,0.8074673351564874,0.7615768167456557,0.5096777018742337,0.5249881291547958,0.06118272078035184,0.2834329368554065,0.7312935126124775,0.40830090151290843,0.36528285060312704,0.1170407132451705,0.7444018111178647,1.0,0.4,0.2,0.4,0.3127285563062196,0.2021213521462345,0.3127285563062196,0.2021213521462345,0.4455029807400352,0.06451930844518618,1.0
"Murray Hill, Manhattan",east_35th_street/west_to_east/036_n00349_E.jpg,n00349,east_35th_street,west_to_east,W,36,E,0.3553164706912468,0.3128576737272389,0.21698070271254322,0.17805432255337142,0.6597472924187726,0.6821598404663293,0.5398903305529812,0.40906874695270595,0.1004909641700616,0.29505161571034294,0.7577933413312952,0.4001556235336427,0.3498166805585829,0.09511253730594048,0.7444018111178647,1.0,0.4,0.2,0.4,0.2907777728450991,0.1900676607270227,0.2907777728450991,0.1900676607270227,0.4801520981961424,0.051853405095093605,1.0
"Murray Hill, Manhattan",east_35th_street/west_to_east/037_n00350_E.jpg,n00350,east_35th_street,west_to_east,W,37,E,0.3568572630320325,0.280510961505265,0.24639724310776945,0.3328203374373005,0.5951604132680804,0.7052901546470678,0.5548327137546468,0.549029022620572,0.11899955136832663,0.29458848921502234,0.7567718392084737,0.48098335960542926,0.40762042924784847,0.20009614530035102,0.7444018111178647,1.0,0.4,0.2,0.4,0.40598265966807334,0.2710214467003607,0.40598265966807334,0.2710214467003607,0.47876506460121726,0.1151653070221676,1.0
"Murray Hill, Manhattan",east_35th_street/west_to_east/038_n00351_E.jpg,n00351,east_35th_street,west_to_east,W,38,E,0.2844166196489122,0.28604700854700854,0.2227349883301506,0.483476668259277,0.5282535244087149,0.7292136520823936,0.7342032137247795,0.6450201088242252,0.1703734671125976,0.2643995388420238,0.6841250826247476,0.5614789319776519,0.516532263220534,0.5616802198105829,0.7444018111178647,1.0,0.4,0.2,0.4,0.6077382213249942,0.4237734540598924,0.6077382213249942,0.4237734540598924,0.39001283438045786,0.40002647860828344,1.0
"Murray Hill, Manhattan",east_35th_street/west_to_east/039_n00352_E.jpg,n00352,east_35th_street,west_to_east,W,39,E,0.3944393797811014,0.3612261627405298,0.3205705705705706,0.5634818989071038,0.5121418910611091,0.7450843783867471,0.7069295322719981,0.7455823293172692,0.2800998948475289,0.3587453710307339,0.8704501172855659,0.5988081287442473,0.5775372521455987,0.761888067149246,0.6158097811668186,1.0,0.4,0.2,0.4,0.7657932982332756,0.6350700580067047,0.7657932982332756,0.6350700580067047,0.6648296019022913,0.624740845849532,1.0
"Murray Hill, Manhattan",east_35th_street/west_to_east/040_n00353_E.jpg,n00353,east_35th_street,west_to_east,W,40,E,0.43150703306217886,0.4098067632850242,0.3919138693728858,0.2344251766217084,0.49423910563540957,0.7504193625688953,0.7607758620689656,0.6370743571924948,0.2806900389538119,0.4110758885733629,0.9264170154347116,0.4968684778517313,0.5595134194050907,0.7094473095014299,,1.0,0.45,0.15,0.4,0.7583456686523794,0.641221945539045,0.7583456686523794,0.641221945539045,0.7879909975235386,0.5595565564663767,1.0
"Murray Hill, Manhattan",east_35th_street/west_to_east/041_n00354_E.jpg,n00354,east_35th_street,west_to_east,W,41,E,0.37596426143879663,0.33987485779294646,0.30553370049829526,0.4742773150416462,0.4999081557678178,0.7616306669831475,0.7444215906257791,0.7295312162454094,0.3170391061452514,0.34045760657667945,0.8436302985213439,0.5786666087523253,0.5969973043388133,0.8107605425945351,,1.0,0.45,0.15,0.4,0.7846749370415289,0.6379065798523712,0.7846749370415289,0.6379065798523712,0.614303554057873,0.6903210866453204,1.0
"Murray Hill, Manhattan",east_35th_street/west_to_east/042_n00355_E.jpg,n00355,east_35th_street,west_to_east,W,42,E,0.37015662846053193,0.3259968324948761,0.28519915310308325,0.49011489107729034,0.43744001096942275,0.7228783902012248,0.668139097744361,0.7444863609982587,0.2571040276748209,0.32711753801949706,0.8213338165125795,0.5918510901030307,0.5565764954724801,0.7002833335382107,,1.0,0.45,0.15,0.4,0.7336269060487461,0.5671044115680204,0.7336269060487461,0.5671044115680204,0.5757517307940266,0.5486725539078406,1.0
"Murray Hill, Manhattan",east_35th_street/west_to_east/043_n00356_E.jpg,n00356,east_35th_street,west_to_east,W,43,E,0.34666256429090025,0.3596455990001785,0.2851946519858435,0.2791142898425083,0.3344676346037508,0.7235723452037215,0.6952463018813729,0.6634412385643912,0.1200607902735562,0.33050093842564077,0.8272142383374819,0.556073000147493,0.49291611023977344,0.4734603799098769,0.4872177512157724,1.0,0.4,0.2,0.4,0.6112051698616581,0.4544112165415603,0.6112051698616581,0.4544112165415603,0.5856371899613405,0.3187337516548206,1.0
"Murray Hill, Manhattan",east_35th_street/west_to_east/044_n00357_E.jpg,n00357,east_35th_street,west_to_east,W,44,E,0.3540120041762601,0.37699915824915825,0.32576046837215217,0.4622467771639042,0.34063692591130407,0.7794535267480236,0.6800419883516186,0.7517584097859328,0.14192357577571582,0.3522572102658568,0.8614142828875802,0.6336877926668746,0.524574657971089,0.591125448216127,0.4872177512157724,1.0,0.4,0.2,0.4,0.6968378916595329,0.5469037033407724,0.6968378916595329,0.5469037033407724,0.6472638723199287,0.42929726622134196,1.0
"Murray Hill, Manhattan",east_35th_street/west_to_east/045_n00358_E.jpg,n00358,east_35th_street,west_to_east,W,45,E,0.2670175636131779,0.20622804647392598,0.1863951557769313,0.4113724113724114,0.2926706827309237,0.7662191015849552,0.4810258092738408,0.7140753828032981,0.09808488612836437,0.21988025528801172,0.5593595085184562,0.6283069434088142,0.4310620260685011,0.2622958866339047,0.4872177512157724,1.0,0.4,0.2,0.4,0.4228899593301075,0.2577640835402775,0.4228899593301075,0.2577640835402775,0.27259630011977964,0.15611697288472232,1.0
"Murray Hill, Manhattan",east_35th_street/west_to_east/046_n00359_E.jpg,n00359,east_35th_street,west_to_east,W,46,E,0.2363441518293772,0.2212593150799632,0.13816189896530737,0.6542194928684627,0.4178749610227627,0.8163148068361338,0.5520770316596088,0.7808557611438184,0.10320858441695742,0.19858845529154923,0.49576546711973407,0.6842197795606112,0.4787137924067948,0.42084803106447105,0.4872177512157724,1.0,0.4,0.2,0.4,0.4952217993174366,0.30423367230390364,0.4952217993174366,0.30423367230390364,0.22496013250284622,0.27435623079831356,1.0
"Murray Hill, Manhattan",east_35th_street/west_to_east/047_n00360_E.jpg,n00360,east_35th_street,west_to_east,W,47,E,0.353850892161621,0.3133475139590534,0.24703264094955482,0.5315007785363517,0.3700980392156863,0.6402601473123335,0.7642256102641006,0.7782445839238713,0.07091868404717568,0.3047436823567431,0.7784961695289734,0.6005542955443329,0.5377962927450491,0.6380578108293113,0.4872177512157724,1.0,0.4,0.2,0.4,0.6825855014329794,0.5133261730002933,0.6825855014329794,0.5133261730002933,0.509216818943962,0.4784148395364278,1.0
"Murray Hill, Manhattan",east_36th_street/east_to_west/001_n00407_W.jpg,n00407,east_36th_street,east_to_west,W,1,W,0.3893301556514703,0.4282642413987592,0.39344066785927256,0.3959160052910053,0.6942522106881969,0.7829780282610471,0.4717676767676768,0.6360520904729268,0.08066165314334721,0.40367835496983395,0.9201318819434048,0.49488060762128516,0.3961604734613169,0.17399232185526026,0.5783371110039258,1.0,0.4,0.2,0.4,0.41749583977161214,0.31044051668521017,0.41749583977161214,0.31044051668521017,0.7727820776397505,0.0987731114429385,1.0
"Murray Hill, Manhattan",east_36th_street/east_to_west/002_n00406_W.jpg,n00406,east_36th_street,east_to_west,W,2,W,0.4423631947620269,0.6057482993197278,0.5669031615633556,0.06802125568251631,0.6812218468468468,0.702260778128286,0.44133109619686794,0.676194310252281,0.16640243096842386,0.53833821854837,0.9830444416425911,0.36302006232131845,0.42797594580585757,0.2534377422413843,0.5783371110039258,1.0,0.4,0.2,0.4,0.4683428587952907,0.3738450622563554,0.4683428587952907,0.3738450622563554,0.9447997692304194,0.15011497909958665,1.0
"Murray Hill, Manhattan",east_36th_street/east_to_west/003_n00405_W.jpg,n00405,east_36th_street,east_to_west,W,3,W,0.43170056378037674,0.41978387364921027,0.3782589342490144,0.1766773317820438,0.7254202610042025,0.6739004629629629,0.5325807090512974,0.4497395833333333,0.11170212765957448,0.40991445722620046,0.9254612740906979,0.3750525112469347,0.364674140014735,0.11610042542379055,,1.0,0.45,0.15,0.4,0.3522966786472405,0.25784538194022943,0.3522966786472405,0.25784538194022943,0.7856532911513456,0.06397039962024689,1.0
"Murray Hill, Manhattan",east_36th_street/east_to_west/004_n00404_W.jpg,n00404,east_36th_street,east_to_west,W,4,W,0.45522557116545614,0.4450039032006245,0.3687428353076041,0.08003169572107767,0.698462249971095,0.6227415191740412,0.47614010343206403,0.3860677083333333,0.0711685644950532,0.4229907698912282,0.9355888425462506,0.3347703216413413,0.3111254587534835,0.05556055215928528,0.5783371110039258,1.0,0.4,0.2,0.4,0.24620112026603502,0.18098311847935855,0.24620112026603502,0.18098311847935855,0.8108950526386002,0.02970004055910557,1.0
"Murray Hill, Manhattan",east_36th_street/east_to_west/005_n00403_W.jpg,n00403,east_36th_street,east_to_west,W,5,W,0.48996800593685097,0.6428207090028054,0.5748706338939199,0.1890313390313391,0.7544394281414597,0.5932819854514334,0.6579120589784097,0.4399813482547295,0.09235777930089102,0.5692197829445254,0.9882332081363568,0.3426246321137709,0.3967503955113434,0.17526773788795455,0.5783371110039258,1.0,0.4,0.2,0.4,0.4003024853149652,0.315743933238835,0.4003024853149652,0.315743933238835,0.9612306595001341,0.09956360908325253,1.0
"Murray Hill, Manhattan",east_36th_street/east_to_west/006_n00402_W.jpg,n00402,east_36th_street,east_to_west,W,6,W,0.4646555525840862,0.4918166405842463,0.40459170530654304,0.047925608011444965,0.7391646277525341,0.6070956160241874,0.6862766109444206,0.30577539099302803,0.07134180527004297,0.45368796615829177,0.9545338752065257,0.30528553209436604,0.3544646024024972,0.10128469743539809,0.5783371110039258,1.0,0.4,0.2,0.4,0.30979565109769414,0.2335230005752132,0.30979565109769414,0.2335230005752132,0.8610696728507818,0.05539017673288642,1.0
"Murray Hill, Manhattan",east_36th_street/east_to_west/007_n00401_W.jpg,n00401,east_36th_street,east_to_west,W,7,W,0.44355044432997576,0.5157226806701676,0.40219166038683757,0.10187159440890785,0.7765813355004741,0.6461996873778819,0.6705822912719465,0.37986242884250476,0.11472213996643969,0.45382159512899367,0.9546034167993734,0.32382998209543856,0.388388953360297,0.15786957290601644,0.5783371110039258,1.0,0.4,0.2,0.4,0.37437942987096806,0.2855094639147472,0.37437942987096806,0.2855094639147472,0.861261392112394,0.08887052874645726,1.0
"Murray Hill, Manhattan",east_36th_street/east_to_west/008_n00400_W.jpg,n00400,east_36th_street,east_to_west,W,8,W,0.3749328985810412,0.3341125779244591,0.27774631936579847,0.13719775474956822,0.7812521082102138,0.6615646258503401,0.7616570073761855,0.43204320432043203,0.06182748538011695,0.3289305986237662,0.824504208464454,0.3391700907965648,0.4185092323589114,0.22752113489158254,0.5783371110039258,1.0,0.4,0.2,0.4,0.412448148489187,0.28917417494512065,0.412448148489187,0.28917417494512065,0.5810571123142365,0.13288353340633546,1.0
"Murray Hill, Manhattan",east_36th_street/east_to_west/009_n00399_W.jpg,n00399,east_36th_street,east_to_west,W,9,W,0.32198835338955034,0.31083964811427583,0.26590518300171945,0.262155537890832,0.7641566695229934,0.8203926818384649,0.7516969507101087,0.6663916391639165,0.06325301204819274,0.2995777281685152,0.7676221194535375,0.43946385006876776,0.4937805339740726,0.47669390346589874,0.5783371110039258,1.0,0.4,0.2,0.4,0.5674654994256677,0.4063306892351451,0.5674654994256677,0.4063306892351451,0.4937203307574216,0.32155589274343666,1.0
"Murray Hill, Manhattan",east_36th_street/east_to_west/010_n00398_W.jpg,n00398,east_36th_street,east_to_west,W,10,W,0.38307948397014546,0.38543911637931033,0.3378787878787879,0.4119758110093817,0.7736675078381893,0.8107692877239745,0.7456714383094751,0.7534231350582378,0.15016417572463767,0.36879912940941456,0.8834577450236151,0.4830258636317223,0.5497529163641168,0.6783705891397187,0.5783371110039258,1.0,0.4,0.2,0.4,0.7044581443033787,0.5755715589203833,0.7044581443033787,0.5755715589203833,0.6911576124850994,0.5232220351543556,1.0
"Murray Hill, Manhattan",east_36th_street/east_to_west/011_n00397_W.jpg,n00397,east_36th_street,east_to_west,W,11,W,0.3290488251809049,0.3068422445738486,0.23534919585811856,0.5509959901694477,0.7006878306878307,0.7973990761197028,0.7058976357495453,0.7664532794249775,0.14147223135064083,0.2904134218709573,0.7474316697552748,0.5492357452004399,0.5379410488417211,0.638559110040787,0.5783371110039258,1.0,0.4,0.2,0.4,0.6598736691629941,0.4869993216829134,0.6598736691629941,0.4869993216829134,0.46627835039774274,0.4789566884122726,1.0
"Murray Hill, Manhattan",east_36th_street/east_to_west/012_n00396_W.jpg,n00396,east_36th_street,east_to_west,W,12,W,0.34802493820425595,0.31315208285736046,0.28574861812064406,0.6294135248354279,0.6680240793201134,0.8340765154452631,0.6793393136836109,0.7750545743203016,0.18497454230310906,0.31564187972742014,0.8002252161157434,0.5984886536535259,0.5464561434356738,0.6674872650463254,0.5783371110039258,1.0,0.4,0.2,0.4,0.7022201235962221,0.539854867868607,0.7022201235962221,0.539854867868607,0.5418145627852686,0.5108741404274146,1.0
"Murray Hill, Manhattan",east_36th_street/east_to_west/013_n00395_W.jpg,n00395,east_36th_street,east_to_west,W,13,W,0.2786305760737942,0.23135485047410645,0.2309846698113207,0.6389003863134657,0.556117203564085,0.7941108468754129,0.6363834830339322,0.7873092226379238,0.15034496962207808,0.24699003211974047,0.6373499103236403,0.6256313432082645,0.5246792250979779,0.5915044960447695,0.5783371110039258,1.0,0.4,0.2,0.4,0.616308406042298,0.42260003265484536,0.616308406042298,0.42260003265484536,0.3415999633516937,0.4296815947171382,1.0
"Murray Hill, Manhattan",east_36th_street/east_to_west/014_n00394_W.jpg,n00394,east_36th_street,east_to_west,W,14,W,0.3725124740749296,0.31537832310838443,0.24354634894846106,0.4973087274125336,0.4098031059345535,0.6381999688036188,0.7135209912185734,0.7541898405635892,0.14784535452322736,0.3104790487105917,0.7901365312667334,0.5752351967605329,0.5385187287684633,0.640556639028205,0.5783371110039258,1.0,0.4,0.2,0.4,0.681825063424559,0.5168879840683556,0.681825063424559,0.5168879840683556,0.5263993897693189,0.48111953185520545,1.0
"Murray Hill, Manhattan",east_36th_street/east_to_west/015_n00393_W.jpg,n00393,east_36th_street,east_to_west,W,15,W,0.22308417048763657,0.2948826518267602,0.2511635220125786,0.5579555555555556,0.4105765699596034,0.7873740716229135,0.6258006898250801,0.7789010989010988,0.1457178065311152,0.2563767814423251,0.662961863171701,0.6449176857396219,0.5168065317524313,0.5626928168145522,0.5783371110039258,1.0,0.4,0.2,0.4,0.6174543070057397,0.42579896409020734,0.6174543070057397,0.42579896409020734,0.36736648132586835,0.4010142719871136,1.0
"Murray Hill, Manhattan",east_36th_street/east_to_west/016_n00392_W.jpg,n00392,east_36th_street,east_to_west,W,16,W,0.24991222750630365,0.24747251668629758,0.20942355889724315,0.6462443372789712,0.502100073046019,0.7821666300928974,0.6831319592513623,0.7905803052076917,0.21500454486430334,0.23560276769661476,0.6052127919218386,0.6421036314419499,0.5629056031077857,0.7198230493042301,0.5783371110039258,1.0,0.4,0.2,0.4,0.6564090564036139,0.4591083347460436,0.6564090564036139,0.4591083347460436,0.3115635839044617,0.5720561894157912,1.0
"Murray Hill, Manhattan",east_36th_street/east_to_west/017_n00391_W.jpg,n00391,east_36th_street,east_to_west,W,17,W,0.3248598796131045,0.3254496612940902,0.2529889538661469,0.5053102525505938,0.5045115845849342,0.7789176487093153,0.639969777106158,0.7503169371196754,0.19873324244489887,0.3010994982577805,0.7708635988878924,0.5932387722249917,0.529673318890244,0.609473533877086,0.964334769267952,1.0,0.5,0.2,0.3,0.681743694797134,0.49981058726164074,0.681743694797134,0.49981058726164074,0.4982853175371848,0.44812757529396,1.0
"Murray Hill, Manhattan",east_36th_street/east_to_west/018_n00390_W.jpg,n00390,east_36th_street,east_to_west,W,18,W,0.3571853122270986,0.34410681399631676,0.29086666666666666,0.5144703981195828,0.5363175675675675,0.7178944748631159,0.6770190095653227,0.7309881602914391,0.151133659025429,0.33071959763002734,0.8275889541296142,0.5653491018050437,0.5197136096273969,0.5733920248812737,0.9773571304302604,1.0,0.5,0.2,0.3,0.6869200272923275,0.5234012451164978,0.6869200272923275,0.5234012451164978,0.5862737811181246,0.4115322864021653,1.0
"Murray Hill, Manhattan",east_36th_street/east_to_west/019_n00389_W.jpg,n00389,east_36th_street,east_to_west,W,19,W,0.35691503206450625,0.316641206797785,0.27110034385745546,0.5398021308980212,0.3946698488464599,0.691151744430433,0.6437814521926671,0.7196452286093721,0.13037422474508564,0.3148855275732489,0.7987702923562625,0.6120946754939981,0.49793363518237493,0.4922517522482372,1.0865652553570189,1.0,0.5,0.2,0.3,0.654984245204915,0.47974647526327185,0.654984245204915,0.47974647526327185,0.53956053574808,0.3352946410653563,1.0
"Murray Hill, Manhattan",east_36th_street/east_to_west/020_n00388_W.jpg,n00388,east_36th_street,east_to_west,W,20,W,0.18402099663311566,0.18201848667239898,0.13522513687995427,0.5718918918918918,0.3272011909825607,0.7550873832894421,0.6348883129705047,0.7076261597646526,0.11812541918175719,0.16708820672848962,0.4025282986683896,0.6665926947329244,0.4868799639723048,0.4509580475678848,1.8942252348887127,1.0,0.4,0.2,0.4,0.46595624167119004,0.25845307779693855,0.46595624167119004,0.2774659576668309,0.16589638104754192,0.2994036431734298,0.9314767114864513
"Murray Hill, Manhattan",east_36th_street/east_to_west/021_n00387_W.jpg,n00387,east_36th_street,east_to_west,W,21,W,0.2741771879092827,0.23652461568398522,0.18451373212942057,0.653191489361702,0.49750092558311737,0.759530088707744,0.6900517707965643,0.7832417222876588,0.14593114241001562,0.23173851190756284,0.5940810244758143,0.6384068841621096,0.5397415451647463,0.6447688503078308,2.046333000609999,0.993074144959523,0.4,0.2,0.4,0.6184449944936937,0.38606727509922845,0.6227581270066206,0.4240332607411881,0.3017052818584551,0.485700012690015,0.9104646046501232
"Murray Hill, Manhattan",east_36th_street/east_to_west/022_n00386_W.jpg,n00386,east_36th_street,east_to_west,W,22,W,0.20644299643579783,0.14571257705400684,0.16702087465759896,0.6628191675410983,0.6449088407292741,0.8386230928611792,0.524264442052386,0.7966514748702367,0.15842115534738488,0.17305881604913453,0.41987313471884574,0.6188444732243344,0.4931123574233358,0.4741942902501482,2.0511800832368547,0.9923523805099301,0.4,0.2,0.4,0.47272871373079584,0.2613585592450406,0.47637182417789886,0.2872694347318681,0.17604925435522334,0.3193732966507421,0.909802880661452
"Murray Hill, Manhattan",east_36th_street/east_to_west/023_n00385_W.jpg,n00385,east_36th_street,east_to_west,W,23,W,0.23591681673346326,0.2621174135589679,0.20865808200609962,0.7987751531058618,0.5972281601824142,0.8365776081424937,0.5358445217967844,0.8479119831051162,0.1849335215907754,0.23556410409951026,0.6051019316685902,0.6793748670219804,0.5228966754975586,0.5850283571645152,1.4206602577749965,1.0,0.4,0.2,0.4,0.6109758974833415,0.411509159276488,0.6109758974833415,0.411509159276488,0.31146407634996764,0.4231419311543591,1.0
"Murray Hill, Manhattan",east_36th_street/east_to_west/024_n00384_W.jpg,n00384,east_36th_street,east_to_west,W,24,W,0.24882533914783622,0.2649267655564885,0.2036147501213003,0.6939822518025514,0.4668362258128865,0.7934104789456766,0.36361044588892694,0.7766923228734952,0.1523364485981308,0.23912228494187499,0.6152576939389465,0.6735188349784471,0.4308797391201843,0.2617671516242047,0.7901404323131382,1.0,0.4,0.2,0.4,0.4451012657784978,0.278666833640582,0.4451012657784978,0.278666833640582,0.32069377666089915,0.15575708206380207,1.0
"Murray Hill, Manhattan",east_36th_street/east_to_west/025_n00383_W.jpg,n00383,east_36th_street,east_to_west,W,25,W,0.24357430999531315,0.22787534435261714,0.21920579864816792,0.741920405982906,0.5435653134493235,0.8012028502320717,0.5580556936847341,0.8029912325941208,0.3118604651162791,0.2302184843320327,0.5896749523178518,0.666519314255218,0.5576357971317112,0.7036076823010985,0.7450054202533136,1.0,0.4,0.2,0.4,0.6485446021723883,0.4480666671029374,0.6485446021723883,0.4480666671029374,0.2978763786022422,0.5526041692001078,1.0
"Murray Hill, Manhattan",east_36th_street/east_to_west/026_n00382_W.jpg,n00382,east_36th_street,east_to_west,W,26,W,0.35318879541298354,0.45353302611367136,0.5817455439459126,0.7648889314438913,0.5093882495457299,0.8114157993061116,0.762415670974559,0.812387522495501,0.39621403066582656,0.4628224551575225,0.9590609189238098,0.6889721604014243,0.6570057413786288,0.9133376513545982,0.6893613090454969,1.0,0.4,0.2,0.4,0.8803013277545092,0.8223922178463483,0.8803013277545092,0.8223922178463483,0.8736712722284744,0.8457628163984802,1.0
"Murray Hill, Manhattan",east_36th_street/east_to_west/027_n00381_W.jpg,n00381,east_36th_street,east_to_west,W,27,W,0.3804565498986688,0.4002357182473655,0.37592729970326405,0.6156188605108056,0.3845556455969746,0.7984451297866872,0.7219232149264442,0.7518102526125237,0.2806532663316583,0.3855398559497661,0.9026021973387971,0.6765027815668394,0.5847955779568754,0.7810735805181204,0.7553153258325368,1.0,0.4,0.2,0.4,0.8041355295333952,0.6871833228355259,0.8041355295333952,0.6871833228355259,0.7323200384013957,0.6498989220337449,1.0
"Murray Hill, Manhattan",east_36th_street/east_to_west/028_n00380_W.jpg,n00380,east_36th_street,east_to_west,W,28,W,0.35165438743673183,0.3271022309389557,0.2513986468904501,0.5339802587701747,0.3507989963021658,0.7511331106870229,0.7233449477351916,0.7553881807647741,0.23908802731041212,0.3100517550887125,0.7892850163412108,0.6447714577183439,0.5726070519367925,0.7482132965745345,0.8933914040140251,1.0,0.5,0.2,0.3,0.745943126571664,0.5715063528822181,0.745943126571664,0.5715063528822181,0.5251209121591239,0.6072499423328886,1.0
"Murray Hill, Manhattan",east_36th_street/east_to_west/029_n00379_W.jpg,n00379,east_36th_street,east_to_west,W,29,W,0.3635239996742817,0.3692602616147947,0.2547195810941161,0.5417383820998279,0.49313687223523295,0.7752686984687869,0.7551020408163266,0.6615461301431939,0.29087584025306445,0.32916794746106415,0.8249159516628899,0.6079567361111273,0.5691746704041949,0.7383905333258547,1.2751840581544005,1.0,0.4,0.2,0.4,0.7424254719247932,0.5921726008874504,0.7424254719247932,0.5921726008874504,0.5817502850177887,0.5949052902839761,1.0
"Murray Hill, Manhattan",east_36th_street/east_to_west/030_n00378_W.jpg,n00378,east_36th_street,east_to_west,W,30,W,0.376871944840958,0.3811720021703744,0.37910206718346257,0.6658268010451661,0.6339711492608489,0.8082763045337895,0.7301332381632167,0.7824263282426328,0.280685618729097,0.3790486713982649,0.8955363881927736,0.6133773187727022,0.5977483950449822,0.8124830674524239,0.9319214116010428,1.0,0.5,0.2,0.3,0.8063646057830126,0.687710711595673,0.8063646057830126,0.687710711595673,0.7167772273819315,0.6927244066903826,1.0
"Murray Hill, Manhattan",east_36th_street/east_to_west/031_n00377_W.jpg,n00377,east_36th_street,east_to_west,W,31,W,0.3880279690393307,0.3675421126877438,0.40000585617240575,0.7296968562874252,0.6533137583892618,0.8334369602763386,0.698112669631657,0.8147122800079099,0.34458657167530227,0.3851919792998267,0.9022345918738411,0.6366066860581674,0.6191371737716229,0.856566151495924,0.858473913924433,1.0,0.5,0.2,0.3,0.8284422675296499,0.7186684623292294,0.8284422675296499,0.7186684623292294,0.7315009249330485,0.7565245514323709,1.0
"Murray Hill, Manhattan",east_36th_street/east_to_west/032_n00376_W.jpg,n00376,east_36th_street,east_to_west,W,32,W,0.4391591508743981,0.5918693982074265,0.570655354008192,0.6769144589429287,0.4711190078037904,0.8231665736780113,0.767167051578137,0.7968540829986613,0.40740107195803404,0.5338946343633388,0.9821323737311597,0.6763206749390498,0.6571407355116108,0.9134977930714904,0.8233632186648216,1.0,0.5,0.2,0.3,0.8919238907158998,0.853611263075084,0.8919238907158998,0.853611263075084,0.9419519351052204,0.8460267773701887,1.0
"Murray Hill, Manhattan",east_36th_street/east_to_west/033_n00375_W.jpg,n00375,east_36th_street,east_to_west,W,33,W,0.4304380613092376,0.6009394052507154,0.5894567436018213,0.6475650713685978,0.42970777003960126,0.7976142742582196,0.7526294498381877,0.792279411764706,0.41152231777231774,0.5402780700539247,0.983428113064961,0.671823858529072,0.6521437264584038,0.9073883762426035,0.8216789318767402,1.0,0.5,0.2,0.3,0.8895295046003966,0.8512556564956436,0.8895295046003966,0.8512556564956436,0.9460013068326927,0.8360075380466215,1.0
"Murray Hill, Manhattan",east_36th_street/east_to_west/034_n00374_W.jpg,n00374,east_36th_street,east_to_west,W,34,W,0.4092763736689344,0.6119906185869247,0.6150633855331842,0.6630911188004615,0.45722455648926236,0.8064335572237588,0.7723406804024916,0.8166268462206777,0.45374015748031504,0.5454434592630144,0.9844085990266679,0.6707667065116526,0.6809025613678281,0.9378208042692812,0.8388252568778332,1.0,0.5,0.2,0.3,0.8985411226489336,0.8676395752863515,0.8985411226489336,0.8676395752863515,0.949081520094345,0.8869741906342816,1.0
"Murray Hill, Manhattan",east_36th_street/east_to_west/035_n00373_W.jpg,n00373,east_36th_street,east_to_west,W,35,W,0.43799934677720537,0.610445836403832,0.5516993087557603,0.6106679035250463,0.47278770253427504,0.7902310498581273,0.7661728115810903,0.7824116567232675,0.3893725607925547,0.5333814973122659,0.9820239956689731,0.6427037502829661,0.6459856763656375,0.8993284558678512,0.8574676514002526,1.0,0.5,0.2,0.3,0.8786961374108375,0.8378192638667873,0.8786961374108375,0.8378192638667873,0.9416143267189943,0.822947544660766,1.0
"Murray Hill, Manhattan",east_36th_street/east_to_west/036_n00372_W.jpg,n00372,east_36th_street,east_to_west,W,36,W,0.37828203717803877,0.45536303630363034,0.37566666666666665,0.4974160206718347,0.2923764195056781,0.7853450840398631,0.7696221519500527,0.6484897518878102,0.29955116696588874,0.4031039133827786,0.9196238295429368,0.6634615617353399,0.5725543569345839,0.7480643590636546,0.8765589773960152,1.0,0.5,0.2,0.3,0.8097481240876316,0.6966593042051311,0.8097481240876316,0.6966593042051311,0.7715694082236947,0.6070614120057011,1.0
"Murray Hill, Manhattan",east_36th_street/east_to_west/037_n00371_W.jpg,n00371,east_36th_street,east_to_west,W,37,W,0.4010583295989214,0.45778016983614395,0.3684895833333333,0.40461115374776163,0.5237901475694445,0.740004816955684,0.7449283284742468,0.649586597040905,0.2833227210018041,0.40910936092279954,0.9247920759496608,0.5402752743780004,0.559279215505652,0.708722623865988,1.3006161468633215,1.0,0.4,0.2,0.4,0.7466742546041604,0.635510631523333,0.7466742546041604,0.635510631523333,0.7840218416250807,0.5586905723082196,1.0
"Murray Hill, Manhattan",east_36th_street/east_to_west/038_n00370_W.jpg,n00370,east_36th_street,east_to_west,W,38,W,0.3653789777221521,0.44984126984126976,0.47087378640776695,0.7508004268943437,0.6342609544733309,0.8234676308539944,0.7699343931365128,0.803648387576163,0.12551903114186858,0.4286980113237296,0.9395949482098599,0.6466690344250023,0.5663672706181815,0.7301746903924589,2.7441508073961494,0.8943817146009683,0.4,0.2,0.4,0.7050279005851199,0.5603937946218785,0.7882852355715598,0.6834220931856017,0.8211742411863572,0.5847176253202353,0.8199819704536366
"Murray Hill, Manhattan",east_36th_street/east_to_west/039_n00369_W.jpg,n00369,east_36th_street,east_to_west,W,39,W,0.3366284728234585,0.3555911680911681,0.3522001205545509,0.7141801075268818,0.5174445605480088,0.8207187346910211,0.7388869645537467,0.8079043484253324,0.22377598926894704,0.3481399204897258,0.8554100384353396,0.6724847605566313,0.590189100749342,0.7945929761902452,2.854009068952633,0.879764201424055,0.4,0.2,0.4,0.6963545236631503,0.5290186829953191,0.7915240498942518,0.6558784054757842,0.6359031365362482,0.6680764143782736,0.8065804249364801
"Murray Hill, Manhattan",east_36th_street/east_to_west/040_n00368_W.jpg,n00368,east_36th_street,east_to_west,W,40,W,0.3667024000563745,0.5518100935726338,0.5650271831464492,0.5842367736339983,0.48358737799171014,0.7685250667923936,0.7767439138576778,0.7824116567232675,0.35051046452271567,0.4945132255918191,0.9716442169119045,0.6230581541448938,0.6365553450345536,0.8857787834787615,2.9638673305091165,0.8653855926075384,0.4,0.2,0.4,0.7413928526435253,0.6361474668113577,0.8567196622832555,0.8018012884893851,0.9100385708972777,0.801387903525434,0.7933979103599053
"Murray Hill, Manhattan",east_36th_street/east_to_west/041_n00367_W.jpg,n00367,east_36th_street,east_to_west,W,41,W,0.42571201814664417,0.5798611111111112,0.5933589990375361,0.551944197091125,0.5411667842860504,0.7456120441821757,0.7635918003565063,0.6958767864040171,0.2959927140255009,0.5329773760984304,0.9819381884788575,0.5854631523290834,0.5851537669286748,0.7819909350028942,2.329032770738712,0.9518432457149562,0.4,0.2,0.4,0.7694487412260622,0.6446310015177154,0.8083775818024612,0.7386936461754899,0.9413471476268916,0.6511204180581829,0.8726635254753115
"Murray Hill, Manhattan",east_36th_street/east_to_west/042_n00366_W.jpg,n00366,east_36th_street,east_to_west,W,42,W,0.4070563263745257,0.5045281582952815,0.4436502659574469,0.5959192941481771,0.6666960197252555,0.7824905137186223,0.7100785340314136,0.7703712002390022,0.2806900389538119,0.45174491687575136,0.9535111669629047,0.570571262713848,0.5870465910747424,0.7867925305042864,2.308501050105208,0.9547792113675211,0.4,0.2,0.4,0.7607454053467184,0.6223900677464641,0.7967762560069883,0.7110142539625134,0.8582567855169396,0.657542116672606,0.8753552608514628
"Murray Hill, Manhattan",east_36th_street/east_to_west/043_n00365_W.jpg,n00365,east_36th_street,east_to_west,W,43,W,0.41937172867905975,0.5682281858129317,0.5338845654993515,0.6145356234096693,0.7297093898344332,0.814102564102564,0.7610441767068273,0.7675374939525882,0.2926944444444444,0.5071614933304476,0.9755396632228666,0.5663095992259333,0.6070920383679532,0.8329082703504608,1.558054215708555,1.0,0.4,0.2,0.4,0.8213866254699841,0.7427970371664971,0.8213866254699841,0.7582258361930623,0.921715370360521,0.7217265060596003,0.9796514464555431
"Murray Hill, Manhattan",east_36th_street/east_to_west/044_n00364_W.jpg,n00364,east_36th_street,east_to_west,W,44,W,0.3242697593593628,0.3362495803961061,0.28033346725592606,0.5534323432343234,0.6789811066126856,0.7508964857757591,0.727920792079208,0.7577331226010386,0.2575157773952954,0.31361760233713165,0.796313552328521,0.5417825741324656,0.5810565640251806,0.7713321304933596,1.899676858527632,1.0,0.4,0.2,0.4,0.7279393864814404,0.5356001879361261,0.7279393864814404,0.5754715539860393,0.5357783686340302,0.6370330443374066,0.9307153137739967
"Murray Hill, Manhattan",east_36th_street/east_to_west/045_n00363_W.jpg,n00363,east_36th_street,east_to_west,W,45,W,0.1858759050479259,0.19787003879438977,0.15657171414292856,0.6072367510723676,0.5996955859969558,0.7733713290588143,0.6404648609077599,0.7549477429397377,0.1903024232016791,0.1801058859950814,0.44059950171835033,0.593637498044742,0.5285716756830589,0.6055333726072271,1.92326370290928,1.0,0.4,0.2,0.4,0.5311009755993493,0.3098997807511676,0.5311009755993493,0.33414960700576407,0.18865366992687005,0.4440444697803247,0.9274282364959413
"Murray Hill, Manhattan",east_36th_street/east_to_west/046_n00362_W.jpg,n00362,east_36th_street,east_to_west,W,46,W,0.21315534310404274,0.21196613596158706,0.20540848701169936,0.7038721963605585,0.5717953476862162,0.7990063742032246,0.6481448448091331,0.7902630734680782,0.14291429142914294,0.2101766553591097,0.5304920807956085,0.6436944076258556,0.5271074032354515,0.6002749941588805,2.52422514010138,0.9243783966239026,0.4,0.2,0.4,0.5355467613168655,0.32060523914913863,0.5793588029240376,0.3783026958610239,0.2501274123513476,0.4386290913981389,0.8474833583182251
"Murray Hill, Manhattan",east_36th_street/east_to_west/047_n00361_W.jpg,n00361,east_36th_street,east_to_west,W,47,W,0.21554632158763584,0.1869816536818297,0.15890441339543135,0.7108936428463056,0.5201750482124314,0.7944431634770579,0.4887747336377473,0.7866346877351392,0.14639776763064435,0.18714412955496562,0.46150869746523165,0.6617205860369773,0.4739357296678436,0.4034852456503651,1.1045123483676682,1.0,0.5,0.2,0.3,0.47640155642495957,0.2762991892454644,0.47640155642495957,0.2762991892454644,0.2019222693848545,0.2603206222733269,1.0
"Murray Hill, Manhattan",east_36th_street/west_to_east/001_n00361_E.jpg,n00361,east_36th_street,west_to_east,W,1,E,0.2674583075514132,0.28336845802599225,0.2506529209621993,0.7016457100591715,0.7799210067052448,0.8306310100372007,0.6948831535695943,0.8022408391227352,0.17111762889780802,0.2671598955132016,0.6912391326425166,0.5841185711303758,0.5560805405300457,0.6987195964772238,1.1045123483676682,1.0,0.5,0.2,0.3,0.6705099674855695,0.47266605339442586,0.6705099674855695,0.47266605339442586,0.39792128345684546,0.5468296879770354,1.0
"Murray Hill, Manhattan",east_36th_street/west_to_east/002_n00362_E.jpg,n00362,east_36th_street,west_to_east,W,2,E,0.2616349741772011,0.30512596050967805,0.2425322997416021,0.6888973095869648,0.6826833797585886,0.7870259481037923,0.7695894060492087,0.80357466884413,0.32864255765199163,0.2697644114761604,0.6978694701493542,0.5977466259773895,0.6339355441817767,0.881742244507427,2.52422514010138,0.9243783966239026,0.4,0.2,0.4,0.6867513993734025,0.48614048134444415,0.7429331990899152,0.5736283510146535,0.40543251297310506,0.7950590390612223,0.8474833583182251
"Murray Hill, Manhattan",east_36th_street/west_to_east/003_n00363_E.jpg,n00363,east_36th_street,west_to_east,W,3,E,0.3319986477989074,0.3617992992992993,0.29034624413145543,0.5126156433978132,0.6908371786420567,0.7398049645390071,0.7684645901916096,0.7600212262225488,0.17730861654651564,0.3280480637432207,0.8229665364247436,0.5205278097649212,0.5685981443202246,0.7367165800237123,1.92326370290928,1.0,0.4,0.2,0.4,0.7183925757830765,0.5304598340550487,0.7183925757830765,0.5719686043410327,0.5784768986140615,0.5928195102831857,0.9274282364959413
"Murray Hill, Manhattan",east_36th_street/west_to_east/004_n00364_E.jpg,n00364,east_36th_street,west_to_east,W,4,E,0.42217052296394036,0.5280275779376499,0.4545852803738318,0.5004724523913359,0.616921768707483,0.7178444331469241,0.7727779104002547,0.724367364746946,0.2311817720233562,0.4682611270918073,0.9615479907390979,0.5337983722769256,0.5761090157235189,0.7579797437534094,1.899676858527632,1.0,0.4,0.2,0.4,0.7771894109464715,0.6443140870599342,0.7771894109464715,0.6922783772056762,0.880700532960415,0.6197050506058023,0.9307153137739967
"Murray Hill, Manhattan",east_36th_street/west_to_east/005_n00365_E.jpg,n00365,east_36th_street,west_to_east,W,5,E,0.3366177890522592,0.3297664543524416,0.30754453370590284,0.5184573002754821,0.6429536549114986,0.726806784660767,0.7965226995734308,0.744500594530321,0.15731292517006804,0.32464292570353454,0.8169345299784428,0.5341034766749169,0.5661120730912733,0.7294198424519066,1.558054215708555,1.0,0.4,0.2,0.4,0.7171186405206244,0.555885705605345,0.7171186405206244,0.5674321286581914,0.5684824775677122,0.5837878077745315,0.9796514464555431
"Murray Hill, Manhattan",east_36th_street/west_to_east/006_n00366_E.jpg,n00366,east_36th_street,west_to_east,W,6,E,0.37844940876481087,0.39151752880607993,0.36269456236102693,0.5045994495147038,0.5085285655569255,0.7596595777829712,0.7510381728158442,0.6918659165494608,0.18342660603940772,0.3775538333106392,0.8938463196553789,0.5852434872469165,0.5421102318015709,0.6528642884944645,2.308501050105208,0.9547792113675211,0.4,0.2,0.4,0.6915197373294246,0.5183359382193888,0.7242718830659997,0.5921435117842334,0.7131215475529389,0.49457889916901765,0.8753552608514628
"Murray Hill, Manhattan",east_36th_street/west_to_east/007_n00367_E.jpg,n00367,east_36th_street,west_to_east,W,7,E,0.25962398673466164,0.20672079386558417,0.16568806541405703,0.3961149801993718,0.43712308114035087,0.7066544566544567,0.6785813823857302,0.47408351541636323,0.1740486780331109,0.21067761533810092,0.5319890925038054,0.5552154519044925,0.4422378586117347,0.29599724538141675,2.329032770738712,0.9518432457149562,0.4,0.2,0.4,0.40395584853342015,0.22459876123686587,0.4243932499935928,0.25737154662736045,0.2512566480173923,0.17949526525211723,0.8726635254753115
"Murray Hill, Manhattan",east_36th_street/west_to_east/008_n00368_E.jpg,n00368,east_36th_street,west_to_east,W,8,E,0.3948028826582755,0.4219251336898396,0.35444845205891196,0.6047415468324914,0.6972178477690288,0.799719730941704,0.736495758483034,0.7362758014931928,0.1908521719858156,0.3903921561356757,0.9076024403094114,0.5690811433350556,0.5545412439873474,0.6938368379337743,2.9638673305091165,0.8653855926075384,0.4,0.2,0.4,0.6425481880858992,0.49245703395747015,0.7424992899983507,0.6206936362286097,0.7435787613403181,0.5411020228541245,0.7933979103599053
"Murray Hill, Manhattan",east_36th_street/west_to_east/009_n00369_E.jpg,n00369,east_36th_street,west_to_east,W,9,E,0.3788221688978892,0.5814550119113066,0.5351553767046724,0.6638359569179785,0.6653846153846154,0.8105148249876751,0.7838572210493392,0.7759755805602108,0.24149794892152965,0.49847751917128935,0.9729258962681179,0.6029887221736794,0.6004435835103599,0.8185647636029094,2.854009068952633,0.879764201424055,0.4,0.2,0.4,0.7259074399085268,0.6101170144580723,0.8251159103013244,0.7564242766071596,0.9138579522366885,0.7012620814179374,0.8065804249364801
"Murray Hill, Manhattan",east_36th_street/west_to_east/010_n00370_E.jpg,n00370,east_36th_street,west_to_east,W,10,E,0.39575067120762764,0.39059850796880297,0.34649267701794956,0.4856882334284809,0.6294786261428218,0.7486248624862486,0.7561993323795898,0.676343421865349,0.20929192229038854,0.37761395206479337,0.8939147526795344,0.5349448232573025,0.5472782255117757,0.6702184818766384,2.7441508073961494,0.8943817146009683,0.4,0.2,0.4,0.6429685214544816,0.4843257051606345,0.7188972124070586,0.5906540907145704,0.7132691134219702,0.5139550379204666,0.8199819704536366
"Murray Hill, Manhattan",east_36th_street/west_to_east/011_n00371_E.jpg,n00371,east_36th_street,west_to_east,W,11,E,0.36991414029937175,0.39456021777902944,0.31387297039159506,0.5310189293108548,0.5125991302123305,0.7876887093344673,0.7320523085134774,0.6657475490196078,0.23336769759450182,0.3594491094899987,0.871399441033527,0.6020361694776639,0.5437225183758623,0.6583247836433966,1.3006161468633215,1.0,0.4,0.2,0.4,0.7234149999958808,0.5825107039248204,0.7234149999958808,0.5825107039248204,0.666708753668625,0.5006247610596477,1.0
"Murray Hill, Manhattan",east_36th_street/west_to_east/012_n00372_E.jpg,n00372,east_36th_street,west_to_east,W,12,E,0.4026741281519092,0.4317257593086796,0.38332807072939695,0.6149252735521751,0.44660794313089175,0.7930318016347276,0.7695951765719208,0.753960436674054,0.26806212018906145,0.40590931939666197,0.9220773059561588,0.6537830440186703,0.597205911145012,0.8112401673319889,0.8765589773960152,1.0,0.5,0.2,0.3,0.8283525834297407,0.7248764888987029,0.8283525834297407,0.7248764888987029,0.7774485395369474,0.6909896207891391,1.0
"Murray Hill, Manhattan",east_36th_street/west_to_east/013_n00373_E.jpg,n00373,east_36th_street,west_to_east,W,13,E,0.3889763430088735,0.38268369175627237,0.3316715702299226,0.5910663841807909,0.4702780106174909,0.7856745325022262,0.7588652482269503,0.7707190357439734,0.3198070058009817,0.3677772016650228,0.8821891815351627,0.6354876353551754,0.6164637632573018,0.8515685098693432,0.8574676514002526,1.0,0.5,0.2,0.3,0.8174631092600353,0.6949274238455154,0.8174631092600353,0.6949274238455154,0.6885338214609072,0.7490623493010812,1.0
"Murray Hill, Manhattan",east_36th_street/west_to_east/014_n00374_E.jpg,n00374,east_36th_street,west_to_east,W,14,E,0.4093674681640339,0.4180131004366812,0.38490023258660794,0.571619496855346,0.5576388888888889,0.804427985122483,0.4991049051199427,0.7536681258106356,0.2939676203149257,0.40409360039577435,0.9204973088269718,0.6061361976963133,0.5155802170818347,0.558161337205926,0.8388252568778332,1.0,0.5,0.2,0.3,0.7287074855123217,0.6029691183879318,0.7287074855123217,0.6029691183879318,0.7736558431826327,0.39660398132585345,1.0
"Murray Hill, Manhattan",east_36th_street/west_to_east/015_n00375_E.jpg,n00375,east_36th_street,west_to_east,W,15,E,0.4789152630600582,0.6463750171963131,0.49457956259426855,0.5694320214669052,0.5022141706924316,0.7949829261886,0.776268890789849,0.7611296605453534,0.4289295836058426,0.5399566142835466,0.9833651295134769,0.6207335923210245,0.655442711647015,0.9114638245368181,0.8216789318767402,1.0,0.5,0.2,0.3,0.8767187257031938,0.8398086436400884,0.8767187257031938,0.8398086436400884,0.9458039170186012,0.842679549646076,1.0
"Murray Hill, Manhattan",east_36th_street/west_to_east/016_n00376_E.jpg,n00376,east_36th_street,west_to_east,W,16,E,0.3708232113305878,0.3491510277033066,0.3087342079689018,0.5351031154014919,0.4865603644646925,0.7950957927566673,0.403979929296385,0.5491355199593185,0.2422833399287693,0.3429028156675987,0.8474621981523043,0.6145461812311556,0.3984662630614909,0.1790192891129164,0.8233632186648216,1.0,0.5,0.2,0.3,0.49847228996705284,0.3603990397240201,0.49847228996705284,0.3603990397240201,0.6212320775270143,0.10189493891387327,1.0
"Murray Hill, Manhattan",east_36th_street/west_to_east/017_n00377_E.jpg,n00377,east_36th_street,west_to_east,W,17,E,0.3294626132155652,0.34191028428767006,0.36581525542337295,0.7281026400197385,0.6666666666666666,0.8174844552581778,0.7591189674523008,0.7908753658702606,0.2110455412494039,0.3457293843088694,0.8517954007671859,0.6263068095370832,0.5870132915239884,0.7867087284845252,0.858473913924433,1.0,0.5,0.2,0.3,0.7821125643335928,0.6369415848781019,0.7821125643335928,0.6369415848781019,0.6291798276427704,0.6574296316902883,1.0
"Murray Hill, Manhattan",east_36th_street/west_to_east/018_n00378_E.jpg,n00378,east_36th_street,west_to_east,W,18,E,0.3662727597167606,0.3624511371712864,0.2913702239789196,0.6063158624514697,0.3803838951310861,0.7873899772856331,0.7306645826097024,0.7368235767451217,0.17900601585999457,0.34003137362232216,0.8429543772954715,0.6711073148686723,0.5488313917382728,0.6753472549589902,0.9319214116010428,1.0,0.5,0.2,0.3,0.7535612733215876,0.5941073163741871,0.7535612733215876,0.5941073163741871,0.61309097526678,0.5197727196767786,1.0
"Murray Hill, Manhattan",east_36th_street/west_to_east/019_n00379_E.jpg,n00379,east_36th_street,west_to_east,W,19,E,0.27126469898114347,0.22112520418948786,0.1964567966280295,0.5752804141501294,0.3039565670087758,0.7845809743482212,0.6948397435897435,0.7379406307977736,0.236197592361976,0.2296155665995536,0.5879232513166023,0.6853016071631916,0.5563259889164978,0.6994940709920224,1.2751840581544005,1.0,0.4,0.2,0.4,0.6498576258357467,0.4480616184543198,0.6498576258357467,0.4480616184543198,0.2963654204820554,0.5477418870227535,1.0
"Murray Hill, Manhattan",east_36th_street/west_to_east/020_n00380_E.jpg,n00380,east_36th_street,west_to_east,W,20,E,0.3336874122540437,0.3248180658714082,0.2708628005657709,0.5449412827461607,0.302490339201374,0.8057991738163329,0.6068478260869564,0.7547486972600437,0.2052008563153255,0.30978942623040756,0.7887609914633842,0.6827500391203731,0.5222657932207752,0.5827291332239543,0.8933914040140251,1.0,0.5,0.2,0.3,0.6997857235807742,0.517476083341384,0.6997857235807742,0.517476083341384,0.5243358506941218,0.42083371952831067,1.0
"Murray Hill, Manhattan",east_36th_street/west_to_east/021_n00381_E.jpg,n00381,east_36th_street,west_to_east,W,21,E,0.34386498310489855,0.3431245585118908,0.25650524033249006,0.5241405608353866,0.36457040408219554,0.7670217439051176,0.7105806365694499,0.7143685431161712,0.27579132473622514,0.3144982606497598,0.7980222808423242,0.6421973002194362,0.5669135014739487,0.7317859155924636,0.7553153258325368,1.0,0.4,0.2,0.4,0.738062806887646,0.5772258039991933,0.738062806887646,0.5772258039991933,0.5384057978021011,0.5867057947514783,1.0
"Murray Hill, Manhattan",east_36th_street/west_to_east/022_n00382_E.jpg,n00382,east_36th_street,west_to_east,W,22,E,0.28196204532733155,0.28011485042735046,0.2237065309584394,0.6640823970037454,0.2339207940848779,0.7559773327123117,0.6418955304254174,0.740894958916278,0.2595058075827306,0.2619278089043738,0.6776807312179051,0.7287129785437263,0.5474320989748086,0.6707284310758888,0.6893613090454969,1.0,0.4,0.2,0.4,0.6847626155826874,0.4901697652734614,0.6847626155826874,0.4901697652734614,0.38297991512233676,0.514531595093286,1.0
"Murray Hill, Manhattan",east_36th_street/west_to_east/023_n00383_E.jpg,n00383,east_36th_street,west_to_east,W,23,E,0.2564281596724037,0.18798492573708714,0.14855419761961822,0.5056058645968089,0.26027239150507847,0.7664409330323552,0.6050403225806451,0.7508972387021168,0.20122861407739112,0.197655761009703,0.4929677467682887,0.6705914687080285,0.5190553917867176,0.5709751575669458,0.7450054202533136,1.0,0.4,0.2,0.4,0.5559886069555118,0.3543033168619616,0.5559886069555118,0.3543033168619616,0.22301472408300677,0.40914334904798727,1.0
"Murray Hill, Manhattan",east_36th_street/west_to_east/024_n00384_E.jpg,n00384,east_36th_street,west_to_east,W,24,E,0.1815142060494919,0.1803289694528365,0.14402096911306317,0.6360868963608689,0.49449769258075965,0.81552734375,0.66401332839689,0.7602235446707866,0.13073481819912428,0.16862138153846384,0.4069608515316756,0.6523721825100364,0.5183238970889337,0.5682852578980684,0.7901404323131382,1.0,0.4,0.2,0.4,0.5111480357066673,0.31413553272278194,0.5111480357066673,0.31413553272278194,0.16845788661219904,0.4064934887826967,1.0
"Murray Hill, Manhattan",east_36th_street/west_to_east/025_n00385_E.jpg,n00385,east_36th_street,west_to_east,W,25,E,0.2392782561108351,0.20901885658477956,0.19100085910652917,0.7120497707924035,0.5886646629454702,0.7978144811478144,0.698029679511161,0.793033038565463,0.15480299108426807,0.21309932393404796,0.5392172525014133,0.6403998629982492,0.5486219030536307,0.6746579092898949,1.4206602577749965,1.0,0.4,0.2,0.4,0.6104206320123579,0.4084758058729858,0.6104206320123579,0.4084758058729858,0.2567631225000128,0.518988317544855,1.0
"Murray Hill, Manhattan",east_36th_street/west_to_east/026_n00386_E.jpg,n00386,east_36th_street,west_to_east,W,26,E,0.33814679964198174,0.24333794375288154,0.18831987891019172,0.5887984496124031,0.30394560855996433,0.7369622407923243,0.729305828421742,0.7668861870989531,0.14187629116539072,0.2566015407683516,0.6635642499815264,0.673938360614921,0.5460227688953618,0.66604289825694,2.0511800832368547,0.9923523805099301,0.4,0.2,0.4,0.6615215919776507,0.4303082905049883,0.6666196453700461,0.4729687052563982,0.36799353658918604,0.5092496454667088,0.909802880661452
"Murray Hill, Manhattan",east_36th_street/west_to_east/027_n00387_E.jpg,n00387,east_36th_street,west_to_east,W,27,E,0.23643517565089703,0.25262447510497893,0.18359227871939732,0.5004098877538151,0.3604716059718153,0.7010744750656168,0.4906663516068053,0.6947050938337801,0.15908824906367044,0.22421730982509105,0.5721449058217064,0.6136709189492056,0.44815323150141856,0.314815470802064,2.046333000609999,0.993074144959523,0.4,0.2,0.4,0.4537259560787534,0.2580795263140465,0.4568903121501033,0.2834591537067191,0.2830373219002637,0.19293665179849362,0.9104646046501232
"Murray Hill, Manhattan",east_36th_street/west_to_east/028_n00388_E.jpg,n00388,east_36th_street,west_to_east,W,28,E,0.37731554347202423,0.3913253012048193,0.4307522820270695,0.5404586906220227,0.38542713567839204,0.7072884587182872,0.6347949654892409,0.6851021425012457,0.16400564787661562,0.39979770890130434,0.9166420076157968,0.6207733378873059,0.49463425195570065,0.47988930014120895,1.8942252348887127,1.0,0.4,0.2,0.4,0.6545200280192897,0.48475098425705687,0.6545200280192897,0.5204112762878321,0.7645015589733584,0.3243559301616443,0.9314767114864513
"Murray Hill, Manhattan",east_36th_street/west_to_east/029_n00389_E.jpg,n00389,east_36th_street,west_to_east,W,29,E,0.21445199030635845,0.2154994850669413,0.2526768474635774,0.6087162482235907,0.5494824897206861,0.78660178090702,0.6023317881724961,0.7037538350478253,0.198219766728054,0.22754277427895903,0.5818842632898039,0.6152785131366415,0.5014351299827917,0.5053815296160491,1.0865652553570189,1.0,0.5,0.2,0.3,0.5640511194513602,0.3564921702912269,0.5640511194513602,0.3564921702912269,0.2912048790676044,0.3470998356921071,1.0
"Murray Hill, Manhattan",east_36th_street/west_to_east/030_n00390_E.jpg,n00390,east_36th_street,west_to_east,W,30,E,0.367998387001912,0.32930629755544766,0.2586515513126492,0.6479060996228378,0.5270426381012392,0.8102387115329307,0.5961612284069098,0.7249759846301633,0.2555986218776917,0.3186520786233363,0.805937346652583,0.6437007243515097,0.5255786116382549,0.5947601677334821,0.9773571304302604,1.0,0.5,0.2,0.3,0.7033799795419268,0.5286454726043592,0.7033799795419268,0.5286454726043592,0.5507675046294459,0.4329906755651329,1.0
"Murray Hill, Manhattan",east_36th_street/west_to_east/031_n00391_E.jpg,n00391,east_36th_street,west_to_east,W,31,E,0.21043096552545196,0.23626588465298148,0.15901993202902545,0.6155333876221499,0.5146170956466477,0.7776022372339653,0.5438234214390603,0.7151360544217688,0.15,0.20190559406915293,0.5057165331090407,0.6261728430698225,0.46965315862027635,0.38812451075963605,0.964334769267952,1.0,0.5,0.2,0.3,0.48751024042000224,0.2887162220329074,0.48751024042000224,0.2887162220329074,0.23197625969383218,0.2481429258592213,1.0
"Murray Hill, Manhattan",east_36th_street/west_to_east/032_n00392_E.jpg,n00392,east_36th_street,west_to_east,W,32,E,0.30485846770550745,0.32333029058268675,0.27150735294117645,0.4491471385302088,0.5236642945894047,0.7586227689339121,0.5945126751692648,0.6983089930822444,0.15396283655669327,0.29989870374312355,0.7683084724287973,0.5613685376249054,0.48226150160273407,0.43387032122858743,0.5783371110039258,1.0,0.4,0.2,0.4,0.5741268264008426,0.4069726652191955,0.5741268264008426,0.4069726652191955,0.4946831276893792,0.28507686127047427,1.0
"Murray Hill, Manhattan",east_36th_street/west_to_east/033_n00393_E.jpg,n00393,east_36th_street,west_to_east,W,33,E,0.3850944420485443,0.33551103368176544,0.3107134420033073,0.577865831183192,0.5189995587910876,0.7800703440590612,0.6970646032915746,0.7816859740906826,0.1423782833278382,0.3437729725778723,0.8488071287326568,0.6129788721503885,0.540376286903365,0.6469465697387617,0.5783371110039258,1.0,0.4,0.2,0.4,0.7134443028340861,0.5634707955353698,0.7134443028340861,0.5634707955353698,0.6236859530072365,0.48807865312584486,1.0
"Murray Hill, Manhattan",east_36th_street/west_to_east/034_n00394_E.jpg,n00394,east_36th_street,west_to_east,W,34,E,0.26352161867634755,0.19962745098039214,0.15774035620832275,0.5289855072463768,0.550990675990676,0.7668671447297402,0.687927181913775,0.6972,0.0932896474652037,0.2069631419550208,0.52087728037238,0.5816206586618136,0.49280560979299287,0.47304718897237363,0.5783371110039258,1.0,0.4,0.2,0.4,0.5123702641219966,0.3223443566839452,0.5123702641219966,0.3223443566839452,0.2429644583343105,0.3183739446140013,1.0
"Murray Hill, Manhattan",east_36th_street/west_to_east/035_n00395_E.jpg,n00395,east_36th_street,west_to_east,W,35,E,0.3575760873373468,0.33126506024096386,0.34375822152065244,0.46230446702144806,0.7510283531658587,0.8242283950617284,0.7513432835820896,0.7489974050483604,0.06487796123474514,0.34419978969965437,0.8494632547810238,0.5118348363057725,0.521739549955065,0.5808085017091479,0.5783371110039258,1.0,0.4,0.2,0.4,0.659321128246786,0.5116763518831983,0.659321128246786,0.5116763518831983,0.624887286226335,0.41891099066569776,1.0
"Murray Hill, Manhattan",east_36th_street/west_to_east/036_n00396_E.jpg,n00396,east_36th_street,west_to_east,W,36,E,0.3871263778903207,0.40789606713173593,0.3871100164203612,0.3263302752293578,0.6820964749536178,0.7629569747597235,0.7553611042642346,0.6697626418988648,0.06536299485707457,0.39404415381413926,0.9112124668196026,0.46906359167848777,0.49682891367339127,0.48811066787711066,0.5783371110039258,1.0,0.4,0.2,0.4,0.6215864316989289,0.49311655025061285,0.6215864316989289,0.49311655025061285,0.7518450886577019,0.3316116026908281,1.0
"Murray Hill, Manhattan",east_36th_street/west_to_east/037_n00397_E.jpg,n00397,east_36th_street,west_to_east,W,37,E,0.3856080829917464,0.48131803471609297,0.38510189739985945,0.3503043535794627,0.6960645693413455,0.8049742024562169,0.7677431707939749,0.715965965965966,0.10945057071000193,0.4173426717025663,0.9313818368258698,0.48640466223144463,0.5310532358233142,0.6143888456788605,0.5783371110039258,1.0,0.4,0.2,0.4,0.6925130797887061,0.5770755405184103,0.6925130797887061,0.5770755405184103,0.8002822446378682,0.45325188764608443,1.0
"Murray Hill, Manhattan",east_36th_street/west_to_east/038_n00398_E.jpg,n00398,east_36th_street,west_to_east,W,38,E,0.32452003578393324,0.3385928003740066,0.31075392269422125,0.26349449987209006,0.662761355443403,0.7591788056904335,0.7808591253537843,0.4479844961240309,0.037945339189848694,0.32462225295072034,0.8168974271181956,0.4533039833730402,0.42226298688922126,0.23756876603922225,0.5783371110039258,1.0,0.4,0.2,0.4,0.4430580738674234,0.3097305620009823,0.4430580738674234,0.3097305620009823,0.5684216217009737,0.13950661283662547,1.0
"Murray Hill, Manhattan",east_36th_street/west_to_east/039_n00399_E.jpg,n00399,east_36th_street,west_to_east,W,39,E,0.3903018151102104,0.47370892018779337,0.3955182589450388,0.30811827956989246,0.6528438911265715,0.6544883127087017,0.746973536036036,0.40296546546546547,0.0448926396201094,0.4198429980810141,0.9332747363814747,0.4365875670506742,0.3982772137072036,0.17860289572418356,0.5783371110039258,1.0,0.4,0.2,0.4,0.41378379177961083,0.3112853289912303,0.41378379177961083,0.3112853289912303,0.805034614157435,0.10163572642893426,1.0
"Murray Hill, Manhattan",east_36th_street/west_to_east/040_n00400_E.jpg,n00400,east_36th_street,west_to_east,W,40,E,0.4133846276444441,0.4862988806512574,0.3755020080321285,0.221762610594048,0.6377676377676379,0.6239750445632799,0.685134607881389,0.3896638929678577,0.09686631676443351,0.42506183877594333,0.9370704173217215,0.40265667246323,0.39055493920456,0.16223714994462374,0.5783371110039258,1.0,0.4,0.2,0.4,0.39242439236645577,0.2951339515056663,0.39242439236645577,0.2951339515056663,0.8146766772750468,0.09153668868813405,1.0
"Murray Hill, Manhattan",east_36th_street/west_to_east/041_n00401_E.jpg,n00401,east_36th_street,west_to_east,W,41,E,0.4344980269888929,0.4588888888888889,0.31293657446214024,0.06079234972677594,0.6161381799432842,0.6114180478821362,0.7383549984524915,0.29149679673849743,0.06318940600483687,0.40210783011330736,0.9187358703228841,0.3520240725552093,0.3643470670652753,0.11559790403495845,0.5783371110039258,1.0,0.4,0.2,0.4,0.33095635565723686,0.2428743779582663,0.33095635565723686,0.2428743779582663,0.7694558558608419,0.06367725926339698,1.0
"Murray Hill, Manhattan",east_36th_street/west_to_east/042_n00402_E.jpg,n00402,east_36th_street,west_to_east,W,42,E,0.46339623014047954,0.47673507196807746,0.33259462501758835,0.06880663727651237,0.5397414741474148,0.5334751102709515,0.6559413238979803,0.2653743315508021,0.04999196270696027,0.4242419757087151,0.9364877540447956,0.3541800911333497,0.3237692060519142,0.06639312647066854,0.5783371110039258,1.0,0.4,0.2,0.4,0.26748221950950013,0.19719517047840163,0.26748221950950013,0.19719517047840163,0.8131866952292466,0.035681109389274795,1.0
"Murray Hill, Manhattan",east_36th_street/west_to_east/043_n00403_E.jpg,n00403,east_36th_street,west_to_east,W,43,E,0.44126342213907777,0.5277448657187994,0.36083363063384466,0.05464526556317225,0.5242365312590032,0.6375180766449747,0.6106067483734301,0.3287719298245613,0.05893715659340659,0.4432806394972406,0.9487955878069543,0.3893089369830479,0.332771944930466,0.07526995322043378,0.5783371110039258,1.0,0.4,0.2,0.4,0.28812211606443766,0.21499757222842658,0.28812211606443766,0.21499757222842658,0.8454452407189071,0.04063041134540038,1.0
"Murray Hill, Manhattan",east_36th_street/west_to_east/044_n00404_E.jpg,n00404,east_36th_street,west_to_east,W,44,E,0.42277080881135626,0.27838686431953885,0.21294336960902868,0.1538351131013894,0.4374294980259448,0.5735186806771746,0.4094502465912388,0.36699857752489334,0.02589763848652445,0.30470034757997455,0.7784064848162807,0.4299747652508731,0.2674488208675522,0.02964790033682902,0.5783371110039258,1.0,0.4,0.2,0.4,0.18705475326639942,0.12223475362336961,0.18705475326639942,0.12223475362336961,0.5090868581690374,0.01564852412025313,1.0
"Murray Hill, Manhattan",east_36th_street/west_to_east/045_n00405_E.jpg,n00405,east_36th_street,west_to_east,W,45,E,0.3395216522204899,0.3466316292403249,0.29659262048192775,0.45795107033639143,0.4749242997728993,0.7313965341488279,0.6964285714285715,0.7315995525727069,0.06705953460259899,0.3275819673142475,0.8221501821900313,0.5714744349041065,0.49836255286795916,0.49385988193464053,,1.0,0.45,0.15,0.4,0.6349200490689035,0.46454680906221946,0.6349200490689035,0.46454680906221946,0.5771124601359326,0.33673006426445035,1.0
"Murray Hill, Manhattan",east_36th_street/west_to_east/046_n00406_E.jpg,n00406,east_36th_street,west_to_east,W,46,E,0.22103943178941973,0.2431273946360153,0.19029022620571912,0.5878536016331292,0.5213901991614257,0.8003524134985049,0.558562348102449,0.7590412265258215,0.06189100881031565,0.21815235087705137,0.5542427411520837,0.6222719386567361,0.4598315278128621,0.35376575009390343,0.5783371110039258,1.0,0.4,0.2,0.4,0.4739825604337618,0.29421996538048606,0.4739825604337618,0.29421996538048606,0.26850427801876153,0.22168639039060034,1.0
"Murray Hill, Manhattan",east_36th_street/west_to_east/047_n00407_E.jpg,n00407,east_36th_street,west_to_east,W,47,E,0.22853842525652826,0.30649647156496473,0.2604166666666667,0.7551227321237993,0.5834988085782368,0.8005971422478141,0.6738723872387239,0.789044289044289,0.09403015484922576,0.26515052116271987,0.686069272395867,0.6574070219311254,0.5189822770440795,0.570706481098339,0.5783371110039258,1.0,0.4,0.2,0.4,0.6319448471547691,0.4421700174977757,0.6319448471547691,0.4421700174977757,0.3921588767461404,0.40887824856280564,1.0
"Murray Hill, Manhattan",east_37th_street/east_to_west/001_n00454_W.jpg,n00454,east_37th_street,east_to_west,W,1,W,0.4802298667372393,0.6834745302487238,0.6262203626220363,0.4359965635738832,0.8103112840466925,0.7987566533599467,0.7279557137208382,0.733343776106934,0.16405740378343117,0.5966415865359997,0.9915046024560829,0.47481397762904576,0.5417856312037345,0.6517599930315264,2.849514835485121,0.8803574812345689,0.4,0.2,0.4,0.636966704517666,0.5182522951422733,0.7235318811903728,0.6420972104513225,0.9717950189926974,0.493361824548808,0.8071243523671439
"Murray Hill, Manhattan",east_37th_street/east_to_west/002_n00452_W.jpg,n00452,east_37th_street,east_to_west,W,2,W,0.4889185333151422,0.7622418565041515,0.617474302496329,0.3681380871533673,0.6977789376014846,0.6550527299425978,0.6826426542731733,0.665513437625351,0.17977289610527433,0.6228782307718742,0.9937848987607003,0.4418039598314935,0.5093096626679328,0.5348546125995425,,1.0,0.45,0.15,0.4,0.686847490295692,0.591545941155845,0.686847490295692,0.591545941155845,0.9792549839257,0.3743280149015051,1.0
"Murray Hill, Manhattan",east_37th_street/east_to_west/003_n00451_W.jpg,n00451,east_37th_street,east_to_west,W,3,W,0.484781425231918,0.7372601347058075,0.652585210860774,0.488244176013805,0.6768154311649016,0.7631103783953525,0.7349685534591194,0.742194313622885,0.16860593971631208,0.6248755902661665,0.9939311999166209,0.5248463744147519,0.5485896022661054,0.6745515525579662,,1.0,0.45,0.15,0.4,0.7734303930264299,0.6918732178972467,0.7734303930264299,0.6918732178972467,0.9797363397368782,0.5188673631749531,1.0
"Murray Hill, Manhattan",east_37th_street/east_to_west/004_n00449_W.jpg,n00449,east_37th_street,east_to_west,W,4,W,0.4422729125382499,0.5631592827004219,0.5301906779661018,0.5784549293723605,0.7861481481481482,0.68885582010582,0.7582726537216828,0.778049992898736,0.13826375298978041,0.5118742910682579,0.9768534634166978,0.4937208671100108,0.558195466536733,0.7053554193434084,,1.0,0.45,0.15,0.4,0.7741206715904633,0.6863576072235852,0.7741206715904633,0.6863576072235852,0.9256999656540752,0.5546787703653892,1.0
"Murray Hill, Manhattan",east_37th_street/east_to_west/005_n00448_W.jpg,n00448,east_37th_street,east_to_west,W,5,W,0.44810557814251467,0.5236363636363636,0.4852966173720891,0.6296371239714017,0.7808055125654064,0.7095344430910814,0.7466738973246566,0.7725540679711638,0.11128398296757291,0.4856795197169891,0.968572932374489,0.5194553514990256,0.5435039827544644,0.6575870624754188,,1.0,0.45,0.15,0.4,0.7555671808654367,0.6553498772685581,0.7555671808654367,0.6553498772685581,0.900974672922843,0.4998052528144018,1.0
"Murray Hill, Manhattan",east_37th_street/east_to_west/006_n00447_W.jpg,n00447,east_37th_street,east_to_west,W,6,W,0.3674613847435759,0.32845205592785637,0.3438289806234203,0.5375489769264258,0.793564126394052,0.7486181483187471,0.7521539345203906,0.7641554004942579,0.05572855299332328,0.3465808070982842,0.8530805735801273,0.4975343329503735,0.5240126293359906,0.5890862913766645,,1.0,0.45,0.15,0.4,0.6784854650333934,0.5211660354369081,0.6784854650333934,0.5211660354369081,0.6315604366029648,0.42723304413070406,1.0
"Murray Hill, Manhattan",east_37th_street/east_to_west/007_n00446_W.jpg,n00446,east_37th_street,east_to_west,W,7,W,0.4155000384111784,0.509412013536379,0.5173250173250173,0.6308208793588911,0.8160849402001465,0.7474860714771028,0.7856853696056999,0.784535412605588,0.14422007120605254,0.48074568975752485,0.9667198711441438,0.520740670211949,0.5714802844724467,0.745015880419363,0.3669950832306962,1.0,0.4,0.2,0.4,0.7696810070148639,0.6860427253159298,0.7696810070148639,0.6860427253159298,0.8955655242766416,0.6032117509856489,1.0
"Murray Hill, Manhattan",east_37th_street/east_to_west/008_n00445_W.jpg,n00445,east_37th_street,east_to_west,W,8,W,0.46156481201943306,0.6423085186378773,0.6256589983225497,0.5208428419291039,0.6876213003396409,0.771354852876592,0.7133240482822655,0.7685576342788171,0.15677248677248679,0.57651077632662,0.989208318252921,0.5348587981553516,0.5462180564445231,0.6666941474575361,0.3669950832306962,1.0,0.4,0.2,0.4,0.7470223400416508,0.6643024290838436,0.7470223400416508,0.6643024290838436,0.9643627671392705,0.509981702797265,1.0
"Murray Hill, Manhattan",east_37th_street/east_to_west/009_n00444_W.jpg,n00444,east_37th_street,east_to_west,W,9,W,0.47992181637735365,0.7021727058170207,0.6925574425574426,0.530026690391459,0.6712381976813672,0.7668657501314703,0.7779979793269605,0.7799392640228654,0.33558224594701463,0.6248839882506056,0.9939318077630213,0.541884747613854,0.6311731630989468,0.8773528210645734,0.3840706001223501,1.0,0.4,0.2,0.4,0.8375171941217145,0.7977843113003756,0.8375171941217145,0.7977843113003756,0.9797383403468443,0.7882249206443793,1.0
"Murray Hill, Manhattan",east_37th_street/east_to_west/010_n00443_W.jpg,n00443,east_37th_street,east_to_west,W,10,W,0.4021588795833685,0.4076799633195782,0.42993393009377656,0.59952636968766,0.646985071145323,0.7920037336652147,0.7670328313996544,0.7570769350085311,0.24645012424565138,0.4132575909989077,0.9281818932605956,0.5815150107358505,0.5901866302179456,0.7945869277082875,0.4073781804521107,1.0,0.4,0.2,0.4,0.7943684540417169,0.6956700872869789,0.7943684540417169,0.6956700872869789,0.7923317549807043,0.6680681967102139,1.0
"Murray Hill, Manhattan",east_37th_street/east_to_west/011_n00442_W.jpg,n00442,east_37th_street,east_to_west,W,11,W,0.46026943587048735,0.6310692853246045,0.6488576562700552,0.5471377101681344,0.6753576807228915,0.7891898538504778,0.7610550496349168,0.7645281516862065,0.19259507081521132,0.5800654591550489,0.9896543081303175,0.5536566277652402,0.5727260907121114,0.748549533471154,0.4073781804521107,1.0,0.4,0.2,0.4,0.788006366121973,0.7179128779031957,0.788006366121973,0.7179128779031957,0.9658000543235852,0.6076757173475842,1.0
"Murray Hill, Manhattan",east_37th_street/east_to_west/012_n00441_W.jpg,n00441,east_37th_street,east_to_west,W,12,W,0.43478959153821095,0.4393604841347727,0.5202793834296725,0.5331293591262009,0.5341254752851712,0.7081857536402992,0.7663990092681368,0.7260515100982027,0.2816152232544202,0.4648098197008853,0.959987095838497,0.5690632124937762,0.5913552475402531,0.7974332569245571,0.4073781804521107,1.0,0.4,0.2,0.4,0.8028159604636002,0.7228071877502416,0.8028159604636002,0.7228071877502416,0.876280040527935,0.6719438467547344,1.0
"Murray Hill, Manhattan",east_37th_street/east_to_west/013_n00440_W.jpg,n00440,east_37th_street,east_to_west,W,13,W,0.43511374766576594,0.5568060021436226,0.5088361431529133,0.4421565070149976,0.6227653100038038,0.6859504132231405,0.6696712018140589,0.7109073359073359,0.11214800261951537,0.5002519643207672,0.9734811735238199,0.5017805367447781,0.49757551344697004,0.49090917734936285,1.0866643964877634,1.0,0.5,0.2,0.3,0.6943315282438182,0.5999276892360154,0.6943315282438182,0.5999276892360154,0.9155194931004982,0.33409847188594044,1.0
"Murray Hill, Manhattan",east_37th_street/east_to_west/014_n00439_W.jpg,n00439,east_37th_street,east_to_west,W,14,W,0.3518743461379132,0.3806202490700307,0.31346801346801345,0.5543057996485062,0.5965455014178912,0.7723381187378496,0.6851055512118842,0.764984997557742,0.24601096983295934,0.3486542028919858,0.8561716657174704,0.5766994723228216,0.5653671728675285,0.727208922278502,1.0866643964877634,1.0,0.5,0.2,0.3,0.7533002229670577,0.6076324799428799,0.7533002229670577,0.6076324799428799,0.637330798347141,0.5810703585489557,1.0
"Murray Hill, Manhattan",east_37th_street/east_to_west/015_n00438_W.jpg,n00438,east_37th_street,east_to_west,W,15,W,0.20107586674649325,0.21076839826839824,0.16111111111111112,0.5824915824915825,0.5437153181055621,0.7183098591549296,0.6167602620671212,0.6465713693805677,0.07508912655971482,0.19098512537533419,0.47298171963610475,0.58569537451365,0.44614025266913454,0.30833898169649354,1.0866643964877634,1.0,0.5,0.2,0.3,0.43417525392087414,0.24918215619229386,0.43417525392087414,0.24918215619229386,0.20945209080090682,0.18827851701450882,1.0
"Murray Hill, Manhattan",east_37th_street/east_to_west/016_n00437_W.jpg,n00437,east_37th_street,east_to_west,W,16,W,0.1661840988970809,0.1732218786238887,0.14093933766635713,0.6404543032240874,0.4691115086463924,0.7101974592653963,0.7926396186028409,0.7275683421516755,0.07217625673812211,0.16011510506244225,0.38257834284709996,0.6271800846143638,0.5307947391642128,0.6134698124207593,1.0480613975075683,1.0,0.5,0.2,0.3,0.48660503882497147,0.28233401383018525,0.48660503882497147,0.28233401383018525,0.15463885773512184,0.4522911742450863,1.0
"Murray Hill, Manhattan",east_37th_street/east_to_west/017_n00436_W.jpg,n00436,east_37th_street,east_to_west,W,17,W,0.20704886773665088,0.20135899888410647,0.1678260869565217,0.7541640962368907,0.5233747044917259,0.7894838347710218,0.7129397858434153,0.7577379651882601,0.110221316249272,0.19207798452575967,0.476251835625464,0.6734244088387289,0.5269663557603157,0.5997672322362604,1.0958293143913087,1.0,0.5,0.2,0.3,0.5469793394938773,0.3318353945766057,0.5469793394938773,0.3318353945766057,0.2116318577012503,0.4381081997885642,1.0
"Murray Hill, Manhattan",east_37th_street/east_to_west/018_n00435_W.jpg,n00435,east_37th_street,east_to_west,W,18,W,0.30306981227212126,0.2605394270384209,0.23701854493580607,0.6886075066275987,0.5051493305870237,0.793568997624093,0.5921522422165095,0.7716698841698841,0.1304085276202479,0.2668759280821161,0.6905113812666902,0.6590090578882226,0.4980768846688805,0.4927888175571054,1.1435972312750489,1.0,0.5,0.2,0.3,0.6182469045748008,0.4178737150635457,0.6182469045748008,0.4178737150635457,0.39710517333954254,0.33577370523068234,1.0
"Murray Hill, Manhattan",east_37th_street/east_to_west/019_n00434_W.jpg,n00434,east_37th_street,east_to_west,W,19,W,0.18031628260322588,0.12806386762545427,0.06595324833029752,0.3409200822149679,0.22868271954674224,0.7144504860767836,0.2568762278978389,0.35077332044465925,0.07343109429202148,0.12477779951965921,0.28850285852967783,0.6088959495816697,0.22702688087817322,0.016389376073496432,1.3028101890969117,1.0,0.4,0.2,0.4,0.1063637482781369,0.05523476779202784,0.1063637482781369,0.05523476779202784,0.10690817243111371,0.008595059419598245,1.0
"Murray Hill, Manhattan",east_37th_street/east_to_west/020_n00433_W.jpg,n00433,east_37th_street,east_to_west,W,20,W,0.16992392417898275,0.16136043233082706,0.07574273587985636,0.6398750821827744,0.3104609929078013,0.7788065843621399,0.4037422839506173,0.7666315789473684,0.13178706326723325,0.13567569746322206,0.3160700507394474,0.7027402245457044,0.43405364205507296,0.2710710365971387,1.2155223087048488,1.0,0.4,0.2,0.4,0.34874303896816944,0.19277066370284288,0.34874303896816944,0.19277066370284288,0.12005130978374327,0.16212054214085536,1.0
"Murray Hill, Manhattan",east_37th_street/east_to_west/021_n00432_W.jpg,n00432,east_37th_street,east_to_west,W,21,W,0.2030847447166363,0.19686892259821084,0.18729440789473686,0.6072952568521255,0.6780853291453998,0.8247076341977192,0.651449605343048,0.7649401631221892,0.10942492012779552,0.19574935840319463,0.48725083930471175,0.5846391873014816,0.5086048961976775,0.5322236361345303,1.1534711141275216,1.0,0.5,0.2,0.3,0.518898158745276,0.3124546525385037,0.518898158745276,0.3124546525385037,0.21907577714782492,0.3718554090111445,1.0
"Murray Hill, Manhattan",east_37th_street/east_to_west/022_n00431_W.jpg,n00431,east_37th_street,east_to_west,W,22,W,0.2555316129145983,0.25821307952103173,0.2131996117761242,0.7546844181459567,0.5437780877111421,0.8172432676201521,0.6489231522271169,0.8220496539099594,0.18143866409762363,0.24231476807058475,0.6242852578287383,0.6760498660183222,0.5508038234115666,0.681800240243234,1.170396253235469,1.0,0.5,0.2,0.3,0.6513050280075875,0.43776212396883996,0.6513050280075875,0.43776212396883996,0.32909622878257566,0.5271529155056387,1.0
"Murray Hill, Manhattan",east_37th_street/east_to_west/023_n00430_W.jpg,n00430,east_37th_street,east_to_west,W,23,W,0.3264489131188731,0.25924787375755715,0.20883002207505527,0.5027800945232138,0.4651702786377709,0.6899434156378601,0.40334830979888747,0.6292609940150925,0.08177539114293286,0.2648422696504952,0.6852720366226529,0.5758510771744343,0.3714615649856376,0.1269636325720016,1.1873213923434165,1.0,0.5,0.2,0.3,0.39911435069660306,0.25262295795754325,0.39911435069660306,0.25262295795754325,0.3912774933042591,0.07034412280386046,1.0
"Murray Hill, Manhattan",east_37th_street/east_to_west/024_n00429_W.jpg,n00429,east_37th_street,east_to_west,W,24,W,0.3968390022832205,0.35551543289485,0.3275911324420066,0.5213983668708079,0.5144251166737378,0.7619826937547027,0.426633318174928,0.7510642135642135,0.1901311866428146,0.35998185587335907,0.8721141520446626,0.5896519813172576,0.4559429061273187,0.34054725759794024,0.9613696133096992,1.0,0.5,0.2,0.3,0.6082176734278982,0.4616553896298646,0.6082176734278982,0.4616553896298646,0.6681278037903203,0.21178569242924622,1.0
"Murray Hill, Manhattan",east_37th_street/east_to_west/025_n00428_W.jpg,n00428,east_37th_street,east_to_west,W,25,W,0.3752600493330599,0.35473262796682875,0.3122608910280143,0.4873835125448029,0.38153660498793246,0.7825190682333539,0.6128290848307564,0.6885245901639344,0.26491169610129955,0.347417856109301,0.8543350434932627,0.6294553252634081,0.5220884570319968,0.5820821861527434,0.8154726355198129,1.0,0.5,0.2,0.3,0.7163122616549855,0.5595434820843779,0.7163122616549855,0.5595434820843779,0.6338946262253207,0.42018551699113144,1.0
"Murray Hill, Manhattan",east_37th_street/east_to_west/026_n00427_W.jpg,n00427,east_37th_street,east_to_west,W,26,W,0.44879079854186005,0.5290611028315947,0.4817667193259611,0.6333968253968254,0.4778048780487805,0.7930318016347276,0.7444215906257791,0.7707261292166953,0.3581982840800763,0.48653954023313856,0.9688855599736375,0.6495412496609241,0.6244486679741834,0.8660794598903193,0.8396875741954128,1.0,0.5,0.2,0.3,0.8648183790733858,0.8057451097505065,0.8648183790733858,0.8057451097505065,0.901891635510499,0.7708984485391944,1.0
"Murray Hill, Manhattan",east_37th_street/east_to_west/027_n00426_W.jpg,n00426,east_37th_street,east_to_west,W,27,W,0.4046089294522501,0.5437425098442047,0.39624361779722833,0.5548545390816684,0.33119404949973674,0.7693696776155718,0.7289719626168224,0.75878587196468,0.24781321491051003,0.44819835236456096,0.9515878054644512,0.6643433890658345,0.5785236831640042,0.7645619524381622,0.8522478508408348,1.0,0.5,0.2,0.3,0.8293288282307563,0.7402580078885695,0.8293288282307563,0.7402580078885695,0.8530000666866213,0.6282032711956749,1.0
"Murray Hill, Manhattan",east_37th_street/east_to_west/028_n00425_W.jpg,n00425,east_37th_street,east_to_west,W,28,W,0.34879203686913185,0.3181675204457626,0.24180098500111927,0.5564035087719299,0.29911591355599215,0.7845707494407158,0.6906079234972676,0.6707317073170732,0.1063675832127351,0.30292018077200455,0.7746998532231415,0.6806194482188845,0.48923573800902526,0.4597214866211401,1.0210626187905505,1.0,0.5,0.2,0.3,0.6454997055415973,0.4610762181091781,0.6454997055415973,0.4610762181091781,0.5037472881955076,0.3068680233078256,1.0
"Murray Hill, Manhattan",east_37th_street/east_to_west/029_n00424_W.jpg,n00424,east_37th_street,east_to_west,W,29,W,0.1971993865992452,0.17637404846707172,0.19243498817966906,0.5856921716054843,0.6160828705681333,0.8187063875469672,0.6859687458614753,0.7572946400253726,0.11605988262210287,0.18866947441532866,0.4660606930117425,0.596105229528106,0.5197744228363168,0.5736151460074412,1.1062032683851155,1.0,0.5,0.2,0.3,0.5210411308106089,0.31276203180641454,0.5210411308106089,0.31276203180641454,0.20488807396233163,0.4117532143973511,1.0
"Murray Hill, Manhattan",east_37th_street/east_to_west/030_n00423_W.jpg,n00423,east_37th_street,east_to_west,W,30,W,0.35013032495819346,0.3572173006774362,0.3107330141358869,0.7556115591397848,0.5144652684813327,0.7591860273521173,0.7884600702397312,0.7925523539600063,0.31483828143857107,0.33936021325717214,0.8418852329663713,0.6667774393368564,0.6319502352127695,0.8786015652861,1.1097858265785665,1.0,0.5,0.2,0.3,0.8138797014616522,0.6717311620557888,0.8138797014616522,0.6717311620557888,0.6111787690393196,0.7901640916028907,1.0
"Murray Hill, Manhattan",east_37th_street/east_to_west/031_n00422_W.jpg,n00422,east_37th_street,east_to_west,W,31,W,0.42222088639117966,0.5117749966357152,0.5107062959411953,0.5694132614878012,0.5449399890889253,0.7650876414466384,0.7432432432432433,0.7699684115523465,0.2700868621064061,0.4815673929893634,0.9670356509241077,0.5965203046151715,0.5944328389673319,0.8047879753836031,0.98796719161116,1.0,0.5,0.2,0.3,0.8309037756474839,0.7612703985849026,0.8309037756474839,0.7612703985849026,0.8964841600312151,0.6820380777297758,1.0
"Murray Hill, Manhattan",east_37th_street/east_to_west/032_n00421_W.jpg,n00421,east_37th_street,east_to_west,W,32,W,0.4755671634131989,0.6791945627916413,0.6456269113149847,0.5803522478070176,0.6132785041473358,0.7654232159988194,0.752324886955038,0.7800543397350007,0.3561687051058047,0.6001295458399416,0.9918500047786697,0.5774989865528337,0.6295159772652811,0.8746528151589672,1.0152614430361402,1.0,0.5,0.2,0.3,0.8572035375697228,0.8215825550068786,0.8572035375697228,0.8215825550068786,0.9729198788952403,0.7840457729147248,1.0
"Murray Hill, Manhattan",east_37th_street/east_to_west/033_n00420_W.jpg,n00420,east_37th_street,east_to_west,W,33,W,0.4499723963898318,0.6276349789201686,0.5977052005012532,0.5886021075096705,0.6220922677063028,0.8046004610065309,0.6739970678395308,0.7937621411612347,0.3726867915799214,0.5584375252704178,0.9866295857696621,0.5903701002699662,0.6134820001935622,0.8458257617419831,0.8892271419005087,1.0,0.5,0.2,0.3,0.8501316999881519,0.8041689914090806,0.8501316999881519,0.8041689914090806,0.9561104658748903,0.7405619362989841,1.0
"Murray Hill, Manhattan",east_37th_street/east_to_west/034_n00419_W.jpg,n00419,east_37th_street,east_to_west,W,34,W,0.4061143215441712,0.4049352750809061,0.39789054336468127,0.5462251356238698,0.6616791354945969,0.7750991656408153,0.5626055581145403,0.6460661080074487,0.22193436960276344,0.4029800466632528,0.9195138924382453,0.553215055256696,0.47686867857491744,0.41411742385676564,0.9067392626875964,1.0,0.5,0.2,0.3,0.6538753971028886,0.5260904815944694,0.6538753971028886,0.5260904815944694,0.7713073242830946,0.26888076079317685,1.0
"Murray Hill, Manhattan",east_37th_street/east_to_west/035_n00418_W.jpg,n00418,east_37th_street,east_to_west,W,35,W,0.4350385757380266,0.5906994619523444,0.5782750342935529,0.6045224541429475,0.6968159775395609,0.7794358135731807,0.792125830402501,0.7886935539469149,0.26709832940912664,0.5346710239946413,0.9822951339652003,0.5623807633921891,0.6159725712528474,0.8506347985200432,1.221848940709744,1.0,0.4,0.2,0.4,0.8294689749991405,0.7748118306631634,0.8294689749991405,0.7748118306631634,0.9424592642211985,0.7476748842101826,1.0
"Murray Hill, Manhattan",east_37th_street/east_to_west/036_n00417_W.jpg,n00417,east_37th_street,east_to_west,W,36,W,0.41934214654643376,0.46249178172255095,0.4008958566629339,0.5986111111111111,0.7658739988440262,0.7863438407299875,0.7572446171280557,0.7562591479855173,0.22671007861081774,0.4275765949773062,0.938826645750872,0.5396936509990241,0.5800712812414636,0.7687149369343076,1.3085833369852646,1.0,0.4,0.2,0.4,0.7758356873818957,0.6800044142920234,0.7758356873818957,0.6800044142920234,0.8191895723657524,0.633608886887411,1.0
"Murray Hill, Manhattan",east_37th_street/east_to_west/037_n00416_W.jpg,n00416,east_37th_street,east_to_west,W,37,W,0.44581474955598366,0.6999281890586238,0.6509513742071881,0.746167008898015,0.7400883838383838,0.8187721160651097,0.765642410216851,0.8050412557858725,0.24198267790262173,0.5988981042739318,0.9917296790444691,0.6082835803749136,0.604222114635115,0.8268309133385945,1.3085833369852646,1.0,0.4,0.2,0.4,0.8362675115880325,0.7820194103210109,0.8362675115880325,0.7820194103210109,0.9725278117161733,0.7129987281702612,1.0
"Murray Hill, Manhattan",east_37th_street/east_to_west/038_n00415_W.jpg,n00415,east_37th_street,east_to_west,W,38,W,0.43403613638603145,0.6133870606671143,0.6202180172768408,0.7932397817128857,0.7001590668080594,0.8120178238893323,0.6921935033181977,0.8173278951921888,0.2720689655172414,0.5558804047766621,0.9862186907958775,0.6350328462647195,0.5938634546758759,0.8034426908979626,2.222785098703012,0.9671344404501724,0.4,0.2,0.4,0.8046691295104315,0.6813081813104006,0.8320137261742865,0.7683787810099675,0.954804631113982,0.6801830364671367,0.8866827118974835
"Murray Hill, Manhattan",east_37th_street/east_to_west/039_n00414_W.jpg,n00414,east_37th_street,east_to_west,W,39,W,0.459046659866865,0.6140462357782619,0.6083766984677653,0.5848459845984598,0.5416991173416408,0.7514416829109812,0.7444174151696606,0.7548540007584377,0.3028466741826381,0.5604898647042974,0.9869506070143425,0.5981961833892667,0.6007060300369121,0.8191486951037549,2.222785098703012,0.9671344404501724,0.4,0.2,0.4,0.8015282645229254,0.6824674411160736,0.8287661270234961,0.7696861932219325,0.9571324084343694,0.702086140359957,0.8866827118974835
"Murray Hill, Manhattan",east_37th_street/east_to_west/040_n00413_W.jpg,n00413,east_37th_street,east_to_west,W,40,W,0.39709427650044027,0.37208578038796936,0.40537044048971344,0.6134927177796098,0.5589786289203441,0.7945946835109883,0.6531436599929751,0.7699564858579038,0.2874032908357851,0.3915168324593743,0.9087280190209777,0.6163695907900846,0.570167812228888,0.7412579744580897,1.5113953835402156,1.0,0.4,0.2,0.4,0.7750497131113826,0.6486809955640711,0.7750497131113826,0.6575367632931164,0.7461435870286207,0.5984902587044381,0.9865319047946562
"Murray Hill, Manhattan",east_37th_street/east_to_west/041_n00412_W.jpg,n00412,east_37th_street,east_to_west,W,41,W,0.2891060642441526,0.187361049355269,0.16780821917808217,0.49462781502492686,0.5503465280554445,0.7599186164801628,0.6504629629629629,0.7560325797366217,0.13168252849253906,0.2147584442591679,0.5441599703830229,0.568066634483215,0.5127260237307079,0.547578200977281,0.8811122957967003,1.0,0.5,0.2,0.3,0.5498914878417273,0.34273940529493707,0.5498914878417273,0.34273940529493707,0.2605809199614025,0.38640516241977196,1.0
"Murray Hill, Manhattan",east_37th_street/east_to_west/042_n00411_W.jpg,n00411,east_37th_street,east_to_west,W,42,W,0.3423579570293605,0.47557538750587125,0.5859336908824962,0.7288066616579013,0.6335448219402373,0.8188580619219944,0.7107142857142857,0.8120713935831496,0.31336215771052084,0.467955678472576,0.9614122393543935,0.6380399672132194,0.6120492790026519,0.8430023865895887,1.0052021696398588,1.0,0.5,0.2,0.3,0.8514772353415977,0.7823926954809194,0.8514772353415977,0.7823926954809194,0.8803148840296191,0.7364116095090187,1.0
"Murray Hill, Manhattan",east_37th_street/east_to_west/043_n00410_W.jpg,n00410,east_37th_street,east_to_west,W,43,W,0.3773397502617157,0.35551046561298594,0.3039613381410257,0.5530920060331826,0.6058116106283843,0.7459857958931604,0.6152242953552998,0.7796836747841773,0.11799100449775113,0.34560385133857574,0.8516051325918557,0.5644220637659862,0.5042996582124093,0.5161181316173603,1.1335331991597912,1.0,0.5,0.2,0.3,0.6749392219647781,0.5192193415001678,0.6749392219647781,0.5192193415001678,0.6288282982608222,0.35690017116223005,1.0
"Murray Hill, Manhattan",east_37th_street/east_to_west/044_n00409_W.jpg,n00409,east_37th_street,east_to_west,W,44,W,0.303995019724692,0.27644992082343617,0.2556360708534621,0.6453513749454386,0.6380873103958565,0.7649295549151457,0.6399906517094017,0.7805608065532451,0.12338858195211788,0.27869367046719673,0.7199722664126436,0.5907312064882425,0.5146466800715882,0.5547051837861029,1.1701376145623834,1.0,0.5,0.2,0.3,0.6399625111973845,0.4468607644458451,0.6399625111973845,0.4468607644458451,0.4315012541218841,0.39325781996410525,1.0
"Murray Hill, Manhattan",east_37th_street/east_to_west/045_n00408_W.jpg,n00408,east_37th_street,east_to_west,W,45,W,0.2751050177081883,0.26719480728914685,0.20121902478017586,0.7579938900203667,0.7263764880952381,0.8216897233201581,0.7047385026089067,0.8152384524032752,0.14733190490766246,0.24783961659250364,0.6397030194277322,0.6177690417484287,0.5557696199732813,0.6977369067808809,2.5222042775153737,0.9246586453551273,0.4,0.2,0.4,0.6081555874613547,0.3942506554855571,0.6577082153682612,0.4650606537210552,0.3438966069850235,0.5456737133376763,0.847740294370355
"Murray Hill, Manhattan",east_37th_street/west_to_east/001_n00408_E.jpg,n00408,east_37th_street,west_to_east,W,1,E,0.37310096245115415,0.39368225898459785,0.4917505592841163,0.6695646812183993,0.558985234055922,0.798764458464774,0.6180422264875239,0.7757901013714967,0.2594933245786824,0.4195112602399561,0.9330264086547672,0.636447968542417,0.5511085508125677,0.6827910682247593,2.5222042775153737,0.9246586453551273,0.4,0.2,0.4,0.7053533325425559,0.5499913278411086,0.7628256504016742,0.6487733702095705,0.8044090448436663,0.5282921298389341,0.847740294370355
"Murray Hill, Manhattan",east_37th_street/west_to_east/002_n00409_E.jpg,n00409,east_37th_street,west_to_east,W,2,E,0.41087922705684177,0.39148896889135054,0.4647435897435897,0.5817868504772004,0.4709021345147,0.7734704035531051,0.42525072242053374,0.7540322580645161,0.12196048632218837,0.42237059523059395,0.9351389078063534,0.6281183731718685,0.4337478222690794,0.2701655780759195,1.1701376145623834,1.0,0.5,0.2,0.3,0.5950252112702277,0.4744981828527439,0.5950252112702277,0.4744981828527439,0.8097512086543631,0.1614983807539532,1.0
"Murray Hill, Manhattan",east_37th_street/west_to_east/003_n00410_E.jpg,n00410,east_37th_street,west_to_east,W,3,E,0.3564899609194452,0.3785812317721737,0.3832214049674874,0.6484593837535014,0.4607073426050545,0.786646701988789,0.7397174138186121,0.7986910290059895,0.3716426137502506,0.37276419921970205,0.8882680037783548,0.6581329143790786,0.6366836855249507,0.8859734110928036,1.1335331991597912,1.0,0.5,0.2,0.3,0.8359127281583487,0.7207633719628912,0.8359127281583487,0.7207633719628912,0.701220732499604,0.8016941361041625,1.0
"Murray Hill, Manhattan",east_37th_street/west_to_east/004_n00411_E.jpg,n00411,east_37th_street,west_to_east,W,4,E,0.4685540058037684,0.613032717614391,0.5525000000000001,0.6117869964100519,0.4930436643835616,0.80261493040911,0.7648327939590076,0.7847786811201445,0.4085557725694445,0.5446955744727198,0.9842702533095861,0.6404527541452001,0.6527224158828655,0.9081152512295082,1.0052021696398588,1.0,0.5,0.2,0.3,0.8816513774356864,0.8446900470682023,0.8816513774356864,0.8446900470682023,0.9486460625125804,0.8371941352466327,1.0
"Murray Hill, Manhattan",east_37th_street/west_to_east/005_n00412_E.jpg,n00412,east_37th_street,west_to_east,W,5,E,0.4228241948247956,0.49656390494540775,0.500940170940171,0.513144963144963,0.39658346972176756,0.7804882407605976,0.6352857570317175,0.6619261477045907,0.20712744351358214,0.47344275690345805,0.9637821461767402,0.6323499113945976,0.5014464494166301,0.505423972536751,0.8811122957967003,1.0,0.5,0.2,0.3,0.7299240644595092,0.6256389361815973,0.7299240644595092,0.6256389361815973,0.8870804788568369,0.34713831510386844,1.0
"Murray Hill, Manhattan",east_37th_street/west_to_east/006_n00413_E.jpg,n00413,east_37th_street,west_to_east,W,6,E,0.4871103924844158,0.7009148486981,0.6474564926372156,0.694705618983658,0.6359424530602292,0.7847688292319165,0.6678984971667897,0.7641779788838612,0.26982089892767513,0.6118272446065771,0.9929098046470657,0.6145106650517818,0.5672991249927753,0.7329197178227641,1.5113953835402156,1.0,0.4,0.2,0.4,0.7988999001992132,0.7168821877970661,0.7988999001992132,0.7266690355506374,0.9763826786367626,0.5881076897802275,0.9865319047946562
"Murray Hill, Manhattan",east_37th_street/west_to_east/007_n00414_E.jpg,n00414,east_37th_street,west_to_east,W,7,E,0.4569262495754874,0.500036469730124,0.5410396716826265,0.5596393897364771,0.6596981263011797,0.74981765134938,0.6981164383561644,0.7604697882861999,0.1741456320764517,0.49933413032941254,0.9731953528964925,0.5499196382615591,0.5442439529062719,0.6600819183097103,2.222785098703012,0.9671344404501724,0.4,0.2,0.4,0.7188956240556154,0.5765205471116472,0.7433254302483435,0.6501993772698068,0.9146637228089917,0.5025801179723087,0.8866827118974835
"Murray Hill, Manhattan",east_37th_street/west_to_east/008_n00415_E.jpg,n00415,east_37th_street,west_to_east,W,8,E,0.49257602705527775,0.7820592286501378,0.7615551162571778,0.690985289086555,0.7073401068125569,0.8318598559266536,0.7596138010540184,0.8056088820630959,0.2670275146594497,0.678730123987531,0.9968107065569627,0.6051683460668839,0.6107500659255213,0.8404058619603371,2.222785098703012,0.9671344404501724,0.4,0.2,0.4,0.8148971458557583,0.7050506921376616,0.8425893151695104,0.7951555643042447,0.9892783295905532,0.7326113762077472,0.8866827118974835
"Murray Hill, Manhattan",east_37th_street/west_to_east/009_n00416_E.jpg,n00416,east_37th_street,west_to_east,W,9,E,0.3465170078624103,0.360432733504713,0.3328129065833984,0.7337101872112813,0.6490963855421686,0.8145984684861575,0.7289927657206455,0.7991255144032922,0.2670275146594497,0.34658754931684055,0.8530907136498848,0.6330707567184234,0.5983819315944624,0.8139266005294673,1.3085833369852646,1.0,0.4,0.2,0.4,0.7887195997402054,0.6564344862017799,0.7887195997402054,0.6564344862017799,0.631579262714398,0.6947434868318711,1.0
"Murray Hill, Manhattan",east_37th_street/west_to_east/010_n00417_E.jpg,n00417,east_37th_street,west_to_east,W,10,E,0.4107158913126999,0.48942215854823307,0.4501,0.5592133854845719,0.5997093936537857,0.8041684078562473,0.7723406804024916,0.796851525246587,0.2753635071608178,0.4500793499536443,0.9526171254795727,0.5878907998956778,0.6148519042699654,0.8484863868468199,1.3085833369852646,1.0,0.4,0.2,0.4,0.8258185579318944,0.7508505149246099,0.8258185579318944,0.7508505149246099,0.8558078959119634,0.7444903731390377,1.0
"Murray Hill, Manhattan",east_37th_street/west_to_east/011_n00418_E.jpg,n00418,east_37th_street,west_to_east,W,11,E,0.4370752056762521,0.5192741367159971,0.4892270531400966,0.384847409510291,0.4829140461215933,0.7037323701410388,0.7489588153632578,0.43937287611986403,0.18666430008283044,0.48185879851078184,0.9671469411120442,0.5352219111765788,0.45833199718865075,0.3486405839371422,1.221848940709744,1.0,0.4,0.2,0.4,0.5712877846847797,0.4592334008088213,0.5712877846847797,0.4592334008088213,0.8968082206820646,0.217829726351695,1.0
"Murray Hill, Manhattan",east_37th_street/west_to_east/012_n00419_E.jpg,n00419,east_37th_street,west_to_east,W,12,E,0.4495155276882625,0.5775047956322856,0.5015481528934443,0.5502440106477374,0.5709750566893423,0.7884549678830122,0.7039734253226012,0.732252627404323,0.35004236839317865,0.5095228254046642,0.9762067833045778,0.589241307280469,0.5954228070400343,0.807110345234767,0.9067392626875964,1.0,0.5,0.2,0.3,0.8335073264819516,0.7719464014955233,0.8335073264819516,0.7719464014955233,0.9237357081823656,0.6852496361960949,1.0
"Murray Hill, Manhattan",east_37th_street/west_to_east/013_n00420_E.jpg,n00420,east_37th_street,west_to_east,W,13,E,0.4515211979619559,0.6141513056835638,0.5887424760045551,0.5964875746216854,0.5535441101478837,0.7721540953262379,0.7865659483077835,0.7281039936733887,0.33777012214218605,0.5514716598833582,0.9854808312803107,0.6050325199333465,0.6174800213744527,0.8534850206984265,0.8892271419005087,1.0,0.5,0.2,0.3,0.8561278110963035,0.8102730666250297,0.8561278110963035,0.8102730666250297,0.9524659101934516,0.7519168158110957,1.0
"Murray Hill, Manhattan",east_37th_street/west_to_east/014_n00421_E.jpg,n00421,east_37th_street,west_to_east,W,14,E,0.29161700904469173,0.2737767775277153,0.22260132340777505,0.6065248226950355,0.34449977365323675,0.7498224116497957,0.7027474011070609,0.7718276196878034,0.24187164263500147,0.2626650366600607,0.6796100739041078,0.6706158202305315,0.5721488878099552,0.7469163851670003,1.0152614430361402,1.0,0.5,0.2,0.3,0.6972784751328566,0.4928603859163466,0.6972784751328566,0.4928603859163466,0.3850726066792244,0.605609675157114,1.0
"Murray Hill, Manhattan",east_37th_street/west_to_east/015_n00422_E.jpg,n00422,east_37th_street,west_to_east,W,15,E,0.32284189082074144,0.3502837858567265,0.2896631823461091,0.6638359569179785,0.3745980707395498,0.7504599431343034,0.7925432445067789,0.7711587089097129,0.2724932249322493,0.32092961967452566,0.8101761930313328,0.6798992764375773,0.6120650594495803,0.8430337120275337,0.98796719161116,1.0,0.5,0.2,0.3,0.7916480330491213,0.6306137245240248,0.7916480330491213,0.6306137245240248,0.55751989856496,0.7364575539697341,1.0
"Murray Hill, Manhattan",east_37th_street/west_to_east/016_n00423_E.jpg,n00423,east_37th_street,west_to_east,W,16,E,0.31954116303523383,0.2794336118848653,0.21807038355081065,0.7319140919366993,0.4713011053402583,0.8092841163310962,0.7413424124513619,0.8066499022073205,0.1599838969404187,0.2723483861569699,0.7043669847846313,0.6899657009758458,0.5693254038663671,0.7388270554922614,1.1097858265785665,1.0,0.5,0.2,0.3,0.7115867181518312,0.5106890433121642,0.7115867181518312,0.5106890433121642,0.41292851497350214,0.5954500587617145,1.0
"Murray Hill, Manhattan",east_37th_street/west_to_east/017_n00424_E.jpg,n00424,east_37th_street,west_to_east,W,17,E,0.3261619414102048,0.2865629984051037,0.2520521056388294,0.7559903587126046,0.42792898482715463,0.7624544349939247,0.7818917851500791,0.8034488531726102,0.22360594795539032,0.2882590151513793,0.7425200808058314,0.6968386029597915,0.6029821954260265,0.8241517011633201,1.1062032683851155,1.0,0.5,0.2,0.3,0.7564542892031024,0.5690642559178855,0.7564542892031024,0.5690642559178855,0.45985049066529154,0.7091778029557891,1.0
"Murray Hill, Manhattan",east_37th_street/west_to_east/018_n00425_E.jpg,n00425,east_37th_street,west_to_east,W,18,E,0.3597200120853907,0.3410930378752161,0.2763614290669441,0.6801064668769716,0.4297541576283442,0.7976142742582196,0.6695718654434252,0.7653503851619176,0.3047977645164346,0.3257248263425169,0.818868157911496,0.6826555278356157,0.5799066717072591,0.7682756511207529,1.0210626187905505,1.0,0.5,0.2,0.3,0.7746444878550074,0.6107160316109426,0.7746444878550074,0.6107160316109426,0.571664418326723,0.6330354897603032,1.0
"Murray Hill, Manhattan",east_37th_street/west_to_east/019_n00426_E.jpg,n00426,east_37th_street,west_to_east,W,19,E,0.5071977523403127,0.7761711972238289,0.7326798763350197,0.5344508186924823,0.591354556803995,0.8111611995651895,0.7964853753875185,0.7929009575104727,0.5829131652661065,0.6720162752997204,0.9965440477388329,0.5847524871512256,0.7240998327213659,0.9664793248918843,0.8522478508408348,1.0,0.5,0.2,0.3,0.8875655469413277,0.8758922474200235,0.8875655469413277,0.8758922474200235,0.988389219737666,0.9375063606131041,1.0
"Murray Hill, Manhattan",east_37th_street/west_to_east/020_n00427_E.jpg,n00427,east_37th_street,west_to_east,W,20,E,0.42615238478802353,0.39126016260162605,0.3584340720841728,0.7189549472483604,0.6147031601216448,0.7969947067836746,0.7246487650124632,0.7672934602023863,0.3541298803217579,0.39194887315794075,0.9091571175387635,0.6337488313034634,0.6153573685122025,0.8494585298873447,0.8396875741954128,1.0,0.5,0.2,0.3,0.8287920190395008,0.7225855885366912,0.8287920190395008,0.7225855885366912,0.7471243444917943,0.7459299725510903,1.0
"Murray Hill, Manhattan",east_37th_street/west_to_east/021_n00428_E.jpg,n00428,east_37th_street,west_to_east,W,21,E,0.4177284393596821,0.36826756018863244,0.37559485182781743,0.7551883296273836,0.5137596114933226,0.7844534962661235,0.7417117117117117,0.8026595439140675,0.3626888767522301,0.3871969504587106,0.904336387998011,0.6752940714667282,0.6356867107926698,0.8844538850813732,0.8154726355198129,1.0,0.5,0.2,0.3,0.8473564675111576,0.7416694771723858,0.8473564675111576,0.7416694771723858,0.7362000172866975,0.7993059102646755,1.0
"Murray Hill, Manhattan",east_37th_street/west_to_east/022_n00429_E.jpg,n00429,east_37th_street,west_to_east,W,22,E,0.30939874457224104,0.19853451266042313,0.1739647893649511,0.6366265060240964,0.5405662856392065,0.7434491163924437,0.44004461795872835,0.7809485045827304,0.09943802684982828,0.22729934886587175,0.5811734036275852,0.6131697789257778,0.44014371646376227,0.2894937054159719,0.9613696133096992,1.0,0.5,0.2,0.3,0.4766073676044777,0.2897438020549011,0.4766073676044777,0.2897438020549011,0.2906023175130291,0.17491547431422988,1.0
"Murray Hill, Manhattan",east_37th_street/west_to_east/023_n00430_E.jpg,n00430,east_37th_street,west_to_east,W,23,E,0.2808720545846956,0.20030635792154058,0.1744477911646586,0.7615353616764055,0.6781360597719229,0.8003561253561253,0.6139160332971408,0.8063690190430469,0.20713197374589778,0.21854206789029829,0.5553978372159206,0.6279184757535359,0.5424723420286952,0.6540942534646818,1.1873213923434165,1.0,0.5,0.2,0.3,0.5978260627713538,0.3832008859779755,0.5978260627713538,0.3832008859779755,0.269423802396186,0.4959366895361366,1.0
"Murray Hill, Manhattan",east_37th_street/west_to_east/024_n00431_E.jpg,n00431,east_37th_street,west_to_east,W,24,E,0.25773459730248466,0.22702632937532266,0.18931313131313132,0.7478217821782178,0.76046783625731,0.8279720069682225,0.7475943745373798,0.7975471698113208,0.18275231332042177,0.2246913526636462,0.573536851257816,0.6051086509630434,0.5759646192230408,0.7575821863804633,1.170396253235469,1.0,0.5,0.2,0.3,0.6301968999786107,0.4175625652277995,0.6301968999786107,0.4175625652277995,0.28419309944866755,0.6191944680571546,1.0
"Murray Hill, Manhattan",east_37th_street/west_to_east/025_n00432_E.jpg,n00432,east_37th_street,west_to_east,W,25,E,0.17382888594286405,0.18650234741784036,0.1487236996689095,0.7690903367957193,0.4463352739214808,0.7766425346411334,0.6869902120717781,0.7996764065103165,0.18310441307389036,0.16968497767653795,0.4100447786903537,0.6997991991717906,0.5565903438853284,0.7003269306657122,1.1534711141275216,1.0,0.5,0.2,0.3,0.5357973724299028,0.3208844472401601,0.5357973724299028,0.3208844472401601,0.17025332001403803,0.5487239928287735,1.0
"Murray Hill, Manhattan",east_37th_street/west_to_east/026_n00433_E.jpg,n00433,east_37th_street,west_to_east,W,26,E,0.3363511756814403,0.30411611054937643,0.24644780566059357,0.5524720893141946,0.30059044551798175,0.7650872998623487,0.6831490985656008,0.7050549915397631,0.1803713527851459,0.2956383639638034,0.7590833141015947,0.6723229812195204,0.5228584809635033,0.5848892629847052,1.2155223087048488,1.0,0.4,0.2,0.4,0.6675146918747258,0.48892123873891963,0.6675146918747258,0.48892123873891963,0.4819098076147801,0.42300209213299095,1.0
"Murray Hill, Manhattan",east_37th_street/west_to_east/027_n00434_E.jpg,n00434,east_37th_street,west_to_east,W,27,E,0.25972831340749003,0.18324491600353668,0.13160193789214517,0.5241720085470085,0.4687034781431858,0.7539243387489208,0.5132690541781452,0.7220422366210704,0.12408946342464348,0.19152505576772394,0.47459705822779674,0.6031309563842479,0.45313358474128634,0.33114826040685397,1.3028101890969117,1.0,0.4,0.2,0.4,0.4311429926189373,0.2570208953788044,0.4311429926189373,0.2570208953788044,0.21052694294185834,0.20483661319491928,1.0
"Murray Hill, Manhattan",east_37th_street/west_to_east/028_n00435_E.jpg,n00435,east_37th_street,west_to_east,W,28,E,0.17635292393994173,0.15782559295554607,0.163624824929972,0.5349696489839008,0.6836270807105889,0.7433695859568785,0.6831825927382357,0.7025696445725265,0.10243788091889361,0.16593444727515327,0.3992030995235056,0.5315707180767301,0.49606337274321854,0.485241935779609,1.1435972312750489,1.0,0.5,0.2,0.3,0.4482256030404939,0.2556861181132777,0.4482256030404939,0.2556861181132777,0.16398941813938916,0.3290713636849775,1.0
"Murray Hill, Manhattan",east_37th_street/west_to_east/029_n00436_E.jpg,n00436,east_37th_street,west_to_east,W,29,E,0.2036703065124197,0.2208684580259923,0.16490532804931748,0.5079936873885001,0.6207450224791266,0.6649181703734789,0.70864020731042,0.611855460820138,0.07570659488559894,0.19648136419590984,0.48944566059485894,0.5173889450942841,0.46540075433871897,0.3730887433684357,1.0958293143913087,1.0,0.5,0.2,0.3,0.45620423650380104,0.26709270080031966,0.45620423650380104,0.26709270080031966,0.22058227748848191,0.23643455075148465,1.0
"Murray Hill, Manhattan",east_37th_street/west_to_east/030_n00437_E.jpg,n00437,east_37th_street,west_to_east,W,30,E,0.3263930695212207,0.2767084877863321,0.2162879837443429,0.4732104355325572,0.7214447806354009,0.6285937243305405,0.658594587352626,0.5302449414270501,0.056117574326982535,0.2731298470172986,0.7063159572994755,0.46011979307589895,0.4149857010355529,0.21836592519533268,1.0480613975075683,1.0,0.5,0.2,0.3,0.45585755120570415,0.2969985571855877,0.45585755120570415,0.2969985571855877,0.41520364334317217,0.12691080387546544,1.0
"Murray Hill, Manhattan",east_37th_street/west_to_east/031_n00438_E.jpg,n00438,east_37th_street,west_to_east,W,31,E,0.3595209566350868,0.3978014592933947,0.3524810159727678,0.41674710424710426,0.7397724283083399,0.7009555930297919,0.533142021156876,0.5340481565086531,0.1112565445026178,0.36993447730041645,0.8848531804480338,0.4593100896561854,0.39281557405604894,0.16689895204644964,1.0866643964877634,1.0,0.5,0.2,0.3,0.47053603458652904,0.35124085329875077,0.47053603458652904,0.35124085329875077,0.6940582129305339,0.0943958551681728,1.0
"Murray Hill, Manhattan",east_37th_street/west_to_east/032_n00439_E.jpg,n00439,east_37th_street,west_to_east,W,32,E,0.45927979020338955,0.6344254198221929,0.5838757167209051,0.3814190513524109,0.7834099081102677,0.6813210848643919,0.6633079847908744,0.6787383177570093,0.22672989111345268,0.5591936422488292,0.9867487519199487,0.426443409368845,0.5229253978871121,0.5851329474259881,1.0866643964877634,1.0,0.5,0.2,0.3,0.713266685787256,0.6372217841986075,0.713266685787256,0.6372217841986075,0.9564896435019066,0.4232470985785457,1.0
"Murray Hill, Manhattan",east_37th_street/west_to_east/033_n00440_E.jpg,n00440,east_37th_street,west_to_east,W,33,E,0.4110727689798761,0.37236182967890286,0.36785803393213573,0.3292989417989418,0.7130428825866556,0.6396911898274297,0.5745421245421244,0.46074646074646064,0.1502447632058288,0.3837642108636382,0.9007128662609878,0.4186490830132386,0.39517778283147126,0.17188402177470197,1.0866643964877634,1.0,0.5,0.2,0.3,0.4701472110127249,0.356559343678794,0.4701472110127249,0.356559343678794,0.7281225175120614,0.09746870726588559,1.0
"Murray Hill, Manhattan",east_37th_street/west_to_east/034_n00441_E.jpg,n00441,east_37th_street,west_to_east,W,34,E,0.41719832695000264,0.4070164075993092,0.4600326966098778,0.5145079899074853,0.7952971083571656,0.7606191061910619,0.7473171050909566,0.7350871313672922,0.15840401676903582,0.4280824770530632,0.9391743592213033,0.49327666258046043,0.5469360844090949,0.6690831630867609,0.4073781804521107,1.0,0.4,0.2,0.4,0.7209558086546524,0.6139008496536016,0.7209558086546524,0.6139008496536016,0.8200869937038151,0.5126729192198082,1.0
"Murray Hill, Manhattan",east_37th_street/west_to_east/035_n00442_E.jpg,n00442,east_37th_street,west_to_east,W,35,E,0.4062815808795803,0.38703266430539157,0.3545211342964152,0.559623107815879,0.708644510828977,0.7592853483606558,0.7320523085134774,0.7049498746867169,0.15677696468342348,0.38261179316046234,0.8994692772744186,0.5367546484491859,0.5312597159612059,0.615122359441947,0.4073781804521107,1.0,0.4,0.2,0.4,0.6968419733257697,0.5662527481117134,0.6968419733257697,0.5662527481117134,0.7253763048553159,0.4540195301131541,1.0
"Murray Hill, Manhattan",east_37th_street/west_to_east/036_n00443_E.jpg,n00443,east_37th_street,west_to_east,W,36,E,0.48246715282691544,0.6226344958096783,0.5884821737625477,0.4264338177840287,0.7149503722084368,0.6485423858841579,0.7729705976350272,0.46305351806574285,0.23999386126457947,0.5645279407997138,0.9875601857820776,0.45334194381991655,0.49200599232178316,0.4700583387998167,0.4073781804521107,1.0,0.4,0.2,0.4,0.628016875913882,0.5293935522566283,0.628016875913882,0.5293935522566283,0.9590771351047226,0.3157767351826585,1.0
"Murray Hill, Manhattan",east_37th_street/west_to_east/037_n00444_E.jpg,n00444,east_37th_street,west_to_east,W,37,E,0.43886917690436494,0.4003280343174363,0.353037522334723,0.3977112676056338,0.7076365663322185,0.6295235497363157,0.661550759392486,0.4148003894839338,0.17317884528642313,0.39741157785217474,0.9144278691571648,0.4398660836699103,0.41650999805428096,0.2222936026352717,0.3840706001223501,1.0,0.4,0.2,0.4,0.44863656059794604,0.33550068245760867,0.44863656059794604,0.33550068245760867,0.759307417737871,0.12946597281210048,1.0
"Murray Hill, Manhattan",east_37th_street/west_to_east/038_n00445_E.jpg,n00445,east_37th_street,west_to_east,W,38,E,0.3947179493065006,0.37480282274802823,0.33167149136914337,0.43222497590527337,0.661439448875997,0.7042168674698795,0.7288277012932833,0.7441546762589928,0.1344296339225345,0.3670640878078907,0.881296889398578,0.4916674648330519,0.5358040038249369,0.6311282475148663,0.3669950832306962,1.0,0.4,0.2,0.4,0.6861676458804985,0.5523759423274179,0.6861676458804985,0.5523759423274179,0.6866956971634547,0.4709630411879862,1.0
"Murray Hill, Manhattan",east_37th_street/west_to_east/039_n00446_E.jpg,n00446,east_37th_street,west_to_east,W,39,E,0.4238517491750197,0.6199200172935582,0.5096070248652408,0.4417823070251518,0.789451261077028,0.7078472546274693,0.576150873655914,0.6942200124300807,0.0839162780368643,0.5177929304446062,0.9784061256427926,0.453392766858531,0.4514290547076196,0.3255098874158301,0.3669950832306962,1.0,0.4,0.2,0.4,0.5401672587191971,0.4363070485020257,0.5401672587191971,0.4363070485020257,0.930439645743141,0.20070355802331194,1.0
"Murray Hill, Manhattan",east_37th_street/west_to_east/040_n00447_E.jpg,n00447,east_37th_street,west_to_east,W,40,E,0.5157654871554344,0.7499397880539499,0.6583255378858747,0.2935371745021798,0.7581365425370875,0.6101982263954094,0.7287827504074214,0.6282991202346041,0.14467452640064493,0.6413436043650862,0.995014002133642,0.3818662861201672,0.5005854656808901,0.5021954821931267,,1.0,0.45,0.15,0.4,0.6556302070334138,0.560699656478931,0.6556302070334138,0.560699656478931,0.9833092749704486,0.34421720862221994,1.0
"Murray Hill, Manhattan",east_37th_street/west_to_east/041_n00448_E.jpg,n00448,east_37th_street,west_to_east,W,41,E,0.49281330018789493,0.7416362025036003,0.6169527896995709,0.36541415573673636,0.7582870798643232,0.6295136998729814,0.7802594212909663,0.7420998980632008,0.13826375298978041,0.6171340974636887,0.993344336157084,0.4122135919151315,0.5535410241146491,0.6906404924973154,,1.0,0.45,0.15,0.4,0.7527730804938074,0.6760722548164758,0.7527730804938074,0.6760722548164758,0.9778074567583172,0.5373743157225709,1.0
"Murray Hill, Manhattan",east_37th_street/west_to_east/042_n00449_E.jpg,n00449,east_37th_street,west_to_east,W,42,E,0.5264862245123659,0.7896293027360989,0.7457976530288614,0.31315513626834385,0.6198696616749862,0.6204853273137698,0.7811947879858657,0.674845269672856,0.2806900389538119,0.6873043934257754,0.9971216418370767,0.4379236006357091,0.5789100322041778,0.7656035353897889,,1.0,0.45,0.15,0.4,0.7929539901401955,0.7310073683179382,0.7929539901401955,0.7310073683179382,0.9903164885158751,0.6295558204611553,1.0
"Murray Hill, Manhattan",east_37th_street/west_to_east/043_n00451_E.jpg,n00451,east_37th_street,west_to_east,W,43,E,0.5152782328405876,0.7788535645472061,0.7085455020237629,0.3608555993575704,0.6204406729194579,0.7309350885156604,0.63558352402746,0.7726304038968946,0.15731022052586938,0.6675590998038522,0.9963548617864272,0.4904500049845909,0.5218413828167413,0.5811803544186034,,1.0,0.45,0.15,0.4,0.7221042509029435,0.6312262141498199,0.7221042509029435,0.6312262141498199,0.9877591051205651,0.4192828659673404,1.0
"Murray Hill, Manhattan",east_37th_street/west_to_east/044_n00452_E.jpg,n00452,east_37th_street,west_to_east,W,44,E,0.43879864179791833,0.5746655157531291,0.542082239720035,0.4903625680710806,0.6435963777490298,0.7887067395264116,0.6600766024557846,0.7065118397085609,0.07508440028027263,0.5185154657570274,0.9785885528570749,0.5451576432828207,0.480557614148206,0.42760344638420167,,1.0,0.45,0.15,0.4,0.6436723498808953,0.53125674685221,0.6436723498808953,0.53125674685221,0.9309987203848944,0.2798966092074648,1.0
"Murray Hill, Manhattan",east_37th_street/west_to_east/045_n00454_E.jpg,n00454,east_37th_street,west_to_east,W,45,E,0.4422406796874132,0.5097752808988765,0.47543381759483466,0.6104746930218629,0.6061940408043447,0.8185447808866743,0.47449865782409595,0.7733507853403142,0.10275490816972765,0.47581659272704147,0.9647634522820897,0.6076084777013975,0.4502014504447126,0.32148008266140576,2.849514835485121,0.8803574812345689,0.4,0.2,0.4,0.4989003284389759,0.3646386445723294,0.5667019808127753,0.45177504990762934,0.8899025791224301,0.19776581736327967,0.8071243523671439
"Murray Hill, Manhattan",east_38th_street/east_to_west/001_n00501_W.jpg,n00501,east_38th_street,east_to_west,W,1,W,0.37293113535135713,0.4126302083333333,0.4733316044260028,0.6888568521031208,0.593613496008435,0.7910904638432728,0.6533368031459634,0.7761165913138787,0.12491882363855648,0.41963098270356436,0.9331161276173331,0.6287779399793194,0.5181240726994661,0.5675497427926026,2.6381276945144334,0.9087191902234355,0.4,0.2,0.4,0.642251325985766,0.48524640649628753,0.7067654484416132,0.5824400582412124,0.8046349845908158,0.4057705578528663,0.8331267735285595
"Murray Hill, Manhattan",east_38th_street/east_to_west/002_n00500_W.jpg,n00500,east_38th_street,east_to_west,W,2,W,0.3299463817085114,0.32570141877889364,0.3012129380053908,0.70720823798627,0.5560904143993303,0.8139403853144311,0.7048373287671232,0.8241427247451344,0.1590962441314554,0.3189535794975986,0.8065025856883394,0.6550194029671236,0.562692099214571,0.7191767098175671,2.6381276945144334,0.9087191902234355,0.4,0.2,0.4,0.671517111775741,0.4823568934183142,0.7389709813552289,0.5789717828601016,0.5516625170409575,0.571271997508732,0.8331267735285595
"Murray Hill, Manhattan",east_38th_street/east_to_west/003_n00499_W.jpg,n00499,east_38th_street,east_to_west,W,3,W,0.3350758468193121,0.3597828597828598,0.3384365378036264,0.7654272411305659,0.5329442530935068,0.8333851360685177,0.6458165457964008,0.8393997445721584,0.15238177029657618,0.34443174813526606,0.8498188500789748,0.6886227080351923,0.5458660202217118,0.6655197107045442,2.6381276945144334,0.9087191902234355,0.4,0.2,0.4,0.6714611354794587,0.4890812204938929,0.7389093822420105,0.5870429759716842,0.6255395205724862,0.5086620265933746,0.8331267735285595
"Murray Hill, Manhattan",east_38th_street/east_to_west/004_n00498_W.jpg,n00498,east_38th_street,east_to_west,W,4,W,0.3146234503572642,0.2986657411692118,0.2553373437131399,0.7412260536398468,0.6057739861523244,0.8267770546197039,0.646727010363374,0.8128527590552906,0.13605551969012272,0.2895421784132053,0.7454529143175646,0.654076374035742,0.5318784297029291,0.6173171765790548,2.3262457488827275,0.9522412500920688,0.4,0.2,0.4,0.6412747121734926,0.43087239079975354,0.6734372325411129,0.4935376445301165,0.4636774494921579,0.45632105095359676,0.8730284215907688
"Murray Hill, Manhattan",east_38th_street/east_to_west/005_n00497_W.jpg,n00497,east_38th_street,east_to_west,W,5,W,0.2717163772641937,0.22326545005730405,0.18336660843523842,0.7043194948273546,0.5049141749723146,0.7866825331125828,0.6557322730284957,0.7902697495183043,0.17317004504504507,0.22611614525224538,0.5777134184234474,0.6620292843225409,0.539724022530615,0.6447086467351344,3.819853949678455,0.7611094614885291,0.3,0.1,0.6,0.47606546113213405,0.29872845039203455,0.6254888228574583,0.42810280512320115,0.2876839968949308,0.4856343568071316,0.6977960593041788
"Murray Hill, Manhattan",east_38th_street/east_to_west/006_n00496_W.jpg,n00496,east_38th_street,east_to_west,W,6,W,0.3018193195627136,0.28173510265398094,0.19952625743372643,0.5701026856240127,0.3992514512679499,0.7753548925833144,0.4216550864065562,0.721864406779661,0.14472953459957794,0.26102689321680694,0.6753147700944271,0.648735375646459,0.429416342595265,0.2575474742591714,3.853589721716486,0.7572676977582183,0.3,0.1,0.6,0.2856422474873579,0.16123189589264017,0.37720115136689514,0.23223097056534114,0.3804284631917499,0.15289236451304128,0.6942738752722714
"Murray Hill, Manhattan",east_38th_street/east_to_west/007_n00495_W.jpg,n00495,east_38th_street,east_to_west,W,7,W,0.360344276492855,0.40658747300215986,0.39398256788467984,0.5608174253548702,0.6192618675013041,0.8123465392527706,0.6049305555555556,0.7664532794249775,0.14476317545030024,0.3869714391265649,0.9041020182288138,0.5846340323687789,0.5053823368102778,0.5201728067826261,4.224624126237421,0.7162732011583519,0.3,0.1,0.6,0.44495995783283354,0.30781925311787023,0.6212154204753821,0.46874396110812305,0.7356741240052443,0.3606362570746442,0.6566895334292466
"Murray Hill, Manhattan",east_38th_street/east_to_west/008_n00494_W.jpg,n00494,east_38th_street,east_to_west,W,8,W,0.4359159582234533,0.6233144953400753,0.5934716128174444,0.6901206001963259,0.39582391074928386,0.7748456125233377,0.7641608250745308,0.8013680257510729,0.21103716028840816,0.5509006887936576,0.9853824685409242,0.6897141006567933,0.5921886703713373,0.7994451350003878,3.718835653381913,0.7727301791878214,0.3,0.1,0.6,0.6481110593597756,0.531193075896459,0.8387288044592399,0.7497960351108769,0.952154740889395,0.6746936375342942,0.7084500997900159
"Murray Hill, Manhattan",east_38th_street/east_to_west/009_n00493_W.jpg,n00493,east_38th_street,east_to_west,W,9,W,0.4038716063907077,0.5245532245532246,0.4879073062133172,0.5350993377483443,0.5174006580612502,0.7532360458405475,0.6778754428999728,0.7856943928704047,0.19259507081521132,0.47211071238574986,0.9632200329241627,0.5903115751758805,0.5520549688618629,0.6858577924496103,0.866162576946935,1.0,0.5,0.2,0.3,0.7887679148059665,0.7007038177515226,0.7887679148059665,0.7007038177515226,0.8854693948397332,0.5318283545074804,1.0
"Murray Hill, Manhattan",east_38th_street/east_to_west/010_n00492_W.jpg,n00492,east_38th_street,east_to_west,W,10,W,0.38966278821363287,0.40208760245901637,0.3783714578354387,0.5569218870843001,0.5155644379844961,0.7815848287648722,0.608326036193812,0.775375816993464,0.2129463215911814,0.39004061616936264,0.9072480687500185,0.6076474259548921,0.5322160582594857,0.6185128673499202,1.0548130909863178,1.0,0.5,0.2,0.3,0.7464452872081814,0.6170182900868829,0.7464452872081814,0.6170182900868829,0.7427736002868713,0.4575777711797069,1.0
"Murray Hill, Manhattan",east_38th_street/east_to_west/011_n00491_W.jpg,n00491,east_38th_street,east_to_west,W,11,W,0.311775385256376,0.24188327144625346,0.22894277578763664,0.6115373044524669,0.5728406326034063,0.8034423796618918,0.40816558626179916,0.7691740412979352,0.15731292517006804,0.260867144163422,0.6748943009140556,0.6140463505036508,0.4448841842432674,0.3043354060505889,1.0440930293250952,1.0,0.5,0.2,0.3,0.521511459026775,0.3372584610105379,0.521511459026775,0.3372584610105379,0.37997672757771084,0.18541594528379876,1.0
"Murray Hill, Manhattan",east_38th_street/east_to_west/012_n00490_W.jpg,n00490,east_38th_street,east_to_west,W,12,W,0.35049157545044607,0.3151686293358968,0.28537705342129094,0.7877478675085854,0.6734809200904136,0.8231665736780113,0.6910982582103444,0.8275611495009323,0.302641738363115,0.3170124194025446,0.8028414520307711,0.6458111736987276,0.6071003820247972,0.8329256876863521,1.0209520142252544,1.0,0.5,0.2,0.3,0.7771733174910083,0.6138917761676004,0.7771733174910083,0.6138917761676004,0.5458945280781297,0.7217516411318282,1.0
"Murray Hill, Manhattan",east_38th_street/east_to_west/013_n00489_W.jpg,n00489,east_38th_street,east_to_west,W,13,W,0.3642443404843224,0.3363194599005861,0.3185955114282759,0.8028005895978101,0.6314515140370234,0.7961523881728582,0.7060478199718706,0.8236365176151761,0.2933662630125345,0.3397197706043948,0.8424587335936656,0.6558338212445483,0.6076835335331937,0.8341394200399588,1.0332667953065915,1.0,0.5,0.2,0.3,0.7989225399250635,0.6525881024896892,0.7989225399250635,0.6525881024896892,0.6122036152239455,0.7235049107032155,1.0
"Murray Hill, Manhattan",east_38th_street/east_to_west/014_n00488_W.jpg,n00488,east_38th_street,east_to_west,W,14,W,0.36089000877506894,0.2976968565203859,0.2972198337632559,0.6120799795579405,0.5820904356060606,0.7934890656063618,0.6342861088097211,0.7924633376647484,0.18014196675900282,0.31860223301957025,0.8058437779039386,0.6078262031860805,0.5356304710778241,0.6305220505825181,1.0431072521459015,1.0,0.5,0.2,0.3,0.707605819474095,0.5356710803107583,0.707605819474095,0.5356710803107583,0.5506195049568743,0.47031453746726276,1.0
"Murray Hill, Manhattan",east_38th_street/east_to_west/015_n00487_W.jpg,n00487,east_38th_street,east_to_west,W,15,W,0.450672419710602,0.6265685850281263,0.5598840952994205,0.6034176214934809,0.7097013223894209,0.7799197606419148,0.5835027789074149,0.7971213267751293,0.22082327239277913,0.5457083666793829,0.9844573145407363,0.5578786865819916,0.5338157926917744,0.6241585140313912,0.6218477864785951,1.0,0.4,0.2,0.4,0.7323263647596936,0.640755125655922,0.7323263647596936,0.640755125655922,0.9492349232864883,0.46353937361822223,1.0
"Murray Hill, Manhattan",east_38th_street/east_to_west/016_n00486_W.jpg,n00486,east_38th_street,east_to_west,W,16,W,0.39101398146342653,0.3410295758928572,0.31029323758228605,0.6204914783987316,0.596817248459959,0.7783174938401971,0.5275247682965803,0.788001196888091,0.16495154089077646,0.3474455983128566,0.8543764677069886,0.6006639079263232,0.49349250202514927,0.47561624062001256,0.8646125395232932,1.0,0.5,0.2,0.3,0.6679253845861761,0.5111590806629353,0.6679253845861761,0.5111590806629353,0.6339718811212388,0.32061407450140855,1.0
"Murray Hill, Manhattan",east_38th_street/east_to_west/017_n00485_W.jpg,n00485,east_38th_street,east_to_west,W,17,W,0.3845098091559423,0.3347399829497016,0.3066461818595652,0.5509062253743106,0.5318061568061568,0.7363712501903455,0.4964877255249925,0.775062893081761,0.13489527866524678,0.3419653246550697,0.8460022328810123,0.5851571062528331,0.4688152990906667,0.3851440686925826,3.875393399056244,0.7547950603251632,0.3,0.1,0.6,0.383832441816652,0.24468750307658851,0.508525375949464,0.353591118726692,0.6185813593714096,0.24580558820007248,0.6920069258462329
"Murray Hill, Manhattan",east_38th_street/east_to_west/018_n00484_W.jpg,n00484,east_38th_street,east_to_west,W,18,W,0.38177715171967797,0.39127277528386584,0.3194701741385699,0.5850752508361204,0.6706419840987303,0.7745214450201496,0.6903525641025641,0.7996092749167306,0.22556179775280896,0.3641733670473712,0.8776197491571561,0.5629849039191799,0.5718412122573678,0.7460429821745412,1.545082442775903,1.0,0.4,0.2,0.4,0.7525362843829039,0.612874594911227,0.7525362843829039,0.6243886496908653,0.6791847280245996,0.6045068307067317,0.9815594745590924
"Murray Hill, Manhattan",east_38th_street/east_to_west/019_n00483_W.jpg,n00483,east_38th_street,east_to_west,W,19,W,0.40987802624084196,0.43324572044749976,0.40140771089400146,0.4469951923076923,0.4230004418912947,0.754506128334535,0.6180249009620827,0.6765160293549634,0.15821432041193043,0.41484381919411434,0.929440458266468,0.5928336262503109,0.4842517502429921,0.44121715786642657,0.7602233061768618,1.0,0.4,0.2,0.4,0.6305741342378343,0.5017732967549786,0.6305741342378343,0.5017732967549786,0.7954463466022812,0.29120012518615523,1.0
"Murray Hill, Manhattan",east_38th_street/east_to_west/020_n00482_W.jpg,n00482,east_38th_street,east_to_west,W,20,W,0.40106121017982205,0.34246954595791806,0.33802552552552556,0.676203814859277,0.592415804826306,0.794797212910011,0.5378286449715021,0.796588042011383,0.23170659039447025,0.3605187605544219,0.87283100947952,0.6261950743143273,0.5220410924591183,0.5819093457039061,0.8382306142734054,1.0,0.5,0.2,0.3,0.7232086513083783,0.5743989711483084,0.7232086513083783,0.5743989711483084,0.669554847143074,0.42001243559962514,1.0
"Murray Hill, Manhattan",east_38th_street/east_to_west/021_n00481_W.jpg,n00481,east_38th_street,east_to_west,W,21,W,0.4383751856764525,0.43810028248587574,0.39295500052692595,0.5318012999071495,0.6550882463387158,0.758145221971407,0.5462541704579921,0.7785220125786164,0.20240152038700762,0.4231434895630847,0.9356991933995382,0.5449527585132803,0.5090592344745387,0.5339199490670258,0.8551531988550932,1.0,0.5,0.2,0.3,0.7097129715423282,0.5936063855844922,0.7097129715423282,0.5936063855844922,0.811175916767816,0.37344865220646956,1.0
"Murray Hill, Manhattan",east_38th_street/east_to_west/022_n00480_W.jpg,n00480,east_38th_street,east_to_west,W,22,W,0.24284131578862697,0.2841400400717073,0.2250915122397621,0.5509237328280436,0.6693881769326168,0.8131893534112674,0.6859635210150673,0.7572844518748507,0.0895996370647613,0.25069095603336544,0.6475509653967991,0.5649083031022314,0.5109492033182264,0.5409674653151022,0.4390425851937661,1.0,0.4,0.2,0.4,0.5863725513432044,0.39884596231743635,0.5863725513432044,0.39884596231743635,0.3516575346821727,0.38010544726176043,1.0
"Murray Hill, Manhattan",east_38th_street/east_to_west/023_n00479_W.jpg,n00479,east_38th_street,east_to_west,W,23,W,0.31094516634574076,0.32259328943242394,0.2579908675799087,0.7683918015934207,0.4585289514866979,0.8467057050886925,0.7175846732808758,0.8422097525759664,0.18955420102784748,0.2971764411193578,0.7624424813560728,0.7188561850651384,0.5831162089615631,0.7767355730269542,1.7119870019350647,1.0,0.4,0.2,0.4,0.759137622491649,0.5633858396767568,0.759137622491649,0.5885212747360851,0.4865194071978315,0.6441458923146486,0.9572905243389885
"Murray Hill, Manhattan",east_38th_street/east_to_west/024_n00478_W.jpg,n00478,east_38th_street,east_to_west,W,24,W,0.3350373266860363,0.346234309623431,0.3348694316436252,0.649386845039019,0.6110745614035088,0.7776966292134831,0.751781798245614,0.797046148321063,0.14305049165838027,0.3387136893176975,0.8408497511687735,0.6053363042829978,0.5639594794083524,0.7230000951595288,2.984931418676364,0.8626556239380334,0.4,0.2,0.4,0.6394101175537401,0.47054979232264826,0.7412113244388591,0.5949585860606053,0.6093335128446774,0.5759216646016435,0.7908950359693033
"Murray Hill, Manhattan",east_38th_street/east_to_west/025_n00477_W.jpg,n00477,east_38th_street,east_to_west,W,25,W,0.47685123502325116,0.7066777963272121,0.662328353704542,0.6538263995891115,0.7116333792470156,0.7690698912464827,0.7990118725578599,0.7816690987422694,0.32363420427553447,0.615285795018335,0.9931960823658936,0.5704209705295262,0.6347717251918878,0.883043859964334,0.7689295434199229,1.0,0.4,0.2,0.4,0.8480979351057836,0.8088315216060394,0.8480979351057836,0.8088315216060394,0.9773210229554447,0.7970951889565743,1.0
"Murray Hill, Manhattan",east_38th_street/east_to_west/026_n00476_W.jpg,n00476,east_38th_street,east_to_west,W,26,W,0.44795855151038133,0.6498829039812647,0.5301830341429076,0.6345297187221585,0.6544246239944037,0.7909858113106045,0.7936548745372275,0.8019216918745499,0.32506006989951947,0.5426748298781845,0.9838903812554505,0.5903636353461197,0.6402122121037656,0.8912121824370787,0.7293483766988822,1.0,0.4,0.2,0.4,0.8538764805877487,0.8095343977729125,0.8538764805877487,0.8095343977729125,0.947451800069688,0.8099744937586608,1.0
"Murray Hill, Manhattan",east_38th_street/east_to_west/027_n00475_W.jpg,n00475,east_38th_street,east_to_west,W,27,W,0.499705815737019,0.7520796847635727,0.7254920163386558,0.5748308404558404,0.6439043209876543,0.7964607724397793,0.7676439319594374,0.8059993084370678,0.3250207168013259,0.6590925056130824,0.995966624252134,0.5757957639693219,0.6328879857326104,0.8800939122553653,0.721589335064407,1.0,0.4,0.2,0.4,0.8494996688291919,0.8114909411301076,0.8494996688291919,0.8114909411301076,0.9864677823502898,0.79248682607121,1.0
"Murray Hill, Manhattan",east_38th_street/east_to_west/028_n00474_W.jpg,n00474,east_38th_street,east_to_west,W,28,W,0.42650197191511785,0.6201688555347092,0.6005552873008209,0.6391840348726331,0.6201433421350434,0.7888910917261432,0.7588652482269503,0.8092575894198978,0.2928706030150754,0.5490753715835492,0.9850635917340611,0.6026439281545776,0.6203311468873078,0.8587525144736026,0.7406175813508942,1.0,0.4,0.2,0.4,0.8451719456859944,0.7935838186702169,0.8451719456859944,0.7935838186702169,0.9511469483074274,0.7598082385159791,1.0
"Murray Hill, Manhattan",east_38th_street/east_to_west/029_n00473_W.jpg,n00473,east_38th_street,east_to_west,W,29,W,0.2978755366127017,0.3228324202104531,0.26715499746321664,0.6478387695571467,0.6312603017623939,0.7663828411295538,0.5871228526057456,0.7653211338356657,0.16301525478740667,0.29595431809545714,0.7597759973610397,0.5943204363081022,0.5051530804096059,0.5193144359911475,0.8104419881533783,1.0,0.5,0.2,0.3,0.6453213536114486,0.46083700740564415,0.6453213536114486,0.46083700740564415,0.4828564930359317,0.3598437163153607,1.0
"Murray Hill, Manhattan",east_38th_street/east_to_west/030_n00472_W.jpg,n00472,east_38th_street,east_to_west,W,30,W,0.2566854438374108,0.25804017183327527,0.19936008468052346,0.7120582805907172,0.7213345302214242,0.7945958399157451,0.6228127734033246,0.7684919822586148,0.12287749287749287,0.2380285667837365,0.612146229208774,0.5951065300950127,0.5047274161798108,0.5177203858577536,0.8666217439776506,1.0,0.5,0.2,0.3,0.578862095338258,0.37352972165301673,0.578862095338258,0.37352972165301673,0.3178413417780636,0.35837422032914684,1.0
"Murray Hill, Manhattan",east_38th_street/east_to_west/031_n00471_W.jpg,n00471,east_38th_street,east_to_west,W,31,W,0.22042717541932305,0.2736141790259808,0.2121473805411629,0.7033120510774142,0.6694027834076476,0.8110033294916122,0.646609868654597,0.7626694059976932,0.19600460202907652,0.2353962449954889,0.604620503495201,0.6149708657204596,0.5350946255604555,0.6286476035203227,0.4175655298299757,1.0,0.4,0.2,0.4,0.6162074749761016,0.4198628548317729,0.6162074749761016,0.4198628548317729,0.3110322633959758,0.468312688220901,1.0
"Murray Hill, Manhattan",east_38th_street/east_to_west/032_n00470_W.jpg,n00470,east_38th_street,east_to_west,W,32,W,0.34197112680595176,0.322484501669051,0.2481738102911161,0.764724690360797,0.6857456140350876,0.8133781911735602,0.6740156956637403,0.7994466206553503,0.24594339622641512,0.30420981292203964,0.7773894741867942,0.6307857558330898,0.5731352375151686,0.7497029338303828,0.9469221681403328,1.0,0.5,0.2,0.3,0.7375007506005252,0.5599620162783252,0.7375007506005252,0.5599620162783252,0.5076156657978336,0.609137891934845,1.0
"Murray Hill, Manhattan",east_38th_street/east_to_west/033_n00469_W.jpg,n00469,east_38th_street,east_to_west,W,33,W,0.39605758336952923,0.3930244078177069,0.38221468523146496,0.792570813317873,0.5923877255366786,0.824478761978762,0.531183368869936,0.8160059835452506,0.33828551912568305,0.3904322254729003,0.9076427551033643,0.6748872832533188,0.5618249571802898,0.7165422961164694,0.9597466513563668,1.0,0.5,0.2,0.3,0.796849438608382,0.6727599505858334,0.796849438608382,0.6727599505858334,0.7436704305538149,0.5680833761329079,1.0
"Murray Hill, Manhattan",east_38th_street/east_to_west/034_n00468_W.jpg,n00468,east_38th_street,east_to_west,W,34,W,0.3973403647347978,0.4067642132229777,0.39183087027914615,0.7343462246777164,0.5484726482617587,0.8099793840999872,0.6658386327503975,0.8028641072516759,0.33641491695393294,0.39864514941230716,0.9155791025483803,0.6652843201719816,0.6017058856520021,0.8213599103964595,0.9794159069690296,1.0,0.5,0.2,0.3,0.831398896777489,0.7245624477871102,0.831398896777489,0.7245624477871102,0.7620023893752301,0.705213567842713,1.0
"Murray Hill, Manhattan",east_38th_street/east_to_west/035_n00467_W.jpg,n00467,east_38th_street,east_to_west,W,35,W,0.37438876193774234,0.3525919305413687,0.3200078771169752,0.7660164467393383,0.504317952597075,0.8029167447379927,0.638256061817213,0.77823142800239,0.2963488124778448,0.34899618986536207,0.8566762818956377,0.688205079626752,0.5709454340991492,0.743488826311252,1.072300250379701,1.0,0.5,0.2,0.3,0.7858402697586317,0.6364641935972007,0.7858402697586317,0.6364641935972007,0.6382788261849442,0.6012899447884175,1.0
"Murray Hill, Manhattan",east_38th_street/east_to_west/036_n00466_W.jpg,n00466,east_38th_street,east_to_west,W,36,W,0.37602034869185275,0.28842341177484704,0.24752758692483864,0.49462781502492686,0.5938155136268345,0.7631072914213956,0.44576719576719576,0.6946858288770054,0.15166761148904007,0.30399044913051276,0.7769335973522371,0.5546398642731626,0.4307068787110804,0.26126639479850894,1.5573054060783151,1.0,0.4,0.2,0.4,0.4696660823692063,0.31514472623375384,0.4696660823692063,0.32165453524397003,0.5069577142859846,0.15541642742490314,0.9797614885010758
"Murray Hill, Manhattan",east_38th_street/east_to_west/037_n00465_W.jpg,n00465,east_38th_street,east_to_west,W,37,W,0.3622515662526137,0.3776041666666667,0.34273709483793513,0.5895744680851064,0.7110215053763441,0.767919029615627,0.7698245224344736,0.7717704728950404,0.23537264258123147,0.36086427591907183,0.8732905126954341,0.548823997441463,0.5923225459702484,0.7997669107652263,2.272345686584438,0.959971336299215,0.4,0.2,0.4,0.737553883002198,0.568505236343685,0.7683082349578703,0.6459439155957524,0.670471549459974,0.6751342323520391,0.8801154753804812
"Murray Hill, Manhattan",east_38th_street/east_to_west/038_n00464_W.jpg,n00464,east_38th_street,east_to_west,W,38,W,0.3474949660540448,0.36471306471306475,0.34066358024691357,0.7678951441284582,0.7042017931219055,0.8534458208742702,0.7616744224018287,0.8148566409435974,0.18649105584642234,0.350957203671341,0.8595414285266425,0.6390463906269409,0.5876740397306162,0.7883670869156109,2.020359120380206,0.9969507902548609,0.4,0.2,0.4,0.7801503697976984,0.5932817623400479,0.7825364876818648,0.6490914439846476,0.6436940372772266,0.6596583011484989,0.9140187686006231
"Murray Hill, Manhattan",east_38th_street/east_to_west/039_n00463_W.jpg,n00463,east_38th_street,east_to_west,W,39,W,0.29202668843252505,0.27793128856958643,0.24006961506961502,0.690247955010225,0.7404492023509656,0.8156663935545542,0.7391001267427123,0.8045841347554933,0.15740417103576834,0.27000919735724216,0.6984884603302284,0.5884883820712712,0.5670294775113246,0.7321272263360163,2.216548198328372,0.9680396519858084,0.4,0.2,0.4,0.6657927211080624,0.44986867293340677,0.6877742246841589,0.506887069969312,0.4061407973883325,0.5871275627322874,0.8875126228030294
"Murray Hill, Manhattan",east_38th_street/east_to_west/040_n00462_W.jpg,n00462,east_38th_street,east_to_west,W,40,W,0.3243713659153302,0.33008547008547007,0.24818550539011638,0.7660133843212238,0.6435557341907825,0.7784469039351851,0.761370865139949,0.8138943301773861,0.2227541782729805,0.30088078046363886,0.7703996762184214,0.6336348513552088,0.5993397911967717,0.8160928114845722,2.412737276276538,0.9399669241219462,0.4,0.2,0.4,0.7126276034877471,0.5152428980076108,0.7581411485871546,0.5978855410111977,0.4976291752010279,0.6977820033862825,0.8617751436774768
"Murray Hill, Manhattan",east_38th_street/east_to_west/041_n00461_W.jpg,n00461,east_38th_street,east_to_west,W,41,W,0.3609588685819953,0.39022820103001243,0.49588553181036604,0.6728441282915263,0.5657142857142857,0.7940915300546448,0.7456643452137103,0.792290066046637,0.21689497716894976,0.4156908671407912,0.930104157379537,0.6337404575439618,0.5849497961430989,0.7814688875070277,1.426213819290765,1.0,0.4,0.2,0.4,0.8034513738967252,0.7013349939265019,0.8034513738967252,0.7018839177023164,0.7970952733945016,0.6504250790335644,0.9992179279764501
"Murray Hill, Manhattan",east_38th_street/east_to_west/042_n00460_W.jpg,n00460,east_38th_street,east_to_west,W,42,W,0.4177517217094255,0.5316957787481805,0.527876984126984,0.6658160050409578,0.591494104112741,0.804427985122483,0.7802594212909663,0.7995907892911638,0.323913290205425,0.49244149486153,0.9709511690628505,0.6262499620169,0.6345878335958517,0.8827586811389087,0.9807902626463848,1.0,0.5,0.2,0.3,0.864372290592869,0.810528545357261,0.864372290592869,0.810528545357261,0.9079824058863801,0.7966486992529475,1.0
"Murray Hill, Manhattan",east_38th_street/east_to_west/043_n00459_W.jpg,n00459,east_38th_street,east_to_west,W,43,W,0.41611005848239857,0.4744690465431541,0.5200851749539596,0.7006765067650677,0.6025457153101469,0.8099793840999872,0.7678404949571997,0.8099655198261,0.3902418542156534,0.47022142665983735,0.9624083583331668,0.6360367251849692,0.6560159563329844,0.912155265307339,1.0276350162216097,1.0,0.5,0.2,0.3,0.8717596478173226,0.815808133983294,0.8717596478173226,0.815808133983294,0.8831500395725096,0.8438161255867074,1.0
"Murray Hill, Manhattan",east_38th_street/east_to_west/044_n00458_W.jpg,n00458,east_38th_street,east_to_west,W,44,W,0.4270796214216248,0.30410539215686266,0.29982046678635554,0.8125908618899272,0.6753580609621741,0.7860926464478605,0.7604056902002108,0.82740664019794,0.2019945909398242,0.34366849345494765,0.8486461601922327,0.6411084824585378,0.5966023071126583,0.8098498145510753,1.107429857622702,1.0,0.5,0.2,0.3,0.7911721221556927,0.646014982187796,0.7911721221556927,0.646014982187796,0.6233916501681096,0.6890530353760765,1.0
"Murray Hill, Manhattan",east_38th_street/east_to_west/045_n00457_W.jpg,n00457,east_38th_street,east_to_west,W,45,W,0.38434833576591637,0.2935869953554841,0.25649243918474696,0.7714684702873679,0.5474551971326166,0.7752686984687869,0.6260379596678529,0.7943277923592884,0.08961516694963216,0.31147592343538244,0.7921132775785085,0.6664273238745126,0.5033269729922578,0.512473560077615,1.1895311911665778,1.0,0.5,0.2,0.3,0.6714994243734824,0.4911034251033138,0.6714994243734824,0.4911034251033138,0.5293806998895283,0.3535584113301847,1.0
"Murray Hill, Manhattan",east_38th_street/east_to_west/046_n00456_W.jpg,n00456,east_38th_street,east_to_west,W,46,W,0.17768614334300484,0.20180373247611394,0.1850334878928388,0.7722431077694236,0.6043259859049331,0.8361875637104994,0.6266911593188711,0.7977498931428223,0.14864102564102563,0.18817445457065252,0.46458277820344257,0.6680348951916633,0.5243606927009064,0.5903495032060911,4.336551945914868,0.7043479541399252,0.3,0.1,0.6,0.3917884471794171,0.23150750768359465,0.5562427559796457,0.3585060015390105,0.20392205230873425,0.4285111193142263,0.645756296100397
"Murray Hill, Manhattan",east_38th_street/east_to_west/047_n00455_W.jpg,n00455,east_38th_street,east_to_west,W,47,W,0.24737637437557547,0.16020867271739972,0.1369029813540732,0.7812461632903621,0.44035793125197104,0.7935493037794829,0.3758870882321788,0.7864132178376644,0.09597205096588575,0.18149600948234945,0.4447149954790826,0.711479178605958,0.4194241190119097,0.22994209183773986,3.551903185658021,0.7923235262417234,0.3,0.1,0.6,0.24860759364156074,0.1282451606989658,0.31377030393227917,0.17654565879121498,0.19122026596128233,0.13447278929398518,0.7264135610982656
"Murray Hill, Manhattan",east_38th_street/west_to_east/001_n00455_E.jpg,n00455,east_38th_street,west_to_east,W,1,E,0.19027822682991857,0.21799071799071798,0.18184079601990052,0.7348401323042998,0.5121798316317392,0.830827563468513,0.659211337030191,0.7943117744610282,0.13847894529712712,0.19670324694684566,0.49011103055564426,0.6844959547136912,0.530667352262782,0.613016615773331,3.551903185658021,0.7923235262417234,0.3,0.1,0.6,0.4592099936306016,0.2760835693142698,0.5795738463160376,0.3800638976189523,0.2210403863037006,0.4518178658977042,0.7264135610982656
"Murray Hill, Manhattan",east_38th_street/west_to_east/002_n00456_E.jpg,n00456,east_38th_street,west_to_east,W,2,E,0.34440157297232415,0.2654567743310947,0.16414988814317674,0.7315507354774371,0.41882872720436165,0.7838988825292995,0.5115826158261583,0.7979330007127583,0.07717784671061134,0.2580027451488652,0.6673076382125885,0.6988736302674583,0.46223115441650925,0.36203727430311033,4.336551945914868,0.7043479541399252,0.3,0.1,0.6,0.32717259871744075,0.19070187947559117,0.46450422237251915,0.2953155557711239,0.37191275283585656,0.2279590801385747,0.645756296100397
"Murray Hill, Manhattan",east_38th_street/west_to_east/003_n00457_E.jpg,n00457,east_38th_street,west_to_east,W,3,E,0.4137471854246938,0.3751656726308814,0.2951028992038456,0.7812653411880216,0.6418971714330364,0.756672210342916,0.6478531855955678,0.8261166289132834,0.0948110422202539,0.36133858575314026,0.8739189881631666,0.6320134600326337,0.522926952243035,0.5851386072687776,1.1895311911665778,1.0,0.5,0.2,0.3,0.7262037369940576,0.5777259726466997,0.7262037369940576,0.5777259726466997,0.671727852159189,0.42325279007259653,1.0
"Murray Hill, Manhattan",east_38th_street/west_to_east/004_n00458_E.jpg,n00458,east_38th_street,west_to_east,W,4,E,0.3437120257227374,0.31579348157173315,0.2843974515385658,0.642001488095238,0.5150401724475798,0.8059849385652001,0.7649401532765006,0.764320924698283,0.3166390270867883,0.3146343196110121,0.7982853170365518,0.6443154180709527,0.615300035020524,0.8493485208159315,1.107429857622702,1.0,0.5,0.2,0.3,0.7791562448910668,0.6156290283551313,0.7791562448910668,0.6156290283551313,0.5388115409011515,0.7457669517662464,1.0
"Murray Hill, Manhattan",east_38th_street/west_to_east/005_n00459_E.jpg,n00459,east_38th_street,west_to_east,W,5,E,0.4077562082521647,0.5612734565248533,0.48760617091350317,0.6479011377010592,0.5098584428715873,0.8245094229648339,0.7780089988751406,0.7628664754620779,0.33915431912105637,0.48554527856350704,0.9685238606913936,0.6541840392647685,0.626676597819425,0.8699083848646575,1.0276350162216097,1.0,0.5,0.2,0.3,0.8670361518494802,0.8082496522283353,0.8670361518494802,0.8082496522283353,0.9008308572196617,0.7767472096001432,1.0
"Murray Hill, Manhattan",east_38th_street/west_to_east/006_n00460_E.jpg,n00460,east_38th_street,west_to_east,W,6,E,0.3685492419298734,0.3535222251104757,0.3009276100400145,0.7187540642476264,0.47905282331511834,0.8055555555555555,0.7646404310142891,0.7777271346095412,0.1704157522555474,0.3409996923601212,0.8444865134694977,0.6817522654960212,0.5709277726264592,0.7434382989149098,0.9807902626463848,1.0,0.5,0.2,0.3,0.7787447937076339,0.6239818802543199,0.7787447937076339,0.6239818802543199,0.6158436706500268,0.6012264305705611,1.0
"Murray Hill, Manhattan",east_38th_street/west_to_east/007_n00461_E.jpg,n00461,east_38th_street,west_to_east,W,7,E,0.2951227049756309,0.26166373239436624,0.21844660194174756,0.764422448712923,0.6448452741338716,0.775760326827054,0.711447874054791,0.7994410120623713,0.158336003417708,0.2584110131039149,0.6683944110184799,0.6317791671353684,0.5564082965116235,0.6997535255153233,1.426213819290765,1.0,0.4,0.2,0.4,0.6731381769032049,0.4830711688610869,0.6731381769032049,0.4834492610029232,0.3730578948093146,0.5480477083992287,0.9992179279764501
"Murray Hill, Manhattan",east_38th_street/west_to_east/008_n00462_E.jpg,n00462,east_38th_street,west_to_east,W,8,E,0.38923644139813846,0.38517566409597254,0.36444487881157156,0.7096459343026386,0.7934463761894541,0.8392346208869813,0.7529043232926728,0.8015033216902951,0.19421906693711968,0.3796189947685608,0.8961749088467306,0.5851447263333885,0.5828755706400292,0.776108984646981,2.412737276276538,0.9399669241219462,0.4,0.2,0.4,0.7302833975526422,0.5684686268736829,0.7769245691648392,0.6596484373497258,0.7181645237517739,0.6433180686704238,0.8617751436774768
"Murray Hill, Manhattan",east_38th_street/west_to_east/009_n00463_E.jpg,n00463,east_38th_street,west_to_east,W,9,E,0.380477362973998,0.3462687146070902,0.39145435244161364,0.6475391498881432,0.6501924001924002,0.836578227397086,0.7070725050433131,0.7855061780398764,0.19257246376811596,0.37273347667423395,0.888231408741899,0.6113083256976096,0.5617170489504352,0.7162134232258458,2.216548198328372,0.9680396519858084,0.4,0.2,0.4,0.7321037678193277,0.556407135443166,0.7562745661476896,0.6269287006711706,0.7011434865241069,0.5676861794659592,0.8875126228030294
"Murray Hill, Manhattan",east_38th_street/west_to_east/010_n00464_E.jpg,n00464,east_38th_street,west_to_east,W,10,E,0.41171194840463377,0.4195203005346048,0.3660950661853189,0.47819989801121876,0.6647734956051385,0.7626918536009445,0.7457047791893526,0.7295312162454094,0.14864102564102563,0.3991091050415191,0.9160084399613404,0.5253727520023415,0.5412923403585959,0.650078687477844,2.020359120380206,0.9969507902548609,0.4,0.2,0.4,0.7123827459775534,0.5428435057914879,0.7145615941539497,0.5939084890155918,0.7630106027747683,0.49151240921333156,0.9140187686006231
"Murray Hill, Manhattan",east_38th_street/west_to_east/011_n00465_E.jpg,n00465,east_38th_street,west_to_east,W,11,E,0.4139879202201976,0.4248167438271606,0.49637943519188993,0.6322140360819873,0.4902170468948035,0.7532360458405475,0.6970003680529997,0.7774336582724072,0.1741386467413865,0.4450613664130827,0.9498238340252559,0.6317443450092437,0.5495242243555978,0.6776216778033323,2.272345686584438,0.959971336299215,0.4,0.2,0.4,0.7342072691225907,0.5797499610349057,0.7648220747434322,0.6587203352881337,0.848216875255486,0.5223662226640617,0.8801154753804812
"Murray Hill, Manhattan",east_38th_street/west_to_east/012_n00466_E.jpg,n00466,east_38th_street,west_to_east,W,12,E,0.4207600379418815,0.39005887681159424,0.3477725744476465,0.694497033951786,0.6005859375,0.7622452902729719,0.6785113268608414,0.7971213267751293,0.2182379554903399,0.38619716306704077,0.9032934167436606,0.6187187955749193,0.5646235363754368,0.7249905272821502,1.5573054060783151,1.0,0.4,0.2,0.4,0.7669430791350235,0.6317455585364693,0.7669430791350235,0.644795254713439,0.7338634046917356,0.5783526043904285,0.9797614885010758
"Murray Hill, Manhattan",east_38th_street/west_to_east/013_n00467_E.jpg,n00467,east_38th_street,west_to_east,W,13,E,0.3668342920807221,0.34158055874473786,0.3080584402362045,0.6593425605536333,0.5206084396467124,0.8062228742588178,0.6316177456105079,0.7823503669292399,0.26196793808734103,0.33882443035388815,0.8410275049372073,0.6483189983885795,0.5586453502090296,0.7067559573059052,1.072300250379701,1.0,0.5,0.2,0.3,0.7577809663483451,0.60048371603985,0.7577809663483451,0.60048371603985,0.6096498046148746,0.5563450372669012,1.0
"Murray Hill, Manhattan",east_38th_street/west_to_east/014_n00468_E.jpg,n00468,east_38th_street,west_to_east,W,14,E,0.3076592257885383,0.32417131604857236,0.2939624005784527,0.7797137158277602,0.5471897335932424,0.8296181339352896,0.6878949447077409,0.7913165266106442,0.23485439417576703,0.3085976474718545,0.7863683027266596,0.6873807053899358,0.5713552884980506,0.7446595397610246,0.9794159069690296,1.0,0.5,0.2,0.3,0.7530777120375909,0.5751822628304336,0.7530777120375909,0.5751822628304336,0.5207678031628608,0.6027629024585107,1.0
"Murray Hill, Manhattan",east_38th_street/west_to_east/015_n00469_E.jpg,n00469,east_38th_street,west_to_east,W,15,E,0.17753527855317172,0.14957569989689903,0.11072761194029852,0.5867939538583928,0.48020833333333335,0.7920788530465949,0.37036418309388575,0.5784990791896868,0.07043779800606849,0.14594619679678975,0.34329480447720917,0.6328881578572181,0.339767020096547,0.0829065961545693,0.9597466513563668,1.0,0.5,0.2,0.3,0.25332364874820457,0.13154079357550744,0.25332364874820457,0.13154079357550744,0.1336924033259499,0.04492337000560962,1.0
"Murray Hill, Manhattan",east_38th_street/west_to_east/016_n00470_E.jpg,n00470,east_38th_street,west_to_east,W,16,E,0.21654611702721244,0.24630228229993145,0.20839987224528903,0.64502442002442,0.5052190280629706,0.810205728116176,0.5871113989637307,0.7818147846174752,0.18110719624172536,0.22374942385747765,0.5707699180942507,0.6500037066925417,0.5166777932743103,0.5622175800199114,0.9469221681403328,1.0,0.5,0.2,0.3,0.5831563795915148,0.37019230851162066,0.5831563795915148,0.37019230851162066,0.2818993496770213,0.4005505125162846,1.0
"Murray Hill, Manhattan",east_38th_street/west_to_east/017_n00471_E.jpg,n00471,east_38th_street,west_to_east,W,17,E,0.2893150972607214,0.21361149637848667,0.2006806830997261,0.7468151005142589,0.5336801387221555,0.8191177509359328,0.4949021542509456,0.8220177664974618,0.19602690177461288,0.234535758912978,0.6021494185921229,0.6774175709093453,0.5043156075076733,0.5161778790909156,0.4175655298299757,1.0,0.4,0.2,0.4,0.5796592299001938,0.3829138342883588,0.5796592299001938,0.3829138342883588,0.30882385708350013,0.35695508385914787,1.0
"Murray Hill, Manhattan",east_38th_street/west_to_east/018_n00472_E.jpg,n00472,east_38th_street,west_to_east,W,18,E,0.36004199045597085,0.32755213588967375,0.26560150375939856,0.7141414141414142,0.5914316884860692,0.7670963122090941,0.5992922281203211,0.707331195439159,0.16077359905710917,0.317731876701681,0.8042044492266104,0.629935345954813,0.48913234087219637,0.4593362877072916,0.8666217439776506,1.0,0.5,0.2,0.3,0.6474133612653812,0.4733782331245535,0.6474133612653812,0.4733782331245535,0.5480338542409771,0.30653823353252785,1.0
"Murray Hill, Manhattan",east_38th_street/west_to_east/019_n00473_E.jpg,n00473,east_38th_street,west_to_east,W,19,E,0.4510766619253914,0.5654553924994176,0.5084832702020202,0.625,0.6828500292911541,0.8178825186818571,0.6925316034597472,0.7834557081951682,0.32189119170984454,0.5083384415422764,0.975874421807962,0.5866774964635677,0.59929283445492,0.8159870751731393,0.8104419881533783,1.0,0.5,0.2,0.3,0.835375698906764,0.7750059203135413,0.835375698906764,0.7750059203135413,0.9227284083902119,0.69763344752627,1.0
"Murray Hill, Manhattan",east_38th_street/west_to_east/020_n00474_E.jpg,n00474,east_38th_street,west_to_east,W,20,E,0.46345085598482033,0.6350288120567376,0.5835243771970045,0.6139100126742713,0.5791553133514986,0.793275610403397,0.7309551061935647,0.7738657667791525,0.31186475834889027,0.5606680150795207,0.9869781113831758,0.6093434365753898,0.6055618771072024,0.8296894807632947,0.7406175813508942,1.0,0.4,0.2,0.4,0.836106634519864,0.7791255325035277,0.836106634519864,0.7791255325035277,0.9572200368010334,0.7170934278407816,1.0
"Murray Hill, Manhattan",east_38th_street/west_to_east/021_n00475_E.jpg,n00475,east_38th_street,west_to_east,W,21,E,0.45738105655353484,0.5919814584198145,0.5634648370497427,0.6156694658269185,0.6371891214886385,0.7802341903073287,0.761703431372549,0.7587708228167592,0.2700868621064061,0.5376091173410307,0.9828979911422305,0.5862381782152029,0.5968537054319047,0.8104298402101248,0.721589335064407,1.0,0.4,0.2,0.4,0.8205487117444423,0.7571309109245145,0.8205487117444423,0.7571309109245145,0.9443416902407015,0.6898604239185286,1.0
"Murray Hill, Manhattan",east_38th_street/west_to_east/022_n00476_E.jpg,n00476,east_38th_street,west_to_east,W,22,E,0.3780205829485372,0.3863988897052821,0.3562464985994398,0.4084473242140629,0.5039069944730322,0.7063452201573748,0.7706370298783926,0.6345011268182749,0.14203233256351042,0.3735553237510863,0.8892067464275878,0.536961849966135,0.5157234964200592,0.5586912981215938,0.7293483766988822,1.0,0.4,0.2,0.4,0.6675111871574666,0.5301389360276118,0.6675111871574666,0.5301389360276118,0.7032059093956448,0.3971184165376435,1.0
"Murray Hill, Manhattan",east_38th_street/west_to_east/023_n00477_E.jpg,n00477,east_38th_street,west_to_east,W,23,E,0.3897451478301437,0.3715965965965966,0.3392333472978634,0.5233502208365809,0.7418650793650793,0.7481663771472689,0.7820006581112208,0.6593105670103093,0.1665295150318192,0.3668583639082012,0.8810383902568387,0.5098838395395902,0.5359469133844497,0.6316271588041594,0.7689295434199229,1.0,0.4,0.2,0.4,0.6913158287196604,0.5564897160123432,0.6913158287196604,0.5564897160123432,0.6861643276073955,0.4714971776767253,1.0
"Murray Hill, Manhattan",east_38th_street/west_to_east/024_n00478_E.jpg,n00478,east_38th_street,west_to_east,W,24,E,0.3755893955581906,0.3751513775355737,0.37593311436249627,0.6529729378090033,0.7527986633249791,0.8366863717264175,0.7054644808743169,0.7869293712316968,0.12685907436297447,0.37555796248542017,0.8915522495478129,0.5789535487368138,0.5397509754896627,0.6448012487486738,2.984931418676364,0.8626556239380334,0.4,0.2,0.4,0.6197196544442214,0.4626675934414671,0.7183859204617408,0.5849924103701473,0.708196881683469,0.48573534755381237,0.7908950359693033
"Murray Hill, Manhattan",east_38th_street/west_to_east/025_n00479_E.jpg,n00479,east_38th_street,west_to_east,W,25,E,0.3516557351399825,0.327147554459515,0.3163527934714376,0.6677114060963619,0.6245199692780338,0.7773411918795023,0.6242430099214019,0.7725727981684195,0.09804986550796609,0.3317186943569783,0.829292920481056,0.6068442095659434,0.4982885578659292,0.49358244444160515,1.7119870019350647,1.0,0.4,0.2,0.4,0.6330565511432951,0.4534640801575461,0.6330565511432951,0.47369536063324574,0.5891787943955301,0.33648221529818184,0.9572905243389885
"Murray Hill, Manhattan",east_38th_street/west_to_east/026_n00480_E.jpg,n00480,east_38th_street,west_to_east,W,26,E,0.4831874378680291,0.63209155101047,0.5499820208558072,0.5547230791831937,0.5435344032466335,0.7702120609675281,0.5884508716323297,0.7841333615281596,0.15880251652804434,0.5550870032447688,0.9860886888674857,0.5938002456346961,0.5104622498961778,0.5391531141765761,0.4390425851937661,1.0,0.4,0.2,0.4,0.6998086602912494,0.5995049319203702,0.6998086602912494,0.5995049319203702,0.9543919980114414,0.3783858826440296,1.0
"Murray Hill, Manhattan",east_38th_street/west_to_east/027_n00481_E.jpg,n00481,east_38th_street,west_to_east,W,27,E,0.39374193446604905,0.34805756592629566,0.2987743239828153,0.6081757127192983,0.5248593721647614,0.7817252052213699,0.49191374663072773,0.7566622251832111,0.17603318722604885,0.34685794145838666,0.8534968970013728,0.6216805152586355,0.47486971967999586,0.40686171536276544,0.8551531988550932,1.0,0.5,0.2,0.3,0.6414288242623665,0.4843808377583356,0.6414288242623665,0.4843808377583356,0.6323339403559436,0.26302731656783884,1.0
"Murray Hill, Manhattan",east_38th_street/west_to_east/028_n00482_E.jpg,n00482,east_38th_street,west_to_east,W,28,E,0.3714583943188714,0.3120299198280849,0.235430364614465,0.47312223858615615,0.477951984321411,0.7651969495039243,0.40746488075792225,0.6376164596273292,0.10781786941580751,0.3063062262538071,0.7817126178125788,0.5867890679228898,0.384299736600353,0.1498849171856954,0.8382306142734054,1.0,0.5,0.2,0.3,0.44972532422186606,0.30652287927161076,0.44972532422186606,0.30652287927161076,0.5139019108385396,0.08402746421638874,1.0
"Murray Hill, Manhattan",east_38th_street/west_to_east/029_n00483_E.jpg,n00483,east_38th_street,west_to_east,W,29,E,0.3773210838959555,0.4131386209360486,0.39102785451197053,0.6646545319465081,0.3702609050142683,0.7426481240040562,0.7433897243107769,0.7799106543060593,0.23170659039447025,0.3938291864479915,0.9110035438871068,0.6790139169787653,0.5850023230037689,0.7816034119950976,0.7602233061768618,1.0,0.4,0.2,0.4,0.807938568153347,0.6950923620175447,0.807938568153347,0.6950923620175447,0.7513634880584557,0.6506042050875799,1.0
"Murray Hill, Manhattan",east_38th_street/west_to_east/030_n00484_E.jpg,n00484,east_38th_street,west_to_east,W,30,E,0.37149841182538035,0.3593599615014437,0.3266506739776103,0.6854115099009901,0.5405553126366419,0.7874894555836741,0.6592245153220763,0.8000884248958867,0.18838922764227642,0.35250301576814475,0.8617660379365895,0.6441152176160074,0.549234055953413,0.6766701320022823,1.545082442775903,1.0,0.4,0.2,0.4,0.7380729088137145,0.5823055520717008,0.7380729088137145,0.593245307252795,0.6479370275649382,0.5212801644852215,0.9815594745590924
"Murray Hill, Manhattan",east_38th_street/west_to_east/031_n00485_E.jpg,n00485,east_38th_street,west_to_east,W,31,E,0.4020507267229401,0.36768228418127813,0.3851129216695255,0.6395463510848126,0.5000451671183379,0.7857706093189964,0.5161764705882352,0.7672413793103449,0.12595577598677413,0.3849486441912479,0.9019767218883845,0.6417572644284903,0.46979120862845136,0.38861639429973727,3.875393399056244,0.7547950603251632,0.3,0.1,0.6,0.3970428670577642,0.26135839530334704,0.5260273787254509,0.3776817623374799,0.730927023827201,0.24852946305131932,0.6920069258462329
"Murray Hill, Manhattan",east_38th_street/west_to_east/032_n00486_E.jpg,n00486,east_38th_street,west_to_east,W,32,E,0.42925224750432805,0.4626297016861219,0.36656504065040657,0.6229717199814558,0.6119430785277902,0.7938209547257556,0.6022518984027232,0.7870004847981162,0.13709590225970378,0.41948232994695217,0.9330047117945588,0.601616532059807,0.508782761820181,0.5328878043894824,0.8646125395232932,1.0,0.5,0.2,0.3,0.7224313853332613,0.6024460322032804,0.7224313853332613,0.6024460322032804,0.8043544180531562,0.37247880679043094,1.0
"Murray Hill, Manhattan",east_38th_street/west_to_east/033_n00487_E.jpg,n00487,east_38th_street,west_to_east,W,33,E,0.3202413116427095,0.2504952947003467,0.1827857269033739,0.6170965608465608,0.49595736861448,0.7624005703136726,0.6029906542056075,0.7574352179034158,0.19259012016021368,0.2511741110821434,0.6488730689175013,0.6278465875152511,0.517671997423079,0.5658846462403622,0.6218477864785951,1.0,0.4,0.2,0.4,0.6102752701777017,0.4181020179661289,0.6102752701777017,0.4181020179661289,0.3529805492602952,0.40413653685693046,1.0
"Murray Hill, Manhattan",east_38th_street/west_to_east/034_n00488_E.jpg,n00488,east_38th_street,west_to_east,W,34,E,0.32459640788955474,0.24053409632808775,0.2270718232044199,0.554389721627409,0.5417454316320102,0.7773167358229599,0.6100691379817592,0.7782385865533752,0.13476771569257118,0.2640674424740208,0.6832632672457478,0.5966536752727862,0.5076918134092352,0.5288123451224356,1.0431072521459015,1.0,0.5,0.2,0.3,0.6157848165389792,0.41700774581446626,0.6157848165389792,0.41700774581446626,0.3890651710476439,0.36866190986688746,1.0
"Murray Hill, Manhattan",east_38th_street/west_to_east/035_n00489_E.jpg,n00489,east_38th_street,west_to_east,W,35,E,0.24257541150910494,0.20410043768716882,0.1794451725644386,0.6960571682793905,0.7729836435420192,0.8140035173669995,0.5459934978007267,0.7949291573452647,0.11371900826446284,0.20870700725357078,0.5260972842393655,0.5790256807014569,0.4848805544701513,0.4435438547265207,1.0332667953065915,1.0,0.5,0.2,0.3,0.5095110005964028,0.3082261756896763,0.5095110005964028,0.3082261756896763,0.24683417853170672,0.29315075484804104,1.0
"Murray Hill, Manhattan",east_38th_street/west_to_east/036_n00490_E.jpg,n00490,east_38th_street,west_to_east,W,36,E,0.3492706870441847,0.33634786917740334,0.28166599435256146,0.7993836873852609,0.5412319920516642,0.8174450019297569,0.6348940914158305,0.8170460855080511,0.1827731092436974,0.32242818352471647,0.812926361685841,0.6918655657544512,0.5449044287225263,0.6623012821757008,1.0209520142252544,1.0,0.5,0.2,0.3,0.7401958154431273,0.5673561578437996,0.7401958154431273,0.5673561578437996,0.561951390228196,0.5050567527675998,1.0
"Murray Hill, Manhattan",east_38th_street/west_to_east/037_n00491_E.jpg,n00491,east_38th_street,west_to_east,W,37,E,0.3384276753929903,0.3006619937694704,0.22474883387154643,0.45925925925925926,0.3975773001508296,0.7555313954375524,0.6491705546915499,0.76724905789654,0.14067629678266577,0.28794616767800235,0.7418016903674407,0.6057377848486607,0.5190319697902519,0.5708890927501177,1.0440930293250952,1.0,0.5,0.2,0.3,0.65851605230001,0.4686624374309259,0.65851605230001,0.4686624374309259,0.4589181415294534,0.4090584194776013,1.0
"Murray Hill, Manhattan",east_38th_street/west_to_east/038_n00492_E.jpg,n00492,east_38th_street,west_to_east,W,38,E,0.3902567267474311,0.33670540967140195,0.3220582776540461,0.6181267806267806,0.4990176817288802,0.7661232275246527,0.5725250626566415,0.7571195652173913,0.1555282909930716,0.34967347135762633,0.8576712880096435,0.6284107754741843,0.4950576396223681,0.4814746325151977,1.0548130909863178,1.0,0.5,0.2,0.3,0.6777681923883487,0.5207816792610557,0.6777681923883487,0.5207816792610557,0.6401531500289317,0.32574925548649436,1.0
"Murray Hill, Manhattan",east_38th_street/west_to_east/039_n00493_E.jpg,n00493,east_38th_street,west_to_east,W,39,E,0.22070895440623509,0.21355820105820103,0.17922404087641808,0.5873178041138809,0.5162850550230741,0.8061699049193881,0.7903312629399585,0.7944475690538683,0.0712305295950156,0.2044970654469514,0.5134879232077353,0.6257342180033982,0.5520031205296141,0.6856902020342323,0.866162576946935,1.0,0.5,0.2,0.3,0.5826147575027607,0.3671565046276129,0.5826147575027607,0.3671565046276129,0.23756283339811937,0.5316347063475441,1.0
"Murray Hill, Manhattan",east_38th_street/west_to_east/040_n00494_E.jpg,n00494,east_38th_street,west_to_east,W,40,E,0.37745766709699047,0.40597943722943725,0.4116325646855039,0.636869151710385,0.4450108459869848,0.7665945165945166,0.7474612845899974,0.7914740086871235,0.16495154089077646,0.3983565563373105,0.9153110388285984,0.6528176074393055,0.5679622780559658,0.7348623681525233,3.718835653381913,0.7727301791878214,0.3,0.1,0.6,0.5993786577435231,0.45604369617590257,0.7756635807514344,0.6437202793973401,0.7613737669335731,0.5905151634156076,0.7084500997900159
"Murray Hill, Manhattan",east_38th_street/west_to_east/041_n00495_E.jpg,n00495,east_38th_street,west_to_east,W,41,E,0.3139624564524188,0.28913712158005506,0.19886221555388847,0.48188986901897896,0.4383568350959656,0.6770833333333334,0.6658808401200171,0.6975731176104542,0.10852462549843737,0.26732059786212076,0.6916505605725648,0.5735387890854489,0.4906595277429695,0.46503041472802514,4.224624126237421,0.7162732011583519,0.3,0.1,0.6,0.383168516121132,0.2340574088214959,0.5349474411460244,0.35642019083088344,0.3983833869803118,0.3114292656398159,0.6566895334292466
"Murray Hill, Manhattan",east_38th_street/west_to_east/042_n00496_E.jpg,n00496,east_38th_street,west_to_east,W,42,E,0.2229140346982795,0.2021785970792435,0.1942102304665542,0.6753019323671497,0.5553766326713188,0.7627283617849656,0.6700223713646533,0.7962579755130195,0.10437529804482597,0.20643428741469239,0.5192932782830233,0.6275512204935988,0.5235518816408329,0.5874123134680544,3.853589721716486,0.7572676977582183,0.3,0.1,0.6,0.43152303901642175,0.25923761446279797,0.569842131512916,0.37339387768426907,0.2417990793124276,0.4255426921859482,0.6942738752722714
"Murray Hill, Manhattan",east_38th_street/west_to_east/043_n00497_E.jpg,n00497,east_38th_street,west_to_east,W,43,E,0.3470482734454711,0.3061058284909315,0.326916252661462,0.6597248880358285,0.6150280293229841,0.7846487659343641,0.6228127734033246,0.7926181625066384,0.13881636205395997,0.32669011819928817,0.8205799171430378,0.6097818748824029,0.5180824326546409,0.5673964361939647,3.819853949678455,0.7611094614885291,0.3,0.1,0.6,0.4858842250211995,0.3272685010878329,0.6383894165117042,0.469003080089296,0.574498419212079,0.4056199624997233,0.6977960593041788
"Murray Hill, Manhattan",east_38th_street/west_to_east/044_n00498_E.jpg,n00498,east_38th_street,west_to_east,W,44,E,0.4205291591158357,0.43493464052287584,0.47850854479544275,0.5502446368084306,0.710188483229445,0.7832994885679904,0.4512945862755749,0.7854657788974867,0.12594373771848175,0.4446574481447181,0.9495923279703203,0.5411185473823252,0.45423470096384777,0.33481668626582706,2.3262457488827275,0.9522412500920688,0.4,0.2,0.4,0.5325289116472102,0.385302875647907,0.559237390310199,0.44134058653650265,0.8475917919276796,0.20753995452045151,0.8730284215907688
"Murray Hill, Manhattan",east_38th_street/west_to_east/045_n00499_E.jpg,n00499,east_38th_street,west_to_east,W,45,E,0.4357388159686929,0.5596620515110913,0.4845238095238095,0.5253654342218401,0.7082393625018795,0.752337374217574,0.623841106832121,0.8016805990943922,0.1599924949072585,0.49330822566786453,0.9712430901980645,0.5231544819791781,0.5285047336112572,0.6052934977404928,2.6381276945144334,0.9087191902234355,0.4,0.2,0.4,0.6454658501654538,0.5089874982962669,0.7103028714588353,0.6109364318476302,0.9088477143100089,0.4437965949150156,0.8331267735285595
"Murray Hill, Manhattan",east_38th_street/west_to_east/046_n00500_E.jpg,n00500,east_38th_street,west_to_east,W,46,E,0.31153266245823186,0.25845722904546437,0.25145166352793474,0.6530809722867317,0.8040469700146781,0.803049421661409,0.7228552717747215,0.7767111567419575,0.1189613526570048,0.2738138516772103,0.7080156969480355,0.5506944746444875,0.5395092603912279,0.6439704039013715,2.6381276945144334,0.9087191902234355,0.4,0.2,0.4,0.5890814689334984,0.390180728655781,0.6482546811723601,0.4683329609049056,0.4171980148480941,0.48482970153052035,0.8331267735285595
"Murray Hill, Manhattan",east_38th_street/west_to_east/047_n00501_E.jpg,n00501,east_38th_street,west_to_east,W,47,E,0.178321368261505,0.17264775869830853,0.1495119358268097,0.6962068495019785,0.7360246551934578,0.7552015604681405,0.6337395125848982,0.7887080398502443,0.05167210440456771,0.16682702092887441,0.4017747495718429,0.5717945849255537,0.49137321894657005,0.4676946373879232,2.6381276945144334,0.9087191902234355,0.4,0.2,0.4,0.41634726767639874,0.22817169847247776,0.45816933564925316,0.2738739237800477,0.1654631367721347,0.31372955798266716,0.8331267735285595
"Murray Hill, Manhattan",east_39th_street/east_to_west/001_n00548_W.jpg,n00548,east_39th_street,east_to_west,W,1,W,0.15932903426290665,0.17215622750179982,0.118123973727422,0.5340236686390533,0.3638561127499181,0.8132536724402543,0.44864612511671337,0.6684109835696601,0.03478353745371687,0.1498697451640428,0.3539861721991433,0.6611404094431298,0.3839468820466968,0.1492117582998242,4.813638912438099,0.6557039832891775,0.3,0.1,0.6,0.1471346329832564,0.07203392237026532,0.22439185475920367,0.11982511371659584,0.13924010344680307,0.08362098853964729,0.6011588066641541
"Murray Hill, Manhattan",east_39th_street/east_to_west/002_n00547_W.jpg,n00547,east_39th_street,east_to_west,W,2,W,0.1859461933184164,0.2388262322472848,0.11927664486340898,0.47712695717789094,0.3781494722505958,0.7322834645669292,0.43831900081900094,0.7106142728093948,0.02930589513719099,0.18134969014303673,0.44428144623851423,0.6104203164980747,0.3927463895885289,0.16675470696547712,4.813638912438099,0.6557039832891775,0.3,0.1,0.6,0.16703790481017197,0.08444113992991709,0.25474590526698876,0.14046394894966802,0.19094886483306756,0.0943071787007884,0.6011588066641541
"Murray Hill, Manhattan",east_39th_street/east_to_west/003_n00546_W.jpg,n00546,east_39th_street,east_to_west,W,3,W,0.23935489063391424,0.20899326415437827,0.17793602507374628,0.3513387978142077,0.4490091831802803,0.726079869600652,0.3460840983792361,0.5531736023539301,0.043690312037178915,0.20876139328734625,0.5262599950764298,0.5428031614115264,0.3143160042567817,0.05812591806838997,5.26356311587873,0.6129116581483615,0.3,0.1,0.6,0.08626688598578518,0.043318656334510264,0.14074929859615007,0.07708958421322154,0.24695552755339217,0.03111069656889101,0.5619261898558889
"Murray Hill, Manhattan",east_39th_street/east_to_west/004_n00545_W.jpg,n00545,east_39th_street,east_to_west,W,4,W,0.3610175537928834,0.34389956556954565,0.30583543240973965,0.5741496598639455,0.5894057439657806,0.7838530692512994,0.49635701275045535,0.705095541401274,0.11526117751217353,0.33691751725738955,0.8379441207379033,0.5895323283831547,0.43890457722130094,0.2856855907000901,4.187126814448959,0.7203133004042936,0.3,0.1,0.6,0.30554115478495353,0.18745632202959644,0.4241781383371111,0.28385546892152125,0.6041907297219146,0.17224917229001296,0.6603935543035928
"Murray Hill, Manhattan",east_39th_street/east_to_west/005_n00544_W.jpg,n00544,east_39th_street,east_to_west,W,5,W,0.2281026523127857,0.18198325215756647,0.14362338858195214,0.2175334549878345,0.449945508329441,0.5797101449275363,0.4520214729072303,0.3931580721267273,0.027078616770985924,0.1845697643507681,0.4538410986313516,0.4490993638619766,0.2907527206016478,0.0415384799244292,3.1106905130191875,0.8465351308650307,0.3,0.1,0.6,0.09141568886856712,0.04462352439387731,0.10798806279327607,0.05749598129332026,0.19698978447595836,0.022052113804381754,0.7761155369490417
"Murray Hill, Manhattan",east_39th_street/east_to_west/006_n00543_W.jpg,n00543,east_39th_street,east_to_west,W,6,W,0.25173401017965485,0.3176666666666667,0.27132146204311147,0.2668367346938776,0.5163697104677061,0.5959659760821964,0.6004614093959731,0.4512858555885262,0.054796043125486284,0.28024071296314434,0.7236997691710709,0.44881100010278924,0.3688477693699952,0.12268096946600054,0.9427857920341074,1.0,0.5,0.2,0.3,0.3862113879449078,0.25095698546751344,0.3862113879449078,0.25095698546751344,0.4360609428319465,0.06782294631166258,1.0
"Murray Hill, Manhattan",east_39th_street/east_to_west/007_n00542_W.jpg,n00542,east_39th_street,east_to_west,W,7,W,0.278247942194965,0.29758212041676607,0.2104770352848413,0.52985285795133,0.4181173436492585,0.7850191343362365,0.6489150090415913,0.7677910933570055,0.12419116287668701,0.2621023659655241,0.6781381018841558,0.6322515495461026,0.5136324217584278,0.5509441873722164,1.1553882386268777,1.0,0.5,0.2,0.3,0.6283032921259097,0.42583706469046784,0.6283032921259097,0.42583706469046784,0.38347502350091894,0.389633651966304,1.0
"Murray Hill, Manhattan",east_39th_street/east_to_west/008_n00541_W.jpg,n00541,east_39th_street,east_to_west,W,8,W,0.211163568366245,0.23760330578512404,0.1595115291262136,0.6305934186975078,0.6629225061830173,0.8022742040285901,0.7027503526093088,0.7808557611438184,0.0673794358507734,0.20275946775919423,0.5082776469135732,0.5899817055143601,0.5169951832013002,0.5633890136690031,2.8327133172591914,0.8825789807410169,0.4,0.2,0.4,0.48159840840400364,0.2826856511262729,0.5456717403349575,0.3493564716184963,0.23380681813536872,0.4016941783163909,0.8091610549438192
"Murray Hill, Manhattan",east_39th_street/east_to_west/009_n00540_W.jpg,n00540,east_39th_street,east_to_west,W,9,W,0.3457205582672194,0.30237261279292804,0.21972666884460415,0.5115885416666667,0.6116734143049931,0.6832463011314186,0.6908264820424059,0.7137432376196422,0.06543121026748233,0.28927327996825053,0.7448401385069212,0.527720476164364,0.4900003099765101,0.46257131055423933,1.9749844552284304,1.0,0.4,0.2,0.4,0.5746157100120987,0.37216580975154956,0.5746157100120987,0.4044133318123076,0.4628751060739943,0.3093127788377146,0.9202609817133218
"Murray Hill, Manhattan",east_39th_street/east_to_west/010_n00539_W.jpg,n00539,east_39th_street,east_to_west,W,10,W,0.34704233324036843,0.334536773989899,0.25367500993245923,0.339918533604888,0.5859547461368654,0.7393384363039913,0.5989873056625302,0.6828065456175745,0.05460727171801275,0.31175137238757555,0.7926570496413352,0.4977674079240046,0.44546704099937245,0.30618956206008036,2.9911277823651665,0.8618541972429573,0.4,0.2,0.4,0.42547042356651416,0.27251645411374487,0.4936686796068056,0.3448875654992518,0.530204112736213,0.1867400715991345,0.7901602764925895
"Murray Hill, Manhattan",east_39th_street/east_to_west/011_n00538_W.jpg,n00538,east_39th_street,east_to_west,W,11,W,0.33126932788401675,0.2901797343058088,0.23381119563097327,0.6178262145897548,0.618560606060606,0.7864032358431859,0.644141769185706,0.7888952056092476,0.12184767134431562,0.28508675260693295,0.7351753301315507,0.5952229481241116,0.518294882046423,0.5681784777202608,1.298139320801705,1.0,0.4,0.2,0.4,0.6357497747296668,0.4570418280115761,0.6357497747296668,0.4570418280115761,0.45041063421872496,0.4063884920292113,1.0
"Murray Hill, Manhattan",east_39th_street/east_to_west/012_n00537_W.jpg,n00537,east_39th_street,east_to_west,W,12,W,0.20337261231723236,0.21340894240642214,0.14281278229448965,0.6658490051785227,0.677676611132636,0.8222970445192668,0.6948831535695943,0.7908328657814351,0.11371900826446284,0.18653144567271468,0.45968206386166527,0.6034898128550512,0.5331450092051639,0.6217952488787426,1.6523032445832455,1.0,0.4,0.2,0.4,0.5477419099313267,0.3369878174192993,0.5477419099313267,0.348885075497319,0.20074005991698307,0.4610382500658325,0.9658992060320701
"Murray Hill, Manhattan",east_39th_street/east_to_west/013_n00536_W.jpg,n00536,east_39th_street,east_to_west,W,13,W,0.21663758425505208,0.24251040221914014,0.17396860167944506,0.7714608900458658,0.28566198008201527,0.8167715272637551,0.6878724483326994,0.8162569368808672,0.12732002249718788,0.21103886271787906,0.5330682473227792,0.7675234790758685,0.5438164692369181,0.6586417029854283,2.0064671683647863,0.9990303951161713,0.4,0.2,0.4,0.6234043830570069,0.3796786141334407,0.6240094256436661,0.41453007239307993,0.25207305058509255,0.5009770758700293,0.9159253801336005
"Murray Hill, Manhattan",east_39th_street/east_to_west/014_n00535_W.jpg,n00535,east_39th_street,east_to_west,W,14,W,0.35263315102245907,0.3584748391098705,0.31816246140743104,0.6812338501291989,0.3688257575757576,0.7923701403713047,0.704091120409112,0.773727422003284,0.1762765836460821,0.34309015051325353,0.8477525725710309,0.7015927443082486,0.5513650420194927,0.6836237731378723,1.470678912994523,1.0,0.4,0.2,0.4,0.7489477616191295,0.5927813903437678,0.7489477616191295,0.5972153823224836,0.6217608981111031,0.5292507867272854,0.9925755563068842
"Murray Hill, Manhattan",east_39th_street/east_to_west/015_n00534_W.jpg,n00534,east_39th_street,east_to_west,W,15,W,0.3941831947633649,0.40319719471947196,0.34249871991807473,0.5652141019821455,0.30708070807080706,0.7734273318872017,0.7248939620758484,0.779455207474581,0.2311817720233562,0.37995970313363714,0.8965547094547852,0.6771869085995132,0.5785103138579285,0.7645258519981376,0.7824621750528821,1.0,0.4,0.2,0.4,0.795296917883447,0.6730669918889269,0.795296917883447,0.6730669918889269,0.7189913149453425,0.6281564311783105,1.0
"Murray Hill, Manhattan",east_39th_street/east_to_west/016_n00533_W.jpg,n00533,east_39th_street,east_to_west,W,16,W,0.41807987785656187,0.5352094577229504,0.3873768324921894,0.6664127736402619,0.36447410231966954,0.7943683098111407,0.7618227186311787,0.8092575894198978,0.17040481400437643,0.44688872269056723,0.9508586543478713,0.6987689937105777,0.5804950406851509,0.7698431235102544,0.7886676327737654,1.0,0.4,0.2,0.4,0.8216256797272437,0.7277372352420702,0.8216256797272437,0.7277372352420702,0.851018526136937,0.6350832576229871,1.0
"Murray Hill, Manhattan",east_39th_street/east_to_west/017_n00532_W.jpg,n00532,east_39th_street,east_to_west,W,17,W,0.36719179669316754,0.3845229791521351,0.3579042745975909,0.6641489493969912,0.4213382204973408,0.7962494945410432,0.7457047791893526,0.797768479776848,0.18621700879765393,0.36987301681429785,0.884778014062405,0.6796867411468979,0.5765634225879515,0.7592279339870096,0.656674912651029,1.0,0.4,0.2,0.4,0.789485867114623,0.6611565027521434,0.789485867114623,0.6611565027521434,0.6939015832449557,0.6213100905676325,1.0
"Murray Hill, Manhattan",east_39th_street/east_to_west/018_n00531_W.jpg,n00531,east_39th_street,east_to_west,W,18,W,0.36382188496934786,0.5829064520063422,0.541304741223308,0.6648423516453256,0.3325808878856283,0.8041910535117057,0.7526741293532339,0.7936705913656622,0.17708333333333334,0.4960110260663326,0.9721352451532984,0.7121508390904676,0.5744760180174098,0.7534578807413785,0.7043922419558429,1.0,0.4,0.2,0.4,0.8249519729386897,0.7407307855227181,0.8249519729386897,0.7407307855227181,0.9114992364653883,0.6139156187628907,1.0
"Murray Hill, Manhattan",east_39th_street/east_to_west/019_n00530_W.jpg,n00530,east_39th_street,east_to_west,W,19,W,0.3408652849283214,0.4004159163022039,0.40503466988242387,0.6988884342607746,0.44997159494390004,0.7744261949884187,0.7438117224573554,0.7729947761687496,0.10511982570806104,0.38210529037098306,0.8989183393990996,0.6744476781017644,0.5406421081113886,0.6478567654247354,1.0152355346696087,1.0,0.5,0.2,0.3,0.7692959971633825,0.6346301611025269,0.7692959971633825,0.6346301611025269,0.7241638699141665,0.4890749620229652,1.0
"Murray Hill, Manhattan",east_39th_street/east_to_west/020_n00529_W.jpg,n00529,east_39th_street,east_to_west,W,20,W,0.27417325722566255,0.28215809385816626,0.2245707353490108,0.7001947182670074,0.23721521462794568,0.7932754182754183,0.6763302314483416,0.781570913127949,0.09686631676443351,0.2603006954776132,0.6734011039588836,0.7520849739714932,0.518255820446908,0.568034714536548,1.0304008329320795,1.0,0.5,0.2,0.3,0.6541882775744938,0.4434581332928038,0.6541882775744938,0.4434581332928038,0.3783766134278897,0.4062471533063857,1.0
"Murray Hill, Manhattan",east_39th_street/east_to_west/021_n00528_W.jpg,n00528,east_39th_street,east_to_west,W,21,W,0.337293375968805,0.4582081007585516,0.4309813248766737,0.7119622591712852,0.26760438782731777,0.7907740501212611,0.7265793138371945,0.8373938131110755,0.17000333667000334,0.4088276005346767,0.9245565749883791,0.7450439738217428,0.5779921545394244,0.763123743509962,2.9922895105696763,0.861704024278483,0.4,0.2,0.4,0.7066524768103809,0.5602785125852031,0.8200640323132656,0.7091930225630716,0.7834487606077364,0.6263391870389299,0.7900225957671138
"Murray Hill, Manhattan",east_39th_street/east_to_west/022_n00527_W.jpg,n00527,east_39th_street,east_to_west,W,22,W,0.2805519363653616,0.24704973307108738,0.2329388560157791,0.7633387500846367,0.44329896907216493,0.8165469952778316,0.7007876496534342,0.8160862354892205,0.11128398296757291,0.253513508484076,0.6552420430081315,0.7121955920967677,0.5427192893700759,0.6549318703139061,3.663650530704584,0.7791532081449069,0.3,0.1,0.6,0.5146606839662703,0.33387661453255013,0.6605384904871671,0.46739250752902656,0.3594181030382123,0.49686269378678033,0.7143388247656395
"Murray Hill, Manhattan",east_39th_street/east_to_west/023_n00526_W.jpg,n00526,east_39th_street,east_to_west,W,23,W,0.16813588296188517,0.20714578214578214,0.18329734731647132,0.7531957250628668,0.3129440497335702,0.8285556976413754,0.653282031044462,0.80357466884413,0.15751262626262622,0.18619300414137951,0.4586735075847458,0.7562691243235573,0.5381231087170727,0.6391891662797817,2.3097438799476024,0.9546012337432115,0.4,0.2,0.4,0.5525995031974947,0.3241109282262295,0.5788799382027034,0.37033119073668735,0.20008924292571753,0.47963824238928565,0.8751920884154709
"Murray Hill, Manhattan",east_39th_street/east_to_west/024_n00525_W.jpg,n00525,east_39th_street,east_to_west,W,24,W,0.3091571882912081,0.280510961505265,0.28591142892987076,0.785034073038616,0.3688257575757576,0.8060909202153695,0.6728913509649751,0.8004154815682338,0.14190333831589438,0.2918598595754479,0.7506942359107729,0.7407664118927426,0.5384033902830344,0.6401582026166792,0.9558372291906204,1.0,0.5,0.2,0.3,0.7137629345358947,0.5185865699075719,0.7137629345358947,0.5185865699075719,0.4706003469395382,0.48068764347430687,1.0
"Murray Hill, Manhattan",east_39th_street/east_to_west/025_n00524_W.jpg,n00524,east_39th_street,east_to_west,W,25,W,0.2957712681248631,0.2544025157232705,0.19121962402567627,0.5612369337979094,0.331718827620467,0.7734105220394069,0.7292486231313925,0.7665320462306279,0.14291429142914294,0.24713113595793662,0.6377411876631931,0.667642876072283,0.5462316535970544,0.6667394678898672,0.8197343773585715,1.0,0.5,0.2,0.3,0.6522557648242981,0.44074679574187664,0.6522557648242981,0.44074679574187664,0.34198089243286783,0.5100326716941558,1.0
"Murray Hill, Manhattan",east_39th_street/east_to_west/026_n00523_W.jpg,n00523,east_39th_street,east_to_west,W,26,W,0.34039183555768654,0.308581054300436,0.20750218722659666,0.7759107468123861,0.3569318181818182,0.8155336911150864,0.7205544053370141,0.7949521560077519,0.26620222079863337,0.285491692361573,0.7361203134716923,0.7448375399152181,0.5939029273811331,0.803536178542902,0.7673509668227958,1.0,0.4,0.2,0.4,0.7641770777878317,0.5880339452305555,0.7641770777878317,0.5880339452305555,0.45161379156468856,0.6803118225992901,1.0
"Murray Hill, Manhattan",east_39th_street/east_to_west/027_n00522_W.jpg,n00522,east_39th_street,east_to_west,W,27,W,0.3657967826234342,0.31488960689283796,0.2967308125140671,0.7516850809533736,0.34096021369323776,0.8172119068670792,0.5921139827700465,0.795419774335437,0.22611091569937858,0.32580573401011304,0.8190121190425498,0.7426455913757384,0.5378815576016207,0.6383531246867608,0.8907930470624966,1.0,0.5,0.2,0.3,0.7452805409550344,0.5712753199719132,0.7452805409550344,0.5712753199719132,0.5719021384742782,0.47873399561800933,1.0
"Murray Hill, Manhattan",east_39th_street/east_to_west/028_n00521_W.jpg,n00521,east_39th_street,east_to_west,W,28,W,0.3099021827453329,0.34688941388232647,0.3146653212243524,0.7605693440166764,0.41053169734151335,0.80702474314548,0.68034262485482,0.7829826976012585,0.23341744772891135,0.3238189726173372,0.8154512028409697,0.7190207966068809,0.5655809233949967,0.7278445036773205,0.9618125714220176,1.0,0.5,0.2,0.3,0.7685265247698015,0.5987164659982078,0.7685265247698015,0.5987164659982078,0.5660553652391519,0.5818506467170386,1.0
"Murray Hill, Manhattan",east_39th_street/east_to_west/029_n00520_W.jpg,n00520,east_39th_street,east_to_west,W,29,W,0.3721487918396725,0.3937013348164628,0.3600558659217877,0.7673064918851437,0.3286440947385154,0.8141472138554217,0.7747462399051641,0.8085841792089604,0.3146601533774556,0.37530199752597426,0.8912549108728763,0.7509365370006832,0.6326635241638601,0.8797381505196685,0.7936867850125506,1.0,0.4,0.2,0.4,0.8567671210022132,0.7490342289954217,0.8567671210022132,0.7490342289954217,0.7075617216299503,0.7919325853102526,1.0
"Murray Hill, Manhattan",east_39th_street/east_to_west/030_n00519_W.jpg,n00519,east_39th_street,east_to_west,W,30,W,0.19032999710891144,0.178137123246792,0.1360805249694138,0.770529285853279,0.3681533646322379,0.8088168483904465,0.719023282226008,0.8082588546838795,0.19771409075400884,0.16818254844170574,0.40569056151022354,0.7370642565371625,0.574998742554632,0.7549114970938511,0.94110849333975,1.0,0.5,0.2,0.3,0.5507662682575277,0.3331359693606221,0.5507662682575277,0.3331359693606221,0.16772151397516338,0.6157724186486235,1.0
"Murray Hill, Manhattan",east_39th_street/east_to_west/031_n00518_W.jpg,n00518,east_39th_street,east_to_west,W,31,W,0.36766542486761117,0.3831723625557206,0.3875262789067975,0.7647273693298797,0.6101505288852725,0.8168054270736972,0.7282683093771389,0.8286593707250343,0.33451975652532756,0.37945468877670974,0.8959913104096916,0.6571274225061015,0.6304824788758336,0.8762336411023592,0.931791007971418,1.0,0.5,0.2,0.3,0.8365035607830915,0.7248183189624966,0.8365035607830915,0.7248183189624966,0.7177652773917128,0.7864903551845959,1.0
"Murray Hill, Manhattan",east_39th_street/east_to_west/032_n00517_W.jpg,n00517,east_39th_street,east_to_west,W,32,W,0.3509786378857753,0.341528996730339,0.29466716159366496,0.6566987179487179,0.30708070807080706,0.78125,0.7333204034134989,0.7816690987422694,0.29087584025306445,0.3290582654032598,0.8247257743002229,0.7102893366259702,0.6019551141362776,0.8219077827928782,0.922473522603086,1.0,0.5,0.2,0.3,0.7996294313492512,0.6414685500001741,0.7996294313492512,0.6414685500001741,0.5814300006344056,0.7059901430609319,1.0
"Murray Hill, Manhattan",east_39th_street/east_to_west/033_n00516_W.jpg,n00516,east_39th_street,east_to_west,W,33,W,0.3863412694088784,0.49757281553398053,0.425242910965695,0.733173961015079,0.330551692165044,0.798604427333975,0.7277819738167169,0.7949593979005743,0.3062379941360833,0.4363856653028513,0.9446233359694345,0.7337422320613367,0.6096597886177915,0.8382001489658271,0.9230503010924376,1.0,0.5,0.2,0.3,0.8664477105385291,0.7810243207236717,0.8664477105385291,0.7810243207236717,0.8343222729162055,0.7293955662354296,1.0
"Murray Hill, Manhattan",east_39th_street/east_to_west/034_n00515_W.jpg,n00515,east_39th_street,east_to_west,W,34,W,0.36100637720007195,0.36758353169355545,0.34784966819806024,0.7625999475684887,0.2443846883897501,0.8234973161092433,0.7566728739913097,0.8139038634321653,0.2594552394170715,0.35881319236389586,0.8705418654828505,0.7805708584293273,0.6100106589468488,0.8389126580592146,0.7954700773041206,1.0,0.4,0.2,0.4,0.8392377878301668,0.7129288064656849,0.8392377878301668,0.7129288064656849,0.665010930078101,0.7304331207210095,1.0
"Murray Hill, Manhattan",east_39th_street/east_to_west/035_n00514_W.jpg,n00514,east_39th_street,east_to_west,W,35,W,0.3043958657269765,0.31426002448729723,0.25865009746588696,0.7428562065801546,0.27648487697853,0.7645942458058149,0.7667694204685573,0.7765241098410196,0.14643692182575987,0.2924353292267202,0.7519844035583615,0.7436551918024799,0.5632434840451122,0.7208440560029942,0.9416497255485498,1.0,0.5,0.2,0.3,0.7408514513012581,0.5481593054408939,0.7408514513012581,0.5481593054408939,0.4723211295994685,0.5732964726831252,1.0
"Murray Hill, Manhattan",east_39th_street/east_to_west/036_n00513_W.jpg,n00513,east_39th_street,east_to_west,W,36,W,0.29490694799906847,0.26358115870671267,0.19274671290275971,0.775603600316244,0.32585519251418926,0.7556113902847571,0.7830466274332277,0.8011593669488407,0.20312668173501244,0.2504116065361803,0.6467855205963652,0.7351199326956039,0.5957775587056936,0.8079374249625589,1.0013244577754352,1.0,0.5,0.2,0.3,0.7093573972389127,0.4975444051211107,0.7093573972389127,0.4975444051211107,0.35089363343401003,0.6863962095161731,1.0
"Murray Hill, Manhattan",east_39th_street/east_to_west/037_n00512_W.jpg,n00512,east_39th_street,east_to_west,W,37,W,0.2470317463161895,0.26043785721205076,0.2117870534833234,0.7700896943071572,0.34834070796460176,0.8044224488435646,0.7372731701376202,0.8274514448128848,0.1555026034771865,0.23975221900385452,0.6170455108947431,0.74205714506204,0.5734090728092305,0.750472914513845,2.52287925574583,0.9245650314258269,0.4,0.2,0.4,0.6401560021220642,0.416675819094202,0.6923861279231397,0.4915632901530211,0.32234277204791556,0.6101154095954646,0.8476544677786924
"Murray Hill, Manhattan",east_39th_street/east_to_west/038_n00511_W.jpg,n00511,east_39th_street,east_to_west,W,38,W,0.26925161594866553,0.27880714092507436,0.22600510248966307,0.7187540642476264,0.3697318007662835,0.7941447416906183,0.7648327939590076,0.7916835768398268,0.11605988262210287,0.25802128645446765,0.6673570322260798,0.714389001723987,0.5575254178069791,0.7032622818993968,2.6553588365570064,0.9063734825544352,0.4,0.2,0.4,0.6261586286649317,0.4124897500064539,0.6908395277631323,0.49639177683363644,0.37196472789347207,0.5521947927934775,0.8309761951288287
"Murray Hill, Manhattan",east_39th_street/east_to_west/039_n00510_W.jpg,n00510,east_39th_street,east_to_west,W,39,W,0.3257013790071881,0.36752611234476523,0.3864985163204748,0.7700328096409867,0.2849509588640023,0.8252385821404227,0.689074654591896,0.8127497621313036,0.1548167338322779,0.3599086692241427,0.872016169016683,0.770106810972469,0.5522137168518257,0.6863706154498097,4.222064946172896,0.716548214755247,0.3,0.1,0.6,0.5345558486008584,0.38846776730873217,0.7460151844540536,0.5913276401026196,0.6679330402647164,0.5324212019767773,0.6569416698352153
"Murray Hill, Manhattan",east_39th_street/east_to_west/040_n00509_W.jpg,n00509,east_39th_street,east_to_west,W,40,W,0.24758698090174494,0.30659879336349927,0.2645523568490984,0.6411323051948052,0.19804327808471456,0.7649895933397374,0.6485880179466879,0.8120652045749321,0.10955786736020805,0.2729127103714475,0.7057751693245222,0.7360262068166092,0.5234036966272759,0.586873499229511,5.788771055788787,0.5664787793900349,0.3,0.1,0.6,0.35941780309001653,0.23145526926530322,0.6344770822254373,0.44565833660289467,0.4145711091707838,0.42499941134553043,0.5193558613300264
"Murray Hill, Manhattan",east_39th_street/east_to_west/041_n00508_W.jpg,n00508,east_39th_street,east_to_west,W,41,W,0.2489832334214121,0.2046576032225579,0.17145390070921987,0.6730956733698964,0.31366802582398917,0.7793493126034695,0.7376644736842105,0.7977497096399535,0.1111759556463379,0.2083649124510633,0.5250736874872738,0.7129256533831255,0.548863379656834,0.6754524479764158,2.0230349096423805,0.9965507260138795,0.4,0.2,0.4,0.6152254215495784,0.3751282777074271,0.6173548475654914,0.41058114499616244,0.24607179783399072,0.5198924856426647,0.9136519839724577
"Murray Hill, Manhattan",east_39th_street/east_to_west/042_n00507_W.jpg,n00507,east_39th_street,east_to_west,W,42,W,0.26884111762703405,0.26899122807017545,0.23625510524662272,0.603713768115942,0.27068501819332386,0.7675397013510311,0.6980220492866408,0.7613272066680915,0.07062251984126984,0.2580291503146107,0.6673779804282187,0.700189483757883,0.5099905919320007,0.5373947626131053,1.0896172502560162,1.0,0.5,0.2,0.3,0.6314181803088366,0.42375378388295976,0.6314181803088366,0.42375378388295976,0.371986772790208,0.37672324003150215,1.0
"Murray Hill, Manhattan",east_39th_street/east_to_west/043_n00506_W.jpg,n00506,east_39th_street,east_to_west,W,43,W,0.3458114979544451,0.33796895213454076,0.31090909090909097,0.7655306718597857,0.3891483730344076,0.8177456930905525,0.7333204034134989,0.822732679155516,0.2594634628044767,0.3315631803326923,0.8290285718089854,0.7313759973053101,0.6051721817911638,0.8288619006758051,1.11437404096778,1.0,0.5,0.2,0.3,0.8084581492736203,0.6519915030545552,0.8084581492736203,0.6519915030545552,0.5887270186383207,0.715906059521684,1.0
"Murray Hill, Manhattan",east_39th_street/east_to_west/044_n00505_W.jpg,n00505,east_39th_street,east_to_west,W,44,W,0.22784414109788767,0.2976226151233643,0.2382139619220308,0.8040210308056871,0.3570775116433799,0.8135949015343723,0.7181398651047214,0.8044501133786848,0.17977289610527433,0.25456023938109423,0.6580739606107362,0.7535128068988931,0.5674542915295602,0.7333750747903833,0.9926101662574446,1.0,0.5,0.2,0.3,0.6984789534932888,0.48520273486654264,0.6984789534932888,0.48520273486654264,0.36231513136085614,0.5886713801565361,1.0
"Murray Hill, Manhattan",east_39th_street/east_to_west/045_n00504_W.jpg,n00504,east_39th_street,east_to_west,W,45,W,0.35085704958266767,0.3775318665968221,0.3184740417273168,0.7092877830437073,0.3000596455351056,0.7702120609675281,0.6435860923222974,0.791734712393395,0.22081313947226708,0.34895431930226883,0.8566145794064084,0.7264800661587099,0.5520446480626531,0.6858244361818111,1.1371637578548317,1.0,0.5,0.2,0.3,0.7753563675514759,0.6200582501009795,0.7753563675514759,0.6200582501009795,0.6381628137392328,0.531789808151966,1.0
"Murray Hill, Manhattan",east_39th_street/east_to_west/046_n00503_W.jpg,n00503,east_39th_street,east_to_west,W,46,W,0.19749396247788187,0.208560157790927,0.17616033755274266,0.7218551625858272,0.36293050430504303,0.8216897233201581,0.6357064421669106,0.8117263483642794,0.15849307774227903,0.19407148594051718,0.4822219553878474,0.7268714605336474,0.535308622757823,0.6293966575777049,4.1138943798549725,0.7282694635892782,0.3,0.1,0.6,0.4293056610338549,0.259185330760709,0.5894873841311713,0.3881833698450656,0.21565062950152816,0.46911203525722767,0.6676878787057694
"Murray Hill, Manhattan",east_39th_street/east_to_west/047_n00502_W.jpg,n00502,east_39th_street,east_to_west,W,47,W,0.16212755438284632,0.1508867276887872,0.11313353651653683,0.7629550393914698,0.5021607958251794,0.7835869565217392,0.657274331820474,0.8184609317784913,0.08244663052934482,0.14204927286272345,0.33283095733014556,0.6814604000293432,0.5193939647094367,0.5722187718091559,3.926870050906,0.7489893551595775,0.3,0.1,0.6,0.37070127741640707,0.2091919991805723,0.4949353083094572,0.30464077615223295,0.12836852767194676,0.41037163818844763,0.6866841721675379
"Murray Hill, Manhattan",east_39th_street/west_to_east/001_n00502_E.jpg,n00502,east_39th_street,west_to_east,W,1,E,0.18782104116401763,0.20415218230977214,0.21121389159363843,0.762030278453636,0.6501924001924002,0.8232678386763185,0.631373302587753,0.8113442389758179,0.12862148310846147,0.2010623716891427,0.5031870719031075,0.6450352389791847,0.5237796748906774,0.5882401818580791,3.926870050906,0.7489893551595775,0.3,0.1,0.6,0.42431232240557637,0.25363648391593363,0.5665131546698332,0.3693641039013947,0.230178375847288,0.42637818570732244,0.6866841721675379
"Murray Hill, Manhattan",east_39th_street/west_to_east/002_n00503_E.jpg,n00503,east_39th_street,west_to_east,W,2,E,0.39482271532901075,0.33871667969089175,0.31480364562391094,0.7349026201485218,0.3285320827750484,0.79020928380042,0.600909681611436,0.7914003044140031,0.18015680848610627,0.3494476802146045,0.8573402160836099,0.732193273724631,0.524155598170515,0.5896053053526304,4.1138943798549725,0.7282694635892782,0.3,0.1,0.6,0.49095022372167046,0.34002661773965337,0.67413265043686,0.5092598332004364,0.6395287622031951,0.42775790360018506,0.6676878787057694
"Murray Hill, Manhattan",east_39th_street/west_to_east/003_n00504_E.jpg,n00504,east_39th_street,west_to_east,W,3,E,0.3288361892512028,0.2735404896421845,0.24458238048568007,0.7999999999999999,0.4471830985915493,0.8127084430401966,0.7297495847706656,0.8138258477490345,0.16737416616130987,0.2823196864596891,0.7286603269561172,0.7218417814828824,0.57031653289367,0.7416856014149846,1.1371637578548317,1.0,0.5,0.2,0.3,0.731167568690591,0.5342372275366405,0.731167568690591,0.5342372275366405,0.44220535459575466,0.5990262036257582,1.0
"Murray Hill, Manhattan",east_39th_street/west_to_east/004_n00505_E.jpg,n00505,east_39th_street,west_to_east,W,4,E,0.3933419317632318,0.5208714896214897,0.5232377538829152,0.6927733636019675,0.3285320827750484,0.7990354274239816,0.7194303338171263,0.793931253013708,0.3332301660992469,0.47915039175587887,0.9660984399448059,0.7210922360836336,0.615530584310027,0.8497904875499085,0.9926101662574446,1.0,0.5,0.2,0.3,0.8768037809874019,0.8111558737804533,0.8768037809874019,0.8111558737804533,0.8937614592497324,0.7464220716697703,1.0
"Murray Hill, Manhattan",east_39th_street/west_to_east/005_n00506_E.jpg,n00506,east_39th_street,west_to_east,W,5,E,0.30490624847638825,0.33859600951857954,0.30379577653033946,0.7584478523534489,0.30922703041705857,0.7620121813670201,0.7593657124980447,0.7973227077363897,0.13037422474508564,0.31576601150843575,0.8004632412818797,0.7370776677678035,0.5623542149931733,0.7181519792771943,1.11437404096778,1.0,0.5,0.2,0.3,0.7621461422215061,0.5852554926172427,0.7621461422215061,0.5852554926172427,0.5421843305585549,0.570030231024389,1.0
"Murray Hill, Manhattan",east_39th_street/west_to_east/006_n00507_E.jpg,n00507,east_39th_street,west_to_east,W,6,E,0.3803297601693261,0.49961508852963815,0.5549230444866118,0.6265532774153465,0.3059727257034352,0.7808703335542302,0.7542311521404651,0.7848263680597215,0.21689497716894976,0.47828929772852535,0.9657583719733964,0.700483628422047,0.5853174991230454,0.7824093437172945,1.0896172502560162,1.0,0.5,0.2,0.3,0.8502449227155999,0.7738572722427265,0.8502449227155999,0.7738572722427265,0.8927763093453699,0.6516781182997952,1.0
"Murray Hill, Manhattan",east_39th_street/west_to_east/007_n00508_E.jpg,n00508,east_39th_street,west_to_east,W,7,E,0.2984944841829909,0.31313497822931785,0.3612938596491228,0.6517001915708812,0.37616471295461373,0.7689290067032298,0.7605310186367117,0.7995809155383623,0.13234670061531936,0.32430777402047717,0.8163322898627505,0.6814881617731657,0.5641528782634644,0.7235807017552078,2.0230349096423805,0.9965507260138795,0.4,0.2,0.4,0.7477090778454406,0.5412730094798887,0.7502970579693571,0.5924279911553342,0.56749561377495,0.5766300322427035,0.9136519839724577
"Murray Hill, Manhattan",east_39th_street/west_to_east/008_n00509_E.jpg,n00509,east_39th_street,west_to_east,W,8,E,0.32234417487090317,0.3628377795044462,0.3592036242250835,0.7074096880131363,0.44784043621753483,0.798760775862069,0.7233554160855417,0.8150490806027927,0.24036458333333335,0.3481285262001443,0.8553931261581436,0.6861100092192235,0.5929230266738892,0.8012054298362308,5.788771055788787,0.5664787793900349,0.3,0.1,0.6,0.45574202554302434,0.34554885680291,0.8045173837469285,0.6653412092394386,0.6358714784634739,0.6771066410820228,0.5193558613300264
"Murray Hill, Manhattan",east_39th_street/west_to_east/009_n00510_E.jpg,n00510,east_39th_street,west_to_east,W,9,E,0.33108320738725605,0.4098432055749129,0.48387668320340166,0.6900850405875532,0.41678749798614473,0.8082075343397253,0.7041083916083916,0.8095980258458342,0.2501118193000112,0.40826769872185686,0.9240865867679902,0.6938350256470445,0.5879394122514123,0.7890304634467312,4.222064946172896,0.716548214755247,0.3,0.1,0.6,0.5852495694605007,0.4587853284406127,0.8167623021158537,0.6983653945344838,0.7823066961095249,0.6605514110597669,0.6569416698352153
"Murray Hill, Manhattan",east_39th_street/west_to_east/010_n00511_E.jpg,n00511,east_39th_street,west_to_east,W,10,E,0.3121733451588857,0.31513817906492525,0.2759433962264151,0.7591904379268782,0.38387261332167316,0.7938110860501674,0.646609868654597,0.8070786066231236,0.24204545454545454,0.3010849734834087,0.7708328107963286,0.7230429702184574,0.5652446432743916,0.726844165907247,2.6553588365570064,0.9063734825544352,0.4,0.2,0.4,0.6737528466453832,0.4741929672654075,0.743350130617837,0.5706456695692612,0.49824174373966,0.5806228857340159,0.8309761951288287
"Murray Hill, Manhattan",east_39th_street/west_to_east/011_n00512_E.jpg,n00512,east_39th_street,west_to_east,W,11,E,0.3646718565603643,0.3793327339926081,0.33161085848146615,0.778755547449693,0.34901781635449974,0.7691994371621121,0.7727743271221533,0.8092575894198978,0.18174043190079114,0.3585384830114795,0.8701698987356787,0.7329790560857685,0.5879241161476141,0.7889922677531557,2.52287925574583,0.9245650314258269,0.4,0.2,0.4,0.7475263362229081,0.5729619144453357,0.8085167736336546,0.6759380575752785,0.6642761624377388,0.6604999630344867,0.8476544677786924
"Murray Hill, Manhattan",east_39th_street/west_to_east/012_n00513_E.jpg,n00513,east_39th_street,west_to_east,W,12,E,0.3656493143949471,0.4000274273176084,0.3888272290048094,0.7292889075160659,0.3697387518142235,0.7994701902208604,0.7718339737431957,0.7792193140794224,0.23083778966131904,0.3848346569057882,0.9018557175335025,0.7196734486409009,0.5939636924946456,0.8036800297223912,1.0013244577754352,1.0,0.5,0.2,0.3,0.8327613884138041,0.7130738374605367,0.8327613884138041,0.7130738374605367,0.7306579206071486,0.6805100249340358,1.0
"Murray Hill, Manhattan",east_39th_street/west_to_east/013_n00514_E.jpg,n00514,east_39th_street,west_to_east,W,13,E,0.3505245664399034,0.35136081211166537,0.30248917748917753,0.6949862465616405,0.3751682368775236,0.7959736361263378,0.6763406186552013,0.7877182656464586,0.25777596519847745,0.33479151868024876,0.83444981529788,0.7052638819368182,0.5739449498333791,0.751975133599868,0.9416497255485498,1.0,0.5,0.2,0.3,0.7820445322350065,0.6224129454093291,0.7820445322350065,0.6224129454093291,0.5980737568033437,0.6120257813559954,1.0
"Murray Hill, Manhattan",east_39th_street/west_to_east/014_n00515_E.jpg,n00515,east_39th_street,west_to_east,W,14,E,0.3581702182731423,0.3367440561672252,0.28510191846522787,0.6581899298916508,0.35347043701799485,0.7996525121142565,0.6615981424849927,0.7626718691936083,0.2664033701948394,0.32667206430186513,0.8205480183452438,0.7014573349959707,0.5635577939578135,0.7217917863376734,0.7954700773041206,1.0,0.4,0.2,0.4,0.7554515678206918,0.5978613606509561,0.7554515678206918,0.5978613606509561,0.5744454590579506,0.5744494054535981,1.0
"Murray Hill, Manhattan",east_39th_street/west_to_east/015_n00516_E.jpg,n00516,east_39th_street,west_to_east,W,15,E,0.39391155031609876,0.40213938714499253,0.34660925726587727,0.6174414210128495,0.3308410558831789,0.8145984684861575,0.6402839781746031,0.7774529273315681,0.28492497972424974,0.3808867315756562,0.8975818875000015,0.7003996112052759,0.5675539617434737,0.7336673096083877,0.9230503010924376,1.0,0.5,0.2,0.3,0.8039998540896248,0.6747595883482458,0.8039998540896248,0.6747595883482458,0.7212334228573837,0.5890333403810126,1.0
"Murray Hill, Manhattan",east_39th_street/west_to_east/016_n00517_E.jpg,n00517,east_39th_street,west_to_east,W,16,E,0.2774931461523482,0.25234895662624274,0.23020182077437754,0.7120582805907172,0.479494262643434,0.8204229797979798,0.6896338285118583,0.8088603240132608,0.21692220329358322,0.25334797451765617,0.6547931754430669,0.6843289992484209,0.5718054519395674,0.7459413399859763,0.922473522603086,1.0,0.5,0.2,0.3,0.6869362958259658,0.4774954888603981,0.6869362958259658,0.4774954888603981,0.35896088687743494,0.6043785807685881,1.0
"Murray Hill, Manhattan",east_39th_street/west_to_east/017_n00518_E.jpg,n00518,east_39th_street,west_to_east,W,17,E,0.4356261574968139,0.5794905577514274,0.5756410256410257,0.8061797752808989,0.6285487822452803,0.8043335521996061,0.7651819154628142,0.8450523542056723,0.31663365247056235,0.5302525802964223,0.9813490470716876,0.6606548484117415,0.6422893073796829,0.8941962787259692,0.931791007971418,1.0,0.5,0.2,0.3,0.8817318634128976,0.8389769329007319,0.8817318634128976,0.8389769329007319,0.9395155593682339,0.814723710211703,1.0
"Murray Hill, Manhattan",east_39th_street/west_to_east/018_n00519_E.jpg,n00519,east_39th_street,west_to_east,W,18,E,0.4204832834076128,0.5481150793650794,0.5329498840734795,0.6949862465616405,0.39785178777393315,0.8202636070548075,0.7435817805383023,0.8124284077892326,0.3125649013499481,0.5005160822820572,0.9735628711501665,0.7057993552808383,0.6228583632258275,0.8632884268534421,0.94110849333975,1.0,0.5,0.2,0.3,0.8805723176522955,0.8241545145739643,0.8805723176522955,0.8241545145739643,0.9157643043420828,0.7666581964239282,1.0
"Murray Hill, Manhattan",east_39th_street/west_to_east/019_n00520_E.jpg,n00520,east_39th_street,west_to_east,W,19,E,0.3614036893377617,0.34533607681755835,0.33913356927513433,0.7695486627043091,0.30709044624138954,0.8060909202153695,0.659235668789809,0.7949315920398011,0.2839047003018543,0.3486244451434848,0.8561276870716841,0.7561830455594296,0.5793573203771547,0.766805409008004,0.7936867850125506,1.0,0.4,0.2,0.4,0.7991252828588985,0.6568911316328336,0.7991252828588985,0.6568911316328336,0.6372482557383525,0.6311191722920061,1.0
"Murray Hill, Manhattan",east_39th_street/west_to_east/020_n00521_E.jpg,n00521,east_39th_street,west_to_east,W,20,E,0.4223425450662828,0.3897165494922441,0.3636549468520032,0.7363235975892444,0.2654612159329141,0.8117747540790482,0.5223046741726373,0.7850851534061363,0.25358649789029536,0.3919046804701767,0.9091133093049248,0.7608790452451261,0.5203254418230229,0.5756354353145098,0.9618125714220176,1.0,0.5,0.2,0.3,0.7649206560629873,0.6279917367936662,0.7649206560629873,0.6279917367936662,0.7470241397022138,0.4137566195801678,1.0
"Murray Hill, Manhattan",east_39th_street/west_to_east/021_n00522_E.jpg,n00522,east_39th_street,west_to_east,W,21,E,0.34943901406977096,0.28370098039215685,0.19909245604083944,0.7052032848680668,0.25370202478090054,0.8088940809968848,0.5116867259724404,0.7847063673262303,0.2595058075827306,0.2774108168342557,0.7168581150915566,0.7534651136946837,0.518632966960467,0.5694222906057463,0.8907930470624966,1.0,0.5,0.2,0.3,0.6757087953602388,0.47214043712937687,0.6757087953602388,0.47214043712937687,0.4277289765297416,0.4076124487303979,1.0
"Murray Hill, Manhattan",east_39th_street/west_to_east/022_n00523_E.jpg,n00523,east_39th_street,west_to_east,W,22,E,0.32714159268758924,0.2907455827588939,0.21800226224658484,0.7509369144284822,0.47766798418972334,0.7922275143231863,0.7100785340314136,0.8159755705560913,0.16405740378343117,0.278629812564356,0.7198177459847945,0.6884988148539817,0.563370502790312,0.7212272903694663,0.7673509668227958,1.0,0.4,0.2,0.4,0.7140005063089359,0.5308729970268674,0.7140005063089359,0.5308729970268674,0.43131328580433675,0.5737624918759058,1.0
"Murray Hill, Manhattan",east_39th_street/west_to_east/023_n00524_E.jpg,n00524,east_39th_street,west_to_east,W,23,E,0.27818027745558765,0.24737834334865094,0.20318237454100366,0.6859710144927536,0.5098636780705204,0.8050317372280767,0.7009748427672955,0.7819155823137178,0.14067629678266577,0.24291366511508072,0.6259694247042166,0.6603796912167699,0.541188907287893,0.6497256766321455,0.8197343773585715,1.0,0.5,0.2,0.3,0.6398148432109679,0.42758600162205024,0.6398148432109679,0.42758600162205024,0.33068495269033027,0.4911246521506739,1.0
"Murray Hill, Manhattan",east_39th_street/west_to_east/024_n00525_E.jpg,n00525,east_39th_street,west_to_east,W,24,E,0.21963852304767828,0.2572506368802665,0.16934007707129095,0.7747296879827,0.3437272064186725,0.8452824975825389,0.6997044719527156,0.8244314489928525,0.12048940009021199,0.2154097456664119,0.5460979546111283,0.7587616597155221,0.54820844034526,0.6732951449190012,0.9558372291906204,1.0,0.5,0.2,0.3,0.6210377437671518,0.39756118104616933,0.6210377437671518,0.39756118104616933,0.2620896367747294,0.5174398911503242,1.0
"Murray Hill, Manhattan",east_39th_street/west_to_east/025_n00526_E.jpg,n00526,east_39th_street,west_to_east,W,25,E,0.24856173151065333,0.25675170544808895,0.2161665646050214,0.8151714077315827,0.2773285414794849,0.8354158656926822,0.6981095679012346,0.8425782148608235,0.202361782071927,0.2404933338545879,0.6191448201931726,0.7910862439815933,0.5810165216113283,0.7712261736899728,2.3097438799476024,0.9546012337432115,0.4,0.2,0.4,0.677729452568692,0.44437300161823756,0.7099607968357202,0.5077433942790454,0.3242884843394905,0.6368941526377652,0.8751920884154709
"Murray Hill, Manhattan",east_39th_street/west_to_east/026_n00527_E.jpg,n00527,east_39th_street,west_to_east,W,26,E,0.3617950995505873,0.445647853736089,0.3941741741741742,0.812458758438658,0.2979857819905214,0.8076093351637575,0.7682740145426713,0.8472864768683275,0.2365855135658915,0.4005390424869501,0.9173192316408195,0.7740274372039646,0.6173820016589634,0.8533010670849639,3.663650530704584,0.7791532081449069,0.3,0.1,0.6,0.672846537081756,0.541591960415027,0.8635612740191915,0.7581723709231578,0.7660994154931983,0.7516424483323182,0.7143388247656395
"Murray Hill, Manhattan",east_39th_street/west_to_east/027_n00528_E.jpg,n00528,east_39th_street,west_to_east,W,27,E,0.28779102047607846,0.304997304997305,0.25259113652609005,0.802860186854614,0.3178685897435898,0.8110033294916122,0.7478816321209751,0.8411733778684974,0.15609798471160527,0.28179315399982446,0.7274092867196361,0.7653316422008788,0.5817176649003593,0.7730764861447583,2.9922895105696763,0.861704024278483,0.4,0.2,0.4,0.648826496598818,0.45116357667237034,0.7529574869307238,0.5710768009543948,0.4406474361203493,0.6393228294577294,0.7900225957671138
"Murray Hill, Manhattan",east_39th_street/west_to_east/028_n00529_E.jpg,n00529,east_39th_street,west_to_east,W,28,E,0.31106999267512375,0.2932242990654206,0.2795205304769191,0.7888995689152977,0.34901781635449974,0.8260346487006737,0.6946292446292447,0.7967141359965476,0.10457933972310973,0.29460494073915444,0.7568081758000714,0.7553054670871572,0.5319742401163006,0.6176566282975933,1.0304008329320795,1.0,0.5,0.2,0.3,0.7117730908116429,0.5171196185658624,0.7117730908116429,0.5171196185658624,0.4788143303596388,0.45667762044616805,1.0
"Murray Hill, Manhattan",east_39th_street/west_to_east/029_n00530_E.jpg,n00530,east_39th_street,west_to_east,W,29,E,0.39553008618090374,0.5613579362235758,0.5308165809568334,0.6900991373760782,0.4891936824605154,0.7821637426900585,0.7826604672261284,0.793931253013708,0.15908824906367044,0.49590153445377094,0.9720996317527746,0.6610230658685403,0.5785599897678355,0.7646599699413685,1.0152355346696087,1.0,0.5,0.2,0.3,0.8374120747543983,0.7644562690746717,0.8374120747543983,0.7644562690746717,0.9113931890141297,0.628330461003592,1.0
"Murray Hill, Manhattan",east_39th_street/west_to_east/030_n00531_E.jpg,n00531,east_39th_street,west_to_east,W,30,E,0.4058914702912493,0.5451606174384648,0.5297365754812563,0.7288066616579013,0.40485483429197483,0.8078241284763025,0.7549556598852374,0.7991255144032922,0.20067792715155694,0.4935962210703234,0.9713394575253589,0.710591985280743,0.5849197004800287,0.7813917837884539,0.7043922419558429,1.0,0.4,0.2,0.4,0.8364115271123884,0.7568793208962766,0.8364115271123884,0.7568793208962766,0.909133612789924,0.6503224282645909,1.0
"Murray Hill, Manhattan",east_39th_street/west_to_east/031_n00532_E.jpg,n00532,east_39th_street,west_to_east,W,31,E,0.3614539831345284,0.4118086696562033,0.3921937321937321,0.5817523714428358,0.3890983000739099,0.7848594004183128,0.752502566735113,0.7805310402051746,0.20930989583333334,0.3884854616614879,0.9056657122007068,0.6591711572624128,0.5807811675912069,0.770602702246895,0.656674912651029,1.0,0.4,0.2,0.4,0.7967444018117759,0.6803094353059438,0.7967444018117759,0.6803094353059438,0.739191924962621,0.6360773392089226,1.0
"Murray Hill, Manhattan",east_39th_street/west_to_east/032_n00533_E.jpg,n00533,east_39th_street,west_to_east,W,32,E,0.4267654203492631,0.5450223713646533,0.5186003140950137,0.5262345679012346,0.394720624486442,0.7709572047272993,0.6776143790849672,0.7816856780735107,0.18958402112908548,0.49679603526964333,0.9723892882755939,0.6341570493806972,0.5496280260958545,0.6779617168854036,0.7886676327737654,1.0,0.4,0.2,0.4,0.7727828931209624,0.6788991559262455,0.7727828931209624,0.6788991559262455,0.9122562016254323,0.522754686684301,1.0
"Murray Hill, Manhattan",east_39th_street/west_to_east/033_n00534_E.jpg,n00534,east_39th_street,west_to_east,W,33,E,0.4121024969482347,0.4770225843339051,0.47850759606791776,0.55097257206829,0.4045360976327011,0.7536407766990291,0.631607118961595,0.7549258357316804,0.1998972250770812,0.45587755911668587,0.9556606657889666,0.6333590837115393,0.5288100599234522,0.6063871660834041,0.7824621750528821,1.0,0.4,0.2,0.4,0.7337556960210003,0.6227130798831587,0.7337556960210003,0.6227130798831587,0.8641832127953567,0.4449273906069141,1.0
"Murray Hill, Manhattan",east_39th_street/west_to_east/034_n00535_E.jpg,n00535,east_39th_street,west_to_east,W,34,E,0.22574711881819765,0.2088288734720846,0.13157508081104904,0.7285631935437382,0.35827250608272504,0.817608615611193,0.6245999085505258,0.80886837201423,0.11036843821323768,0.1887170243671104,0.4662026883529833,0.7292997676907353,0.5146122395926644,0.5545775744147705,1.470678912994523,1.0,0.4,0.2,0.4,0.5465073989068685,0.3402881003355307,0.5465073989068685,0.3428334479660715,0.2049810453685701,0.39313456113481515,0.9925755563068842
"Murray Hill, Manhattan",east_39th_street/west_to_east/035_n00536_E.jpg,n00536,east_39th_street,west_to_east,W,35,E,0.21173829813802764,0.2146990740740741,0.18310220852593737,0.7315438333956852,0.5283505154639174,0.8370028409090908,0.627983293556086,0.799664808177353,0.12288039148742458,0.203179860246013,0.5095384233916271,0.6800653862802861,0.5168428310736211,0.5628267946353472,2.0064671683647863,0.9990303951161713,0.4,0.2,0.4,0.5611894750337864,0.32953742205161834,0.5617341351946844,0.35978632015148515,0.23471174673923414,0.40114506648157094,0.9159253801336005
"Murray Hill, Manhattan",east_39th_street/west_to_east/036_n00537_E.jpg,n00537,east_39th_street,west_to_east,W,36,E,0.28675915684030456,0.2864124449339207,0.24006961506961502,0.7026203534430225,0.5171787709497208,0.8012682225272929,0.480746395250212,0.7996092749167306,0.09260385005065856,0.27108040561461344,0.701188720988174,0.6622366016735315,0.45765317340586703,0.34633184737539113,1.6523032445832455,1.0,0.4,0.2,0.4,0.522797589549276,0.33712388874888216,0.522797589549276,0.34902595078609977,0.4092448821852124,0.21609984223218862,0.9658992060320701
"Murray Hill, Manhattan",east_39th_street/west_to_east/037_n00538_E.jpg,n00538,east_39th_street,west_to_east,W,37,E,0.3365911011721811,0.3739156515319306,0.2867253750815395,0.31536278881232266,0.38001595987232095,0.674937509189825,0.6064900153609831,0.6792509633911369,0.05544844928751047,0.33241070926188376,0.8304652986840723,0.5367614460432755,0.4470631426798768,0.31129910497739477,1.298139320801705,1.0,0.4,0.2,0.4,0.5139915835975412,0.3685667170325679,0.5139915835975412,0.3685667170325679,0.5911872982072497,0.1904033274999547,1.0
"Murray Hill, Manhattan",east_39th_street/west_to_east/038_n00539_E.jpg,n00539,east_39th_street,west_to_east,W,38,E,0.31496134068658443,0.35445253430411655,0.31947175252326643,0.6016312056737588,0.5550108932461875,0.7357898511744666,0.3821814254859612,0.767775059311981,0.06074752763234437,0.3296285425046558,0.8257128014362559,0.5941367212006793,0.4035680041434288,0.1905438982385276,2.9911277823651665,0.8618541972429573,0.4,0.2,0.4,0.37063011597475853,0.23655980760319908,0.43003807043046477,0.2993820553132016,0.5830945208566523,0.10911444696026779,0.7901602764925895
"Murray Hill, Manhattan",east_39th_street/west_to_east/039_n00540_E.jpg,n00540,east_39th_street,west_to_east,W,39,E,0.2060254135815742,0.2119702320887992,0.18720991561181433,0.6532748747315676,0.7133507853403142,0.7638562705495539,0.7840242286579594,0.7581263416130022,0.06042715749262021,0.20173518709406257,0.5052053732108567,0.5679267866469357,0.5341925759211938,0.6254833943251269,1.9749844552284304,1.0,0.4,0.2,0.4,0.5632899057596029,0.33700369916077205,0.5632899057596029,0.36620448531170574,0.23161213621213128,0.46494508335019025,0.9202609817133218
"Murray Hill, Manhattan",east_39th_street/west_to_east/040_n00541_E.jpg,n00541,east_39th_street,west_to_east,W,40,E,0.3452608704481578,0.3384172174207761,0.3386205485059353,0.5183115230825154,0.6532838506522717,0.7677864874953341,0.6637779452398895,0.7835950278050375,0.13641235506187277,0.3407662121249564,0.8441182054032874,0.5442713866418591,0.5279284427022666,0.603226375864284,2.8327133172591914,0.8825789807410169,0.4,0.2,0.4,0.5965819600900912,0.42543760427830835,0.6759530570161535,0.5257761748158367,0.615180614145877,0.44166385947334325,0.8091610549438192
"Murray Hill, Manhattan",east_39th_street/west_to_east/041_n00542_E.jpg,n00542,east_39th_street,west_to_east,W,41,E,0.3697518205290707,0.3959206482257614,0.37567463377023896,0.37750614409520117,0.38744791666666667,0.7027722443559097,0.6040867229470454,0.6651707803540265,0.16077359905710917,0.3804490341750236,0.8970980350735082,0.564276823928148,0.47667703411939366,0.4134201327947624,1.1553882386268777,1.0,0.5,0.2,0.3,0.6480908381328929,0.5100488831447493,0.6480908381328929,0.5100488831447493,0.720176177700913,0.26831602317920933,1.0
"Murray Hill, Manhattan",east_39th_street/west_to_east/042_n00543_E.jpg,n00543,east_39th_street,west_to_east,W,42,E,0.17830244839118803,0.1275581395348837,0.081401653788803,0.2715836211149482,0.33616685247120026,0.6649727317798712,0.28626698963800296,0.4744926327495134,0.03788988138819738,0.12908741390495823,0.2992333946827107,0.5334631668078731,0.2662165012585712,0.02912071167950297,0.9427857920341074,1.0,0.5,0.2,0.3,0.16698848047898485,0.08431377471761203,0.16698848047898485,0.08431377471761203,0.1119472099559104,0.01536632546012969,1.0
"Murray Hill, Manhattan",east_39th_street/west_to_east/043_n00544_E.jpg,n00544,east_39th_street,west_to_east,W,43,E,0.28503630813967673,0.2813733988250024,0.24525919573089375,0.2985986881335718,0.4606470106470107,0.7204845814977974,0.604033744505884,0.6973850031505986,0.0996823909195043,0.2705563008985243,0.6998693113229897,0.5194787529947862,0.46703371285866224,0.37883539672857525,3.1106905130191875,0.8465351308650307,0.3,0.1,0.6,0.3979029696708956,0.2364173852336105,0.4700371610854461,0.3046162252632925,0.4077252418376215,0.24088511020381087,0.7761155369490417
"Murray Hill, Manhattan",east_39th_street/west_to_east/044_n00545_E.jpg,n00545,east_39th_street,west_to_east,W,44,E,0.15299331088574245,0.18881105042349403,0.13242658005142782,0.40186984687868077,0.6167394468704512,0.7853807471264368,0.5531272210376689,0.77823142800239,0.05798090040927691,0.15807698045355476,0.3768180150609628,0.5235037157115554,0.46311318314977856,0.3650986010208426,4.187126814448959,0.7203133004042936,0.3,0.1,0.6,0.2752320528650598,0.14560065171735498,0.38210047310049533,0.2204755797032207,0.15146857138244416,0.230295929889949,0.6603935543035928
"Murray Hill, Manhattan",east_39th_street/west_to_east/045_n00546_E.jpg,n00546,east_39th_street,west_to_east,W,45,E,0.15650763676923063,0.15780179794520546,0.11443801746625841,0.5104032604032605,0.7598663144412424,0.7094273846610295,0.35766932270916335,0.757428297574283,0.04661968154528843,0.14291581739356482,0.335143998744354,0.48665477687434916,0.3872391006095782,0.15559004275811814,5.26356311587873,0.6129116581483615,0.3,0.1,0.6,0.1345483869077792,0.06565618189944995,0.21952329527269396,0.11684129176518374,0.1295365232939833,0.08748379875490662,0.5619261898558889
"Murray Hill, Manhattan",east_39th_street/west_to_east/046_n00547_E.jpg,n00547,east_39th_street,west_to_east,W,46,E,0.20155335890767873,0.17554179566563466,0.1678260869565217,0.43168024277272,0.8625748745345637,0.7650736153306847,0.5637934220251294,0.6720720720720722,0.07522505267190194,0.18164041384327836,0.44514295310860286,0.4447263278562803,0.4370301822563678,0.2799827318109947,4.813638912438099,0.6557039832891775,0.3,0.1,0.6,0.2209763036859202,0.11589282168045832,0.33700619382765834,0.19278237363526388,0.19148840377530585,0.16827728346204404,0.6011588066641541
"Murray Hill, Manhattan",east_39th_street/west_to_east/047_n00548_E.jpg,n00548,east_39th_street,west_to_east,W,47,E,0.19328076338308928,0.19714486988231394,0.19836816305469554,0.31226574779349536,0.8019262192056309,0.7284682826199073,0.6985357450473729,0.5216653083401249,0.041277844671884445,0.19626459877336627,0.488795672294983,0.41293593706925724,0.420492966019794,0.23279326633537692,4.813638912438099,0.6557039832891775,0.3,0.1,0.6,0.20193729941961797,0.10572486358816882,0.3079702191324952,0.17586844343982724,0.22013539188597994,0.1363497933390527,0.6011588066641541
"Murray Hill, Manhattan",east_40th_street/east_to_west/001_n00594_W.jpg,n00594,east_40th_street,east_to_west,W,1,W,0.1775207871998653,0.17451794578083243,0.11206049891966215,0.6195087387812942,0.24493047508690613,0.7281180753402975,0.62890625,0.7670367951230133,0.06157836451594104,0.15469974396678662,0.36734981458125315,0.7008987796782284,0.48584046987965146,0.44710047420654286,5.952673908980066,0.5527214638557582,0.3,0.1,0.6,0.24369066105402518,0.13239057723827496,0.4408923426893013,0.26125785335857576,0.14633306661626955,0.29614322571147983,0.5067429573363647
"Murray Hill, Manhattan",east_40th_street/east_to_west/002_n00593_W.jpg,n00593,east_40th_street,east_to_west,W,2,W,0.20069039237050773,0.1981955477101108,0.15896483407627537,0.2747212441314553,0.2787239450940519,0.6863853649567936,0.7506215469613259,0.7515126512651266,0.05262150784538844,0.18595025805229798,0.45795033185760364,0.560794221331399,0.5182519020239469,0.5680202924521575,4.701908286563987,0.6667859207472575,0.3,0.1,0.6,0.3545933593970546,0.20724149620493762,0.531794911025816,0.3390071876575981,0.1996234217644531,0.40623297591874663,0.6113188857053213
"Murray Hill, Manhattan",east_40th_street/east_to_west/003_n00592_W.jpg,n00592,east_40th_street,east_to_west,W,3,W,0.254318445619429,0.2309116809116809,0.20118877793628154,0.34368695858549897,0.2478500928369002,0.7193559801840057,0.6231288425554665,0.7097720230190351,0.11264410105469709,0.22880630148913048,0.585568536213086,0.6050642819775348,0.48184832220973284,0.43234863037801086,3.4552393176159804,0.8038955769590503,0.3,0.1,0.6,0.39368925643289754,0.22810744789764503,0.4897268597025154,0.3094984188550635,0.294344331766243,0.2838154063392288,0.7370229829977469
"Murray Hill, Manhattan",east_40th_street/east_to_west/004_n00591_W.jpg,n00591,east_40th_street,east_to_west,W,4,W,0.3044812120974014,0.3111863711001643,0.2652197406340058,0.4318018018018018,0.21218343600273784,0.6417238421955404,0.6770190095653227,0.6652609086819612,0.10437529804482597,0.29362910794385716,0.7546464806351059,0.6204474026648681,0.48221840543070327,0.43371154435685555,2.208570348667973,0.9691987766179637,0.4,0.2,0.4,0.5635489756561334,0.36319796692198947,0.5814586122597549,0.40874190038273356,0.4758928459579826,0.2849451293791279,0.888575324873476
"Murray Hill, Manhattan",east_40th_street/east_to_west/005_n00590_W.jpg,n00590,east_40th_street,east_to_west,W,5,W,0.3069428394582243,0.2618556228215006,0.22754065040650406,0.6215072805981897,0.23668200408997953,0.7120223978919631,0.684667778704476,0.7449740596627756,0.07061884408102585,0.2654463708954096,0.686833401909283,0.6989492248000577,0.5000868941494259,0.5003258530142148,1.504776919820093,1.0,0.4,0.2,0.4,0.6071987464600951,0.4121647223165717,0.6071987464600951,0.41737701413607725,0.39300546142451265,0.34253102978063205,0.9875117899573497
"Murray Hill, Manhattan",east_40th_street/east_to_west/006_n00589_W.jpg,n00589,east_40th_street,east_to_west,W,6,W,0.31637343170202104,0.2987749751378718,0.22905982905982905,0.6167296125332213,0.2562274196615327,0.6975767589150488,0.7584598987476685,0.6825024437927664,0.05103726573502332,0.2814027452999073,0.7264793513307499,0.6860263172622458,0.497333202758486,0.4900008436601768,2.236972684973379,0.9650784334630369,0.4,0.2,0.4,0.5921051069579559,0.38055904089872894,0.6135305550589054,0.4301085160420669,0.4394930367640306,0.3332903329066196,0.8847977352336549
"Murray Hill, Manhattan",east_40th_street/east_to_west/007_n00588_W.jpg,n00588,east_40th_street,east_to_west,W,7,W,0.35766134195516075,0.35502067129143017,0.382719836400818,0.6327771984706291,0.24437400950871627,0.7780829596412556,0.71780375622844,0.7731200780542199,0.17931034482758626,0.3651339498824696,0.8788524074536651,0.7221620495343894,0.556744726370082,0.7008127068401011,2.666283616587652,0.9048894092362589,0.4,0.2,0.4,0.6984408037681533,0.5247614261671205,0.7718521143458276,0.6325356486758617,0.6816911726933321,0.5492973645717945,0.8296155754472436
"Murray Hill, Manhattan",east_40th_street/east_to_west/008_n00587_W.jpg,n00587,east_40th_street,east_to_west,W,8,W,0.4369463016448511,0.5627958785853523,0.5598551432291666,0.5496580434136188,0.2959915611814346,0.7616361909285204,0.7663531506425144,0.7264566395663956,0.22556179775280896,0.5198657744864567,0.9789254490651331,0.6717675577202349,0.5727905293205731,0.7487314223076045,2.0497130046422805,0.9925707833804701,0.4,0.2,0.4,0.8095348771653267,0.6695664728482049,0.8155941024258594,0.7357848137136553,0.9320324063991018,0.6079061315540384,0.910003115542392
"Murray Hill, Manhattan",east_40th_street/east_to_west/009_n00586_W.jpg,n00586,east_40th_street,east_to_west,W,9,W,0.41028414371949407,0.4741990706774272,0.4669923031379514,0.6268518518518519,0.39658346972176756,0.7954178087005412,0.6725711218464842,0.7977223792221774,0.24393358876117502,0.45049183917829083,0.9528400515469111,0.6752287302768751,0.5714090299432788,0.7448127868825913,2.685216630689867,0.902323212307323,0.4,0.2,0.4,0.7272423532785639,0.5871136346589931,0.8059665797790335,0.7097062742887968,0.8564176384992237,0.602955904061995,0.8272628493348816
"Murray Hill, Manhattan",east_40th_street/east_to_west/010_n00585_W.jpg,n00585,east_40th_street,east_to_west,W,10,W,0.42706932046265844,0.5031718569780854,0.48607824578009146,0.43500281373100735,0.4245404018811458,0.7822649119082997,0.5976497504159733,0.7327515819555012,0.17844047209808642,0.4721064744069451,0.9632182312049908,0.5975757745860537,0.5029472681565204,0.5110504558599865,2.053201947451069,0.9920514658779696,0.4,0.2,0.4,0.6740439103480687,0.5148809501011959,0.6794444981254446,0.5660974895059466,0.8854642372873168,0.3522577488981599,0.9095269978154308
"Murray Hill, Manhattan",east_40th_street/east_to_west/011_n00584_W.jpg,n00584,east_40th_street,east_to_west,W,11,W,0.3332045475325702,0.3510003572704537,0.35819476143897405,0.6976670870113493,0.531957928802589,0.8525539235146221,0.6910828025477707,0.809043421482207,0.12724169848432257,0.3474665554139993,0.8544077540346646,0.6727543605744608,0.5424559741714334,0.6540387017296697,2.471344248783538,0.9317398470599729,0.4,0.2,0.4,0.6819828050848167,0.4967528282391175,0.731945518093657,0.581519506958805,0.6340302366847077,0.4958753141865629,0.8542324415512815
"Murray Hill, Manhattan",east_40th_street/east_to_west/012_n00583_W.jpg,n00583,east_40th_street,east_to_west,W,12,W,0.3534827943657391,0.4214555369127517,0.5003810975609756,0.7364194615021256,0.3258832565284178,0.8096057783178074,0.752324886955038,0.8095838404915087,0.18493070237256282,0.4251064762798221,0.9371019969164524,0.7400473277638384,0.5822798099397031,0.7745523291753162,2.889486550116007,0.8750948639857459,0.4,0.2,0.4,0.7248398885643601,0.5826594155295425,0.82829864326134,0.7262367839575935,0.8147575353320631,0.6412649046065391,0.802299509471783
"Murray Hill, Manhattan",east_40th_street/east_to_west/013_n00582_W.jpg,n00582,east_40th_street,east_to_west,W,13,W,0.38866566867335006,0.4789315274642589,0.4622573035746688,0.5262260127931769,0.35313416705264783,0.7550873832894421,0.791965620328849,0.776428932726353,0.23789589823468335,0.44328483323742585,0.9487980326613507,0.6427264096766571,0.6020968170966284,0.8222186973077077,2.904525261163531,0.8731230440244062,0.4,0.2,0.4,0.7236775985200472,0.5962460997939142,0.828838046908562,0.7448498059008649,0.8454518164354492,0.7064311449367967,0.8004917166794174
"Murray Hill, Manhattan",east_40th_street/east_to_west/014_n00581_W.jpg,n00581,east_40th_street,east_to_west,W,14,W,0.340531636040078,0.3707379134860051,0.3200364298724954,0.5015723270440251,0.3088959212376934,0.741108691707494,0.6465670215670216,0.739567901234568,0.1389873043991733,0.34376865979952614,0.8488004869209824,0.6445950325046086,0.5083740757335876,0.5313615592055689,2.5007208215263765,0.9276431811299264,0.4,0.2,0.4,0.6178977993467277,0.43378480240870887,0.6660942611512438,0.5100490984115903,0.623673806328171,0.3710470463972973,0.8504765595304729
"Murray Hill, Manhattan",east_40th_street/east_to_west/015_n00580_W.jpg,n00580,east_40th_street,east_to_west,W,15,W,0.3089561968921323,0.4323828768148481,0.5499139414802064,0.5302895102121753,0.3029273611810099,0.7816615408879426,0.6619334480780262,0.7581452129362792,0.08049279957722288,0.4304176717290622,0.9407555966211575,0.6696745633063692,0.5001904868638427,0.5007143252534202,1.6673758412195123,1.0,0.4,0.2,0.4,0.6829666411822867,0.5365248649049542,0.6829666411822867,0.5567239907309504,0.824184508990048,0.3428810570225237,0.9637178814595797
"Murray Hill, Manhattan",east_40th_street/east_to_west/016_n00579_W.jpg,n00579,east_40th_street,east_to_west,W,16,W,0.15790332135442983,0.2505694760820045,0.22359431003584232,0.6728719521097971,0.2878355225585379,0.7587528750319449,0.7942060783357712,0.7653415453527436,0.04952640873334402,0.2106890358240922,0.5320232135728609,0.714596434861068,0.5363580108072863,0.6330607676599151,1.0129479571379896,1.0,0.5,0.2,0.3,0.5945810725860751,0.3744216493167793,0.5945810725860751,0.3744216493167793,0.25128243088251917,0.47303404856489906,1.0
"Murray Hill, Manhattan",east_40th_street/east_to_west/017_n00578_W.jpg,n00578,east_40th_street,east_to_west,W,17,W,0.14403492843412902,0.1870943779810775,0.12282643060385712,0.5623563218390805,0.20327480068624482,0.7788976881849452,0.766929970436068,0.7461435278336687,0.057451746193468045,0.15131857900635454,0.3579720214822286,0.7126597364459268,0.5235084148210682,0.587254285785586,5.908520938463443,0.5563942569597178,0.3,0.1,0.6,0.28715825339368456,0.16417130189236895,0.5161057106570287,0.3218349550876633,0.1413369552155583,0.4253833139841638,0.5101102266770587
"Murray Hill, Manhattan",east_40th_street/east_to_west/018_n00577_W.jpg,n00577,east_40th_street,east_to_west,W,18,W,0.1724007350751688,0.15527818912629576,0.10784152104626883,0.7031911985786524,0.2752968723866867,0.79020928380042,0.692019316304486,0.7965560007632132,0.06216327008667133,0.14517348174924444,0.3412074096984657,0.739367869997462,0.5169128623847902,0.5630852485508109,7.144782073316612,0.4622186132355018,0.3,0.1,0.6,0.2301354454305208,0.1297013268922696,0.4978930723269383,0.30606635897822887,0.13262210773748967,0.40139744458072,0.4237686471824743
"Murray Hill, Manhattan",east_40th_street/east_to_west/019_n00576_W.jpg,n00576,east_40th_street,east_to_west,W,19,W,0.29058981632281405,0.26899744572158374,0.23874521072796936,0.6982600732600733,0.18483546062342623,0.78046078865751,0.6452885747938751,0.796890279679249,0.04473616473616474,0.2661108242574557,0.6885458751927027,0.7646284670980523,0.49563833973642957,0.48364960580579447,6.528686677295874,0.5069702266891077,0.3,0.1,0.6,0.28538153415687795,0.17531388862033953,0.562915767303795,0.377183317739901,0.3949091568954412,0.32766529722170473,0.4647975675881639
"Murray Hill, Manhattan",east_40th_street/east_to_west/020_n00575_W.jpg,n00575,east_40th_street,east_to_west,W,20,W,0.26648594249794383,0.22954209105945855,0.18662312530237055,0.7522101449275364,0.21505591054313097,0.794858231062209,0.6558565433040823,0.8331644559076393,0.08840996168582382,0.22755038628659097,0.5819064866813517,0.7773374884822047,0.5258103202991817,0.5955975891812013,7.702402182487609,0.4251299775123696,0.3,0.1,0.6,0.2582322083763486,0.15904952427700378,0.6074194294351662,0.40806491194084754,0.2912237332676373,0.433844174518299,0.3897652545535681
"Murray Hill, Manhattan",east_40th_street/east_to_west/021_n00574_W.jpg,n00574,east_40th_street,east_to_west,W,21,W,0.2049153286081736,0.21196613596158706,0.1838890636468491,0.8102596564392811,0.37409024745269287,0.8304432553838024,0.68576155226559,0.8414930840303975,0.20826468973091705,0.2002568427388699,0.500770527606646,0.7555375547901302,0.5785064420089681,0.7645153963310193,7.700877434733313,0.4252272210291076,0.3,0.1,0.6,0.2860026345440522,0.18416702439024774,0.6725877846011058,0.47239949127601527,0.22847000399843045,0.6281428655165678,0.38985440880299754
"Murray Hill, Manhattan",east_40th_street/east_to_west/022_n00573_W.jpg,n00573,east_40th_street,east_to_west,W,22,W,0.18234361481581168,0.22935297211993685,0.19755206629593283,0.7779238440616499,0.3642044604101182,0.8577900437408873,0.7658091568449682,0.836923946847611,0.17184121099783747,0.20308288441056047,0.5092475985660538,0.7571698091308063,0.5915247715634722,0.7978437032944241,8.03655852523592,0.4043462236534504,0.3,0.1,0.6,0.2804801366508571,0.18391429594856432,0.6936633020004307,0.49611311249137463,0.23450278318552356,0.6725041376954919,0.37071041123058773
"Murray Hill, Manhattan",east_40th_street/east_to_west/023_n00572_W.jpg,n00572,east_40th_street,east_to_west,W,23,W,0.3179322110238024,0.3244025157232704,0.35152250067367286,0.8074292518137011,0.36545481092130244,0.7864848887903643,0.745286374955532,0.8425766200908517,0.14640463132236445,0.3312857424735819,0.8285561655941083,0.7428197765609208,0.5780892087895826,0.7633868041724798,8.372239615738527,0.38449059819623943,0.3,0.1,0.6,0.29999736871415017,0.22043396734561166,0.7802463054273048,0.6253330761885804,0.5879206771174137,0.626679840659193,0.3525064893243163
"Murray Hill, Manhattan",east_40th_street/east_to_west/024_n00571_W.jpg,n00571,east_40th_street,east_to_west,W,24,W,0.3288231123429504,0.39044592121737454,0.39956103678929766,0.6352051388313303,0.3697354000313136,0.7832970225127088,0.7457047791893526,0.7982936438959384,0.15496062992125983,0.3729433567832075,0.8884811980022438,0.6829222537709085,0.5663196843355169,0.7300340358251188,4.211091767293501,0.7177286076989017,0.3,0.1,0.6,0.5520745422175417,0.41267606384757083,0.7691967915108459,0.6271445186653292,0.7016709616355807,0.584544289241342,0.6580238709983722
"Murray Hill, Manhattan",east_40th_street/east_to_west/025_n00570_W.jpg,n00570,east_40th_street,east_to_west,W,25,W,0.27894354263579574,0.29655317360235395,0.2583965711073637,0.7141527001862199,0.2562260536398467,0.8066083075866803,0.708225984541774,0.822296372347707,0.14370776559211249,0.2779644291151711,0.7182045875343936,0.7548449847110179,0.5580767074938644,0.7049850600904407,2.005432431654845,0.9991854671638916,0.4,0.2,0.4,0.7194305882349111,0.4876461123915238,0.7200170657775454,0.5323254940198066,0.42935588963175936,0.5542387071367599,0.9160675524087892
"Murray Hill, Manhattan",east_40th_street/east_to_west/026_n00569_W.jpg,n00569,east_40th_street,east_to_west,W,26,W,0.35633749596663017,0.4012431521281079,0.39361478680949374,0.5351493848857646,0.28211275791920953,0.6809107701051434,0.7457047791893526,0.7649757435140265,0.104266030736619,0.3837318116347439,0.9006780915987749,0.6446491323572328,0.5383155178133328,0.6398545177223329,2.038448512172559,0.9942493219897908,0.4,0.2,0.4,0.7305001674682773,0.5484424110331523,0.7347253363033003,0.6016644287592497,0.7280455456245332,0.4803586217390524,0.9115420237891548
"Murray Hill, Manhattan",east_40th_street/east_to_west/027_n00568_W.jpg,n00568,east_40th_street,east_to_west,W,27,W,0.38292552913825034,0.3146564656465647,0.24987933198185153,0.4565403005464481,0.20785417176413015,0.6578707597420802,0.5101898380792854,0.5432435321787471,0.07024206496233172,0.3158204422555555,0.8005675461574067,0.635518962841466,0.374558478406788,0.1322025838219751,1.6521900461220267,1.0,0.4,0.2,0.4,0.3719468390306824,0.2430280952008785,0.3719468390306824,0.2516038600686891,0.5423464560012633,0.07344330054234922,0.9659156069168836
"Murray Hill, Manhattan",east_40th_street/east_to_west/028_n00567_W.jpg,n00567,east_40th_street,east_to_west,W,28,W,0.3309030294708932,0.28925762682568495,0.24968004653868517,0.6045759098522918,0.2753083453467884,0.5583301563095692,0.6552375464207966,0.6333689458689459,0.06485280999107938,0.2899469009450878,0.7463733823616111,0.6291992402716908,0.45115310076027393,0.32460174604901315,2.0485210671125245,0.9927482616008664,0.4,0.2,0.4,0.5132389064540385,0.32082158049890047,0.5169879679531343,0.3524869533471779,0.46488542026785235,0.2000403458396953,0.9101658301177208
"Murray Hill, Manhattan",east_40th_street/east_to_west/029_n00566_W.jpg,n00566,east_40th_street,east_to_west,W,29,W,0.2364277735882987,0.21745713386817686,0.1979306337713417,0.578684284116331,0.31499516507804953,0.7801182557280119,0.6562665817680143,0.7538692413394084,0.13057929724596393,0.21727184707593908,0.551630845300637,0.6812691249220977,0.5135717067844622,0.5507188593939675,2.047262350344364,0.9929357176293788,0.4,0.2,0.4,0.5709739195678388,0.34061846075104646,0.5750361372144328,0.3741671508945068,0.2664340867811913,0.38941708588796475,0.9103376924904903
"Murray Hill, Manhattan",east_40th_street/east_to_west/030_n00565_W.jpg,n00565,east_40th_street,east_to_west,W,30,W,0.2516071437283853,0.22398209156952187,0.20237485050401505,0.7659311300217692,0.58739748096075,0.8074114102312177,0.6728980322003578,0.805943768497205,0.15231929425156518,0.2259880286006407,0.5773383086603331,0.6619816864307455,0.5437203649830427,0.658317518061143,2.3368062721033187,0.9507340193181826,0.4,0.2,0.4,0.5945310543472767,0.3695623736496633,0.6253389931009766,0.42398190507553174,0.28736905284448133,0.5006166858490197,0.8716465708219938
"Murray Hill, Manhattan",east_40th_street/east_to_west/031_n00564_W.jpg,n00564,east_40th_street,east_to_west,W,31,W,0.3592317502737469,0.22087484705471075,0.17797835618994307,0.6428475577026301,0.2551518438177875,0.6820371157387731,0.681258222700634,0.7577382228894131,0.06489596375126694,0.25269498450613354,0.6530198184585894,0.6899109432078718,0.501297469780438,0.5048653581061261,2.6263501938622738,0.9103259752272225,0.4,0.2,0.4,0.5422459480082764,0.3359923841434441,0.5956612936074122,0.4025789906449713,0.35715978814496224,0.34663203204986487,0.8345998970416989
"Murray Hill, Manhattan",east_40th_street/east_to_west/032_n00563_W.jpg,n00563,east_40th_street,east_to_west,W,32,W,0.3403511878684602,0.2874626865671641,0.2181170108161258,0.7587782095861457,0.36690865093768893,0.7596858434674151,0.7546296296296297,0.7936344047405278,0.09512660423170312,0.28197696175058334,0.7278464231512236,0.7171851340386239,0.5477968795339535,0.6719357368891862,1.863776157569068,1.0,0.4,0.2,0.4,0.702867160286252,0.4843487478677682,0.702867160286252,0.5176099308956316,0.44119116027907723,0.5158982546679409,0.9357408329273922
"Murray Hill, Manhattan",east_40th_street/east_to_west/033_n00562_W.jpg,n00562,east_40th_street,east_to_west,W,33,W,0.3877945076145703,0.4920024143654746,0.3902179691653376,0.7507150007150006,0.3570775116433799,0.7907616262879421,0.7376644736842105,0.8076824474448813,0.29753165230343653,0.42333829704846077,0.9358397001688601,0.7281330384531876,0.6142928578108428,0.8474051915723435,2.074327591527158,0.9889127825813857,0.4,0.2,0.4,0.845896391117443,0.6949833758888406,0.8553801771167088,0.7665403735528608,0.8115337192233505,0.7428919407236934,0.9066494079987484
"Murray Hill, Manhattan",east_40th_street/east_to_west/034_n00561_W.jpg,n00561,east_40th_street,east_to_west,W,34,W,0.35131202961247765,0.5368388397704359,0.5361958443854995,0.6068500764207309,0.420796167822927,0.7648844268036422,0.5459604682402609,0.753080819535798,0.09760573226144702,0.4747822379228043,0.9643390556142013,0.6503127784671486,0.4655490066791686,0.3736090189430676,2.415735877080271,0.9395442313544647,0.4,0.2,0.4,0.5730605747158434,0.4237411373372546,0.6099346423421794,0.4919285243893834,0.8886805777561864,0.23683625319036586,0.8613876128919993
"Murray Hill, Manhattan",east_40th_street/east_to_west/035_n00560_W.jpg,n00560,east_40th_street,east_to_west,W,35,W,0.33802080654762323,0.509059786239145,0.5304911699779251,0.5254147812971341,0.3259734093067426,0.7785240080284082,0.7297660145761412,0.7577702702702703,0.1359947487767037,0.45919058758823106,0.957315087063512,0.6593217933395998,0.541177011207705,0.6496850655018456,2.2934568874130066,0.9569362223025654,0.4,0.2,0.4,0.7281244170525313,0.5741285784122893,0.760891269535737,0.6544022435279834,0.8687822447249698,0.49108005597685,0.8773328393818969
"Murray Hill, Manhattan",east_40th_street/east_to_west/036_n00559_W.jpg,n00559,east_40th_street,east_to_west,W,36,W,0.35904847292046516,0.3927546216557585,0.37847062432888473,0.6592980207888367,0.443429731100964,0.7758397932816538,0.6091342876618949,0.8065875789344613,0.16813937979326443,0.37675790630170275,0.892936645530707,0.6639026943231754,0.5279537487965402,0.6033172253504733,2.57149653571732,0.9178470812855872,0.4,0.2,0.4,0.6602946311894008,0.48790355303021854,0.719395032846382,0.5798054026392705,0.7111636155820341,0.44175746760904444,0.8414953548367861
"Murray Hill, Manhattan",east_40th_street/east_to_west/037_n00558_W.jpg,n00558,east_40th_street,east_to_west,W,37,W,0.236735207445826,0.3384167092053769,0.3251924775968698,0.7862463060129063,0.4247401633259095,0.8699239071356472,0.7711971158022761,0.8278933638735128,0.11242312423124234,0.30011479808269087,0.7687697561300694,0.7438100166075479,0.570504534635677,0.7422255164366601,2.57149653571732,0.9178470812855872,0.4,0.2,0.4,0.6911870677141484,0.4880643059876794,0.7530525310883308,0.5799964351346216,0.49533134597646783,0.5997033668980574,0.8414953548367861
"Murray Hill, Manhattan",east_40th_street/east_to_west/038_n00557_W.jpg,n00557,east_40th_street,east_to_west,W,38,W,0.2744061394188263,0.3854494578523959,0.36131816398587685,0.7941789425602375,0.44845857418111756,0.838495575221239,0.7246598639455781,0.8314901697944593,0.18690007072850356,0.34039125375236634,0.8435252320235782,0.7280719812001195,0.5810167014895137,0.7712266497454158,7.896623914534373,0.41292322995735276,0.3,0.1,0.6,0.3252560533279854,0.2417038889143925,0.787691342435683,0.6384588782437015,0.6141148814599954,0.6368947766169475,0.37857393349949386
"Murray Hill, Manhattan",east_40th_street/east_to_west/039_n00556_W.jpg,n00556,east_40th_street,east_to_west,W,39,W,0.1449168498520202,0.1471390490360176,0.1139294733044733,0.7916260003903962,0.23299834801762112,0.776635795497327,0.6816254627970859,0.830895129196794,0.07188807694709887,0.13532845739750368,0.3151699881850702,0.778421149290034,0.5281362229803263,0.6039721007673389,7.896623914534373,0.41292322995735276,0.3,0.1,0.6,0.21045747801400225,0.1197051001189263,0.5096770119611304,0.31620005902779974,0.11961182112883599,0.4424325681852729,0.37857393349949386
"Murray Hill, Manhattan",east_40th_street/east_to_west/040_n00555_W.jpg,n00555,east_40th_street,east_to_west,W,40,W,0.17721922840080478,0.16818572089029785,0.15537650452601218,0.6697635135135135,0.17622438780609695,0.7928725140991392,0.6283238366571701,0.8060572551910554,0.05284921419936254,0.1669271512723716,0.40206358172594475,0.7621372132688518,0.49574343534919596,0.4840433029831566,7.586234989221214,0.43260281929799327,0.3,0.1,0.6,0.207258147869652,0.11530534616909027,0.4790956938421724,0.29072254163404104,0.16562912155914114,0.32801268116011395,0.3966164629718862
"Murray Hill, Manhattan",east_40th_street/east_to_west/041_n00554_W.jpg,n00554,east_40th_street,east_to_west,W,41,W,0.23952724974004722,0.16399795276741977,0.17541152263374485,0.37837159703926737,0.20519626769626767,0.7882625893808002,0.4173406862745099,0.7860009880202544,0.08001249424607086,0.19297890838040394,0.47894917625625705,0.6538126395746,0.427784722846945,0.2528954151727601,6.478485006369675,0.5108022495008817,0.3,0.1,0.6,0.17204796303270145,0.0903820285057919,0.33681911777172874,0.1929958148555326,0.2134412438409202,0.1497494015097563,0.468310821006391
"Murray Hill, Manhattan",east_40th_street/east_to_west/042_n00553_W.jpg,n00553,east_40th_street,east_to_west,W,42,W,0.19375078324792253,0.15441034549314803,0.12089638633920448,0.625420137366652,0.181039652199985,0.7992400797744309,0.3712681963977302,0.7528998438545617,0.07508912655971482,0.15635250502675832,0.3719711190987907,0.7478735216470326,0.39975238893733556,0.18187222240252973,7.742504615672682,0.42258034171770603,0.3,0.1,0.6,0.10972477433733552,0.054548249431939394,0.2596542325923773,0.14079594141759075,0.14882803433720684,0.10367399344775548,0.38742771192639114
"Murray Hill, Manhattan",east_40th_street/east_to_west/043_n00552_W.jpg,n00552,east_40th_street,east_to_west,W,43,W,0.15419031794941468,0.18132539318979993,0.18379994167395744,0.7953011422637591,0.25924075924075923,0.8093163301452355,0.5519688644688645,0.8282291479012791,0.09763572679509631,0.17310521760439068,0.42000877048169455,0.7817922377227451,0.49261124638841325,0.472320501763875,6.574105724145185,0.5035280498608736,0.3,0.1,0.6,0.24146399968913934,0.13446481708149946,0.47954428706773455,0.2912752643058161,0.17613003876550018,0.3177415921090325,0.4616417305532749
"Murray Hill, Manhattan",east_40th_street/east_to_west/044_n00551_W.jpg,n00551,east_40th_street,east_to_west,W,44,W,0.1530667506058937,0.17964349376114086,0.1663795803319762,0.7528512454520011,0.24121628346770177,0.8030557891785813,0.7243823779968358,0.8326832641770401,0.16322412155745492,0.16636327489967023,0.40043793743314593,0.7715635837209601,0.573429921243777,0.7505314721323442,5.462836771740774,0.5948621887789298,0.3,0.1,0.6,0.3707963467271246,0.2299952736900702,0.6233315105945061,0.4217170453129324,0.16469612974426656,0.6101897967276153,0.5453781777291067
"Murray Hill, Manhattan",east_40th_street/east_to_west/045_n00550_W.jpg,n00550,east_40th_street,east_to_west,W,45,W,0.1763447315968206,0.2091388400702988,0.24632788438758593,0.8112817483756646,0.3601720047449584,0.8757432076465719,0.6751745200698079,0.8615813447549119,0.2552345870492439,0.21060381868490174,0.5317686025077087,0.7756176504257593,0.5973301506246546,0.8115253728726778,4.426515782881647,0.694906922092931,0.3,0.1,0.6,0.49452639340363264,0.32881721304413186,0.7116440744527492,0.5161150395303198,0.2510900872280473,0.691387398824652,0.6371006226506506
"Murray Hill, Manhattan",east_40th_street/east_to_west/046_n00549_W.jpg,n00549,east_40th_street,east_to_west,W,46,W,0.15690577050394872,0.17076768112813875,0.2023598384077249,0.7752317839586834,0.24630748573346764,0.8761454108457264,0.7058861662128874,0.8329178975873953,0.1399737446668855,0.17667776334660412,0.4304864223501506,0.8016899030236473,0.5595926028223894,0.7096920819145206,4.264614180960137,0.7119894912609647,0.3,0.1,0.6,0.44025473785422525,0.27060295168992055,0.6183444324080047,0.414550605787251,0.18243751911574616,0.5598492606073983,0.6527621668192545
"Murray Hill, Manhattan",east_40th_street/west_to_east/001_n00549_E.jpg,n00549,east_40th_street,west_to_east,W,1,E,0.1491982005454048,0.16253968253968254,0.12194483240223464,0.8284007174713981,0.29307198131114026,0.8306479921370401,0.7588802634674194,0.8383948545861298,0.1487166440524649,0.14456090516244066,0.3395569679447844,0.7886589094324326,0.581997254035338,0.7738113650675533,4.264614180960137,0.7119894912609647,0.3,0.1,0.6,0.43113905103861966,0.26559708361061607,0.6055413125200113,0.4068818585256001,0.13177878714715402,0.640289316636739,0.6527621668192545
"Murray Hill, Manhattan",east_40th_street/west_to_east/002_n00550_E.jpg,n00550,east_40th_street,west_to_east,W,2,E,0.16134090747596325,0.17159313192784179,0.15779896812235125,0.8056756756756757,0.2705133830627468,0.8118969097349457,0.7225992961287079,0.8375312611647017,0.10390161153519932,0.1635776691753854,0.3924398346671167,0.7823530674492915,0.5546773896095363,0.6942704817885176,4.426515782881647,0.694906922092931,0.3,0.1,0.6,0.41144904862349846,0.24838024195405178,0.5920923155928424,0.38986030326052473,0.16014888668724883,0.5416090761823379,0.6371006226506506
"Murray Hill, Manhattan",east_40th_street/west_to_east/003_n00551_E.jpg,n00551,east_40th_street,west_to_east,W,3,E,0.16274548526262947,0.20197514425210836,0.1756076667737445,0.7868332168646633,0.23652680652680655,0.8186422486080365,0.5162641695416461,0.8326830483147933,0.09639514553121468,0.18010943209616076,0.44060998990252415,0.7896495529819644,0.48178078779588474,0.4321000296636191,5.462836771740774,0.5948621887789298,0.3,0.1,0.6,0.2746165353815931,0.15162743006551016,0.46164732027311545,0.27802254702758683,0.1886601833552897,0.2836095414901337,0.5453781777291067
"Murray Hill, Manhattan",east_40th_street/west_to_east/004_n00552_E.jpg,n00552,east_40th_street,west_to_east,W,4,E,0.1389423756059959,0.11793540945790082,0.06509703717223336,0.6245030581039756,0.2327934201231204,0.838417227248125,0.4371379673512376,0.7954642022519652,0.10884740259740262,0.10732494074537668,0.24747945854927753,0.7433756217429933,0.4471498574002018,0.311578037499931,6.574105724145185,0.5035280498608736,0.3,0.1,0.6,0.15971523683373065,0.08009037248847821,0.3171923329352962,0.1734903220133292,0.08849480474876137,0.19060391423020592,0.4616417305532749
"Murray Hill, Manhattan",east_40th_street/west_to_east/005_n00553_E.jpg,n00553,east_40th_street,west_to_east,W,5,E,0.26133318208149164,0.19680577022153534,0.18160994764397906,0.5837151187005415,0.2424590634875036,0.8216897233201581,0.3887958933154782,0.7879426129426129,0.06447298020331726,0.21324963331566865,0.5396653747289872,0.7209819261777319,0.41373716215380274,0.21518623794151642,7.742504615672682,0.42258034171770603,0.3,0.1,0.6,0.1352159082941338,0.07158975713136503,0.3199768066458267,0.1847822314397754,0.25710748646096193,0.12485010770217836,0.38742771192639114
"Murray Hill, Manhattan",east_40th_street/west_to_east/006_n00554_E.jpg,n00554,east_40th_street,west_to_east,W,6,E,0.2676918403327126,0.29612392331203113,0.297505210248866,0.6646916146916148,0.2057937792161093,0.7850950490912889,0.6753846153846154,0.8321881952624003,0.0808361447377125,0.2871069912978699,0.7398682498475575,0.7479976281889313,0.5294696517949093,0.608746152153976,6.478485006369675,0.5108022495008817,0.3,0.1,0.6,0.3365509942596268,0.22188840506656693,0.6588674865634981,0.47380584670184,0.4564186630711338,0.44737216423821696,0.468310821006391
"Murray Hill, Manhattan",east_40th_street/west_to_east/007_n00555_E.jpg,n00555,east_40th_street,west_to_east,W,7,E,0.14647713593427109,0.170081799591002,0.14100169779286928,0.709448866377231,0.2630802670392796,0.8109707365055945,0.6666993464052288,0.8226158539792752,0.06608884073672809,0.15252021110604744,0.36129279002129217,0.7524464452811819,0.5184680137070773,0.5688155367624006,7.586234989221214,0.43260281929799327,0.3,0.1,0.6,0.220839911057305,0.1254506374263289,0.5104911507873972,0.3163021436032053,0.14309599477674947,0.4070151301561378,0.3966164629718862
"Murray Hill, Manhattan",east_40th_street/west_to_east/008_n00556_E.jpg,n00556,east_40th_street,west_to_east,W,8,E,0.15667425038513727,0.2379032258064516,0.20025951557093427,0.6767608793180799,0.4499931637954608,0.8391809728183118,0.7137367082755434,0.8085841792089604,0.13112920118061502,0.19827899725417436,0.4948371752593962,0.6886495627803102,0.5511500295550396,0.6829258095069984,7.896623914534373,0.41292322995735276,0.3,0.1,0.6,0.2562311671442916,0.1588576049416728,0.6205297947774832,0.41962108556500816,0.22431333434860376,0.5284471743674414,0.37857393349949386
"Murray Hill, Manhattan",east_40th_street/west_to_east/009_n00557_E.jpg,n00557,east_40th_street,west_to_east,W,9,E,0.1535529839180001,0.21995642701525053,0.18311131763734,0.778814935064935,0.25783740701381513,0.8153319644079398,0.7189207650273225,0.8139329805996472,0.07982006829524561,0.18554024285686355,0.456729241110021,0.7787698308196864,0.5375579379740718,0.6372317190412488,7.896623914534373,0.41292322995735276,0.3,0.1,0.6,0.24293288290886866,0.14596145312877393,0.5883245729090104,0.38555600429095327,0.19883846666169833,0.4775227447527778,0.37857393349949386
"Murray Hill, Manhattan",east_40th_street/west_to_east/010_n00558_E.jpg,n00558,east_40th_street,west_to_east,W,10,E,0.3197377957499025,0.5561519719811178,0.5380156991602775,0.7514918562201629,0.3056902683478824,0.8155079299972655,0.6893740424600568,0.8208533953179479,0.2312365975696927,0.47130182229709927,0.9628746019228477,0.7537698392898486,0.5804880117825657,0.7698244417700203,2.57149653571732,0.9178470812855872,0.4,0.2,0.4,0.7694894205391695,0.6313941031747423,0.8383634226535647,0.7503239317312758,0.8844813185817157,0.6350588227873812,0.8414953548367861
"Murray Hill, Manhattan",east_40th_street/west_to_east/011_n00559_E.jpg,n00559,east_40th_street,west_to_east,W,11,E,0.29008048692638144,0.3249245093105184,0.25101926050892737,0.6365844544095666,0.28049886621315195,0.795409813018417,0.6725711218464842,0.8064178251761569,0.07932755450485944,0.28867475224860906,0.7434727136704344,0.7171651337382772,0.5194388338425002,0.5723835127857629,2.57149653571732,0.9178470812855872,0.4,0.2,0.4,0.6102039639848222,0.40460352900312635,0.6648209450425412,0.480814928659472,0.46108990570672226,0.410534500585771,0.8414953548367861
"Murray Hill, Manhattan",east_40th_street/west_to_east/012_n00560_E.jpg,n00560,east_40th_street,west_to_east,W,12,E,0.29942286384736294,0.37674832241895057,0.26802398989898996,0.6330728095433978,0.2990800065713816,0.7648863636363635,0.6690174804098854,0.7977498931428223,0.12861241523213354,0.31473172538843447,0.7984734696147086,0.6996263888694598,0.5317932629282804,0.617015338641342,2.2934568874130066,0.9569362223025654,0.4,0.2,0.4,0.6712415179516135,0.46600814226165915,0.7014485420318632,0.5311645949443471,0.5391019843145973,0.4560041305581197,0.8773328393818969
"Murray Hill, Manhattan",east_40th_street/west_to_east/013_n00561_E.jpg,n00561,east_40th_street,west_to_east,W,13,E,0.2571273572651981,0.3299720621616902,0.21860607921400063,0.6589110174901059,0.2496141975308642,0.79676710608914,0.6753992987923647,0.8124164278892073,0.14190333831589438,0.26856849954696294,0.69483504266062,0.7353546420161272,0.5432396883324888,0.6566938525937486,2.415735877080271,0.9395442313544647,0.4,0.2,0.4,0.6455270768843286,0.4259458114275986,0.687064062916681,0.4944879692401655,0.4019778655127662,0.4988141509456007,0.8613876128919993
"Murray Hill, Manhattan",east_40th_street/west_to_east/014_n00562_E.jpg,n00562,east_40th_street,west_to_east,W,14,E,0.18509347234429543,0.20539991879821354,0.19573489071763564,0.7660144080996885,0.24865735767991412,0.7627796112944628,0.6859687458614753,0.781656578306547,0.10568154547636188,0.19540942728671484,0.4862317633997855,0.7600455539047457,0.5244356232147946,0.5906212901013076,2.074327591527158,0.9889127825813857,0.4,0.2,0.4,0.5683120763685617,0.332803448083442,0.574683719715991,0.3670696138411877,0.21837870548162927,0.42878638666442137,0.9066494079987484
"Murray Hill, Manhattan",east_40th_street/west_to_east/015_n00563_E.jpg,n00563,east_40th_street,west_to_east,W,15,E,0.18908955095846117,0.23043221647144282,0.19792219274977896,0.7364455710463315,0.20478937483230478,0.7724029991992429,0.3710908314654712,0.7943259311068368,0.06972914742997845,0.20581465339322763,0.517436886219588,0.7680197318044232,0.41171530333409545,0.21010867929149504,1.863776157569068,1.0,0.4,0.2,0.4,0.3904766121602383,0.21605675696065785,0.3904766121602383,0.2308938002467426,0.2404385106618826,0.12157393150469316,0.9357408329273922
"Murray Hill, Manhattan",east_40th_street/west_to_east/016_n00564_E.jpg,n00564,east_40th_street,west_to_east,W,16,E,0.17968984497776647,0.16612774451097803,0.1088665347405453,0.6677106362073201,0.3412313145322854,0.8056527343030749,0.480187611191978,0.7295907548770145,0.08123012718600957,0.1515613747430966,0.35864191347165914,0.7107106853260365,0.430336164418334,0.2601945677228019,2.6263501938622738,0.9103259752272225,0.4,0.2,0.4,0.32924501740564116,0.16909713575415788,0.3616781530632033,0.2026086228305745,0.1416909155247589,0.15468791383893965,0.8345998970416989
"Murray Hill, Manhattan",east_40th_street/west_to_east/017_n00565_E.jpg,n00565,east_40th_street,west_to_east,W,17,E,0.29355843621654254,0.2647635864233863,0.24286670786979814,0.7729113384484229,0.4818872657518076,0.8090426221013085,0.6281210986267166,0.80886837201423,0.17715923443116685,0.26706291016990896,0.6909906851920933,0.7000222315993079,0.5380495683573712,0.638934722038428,2.3368062721033187,0.9507340193181826,0.4,0.2,0.4,0.6383411973406439,0.41824011341507666,0.6714193290342437,0.4798276358968077,0.39764248770208027,0.4793629296009594,0.8716465708219938
"Murray Hill, Manhattan",east_40th_street/west_to_east/018_n00566_E.jpg,n00566,east_40th_street,west_to_east,W,18,E,0.3530741129996973,0.3333078880407125,0.28847736625514403,0.6512575274530641,0.21484687083888146,0.7511681268251982,0.7571558678116056,0.6568301049233253,0.11039630836047772,0.32495312243185126,0.817490561729268,0.7291929278131268,0.5081274270318028,0.53044015957584,2.047262350344364,0.9929357176293788,0.4,0.2,0.4,0.6673248240252915,0.4584623431097747,0.6720725341802799,0.5036178847604554,0.5693953766730142,0.37018404879520533,0.9103376924904903
"Murray Hill, Manhattan",east_40th_street/west_to_east/019_n00567_E.jpg,n00567,east_40th_street,west_to_east,W,19,E,0.3586348216052596,0.3544233807266983,0.3011116293532338,0.6009554140127388,0.2822982774252039,0.684018664333625,0.7539672382902483,0.5932479919678716,0.20434564179854306,0.33805661056173053,0.8397917383947275,0.6675586003070533,0.517186957352221,0.564096478535365,2.0485210671125245,0.9927482616008664,0.4,0.2,0.4,0.6791207636156824,0.47783840831611973,0.684081544016566,0.5250014805041804,0.6074549219884565,0.4023857267865112,0.9101658301177208
"Murray Hill, Manhattan",east_40th_street/west_to_east/020_n00568_E.jpg,n00568,east_40th_street,west_to_east,W,20,E,0.43390485836308923,0.5739909070747394,0.544179320318149,0.5749926513815403,0.3610248447204969,0.7075337597725658,0.7424825815914925,0.7697327208185425,0.23308832317437553,0.5173583619186592,0.9782956737673547,0.6405005221445363,0.5817678751948034,0.7732085842714869,1.6521900461220267,1.0,0.4,0.2,0.4,0.8181079587685371,0.7177785221424373,0.8181079587685371,0.7431068687600175,0.9301013749802631,0.6394964804641906,0.9659156069168836
"Murray Hill, Manhattan",east_40th_street/west_to_east/021_n00569_E.jpg,n00569,east_40th_street,west_to_east,W,21,E,0.2590521637854801,0.2947438456420492,0.2312449660568404,0.6739842288158245,0.35773976882224306,0.8078128059526141,0.727446332148031,0.8077578106647874,0.19407121263016455,0.26168032516145656,0.6770316960397254,0.7080190886487319,0.5764251184809943,0.7588484983853369,2.038448512172559,0.9942493219897908,0.4,0.2,0.4,0.710902315757155,0.4785467607475249,0.715014131801897,0.5249859559499757,0.3822783758312734,0.6208218570052356,0.9115420237891548
"Murray Hill, Manhattan",east_40th_street/west_to_east/022_n00570_E.jpg,n00570,east_40th_street,west_to_east,W,22,E,0.30084081229500886,0.32994670219853434,0.2539772015533008,0.7018635883506866,0.36404438789934973,0.7987682252388134,0.7391001267427123,0.8266250289151053,0.10781786941580751,0.29492157201561464,0.7575068034338532,0.7121958085633834,0.5578476750245416,0.7042700408003474,2.005432431654845,0.9991854671638916,0.4,0.2,0.4,0.7261331971926717,0.5035822245325384,0.7267251386809528,0.5497217134351879,0.47976259400688565,0.5533897846707152,0.9160675524087892
"Murray Hill, Manhattan",east_40th_street/west_to_east/023_n00571_E.jpg,n00571,east_40th_street,west_to_east,W,23,E,0.2721780067425395,0.2731804363376252,0.26143790849673204,0.790069938153864,0.4395631408905745,0.7919777409097194,0.7277399419851179,0.8457456377046232,0.17276799505715168,0.2689321171922989,0.6957594700947334,0.7141615127243363,0.5820845249156309,0.7740404047844696,4.211091767293501,0.7177286076989017,0.3,0.1,0.6,0.5337474557487306,0.37082586333844947,0.7436619496887129,0.5635446975135143,0.4030272404743897,0.6405907632410157,0.6580238709983722
"Murray Hill, Manhattan",east_40th_street/west_to_east/024_n00572_E.jpg,n00572,east_40th_street,west_to_east,W,24,E,0.15026344935585556,0.18096266000151476,0.1518821516415357,0.7707461645746165,0.33722884204094106,0.8457608857185317,0.7082300884955752,0.8177131425053862,0.08831291704013544,0.16103608699963534,0.38519227391943944,0.7597594027507357,0.5380853826803655,0.6390586467158886,8.372239615738527,0.38449059819623943,0.3,0.1,0.6,0.21477366712271975,0.1263915567031138,0.5585927669760649,0.3585510069484987,0.1560891303517148,0.4794970060016889,0.3525064893243163
"Murray Hill, Manhattan",east_40th_street/west_to_east/025_n00573_E.jpg,n00573,east_40th_street,west_to_east,W,25,E,0.18413093254976487,0.1840933517580224,0.13158665105386416,0.800358178406959,0.38385392017668396,0.8326880530973452,0.6552353155782562,0.8163752214412252,0.15496062992125983,0.16660364512055048,0.40113065421201266,0.74973077044254,0.5421903889802471,0.6531367317253745,8.03655852523592,0.4043462236534504,0.3,0.1,0.6,0.23133010008861218,0.13757636480080604,0.5721089664160591,0.3711154600274535,0.1650933301944635,0.49487945517661014,0.37071041123058773
"Murray Hill, Manhattan",east_40th_street/west_to_east/026_n00574_E.jpg,n00574,east_40th_street,west_to_east,W,26,E,0.2848376337527896,0.22887896019496345,0.19644572526416906,0.7618998768978252,0.22854662698412698,0.7804947804947805,0.5858858211101524,0.8244639047939822,0.06602298020814534,0.23672077307064068,0.6084137295430389,0.7712826768028263,0.49212423537076,0.4705001835033542,7.700877434733313,0.4252272210291076,0.3,0.1,0.6,0.22705862102455007,0.1345342526054201,0.5339700983277538,0.3450884472962402,0.314448468547274,0.31616007740796237,0.38985440880299754
"Murray Hill, Manhattan",east_40th_street/west_to_east/027_n00575_E.jpg,n00575,east_40th_street,west_to_east,W,27,E,0.16848997861067805,0.21178535143622423,0.14352236053480869,0.7191277122469782,0.25730842414807126,0.7758582746478874,0.5189446234084981,0.8123727787863784,0.07900920305463084,0.17459923019390364,0.4243822480793712,0.7458925209155981,0.4701088684165024,0.38974910275002084,7.702402182487609,0.4251299775123696,0.3,0.1,0.6,0.18137924600010114,0.09815249935301702,0.4266442161087634,0.2518246513928995,0.1787466845401333,0.2494204333254219,0.3897652545535681
"Murray Hill, Manhattan",east_40th_street/west_to_east/028_n00576_E.jpg,n00576,east_40th_street,west_to_east,W,28,E,0.17671708805055392,0.1998617743151546,0.12843735054997607,0.7018635883506866,0.32486380660537967,0.8042284723560007,0.6831825927382357,0.7924721734036321,0.05360986918363967,0.16833873763856153,0.4061425385935663,0.7270760847004358,0.5097548784418358,0.5365156659234771,6.528686677295874,0.5069702266891077,0.3,0.1,0.6,0.25792499401633034,0.1465684511380182,0.508757675378241,0.3153382490759631,0.16798330822729451,0.37589340963875384,0.4647975675881639
"Murray Hill, Manhattan",east_40th_street/west_to_east/029_n00577_E.jpg,n00577,east_40th_street,west_to_east,W,29,E,0.3074903719705485,0.45215548340548345,0.5306752330561855,0.6333561748134612,0.32387475538160465,0.7870489002775999,0.7194319362660201,0.7794633642930857,0.09535157851578513,0.43010702947740576,0.9405474930443665,0.6988434399031521,0.531415626358297,0.6156758795775866,7.144782073316612,0.4622186132355018,0.3,0.1,0.6,0.3272735612325499,0.2403620443006463,0.7080492906628212,0.5672011034765078,0.8236436948969791,0.45459931178850005,0.4237686471824743
"Murray Hill, Manhattan",east_40th_street/west_to_east/030_n00578_E.jpg,n00578,east_40th_street,west_to_east,W,30,E,0.15560651176439955,0.20147971160295106,0.18094227879430744,0.5301057449494949,0.28276865160848735,0.7342180774748924,0.7420793397231097,0.7708866155157715,0.04473616473616474,0.179342834053886,0.43834389690148307,0.6605183902719667,0.5192340399916819,0.5716314640848003,5.908520938463443,0.5563942569597178,0.3,0.1,0.6,0.297978750377033,0.17334885531616767,0.5355532460116789,0.3398262694033609,0.1872561194730997,0.4097913162607232,0.5101102266770587
"Murray Hill, Manhattan",east_40th_street/west_to_east/031_n00579_E.jpg,n00579,east_40th_street,west_to_east,W,31,E,0.23776008450030445,0.33207951737171104,0.27203806015960713,0.6059907834101382,0.39058984249437484,0.8003415300546447,0.7224594628048026,0.7946405606995884,0.20713197374589778,0.28062588734387417,0.7246230391981738,0.671914156990136,0.5747439990834295,0.7542038185895076,1.0129479571379896,1.0,0.5,0.2,0.3,0.7223795542595455,0.5277598530550942,0.7223795542595455,0.5277598530550942,0.43719790390579405,0.6148679474761669,1.0
"Murray Hill, Manhattan",east_40th_street/west_to_east/032_n00580_E.jpg,n00580,east_40th_street,west_to_east,W,32,E,0.3265661485119223,0.32758620689655177,0.2483881832178599,0.5487821021975113,0.33722884204094106,0.7943697257383966,0.7355337439055685,0.7209022957821677,0.11957743313104063,0.300846846208778,0.7703276391604442,0.6686409952983222,0.5253378242729255,0.5938893502317278,1.6673758412195123,1.0,0.4,0.2,0.4,0.6748247574163906,0.4807847539118916,0.6748247574163906,0.4988853721212775,0.49752737482498877,0.432104156399087,0.9637178814595797
"Murray Hill, Manhattan",east_40th_street/west_to_east/033_n00581_E.jpg,n00581,east_40th_street,west_to_east,W,33,E,0.3930538813799891,0.441131498470948,0.3914565826330532,0.6369603916332888,0.41500295770482104,0.7822649119082997,0.7153365207796983,0.7923797060599961,0.113788929239573,0.4085473208279967,0.9243216398563077,0.6680741152789225,0.5405017186930892,0.6473761927594311,2.5007208215263765,0.9276431811299264,0.4,0.2,0.4,0.6968476239027016,0.5341558538798001,0.7512022274059066,0.6280665209335039,0.7828776003386163,0.4885487653504347,0.8504765595304729
"Murray Hill, Manhattan",east_40th_street/west_to_east/034_n00582_E.jpg,n00582,east_40th_street,west_to_east,W,34,E,0.34228512059987215,0.38729395604395606,0.3416601613322925,0.6216411063048892,0.40115314418450304,0.7891898538504778,0.8092405536849981,0.7883603041528563,0.07570659488559894,0.3570797459920402,0.8681794553734383,0.6698926053236213,0.5577691509078178,0.7040246641062844,2.904525261163531,0.8731230440244062,0.4,0.2,0.4,0.6618436992316127,0.4938459969880342,0.758018819639712,0.6169283038138054,0.6603611905791028,0.5530986584174892,0.8004917166794174
"Murray Hill, Manhattan",east_40th_street/west_to_east/035_n00583_E.jpg,n00583,east_40th_street,west_to_east,W,35,E,0.3079791298176354,0.3112833861475781,0.2807097086204812,0.6587871112987197,0.5051765105227427,0.7995456821921728,0.6632967786154901,0.7658302149827573,0.0967479674796748,0.29999074152856486,0.7685050185422129,0.6510520943227165,0.508624987025974,0.5322986630879799,2.889486550116007,0.8750948639857459,0.4,0.2,0.4,0.5616931354455622,0.3741708609334532,0.6418654234664911,0.4663730396392731,0.4949592114169294,0.3719258036519405,0.802299509471783
"Murray Hill, Manhattan",east_40th_street/west_to_east/036_n00584_E.jpg,n00584,east_40th_street,west_to_east,W,36,E,0.4400315937707154,0.5180302546074359,0.47851351351351346,0.545848571041582,0.4404810024252223,0.7642793395805444,0.657869190632205,0.7106860959319975,0.1814305511139538,0.47885845396388826,0.9659835129880631,0.6232156360656347,0.5166619458927187,0.5621590716585855,2.471344248783538,0.9317398470599729,0.4,0.2,0.4,0.6639783399785958,0.5151880538099743,0.7126220286421406,0.6031005482236141,0.8934283594745291,0.4004934371915922,0.8542324415512815
"Murray Hill, Manhattan",east_40th_street/west_to_east/037_n00585_E.jpg,n00585,east_40th_street,west_to_east,W,37,E,0.3956148185699755,0.3896358876725368,0.3298316954704619,0.525146060318964,0.31750513347022585,0.7528994082840237,0.5953657602451168,0.7383905852417302,0.18472986088644458,0.3716941339043247,0.8869872142287122,0.6535134450442539,0.5061620687910972,0.523091320257545,2.053201947451069,0.9920514658779696,0.4,0.2,0.4,0.6701670295853783,0.4826840925207362,0.6755365549430218,0.5306979272523878,0.6985235250349443,0.3633374618864714,0.9095269978154308
"Murray Hill, Manhattan",east_40th_street/west_to_east/038_n00586_E.jpg,n00586,east_40th_street,west_to_east,W,38,E,0.38609017726346095,0.390829346092504,0.35597572362278246,0.45984033887259695,0.2907315045719036,0.7066377076665143,0.4991049051199427,0.7117403593781546,0.17847746511095863,0.3776317489929158,0.8939350034175375,0.6252488473224025,0.46310757653635193,0.36507910691151785,2.685216630689867,0.902323212307323,0.4,0.2,0.4,0.5248677378518772,0.3656531890475124,0.5816848449567671,0.4420036380716203,0.7133127885721011,0.23028102282764296,0.8272628493348816
"Murray Hill, Manhattan",east_40th_street/west_to_east/039_n00587_E.jpg,n00587,east_40th_street,west_to_east,W,39,E,0.22201841175751724,0.19904550316794212,0.1380922950144211,0.506598703967125,0.34407494604669414,0.6675390495181123,0.7373955960516326,0.6176944780330511,0.052995391705069096,0.18638540331329345,0.4592468164136119,0.6100209358128477,0.46936182192991754,0.3870872030598305,2.0497130046422805,0.9925707833804701,0.4,0.2,0.4,0.45058053135264636,0.24787444215554086,0.4539530468729612,0.27238856430485897,0.20045902883026478,0.24732851190541494,0.910003115542392
"Murray Hill, Manhattan",east_40th_street/west_to_east/040_n00588_E.jpg,n00588,east_40th_street,west_to_east,W,40,E,0.29586955940876297,0.2946516007532956,0.2175723648279629,0.47958391554106505,0.24828730464568616,0.6791739383362421,0.7158593322386425,0.6456381428273996,0.055564848890375794,0.26936450833000714,0.6968566866385136,0.6368235164105402,0.4723541079854726,0.39778847012549295,2.666283616587652,0.9048894092362589,0.4,0.2,0.4,0.4949001538681129,0.30584232666282335,0.5469178319655841,0.36865547816884287,0.40427624653564304,0.2557784542553223,0.8296155754472436
"Murray Hill, Manhattan",east_40th_street/west_to_east/041_n00589_E.jpg,n00589,east_40th_street,west_to_east,W,41,E,0.33138291265887415,0.31198956442831216,0.2710591689250226,0.5311702127659573,0.23693665948054612,0.6812620171298724,0.7082414215686273,0.6810699588477367,0.0667904365151241,0.30481054867073626,0.7786345036416237,0.6584985234717612,0.48536727231049603,0.44534651191795266,2.236972684973379,0.9650784334630369,0.4,0.2,0.4,0.5811473364013173,0.3811679532622317,0.6021762752649633,0.4307967098961594,0.5094173482288397,0.29466585295973813,0.8847977352336549
"Murray Hill, Manhattan",east_40th_street/west_to_east/042_n00590_E.jpg,n00590,east_40th_street,west_to_east,W,42,E,0.2872813170661309,0.25830073880921334,0.21102110947471772,0.30772882643372584,0.23710230053842393,0.5652617898254735,0.6665709179114004,0.5286647314949202,0.06606917672491441,0.25220105511668733,0.6516755997212231,0.5452961052402584,0.420434942043745,0.2326378557678663,1.504776919820093,1.0,0.4,0.2,0.4,0.41649636726054606,0.26066480340566817,0.41649636726054606,0.2639612063942307,0.3558000887563472,0.1362473335052969,0.9875117899573497
"Murray Hill, Manhattan",east_40th_street/west_to_east/043_n00591_E.jpg,n00591,east_40th_street,west_to_east,W,43,E,0.23349387819308112,0.18851974898486526,0.0965223562810504,0.2995035215333102,0.20350976507217666,0.6056963116166839,0.6091051271589828,0.6859756097560976,0.04050891345483517,0.1728453278196656,0.41924924637853994,0.5672300226926058,0.44519655012330517,0.30532830435995995,2.208570348667973,0.9691987766179637,0.4,0.2,0.4,0.38024231181823526,0.20195498109347926,0.3923264463303364,0.22727952874702612,0.1756779499457285,0.18612467011737657,0.888575324873476
"Murray Hill, Manhattan",east_40th_street/west_to_east/044_n00592_E.jpg,n00592,east_40th_street,west_to_east,W,44,E,0.26197868921057205,0.273566632231405,0.22696969696969696,0.4552540913006029,0.4063218390804597,0.663445505532818,0.7259032038173143,0.7675428657753608,0.04797340088663712,0.2541716728038913,0.6570240000047992,0.5707925859176537,0.5138064901597708,0.5515900811731766,3.4552393176159804,0.8038955769590503,0.3,0.1,0.6,0.4689123924756747,0.29192817984066555,0.5833001274238391,0.3960910128654129,0.3612385180152639,0.39025478290438964,0.7370229829977469
"Murray Hill, Manhattan",east_40th_street/west_to_east/045_n00593_E.jpg,n00593,east_40th_street,west_to_east,W,45,E,0.14353457375500775,0.18411206821543544,0.10471687860015218,0.5075465639049455,0.3756568144499179,0.6990602306706536,0.6896394637511389,0.7708466057903306,0.0664768618944324,0.14412117352353176,0.3383746114667877,0.6103166600418937,0.5089876438119674,0.5336527099172582,4.701908286563987,0.6667859207472575,0.3,0.1,0.6,0.314569423274367,0.1751229460324123,0.47176974421090584,0.2864674233487171,0.1311762264118429,0.3731974195166352,0.6113188857053213
"Murray Hill, Manhattan",east_40th_street/west_to_east/046_n00594_E.jpg,n00594,east_40th_street,west_to_east,W,46,E,0.17201105369746442,0.1597863934645775,0.14130434782608692,0.4742824409068982,0.775175879396985,0.7068376068376069,0.7197269489513257,0.7058438155136267,0.08689522113386765,0.15770059832937627,0.3757579940171087,0.46864805611584004,0.50415532853294,0.5155774391032719,5.952673908980066,0.5527214638557582,0.3,0.1,0.6,0.25670824846651324,0.1434282783166606,0.4644441463802201,0.2830395099530828,0.15088898677477025,0.3564034217501027,0.5067429573363647
"Murray Hill, Manhattan",east_41st_street/east_to_west/001_n00640_W.jpg,n00640,east_41st_street,east_to_west,W,1,W,0.332311090159206,0.29545639274973584,0.3615652437178323,0.4971348707197763,0.4513232514177694,0.7829566854990584,0.647597479322568,0.733343776106934,0.06325301204819274,0.32977757554225806,0.8259700217634012,0.6095894349336883,0.48139808915923155,0.4306919284315728,4.173417347897318,0.7217960911668168,0.3,0.1,0.6,0.3912979693804614,0.2509449551159025,0.5421170524045235,0.3792124188766892,0.5835292069167716,0.28244466877105473,0.6617529981197788
"Murray Hill, Manhattan",east_41st_street/east_to_west/002_n00639_W.jpg,n00639,east_41st_street,east_to_west,W,2,W,0.4262892867964553,0.5109582059123343,0.48611843261289756,0.5327172048042427,0.3159834177798249,0.7545327754532777,0.6599911414831688,0.7664891728789492,0.18493070237256282,0.4744553084405624,0.9642038952868174,0.6570888541592318,0.537137005578227,0.6357708700373433,4.173417347897318,0.7217960911668168,0.3,0.1,0.6,0.5216845507222452,0.39224783612222447,0.7227589025578096,0.5927405500794221,0.8882918781074527,0.47594766703399766,0.6617529981197788
"Murray Hill, Manhattan",east_41st_street/east_to_west/003_n00638_W.jpg,n00638,east_41st_street,east_to_west,W,3,W,0.3960015532632706,0.5395473811686345,0.5476680384087791,0.5655765115034778,0.345587222910643,0.7520699957319675,0.7826827054017249,0.7502241348395194,0.1772654553765284,0.49440565761356137,0.9716086310418137,0.6573530947749341,0.5700574318725908,0.7409402923045499,2.581346515563784,0.9164919663333078,0.4,0.2,0.4,0.7389213846667151,0.605732428416848,0.8062497128294366,0.7208929368935355,0.9099328379681697,0.5980923284583854,0.8402529660327428
"Murray Hill, Manhattan",east_41st_street/east_to_west/004_n00637_W.jpg,n00637,east_41st_street,east_to_west,W,4,W,0.3918675449059461,0.3885570847398944,0.3829617834394905,0.4726904643860519,0.284933728144388,0.7990280467685245,0.6301688605238666,0.7812354312354312,0.34000329380764166,0.38779547102844364,0.9049559372877869,0.6622615943367294,0.5838025285223132,0.7785157821431123,0.98927568323025,1.0,0.5,0.2,0.3,0.81264310943801,0.6938812603086244,0.81264310943801,0.6938812603086244,0.7375925099503359,0.6465021676457027,1.0
"Murray Hill, Manhattan",east_41st_street/east_to_west/005_n00636_W.jpg,n00636,east_41st_street,east_to_west,W,5,W,0.41244227726205235,0.4959100204498978,0.47094356261022924,0.5478855721393034,0.3779337946004613,0.7936634717784877,0.7621993524514338,0.7724578203374373,0.37573886426008024,0.45976528677405976,0.9575960065608561,0.6545384164391099,0.636798679016317,0.8861475525563364,1.739885336204386,1.0,0.4,0.2,0.4,0.8603246683428091,0.7582236815798691,0.8603246683428091,0.795373282412307,0.8695664333302171,0.801968219502156,0.953292873102594
"Murray Hill, Manhattan",east_41st_street/east_to_west/006_n00635_W.jpg,n00635,east_41st_street,east_to_west,W,6,W,0.4145451416746776,0.44747235387045814,0.4845635480332237,0.5955165692007798,0.2352357984994641,0.790855329583153,0.6854278874925194,0.7534516765285996,0.34050807823129253,0.4488603478594531,0.9519524606942869,0.7170453667614896,0.5931292140841371,0.8016975793618946,1.427413365792444,1.0,0.4,0.2,0.4,0.839768654596488,0.7511200106870387,0.839768654596488,0.7518431688623554,0.853993374965722,0.6777824616736685,0.99903815289509
"Murray Hill, Manhattan",east_41st_street/east_to_west/007_n00634_W.jpg,n00634,east_41st_street,east_to_west,W,7,W,0.39221130691910805,0.4536855838225701,0.5030891767157958,0.6333837619768028,0.3553440213760855,0.7651215156456246,0.610452658363466,0.7670194195941523,0.2950707198648934,0.44966202248582465,0.952390565802538,0.6810537520821139,0.5575142659408372,0.7032273723976021,1.553631953597192,1.0,0.4,0.2,0.4,0.7888612412742478,0.6724262518453423,0.7888612412742478,0.6859382032391841,0.8551888118578881,0.5521534286492208,0.9803015033569574
"Murray Hill, Manhattan",east_41st_street/east_to_west/008_n00633_W.jpg,n00633,east_41st_street,east_to_west,W,8,W,0.41005267449617,0.4724295190713101,0.39749751408684125,0.6472930889926937,0.30710431654676257,0.7511331106870229,0.616725191832488,0.7796858875128999,0.2899677493665054,0.42665990255144043,0.9381918270599295,0.6971072943776513,0.5621262762372977,0.7174594081017542,2.274061704301268,0.9597242689253678,0.4,0.2,0.4,0.7621527037466924,0.6028343685850321,0.7941371583737252,0.6851255052245557,0.817554503856622,0.5691920287804663,0.8798889604722101
"Murray Hill, Manhattan",east_41st_street/east_to_west/009_n00632_W.jpg,n00632,east_41st_street,east_to_west,W,9,W,0.24544216419043544,0.20999392202830602,0.16891178024300055,0.6063974591651542,0.2267916912778106,0.7804947804947805,0.5459629023458811,0.7455400782013686,0.11371900826446284,0.20811595548724732,0.5243286395409394,0.7200335161273747,0.46840732960390413,0.38369593377889327,2.7431540721195544,0.8945154438685227,0.4,0.2,0.4,0.44105697684354744,0.2493488858089574,0.4930680402074475,0.30404523191306426,0.24551797902664904,0.2446728811416863,0.8201045753621744
"Murray Hill, Manhattan",east_41st_street/east_to_west/010_n00631_W.jpg,n00631,east_41st_street,east_to_west,W,10,W,0.2452498973791506,0.3043192705918714,0.20673905549810412,0.6969074986316367,0.23023892221871378,0.7971568430228659,0.6771513693136244,0.7975190612342149,0.1317535318823979,0.2521027411563754,0.6514077510690754,0.7546084731452629,0.5354746541434123,0.6299773886428275,3.295001122676991,0.8234518768590914,0.3,0.1,0.6,0.5335329492558358,0.34203049289768767,0.6479224399741501,0.45304903611398933,0.35552972453274684,0.469732324274257,0.7549524789445333
"Murray Hill, Manhattan",east_41st_street/east_to_west/011_n00630_W.jpg,n00630,east_41st_street,east_to_west,W,11,W,0.16695127136018317,0.18879160750907084,0.1580945198592257,0.6559186013184294,0.27030744336569573,0.8194943939073408,0.6600309238500194,0.783125433125433,0.11286434363357441,0.1712791329094932,0.41468028220708075,0.7350351839533581,0.5186735668696756,0.5695715989070094,3.569072455077676,0.7902856091707273,0.3,0.1,0.6,0.4198149473378892,0.24228810351021196,0.5312192737236033,0.33440027440635717,0.17297281242061704,0.4077595085762542,0.7245451695287422
"Murray Hill, Manhattan",east_41st_street/east_to_west/012_n00629_W.jpg,n00629,east_41st_street,east_to_west,W,12,W,0.292217946596786,0.2675399862623884,0.23023014834205938,0.6742693962320131,0.262062964720772,0.7797777777777778,0.6167189337514699,0.7871001412169215,0.18392180331139038,0.2633293604004112,0.6813433828986841,0.7306614030963396,0.5292469594265938,0.6079502698880093,3.673075862400078,0.7780524198611107,0.3,0.1,0.6,0.4985527550183316,0.32054009178149767,0.6407701361655397,0.4493576166651462,0.3869620038442804,0.4465464656097325,0.713329606295199
"Murray Hill, Manhattan",east_41st_street/east_to_west/013_n00628_W.jpg,n00628,east_41st_street,east_to_west,W,13,W,0.3428029110741636,0.27806005676096307,0.1997747005165403,0.6866730279898219,0.21596275505658027,0.8165090841675937,0.4081349206349206,0.7737777777777778,0.13037422474508564,0.27354588945055563,0.7073505043157713,0.762406452366945,0.437428974385928,0.2811902193532996,5.83227093245531,0.562794548674467,0.3,0.1,0.6,0.23059987365899634,0.1329288823561774,0.40974077343521054,0.25762504427221267,0.4164163832847962,0.16911617001715396,0.5159781058231342
"Murray Hill, Manhattan",east_41st_street/east_to_west/014_n00627_W.jpg,n00627,east_41st_street,east_to_west,W,14,W,0.3792166363212302,0.25467131377674507,0.21322840547123856,0.649501661129568,0.23243565081982234,0.7702518720217836,0.5484347548314966,0.7761964898646462,0.18957811941365751,0.28237211852307126,0.7287847079793225,0.7291059607771764,0.5047364547032667,0.5177542376662502,5.778908148357047,0.5673174687952357,0.3,0.1,0.6,0.3367900047987131,0.2131789187508963,0.5936535067639036,0.40986110524513103,0.44236055480823194,0.3584053959889023,0.5201247837932745
"Murray Hill, Manhattan",east_41st_street/east_to_west/015_n00626_W.jpg,n00626,east_41st_street,east_to_west,W,15,W,0.33667591809542835,0.19081201689377644,0.1467365637102106,0.662706541035095,0.236974358974359,0.7844220456160755,0.5153897254207264,0.7665799306111555,0.1532854316359471,0.22474149956647177,0.5736840313149599,0.7367180758922705,0.47841836255594294,0.41976831278206583,4.689854849930475,0.6679925705158702,0.3,0.1,0.6,0.3257687220992119,0.18710000324126622,0.4876831516967781,0.3055067224760476,0.28431553038210444,0.27347487924140734,0.612425159501802
"Murray Hill, Manhattan",east_41st_street/east_to_west/016_n00625_W.jpg,n00625,east_41st_street,east_to_west,W,16,W,0.29652637230539436,0.17209094163981384,0.13006962576153172,0.54666217632091,0.3166368515205724,0.7690238144830938,0.46773362766740245,0.6848860168730928,0.06625781625781624,0.19956231323558,0.4986869427252424,0.6663497130944771,0.40629248693277054,0.19692697172472376,6.277325824619536,0.526450023683111,0.3,0.1,0.6,0.15476006081453095,0.08035520296399275,0.29396914018886344,0.16648513441471752,0.22700422082482066,0.11315100954217558,0.48265692457457776
"Murray Hill, Manhattan",east_41st_street/east_to_west/017_n00624_W.jpg,n00624,east_41st_street,east_to_west,W,17,W,0.2947589032146781,0.2998095517140346,0.2661941777168115,0.7623152709359605,0.4238287432731877,0.8066598008925506,0.6363834830339322,0.8060572551910554,0.12288039148742458,0.28692087754850804,0.7394381790077044,0.7150487761851078,0.5217737099041374,0.580933250375911,6.581527992611663,0.5029677637583176,0.3,0.1,0.6,0.32071555177484684,0.20905304919157328,0.6376463361754426,0.4533514024619697,0.455864617883912,0.4190357264107592,0.4611280522267936
"Murray Hill, Manhattan",east_41st_street/east_to_west/018_n00623_W.jpg,n00623,east_41st_street,east_to_west,W,18,W,0.375357879682056,0.3915169913146134,0.429107735288982,0.6877988748241912,0.3256377369246117,0.7921608659018732,0.548542999289268,0.7697863078749506,0.1389626352015733,0.3986608687618838,0.915593681544137,0.7181073346004843,0.4857639807885973,0.4468168680192637,4.725839178372322,0.6643966942774856,0.3,0.1,0.6,0.3860423683285395,0.2615839864542473,0.5810419763577401,0.42943980734032255,0.7620365970286822,0.29590412809722816,0.6091284086455151
"Murray Hill, Manhattan",east_41st_street/east_to_west/019_n00622_W.jpg,n00622,east_41st_street,east_to_west,W,19,W,0.3719929876720783,0.439859649122807,0.408072823092586,0.6549149878554079,0.3733601070950468,0.7982396859110511,0.6515927189988623,0.7953444726964524,0.19407121263016455,0.40664181996249044,0.9227065359830917,0.6932648555571375,0.5470028014418264,0.669304703739062,3.794510076043721,0.7640083875505616,0.3,0.1,0.6,0.5650429365169827,0.41971666414314446,0.7395768760190327,0.5992067462837398,0.7789656970247266,0.512922944176529,0.7004538362530348
"Murray Hill, Manhattan",east_41st_street/east_to_west/020_n00621_W.jpg,n00621,east_41st_street,east_to_west,W,20,W,0.14245005909748873,0.12907959614933084,0.08860103626943006,0.7189564068692206,0.22320331695331697,0.8018238993710692,0.573736176935229,0.8014991028535047,0.1270781379883624,0.12004356383874987,0.2769828735585371,0.7658589964289909,0.5007711392590319,0.5028917399791325,6.604707384510288,0.5012220273638096,0.3,0.1,0.6,0.21981919192879812,0.1189528032668029,0.4385665033217772,0.25885892340536776,0.1016038244528058,0.34484616735036294,0.4595275360877757
"Murray Hill, Manhattan",east_41st_street/east_to_west/021_n00620_W.jpg,n00620,east_41st_street,east_to_west,W,21,W,0.3390253785179909,0.34500842137498083,0.4291645905995682,0.6650326797385621,0.43740219092331767,0.8245094229648339,0.6393590205257472,0.8114857943824464,0.1473496432212029,0.37106613016418,0.886229588418563,0.684046637260026,0.5327314860431321,0.620335452409914,6.598977709798668,0.5016529884085409,0.3,0.1,0.6,0.3497452378640026,0.24918430625551344,0.6971855963094029,0.5417961209177091,0.6969341510133449,0.4594973315822211,0.45992264734830185
"Murray Hill, Manhattan",east_41st_street/east_to_west/022_n00619_W.jpg,n00619,east_41st_street,east_to_west,W,22,W,0.19836869031383067,0.27727999999999997,0.24221462673611116,0.7822713137358446,0.4115911237016053,0.8291899627263045,0.7655902004454344,0.8411058809855881,0.12052714753358167,0.2392877723499806,0.6157276677551357,0.7332900509201812,0.5757410763215347,0.7569658450575663,6.768173416840667,0.48908156074482806,0.3,0.1,0.6,0.3468735938675326,0.23171614193163442,0.709234658814932,0.5167656140760618,0.32112654636620475,0.6184035059760308,0.44839698234551756
"Murray Hill, Manhattan",east_41st_street/east_to_west/023_n00618_W.jpg,n00618,east_41st_street,east_to_west,W,23,W,0.23898594887940566,0.2671288743882545,0.22019727372788078,0.76125,0.3133428526098683,0.8074249265390955,0.7141528925619834,0.8275716916600895,0.11374917273328926,0.24210403233184696,0.6236919268247942,0.7517773579764091,0.5518245856517874,0.6851127499487477,6.937369123882666,0.47682517315294914,0.3,0.1,0.6,0.3205651938167258,0.2080971566342035,0.6722908350182668,0.4760204157475221,0.3285381253523704,0.5309678245011683,0.4371601505944165
"Murray Hill, Manhattan",east_41st_street/east_to_west/024_n00617_W.jpg,n00617,east_41st_street,east_to_west,W,24,W,0.2966913417104972,0.3337642749407455,0.3269913749365804,0.6638182576073364,0.21767691140201104,0.7474919093851132,0.7498509242695289,0.7930732337207157,0.12861241523213354,0.31914899719594103,0.8068682763185949,0.7312110851968128,0.5571788577407927,0.7021763114415647,8.256986758209393,0.3911954335842855,0.3,0.1,0.6,0.28754548312727657,0.2034071915111356,0.7350430461129682,0.5671411181142348,0.5522424407381324,0.5509090085547327,0.3586535784735059
"Murray Hill, Manhattan",east_41st_street/east_to_west/025_n00616_W.jpg,n00616,east_41st_street,east_to_west,W,25,W,0.14847766753710695,0.14309210526315788,0.07974784870922558,0.6828985507246377,0.31595777469563874,0.7422536336048555,0.7022647873750151,0.8040758004550247,0.07873990096429499,0.12377254050316346,0.28603300817752664,0.7030648032112847,0.5283601629314449,0.6047752817884452,8.273790889013517,0.390210620390046,0.3,0.1,0.6,0.19137265703225562,0.1080375324446064,0.4904342604539151,0.3019911244930948,0.10576185080796431,0.4432613704061516,0.357750687626837
"Murray Hill, Manhattan",east_41st_street/east_to_west/026_n00615_W.jpg,n00615,east_41st_street,east_to_west,W,26,W,0.1525135679527017,0.15804540640720152,0.1067624352584775,0.5719122426868907,0.18852119100937217,0.7362894278015534,0.7255418331517133,0.7677886034839091,0.06187930833041244,0.13910713653946025,0.32503798527759076,0.7065601598263573,0.5184032483220116,0.5685772511801328,8.273768811890005,0.39021191260139493,0.3,0.1,0.6,0.1917208567819812,0.107803324469668,0.4913249713568479,0.30133545846489035,0.12446973811717153,0.40678068076260443,0.3577518723447163
"Murray Hill, Manhattan",east_41st_street/east_to_west/027_n00614_W.jpg,n00614,east_41st_street,east_to_west,W,27,W,0.2113913773740094,0.20672079386558417,0.17986614612381482,0.6371771635704576,0.24112665334475217,0.7840372949898899,0.7243823779968358,0.7936318590567076,0.07133283461130853,0.1993261057878028,0.4979783283806998,0.7266959350718651,0.5297823572216174,0.609862756367824,8.257784085724218,0.3911486497495636,0.3,0.1,0.6,0.22844386997627825,0.13751790235641798,0.5840333850635595,0.3834740780963409,0.22650722851496993,0.44853210234619856,0.3586106863835242
"Murray Hill, Manhattan",east_41st_street/east_to_west/028_n00613_W.jpg,n00613,east_41st_street,east_to_west,W,28,W,0.2726387711578755,0.3079477292202228,0.2583896596703428,0.7804481161597195,0.2725246736708055,0.7832970225127088,0.7521373171161643,0.8454617834394904,0.14815440018005854,0.279658720016147,0.7223010970757124,0.7637401550005409,0.5819178335785711,0.7736027857900412,8.27623945558217,0.3900673282042179,0.3,0.1,0.6,0.29522996527769946,0.20738617971627524,0.756869247770306,0.5799076583533321,0.43434428919543994,0.6400148903122758,0.3576193152978105
"Murray Hill, Manhattan",east_41st_street/east_to_west/029_n00612_W.jpg,n00612,east_41st_street,east_to_west,W,29,W,0.1994011079974387,0.14587194933580475,0.1324257425742574,0.7968696544645911,0.3024051021976333,0.7867972554227535,0.7332483612527313,0.8307038834951457,0.122805674627475,0.15923293330250027,0.38008091425167734,0.7604206025632371,0.562252639791784,0.7178434796851736,8.29073054651688,0.38922037386606795,0.3,0.1,0.6,0.2322103791445475,0.14111688392987276,0.5966038643816006,0.3954595071826198,0.15326004152974732,0.5696567564688971,0.35684281542561624
"Murray Hill, Manhattan",east_41st_street/east_to_west/030_n00611_W.jpg,n00611,east_41st_street,east_to_west,W,30,W,0.3220260310450021,0.22145871937409925,0.17292535929531758,0.8148328100862111,0.3143658254989279,0.8115605658709106,0.5538407163053723,0.8240986421101919,0.17973231357552585,0.23880336990480633,0.6143513890669534,0.7706758501527313,0.5192238906636967,0.5715941848515659,7.323797567181957,0.4499721283763923,0.3,0.1,0.6,0.27080116199183907,0.1671693521916529,0.6018176347254103,0.4052188630543575,0.31986064444635665,0.4097544956550996,0.4125408943986604
"Murray Hill, Manhattan",east_41st_street/east_to_west/031_n00610_W.jpg,n00610,east_41st_street,east_to_west,W,31,W,0.3245995668973639,0.15459345300950375,0.17000105853710168,0.7812653411880216,0.16706424936386766,0.810205728116176,0.4140613847251962,0.801934947768281,0.16639600625526282,0.21639802614798975,0.5490359540329091,0.8081356066467766,0.46079744624957997,0.35708508441931514,7.710973478054793,0.42458374153010875,0.3,0.1,0.6,0.18717810479027763,0.10424222908753229,0.44085085339284985,0.2677928258232059,0.26438968476366886,0.2241963835797437,0.38926445757868045
"Murray Hill, Manhattan",east_41st_street/east_to_west/032_n00609_W.jpg,n00609,east_41st_street,east_to_west,W,32,W,0.32996588090793216,0.19510443864229762,0.1533495407887628,0.793799912482223,0.26534296028880866,0.8030577956989248,0.5877957217736224,0.8216427353248611,0.1890934000476531,0.22613995344633087,0.5777831160183012,0.7771715826307797,0.5328439523820455,0.6207326917083233,7.632834032192674,0.42958953118736437,0.3,0.1,0.6,0.26691784250897993,0.16584229595219427,0.6213322791438425,0.42107573994111175,0.2877425462946876,0.4599163414254663,0.3938538372583223
"Murray Hill, Manhattan",east_41st_street/east_to_west/033_n00608_W.jpg,n00608,east_41st_street,east_to_west,W,33,W,0.19809876064920254,0.16762864041044212,0.12989718614718607,0.7399063984353171,0.21415243959324562,0.8164921863146715,0.5804459843638948,0.8045527850142662,0.150460593654043,0.16520819573561024,0.39711473735758307,0.7807487150522476,0.5118197876774013,0.5442084597630006,7.556202642204242,0.4345560271494957,0.3,0.1,0.6,0.22306471621673893,0.12680013198171539,0.5133163557296614,0.31826767828196784,0.1627981123067883,0.38318720395889105,0.3984071919152826
"Murray Hill, Manhattan",east_41st_street/east_to_west/034_n00607_W.jpg,n00607,east_41st_street,east_to_west,W,34,W,0.145105794211949,0.1874074896388395,0.13407848981619475,0.7331863285556781,0.2591918140825529,0.7881532485875705,0.6750473100838065,0.8020814258682781,0.13476771569257118,0.15553059122232774,0.3696699698626209,0.7540492543535652,0.5372988172148853,0.6363327363635158,4.5640066977117,0.6807221870098923,0.3,0.1,0.6,0.3743386663833897,0.21906292676464129,0.5499140082794889,0.3510084632970498,0.14758293372339762,0.47655309156224257,0.624095854290709
"Murray Hill, Manhattan",east_41st_street/east_to_west/035_n00606_W.jpg,n00606,east_41st_street,east_to_west,W,35,W,0.15570891351596436,0.1918276492566977,0.17540847738574472,0.7423716114970712,0.23845241777502832,0.791099589544178,0.6990970367544195,0.8013908744341197,0.116099243435692,0.1743150133861356,0.4235493152504716,0.7650062610887403,0.5388623848747437,0.6417426475607853,4.410027571355876,0.6966277150239414,0.3,0.1,0.6,0.401656670437934,0.23933317293065004,0.5765729122966778,0.374731980205566,0.17824656925053406,0.48240652710465937,0.6386782702649492
"Murray Hill, Manhattan",east_41st_street/east_to_west/036_n00605_W.jpg,n00605,east_41st_street,east_to_west,W,36,W,0.17717855806926394,0.24472573839662445,0.1999527856468366,0.7578335754305873,0.4663210445468509,0.8078241284763025,0.7290919952210274,0.8239278828617581,0.1522545662100457,0.207285694037575,0.5218431703085542,0.6997788864533463,0.568424814764277,0.7362119710588244,3.99781972848092,0.7410605380334849,0.3,0.1,0.6,0.48956853444964593,0.3134389763307772,0.6606323091346752,0.46133661118460473,0.24367710106700854,0.5921917730247177,0.6794149190239619
"Murray Hill, Manhattan",east_41st_street/east_to_west/037_n00604_W.jpg,n00604,east_41st_street,east_to_west,W,37,W,0.18946601615861364,0.22232142857142856,0.21575464949928466,0.7534456355283309,0.4038872452333991,0.7918260473588342,0.7754448253346392,0.7845402910898119,0.08083862014274386,0.20918069807644227,0.5275142713010038,0.7137948125512553,0.5469412455223983,0.6691003037622641,2.4102510869213947,0.9403175298574422,0.4,0.2,0.4,0.5795346219040595,0.3531169991843735,0.6163180026984293,0.40960259641664964,0.24789244826186047,0.5126922609423651,0.8620965840391824
"Murray Hill, Manhattan",east_41st_street/east_to_west/038_n00603_W.jpg,n00603,east_41st_street,east_to_west,W,38,W,0.1787089080435417,0.2964767616191904,0.2991601171212821,0.7926288218943768,0.310312397775597,0.8252786906372833,0.7060478199718706,0.8247877028915404,0.19718457821199706,0.2581152622613381,0.6676073270649138,0.7691983715853543,0.5760067003584692,0.7576980914340017,4.8321276221328695,0.6538880344554836,0.3,0.1,0.6,0.4777066315084565,0.3256793818318663,0.7305633477545742,0.543257190178467,0.37222820674930657,0.6193432932097037,0.5994939187549021
"Murray Hill, Manhattan",east_41st_street/east_to_west/039_n00602_W.jpg,n00602,east_41st_street,east_to_west,W,39,W,0.16172263046787125,0.23044944887875327,0.1981917677849155,0.7151628578933543,0.2110604805302403,0.7784302759134974,0.7249594105157987,0.8370326443013667,0.1279283093423652,0.19678794904384667,0.4903650399799667,0.7608442177588705,0.5633067880531768,0.7210350939189363,7.254004157344345,0.454707636545793,0.3,0.1,0.6,0.29362397536847534,0.1848080828953763,0.645742344683285,0.44330978986588915,0.22121544556906933,0.5735287451388216,0.41688247613770224
"Murray Hill, Manhattan",east_41st_street/east_to_west/040_n00601_W.jpg,n00601,east_41st_street,east_to_west,W,40,W,0.34480961084087375,0.3037551440329218,0.24858427714856765,0.7740082244799226,0.23970370370370367,0.7889167631545092,0.6229607583774249,0.7911556879233824,0.14525252525252527,0.2990496773407877,0.7664898888374365,0.774407094643576,0.5197896571844443,0.5736710355051509,6.671614679900035,0.49621687393480945,0.3,0.1,0.6,0.3199765441934548,0.21051970332629,0.6448320502609344,0.4627429694377694,0.4921364964769011,0.4118085647575821,0.4549387397113142
"Murray Hill, Manhattan",east_41st_street/east_to_west/041_n00600_W.jpg,n00600,east_41st_street,east_to_west,W,41,W,0.3510523715854771,0.33193179163746783,0.31401046887181194,0.774926777590827,0.2711558307533539,0.7922445318429587,0.6680801376597837,0.8095550095550096,0.16303876976391596,0.3323315440315856,0.8303315060664846,0.7653384928934772,0.5468913056595697,0.6689344286628603,7.255112379888497,0.45463205523996225,0.3,0.1,0.6,0.32889024610878553,0.23206659681124533,0.7234207142195282,0.5567640534650716,0.5909576818666592,0.5125051053608819,0.41681318211360413
"Murray Hill, Manhattan",east_41st_street/east_to_west/042_n00599_W.jpg,n00599,east_41st_street,east_to_west,W,42,W,0.24001877649965284,0.18563875281859885,0.1329339023856424,0.779692125518058,0.2041065857154903,0.8010441214977743,0.6324179874677479,0.7943277923592884,0.11168356776796418,0.186197143901298,0.45868584204731405,0.792209887100114,0.5128097825316669,0.5478894337821801,3.431658645803761,0.8067440713608474,0.3,0.1,0.6,0.4348006292532406,0.2521738703129088,0.538957328214141,0.34094388824244093,0.20009719404282392,0.3867030883176581,0.7396345234779251
"Murray Hill, Manhattan",east_41st_street/east_to_west/043_n00598_W.jpg,n00598,east_41st_street,east_to_west,W,43,W,0.3398579739306687,0.23239767580962148,0.2914113040517535,0.7038539553752535,0.21697099892588612,0.7777012225284432,0.5497222222222221,0.7462439903846153,0.10850834679590737,0.2878889845973479,0.7416702399236547,0.7548613929926035,0.46815818646758156,0.38281258301719867,3.442940759667126,0.8053799591708338,0.3,0.1,0.6,0.40238568170346317,0.24375679737434933,0.4996221685448108,0.33012204360973385,0.4587477552051342,0.24398288543102123,0.7383838858774168
"Murray Hill, Manhattan",east_41st_street/east_to_west/044_n00597_W.jpg,n00597,east_41st_street,east_to_west,W,44,W,0.37661806691805305,0.45580418381344306,0.5983796296296297,0.7900038163777124,0.3409889029358055,0.8244874048037493,0.6081964152352501,0.7954661666950741,0.20565455392499418,0.47693396012037526,0.9652164405527611,0.7578341060818854,0.5364390452851061,0.633343080320874,4.345506252297734,0.7034025470846599,0.3,0.1,0.6,0.5146739443882957,0.3868467716251505,0.7316918975079441,0.5998651731959103,0.8912094293337072,0.4733370538726492,0.6448895333665421
"Murray Hill, Manhattan",east_41st_street/east_to_west/045_n00596_W.jpg,n00596,east_41st_street,east_to_west,W,45,W,0.18355492565729897,0.1959754009030048,0.19131040394299795,0.8001011592300963,0.35555799648506153,0.8559042403819151,0.7274695692883896,0.8376941255908171,0.18275231332042177,0.19028024350110057,0.4708737429903411,0.7668158010423166,0.5826386693998762,0.7754909058668585,5.567382133083876,0.5856064395111146,0.3,0.1,0.6,0.39056409603185527,0.25034248021902133,0.6669395513442651,0.46628056619089114,0.2080549445250371,0.6425022639190776,0.5368923741860031
"Murray Hill, Manhattan",east_41st_street/east_to_west/046_n00595_W.jpg,n00595,east_41st_street,east_to_west,W,46,W,0.3366361909666961,0.26502525252525255,0.24006420055029043,0.7597782258064516,0.26773635362592424,0.798769135291684,0.745286374955532,0.8086445252258206,0.15606218215441514,0.28057521468074637,0.7245016852177322,0.7636036691574037,0.5699976941119225,0.7407682572197996,4.95862380594158,0.6415978516307596,0.3,0.1,0.6,0.4735555601355439,0.3280628035713927,0.7380878207928847,0.5577154802724578,0.4370482899331064,0.5978769149810392,0.5882261030501179
"Murray Hill, Manhattan",east_41st_street/west_to_east/001_n00595_E.jpg,n00595,east_41st_street,west_to_east,W,1,E,0.15602695741088266,0.19072741806554752,0.17639085337105143,0.7644544244843646,0.3437180049729413,0.8497948614474038,0.6389496717724289,0.8117272996154984,0.11283865306570144,0.17438174294916053,0.42374483572143157,0.756843760319609,0.5211718748178762,0.5787339088621527,4.95862380594158,0.6415978516307596,0.3,0.1,0.6,0.3473619206905795,0.20175225867391722,0.5414013151815956,0.34298419881024483,0.17836388980795514,0.4168396422482835,0.5882261030501179
"Murray Hill, Manhattan",east_41st_street/west_to_east/002_n00596_E.jpg,n00596,east_41st_street,west_to_east,W,2,E,0.32260303884098274,0.28697916666666673,0.24149016641452348,0.8198824541284404,0.19896759017250387,0.8184937774524158,0.5201765907764156,0.8009478672985781,0.15118382961124896,0.28369079064072433,0.731901106756295,0.813136213802784,0.49076942922874756,0.46544055291894226,5.567382133083876,0.5856064395111146,0.3,0.1,0.6,0.33012348951198794,0.2051603834506692,0.5637292680517431,0.3821257170242329,0.4462674807243029,0.31178288638385393,0.5368923741860031
"Murray Hill, Manhattan",east_41st_street/west_to_east/003_n00597_E.jpg,n00597,east_41st_street,west_to_east,W,3,E,0.43336575454299586,0.4067164179104477,0.3982069744458563,0.7857701668984701,0.1879024269440317,0.7844534962661235,0.4906009123800535,0.7917394087523277,0.13319164009918527,0.41276304896643323,0.9277852909965665,0.7941070787401873,0.4718439870771888,0.395956898138116,4.345506252297734,0.7034025470846599,0.3,0.1,0.6,0.38549152652120083,0.2583553387786303,0.5480382863538366,0.4006195253781339,0.7913535847967715,0.25432461081709995,0.6448895333665421
"Murray Hill, Manhattan",east_41st_street/west_to_east/004_n00598_E.jpg,n00598,east_41st_street,west_to_east,W,4,E,0.2822293458098787,0.148673792557403,0.12314843996218094,0.8066577500371527,0.283962726826876,0.8212658478605389,0.6062542258282625,0.8099009900990098,0.1200607902735562,0.1846838594431542,0.4541804881517202,0.7813202903569385,0.5120720020669428,0.5451467118105895,3.442940759667126,0.8053799591708338,0.3,0.1,0.6,0.4308839414990213,0.2492847315481938,0.5350070318891856,0.33760857504625846,0.19720645165462647,0.38408177934287413,0.7383838858774168
"Murray Hill, Manhattan",east_41st_street/west_to_east/005_n00599_E.jpg,n00599,east_41st_street,west_to_east,W,5,E,0.3549740093140673,0.38136123781414905,0.38164893617021284,0.8047321118228313,0.22720457314216103,0.8090303709235748,0.5911036480969313,0.8142555994729909,0.24595712673937578,0.3726613944328097,0.8881455071381349,0.795519303201415,0.5504387914364326,0.6806111615161423,3.431658645803761,0.8067440713608474,0.3,0.1,0.6,0.6040675853735641,0.44185214845391074,0.7487722647339686,0.5973925424359915,0.7009622045177701,0.5257878830288768,0.7396345234779251
"Murray Hill, Manhattan",east_41st_street/west_to_east/006_n00600_E.jpg,n00600,east_41st_street,west_to_east,W,6,E,0.17916098439854963,0.18487701627618422,0.17250000000000001,0.7660402429764616,0.26253066947073256,0.7881694220714993,0.5933527885862516,0.8130811727382125,0.10956940387320135,0.1788460002249113,0.4368766035460304,0.7638929985257427,0.5053344550658885,0.5199935399280282,7.255112379888497,0.45463205523996225,0.3,0.1,0.6,0.23316841031641802,0.13288188708122767,0.5128727893886583,0.31880442554000166,0.18635044562967853,0.36047066668521155,0.41681318211360413
"Murray Hill, Manhattan",east_41st_street/west_to_east/007_n00601_E.jpg,n00601,east_41st_street,west_to_east,W,7,E,0.17873964601318892,0.3421741977734119,0.3468798380373943,0.6741268566840626,0.2329539706626201,0.7616306669831475,0.730180019074869,0.8227533515110202,0.08394342762063227,0.2892645606079984,0.7448202522785243,0.7342678510015299,0.5456255994021738,0.6647164553511964,6.671614679900035,0.49621687393480945,0.3,0.1,0.6,0.3447103162965981,0.2331125433493414,0.6946767318958292,0.5124042491902651,0.4628490923046211,0.5077606919252496,0.4549387397113142
"Murray Hill, Manhattan",east_41st_street/west_to_east/008_n00602_E.jpg,n00602,east_41st_street,west_to_east,W,8,E,0.1663438296214831,0.202920382421467,0.19061273769996978,0.7463119072708113,0.2976291278577477,0.830307508268243,0.6772508038585209,0.7924525306407569,0.12359234234234236,0.18662564991430663,0.45996285176553114,0.7596634292271022,0.5310985589472067,0.6145498991969999,7.254004157344345,0.454707636545793,0.3,0.1,0.6,0.26166491118032,0.15591370699864154,0.5754574811368228,0.3739991866368137,0.2009214947623886,0.45342036898097887,0.41688247613770224
"Murray Hill, Manhattan",east_41st_street/west_to_east/009_n00603_E.jpg,n00603,east_41st_street,west_to_east,W,9,E,0.16889821070721775,0.19635972716488728,0.16342260977888512,0.5033074817518247,0.19182141446068748,0.7533614972290361,0.7033523617640475,0.7594507575757575,0.07628994994224107,0.17622684921699672,0.4291603285370455,0.6882825215067244,0.5130310230940154,0.5487113436240856,4.8321276221328695,0.6538880344554836,0.3,0.1,0.6,0.34093555777761597,0.19600883283083462,0.5213974561585691,0.32695716620099885,0.1816318373655246,0.3874904374486951,0.5994939187549021
"Murray Hill, Manhattan",east_41st_street/west_to_east/010_n00604_E.jpg,n00604,east_41st_street,west_to_east,W,10,E,0.19015571945768509,0.3181430278204472,0.29581392065508966,0.8080189186283994,0.32003421994089276,0.8295711060948081,0.7637276378240233,0.8298298686523943,0.21689885604258693,0.2680375559777406,0.6934823972482906,0.7725186015941049,0.6034854541730015,0.8252430521650171,2.4102510869213947,0.9403175298574422,0.4,0.2,0.4,0.7143371701935759,0.49526568059004794,0.7596765427757938,0.5744897842763498,0.4004472137506408,0.7107322573371869,0.8620965840391824
"Murray Hill, Manhattan",east_41st_street/west_to_east/011_n00605_E.jpg,n00605,east_41st_street,west_to_east,W,11,E,0.16354311212949002,0.19267746608718558,0.18096243511920473,0.7288037166085947,0.21795834584960452,0.7805746853478984,0.6785009861932938,0.7998271214252227,0.11478405315614619,0.17906100444529344,0.4375114388704904,0.7638066853689628,0.5310373869248874,0.6143325214752395,3.99781972848092,0.7410605380334849,0.3,0.1,0.6,0.42023378081040036,0.2486428067158146,0.567070784696691,0.36596606838279533,0.18674195972623295,0.45319297447141155,0.6794149190239619
"Murray Hill, Manhattan",east_41st_street/west_to_east/012_n00606_E.jpg,n00606,east_41st_street,west_to_east,W,12,E,0.14585527767150594,0.1661276412246658,0.1589087809036658,0.6257597007947638,0.23022137543095633,0.7852118119975263,0.6437569213732003,0.7717766497461929,0.08122845399098384,0.1569638999332792,0.37368664816421937,0.7269167124537779,0.49892067503679227,0.4959526197931732,4.410027571355876,0.6966277150239414,0.3,0.1,0.6,0.32973542013686513,0.18275246081001403,0.4733308954346339,0.28614166054874707,0.14975983615050645,0.3386024021598736,0.6386782702649492
"Murray Hill, Manhattan",east_41st_street/west_to_east/013_n00607_E.jpg,n00607,east_41st_street,west_to_east,W,13,E,0.14588329052084584,0.13181159420289856,0.07814456084865255,0.5986087205966725,0.22774817446220644,0.795409813018417,0.5750629722921915,0.781636926438456,0.09804986550796609,0.11861314852413232,0.2735585488950996,0.7220901197176276,0.4849165880795378,0.44367726208249914,4.5640066977117,0.6807221870098923,0.3,0.1,0.6,0.27427387157071514,0.1450529937161507,0.4029160159675086,0.23242101789156228,0.10004767624049149,0.2932627670638064,0.624095854290709
"Murray Hill, Manhattan",east_41st_street/west_to_east/014_n00608_E.jpg,n00608,east_41st_street,west_to_east,W,14,E,0.36851139850173853,0.19771282305342255,0.1552625903159711,0.7724911380026892,0.21390287099179717,0.7801300524643464,0.4918624891209748,0.7924496071062522,0.14641626115166262,0.24049560395704406,0.619151243777141,0.7795727731584128,0.47690945245962985,0.41426582260406725,7.556202642204242,0.4345560271494957,0.3,0.1,0.6,0.2163405512624979,0.12608024342603444,0.4978427124382573,0.3164607617144727,0.32429445361509096,0.2690010101246582,0.3984071919152826
"Murray Hill, Manhattan",east_41st_street/west_to_east/015_n00609_E.jpg,n00609,east_41st_street,west_to_east,W,15,E,0.327678172519088,0.2042810709092464,0.18681751660475068,0.8020528235959098,0.2110452289023718,0.7968283339825998,0.5327040900811393,0.8097787586507548,0.16324869791666666,0.23959225334436168,0.616591809804083,0.7959453095587126,0.5019105155495203,0.5071639430257034,7.632834032192674,0.42958953118736437,0.3,0.1,0.6,0.24167423884029543,0.14562420148561414,0.5625701310092909,0.36974173591738196,0.32192360435408757,0.34871758179910545,0.3938538372583223
"Murray Hill, Manhattan",east_41st_street/west_to_east/016_n00610_E.jpg,n00610,east_41st_street,west_to_east,W,16,E,0.20504598228731905,0.22872048325096106,0.2158152242978777,0.8018618517268533,0.3056902683478824,0.8409616273693944,0.5353416026776925,0.8274195247879459,0.13154401614102154,0.2165272299453859,0.5494198080799068,0.7790444035827884,0.4981017145355533,0.4928819104383551,7.710973478054793,0.42458374153010875,0.3,0.1,0.6,0.22632712275791003,0.13240834620378764,0.5330564989188602,0.3401501052199827,0.2646913376129955,0.3358567772855915,0.38926445757868045
"Murray Hill, Manhattan",east_41st_street/west_to_east/017_n00611_E.jpg,n00611,east_41st_street,west_to_east,W,17,E,0.24557433093147144,0.23844614264919942,0.2061962408410322,0.7808325846061694,0.35637120916308734,0.8295874866779512,0.6679548837741899,0.840248538011696,0.14640463132236445,0.23007223814056765,0.5892502596516028,0.7513496207070112,0.5515360177027501,0.6841781969760492,7.323797567181957,0.4499721283763923,0.3,0.1,0.6,0.29714011979816823,0.19037623692717623,0.6603522775295467,0.46147240070509343,0.297509467101766,0.5298897029355626,0.4125408943986604
"Murray Hill, Manhattan",east_41st_street/west_to_east/018_n00612_E.jpg,n00612,east_41st_street,west_to_east,W,18,E,0.25192516637874596,0.23004439612213465,0.21225171797044143,0.7457929456112008,0.3542656112576957,0.734225621414914,0.778447742733457,0.8273378035520116,0.13666276689090381,0.23140709349044067,0.593121613077607,0.708584318589473,0.580816104392124,0.7706953279732494,8.29073054651688,0.38922037386606795,0.3,0.1,0.6,0.2749840347062561,0.18330933486882564,0.7064995903859829,0.5136977037079689,0.30086806758502943,0.6361986396661777,0.35684281542561624
"Murray Hill, Manhattan",east_41st_street/west_to_east/019_n00613_E.jpg,n00613,east_41st_street,west_to_east,W,19,E,0.2536077039218378,0.24219270684566316,0.24596419137070735,0.6434980334316617,0.28115340816658535,0.7509574052364205,0.7282546739626082,0.7845406771768775,0.10456424936386773,0.24725486737940272,0.6380841415925368,0.7044340101671656,0.539119866834451,0.6426301219988161,8.27623945558217,0.3900673282042179,0.3,0.1,0.6,0.2524431783938403,0.16184569121705933,0.647178474434226,0.45256417730759585,0.34231509010630023,0.4833709533105235,0.3576193152978105
"Murray Hill, Manhattan",east_41st_street/west_to_east/020_n00614_E.jpg,n00614,east_41st_street,west_to_east,W,20,E,0.15467495760871,0.1382198952879581,0.14026653171390016,0.5038522848034006,0.24288006417970318,0.6978824816377559,0.7233025928896017,0.7298831198022028,0.056468374339961803,0.14438712820352273,0.33908947397746086,0.6529515674204844,0.5032180290105888,0.5120652661730638,8.257784085724218,0.3911486497495636,0.3,0.1,0.6,0.18135077497450697,0.10014526220596275,0.463636459158477,0.27925900149796473,0.1315403818884655,0.3531850056236249,0.3586106863835242
"Murray Hill, Manhattan",east_41st_street/west_to_east/021_n00615_E.jpg,n00615,east_41st_street,west_to_east,W,21,E,0.25783320419080913,0.2709412248253185,0.2625231910946197,0.6785714285714285,0.2837594231399541,0.7850877192982456,0.7433658780823632,0.7975427350427351,0.07167602996254681,0.2637658733702491,0.6824795809687944,0.7266332415765733,0.5375282143625484,0.637128645761815,8.273768811890005,0.39021191260139493,0.3,0.1,0.6,0.2571551507441033,0.16740469140777844,0.6590140957761831,0.46793519293303254,0.38820534510879584,0.4774115075837473,0.3577518723447163
"Murray Hill, Manhattan",east_41st_street/west_to_east/022_n00616_E.jpg,n00616,east_41st_street,west_to_east,W,22,E,0.3495058546837118,0.4724140766321329,0.5053984575835475,0.6278102664067576,0.3102168949771689,0.7729730737674348,0.7492950839769524,0.7917592779686132,0.12288039148742458,0.4424394629664641,0.9483029625898687,0.6968554817323411,0.5546449178109967,0.6941670855442196,8.273790889013517,0.390210620390046,0.3,0.1,0.6,0.2975609250555937,0.22697061583990935,0.7625649059939944,0.6344379583042427,0.8441216626098327,0.5414881477731563,0.357750687626837
"Murray Hill, Manhattan",east_41st_street/west_to_east/023_n00617_E.jpg,n00617,east_41st_street,west_to_east,W,23,E,0.22903021590096573,0.26899023098694425,0.2107394040347955,0.7489485822819156,0.31594336718990457,0.7832957534761368,0.7453427719821163,0.8402041942604858,0.11692247803358913,0.2362532836409018,0.6070763872568515,0.7387669895227159,0.5674898147587304,0.733479252924763,8.256986758209393,0.3911954335842855,0.3,0.1,0.6,0.27130027092570363,0.17875990122527932,0.6935159453164994,0.4984193995390025,0.3132404053273036,0.588800396585648,0.3586535784735059
"Murray Hill, Manhattan",east_41st_street/west_to_east/024_n00618_E.jpg,n00618,east_41st_street,west_to_east,W,24,E,0.15057943878218558,0.15977809064092252,0.14652539137075218,0.5794209702660407,0.27337209302325577,0.8206301824212271,0.7386170906718852,0.8085042037137846,0.0822824926607953,0.15229430693128676,0.36066746892549867,0.7088930198880039,0.5431345956821549,0.6563383724612786,6.937369123882666,0.47682517315294914,0.3,0.1,0.6,0.26352754382816757,0.15511059934856733,0.5526712066932695,0.3548141319323364,0.1427639131058609,0.4984200565419427,0.4371601505944165
"Murray Hill, Manhattan",east_41st_street/west_to_east/025_n00619_E.jpg,n00619,east_41st_street,west_to_east,W,25,E,0.2098374574720923,0.2498799231508165,0.23299915128368345,0.8158181026979983,0.5771518310612137,0.8470399234345091,0.7254769161304887,0.8553575735648818,0.13709590225970378,0.23090551063553072,0.5916682488124023,0.6952353983570978,0.5726434639850247,0.7483161776980135,6.768173416840667,0.48908156074482806,0.3,0.1,0.6,0.3385860312510635,0.22331418793545726,0.6922895043015461,0.4980278564037701,0.2996035128487876,0.6073801974093068,0.44839698234551756
"Murray Hill, Manhattan",east_41st_street/west_to_east/026_n00620_E.jpg,n00620,east_41st_street,west_to_east,W,26,E,0.3066985014005484,0.27776193192622173,0.24286670786979814,0.7584238944706446,0.24119928400954657,0.7996334456112542,0.6242997198879552,0.8100355569707584,0.1311669829222011,0.2757757137321894,0.7128586528856574,0.772286018690784,0.5218340865936382,0.5811537146043162,6.598977709798668,0.5016529884085409,0.3,0.1,0.6,0.3189017184385422,0.20550946317987495,0.6357018213929826,0.4468348413907123,0.4229331055577123,0.41925621841752364,0.45992264734830185
"Murray Hill, Manhattan",east_41st_street/west_to_east/027_n00621_E.jpg,n00621,east_41st_street,west_to_east,W,27,E,0.3656045414538431,0.39063257392147355,0.36273317112733167,0.5274431057563588,0.22719174871073608,0.7808703335542302,0.643574297188755,0.7716528640441683,0.14373433583959896,0.37299009550088275,0.8885367576838803,0.693707230199951,0.5196538323575075,0.5731726754537386,6.604707384510288,0.5012220273638096,0.3,0.1,0.6,0.33398093602449963,0.23377380063757563,0.6663333169555239,0.5087264250317348,0.7017883534835436,0.4113151566131646,0.4595275360877757
"Murray Hill, Manhattan",east_41st_street/west_to_east/028_n00622_E.jpg,n00622,east_41st_street,west_to_east,W,28,E,0.4141695254015685,0.5368829728230726,0.5387331594958713,0.6406721536351165,0.2965386852821408,0.7773411918795023,0.6474673202614379,0.7823493732308937,0.15404515522107243,0.49659521924017075,0.9723245155988949,0.7071582200774926,0.5279539495711347,0.6033179461076058,3.794510076043721,0.7640083875505616,0.3,0.1,0.6,0.5404069216900715,0.40313399631447566,0.7073311373225045,0.5755325696707954,0.9120631184947184,0.44175821029791273,0.7004538362530348
"Murray Hill, Manhattan",east_41st_street/west_to_east/029_n00623_E.jpg,n00623,east_41st_street,west_to_east,W,29,E,0.2703864213739267,0.1733751713193393,0.14715394566623544,0.7370790378006872,0.2791553952509769,0.787899688737974,0.5976353928299009,0.8030544823338372,0.09399816737935247,0.19697184611983382,0.4909165378507155,0.7486077770958948,0.49822934751436354,0.49336044348187724,4.725839178372322,0.6643966942774856,0.3,0.1,0.6,0.3412351735975121,0.19580621232853576,0.5136015524107876,0.3214530951920944,0.22159585908191506,0.33628395284058227,0.6091284086455151
"Murray Hill, Manhattan",east_41st_street/west_to_east/030_n00624_E.jpg,n00624,east_41st_street,west_to_east,W,30,E,0.1775411932261369,0.21878103277060576,0.17031222043299335,0.5613695090439276,0.3076923076923077,0.7758582746478874,0.6104428818159388,0.7624766063630691,0.12730761252852107,0.188878148809912,0.46668388442740355,0.676511825333169,0.5000757002358429,0.5002838758539092,6.581527992611663,0.5029677637583176,0.3,0.1,0.6,0.2539828750593968,0.1449955297456984,0.5049684957174289,0.3144365844704373,0.2052963145546993,0.3424932171488066,0.4611280522267936
"Murray Hill, Manhattan",east_41st_street/west_to_east/031_n00625_E.jpg,n00625,east_41st_street,west_to_east,W,31,E,0.31074124635702954,0.2692887806009978,0.21431654676258996,0.6926655719759168,0.2544444444444445,0.7577076737524499,0.5933107928931318,0.7160813663404336,0.1323326980093181,0.26478219124020574,0.6851165274488517,0.7319762670946407,0.4805749524142945,0.42766710296456856,6.277325824619536,0.526450023683111,0.3,0.1,0.6,0.27365266990541637,0.16444622089849814,0.5198074985179175,0.3407103731981964,0.391105793481447,0.2799490312905741,0.48265692457457776
"Murray Hill, Manhattan",east_41st_street/west_to_east/032_n00626_E.jpg,n00626,east_41st_street,west_to_east,W,32,E,0.38893471807331964,0.27769191138588356,0.25496838301716346,0.6411502632644795,0.23696311515507285,0.774887462179913,0.5970671287382877,0.7981359268264443,0.1849150556531928,0.3071983374921222,0.7835338448520609,0.7263582034297732,0.5267060370726415,0.5988295392860203,4.689854849930475,0.6679925705158702,0.3,0.1,0.6,0.44206483983611194,0.2961317217413089,0.6617810726468392,0.4835394450192205,0.5165757521375555,0.43714719581209993,0.612425159501802
"Murray Hill, Manhattan",east_41st_street/west_to_east/033_n00627_E.jpg,n00627,east_41st_street,west_to_east,W,33,E,0.2394661774207312,0.15492851768246804,0.08081729145558936,0.674196570110967,0.32149477586788006,0.7743301812450748,0.5459934978007267,0.7395312210487308,0.10568740261296894,0.1584039955195962,0.37773995999339716,0.7090106584960538,0.4637373738208088,0.3672716559124738,5.778908148357047,0.5673174687952357,0.3,0.1,0.6,0.22440976955877812,0.11883678585865284,0.3955629465021379,0.22847745302958866,0.1519736201351652,0.23195977718748764,0.5201247837932745
"Murray Hill, Manhattan",east_41st_street/west_to_east/034_n00628_E.jpg,n00628,east_41st_street,west_to_east,W,34,E,0.25660363930905195,0.2589411129119395,0.20463901203293222,0.613718673040707,0.26788235294117646,0.7695066932919162,0.605477424130274,0.8125091548264245,0.19527761599689378,0.24006125475130788,0.6179214327500946,0.7051143377971489,0.5377547316511974,0.6379138266309236,5.83227093245531,0.562794548674467,0.3,0.1,0.6,0.35918072581481236,0.22807510118425564,0.638209319299165,0.4420247654121098,0.3231533666334165,0.4782592779944867,0.5159781058231342
"Murray Hill, Manhattan",east_41st_street/west_to_east/035_n00629_E.jpg,n00629,east_41st_street,west_to_east,W,35,E,0.18785838602444166,0.2462588028169014,0.2058091893473808,0.6996685998343,0.40498442367601245,0.7902718843312903,0.7342407743496673,0.8110993044822257,0.04927095016824231,0.21330879272957462,0.5398417310614336,0.6949853534965258,0.5315370096667117,0.6161066128602037,3.673075862400078,0.7780524198611107,0.3,0.1,0.6,0.466315532045272,0.2853821843118289,0.5993369085960988,0.40007057297679083,0.2572431055078706,0.45505078342038174,0.713329606295199
"Murray Hill, Manhattan",east_41st_street/west_to_east/036_n00630_E.jpg,n00630,east_41st_street,west_to_east,W,36,E,0.19072584142698507,0.24744496855345913,0.23546446243814664,0.7841084580660489,0.25351633393829404,0.8080354102826014,0.7613347625853581,0.8372766923582482,0.08763640454494322,0.22454509080619695,0.5731075016082007,0.7795425114701188,0.5620826198295165,0.7173266444237046,3.569072455077676,0.7902856091707273,0.3,0.1,0.6,0.5344032117164762,0.34534369909810486,0.6762152891500113,0.47663515488305985,0.28383619072685806,0.5690314450808693,0.7245451695287422
"Murray Hill, Manhattan",east_41st_street/west_to_east/037_n00631_E.jpg,n00631,east_41st_street,west_to_east,W,37,E,0.33719683043144716,0.28519496156339724,0.25550509221029455,0.6652079453755432,0.22774133083411438,0.7726547543075942,0.6873671044402752,0.7661602621388144,0.1519641429713372,0.29263229473504626,0.7524249588962393,0.7367071229496742,0.5351638365168089,0.6288899303866837,3.295001122676991,0.8234518768590914,0.3,0.1,0.6,0.5552025513661109,0.3711488113947882,0.6742380058490252,0.4916187730301587,0.4729102536012284,0.4685711953820224,0.7549524789445333
"Murray Hill, Manhattan",east_41st_street/west_to_east/038_n00632_E.jpg,n00632,east_41st_street,west_to_east,W,38,E,0.33288994804884897,0.2988704177323103,0.2129518072289156,0.690325777282299,0.27553453314874626,0.7649423907825251,0.6837226548016314,0.8011415945498066,0.2550171821305842,0.2815707243366916,0.7268797119544108,0.7265778783053594,0.579960477160674,0.7684193033094867,2.7431540721195544,0.8945154438685227,0.4,0.2,0.4,0.6647656995355457,0.4614507065877255,0.7431573195210859,0.5626730059199337,0.4399896544354013,0.6332229559820134,0.8201045753621744
"Murray Hill, Manhattan",east_41st_street/west_to_east/039_n00633_E.jpg,n00633,east_41st_street,west_to_east,W,39,E,0.3516637819863261,0.380952380952381,0.3823398823398823,0.5311913696060038,0.2907509157509158,0.784966077685827,0.6785113268608414,0.7739374124241009,0.15,0.3716520150928631,0.8869365399894451,0.6751355105136383,0.5341495797616473,0.6253323018201854,2.274061704301268,0.9597242689253678,0.4,0.2,0.4,0.7008515392634018,0.5186241159698303,0.7302634329005417,0.589419960095306,0.6984170775539419,0.4647846439203733,0.8798889604722101
"Murray Hill, Manhattan",east_41st_street/west_to_east/040_n00634_E.jpg,n00634,east_41st_street,west_to_east,W,40,E,0.35991716394548734,0.3472922125915474,0.3155559015882902,0.6239711934156379,0.30038937242327074,0.7400724995880705,0.6970003680529997,0.6827670441927604,0.23780264123257525,0.34092175937510827,0.8443636555270703,0.6878847735268125,0.5391900178261118,0.6428717453368572,1.553631953597192,1.0,0.4,0.2,0.4,0.7267159417683856,0.5602672112039542,0.7267159417683856,0.5715254024250374,0.6156223978389359,0.48363373312541935,0.9803015033569574
"Murray Hill, Manhattan",east_41st_street/west_to_east/041_n00635_E.jpg,n00635,east_41st_street,west_to_east,W,41,E,0.37883179706959313,0.4057900583171341,0.38384384384384385,0.4829307163227647,0.3132921419518378,0.779423776639192,0.7082300884955752,0.718355119825708,0.32001755926251096,0.38948856641019036,0.9066891095117928,0.6496874503367063,0.5822009225279313,0.7743456310442638,1.427413365792444,1.0,0.4,0.2,0.4,0.7963393865301744,0.6806283335696721,0.7963393865301744,0.6812836242512808,0.7415058640423476,0.6409926452227441,0.99903815289509
"Murray Hill, Manhattan",east_41st_street/west_to_east/042_n00636_E.jpg,n00636,east_41st_street,west_to_east,W,42,E,0.36540843858634786,0.3637469586374696,0.33263656633221855,0.38353487235861733,0.29571837780793003,0.7520666180403599,0.6948301059554255,0.7252121212121212,0.2386823222439661,0.35393065451867867,0.8637942335878812,0.6132943708636824,0.5529081831371709,0.6886086748196669,1.739885336204386,1.0,0.4,0.2,0.4,0.7366936250126533,0.5672325592275524,0.7366936250126533,0.5950244413151157,0.6518350366096985,0.5350136019088365,0.953292873102594
"Murray Hill, Manhattan",east_41st_street/west_to_east/043_n00637_E.jpg,n00637,east_41st_street,west_to_east,W,43,E,0.3380349393861573,0.35390281146142105,0.30895037154989385,0.6256223794549266,0.2720479976442874,0.754530545305453,0.7456643452137103,0.718355119825708,0.14742291244654512,0.3336293741324907,0.8325143090899881,0.7027016423720307,0.5371474591619878,0.6358071797253858,0.98927568323025,1.0,0.5,0.2,0.3,0.7422456746212177,0.5751588525373308,0.7422456746212177,0.5751588525373308,0.594716922901613,0.4759867774072439,1.0
"Murray Hill, Manhattan",east_41st_street/west_to_east/044_n00638_E.jpg,n00638,east_41st_street,west_to_east,W,44,E,0.3450202458382499,0.3488034807831762,0.3215846994535519,0.7414738124238734,0.3741031390134529,0.7856745325022262,0.7747119078104995,0.7972815414825725,0.19322044185481912,0.338469475358326,0.8404571865380849,0.7176817353042155,0.5884046303826302,0.7901897334322991,2.581346515563784,0.9164919663333078,0.4,0.2,0.4,0.7281382276354988,0.5466540812065064,0.7944840264652043,0.6505827450839423,0.60863567934153,0.662114344432561,0.8402529660327428
"Murray Hill, Manhattan",east_41st_street/west_to_east/045_n00639_E.jpg,n00639,east_41st_street,west_to_east,W,45,E,0.34667256049240125,0.34836457184858505,0.3206164457376872,0.642214297843437,0.4567134268537074,0.7204845814977974,0.6575306708431219,0.6645200068693113,0.23550425941192632,0.33855119269289113,0.8405886312981431,0.635328484162509,0.5191849790414531,0.571451252054848,4.173417347897318,0.7217960911668168,0.3,0.1,0.6,0.46803348491561453,0.3189902530480502,0.6484289547190769,0.4820382438075667,0.6088692335939808,0.40961333810133177,0.6617529981197788
"Murray Hill, Manhattan",east_41st_street/west_to_east/046_n00640_E.jpg,n00640,east_41st_street,west_to_east,W,46,E,0.5149268496698383,0.6911216042905445,0.5905623558630477,0.24652544272584617,0.7685646028269958,0.5343665768194069,0.754957805907173,0.4399668958492488,0.09238745574102174,0.5988702699411435,0.9917269390539016,0.3374424722394191,0.42910405249914785,0.2566527654801973,4.173417347897318,0.7217960911668168,0.3,0.1,0.6,0.2856009859261471,0.1903191135845479,0.3956809816806571,0.2875984153079722,0.9725188863531022,0.15228665067876565,0.6617529981197788
"Murray Hill, Manhattan",east_42nd_street/east_to_west/001_n00688_W.jpg,n00688,east_42nd_street,east_to_west,W,1,W,0.3407490854594309,0.3510003572704537,0.32495604509256387,0.47707457574342205,0.5232886611483379,0.7978968433771333,0.6479722446779844,0.6682692307692308,0.05139996744261762,0.33890182927414947,0.8411516446594184,0.5838942526574058,0.4558804809632776,0.3403370022036823,,1.0,0.45,0.15,0.4,0.5545072541241584,0.39676886120829763,0.5545072541241584,0.39676886120829763,0.6098708119714911,0.21162942277177588,1.0
"Murray Hill, Manhattan",east_42nd_street/east_to_west/002_n00686_W.jpg,n00686,east_42nd_street,east_to_west,W,2,W,0.20099520964423026,0.17260692464358454,0.13365246314275436,0.545525346927216,0.26588677065280186,0.7144450162978213,0.7038243812532912,0.6094325004842146,0.08876757403529767,0.16908486581018972,0.4083038512286952,0.6646945308574118,0.4673414852576011,0.3799223738554505,2.5181258194801743,0.9252244956445236,0.4,0.2,0.4,0.4046158412952073,0.21766317628521809,0.437316395318032,0.25659987962510433,0.16923842144606963,0.24173030623248773,0.8482590740230539
"Murray Hill, Manhattan",east_42nd_street/east_to_west/003_n00685_W.jpg,n00685,east_42nd_street,east_to_west,W,3,W,0.24247283889757676,0.19073865766779155,0.13948407696832196,0.25357197142422855,0.20622804647392598,0.6607665805340225,0.7039724980901451,0.6182146542827658,0.07248418811447181,0.19089852451123007,0.4727226829508055,0.569370168494775,0.46489044682912756,0.37130012527194567,2.5181258194801743,0.9252244956445236,0.4,0.2,0.4,0.4121532029328265,0.22717823280024618,0.44546291724119896,0.26781703816359287,0.20928006831653737,0.23505542772585367,0.8482590740230539
"Murray Hill, Manhattan",east_42nd_street/east_to_west/004_n00684_W.jpg,n00684,east_42nd_street,east_to_west,W,4,W,0.2904795365664652,0.2699942698100852,0.21777691039986116,0.3156805454102752,0.253644186863365,0.6702634982217911,0.6940347071583514,0.6085456475583864,0.04682252308984044,0.25941690559213715,0.6710643438242966,0.5774332855895671,0.4498009592688593,0.32017109945489003,2.5181258194801743,0.9252244956445236,0.4,0.2,0.4,0.44813204624454306,0.26820930145209515,0.48434952636264605,0.3161879544418593,0.37588535939804435,0.19681445165231423,0.8482590740230539
"Murray Hill, Manhattan",east_42nd_street/east_to_west/005_n00683_W.jpg,n00683,east_42nd_street,east_to_west,W,5,W,0.26984195321427235,0.3200508051321794,0.25425134798838656,0.3793921175684703,0.2481116342946832,0.7546477282599252,0.7404195240016135,0.7611363254328459,0.07205937617437048,0.2813813687782794,0.726428376369257,0.6286427371779041,0.5245384085362765,0.590994021473373,2.4314143327120616,0.9373372371594041,0.4,0.2,0.4,0.6090977653146384,0.40184928424036437,0.6498171001511753,0.4676123115616156,0.4394298473173675,0.42916405406203906,0.8593642089926329
"Murray Hill, Manhattan",east_42nd_street/east_to_west/006_n00682_W.jpg,n00682,east_42nd_street,east_to_west,W,6,W,0.2934633301539837,0.3043987994747703,0.2295967820102743,0.5458314488165233,0.3638561127499181,0.7941740412979351,0.525289979083476,0.7641554004942579,0.05494582216264521,0.2758196372130094,0.7129665297767763,0.6587164591215134,0.4481304005801263,0.3147416037503867,2.3447028459439485,0.9496085547903482,0.4,0.2,0.4,0.48050027411417934,0.29393080066568694,0.5059982575875833,0.33761294282825494,0.42306175072279845,0.19288333164550425,0.8706147288174634
"Murray Hill, Manhattan",east_42nd_street/east_to_west/007_n00681_W.jpg,n00681,east_42nd_street,east_to_west,W,7,W,0.24346876470000772,0.29741551689662066,0.19774316265679617,0.5437532266391326,0.31057422969187676,0.7870390855457227,0.6810083918007979,0.7976540616246499,0.04069738356095853,0.24620914808447483,0.6351812594275574,0.6734060274976594,0.5064532789954688,0.5241809177487713,2.3447028459439485,0.9496085547903482,0.4,0.2,0.4,0.565134175712426,0.3486758396526577,0.5951232988177898,0.40049384430499624,0.3394955641358746,0.36434851964617876,0.8706147288174634
"Murray Hill, Manhattan",east_42nd_street/east_to_west/008_n00680_W.jpg,n00680,east_42nd_street,east_to_west,W,8,W,0.3518600686203543,0.3716244995314763,0.30773221042353227,0.657103825136612,0.5345701087766354,0.793030303030303,0.5296955213312091,0.7878874856486796,0.11170212765957448,0.3437389261917876,0.8487546897222503,0.6385213397967598,0.4764283782131544,0.41251592533325554,1.4029714460627134,1.0,0.4,0.2,0.4,0.6007921448115295,0.446662071838067,0.6007921448115295,0.446662071838067,0.623590059191741,0.26758440488341895,1.0
"Murray Hill, Manhattan",east_42nd_street/east_to_west/009_n00679_W.jpg,n00679,east_42nd_street,east_to_west,W,9,W,0.3404502612018261,0.34974073214147516,0.2823745486240817,0.5804459843638948,0.5660377358490566,0.7676340925789861,0.5954195702671313,0.780918663761801,0.0895996370647613,0.3241885139891276,0.8161176192817893,0.5940141136979413,0.4886459570312312,0.45752495751893746,1.987056030793632,1.0,0.4,0.2,0.4,0.607612038859795,0.41027531361823033,0.607612038859795,0.4466329608750507,0.5671443195026348,0.30498954853047533,0.9185961394663128
"Murray Hill, Manhattan",east_42nd_street/east_to_west/010_n00678_W.jpg,n00678,east_42nd_street,east_to_west,W,10,W,0.1729705339458297,0.21026081593091903,0.18845963348192174,0.7611701758043221,0.46532931354359924,0.8172758037225042,0.6964338019917985,0.8145418927064497,0.09270114942528729,0.1905636611195568,0.4717211937661372,0.704372221994409,0.5345589480411785,0.6267698654982627,2.157688170312537,0.9766243194081939,0.4,0.2,0.4,0.559249207678681,0.32868443092527594,0.5726349391110492,0.3670880158835924,0.20861587907858076,0.4663124855546269,0.8953831688951277
"Murray Hill, Manhattan",east_42nd_street/east_to_west/011_n00677_W.jpg,n00677,east_42nd_street,east_to_west,W,11,W,0.1569538524599381,0.20179663608562692,0.18661262979444793,0.7627802220825477,0.5484726482617587,0.8364392618424876,0.7549157303370787,0.8390779836277465,0.08719224390866183,0.18178770611333764,0.4455795531862078,0.6835822785544255,0.5603953192911624,0.7121665502083693,2.128415737709926,0.9809219731470571,0.4,0.2,0.4,0.5743747664834387,0.3420780569184562,0.5855458254652942,0.3803727197239148,0.19176219952654994,0.5628141457989663,0.8993233194187693
"Murray Hill, Manhattan",east_42nd_street/east_to_west/012_n00676_W.jpg,n00676,east_42nd_street,east_to_west,W,12,W,0.23823556480087713,0.2469921104536489,0.21585781886211067,0.7989263055148853,0.6806104957805906,0.8634198182351217,0.7243285939968405,0.8597703520352035,0.13863487916394515,0.23369516470554555,0.59973041815676,0.6605785426564721,0.574244608398663,0.7528125169585096,2.243008269086686,0.9642051070411528,0.4,0.2,0.4,0.6456713010653573,0.41698211067531893,0.6696410300571035,0.47170079056984787,0.3066749044120505,0.6130925522988024,0.8839970570572399
"Murray Hill, Manhattan",east_42nd_street/east_to_west/013_n00675_W.jpg,n00675,east_42nd_street,east_to_west,W,13,W,0.2765220795421173,0.21630786215598138,0.21009821976672813,0.7370553495398985,0.5203791782269785,0.8064150165016502,0.6577140053961247,0.7971213267751293,0.10881502890173411,0.2343093871549423,0.6014984680127466,0.6743637292715233,0.5212167870243294,0.5788981447381372,2.228483664826084,0.9663081017376003,0.4,0.2,0.4,0.5856378462845973,0.3604041084780233,0.6060570590596439,0.4068110309786535,0.308244325212692,0.41700341323814205,0.8859251127261952
"Murray Hill, Manhattan",east_42nd_street/east_to_west/014_n00674_W.jpg,n00674,east_42nd_street,east_to_west,W,14,W,0.1819872997058031,0.2554504859469398,0.22431406888499708,0.7244985061886471,0.34378642191142195,0.7864848887903643,0.53343837535014,0.795831074161094,0.06533512866546975,0.22058395151257998,0.5614397879682762,0.7223989910225297,0.4648681927255679,0.3712222048722233,4.333284506865599,0.7046932508521547,0.3,0.1,0.6,0.3165549789728149,0.17793041932748538,0.44920960799613,0.2754030200689975,0.2742739221159467,0.23499541225700643,0.6460728690735054
"Murray Hill, Manhattan",east_42nd_street/east_to_west/015_n00673_W.jpg,n00673,east_42nd_street,east_to_west,W,15,W,0.30955098672342723,0.2754029245383712,0.24066198224852067,0.7107736146477507,0.2753271747498076,0.7848594004183128,0.5332779623477298,0.7816690987422694,0.039983102231499444,0.275205297836773,0.7114555046276894,0.7401019467720853,0.4516433877738329,0.3262161456680457,3.985469823660952,0.7424346144355737,0.3,0.1,0.6,0.33215053846863907,0.1947319964653655,0.44738018946106417,0.2860867294853171,0.421263399693787,0.20121980926385663,0.680674691956866
"Murray Hill, Manhattan",east_42nd_street/east_to_west/016_n00672_W.jpg,n00672,east_42nd_street,east_to_west,W,16,W,0.21038995588170875,0.17447455051911875,0.12555039866714268,0.5163371773750686,0.20160010579211848,0.7487517217630854,0.6516253207869975,0.731678880746169,0.05651745495495497,0.17013830168932337,0.41136137249375343,0.6878295977820118,0.47994055216270715,0.4253395099031476,3.9807113123144338,0.7429647361378527,0.3,0.1,0.6,0.32826514745777013,0.17921472999959,0.4418313972264526,0.26310197581734285,0.17102317644335188,0.27803484113281873,0.6811607151289844
"Murray Hill, Manhattan",east_42nd_street/east_to_west/017_n00671_W.jpg,n00671,east_42nd_street,east_to_west,W,17,W,0.22531255397561797,0.1729270143487859,0.1580945198592257,0.48403095705253985,0.21000366099212883,0.7889232231994295,0.5586699642759,0.7613516764396331,0.03590483056957461,0.18544469606120983,0.4564447616423332,0.6876501730866135,0.4519754904283692,0.32731203044865775,3.2019013004344803,0.8350320304345263,0.3,0.1,0.6,0.32526215824980304,0.17393641089160042,0.3895205769299006,0.2271987711011773,0.19865588048966543,0.2020216859829411,0.765569329660424
"Murray Hill, Manhattan",east_42nd_street/east_to_west/018_n00670_W.jpg,n00670,east_42nd_street,east_to_west,W,18,W,0.3470478616031989,0.31357595892479617,0.293946574752262,0.7658395449195763,0.4108931906945152,0.8231538992408557,0.6676666666666667,0.8155663611994265,0.09537037037037037,0.3181901317600857,0.8050688811831807,0.7260334178219722,0.5262011327454879,0.5970087670416304,3.830035537553397,0.7599479532344805,0.3,0.1,0.6,0.5060784541271018,0.34228702845470876,0.6659383079764046,0.49127560565968015,0.5493955685858685,0.43528461929028056,0.6967311718950283
"Murray Hill, Manhattan",east_42nd_street/east_to_west/019_n00669_W.jpg,n00669,east_42nd_street,east_to_west,W,19,W,0.18621222939899842,0.3063566645063729,0.2422596097674962,0.801309694936911,0.26665030273277696,0.8231956845238094,0.7218181818181818,0.8467966962442101,0.13025406861023303,0.2449428345576225,0.6316528256456729,0.7859516922426477,0.566289648890875,0.7299452338855771,3.218767718561785,0.8329221006755121,0.3,0.1,0.6,0.5864914299567695,0.3894092043480624,0.7041371929993409,0.5099415915607678,0.33609644763882557,0.5844348724399266,0.7636349158267433
"Murray Hill, Manhattan",east_42nd_street/east_to_west/020_n00668_W.jpg,n00668,east_42nd_street,east_to_west,W,20,W,0.1543486343733721,0.21550237171194478,0.2077110389610389,0.7678135917210467,0.3740832210746894,0.826111415191875,0.7228552717747215,0.8350094550455561,0.0833333333333333,0.19252068168211856,0.4775770951279711,0.7399472619460774,0.5470660200512036,0.669514558265033,2.901647660292691,0.8735000003180607,0.4,0.2,0.4,0.5212240768276918,0.3107742873270924,0.5967075863055553,0.3880616965135099,0.2125195508727928,0.5131598526757574,0.8008373156103881
"Murray Hill, Manhattan",east_42nd_street/east_to_west/021_n00667_W.jpg,n00667,east_42nd_street,east_to_west,W,21,W,0.1617120851436084,0.29643485915492956,0.24740853658536585,0.741512027491409,0.39058984249437484,0.8288121454788122,0.7735519754507095,0.8186481169196177,0.12273980999080598,0.2351851602946346,0.604014814209364,0.7265781101586155,0.5716466341203776,0.7454896052485946,3.3568963877016915,0.8158420914248683,0.3,0.1,0.6,0.5695260210834013,0.3768509141274878,0.6980836451925692,0.5038277376426107,0.31048972026657895,0.6038088270780324,0.7479757186270802
"Murray Hill, Manhattan",east_42nd_street/east_to_west/022_n00666_W.jpg,n00666,east_42nd_street,east_to_west,W,22,W,0.14248749952252676,0.1791922872542322,0.15295660467334285,0.7944174376666143,0.6249636098981077,0.8760712674785746,0.7135209912185734,0.8386802541360004,0.2033847083711091,0.15821213048336724,0.37719893228869134,0.6818416984156936,0.5851953179085609,0.7820971711871093,2.881406991290689,0.8761560639726315,0.4,0.2,0.4,0.4980244338861519,0.29476092459273157,0.5684197762987905,0.36695013117320163,0.1516771324841471,0.6512619871608338,0.8032724328244032
"Murray Hill, Manhattan",east_42nd_street/east_to_west/023_n00665_W.jpg,n00665,east_42nd_street,east_to_west,W,23,W,0.1608319310714884,0.19787003879438977,0.15657171414292856,0.806826878922394,0.37489988787441936,0.8519913885898815,0.7301247771836007,0.8757435897435898,0.11998585429928266,0.17175789466960223,0.41607542602104386,0.761306126545952,0.5752847404088244,0.7557043592305214,3.5363689685514608,0.7941718977320026,0.3,0.1,0.6,0.502149719124023,0.3136498058380984,0.6322934877928355,0.4307736361098809,0.17379621811331444,0.6167869056672901,0.7281081745636199
"Murray Hill, Manhattan",east_42nd_street/east_to_west/024_n00664_W.jpg,n00664,east_42nd_street,east_to_west,W,24,W,0.1658340961664543,0.28745980707395496,0.2438492063492063,0.805415484819834,0.5359552931252636,0.8419764821856077,0.7495590828924162,0.8384565268893627,0.14056912991656734,0.23238103652987185,0.5959389957106384,0.703812224626726,0.576194913232782,0.7582160290795336,4.191330945812232,0.7198591998410823,0.3,0.1,0.6,0.5039988647219488,0.33441736526002447,0.7001353387345924,0.5067104604052197,0.3033321600681724,0.6200086566301293,0.659977228400986
"Murray Hill, Manhattan",east_42nd_street/east_to_west/025_n00663_W.jpg,n00663,east_42nd_street,east_to_west,W,25,W,0.15141067993781157,0.20718087099917545,0.1727512552123224,0.7958175341836148,0.3681871602761863,0.8252198813663325,0.7003367003367004,0.8258169389796599,0.07308807767479981,0.17711426871643646,0.4317710922444757,0.7509500850912536,0.5330805723303866,0.621567921783613,4.192747064920084,0.719706305125263,0.3,0.1,0.6,0.4086821213662371,0.24210075313424778,0.567845687130818,0.36690990946561264,0.18322009771132605,0.46079808809327466,0.6598370523348807
"Murray Hill, Manhattan",east_42nd_street/east_to_west/026_n00662_W.jpg,n00662,east_42nd_street,east_to_west,W,26,W,0.14192349261768297,0.16973238115847944,0.1947487721949376,0.6563333333333334,0.2821265492498369,0.8391809728183118,0.6893731933668036,0.8056109228622682,0.03289751159848168,0.16880154865703334,0.4074827427320006,0.7377959189672694,0.5092938759425178,0.5347956995694014,2.439136306180125,0.9362521517144015,0.4,0.2,0.4,0.47895965173837346,0.26757495157989175,0.5115712160034399,0.3117247138564006,0.1687609570795112,0.37427255623423167,0.8583693871097853
"Murray Hill, Manhattan",east_42nd_street/east_to_west/027_n00661_W.jpg,n00661,east_42nd_street,east_to_west,W,27,W,0.1644466091473557,0.2448510993598664,0.2122587504088976,0.6749862486248626,0.22775984216662182,0.8304870335230866,0.6924019607843137,0.8115907197333846,0.05334929546455306,0.20718548630537323,0.5215431130049993,0.7592378133271092,0.5191139919940837,0.5711904669436882,3.154244569854985,0.8410226514045614,0.3,0.1,0.6,0.4809513085121528,0.2872852838155679,0.5718648691672376,0.3725840809046563,0.2434555516783282,0.4093558606737571,0.7710616167980718
"Murray Hill, Manhattan",east_42nd_street/east_to_west/028_n00660_W.jpg,n00660,east_42nd_street,east_to_west,W,28,W,0.14371932051296823,0.15426577550619225,0.12964622923389504,0.649798927613941,0.236974358974359,0.8204141571864079,0.6694677871148459,0.8160061174020564,0.06931853222325006,0.14254377508435184,0.334149939259935,0.7444129086086633,0.5182641455800507,0.568065355504517,3.145204550946264,0.8421638540674242,0.3,0.1,0.6,0.419178872571289,0.23624580024856648,0.4977402800497411,0.30597511564986346,0.1290339516920416,0.40627727528989976,0.772107887750289
"Murray Hill, Manhattan",east_42nd_street/east_to_west/029_n00659_W.jpg,n00659,east_42nd_street,east_to_west,W,29,W,0.14461601525335244,0.17056074766355142,0.12444137749737116,0.7536640153188983,0.3076923076923077,0.8127081880858316,0.7439493949394939,0.8212247876857749,0.054251304251304235,0.14653938013809167,0.34490134153286134,0.7528932985708073,0.5398084956255242,0.6449988338437763,5.598128108334853,0.5829119015874091,0.3,0.1,0.6,0.3164609215985109,0.18456448896657332,0.5428966551149699,0.3453534749033234,0.13451897608262559,0.4859508751393183,0.5344219832107941
"Murray Hill, Manhattan",east_42nd_street/east_to_west/030_n00658_W.jpg,n00658,east_42nd_street,east_to_west,W,30,W,0.1505117675002057,0.15459245095956375,0.14085960960960964,0.7755540905380801,0.35826336721166596,0.8496764107038977,0.6966582521937733,0.8530315038636814,0.09299850419974691,0.1486546093564597,0.35065878902736247,0.7556557113434372,0.5475627534190672,0.6711611152062544,5.842790221004313,0.5619072191764993,0.3,0.1,0.6,0.31409317491615674,0.18550934226952337,0.558976934620051,0.36009723120962855,0.13750163757964848,0.515021121312119,0.5151645894259325
"Murray Hill, Manhattan",east_42nd_street/east_to_west/031_n00657_W.jpg,n00657,east_42nd_street,east_to_west,W,31,W,0.14629159997968183,0.17671184022824535,0.1552671672652084,0.7895434794876136,0.6413025889967637,0.828020246714937,0.6105489417989417,0.81043568013907,0.15734562016735512,0.15942353582437852,0.38061997772394723,0.6587537124019289,0.5261100807017889,0.5966801313402346,5.80121218274174,0.5654226200209265,0.3,0.1,0.6,0.2977404950192662,0.17197717070008048,0.5265804452751585,0.3317540469842441,0.15355709406096021,0.43494892384904127,0.5183875592880052
"Murray Hill, Manhattan",east_42nd_street/east_to_west/032_n00656_W.jpg,n00656,east_42nd_street,east_to_west,W,32,W,0.15617458626645508,0.15079037800687287,0.12973177590309323,0.7647434569435813,0.21235294117647063,0.8296488083383124,0.49532657657657647,0.8100562364051144,0.08119147240486158,0.14556558005880704,0.34226585197251574,0.7940131080351409,0.46219142846218414,0.36189965527879947,3.1736589328151603,0.8385770263001276,0.3,0.1,0.6,0.3228402690717089,0.16893425091761485,0.38498582592478986,0.21973202515537538,0.13316429717121725,0.22785422435154642,0.7688194326619401
"Murray Hill, Manhattan",east_42nd_street/east_to_west/033_n00655_W.jpg,n00655,east_42nd_street,east_to_west,W,33,W,0.1646832161103828,0.15879434286607283,0.13209899063602096,0.773677678059958,0.2074064026044493,0.8208665547629038,0.7100895188362552,0.8225342894542144,0.11170212765957448,0.15185884987082554,0.3594634223571538,0.7957126100728041,0.5481086453166814,0.6729657826612908,2.8616929026321527,0.878750791281725,0.4,0.2,0.4,0.47585655072799615,0.27088547587528744,0.541514790597142,0.3362316556756373,0.14212559887168702,0.5170661053943951,0.8056513159980709
"Murray Hill, Manhattan",east_42nd_street/east_to_west/034_n00654_W.jpg,n00654,east_42nd_street,east_to_west,W,34,W,0.17148763979604012,0.1645938593082005,0.1279917004439297,0.8247274582460662,0.3412515375153751,0.8281427901681067,0.6787193373685887,0.8537592152561994,0.15735138004246285,0.15469106651605677,0.3673256148318932,0.7705395702995992,0.563276644222417,0.7209441363013647,2.870054852780348,0.8776492716936222,0.4,0.2,0.4,0.489622218405847,0.28344676077853964,0.5578791371421189,0.352264687408808,0.14632005928077682,0.5734181466769637,0.8046414270573643
"Murray Hill, Manhattan",east_42nd_street/east_to_west/035_n00653_W.jpg,n00653,east_42nd_street,east_to_west,W,35,W,0.14755844969779025,0.13753275410288235,0.15433307230488116,0.7718096372782632,0.19385719137374768,0.8480964870449849,0.653959528362014,0.8344472426707994,0.051682232781692074,0.14647475870185123,0.34472615238763066,0.8086829776498334,0.5133630012715018,0.5499441444635413,2.822403146966777,0.8839449676737935,0.4,0.2,0.4,0.43561017327021273,0.23850245061699105,0.4928023680213631,0.29429726517482,0.13442872012769402,0.3886729810066981,0.8104134113353536
"Murray Hill, Manhattan",east_42nd_street/east_to_west/036_n00652_W.jpg,n00652,east_42nd_street,east_to_west,W,36,W,0.1627933989997565,0.17350694444444445,0.1383741042747714,0.8189432008527486,0.3133206771080525,0.8556914856218801,0.6771979759645793,0.8680201386164509,0.11170212765957448,0.1582248159063241,0.3772346936562941,0.7871046697888587,0.5523067474135348,0.6866709320416623,3.0957076755637005,0.8484397950988515,0.3,0.1,0.6,0.49346569380510985,0.2956117505526216,0.5816154506845312,0.38003121582616856,0.15169672050281674,0.5327685839961369,0.7778617604082252
"Murray Hill, Manhattan",east_42nd_street/east_to_west/037_n00651_W.jpg,n00651,east_42nd_street,east_to_west,W,37,W,0.1601720569034541,0.1885202738283307,0.1676446899091014,0.8058085407812183,0.3344274252370532,0.8511647194576663,0.728820429671666,0.8443923906871097,0.1523727844482561,0.17211234021362873,0.41710917236035083,0.7741819450006104,0.5751952016023439,0.7554563206050797,1.6741188790538528,1.0,0.4,0.2,0.4,0.5986214126756253,0.3748609798881062,0.5986214126756253,0.3893674011727701,0.1744078084225514,0.6164694039294429,0.962743616335187
"Murray Hill, Manhattan",east_42nd_street/east_to_west/038_n00650_W.jpg,n00650,east_42nd_street,east_to_west,W,38,W,0.16619637604372087,0.1466281114718615,0.1583689341658451,0.8190707725553755,0.20253401907210966,0.8202390033053648,0.6899867921413242,0.8359272249013591,0.10546122350674376,0.15706447389380915,0.3739691571125411,0.8122585855962102,0.543791746849809,0.6585583220245981,0.9689453402218572,1.0,0.5,0.2,0.3,0.51752940133715,0.3018426379417506,0.51752940133715,0.3018426379417506,0.1499135763123574,0.5008843672398697,1.0
"Murray Hill, Manhattan",east_42nd_street/east_to_west/039_n00649_W.jpg,n00649,east_42nd_street,east_to_west,W,39,W,0.16902798946763248,0.2154885968886875,0.2277140791240575,0.7879005867749944,0.39785178777393315,0.8418095801301005,0.6980259870064968,0.8408481882791564,0.1166110183639399,0.20407688849345915,0.5122282266305009,0.7439527930437205,0.5518283978831977,0.6851250861953715,1.424090526299827,1.0,0.4,0.2,0.4,0.6200153281372476,0.4109440811958562,0.6200153281372476,0.41113475582374587,0.23665077884861285,0.5309820655044337,0.9995362235247963
"Murray Hill, Manhattan",east_42nd_street/east_to_west/040_n00648_W.jpg,n00648,east_42nd_street,east_to_west,W,40,W,0.23968657710083613,0.23140115667718195,0.2701057139033855,0.7644544244843646,0.34834070796460176,0.829070077271516,0.6859687458614753,0.8289855072463768,0.1599924949072585,0.24706448256046787,0.6375563822072374,0.7483945979304263,0.5583155826717034,0.7057297352628263,1.7930268069346893,1.0,0.4,0.2,0.4,0.6856286144308397,0.4590456154172957,0.6856286144308397,0.4853905920549239,0.34180092705059956,0.555123775120073,0.945724171278031
"Murray Hill, Manhattan",east_42nd_street/east_to_west/041_n00647_W.jpg,n00647,east_42nd_street,east_to_west,W,41,W,0.27917538459837954,0.3082614342703405,0.3004366489046773,0.7732934728450424,0.38277947821017344,0.8314125295508275,0.674810674359899,0.821979046678734,0.13850388282709136,0.2959578225911324,0.7597836728137127,0.7406421747285654,0.5450978679552414,0.6629499405780636,2.611869723452681,0.9123054164440921,0.4,0.2,0.4,0.653025616896031,0.44818747023628003,0.7157971498638468,0.5358436221907191,0.4828669941708784,0.5057820645433911,0.83641467711033
"Murray Hill, Manhattan",east_42nd_street/east_to_west/042_n00646_W.jpg,n00646,east_42nd_street,east_to_west,W,42,W,0.34535776964174236,0.39988139438943887,0.4112923864363403,0.7999946227886218,0.41945415210517556,0.8227489857348514,0.7698245224344736,0.8224433435827354,0.11108048511576625,0.38551051682250714,0.9025712420014688,0.7344298188060991,0.5677827837109917,0.7343374472586601,2.611869723452681,0.9123054164440921,0.4,0.2,0.4,0.7275807170469079,0.5620519304420319,0.7975187957151578,0.6719776037214286,0.7322510174827616,0.5898639602578134,0.83641467711033
"Murray Hill, Manhattan",east_42nd_street/east_to_west/043_n00645_W.jpg,n00645,east_42nd_street,east_to_west,W,43,W,0.15883484472513035,0.16433021806853584,0.18966986155484555,0.8065386046017323,0.26541404140414043,0.8318598559266536,0.6860071656050954,0.8214551811095827,0.08590259159964253,0.17094497478283724,0.4137073318653333,0.7909948063747485,0.5311216461047735,0.6146319286487906,,1.0,0.45,0.15,0.4,0.5341755914874747,0.3190075997868252,0.5341755914874747,0.3190075997868252,0.17239993568116707,0.4535061958355226,1.0
"Murray Hill, Manhattan",east_42nd_street/east_to_west/044_n00644_W.jpg,n00644,east_42nd_street,east_to_west,W,44,W,0.2212020187091531,0.2154994850669413,0.17959960291197885,0.7958852867830424,0.3697376688658498,0.8233750570441359,0.6743799691467901,0.8466636878165028,0.21689885604258693,0.20543370222935772,0.5162953336369841,0.7498408916537761,0.5793141710019599,0.766689652771262,,1.0,0.45,0.15,0.4,0.6395837172940392,0.4188140851997994,0.6395837172940392,0.4188140851997994,0.23960463413352434,0.6309684768659133,1.0
"Murray Hill, Manhattan",east_42nd_street/east_to_west/045_n00643_W.jpg,n00643,east_42nd_street,east_to_west,W,45,W,0.17245692675891014,0.22560461192350956,0.17160571668768387,0.792157522719623,0.3642044604101182,0.8379979828542612,0.6345546238911167,0.8113201964613291,0.1771894093686354,0.18988908512336783,0.46970441188825257,0.7553170150545886,0.5410214099070271,0.649153670364654,,1.0,0.45,0.15,0.4,0.5740893427182783,0.3551625163522546,0.5740893427182783,0.3551625163522546,0.20728259933485965,0.4904967492153631,1.0
"Murray Hill, Manhattan",east_42nd_street/east_to_west/046_n00642_W.jpg,n00642,east_42nd_street,east_to_west,W,46,W,0.24098983496447418,0.2792042743023135,0.28596565315315314,0.7774811268642976,0.46431215755960314,0.8837608886757772,0.7090531672693183,0.8481462585034013,0.0866095430107527,0.2687199208066469,0.6952201933073818,0.7323099526601571,0.5479363229278241,0.6723966505200023,4.899269768662728,0.6473355689025803,0.3,0.1,0.6,0.4434156351732117,0.2944995721392035,0.6849857422865371,0.49621947593551785,0.4024147481042159,0.5164206211597613,0.5934865244536932
"Murray Hill, Manhattan",east_42nd_street/east_to_west/047_n00641_W.jpg,n00641,east_42nd_street,east_to_west,W,47,W,0.14367624652774247,0.19713775340644735,0.20152290928186947,0.7861511202560586,0.41286186931348223,0.8483633567662565,0.7547597113465376,0.8228536385936223,0.12682737169517885,0.1807789697386864,0.44259119863469343,0.7405508692362777,0.5681469072117795,0.7354016133144691,4.899269768662728,0.6473355689025803,0.3,0.1,0.6,0.4090727395561875,0.2552424975932293,0.6319330486499967,0.4300729453430827,0.18989307431809538,0.5911846645083684,0.5934865244536932
"Murray Hill, Manhattan",east_42nd_street/west_to_east/001_n00641_E.jpg,n00641,east_42nd_street,west_to_east,W,1,E,0.14396926719560543,0.15821986888552697,0.1397357723577236,0.7710790094339623,0.332579867389994,0.8770562285030655,0.6637779452398895,0.8375198223913732,0.12858391608391606,0.14730830281295199,0.3469891198791461,0.7718517901823445,0.5432938945717263,0.656877138771738,4.899269768662728,0.6473355689025803,0.3,0.1,0.6,0.35683554438332954,0.20927076520026328,0.5512373512678568,0.35261249679240464,0.13559685252558826,0.49901742338413574,0.5934865244536932
"Murray Hill, Manhattan",east_42nd_street/west_to_east/002_n00642_E.jpg,n00642,east_42nd_street,west_to_east,W,2,E,0.17260269573339537,0.18481398993648432,0.17216175842936407,0.8211348684210527,0.24476688867745003,0.8531698958745223,0.6728980322003578,0.8547532546170148,0.21820897342111686,0.17652614803308125,0.4300404244512632,0.8098459585393749,0.5819534200794965,0.7736962622413361,4.899269768662728,0.6473355689025803,0.3,0.1,0.6,0.42185654981392146,0.26678145168973993,0.651681400002613,0.449515600940246,0.18216630739364723,0.6401378658397384,0.5934865244536932
"Murray Hill, Manhattan",east_42nd_street/west_to_east/003_n00643_E.jpg,n00643,east_42nd_street,west_to_east,W,3,E,0.21314369818327936,0.2350952673632453,0.22523512886283137,0.8072771046908978,0.3360790186849236,0.8250000000000001,0.6727053140096618,0.8523286575612157,0.14475144252108305,0.22449136480311865,0.5729497619664442,0.7653993620019914,0.5565951380306535,0.7003420225942615,,1.0,0.45,0.15,0.4,0.6484249740364613,0.4286676251375283,0.6484249740364613,0.4286676251375283,0.2837051563090985,0.5487418000898503,1.0
"Murray Hill, Manhattan",east_42nd_street/west_to_east/004_n00644_E.jpg,n00644,east_42nd_street,west_to_east,W,4,E,0.25988267714185614,0.2965987283337688,0.2664839027133417,0.8180857938164827,0.44999999999999996,0.8361875637104994,0.7521902377972466,0.8549817423056859,0.20065176908752327,0.2743217693963222,0.7092741162842969,0.7347577858423273,0.6026079163968185,0.8233365802962892,,1.0,0.45,0.15,0.4,0.756865909115028,0.5620653570713642,0.756865909115028,0.5620653570713642,0.4186807232722458,0.7080185489231803,1.0
"Murray Hill, Manhattan",east_42nd_street/west_to_east/005_n00645_E.jpg,n00645,east_42nd_street,west_to_east,W,5,E,0.2510996214401434,0.27897145934302636,0.26159485338120886,0.8336604899497487,0.5228899903621094,0.8363204344874405,0.7515242629249145,0.8505103310928553,0.23615664845173034,0.26388864472145956,0.682798751498844,0.7156969780250266,0.6127304141565,0.8443498697146038,,1.0,0.45,0.15,0.4,0.748600438288229,0.5505255599398758,0.748600438288229,0.5505255599398758,0.3885553039158412,0.7383900361419848,1.0
"Murray Hill, Manhattan",east_42nd_street/west_to_east/006_n00646_E.jpg,n00646,east_42nd_street,west_to_east,W,6,E,0.16804772545562638,0.1869075829383886,0.17409749243406827,0.8080025814778962,0.5075321089905174,0.8402012549739822,0.7361056105610562,0.84622158181236,0.1067557803468208,0.17635093360936108,0.42952514787680074,0.7135572424871203,0.5630276575734123,0.7201921358511626,2.611869723452681,0.9123054164440921,0.4,0.2,0.4,0.533335884487954,0.3163059534131172,0.5846023435515115,0.37816882231897253,0.18185327169617718,0.5725043286427556,0.83641467711033
"Murray Hill, Manhattan",east_42nd_street/west_to_east/007_n00647_E.jpg,n00647,east_42nd_street,west_to_east,W,7,E,0.15131577524074322,0.14385453131077405,0.1463611719320196,0.7748489840746843,0.2943869128020411,0.8212329780935465,0.6690186712983066,0.8418838972083565,0.08173397307743573,0.1471771594945123,0.3466326202880635,0.7672316831220631,0.5308788471946996,0.6137689308089361,2.611869723452681,0.9123054164440921,0.4,0.2,0.4,0.46588131361274293,0.25963169346865506,0.510663759323732,0.3104102553121596,0.13541250203789149,0.4526037265158463,0.83641467711033
"Murray Hill, Manhattan",east_42nd_street/west_to_east/008_n00648_E.jpg,n00648,east_42nd_street,west_to_east,W,8,E,0.1965380612591045,0.22164556962025314,0.2565757428153921,0.7888207547169811,0.31203034169856797,0.8316730094769048,0.689162989704506,0.8625929682217715,0.1856248523505788,0.22491979123158323,0.5742072075682898,0.7694878074984393,0.579126936758952,0.7661868990848149,1.7930268069346893,1.0,0.4,0.2,0.4,0.6832846951513669,0.45145435510243265,0.6832846951513669,0.47736366354298326,0.28475107710658065,0.6303142819640253,0.945724171278031
"Murray Hill, Manhattan",east_42nd_street/west_to_east/009_n00649_E.jpg,n00649,east_42nd_street,west_to_east,W,9,E,0.1872849313728497,0.18053963158297023,0.23610576305994094,0.8077515723270441,0.21899722044045325,0.8359002566923358,0.7006336876533116,0.8355311355311356,0.11762734584450403,0.20131010867192028,0.5039302450663428,0.8082182028596423,0.5512640563429837,0.6832960608163774,1.424090526299827,1.0,0.4,0.2,0.4,0.6256010402867321,0.41292214911903585,0.6256010402867321,0.413113741553952,0.2307055752397542,0.5288733698527941,0.9995362235247963
"Murray Hill, Manhattan",east_42nd_street/west_to_east/010_n00650_E.jpg,n00650,east_42nd_street,west_to_east,W,10,E,0.1616467495002499,0.1616414554374489,0.13967136150234746,0.8053224744981903,0.2755560307955518,0.8510844177510845,0.6533154859967051,0.8331953185381473,0.15238177029657618,0.15431985548001542,0.36629100576460427,0.7936169538179076,0.5462975249438096,0.6669589788805477,0.9689453402218572,1.0,0.5,0.2,0.3,0.511758484767335,0.29791375524685926,0.511758484767335,0.29791375524685926,0.14576451757224196,0.5102795873230153,1.0
"Murray Hill, Manhattan",east_42nd_street/west_to_east/011_n00651_E.jpg,n00651,east_42nd_street,west_to_east,W,11,E,0.16607888272366303,0.17451225439144627,0.21399359886201993,0.8189033723399003,0.3838652482269504,0.8485879723689557,0.651395173453997,0.8518072289156627,0.18198465294733168,0.18486157865904307,0.45470921996093544,0.7612086988273018,0.5617290184389971,0.7162499141026525,1.6741188790538528,1.0,0.4,0.2,0.4,0.6045331014353111,0.3799566136153781,0.6045331014353111,0.39466022642843795,0.1975442993783097,0.5677302419538622,0.962743616335187
"Murray Hill, Manhattan",east_42nd_street/west_to_east/012_n00652_E.jpg,n00652,east_42nd_street,west_to_east,W,12,E,0.1580012475730539,0.1308249058100337,0.13841722255912672,0.7323717948717948,0.19474267211997276,0.8354509803921569,0.44708765859284894,0.7994461040577545,0.06449690033381021,0.14241445864740476,0.33380476296640404,0.791026701047993,0.4370102209948045,0.27992237520768554,3.0957076755637005,0.8484397950988515,0.3,0.1,0.6,0.27778607553664747,0.14102854551307034,0.3274081168060754,0.18130283900195576,0.12885965458580764,0.16823538093998275,0.7778617604082252
"Murray Hill, Manhattan",east_42nd_street/west_to_east/013_n00653_E.jpg,n00653,east_42nd_street,west_to_east,W,13,E,0.14085965142785245,0.11860119047619051,0.10428084277189138,0.7291017074981441,0.20714713174318203,0.8109169793621014,0.4645214521452145,0.8013680257510729,0.05062709482106172,0.12124722822531145,0.2798847693599403,0.7776238517056878,0.43883885757244967,0.2854844627341427,2.822403146966777,0.8839449676737935,0.4,0.2,0.4,0.30591716048153733,0.1535317577423415,0.3460816811781788,0.18944868828041792,0.10292988497331611,0.1721086636824971,0.8104134113353536
"Murray Hill, Manhattan",east_42nd_street/west_to_east/014_n00654_E.jpg,n00654,east_42nd_street,west_to_east,W,14,E,0.14782931337264096,0.11509479824987849,0.1504970760233918,0.6483630952380953,0.22588621229925576,0.8101944630000742,0.48052897395002664,0.7971029173419772,0.049250936329588026,0.13780706254863706,0.3216247190608888,0.7442237819796378,0.44229427587386394,0.2961736216905168,2.870054852780348,0.8776492716936222,0.4,0.2,0.4,0.32301301681377464,0.16494353774699144,0.36804339413447945,0.204990113857551,0.12277953631463413,0.17961993329392825,0.8046414270573643
"Murray Hill, Manhattan",east_42nd_street/west_to_east/015_n00655_E.jpg,n00655,east_42nd_street,west_to_east,W,15,E,0.16260585371067404,0.14757285081026086,0.13423302515160554,0.5640594651128045,0.29275802931088246,0.8096648044692737,0.6043316255239869,0.7953290870488323,0.08430458430458432,0.14813724322418015,0.3492464691698283,0.6936554134237318,0.49465509895913445,0.47996735042377703,2.8616929026321527,0.878750791281725,0.4,0.2,0.4,0.3997900424970648,0.21538420649320217,0.4549526970142929,0.26734171746045765,0.13676700919647128,0.3244244629748301,0.8056513159980709
"Murray Hill, Manhattan",east_42nd_street/west_to_east/016_n00656_E.jpg,n00656,east_42nd_street,west_to_east,W,16,E,0.14457940274250738,0.1643248681654177,0.1470341207349081,0.7571761189880456,0.40046948356807516,0.8379979828542612,0.6778754428999728,0.8088575899843505,0.14488217967599412,0.15197946388094438,0.35979674584303406,0.7315682060914106,0.5438717375201059,0.6588280703153858,3.1736589328151603,0.8385770263001276,0.3,0.1,0.6,0.4656384861954389,0.27429113693141344,0.5552721712993678,0.3567692559249121,0.14230216197599102,0.501184330960782,0.7688194326619401
"Murray Hill, Manhattan",east_42nd_street/west_to_east/017_n00657_E.jpg,n00657,east_42nd_street,west_to_east,W,17,E,0.14596074116314345,0.19044918330308533,0.15525826220179473,0.7608840811965812,0.6697715424716345,0.8518832204065365,0.7407988675529297,0.8321130676552363,0.1212929108267317,0.16388939555600782,0.39333209471364716,0.6476652530438277,0.5647349486782991,0.7253236015103852,5.80121218274174,0.5654226200209265,0.3,0.1,0.6,0.3374855166057385,0.20656424431870657,0.5968730373631816,0.3984745401730288,0.16065265748183474,0.5787600874546253,0.5183875592880052
"Murray Hill, Manhattan",east_42nd_street/west_to_east/018_n00658_E.jpg,n00658,east_42nd_street,west_to_east,W,18,E,0.14862920518734118,0.18226042147361943,0.13613970995239677,0.7497603396329772,0.2895888987830217,0.8185039634555958,0.6420413211115962,0.8355906696764485,0.07169634489222121,0.15567644553778578,0.37007789612593917,0.7595584681018503,0.5164427785600886,0.5613497316200149,5.842790221004313,0.5619072191764993,0.3,0.1,0.6,0.28691204986787816,0.16291109471361903,0.5106039575151942,0.3162311580754358,0.14780325511060008,0.3997043699959162,0.5151645894259325
"Murray Hill, Manhattan",east_42nd_street/west_to_east/019_n00659_E.jpg,n00659,east_42nd_street,west_to_east,W,19,E,0.16514083393288265,0.24252782193958664,0.18155659850262604,0.7794145068058923,0.32466918714555765,0.8234383150756391,0.7070599886813809,0.822296372347707,0.12401168786524575,0.19640841812503176,0.4892269219261942,0.7593945449119912,0.5511226829647778,0.682836979142543,5.598128108334853,0.5829119015874091,0.3,0.1,0.6,0.363992968144772,0.225249526060545,0.6244390741611755,0.42148252343073794,0.2204318186152981,0.5283449554126305,0.5344219832107941
"Murray Hill, Manhattan",east_42nd_street/west_to_east/020_n00660_E.jpg,n00660,east_42nd_street,west_to_east,W,20,E,0.14775950795479495,0.14788780222765552,0.17394822006472488,0.7003113026819924,0.2564039001817881,0.852294826915597,0.7104308873720138,0.8381357909472702,0.07113402061855667,0.15653184341572512,0.37247399735254305,0.7654007431386003,0.5399002329792801,0.6453138548128401,3.145204550946264,0.8421638540674242,0.3,0.1,0.6,0.46878841112801817,0.27558184482902204,0.5566475085149958,0.3569214214764624,0.1491008596982815,0.4862946252032829,0.772107887750289
"Murray Hill, Manhattan",east_42nd_street/west_to_east/021_n00661_E.jpg,n00661,east_42nd_street,west_to_east,W,21,E,0.13930757308178424,0.13118091913903437,0.1316290972449091,0.7479601631869451,0.23313635053329493,0.8349443468072643,0.6793470495785113,0.8144943890665162,0.05692298987155545,0.1340391964885759,0.3118403199922964,0.7832560531536381,0.5169214761721943,0.5631170357838094,3.154244569854985,0.8410226514045614,0.3,0.1,0.6,0.40995571846426243,0.22919248093412253,0.4874490809250027,0.29724275718180926,0.11799220009884534,0.40142849047040996,0.7710616167980718
"Murray Hill, Manhattan",east_42nd_street/west_to_east/022_n00662_E.jpg,n00662,east_42nd_street,west_to_east,W,22,E,0.13858549080695828,0.14468646149400374,0.1858769476628046,0.8065124933545986,0.19446454413892908,0.8599970124729256,0.6960630509487524,0.8626822801590809,0.05091387352207396,0.15638296665458887,0.3720565162752368,0.8240149872295317,0.5365530682099691,0.6337401650731828,2.439136306180125,0.9362521517144015,0.4,0.2,0.4,0.5053449267790096,0.2858997714466819,0.5397530204375565,0.33307312182851107,0.14887434619027917,0.47376344327632236,0.8583693871097853
"Murray Hill, Manhattan",east_42nd_street/west_to_east/023_n00663_E.jpg,n00663,east_42nd_street,west_to_east,W,23,E,0.14066675848010238,0.1427476684275745,0.1412507701786814,0.6822295805739514,0.3036631858113708,0.8500798316278395,0.6758465011286682,0.8156783820930689,0.058475256608750525,0.14155506569545273,0.3315153742753246,0.7428820754634733,0.5166667132768292,0.5621766729710348,4.192747064920084,0.719706305125263,0.3,0.1,0.6,0.3550766306373657,0.1995082807902092,0.49336323457047604,0.3023599236875754,0.12770642648526243,0.40051060693636137,0.6598370523348807
"Murray Hill, Manhattan",east_42nd_street/west_to_east/024_n00664_E.jpg,n00664,east_42nd_street,west_to_east,W,24,E,0.15057543497572312,0.1619645732689211,0.23338189273767132,0.45750442086648985,0.48728490939546215,0.8042844651705042,0.7796036615055021,0.817979797979798,0.04764559112385199,0.18197396699410517,0.44613178324086955,0.5915013255471773,0.548409683536384,0.67395880556987,4.191330945812232,0.7198591998410823,0.3,0.1,0.6,0.42311857560552196,0.2573261758530869,0.5877796320432254,0.3899015977817068,0.19210885989077123,0.5181935947449142,0.659977228400986
"Murray Hill, Manhattan",east_42nd_street/west_to_east/025_n00665_E.jpg,n00665,east_42nd_street,west_to_east,W,25,E,0.19656751750824372,0.27903225806451615,0.23413324913167033,0.8121606137597768,0.6615110246433203,0.8565533641068681,0.7438687724704675,0.899055838312311,0.14445117641118854,0.23657767490147674,0.6080045418744837,0.6690676510744414,0.5957919290646556,0.8079708714504537,3.5363689685514608,0.7941718977320026,0.3,0.1,0.6,0.5781905483311917,0.3942910108910343,0.7280420649262321,0.541528065012244,0.31407841339870596,0.6864426073392832,0.7281081745636199
"Murray Hill, Manhattan",east_42nd_street/west_to_east/026_n00666_E.jpg,n00666,east_42nd_street,west_to_east,W,26,E,0.2868142817970007,0.3786389049546945,0.3425336164189667,0.8016872288885133,0.44807544264819094,0.8331083419868467,0.751180926916221,0.8331644559076393,0.09762071378586423,0.33599560105688725,0.8364362128094066,0.7289067094090562,0.5606553655365748,0.7129654730882958,2.881406991290689,0.8761560639726315,0.4,0.2,0.4,0.6688309949147832,0.48926660286995644,0.7633697036600953,0.6090917388383861,0.601542051744249,0.563773692252782,0.8032724328244032
"Murray Hill, Manhattan",east_42nd_street/west_to_east/027_n00667_E.jpg,n00667,east_42nd_street,west_to_east,W,27,E,0.2736486922761612,0.4104098926002562,0.39785714285714285,0.7799603935096461,0.4096549379568248,0.8197666666666666,0.7432267591165896,0.8286720264568367,0.13117870722433458,0.36063857591118675,0.8729905137467164,0.7300240407398293,0.5676924975992537,0.734073160131714,3.3568963877016915,0.8158420914248683,0.3,0.1,0.6,0.6305017389314869,0.4680855760319273,0.7728232528801199,0.6258031703102673,0.6698728809880894,0.5895362841349263,0.7479757186270802
"Murray Hill, Manhattan",east_42nd_street/west_to_east/028_n00668_E.jpg,n00668,east_42nd_street,west_to_east,W,28,E,0.24608477444134771,0.24523591154590849,0.19508373851971905,0.787235014619883,0.3906947890818859,0.8222461327345311,0.6592105263157895,0.8325435095887374,0.12401304497082048,0.22880147483565838,0.5855544802706081,0.7395954527575093,0.538589026958449,0.6407993888958445,2.901647660292691,0.8735000003180607,0.4,0.2,0.4,0.5556195454088199,0.34504404649711135,0.6360841960005797,0.43085410703436455,0.29433230162561547,0.481382779394112,0.8008373156103881
"Murray Hill, Manhattan",east_42nd_street/west_to_east/029_n00669_E.jpg,n00669,east_42nd_street,west_to_east,W,29,E,0.30894331998726515,0.27572016460905346,0.20439302481556001,0.7715382654686803,0.2933105383131685,0.8044224488435646,0.5311927369648508,0.8104121927940825,0.13511989553656223,0.2630188364706262,0.680533805511884,0.7608833919996921,0.4922416084318318,0.4709388230112672,3.218767718561785,0.8329221006755121,0.3,0.1,0.6,0.45958918860294073,0.28007742258680357,0.5517793179340627,0.3667687487594513,0.3860784182184308,0.31654084646490577,0.7636349158267433
"Murray Hill, Manhattan",east_42nd_street/west_to_east/030_n00670_E.jpg,n00670,east_42nd_street,west_to_east,W,30,E,0.2170745165531693,0.20780503491363467,0.1395117090184355,0.7311294183917759,0.39366587490102933,0.7671533713200379,0.5226952495974236,0.7613610671489939,0.03924977804084051,0.18813042016174647,0.46445134027000345,0.7015389716035948,0.4411020315957527,0.29245932412968006,3.830035537553397,0.7599479532344805,0.3,0.1,0.6,0.2786829372062114,0.14765169814277096,0.3667131887388929,0.21192061457674616,0.20383628431462558,0.17699973953177572,0.6967311718950283
"Murray Hill, Manhattan",east_42nd_street/west_to_east/031_n00671_E.jpg,n00671,east_42nd_street,west_to_east,W,31,E,0.21058119950936324,0.30312195800305936,0.27161842344802484,0.6809050772626932,0.43920595533498763,0.764110824742268,0.3898257448004497,0.7684630738522954,0.03702219631842244,0.26177386032014915,0.6772770757810551,0.6686033155566579,0.39843700499038914,0.1789547967112304,3.2019013004344803,0.8350320304345263,0.3,0.1,0.6,0.25415338963430156,0.13998918097944013,0.3043636415983319,0.1828563077906135,0.3825434613559892,0.1018547838031082,0.765569329660424
"Murray Hill, Manhattan",east_42nd_street/west_to_east/032_n00672_E.jpg,n00672,east_42nd_street,west_to_east,W,32,E,0.20509366490060021,0.266166550360549,0.1291085657370518,0.46616741024006797,0.37565552277941655,0.7264288158795346,0.36598004922917476,0.7140406907972557,0.039837821752715406,0.20012292699940032,0.500368780931329,0.6056469011133953,0.3732861872597153,0.13002845522552947,3.9807113123144338,0.7429647361378527,0.3,0.1,0.6,0.16881081024938138,0.08588535615694741,0.22721241270064738,0.12608677254777412,0.22818686133044125,0.07215514654289182,0.6811607151289844
"Murray Hill, Manhattan",east_42nd_street/west_to_east/033_n00673_E.jpg,n00673,east_42nd_street,west_to_east,W,33,E,0.25024790113180967,0.21916871752802844,0.1874787342633549,0.681307305530908,0.4836021505376344,0.8078286961265685,0.25476190476190474,0.7656727828746178,0.07543859649122808,0.21896511764106433,0.5566510516601627,0.6685112837066141,0.3652910947092502,0.1170534933094478,3.985469823660952,0.7424346144355737,0.3,0.1,0.6,0.1651484962582877,0.08529196508335116,0.2224418057121969,0.12530503350748357,0.27042422130889254,0.0645267726363287,0.680674691956866
"Murray Hill, Manhattan",east_42nd_street/west_to_east/034_n00674_E.jpg,n00674,east_42nd_street,west_to_east,W,34,E,0.28700911040136606,0.2841215646602597,0.24661026141663953,0.66469677782468,0.6110065046217049,0.8185039634555958,0.5169762042948346,0.7598964326812429,0.08001511268808725,0.27258031215942174,0.7049461938979292,0.624064745552857,0.45229591655472157,0.3283711734178414,4.333284506865599,0.7046932508521547,0.3,0.1,0.6,0.31030507821637854,0.18155884402604122,0.4403406416070257,0.28101914306725795,0.413603356072685,0.20279762906283533,0.6460728690735054
"Murray Hill, Manhattan",east_42nd_street/west_to_east/035_n00675_E.jpg,n00675,east_42nd_street,west_to_east,W,35,E,0.15789560586076032,0.1620551999449377,0.0729527660120652,0.7166600186145459,0.6021903104148535,0.8241590214067278,0.7261490923136346,0.823895790200138,0.0895996370647613,0.13096785727258772,0.30398651088438333,0.6462095765354734,0.5465481731928445,0.6677935815054356,2.228483664826084,0.9663081017376003,0.4,0.2,0.4,0.46793865236866494,0.26061329388723775,0.48425409196841557,0.2941707940587334,0.11421026248288568,0.5112190835504841,0.8859251127261952
"Murray Hill, Manhattan",east_42nd_street/west_to_east/036_n00676_E.jpg,n00676,east_42nd_street,west_to_east,W,36,E,0.18408241725740582,0.30283938172043007,0.2094386487829111,0.742992267329467,0.6689870060991779,0.8186925605420273,0.7022958223560406,0.8198437590753325,0.14593114241001562,0.23212014925358232,0.595184923399753,0.6308992739241055,0.5560235746137963,0.6985396870674268,2.243008269086686,0.9642051070411528,0.4,0.2,0.4,0.6190113835578492,0.3925587801780415,0.6419913968900286,0.4440724966719237,0.3026709937837504,0.546617931241073,0.8839970570572399
"Murray Hill, Manhattan",east_42nd_street/west_to_east/037_n00677_E.jpg,n00677,east_42nd_street,west_to_east,W,37,E,0.2601956512345335,0.2735277542969851,0.21820244880726195,0.7696952453211937,0.43638948116560056,0.7920037336652147,0.7404195240016135,0.7923205902079141,0.15068687556766577,0.25064195144626017,0.6474167427084964,0.7084364992736025,0.5611423299257311,0.714457972299465,2.128415737709926,0.9809219731470571,0.4,0.2,0.4,0.6726031454278931,0.43989810401316837,0.6856846557020273,0.48914344209096405,0.3515234730570533,0.5655692564211123,0.8993233194187693
"Murray Hill, Manhattan",east_42nd_street/west_to_east/038_n00678_E.jpg,n00678,east_42nd_street,west_to_east,W,38,E,0.35958229038780787,0.41746316208681794,0.3045182972367438,0.5396566710126032,0.5929961089494163,0.7832752106945655,0.6599911414831688,0.7802328843995511,0.09236396890717875,0.36052124990378986,0.8728343251674798,0.5766452575859173,0.5108626649299662,0.5406451078655542,2.157688170312537,0.9766243194081939,0.4,0.2,0.4,0.6478089106004913,0.4637977814322347,0.6633143346184996,0.517988049746954,0.6695614563666368,0.3797996353983531,0.8953831688951277
"Murray Hill, Manhattan",east_42nd_street/west_to_east/039_n00679_E.jpg,n00679,east_42nd_street,west_to_east,W,39,E,0.2736943305762928,0.3284936856098371,0.3163603879530372,0.7173048234709101,0.5796743816655322,0.7893949719824321,0.688219958772887,0.801976678043231,0.08324927711653556,0.30618280137972237,0.7814597806785895,0.6423418045959366,0.5244819713108845,0.5907893755549901,1.987056030793632,1.0,0.4,0.2,0.4,0.6718757410227088,0.45906079144124096,0.6718757410227088,0.4997416946558764,0.5135319149073918,0.42895667471750365,0.9185961394663128
"Murray Hill, Manhattan",east_42nd_street/west_to_east/040_n00680_E.jpg,n00680,east_42nd_street,west_to_east,W,40,E,0.397764996504509,0.4077094474153298,0.34236749890494966,0.5244444444444444,0.5556986872776347,0.773083122265715,0.5751277287505806,0.6939206762028608,0.07169634489222121,0.38261398094159615,0.8994716511923616,0.5806096264775082,0.44691491661522087,0.3108226279073972,1.4029714460627134,1.0,0.4,0.2,0.4,0.5387371068347802,0.4060322142499806,0.5387371068347802,0.4060322142499806,0.7253815346413441,0.19006082790566822,1.0
"Murray Hill, Manhattan",east_42nd_street/west_to_east/041_n00681_E.jpg,n00681,east_42nd_street,west_to_east,W,41,E,0.40712708405332454,0.4676610572836988,0.3629110925306578,0.37591057523235366,0.3466168091168091,0.7314586416707778,0.6295334994462901,0.7326749826749827,0.08878531073446327,0.412566411289227,0.9276270352324484,0.5869174692621074,0.48366459761857866,0.439046906036879,2.3447028459439485,0.9496085547903482,0.4,0.2,0.4,0.5959553914197948,0.43390516767656007,0.627580057502081,0.4983894176312912,0.7909637074890266,0.28938562617560865,0.8706147288174634
"Murray Hill, Manhattan",east_42nd_street/west_to_east/042_n00682_E.jpg,n00682,east_42nd_street,west_to_east,W,42,E,0.29248102535385007,0.30559219203376414,0.23145780051150897,0.2125813449023862,0.25473953181668324,0.7267117117117117,0.7566582562377347,0.6441214470284238,0.07406700998156272,0.2765103392997077,0.7146597182140734,0.5615178415991382,0.49161557108257375,0.468599769286164,2.3447028459439485,0.9496085547903482,0.4,0.2,0.4,0.546232932265998,0.3468524682862585,0.5752190515876237,0.3983994949837117,0.4250860730141055,0.3145127757738025,0.8706147288174634
"Murray Hill, Manhattan",east_42nd_street/west_to_east/043_n00683_E.jpg,n00683,east_42nd_street,west_to_east,W,43,E,0.25427858797728503,0.20923689830786918,0.1751845224781928,0.24208983294612238,0.18155219545532209,0.7256888168557536,0.7162912912912912,0.48044548044548047,0.08308232931726907,0.21290000292111566,0.5386229126473936,0.5954088181155179,0.4266063670180136,0.24957045770137432,2.4314143327120616,0.9373372371594041,0.4,0.2,0.4,0.378660603452198,0.20901446564484025,0.40397477923711544,0.24321988681591938,0.2563069370493424,0.14751280224819452,0.8593642089926329
"Murray Hill, Manhattan",east_42nd_street/west_to_east/044_n00684_E.jpg,n00684,east_42nd_street,west_to_east,W,44,E,0.29816184761138187,0.22919367383977182,0.2446786526141765,0.21209753047827448,0.20020599250936325,0.6084209555432577,0.5973658296405712,0.4243324989570296,0.04857135284139099,0.2573447246884434,0.6655522974545245,0.5401041645040563,0.3567565604796639,0.10445729391556516,2.5181258194801743,0.9252244956445236,0.4,0.2,0.4,0.2815730016823948,0.16045261499655433,0.30432938493078626,0.1891552002333117,0.37007011320144945,0.057216717315166414,0.8482590740230539
"Murray Hill, Manhattan",east_42nd_street/west_to_east/045_n00685_E.jpg,n00685,east_42nd_street,west_to_east,W,45,E,0.2532488020820451,0.18017065087088358,0.23511994379203047,0.41855670103092785,0.6052892234548336,0.7777090827338129,0.7401290812452542,0.7263242375601927,0.06487796123474514,0.22284646558165302,0.5681133004040473,0.5303255201033024,0.5104437600133973,0.5390842015337869,2.5181258194801743,0.9252244956445236,0.4,0.2,0.4,0.5076825688039754,0.30427404787052287,0.5487128488208876,0.35870414733960554,0.2797110894993874,0.37832064976299407,0.8482590740230539
"Murray Hill, Manhattan",east_42nd_street/west_to_east/046_n00686_E.jpg,n00686,east_42nd_street,west_to_east,W,46,E,0.23903822702374708,0.25053726953964484,0.24464600655076843,0.685413129598189,0.6805237003058103,0.7681901759915944,0.7809139784946236,0.7439803182579565,0.04793416811961748,0.24474050103805345,0.631087727996618,0.5910265350946577,0.5242761549573992,0.5900428028361443,2.5181258194801743,0.9252244956445236,0.4,0.2,0.4,0.560993487015674,0.3514101100693488,0.6063322897918721,0.4142721496661505,0.33555488962488184,0.4282006116210631,0.8482590740230539
"Murray Hill, Manhattan",east_42nd_street/west_to_east/047_n00688_E.jpg,n00688,east_42nd_street,west_to_east,W,47,E,0.42410417365123687,0.6246950896171386,0.541020910209102,0.41578980333208065,0.7885964912280702,0.7500686813186813,0.7638506801161546,0.6820148953301127,0.19604798441115578,0.5299400578258258,0.9812802814762169,0.4590873311408973,0.5473045199524743,0.6703056522181233,,1.0,0.45,0.15,0.4,0.7517965548529101,0.6629030652003802,0.7517965548529101,0.6629030652003802,0.9393020946671459,0.514053564719601,1.0
"Murray Hill, Manhattan",lexington_avenue/north_to_south/001_n00722_S.jpg,n00722,lexington_avenue,north_to_south,W,1,S,0.18789133125058355,0.26734613876911023,0.26182128730672427,0.7998224412996237,0.6906988828267081,0.8549123150140167,0.7054644808743169,0.8490251572327043,0.19820463933905308,0.23901958577547266,0.6149659265161296,0.6546786244956441,0.584231425815358,0.7796231089006024,7.747440732145052,0.42226757165435663,0.3,0.1,0.6,0.30128442764761554,0.2032934424073037,0.7134917475837553,0.5251147863185033,0.32042536073677436,0.6479710623718601,0.38714095985101066
"Murray Hill, Manhattan",lexington_avenue/north_to_south/002_n00721_S.jpg,n00721,lexington_avenue,north_to_south,W,2,S,0.1728529431037605,0.1898484848484848,0.18966986155484555,0.8075299760191846,0.665420819490587,0.8332521592311188,0.68344382414515,0.838297178757705,0.1540840935304603,0.18412376316903029,0.4525148291355107,0.6584537719199054,0.5586083654777718,0.706640966740702,7.737735740965732,0.4228827347658942,0.3,0.1,0.6,0.25958620840235885,0.16042392392527294,0.6138491526405411,0.41377837409659946,0.19614454988062763,0.5562081015142479,0.3877049502055921
"Murray Hill, Manhattan",lexington_avenue/north_to_south/003_n00720_S.jpg,n00720,lexington_avenue,north_to_south,W,3,S,0.2348804809820865,0.23193770742915495,0.19367747098839536,0.793010752688172,0.26987274830606517,0.8206186592401035,0.6458600427350428,0.817650350474171,0.16077359905710917,0.2201652197998789,0.5602021811388983,0.7812522212074033,0.5414279974221077,0.6505414276839616,7.728030749786412,0.42349879405246205,0.3,0.1,0.6,0.26828705497565025,0.1677192024746754,0.6335013434357395,0.4319656558632762,0.2732748861468181,0.49202098522025445,0.38826976218628156
"Murray Hill, Manhattan",lexington_avenue/north_to_south/004_n00719_S.jpg,n00719,lexington_avenue,north_to_south,W,4,S,0.18170613316771678,0.18584309814676306,0.15066478409224615,0.7979052382488975,0.24254358328082337,0.8326881720430107,0.6075683725968047,0.822311870484628,0.09760573226144702,0.17273800513557533,0.41893570878444425,0.7960166090036949,0.5091619917809599,0.5343034954060423,7.739101293356987,0.4227961233571762,0.3,0.1,0.6,0.2185446768291318,0.12455798104243472,0.5169032182551643,0.3213358435503257,0.17549152435709317,0.37380937714809415,0.38762554362513
"Murray Hill, Manhattan",lexington_avenue/north_to_south/005_n00718_S.jpg,n00718,lexington_avenue,north_to_south,W,5,S,0.21303279313255005,0.21175738171469227,0.1840266035396235,0.7832005312084993,0.3795011562603238,0.8289508764913683,0.5252984650369528,0.8180649717514124,0.07229539040451553,0.20293892612895525,0.5088158646639895,0.7442167504798478,0.4718862757309602,0.3961086239989684,5.807113037558484,0.5649223699276976,0.3,0.1,0.6,0.25693039724223177,0.1431094979051188,0.4548065555894261,0.27631107589389076,0.23419281989141327,0.2544449261530175,0.517928922835058
"Murray Hill, Manhattan",lexington_avenue/north_to_south/006_n00717_S.jpg,n00717,lexington_avenue,north_to_south,W,6,S,0.23166274875557927,0.19546324937398732,0.17664941785252264,0.786604624929498,0.3074120779038812,0.8238906375362588,0.6071693907875186,0.7876137265677475,0.1548751200768492,0.20125847199402974,0.5037753442318651,0.7676943948539585,0.5165527458107051,0.5617558592150164,5.844453708028255,0.5617670278625451,0.3,0.1,0.6,0.31511909557846984,0.18642882566868088,0.5609426683112028,0.3619723746356701,0.23059561954224822,0.400100219824172,0.5150360600206685
"Murray Hill, Manhattan",lexington_avenue/north_to_south/007_n00716_S.jpg,n00716,lexington_avenue,north_to_south,W,7,S,0.3043059874997557,0.2359938063063063,0.19936799770180982,0.774825649571067,0.35260586319218246,0.7930455874534822,0.6379557291666668,0.8174570615906357,0.13254744105807933,0.24655593050262392,0.6361450180265641,0.7384217912774556,0.5293200772717939,0.608211649915108,4.253937112893738,0.7131306989125281,0.3,0.1,0.6,0.4482282890082317,0.2831178118312879,0.6285359607877586,0.43302868775410125,0.34042932937761267,0.4468175396213516,0.6538084423451839
"Murray Hill, Manhattan",lexington_avenue/north_to_south/008_n00715_S.jpg,n00715,lexington_avenue,north_to_south,W,8,S,0.31213021533881014,0.2234324403885782,0.19466736450337288,0.7551590566296449,0.3347193347193347,0.7921688698807672,0.6533368031459634,0.825147762454264,0.1103515625,0.2434100067435871,0.6273628868242754,0.7375361972636925,0.5296120427000759,0.6092547415898864,4.0586906730433165,0.7343249765878064,0.3,0.1,0.6,0.46004639493715793,0.2897343828389378,0.6264888293393739,0.43035845946970597,0.3320045574484231,0.4479002736163607,0.6732396597848984
"Murray Hill, Manhattan",lexington_avenue/north_to_south/009_n00714_S.jpg,n00714,lexington_avenue,north_to_south,W,9,S,0.2367484468257134,0.22654768063459216,0.19963454807494338,0.7503620190318577,0.44997159494390004,0.8088960238697541,0.5922184006878761,0.7904453635437272,0.13847894529712712,0.22097689184508296,0.5626004710801285,0.7030954826525706,0.5070475698429101,0.5264038021695762,3.84347338309953,0.7584176865313677,0.3,0.1,0.6,0.419238656944647,0.2495608944693762,0.5527806964286922,0.3589109343568976,0.2752134870239367,0.3664155601196942,0.6953282014562846
"Murray Hill, Manhattan",lexington_avenue/north_to_south/010_n00713_S.jpg,n00713,lexington_avenue,north_to_south,W,10,S,0.388804853944313,0.39231113279661706,0.40490845959595956,0.8002967822555451,0.47129666800481734,0.8205000902690016,0.7248939620758484,0.834552602766995,0.20382992534891273,0.39534148211229647,0.9124639432934633,0.7165000681732431,0.5877588300639187,0.78857921100192,1.160935649420998,1.0,0.5,0.2,0.3,0.8321559069930656,0.7174530955075852,0.8321559069930656,0.7174530955075852,0.7547382604978385,0.659943786321408,1.0
"Murray Hill, Manhattan",lexington_avenue/north_to_south/012_n00711_S.jpg,n00711,lexington_avenue,north_to_south,W,12,S,0.3714426798352342,0.3147583214697309,0.2936483583921449,0.7904280447056112,0.6347215649156018,0.8238786650908886,0.6826426542731733,0.8218999386126459,0.26264806819439834,0.32661645323237,0.8204497332534424,0.6598617149602992,0.5890635536934058,0.7918236763001891,0.7233931252892168,1.0,0.4,0.2,0.4,0.7743954113613292,0.6258816457887378,0.7743954113613292,0.6258816457887378,0.574282316193498,0.6643219934766408,1.0
"Murray Hill, Manhattan",lexington_avenue/north_to_south/013_n00710_S.jpg,n00710,lexington_avenue,north_to_south,W,13,S,0.27691732044222583,0.22648617320748468,0.25072181319474524,0.6867973856209151,0.5409022837888431,0.8082024076719038,0.6846084169453733,0.7873609435732476,0.18714387464387458,0.25137510228148524,0.6494223897315023,0.6513658365013253,0.5530377450541651,0.6890252451420671,0.6998329931550488,1.0,0.4,0.2,0.4,0.6653803206564273,0.471670934372939,0.6653803206564273,0.471670934372939,0.3535315855668369,0.5354970434979373,1.0
"Murray Hill, Manhattan",lexington_avenue/north_to_south/014_n00709_S.jpg,n00709,lexington_avenue,north_to_south,W,14,S,0.2903338414141714,0.2544894272659654,0.22096181164870057,0.7587782095861457,0.6740770681756939,0.8207803391626921,0.7174208452235359,0.8041192068944736,0.19125436378957508,0.2552616934429458,0.6599654648659977,0.6351604935243813,0.5709314719691949,0.7434488828390592,0.7430321722312218,1.0,0.4,0.2,0.4,0.6868875184383503,0.4974636962543922,0.6868875184383503,0.4974636962543922,0.36426216796708694,0.6012397344352519,1.0
"Murray Hill, Manhattan",lexington_avenue/north_to_south/015_n00708_S.jpg,n00708,lexington_avenue,north_to_south,W,15,S,0.3462714422601311,0.3508527131782946,0.3446061643835617,0.7228770595690747,0.4981788749494132,0.7971866096866097,0.7460373787556186,0.8245482811216708,0.20105100298762268,0.3472434399406624,0.8540743841267969,0.6739615981020903,0.590545554288304,0.7954642800469158,0.8282478787237983,1.0,0.5,0.2,0.3,0.7973721874819748,0.6520001870533672,0.7973721874819748,0.6520001870533672,0.6334087644559689,0.6692610022900038,1.0
"Murray Hill, Manhattan",lexington_avenue/north_to_south/016_n00707_S.jpg,n00707,lexington_avenue,north_to_south,W,16,S,0.388138012338921,0.36633254716981134,0.32303955586398336,0.7167816532515651,0.4499630450849963,0.7868685824546895,0.7444215906257791,0.8159811482433591,0.22082327239277913,0.3591700384575719,0.8710236934232976,0.6845623968737526,0.5937420037539723,0.8031548342912248,0.9190104173973354,1.0,0.5,0.2,0.3,0.8100976561520533,0.67378266047479,0.8100976561520533,0.67378266047479,0.6659641962578928,0.6797866107433176,1.0
"Murray Hill, Manhattan",lexington_avenue/north_to_south/017_n00706_S.jpg,n00706,lexington_avenue,north_to_south,W,17,S,0.2432937326663111,0.20004964010920823,0.1726335224714041,0.704001429081815,0.5674209770114942,0.8054617117117117,0.6155391394504925,0.7787339268051433,0.1903657054469119,0.20532563174897445,0.5159714597586483,0.6473473879273441,0.5282129239008493,0.6042472589923903,0.878486971373653,1.0,0.5,0.2,0.3,0.5661150839144422,0.3512356622631601,0.5661150839144422,0.3512356622631601,0.23936843608306607,0.44271640259153083,1.0
"Murray Hill, Manhattan",lexington_avenue/north_to_south/018_n00705_S.jpg,n00705,lexington_avenue,north_to_south,W,18,S,0.28845827561361087,0.2726023075536326,0.25496838301716346,0.7722019464720195,0.5736555188043612,0.8204254244776873,0.5709986436080027,0.8002343794660721,0.1895635285699684,0.27200965539480226,0.7035198585500864,0.6729906173817819,0.5202655172146811,0.5754158452966378,0.773020008528748,1.0,0.4,0.2,0.4,0.643435581006686,0.45513819477165024,0.643435581006686,0.45513819477165024,0.4119434894865077,0.41353860493163225,1.0
"Murray Hill, Manhattan",lexington_avenue/north_to_south/019_n00704_S.jpg,n00704,lexington_avenue,north_to_south,W,19,S,0.3477714823802177,0.3194829670720432,0.28382720456979654,0.6522753792298718,0.38536131774707744,0.7651215156456246,0.6920766186033361,0.7867300175225771,0.14967562557924005,0.31702721800735245,0.8028695596499471,0.6773451923761395,0.5428274205683844,0.6552983366044205,1.7279617143924708,1.0,0.4,0.2,0.4,0.7154769280157004,0.5243954090222349,0.7154769280157004,0.5491054828502393,0.5459385494886742,0.4972681717903349,0.9549994043043571
"Murray Hill, Manhattan",lexington_avenue/north_to_south/020_n00703_S.jpg,n00703,lexington_avenue,north_to_south,W,20,S,0.2032767303633349,0.18588407810449947,0.1473189607517966,0.7204937189599767,0.41405715263518134,0.8177456930905525,0.6167199786751967,0.7710630189192869,0.14525252525252527,0.17882658973987697,0.4368193010413569,0.7080607531384493,0.511011840949003,0.5412007705308234,1.8836213744184256,1.0,0.4,0.2,0.4,0.5241772823777264,0.3020222467712786,0.5241772823777264,0.32372493550847375,0.18631513107522804,0.38032685734161875,0.9329594777643346
"Murray Hill, Manhattan",lexington_avenue/north_to_south/021_n00702_S.jpg,n00702,lexington_avenue,north_to_south,W,21,S,0.25557549379348493,0.23192668371696504,0.2697251773049645,0.5734008283479062,0.6632539350884524,0.8245094229648339,0.742324024171158,0.7964818981386786,0.10265571037275219,0.2524091182718048,0.6522421352149405,0.5782187720747625,0.5471538775608629,0.6698060897293185,1.7915554022340276,1.0,0.4,0.2,0.4,0.6435193563422672,0.4297867007646743,0.6435193563422672,0.45435219459983345,0.3563725674148659,0.513489084349782,0.9459329257630306
"Murray Hill, Manhattan",lexington_avenue/north_to_south/022_n00701_S.jpg,n00701,lexington_avenue,north_to_south,W,22,S,0.2868027119124147,0.2677774742784303,0.21375539956803458,0.5634959349593496,0.5698686371100163,0.7684590690208668,0.7106159716544017,0.7074354881617452,0.0803700777031476,0.25611186191962654,0.6622511612574842,0.5873621222900667,0.4994738458397648,0.49802693214074273,0.8478830217834497,1.0,0.5,0.2,0.3,0.5935651581426195,0.39401703981172387,0.5935651581426195,0.39401703981172387,0.3666279592341382,0.34046312916770505,1.0
"Murray Hill, Manhattan",lexington_avenue/north_to_south/023_n00700_S.jpg,n00700,lexington_avenue,north_to_south,W,23,S,0.2279102778906257,0.2794953802416489,0.22864360073484388,0.633263888888889,0.5510090644775097,0.7891666666666667,0.6407178783721994,0.7568436176648518,0.10932597641458401,0.24534975295570616,0.6327882138902386,0.6238071636926819,0.5022958241505451,0.5086084898244543,0.8920241533379277,1.0,0.5,0.2,0.3,0.5909549080048226,0.3856359391119857,0.5909549080048226,0.3856359391119857,0.33718689410041497,0.35003135937702445,1.0
"Murray Hill, Manhattan",lexington_avenue/north_to_south/024_n00699_S.jpg,n00699,lexington_avenue,north_to_south,W,24,S,0.3386112438287149,0.30770029057700293,0.260545540238011,0.5135705669481303,0.7210923217550275,0.7752686984687869,0.6985823106220904,0.7363452461227243,0.15845858650463704,0.30228569154790963,0.7733681494403829,0.5225823145539632,0.5311287144164839,0.6146570412974357,0.8847502031267274,1.0,0.5,0.2,0.3,0.6674426285897861,0.4907923391782061,0.6674426285897861,0.4907923391782061,0.5018438823268981,0.4535324729431784,1.0
"Murray Hill, Manhattan",lexington_avenue/north_to_south/025_n00698_S.jpg,n00698,lexington_avenue,north_to_south,W,25,S,0.36501987615719966,0.33648681640625,0.3410135223841408,0.6505174875089222,0.7520339794209141,0.8107690144805285,0.7457047791893526,0.7955640443251428,0.20677377589453863,0.34750673831586343,0.8544677264789037,0.5697508408561789,0.582680866469678,0.7756010873115958,0.6339840600174776,1.0,0.4,0.2,0.4,0.7580024759610456,0.6240232912985205,0.7580024759610456,0.6240232912985205,0.6341421159594178,0.6426476364415908,1.0
"Murray Hill, Manhattan",lexington_avenue/north_to_south/026_n00697_S.jpg,n00697,lexington_avenue,north_to_south,W,26,S,0.3625942143755208,0.33235599170256896,0.30245492903720755,0.6065841865756543,0.5363812938891379,0.7925690258242167,0.7524661176874249,0.7987560615644106,0.27835444522636643,0.3324683783717658,0.8305627090700475,0.620923972836911,0.6098588748260672,0.8386047430815189,0.7925968668293141,1.0,0.4,0.2,0.4,0.7866464416729225,0.6496393703097495,0.7866464416729225,0.6496393703097495,0.5913545406673568,0.7299845898828112,1.0
"Murray Hill, Manhattan",lexington_avenue/north_to_south/027_n00696_S.jpg,n00696,lexington_avenue,north_to_south,W,27,S,0.3703933640935045,0.36986863711001644,0.3189736346516007,0.5595731613695686,0.6909838683916307,0.75803916827853,0.7670055821371612,0.7420731707317073,0.23344132469402448,0.3530785452850405,0.8625867059979594,0.5422094870854892,0.5808400258542976,0.7707587342751846,0.7650477073962161,1.0,0.4,0.2,0.4,0.7514877553371999,0.6213377730952615,0.7514877553371999,0.6213377730952615,0.6495108537965316,0.6362816849181594,1.0
"Murray Hill, Manhattan",lexington_avenue/north_to_south/028_n00695_S.jpg,n00695,lexington_avenue,north_to_south,W,28,S,0.35719693987074014,0.33454428029385647,0.3149837475096991,0.6428425774877651,0.5587221633085896,0.8041684078562473,0.7264319809069213,0.7760983922353115,0.19992581602373885,0.3355749892247652,0.8357445094278706,0.6294296073451409,0.5674853963886572,0.7334662966865673,0.7664742479629877,1.0,0.4,0.2,0.4,0.7494987473614148,0.60135154363261,0.7494987473614148,0.60135154363261,0.6003316405352216,0.5887843502199916,1.0
"Murray Hill, Manhattan",lexington_avenue/north_to_south/029_n00694_S.jpg,n00694,lexington_avenue,north_to_south,W,29,S,0.2697263058974986,0.26132850241545896,0.20289555800293688,0.676470588235294,0.6188307644402927,0.8041684078562473,0.7054234769687965,0.7730653158008192,0.15564694716861757,0.24465012210529813,0.6308351921706354,0.6206027438837496,0.5447119133127444,0.6616551147561497,0.7949402449275175,1.0,0.4,0.2,0.4,0.6408874587781499,0.4465093552608654,0.6408874587781499,0.4465093552608654,0.335313124504707,0.5043348837828803,1.0
"Murray Hill, Manhattan",lexington_avenue/north_to_south/030_n00693_S.jpg,n00693,lexington_avenue,north_to_south,W,30,S,0.3566792611471046,0.3257268785099879,0.29704786942710043,0.7478787878787879,0.4846260590125621,0.7780829596412556,0.6993404052767578,0.7829650275399828,0.15632550497728814,0.32648466969473094,0.8202166556795472,0.6804452295024938,0.5462103125980096,0.6666683352001782,0.6468532759368927,1.0,0.4,0.2,0.4,0.7272671971722063,0.5663745842795451,0.7272671971722063,0.5663745842795451,0.5738956462002324,0.5099526749125166,1.0
"Murray Hill, Manhattan",lexington_avenue/north_to_south/031_n00692_S.jpg,n00692,lexington_avenue,north_to_south,W,31,S,0.26116524384610074,0.2396627244853263,0.21591957203467996,0.6427507077931754,0.4161389621811786,0.7748349124318117,0.6318287037037037,0.7878874856486796,0.15628294328484074,0.2389158467887023,0.6146711210248385,0.6671488860146029,0.525333044212408,0.5938720569469423,1.44552911473294,1.0,0.4,0.2,0.4,0.6162810774930065,0.41650340584889506,0.6162810774930065,0.41803882508901696,0.32015434771237544,0.4320865617879204,0.9963270893802867
"Murray Hill, Manhattan",lexington_avenue/north_to_south/032_n00691_S.jpg,n00691,lexington_avenue,north_to_south,W,32,S,0.3136749196666876,0.2829532589357917,0.28041170982038727,0.5494225087295193,0.5228630514705883,0.7845664780269686,0.6091342876618949,0.7444327238631036,0.1359482842422475,0.29234662947428885,0.7517858361641592,0.6037086450952998,0.496505098589082,0.4868971203773545,1.43763736977968,1.0,0.4,0.2,0.4,0.6047529800326056,0.4289101557998188,0.6047529800326056,0.4299820142683072,0.47205585363830627,0.33053590301701274,0.997507201620253
"Murray Hill, Manhattan",lexington_avenue/north_to_south/033_n00690_S.jpg,n00690,lexington_avenue,north_to_south,W,33,S,0.28071453266878693,0.2678327411861164,0.2281261561228265,0.7727388942154043,0.5814781160078751,0.8386220966729442,0.6826426542731733,0.8116817259819289,0.1585281246664532,0.2588911433259099,0.6696701816083093,0.6766276249601577,0.5509508349738518,0.6822784577810508,1.819917269078076,1.0,0.4,0.2,0.4,0.6760814081450527,0.4553818018447325,0.6760814081450527,0.48346266199005433,0.37440642450099165,0.5277025498990023,0.9419172102562503
"Murray Hill, Manhattan",lexington_avenue/north_to_south/034_n00689_S.jpg,n00689,lexington_avenue,north_to_south,W,34,S,0.214968760112174,0.20463963963963963,0.2045075125208681,0.7847386992760236,0.49050105964274904,0.8218163869693978,0.6600958826847152,0.8136816340310601,0.19602690177461288,0.20803863742422724,0.5240972293036563,0.7053513422008908,0.5566014728301294,0.7003619638219933,1.819917269078076,1.0,0.4,0.2,0.4,0.6245610056571143,0.3938766160184413,0.6245610056571143,0.418164793815888,0.24534615185329361,0.5487653297291483,0.9419172102562503
"Murray Hill, Manhattan",lexington_avenue/south_to_north/001_n00689_N.jpg,n00689,lexington_avenue,south_to_north,W,1,N,0.3710256586924976,0.47358834244080145,0.5677650429799427,0.7595779101404515,0.6836663891201776,0.8149594242841832,0.7747119078104995,0.8330737279335411,0.21215344938749192,0.47079301470441387,0.9626557232461822,0.6302903151014856,0.6066463617105108,0.8319758123641021,1.819917269078076,1.0,0.4,0.2,0.4,0.8343356596929257,0.7169660331508703,0.8343356596929257,0.7611773363349188,0.8838560090050753,0.7203818901507792,0.9419172102562503
"Murray Hill, Manhattan",lexington_avenue/south_to_north/002_n00690_N.jpg,n00690,lexington_avenue,south_to_north,W,2,N,0.3325099563529898,0.3200100553041729,0.30067611920703685,0.693532150497043,0.5215119105493436,0.7941447416906183,0.7605175930647629,0.7898960815462007,0.19988525530694204,0.31773204362139984,0.8042047646238705,0.6553883272127725,0.5834329766393018,0.7775584849345808,1.819917269078076,1.0,0.4,0.2,0.4,0.7616222501338735,0.5711136790125168,0.7616222501338735,0.6063310796255058,0.5480343503785771,0.6452342964340881,0.9419172102562503
"Murray Hill, Manhattan",lexington_avenue/south_to_north/003_n00691_N.jpg,n00691,lexington_avenue,south_to_north,W,3,N,0.24956574346666854,0.2757583682008368,0.23722755448910218,0.7536807705538355,0.5657142857142857,0.795160154875044,0.6600094620167614,0.8055888024469712,0.11761744966442955,0.2541838887188692,0.6570570325634666,0.6610422132381979,0.5277385713760541,0.6025445065197996,1.43763736977968,1.0,0.4,0.2,0.4,0.6354519525074962,0.4404089074816758,0.6354519525074962,0.44150950165203695,0.3612723438756918,0.4409616514250748,0.997507201620253
"Murray Hill, Manhattan",lexington_avenue/south_to_north/004_n00692_N.jpg,n00692,lexington_avenue,south_to_north,W,4,N,0.31785672587138625,0.32122289972899726,0.34315077488836354,0.7607664954563415,0.6221597776166304,0.8252385821404227,0.7006336876533116,0.8234193011647255,0.22100292631018884,0.327410133496249,0.8218484769167306,0.6546150999933777,0.581685305042742,0.7729913218829559,1.44552911473294,1.0,0.4,0.2,0.4,0.7662734052877909,0.6140580352199784,0.7662734052877909,0.6163217298466923,0.5766091401993666,0.6392108944095561,0.9963270893802867
"Murray Hill, Manhattan",lexington_avenue/south_to_north/005_n00693_N.jpg,n00693,lexington_avenue,south_to_north,W,5,N,0.2814851655214235,0.289844785159947,0.24315405831363276,0.6117561683599418,0.7084707337180544,0.7977662112340056,0.7420793397231097,0.7677668748141541,0.23782051282051286,0.2714946696650011,0.7022292528140975,0.5670172152919644,0.5825555757859255,0.7752738264490512,0.6468532759368927,1.0,0.4,0.2,0.4,0.6999916583264133,0.5237145319619868,0.6999916583264133,0.5237145319619868,0.4104472693404782,0.6422159226448881,1.0
"Murray Hill, Manhattan",lexington_avenue/south_to_north/006_n00694_N.jpg,n00694,lexington_avenue,south_to_north,W,6,N,0.39367252383217083,0.4893780113885238,0.5223419937350285,0.5919625246548325,0.6601782083482837,0.7757709251101321,0.7731928954977282,0.7845402910898119,0.23020714194942182,0.4684641763185744,0.9616379786645065,0.5691850804722269,0.5959801095123206,0.8084084448472467,0.7949402449275175,1.0,0.4,0.2,0.4,0.8078071279117071,0.7308491501389788,0.8078071279117071,0.7308491501389788,0.8809563011116316,0.6870498443695595,1.0
"Murray Hill, Manhattan",lexington_avenue/south_to_north/007_n00695_N.jpg,n00695,lexington_avenue,south_to_north,W,7,N,0.33333675631226495,0.38065035739454345,0.34382793017456353,0.6452214880078316,0.5983483483483484,0.7873899772856331,0.7663451855294755,0.7870132859773743,0.3356407743200196,0.35260501462712396,0.8619117811612506,0.6114210389817054,0.6296664152756231,0.8749000057455764,0.7664742479629877,1.0,0.4,0.2,0.4,0.8095367525494929,0.6914760969234446,0.8095367525494929,0.6914760969234446,0.6482161861729379,0.7844276059524945,1.0
"Murray Hill, Manhattan",lexington_avenue/south_to_north/008_n00696_N.jpg,n00696,lexington_avenue,south_to_north,W,8,N,0.292992657391435,0.34526597524255603,0.3182497013142174,0.7065859243191129,0.6756037780966045,0.8304876335019674,0.7121487403100776,0.8219611528822055,0.32759018359627273,0.3188361113160695,0.8062825110341904,0.6204899265748252,0.6205666922628519,0.8591805344128965,0.7650477073962161,1.0,0.4,0.2,0.4,0.7848300344075135,0.6420004516474034,0.7848300344075135,0.6420004516474034,0.551313849455591,0.7604524508235976,1.0
"Murray Hill, Manhattan",lexington_avenue/south_to_north/009_n00697_N.jpg,n00697,lexington_avenue,south_to_north,W,9,N,0.2422014260687644,0.2141165968017389,0.222581376885562,0.7110671936758893,0.6646723122238587,0.8230466083286787,0.7207328775338852,0.7919615145872129,0.23121939567657948,0.2262997999186884,0.5782509802237265,0.6231471632602363,0.5813045959325591,0.7719876817993903,0.7925968668293141,1.0,0.4,0.2,0.4,0.658883791034611,0.4620150531925934,0.658883791034611,0.4620150531925934,0.28813582652038383,0.637892861286214,1.0
"Murray Hill, Manhattan",lexington_avenue/south_to_north/010_n00698_N.jpg,n00698,lexington_avenue,south_to_north,W,10,N,0.4358716338108895,0.5688856629337757,0.6190639792334708,0.7392528498832579,0.5892713365539453,0.80306849499227,0.7716329378925332,0.8175462336490753,0.3062379941360833,0.5412737586593787,0.9836217164312003,0.6510166694405275,0.6318057218925639,0.8783701667553335,0.6339840600174776,1.0,0.4,0.2,0.4,0.865606872645337,0.8169479679851118,0.865606872645337,0.8169479679851118,0.9466084155163192,0.7898044505013594,1.0
"Murray Hill, Manhattan",lexington_avenue/south_to_north/011_n00699_N.jpg,n00699,lexington_avenue,south_to_north,W,11,N,0.29288999089292894,0.2526359932901989,0.2361233264927196,0.707517524776408,0.5457281694226864,0.820114458254336,0.6779823172340986,0.7999202074606023,0.1543413000808221,0.2605497702252825,0.6740581172138819,0.6606346045360192,0.5440812749251743,0.6595341945240316,0.8847502031267274,1.0,0.5,0.2,0.3,0.6669789540481917,0.46085147601842996,0.6669789540481917,0.46085147601842996,0.3790798802930161,0.5019700882494202,1.0
"Murray Hill, Manhattan",lexington_avenue/south_to_north/012_n00700_N.jpg,n00700,lexington_avenue,south_to_north,W,12,N,0.31024434111058635,0.3028765981100612,0.26627459683385113,0.6803671189146049,0.5438442394964134,0.8003415300546447,0.7408126772721667,0.801299112801014,0.20932235834609494,0.2931318453514995,0.753539953657895,0.6456214698242787,0.5838113828064252,0.778538682320876,0.8920241533379277,1.0,0.5,0.2,0.3,0.7377900494426936,0.5536651869355667,0.7377900494426936,0.5536651869355667,0.47440474450035397,0.6465325200432526,1.0
"Murray Hill, Manhattan",lexington_avenue/south_to_north/013_n00701_N.jpg,n00701,lexington_avenue,south_to_north,W,13,N,0.32199422166741537,0.30688798554652214,0.2996516824395374,0.7773432707643234,0.6434129901960784,0.8309622604228414,0.7107142857142857,0.8342929385243405,0.24598242310106713,0.3095112965511583,0.7882043616317832,0.6549641803303621,0.5969965491132311,0.8107588044984578,0.8478830217834497,1.0,0.5,0.2,0.3,0.7660029264583433,0.5948646150917851,0.7660029264583433,0.5948646150917851,0.5235033714262791,0.6903186648821957,1.0
"Murray Hill, Manhattan",lexington_avenue/south_to_north/014_n00702_N.jpg,n00702,lexington_avenue,south_to_north,W,14,N,0.21331695253595395,0.20806597564988483,0.20401532822392543,0.6773751296872685,0.4847682119205298,0.8114237084501402,0.41334291531919987,0.7532638084202395,0.10569324712643675,0.20846608546992138,0.5253764340132977,0.6680102087389597,0.4240999902886254,0.24259584247342655,1.7915554022340276,1.0,0.4,0.2,0.4,0.4046673792722912,0.2287439647204934,0.4046673792722912,0.2418183768537062,0.24629710325518328,0.14284741988292943,0.9459329257630306
"Murray Hill, Manhattan",lexington_avenue/south_to_north/015_n00703_N.jpg,n00703,lexington_avenue,south_to_north,W,15,N,0.3718756280783744,0.34611366485582956,0.28315273477812175,0.7503586543289577,0.5044109069699622,0.824478761978762,0.7397611977233357,0.8013743670677976,0.22039837698266318,0.3337140092374419,0.8326558736428473,0.6901421697792525,0.5871779805912655,0.787122952593725,1.8836213744184256,1.0,0.4,0.2,0.4,0.7841352248501887,0.5952956340096875,0.7841352248501887,0.6380723366851943,0.5949616932109567,0.6579857740963497,0.9329594777643346
"Murray Hill, Manhattan",lexington_avenue/south_to_north/016_n00704_N.jpg,n00704,lexington_avenue,south_to_north,W,16,N,0.2818947262359941,0.19950931881906642,0.17464628600303186,0.6311223061852784,0.5583927900863688,0.7867972554227535,0.6554774915430652,0.7245547073791349,0.15497583018074823,0.2186834436860308,0.5558167186822222,0.6198422571738877,0.511669343034316,0.543648647147804,1.7279617143924708,1.0,0.4,0.2,0.4,0.5630619799727989,0.34992218084860227,0.5630619799727989,0.3664108891287669,0.2697578648002706,0.3826539701130849,0.9549994043043571
"Murray Hill, Manhattan",lexington_avenue/south_to_north/017_n00705_N.jpg,n00705,lexington_avenue,south_to_north,W,17,N,0.36091418012243875,0.36830188679245285,0.35800811552691253,0.7141573482428115,0.643793867750277,0.824175223945816,0.5964946829460418,0.8090427618673989,0.296388395500296,0.36240806081393473,0.8753262915867703,0.63151290147945,0.5673086134379122,0.7329475771191912,0.773020008528748,1.0,0.4,0.2,0.4,0.7637893531150479,0.6301956896286792,0.7637893531150479,0.6301956896286792,0.6745515437642605,0.5881421661400841,1.0
"Murray Hill, Manhattan",lexington_avenue/south_to_north/018_n00706_N.jpg,n00706,lexington_avenue,south_to_north,W,18,N,0.42196721613788934,0.46901323706377857,0.5051640846243545,0.7705757402827976,0.41436443236714976,0.8026945201332122,0.682280118255728,0.8073978863181948,0.21693886809572413,0.4653815126086741,0.9602497833918491,0.7196352760162866,0.5688722908898822,0.7375134268926655,0.878486971373653,1.0,0.5,0.2,0.3,0.8374243351616957,0.74993278019635,0.8374243351616957,0.74993278019635,0.8770218722444048,0.5938117513022432,1.0
"Murray Hill, Manhattan",lexington_avenue/south_to_north/019_n00707_N.jpg,n00707,lexington_avenue,south_to_north,W,19,N,0.2366502298005719,0.20280644349358168,0.15256441518328867,0.7270609318996416,0.4587264150943397,0.8204254244776873,0.6770190095653227,0.8120470213894291,0.2240607252075142,0.19734036282581408,0.49202176569069583,0.6962533137609963,0.5710422520540885,0.7437656952762398,0.9190104173973354,1.0,0.5,0.2,0.3,0.5970029205083537,0.37660144039644583,0.5970029205083537,0.37660144039644583,0.2223595884851333,0.6016380610710489,1.0
"Murray Hill, Manhattan",lexington_avenue/south_to_north/020_n00708_N.jpg,n00708,lexington_avenue,south_to_north,W,20,N,0.29963447061797693,0.2702418506834911,0.20771403091557672,0.7745070155479712,0.5177560837577815,0.8317720892846102,0.7290993900251167,0.8322668302945302,0.28745104438642294,0.25919678407234825,0.6704810130387499,0.6961743403582665,0.6162724215686899,0.8512053610404867,0.8282478787237983,1.0,0.5,0.2,0.3,0.7256833342737266,0.5223656370757777,0.7256833342737266,0.5223656370757777,0.37526588848399156,0.7485224721824961,1.0
"Murray Hill, Manhattan",lexington_avenue/south_to_north/021_n00709_N.jpg,n00709,lexington_avenue,south_to_north,W,21,N,0.3590163097315179,0.32470756542960527,0.32411934311144536,0.7756314776888228,0.609867144349903,0.830827563468513,0.7123382904122839,0.8282291479012791,0.30120035566093656,0.3359477394241895,0.8363576218383952,0.6655306322691442,0.6139225979914997,0.8466856326474288,0.7430321722312218,1.0,0.4,0.2,0.4,0.8029329743925286,0.6674549077259272,0.8029329743925286,0.6674549077259272,0.6014043807149514,0.7418296966406466,1.0
"Murray Hill, Manhattan",lexington_avenue/south_to_north/022_n00710_N.jpg,n00710,lexington_avenue,south_to_north,W,22,N,0.4363097409005147,0.6096109701582698,0.6120377813504824,0.806519770600664,0.4855354823473846,0.8467896044334035,0.718097844680123,0.8399819382162432,0.28523778782009906,0.5526528308030889,0.9856822493637624,0.7225912975622276,0.6144391902388218,0.8476888080748808,0.6998329931550488,1.0,0.4,0.2,0.4,0.8721032387451578,0.816399619697123,0.8721032387451578,0.816399619697123,0.9531035347494969,0.7433109672536368,1.0
"Murray Hill, Manhattan",lexington_avenue/south_to_north/023_n00711_N.jpg,n00711,lexington_avenue,south_to_north,W,23,N,0.37487624126724856,0.358113689269355,0.3372176224062149,0.791395245253605,0.34722222222222227,0.8194646538135079,0.7155119745845552,0.8184518781325675,0.1634357291977334,0.35673585098093946,0.8677064571920269,0.7545458922816302,0.5657998606382852,0.7284945456347586,0.7233931252892168,1.0,0.4,0.2,0.4,0.7867862932031365,0.6447166234414278,0.7867862932031365,0.6447166234414278,0.6594350160050794,0.5826494442987189,1.0
"Murray Hill, Manhattan",lexington_avenue/south_to_north/025_n00713_N.jpg,n00713,lexington_avenue,south_to_north,W,25,N,0.16702493525406686,0.20431197620978647,0.16633199464524764,0.7337346852555978,0.39652485585164404,0.8069088165552921,0.625655287047692,0.7845406771768775,0.11371900826446284,0.17922296870303364,0.43798980029477913,0.7147062153197485,0.5079716574963441,0.5298581477357345,1.160935649420998,1.0,0.5,0.2,0.3,0.5114526054614109,0.30000129538126613,0.5114526054614109,0.30000129538126613,0.18703730842927924,0.36963945431822454,1.0
"Murray Hill, Manhattan",lexington_avenue/south_to_north/026_n00714_N.jpg,n00714,lexington_avenue,south_to_north,W,26,N,0.3483527370022168,0.21632434745400086,0.1850369458128079,0.7314000558347292,0.34520933977455726,0.7891898538504778,0.5031374349556167,0.7958941296233458,0.14291429142914294,0.24990467675634184,0.6453945611733821,0.7251268566368833,0.4806486186693685,0.42793759163229994,3.84347338309953,0.7584176865313677,0.3,0.1,0.6,0.3870131347269704,0.2289409918250968,0.5102902287220906,0.32925601370058966,0.34950934902572156,0.28017182741351226,0.6953282014562846
"Murray Hill, Manhattan",lexington_avenue/south_to_north/027_n00715_N.jpg,n00715,lexington_avenue,south_to_north,W,27,N,0.25935555072065153,0.263470044229996,0.2208113967172499,0.8014385237183578,0.3346272036228369,0.8271386712529462,0.520095422933851,0.8186530681051921,0.1513854296388543,0.24787899722263246,0.6398119310561047,0.7646499971161556,0.49671130689263243,0.4876699011749561,4.0586906730433165,0.7343249765878064,0.3,0.1,0.6,0.4063739316113462,0.24521961976283138,0.5533979431009513,0.3642382266089012,0.3440032410861518,0.33122071397024766,0.6732396597848984
"Murray Hill, Manhattan",lexington_avenue/south_to_north/028_n00716_N.jpg,n00716,lexington_avenue,south_to_north,W,28,N,0.20565626888107089,0.19566245378729263,0.16967745313645408,0.6901132124019039,0.4440445026178011,0.8105148249876751,0.4954430608193467,0.7879469642428605,0.12053887372358711,0.19033205860160585,0.4710286636113511,0.6855278449239259,0.46797629959526477,0.3821681811637514,4.253937112893738,0.7131306989125281,0.3,0.1,0.6,0.3076369935523356,0.1684412907472743,0.4313893568478533,0.2576309509603185,0.2081574128207436,0.24347998722125333,0.6538084423451839
"Murray Hill, Manhattan",lexington_avenue/south_to_north/029_n00717_N.jpg,n00717,lexington_avenue,south_to_north,W,29,N,0.1844545994902053,0.21203418324460635,0.1815783627679662,0.7583597883597882,0.4191980070716812,0.8297664078571904,0.6136363636363636,0.8189412401841322,0.1367873789888849,0.19268904850092594,0.4780812024195328,0.7229760630484323,0.5231216609364602,0.5858474176833408,5.844453708028255,0.5617670278625451,0.3,0.1,0.6,0.3162203751476043,0.18731627051189287,0.5629030531585028,0.3636954478573322,0.212857871593287,0.4239659041056036,0.5150360600206685
"Murray Hill, Manhattan",lexington_avenue/south_to_north/030_n00718_N.jpg,n00718,lexington_avenue,south_to_north,W,30,N,0.2815029767800919,0.1920103092783505,0.16165755919854283,0.7572947061275531,0.3958712811171828,0.7972542200970804,0.5761151452282158,0.8002369127133641,0.09111154144074363,0.21172361508566173,0.5351129519342628,0.7195592150358169,0.48915453312744117,0.4594189593468707,5.807113037558484,0.5649223699276976,0.3,0.1,0.6,0.2841544183915179,0.1633749884921861,0.5029972851453657,0.3154390135192648,0.2536253789617618,0.3066090000518809,0.517928922835058
"Murray Hill, Manhattan",lexington_avenue/south_to_north/031_n00719_N.jpg,n00719,lexington_avenue,south_to_north,W,31,N,0.17374537815393515,0.19866472172351882,0.17536865569272977,0.7489800543970988,0.33921319796954313,0.8088604162429666,0.5953033268101762,0.7870863970588236,0.08033537589773994,0.18259291852339457,0.4479678112166969,0.7395424242235074,0.4875750332555798,0.45354077876577836,7.739101293356987,0.4227961233571762,0.3,0.1,0.6,0.20061858057849938,0.11189451547440801,0.4745043047828935,0.2886665167314681,0.193264254728936,0.3015951842447072,0.38762554362513
"Murray Hill, Manhattan",lexington_avenue/south_to_north/032_n00720_N.jpg,n00720,lexington_avenue,south_to_north,W,32,N,0.16113763276587087,0.19404131152576212,0.1742446903978463,0.7735940936223688,0.4769570707070707,0.8357316449219749,0.6452885747938751,0.8223482358097742,0.15741387337057725,0.17647454489649309,0.4298886523822732,0.7107895559457575,0.5416835613247422,0.651412412009043,7.728030749786412,0.42349879405246205,0.3,0.1,0.6,0.24566692723646283,0.14725811144257325,0.5800888472093977,0.37926752424239185,0.18207407044685026,0.49297913393297726,0.38826976218628156
"Murray Hill, Manhattan",lexington_avenue/south_to_north/033_n00721_N.jpg,n00721,lexington_avenue,south_to_north,W,33,N,0.15625917940486725,0.20406632611692208,0.14552667293036856,0.7929340937896071,0.5089085969958452,0.8465967509767633,0.6981164383561644,0.84622158181236,0.14864102564102563,0.16861739281738594,0.40694929974987604,0.7102074159235083,0.5643263486031833,0.7241008402457515,7.737735740965732,0.4228827347658942,0.3,0.1,0.6,0.2570987689620222,0.15790914570754672,0.6079670504977008,0.4072920544961076,0.16845118184629432,0.5772651393321262,0.3877049502055921
"Murray Hill, Manhattan",lexington_avenue/south_to_north/034_n00722_N.jpg,n00722,lexington_avenue,south_to_north,W,34,N,0.15643493684232546,0.18045461886304906,0.14381384198457367,0.8057984417913794,0.3694752402069475,0.846594024122807,0.689074654591896,0.8456367782979234,0.18687199650502398,0.1602344658966494,0.3829167334596352,0.7609724085690797,0.5738611431316144,0.7517405993663144,7.747440732145052,0.42226757165435663,0.3,0.1,0.6,0.2595952424303111,0.1602854260657388,0.614764807568033,0.41402342476865245,0.15482619268891706,0.6117272405505126,0.38714095985101066
"Murray Hill, Manhattan",madison_avenue/north_to_south/001_n00756_S.jpg,n00756,madison_avenue,north_to_south,W,1,S,0.15380530251579533,0.20975015964240104,0.24545239782660055,0.7706444619629483,0.4422256357740228,0.8793383547481909,0.7398049645390071,0.8268098372012469,0.14742291244654512,0.2030026199949323,0.5090068855624427,0.7359190603123721,0.571345904728933,0.744632775150826,5.496058943468648,0.5919051707219837,0.3,0.1,0.6,0.3927512038412787,0.2513264499536246,0.6635373760330824,0.46313187379400145,0.23432992703597957,0.602729199256041,0.5426671412069842
"Murray Hill, Manhattan",madison_avenue/north_to_south/002_n00755_S.jpg,n00755,madison_avenue,north_to_south,W,2,S,0.17053758500639654,0.21003082562692654,0.23586979836979838,0.7686952288218111,0.34164023561395557,0.8846857597454255,0.6861098836352925,0.8342925878555332,0.15840401676903582,0.20547940300104048,0.5164322891012534,0.770580250984427,0.5596021627532871,0.709721625404246,5.496058943468648,0.5919051707219837,0.3,0.1,0.6,0.3850266235242118,0.24320769757887145,0.6504870080026008,0.44817104097722976,0.23970456541726773,0.5598845963993189,0.5426671412069842
"Murray Hill, Manhattan",madison_avenue/north_to_south/003_n00754_S.jpg,n00754,madison_avenue,north_to_south,W,3,S,0.337057863005578,0.41193060876968923,0.4013165989910176,0.6612242013005373,0.3681172983933864,0.8342101643628362,0.6319939768584563,0.7791772509173017,0.11957743313104063,0.3834350235887616,0.9003590391919287,0.7091056890899956,0.5102495536355995,0.5383602956794955,4.737084285971232,0.6632769570630562,0.3,0.1,0.6,0.4282866518200827,0.29772305653511605,0.6457131478176265,0.4895940909161622,0.7273398217937463,0.3776357500016872,0.6081018175239741
"Murray Hill, Manhattan",madison_avenue/north_to_south/004_n00753_S.jpg,n00753,madison_avenue,north_to_south,W,4,S,0.3228733895989305,0.3480660690571049,0.38435104414485854,0.8002967822555451,0.36408775981524255,0.8626577579806978,0.7484831247629882,0.8289855072463768,0.17167898745519716,0.3517635009336313,0.8607055007549995,0.7662889268070001,0.5830492064881874,0.7765612336090597,3.516638322037396,0.7965258080746027,0.3,0.1,0.6,0.6370901702036676,0.478927121411065,0.7998361933101328,0.6558253323846742,0.6459100499249365,0.6439154823782838,0.7302662732920332
"Murray Hill, Manhattan",madison_avenue/north_to_south/005_n00752_S.jpg,n00752,madison_avenue,north_to_south,W,5,S,0.24805438179413508,0.2266274792066539,0.24384956644484776,0.7988245696156446,0.40566110596231075,0.8406147363202577,0.5856259968102074,0.8266672187258474,0.18951448388412895,0.23951047581521226,0.6163597905501734,0.7445927333245306,0.5339358998067278,0.6245810487095003,3.756650041589274,0.7683595385423584,0.3,0.1,0.6,0.4864743400785695,0.30702985850496034,0.6331337292974218,0.4358476750603805,0.32170942837708294,0.4639874095935292,0.704443033824663
"Murray Hill, Manhattan",madison_avenue/north_to_south/006_n00751_S.jpg,n00751,madison_avenue,north_to_south,W,6,S,0.296955570941665,0.21026081593091903,0.21585781886211067,0.8144024591393012,0.26192626034612493,0.8451415701415702,0.6849502913952691,0.8686360677083332,0.19668557621598914,0.2410247352448982,0.6206473556733045,0.7992059229782488,0.5834239784398638,0.7775351389576166,4.407167715811268,0.6969266173256637,0.3,0.1,0.6,0.5078534520711224,0.3430777680603315,0.7287043419577269,0.5369379900023414,0.3256873699326371,0.6452033995660076,0.6389523081777757
"Murray Hill, Manhattan",madison_avenue/north_to_south/007_n00750_S.jpg,n00750,madison_avenue,north_to_south,W,7,S,0.29960855619709215,0.2152439024390244,0.22432386169120164,0.811010987882522,0.41028580162005196,0.8321463805648045,0.6895888510530962,0.8461074653654159,0.20236034164358263,0.24639210677577272,0.6356898637619444,0.7442905222757581,0.5793522193540316,0.7667917266466049,4.437983193935612,0.6937126320455357,0.3,0.1,0.6,0.5013417684687803,0.33894857290829,0.7226937283677314,0.5329332478327905,0.33998805369366103,0.6311013587465898,0.6360056804236695
"Murray Hill, Manhattan",madison_avenue/north_to_south/008_n00749_S.jpg,n00749,madison_avenue,north_to_south,W,8,S,0.2957494649858711,0.39253992655222475,0.3797043010752688,0.8150082052812174,0.3867531635431683,0.8287783751493429,0.7711490612983488,0.8700980392156863,0.23344132469402448,0.3559978975377882,0.8666866095483171,0.7523444722957973,0.6248961417360198,0.866856057974252,4.485456110650579,0.6887902943742648,0.3,0.1,0.6,0.5886477814051526,0.46341018747041945,0.8546110277873658,0.7338328791767589,0.6574434579803595,0.7720817446800703,0.6314928107204604
"Murray Hill, Manhattan",madison_avenue/north_to_south/009_n00748_S.jpg,n00748,madison_avenue,north_to_south,W,9,S,0.16563392847459274,0.1993436754176611,0.17807312353600166,0.8051124098352025,0.3919971671388103,0.8497915405823414,0.7205544053370141,0.8650119856172593,0.19667087409277376,0.18101690914275181,0.44329572152813573,0.7543022610929111,0.5940790883490157,0.8039529908393789,4.219547327885546,0.7168188650899833,0.3,0.1,0.6,0.4789723270332282,0.3084211250233593,0.6681915758077909,0.46930296580339015,0.19033270045348183,0.6808862410934335,0.6571898059399208
"Murray Hill, Manhattan",madison_avenue/north_to_south/010_n00747_S.jpg,n00747,madison_avenue,north_to_south,W,10,S,0.24622070595635107,0.2513144841269841,0.2125299760191847,0.8086196976829333,0.27805316091954024,0.8393190609577165,0.7277819738167169,0.8410095371016516,0.1560119564169318,0.23668838870083994,0.6083211401044916,0.7899618659070364,0.5749344891117667,0.7547331305818623,3.394480051931917,0.8112556813448416,0.3,0.1,0.6,0.576546427574101,0.38369443674627846,0.7106839937544026,0.515877230135242,0.3143647011609153,0.6155443608856569,0.7437708321526216
"Murray Hill, Manhattan",madison_avenue/north_to_south/011_n00746_S.jpg,n00746,madison_avenue,north_to_south,W,11,S,0.1646724878321953,0.18658572807603777,0.18413095610468141,0.8090623563658649,0.33428279287174995,0.8442417090292907,0.7121239689471132,0.8553575735648818,0.18084843084843083,0.17846305733763815,0.4357464150304895,0.7730070908411352,0.5827766577868085,0.7758510668943768,2.9645698898706203,0.8652943997003456,0.4,0.2,0.4,0.5326052735318068,0.321990214464024,0.6155191501484926,0.405879754197872,0.18565468986892403,0.642977548277228,0.7933143033959986
"Murray Hill, Manhattan",madison_avenue/north_to_south/012_n00745_S.jpg,n00745,madison_avenue,north_to_south,W,12,S,0.23507439610188122,0.19846248462484625,0.18054473023296094,0.7852812733436764,0.3558577702224111,0.8226834577114429,0.6237276237276238,0.8377950029300516,0.15530903328050713,0.20469387031989614,0.5140778891171378,0.7507023202775693,0.5389438866460607,0.6420236687171254,2.96737010485544,0.8649310244686974,0.4,0.2,0.4,0.524212065240447,0.31510528688284056,0.6060738375785001,0.3973679381750018,0.23799085796870986,0.482711786865753,0.792981155777262
"Murray Hill, Manhattan",madison_avenue/north_to_south/013_n00744_S.jpg,n00744,madison_avenue,north_to_south,W,13,S,0.15827388426743122,0.17626855750055395,0.11901451961692926,0.6835305719921104,0.5178018575851393,0.8321851078636047,0.6533473536628112,0.8035811423390752,0.17302128538954328,0.15118565379497145,0.35760550528305945,0.6659712740901919,0.5433165937971431,0.6569538771995954,3.383096809315957,0.8126420726668122,0.3,0.1,0.6,0.44543777034298915,0.2620223663074452,0.5481352557605286,0.3516880968194193,0.1411434829905647,0.4991025451783777,0.7450418955805188
"Murray Hill, Manhattan",madison_avenue/north_to_south/014_n00743_S.jpg,n00743,madison_avenue,north_to_south,W,14,S,0.16870441849983986,0.17031963470319633,0.13946406820950064,0.5569218870843001,0.23183209026582516,0.7758582746478874,0.47211188348229066,0.7623591989987485,0.07455053681468775,0.1594960404708456,0.3808251132795895,0.7003160238221207,0.43634053976524223,0.2779020856222372,2.9069360311302206,0.8728073662830638,0.4,0.2,0.4,0.33099708574407904,0.17211104497891608,0.3792326904316387,0.21508441707344597,0.15367021566093023,0.16683441176437963,0.8002022988031924
"Murray Hill, Manhattan",madison_avenue/north_to_south/015_n00742_S.jpg,n00742,madison_avenue,north_to_south,W,15,S,0.2420498720765366,0.31196793123398625,0.31150793650793657,0.6343926230757507,0.30922703041705857,0.789208718313196,0.5866679369918698,0.7641759118265535,0.18201588502269286,0.2885085799394865,0.7430922184028625,0.7047914369906294,0.5109532446137054,0.5409825183961543,4.246239633572063,0.7139545707725243,0.3,0.1,0.6,0.43621379224322815,0.2803534397271488,0.6109825612170663,0.4283057638516674,0.4605944463953166,0.38011973083723377,0.6545637798706859
"Murray Hill, Manhattan",madison_avenue/north_to_south/016_n00741_S.jpg,n00741,madison_avenue,north_to_south,W,16,S,0.1660101247985665,0.1535727646838758,0.09896830461603916,0.6740768339128995,0.2744988864142539,0.8165437370600414,0.5116867259724404,0.7757395054241627,0.0667904365151241,0.13951706469949382,0.3261181139989463,0.738707228186229,0.4514055559705757,0.3254325038321423,4.267420289245186,0.7116898663823332,0.3,0.1,0.6,0.2515515803432373,0.12940740505270604,0.3534567403944165,0.19832933459893326,0.12500680214798626,0.20064701839966553,0.6524874664375648
"Murray Hill, Manhattan",madison_avenue/north_to_south/017_n00740_S.jpg,n00740,madison_avenue,north_to_south,W,17,S,0.241190356812359,0.2743808897655051,0.24824414715719065,0.8046348693074643,0.41028580162005196,0.8144162735849058,0.6152242953552998,0.8266250289151053,0.1599838969404187,0.25460513124501827,0.6581951651192799,0.7362551137574394,0.5339444070702746,0.6246109699252749,3.400310559554568,0.8105464866473275,0.3,0.1,0.6,0.5228208885409726,0.3353160847026221,0.6450227064748901,0.4512269880975719,0.36243960393483243,0.46401914648073184,0.7431206322927528
"Murray Hill, Manhattan",madison_avenue/north_to_south/018_n00739_S.jpg,n00739,madison_avenue,north_to_south,W,18,S,0.3810707306097408,0.2008718980549966,0.16794670846394988,0.7946398088084671,0.2630802670392796,0.8003453677989034,0.5353521386430677,0.8118321810182275,0.16405484818805094,0.24996311237622906,0.6455550280136982,0.777301636522697,0.5037463892831153,0.5140452637933194,2.887037738184241,0.8754163644408456,0.4,0.2,0.4,0.5354345965307276,0.33125839861681206,0.6116342100512657,0.4127345693527893,0.3496687917009844,0.3549976270139029,0.8025942656954073
"Murray Hill, Manhattan",madison_avenue/north_to_south/019_n00738_S.jpg,n00738,madison_avenue,north_to_south,W,19,S,0.3892093363424783,0.32596269554753315,0.26919455309285817,0.7808035714285714,0.3385231316725979,0.8326879341078124,0.6057256235827664,0.8173166202414114,0.17973231357552585,0.32812219499428985,0.8230961037021953,0.7583227912879287,0.5342581857999011,0.6257139064065571,2.4395850351468225,0.9361891353161305,0.4,0.2,0.4,0.6793052323239366,0.4804491835080648,0.7256068316735487,0.5597607865934234,0.5786937986532553,0.46518991945452126,0.8583116127729651
"Murray Hill, Manhattan",madison_avenue/north_to_south/020_n00737_S.jpg,n00737,madison_avenue,north_to_south,W,20,S,0.341745672473955,0.3091168091168091,0.28613440484509667,0.6218840579710144,0.3347193347193347,0.8010578371651275,0.6115678638396077,0.7709683954619125,0.12883008356545958,0.31233229547862024,0.7938004218033513,0.6960741868056024,0.5037887809556598,0.5142041057026673,2.526017832525647,0.9241298611191614,0.4,0.2,0.4,0.6006242401137737,0.4046243646031746,0.6499348905211132,0.477570657070679,0.5319401498144125,0.35514323949568394,0.8472554974065155
"Murray Hill, Manhattan",madison_avenue/north_to_south/021_n00736_S.jpg,n00736,madison_avenue,north_to_south,W,21,S,0.35567984995299196,0.35259011697302456,0.3748969739785705,0.6430589184826473,0.5242604282708255,0.8264650155636758,0.6357064421669106,0.7861966236345581,0.20038852361028092,0.3610556469681957,0.8735444070428116,0.6484211685918324,0.5407638631372499,0.6482733077378574,2.40441114524027,0.9411416006745751,0.4,0.2,0.4,0.6874540242961911,0.5068780657760056,0.7304469633511576,0.5874448975009792,0.6709787276610117,0.489531334365219,0.862852103971438
"Murray Hill, Manhattan",madison_avenue/north_to_south/022_n00735_S.jpg,n00735,madison_avenue,north_to_south,W,22,S,0.44991534897496954,0.6457475994513032,0.5732323232323232,0.6881720430107526,0.5845075147611379,0.8155533938607867,0.7551149848596448,0.8166958836514738,0.310204518685084,0.5562984238861987,0.9862867022767815,0.6397393073701338,0.6273384623987341,0.8710277909638233,1.141798760759343,1.0,0.5,0.2,0.3,0.8713884507622562,0.8290458576169778,0.8713884507622562,0.8290458576169778,0.9550206020212504,0.7784640970846931,1.0
"Murray Hill, Manhattan",madison_avenue/north_to_south/023_n00734_S.jpg,n00734,madison_avenue,north_to_south,W,23,S,0.44235641661891995,0.5653831845238094,0.5179368348781326,0.6088098016336057,0.6235385814497273,0.7784302759134974,0.7355576441102757,0.8019410723318159,0.2501396336014299,0.508558812006954,0.9759366031173744,0.5879004986991252,0.5958794500145072,0.8081744774076818,0.8737213111760008,1.0,0.5,0.2,0.3,0.8333416888477331,0.7717504780096144,0.8333416888477331,0.7717504780096144,0.9229167485398323,0.686725107181045,1.0
"Murray Hill, Manhattan",madison_avenue/north_to_south/024_n00733_S.jpg,n00733,madison_avenue,north_to_south,W,24,S,0.3552523750952838,0.2787966537966538,0.2844239945466939,0.5957212174680193,0.60037284144427,0.7894395342312008,0.6135412447684622,0.7517564402810305,0.11088446475195823,0.30615767447954384,0.7814082821261708,0.5949293034183167,0.49206071660048356,0.47026282395204233,0.9288184390773502,1.0,0.5,0.2,0.3,0.6353810695702695,0.4571220224454454,0.6353810695702695,0.4571220224454454,0.5134565891127447,0.3159541193802607,1.0
"Murray Hill, Manhattan",madison_avenue/north_to_south/025_n00732_S.jpg,n00732,madison_avenue,north_to_south,W,25,S,0.18732919994038738,0.20030635792154058,0.16642280748425997,0.7765574470681554,0.6313430568216347,0.8333982094200078,0.719023282226008,0.8372582378223496,0.27364411943936623,0.18468612178206265,0.4541872181814139,0.6595375332221761,0.6099752131625746,0.8388407939136279,1.137570097727686,1.0,0.5,0.2,0.3,0.5882598663421985,0.37185074435296245,0.5882598663421985,0.37185074435296245,0.19721074966513763,0.7303284184649694,1.0
"Murray Hill, Manhattan",madison_avenue/north_to_south/026_n00731_S.jpg,n00731,madison_avenue,north_to_south,W,26,S,0.32155427518150587,0.32945481156238565,0.3486511202560585,0.6848580028792043,0.39373994442006727,0.8115920298547247,0.718097844680123,0.8225342894542144,0.16737416616130987,0.33322006899998335,0.83182833636722,0.7009033627712872,0.5693354334318824,0.7388560842699918,1.3463217563780223,1.0,0.4,0.2,0.4,0.76660042298768,0.6144098174727073,0.76660042298768,0.6144098174727073,0.5935325228490137,0.5954862984644305,1.0
"Murray Hill, Manhattan",madison_avenue/north_to_south/027_n00730_S.jpg,n00730,madison_avenue,north_to_south,W,27,S,0.33371243010153456,0.30999384283845144,0.3224983145526341,0.5143766687204764,0.2926706827309237,0.8143078512396694,0.6515944788196096,0.7824020847704453,0.052429527256773044,0.32206819583087337,0.8122685228648454,0.6786712790764073,0.4954753636156093,0.48303912359752266,1.3466325815528597,1.0,0.4,0.2,0.4,0.636509172775552,0.4696440312256206,0.636509172775552,0.4696440312256206,0.560887723625556,0.3271269678608795,1.0
"Murray Hill, Manhattan",madison_avenue/north_to_south/028_n00729_S.jpg,n00729,madison_avenue,north_to_south,W,28,S,0.29058929890280333,0.2841235632183908,0.2554759060135405,0.7888995689152977,0.4080751650584053,0.8253830439223697,0.7265303724591705,0.8501105872766428,0.16992407920385758,0.2767295893782449,0.7151959319508999,0.7354024825930874,0.5821883463132236,0.7743126668642866,1.334776225434117,1.0,0.4,0.2,0.4,0.7424061794372172,0.5593554066915594,0.7424061794372172,0.5593554066915594,0.4257291842039975,0.6409492332877026,1.0
"Murray Hill, Manhattan",madison_avenue/north_to_south/029_n00728_S.jpg,n00728,madison_avenue,north_to_south,W,29,S,0.24710740682699545,0.27579745909880266,0.23459343794579177,0.7987785016286645,0.42590618336886993,0.8450037285607755,0.7616744224018287,0.8673883383599024,0.1302614608981123,0.25249943462386326,0.6524879238232832,0.7392920156068566,0.5864414072199478,0.7852657718966809,2.260465018309508,0.961683626732645,0.4,0.2,0.4,0.6928370176202343,0.464074227336108,0.7204417319385724,0.5263490416733271,0.3566211976909544,0.6554950693107324,0.8816853277831761
"Murray Hill, Manhattan",madison_avenue/north_to_south/030_n00727_S.jpg,n00727,madison_avenue,north_to_south,W,30,S,0.16797066112452358,0.2694659405751409,0.20894378194207838,0.8051695093703938,0.3392251610715496,0.8252385821404227,0.6970003680529997,0.8316875871687587,0.3055843482767557,0.21546012788058094,0.5462478123130947,0.7637276434797555,0.6114241011661714,0.8417572623702785,2.735122911508788,0.895593692787169,0.4,0.2,0.4,0.6219126083069927,0.40258252264308986,0.69441378754192,0.49030068358702283,0.26220657982388784,0.7345872835308901,0.8210931294197064
"Murray Hill, Manhattan",madison_avenue/north_to_south/031_n00726_S.jpg,n00726,madison_avenue,north_to_south,W,31,S,0.14971355036409437,0.1721529339603353,0.13943288453692373,0.7799054373522458,0.26024337646333945,0.8386220966729442,0.6658131913150348,0.8079314795259885,0.15049047349556685,0.1537664562871178,0.36475090603281646,0.7860947191872836,0.5414117147788634,0.6504859008655758,2.7217812534658328,0.8973877931280709,0.4,0.2,0.4,0.4810263202711162,0.2726485592010859,0.5360294890956538,0.33139172341046375,0.14493956844874123,0.49195994097679263,0.8227379863177263
"Murray Hill, Manhattan",madison_avenue/north_to_south/032_n00725_S.jpg,n00725,madison_avenue,north_to_south,W,32,S,0.2108083261050624,0.181197218082464,0.19756953701235225,0.7612108377033749,0.35180780209324447,0.83082805907173,0.7605310186367117,0.8223049706100554,0.11593357769632344,0.1965250270666262,0.4895765915626361,0.7467436982272867,0.5662565223143634,0.7298472714544149,2.72607570507307,0.8968099110069869,0.4,0.2,0.4,0.5604743806132793,0.3418014189333347,0.6249645256305745,0.4157115302805778,0.2206723719308286,0.5843141852305235,0.8222081757093467
"Murray Hill, Manhattan",madison_avenue/north_to_south/033_n00724_S.jpg,n00724,madison_avenue,north_to_south,W,33,S,0.3111858843706841,0.3234017693206476,0.32872200263504614,0.8013178913738019,0.41682800903517264,0.8600027423556836,0.6621750764525993,0.9052602036725202,0.17577102537839995,0.3211032187754593,0.8104963612250564,0.7481642082314376,0.5810687685011731,0.771364418065657,2.7177233785438952,0.8979341825128332,0.4,0.2,0.4,0.7021795200474636,0.5136482259101974,0.7819944197718837,0.6239357870197555,0.5580337417985664,0.6370753724155421,0.8232389239342252
"Murray Hill, Manhattan",madison_avenue/north_to_south/034_n00723_S.jpg,n00723,madison_avenue,north_to_south,W,34,S,0.19340148859059222,0.2777001139070105,0.2308485562757808,0.82476895533943,0.43917419559359644,0.8813070463672874,0.7502158386311906,0.9306752215093187,0.24598242310106713,0.2339833862577945,0.6005603953399131,0.7556339353710402,0.6422911610805255,0.8941989093570508,2.5532702555413387,0.9203598553190552,0.4,0.2,0.4,0.6786038007622265,0.4585577439442437,0.7373244246153906,0.5434442189113516,0.30741079442770164,0.8147279073889174,0.8437991020731516
"Murray Hill, Manhattan",madison_avenue/south_to_north/001_n00723_N.jpg,n00723,madison_avenue,south_to_north,W,1,N,0.15986600800604897,0.16865756541524454,0.12715930902111325,0.7982604766745736,0.45854963032877144,0.8503549181515283,0.6822825452422651,0.8516750108164906,0.15386164825046045,0.1518942941474689,0.3595613605209792,0.7300219214991102,0.5626064014364054,0.7189170218205042,2.5532702555413387,0.9203598553190552,0.4,0.2,0.4,0.5030435213104134,0.29018833287615065,0.5465726459092749,0.34390689935931373,0.14217746567531223,0.5709571318186822,0.8437991020731516
"Murray Hill, Manhattan",madison_avenue/south_to_north/002_n00724_N.jpg,n00724,madison_avenue,south_to_north,W,2,N,0.1595520169482535,0.15982384823848236,0.14361641655297863,0.7602181717757525,0.31624264451367257,0.822285813388831,0.6711959739490823,0.8295789414031508,0.06111402130260172,0.15433076057990483,0.3663213820467727,0.7554204468836369,0.5206296455516115,0.5767497088344272,2.7177233785438952,0.8979341825128332,0.4,0.2,0.4,0.45585016138543716,0.253399666704738,0.507665450612158,0.30780817006775063,0.1457808128006509,0.41486387773618394,0.8232389239342252
"Murray Hill, Manhattan",madison_avenue/south_to_north/003_n00725_N.jpg,n00725,madison_avenue,south_to_north,W,3,N,0.20433337117388828,0.17675959063225974,0.1984564805527694,0.6698515769944341,0.36894932815282494,0.7909796145550686,0.7620311841550779,0.7975006140997297,0.08165335994677314,0.19318314745297246,0.4795608386540473,0.6972939544655592,0.547061719400527,0.6695002843688326,2.72607570507307,0.8968099110069869,0.4,0.2,0.4,0.5296895071437308,0.3160870608950528,0.5906374368108472,0.38443677675955223,0.21385299467859697,0.5131437363939549,0.8222081757093467
"Murray Hill, Manhattan",madison_avenue/south_to_north/004_n00726_N.jpg,n00726,madison_avenue,south_to_north,W,4,N,0.2602182457942392,0.2860434007134364,0.24508254302774857,0.7726523887973641,0.393858714944977,0.8014201762977473,0.7730984340044742,0.82037691401649,0.2540689581325624,0.26378139651180804,0.6825199461979021,0.7267379500500447,0.6158481020511756,0.8503974262328282,2.7217812534658328,0.8973877931280709,0.4,0.2,0.4,0.6772525354134639,0.4705272061042622,0.7546932782010882,0.571904073871889,0.38824958734764753,0.7473224912835795,0.8227379863177263
"Murray Hill, Manhattan",madison_avenue/south_to_north/005_n00727_N.jpg,n00727,madison_avenue,south_to_north,W,5,N,0.3591749241120165,0.3460769230769231,0.4690755208333333,0.7371742112482854,0.5288065843621399,0.8393357342937176,0.7504599632029437,0.8341008771929825,0.1427939876215738,0.3914424560074243,0.9086539653609562,0.6825677870599544,0.5757849426724999,0.7570868750268295,2.735122911508788,0.895593692787169,0.4,0.2,0.4,0.7144270365025455,0.5582947635494351,0.7977133406100523,0.6799408539004588,0.7459744951911692,0.6185587679978675,0.8210931294197064
"Murray Hill, Manhattan",madison_avenue/south_to_north/006_n00728_N.jpg,n00728,madison_avenue,south_to_north,W,6,N,0.4107385070757527,0.4822398356083957,0.5314437984496124,0.7738512640708618,0.4957765474162407,0.8109748601635012,0.7372472966619652,0.8306215927611982,0.22405711794201003,0.4748073803779202,0.964349429720267,0.696349858939374,0.5973086691217244,0.8114760833615267,2.260465018309508,0.961683626732645,0.4,0.2,0.4,0.8109643841233865,0.6749234665799656,0.8432756486441049,0.7654924555418514,0.8887104215913427,0.6913186416825746,0.8816853277831761
"Murray Hill, Manhattan",madison_avenue/south_to_north/007_n00729_N.jpg,n00729,madison_avenue,south_to_north,W,7,N,0.4140864301239896,0.5139082597241593,0.511569631051397,0.7155608846256328,0.39584324924639064,0.8110236220472441,0.6940734055354993,0.8202107125623291,0.27406809509832697,0.4798547736331819,0.9663741929568286,0.7102470858088288,0.5961174043987185,0.8087272144639228,1.334776225434117,1.0,0.4,0.2,0.4,0.846176275351389,0.7688349719688132,0.846176275351389,0.7688349719688132,0.8945613809891781,0.6874924751594774,1.0
"Murray Hill, Manhattan",madison_avenue/south_to_north/008_n00730_N.jpg,n00730,madison_avenue,south_to_north,W,8,N,0.16623258281159287,0.11697197086735818,0.10621936274509806,0.32646405772966974,0.2327901163349678,0.7992282798108041,0.19215338068929233,0.6860380116959065,0.03533505524465489,0.1298079721413497,0.3010496866238342,0.630967407068502,0.3045088158766179,0.050576507438021424,1.3466325815528597,1.0,0.4,0.2,0.4,0.17101578228422684,0.08980272851599692,0.17101578228422684,0.08980272851599692,0.1128097104379771,0.026969561360358538,1.0
"Murray Hill, Manhattan",madison_avenue/south_to_north/009_n00731_N.jpg,n00731,madison_avenue,south_to_north,W,9,N,0.3560545911125779,0.32155708210664047,0.255216747442111,0.4896233315048455,0.6101706301222626,0.8047873200711629,0.47752606975907946,0.7441802872709262,0.07043779800606849,0.3109428068871098,0.7910578502763482,0.5614133404845819,0.430714718345358,0.26128909191372757,1.3463217563780223,1.0,0.4,0.2,0.4,0.4742292696856331,0.3276845039486473,0.4742292696856331,0.3276845039486473,0.5277865784481633,0.15543186376049437,1.0
"Murray Hill, Manhattan",madison_avenue/south_to_north/010_n00732_N.jpg,n00732,madison_avenue,south_to_north,W,10,N,0.4216547208039563,0.42406727828746177,0.3662280701754386,0.5340909090909091,0.7929877177949157,0.7619130233634049,0.3740567054764985,0.6007052478738851,0.0868683872243647,0.40398335642228556,0.9204004404432571,0.501005404886466,0.35387678019158275,0.10048490684894058,1.137570097727686,1.0,0.5,0.2,0.3,0.4193601330635369,0.3207168141800313,0.4193601330635369,0.3207168141800313,0.773424098171946,0.05493063978827867,1.0
"Murray Hill, Manhattan",madison_avenue/south_to_north/011_n00733_N.jpg,n00733,madison_avenue,south_to_north,W,11,N,0.4521993160618439,0.566789667896679,0.5140056022408963,0.617300049677099,0.6421547360809834,0.7895100750691427,0.7562347188264059,0.78243523686847,0.29365421455938695,0.5109981953998064,0.9766145575081895,0.5882184628884194,0.6107747234180876,0.8404554630820236,0.9288184390773502,1.0,0.5,0.2,0.3,0.8435750737170681,0.7878569810694123,0.8435750737170681,0.7878569810694123,0.9249736322003809,0.7326838230376642,1.0
"Murray Hill, Manhattan",madison_avenue/south_to_north/012_n00734_N.jpg,n00734,madison_avenue,south_to_north,W,12,N,0.3770619189351314,0.3418708673667834,0.354633401221996,0.5531844733371019,0.5051261829652997,0.8237881442546358,0.6924256724870221,0.7937491023983915,0.1697303921568627,0.3578553958413036,0.869241030375083,0.623948811542146,0.5519683890140921,0.685577911573882,0.8737213111760008,1.0,0.5,0.2,0.3,0.7575598447162669,0.6127130396568415,0.7575598447162669,0.6127130396568415,0.6624456571306689,0.5315049823951962,1.0
"Murray Hill, Manhattan",madison_avenue/south_to_north/013_n00735_N.jpg,n00735,madison_avenue,south_to_north,W,13,N,0.28413008416165425,0.27572016460905346,0.3070761014686248,0.7257575757575757,0.6272167117523294,0.82543131196086,0.6896171766780003,0.8079312519709871,0.15087501294397845,0.2889754500797775,0.7441603016791244,0.6413240586553687,0.5494744805309886,0.6774586577253422,1.141798760759343,1.0,0.5,0.2,0.3,0.7022853271225024,0.5117717490383307,0.7022853271225024,0.5117717490383307,0.46198666107188674,0.5221800534871582,1.0
"Murray Hill, Manhattan",madison_avenue/south_to_north/014_n00736_N.jpg,n00736,madison_avenue,south_to_north,W,14,N,0.3421900480581637,0.24915999604704023,0.19583207185387028,0.7026306107431936,0.21998465669351744,0.8176079414032382,0.6082122002733259,0.7815332815332816,0.12053030303030303,0.26239403865302474,0.6789015747103976,0.7667512984843048,0.5034252616123035,0.5128419061716757,2.40441114524027,0.9411416006745751,0.4,0.2,0.4,0.585196881896684,0.36837207597995886,0.6217947240640906,0.4269237732450991,0.384302854119046,0.3538954491652018,0.862852103971438
"Murray Hill, Manhattan",madison_avenue/south_to_north/015_n00737_N.jpg,n00737,madison_avenue,south_to_north,W,15,N,0.4062731682630965,0.45796252927400466,0.4832093112001527,0.8136198070486316,0.3090049984379881,0.8254869634243146,0.4386580846498927,0.8405320813771517,0.16405740378343117,0.44914833624575123,0.952110281556467,0.7767005906783193,0.48108252327015855,0.429531676982548,2.526017832525647,0.9241298611191614,0.4,0.2,0.4,0.6144077877166393,0.45553040233170167,0.6648500536196988,0.5376541122791169,0.8544237547686269,0.2814863229046155,0.8472554974065155
"Murray Hill, Manhattan",madison_avenue/south_to_north/016_n00738_N.jpg,n00738,madison_avenue,south_to_north,W,16,N,0.36123394442668144,0.2067156348373557,0.172202419529056,0.7902751341062468,0.2914270778881338,0.825075075075075,0.47192258883248733,0.8273628435249974,0.08658481892588858,0.246717332931031,0.6365932069583404,0.774641043764396,0.46195675042779105,0.36108714413476334,2.4395850351468225,0.9361891353161305,0.4,0.2,0.4,0.49405273531528,0.2931488460775452,0.5277274822768043,0.34154127908215426,0.34086435388504266,0.22723549063476012,0.8583116127729651
"Murray Hill, Manhattan",madison_avenue/south_to_north/017_n00739_N.jpg,n00739,madison_avenue,south_to_north,W,17,N,0.19068957336032885,0.1958374505928854,0.20501126126126126,0.7099985032180811,0.4182669227076332,0.8066081178869812,0.626717912881435,0.790259009009009,0.1270781379883624,0.19717942840482516,0.491539092940609,0.6994465661324762,0.5146850199596021,0.5548472328211652,2.887037738184241,0.8754163644408456,0.4,0.2,0.4,0.48468342091587824,0.2817993056395856,0.553660453018216,0.3511105395145339,0.22202583029077214,0.39339505035584715,0.8025942656954073
"Murray Hill, Manhattan",madison_avenue/south_to_north/018_n00740_N.jpg,n00740,madison_avenue,south_to_north,W,18,N,0.2976730817109746,0.1637879800906322,0.16300089545556298,0.7013155881903014,0.3003432494279176,0.8189513108614231,0.6706349206349206,0.804538446714203,0.08961516694963216,0.20815398575238994,0.5244424589572165,0.7399745498746022,0.5215961780995853,0.580284809746386,3.400310559554568,0.8105464866473275,0.3,0.1,0.6,0.4675129882084521,0.280542146417526,0.5767873846967511,0.3775189844372485,0.24560252505827632,0.4183875786547504,0.7431206322927528
"Murray Hill, Manhattan",madison_avenue/south_to_north/019_n00741_N.jpg,n00741,madison_avenue,south_to_north,W,19,N,0.22191989594734318,0.19815745393634843,0.2072330321982859,0.7272977814523909,0.2312812812812813,0.8332409255562948,0.6145348837209302,0.8123566766625507,0.12594373771848175,0.2091034606939925,0.5272832549358518,0.7764191419091347,0.5176117660339875,0.5656626871083908,4.267420289245186,0.7116898663823332,0.3,0.1,0.6,0.40686292656375805,0.2429665665679203,0.5716857100016423,0.37236970679983056,0.24771968533998565,0.40391899072378534,0.6524874664375648
"Murray Hill, Manhattan",madison_avenue/south_to_north/020_n00742_N.jpg,n00742,madison_avenue,south_to_north,W,20,N,0.17458629746237483,0.15537613233556516,0.14552667293036856,0.6644153225806452,0.199908208759507,0.8122301919373048,0.5634859396433471,0.777924777924778,0.10012991833704532,0.15849636757610283,0.3780005426555986,0.7589124352528143,0.4805135453017234,0.42744166060316213,4.246239633572063,0.7139545707725243,0.3,0.1,0.6,0.3115039666355477,0.1685382944018559,0.4363078259986336,0.2574818521659599,0.1521165315627161,0.27976339448143217,0.6545637798706859
"Murray Hill, Manhattan",madison_avenue/south_to_north/021_n00743_N.jpg,n00743,madison_avenue,south_to_north,W,21,N,0.17015361667244827,0.1724886844794861,0.1412507701786814,0.8135086362464553,0.30043021032504785,0.8460541474654377,0.6493256262042388,0.8276332414426832,0.17000333667000334,0.1612976904435386,0.38593597392075835,0.7863775244622817,0.5489874014389751,0.6758601289928724,2.9069360311302206,0.8728073662830638,0.4,0.2,0.4,0.48595209297496655,0.2796763113872945,0.5567690096893217,0.34950700817229235,0.15650309448406038,0.5203568138568847,0.8002022988031924
"Murray Hill, Manhattan",madison_avenue/south_to_north/022_n00744_N.jpg,n00744,madison_avenue,south_to_north,W,22,N,0.3563344723949113,0.3407423496476494,0.29254731316480176,0.7775379622826354,0.28715157512782447,0.8210784313725491,0.6711959739490823,0.8306236194585709,0.19255032264278146,0.3298747117357875,0.8261375105146679,0.7704882728424534,0.5647899720168115,0.7254880048240986,3.383096809315957,0.8126420726668122,0.3,0.1,0.6,0.6166940392212846,0.4449682486012572,0.7588753523399381,0.5972392307610415,0.5838124551066236,0.5789612921119177,0.7450418955805188
"Murray Hill, Manhattan",madison_avenue/south_to_north/023_n00745_N.jpg,n00745,madison_avenue,south_to_north,W,23,N,0.16058892961814714,0.1513226333779165,0.08992597733055747,0.7969335795422752,0.3280919661733616,0.8497915405823414,0.6591478696741855,0.8363368775154681,0.08165335994677314,0.13394584677554036,0.31159998104786024,0.7728777179837516,0.5257127023788088,0.5952448544716296,2.96737010485544,0.8649310244686974,0.4,0.2,0.4,0.41871725826550804,0.22921558606335815,0.4841047972845166,0.2890555272258472,0.11787567107522819,0.43348455072684455,0.792981155777262
"Murray Hill, Manhattan",madison_avenue/south_to_north/024_n00746_N.jpg,n00746,madison_avenue,south_to_north,W,24,N,0.317676529546697,0.2452539634454205,0.22563578564940964,0.6770493782445973,0.3735313863712655,0.8177456930905525,0.6821469356680624,0.8095296624057685,0.13230092725360867,0.2628554262138424,0.680107335199351,0.7070878949879614,0.5413258417758131,0.6501929905754615,2.9645698898706203,0.8652943997003456,0.4,0.2,0.4,0.582514137750958,0.38059155204720724,0.6731976284056439,0.4797487583647252,0.38561374051039654,0.4916380038597109,0.7933143033959986
"Murray Hill, Manhattan",madison_avenue/south_to_north/025_n00747_N.jpg,n00747,madison_avenue,south_to_north,W,25,N,0.16090778683614007,0.31052179417616205,0.251982276119403,0.814187368317899,0.35619294932326095,0.8642299554971912,0.694500279173646,0.8813048245614036,0.17435135979993754,0.24113728571056836,0.6209652960907589,0.7740747914972763,0.5833854878449958,0.7774352547304509,3.394480051931917,0.8112556813448416,0.3,0.1,0.6,0.5893248862737973,0.39814470326827517,0.7264354504080104,0.5353056157310777,0.3259840531256849,0.6450712218091343,0.7437708321526216
"Murray Hill, Manhattan",madison_avenue/south_to_north/026_n00748_N.jpg,n00748,madison_avenue,south_to_north,W,26,N,0.3097623559682011,0.41349774960962615,0.39409785932721714,0.8254678322633521,0.2914156626506024,0.8347275262168878,0.7573885109599395,0.8655053645452329,0.20998116760828625,0.3724526549683481,0.8878964232762812,0.7895932319432124,0.6109583477044862,0.8408244497581268,4.219547327885546,0.7168188650899833,0.3,0.1,0.6,0.6088098344084631,0.47883235601059376,0.8493217241597546,0.7286058786711731,0.7004368833025975,0.733222942116747,0.6571898059399208
"Murray Hill, Manhattan",madison_avenue/south_to_north/027_n00749_N.jpg,n00749,madison_avenue,south_to_north,W,27,N,0.18495398044713604,0.19572083766009,0.16466685488424618,0.8011125104953821,0.3377259672241932,0.8226107848371597,0.7135473013583363,0.8326830483147933,0.13472668810289393,0.18178055766382406,0.44555836198549914,0.7619991093694495,0.5603190125920079,0.7119318669049097,4.485456110650579,0.6887902943742648,0.3,0.1,0.6,0.42896010667059903,0.26513819285365064,0.6227731577726282,0.4198594003804391,0.1917489046662698,0.5625324916128078,0.6314928107204604
"Murray Hill, Manhattan",madison_avenue/south_to_north/028_n00750_N.jpg,n00750,madison_avenue,south_to_north,W,28,N,0.26170735537333917,0.13999502239920356,0.07628344179320323,0.7520560680826719,0.3569711538461539,0.8342049196203757,0.6418955304254174,0.8095838404915087,0.09553974314474141,0.1593286065219153,0.3803514610833472,0.7430966112856312,0.5156730380205558,0.5585046780291918,4.437983193935612,0.6937126320455357,0.3,0.1,0.6,0.35526771818037,0.20209424469339204,0.5121251967587784,0.3177554083459896,0.15340908861963728,0.3969372229023818,0.6360056804236695
"Murray Hill, Manhattan",madison_avenue/south_to_north/029_n00751_N.jpg,n00751,madison_avenue,south_to_north,W,29,N,0.27717748146809945,0.3112864077669903,0.28338861249309005,0.7941857958831772,0.38389766741911213,0.8589385474860336,0.65390625,0.8436968149769025,0.13701641266119577,0.2906175005760599,0.7478936953431378,0.7564088919833661,0.5448731592126994,0.6621963689127341,4.407167715811268,0.6969266173256637,0.3,0.1,0.6,0.48507261030854054,0.3281341924904639,0.6960167659687377,0.5135503672038807,0.4668878517262051,0.5049395038235752,0.6389523081777757
"Murray Hill, Manhattan",madison_avenue/south_to_north/030_n00752_N.jpg,n00752,madison_avenue,south_to_north,W,30,N,0.29230981039457904,0.3040670039865072,0.24391727493917278,0.7852812733436764,0.3134233316352521,0.8238923855362211,0.6247647612326511,0.8246469795511806,0.1364741345779852,0.2800980297734197,0.7233572696205117,0.7652501090815484,0.5286286251206056,0.6057374006539346,3.756650041589274,0.7683595385423584,0.3,0.1,0.6,0.502482933627579,0.32850662660218666,0.653968498368395,0.46633526180053403,0.4356399392697405,0.4442553655904401,0.704443033824663
"Murray Hill, Manhattan",madison_avenue/south_to_north/031_n00753_N.jpg,n00753,madison_avenue,south_to_north,W,31,N,0.2635603780071116,0.2639595040585139,0.2180985630439182,0.7657983140013944,0.40047820633427406,0.834092377260982,0.6601027397260274,0.809880418535127,0.07318184675341,0.24853948170318121,0.6416364243208933,0.7331374949760341,0.5143883350048548,0.5537477850959882,3.516638322037396,0.7965258080746027,0.3,0.1,0.6,0.4741243924923289,0.2936556149242628,0.5952404651374741,0.40212128871906705,0.3457940246912062,0.39233356277531106,0.7302662732920332
"Murray Hill, Manhattan",madison_avenue/south_to_north/032_n00754_N.jpg,n00754,madison_avenue,south_to_north,W,32,N,0.16316401588893015,0.19356367082148843,0.194912773679897,0.7975935556235342,0.5087918559650008,0.8692984322905583,0.6508576329331047,0.8420308562296391,0.1405676292547385,0.18388015346343853,0.45179069266998645,0.7193667106496973,0.5444853728058274,0.6608939711010958,4.737084285971232,0.6632769570630562,0.3,0.1,0.6,0.3944120739937207,0.23896268358813907,0.5946416045269379,0.3929649224880307,0.19568403450794736,0.5034854090408328,0.6081018175239741
"Murray Hill, Manhattan",madison_avenue/south_to_north/033_n00755_N.jpg,n00755,madison_avenue,south_to_north,W,33,N,0.14199475323785246,0.16172065894222432,0.1394839032945008,0.8215177645839223,0.5362107623318386,0.8924232003668041,0.719023282226008,0.9161512027491409,0.1362116326286875,0.14773310515819252,0.3481450787015289,0.7259100675396293,0.5904620392012787,0.7952603849584453,5.496058943468648,0.5919051707219837,0.3,0.1,0.6,0.3640609545187518,0.22704915907571785,0.6150663527312727,0.4183948904124208,0.13619545795278673,0.668983651656462,0.5426671412069842
"Murray Hill, Manhattan",madison_avenue/south_to_north/034_n00756_N.jpg,n00756,madison_avenue,south_to_north,W,34,N,0.14957251517754566,0.1887081862497899,0.21317966903073282,0.8243415463041631,0.43917419559359644,0.8738948749827324,0.7517173278378843,0.8936008511931904,0.12683930019696443,0.18382012348602278,0.4516122831561926,0.7530207418977664,0.5907191597426797,0.795887640417507,5.496058943468648,0.5919051707219837,0.3,0.1,0.6,0.3952515736539602,0.2542066381073853,0.6677616503532943,0.4684393411806479,0.19557068065248132,0.6698371633770517,0.5426671412069842
"Murray Hill, Manhattan",tudor_city_place/north_to_south/001_n00764_S.jpg,n00764,tudor_city_place,north_to_south,W,1,S,0.35965393326498835,0.324699991366658,0.2822845319634703,0.29265524311657876,0.45770852858481725,0.771260086902545,0.5520257826887661,0.6888552697932425,0.18296409472880062,0.3222128188650389,0.8125330194268927,0.5354022671447688,0.47461504907026975,0.4059401675980245,1.6119013948383372,1.0,0.4,0.2,0.4,0.5663139494884499,0.3985598270163276,0.5663139494884499,0.4101377717146316,0.5613151135012993,0.2622874918498117,0.9717705963781366
"Murray Hill, Manhattan",tudor_city_place/north_to_south/002_n00761_S.jpg,n00761,tudor_city_place,north_to_south,W,2,S,0.46696334820380697,0.7086578620611806,0.6655092592592592,0.48790815435655666,0.3629552789303827,0.7202906071613908,0.7207491582491583,0.7812354312354312,0.28128706998813763,0.6137101565080822,0.9930671126640203,0.6150811608625215,0.594423886490909,0.8047668774333241,1.6119013948383372,1.0,0.4,0.2,0.4,0.829556484126896,0.7495592754875658,0.829556484126896,0.7713335619345045,0.9768981374578395,0.6820089552202127,0.9717705963781366
"Murray Hill, Manhattan",tudor_city_place/north_to_south/003_n00762_S.jpg,n00762,tudor_city_place,north_to_south,W,3,S,0.45346274058233266,0.5811116131947583,0.44844124700239796,0.4755406118143459,0.47028199566160517,0.7276756129887342,0.7361058956064589,0.715426072808623,0.2824162934527618,0.49433853359316293,0.9715864029649446,0.5776447430471583,0.5779827539559479,0.7630982529908661,1.6119013948383372,1.0,0.4,0.2,0.4,0.7949813129503664,0.6953472272697475,0.7949813129503664,0.7155466834058983,0.9098668023228682,0.6263061849869321,0.9717705963781366
"Murray Hill, Manhattan",tudor_city_place/north_to_south/004_n00763_S.jpg,n00763,tudor_city_place,north_to_south,W,4,S,0.40462366251509313,0.4335411292633993,0.39942099364960776,0.5333998307338894,0.404615594701625,0.7785240080284082,0.70396201702685,0.7440762515588811,0.25804868472712994,0.4125285951427,0.92759656382201,0.6357694146868909,0.568695651104287,0.737000175717985,1.6119013948383372,1.0,0.4,0.2,0.4,0.7844957863734229,0.6557559324963705,0.7844957863734229,0.674805283202047,0.7908886672673141,0.5931725117485802,0.9717705963781366
"Murray Hill, Manhattan",tudor_city_place/north_to_south/005_n00765_S.jpg,n00765,tudor_city_place,north_to_south,W,5,S,0.3551477289829412,0.3420712379045712,0.35215936739659354,0.6619695807770961,0.4461595824011932,0.792466517857143,0.7243823779968358,0.7873646883165359,0.19011196097993568,0.349792778094702,0.857845965602412,0.6694255054110152,0.5672863424311025,0.7328821836557174,1.393799049104222,1.0,0.4,0.2,0.4,0.7665100297344429,0.624471301756339,0.7665100297344429,0.624471301756339,0.6404828816501876,0.5880612428481224,1.0
"Murray Hill, Manhattan",tudor_city_place/north_to_south/006_n00760_S.jpg,n00760,tudor_city_place,north_to_south,W,6,S,0.38540208331767245,0.42509098261221195,0.4045029239766082,0.6790232133541992,0.35707146426786607,0.7825533082470995,0.7731905587191549,0.775610569308994,0.21215344938749192,0.40499866330216416,0.921288499653561,0.7015016857778108,0.5869848591385469,0.7866371562279849,1.920899776854496,1.0,0.4,0.2,0.4,0.8189809241943371,0.6600833199178647,0.8189809241943371,0.7114828697469043,0.7755520425480092,0.6573335738584128,0.927757150572966
"Murray Hill, Manhattan",tudor_city_place/north_to_south/007_n00759_S.jpg,n00759,tudor_city_place,north_to_south,W,7,S,0.46279865241234724,0.6374429223744292,0.5532469868681417,0.23519661636945588,0.25666137286041996,0.7572825381369684,0.5117232617232617,0.4861215774930921,0.13797666305786113,0.5511628538849727,0.9854277136829453,0.5786059272153348,0.37860716742473827,0.13932681586357518,2.91452319410066,0.8718146115451467,0.4,0.2,0.4,0.3531543114973026,0.25282792774268054,0.4050795969929836,0.31631479804561224,0.9522978557935166,0.07768452757866201,0.7992921270354952
"Murray Hill, Manhattan",tudor_city_place/north_to_south/008_n00758_S.jpg,n00758,tudor_city_place,north_to_south,W,8,S,0.4590597653115894,0.5568485821294811,0.5269426646952522,0.27546792398914133,0.40754744958481615,0.685503774680604,0.4513093289689034,0.548261866949003,0.1493444105346445,0.5142836707121075,0.977498263877618,0.5178080830283097,0.382971868817517,0.14736463363591495,2.776439700667338,0.8900603984780394,0.4,0.2,0.4,0.3594652797606286,0.2559101187869929,0.40386616501003414,0.31360760679687283,0.927664244592382,0.08250708436040796,0.816020125917254
"Murray Hill, Manhattan",tudor_city_place/north_to_south/009_n00757_S.jpg,n00757,tudor_city_place,north_to_south,W,9,S,0.4572282844079582,0.6230610134436402,0.560189611217336,0.3267443473435983,0.44939989088925253,0.6843714176538022,0.6646570724750421,0.5419959473150963,0.3369454360020397,0.5468263030229781,0.9846612540657311,0.5205719580360493,0.5145328185973927,0.5542832751658752,2.435287788143805,0.936792785241091,0.4,0.2,0.4,0.6452784191787734,0.5081348603467053,0.6888165978057846,0.5916352769545823,0.9498774943154764,0.3928503736971616,0.8588650476731343
"Murray Hill, Manhattan",tudor_city_place/south_to_north/001_n00757_N.jpg,n00757,tudor_city_place,south_to_north,W,1,N,0.5098573944501079,0.753793626707132,0.6867671691792294,0.37182971014492755,0.4282332251082251,0.7545327754532777,0.6385393535652604,0.6531273836765826,0.23618122977346276,0.650139396778823,0.9955112080110847,0.5660430868299934,0.5092826556717686,0.5347538270815527,2.435287788143805,0.936792785241091,0.4,0.2,0.4,0.6496709647174645,0.5141838874212861,0.6935055168579961,0.5986783241608564,0.9849560340213227,0.37423314150100206,0.8588650476731343
"Murray Hill, Manhattan",tudor_city_place/south_to_north/002_n00758_N.jpg,n00758,tudor_city_place,south_to_north,W,2,N,0.4807428862112475,0.6870878536481598,0.6554310796645701,0.418655197928228,0.4882493585257756,0.7484342379958248,0.6088860698320647,0.6973629351678133,0.2154396037374761,0.6077539398413258,0.9925572720791878,0.559613359132759,0.5072295362457847,0.5270842238230004,2.776439700667338,0.8900603984780394,0.4,0.2,0.4,0.6115772620456602,0.4817380434421303,0.6871188327122834,0.5903506888394802,0.975228899532866,0.3670494575494341,0.816020125917254
"Murray Hill, Manhattan",tudor_city_place/south_to_north/003_n00759_N.jpg,n00759,tudor_city_place,south_to_north,W,3,N,0.4591730123380643,0.6463475071860443,0.6134803921568627,0.4926749396759738,0.6193890637752127,0.7528101495991404,0.7511002678913127,0.6985624438454626,0.13712737127371274,0.5730003038936571,0.988749224183783,0.542032008499967,0.5289300276701627,0.6068165954687508,2.91452319410066,0.8718146115451467,0.4,0.2,0.4,0.6287624134980233,0.5039989642525528,0.7212111441716333,0.6305566478201667,0.962886362477187,0.4453718556666363,0.7992921270354952
"Murray Hill, Manhattan",tudor_city_place/south_to_north/004_n00760_N.jpg,n00760,tudor_city_place,south_to_north,W,4,N,0.385579455601846,0.410847822022808,0.35233869167224824,0.6501302083333332,0.3387989203778678,0.7632925611582625,0.7397611977233357,0.7780545177805451,0.14739267251067653,0.3829219897656341,0.8998053688465217,0.6915412830379093,0.5550694626715191,0.6955173690196598,1.920899776854496,1.0,0.4,0.2,0.4,0.770098444779006,0.593939986558213,0.770098444779006,0.6401890690806387,0.726117196958984,0.5430688067202998,0.927757150572966
"Murray Hill, Manhattan",tudor_city_place/south_to_north/005_n00765_N.jpg,n00765,tudor_city_place,south_to_north,W,5,N,0.4720610144866144,0.6868524134445287,0.6212182061579652,0.6225437335250419,0.4156423473433783,0.7813774276038427,0.7285493827160493,0.7966555477528089,0.29175878162613605,0.5933772113630361,0.9911682099200748,0.6627596045951687,0.6056545706983314,0.8298858615150965,1.393799049104222,1.0,0.4,0.2,0.4,0.8517997299446374,0.7969003848945111,0.8517997299446374,0.7969003848945111,0.9707012473002508,0.7173754145276167,1.0
"Murray Hill, Manhattan",tudor_city_place/south_to_north/006_n00763_N.jpg,n00763,tudor_city_place,south_to_north,W,6,N,0.3729406704047938,0.3092956592956593,0.30852511754516204,0.6420255760646639,0.3726981585268215,0.7741822084073416,0.7345238095238095,0.7427160493827162,0.24595712673937578,0.33025381574853835,0.8267899695329476,0.6811698753150613,0.5743989952153004,0.7532432026018442,1.6119013948383372,1.0,0.4,0.2,0.4,0.7662725263137435,0.5973358914090684,0.7662725263137435,0.6146881719156609,0.5849173876272051,0.6136417398455636,0.9717705963781366
"Murray Hill, Manhattan",tudor_city_place/south_to_north/007_n00762_N.jpg,n00762,tudor_city_place,south_to_north,W,7,N,0.3241780411321156,0.2874574601468744,0.23484199505044737,0.5594831789371039,0.26460250511247446,0.7763307714204384,0.686966246441643,0.7636206341541928,0.2919121256750123,0.2821591654431458,0.7282793113493787,0.6904038150816891,0.5808330020902827,0.770740118341987,1.6119013948383372,1.0,0.4,0.2,0.4,0.7370602867820882,0.5431257208995425,0.7370602867820882,0.5589032256417447,0.4417302786899421,0.6362573022067156,0.9717705963781366
"Murray Hill, Manhattan",tudor_city_place/south_to_north/008_n00761_N.jpg,n00761,tudor_city_place,south_to_north,W,8,N,0.30599629216144575,0.285473757547608,0.22672238294224792,0.5016369727425003,0.3815595716198126,0.7659930800942285,0.6486039433637688,0.696021571021571,0.15731022052586938,0.2727308108837672,0.7053216943140659,0.6286901604056387,0.5006452449704031,0.5024196497502991,1.6119013948383372,1.0,0.4,0.2,0.4,0.6018231313920916,0.40635328818320815,0.6018231313920916,0.41815762866021877,0.4140414399251554,0.3444196481165245,0.9717705963781366
"Murray Hill, Manhattan",tudor_city_place/south_to_north/009_n00764_N.jpg,n00764,tudor_city_place,south_to_north,W,9,N,0.41168642005882755,0.3757157082399801,0.3425315284044892,0.6250321006676939,0.3519880174291939,0.7456120441821757,0.6180446194225722,0.8042272435336019,0.306234007908816,0.3766445522344323,0.8928065351437546,0.6728853758068919,0.5761686236216632,0.7581437287781873,1.6119013948383372,1.0,0.4,0.2,0.4,0.7902996341887797,0.6468514646082155,0.7902996341887797,0.6656421453983897,0.7108841267373183,0.6199157455679656,0.9717705963781366
