file,field,typology,n_keep,keep,gap,ev1,evp,ev2,top1,top2,final,rounds
2nd_avenue/south_to_north/025_n00070_N_R.jpg,vertical_greenery,avenue_secondary,2,2;3,0,2.6821521879173815,2.5926665663719177,2.4687907695770264,3,2,2,2
2nd_avenue/south_to_north/025_n00070_N_R.jpg,sky_openness,avenue_secondary,3,1;2;3,0,2.5606784485280514,1.863877683877945,1.883633404970169,2,1,1,3
2nd_avenue/south_to_north/025_n00070_N_R.jpg,vertical_hardscape,avenue_secondary,3,4;5;6,0,4.856612539850175,5.0,5.406480580568314,5,6,6,3
2nd_avenue/south_to_north/025_n00070_N_R.jpg,green_softening,avenue_secondary,3,2;3;5,1,3.52033194899559,3.1724295914173126,2.7932356372475624,3,3,2,3
Tunnel_Exit_Street/south_to_north/006_n00251_N_R.jpg,vertical_greenery,other,1,1,0,1.739371182397008,1.0,1.0,1,1,1,1
Tunnel_Exit_Street/south_to_north/006_n00251_N_R.jpg,sky_openness,other,2,1;2,0,2.185010576620698,1.437823474407196,1.3486452102661133,1,1,1,2
Tunnel_Exit_Street/south_to_north/006_n00251_N_R.jpg,vertical_hardscape,other,3,4;5;6,0,4.905609940644354,5.093737721443176,5.670701116323471,5,6,6,2
Tunnel_Exit_Street/south_to_north/006_n00251_N_R.jpg,green_softening,other,3,2;3;5,1,3.325459446758032,3.139389157295227,2.7084860652685165,2,2,2,3
Tunnel_Exit_Street/south_to_north/004_n00249_N_L.jpg,vertical_greenery,other,2,3;4,0,3.6137684979476035,3.5,3.4073336124420166,3,3,3,2
Tunnel_Exit_Street/south_to_north/004_n00249_N_L.jpg,sky_openness,other,3,1;2;3,0,2.8384686410427094,2.0332755893468857,2.1052433252334595,2,2,2,3
Tunnel_Exit_Street/south_to_north/004_n00249_N_L.jpg,vertical_hardscape,other,4,3;4;5;6,0,4.726201727986336,4.629275918006897,4.824360154569149,5,5,5,2
Tunnel_Exit_Street/south_to_north/004_n00249_N_L.jpg,green_softening,other,3,3;4;5,0,4.428301252424717,4.238068044185638,4.029379293322563,5,4,4,2
1st_avenue/south_to_north/036_n00035_N_R.jpg,vertical_greenery,avenue_secondary,3,2;3;4,0,2.977010271511972,2.900482714176178,2.6297205090522766,3,3,3,3
1st_avenue/south_to_north/036_n00035_N_R.jpg,sky_openness,avenue_secondary,4,4;5;6;7,0,4.9065526789054275,5.460870787501335,6.128447130322456,6,7,7,3
1st_avenue/south_to_north/036_n00035_N_R.jpg,vertical_hardscape,avenue_secondary,4,4;5;6;7,0,4.953870875760913,5.467314511537552,6.292851954698563,5,7,7,2
1st_avenue/south_to_north/036_n00035_N_R.jpg,green_softening,avenue_secondary,3,3;4;5,0,4.072250695899129,4.0,3.761635273694992,3,4,3,3
east_42nd_street/west_to_east/014_n00654_E_R.jpg,vertical_greenery,mid_block,1,1,0,1.710189899429679,1.0,1.0,1,1,1,1
east_42nd_street/west_to_east/014_n00654_E_R.jpg,sky_openness,mid_block,2,1;2,0,2.2780807595700026,1.5,1.3775407075881958,1,1,1,2
east_42nd_street/west_to_east/014_n00654_E_R.jpg,vertical_hardscape,mid_block,3,5;6;7,0,5.3030341155827045,5.859301298856735,6.840105149894953,5,7,7,2
east_42nd_street/west_to_east/014_n00654_E_R.jpg,green_softening,mid_block,3,1;2;3,0,3.1197771541774273,2.075962632894516,1.8351574540138245,2,2,1,3
Park_Ave_Tunnel_Segment/west_to_east/016_n00178_E_R.jpg,vertical_greenery,avenue_canyon,3,4;5;6,0,4.984813425806351,5.105243504047394,5.415473014116287,5,5,6,3
Park_Ave_Tunnel_Segment/west_to_east/016_n00178_E_R.jpg,sky_openness,avenue_canyon,2,2;3,0,3.139695154502988,2.5312092900276184,2.5,3,2,2,2
Park_Ave_Tunnel_Segment/west_to_east/016_n00178_E_R.jpg,vertical_hardscape,avenue_canyon,3,3;4;5,0,4.473596970550716,4.2628143429756165,4.294464081525803,5,5,5,3
Park_Ave_Tunnel_Segment/west_to_east/016_n00178_E_R.jpg,green_softening,avenue_canyon,2,5;6,0,5.168957007932477,5.3775405287742615,5.622459501028061,5,6,6,2
1st_avenue/north_to_south/041_n00005_S_L.jpg,vertical_greenery,avenue_secondary,2,2;3,0,2.8719529076479375,2.679178774356842,2.5,3,2,2,2
1st_avenue/north_to_south/041_n00005_S_L.jpg,sky_openness,avenue_secondary,4,2;3;4;5,0,3.8820319920778275,3.5369666069746017,3.8336810171604156,4,4,4,3
1st_avenue/north_to_south/041_n00005_S_L.jpg,vertical_hardscape,avenue_secondary,3,5;6;7,0,5.216464817523956,5.955847263336182,6.763962768018246,5,7,7,2
1st_avenue/north_to_south/041_n00005_S_L.jpg,green_softening,avenue_secondary,3,2;3;5,1,3.4276017379015684,3.1626837849617004,2.7932356372475624,3,3,2,3
east_34th_street/east_to_west/008_n00306_W_L.jpg,vertical_greenery,mid_block,3,1;2;3,0,2.1231578662991524,1.7012801468372345,1.2789749130606651,1,1,1,2
east_34th_street/east_to_west/008_n00306_W_L.jpg,sky_openness,mid_block,2,2;3,0,2.898154065012932,2.348644942045212,2.5312095284461975,2,3,3,2
east_34th_street/east_to_west/008_n00306_W_L.jpg,vertical_hardscape,mid_block,3,5;6;7,0,5.358832218218595,5.955847412347794,6.831839445978403,5,7,7,2
east_34th_street/east_to_west/008_n00306_W_L.jpg,green_softening,mid_block,3,2;3;5,1,3.7027648091316223,3.3529117703437805,2.665850520133972,3,2,2,3
2nd_avenue/north_to_south/019_n00061_S_R.jpg,vertical_greenery,avenue_secondary,3,2;3;4,0,3.118431832641363,3.000000089406967,2.6068251729011536,3,2,2,3
2nd_avenue/north_to_south/019_n00061_S_R.jpg,sky_openness,avenue_secondary,3,2;3;4,0,2.9862092044204473,2.746195614337921,3.0645362436771393,2,3,3,2
2nd_avenue/north_to_south/019_n00061_S_R.jpg,vertical_hardscape,avenue_secondary,3,4;5;6,0,4.692997194826603,4.972554832696915,5.203052818775177,5,5,5,3
2nd_avenue/north_to_south/019_n00061_S_R.jpg,green_softening,avenue_secondary,3,3;4;5,0,4.276808519847691,4.095589101314545,3.8445824831724167,5,4,3,3
east_38th_street/west_to_east/013_n00467_E_R.jpg,vertical_greenery,mid_block,3,3;4;5,0,4.034885735716671,4.000000238418579,4.060651794075966,4,4,4,2
east_38th_street/west_to_east/013_n00467_E_R.jpg,sky_openness,mid_block,3,1;2;3,0,2.7469887379556894,1.9686720073223114,2.0000001192092896,2,2,2,2
east_38th_street/west_to_east/013_n00467_E_R.jpg,vertical_hardscape,mid_block,3,4;5;6,0,4.772457741666585,4.972554832696915,5.386210054159164,5,6,5,3
east_38th_street/west_to_east/013_n00467_E_R.jpg,green_softening,mid_block,3,3;4;5,0,4.119595428928733,4.048600256443024,3.94322107732296,5,4,4,2
Park_Ave_West/south_to_north/021_n00229_N_R.jpg,vertical_greenery,avenue_canyon,3,2;3;4,0,3.140645143808797,3.0765292048454285,2.790364623069763,3,3,3,2
Park_Ave_West/south_to_north/021_n00229_N_R.jpg,sky_openness,avenue_canyon,3,2;3;4,0,3.263372663408518,2.8783125281333923,3.155418038368225,2,3,3,3
Park_Ave_West/south_to_north/021_n00229_N_R.jpg,vertical_hardscape,avenue_canyon,3,5;6;7,0,6.1703022692818195,6.419169291853905,6.892500082030892,7,7,7,2
Park_Ave_West/south_to_north/021_n00229_N_R.jpg,green_softening,avenue_canyon,3,3;4;5,0,3.8756751623004675,3.9044106900691986,3.4774314165115356,3,3,3,3
2nd_avenue/north_to_south/026_n00054_S_R.jpg,vertical_greenery,avenue_secondary,2,2;3,0,2.9033794291317463,2.731058657169342,2.348645269870758,3,2,2,2
2nd_avenue/north_to_south/026_n00054_S_R.jpg,sky_openness,avenue_secondary,5,2;3;4;5;6,0,4.013875465840101,3.975127086043358,4.266379296779633,4,4,5,4
2nd_avenue/north_to_south/026_n00054_S_R.jpg,vertical_hardscape,avenue_secondary,3,4;5;6,0,4.678646294865757,4.935463517904282,5.27477753162384,5,5,5,3
2nd_avenue/north_to_south/026_n00054_S_R.jpg,green_softening,avenue_secondary,3,3;4;5,0,4.058786818757653,4.0,3.7904530093073845,3,4,4,2
1st_avenue/south_to_north/039_n00038_N_L.jpg,vertical_greenery,avenue_secondary,3,1;2;3,0,2.5822000252082944,2.1649537682533264,1.656502142548561,3,1,1,2
1st_avenue/south_to_north/039_n00038_N_L.jpg,sky_openness,avenue_secondary,2,1;2,0,2.603391045704484,1.651354968547821,1.4378235340118408,2,1,1,2
1st_avenue/south_to_north/039_n00038_N_L.jpg,vertical_hardscape,avenue_secondary,2,5;6,0,5.149450135417283,5.622459501028061,5.777300029993057,6,6,6,2
1st_avenue/south_to_north/039_n00038_N_L.jpg,green_softening,avenue_secondary,3,3;4;5,0,4.276383210904896,4.148615807294846,3.8197575509548187,5,4,3,3
Tunnel_Exit_Street/north_to_south/014_n00253_S_L.jpg,vertical_greenery,other,3,1;2;3,0,2.368433838710189,1.6732646375894547,1.1890293583273888,1,1,1,2
Tunnel_Exit_Street/north_to_south/014_n00253_S_L.jpg,sky_openness,other,2,1;2,0,2.1184199638664722,1.4687905311584473,1.3486452102661133,1,1,1,2
Tunnel_Exit_Street/north_to_south/014_n00253_S_L.jpg,vertical_hardscape,other,2,5;6,0,5.009622537530959,5.5,5.705785036087036,5,6,6,2
Tunnel_Exit_Street/north_to_south/014_n00253_S_L.jpg,green_softening,other,3,1;2;3,0,2.852908570319414,1.9628921151161194,1.761635273694992,2,2,1,3
Park_Ave_Tunnel_Segment/west_to_east/048_n00199_E_R.jpg,vertical_greenery,avenue_canyon,2,1;2,0,1.7570226080715656,1.2018132507801056,1.1066906154155731,1,1,1,2
Park_Ave_Tunnel_Segment/west_to_east/048_n00199_E_R.jpg,sky_openness,avenue_canyon,3,5;6;7,0,5.7035196726210415,6.060651883482933,6.710724264383316,6,7,7,2
Park_Ave_Tunnel_Segment/west_to_east/048_n00199_E_R.jpg,vertical_hardscape,avenue_canyon,3,3;4;5,0,3.881755441427231,3.863672375679016,4.0,3,3,3,3
Park_Ave_Tunnel_Segment/west_to_east/048_n00199_E_R.jpg,green_softening,avenue_canyon,3,2;3;5,1,3.6266015507280827,3.2415882349014282,2.934793844819069,3,3,2,3
Park_Ave_Tunnel_Segment/west_to_east/051_n00203_E_L.jpg,vertical_greenery,avenue_canyon,2,1;2,0,1.734396792948246,1.2018131613731384,1.1066906154155731,1,1,1,2
Park_Ave_Tunnel_Segment/west_to_east/051_n00203_E_L.jpg,sky_openness,avenue_canyon,4,3;4;5;6,0,4.363974085077643,4.523447334766388,4.92821192741394,4,5,6,3
Park_Ave_Tunnel_Segment/west_to_east/051_n00203_E_L.jpg,vertical_hardscape,avenue_canyon,3,5;6;7,0,5.138888694345951,6.045725047588348,6.553949058055878,7,7,7,2
Park_Ave_Tunnel_Segment/west_to_east/051_n00203_E_L.jpg,green_softening,avenue_canyon,3,2;3;5,1,3.8340904265642166,3.419375240802765,2.7566889375448227,3,2,2,3
east_41st_street/east_to_west/023_n00618_W_R.jpg,vertical_greenery,mid_block,2,2;3,0,2.8776307641528547,2.705785036087036,2.245085045695305,3,2,2,2
east_41st_street/east_to_west/023_n00618_W_R.jpg,sky_openness,mid_block,3,1;2;3,0,2.6958912294358015,1.894756868481636,2.0000001192092896,2,2,2,2
east_41st_street/east_to_west/023_n00618_W_R.jpg,vertical_hardscape,mid_block,1,7,0,6.55099034763407,7.0,7.0,7,7,7,1
east_41st_street/east_to_west/023_n00618_W_R.jpg,green_softening,mid_block,3,3;4;5,0,3.838341884315014,3.8552032113075256,3.4898116514086723,3,3,3,3
1st_avenue/south_to_north/037_n00036_N_L.jpg,vertical_greenery,avenue_secondary,3,1;2;3,0,2.573068305850029,2.1922187358140945,1.6083498746156693,3,1,1,2
1st_avenue/south_to_north/037_n00036_N_L.jpg,sky_openness,avenue_secondary,2,1;2,0,2.4085773918777704,1.5621765553951263,1.407333493232727,2,1,1,2
1st_avenue/south_to_north/037_n00036_N_L.jpg,vertical_hardscape,avenue_secondary,2,5;6,0,5.325407424010336,5.705785036087036,5.851953074336052,6,6,6,2
1st_avenue/south_to_north/037_n00036_N_L.jpg,green_softening,avenue_secondary,3,3;4;5,0,4.086497496813536,4.100743532180786,3.6500972658395767,5,3,3,3
east_38th_street/east_to_west/003_n00499_W_L.jpg,vertical_greenery,mid_block,2,3;4,0,3.6151144825853407,3.4687907099723816,3.3775407671928406,3,3,3,2
east_38th_street/east_to_west/003_n00499_W_L.jpg,sky_openness,mid_block,3,2;3;4,0,3.6790805608034134,3.0831171572208405,3.33165280520916,4,3,3,3
east_38th_street/east_to_west/003_n00499_W_L.jpg,vertical_hardscape,mid_block,2,5;6,0,5.165914174634963,5.268941283226013,5.5,5,5,5,2
east_38th_street/east_to_west/003_n00499_W_L.jpg,green_softening,mid_block,3,3;4;5,0,4.444859866052866,4.189268171787262,4.0567788034677505,5,4,4,2
2nd_avenue/north_to_south/027_n00053_S_R.jpg,vertical_greenery,avenue_secondary,3,1;2;3,0,2.774902925826609,2.288198158144951,1.720714807510376,3,1,1,2
2nd_avenue/north_to_south/027_n00053_S_R.jpg,sky_openness,avenue_secondary,4,2;3;4;5,0,3.8340249210596085,3.4455852806568146,3.868084579706192,4,4,5,4
2nd_avenue/north_to_south/027_n00053_S_R.jpg,vertical_hardscape,avenue_secondary,3,4;5;6,0,4.889082395005971,5.06840243935585,5.401807874441147,5,6,5,3
2nd_avenue/north_to_south/027_n00053_S_R.jpg,green_softening,avenue_secondary,3,3;4;5,0,3.9103631637990475,3.9044106900691986,3.912049740552902,3,4,4,2
1st_avenue/south_to_north/042_n00041_N_L.jpg,vertical_greenery,avenue_secondary,2,1;2,0,1.6540785012766719,1.2227001786231995,1.1329642236232758,1,1,1,2
1st_avenue/south_to_north/042_n00041_N_L.jpg,sky_openness,avenue_secondary,3,2;3;4,0,3.2223894149065018,2.78301402926445,3.2025063931941986,2,3,3,3
1st_avenue/south_to_north/042_n00041_N_L.jpg,vertical_hardscape,avenue_secondary,3,5;6;7,0,4.986219129525125,5.737185686826706,6.52780456840992,5,7,7,2
1st_avenue/south_to_north/042_n00041_N_L.jpg,green_softening,avenue_secondary,3,2;3;5,1,3.349449001252651,3.1328087747097015,2.633516639471054,3,2,2,3
east_35th_street/east_to_west/023_n00338_W_R.jpg,vertical_greenery,mid_block,3,1;2;3,0,2.467543109320104,2.042496621608734,1.4736545979976654,3,1,1,2
east_35th_street/east_to_west/023_n00338_W_R.jpg,sky_openness,mid_block,3,2;3;4,0,3.0355984549969435,2.790898472070694,3.0995171666145325,2,3,3,2
east_35th_street/east_to_west/023_n00338_W_R.jpg,vertical_hardscape,mid_block,3,4;5;6,0,4.838453924283385,5.027445167303085,5.380088150501251,5,5,5,3
east_35th_street/east_to_west/023_n00338_W_R.jpg,green_softening,mid_block,3,2;3;5,1,3.724658075720072,3.3348336815834045,2.7509189769625664,3,2,2,3
2nd_avenue/south_to_north/026_n00071_N_R.jpg,vertical_greenery,avenue_secondary,3,3;4;5,0,3.782132270745933,3.808578133583069,3.7713191360235214,4,4,3,3
2nd_avenue/south_to_north/026_n00071_N_R.jpg,sky_openness,avenue_secondary,2,2;3,0,3.1839554347097874,2.437823563814163,2.5,2,2,2,2
2nd_avenue/south_to_north/026_n00071_N_R.jpg,vertical_hardscape,avenue_secondary,3,4;5;6,0,4.8611662816256285,4.972554534673691,5.294521361589432,5,5,5,3
2nd_avenue/south_to_north/026_n00071_N_R.jpg,green_softening,avenue_secondary,3,3;4;5,0,4.566297326469794,4.318007603287697,4.025539845228195,5,4,4,2
tudor_city_place/south_to_north/005_n00765_N_R.jpg,vertical_greenery,other,2,3;4,0,3.638121078722179,3.468790829181671,3.3208214044570923,3,3,3,2
tudor_city_place/south_to_north/005_n00765_N_R.jpg,sky_openness,other,3,1;2;3,0,2.5304793938994408,1.9354638308286667,2.0000001192092896,2,2,2,2
tudor_city_place/south_to_north/005_n00765_N_R.jpg,vertical_hardscape,other,3,4;5;6,0,4.856043953448534,4.97446021437645,5.277567356824875,5,5,5,3
tudor_city_place/south_to_north/005_n00765_N_R.jpg,green_softening,other,3,3;4;5,0,4.569911269471049,4.286718904972076,4.3131450936198235,5,4,5,3
3rd_avenue/north_to_south/020_n00094_S_R.jpg,vertical_greenery,avenue_secondary,2,2;3,0,2.7539349698927253,2.6224594116210938,2.407333552837372,3,2,2,2
3rd_avenue/north_to_south/020_n00094_S_R.jpg,sky_openness,avenue_secondary,4,1;2;3;4,0,2.983936360105872,2.4228873550891876,2.44893479347229,2,2,2,2
3rd_avenue/north_to_south/020_n00094_S_R.jpg,vertical_hardscape,avenue_secondary,4,3;4;5;6,0,4.785908425226808,4.687665700912476,4.95522753149271,5,5,5,2
3rd_avenue/north_to_south/020_n00094_S_R.jpg,green_softening,avenue_secondary,4,2;3;4;5,0,3.724961446598172,3.50891450047493,3.036775514483452,3,3,3,2
Tunnel_Exit_Street/north_to_south/013_n00254_S_L.jpg,vertical_greenery,other,1,1,0,1.2766293557360768,1.0,1.0,1,1,1,1
Tunnel_Exit_Street/north_to_south/013_n00254_S_L.jpg,sky_openness,other,2,1;2,0,1.8546407967805862,1.377540647983551,1.2450850307941437,1,1,1,2
Tunnel_Exit_Street/north_to_south/013_n00254_S_L.jpg,vertical_hardscape,other,2,5;6,0,5.384869138710201,5.754914715886116,5.777300029993057,6,6,6,2
Tunnel_Exit_Street/north_to_south/013_n00254_S_L.jpg,green_softening,other,3,1;2;3,0,2.91006825491786,1.9203976392745972,1.6710489392280579,1,1,1,3
Park_Ave_West/north_to_south/013_n00233_S_L.jpg,vertical_greenery,avenue_canyon,3,2;3;4,0,3.0909062582068145,3.0274451673030853,2.8046674132347107,3,3,3,2
Park_Ave_West/north_to_south/013_n00233_S_L.jpg,sky_openness,avenue_canyon,3,1;2;3,0,2.8738409020006657,1.9999999403953552,2.093737930059433,2,2,2,2
Park_Ave_West/north_to_south/013_n00233_S_L.jpg,vertical_hardscape,avenue_canyon,2,5;7,1,6.016715321689844,6.462116926908493,6.509830072522163,7,7,7,2
Park_Ave_West/north_to_south/013_n00233_S_L.jpg,green_softening,avenue_canyon,3,2;3;5,1,3.4709301069378853,3.227330729365349,2.7556662634015083,3,3,2,3
lexington_avenue/north_to_south/028_n00695_S_R.jpg,vertical_greenery,avenue_canyon,3,1;2;3,0,2.4055941719561815,1.8636724352836609,1.3108969032764435,1,1,1,2
lexington_avenue/north_to_south/028_n00695_S_R.jpg,sky_openness,avenue_canyon,3,1;2;3,0,2.915330432355404,2.0000000596046448,1.9999998807907104,2,2,2,2
lexington_avenue/north_to_south/028_n00695_S_R.jpg,vertical_hardscape,avenue_canyon,3,4;5;6,0,4.844093703664839,4.999999701976776,5.349448412656784,5,5,5,3
lexington_avenue/north_to_south/028_n00695_S_R.jpg,green_softening,avenue_canyon,2,3;5,1,4.012694504112005,4.062418907880783,3.4036264419555664,5,3,3,2
east_41st_street/east_to_west/010_n00631_W_L.jpg,vertical_greenery,mid_block,2,2;3,0,2.807573826983571,2.679178535938263,2.348645269870758,3,2,2,2
east_41st_street/east_to_west/010_n00631_W_L.jpg,sky_openness,mid_block,2,1;2,0,2.4902080185711384,1.5621765553951263,1.3775407075881958,2,1,1,2
east_41st_street/east_to_west/010_n00631_W_L.jpg,vertical_hardscape,mid_block,3,5;6;7,0,5.444746172521263,6.045724660158157,6.636501371860504,7,7,7,2
east_41st_street/east_to_west/010_n00631_W_L.jpg,green_softening,mid_block,4,2;3;4;5,0,3.6609212160110474,3.43997560441494,2.9072328452020884,3,3,2,3
2nd_avenue/south_to_north/027_n00072_N_L.jpg,vertical_greenery,avenue_secondary,3,2;3;4,0,3.0951186660677195,3.0274452567100525,2.7760717272758484,3,3,2,3
2nd_avenue/south_to_north/027_n00072_N_L.jpg,sky_openness,avenue_secondary,3,1;2;3,0,2.9798356760293245,2.064536139369011,2.035207062959671,2,2,2,2
2nd_avenue/south_to_north/027_n00072_N_L.jpg,vertical_hardscape,avenue_secondary,3,4;5;6,0,4.920205789618194,5.031328320503235,5.386210054159164,5,6,5,3
2nd_avenue/south_to_north/027_n00072_N_L.jpg,green_softening,avenue_secondary,3,3;4;5,0,4.0396654568612576,3.9527917206287384,3.7411152869462967,3,4,3,3
1st_avenue/south_to_north/001_n00000_N_L.jpg,vertical_greenery,avenue_secondary,2,2;3,0,2.777694963850081,2.6224592328071594,2.348645269870758,3,2,2,2
1st_avenue/south_to_north/001_n00000_N_L.jpg,sky_openness,avenue_secondary,3,2;3;4,0,3.405208917334676,2.9592355489730835,3.1459615528583527,2,3,3,2
1st_avenue/south_to_north/001_n00000_N_L.jpg,vertical_hardscape,avenue_secondary,2,5;6,0,5.00231337826699,5.2689414620399475,5.5,5,5,5,2
1st_avenue/south_to_north/001_n00000_N_L.jpg,green_softening,avenue_secondary,3,2;3;5,1,3.7367734909057617,3.3348335921764374,2.6594595536589622,3,2,2,3
tudor_city_place/north_to_south/005_n00765_S_L.jpg,vertical_greenery,other,3,1;2;3,0,2.5546015836298466,2.1922187209129333,1.6502934247255325,3,1,1,2
tudor_city_place/north_to_south/005_n00765_S_L.jpg,sky_openness,other,3,1;2;3,0,2.917140431702137,2.07222056388855,2.072220504283905,2,2,2,2
tudor_city_place/north_to_south/005_n00765_S_L.jpg,vertical_hardscape,other,2,5;6,0,5.0856366800144315,5.222700119018555,5.5,5,5,5,2
tudor_city_place/north_to_south/005_n00765_S_L.jpg,green_softening,other,3,3;4;5,0,3.967047182843089,4.000000238418579,3.725222647190094,3,4,3,3
tudor_city_place/north_to_south/002_n00761_S_R.jpg,vertical_greenery,other,3,3;4;5,0,4.132650138810277,3.999999761581421,3.883633404970169,4,3,3,3
tudor_city_place/north_to_south/002_n00761_S_R.jpg,sky_openness,other,3,2;3;4,0,3.0503824427723885,2.765617936849594,3.0313280522823334,2,3,3,2
tudor_city_place/north_to_south/002_n00761_S_R.jpg,vertical_hardscape,other,3,3;4;5,0,4.555908862501383,4.308664858341217,4.391650572419167,5,5,5,2
tudor_city_place/north_to_south/002_n00761_S_R.jpg,green_softening,other,4,3;4;5;6,0,4.527995280455798,4.511905819177628,4.836985561996698,5,5,5,2
east_39th_street/west_to_east/003_n00504_E_L.jpg,vertical_greenery,mid_block,3,2;3;4,0,2.861093781888485,2.917800545692444,2.4905445873737335,3,2,2,3
east_39th_street/west_to_east/003_n00504_E_L.jpg,sky_openness,mid_block,3,1;2;3,0,2.6928892880678177,1.8947566747665405,1.9168830513954163,2,1,1,2
east_39th_street/west_to_east/003_n00504_E_L.jpg,vertical_hardscape,mid_block,3,5;6;7,0,5.154389941133559,5.74619559943676,6.8024703077971935,5,7,7,2
east_39th_street/west_to_east/003_n00504_E_L.jpg,green_softening,mid_block,3,2;3;5,1,3.4872375447303057,3.16268353164196,2.8820548355579376,3,3,2,3
madison_avenue/south_to_north/014_n00736_N_L.jpg,vertical_greenery,avenue_canyon,3,1;2;3,0,2.41717816516757,1.8552034497261047,1.2897565364837646,1,1,1,2
madison_avenue/south_to_north/014_n00736_N_L.jpg,sky_openness,avenue_canyon,2,1;2,0,2.4569363854825497,1.5312093198299408,1.3775407075881958,2,1,1,2
madison_avenue/south_to_north/014_n00736_N_L.jpg,vertical_hardscape,avenue_canyon,2,5;6,0,4.929101797286421,5.245085179805756,5.531209707260132,5,6,6,2
madison_avenue/south_to_north/014_n00736_N_L.jpg,green_softening,avenue_canyon,3,2;3;5,1,3.8322389125823975,3.53460693359375,2.7240777760744095,3,2,2,3
Park_Ave_Tunnel_Segment/west_to_east/003_n00156_E_R.jpg,vertical_greenery,avenue_canyon,2,3;4,0,3.5362353045493364,3.4073336124420166,3.3775407671928406,3,3,3,2
Park_Ave_Tunnel_Segment/west_to_east/003_n00156_E_R.jpg,sky_openness,avenue_canyon,3,1;2;3,0,2.9079150687903166,2.1052431017160416,2.075962632894516,2,2,2,3
Park_Ave_Tunnel_Segment/west_to_east/003_n00156_E_R.jpg,vertical_hardscape,avenue_canyon,3,3;4;5,0,4.638413450680673,4.343497768044472,4.349706843495369,5,5,5,2
Park_Ave_Tunnel_Segment/west_to_east/003_n00156_E_R.jpg,green_softening,avenue_canyon,4,3;4;5;6,0,4.6682778666727245,4.590331166982651,4.874737221747637,5,5,5,2
Park_Ave_Tunnel_Segment/west_to_east/030_n00161_E_R.jpg,vertical_greenery,avenue_canyon,3,1;2;3,0,2.264523503370583,2.0389645397663116,1.4271713197231293,2,1,1,2
Park_Ave_Tunnel_Segment/west_to_east/030_n00161_E_R.jpg,sky_openness,avenue_canyon,3,2;3;4,0,3.295086905360222,2.9203975200653076,3.0645362436771393,2,3,3,2
Park_Ave_Tunnel_Segment/west_to_east/030_n00161_E_R.jpg,vertical_hardscape,avenue_canyon,3,4;5;6,0,4.6553389532491565,4.935464113950729,5.3297021090984344,5,5,5,3
Park_Ave_Tunnel_Segment/west_to_east/030_n00161_E_R.jpg,green_softening,avenue_canyon,4,2;3;4;5,0,3.746718317270279,3.460682764649391,2.9555706456303596,3,3,2,3
1st_avenue/south_to_north/023_n00022_N_R.jpg,vertical_greenery,avenue_secondary,1,1,0,1.4939864315092564,1.0,1.0,1,1,1,1
1st_avenue/south_to_north/023_n00022_N_R.jpg,sky_openness,avenue_secondary,4,4;5;6;7,0,5.268223599996418,5.58062070608139,6.094740018248558,6,6,7,3
1st_avenue/south_to_north/023_n00022_N_R.jpg,vertical_hardscape,avenue_secondary,3,3;4;5,0,4.460172697901726,4.231486648321152,4.326735273003578,5,5,5,2
1st_avenue/south_to_north/023_n00022_N_R.jpg,green_softening,avenue_secondary,4,2;3;4;5,0,3.6590183451771736,3.392197772860527,3.114492405205965,3,3,3,2
1st_avenue/south_to_north/027_n00026_N_R.jpg,vertical_greenery,avenue_secondary,3,1;2;3,0,2.020519472658634,1.5811264365911484,1.3108969032764435,1,1,1,2
1st_avenue/south_to_north/027_n00026_N_R.jpg,sky_openness,avenue_secondary,4,4;5;6;7,0,5.207365170586854,5.5454680025577545,6.105386361479759,6,6,7,3
1st_avenue/south_to_north/027_n00026_N_R.jpg,vertical_hardscape,avenue_secondary,3,3;4;5,0,4.479104017838836,4.238068252801895,4.5263452231884,5,5,5,2
1st_avenue/south_to_north/027_n00026_N_R.jpg,green_softening,avenue_secondary,3,2;3;5,1,3.7277820706367493,3.3529116809368134,2.7685046046972275,3,2,2,3
Tunnel_Exit_Street/north_to_south/006_n00261_S_L.jpg,vertical_greenery,other,3,3;4;5,0,3.7415890395641327,3.856380835175514,4.128521084785461,4,4,4,2
Tunnel_Exit_Street/north_to_south/006_n00261_S_L.jpg,sky_openness,other,2,1;2,0,2.3366791252046824,1.5926666557788849,1.407333493232727,2,1,1,2
Tunnel_Exit_Street/north_to_south/006_n00261_S_L.jpg,vertical_hardscape,other,3,5;6;7,0,5.44432280305773,5.916882753372192,6.565800003707409,5,7,7,2
Tunnel_Exit_Street/north_to_south/006_n00261_S_L.jpg,green_softening,other,3,3;4;5,0,4.691333970054984,4.453586012125015,4.215906322002411,5,4,5,3
1st_avenue/south_to_north/018_n00017_N_L.jpg,vertical_greenery,avenue_secondary,1,1,0,1.6156407902017236,1.0,1.0,1,1,1,1
1st_avenue/south_to_north/018_n00017_N_L.jpg,sky_openness,avenue_secondary,3,2;3;4,0,3.1498643457889557,2.7908985316753387,3.2527443170547485,2,3,3,3
1st_avenue/south_to_north/018_n00017_N_L.jpg,vertical_hardscape,avenue_secondary,3,5;6;7,0,5.167723713442683,5.904411107301712,6.442846894264221,5,7,7,2
1st_avenue/south_to_north/018_n00017_N_L.jpg,green_softening,avenue_secondary,3,1;2;3,0,2.9129293709993362,2.1052432507276535,1.8097791820764542,2,2,2,2
tudor_city_place/north_to_south/009_n00757_S_L.jpg,vertical_greenery,other,3,3;4;5,0,4.056064859032631,3.9315976351499557,4.031328082084656,4,4,4,2
tudor_city_place/north_to_south/009_n00757_S_L.jpg,sky_openness,other,3,2;3;4,0,3.4088851548731327,2.9203976690769196,3.215906262397766,2,3,3,3
tudor_city_place/north_to_south/009_n00757_S_L.jpg,vertical_hardscape,other,4,3;4;5;6,0,4.780725357122719,4.614400193095207,4.749264180660248,5,5,5,2
tudor_city_place/north_to_south/009_n00757_S_L.jpg,green_softening,other,4,3;4;5;6,0,4.647568725282326,4.629552483558655,4.80233746021986,5,5,5,2
madison_avenue/south_to_north/017_n00739_N_L.jpg,vertical_greenery,avenue_canyon,3,1;2;3,0,2.2274098452180624,1.6358247101306915,1.261190414428711,1,1,1,2
madison_avenue/south_to_north/017_n00739_N_L.jpg,sky_openness,avenue_canyon,3,1;2;3,0,2.8270572666078806,1.9647928476333618,2.0371078550815582,2,2,2,2
madison_avenue/south_to_north/017_n00739_N_L.jpg,vertical_hardscape,avenue_canyon,3,5;6;7,0,6.087768305325881,6.409474045038223,6.897959735244513,7,7,7,2
madison_avenue/south_to_north/017_n00739_N_L.jpg,green_softening,avenue_canyon,3,2;3;5,1,3.567992467433214,3.2894362211227417,2.5400154814124107,3,2,2,2
Park_Ave_East/north_to_south/029_n00123_S_R.jpg,vertical_greenery,avenue_canyon,3,3;4;5,0,3.8231450747698545,3.7759386748075485,3.7094846814870834,3,3,3,3
Park_Ave_East/north_to_south/029_n00123_S_R.jpg,sky_openness,avenue_canyon,3,2;3;4,0,3.2085137274116278,2.835046172142029,3.203052818775177,2,3,3,3
Park_Ave_East/north_to_south/029_n00123_S_R.jpg,vertical_hardscape,avenue_canyon,1,5,0,4.9964624885469675,5.0,5.0,5,5,5,1
Park_Ave_East/north_to_south/029_n00123_S_R.jpg,green_softening,avenue_canyon,4,3;4;5;6,0,4.8209369806572795,4.680958092212677,4.895834030583501,5,5,5,2
east_38th_street/west_to_east/021_n00475_E_R.jpg,vertical_greenery,mid_block,3,2;3;4,0,3.293927641119808,3.093737930059433,2.6418492794036865,3,3,3,3
east_38th_street/west_to_east/021_n00475_E_R.jpg,sky_openness,mid_block,3,2;3;4,0,3.1598160937428474,2.790898382663727,3.136122465133667,2,3,3,3
east_38th_street/west_to_east/021_n00475_E_R.jpg,vertical_hardscape,mid_block,2,4;5,0,4.6224231319502,4.679178833961487,4.592666864395142,5,5,5,2
east_38th_street/west_to_east/021_n00475_E_R.jpg,green_softening,mid_block,3,3;4;5,0,4.344589007087052,4.194460213184357,4.0000001192092896,5,4,4,2
Park_Ave_Tunnel_Segment/west_to_east/052_n00202_E_L.jpg,vertical_greenery,avenue_canyon,2,3;4,0,3.439552288269624,3.4378235936164856,3.3208214044570923,3,3,3,2
Park_Ave_Tunnel_Segment/west_to_east/052_n00202_E_L.jpg,sky_openness,avenue_canyon,4,3;4;5;6,0,4.416213996708393,4.54671274125576,4.903011456131935,4,5,6,4
Park_Ave_Tunnel_Segment/west_to_east/052_n00202_E_L.jpg,vertical_hardscape,avenue_canyon,3,5;6;7,0,5.131293334066868,5.901740193367004,6.576176390051842,5,7,7,2
Park_Ave_Tunnel_Segment/west_to_east/052_n00202_E_L.jpg,green_softening,avenue_canyon,3,3;4;5,0,4.064648570492864,3.9542753100395203,3.6901391744613647,3,4,3,3
Tunnel_Exit_Street/south_to_north/001_n00246_N_L.jpg,vertical_greenery,other,3,1;3;4,1,3.190742164850235,2.757104843854904,2.3161154985427856,3,1,1,2
Tunnel_Exit_Street/south_to_north/001_n00246_N_L.jpg,sky_openness,other,3,1;2;3,0,2.7341881189495325,2.093737944960594,2.031328022480011,2,2,2,2
Tunnel_Exit_Street/south_to_north/001_n00246_N_L.jpg,vertical_hardscape,other,4,3;4;5;6,0,4.537878845818341,4.568489417433739,4.85797043889761,5,5,5,2
Tunnel_Exit_Street/south_to_north/001_n00246_N_L.jpg,green_softening,other,3,2;3;5,1,3.4301687702536583,3.1724296510219574,2.7240777760744095,3,2,2,3
east_38th_street/east_to_west/008_n00494_W_L.jpg,vertical_greenery,mid_block,3,2;3;4,0,3.1531675113365054,3.0274451673030853,2.832184284925461,3,3,3,2
east_38th_street/east_to_west/008_n00494_W_L.jpg,sky_openness,mid_block,3,1;2;3,0,2.887326657772064,2.0645361989736557,2.064536228775978,2,2,2,2
east_38th_street/east_to_west/008_n00494_W_L.jpg,vertical_hardscape,mid_block,3,4;5;6,0,4.922830292023718,4.999999701976776,5.365553230047226,5,5,5,3
east_38th_street/east_to_west/008_n00494_W_L.jpg,green_softening,mid_block,3,3;4;5,0,4.2090719332918525,4.098259508609772,3.757038079202175,5,4,3,3
1st_avenue/north_to_south/032_n00014_S_L.jpg,vertical_greenery,avenue_secondary,2,2;3,0,2.7457728390581906,2.592666447162628,2.407333552837372,3,2,2,2
1st_avenue/north_to_south/032_n00014_S_L.jpg,sky_openness,avenue_secondary,3,1;2;3,0,3.0181440860033035,2.0606516897678375,2.072220504283905,2,2,2,2
1st_avenue/north_to_south/032_n00014_S_L.jpg,vertical_hardscape,avenue_secondary,2,4;5,0,4.717028263956308,4.679178833961487,4.679178833961487,5,5,5,2
1st_avenue/north_to_south/032_n00014_S_L.jpg,green_softening,avenue_secondary,3,3;4;5,0,3.99043888412416,4.04989817738533,3.747255891561508,5,4,3,3
east_36th_street/east_to_west/009_n00399_W_R.jpg,vertical_greenery,mid_block,3,1;2;3,0,2.347645732574165,2.0000000596046448,1.350972756743431,1,1,1,2
east_36th_street/east_to_west/009_n00399_W_R.jpg,sky_openness,mid_block,3,4;5;6,0,4.800467647146434,5.040764212608337,5.447569355368614,5,5,6,3
east_36th_street/east_to_west/009_n00399_W_R.jpg,vertical_hardscape,mid_block,4,3;4;5;6,0,4.683910891413689,4.593054726719856,4.849276892840862,5,5,5,2
east_36th_street/east_to_west/009_n00399_W_R.jpg,green_softening,mid_block,4,2;3;4;5,0,3.4760789945721626,3.2862907350063324,2.8825791627168655,3,3,2,3
east_41st_street/east_to_west/042_n00599_W_L.jpg,vertical_greenery,mid_block,2,3;4,0,3.473975943401456,3.5,3.3208214044570923,3,3,3,2
east_41st_street/east_to_west/042_n00599_W_L.jpg,sky_openness,mid_block,2,1;2,0,2.3022915199398994,1.5312093198299408,1.3775407075881958,2,1,1,2
east_41st_street/east_to_west/042_n00599_W_L.jpg,vertical_hardscape,mid_block,3,5;6;7,0,5.638235149206594,6.0472084283828735,6.717683553695679,7,7,7,2
east_41st_street/east_to_west/042_n00599_W_L.jpg,green_softening,mid_block,3,2;3;5,1,3.65845550224185,3.304504245519638,2.857313334941864,3,3,2,3
3rd_avenue/north_to_south/034_n00080_S_L.jpg,vertical_greenery,avenue_secondary,3,1;2;3,0,2.1508602295070887,1.7371856272220612,1.289215326309204,1,1,1,2
3rd_avenue/north_to_south/034_n00080_S_L.jpg,sky_openness,avenue_secondary,4,2;3;4;5,0,3.6889808177948,3.3850592225790024,3.7478187829256058,2,4,5,4
3rd_avenue/north_to_south/034_n00080_S_L.jpg,vertical_hardscape,avenue_secondary,3,5;6;7,0,5.932344801258296,6.3541803658008575,6.892500082030892,7,7,7,2
3rd_avenue/north_to_south/034_n00080_S_L.jpg,green_softening,avenue_secondary,3,2;3;5,1,3.6495176889002323,3.304504543542862,2.665850520133972,3,2,2,3
east_35th_street/west_to_east/040_n00353_E_R.jpg,vertical_greenery,mid_block,3,2;3;4,0,3.335773912258446,3.0937376022338867,2.7738347351551056,3,3,3,2
east_35th_street/west_to_east/040_n00353_E_R.jpg,sky_openness,mid_block,3,1;2;3,0,2.56369449198246,1.900482952594757,1.927779495716095,2,2,2,2
east_35th_street/west_to_east/040_n00353_E_R.jpg,vertical_hardscape,mid_block,4,3;4;5;6,0,4.613294707611203,4.631828591227531,4.837825678288937,5,5,5,2
east_35th_street/west_to_east/040_n00353_E_R.jpg,green_softening,mid_block,3,3;4;5,0,4.363834537565708,4.144796669483185,4.099517181515694,5,4,4,2
2nd_avenue/south_to_north/021_n00066_N_R.jpg,vertical_greenery,avenue_secondary,4,1;2;3;4,0,2.9031783593818545,2.580620512366295,1.7220775783061981,3,1,1,2
2nd_avenue/south_to_north/021_n00066_N_R.jpg,sky_openness,avenue_secondary,3,2;3;4,0,3.4456407949328423,2.913512945175171,3.2025063931941986,2,3,3,3
2nd_avenue/south_to_north/021_n00066_N_R.jpg,vertical_hardscape,avenue_secondary,3,4;5;6,0,4.934178373776376,5.060651242733002,5.43818661570549,5,6,6,3
2nd_avenue/south_to_north/021_n00066_N_R.jpg,green_softening,avenue_secondary,3,2;3;5,1,3.515552867203951,3.1820546984672546,2.873834513127804,3,3,2,3
east_36th_street/east_to_west/025_n00383_W_R.jpg,vertical_greenery,mid_block,2,1;2,0,1.8346405168995261,1.2227000892162323,1.1192029416561127,1,1,1,2
east_36th_street/east_to_west/025_n00383_W_R.jpg,sky_openness,mid_block,3,1;2;3,0,2.4419225733727217,1.8791276663541794,2.0000001192092896,2,2,2,2
east_36th_street/east_to_west/025_n00383_W_R.jpg,vertical_hardscape,mid_block,3,4;5;6,0,4.904276728164405,5.0606518387794495,5.386210054159164,5,6,6,3
east_36th_street/east_to_west/025_n00383_W_R.jpg,green_softening,mid_block,3,2;3;5,1,3.829318817704916,3.488488733768463,2.8655661791563034,3,3,2,3
Tunnel_Exit_Street/south_to_north/017_n00262_N_R.jpg,vertical_greenery,other,1,1,0,1.6583004714921117,1.0,1.0,1,1,1,1
Tunnel_Exit_Street/south_to_north/017_n00262_N_R.jpg,sky_openness,other,3,1;2;3,0,2.8696171566843987,1.9667246490716934,2.0389644503593445,2,2,2,2
Tunnel_Exit_Street/south_to_north/017_n00262_N_R.jpg,vertical_hardscape,other,3,5;6;7,0,5.908273795852438,6.286718785762787,6.919091636314988,7,7,7,2
Tunnel_Exit_Street/south_to_north/017_n00262_N_R.jpg,green_softening,other,3,2;3;5,1,3.66377379745245,3.3987162709236145,2.606059715151787,3,2,2,3
madison_avenue/south_to_north/028_n00750_N_L.jpg,vertical_greenery,avenue_canyon,2,3;4,0,3.553833250887692,3.4378235936164856,3.294214963912964,3,3,3,2
madison_avenue/south_to_north/028_n00750_N_L.jpg,sky_openness,avenue_canyon,2,1;2,0,2.500283734872937,1.5621765851974487,1.4378235340118408,2,1,1,2
madison_avenue/south_to_north/028_n00750_N_L.jpg,vertical_hardscape,avenue_canyon,3,5;6;7,0,6.088088602293283,6.419169217348099,6.849062405526638,7,7,7,2
madison_avenue/south_to_north/028_n00750_N_L.jpg,green_softening,avenue_canyon,2,2;3,0,3.2929766587913036,2.4687908589839935,2.377540737390518,2,2,2,2
lexington_avenue/north_to_south/007_n00716_S_L.jpg,vertical_greenery,avenue_canyon,2,3;4,0,3.428995793685317,3.4378235936164856,3.2227002382278442,3,3,3,2
lexington_avenue/north_to_south/007_n00716_S_L.jpg,sky_openness,avenue_canyon,2,1;2,0,2.4440247174352407,1.6224592626094818,1.4687907099723816,2,1,1,2
lexington_avenue/north_to_south/007_n00716_S_L.jpg,vertical_hardscape,avenue_canyon,3,5;6;7,0,5.1621644084807485,5.691335529088974,6.6733769327402115,5,7,7,2
lexington_avenue/north_to_south/007_n00716_S_L.jpg,green_softening,avenue_canyon,3,2;3;5,1,3.9021436870098114,3.559844821691513,3.022149369120598,5,3,3,2
madison_avenue/north_to_south/011_n00746_S_L.jpg,vertical_greenery,avenue_canyon,3,1;2;3,0,2.3938435316085815,1.7286858558654785,1.2671212181448936,1,1,1,2
madison_avenue/north_to_south/011_n00746_S_L.jpg,sky_openness,avenue_canyon,3,1;2;3,0,2.617495996877551,1.9706206321716309,2.0995171517133713,2,2,2,2
madison_avenue/north_to_south/011_n00746_S_L.jpg,vertical_hardscape,avenue_canyon,3,5;6;7,0,5.495831463020295,6.0,6.77996888384223,5,7,7,2
madison_avenue/north_to_south/011_n00746_S_L.jpg,green_softening,avenue_canyon,3,2;3;5,1,3.8442110419273376,3.488488793373108,2.833276405930519,3,2,2,3
Park_Ave_West/north_to_south/004_n00242_S_R.jpg,vertical_greenery,avenue_canyon,2,1;2,0,1.764375688508153,1.2018132209777832,1.0850990414619446,1,1,1,2
Park_Ave_West/north_to_south/004_n00242_S_R.jpg,sky_openness,avenue_canyon,3,1;2;3,0,2.892718158662319,1.9999998807907104,2.1108731627464294,2,2,2,3
Park_Ave_West/north_to_south/004_n00242_S_R.jpg,vertical_hardscape,avenue_canyon,1,7,0,6.294857484288514,7.0,7.0,7,7,7,1
Park_Ave_West/north_to_south/004_n00242_S_R.jpg,green_softening,avenue_canyon,2,2;3,0,3.15099511295557,2.468790650367737,2.245085045695305,2,2,2,2
Park_Ave_West/north_to_south/029_n00217_S_L.jpg,vertical_greenery,avenue_canyon,2,5;6,0,5.247610999271274,5.4378233551979065,5.562176674604416,5,6,6,2
Park_Ave_West/north_to_south/029_n00217_S_L.jpg,sky_openness,avenue_canyon,3,1;2;3,0,2.668208796530962,1.9686720967292786,2.155417963862419,2,2,3,3
Park_Ave_West/north_to_south/029_n00217_S_L.jpg,vertical_hardscape,avenue_canyon,3,3;4;5,0,4.333550053648651,4.209101557731628,4.335669785737991,5,5,5,3
Park_Ave_West/north_to_south/029_n00217_S_L.jpg,green_softening,avenue_canyon,3,5;6;7,0,5.367267930065282,5.722863152623177,6.834032570943236,5,7,7,2
east_42nd_street/west_to_east/005_n00645_E_L.jpg,vertical_greenery,mid_block,4,1;2;3;4,0,2.928400184959173,2.5615025013685226,1.7324249893426895,3,1,1,2
east_42nd_street/west_to_east/005_n00645_E_L.jpg,sky_openness,mid_block,3,2;3;4,0,3.4166946820914745,2.913512945175171,3.2747773826122284,2,3,3,3
east_42nd_street/west_to_east/005_n00645_E_L.jpg,vertical_hardscape,mid_block,2,5;6,0,5.08051932323724,5.268941581249237,5.5,5,5,5,2
east_42nd_street/west_to_east/005_n00645_E_L.jpg,green_softening,mid_block,4,2;3;4;5,0,3.823070891201496,3.473935127258301,3.0290359556674957,3,3,3,2
Park_Ave_West/north_to_south/028_n00218_S_L.jpg,vertical_greenery,avenue_canyon,2,3;4,0,3.4039761484600604,3.3775404691696167,3.294214963912964,3,3,3,2
Park_Ave_West/north_to_south/028_n00218_S_L.jpg,sky_openness,avenue_canyon,3,1;2;3,0,2.7921327371150255,1.9999998807907104,2.0684024542570114,2,2,2,2
Park_Ave_West/north_to_south/028_n00218_S_L.jpg,vertical_hardscape,avenue_canyon,1,5,0,4.933000959455967,5.0,5.0,5,5,5,1
Park_Ave_West/north_to_south/028_n00218_S_L.jpg,green_softening,avenue_canyon,3,3;4;5,0,3.9377965591847897,3.9017401337623596,3.757038079202175,3,4,3,3
Tunnel_Exit_Street/north_to_south/019_n00248_S_R.jpg,vertical_greenery,other,3,1;2;3,0,2.822307238355279,2.171534478664398,1.462842345237732,3,1,1,2
Tunnel_Exit_Street/north_to_south/019_n00248_S_R.jpg,sky_openness,other,2,1;2,0,2.1739463973790407,1.5312094390392303,1.3208213448524475,2,1,1,2
Tunnel_Exit_Street/north_to_south/019_n00248_S_R.jpg,vertical_hardscape,other,4,3;4;5;6,0,4.853624334558845,4.765635654330254,4.985881358385086,5,5,6,3
Tunnel_Exit_Street/north_to_south/019_n00248_S_R.jpg,green_softening,other,3,2;3;5,1,3.666580490767956,3.31646391749382,2.949384927749634,3,3,3,2
1st_avenue/north_to_south/028_n00018_S_L.jpg,vertical_greenery,avenue_secondary,3,1;2;3,0,2.1355749554932117,1.7461956143379211,1.3081588968634605,1,1,1,2
1st_avenue/north_to_south/028_n00018_S_L.jpg,sky_openness,avenue_secondary,4,2;3;4;5,0,3.806147113442421,3.476552426815033,3.8000265657901764,4,4,5,4
1st_avenue/north_to_south/028_n00018_S_L.jpg,vertical_hardscape,avenue_secondary,4,3;4;5;6,0,4.647946210578084,4.5734893232584,4.843088775873184,5,5,5,2
1st_avenue/north_to_south/028_n00018_S_L.jpg,green_softening,avenue_secondary,4,2;3;4;5,0,3.6641989424824715,3.437823459506035,2.896093398332596,3,3,2,3
tudor_city_place/south_to_north/009_n00764_N_R.jpg,vertical_greenery,other,3,3;4;5,0,3.8913232847116888,3.900482937693596,3.664330691099167,4,3,3,3
tudor_city_place/south_to_north/009_n00764_N_R.jpg,sky_openness,other,3,1;2;3,0,2.432860441505909,1.900482952594757,1.966724544763565,2,2,2,2
tudor_city_place/south_to_north/009_n00764_N_R.jpg,vertical_hardscape,other,3,4;5;6,0,4.947406152263284,5.0,5.294875204563141,5,5,5,3
tudor_city_place/south_to_north/009_n00764_N_R.jpg,green_softening,other,3,3;4;5,0,4.288750119507313,4.0955890417099,3.8634530305862427,5,4,4,2
3rd_avenue/south_to_north/017_n00096_N_R.jpg,vertical_greenery,avenue_secondary,3,1;2;3,0,2.541135275736451,2.1922187209129333,1.6230947077274323,3,1,1,2
3rd_avenue/south_to_north/017_n00096_N_R.jpg,sky_openness,avenue_secondary,3,1;2;3,0,2.831463096663356,1.966724544763565,1.9628920257091522,2,2,2,2
3rd_avenue/south_to_north/017_n00096_N_R.jpg,vertical_hardscape,avenue_secondary,3,4;5;6,0,4.77328106854111,5.0274452567100525,5.25888466835022,5,5,5,3
3rd_avenue/south_to_north/017_n00096_N_R.jpg,green_softening,avenue_secondary,3,2;3;5,1,3.6530597396194935,3.3348334431648254,2.81744784116745,3,3,2,3
Park_Ave_East/north_to_south/013_n00139_S_R.jpg,vertical_greenery,avenue_canyon,2,3;4,0,3.3240186939947307,3.3486451506614685,3.3208214044570923,3,3,3,2
Park_Ave_East/north_to_south/013_n00139_S_R.jpg,sky_openness,avenue_canyon,3,1;2;3,0,2.910660032182932,1.966724544763565,2.0389644503593445,2,2,2,2
Park_Ave_East/north_to_south/013_n00139_S_R.jpg,vertical_hardscape,avenue_canyon,3,5;6;7,0,6.111110625322908,6.40947362780571,6.90423453040421,7,7,7,2
Park_Ave_East/north_to_south/013_n00139_S_R.jpg,green_softening,avenue_canyon,3,3;4;5,0,4.144166976213455,4.048600018024445,3.724074423313141,5,4,3,3
1st_avenue/south_to_north/009_n00008_N_R.jpg,vertical_greenery,avenue_secondary,2,2;3,0,2.833419087808579,2.6791785955429077,2.407333552837372,3,2,2,2
1st_avenue/south_to_north/009_n00008_N_R.jpg,sky_openness,avenue_secondary,3,2;3;4,0,3.2389511447399855,2.8731956779956818,3.1648426949977875,2,3,3,3
1st_avenue/south_to_north/009_n00008_N_R.jpg,vertical_hardscape,avenue_secondary,3,5;6;7,0,5.44734287308529,5.859300911426544,6.809091206640005,5,7,7,2
1st_avenue/south_to_north/009_n00008_N_R.jpg,green_softening,avenue_secondary,4,2;3;4;5,0,3.620917323976755,3.431663542985916,2.9914253186434507,3,3,3,2
tudor_city_place/south_to_north/008_n00761_N_R.jpg,vertical_greenery,other,3,1;2;3,0,2.521439941599965,2.0896962583065033,1.5464140474796295,3,1,1,2
tudor_city_place/south_to_north/008_n00761_N_R.jpg,sky_openness,other,3,1;2;3,0,2.7450200337916613,2.0293793976306915,1.9628920257091522,2,2,2,2
tudor_city_place/south_to_north/008_n00761_N_R.jpg,vertical_hardscape,other,3,5;6;7,0,5.168340073898435,5.761931955814362,6.738377384841442,5,7,7,2
tudor_city_place/south_to_north/008_n00761_N_R.jpg,green_softening,other,3,2;3;5,1,3.4940619356930256,3.162683755159378,2.7509189769625664,3,2,2,3
Park_Ave_West/south_to_north/018_n00226_N_L.jpg,vertical_greenery,avenue_canyon,3,3;4;5,0,4.130716903368011,4.0567788034677505,4.082199513912201,4,4,4,2
Park_Ave_West/south_to_north/018_n00226_N_L.jpg,sky_openness,avenue_canyon,3,1;2;3,0,2.7776737939566374,2.0684023946523666,2.0995171517133713,2,2,2,2
Park_Ave_West/south_to_north/018_n00226_N_L.jpg,vertical_hardscape,avenue_canyon,2,4;5,0,4.8924649900291115,4.7549150586128235,4.705785036087036,5,5,5,2
Park_Ave_West/south_to_north/018_n00226_N_L.jpg,green_softening,avenue_canyon,2,5;6,0,4.964447767008096,5.320821642875671,5.43782365322113,5,5,5,2
east_39th_street/east_to_west/030_n00519_W_L.jpg,vertical_greenery,mid_block,3,1;2;3,0,2.667326317168772,2.0896963477134705,1.405237153172493,3,1,1,2
east_39th_street/east_to_west/030_n00519_W_L.jpg,sky_openness,mid_block,3,1;2;3,0,2.7435267455875874,1.8638776987791061,2.0684024542570114,2,2,2,2
east_39th_street/east_to_west/030_n00519_W_L.jpg,vertical_hardscape,mid_block,3,4;5;6,0,4.821308073587716,5.0,5.331652849912643,5,5,5,3
east_39th_street/east_to_west/030_n00519_W_L.jpg,green_softening,mid_block,3,2;3;5,1,3.771457254886627,3.3529116809368134,2.665850520133972,3,2,2,3
madison_avenue/south_to_north/029_n00751_N_R.jpg,vertical_greenery,avenue_canyon,3,2;3;4,0,3.2850532736629248,3.0879506170749664,2.7569199204444885,3,3,3,3
madison_avenue/south_to_north/029_n00751_N_R.jpg,sky_openness,avenue_canyon,3,1;2;3,0,2.598448673263192,1.8638775497674942,1.9628920257091522,2,2,2,2
madison_avenue/south_to_north/029_n00751_N_R.jpg,vertical_hardscape,avenue_canyon,1,7,0,6.522867746301927,7.0,7.0,7,7,7,1
madison_avenue/south_to_north/029_n00751_N_R.jpg,green_softening,avenue_canyon,4,2;3;4;5,0,3.7688665725290775,3.5222517549991608,3.152079127728939,3,3,3,2
Park_Ave_West/south_to_north/034_n00242_N_L.jpg,vertical_greenery,avenue_canyon,1,1,0,1.7350132688879967,1.0,1.0,1,1,1,1
Park_Ave_West/south_to_north/034_n00242_N_L.jpg,sky_openness,avenue_canyon,3,1;2;3,0,2.7016283236443996,1.9004828184843063,2.0000000596046448,2,1,1,2
Park_Ave_West/south_to_north/034_n00242_N_L.jpg,vertical_hardscape,avenue_canyon,1,7,0,6.542956760036759,7.0,7.0,7,7,7,1
Park_Ave_West/south_to_north/034_n00242_N_L.jpg,green_softening,avenue_canyon,3,2;3;5,1,3.6186125054955482,3.265392929315567,2.7235497534275055,2,2,2,2
3rd_avenue/south_to_north/003_n00082_N_L.jpg,vertical_greenery,avenue_secondary,3,2;3;4,0,3.187597405631095,3.082199513912201,2.803772211074829,3,3,3,2
3rd_avenue/south_to_north/003_n00082_N_L.jpg,sky_openness,avenue_secondary,3,2;3;4,0,3.3049240857362747,2.8350463807582855,3.238364726305008,2,3,3,3
3rd_avenue/south_to_north/003_n00082_N_L.jpg,vertical_hardscape,avenue_secondary,3,4;5;6,0,4.810068728867918,5.029379427433014,5.277567356824875,5,5,5,3
3rd_avenue/south_to_north/003_n00082_N_L.jpg,green_softening,avenue_secondary,3,3;4;5,0,4.187957325950265,4.0982599556446075,3.796947181224823,5,4,3,3
lexington_avenue/north_to_south/014_n00709_S_R.jpg,vertical_greenery,avenue_canyon,3,1;2;3,0,2.686927365604788,2.2343820482492447,1.6678541600704193,3,1,1,2
lexington_avenue/north_to_south/014_n00709_S_R.jpg,sky_openness,avenue_canyon,4,2;3;4;5,0,3.8776871897280216,3.491781547665596,3.937210902571678,4,4,5,3
lexington_avenue/north_to_south/014_n00709_S_R.jpg,vertical_hardscape,avenue_canyon,3,5;6;7,0,5.272426802897826,5.612206771969795,6.730906389653683,5,7,7,2
lexington_avenue/north_to_south/014_n00709_S_R.jpg,green_softening,avenue_canyon,3,3;4;5,0,4.141840739175677,4.048600196838379,3.6879538893699646,5,3,3,3
tudor_city_place/north_to_south/003_n00762_S_R.jpg,vertical_greenery,other,3,3;4;5,0,3.853650855831802,3.8563813865184784,3.7991678714752197,4,3,3,3
tudor_city_place/north_to_south/003_n00762_S_R.jpg,sky_openness,other,3,2;3;4,0,3.037075813859701,2.775938719511032,3.093737930059433,2,3,3,2
tudor_city_place/north_to_south/003_n00762_S_R.jpg,vertical_hardscape,other,3,3;4;5,0,4.451160996221006,4.253804430365562,4.234382271766663,5,5,5,3
tudor_city_place/north_to_south/003_n00762_S_R.jpg,green_softening,other,4,3;4;5;6,0,4.439508488401771,4.4796247482299805,4.757418539375067,5,5,5,2
Tunnel_Exit_Street/south_to_north/010_n00255_N_R.jpg,vertical_greenery,other,3,3;4;5,0,4.040953740477562,3.966724321246147,4.0645362585783005,4,4,4,2
Tunnel_Exit_Street/south_to_north/010_n00255_N_R.jpg,sky_openness,other,3,1;2;3,0,2.6385666094720364,1.9315975457429886,1.9999998807907104,2,2,2,2
Tunnel_Exit_Street/south_to_north/010_n00255_N_R.jpg,vertical_hardscape,other,4,3;4;5;6,0,4.645131801255047,4.646301060914993,4.946231499314308,5,5,6,3
Tunnel_Exit_Street/south_to_north/010_n00255_N_R.jpg,green_softening,other,2,5;6,0,4.758495067013428,5.2450850903987885,5.5,5,5,5,2
Tunnel_Exit_Street/north_to_south/003_n00264_S_L.jpg,vertical_greenery,other,1,1,0,1.5786690060049295,1.0,1.0,1,1,1,1
Tunnel_Exit_Street/north_to_south/003_n00264_S_L.jpg,sky_openness,other,2,1;2,0,2.6416649650782347,1.6224592924118042,1.407333493232727,2,1,1,2
Tunnel_Exit_Street/north_to_south/003_n00264_S_L.jpg,vertical_hardscape,other,1,7,0,6.380190894240513,7.0,7.0,7,7,7,1
Tunnel_Exit_Street/north_to_south/003_n00264_S_L.jpg,green_softening,other,3,2;3;5,1,3.3404827415943146,3.1914873719215393,2.6782843619585037,3,2,2,3
Tunnel_Exit_Street/north_to_south/017_n00250_S_L.jpg,vertical_greenery,other,3,2;3;4,0,3.1130677331238985,2.9725549519062042,2.6344466507434845,3,2,2,3
Tunnel_Exit_Street/north_to_south/017_n00250_S_L.jpg,sky_openness,other,3,1;2;3,0,2.4706258196383715,1.9647929966449738,1.964792937040329,2,2,2,2
Tunnel_Exit_Street/north_to_south/017_n00250_S_L.jpg,vertical_hardscape,other,3,4;5;6,0,4.683088757563382,4.912049770355225,5.25888466835022,5,5,5,3
Tunnel_Exit_Street/north_to_south/017_n00250_S_L.jpg,green_softening,other,2,3;5,1,3.9969749189913273,3.9375813007354736,3.3648511469364166,3,3,3,2
tudor_city_place/north_to_south/004_n00763_S_L.jpg,vertical_greenery,other,3,3;4;5,0,3.815404472872615,3.8351572304964066,3.889127016067505,4,4,3,3
tudor_city_place/north_to_south/004_n00763_S_L.jpg,sky_openness,other,3,1;2;3,0,2.9216743502765894,2.1052431613206863,2.072220504283905,2,2,2,2
tudor_city_place/north_to_south/004_n00763_S_L.jpg,vertical_hardscape,other,3,4;5;6,0,4.910132340155542,5.000000298023224,5.25888466835022,5,5,5,3
tudor_city_place/north_to_south/004_n00763_S_L.jpg,green_softening,other,3,3;5;6,1,4.748803156428039,4.821320757269859,5.008436568081379,5,5,5,2
madison_avenue/north_to_south/005_n00752_S_R.jpg,vertical_greenery,avenue_canyon,3,1;2;3,0,2.3964172434061766,1.822205901145935,1.3774334341287613,1,1,1,2
madison_avenue/north_to_south/005_n00752_S_R.jpg,sky_openness,avenue_canyon,2,1;2,0,2.4991459492594004,1.5312092900276184,1.5,2,1,1,2
madison_avenue/north_to_south/005_n00752_S_R.jpg,vertical_hardscape,avenue_canyon,3,5;6;7,0,5.461031539947726,5.847842127084732,6.738377384841442,5,7,7,2
madison_avenue/north_to_south/005_n00752_S_R.jpg,green_softening,avenue_canyon,3,2;3;5,1,3.3510550893843174,3.1328087747097015,2.7566889375448227,3,2,2,3
Park_Ave_West/south_to_north/011_n00219_N_L.jpg,vertical_greenery,avenue_canyon,3,1;2;3,0,2.47815281432122,1.9135130047798157,1.4140973538160324,1,1,1,2
Park_Ave_West/south_to_north/011_n00219_N_L.jpg,sky_openness,avenue_canyon,3,1;2;3,0,2.5863816626369953,1.8714790493249893,2.0000001192092896,2,2,2,2
Park_Ave_West/south_to_north/011_n00219_N_L.jpg,vertical_hardscape,avenue_canyon,3,4;5;6,0,4.936117036966607,5.000000149011612,5.439859449863434,5,6,6,3
Park_Ave_West/south_to_north/011_n00219_N_L.jpg,green_softening,avenue_canyon,3,3;4;5,0,4.10828347876668,4.098260045051575,3.7713191360235214,5,4,3,3
1st_avenue/north_to_south/007_n00039_S_L.jpg,vertical_greenery,avenue_secondary,3,2;3;4,0,3.2462956169620156,3.0313278138637543,2.724074363708496,3,3,3,3
1st_avenue/north_to_south/007_n00039_S_L.jpg,sky_openness,avenue_secondary,3,4;5;6,0,4.75842407066375,5.083117038011551,5.605410285294056,6,6,6,3
1st_avenue/north_to_south/007_n00039_S_L.jpg,vertical_hardscape,avenue_secondary,4,3;4;5;6,0,4.273434713482857,4.417645990848541,4.663796752691269,5,5,5,2
1st_avenue/north_to_south/007_n00039_S_L.jpg,green_softening,avenue_secondary,3,3;4;5,0,4.379040184430778,4.140699088573456,3.7411152869462967,5,4,3,3
Tunnel_Exit_Street/north_to_south/007_n00260_S_L.jpg,vertical_greenery,other,3,3;4;5,0,3.903725853189826,3.8714791536331177,4.128521084785461,4,4,4,2
Tunnel_Exit_Street/north_to_south/007_n00260_S_L.jpg,sky_openness,other,2,1;2,0,2.4902080185711384,1.5621765553951263,1.4378235340118408,2,1,1,2
Tunnel_Exit_Street/north_to_south/007_n00260_S_L.jpg,vertical_hardscape,other,3,5;6;7,0,5.32668621186167,5.952791392803192,6.6709640100598335,5,7,7,2
Tunnel_Exit_Street/north_to_south/007_n00260_S_L.jpg,green_softening,other,3,3;4;5,0,4.650805245153606,4.326735273003578,4.238364726305008,5,4,5,3
east_42nd_street/east_to_west/042_n00647_W_R.jpg,vertical_greenery,mid_block,2,3;4,0,3.443938353098929,3.4378234148025513,3.245085060596466,3,3,3,2
east_42nd_street/east_to_west/042_n00647_W_R.jpg,sky_openness,mid_block,3,1;2;3,0,2.889838268980384,2.0000000596046448,2.075962632894516,2,2,2,3
east_42nd_street/east_to_west/042_n00647_W_R.jpg,vertical_hardscape,mid_block,3,5;6;7,0,5.74115469888784,6.194459915161133,6.865023240447044,7,7,7,2
east_42nd_street/east_to_west/042_n00647_W_R.jpg,green_softening,mid_block,3,3;4;5,0,4.117314122617245,4.049898087978363,3.784093752503395,5,4,3,3
3rd_avenue/south_to_north/019_n00098_N_R.jpg,vertical_greenery,avenue_secondary,3,3;4;5,0,3.7908266386948526,3.8638777434825897,3.8166902512311935,4,3,3,3
3rd_avenue/south_to_north/019_n00098_N_R.jpg,sky_openness,avenue_secondary,3,2;3;4,0,3.1640821807086468,2.7991674840450287,3.1285210251808167,2,3,3,2
3rd_avenue/south_to_north/019_n00098_N_R.jpg,vertical_hardscape,avenue_secondary,3,4;5;6,0,4.971736239735037,5.0,5.209547221660614,5,5,5,2
3rd_avenue/south_to_north/019_n00098_N_R.jpg,green_softening,avenue_secondary,4,3;4;5;6,0,4.7367596856784075,4.67106457054615,4.850193273276091,5,5,5,2
tudor_city_place/south_to_north/007_n00762_N_R.jpg,vertical_greenery,other,3,1;2;3,0,2.2979108449071646,1.92039754986763,1.4208481088280678,1,1,1,2
tudor_city_place/south_to_north/007_n00762_N_R.jpg,sky_openness,other,2,1;2,0,2.277040706947446,1.5312092900276184,1.3775407075881958,2,1,1,2
tudor_city_place/south_to_north/007_n00762_N_R.jpg,vertical_hardscape,other,3,5;6;7,0,5.348119048168883,5.810731589794159,6.730906389653683,5,7,7,2
tudor_city_place/south_to_north/007_n00762_N_R.jpg,green_softening,other,3,2;3;5,1,3.803873211145401,3.419375091791153,2.888406217098236,3,2,2,3
tudor_city_place/south_to_north/004_n00760_N_R.jpg,vertical_greenery,other,2,2;3,0,2.7800910170190036,2.6513548493385315,2.32082137465477,3,2,2,2
tudor_city_place/south_to_north/004_n00760_N_R.jpg,sky_openness,other,3,1;2;3,0,2.6578646767884493,1.8947568535804749,2.035207062959671,2,2,2,2
tudor_city_place/south_to_north/004_n00760_N_R.jpg,vertical_hardscape,other,2,5;6,0,5.06403440143913,5.268941283226013,5.531209707260132,5,6,6,2
tudor_city_place/south_to_north/004_n00760_N_R.jpg,green_softening,other,3,3;4;5,0,4.175936538726091,4.048600107431412,3.808578133583069,5,4,3,3
tudor_city_place/north_to_south/007_n00759_S_R.jpg,vertical_greenery,other,3,3;4;5,0,4.07497484004125,4.0000001192092896,4.0,4,4,4,2
tudor_city_place/north_to_south/007_n00759_S_R.jpg,sky_openness,other,3,1;2;3,0,2.352154988795519,1.863877683877945,1.883633404970169,2,1,1,3
tudor_city_place/north_to_south/007_n00759_S_R.jpg,vertical_hardscape,other,4,3;4;5;6,0,4.5558027643710375,4.568489208817482,4.776547439396381,5,5,5,2
tudor_city_place/north_to_south/007_n00759_S_R.jpg,green_softening,other,4,3;4;5;6,0,4.616771831642836,4.61269374191761,4.831562725827098,5,5,5,2
tudor_city_place/north_to_south/008_n00758_S_L.jpg,vertical_greenery,other,3,3;4;5,0,3.960775057785213,3.900482624769211,4.068402484059334,4,4,4,2
tudor_city_place/north_to_south/008_n00758_S_L.jpg,sky_openness,other,3,1;2;3,0,2.893249563872814,1.9667244106531143,2.0000001192092896,2,2,2,2
tudor_city_place/north_to_south/008_n00758_S_L.jpg,vertical_hardscape,other,3,3;4;5,0,4.667804142460227,4.3086643517017365,4.298720017075539,5,5,5,2
tudor_city_place/north_to_south/008_n00758_S_L.jpg,green_softening,other,3,3;4;5,0,4.015988408587873,3.951399952173233,3.7051251977682114,3,4,3,3
east_34th_street/west_to_east/016_n00282_E_L.jpg,vertical_greenery,mid_block,2,2;3,0,2.723469204735011,2.592666745185852,2.5,3,2,2,2
east_34th_street/west_to_east/016_n00282_E_L.jpg,sky_openness,mid_block,4,1;2;3;4,0,3.0202818624675274,2.422887310385704,2.4819619357585907,2,2,3,3
east_34th_street/west_to_east/016_n00282_E_L.jpg,vertical_hardscape,mid_block,2,5;6,0,5.017507925862446,5.320821166038513,5.468790948390961,5,5,5,2
east_34th_street/west_to_east/016_n00282_E_L.jpg,green_softening,mid_block,3,2;3;5,1,3.6926518082618713,3.3776367008686066,2.779136449098587,3,3,2,3
Park_Ave_Tunnel_Segment/east_to_west/006_n00202_W_R.jpg,vertical_greenery,avenue_canyon,3,2;3;4,0,3.1661315178498626,3.0765291452407837,2.832956075668335,3,3,3,2
Park_Ave_Tunnel_Segment/east_to_west/006_n00202_W_R.jpg,sky_openness,avenue_canyon,3,1;2;3,0,2.5590416938066483,1.8791279047727585,1.959235668182373,2,1,1,3
Park_Ave_Tunnel_Segment/east_to_west/006_n00202_W_R.jpg,vertical_hardscape,avenue_canyon,2,5;6,0,5.011189638637006,5.3775405287742615,5.7310583889484406,5,6,6,2
Park_Ave_Tunnel_Segment/east_to_west/006_n00202_W_R.jpg,green_softening,avenue_canyon,4,2;3;4;5,0,3.6023378558456898,3.418652355670929,3.058967938646674,3,3,3,2
Park_Ave_West/north_to_south/001_n00245_S_R.jpg,vertical_greenery,avenue_canyon,1,1,0,1.516269886866212,1.0,1.0,1,1,1,1
Park_Ave_West/north_to_south/001_n00245_S_R.jpg,sky_openness,avenue_canyon,3,1;2;3,0,3.161248564720154,2.035207152366638,2.0441526770591736,2,3,3,2
Park_Ave_West/north_to_south/001_n00245_S_R.jpg,vertical_hardscape,avenue_canyon,2,5;7,1,5.369810829171911,5.697290301322937,6.462116926908493,5,7,7,2
Park_Ave_West/north_to_south/001_n00245_S_R.jpg,green_softening,avenue_canyon,3,1;2;3,0,3.1777938827872276,2.1108731478452682,1.8351574540138245,2,2,1,3
1st_avenue/north_to_south/026_n00020_S_R.jpg,vertical_greenery,avenue_secondary,1,1,0,1.8379999492317438,1.0,1.0,1,1,1,1
1st_avenue/north_to_south/026_n00020_S_R.jpg,sky_openness,avenue_secondary,2,1;2,0,2.1091863233596087,1.5,1.3208213448524475,1,1,1,2
1st_avenue/north_to_south/026_n00020_S_R.jpg,vertical_hardscape,avenue_secondary,2,5;6,0,5.114800946787,5.562176316976547,5.924141824245453,6,6,6,2
1st_avenue/north_to_south/026_n00020_S_R.jpg,green_softening,avenue_secondary,3,2;3;5,1,3.4935585781931877,3.1914875209331512,2.9834559559822083,3,3,3,2
1st_avenue/south_to_north/006_n00005_N_L.jpg,vertical_greenery,avenue_secondary,2,2;3,0,3.0603763666003942,2.622459352016449,2.4687907695770264,3,2,2,2
1st_avenue/south_to_north/006_n00005_N_L.jpg,sky_openness,avenue_secondary,5,2;3;4;5;6,0,4.009081911295652,3.94839645922184,4.238330274820328,4,4,5,4
1st_avenue/south_to_north/006_n00005_N_L.jpg,vertical_hardscape,avenue_secondary,3,3;4;5,0,4.581349087879062,4.364174991846085,4.3541804403066635,5,5,5,2
1st_avenue/south_to_north/006_n00005_N_L.jpg,green_softening,avenue_secondary,4,2;3;4;5,0,3.688636839389801,3.439975768327713,2.940113849937916,3,3,2,3
2nd_avenue/north_to_south/029_n00051_S_L.jpg,vertical_greenery,avenue_secondary,3,1;2;3,0,2.1923441984690726,1.927779346704483,1.4434486255049706,2,1,1,2
2nd_avenue/north_to_south/029_n00051_S_L.jpg,sky_openness,avenue_secondary,4,2;3;4;6,1,3.7510957531630993,3.5948684066534042,4.260266989469528,2,6,6,2
2nd_avenue/north_to_south/029_n00051_S_L.jpg,vertical_hardscape,avenue_secondary,3,4;5;6,0,4.737874816637486,5.027445167303085,5.358150899410248,5,5,5,3
2nd_avenue/north_to_south/029_n00051_S_L.jpg,green_softening,avenue_secondary,3,2;3;5,1,3.436368364840746,3.077768862247467,2.6780419424176216,3,2,2,3
Tunnel_Exit_Street/south_to_north/002_n00247_N_L.jpg,vertical_greenery,other,1,1,0,1.6379792476072907,1.0,1.0,1,1,1,1
Tunnel_Exit_Street/south_to_north/002_n00247_N_L.jpg,sky_openness,other,2,2;3,0,2.852448657155037,2.3486451506614685,2.5312095284461975,2,3,3,2
Tunnel_Exit_Street/south_to_north/002_n00247_N_L.jpg,vertical_hardscape,other,4,3;4;5;6,0,4.365864107385278,4.429829806089401,4.844006776809692,5,5,6,3
Tunnel_Exit_Street/south_to_north/002_n00247_N_L.jpg,green_softening,other,2,2;3,0,3.0515785440802574,2.5,2.245085045695305,2,2,2,2
east_36th_street/east_to_west/045_n00363_W_R.jpg,vertical_greenery,mid_block,1,1,0,1.6459759715944529,1.0,1.0,1,1,1,1
east_36th_street/east_to_west/045_n00363_W_R.jpg,sky_openness,mid_block,3,3;4;5,0,3.996257282793522,3.964792847633362,4.349448457360268,4,4,5,3
east_36th_street/east_to_west/045_n00363_W_R.jpg,vertical_hardscape,mid_block,3,4;5;6,0,4.895112061873078,5.03327539563179,5.312046378850937,5,5,5,3
east_36th_street/east_to_west/045_n00363_W_R.jpg,green_softening,mid_block,4,2;3;4;5,0,3.886553168296814,3.5701696574687958,3.10172351449728,3,3,3,2
Tunnel_Exit_Street/north_to_south/009_n00258_S_R.jpg,vertical_greenery,other,1,1,0,1.8998797945678234,1.0,1.0,1,1,1,1
Tunnel_Exit_Street/north_to_south/009_n00258_S_R.jpg,sky_openness,other,3,1;2;3,0,2.5957046188414097,1.825836956501007,1.9575034379959106,2,1,1,2
Tunnel_Exit_Street/north_to_south/009_n00258_S_R.jpg,vertical_hardscape,other,2,5;6,0,4.867108786478639,5.468790292739868,5.7310583889484406,5,6,6,2
Tunnel_Exit_Street/north_to_south/009_n00258_S_R.jpg,green_softening,other,3,1;2;3,0,3.372694805264473,2.0389645397663116,1.9315976053476334,2,2,2,2
east_38th_street/west_to_east/009_n00463_E_L.jpg,vertical_greenery,mid_block,3,1;2;3,0,2.5855335034430027,2.2091013938188553,1.626523718237877,3,1,1,2
east_38th_street/west_to_east/009_n00463_E_L.jpg,sky_openness,mid_block,3,2;3;4,0,3.2598049081861973,2.8284656405448914,3.2025063931941986,2,3,3,3
east_38th_street/west_to_east/009_n00463_E_L.jpg,vertical_hardscape,mid_block,2,5;6,0,5.000586415408179,5.268941760063171,5.468790948390961,5,5,5,2
east_38th_street/west_to_east/009_n00463_E_L.jpg,green_softening,mid_block,3,2;3;5,1,3.4247071854770184,3.1122832894325256,2.7509189769625664,3,2,2,3
Park_Ave_East/south_to_north/018_n00131_N_L.jpg,vertical_greenery,avenue_canyon,3,3;4;5,0,4.087247165851295,3.964792937040329,4.000000238418579,4,4,4,2
Park_Ave_East/south_to_north/018_n00131_N_L.jpg,sky_openness,avenue_canyon,3,2;3;4,0,3.2868927158415318,2.8419185280799866,3.1648426949977875,2,3,3,3
Park_Ave_East/south_to_north/018_n00131_N_L.jpg,vertical_hardscape,avenue_canyon,1,5,0,5.071219509234652,5.0,5.0,5,5,5,1
Park_Ave_East/south_to_north/018_n00131_N_L.jpg,green_softening,avenue_canyon,3,4;5;6,0,4.885724995750934,5.087950229644775,5.130291700363159,5,5,5,2
tudor_city_place/north_to_south/002_n00761_S_L.jpg,vertical_greenery,other,3,1;2;3,0,2.5236770156770945,2.040764331817627,1.5146242678165436,2,1,1,2
tudor_city_place/north_to_south/002_n00761_S_L.jpg,sky_openness,other,2,1;2,0,2.225413979962468,1.5621765851974487,1.407333493232727,2,1,1,2
tudor_city_place/north_to_south/002_n00761_S_L.jpg,vertical_hardscape,other,3,5;6;7,0,5.194523042766377,5.681992992758751,6.6020824164152145,5,7,7,2
tudor_city_place/north_to_south/002_n00761_S_L.jpg,green_softening,other,4,2;3;4;5,0,4.0516626089811325,3.6772728860378265,3.183888256549835,5,3,3,2
3rd_avenue/south_to_north/010_n00089_N_R.jpg,vertical_greenery,avenue_secondary,2,1;2,0,1.939093118533492,1.2942149639129639,1.1480472385883331,1,1,1,2
3rd_avenue/south_to_north/010_n00089_N_R.jpg,sky_openness,avenue_secondary,3,2;3;4,0,3.519679542630911,2.913512945175171,3.2412789165973663,2,3,3,3
3rd_avenue/south_to_north/010_n00089_N_R.jpg,vertical_hardscape,avenue_secondary,2,5;6,0,5.03085940470919,5.2450850903987885,5.531209707260132,5,6,6,2
3rd_avenue/south_to_north/010_n00089_N_R.jpg,green_softening,avenue_secondary,3,2;3;5,1,3.753097053617239,3.465428054332733,2.649419844150543,3,2,2,3
east_40th_street/east_to_west/014_n00581_W_R.jpg,vertical_greenery,mid_block,3,3;4;5,0,3.7835597028024495,3.8351575136184692,3.733043849468231,4,3,3,3
east_40th_street/east_to_west/014_n00581_W_R.jpg,sky_openness,mid_block,3,1;2;3,0,2.5641807317733765,1.9686720967292786,2.035207062959671,2,2,2,2
east_40th_street/east_to_west/014_n00581_W_R.jpg,vertical_hardscape,mid_block,3,5;6;7,0,5.155108616221696,5.775545209646225,6.6709640100598335,5,7,7,2
east_40th_street/east_to_west/014_n00581_W_R.jpg,green_softening,mid_block,3,3;4;5,0,4.518921327777207,4.334845319390297,4.0,5,4,4,2
Tunnel_Exit_Street/south_to_north/014_n00259_N_L.jpg,vertical_greenery,other,1,1,0,1.45191203430295,1.0,1.0,1,1,1,1
Tunnel_Exit_Street/south_to_north/014_n00259_N_L.jpg,sky_openness,other,2,1;2,0,2.2088016904890537,1.4378235340118408,1.3486452102661133,1,1,1,2
Tunnel_Exit_Street/south_to_north/014_n00259_N_L.jpg,vertical_hardscape,other,1,7,0,6.413924987660721,7.0,7.0,7,7,7,1
Tunnel_Exit_Street/south_to_north/014_n00259_N_L.jpg,green_softening,other,4,1;2;3;5,1,3.390778534114361,2.692976266145706,1.9750049263238907,2,1,1,3
madison_avenue/south_to_north/024_n00746_N_L.jpg,vertical_greenery,avenue_canyon,3,1;2;3,0,1.9912286242470145,1.6565022021532059,1.3031026124954224,1,1,1,2
madison_avenue/south_to_north/024_n00746_N_L.jpg,sky_openness,avenue_canyon,2,1;2,0,2.3863702844828367,1.5312093198299408,1.407333493232727,2,1,1,2
madison_avenue/south_to_north/024_n00746_N_L.jpg,vertical_hardscape,avenue_canyon,4,4;5;6;7,0,5.174732295330614,5.477980852127075,6.236374229192734,5,7,6,3
madison_avenue/south_to_north/024_n00746_N_L.jpg,green_softening,avenue_canyon,4,2;3;4;5,0,3.649865560233593,3.420143634080887,2.940113849937916,3,3,2,3
Tunnel_Exit_Street/north_to_south/018_n00249_S_R.jpg,vertical_greenery,other,1,1,0,1.605636416003108,1.0,1.0,1,1,1,1
Tunnel_Exit_Street/north_to_south/018_n00249_S_R.jpg,sky_openness,other,2,1;2,0,2.1250103637576103,1.468790590763092,1.3486452102661133,1,1,1,2
Tunnel_Exit_Street/north_to_south/018_n00249_S_R.jpg,vertical_hardscape,other,2,5;6,0,5.218409732915461,5.407333254814148,5.81757465004921,5,6,6,2
Tunnel_Exit_Street/north_to_south/018_n00249_S_R.jpg,green_softening,other,3,2;3;5,1,4.017673663794994,3.6329728960990906,3.0250145196914673,5,3,2,3
1st_avenue/north_to_south/004_n00042_S_L.jpg,vertical_greenery,avenue_secondary,3,1;2;3,0,2.002402982674539,1.7587209641933441,1.4434486255049706,1,1,1,2
1st_avenue/north_to_south/004_n00042_S_L.jpg,sky_openness,avenue_secondary,4,3;4;5;6,0,4.378857234492898,4.554414585232735,4.669889196753502,4,4,5,3
1st_avenue/north_to_south/004_n00042_S_L.jpg,vertical_hardscape,avenue_secondary,3,3;4;5,0,4.181104289367795,4.0000001192092896,4.126804381608963,3,5,5,2
1st_avenue/north_to_south/004_n00042_S_L.jpg,green_softening,avenue_secondary,2,2;3,0,2.8502528872340918,2.4687905609607697,2.348645269870758,2,2,2,2
east_34th_street/west_to_east/045_n00311_E_L.jpg,vertical_greenery,mid_block,1,1,0,1.7425042074173689,1.0,1.0,1,1,1,1
east_34th_street/west_to_east/045_n00311_E_L.jpg,sky_openness,mid_block,2,1;2,0,2.8953648693859577,1.6224592328071594,1.4687907099723816,2,1,1,2
east_34th_street/west_to_east/045_n00311_E_L.jpg,vertical_hardscape,mid_block,3,3;5;6,1,4.815189702901989,4.788058564066887,5.275922104716301,5,5,6,3
east_34th_street/west_to_east/045_n00311_E_L.jpg,green_softening,mid_block,4,1;2;3;5,1,3.356645867228508,2.6713129431009293,2.046115905046463,3,1,1,3
Park_Ave_East/south_to_north/012_n00125_N_R.jpg,vertical_greenery,avenue_canyon,2,2;3,0,2.8414229452610016,2.679178535938263,2.2689413726329803,3,2,2,2
Park_Ave_East/south_to_north/012_n00125_N_R.jpg,sky_openness,avenue_canyon,3,1;2;3,0,2.6822230648249388,2.0879504531621933,2.0000001192092896,2,2,2,2
Park_Ave_East/south_to_north/012_n00125_N_R.jpg,vertical_hardscape,avenue_canyon,3,5;6;7,0,5.352138313930482,5.863672524690628,6.791762087494135,5,7,7,2
Park_Ave_East/south_to_north/012_n00125_N_R.jpg,green_softening,avenue_canyon,3,3;4;5,0,3.9453344754874706,3.9017401933670044,3.796947181224823,3,4,3,3
Park_Ave_West/north_to_south/005_n00241_S_L.jpg,vertical_greenery,avenue_canyon,3,1;2;3,0,2.883951097726822,1.9072668254375458,1.296076163649559,1,1,1,2
Park_Ave_West/north_to_south/005_n00241_S_L.jpg,sky_openness,avenue_canyon,2,1;2,0,2.235249238088727,1.4073334336280823,1.407333493232727,1,1,1,2
Park_Ave_West/north_to_south/005_n00241_S_L.jpg,vertical_hardscape,avenue_canyon,5,3;4;5;6;7,0,4.857291014865041,5.111717194318771,5.40838885307312,5,5,7,3
Park_Ave_West/north_to_south/005_n00241_S_L.jpg,green_softening,avenue_canyon,2,2;3,0,3.1233640760183334,2.5312092900276184,2.32082137465477,3,2,2,2
east_39th_street/east_to_west/031_n00518_W_R.jpg,vertical_greenery,mid_block,3,2;3;4,0,3.0606351322494447,3.0274451673030853,2.697165220975876,3,3,2,3
east_39th_street/east_to_west/031_n00518_W_R.jpg,sky_openness,mid_block,3,2;3;4,0,3.5525180138647556,2.957503229379654,3.2747773826122284,2,3,3,3
east_39th_street/east_to_west/031_n00518_W_R.jpg,vertical_hardscape,mid_block,4,3;4;5;6,0,4.6893949043005705,4.6091248244047165,4.913253352046013,5,5,5,3
east_39th_street/east_to_west/031_n00518_W_R.jpg,green_softening,mid_block,3,3;4;5,0,3.9404285103082657,3.9527914226055145,3.761635273694992,3,4,3,3
lexington_avenue/south_to_north/023_n00711_N_R.jpg,vertical_greenery,avenue_canyon,3,2;3;4,0,2.968133661430329,2.943221151828766,2.525209292769432,3,2,2,3
lexington_avenue/south_to_north/023_n00711_N_R.jpg,sky_openness,avenue_canyon,3,1;2;3,0,2.5543955527246,1.93934828042984,1.9686720967292786,2,2,2,2
lexington_avenue/south_to_north/023_n00711_N_R.jpg,vertical_hardscape,avenue_canyon,3,4;5;6,0,4.903801760170609,5.068402349948883,5.25888466835022,5,5,5,3
lexington_avenue/south_to_north/023_n00711_N_R.jpg,green_softening,avenue_canyon,3,2;3;5,1,3.8124906793236732,3.4417943954467773,3.0613165199756622,3,3,3,2
Tunnel_Exit_Street/south_to_north/016_n00261_N_R.jpg,vertical_greenery,other,4,3;4;5;6,0,4.340898796916008,4.581098362803459,4.847974833101034,4,5,6,4
Tunnel_Exit_Street/south_to_north/016_n00261_N_R.jpg,sky_openness,other,3,1;2;3,0,2.64577960036695,1.9004830569028854,1.9628920257091522,2,2,2,2
Tunnel_Exit_Street/south_to_north/016_n00261_N_R.jpg,vertical_hardscape,other,2,5;6,0,5.138880978804082,5.592666774988174,5.7310583889484406,6,6,6,2
Tunnel_Exit_Street/south_to_north/016_n00261_N_R.jpg,green_softening,other,2,5;6,0,5.070809712866321,5.2450850903987885,5.5,5,5,5,2
east_41st_street/west_to_east/039_n00633_E_L.jpg,vertical_greenery,mid_block,3,3;4;5,0,4.353206290630624,4.191421821713448,4.16484272480011,4,4,4,3
east_41st_street/west_to_east/039_n00633_E_L.jpg,sky_openness,mid_block,3,1;2;3,0,2.9809574354439974,2.0995171070098877,2.120872139930725,2,2,2,2
east_41st_street/west_to_east/039_n00633_E_L.jpg,vertical_hardscape,mid_block,2,4;5,0,4.702740293461829,4.731058716773987,4.679178833961487,5,5,5,2
east_41st_street/west_to_east/039_n00633_E_L.jpg,green_softening,mid_block,2,5;6,0,5.021722876350395,5.320821464061737,5.43782365322113,5,5,5,2
east_40th_street/west_to_east/004_n00552_E_L.jpg,vertical_greenery,mid_block,1,1,0,1.2422329830005765,1.0,1.0,1,1,1,1
east_40th_street/west_to_east/004_n00552_E_L.jpg,sky_openness,mid_block,2,1;2,0,1.9737041667103767,1.4073333144187927,1.2942149639129639,1,1,1,2
east_40th_street/west_to_east/004_n00552_E_L.jpg,vertical_hardscape,mid_block,3,5;6;7,0,5.260046957992017,6.049897789955139,6.8925098814070225,7,7,7,2
east_40th_street/west_to_east/004_n00552_E_L.jpg,green_softening,mid_block,3,1;2;3,0,2.9278609380126,1.9203977286815643,1.7587210088968277,1,1,1,3
Park_Ave_Tunnel_Segment/west_to_east/002_n00154_E_L.jpg,vertical_greenery,avenue_canyon,3,3;4;5,0,3.9761043740436435,3.9315974414348602,3.7055356800556183,4,3,3,3
Park_Ave_Tunnel_Segment/west_to_east/002_n00154_E_L.jpg,sky_openness,avenue_canyon,3,2;3;4,0,3.02493978664279,2.8258367776870728,3.0606517493724823,3,3,3,2
Park_Ave_Tunnel_Segment/west_to_east/002_n00154_E_L.jpg,vertical_hardscape,avenue_canyon,3,4;5;6,0,4.81478675454855,4.999999701976776,5.25888466835022,5,5,5,3
Park_Ave_Tunnel_Segment/west_to_east/002_n00154_E_L.jpg,green_softening,avenue_canyon,4,3;4;5;6,0,4.6773151913657784,4.599062025547028,4.812201328575611,5,5,5,2
east_41st_street/west_to_east/026_n00620_E_L.jpg,vertical_greenery,mid_block,2,1;2,0,1.823817609809339,1.2942150235176086,1.1824255585670471,1,1,1,2
east_41st_street/west_to_east/026_n00620_E_L.jpg,sky_openness,mid_block,2,1;2,0,2.384884089231491,1.5621764361858368,1.407333493232727,2,1,1,2
east_41st_street/west_to_east/026_n00620_E_L.jpg,vertical_hardscape,mid_block,3,5;6;7,0,5.911183514865115,6.326735273003578,6.898700002580881,7,7,7,2
east_41st_street/west_to_east/026_n00620_E_L.jpg,green_softening,mid_block,2,2;3,0,3.0671472661197186,2.377540737390518,2.1645164489746094,2,2,2,2
Tunnel_Exit_Street/north_to_south/016_n00251_S_L.jpg,vertical_greenery,other,3,1;2;3,0,2.4064942682161927,1.9542751908302307,1.462842345237732,1,1,1,2
Tunnel_Exit_Street/north_to_south/016_n00251_S_L.jpg,sky_openness,other,4,2;3;4;5,0,3.9342151656746864,3.5369668006896973,3.8000265657901764,4,4,4,3
Tunnel_Exit_Street/north_to_south/016_n00251_S_L.jpg,vertical_hardscape,other,2,5;6,0,5.121779064182192,5.294214963912964,5.5,5,5,5,2
Tunnel_Exit_Street/north_to_south/016_n00251_S_L.jpg,green_softening,other,4,2;3;4;5,0,3.731004249304533,3.4201434701681137,3.021615944802761,3,3,2,3
Park_Ave_Tunnel_Segment/east_to_west/031_n00155_W_R.jpg,vertical_greenery,avenue_canyon,1,1,0,1.1744692539796233,1.0,1.0,1,1,1,1
Park_Ave_Tunnel_Segment/east_to_west/031_n00155_W_R.jpg,sky_openness,avenue_canyon,2,1;2,0,1.966039977967739,1.3775407075881958,1.2942149639129639,1,1,1,2
Park_Ave_Tunnel_Segment/east_to_west/031_n00155_W_R.jpg,vertical_hardscape,avenue_canyon,2,5;6,0,5.104587963083759,5.245084792375565,5.705785036087036,5,6,6,2
Park_Ave_Tunnel_Segment/east_to_west/031_n00155_W_R.jpg,green_softening,avenue_canyon,4,1;2;3;5,1,3.237719342112541,2.6261365860700607,1.7360637709498405,1,1,1,2
east_42nd_street/west_to_east/046_n00686_E_R.jpg,vertical_greenery,mid_block,3,1;2;3,0,2.0465023149736226,1.8166900724172592,1.3441150709986687,1,1,1,2
east_42nd_street/west_to_east/046_n00686_E_R.jpg,sky_openness,mid_block,4,3;4;5;6,0,4.290441811084747,4.466850519180298,4.774723254144192,4,5,6,4
east_42nd_street/west_to_east/046_n00686_E_R.jpg,vertical_hardscape,mid_block,3,3;4;5,0,4.2399832010269165,4.086486846208572,4.21698597073555,5,5,5,2
east_42nd_street/west_to_east/046_n00686_E_R.jpg,green_softening,mid_block,4,2;3;4;5,0,3.3253520810976624,3.22344072163105,2.8422680143266916,3,3,2,3
east_40th_street/east_to_west/034_n00561_W_L.jpg,vertical_greenery,mid_block,3,2;3;4,0,3.3213247880339622,3.1361222565174103,2.3744276762008667,3,2,2,2
east_40th_street/east_to_west/034_n00561_W_L.jpg,sky_openness,mid_block,2,1;2,0,2.429336130619049,1.5621764659881592,1.3486452102661133,2,1,1,2
east_40th_street/east_to_west/034_n00561_W_L.jpg,vertical_hardscape,mid_block,2,5;6,0,4.959409742616117,5.294215142726898,5.468790948390961,5,5,5,2
east_40th_street/east_to_west/034_n00561_W_L.jpg,green_softening,mid_block,3,2;3;5,1,3.735749691724777,3.4394697546958923,2.841109573841095,3,2,2,3
east_40th_street/east_to_west/041_n00554_W_R.jpg,vertical_greenery,mid_block,1,1,0,1.5549417100846767,1.0,1.0,1,1,1,1
east_40th_street/east_to_west/041_n00554_W_R.jpg,sky_openness,mid_block,2,1;2,0,2.1261219196021557,1.4687907099723816,1.3486452102661133,1,1,1,2
east_40th_street/east_to_west/041_n00554_W_R.jpg,vertical_hardscape,mid_block,3,5;6;7,0,5.61922880448401,6.092733144760132,6.854002604261041,7,7,7,2
east_40th_street/east_to_west/041_n00554_W_R.jpg,green_softening,mid_block,4,1;2;3;5,1,3.1507787816226482,2.6028334945440292,1.911351516842842,2,1,1,3
Tunnel_Exit_Street/south_to_north/013_n00258_N_L.jpg,vertical_greenery,other,3,1;2;3,0,2.5755377374589443,2.2240611612796783,1.6083498746156693,3,1,1,2
Tunnel_Exit_Street/south_to_north/013_n00258_N_L.jpg,sky_openness,other,3,2;3;4,0,3.056781930848956,2.7461954057216644,3.0684024691581726,2,3,3,2
Tunnel_Exit_Street/south_to_north/013_n00258_N_L.jpg,vertical_hardscape,other,1,7,0,6.605669284239411,7.0,7.0,7,7,7,1
Tunnel_Exit_Street/south_to_north/013_n00258_N_L.jpg,green_softening,other,4,2;3;4;5,0,3.6254358999431133,3.4017598927021027,2.799219809472561,3,3,2,3
2nd_avenue/south_to_north/033_n00078_N_L.jpg,vertical_greenery,avenue_secondary,2,3;4,0,3.398260921705514,3.4073336124420166,3.268941342830658,3,3,3,2
2nd_avenue/south_to_north/033_n00078_N_L.jpg,sky_openness,avenue_secondary,4,1;2;3;4,0,3.0197715498507023,2.4405951350927353,2.5610965937376022,2,2,2,3
2nd_avenue/south_to_north/033_n00078_N_L.jpg,vertical_hardscape,avenue_secondary,3,5;6;7,0,5.523566073970869,5.9017400443553925,6.80052212625742,5,7,7,2
2nd_avenue/south_to_north/033_n00078_N_L.jpg,green_softening,avenue_secondary,3,3;4;5,0,3.8106269892305136,3.851383864879608,3.6868549659848213,3,4,3,3
Park_Ave_East/south_to_north/037_n00150_N_R.jpg,vertical_greenery,avenue_canyon,3,1;2;3,0,2.1903082793578506,1.6358247846364975,1.1937513425946236,1,1,1,2
Park_Ave_East/south_to_north/037_n00150_N_R.jpg,sky_openness,avenue_canyon,2,1;2,0,2.372384065762162,1.6224592328071594,1.3775407075881958,2,1,1,2
Park_Ave_East/south_to_north/037_n00150_N_R.jpg,vertical_hardscape,avenue_canyon,1,7,0,6.228120255284011,7.0,7.0,7,7,7,1
Park_Ave_East/south_to_north/037_n00150_N_R.jpg,green_softening,avenue_canyon,3,1;2;3,0,3.0882781967520714,1.9999999403953552,1.7840938419103622,2,2,1,3
east_37th_street/west_to_east/045_n00452_E_R.jpg,vertical_greenery,mid_block,3,3;4;5,0,4.005865652579814,3.9315976053476334,4.0645362585783005,4,4,4,2
east_37th_street/west_to_east/045_n00452_E_R.jpg,sky_openness,mid_block,3,2;3;4,0,3.313593100756407,2.883633553981781,3.155418038368225,2,3,3,3
east_37th_street/west_to_east/045_n00452_E_R.jpg,vertical_hardscape,mid_block,3,3;4;5,0,4.665502190589905,4.298719510436058,4.271314188838005,5,5,5,2
east_37th_street/west_to_east/045_n00452_E_R.jpg,green_softening,mid_block,4,3;4;5;6,0,4.565074158832431,4.554279491305351,4.757647354155779,5,5,5,2
Tunnel_Exit_Street/north_to_south/011_n00256_S_L.jpg,vertical_greenery,other,2,3;4,0,3.6318599125370383,3.5,3.348645329475403,3,3,3,2
Tunnel_Exit_Street/north_to_south/011_n00256_S_L.jpg,sky_openness,other,3,1;2;3,0,2.5366507284343243,1.968672201037407,2.0332755744457245,2,2,2,2
Tunnel_Exit_Street/north_to_south/011_n00256_S_L.jpg,vertical_hardscape,other,3,4;5;6,0,4.746081770863384,4.964792817831039,5.445308595895767,5,6,6,3
Tunnel_Exit_Street/north_to_south/011_n00256_S_L.jpg,green_softening,other,3,3;4;5,0,4.340886912308633,4.199284672737122,4.031328082084656,5,4,4,2
3rd_avenue/south_to_north/034_n00113_N_R.jpg,vertical_greenery,avenue_secondary,3,2;3;4,0,3.119502722285688,3.000000089406967,2.6148914992809296,3,2,2,3
3rd_avenue/south_to_north/034_n00113_N_R.jpg,sky_openness,avenue_secondary,3,2;3;4,0,3.597576320171356,2.9575032889842987,3.2905156314373016,2,3,4,3
3rd_avenue/south_to_north/034_n00113_N_R.jpg,vertical_hardscape,avenue_secondary,3,5;6;7,0,5.549133621389046,5.9513996839523315,6.840900365263224,5,7,7,2
3rd_avenue/south_to_north/034_n00113_N_R.jpg,green_softening,avenue_secondary,3,3;4;5,0,4.1976295886561275,4.0982599556446075,3.6868549659848213,5,4,3,3
2nd_avenue/north_to_south/007_n00073_S_L.jpg,vertical_greenery,avenue_secondary,2,3;4,0,3.6776015537325293,3.592666804790497,3.3208214044570923,4,3,3,2
2nd_avenue/north_to_south/007_n00073_S_L.jpg,sky_openness,avenue_secondary,4,1;2;3;4,0,3.0794231221079826,2.3886537700891495,2.5544144958257675,2,2,2,3
2nd_avenue/north_to_south/007_n00073_S_L.jpg,vertical_hardscape,avenue_secondary,3,4;5;6,0,4.915622353553772,5.02744522690773,5.331652849912643,5,5,5,3
2nd_avenue/north_to_south/007_n00073_S_L.jpg,green_softening,avenue_secondary,3,3;4;5,0,4.184277968946844,4.0955890417099,3.757038079202175,5,4,3,3
Tunnel_Exit_Street/north_to_south/019_n00248_S_L.jpg,vertical_greenery,other,1,1,0,1.6866121273487806,1.0,1.0,1,1,1,1
Tunnel_Exit_Street/north_to_south/019_n00248_S_L.jpg,sky_openness,other,2,1;2,0,2.274764807894826,1.5,1.3486452102661133,1,1,1,2
Tunnel_Exit_Street/north_to_south/019_n00248_S_L.jpg,vertical_hardscape,other,3,5;6;7,0,5.3048165631480515,5.959235459566116,6.488287135958672,5,7,7,2
Tunnel_Exit_Street/north_to_south/019_n00248_S_L.jpg,green_softening,other,3,2;3;5,1,3.7946719750761986,3.488488554954529,2.7685046046972275,3,2,2,3
Park_Ave_Tunnel_Segment/east_to_west/015_n00191_W_R.jpg,vertical_greenery,avenue_canyon,1,1,0,1.649799209088087,1.0,1.0,1,1,1,1
Park_Ave_Tunnel_Segment/east_to_west/015_n00191_W_R.jpg,sky_openness,avenue_canyon,2,1;2,0,1.8518688883632421,1.3486451506614685,1.2450850307941437,1,1,1,2
Park_Ave_Tunnel_Segment/east_to_west/015_n00191_W_R.jpg,vertical_hardscape,avenue_canyon,4,3;4;5;6,0,4.566464530304074,4.626733765006065,4.914965279400349,5,5,6,3
Park_Ave_Tunnel_Segment/east_to_west/015_n00191_W_R.jpg,green_softening,avenue_canyon,2,1;2,0,2.4533416964113712,1.4073333740234375,1.1824255585670471,1,1,1,2
east_35th_street/east_to_west/032_n00329_W_R.jpg,vertical_greenery,mid_block,3,2;3;4,0,3.1121598123572767,3.0,2.560141086578369,3,2,2,3
east_35th_street/east_to_west/032_n00329_W_R.jpg,sky_openness,mid_block,3,2;3;4,0,3.1698479037731886,2.841918468475342,3.0000001788139343,2,3,3,2
east_35th_street/east_to_west/032_n00329_W_R.jpg,vertical_hardscape,mid_block,3,4;5;6,0,4.8480501980520785,5.000000149011612,5.358150899410248,5,5,5,3
east_35th_street/east_to_west/032_n00329_W_R.jpg,green_softening,mid_block,4,3;4;5;6,0,4.547193565405905,4.548109412193298,4.80642506852746,5,5,5,2
east_40th_street/east_to_west/030_n00565_W_R.jpg,vertical_greenery,mid_block,2,1;2,0,2.0603515468537807,1.2450850009918213,1.0600866228342056,1,1,1,2
east_40th_street/east_to_west/030_n00565_W_R.jpg,sky_openness,mid_block,4,1;2;3;4,0,3.122099347412586,2.4265107214450836,2.50821815431118,2,2,2,2
east_40th_street/east_to_west/030_n00565_W_R.jpg,vertical_hardscape,mid_block,3,5;6;7,0,5.321478430181742,6.000000178813934,6.52780456840992,5,7,7,2
east_40th_street/east_to_west/030_n00565_W_R.jpg,green_softening,mid_block,4,1;2;3;5,1,3.1984974779188633,2.6613636016845703,1.8702793084084988,2,1,1,3
1st_avenue/north_to_south/029_n00017_S_L.jpg,vertical_greenery,avenue_secondary,3,1;2;3,0,1.9362530335783958,1.5811264514923096,1.2535126209259033,1,1,1,2
1st_avenue/north_to_south/029_n00017_S_L.jpg,sky_openness,avenue_secondary,3,2;3;4,0,3.4350082874298096,2.9135130047798157,3.2025063931941986,2,3,3,3
1st_avenue/north_to_south/029_n00017_S_L.jpg,vertical_hardscape,avenue_secondary,2,5;6,0,5.0755936885252595,5.320821464061737,5.531209707260132,5,6,6,2
1st_avenue/north_to_south/029_n00017_S_L.jpg,green_softening,avenue_secondary,3,2;3;5,1,3.57229545712471,3.3045043349266052,2.6782843619585037,3,2,2,3
Tunnel_Exit_Street/north_to_south/008_n00259_S_L.jpg,vertical_greenery,other,2,3;4,0,3.4857398718595505,3.4073336124420166,3.348645329475403,3,3,3,2
Tunnel_Exit_Street/north_to_south/008_n00259_S_L.jpg,sky_openness,other,3,1;2;3,0,2.9295074697583914,2.064536213874817,2.0995171517133713,2,2,2,2
Tunnel_Exit_Street/north_to_south/008_n00259_S_L.jpg,vertical_hardscape,other,2,5;6,0,4.995913840364665,5.222699910402298,5.468790948390961,5,5,5,2
Tunnel_Exit_Street/north_to_south/008_n00259_S_L.jpg,green_softening,other,3,3;4;5,0,4.180095956660807,4.047208517789841,3.8046673983335495,5,4,4,2
1st_avenue/north_to_south/024_n00022_S_R.jpg,vertical_greenery,avenue_secondary,3,1;2;3,0,2.26062576752156,1.9610354900360107,1.448604241013527,2,1,1,2
1st_avenue/north_to_south/024_n00022_S_R.jpg,sky_openness,avenue_secondary,3,1;2;3,0,2.8502382040023804,1.9667246341705322,1.9999998807907104,2,2,2,2
1st_avenue/north_to_south/024_n00022_S_R.jpg,vertical_hardscape,avenue_secondary,3,5;6;7,0,5.901378651615232,6.373476192355156,6.865023240447044,7,7,7,2
1st_avenue/north_to_south/024_n00022_S_R.jpg,green_softening,avenue_secondary,4,2;3;4;5,0,3.8564338088035583,3.6071717441082,3.019743677228689,3,3,3,2
Tunnel_Exit_Street/north_to_south/010_n00257_S_L.jpg,vertical_greenery,other,3,1;2;3,0,2.6462873592972755,2.17779403924942,1.5464140474796295,3,1,1,2
Tunnel_Exit_Street/north_to_south/010_n00257_S_L.jpg,sky_openness,other,3,1;2;3,0,2.6281709652394056,1.9354638308286667,2.035207062959671,2,2,2,2
Tunnel_Exit_Street/north_to_south/010_n00257_S_L.jpg,vertical_hardscape,other,4,3;4;5;6,0,4.68888645619154,4.629275918006897,5.046811580657959,5,5,6,3
Tunnel_Exit_Street/north_to_south/010_n00257_S_L.jpg,green_softening,other,2,3;5,1,3.939433252438903,3.9375811517238617,3.3648511469364166,3,3,3,2
madison_avenue/south_to_north/010_n00732_N_L.jpg,vertical_greenery,avenue_canyon,3,2;3;4,0,3.246018296573311,3.093737930059433,2.560141086578369,3,2,2,3
madison_avenue/south_to_north/010_n00732_N_L.jpg,sky_openness,avenue_canyon,3,2;3;4,0,3.2323253601789474,2.783014237880707,3.280895560979843,2,4,3,3
madison_avenue/south_to_north/010_n00732_N_L.jpg,vertical_hardscape,avenue_canyon,3,4;5;6,0,4.911449212580919,5.027445167303085,5.426222532987595,5,6,6,3
madison_avenue/south_to_north/010_n00732_N_L.jpg,green_softening,avenue_canyon,2,2;3,0,3.218412199988961,2.5312094688415527,2.377540737390518,3,2,2,2
2nd_avenue/north_to_south/004_n00076_S_L.jpg,vertical_greenery,avenue_secondary,2,3;4,0,3.393501468002796,3.4378235936164856,3.245085060596466,3,3,3,2
2nd_avenue/north_to_south/004_n00076_S_L.jpg,sky_openness,avenue_secondary,3,1;2;3,0,2.7098080683499575,1.9062620997428894,2.035207062959671,2,2,2,2
2nd_avenue/north_to_south/004_n00076_S_L.jpg,vertical_hardscape,avenue_secondary,2,6;7,0,6.281535558984615,6.798186779022217,6.754915088415146,7,7,7,2
2nd_avenue/north_to_south/004_n00076_S_L.jpg,green_softening,avenue_secondary,3,3;4;5,0,3.8260223465040326,3.8552035987377167,3.606825180351734,3,3,3,3
1st_avenue/south_to_north/036_n00035_N_L.jpg,vertical_greenery,avenue_secondary,3,1;2;3,0,2.337280495557934,2.079602360725403,1.4867760688066483,2,1,1,2
1st_avenue/south_to_north/036_n00035_N_L.jpg,sky_openness,avenue_secondary,3,2;3;4,0,3.164187427610159,2.7461955547332764,3.1648426949977875,2,3,3,3
1st_avenue/south_to_north/036_n00035_N_L.jpg,vertical_hardscape,avenue_secondary,2,5;6,0,5.2684537302702665,5.407333254814148,5.798186779022217,5,6,6,2
1st_avenue/south_to_north/036_n00035_N_L.jpg,green_softening,avenue_secondary,3,2;3;5,1,3.6058015264570713,3.3348335921764374,2.7928234711289406,3,3,2,3
Park_Ave_East/north_to_south/034_n00118_S_R.jpg,vertical_greenery,avenue_canyon,3,3;4;5,0,4.265148405218497,4.099517211318016,4.060651794075966,4,4,4,2
Park_Ave_East/north_to_south/034_n00118_S_R.jpg,sky_openness,avenue_canyon,3,1;2;3,0,3.0589716732501984,2.0684023946523666,2.120872139930725,2,2,2,2
Park_Ave_East/north_to_south/034_n00118_S_R.jpg,vertical_hardscape,avenue_canyon,2,5;6,0,5.111306645674631,5.222700297832489,5.5,5,5,5,2
Park_Ave_East/north_to_south/034_n00118_S_R.jpg,green_softening,avenue_canyon,2,5;6,0,5.0431000631069764,5.377540349960327,5.531209707260132,5,6,6,2
3rd_avenue/north_to_south/018_n00096_S_R.jpg,vertical_greenery,avenue_secondary,3,1;2;3,0,2.3622027025558054,2.072220653295517,1.5525186359882355,2,1,1,2
3rd_avenue/north_to_south/018_n00096_S_R.jpg,sky_openness,avenue_secondary,2,1;2,0,2.4256217628717422,1.5621765553951263,1.4378235340118408,2,1,1,2
3rd_avenue/north_to_south/018_n00096_S_R.jpg,vertical_hardscape,avenue_secondary,3,5;6;7,0,5.496018246281892,5.955847442150116,6.822562620043755,5,7,7,2
3rd_avenue/north_to_south/018_n00096_S_R.jpg,green_softening,avenue_secondary,4,2;3;4;5,0,3.9267650470137596,3.5976912677288055,2.931011274456978,3,3,2,3
east_40th_street/west_to_east/022_n00570_E_R.jpg,vertical_greenery,mid_block,3,1;2;3,0,2.1030335817486048,1.6458195596933365,1.2535126209259033,1,1,1,2
east_40th_street/west_to_east/022_n00570_E_R.jpg,sky_openness,mid_block,3,1;2;3,0,2.666456053033471,1.8638777434825897,2.0000001192092896,2,2,2,2
east_40th_street/west_to_east/022_n00570_E_R.jpg,vertical_hardscape,mid_block,3,5;6;7,0,6.189127930090763,6.419169217348099,6.924227751791477,7,7,7,2
east_40th_street/west_to_east/022_n00570_E_R.jpg,green_softening,mid_block,3,2;3;5,1,3.6093906592577696,3.3529119193553925,2.6411830857396126,3,2,2,3
2nd_avenue/south_to_north/033_n00078_N_R.jpg,vertical_greenery,avenue_secondary,3,1;2;3,0,2.7614387897774577,2.183710277080536,1.519018977880478,3,1,1,2
2nd_avenue/south_to_north/033_n00078_N_R.jpg,sky_openness,avenue_secondary,3,2;3;4,0,3.5604305639863014,2.9999998211860657,3.3499030470848083,2,4,3,3
2nd_avenue/south_to_north/033_n00078_N_R.jpg,vertical_hardscape,avenue_secondary,3,5;6;7,0,5.371067918371409,5.816289931535721,6.742986120283604,5,7,7,2
2nd_avenue/south_to_north/033_n00078_N_R.jpg,green_softening,avenue_secondary,2,3;5,1,3.9528915621340275,3.9375811517238617,3.2384058982133865,3,3,3,2
tudor_city_place/north_to_south/008_n00758_S_R.jpg,vertical_greenery,other,3,3;4;5,0,4.042571358382702,3.964792847633362,4.033275634050369,4,4,4,2
tudor_city_place/north_to_south/008_n00758_S_R.jpg,sky_openness,other,3,1;2;3,0,2.701997570693493,1.964792937040329,1.961035430431366,2,2,2,2
tudor_city_place/north_to_south/008_n00758_S_R.jpg,vertical_hardscape,other,4,3;4;5;6,0,4.466590667143464,4.528370797634125,4.7830376997590065,5,5,5,2
tudor_city_place/north_to_south/008_n00758_S_R.jpg,green_softening,other,4,3;4;5;6,0,4.428331241942942,4.4793873727321625,4.7377735786139965,5,5,5,2
east_36th_street/west_to_east/025_n00385_E_R.jpg,vertical_greenery,mid_block,3,2;3;4,0,3.0889251437038183,3.025539815425873,2.729488044977188,3,3,2,3
east_36th_street/west_to_east/025_n00385_E_R.jpg,sky_openness,mid_block,3,2;3;4,0,3.327205091714859,2.916882961988449,3.2588847875595093,2,3,3,3
east_36th_street/west_to_east/025_n00385_E_R.jpg,vertical_hardscape,mid_block,3,4;5;6,0,4.825970754958689,5.0332754254341125,5.365553230047226,5,5,5,3
east_36th_street/west_to_east/025_n00385_E_R.jpg,green_softening,mid_block,3,3;4;5,0,3.80295417457819,3.8552034497261047,3.6702980250120163,3,4,3,3
east_37th_street/west_to_east/006_n00413_E_R.jpg,vertical_greenery,mid_block,2,3;4,0,3.3722686669789255,3.3775404691696167,3.268941342830658,3,3,3,2
east_37th_street/west_to_east/006_n00413_E_R.jpg,sky_openness,mid_block,3,2;3;4,0,3.209598997607827,2.88912695646286,3.120872139930725,3,3,3,2
east_37th_street/west_to_east/006_n00413_E_R.jpg,vertical_hardscape,mid_block,2,5;6,0,4.876310521736741,5.2450850903987885,5.531209707260132,5,6,6,2
east_37th_street/west_to_east/006_n00413_E_R.jpg,green_softening,mid_block,3,3;4;5,0,4.234932832419872,4.000000238418579,4.128521084785461,3,4,4,2
1st_avenue/south_to_north/015_n00014_N_L.jpg,vertical_greenery,avenue_secondary,3,3;4;5,0,4.166887202300131,4.0,4.068402484059334,4,4,4,2
1st_avenue/south_to_north/015_n00014_N_L.jpg,sky_openness,avenue_secondary,4,2;3;4;5,0,3.7507605850696564,3.4389034807682037,3.714922323822975,4,4,3,3
1st_avenue/south_to_north/015_n00014_N_L.jpg,vertical_hardscape,avenue_secondary,3,4;5;6,0,4.852980433031917,5.000000149011612,5.294875204563141,5,5,5,3
1st_avenue/south_to_north/015_n00014_N_L.jpg,green_softening,avenue_secondary,4,3;4;5;6,0,4.631093644537032,4.590331017971039,4.784009546041489,5,5,5,2
Tunnel_Exit_Street/north_to_south/008_n00259_S_R.jpg,vertical_greenery,other,2,3;4,0,3.4668165035545826,3.4073333144187927,3.3208214044570923,3,3,3,2
Tunnel_Exit_Street/north_to_south/008_n00259_S_R.jpg,sky_openness,other,4,1;2;3;4,0,3.004943495616317,2.4069739133119583,2.3461267948150635,2,2,2,3
Tunnel_Exit_Street/north_to_south/008_n00259_S_R.jpg,vertical_hardscape,other,4,3;4;5;6,0,4.680088418535888,4.646301165223122,4.915881514549255,5,5,5,2
Tunnel_Exit_Street/north_to_south/008_n00259_S_R.jpg,green_softening,other,3,3;4;5,0,4.226495153736323,4.095589339733124,4.023677125573158,5,4,4,2
3rd_avenue/north_to_south/026_n00088_S_R.jpg,vertical_greenery,avenue_secondary,3,1;2;3,0,2.334955512546003,1.9203976392745972,1.3979175835847855,1,1,1,2
3rd_avenue/north_to_south/026_n00088_S_R.jpg,sky_openness,avenue_secondary,3,1;2;3,0,2.823051307350397,2.0332754850387573,2.072220504283905,2,2,2,2
3rd_avenue/north_to_south/026_n00088_S_R.jpg,vertical_hardscape,avenue_secondary,3,5;6;7,0,5.439542777836323,5.952791720628738,6.831839445978403,5,7,7,2
3rd_avenue/north_to_south/026_n00088_S_R.jpg,green_softening,avenue_secondary,3,2;3;5,1,3.700946070253849,3.3529120087623596,2.7685046046972275,3,2,2,3
east_36th_street/east_to_west/020_n00388_W_L.jpg,vertical_greenery,mid_block,3,1;2;3,0,2.4928875323385,2.131690889596939,1.5263619124889374,3,1,1,2
east_36th_street/east_to_west/020_n00388_W_L.jpg,sky_openness,mid_block,2,1;2,0,2.28789166174829,1.5621765553951263,1.3486452102661133,2,1,1,2
east_36th_street/east_to_west/020_n00388_W_L.jpg,vertical_hardscape,mid_block,3,4;5;6,0,4.787631963845342,5.0,5.401807874441147,5,6,6,3
east_36th_street/east_to_west/020_n00388_W_L.jpg,green_softening,mid_block,3,2;3;5,1,3.5504425931721926,3.2740687131881714,2.7649940103292465,3,3,2,3
3rd_avenue/south_to_north/032_n00111_N_R.jpg,vertical_greenery,avenue_secondary,3,2;3;4,0,3.1478175218217075,3.0645361244678497,2.6526414155960083,3,3,3,3
3rd_avenue/south_to_north/032_n00111_N_R.jpg,sky_openness,avenue_secondary,2,1;2,0,2.8171435557305813,1.5926666855812073,1.5926666855812073,2,2,2,2
3rd_avenue/south_to_north/032_n00111_N_R.jpg,vertical_hardscape,avenue_secondary,3,5;6;7,0,6.158390973461792,6.419169217348099,6.914720259606838,7,7,7,2
3rd_avenue/south_to_north/032_n00111_N_R.jpg,green_softening,avenue_secondary,3,3;4;5,0,4.281580304261297,4.0955890417099,3.917800486087799,5,4,4,2
east_37th_street/west_to_east/012_n00419_E_R.jpg,vertical_greenery,mid_block,2,3;4,0,3.4314214810729027,3.3775404691696167,3.3208214044570923,3,3,3,2
east_37th_street/west_to_east/012_n00419_E_R.jpg,sky_openness,mid_block,3,2;3;4,0,3.270426869392395,2.883633404970169,3.033275604248047,2,3,3,2
east_37th_street/west_to_east/012_n00419_E_R.jpg,vertical_hardscape,mid_block,3,3;4;5,0,4.6053953086957335,4.31800739467144,4.447481542825699,5,5,5,2
east_37th_street/west_to_east/012_n00419_E_R.jpg,green_softening,mid_block,2,3;5,1,3.886430997401476,3.875646948814392,3.5884299278259277,3,3,3,2
2nd_avenue/south_to_north/014_n00059_N_L.jpg,vertical_greenery,avenue_secondary,3,2;3;4,0,3.321747304406017,3.155417799949646,2.705478936433792,3,3,3,3
2nd_avenue/south_to_north/014_n00059_N_L.jpg,sky_openness,avenue_secondary,3,1;2;3,0,2.508421402424574,1.9062620252370834,1.9240374863147736,2,2,1,3
2nd_avenue/south_to_north/014_n00059_N_L.jpg,vertical_hardscape,avenue_secondary,3,3;4;5,0,4.50850972160697,4.332146033644676,4.234382271766663,5,5,5,3
2nd_avenue/south_to_north/014_n00059_N_L.jpg,green_softening,avenue_secondary,3,3;4;5,0,4.338043879717588,4.189268261194229,3.906262069940567,5,4,4,2
east_41st_street/east_to_west/013_n00628_W_L.jpg,vertical_greenery,mid_block,3,2;3;4,0,3.065828612074256,3.000000089406967,2.5841323733329773,3,2,2,3
east_41st_street/east_to_west/013_n00628_W_L.jpg,sky_openness,mid_block,3,1;2;3,0,2.3690809328109026,1.825836956501007,1.8350463807582855,2,1,1,2
east_41st_street/east_to_west/013_n00628_W_L.jpg,vertical_hardscape,mid_block,3,5;6;7,0,5.029326311312616,5.71180160343647,6.6689488515257835,5,7,7,2
east_41st_street/east_to_west/013_n00628_W_L.jpg,green_softening,mid_block,2,2;3,0,3.071412457153201,2.4687904715538025,2.245085045695305,2,2,2,2
3rd_avenue/north_to_south/016_n00098_S_R.jpg,vertical_greenery,avenue_secondary,2,2;3,0,2.7444926113821566,2.6224592328071594,2.294214963912964,3,2,2,2
3rd_avenue/north_to_south/016_n00098_S_R.jpg,sky_openness,avenue_secondary,3,1;2;3,0,2.7228523902595043,1.9667245745658875,2.0684024542570114,2,2,2,2
3rd_avenue/north_to_south/016_n00098_S_R.jpg,vertical_hardscape,avenue_secondary,3,5;6;7,0,5.29660606244579,5.7908982038497925,6.703129641711712,5,7,7,2
3rd_avenue/north_to_south/016_n00098_S_R.jpg,green_softening,avenue_secondary,4,2;3;4;5,0,3.792840525507927,3.5719045996665955,2.9791382551193237,3,3,3,2
2nd_avenue/south_to_north/001_n00046_N_R.jpg,vertical_greenery,avenue_secondary,2,3;4,0,3.347000085283071,3.37754088640213,3.2227002382278442,3,3,3,2
2nd_avenue/south_to_north/001_n00046_N_R.jpg,sky_openness,avenue_secondary,3,5;6;7,0,5.467650211881846,6.068402588367462,6.854396553710103,6,7,7,2
2nd_avenue/south_to_north/001_n00046_N_R.jpg,vertical_hardscape,avenue_secondary,4,3;4;5;6,0,4.418617943301797,4.468279957771301,4.825983442366123,5,5,5,2
2nd_avenue/south_to_north/001_n00046_N_R.jpg,green_softening,avenue_secondary,3,3;4;5,0,4.119701000861824,4.0,3.8727532029151917,3,4,4,2
east_40th_street/west_to_east/044_n00592_E_R.jpg,vertical_greenery,mid_block,3,2;3;4,0,2.874546277569607,2.906262069940567,2.481220528483391,3,2,2,3
east_40th_street/west_to_east/044_n00592_E_R.jpg,sky_openness,mid_block,3,1;2;3,0,2.594572752714157,1.8791278153657913,2.0000001192092896,2,2,2,2
east_40th_street/west_to_east/044_n00592_E_R.jpg,vertical_hardscape,mid_block,1,7,0,6.472090227995068,7.0,7.0,7,7,7,1
east_40th_street/west_to_east/044_n00592_E_R.jpg,green_softening,mid_block,3,3;4;5,0,3.7693241480737925,3.8552034199237823,3.5126160383224487,3,3,3,3
east_37th_street/east_to_west/027_n00428_W_R.jpg,vertical_greenery,mid_block,3,1;2;3,0,2.40207146294415,1.9575032591819763,1.5037719309329987,1,1,1,2
east_37th_street/east_to_west/027_n00428_W_R.jpg,sky_openness,mid_block,3,1;2;3,0,2.7422214094549417,1.9667243659496307,2.072220504283905,2,2,2,2
east_37th_street/east_to_west/027_n00428_W_R.jpg,vertical_hardscape,mid_block,2,5;6,0,4.934613916557282,5.268941581249237,5.562176674604416,5,6,6,2
east_37th_street/east_to_west/027_n00428_W_R.jpg,green_softening,mid_block,3,2;3;5,1,3.8089345544576645,3.441794455051422,2.934793844819069,3,3,2,3
1st_avenue/north_to_south/019_n00027_S_R.jpg,vertical_greenery,avenue_secondary,1,1,0,1.5856580501422286,1.0,1.0,1,1,1,1
1st_avenue/north_to_south/019_n00027_S_R.jpg,sky_openness,avenue_secondary,4,1;2;3;4,0,3.0376091673970222,2.3886536210775375,2.4395294785499573,2,2,2,2
1st_avenue/north_to_south/019_n00027_S_R.jpg,vertical_hardscape,avenue_secondary,1,7,0,6.571527765132487,7.0,7.0,7,7,7,1
1st_avenue/north_to_south/019_n00027_S_R.jpg,green_softening,avenue_secondary,3,2;3;5,1,3.413575451821089,3.077768698334694,2.499797970056534,3,2,2,2
Park_Ave_East/north_to_south/037_n00115_S_L.jpg,vertical_greenery,avenue_canyon,3,2;3;4,0,3.3659212552011013,3.0995171666145325,2.3992982506752014,3,2,2,2
Park_Ave_East/north_to_south/037_n00115_S_L.jpg,sky_openness,avenue_canyon,3,1;2;3,0,2.6706245876848698,1.9393483996391296,2.035207062959671,2,2,2,2
Park_Ave_East/north_to_south/037_n00115_S_L.jpg,vertical_hardscape,avenue_canyon,2,5;6,0,4.978270681574941,5.348644971847534,5.531209707260132,5,6,6,2
Park_Ave_East/north_to_south/037_n00115_S_L.jpg,green_softening,avenue_canyon,2,2;3,0,3.258239785209298,2.5312092900276184,2.407333552837372,3,2,2,2
tudor_city_place/south_to_north/008_n00761_N_L.jpg,vertical_greenery,other,2,2;3,0,2.9273479878902435,2.6224594116210938,2.437823563814163,3,2,2,2
tudor_city_place/south_to_north/008_n00761_N_L.jpg,sky_openness,other,3,2;3;4,0,3.286818537861109,2.8783123791217804,3.093737930059433,2,3,3,2
tudor_city_place/south_to_north/008_n00761_N_L.jpg,vertical_hardscape,other,4,3;4;5;6,0,4.582040234468877,4.559405148029327,4.743187800049782,5,5,5,2
tudor_city_place/south_to_north/008_n00761_N_L.jpg,green_softening,other,3,3;4;5,0,3.814654652029276,3.8552035689353943,3.725222647190094,3,4,3,3
3rd_avenue/north_to_south/027_n00087_S_L.jpg,vertical_greenery,avenue_secondary,2,3;4,0,3.36395994015038,3.377540707588196,3.294214963912964,3,3,3,2
3rd_avenue/north_to_south/027_n00087_S_L.jpg,sky_openness,avenue_secondary,3,2;3;4,0,3.1941096633672714,2.7908985316753387,3.1459615528583527,2,3,3,2
3rd_avenue/north_to_south/027_n00087_S_L.jpg,vertical_hardscape,avenue_secondary,4,3;4;5;6,0,4.693274965509772,4.649434730410576,4.875568896532059,5,5,5,2
3rd_avenue/north_to_south/027_n00087_S_L.jpg,green_softening,avenue_secondary,3,3;4;5,0,4.429908694233745,4.189268350601196,4.027445167303085,5,4,4,2
madison_avenue/south_to_north/032_n00754_N_R.jpg,vertical_greenery,avenue_canyon,4,1;2;3;4,0,3.123155817389488,2.593083918094635,1.4145034328103065,3,1,1,2
madison_avenue/south_to_north/032_n00754_N_R.jpg,sky_openness,avenue_canyon,3,1;2;3,0,2.5476247034966946,1.8638775646686554,1.9203976392745972,2,1,1,3
madison_avenue/south_to_north/032_n00754_N_R.jpg,vertical_hardscape,avenue_canyon,3,5;6;7,0,5.606016737874597,6.1406989097595215,6.727701932191849,7,7,7,2
madison_avenue/south_to_north/032_n00754_N_R.jpg,green_softening,avenue_canyon,3,2;3;5,1,3.2378643676638603,3.0278167128562927,2.7805788442492485,2,2,2,3
east_40th_street/west_to_east/041_n00589_E_L.jpg,vertical_greenery,mid_block,3,2;3;4,0,3.125491065438837,2.9999998211860657,2.548274338245392,3,2,2,3
east_40th_street/west_to_east/041_n00589_E_L.jpg,sky_openness,mid_block,3,1;2;3,0,2.4359992519021034,1.8351574540138245,1.8419184982776642,2,1,1,3
east_40th_street/west_to_east/041_n00589_E_L.jpg,vertical_hardscape,mid_block,2,4;5,0,4.792900493368506,4.731058835983276,4.6224594712257385,5,5,5,2
east_40th_street/west_to_east/041_n00589_E_L.jpg,green_softening,mid_block,3,3;4;5,0,4.04473090171814,3.951399862766266,3.8714793920516968,3,4,4,2
Park_Ave_Tunnel_Segment/west_to_east/008_n00166_E_L.jpg,vertical_greenery,avenue_canyon,2,5;6,0,5.399365400138777,5.531209200620651,5.6513552069664,6,6,6,2
Park_Ave_Tunnel_Segment/west_to_east/008_n00166_E_L.jpg,sky_openness,avenue_canyon,3,2;3;4,0,3.6036722362041473,3.0,3.2775673419237137,3,3,4,3
Park_Ave_Tunnel_Segment/west_to_east/008_n00166_E_L.jpg,vertical_hardscape,avenue_canyon,3,3;4;5,0,4.439449496567249,4.244313463568687,4.445308595895767,5,5,5,3
Park_Ave_Tunnel_Segment/west_to_east/008_n00166_E_L.jpg,green_softening,avenue_canyon,3,5;6;7,0,5.938549740065355,6.12168762087822,6.927705220412463,7,7,7,2
Park_Ave_East/south_to_north/001_n00114_N_L.jpg,vertical_greenery,avenue_canyon,3,1;2;3,0,2.069650840945542,1.6565020978450775,1.2696136087179184,1,1,1,2
Park_Ave_East/south_to_north/001_n00114_N_L.jpg,sky_openness,avenue_canyon,3,2;3;4,0,3.1383150797337294,2.828465610742569,3.1052433848381042,2,3,3,3
Park_Ave_East/south_to_north/001_n00114_N_L.jpg,vertical_hardscape,avenue_canyon,3,5;6;7,0,5.154466479551047,5.590526148676872,6.615077584981918,5,7,7,2
Park_Ave_East/south_to_north/001_n00114_N_L.jpg,green_softening,avenue_canyon,3,2;3;5,1,3.3157856855541468,3.077768564224243,2.9003579914569855,3,3,2,3
lexington_avenue/north_to_south/004_n00719_S_L.jpg,vertical_greenery,avenue_canyon,2,1;2,0,1.8574542170390487,1.2018132507801056,1.0600866228342056,1,1,1,2
lexington_avenue/north_to_south/004_n00719_S_L.jpg,sky_openness,avenue_canyon,2,1;2,0,2.4539053719490767,1.5926666557788849,1.407333493232727,2,1,1,2
lexington_avenue/north_to_south/004_n00719_S_L.jpg,vertical_hardscape,avenue_canyon,2,6;7,0,6.20562575745862,6.79818668961525,6.731058359146118,7,7,7,2
lexington_avenue/north_to_south/004_n00719_S_L.jpg,green_softening,avenue_canyon,3,2;3;5,1,3.4518059082329273,3.2415877878665924,2.6411830857396126,3,2,2,3
3rd_avenue/south_to_north/004_n00083_N_R.jpg,vertical_greenery,avenue_secondary,3,1;2;3,0,2.7373222149908543,2.2091014236211777,1.6732647269964218,3,1,1,2
3rd_avenue/south_to_north/004_n00083_N_R.jpg,sky_openness,avenue_secondary,3,1;2;3,0,2.664268035441637,1.9354638010263443,2.1690544188022614,2,2,2,2
3rd_avenue/south_to_north/004_n00083_N_R.jpg,vertical_hardscape,avenue_secondary,2,5;6,0,5.145783751737326,5.348645448684692,5.5,5,5,5,2
3rd_avenue/south_to_north/004_n00083_N_R.jpg,green_softening,avenue_secondary,3,3;4;5,0,4.19647217169404,4.095589190721512,3.96672460436821,5,4,4,2
east_36th_street/west_to_east/024_n00384_E_R.jpg,vertical_greenery,mid_block,3,1;2;3,0,2.5554741234518588,2.1268041729927063,1.4460509419441223,3,1,1,2
east_36th_street/west_to_east/024_n00384_E_R.jpg,sky_openness,mid_block,3,2;3;4,0,3.054219340905547,2.7991676926612854,3.113235890865326,2,3,3,2
east_36th_street/west_to_east/024_n00384_E_R.jpg,vertical_hardscape,mid_block,3,5;6;7,0,5.096922728233039,5.656502187252045,6.615077584981918,5,7,7,2
east_36th_street/west_to_east/024_n00384_E_R.jpg,green_softening,mid_block,3,2;3;5,1,3.4132210053503513,3.1724296659231186,2.6594595536589622,3,2,2,3
east_34th_street/east_to_west/018_n00296_W_L.jpg,vertical_greenery,mid_block,3,2;3;4,0,3.285630094818771,3.1459615528583527,2.719802588224411,3,3,3,2
east_34th_street/east_to_west/018_n00296_W_L.jpg,sky_openness,mid_block,3,1;2;3,0,2.799153031781316,2.0332753509283066,2.0000001192092896,2,2,2,2
east_34th_street/east_to_west/018_n00296_W_L.jpg,vertical_hardscape,mid_block,3,5;6;7,0,5.220990628935397,5.768514037132263,6.742986120283604,5,7,7,2
east_34th_street/east_to_west/018_n00296_W_L.jpg,green_softening,mid_block,4,2;3;4;5,0,3.769936876371503,3.522251933813095,3.1087119467556477,3,3,3,2
tudor_city_place/south_to_north/002_n00758_N_L.jpg,vertical_greenery,other,3,4;5;6,0,4.5745383175089955,4.797493606805801,5.157944977283478,5,5,5,2
tudor_city_place/south_to_north/002_n00758_N_L.jpg,sky_openness,other,3,2;3;4,0,3.2437209989875555,2.883633404970169,3.2239282727241516,2,3,3,3
tudor_city_place/south_to_north/002_n00758_N_L.jpg,vertical_hardscape,other,2,4;5,0,4.561861151363701,4.705785036087036,4.6224594712257385,5,5,5,2
tudor_city_place/south_to_north/002_n00758_N_L.jpg,green_softening,other,3,4;5;6,0,4.997619042405859,5.120872437953949,5.224377438426018,5,5,5,2
east_39th_street/east_to_west/018_n00531_W_L.jpg,vertical_greenery,mid_block,2,3;4,0,3.5722807478159666,3.4378234148025513,3.348645329475403,3,3,3,2
east_39th_street/east_to_west/018_n00531_W_L.jpg,sky_openness,mid_block,3,1;2;3,0,2.817469822242856,1.9999999403953552,1.9999998807907104,2,2,2,2
east_39th_street/east_to_west/018_n00531_W_L.jpg,vertical_hardscape,mid_block,4,3;4;5;6,0,4.545323126018047,4.5615024119615555,4.87931565195322,5,5,5,2
east_39th_street/east_to_west/018_n00531_W_L.jpg,green_softening,mid_block,4,3;4;5;6,0,4.693215560633689,4.643559396266937,4.791869934648275,5,5,5,2
east_37th_street/west_to_east/008_n00415_E_L.jpg,vertical_greenery,mid_block,4,3;4;5;6,0,4.303617661353201,4.35264940559864,4.428195491433144,4,4,4,3
east_37th_street/west_to_east/008_n00415_E_L.jpg,sky_openness,mid_block,4,3;4;5;6,0,4.212642431259155,4.482921555638313,4.762836590409279,4,5,6,4
east_37th_street/west_to_east/008_n00415_E_L.jpg,vertical_hardscape,mid_block,3,4;5;6,0,4.693963358644396,4.947052031755447,5.277567356824875,5,5,5,3
east_37th_street/west_to_east/008_n00415_E_L.jpg,green_softening,mid_block,2,5;6,0,5.108243495691568,5.3486451506614685,5.531209707260132,5,6,6,2
3rd_avenue/south_to_north/005_n00084_N_L.jpg,vertical_greenery,avenue_secondary,3,1;2;3,0,2.6213977662846446,2.17153462767601,1.6009838730096817,3,1,1,2
3rd_avenue/south_to_north/005_n00084_N_L.jpg,sky_openness,avenue_secondary,3,2;3;4,0,3.117591643705964,2.8284655809402466,3.1914216578006744,2,3,3,3
3rd_avenue/south_to_north/005_n00084_N_L.jpg,vertical_hardscape,avenue_secondary,3,4;5;6,0,4.852767650503665,5.027445077896118,5.358150899410248,5,5,5,3
3rd_avenue/south_to_north/005_n00084_N_L.jpg,green_softening,avenue_secondary,4,2;3;4;5,0,3.8928160555660725,3.597690850496292,3.0394606478512287,3,3,3,2
Park_Ave_West/north_to_south/022_n00224_S_R.jpg,vertical_greenery,avenue_canyon,3,2;3;4,0,3.1624439232982695,3.082199513912201,2.6068251729011536,3,2,2,3
Park_Ave_West/north_to_south/022_n00224_S_R.jpg,sky_openness,avenue_canyon,3,1;2;3,0,2.507226075977087,1.9686720967292786,1.964792937040329,2,2,2,2
Park_Ave_West/north_to_south/022_n00224_S_R.jpg,vertical_hardscape,avenue_canyon,3,5;6;7,0,5.532489772886038,6.04415237903595,6.791762087494135,7,7,7,2
Park_Ave_West/north_to_south/022_n00224_S_R.jpg,green_softening,avenue_canyon,4,2;3;4;5,0,3.835977293550968,3.5334016382694244,3.1884509213268757,3,3,3,2
Tunnel_Exit_Street/north_to_south/014_n00253_S_R.jpg,vertical_greenery,other,1,1,0,1.434540618211031,1.0,1.0,1,1,1,1
Tunnel_Exit_Street/north_to_south/014_n00253_S_R.jpg,sky_openness,other,2,1;2,0,2.2491885870695114,1.5621765553951263,1.407333493232727,2,1,1,2
Tunnel_Exit_Street/north_to_south/014_n00253_S_R.jpg,vertical_hardscape,other,3,4;5;6,0,4.735750340856612,5.031327933073044,5.5670046210289,5,6,6,2
Tunnel_Exit_Street/north_to_south/014_n00253_S_R.jpg,green_softening,other,2,3;5,1,4.0300327725708485,4.124352753162384,3.2659284323453903,5,3,3,2
Tunnel_Exit_Street/north_to_south/001_n00266_S_R.jpg,vertical_greenery,other,1,1,0,1.448014372959733,1.0,1.0,1,1,1,1
Tunnel_Exit_Street/north_to_south/001_n00266_S_R.jpg,sky_openness,other,2,1;2,0,2.0262342151254416,1.4378235340118408,1.3486452102661133,1,1,1,2
Tunnel_Exit_Street/north_to_south/001_n00266_S_R.jpg,vertical_hardscape,other,3,5;6;7,0,5.664115138351917,6.045725047588348,6.553949058055878,7,7,7,2
Tunnel_Exit_Street/north_to_south/001_n00266_S_R.jpg,green_softening,other,3,2;3;5,1,3.7193898260593414,3.4394699931144714,3.077768623828888,3,3,2,3
east_36th_street/east_to_west/032_n00376_W_L.jpg,vertical_greenery,mid_block,3,4;5;6,0,4.683610223699361,4.9628922045230865,5.260257571935654,5,5,6,3
east_36th_street/east_to_west/032_n00376_W_L.jpg,sky_openness,mid_block,3,2;3;4,0,3.3989379070699215,2.9240372478961945,3.2747773826122284,3,3,3,3
east_36th_street/east_to_west/032_n00376_W_L.jpg,vertical_hardscape,mid_block,2,4;5,0,4.726359368767589,4.705785036087036,4.651355147361755,5,5,5,2
east_36th_street/east_to_west/032_n00376_W_L.jpg,green_softening,mid_block,2,5;6,0,5.2056348893092945,5.348645329475403,5.592666923999786,5,6,6,2
Park_Ave_Tunnel_Segment/east_to_west/030_n00157_W_R.jpg,vertical_greenery,avenue_canyon,1,1,0,1.155623346567154,1.0,1.0,1,1,1,1
Park_Ave_Tunnel_Segment/east_to_west/030_n00157_W_R.jpg,sky_openness,avenue_canyon,2,1;2,0,2.3055868726223707,1.5312093496322632,1.407333493232727,2,1,1,2
Park_Ave_Tunnel_Segment/east_to_west/030_n00157_W_R.jpg,vertical_hardscape,avenue_canyon,3,4;5;6,0,4.719343503471464,4.999999552965164,5.702635541558266,5,6,6,2
Park_Ave_Tunnel_Segment/east_to_west/030_n00157_W_R.jpg,green_softening,avenue_canyon,4,1;2;3;5,1,3.0050644390285015,2.5396940261125565,1.7410762943327427,2,1,1,3
2nd_avenue/north_to_south/015_n00065_S_L.jpg,vertical_greenery,avenue_secondary,3,1;2;3,0,2.3808148065581918,2.0000000596046448,1.397216945886612,1,1,1,2
2nd_avenue/north_to_south/015_n00065_S_L.jpg,sky_openness,avenue_secondary,3,1;2;3,0,2.7540125381201506,2.056778833270073,2.0606517046689987,2,2,2,2
2nd_avenue/north_to_south/015_n00065_S_L.jpg,vertical_hardscape,avenue_secondary,4,3;4;5;6,0,4.615354310721159,4.59369769692421,4.923688732087612,5,5,5,2
2nd_avenue/north_to_south/015_n00065_S_L.jpg,green_softening,avenue_secondary,3,2;3;5,1,3.3668866343796253,3.0817412585020065,2.7370191290974617,2,2,2,3
Tunnel_Exit_Street/south_to_north/004_n00249_N_R.jpg,vertical_greenery,other,3,1;2;3,0,2.526437683030963,2.216985911130905,1.5811265408992767,3,1,1,2
Tunnel_Exit_Street/south_to_north/004_n00249_N_R.jpg,sky_openness,other,3,1;2;3,0,2.4339502761140466,2.0000001788139343,2.0000000596046448,2,2,2,2
Tunnel_Exit_Street/south_to_north/004_n00249_N_R.jpg,vertical_hardscape,other,3,4;5;6,0,4.731689655221999,5.0,5.545268923044205,5,6,6,2
Tunnel_Exit_Street/south_to_north/004_n00249_N_R.jpg,green_softening,other,3,2;3;5,1,3.4385963939130306,3.1260649114847183,2.8051450923085213,3,3,2,3
east_40th_street/west_to_east/029_n00577_E_R.jpg,vertical_greenery,mid_block,3,3;4;5,0,3.9026885498315096,3.931597515940666,4.241278901696205,4,4,5,3
east_40th_street/west_to_east/029_n00577_E_R.jpg,sky_openness,mid_block,3,1;2;3,0,2.6247416604310274,1.9004829078912735,1.961035430431366,2,2,2,2
east_40th_street/west_to_east/029_n00577_E_R.jpg,vertical_hardscape,mid_block,3,5;6;7,0,5.326466711238027,5.954275161027908,6.721025504171848,5,7,7,2
east_40th_street/west_to_east/029_n00577_E_R.jpg,green_softening,mid_block,3,3;5;6,1,4.7652151035144925,4.833725124597549,5.097782984375954,5,5,5,2
east_36th_street/west_to_east/022_n00382_E_L.jpg,vertical_greenery,mid_block,2,1;2,0,1.6823872802779078,1.2450850307941437,1.1192029416561127,1,1,1,2
east_36th_street/west_to_east/022_n00382_E_L.jpg,sky_openness,mid_block,2,1;2,0,2.231390444561839,1.5,1.3775407075881958,1,1,1,2
east_36th_street/west_to_east/022_n00382_E_L.jpg,vertical_hardscape,mid_block,3,3;4;5,0,4.652963118162006,4.354180544614792,4.375815451145172,5,5,5,2
east_36th_street/west_to_east/022_n00382_E_L.jpg,green_softening,mid_block,3,2;3;5,1,3.5022616162896156,3.182054489850998,2.599846512079239,3,2,2,3
Park_Ave_West/south_to_north/020_n00228_N_L.jpg,vertical_greenery,avenue_canyon,3,1;2;3,0,2.791159737855196,2.332146018743515,1.720714807510376,3,1,1,2
Park_Ave_West/south_to_north/020_n00228_N_L.jpg,sky_openness,avenue_canyon,2,1;2,0,2.6255382858216763,1.5621765553951263,1.3775407075881958,2,1,1,2
Park_Ave_West/south_to_north/020_n00228_N_L.jpg,vertical_hardscape,avenue_canyon,3,5;6;7,0,5.012197746429592,5.6913352608680725,6.641685374081135,5,7,7,2
Park_Ave_West/south_to_north/020_n00228_N_L.jpg,green_softening,avenue_canyon,4,2;3;4;5,0,3.794827476143837,3.5364236533641815,3.0729841589927673,3,3,3,2
3rd_avenue/south_to_north/029_n00108_N_L.jpg,vertical_greenery,avenue_secondary,3,1;2;3,0,2.195026564411819,1.7118017226457596,1.289215326309204,1,1,1,2
3rd_avenue/south_to_north/029_n00108_N_L.jpg,sky_openness,avenue_secondary,3,2;3;4,0,3.49808020144701,2.913512945175171,3.2905156314373016,2,3,3,3
3rd_avenue/south_to_north/029_n00108_N_L.jpg,vertical_hardscape,avenue_secondary,2,6;7,0,6.304161523235962,6.8175742626190186,6.731058359146118,7,7,7,2
3rd_avenue/south_to_north/029_n00108_N_L.jpg,green_softening,avenue_secondary,4,2;3;4;5,0,3.695840137079358,3.4683134257793427,2.8919088132679462,3,3,2,3
Tunnel_Exit_Street/north_to_south/009_n00258_S_L.jpg,vertical_greenery,other,2,3;4,0,3.42076054494828,3.4378234148025513,3.348645329475403,3,3,3,2
Tunnel_Exit_Street/north_to_south/009_n00258_S_L.jpg,sky_openness,other,3,1;2;3,0,2.71501830779016,1.9315975159406662,2.1052433252334595,2,2,3,3
Tunnel_Exit_Street/north_to_south/009_n00258_S_L.jpg,vertical_hardscape,other,3,4;5;6,0,4.806061658076942,5.0293795466423035,5.663922160863876,5,6,6,2
Tunnel_Exit_Street/north_to_south/009_n00258_S_L.jpg,green_softening,other,3,3;4;5,0,4.320784633979201,4.1486161053180695,4.025539845228195,5,4,4,2
east_40th_street/west_to_east/032_n00580_E_R.jpg,vertical_greenery,mid_block,3,1;2;3,0,2.187612636014819,1.8593010008335114,1.329036146402359,1,1,1,2
east_40th_street/west_to_east/032_n00580_E_R.jpg,sky_openness,mid_block,3,1;2;3,0,2.508995722979307,1.8638775497674942,1.9240374863147736,2,2,1,3
east_40th_street/west_to_east/032_n00580_E_R.jpg,vertical_hardscape,mid_block,4,3;4;5;6,0,4.647037835326046,4.612186849117279,4.866684213280678,5,5,5,2
east_40th_street/west_to_east/032_n00580_E_R.jpg,green_softening,mid_block,3,2;3;5,1,3.648208439350128,3.3348333537578583,2.833890177309513,3,3,2,3
Park_Ave_East/south_to_north/009_n00122_N_R.jpg,vertical_greenery,avenue_canyon,3,1;2;3,0,2.817151978611946,2.234382212162018,1.7012802511453629,3,1,1,2
Park_Ave_East/south_to_north/009_n00122_N_R.jpg,sky_openness,avenue_canyon,3,2;3;4,0,3.100176904350519,2.835046172142029,3.1285210251808167,2,3,3,2
Park_Ave_East/south_to_north/009_n00122_N_R.jpg,vertical_hardscape,avenue_canyon,3,4;5;6,0,4.903403064701706,5.025539845228195,5.404931962490082,5,5,5,3
Park_Ave_East/south_to_north/009_n00122_N_R.jpg,green_softening,avenue_canyon,2,3;5,1,3.863510811701417,3.9375810027122498,3.2659284323453903,3,3,3,2
tudor_city_place/south_to_north/005_n00765_N_L.jpg,vertical_greenery,other,3,3;4;5,0,4.152915482409298,3.9999998807907104,3.807781457901001,4,3,3,3
tudor_city_place/south_to_north/005_n00765_N_L.jpg,sky_openness,other,3,1;2;3,0,2.8852592315524817,2.093737870454788,2.0332755744457245,2,2,2,2
tudor_city_place/south_to_north/005_n00765_N_L.jpg,vertical_hardscape,other,3,3;4;5,0,4.456741916015744,4.216985777020454,4.171534538269043,5,5,5,2
tudor_city_place/south_to_north/005_n00765_N_L.jpg,green_softening,other,4,3;4;5;6,0,4.7529606961179525,4.662537410855293,4.849037144333124,5,5,5,2
Tunnel_Exit_Street/south_to_north/005_n00250_N_L.jpg,vertical_greenery,other,3,1;2;3,0,1.8444187990389764,1.6083498150110245,1.2460162788629532,1,1,1,2
Tunnel_Exit_Street/south_to_north/005_n00250_N_L.jpg,sky_openness,other,3,1;2;3,0,2.811632351949811,2.0606516897678375,2.0332755744457245,2,2,2,2
Tunnel_Exit_Street/south_to_north/005_n00250_N_L.jpg,vertical_hardscape,other,3,4;5;6,0,4.873740149196237,5.029379487037659,5.474406212568283,5,6,6,3
Tunnel_Exit_Street/south_to_north/005_n00250_N_L.jpg,green_softening,other,3,2;3;5,1,3.3899641428142786,3.1820546984672546,2.6233439296483994,3,2,2,3
madison_avenue/south_to_north/022_n00744_N_R.jpg,vertical_greenery,avenue_canyon,3,2;3;4,0,3.2204091046005487,3.087950587272644,2.560141086578369,3,2,2,3
madison_avenue/south_to_north/022_n00744_N_R.jpg,sky_openness,avenue_canyon,3,1;2;3,0,2.608744289726019,1.9315974414348602,2.031328022480011,2,2,2,2
madison_avenue/south_to_north/022_n00744_N_R.jpg,vertical_hardscape,avenue_canyon,3,4;5;6,0,4.688327708747238,4.906261920928955,5.215906381607056,5,5,5,3
madison_avenue/south_to_north/022_n00744_N_R.jpg,green_softening,avenue_canyon,3,3;4;5,0,3.9996409956365824,3.9527915716171265,3.8943290263414383,3,4,4,2
Park_Ave_Tunnel_Segment/east_to_west/016_n00189_W_R.jpg,vertical_greenery,avenue_canyon,3,2;3;4,0,3.159261019900441,3.0332753360271454,2.337508589029312,3,2,2,2
Park_Ave_Tunnel_Segment/east_to_west/016_n00189_W_R.jpg,sky_openness,avenue_canyon,3,2;3;4,0,3.2784706987440586,2.868308871984482,3.136122465133667,2,3,3,3
Park_Ave_Tunnel_Segment/east_to_west/016_n00189_W_R.jpg,vertical_hardscape,avenue_canyon,3,4;5;6,0,4.865335239097476,5.060651421546936,5.349448412656784,5,5,6,3
Park_Ave_Tunnel_Segment/east_to_west/016_n00189_W_R.jpg,green_softening,avenue_canyon,2,2;3,0,3.314553827047348,2.5312092900276184,2.377540737390518,3,2,2,2
east_39th_street/east_to_west/026_n00523_W_L.jpg,vertical_greenery,mid_block,3,2;3;4,0,3.2067696577869356,3.087950497865677,2.6199116110801697,3,2,2,3
east_39th_street/east_to_west/026_n00523_W_L.jpg,sky_openness,mid_block,4,1;2;3;4,0,2.8983006700873375,2.369817554950714,2.443304717540741,2,2,2,2
east_39th_street/east_to_west/026_n00523_W_L.jpg,vertical_hardscape,mid_block,3,4;5;6,0,4.685970710590482,4.943221181631088,5.313145101070404,5,5,5,3
east_39th_street/east_to_west/026_n00523_W_L.jpg,green_softening,mid_block,3,3;4;5,0,3.938016379252076,3.9513999819755554,3.784093752503395,3,4,3,3
3rd_avenue/north_to_south/026_n00088_S_L.jpg,vertical_greenery,avenue_secondary,3,3;4;5,0,4.137929557356983,4.033275321125984,4.068402484059334,4,4,4,2
3rd_avenue/north_to_south/026_n00088_S_L.jpg,sky_openness,avenue_secondary,3,2;3;4,0,3.3830534666776657,2.8891268372535706,3.2239282727241516,3,3,3,3
3rd_avenue/north_to_south/026_n00088_S_L.jpg,vertical_hardscape,avenue_secondary,2,4;5,0,4.739329669158906,4.651354730129242,4.592666864395142,5,5,5,2
3rd_avenue/north_to_south/026_n00088_S_L.jpg,green_softening,avenue_secondary,3,4;5;6,0,4.92506394139491,5.052947998046875,5.177145406603813,5,5,5,2
east_42nd_street/west_to_east/007_n00647_E_R.jpg,vertical_greenery,mid_block,2,1;2,0,1.8162508346140385,1.2227001786231995,1.1066906154155731,1,1,1,2
east_42nd_street/west_to_east/007_n00647_E_R.jpg,sky_openness,mid_block,2,1;2,0,2.2004248332232237,1.562176525592804,1.3775407075881958,2,1,1,2
east_42nd_street/west_to_east/007_n00647_E_R.jpg,vertical_hardscape,mid_block,1,7,0,6.613222897751257,7.0,7.0,7,7,7,1
east_42nd_street/west_to_east/007_n00647_E_R.jpg,green_softening,mid_block,4,1;2;3;5,1,3.1459217593073845,2.622212693095207,1.8253179155290127,2,1,1,3
Tunnel_Exit_Street/south_to_north/008_n00253_N_L.jpg,vertical_greenery,other,1,1,0,1.1973295495845377,1.0,1.0,1,1,1,1
Tunnel_Exit_Street/south_to_north/008_n00253_N_L.jpg,sky_openness,other,2,1;2,0,2.080325998365879,1.4687906503677368,1.3486452102661133,1,1,1,2
Tunnel_Exit_Street/south_to_north/008_n00253_N_L.jpg,vertical_hardscape,other,3,4;5;6,0,4.74303734395653,5.0606513023376465,5.752862557768822,5,6,6,2
Tunnel_Exit_Street/south_to_north/008_n00253_N_L.jpg,green_softening,other,4,1;2;3;5,1,3.3847311325371265,2.8524398654699326,1.9976147338747978,2,1,1,3
east_39th_street/west_to_east/027_n00528_E_R.jpg,vertical_greenery,mid_block,3,1;2;3,0,2.6221107617020607,2.1268042623996735,1.5464140474796295,3,1,1,2
east_39th_street/west_to_east/027_n00528_E_R.jpg,sky_openness,mid_block,3,1;2;3,0,2.6252613216638565,1.9315975457429886,1.9203976392745972,2,1,1,3
east_39th_street/west_to_east/027_n00528_E_R.jpg,vertical_hardscape,mid_block,4,4;5;6;7,0,5.056306764483452,5.459391295909882,6.1808401346206665,5,7,6,3
east_39th_street/west_to_east/027_n00528_E_R.jpg,green_softening,mid_block,2,2;3,0,3.2394029162824154,2.5926666855812073,2.294214963912964,3,2,2,2
3rd_avenue/north_to_south/006_n00108_S_R.jpg,vertical_greenery,avenue_secondary,4,1;2;3;4,0,2.8868815060704947,2.483771562576294,1.7525731325149536,3,1,1,2
3rd_avenue/north_to_south/006_n00108_S_R.jpg,sky_openness,avenue_secondary,3,1;2;3,0,2.6651231329888105,1.9393484741449356,2.0995171517133713,2,2,2,2
3rd_avenue/north_to_south/006_n00108_S_R.jpg,vertical_hardscape,avenue_secondary,3,5;6;7,0,5.796123055741191,6.18926814198494,6.856772053986788,7,7,7,2
3rd_avenue/north_to_south/006_n00108_S_R.jpg,green_softening,avenue_secondary,3,3;4;5,0,4.013427764177322,4.048600047826767,3.6683473512530327,5,3,3,3
east_39th_street/west_to_east/009_n00510_E_R.jpg,vertical_greenery,mid_block,3,2;3;4,0,3.193609807640314,3.052947849035263,2.863704264163971,3,3,3,2
east_39th_street/west_to_east/009_n00510_E_R.jpg,sky_openness,mid_block,3,1;2;3,0,2.6281709652394056,1.9354638308286667,2.0000001192092896,2,2,2,2
east_39th_street/west_to_east/009_n00510_E_R.jpg,vertical_hardscape,mid_block,3,4;5;6,0,4.901005635969341,4.976323127746582,5.336165130138397,5,5,5,3
east_39th_street/west_to_east/009_n00510_E_R.jpg,green_softening,mid_block,3,3;4;5,0,4.29663641192019,4.0955893993377686,3.8530011773109436,5,4,4,2
east_37th_street/west_to_east/017_n00424_E_R.jpg,vertical_greenery,mid_block,3,1;2;3,0,1.9736174792051315,1.734413668513298,1.350972756743431,1,1,1,2
east_37th_street/west_to_east/017_n00424_E_R.jpg,sky_openness,mid_block,3,1;2;3,0,2.487741058692336,1.85638128221035,1.9168830513954163,2,1,1,2
east_37th_street/west_to_east/017_n00424_E_R.jpg,vertical_hardscape,mid_block,3,5;6;7,0,5.170151241822168,5.645819455385208,6.52780456840992,5,7,7,2
east_37th_street/west_to_east/017_n00424_E_R.jpg,green_softening,mid_block,3,2;3;5,1,3.32708727940917,3.0817414075136185,2.599846512079239,2,2,2,3
east_39th_street/west_to_east/010_n00511_E_R.jpg,vertical_greenery,mid_block,3,1;2;3,0,2.498633268289268,2.158081516623497,1.6241845488548279,3,1,1,2
east_39th_street/west_to_east/010_n00511_E_R.jpg,sky_openness,mid_block,3,1;2;3,0,2.4747333396226168,1.8166900724172592,1.959235668182373,1,1,1,3
east_39th_street/west_to_east/010_n00511_E_R.jpg,vertical_hardscape,mid_block,2,5;6,0,5.103067752206698,5.245085000991821,5.531209707260132,5,6,6,2
east_39th_street/west_to_east/010_n00511_E_R.jpg,green_softening,mid_block,4,2;3;4;5,0,3.7986005526036024,3.54665669798851,2.965984731912613,3,3,2,3
east_38th_street/west_to_east/045_n00499_E_L.jpg,vertical_greenery,mid_block,2,3;4,0,3.497845781967044,3.468790829181671,3.294214963912964,3,3,3,2
east_38th_street/west_to_east/045_n00499_E_L.jpg,sky_openness,mid_block,3,2;3;4,0,3.1910667903721333,2.7207147628068924,3.2412789165973663,2,3,4,3
east_38th_street/west_to_east/045_n00499_E_L.jpg,vertical_hardscape,mid_block,3,5;6;7,0,5.387987784575671,5.851383477449417,6.686933599412441,5,7,7,2
east_38th_street/west_to_east/045_n00499_E_L.jpg,green_softening,mid_block,3,2;3;5,1,3.469924971461296,3.1328083872795105,2.6827012076973915,3,2,2,3
tudor_city_place/north_to_south/006_n00760_S_L.jpg,vertical_greenery,other,3,2;3;4,0,3.1570518349763006,3.0529478788375854,2.859740912914276,3,3,3,2
tudor_city_place/north_to_south/006_n00760_S_L.jpg,sky_openness,other,3,1;2;3,0,2.5045358929783106,1.8258368521928787,1.961035430431366,2,2,2,2
tudor_city_place/north_to_south/006_n00760_S_L.jpg,vertical_hardscape,other,1,5,0,4.991562857525423,5.0,5.0,5,5,5,1
tudor_city_place/north_to_south/006_n00760_S_L.jpg,green_softening,other,3,3;4;5,0,4.023902545683086,3.9999999403953552,3.6553357020020485,3,4,3,3
east_35th_street/east_to_west/042_n00319_W_R.jpg,vertical_greenery,mid_block,2,3;4,0,3.7876363079994917,3.562176376581192,3.294214963912964,4,3,3,2
east_35th_street/east_to_west/042_n00319_W_R.jpg,sky_openness,mid_block,3,2;3;4,0,3.0727950427681208,2.7830142080783844,3.037107825279236,2,3,3,2
east_35th_street/east_to_west/042_n00319_W_R.jpg,vertical_hardscape,mid_block,3,4;5;6,0,4.840455984696746,5.0274448692798615,5.3499031364917755,5,6,5,3
east_35th_street/east_to_west/042_n00319_W_R.jpg,green_softening,mid_block,3,2;3;4,0,3.3858616836369038,2.8714791238307953,2.8063986003398895,3,3,3,2
lexington_avenue/north_to_south/016_n00707_S_R.jpg,vertical_greenery,avenue_canyon,3,2;3;4,0,3.175613154191524,3.0606517493724823,2.536112517118454,3,2,2,3
lexington_avenue/north_to_south/016_n00707_S_R.jpg,sky_openness,avenue_canyon,4,1;2;3;4,0,3.0759761445224285,2.440594971179962,2.515922024846077,2,2,2,3
lexington_avenue/north_to_south/016_n00707_S_R.jpg,vertical_hardscape,avenue_canyon,3,4;5;6,0,4.823505209758878,4.999999701976776,5.25888466835022,5,5,5,3
lexington_avenue/north_to_south/016_n00707_S_R.jpg,green_softening,avenue_canyon,3,3;4;5,0,4.310838190838695,4.148615807294846,4.093737930059433,5,4,4,2
east_40th_street/east_to_west/044_n00551_W_L.jpg,vertical_greenery,mid_block,3,1;2;3,0,2.152755219489336,1.6358247846364975,1.2404727935791016,1,1,1,2
east_40th_street/east_to_west/044_n00551_W_L.jpg,sky_openness,mid_block,2,1;2,0,2.140857422724366,1.4687906503677368,1.3208213448524475,1,1,1,2
east_40th_street/east_to_west/044_n00551_W_L.jpg,vertical_hardscape,mid_block,3,5;6;7,0,5.296528828330338,5.761931747198105,6.791762087494135,5,7,7,2
east_40th_street/east_to_west/044_n00551_W_L.jpg,green_softening,mid_block,3,2;3;5,1,3.8670502193272114,3.508624941110611,2.7084860652685165,3,2,2,3
Tunnel_Exit_Street/south_to_north/018_n00263_N_L.jpg,vertical_greenery,other,1,1,0,1.4444064125418663,1.0,1.0,1,1,1,1
Tunnel_Exit_Street/south_to_north/018_n00263_N_L.jpg,sky_openness,other,2,1;2,0,1.915034918114543,1.3486451506614685,1.3208213448524475,1,1,1,2
Tunnel_Exit_Street/south_to_north/018_n00263_N_L.jpg,vertical_hardscape,other,3,5;6;7,0,5.772944304626435,6.189267933368683,6.715972624719143,7,7,7,2
Tunnel_Exit_Street/south_to_north/018_n00263_N_L.jpg,green_softening,other,3,2;3;5,1,3.3509968295693398,3.2006628811359406,2.7932553589344025,2,2,2,3
madison_avenue/north_to_south/004_n00753_S_L.jpg,vertical_greenery,avenue_canyon,3,1;2;3,0,2.8340531904250383,2.1892682015895844,1.5044689774513245,3,1,1,2
madison_avenue/north_to_south/004_n00753_S_L.jpg,sky_openness,avenue_canyon,3,1;2;3,0,2.796186927706003,1.9004829078912735,2.0371078550815582,2,2,2,2
madison_avenue/north_to_south/004_n00753_S_L.jpg,vertical_hardscape,avenue_canyon,3,5;6;7,0,5.101762074045837,5.78301414847374,6.801784437149763,5,7,7,2
madison_avenue/north_to_south/004_n00753_S_L.jpg,green_softening,avenue_canyon,3,3;4;5,0,3.994044542312622,3.9044109880924225,3.8638777434825897,3,4,3,3
Park_Ave_Tunnel_Segment/west_to_east/046_n00197_E_L.jpg,vertical_greenery,avenue_canyon,3,1;2;3,0,2.0879090214148164,1.7991676777601242,1.4208481088280678,1,1,1,2
Park_Ave_Tunnel_Segment/west_to_east/046_n00197_E_L.jpg,sky_openness,avenue_canyon,3,1;2;3,0,2.4150008130818605,1.8351574540138245,1.8490447998046875,2,1,1,3
Park_Ave_Tunnel_Segment/west_to_east/046_n00197_E_L.jpg,vertical_hardscape,avenue_canyon,3,4;5;6,0,4.816158894449472,5.056778788566589,5.386210054159164,5,6,6,3
Park_Ave_Tunnel_Segment/west_to_east/046_n00197_E_L.jpg,green_softening,avenue_canyon,2,2;3,0,3.174438117071986,2.5,2.294214963912964,2,2,2,2
Tunnel_Exit_Street/south_to_north/015_n00260_N_R.jpg,vertical_greenery,other,4,3;4;5;6,0,4.332583388313651,4.5016800314188,4.714203700423241,4,5,5,3
Tunnel_Exit_Street/south_to_north/015_n00260_N_R.jpg,sky_openness,other,3,1;2;3,0,2.3707428704947233,1.7974936068058014,1.883633404970169,2,1,1,3
Tunnel_Exit_Street/south_to_north/015_n00260_N_R.jpg,vertical_hardscape,other,3,5;6;7,0,5.703346102498472,6.12168687582016,6.622878924012184,7,7,7,2
Tunnel_Exit_Street/south_to_north/015_n00260_N_R.jpg,green_softening,other,1,5,0,4.9027907132403925,5.0,5.0,5,5,5,1
Park_Ave_West/north_to_south/017_n00229_S_L.jpg,vertical_greenery,avenue_canyon,3,3;4;5,0,4.0061657899059355,3.9354638159275055,4.113235890865326,4,4,4,2
Park_Ave_West/north_to_south/017_n00229_S_L.jpg,sky_openness,avenue_canyon,3,1;2;3,0,2.8256524689495564,2.064536064863205,2.0995171517133713,2,2,2,2
Park_Ave_West/north_to_south/017_n00229_S_L.jpg,vertical_hardscape,avenue_canyon,3,3;4;5,0,4.572209697216749,4.343497812747955,4.307575821876526,5,5,5,3
Park_Ave_West/north_to_south/017_n00229_S_L.jpg,green_softening,avenue_canyon,3,4;5;6,0,4.88348513818346,5.056778848171234,5.205112978816032,5,5,5,2
east_36th_street/west_to_east/003_n00363_E_R.jpg,vertical_greenery,mid_block,3,1;2;3,0,2.5273436908610165,2.2240611612796783,1.594344899058342,3,1,1,2
east_36th_street/west_to_east/003_n00363_E_R.jpg,sky_openness,mid_block,3,2;3;4,0,3.109395468607545,2.790898382663727,3.155418038368225,2,3,3,3
east_36th_street/west_to_east/003_n00363_E_R.jpg,vertical_hardscape,mid_block,3,4;5;6,0,4.722743667662144,4.968672096729279,5.238364726305008,5,5,5,3
east_36th_street/west_to_east/003_n00363_E_R.jpg,green_softening,mid_block,3,2;3;5,1,3.618805516511202,3.2740687131881714,2.942101538181305,3,3,2,3
2nd_avenue/north_to_south/016_n00064_S_R.jpg,vertical_greenery,avenue_secondary,2,3;4,0,3.359517578035593,3.3775404691696167,3.2227002382278442,3,3,3,2
2nd_avenue/north_to_south/016_n00064_S_R.jpg,sky_openness,avenue_secondary,3,2;3;4,0,3.0633821096271276,2.783014237880707,3.0645362436771393,2,3,3,2
2nd_avenue/north_to_south/016_n00064_S_R.jpg,vertical_hardscape,avenue_secondary,3,4;5;6,0,4.887302829185501,5.0,5.309861361980438,5,5,5,3
2nd_avenue/north_to_south/016_n00064_S_R.jpg,green_softening,avenue_secondary,3,3;4;5,0,4.250794627703726,4.098259687423706,3.886764109134674,5,4,4,2
Park_Ave_West/north_to_south/032_n00214_S_R.jpg,vertical_greenery,avenue_canyon,3,2;3;4,0,3.0984273571521044,2.9706203937530518,2.705478936433792,3,3,2,3
Park_Ave_West/north_to_south/032_n00214_S_R.jpg,sky_openness,avenue_canyon,3,1;2;3,0,2.7608777452260256,1.9667243957519531,2.0371078550815582,2,2,2,2
Park_Ave_West/north_to_south/032_n00214_S_R.jpg,vertical_hardscape,avenue_canyon,3,5;6;7,0,5.178094224072993,5.612206771969795,6.513224169611931,5,7,7,2
Park_Ave_West/north_to_south/032_n00214_S_R.jpg,green_softening,avenue_canyon,3,3;4;5,0,4.033034462481737,3.9999998211860657,3.6505514308810234,3,3,3,3
1st_avenue/south_to_north/035_n00034_N_R.jpg,vertical_greenery,avenue_secondary,3,1;2;3,0,2.512179229874164,2.164842650294304,1.705535739660263,2,1,1,3
1st_avenue/south_to_north/035_n00034_N_R.jpg,sky_openness,avenue_secondary,4,3;4;5;6,0,4.45589582901448,4.592829138040543,4.973117709159851,4,5,6,3
1st_avenue/south_to_north/035_n00034_N_R.jpg,vertical_hardscape,avenue_secondary,2,5;7,1,5.333882413804531,6.062418967485428,6.12435320019722,7,7,7,2
1st_avenue/south_to_north/035_n00034_N_R.jpg,green_softening,avenue_secondary,4,2;3;4;5,0,3.897101638838649,3.557719200849533,3.019743677228689,3,3,3,2
1st_avenue/south_to_north/004_n00003_N_L.jpg,vertical_greenery,avenue_secondary,3,1;2;3,0,2.484550277935341,2.2025063931941986,1.6230947077274323,2,1,1,2
1st_avenue/south_to_north/004_n00003_N_L.jpg,sky_openness,avenue_secondary,3,1;2;3,0,2.8586455155164003,2.0293793976306915,2.120872139930725,2,2,2,2
1st_avenue/south_to_north/004_n00003_N_L.jpg,vertical_hardscape,avenue_secondary,3,4;5;6,0,4.847689047921449,4.972554981708527,5.380088150501251,5,5,6,3
1st_avenue/south_to_north/004_n00003_N_L.jpg,green_softening,avenue_secondary,3,2;3;5,1,3.7338132932782173,3.4820768535137177,2.864651672542095,3,3,3,2
Tunnel_Exit_Street/north_to_south/017_n00250_S_R.jpg,vertical_greenery,other,3,1;2;3,0,2.6004575341939926,2.2536090910434723,1.7118018567562103,3,1,1,2
Tunnel_Exit_Street/north_to_south/017_n00250_S_R.jpg,sky_openness,other,4,2;3;4;5,0,3.8150385301560163,3.480358809232712,3.7319025099277496,4,4,4,3
Tunnel_Exit_Street/north_to_south/017_n00250_S_R.jpg,vertical_hardscape,other,3,4;5;6,0,4.813220966607332,5.000000149011612,5.368949443101883,5,6,5,3
Tunnel_Exit_Street/north_to_south/017_n00250_S_R.jpg,green_softening,other,3,3;4;5,0,4.0531500075012445,4.000000059604645,3.6119397655129433,3,3,3,3
tudor_city_place/south_to_north/006_n00763_N_R.jpg,vertical_greenery,other,3,3;4;5,0,3.8109220610931516,3.8638777285814285,3.8166902512311935,4,3,3,3
tudor_city_place/south_to_north/006_n00763_N_R.jpg,sky_openness,other,3,1;2;3,0,2.469288084656,1.9686719924211502,1.966724544763565,2,2,2,2
tudor_city_place/south_to_north/006_n00763_N_R.jpg,vertical_hardscape,other,2,4;5,0,4.8635869631543756,4.7549147605896,4.651355147361755,5,5,5,2
tudor_city_place/south_to_north/006_n00763_N_R.jpg,green_softening,other,3,3;4;5,0,4.248116233386099,4.098259896039963,4.155418112874031,5,4,5,3
Tunnel_Exit_Street/south_to_north/007_n00252_N_L.jpg,vertical_greenery,other,1,1,0,1.5881330771371722,1.0,1.0,1,1,1,1
Tunnel_Exit_Street/south_to_north/007_n00252_N_L.jpg,sky_openness,other,2,1;2,0,2.3743050917983055,1.622459352016449,1.4687907099723816,2,1,1,2
Tunnel_Exit_Street/south_to_north/007_n00252_N_L.jpg,vertical_hardscape,other,4,3;4;5;6,0,4.6733688758686185,4.646300956606865,5.042829059064388,5,5,6,3
Tunnel_Exit_Street/south_to_north/007_n00252_N_L.jpg,green_softening,other,2,3;5,1,4.082289807498455,4.185333430767059,3.29609452188015,5,3,3,2
Park_Ave_East/south_to_north/011_n00124_N_R.jpg,vertical_greenery,avenue_canyon,3,1;2;3,0,2.676670840010047,2.2881981432437897,1.6122067719697952,3,1,1,2
Park_Ave_East/south_to_north/011_n00124_N_R.jpg,sky_openness,avenue_canyon,2,1;2,0,2.501735333353281,1.651354819536209,1.5,2,1,1,2
Park_Ave_East/south_to_north/011_n00124_N_R.jpg,vertical_hardscape,avenue_canyon,3,4;5;6,0,4.873740149196237,5.029379487037659,5.393174886703491,5,5,6,3
Park_Ave_East/south_to_north/011_n00124_N_R.jpg,green_softening,avenue_canyon,4,2;3;4;5,0,3.788214322179556,3.522251844406128,3.0394606478512287,3,3,3,2
madison_avenue/north_to_south/014_n00743_S_L.jpg,vertical_greenery,avenue_canyon,3,1;2;3,0,2.6825530882924795,1.8162896931171417,1.1652730703353882,1,1,1,2
madison_avenue/north_to_south/014_n00743_S_L.jpg,sky_openness,avenue_canyon,2,1;2,0,2.247417315840721,1.4378235340118408,1.3486452102661133,1,1,1,2
madison_avenue/north_to_south/014_n00743_S_L.jpg,vertical_hardscape,avenue_canyon,3,5;6;7,0,5.9087811494246125,6.326735109090805,6.80052212625742,7,7,7,2
madison_avenue/north_to_south/014_n00743_S_L.jpg,green_softening,avenue_canyon,3,1;2;3,0,2.8064119182527065,2.0352068841457367,1.7411151379346848,2,2,1,3
east_38th_street/west_to_east/020_n00474_E_R.jpg,vertical_greenery,mid_block,3,3;4;5,0,3.890931114554405,3.8638775795698166,3.694018304347992,4,3,3,3
east_38th_street/west_to_east/020_n00474_E_R.jpg,sky_openness,mid_block,4,1;2;3;4,0,2.9042768497020006,2.419379413127899,2.4460909217596054,2,2,2,2
east_38th_street/west_to_east/020_n00474_E_R.jpg,vertical_hardscape,mid_block,2,4;5,0,4.761468137148768,4.7310585379600525,4.679178833961487,5,5,5,2
east_38th_street/west_to_east/020_n00474_E_R.jpg,green_softening,mid_block,2,5;6,0,4.858882362022996,5.294215142726898,5.407333731651306,5,5,5,2
Park_Ave_Tunnel_Segment/west_to_east/056_n00206_E_R.jpg,vertical_greenery,avenue_canyon,2,3;4,0,3.5355996345169842,3.4073333144187927,3.3775407671928406,3,3,3,2
Park_Ave_Tunnel_Segment/west_to_east/056_n00206_E_R.jpg,sky_openness,avenue_canyon,4,3;4;5;6,0,4.401395468041301,4.548321962356567,4.92821192741394,6,5,6,3
Park_Ave_Tunnel_Segment/west_to_east/056_n00206_E_R.jpg,vertical_hardscape,avenue_canyon,1,6,0,5.746648776344955,6.0,6.0,6,6,6,1
Park_Ave_Tunnel_Segment/west_to_east/056_n00206_E_R.jpg,green_softening,avenue_canyon,3,2;3;5,1,3.695183305069804,3.4820767641067505,3.0916700065135956,3,3,3,2
east_38th_street/west_to_east/026_n00480_E_L.jpg,vertical_greenery,mid_block,3,2;3;4,0,3.080767417792231,2.968672126531601,2.5126160979270935,3,2,2,3
east_38th_street/west_to_east/026_n00480_E_L.jpg,sky_openness,mid_block,3,2;3;4,0,3.28421488776803,2.7908987402915955,3.2412789165973663,2,3,3,3
east_38th_street/west_to_east/026_n00480_E_L.jpg,vertical_hardscape,mid_block,4,3;4;5;6,0,4.483220845460892,4.522019147872925,4.6818496733903885,5,5,5,2
east_38th_street/west_to_east/026_n00480_E_L.jpg,green_softening,mid_block,4,2;3;4;5,0,3.6654105819761753,3.4867249727249146,2.9907418563961983,3,3,3,2
Tunnel_Exit_Street/north_to_south/021_n00246_S_R.jpg,vertical_greenery,other,3,3;4;5,0,4.043783065862954,3.9686721563339233,4.029379293322563,4,4,4,2
Tunnel_Exit_Street/north_to_south/021_n00246_S_R.jpg,sky_openness,other,3,2;3;4,0,3.134885311126709,2.755686432123184,3.1285210251808167,2,3,3,2
Tunnel_Exit_Street/north_to_south/021_n00246_S_R.jpg,vertical_hardscape,other,3,4;5;6,0,4.823385236784816,5.000000149011612,5.238364726305008,5,5,5,3
Tunnel_Exit_Street/north_to_south/021_n00246_S_R.jpg,green_softening,other,4,3;4;5;6,0,4.603212281828746,4.584330320358276,4.706397581845522,5,5,5,3
Park_Ave_Tunnel_Segment/west_to_east/008_n00166_E_R.jpg,vertical_greenery,avenue_canyon,3,4;5;6,0,4.5380611275322735,4.883633404970169,5.1690545082092285,4,5,5,2
Park_Ave_Tunnel_Segment/west_to_east/008_n00166_E_R.jpg,sky_openness,avenue_canyon,2,2;3,0,2.97372711263597,2.468790680170059,2.5621765851974487,2,3,3,2
Park_Ave_Tunnel_Segment/west_to_east/008_n00166_E_R.jpg,vertical_hardscape,avenue_canyon,3,3;4;5,0,4.455281674861908,4.343497768044472,4.224061280488968,5,5,5,3
Park_Ave_Tunnel_Segment/west_to_east/008_n00166_E_R.jpg,green_softening,avenue_canyon,2,5;6,0,5.150176531635225,5.468790292739868,5.679178863763809,5,6,6,2
Park_Ave_Tunnel_Segment/west_to_east/055_n00207_E_L.jpg,vertical_greenery,avenue_canyon,1,1,0,1.32557453494519,1.0,1.0,1,1,1,1
Park_Ave_Tunnel_Segment/west_to_east/055_n00207_E_L.jpg,sky_openness,avenue_canyon,4,2;3;4;5,0,3.879526937380433,3.4965702891349792,3.768995873630047,4,4,4,3
Park_Ave_Tunnel_Segment/west_to_east/055_n00207_E_L.jpg,vertical_hardscape,avenue_canyon,4,3;5;6;7,1,4.787543252110481,5.2492155730724335,5.627410933375359,5,6,7,3
Park_Ave_Tunnel_Segment/west_to_east/055_n00207_E_L.jpg,green_softening,avenue_canyon,3,1;2;3,0,3.215127408504486,1.9999999403953552,1.8351574540138245,2,2,1,3
tudor_city_place/north_to_south/001_n00764_S_L.jpg,vertical_greenery,other,4,1;2;3;4,0,3.1301566548645496,2.5697741508483887,1.6479878574609756,3,1,1,2
tudor_city_place/north_to_south/001_n00764_S_L.jpg,sky_openness,other,3,1;2;3,0,2.9270438123494387,2.0995171666145325,1.9999998807907104,2,2,2,2
tudor_city_place/north_to_south/001_n00764_S_L.jpg,vertical_hardscape,other,3,5;6;7,0,5.194271800573915,5.783014327287674,6.579151965677738,5,7,7,2
tudor_city_place/north_to_south/001_n00764_S_L.jpg,green_softening,other,2,2;3,0,3.2236749678850174,2.4687905609607697,2.32082137465477,2,2,2,2
east_36th_street/west_to_east/047_n00407_E_R.jpg,vertical_greenery,mid_block,3,1;2;3,0,2.2803013818338513,1.9103036522865295,1.289215326309204,1,1,1,2
east_36th_street/west_to_east/047_n00407_E_R.jpg,sky_openness,mid_block,4,3;4;5;6,0,4.0487264059484005,4.349853515625,4.68059990555048,4,4,5,3
east_36th_street/west_to_east/047_n00407_E_R.jpg,vertical_hardscape,mid_block,3,5;6;7,0,5.274879241362214,5.954274952411652,6.820914089679718,5,7,7,2
east_36th_street/west_to_east/047_n00407_E_R.jpg,green_softening,mid_block,4,2;3;4;5,0,3.6999459974467754,3.522251844406128,2.8976881243288517,3,3,2,3
Tunnel_Exit_Street/south_to_north/003_n00248_N_L.jpg,vertical_greenery,other,3,1;2;3,0,2.3212861376814544,2.0389644503593445,1.6241845488548279,2,1,1,2
Tunnel_Exit_Street/south_to_north/003_n00248_N_L.jpg,sky_openness,other,3,1;2;3,0,2.495472462847829,1.863877609372139,1.9203976392745972,2,1,1,3
Tunnel_Exit_Street/south_to_north/003_n00248_N_L.jpg,vertical_hardscape,other,3,5;6;7,0,5.160216018091887,5.612206771969795,6.579151965677738,5,7,7,2
Tunnel_Exit_Street/south_to_north/003_n00248_N_L.jpg,green_softening,other,3,2;3;5,1,3.760649885982275,3.3987163603305817,2.7928234711289406,3,3,2,3
Tunnel_Exit_Street/south_to_north/001_n00246_N_R.jpg,vertical_greenery,other,3,1;2;3,0,2.118073744699359,1.7556863576173782,1.4344615191221237,1,1,1,2
Tunnel_Exit_Street/south_to_north/001_n00246_N_R.jpg,sky_openness,other,3,1;2;3,0,2.727636532858014,2.0293793827295303,2.0606517046689987,2,2,2,2
Tunnel_Exit_Street/south_to_north/001_n00246_N_R.jpg,vertical_hardscape,other,3,5;6;7,0,5.9675563191995025,6.326735183596611,6.898700002580881,7,7,7,2
Tunnel_Exit_Street/south_to_north/001_n00246_N_R.jpg,green_softening,other,3,2;3;5,1,3.493283910676837,3.1724295169115067,2.5389989018440247,3,2,2,3
east_36th_street/west_to_east/044_n00404_E_R.jpg,vertical_greenery,mid_block,3,2;3;4,0,3.4356179563328624,3.1554177701473236,2.675409287214279,3,3,2,3
east_36th_street/west_to_east/044_n00404_E_R.jpg,sky_openness,mid_block,3,2;3;4,0,3.4719691649079323,3.0000001788139343,3.1285210251808167,3,3,3,2
east_36th_street/west_to_east/044_n00404_E_R.jpg,vertical_hardscape,mid_block,3,3;4;5,0,4.44900225661695,4.238067954778671,4.271314188838005,5,5,5,2
east_36th_street/west_to_east/044_n00404_E_R.jpg,green_softening,mid_block,2,2;3,0,3.2106283232569695,2.5926665663719177,2.407333552837372,3,2,2,2
1st_avenue/south_to_north/029_n00028_N_L.jpg,vertical_greenery,avenue_secondary,3,1;2;3,0,2.1798560824245214,1.5464139878749847,1.4097382426261902,1,1,1,2
1st_avenue/south_to_north/029_n00028_N_L.jpg,sky_openness,avenue_secondary,3,2;3;4,0,3.243967726826668,2.737185537815094,3.228680342435837,2,3,3,3
1st_avenue/south_to_north/029_n00028_N_L.jpg,vertical_hardscape,avenue_secondary,2,5;7,1,5.066824339795858,5.490170106291771,6.0,5,5,5,2
1st_avenue/south_to_north/029_n00028_N_L.jpg,green_softening,avenue_secondary,2,5;6,0,4.9405756294727325,5.320821166038513,5.2450850903987885,5,5,5,2
2nd_avenue/north_to_south/026_n00054_S_L.jpg,vertical_greenery,avenue_secondary,2,3;4,0,3.499985027126968,3.4378234148025513,3.294214963912964,3,3,3,2
2nd_avenue/north_to_south/026_n00054_S_L.jpg,sky_openness,avenue_secondary,4,4;5;6;7,0,5.21459064912051,5.67380990087986,6.172683134675026,6,7,7,3
2nd_avenue/north_to_south/026_n00054_S_L.jpg,vertical_hardscape,avenue_secondary,3,3;4;5,0,4.284518983215094,4.1316907703876495,4.042496919631958,5,5,5,2
2nd_avenue/north_to_south/026_n00054_S_L.jpg,green_softening,avenue_secondary,3,3;4;5,0,4.25455064047128,4.092733234167099,3.8530011773109436,5,4,4,2
3rd_avenue/north_to_south/023_n00091_S_R.jpg,vertical_greenery,avenue_secondary,3,1;2;3,0,2.508311290293932,1.9103036224842072,1.2737277001142502,1,1,1,2
3rd_avenue/north_to_south/023_n00091_S_R.jpg,sky_openness,avenue_secondary,4,1;2;3;4,0,3.0202818624675274,2.422887310385704,2.5234473645687103,2,2,3,3
3rd_avenue/north_to_south/023_n00091_S_R.jpg,vertical_hardscape,avenue_secondary,3,4;5;6,0,4.7689375397749245,4.9647926688194275,5.25888466835022,5,5,5,3
3rd_avenue/north_to_south/023_n00091_S_R.jpg,green_softening,avenue_secondary,2,3;5,1,4.279595773667097,4.185333341360092,3.4454003870487213,5,3,3,2
Park_Ave_Tunnel_Segment/west_to_east/009_n00168_E_R.jpg,vertical_greenery,avenue_canyon,2,3;4,0,3.5854689236730337,3.468790650367737,3.268941342830658,3,3,3,2
Park_Ave_Tunnel_Segment/west_to_east/009_n00168_E_R.jpg,sky_openness,avenue_canyon,3,1;2;3,0,2.8382051177322865,2.105242997407913,2.040764331817627,2,2,2,3
Park_Ave_Tunnel_Segment/west_to_east/009_n00168_E_R.jpg,vertical_hardscape,avenue_canyon,1,5,0,4.91850614384748,5.0,5.0,5,5,5,1
Park_Ave_Tunnel_Segment/west_to_east/009_n00168_E_R.jpg,green_softening,avenue_canyon,3,3;4;5,0,4.263481289148331,4.148616164922714,4.120872139930725,5,4,4,2
2nd_avenue/north_to_south/034_n00046_S_R.jpg,vertical_greenery,avenue_secondary,2,1;2,0,1.7167307836934924,1.2227001786231995,1.1066906154155731,1,1,1,2
2nd_avenue/north_to_south/034_n00046_S_R.jpg,sky_openness,avenue_secondary,4,2;3;4;6,1,3.8676229640841484,3.692451551556587,4.125228300690651,4,6,4,3
2nd_avenue/north_to_south/034_n00046_S_R.jpg,vertical_hardscape,avenue_secondary,3,4;5;6,0,4.79549880605191,4.968671977519989,5.238364726305008,5,5,5,3
2nd_avenue/north_to_south/034_n00046_S_R.jpg,green_softening,avenue_secondary,4,2;3;4;5,0,3.6502631790935993,3.4683135747909546,2.9451605305075645,3,3,2,3
Tunnel_Exit_Street/south_to_north/002_n00247_N_R.jpg,vertical_greenery,other,3,1;2;3,0,2.3678063950501382,2.126804143190384,1.5263619124889374,3,1,1,2
Tunnel_Exit_Street/south_to_north/002_n00247_N_R.jpg,sky_openness,other,2,1;2,0,2.2131374534219503,1.5621765553951263,1.4378235340118408,2,1,1,2
Tunnel_Exit_Street/south_to_north/002_n00247_N_R.jpg,vertical_hardscape,other,3,5;6;7,0,5.4232451119460166,5.907267242670059,6.551396116614342,5,7,7,2
Tunnel_Exit_Street/south_to_north/002_n00247_N_R.jpg,green_softening,other,3,2;3;5,1,3.581580203026533,3.182054787874222,2.6827012076973915,3,2,2,3
1st_avenue/north_to_south/006_n00040_S_L.jpg,vertical_greenery,avenue_secondary,3,1;2;3,0,2.194201241247356,2.0000000596046448,1.4434486255049706,2,1,1,2
1st_avenue/north_to_south/006_n00040_S_L.jpg,sky_openness,avenue_secondary,4,3;4;5;6,0,4.294805912300944,4.513064742088318,4.6958833783864975,4,4,5,3
1st_avenue/north_to_south/006_n00040_S_L.jpg,vertical_hardscape,avenue_secondary,3,3;4;5,0,4.085538879036903,3.999999761581421,4.0,3,3,3,3
1st_avenue/north_to_south/006_n00040_S_L.jpg,green_softening,avenue_secondary,2,2;3,0,3.015647266060114,2.5,2.377540737390518,2,2,2,2
east_42nd_street/west_to_east/041_n00681_E_L.jpg,vertical_greenery,mid_block,3,2;3;4,0,3.4561587013304234,3.155418038368225,2.724074363708496,3,3,2,3
east_42nd_street/west_to_east/041_n00681_E_L.jpg,sky_openness,mid_block,3,1;2;3,0,2.7048154082149267,2.0645361691713333,2.035207062959671,2,2,2,2
east_42nd_street/west_to_east/041_n00681_E_L.jpg,vertical_hardscape,mid_block,3,4;5;6,0,4.790919134393334,5.060651481151581,5.579402312636375,5,6,6,2
east_42nd_street/west_to_east/041_n00681_E_L.jpg,green_softening,mid_block,3,3;4;5,0,4.509228361770511,4.244195401668549,4.0000001192092896,5,4,4,2
2nd_avenue/north_to_south/031_n00049_S_R.jpg,vertical_greenery,avenue_secondary,3,1;2;3,0,2.1588837006129324,1.9203976392745972,1.3979175835847855,1,1,1,2
2nd_avenue/north_to_south/031_n00049_S_R.jpg,sky_openness,avenue_secondary,3,2;3;4,0,3.659729864448309,3.0,3.328951209783554,2,4,4,3
2nd_avenue/north_to_south/031_n00049_S_R.jpg,vertical_hardscape,avenue_secondary,3,4;5;6,0,4.795576882082969,5.060651242733002,5.380088150501251,5,5,5,3
2nd_avenue/north_to_south/031_n00049_S_R.jpg,green_softening,avenue_secondary,3,2;3;5,1,3.7776267528533936,3.3987163603305817,2.833890177309513,3,3,2,3
east_34th_street/east_to_west/041_n00273_W_L.jpg,vertical_greenery,mid_block,3,1;2;3,0,2.3666955176740885,1.9044107794761658,1.5044689774513245,1,1,1,2
east_34th_street/east_to_west/041_n00273_W_L.jpg,sky_openness,mid_block,3,1;2;3,0,2.814621288329363,1.9686721414327621,2.0684024542570114,2,2,2,2
east_34th_street/east_to_west/041_n00273_W_L.jpg,vertical_hardscape,mid_block,3,4;5;6,0,4.853080795146525,4.970620691776276,5.223928272724152,5,5,5,3
east_34th_street/east_to_west/041_n00273_W_L.jpg,green_softening,mid_block,3,2;3;5,1,3.5733163952827454,3.2292123436927795,2.873834513127804,3,3,2,3
Tunnel_Exit_Street/north_to_south/011_n00256_S_R.jpg,vertical_greenery,other,1,1,0,2.5629849769175053,1.0,1.0,1,1,1,1
Tunnel_Exit_Street/north_to_south/011_n00256_S_R.jpg,sky_openness,other,2,1;2,0,1.9934470867738128,1.5621765553951263,1.407333493232727,2,1,1,2
Tunnel_Exit_Street/north_to_south/011_n00256_S_R.jpg,vertical_hardscape,other,3,5;6;7,0,5.41334537230432,5.976322829723358,6.2948752492666245,6,6,6,3
Tunnel_Exit_Street/north_to_south/011_n00256_S_R.jpg,green_softening,other,3,1;2;3,0,3.263433713465929,2.116366595029831,1.879127860069275,2,2,2,2
3rd_avenue/north_to_south/033_n00081_S_R.jpg,vertical_greenery,avenue_secondary,3,2;3;4,0,2.980747951194644,2.9470518827438354,2.6336251199245453,3,3,2,3
3rd_avenue/north_to_south/033_n00081_S_R.jpg,sky_openness,avenue_secondary,3,2;3;4,0,3.568085491657257,3.0,3.2239282727241516,3,3,3,3
3rd_avenue/north_to_south/033_n00081_S_R.jpg,vertical_hardscape,avenue_secondary,3,5;6;7,0,5.432047712150961,5.952791929244995,6.75670113041997,5,7,7,2
3rd_avenue/north_to_south/033_n00081_S_R.jpg,green_softening,avenue_secondary,3,3;4;5,0,3.9119259044528008,3.9514001607894897,3.6868549659848213,3,4,3,3
1st_avenue/north_to_south/037_n00009_S_R.jpg,vertical_greenery,avenue_secondary,2,3;4,0,3.4717017239890993,3.4378235936164856,3.245085060596466,3,3,3,2
1st_avenue/north_to_south/037_n00009_S_R.jpg,sky_openness,avenue_secondary,4,3;4;5;6,0,4.290972609072924,4.56217634677887,4.883709914982319,4,6,6,3
1st_avenue/north_to_south/037_n00009_S_R.jpg,vertical_hardscape,avenue_secondary,3,3;4;5,0,4.372928776778281,4.177794128656387,4.083117306232452,5,5,5,2
1st_avenue/north_to_south/037_n00009_S_R.jpg,green_softening,avenue_secondary,3,3;4;5,0,4.017847552895546,3.9999998211860657,3.796947181224823,3,4,3,3
1st_avenue/north_to_south/008_n00038_S_R.jpg,vertical_greenery,avenue_secondary,2,2;3,0,2.6934159165248275,2.6513548493385315,2.32082137465477,3,2,2,2
1st_avenue/north_to_south/008_n00038_S_R.jpg,sky_openness,avenue_secondary,3,1;2;3,0,2.523071361705661,1.82583686709404,1.913512945175171,2,1,1,2
1st_avenue/north_to_south/008_n00038_S_R.jpg,vertical_hardscape,avenue_secondary,2,5;6,0,5.192743091378361,5.6513552069664,5.835483551025391,6,6,6,2
1st_avenue/north_to_south/008_n00038_S_R.jpg,green_softening,avenue_secondary,3,3;4;5,0,3.8537509329617023,3.9044107794761658,3.6683473512530327,3,3,3,3
1st_avenue/south_to_north/042_n00041_N_R.jpg,vertical_greenery,avenue_secondary,3,1;2;3,0,2.091964635066688,1.705535814166069,1.3634989857673645,1,1,1,2
1st_avenue/south_to_north/042_n00041_N_R.jpg,sky_openness,avenue_secondary,3,4;5;6,0,4.601329682394862,5.0,5.560368612408638,4,6,6,3
1st_avenue/south_to_north/042_n00041_N_R.jpg,vertical_hardscape,avenue_secondary,3,5;6;7,0,5.8162557845935225,6.244195342063904,6.846720848232508,7,7,7,2
1st_avenue/south_to_north/042_n00041_N_R.jpg,green_softening,avenue_secondary,4,2;3;4;5,0,3.9434767849743366,3.5810981690883636,2.9882173240184784,3,3,2,3
Park_Ave_Tunnel_Segment/east_to_west/037_n00188_W_L.jpg,vertical_greenery,avenue_canyon,3,4;5;6,0,4.856393090158235,4.968671828508377,5.232587069272995,5,5,5,2
Park_Ave_Tunnel_Segment/east_to_west/037_n00188_W_L.jpg,sky_openness,avenue_canyon,3,2;3;4,0,3.5722352042794228,2.9575032889842987,3.2747773826122284,2,3,4,3
Park_Ave_Tunnel_Segment/east_to_west/037_n00188_W_L.jpg,vertical_hardscape,avenue_canyon,2,4;5,0,4.715840513817966,4.731058418750763,4.651355147361755,5,5,5,2
Park_Ave_Tunnel_Segment/east_to_west/037_n00188_W_L.jpg,green_softening,avenue_canyon,2,5;6,0,5.336110624659341,5.377540826797485,5.6513552069664,5,6,6,2
east_40th_street/west_to_east/017_n00565_E_R.jpg,vertical_greenery,mid_block,3,1;2;3,0,2.2217981964349747,1.92039754986763,1.3849225342273712,1,1,1,2
east_40th_street/west_to_east/017_n00565_E_R.jpg,sky_openness,mid_block,3,2;3;4,0,3.20417894795537,2.7830141186714172,3.155418038368225,2,3,3,3
east_40th_street/west_to_east/017_n00565_E_R.jpg,vertical_hardscape,mid_block,3,4;5;6,0,4.882505082525313,5.0,5.3297021090984344,5,5,5,3
east_40th_street/west_to_east/017_n00565_E_R.jpg,green_softening,mid_block,4,2;3;4;5,0,3.5079298112541437,3.3608354330062866,2.8825791627168655,3,3,2,3
lexington_avenue/south_to_north/006_n00694_N_R.jpg,vertical_greenery,avenue_canyon,2,3;4,0,3.6351714273914695,3.531209260225296,3.4073336124420166,4,3,3,2
lexington_avenue/south_to_north/006_n00694_N_R.jpg,sky_openness,avenue_canyon,4,1;2;3;4,0,2.958920903503895,2.388653501868248,2.539129614830017,2,2,2,3
lexington_avenue/south_to_north/006_n00694_N_R.jpg,vertical_hardscape,avenue_canyon,3,4;5;6,0,4.790327867027372,4.974460005760193,5.238364726305008,5,5,5,3
lexington_avenue/south_to_north/006_n00694_N_R.jpg,green_softening,avenue_canyon,3,3;4;5,0,4.663388382876292,4.409473747014999,4.155418112874031,5,4,5,3
1st_avenue/north_to_south/040_n00006_S_L.jpg,vertical_greenery,avenue_secondary,2,2;3,0,2.6944321072660387,2.6224594116210938,2.377540737390518,3,2,2,2
1st_avenue/north_to_south/040_n00006_S_L.jpg,sky_openness,avenue_secondary,4,2;3;4;5,0,4.000324754044414,3.6321027278900146,4.012826532125473,4,4,5,3
1st_avenue/north_to_south/040_n00006_S_L.jpg,vertical_hardscape,avenue_secondary,3,5;6;7,0,5.428935409989208,5.863673061132431,6.831476755440235,5,7,7,2
1st_avenue/north_to_south/040_n00006_S_L.jpg,green_softening,avenue_secondary,4,2;3;4;5,0,3.673834014683962,3.448420211672783,2.970343764871359,3,3,3,2
Tunnel_Exit_Street/south_to_north/008_n00253_N_R.jpg,vertical_greenery,other,1,1,0,1.2784279957413673,1.0,1.0,1,1,1,1
Tunnel_Exit_Street/south_to_north/008_n00253_N_R.jpg,sky_openness,other,2,1;2,0,2.1721809692680836,1.437823474407196,1.3208213448524475,1,1,1,2
Tunnel_Exit_Street/south_to_north/008_n00253_N_R.jpg,vertical_hardscape,other,1,6,0,5.581976809538901,6.0,6.0,6,6,6,1
Tunnel_Exit_Street/south_to_north/008_n00253_N_R.jpg,green_softening,other,3,1;2;3,0,2.718588151037693,1.931597501039505,1.6505513861775398,2,1,1,3
east_39th_street/east_to_west/044_n00505_W_R.jpg,vertical_greenery,mid_block,3,1;2;3,0,2.341553038917482,1.8162897229194641,1.3430189937353134,1,1,1,2
east_39th_street/east_to_west/044_n00505_W_R.jpg,sky_openness,mid_block,2,1;2,0,2.3263241089880466,1.4073333740234375,1.3486452102661133,1,1,1,2
east_39th_street/east_to_west/044_n00505_W_R.jpg,vertical_hardscape,mid_block,3,5;6;7,0,5.24436270701699,5.728685811161995,6.727701932191849,5,7,7,2
east_39th_street/east_to_west/044_n00505_W_R.jpg,green_softening,mid_block,2,3;5,1,4.016983989626169,4.06241899728775,3.29609452188015,5,3,3,2
Tunnel_Exit_Street/north_to_south/020_n00247_S_L.jpg,vertical_greenery,other,2,3;4,0,3.2985025527887046,3.3208212852478027,3.3208214044570923,3,3,3,2
Tunnel_Exit_Street/north_to_south/020_n00247_S_L.jpg,sky_openness,other,3,1;2;3,0,2.7744070142507553,1.9277795255184174,1.9999998807907104,2,2,2,2
Tunnel_Exit_Street/north_to_south/020_n00247_S_L.jpg,vertical_hardscape,other,3,5;6;7,0,5.398530378006399,5.859300911426544,6.820914089679718,5,7,7,2
Tunnel_Exit_Street/north_to_south/020_n00247_S_L.jpg,green_softening,other,3,3;4;5,0,4.111394599080086,3.9513999223709106,3.772868275642395,3,4,3,3
2nd_avenue/south_to_north/031_n00076_N_L.jpg,vertical_greenery,avenue_secondary,3,2;3;4,0,3.2349429733585566,3.120872288942337,2.709919720888138,3,3,3,3
2nd_avenue/south_to_north/031_n00076_N_L.jpg,sky_openness,avenue_secondary,3,2;3;4,0,3.6715414822101593,2.959235668182373,3.2905156314373016,2,3,3,3
2nd_avenue/south_to_north/031_n00076_N_L.jpg,vertical_hardscape,avenue_secondary,3,5;6;7,0,5.274709860328585,5.816289693117142,6.791028700768948,5,7,7,2
2nd_avenue/south_to_north/031_n00076_N_L.jpg,green_softening,avenue_secondary,3,3;4;5,0,4.103684710338712,4.0,3.7051251977682114,3,4,3,3
east_35th_street/east_to_west/034_n00327_W_L.jpg,vertical_greenery,mid_block,3,3;4;5,0,4.059848980046809,4.000000238418579,3.894757032394409,4,4,3,3
east_35th_street/east_to_west/034_n00327_W_L.jpg,sky_openness,mid_block,4,2;3;4;5,0,3.8508018255233765,3.480358839035034,3.7968751192092896,4,4,4,3
east_35th_street/east_to_west/034_n00327_W_L.jpg,vertical_hardscape,mid_block,4,3;4;5;6,0,4.570915034040809,4.56848931312561,4.867020167410374,5,5,5,2
east_35th_street/east_to_west/034_n00327_W_L.jpg,green_softening,mid_block,2,5;6,0,4.892235235543922,5.268941283226013,5.407333731651306,5,5,5,2
Tunnel_Exit_Street/north_to_south/021_n00246_S_L.jpg,vertical_greenery,other,2,3;4,0,3.6615636413916945,3.468790829181671,3.4073336124420166,3,3,3,2
Tunnel_Exit_Street/north_to_south/021_n00246_S_L.jpg,sky_openness,other,3,1;2;3,0,2.7606683522462845,1.9647928476333618,2.0684024542570114,2,2,2,2
Tunnel_Exit_Street/north_to_south/021_n00246_S_L.jpg,vertical_hardscape,other,3,5;6;7,0,5.205544658238068,5.656502768397331,6.6993588879704475,5,7,7,2
Tunnel_Exit_Street/north_to_south/021_n00246_S_L.jpg,green_softening,other,3,3;4;5,0,4.287239227909595,4.095589250326157,3.8530011773109436,5,4,4,2
east_42nd_street/west_to_east/008_n00648_E_R.jpg,vertical_greenery,mid_block,3,1;2;3,0,2.706521548330784,2.0,1.3971927016973495,1,1,1,2
east_42nd_street/west_to_east/008_n00648_E_R.jpg,sky_openness,mid_block,4,1;2;3;4,0,2.9392632711678743,2.4405949115753174,2.4069162011146545,2,2,2,2
east_42nd_street/west_to_east/008_n00648_E_R.jpg,vertical_hardscape,mid_block,3,5;6;7,0,5.134926583617926,5.635824218392372,6.730906389653683,5,7,7,2
east_42nd_street/west_to_east/008_n00648_E_R.jpg,green_softening,mid_block,3,2;3;5,1,3.4179200530052185,3.126064971089363,2.7084860652685165,3,2,2,3
Tunnel_Exit_Street/north_to_south/005_n00262_S_R.jpg,vertical_greenery,other,1,1,0,1.4460086785256863,1.0,1.0,1,1,1,1
Tunnel_Exit_Street/north_to_south/005_n00262_S_R.jpg,sky_openness,other,2,1;2,0,2.232129165902734,1.5,1.3486452102661133,1,1,1,2
Tunnel_Exit_Street/north_to_south/005_n00262_S_R.jpg,vertical_hardscape,other,3,5;6;7,0,6.1254515594337136,6.419169291853905,6.871700409799814,7,7,7,2
Tunnel_Exit_Street/north_to_south/005_n00262_S_R.jpg,green_softening,other,3,2;3;5,1,3.5528934113681316,3.3191677629947662,2.6931859999895096,3,2,2,3
Park_Ave_East/north_to_south/024_n00128_S_L.jpg,vertical_greenery,avenue_canyon,3,1;2;3,0,2.5383559046313167,2.3201564848423004,1.5811265408992767,3,1,1,2
Park_Ave_East/north_to_south/024_n00128_S_L.jpg,sky_openness,avenue_canyon,3,2;3;4,0,3.2917830515652895,2.9168827533721924,3.215906262397766,2,3,3,3
Park_Ave_East/north_to_south/024_n00128_S_L.jpg,vertical_hardscape,avenue_canyon,3,5;6;7,0,5.15933155361563,5.691335156559944,6.791028700768948,5,7,7,2
Park_Ave_East/north_to_south/024_n00128_S_L.jpg,green_softening,avenue_canyon,4,2;3;4;5,0,3.680465094745159,3.463809460401535,2.805556681007147,3,3,2,3
east_41st_street/west_to_east/004_n00598_E_L.jpg,vertical_greenery,mid_block,3,1;3;4,1,3.1689707078039646,2.7414848804473877,2.025798499584198,3,1,1,2
east_41st_street/west_to_east/004_n00598_E_L.jpg,sky_openness,mid_block,3,1;2;3,0,2.4797133523970842,1.7974935173988342,1.8350463807582855,2,1,1,2
east_41st_street/west_to_east/004_n00598_E_L.jpg,vertical_hardscape,mid_block,3,4;5;6,0,4.8871638318523765,5.025539845228195,5.496401250362396,5,6,6,3
east_41st_street/west_to_east/004_n00598_E_L.jpg,green_softening,mid_block,3,1;2;3,0,3.0660044252872467,2.0389644503593445,1.8445823341608047,2,2,1,3
tudor_city_place/north_to_south/004_n00763_S_R.jpg,vertical_greenery,other,3,3;4;5,0,3.7656029937788844,3.7865876853466034,3.6385160088539124,3,3,3,3
tudor_city_place/north_to_south/004_n00763_S_R.jpg,sky_openness,other,2,2;3,0,2.7667368296533823,2.377540737390518,2.407333552837372,2,2,2,2
tudor_city_place/north_to_south/004_n00763_S_R.jpg,vertical_hardscape,other,3,4;5;6,0,4.766365063376725,4.976322829723358,5.277567356824875,5,5,5,3
tudor_city_place/north_to_south/004_n00763_S_R.jpg,green_softening,other,3,3;4;5,0,4.274555752053857,4.0955893993377686,4.025539845228195,5,4,4,2
lexington_avenue/north_to_south/021_n00702_S_L.jpg,vertical_greenery,avenue_canyon,1,1,0,1.346875712275505,1.0,1.0,1,1,1,1
lexington_avenue/north_to_south/021_n00702_S_L.jpg,sky_openness,avenue_canyon,3,2;3;4,0,3.445360839366913,2.9072668850421906,3.4418070316314697,2,4,4,2
lexington_avenue/north_to_south/021_n00702_S_L.jpg,vertical_hardscape,avenue_canyon,1,5,0,4.935107992729172,5.0,5.0,5,5,5,1
lexington_avenue/north_to_south/021_n00702_S_L.jpg,green_softening,avenue_canyon,3,1;2;3,0,2.77351838350296,2.0,1.8351574540138245,2,2,1,3
east_41st_street/east_to_west/026_n00615_W_R.jpg,vertical_greenery,mid_block,1,1,0,1.2561226766556501,1.0,1.0,1,1,1,1
east_41st_street/east_to_west/026_n00615_W_R.jpg,sky_openness,mid_block,2,1;2,0,2.079441632144153,1.5,1.407333493232727,1,1,1,2
east_41st_street/east_to_west/026_n00615_W_R.jpg,vertical_hardscape,mid_block,3,5;6;7,0,6.04547411785461,6.399016126990318,6.727701932191849,7,7,7,2
east_41st_street/east_to_west/026_n00615_W_R.jpg,green_softening,mid_block,3,1;2;3,0,2.9259410463273525,2.1108730882406235,1.796947181224823,2,2,1,3
3rd_avenue/south_to_north/004_n00083_N_L.jpg,vertical_greenery,avenue_secondary,2,3;4,0,3.401606000494212,3.4073333144187927,3.268941342830658,3,3,3,2
3rd_avenue/south_to_north/004_n00083_N_L.jpg,sky_openness,avenue_secondary,3,2;3;4,0,3.3229557275772095,2.873195767402649,3.2588847875595093,2,3,3,3
3rd_avenue/south_to_north/004_n00083_N_L.jpg,vertical_hardscape,avenue_secondary,3,4;5;6,0,4.861237010452896,5.031328111886978,5.331652849912643,5,5,5,3
3rd_avenue/south_to_north/004_n00083_N_L.jpg,green_softening,avenue_secondary,3,3;4;5,0,4.20862006302923,4.0485999584198,3.784093752503395,5,4,3,3
Park_Ave_East/south_to_north/023_n00136_N_R.jpg,vertical_greenery,avenue_canyon,3,2;3;4,0,3.357019852846861,3.1914216578006744,2.709919720888138,3,3,3,3
Park_Ave_East/south_to_north/023_n00136_N_R.jpg,sky_openness,avenue_canyon,3,1;2;3,0,2.8489407338202,2.0606517046689987,2.0000001192092896,2,2,2,2
Park_Ave_East/south_to_north/023_n00136_N_R.jpg,vertical_hardscape,avenue_canyon,3,5;6;7,0,5.594599565956742,6.049897998571396,6.8575792498886585,7,7,7,2
Park_Ave_East/south_to_north/023_n00136_N_R.jpg,green_softening,avenue_canyon,3,3;4;5,0,4.013751522637904,3.9999999403953552,3.830945760011673,3,4,4,2
2nd_avenue/south_to_north/019_n00064_N_L.jpg,vertical_greenery,avenue_secondary,3,1;2;3,0,2.1267181811854243,1.7207149267196655,1.2611480206251144,1,1,1,2
2nd_avenue/south_to_north/019_n00064_N_L.jpg,sky_openness,avenue_secondary,3,2;3;4,0,3.2155068442225456,2.775545209646225,3.2412789165973663,2,3,3,3
2nd_avenue/south_to_north/019_n00064_N_L.jpg,vertical_hardscape,avenue_secondary,3,4;5;6,0,4.781626132316887,5.000000298023224,5.401807874441147,5,6,6,3
2nd_avenue/south_to_north/019_n00064_N_L.jpg,green_softening,avenue_secondary,3,3;4;5,0,3.9410158693790436,3.9527916610240936,3.6500972658395767,3,3,3,3
Tunnel_Exit_Street/south_to_north/009_n00254_N_L.jpg,vertical_greenery,other,3,1;2;3,0,2.6191459908150136,2.3497065752744675,1.8350463807582855,3,1,1,2
Tunnel_Exit_Street/south_to_north/009_n00254_N_L.jpg,sky_openness,other,3,1;2;3,0,2.715476144105196,2.031328022480011,1.927779495716095,2,2,2,2
Tunnel_Exit_Street/south_to_north/009_n00254_N_L.jpg,vertical_hardscape,other,4,3;4;5;6,0,4.661137009039521,4.62495456635952,4.924415200948715,5,6,5,3
Tunnel_Exit_Street/south_to_north/009_n00254_N_L.jpg,green_softening,other,3,2;3;5,1,3.5150062702596188,3.2585152089595795,2.7932356372475624,3,3,2,3
Tunnel_Exit_Street/south_to_north/012_n00257_N_R.jpg,vertical_greenery,other,3,3;4;5,0,3.7733935401774943,3.808578133583069,3.808578133583069,4,4,3,3
Tunnel_Exit_Street/south_to_north/012_n00257_N_R.jpg,sky_openness,other,3,1;2;3,0,2.712274581193924,1.894756868481636,2.0000001192092896,2,2,2,2
Tunnel_Exit_Street/south_to_north/012_n00257_N_R.jpg,vertical_hardscape,other,3,4;5;6,0,4.978964688256383,5.136122345924377,5.5731759667396545,5,6,6,2
Tunnel_Exit_Street/south_to_north/012_n00257_N_R.jpg,green_softening,other,3,3;4;5,0,4.578133234055713,4.334845259785652,4.098234683275223,5,4,4,2
Tunnel_Exit_Street/south_to_north/011_n00256_N_R.jpg,vertical_greenery,other,3,1;2;3,0,2.311222732067108,2.0796025097370148,1.4867760688066483,2,1,1,2
Tunnel_Exit_Street/south_to_north/011_n00256_N_R.jpg,sky_openness,other,2,1;2,0,2.4189867451786995,1.5,1.3775407075881958,1,1,1,2
Tunnel_Exit_Street/south_to_north/011_n00256_N_R.jpg,vertical_hardscape,other,4,4;5;6;7,0,5.0743497479707,5.438496991991997,5.9998681247234344,5,7,6,3
Tunnel_Exit_Street/south_to_north/011_n00256_N_R.jpg,green_softening,other,3,2;3;5,1,3.328428778797388,3.0278168618679047,2.6827012076973915,2,2,2,3
1st_avenue/south_to_north/034_n00033_N_L.jpg,vertical_greenery,avenue_secondary,3,1;2;3,0,2.54197532357648,2.158081606030464,1.526296690106392,3,1,1,2
1st_avenue/south_to_north/034_n00033_N_L.jpg,sky_openness,avenue_secondary,3,1;2;3,0,2.9373357109725475,2.0293793827295303,2.0995171517133713,2,2,2,2
1st_avenue/south_to_north/034_n00033_N_L.jpg,vertical_hardscape,avenue_secondary,2,5;6,0,5.023989996407181,5.407333731651306,5.777300029993057,5,6,6,2
1st_avenue/south_to_north/034_n00033_N_L.jpg,green_softening,avenue_secondary,3,3;4;5,0,4.005049606785178,4.049897879362106,3.6879538893699646,5,3,3,3
Tunnel_Exit_Street/north_to_south/003_n00264_S_R.jpg,vertical_greenery,other,1,1,0,1.5522553212940693,1.0,1.0,1,1,1,1
Tunnel_Exit_Street/north_to_south/003_n00264_S_R.jpg,sky_openness,other,2,1;2,0,2.0792803168296814,1.4687906503677368,1.4378235340118408,1,1,1,2
Tunnel_Exit_Street/north_to_south/003_n00264_S_R.jpg,vertical_hardscape,other,3,5;6;7,0,5.943904002895579,6.262814313173294,6.6689488515257835,7,7,7,2
Tunnel_Exit_Street/north_to_south/003_n00264_S_R.jpg,green_softening,other,3,2;3;5,1,3.603963866829872,3.333333432674408,3.0291689038276672,2,2,2,3
madison_avenue/south_to_north/024_n00746_N_R.jpg,vertical_greenery,avenue_canyon,3,2;3;4,0,3.0250083142891526,2.9999998211860657,2.6297205090522766,3,3,2,3
madison_avenue/south_to_north/024_n00746_N_R.jpg,sky_openness,avenue_canyon,3,1;2;3,0,2.5419138204306364,1.87147918343544,2.0,2,2,2,2
madison_avenue/south_to_north/024_n00746_N_R.jpg,vertical_hardscape,avenue_canyon,3,5;6;7,0,5.2699132901616395,5.728686109185219,6.780539583414793,5,7,7,2
madison_avenue/south_to_north/024_n00746_N_R.jpg,green_softening,avenue_canyon,3,3;4;5,0,4.0274230828508735,3.9999999403953552,3.796947181224823,3,4,3,3
east_42nd_street/west_to_east/011_n00651_E_L.jpg,vertical_greenery,mid_block,2,1;2,0,2.0288740526884794,1.2450850009918213,1.0675466656684875,1,1,1,2
east_42nd_street/west_to_east/011_n00651_E_L.jpg,sky_openness,mid_block,2,1;2,0,2.317411385476589,1.5312094390392303,1.3775407075881958,2,1,1,2
east_42nd_street/west_to_east/011_n00651_E_L.jpg,vertical_hardscape,mid_block,1,7,0,6.2327066864818335,7.0,7.0,7,7,7,1
east_42nd_street/west_to_east/011_n00651_E_L.jpg,green_softening,mid_block,3,2;3;5,1,3.474331121891737,3.139389157295227,2.6182337179780006,2,2,2,2
madison_avenue/south_to_north/019_n00741_N_L.jpg,vertical_greenery,avenue_canyon,1,1,0,1.4723021313548088,1.0,1.0,1,1,1,1
madison_avenue/south_to_north/019_n00741_N_L.jpg,sky_openness,avenue_canyon,2,1;2,0,2.2210973855108023,1.468790590763092,1.3486452102661133,1,1,1,2
madison_avenue/south_to_north/019_n00741_N_L.jpg,vertical_hardscape,avenue_canyon,3,5;6;7,0,5.622784567065537,6.098259717226028,6.856772053986788,7,7,7,2
madison_avenue/south_to_north/019_n00741_N_L.jpg,green_softening,avenue_canyon,3,1;2;3,0,3.301977701485157,2.040764480829239,1.863877683877945,2,2,1,3
east_40th_street/east_to_west/001_n00594_W_L.jpg,vertical_greenery,mid_block,3,1;2;3,0,2.229150435421616,2.0,1.4586225003004074,2,1,1,2
east_40th_street/east_to_west/001_n00594_W_L.jpg,sky_openness,mid_block,2,1;2,0,2.3817978780716658,1.5621764361858368,1.3775407075881958,2,1,1,2
east_40th_street/east_to_west/001_n00594_W_L.jpg,vertical_hardscape,mid_block,1,7,0,6.489076979458332,7.0,7.0,7,7,7,1
east_40th_street/east_to_west/001_n00594_W_L.jpg,green_softening,mid_block,2,2;3,0,2.9907439947128296,2.5,2.294214963912964,2,2,2,2
Park_Ave_East/south_to_north/030_n00143_N_L.jpg,vertical_greenery,avenue_canyon,1,1,0,1.4457364892587066,1.0,1.0,1,1,1,1
Park_Ave_East/south_to_north/030_n00143_N_L.jpg,sky_openness,avenue_canyon,3,1;2;3,0,2.6211408711969852,1.9120496809482574,1.9628920257091522,2,2,2,2
Park_Ave_East/south_to_north/030_n00143_N_L.jpg,vertical_hardscape,avenue_canyon,3,5;6;7,0,5.027866832911968,5.916882902383804,6.28819814324379,5,7,7,2
Park_Ave_East/south_to_north/030_n00143_N_L.jpg,green_softening,avenue_canyon,3,1;2;3,0,3.0914977341890335,2.0,1.7472557723522186,2,2,1,3
east_34th_street/east_to_west/039_n00275_W_L.jpg,vertical_greenery,mid_block,1,1,0,1.4556484501808882,1.0,1.0,1,1,1,1
east_34th_street/east_to_west/039_n00275_W_L.jpg,sky_openness,mid_block,3,1;2;3,0,2.432231204584241,1.8791279345750809,1.9203976392745972,2,1,1,3
east_34th_street/east_to_west/039_n00275_W_L.jpg,vertical_hardscape,mid_block,3,5;6;7,0,5.2012322773225605,5.901740491390228,6.485375732183456,5,7,7,2
east_34th_street/east_to_west/039_n00275_W_L.jpg,green_softening,mid_block,3,1;2;3,0,2.8114124312996864,2.0684022307395935,1.8309457004070282,2,2,2,2
Park_Ave_Tunnel_Segment/east_to_west/004_n00204_W_L.jpg,vertical_greenery,avenue_canyon,3,2;3;4,0,3.294094949029386,3.1285210251808167,2.598191946744919,3,2,2,3
Park_Ave_Tunnel_Segment/east_to_west/004_n00204_W_L.jpg,sky_openness,avenue_canyon,3,2;3;4,0,3.409797351807356,2.8731957376003265,3.1285210251808167,2,3,3,2
Park_Ave_Tunnel_Segment/east_to_west/004_n00204_W_L.jpg,vertical_hardscape,avenue_canyon,1,5,0,4.805190841667354,5.0,5.0,5,5,5,1
Park_Ave_Tunnel_Segment/east_to_west/004_n00204_W_L.jpg,green_softening,avenue_canyon,3,3;4;5,0,4.006577054038644,3.954274892807007,3.7904530093073845,3,4,4,2
tudor_city_place/south_to_north/001_n00757_N_R.jpg,vertical_greenery,other,3,3;4;5,0,3.9097652207128704,3.8638777434825897,4.174163222312927,4,4,4,3
tudor_city_place/south_to_north/001_n00757_N_R.jpg,sky_openness,other,3,1;2;3,0,2.378697030246258,1.8445822298526764,1.9240374863147736,2,2,1,3
tudor_city_place/south_to_north/001_n00757_N_R.jpg,vertical_hardscape,other,4,3;4;5;6,0,4.599587679840624,4.584330514073372,4.772187225520611,5,5,5,2
tudor_city_place/south_to_north/001_n00757_N_R.jpg,green_softening,other,3,3;4;5,0,4.094685725867748,3.9514001309871674,3.7760717272758484,3,4,3,3
Park_Ave_Tunnel_Segment/west_to_east/048_n00199_E_L.jpg,vertical_greenery,avenue_canyon,3,1;2;3,0,2.2979108449071646,1.92039754986763,1.4721955507993698,1,1,1,2
Park_Ave_Tunnel_Segment/west_to_east/048_n00199_E_L.jpg,sky_openness,avenue_canyon,3,4;5;6,0,4.686447870451957,4.9575037360191345,5.447569355368614,4,5,6,3
Park_Ave_Tunnel_Segment/west_to_east/048_n00199_E_L.jpg,vertical_hardscape,avenue_canyon,3,5;6;7,0,5.335509030148387,6.0,6.6993588879704475,5,7,7,2
Park_Ave_Tunnel_Segment/west_to_east/048_n00199_E_L.jpg,green_softening,avenue_canyon,3,2;3;5,1,3.6513488478958607,3.2292123436927795,2.7084860652685165,3,2,2,3
Park_Ave_Tunnel_Segment/west_to_east/056_n00206_E_L.jpg,vertical_greenery,avenue_canyon,3,1;2;3,0,2.3095352295786142,1.9135129749774933,1.5146242678165436,1,1,1,2
Park_Ave_Tunnel_Segment/west_to_east/056_n00206_E_L.jpg,sky_openness,avenue_canyon,4,2;3;4;5,0,3.819915920495987,3.4803589582443237,3.700156584382057,4,3,4,3
Park_Ave_Tunnel_Segment/west_to_east/056_n00206_E_L.jpg,vertical_hardscape,avenue_canyon,3,5;6;7,0,5.50413176137954,6.027445092797279,6.474406182765961,6,7,6,3
Park_Ave_Tunnel_Segment/west_to_east/056_n00206_E_L.jpg,green_softening,avenue_canyon,3,2;3;5,1,3.2511259391903877,3.026428684592247,2.665850520133972,3,2,2,3
east_34th_street/east_to_west/010_n00304_W_L.jpg,vertical_greenery,mid_block,3,1;2;3,0,2.6205677022226155,2.2091014981269836,1.6009838730096817,3,1,1,2
east_34th_street/east_to_west/010_n00304_W_L.jpg,sky_openness,mid_block,3,2;3;4,0,3.2214725464582443,2.790898323059082,3.1648426949977875,2,3,3,3
east_34th_street/east_to_west/010_n00304_W_L.jpg,vertical_hardscape,mid_block,4,4;5;6;7,0,5.004804717376828,5.364551872014999,6.047105506062508,5,7,6,3
east_34th_street/east_to_west/010_n00304_W_L.jpg,green_softening,mid_block,3,2;3;5,1,3.5790284760296345,3.2292124927043915,2.8655661791563034,3,3,2,3
Park_Ave_West/south_to_north/033_n00241_N_R.jpg,vertical_greenery,avenue_canyon,2,1;2,0,2.0705277044326067,1.2450850009918213,1.0675466656684875,1,1,1,2
Park_Ave_West/south_to_north/033_n00241_N_R.jpg,sky_openness,avenue_canyon,2,1;2,0,2.457360964268446,1.4073334336280823,1.407333493232727,1,1,1,2
Park_Ave_West/south_to_north/033_n00241_N_R.jpg,vertical_hardscape,avenue_canyon,4,3;4;5;6,0,4.677124151960015,4.532685697078705,4.748567536473274,5,5,5,2
Park_Ave_West/south_to_north/033_n00241_N_R.jpg,green_softening,avenue_canyon,2,2;3,0,3.169040322303772,2.5,2.32082137465477,2,2,2,2
east_41st_street/west_to_east/007_n00601_E_R.jpg,vertical_greenery,mid_block,3,1;2;3,0,2.2700367122888565,1.8107316195964813,1.3899102956056595,1,1,1,2
east_41st_street/west_to_east/007_n00601_E_R.jpg,sky_openness,mid_block,2,1;2,0,2.222735922783613,1.5,1.407333493232727,1,1,1,2
east_41st_street/west_to_east/007_n00601_E_R.jpg,vertical_hardscape,mid_block,2,6;7,0,6.309258659603074,6.798186868429184,6.754915088415146,7,7,7,2
east_41st_street/west_to_east/007_n00601_E_R.jpg,green_softening,mid_block,4,2;3;4;5,0,3.9520685132592916,3.659263789653778,3.1130083799362183,3,3,3,2
Tunnel_Exit_Street/north_to_south/004_n00263_S_R.jpg,vertical_greenery,other,1,1,0,1.6598271150141954,1.0,1.0,1,1,1,1
Tunnel_Exit_Street/north_to_south/004_n00263_S_R.jpg,sky_openness,other,2,1;2,0,2.2415165714919567,1.5312093198299408,1.407333493232727,2,1,1,2
Tunnel_Exit_Street/north_to_south/004_n00263_S_R.jpg,vertical_hardscape,other,3,5;6;7,0,5.6431737332604825,6.136327654123306,6.738377384841442,7,7,7,2
Tunnel_Exit_Street/north_to_south/004_n00263_S_R.jpg,green_softening,other,3,2;3;5,1,3.3150011729449034,3.1328085362911224,2.6411830857396126,3,2,2,3
tudor_city_place/south_to_north/007_n00762_N_L.jpg,vertical_greenery,other,2,3;4,0,3.645727703347802,3.4073334336280823,3.294214963912964,3,3,3,2
tudor_city_place/south_to_north/007_n00762_N_L.jpg,sky_openness,other,3,2;3;4,0,3.3187724370509386,2.9277792870998383,3.0606517493724823,3,3,3,2
tudor_city_place/south_to_north/007_n00762_N_L.jpg,vertical_hardscape,other,3,3;4;5,0,4.609090572223067,4.3086648136377335,4.234382271766663,5,5,4,3
tudor_city_place/south_to_north/007_n00762_N_L.jpg,green_softening,other,3,3;4;5,0,4.104738594032824,3.9527916610240936,3.886764109134674,3,4,4,2
Tunnel_Exit_Street/south_to_north/018_n00263_N_R.jpg,vertical_greenery,other,1,1,0,1.4650675896555185,1.0,1.0,1,1,1,1
Tunnel_Exit_Street/south_to_north/018_n00263_N_R.jpg,sky_openness,other,2,1;2,0,1.9275111109018326,1.3775405883789062,1.3208213448524475,1,1,1,2
Tunnel_Exit_Street/south_to_north/018_n00263_N_R.jpg,vertical_hardscape,other,1,7,0,6.551955335307866,7.0,7.0,7,7,7,1
Tunnel_Exit_Street/south_to_north/018_n00263_N_R.jpg,green_softening,other,4,1;2;3;5,1,3.5791418850421906,2.927985906600952,1.949821576476097,3,1,1,3
1st_avenue/south_to_north/012_n00011_N_R.jpg,vertical_greenery,avenue_secondary,2,3;4,0,3.479673000983894,3.4378234148025513,3.268941342830658,3,3,3,2
1st_avenue/south_to_north/012_n00011_N_R.jpg,sky_openness,avenue_secondary,3,2;3;4,0,3.657125450670719,3.0389646887779236,3.2747773826122284,3,3,3,3
1st_avenue/south_to_north/012_n00011_N_R.jpg,vertical_hardscape,avenue_secondary,3,5;6;7,0,5.281093481462449,5.822206258773804,6.742986120283604,5,7,7,2
1st_avenue/south_to_north/012_n00011_N_R.jpg,green_softening,avenue_secondary,3,3;4;5,0,4.258607075549662,4.095589101314545,3.9725548326969147,5,4,4,2
east_34th_street/west_to_east/028_n00294_E_L.jpg,vertical_greenery,mid_block,3,1;2;3,0,2.06636914703995,1.7228631228208542,1.3849225342273712,1,1,1,2
east_34th_street/west_to_east/028_n00294_E_L.jpg,sky_openness,mid_block,2,1;2,0,2.2666574381291866,1.5621764063835144,1.3775407075881958,2,1,1,2
east_34th_street/west_to_east/028_n00294_E_L.jpg,vertical_hardscape,mid_block,3,5;6;7,0,5.17126602679491,5.904410809278488,6.742986120283604,5,7,7,2
east_34th_street/west_to_east/028_n00294_E_L.jpg,green_softening,mid_block,3,1;2;3,0,2.8548663854599,2.0995170921087265,1.8097791820764542,2,2,2,2
Park_Ave_West/south_to_north/010_n00218_N_L.jpg,vertical_greenery,avenue_canyon,2,3;4,0,3.5080741541460156,3.4378235936164856,3.348645329475403,3,3,3,2
Park_Ave_West/south_to_north/010_n00218_N_L.jpg,sky_openness,avenue_canyon,3,1;2;3,0,2.421573219820857,1.8351575136184692,1.964792937040329,2,2,2,2
Park_Ave_West/south_to_north/010_n00218_N_L.jpg,vertical_hardscape,avenue_canyon,3,4;5;6,0,4.7543006907217205,4.97446021437645,5.294875204563141,5,5,5,3
Park_Ave_West/south_to_north/010_n00218_N_L.jpg,green_softening,avenue_canyon,3,3;4;5,0,4.479820384178311,4.286719352006912,4.238364726305008,5,4,5,3
Tunnel_Exit_Street/south_to_north/009_n00254_N_R.jpg,vertical_greenery,other,2,3;4,0,3.319122718879953,3.3486451506614685,3.245085060596466,3,3,3,2
Tunnel_Exit_Street/south_to_north/009_n00254_N_R.jpg,sky_openness,other,3,1;2;3,0,2.9079150687903166,2.1052431017160416,2.0684024542570114,2,2,2,2
Tunnel_Exit_Street/south_to_north/009_n00254_N_R.jpg,vertical_hardscape,other,3,4;5;6,0,4.876183641143143,5.029379487037659,5.294521361589432,5,5,5,3
Tunnel_Exit_Street/south_to_north/009_n00254_N_R.jpg,green_softening,other,3,3;4;5,0,3.876222568564117,3.8593011796474457,3.739742361009121,3,4,3,3
3rd_avenue/south_to_north/031_n00110_N_R.jpg,vertical_greenery,avenue_secondary,3,1;2;3,0,2.5642553460784256,2.2343820482492447,1.6678541600704193,3,1,1,2
3rd_avenue/south_to_north/031_n00110_N_R.jpg,sky_openness,avenue_secondary,3,1;2;3,0,2.824853263795376,1.9062621742486954,2.0995171517133713,2,2,2,2
3rd_avenue/south_to_north/031_n00110_N_R.jpg,vertical_hardscape,avenue_secondary,1,7,0,6.428753031883389,7.0,7.0,7,7,7,1
3rd_avenue/south_to_north/031_n00110_N_R.jpg,green_softening,avenue_secondary,3,3;4;5,0,4.1101433373987675,3.9999999403953552,3.6137900799512863,3,3,3,3
2nd_avenue/north_to_south/008_n00072_S_L.jpg,vertical_greenery,avenue_secondary,2,3;4,0,3.5384186066221446,3.5,3.294214963912964,3,3,3,2
2nd_avenue/north_to_south/008_n00072_S_L.jpg,sky_openness,avenue_secondary,3,1;2;3,0,2.697262054309249,1.9393484741449356,2.0000001192092896,2,2,2,2
2nd_avenue/north_to_south/008_n00072_S_L.jpg,vertical_hardscape,avenue_secondary,3,4;5;6,0,4.755870894994587,4.947052150964737,5.3297021090984344,5,5,5,3
2nd_avenue/north_to_south/008_n00072_S_L.jpg,green_softening,avenue_secondary,3,3;4;5,0,4.082148039713502,4.000000238418579,3.6901391744613647,3,4,3,3
Park_Ave_West/north_to_south/034_n00212_S_R.jpg,vertical_greenery,avenue_canyon,3,3;4;5,0,3.756817068438977,3.8445820063352585,3.7463910579681396,4,3,3,3
Park_Ave_West/north_to_south/034_n00212_S_R.jpg,sky_openness,avenue_canyon,3,1;2;3,0,2.328459438867867,1.8791278898715973,1.863877683877945,2,2,1,3
Park_Ave_West/north_to_south/034_n00212_S_R.jpg,vertical_hardscape,avenue_canyon,2,5;6,0,5.039190102601424,5.268941760063171,5.531209707260132,5,6,6,2
Park_Ave_West/north_to_south/034_n00212_S_R.jpg,green_softening,avenue_canyon,3,3;4;5,0,4.2119977530092,4.144796371459961,3.8634530305862427,5,4,4,2
Park_Ave_East/south_to_north/022_n00135_N_R.jpg,vertical_greenery,avenue_canyon,2,3;4,0,3.786464249715209,3.5926664769649506,3.348645329475403,4,3,3,2
Park_Ave_East/south_to_north/022_n00135_N_R.jpg,sky_openness,avenue_canyon,4,1;2;3;4,0,2.87879223190248,2.369817331433296,2.406945452094078,2,2,2,2
Park_Ave_East/south_to_north/022_n00135_N_R.jpg,vertical_hardscape,avenue_canyon,3,5;6;7,0,5.658026847755536,6.047208786010742,6.865023240447044,7,7,7,2
Park_Ave_East/south_to_north/022_n00135_N_R.jpg,green_softening,avenue_canyon,4,3;4;5;6,0,4.476702367886901,4.491711229085922,4.772215407341719,5,5,5,2
Park_Ave_Tunnel_Segment/east_to_west/014_n00193_W_R.jpg,vertical_greenery,avenue_canyon,1,1,0,1.2609307020902634,1.0,1.0,1,1,1,1
Park_Ave_Tunnel_Segment/east_to_west/014_n00193_W_R.jpg,sky_openness,avenue_canyon,2,1;2,0,1.7555849272757769,1.294214904308319,1.2689414024353027,1,1,1,2
Park_Ave_Tunnel_Segment/east_to_west/014_n00193_W_R.jpg,vertical_hardscape,avenue_canyon,3,3;5;6,1,4.625186083838344,4.770787596702576,5.22555872797966,5,6,6,2
Park_Ave_Tunnel_Segment/east_to_west/014_n00193_W_R.jpg,green_softening,avenue_canyon,2,1;2,0,2.111994467675686,1.2689414620399475,1.1480472385883331,1,1,1,2
east_35th_street/east_to_west/041_n00320_W_L.jpg,vertical_greenery,mid_block,3,2;3;4,0,3.3739747535437346,3.0995171070098877,2.407758891582489,3,2,2,2
east_35th_street/east_to_west/041_n00320_W_L.jpg,sky_openness,mid_block,2,1;2,0,2.6378662455826998,1.6791787445545197,1.5,2,1,1,2
east_35th_street/east_to_west/041_n00320_W_L.jpg,vertical_hardscape,mid_block,4,3;4;5;6,0,4.5678480956703424,4.607801988720894,4.905526615679264,5,5,6,3
east_35th_street/east_to_west/041_n00320_W_L.jpg,green_softening,mid_block,3,1;2;3,0,2.6738787554204464,2.0332755595445633,1.8634530305862427,2,2,2,2
Tunnel_Exit_Street/south_to_north/007_n00252_N_R.jpg,vertical_greenery,other,1,1,0,2.121859660372138,1.0,1.0,1,1,1,1
Tunnel_Exit_Street/south_to_north/007_n00252_N_R.jpg,sky_openness,other,2,1;2,0,1.6793574634939432,1.3208212852478027,1.3208213448524475,1,1,1,2
Tunnel_Exit_Street/south_to_north/007_n00252_N_R.jpg,vertical_hardscape,other,2,5;6,0,5.218370303977281,5.592666268348694,5.754915073513985,6,6,6,2
Tunnel_Exit_Street/south_to_north/007_n00252_N_R.jpg,green_softening,other,3,1;2;3,0,3.0209880620241165,1.959235668182373,1.761635273694992,1,2,1,3
Park_Ave_Tunnel_Segment/west_to_east/028_n00157_E_R.jpg,vertical_greenery,avenue_canyon,3,2;3;4,0,3.340669944882393,3.0313278138637543,3.035207062959671,3,3,3,2
Park_Ave_Tunnel_Segment/west_to_east/028_n00157_E_R.jpg,sky_openness,avenue_canyon,2,1;2,0,1.8142663864418864,1.407333493232727,1.2942149639129639,1,1,1,2
Park_Ave_Tunnel_Segment/west_to_east/028_n00157_E_R.jpg,vertical_hardscape,avenue_canyon,3,4;5;6,0,4.773360842838883,5.029379487037659,5.501383990049362,5,6,6,2
Park_Ave_Tunnel_Segment/west_to_east/028_n00157_E_R.jpg,green_softening,avenue_canyon,3,3;4;5,0,4.158651133067906,4.04989817738533,4.113235890865326,5,4,4,2
Tunnel_Exit_Street/south_to_north/021_n00266_N_L.jpg,vertical_greenery,other,2,1;2,0,2.096938632428646,1.2227000892162323,1.1066906154155731,1,1,1,2
Tunnel_Exit_Street/south_to_north/021_n00266_N_L.jpg,sky_openness,other,2,1;2,0,2.278256382793188,1.4378235340118408,1.3486452102661133,1,1,1,2
Tunnel_Exit_Street/south_to_north/021_n00266_N_L.jpg,vertical_hardscape,other,3,5;6;7,0,5.578500040341169,6.092732936143875,6.6993588879704475,7,7,7,2
Tunnel_Exit_Street/south_to_north/021_n00266_N_L.jpg,green_softening,other,4,1;2;3;5,1,3.189092695713043,2.6613636016845703,1.9011951982975006,2,2,1,3
1st_avenue/north_to_south/034_n00012_S_R.jpg,vertical_greenery,avenue_secondary,3,3;4;5,0,3.8050273321568966,3.841918393969536,3.7755455374717712,3,3,3,2
1st_avenue/north_to_south/034_n00012_S_R.jpg,sky_openness,avenue_secondary,4,3;4;5;6,0,4.43820121511817,4.635871186852455,5.032887376844883,6,6,6,3
1st_avenue/north_to_south/034_n00012_S_R.jpg,vertical_hardscape,avenue_secondary,3,3;4;5,0,4.129868194460869,4.042496562004089,4.164953976869583,5,5,5,2
1st_avenue/north_to_south/034_n00012_S_R.jpg,green_softening,avenue_secondary,3,3;4;5,0,4.278753075748682,4.0472085773944855,3.761635273694992,5,4,3,3
east_39th_street/west_to_east/046_n00547_E_R.jpg,vertical_greenery,mid_block,1,1,0,1.4865785613656044,1.0,1.0,1,1,1,1
east_39th_street/west_to_east/046_n00547_E_R.jpg,sky_openness,mid_block,5,2;3;4;5;6,0,4.050654951483011,3.975127249956131,4.469127431511879,4,6,6,4
east_39th_street/west_to_east/046_n00547_E_R.jpg,vertical_hardscape,mid_block,3,4;5;6,0,4.663429170846939,5.03327551484108,5.312046378850937,5,5,5,3
east_39th_street/west_to_east/046_n00547_E_R.jpg,green_softening,mid_block,3,1;2;3,0,2.7390919607132673,2.0000000596046448,1.7840938419103622,2,2,1,3
Park_Ave_East/north_to_south/027_n00125_S_L.jpg,vertical_greenery,avenue_canyon,2,2;3,0,2.737629818962887,2.6224591732025146,2.348645269870758,3,2,2,2
Park_Ave_East/north_to_south/027_n00125_S_L.jpg,sky_openness,avenue_canyon,3,1;2;3,0,2.6078300569206476,1.9120496362447739,2.035207062959671,2,2,2,2
Park_Ave_East/north_to_south/027_n00125_S_L.jpg,vertical_hardscape,avenue_canyon,3,4;5;6,0,4.869622624013573,5.0,5.393174886703491,5,5,6,3
Park_Ave_East/north_to_south/027_n00125_S_L.jpg,green_softening,avenue_canyon,4,2;3;4;5,0,3.486668175086379,3.34426449239254,2.8589749578386545,3,3,2,3
tudor_city_place/south_to_north/006_n00763_N_L.jpg,vertical_greenery,other,3,3;4;5,0,4.217784818727523,4.035207062959671,4.110873222351074,4,4,4,3
tudor_city_place/south_to_north/006_n00763_N_L.jpg,sky_openness,other,3,2;3;4,0,3.3158600479364395,2.883633404970169,3.1285210251808167,2,3,3,2
tudor_city_place/south_to_north/006_n00763_N_L.jpg,vertical_hardscape,other,3,3;4;5,0,4.353864075616002,4.2091014087200165,4.244313731789589,5,5,5,2
tudor_city_place/south_to_north/006_n00763_N_L.jpg,green_softening,other,2,5;6,0,5.046041161986068,5.377540826797485,5.562176674604416,5,6,6,2
Park_Ave_West/north_to_south/007_n00239_S_R.jpg,vertical_greenery,avenue_canyon,1,1,0,1.3707367070019245,1.0,1.0,1,1,1,1
Park_Ave_West/north_to_south/007_n00239_S_R.jpg,sky_openness,avenue_canyon,2,1;2,0,2.341564239934087,1.437823474407196,1.3486452102661133,1,1,1,2
Park_Ave_West/north_to_south/007_n00239_S_R.jpg,vertical_hardscape,avenue_canyon,1,7,0,6.600668680854142,7.0,7.0,7,7,7,1
Park_Ave_West/north_to_south/007_n00239_S_R.jpg,green_softening,avenue_canyon,3,2;3;5,1,3.397793710231781,3.0817414075136185,2.6998527348041534,2,2,2,3
Tunnel_Exit_Street/south_to_north/011_n00256_N_L.jpg,vertical_greenery,other,2,1;2,0,2.397585477679968,1.2450850307941437,1.1329642236232758,1,1,1,2
Tunnel_Exit_Street/south_to_north/011_n00256_N_L.jpg,sky_openness,other,3,1;2;3,0,2.4233183301985264,1.835157349705696,1.828465461730957,2,1,1,2
Tunnel_Exit_Street/south_to_north/011_n00256_N_L.jpg,vertical_hardscape,other,3,3;5;6,1,4.859781643375754,4.8739351481199265,5.410183444619179,5,6,6,2
Tunnel_Exit_Street/south_to_north/011_n00256_N_L.jpg,green_softening,other,3,2;3;5,1,3.5483492016792297,3.253674864768982,2.9787884950637817,3,3,2,3
3rd_avenue/south_to_north/016_n00095_N_L.jpg,vertical_greenery,avenue_secondary,3,1;2;3,0,2.668614458758384,2.2987199127674103,1.6009838730096817,3,1,1,2
3rd_avenue/south_to_north/016_n00095_N_L.jpg,sky_openness,avenue_secondary,3,1;2;3,0,2.9126587696373463,2.0,2.0389644503593445,2,2,2,2
3rd_avenue/south_to_north/016_n00095_N_L.jpg,vertical_hardscape,avenue_secondary,4,4;5;6;7,0,5.034967113286257,5.419379368424416,6.126702681183815,5,7,6,3
3rd_avenue/south_to_north/016_n00095_N_L.jpg,green_softening,avenue_secondary,4,2;3;4;5,0,3.6857695039361715,3.486725151538849,2.9142475835978985,3,3,2,3
madison_avenue/south_to_north/016_n00738_N_R.jpg,vertical_greenery,avenue_canyon,4,3;4;5;6,0,4.238201165571809,4.373474076390266,4.523205012083054,4,5,5,3
madison_avenue/south_to_north/016_n00738_N_R.jpg,sky_openness,avenue_canyon,3,1;2;3,0,2.7485924027860165,1.8947569131851196,2.072220504283905,2,2,2,2
madison_avenue/south_to_north/016_n00738_N_R.jpg,vertical_hardscape,avenue_canyon,3,5;6;7,0,5.287165253888816,5.775545120239258,6.591469451785088,5,7,7,2
madison_avenue/south_to_north/016_n00738_N_R.jpg,green_softening,avenue_canyon,4,3;4;5;6,0,4.343103351071477,4.429830193519592,4.586082719266415,5,5,4,3
tudor_city_place/south_to_north/003_n00759_N_L.jpg,vertical_greenery,other,3,4;5;6,0,4.54010131128598,4.816690295934677,5.146999359130859,4,5,5,2
tudor_city_place/south_to_north/003_n00759_N_L.jpg,sky_openness,other,4,3;4;5;6,0,4.2025828044861555,4.383379101753235,4.8468503057956696,4,5,6,4
tudor_city_place/south_to_north/003_n00759_N_L.jpg,vertical_hardscape,other,3,3;4;5,0,4.538637867197394,4.387793332338333,4.473638266324997,5,5,5,2
tudor_city_place/south_to_north/003_n00759_N_L.jpg,green_softening,other,3,4;5;6,0,4.880693534738384,5.087950229644775,5.164819061756134,5,5,5,2
lexington_avenue/south_to_north/018_n00706_N_R.jpg,vertical_greenery,avenue_canyon,2,3;4,0,3.647782797459513,3.5,3.268941342830658,3,3,3,2
lexington_avenue/south_to_north/018_n00706_N_R.jpg,sky_openness,avenue_canyon,3,2;3;4,0,3.0999571047723293,2.7830142974853516,3.0995171666145325,2,3,3,2
lexington_avenue/south_to_north/018_n00706_N_R.jpg,vertical_hardscape,avenue_canyon,3,4;5;6,0,4.737920485436916,4.939348518848419,5.2429618537425995,5,5,5,3
lexington_avenue/south_to_north/018_n00706_N_R.jpg,green_softening,avenue_canyon,3,3;4;5,0,4.450914594344795,4.231486558914185,4.027445167303085,5,4,4,2
east_36th_street/east_to_west/017_n00391_W_L.jpg,vertical_greenery,mid_block,3,2;3;4,0,3.137689313851297,3.0567787885665894,2.7397423684597015,3,3,3,3
east_36th_street/east_to_west/017_n00391_W_L.jpg,sky_openness,mid_block,3,2;3;4,0,3.2540965043008327,2.8350462913513184,3.238364726305008,2,3,3,3
east_36th_street/east_to_west/017_n00391_W_L.jpg,vertical_hardscape,mid_block,3,4;5;6,0,4.743103205226362,4.970620423555374,5.3297021090984344,5,5,5,3
east_36th_street/east_to_west/017_n00391_W_L.jpg,green_softening,mid_block,3,3;4;5,0,4.370574203319848,4.1944600045681,4.0000001192092896,5,4,4,2
east_37th_street/west_to_east/046_n00453_E_L.jpg,vertical_greenery,mid_block,1,1,0,1.2116230772808194,1.0,1.0,1,1,1,1
east_37th_street/west_to_east/046_n00453_E_L.jpg,sky_openness,mid_block,1,1,0,1.3018917189911008,1.0,1.0,1,1,1,1
east_37th_street/west_to_east/046_n00453_E_L.jpg,vertical_hardscape,mid_block,3,1;6;7,1,4.357796657830477,4.699676692485809,4.902216732501984,6,6,6,2
east_37th_street/west_to_east/046_n00453_E_L.jpg,green_softening,mid_block,3,1;5;7,1,3.518003836274147,3.5408268868923187,2.264769896864891,1,1,1,2
east_36th_street/west_to_east/026_n00386_E_L.jpg,vertical_greenery,mid_block,4,1;2;3;4,0,2.98620069026947,2.609146013855934,1.6067532896995544,3,1,1,2
east_36th_street/west_to_east/026_n00386_E_L.jpg,sky_openness,mid_block,2,1;2,0,2.3177335876971483,1.5312094390392303,1.407333493232727,2,1,1,2
east_36th_street/west_to_east/026_n00386_E_L.jpg,vertical_hardscape,mid_block,3,4;5;6,0,4.8268322898074985,5.000000298023224,5.43818661570549,5,6,6,3
east_36th_street/west_to_east/026_n00386_E_L.jpg,green_softening,mid_block,3,2;3;5,1,3.366449609398842,3.0817412585020065,2.7649940103292465,2,3,2,3
3rd_avenue/north_to_south/019_n00095_S_L.jpg,vertical_greenery,avenue_secondary,3,2;3;4,0,3.398314133286476,3.0937381386756897,2.8085781633853912,3,3,2,3
3rd_avenue/north_to_south/019_n00095_S_L.jpg,sky_openness,avenue_secondary,3,2;3;4,0,3.5652366019785404,2.9103035926818848,3.2412789165973663,2,3,3,3
3rd_avenue/north_to_south/019_n00095_S_L.jpg,vertical_hardscape,avenue_secondary,4,3;4;5;6,0,4.667014120146632,4.581347778439522,4.819788925349712,5,5,5,2
3rd_avenue/north_to_south/019_n00095_S_L.jpg,green_softening,avenue_secondary,3,3;4;5,0,4.274335872381926,4.049898087978363,3.7865877598524094,5,3,3,3
2nd_avenue/north_to_south/012_n00068_S_R.jpg,vertical_greenery,avenue_secondary,1,1,0,1.51334916241467,1.0,1.0,1,1,1,1
2nd_avenue/north_to_south/012_n00068_S_R.jpg,sky_openness,avenue_secondary,2,1;2,0,2.391165565699339,1.5621764063835144,1.4687907099723816,2,1,1,2
2nd_avenue/north_to_south/012_n00068_S_R.jpg,vertical_hardscape,avenue_secondary,2,5;7,1,6.109457348939031,6.554599910974503,6.411570072174072,7,7,7,2
2nd_avenue/north_to_south/012_n00068_S_R.jpg,green_softening,avenue_secondary,3,2;3;5,1,3.507623828947544,3.1457625925540924,2.894347131252289,2,3,2,3
3rd_avenue/north_to_south/025_n00089_S_L.jpg,vertical_greenery,avenue_secondary,3,2;3;4,0,2.8794972635805607,2.9178004264831543,2.560141086578369,3,2,2,3
3rd_avenue/north_to_south/025_n00089_S_L.jpg,sky_openness,avenue_secondary,3,2;3;4,0,3.4077033884823322,2.916882872581482,3.238364726305008,2,3,3,3
3rd_avenue/north_to_south/025_n00089_S_L.jpg,vertical_hardscape,avenue_secondary,3,4;5;6,0,4.814353423193097,5.000000298023224,5.365553230047226,5,5,5,3
3rd_avenue/north_to_south/025_n00089_S_L.jpg,green_softening,avenue_secondary,4,2;3;4;5,0,3.7534415870904922,3.522251844406128,2.9625189658254385,3,3,3,2
3rd_avenue/north_to_south/032_n00082_S_L.jpg,vertical_greenery,avenue_secondary,3,1;2;3,0,2.525443058926612,2.2008322179317474,1.6241845488548279,3,1,1,2
3rd_avenue/north_to_south/032_n00082_S_L.jpg,sky_openness,avenue_secondary,4,1;2;3;4,0,3.0768752358853817,2.4228874146938324,2.5959024727344513,2,2,2,3
3rd_avenue/north_to_south/032_n00082_S_L.jpg,vertical_hardscape,avenue_secondary,3,5;6;7,0,5.737835043342784,6.238068401813507,6.892500082030892,7,7,7,2
3rd_avenue/north_to_south/032_n00082_S_L.jpg,green_softening,avenue_secondary,4,2;3;4;5,0,3.547577140852809,3.382780909538269,2.869005924090743,3,3,2,3
tudor_city_place/north_to_south/003_n00762_S_L.jpg,vertical_greenery,other,2,3;4,0,3.593497123103589,3.5,3.348645329475403,3,3,3,2
tudor_city_place/north_to_south/003_n00762_S_L.jpg,sky_openness,other,3,1;2;3,0,2.7478930447250605,2.0684024691581726,2.035207062959671,2,2,2,2
tudor_city_place/north_to_south/003_n00762_S_L.jpg,vertical_hardscape,other,2,5;6,0,4.983208165038377,5.222700297832489,5.5,5,5,5,2
tudor_city_place/north_to_south/003_n00762_S_L.jpg,green_softening,other,4,3;4;5;6,0,4.655993709806353,4.643559247255325,4.852964082732797,5,5,5,2
Tunnel_Exit_Street/south_to_north/014_n00259_N_R.jpg,vertical_greenery,other,4,3;4;5;6,0,4.330037645995617,4.467314794659615,4.793319471180439,4,4,6,4
Tunnel_Exit_Street/south_to_north/014_n00259_N_R.jpg,sky_openness,other,3,1;2;3,0,2.6865464448928833,1.8638775050640106,2.0389644503593445,2,2,2,2
Tunnel_Exit_Street/south_to_north/014_n00259_N_R.jpg,vertical_hardscape,other,3,5;6;7,0,5.969619772862643,6.364175125956535,6.730386450886726,7,7,7,2
Tunnel_Exit_Street/south_to_north/014_n00259_N_R.jpg,green_softening,other,2,5;6,0,5.060171540593728,5.377540826797485,5.5,5,5,5,2
east_34th_street/east_to_west/027_n00287_W_R.jpg,vertical_greenery,mid_block,3,1;2;3,0,2.718266893643886,2.2443135380744934,1.4736545979976654,3,1,1,2
east_34th_street/east_to_west/027_n00287_W_R.jpg,sky_openness,mid_block,3,1;2;3,0,2.4880332835018635,1.879127785563469,1.964792937040329,2,2,2,2
east_34th_street/east_to_west/027_n00287_W_R.jpg,vertical_hardscape,mid_block,3,4;5;6,0,4.886164071038365,5.0606513023376465,5.401807874441147,5,6,6,3
east_34th_street/east_to_west/027_n00287_W_R.jpg,green_softening,mid_block,3,2;3;5,1,3.402536265552044,3.077768474817276,2.6998527348041534,3,2,2,3
Tunnel_Exit_Street/south_to_north/017_n00262_N_L.jpg,vertical_greenery,other,4,1;2;3;4,0,2.99403615295887,2.418901562690735,1.6200889572501183,3,1,1,2
Tunnel_Exit_Street/south_to_north/017_n00262_N_L.jpg,sky_openness,other,3,1;2;3,0,2.732865149155259,1.9354638457298279,1.9999998807907104,2,2,2,2
Tunnel_Exit_Street/south_to_north/017_n00262_N_L.jpg,vertical_hardscape,other,3,5;6;7,0,5.763602166436613,6.098259508609772,6.840900365263224,7,7,7,2
Tunnel_Exit_Street/south_to_north/017_n00262_N_L.jpg,green_softening,other,3,2;3;5,1,3.8601076751947403,3.5346069633960724,2.7649940103292465,3,3,2,3
east_40th_street/east_to_west/027_n00568_W_R.jpg,vertical_greenery,mid_block,1,1,0,2.1942478325217962,1.0,1.0,1,1,1,1
east_40th_street/east_to_west/027_n00568_W_R.jpg,sky_openness,mid_block,2,1;2,0,2.0768760442733765,1.468790590763092,1.3208213448524475,1,1,1,2
east_40th_street/east_to_west/027_n00568_W_R.jpg,vertical_hardscape,mid_block,2,5;6,0,5.163823526352644,5.705785036087036,5.9046503603458405,6,6,6,2
east_40th_street/east_to_west/027_n00568_W_R.jpg,green_softening,mid_block,2,2;3,0,3.2505656965076923,2.5312092900276184,2.407333552837372,3,2,2,2
Park_Ave_East/north_to_south/001_n00151_S_L.jpg,vertical_greenery,avenue_canyon,3,1;2;3,0,2.2111513800919056,1.6009837687015533,1.2737277001142502,1,1,1,2
Park_Ave_East/north_to_south/001_n00151_S_L.jpg,sky_openness,avenue_canyon,3,1;2;3,0,2.558720499277115,1.863877683877945,2.0000000596046448,2,1,1,2
Park_Ave_East/north_to_south/001_n00151_S_L.jpg,vertical_hardscape,avenue_canyon,1,7,0,6.475506009999663,7.0,7.0,7,7,7,1
Park_Ave_East/north_to_south/001_n00151_S_L.jpg,green_softening,avenue_canyon,3,2;3;5,1,3.631354458630085,3.3191677629947662,2.6931859999895096,3,2,2,3
1st_avenue/south_to_north/046_n00045_N_R.jpg,vertical_greenery,avenue_secondary,1,1,0,1.4132918566465378,1.0,1.0,1,1,1,1
1st_avenue/south_to_north/046_n00045_N_R.jpg,sky_openness,avenue_secondary,4,2;3;4;5,0,3.961516261100769,3.5350732654333115,3.9878237023949623,4,4,5,3
1st_avenue/south_to_north/046_n00045_N_R.jpg,vertical_hardscape,avenue_secondary,2,5;6,0,5.073149944655597,5.5,5.7310583889484406,5,6,6,2
1st_avenue/south_to_north/046_n00045_N_R.jpg,green_softening,avenue_secondary,3,2;3;5,1,3.3010853454470634,3.0817414075136185,2.54635276645422,2,2,2,2
tudor_city_place/south_to_north/001_n00757_N_L.jpg,vertical_greenery,other,3,3;4;5,0,4.2499090800993145,4.120872050523758,4.155418112874031,4,4,4,3
tudor_city_place/south_to_north/001_n00757_N_L.jpg,sky_openness,other,3,1;2;3,0,2.7478930447250605,2.0684024691581726,2.035207062959671,2,2,2,2
tudor_city_place/south_to_north/001_n00757_N_L.jpg,vertical_hardscape,other,2,4;5,0,4.673900621011853,4.705785036087036,4.592666864395142,5,5,5,2
tudor_city_place/south_to_north/001_n00757_N_L.jpg,green_softening,other,3,4;5;6,0,4.888054546201602,5.087950527667999,5.209676295518875,5,5,5,2
Tunnel_Exit_Street/south_to_north/019_n00264_N_L.jpg,vertical_greenery,other,1,1,0,1.576474342495203,1.0,1.0,1,1,1,1
Tunnel_Exit_Street/south_to_north/019_n00264_N_L.jpg,sky_openness,other,2,1;2,0,2.1183876879513264,1.468790590763092,1.3486452102661133,1,1,1,2
Tunnel_Exit_Street/south_to_north/019_n00264_N_L.jpg,vertical_hardscape,other,3,5;6;7,0,5.711969510186464,6.189268469810486,6.680917650461197,7,7,7,2
Tunnel_Exit_Street/south_to_north/019_n00264_N_L.jpg,green_softening,other,4,1;2;3;5,1,3.2973445765674114,2.703666627407074,1.9761385023593903,2,1,1,3
lexington_avenue/south_to_north/029_n00717_N_L.jpg,vertical_greenery,avenue_canyon,2,3;4,0,3.349295999854803,3.4378232955932617,3.268941342830658,3,3,3,2
lexington_avenue/south_to_north/029_n00717_N_L.jpg,sky_openness,avenue_canyon,3,1;2;3,0,2.7165511026978493,1.856381356716156,2.0389644503593445,2,2,2,2
lexington_avenue/south_to_north/029_n00717_N_L.jpg,vertical_hardscape,avenue_canyon,3,5;6;7,0,5.375601497013122,5.775545656681061,6.5880053117871284,5,7,7,2
lexington_avenue/south_to_north/029_n00717_N_L.jpg,green_softening,avenue_canyon,3,2;3;5,1,3.899377793073654,3.488488554954529,3.0250145196914673,3,3,2,3
Park_Ave_East/north_to_south/002_n00150_S_L.jpg,vertical_greenery,avenue_canyon,3,1;2;3,0,2.2574347853660583,1.6358247101306915,1.296076163649559,1,1,1,2
Park_Ave_East/north_to_south/002_n00150_S_L.jpg,sky_openness,avenue_canyon,3,1;2;3,0,2.735063262283802,1.8947568535804749,1.959235668182373,2,1,1,3
Park_Ave_East/north_to_south/002_n00150_S_L.jpg,vertical_hardscape,avenue_canyon,3,5;6;7,0,5.8377133826725185,6.14861598610878,6.6993588879704475,7,7,7,2
Park_Ave_East/north_to_south/002_n00150_S_L.jpg,green_softening,avenue_canyon,3,2;3;5,1,4.042668368667364,3.6329730451107025,2.977646216750145,5,2,2,3
east_35th_street/west_to_east/009_n00322_E_L.jpg,vertical_greenery,mid_block,2,2;3,0,2.7237407877109945,2.5621764063835144,2.2689413726329803,3,2,2,2
east_35th_street/west_to_east/009_n00322_E_L.jpg,sky_openness,mid_block,3,2;3;4,0,3.421500153839588,2.8731958270072937,3.1914216578006744,2,3,3,3
east_35th_street/west_to_east/009_n00322_E_L.jpg,vertical_hardscape,mid_block,2,5;6,0,5.0394911982584745,5.245084792375565,5.5,5,5,5,2
east_35th_street/west_to_east/009_n00322_E_L.jpg,green_softening,mid_block,4,2;3;4;5,0,3.9520829878747463,3.5976911783218384,3.079976614564657,3,3,3,2
2nd_avenue/south_to_north/003_n00048_N_L.jpg,vertical_greenery,avenue_secondary,2,2;3,0,2.663215862121433,2.5621763467788696,2.32082137465477,3,2,2,2
2nd_avenue/south_to_north/003_n00048_N_L.jpg,sky_openness,avenue_secondary,4,2;3;4;5,0,3.937629174441099,3.491781547665596,3.947043277323246,4,4,5,3
2nd_avenue/south_to_north/003_n00048_N_L.jpg,vertical_hardscape,avenue_secondary,3,3;4;5,0,4.540261170361191,4.320156827569008,4.4178516715765,5,5,5,2
2nd_avenue/south_to_north/003_n00048_N_L.jpg,green_softening,avenue_secondary,3,3;4;5,0,3.979420321062207,3.950101912021637,3.808578133583069,3,4,3,3
east_36th_street/east_to_west/030_n00378_W_L.jpg,vertical_greenery,mid_block,3,1;2;3,0,2.7991977091878653,2.2538045197725296,1.6358247101306915,3,1,1,2
east_36th_street/east_to_west/030_n00378_W_L.jpg,sky_openness,mid_block,3,3;4;5,0,4.069630335085094,3.9647927284240723,4.223928272724152,4,4,5,3
east_36th_street/east_to_west/030_n00378_W_L.jpg,vertical_hardscape,mid_block,3,4;5;6,0,4.843749766238034,4.999999701976776,5.331652849912643,5,5,5,3
east_36th_street/east_to_west/030_n00378_W_L.jpg,green_softening,mid_block,3,3;4;5,0,4.052424734458327,4.048600047826767,3.761635273694992,5,4,3,3
madison_avenue/south_to_north/018_n00740_N_R.jpg,vertical_greenery,avenue_canyon,4,1;2;3;4,0,3.0267505142837763,2.3449148535728455,1.3495069816708565,1,1,1,2
madison_avenue/south_to_north/018_n00740_N_R.jpg,sky_openness,avenue_canyon,2,1;2,0,2.5499229338020086,1.5312093198299408,1.4378235340118408,2,1,1,2
madison_avenue/south_to_north/018_n00740_N_R.jpg,vertical_hardscape,avenue_canyon,3,5;6;7,0,5.849673843244091,6.271314412355423,6.727701932191849,7,7,7,2
madison_avenue/south_to_north/018_n00740_N_R.jpg,green_softening,avenue_canyon,3,1;2;3,0,3.1190953887999058,2.1052431613206863,1.886764109134674,2,2,2,2
Tunnel_Exit_Street/north_to_south/012_n00255_S_R.jpg,vertical_greenery,other,2,3;4,0,3.6343217133544385,3.5,3.4073336124420166,3,3,3,2
Tunnel_Exit_Street/north_to_south/012_n00255_S_R.jpg,sky_openness,other,3,1;2;3,0,2.799139492213726,2.0000000596046448,2.035207062959671,2,2,2,2
Tunnel_Exit_Street/north_to_south/012_n00255_S_R.jpg,vertical_hardscape,other,4,3;4;5;6,0,4.597569444216788,4.59808823466301,4.847555465996265,5,5,5,2
Tunnel_Exit_Street/north_to_south/012_n00255_S_R.jpg,green_softening,other,3,3;4;5,0,4.367037583142519,4.183710664510727,4.045523554086685,5,4,4,2
east_36th_street/west_to_east/005_n00365_E_R.jpg,vertical_greenery,mid_block,2,3;4,0,3.481985335703939,3.4378232955932617,3.245085060596466,3,3,3,2
east_36th_street/west_to_east/005_n00365_E_R.jpg,sky_openness,mid_block,2,1;2,0,2.389625698328018,1.5,1.3775407075881958,1,1,1,2
east_36th_street/west_to_east/005_n00365_E_R.jpg,vertical_hardscape,mid_block,3,4;5;6,0,4.9374331762082875,5.056778788566589,5.386210054159164,5,6,6,3
east_36th_street/west_to_east/005_n00365_E_R.jpg,green_softening,mid_block,3,3;4;5,0,3.9936054795980453,3.952791601419449,3.917800486087799,3,4,4,2
Tunnel_Exit_Street/north_to_south/004_n00263_S_L.jpg,vertical_greenery,other,4,1;2;3;4,0,2.7945782896131277,2.371657609939575,1.7525731325149536,3,1,1,2
Tunnel_Exit_Street/north_to_south/004_n00263_S_L.jpg,sky_openness,other,3,1;2;3,0,2.832418814301491,2.031327962875366,1.9999998807907104,2,2,2,2
Tunnel_Exit_Street/north_to_south/004_n00263_S_L.jpg,vertical_hardscape,other,3,5;6;7,0,5.874654254876077,6.3541804403066635,6.840900365263224,7,7,7,2
Tunnel_Exit_Street/north_to_south/004_n00263_S_L.jpg,green_softening,other,4,2;3;4;5,0,3.797591997310519,3.560040771961212,3.057594358921051,3,3,3,2
Park_Ave_Tunnel_Segment/west_to_east/053_n00205_E_R.jpg,vertical_greenery,avenue_canyon,3,1;2;3,0,2.2502062432467937,2.0000000596046448,1.5737776905298233,2,1,1,3
Park_Ave_Tunnel_Segment/west_to_east/053_n00205_E_R.jpg,sky_openness,avenue_canyon,3,4;5;6,0,4.856940946541727,5.126804083585739,5.501047745347023,6,6,6,3
Park_Ave_Tunnel_Segment/west_to_east/053_n00205_E_R.jpg,vertical_hardscape,avenue_canyon,4,3;4;5;6,0,4.761401750147343,4.846853643655777,5.410421520471573,6,6,6,2
Park_Ave_Tunnel_Segment/west_to_east/053_n00205_E_R.jpg,green_softening,avenue_canyon,2,2;3,0,3.1380861699581146,2.468790680170059,2.407333552837372,2,2,2,2
1st_avenue/south_to_north/023_n00022_N_L.jpg,vertical_greenery,avenue_secondary,2,1;2,0,1.8811564976349473,1.2018132209777832,1.0953494310379028,1,1,1,2
1st_avenue/south_to_north/023_n00022_N_L.jpg,sky_openness,avenue_secondary,3,2;3;4,0,3.479755211621523,2.8683091402053833,3.2948751151561737,2,3,3,3
1st_avenue/south_to_north/023_n00022_N_L.jpg,vertical_hardscape,avenue_secondary,1,7,0,6.564904995029792,7.0,7.0,7,7,7,1
1st_avenue/south_to_north/023_n00022_N_L.jpg,green_softening,avenue_secondary,3,3;4;5,0,4.017295870929956,3.9542752504348755,3.518920585513115,3,3,3,3
tudor_city_place/south_to_north/009_n00764_N_L.jpg,vertical_greenery,other,3,3;4;5,0,3.8247055215761065,3.8166902512311935,3.835046499967575,3,3,3,2
tudor_city_place/south_to_north/009_n00764_N_L.jpg,sky_openness,other,3,1;2;3,0,2.9668261483311653,2.0995171666145325,2.1052433252334595,2,2,2,3
tudor_city_place/south_to_north/009_n00764_N_L.jpg,vertical_hardscape,other,3,3;4;5,0,4.449461240321398,4.177794128656387,4.2008326053619385,5,5,4,3
tudor_city_place/south_to_north/009_n00764_N_L.jpg,green_softening,other,4,3;4;5;6,0,4.510319478344172,4.491711720824242,4.693950030952692,5,5,5,3
east_34th_street/west_to_east/047_n00313_E_R.jpg,vertical_greenery,mid_block,3,1;2;3,0,2.634925580583513,2.253804534673691,1.4853922724723816,3,1,1,2
east_34th_street/west_to_east/047_n00313_E_R.jpg,sky_openness,mid_block,4,2;3;4;5,0,3.8847795594483614,3.51897931098938,3.6659291684627533,4,3,4,3
east_34th_street/west_to_east/047_n00313_E_R.jpg,vertical_hardscape,mid_block,3,5;6;7,0,5.921637188177556,6.382087796926498,6.8776789754629135,7,7,7,2
east_34th_street/west_to_east/047_n00313_E_R.jpg,green_softening,mid_block,4,2;3;4;5,0,3.6005227733403444,3.418652266263962,2.940113849937916,3,3,2,3
tudor_city_place/north_to_south/001_n00764_S_R.jpg,vertical_greenery,other,3,1;2;3,0,2.6199777917936444,2.2655863016843796,1.5669153034687042,3,1,1,2
tudor_city_place/north_to_south/001_n00764_S_R.jpg,sky_openness,other,3,1;2;3,0,2.7692472767084837,2.093737870454788,2.0332755744457245,2,2,2,2
tudor_city_place/north_to_south/001_n00764_S_R.jpg,vertical_hardscape,other,3,4;5;6,0,4.827403958886862,5.0255400240421295,5.313145101070404,5,5,5,3
tudor_city_place/north_to_south/001_n00764_S_R.jpg,green_softening,other,2,2;3,0,3.201422229409218,2.5,2.348645269870758,2,2,2,2
Park_Ave_East/south_to_north/038_n00151_N_R.jpg,vertical_greenery,avenue_canyon,2,1;2,0,2.0040707141160965,1.2018131911754608,1.0474258810281754,1,1,1,2
Park_Ave_East/south_to_north/038_n00151_N_R.jpg,sky_openness,avenue_canyon,2,1;2,0,2.1310771498829126,1.5,1.3486452102661133,1,1,1,2
Park_Ave_East/south_to_north/038_n00151_N_R.jpg,vertical_hardscape,avenue_canyon,1,7,0,6.6121568833477795,7.0,7.0,7,7,7,1
Park_Ave_East/south_to_north/038_n00151_N_R.jpg,green_softening,avenue_canyon,3,1;2;3,0,2.860262915492058,2.0332753658294678,1.796947181224823,2,2,1,3
lexington_avenue/south_to_north/004_n00692_N_R.jpg,vertical_greenery,avenue_canyon,3,2;3;4,0,3.169287270400673,3.052947908639908,2.6188360154628754,3,3,2,3
lexington_avenue/south_to_north/004_n00692_N_R.jpg,sky_openness,avenue_canyon,3,2;3;4,0,2.9792688358575106,2.75568625330925,3.136122465133667,2,3,3,3
lexington_avenue/south_to_north/004_n00692_N_R.jpg,vertical_hardscape,avenue_canyon,2,5;6,0,5.145715563092381,5.294214963912964,5.531209707260132,5,6,6,2
lexington_avenue/south_to_north/004_n00692_N_R.jpg,green_softening,avenue_canyon,3,3;4;5,0,4.045493997633457,3.951400011777878,3.9393485635519028,3,4,4,2
tudor_city_place/north_to_south/006_n00760_S_R.jpg,vertical_greenery,other,2,3;4,0,3.615210648626089,3.4378232955932617,3.3208214044570923,3,3,3,2
tudor_city_place/north_to_south/006_n00760_S_R.jpg,sky_openness,other,2,2;3,0,3.057398971170187,2.4378233551979065,2.5312095284461975,2,3,3,2
tudor_city_place/north_to_south/006_n00760_S_R.jpg,vertical_hardscape,other,2,5;6,0,4.977643782272935,5.201813220977783,5.468790948390961,5,5,5,2
tudor_city_place/north_to_south/006_n00760_S_R.jpg,green_softening,other,3,3;4;5,0,4.499305653851479,4.286718904972076,4.023677125573158,5,4,4,2
2nd_avenue/north_to_south/022_n00058_S_L.jpg,vertical_greenery,avenue_secondary,3,2;3;4,0,3.0978438211604953,2.9999997317790985,2.916046440601349,3,3,3,2
2nd_avenue/north_to_south/022_n00058_S_L.jpg,sky_openness,avenue_secondary,3,4;5;6,0,4.656069886870682,5.042496532201767,5.404931962490082,6,5,6,3
2nd_avenue/north_to_south/022_n00058_S_L.jpg,vertical_hardscape,avenue_secondary,4,3;4;5;6,0,4.4845267832279205,4.517479777336121,4.860338851809502,5,5,6,3
2nd_avenue/north_to_south/022_n00058_S_L.jpg,green_softening,avenue_secondary,3,2;3;5,1,3.597715187817812,3.2166374027729034,2.9457605332136154,3,3,3,2
east_34th_street/west_to_east/007_n00273_E_R.jpg,vertical_greenery,mid_block,3,1;2;3,0,2.074673604220152,1.7461955398321152,1.397216945886612,1,1,1,2
east_34th_street/west_to_east/007_n00273_E_R.jpg,sky_openness,mid_block,2,1;2,0,2.100236361846328,1.468790590763092,1.3775407075881958,1,1,1,2
east_34th_street/west_to_east/007_n00273_E_R.jpg,vertical_hardscape,mid_block,3,5;6;7,0,6.0732347699813545,6.419169291853905,6.904205491766334,7,7,7,2
east_34th_street/west_to_east/007_n00273_E_R.jpg,green_softening,mid_block,4,2;3;4;5,0,3.7534415870904922,3.522251844406128,2.9900412522256374,3,3,3,2
Park_Ave_East/north_to_south/014_n00138_S_R.jpg,vertical_greenery,avenue_canyon,2,3;4,0,3.370147816836834,3.3486451506614685,3.348645329475403,3,3,3,2
Park_Ave_East/north_to_south/014_n00138_S_R.jpg,sky_openness,avenue_canyon,3,1;2;3,0,2.8446429520845413,1.931597501039505,1.9999998807907104,2,2,2,2
Park_Ave_East/north_to_south/014_n00138_S_R.jpg,vertical_hardscape,avenue_canyon,1,7,0,6.715771494200453,7.0,7.0,7,7,7,1
Park_Ave_East/north_to_south/014_n00138_S_R.jpg,green_softening,avenue_canyon,3,3;4;5,0,4.060045333579183,3.9999998807907104,3.886764109134674,3,4,4,2
3rd_avenue/south_to_north/033_n00112_N_L.jpg,vertical_greenery,avenue_secondary,2,1;2,0,1.9897776544094086,1.2689415216445923,1.1066906154155731,1,1,1,2
3rd_avenue/south_to_north/033_n00112_N_L.jpg,sky_openness,avenue_secondary,3,2;3;4,0,3.544033221900463,2.9135130047798157,3.3059819042682648,2,4,4,3
3rd_avenue/south_to_north/033_n00112_N_L.jpg,vertical_hardscape,avenue_secondary,1,7,0,6.555119083961472,7.0,7.0,7,7,7,1
3rd_avenue/south_to_north/033_n00112_N_L.jpg,green_softening,avenue_secondary,3,2;3;5,1,3.7585716135799885,3.4394699931144714,2.563431903719902,3,2,2,2
1st_avenue/north_to_south/030_n00016_S_L.jpg,vertical_greenery,avenue_secondary,3,2;3;4,0,3.234595710411668,3.0645362734794617,2.4094926863908768,3,2,2,2
1st_avenue/north_to_south/030_n00016_S_L.jpg,sky_openness,avenue_secondary,3,2;3;4,0,3.177461314946413,2.828465461730957,3.155418038368225,2,3,3,3
1st_avenue/north_to_south/030_n00016_S_L.jpg,vertical_hardscape,avenue_secondary,3,5;6;7,0,5.1342180678620934,5.691335842013359,6.461005389690399,5,7,7,2
1st_avenue/north_to_south/030_n00016_S_L.jpg,green_softening,avenue_secondary,3,2;3;5,1,3.6361429058015347,3.3529118299484253,2.7805788442492485,3,2,2,3
3rd_avenue/north_to_south/024_n00090_S_L.jpg,vertical_greenery,avenue_secondary,1,1,0,1.555738695897162,1.0,1.0,1,1,1,1
3rd_avenue/north_to_south/024_n00090_S_L.jpg,sky_openness,avenue_secondary,3,2;3;4,0,3.1403617188334465,2.790898472070694,3.228680342435837,2,3,3,3
3rd_avenue/north_to_south/024_n00090_S_L.jpg,vertical_hardscape,avenue_secondary,4,3;4;5;6,0,4.620915282517672,4.554279580712318,4.928841948509216,5,5,5,2
3rd_avenue/north_to_south/024_n00090_S_L.jpg,green_softening,avenue_secondary,2,2;3,0,3.0894538424909115,2.4378233551979065,2.222700208425522,2,2,2,2
east_37th_street/west_to_east/034_n00441_E_R.jpg,vertical_greenery,mid_block,3,2;3;4,0,3.171628775075078,3.025539845228195,2.943221092224121,3,3,3,2
east_37th_street/west_to_east/034_n00441_E_R.jpg,sky_openness,mid_block,3,4;5;6,0,5.182238747831434,5.200832217931747,5.588622614741325,6,6,6,3
east_37th_street/west_to_east/034_n00441_E_R.jpg,vertical_hardscape,mid_block,3,3;4;5,0,4.357409752905369,4.13169127702713,4.189268350601196,5,5,5,2
east_37th_street/west_to_east/034_n00441_E_R.jpg,green_softening,mid_block,3,3;4;5,0,3.891892835497856,3.8593009412288666,3.784093752503395,3,4,3,3
east_37th_street/west_to_east/025_n00432_E_L.jpg,vertical_greenery,mid_block,3,1;2;3,0,2.3917540255934,1.9542752802371979,1.2696136087179184,1,1,1,2
east_37th_street/west_to_east/025_n00432_E_L.jpg,sky_openness,mid_block,3,1;2;3,0,2.84537461027503,1.9354638159275055,1.959235668182373,2,1,1,3
east_37th_street/west_to_east/025_n00432_E_L.jpg,vertical_hardscape,mid_block,2,5;6,0,4.960237302118912,5.245084911584854,5.562176674604416,5,6,6,2
east_37th_street/west_to_east/025_n00432_E_L.jpg,green_softening,mid_block,3,2;3;5,1,3.522902324795723,3.2415879368782043,2.606059715151787,3,2,2,3
Park_Ave_East/south_to_north/014_n00127_N_R.jpg,vertical_greenery,avenue_canyon,3,2;3;4,0,3.12621685070917,3.0274451673030853,2.7738347351551056,3,3,3,2
Park_Ave_East/south_to_north/014_n00127_N_R.jpg,sky_openness,avenue_canyon,4,2;3;4;5,0,3.8983048982918262,3.476552575826645,3.9282119423151016,4,4,5,3
Park_Ave_East/south_to_north/014_n00127_N_R.jpg,vertical_hardscape,avenue_canyon,3,4;5;6,0,4.859409123659134,4.972554832696915,5.393174886703491,5,5,5,3
Park_Ave_East/south_to_north/014_n00127_N_R.jpg,green_softening,avenue_canyon,3,3;4;5,0,3.9183550234884024,3.901740252971649,3.757038079202175,3,4,3,3
lexington_avenue/south_to_north/009_n00697_N_R.jpg,vertical_greenery,avenue_canyon,2,2;3,0,2.858162331394851,2.651354670524597,2.32082137465477,3,2,2,2
lexington_avenue/south_to_north/009_n00697_N_R.jpg,sky_openness,avenue_canyon,4,2;3;4;5,0,3.736679393798113,3.432201638817787,3.770437240600586,4,4,5,4
lexington_avenue/south_to_north/009_n00697_N_R.jpg,vertical_hardscape,avenue_canyon,3,4;5;6,0,4.9209650619886816,5.029379725456238,5.294521361589432,5,5,5,3
lexington_avenue/south_to_north/009_n00697_N_R.jpg,green_softening,avenue_canyon,4,2;3;4;5,0,3.8047938123345375,3.5815673768520355,2.9907418563961983,3,3,3,2
2nd_avenue/north_to_south/020_n00060_S_L.jpg,vertical_greenery,avenue_secondary,3,1;2;3,0,2.678226493531838,2.320156678557396,1.7371857166290283,3,1,1,2
2nd_avenue/north_to_south/020_n00060_S_L.jpg,sky_openness,avenue_secondary,4,3;4;5;6,0,4.312606545165181,4.446090742945671,4.824276622384787,4,5,5,3
2nd_avenue/north_to_south/020_n00060_S_L.jpg,vertical_hardscape,avenue_secondary,3,3;4;5,0,4.502345069311559,4.271314188838005,4.332146197557449,5,5,5,2
2nd_avenue/north_to_south/020_n00060_S_L.jpg,green_softening,avenue_secondary,3,2;3;5,1,3.6442535668611526,3.3562922179698944,2.7928234711289406,3,3,2,3
1st_avenue/south_to_north/044_n00043_N_R.jpg,vertical_greenery,avenue_secondary,2,1;2,0,1.6488224817439914,1.1824255287647247,1.1066906154155731,1,1,1,2
1st_avenue/south_to_north/044_n00043_N_R.jpg,sky_openness,avenue_secondary,5,2;3;4;5;6,0,4.206987041980028,4.119410663843155,4.4577853083610535,4,6,6,3
1st_avenue/south_to_north/044_n00043_N_R.jpg,vertical_hardscape,avenue_secondary,3,5;6;7,0,5.370835373643786,6.045725047588348,6.710703305900097,7,7,7,2
1st_avenue/south_to_north/044_n00043_N_R.jpg,green_softening,avenue_secondary,3,2;3;5,1,3.4514973908662796,3.1328086107969284,2.618977405130863,3,2,2,3
tudor_city_place/south_to_north/003_n00759_N_R.jpg,vertical_greenery,other,2,3;4,0,3.342530252877623,3.3486451506614685,3.348645329475403,3,3,3,2
tudor_city_place/south_to_north/003_n00759_N_R.jpg,sky_openness,other,3,2;3;4,0,3.2389511447399855,2.8731956779956818,3.1914216578006744,2,3,3,3
tudor_city_place/south_to_north/003_n00759_N_R.jpg,vertical_hardscape,other,1,5,0,4.80747715709731,5.0,5.0,5,5,5,1
tudor_city_place/south_to_north/003_n00759_N_R.jpg,green_softening,other,3,3;4;5,0,4.052604937925935,3.9017401039600372,3.917800486087799,3,4,4,2
east_39th_street/west_to_east/036_n00537_E_L.jpg,vertical_greenery,mid_block,3,1;2;3,0,2.7570093339309096,2.083117187023163,1.3849225342273712,3,1,1,2
east_39th_street/west_to_east/036_n00537_E_L.jpg,sky_openness,mid_block,3,1;2;3,0,2.827853489667177,1.935463771224022,2.0389644503593445,2,2,2,2
east_39th_street/west_to_east/036_n00537_E_L.jpg,vertical_hardscape,mid_block,3,4;5;6,0,4.7869593277573586,5.029379427433014,5.481079816818237,5,6,6,3
east_39th_street/west_to_east/036_n00537_E_L.jpg,green_softening,mid_block,3,1;2;3,0,2.979660663753748,2.174163058400154,1.761635273694992,2,2,1,3
Tunnel_Exit_Street/north_to_south/002_n00265_S_L.jpg,vertical_greenery,other,1,1,0,1.9013726077973843,1.0,1.0,1,1,1,1
Tunnel_Exit_Street/north_to_south/002_n00265_S_L.jpg,sky_openness,other,2,1;2,0,2.435043504461646,1.592666506767273,1.3775407075881958,2,1,1,2
Tunnel_Exit_Street/north_to_south/002_n00265_S_L.jpg,vertical_hardscape,other,3,5;6;7,0,6.136512710945681,6.453586012125015,6.879530277103186,7,7,7,2
Tunnel_Exit_Street/north_to_south/002_n00265_S_L.jpg,green_softening,other,3,2;3;5,1,3.5134436786174774,3.253675103187561,2.6782843619585037,3,2,2,3
1st_avenue/south_to_north/028_n00027_N_L.jpg,vertical_greenery,avenue_secondary,3,1;2;3,0,2.104154037311673,1.7012802511453629,1.352078765630722,1,1,1,2
1st_avenue/south_to_north/028_n00027_N_L.jpg,sky_openness,avenue_secondary,3,2;3;4,0,3.4350082874298096,2.9135130047798157,3.2747773826122284,2,3,3,3
1st_avenue/south_to_north/028_n00027_N_L.jpg,vertical_hardscape,avenue_secondary,2,5;6,0,5.07466781930998,5.268941283226013,5.562176674604416,5,6,6,2
1st_avenue/south_to_north/028_n00027_N_L.jpg,green_softening,avenue_secondary,3,3;4;5,0,4.159848939627409,4.095588892698288,3.573777601122856,5,3,3,3
east_37th_street/east_to_west/011_n00444_W_L.jpg,vertical_greenery,mid_block,3,1;2;3,0,2.142345365136862,1.6122067272663116,1.352078765630722,1,1,1,2
east_37th_street/east_to_west/011_n00444_W_L.jpg,sky_openness,mid_block,3,4;5;6,0,4.715163591783494,4.999999701976776,5.399634554982185,4,5,6,3
east_37th_street/east_to_west/011_n00444_W_L.jpg,vertical_hardscape,mid_block,4,3;4;5;6,0,4.667685856111348,4.609145894646645,4.947396412491798,5,5,6,3
east_37th_street/east_to_west/011_n00444_W_L.jpg,green_softening,mid_block,3,2;3;5,1,3.776754893362522,3.3529117703437805,2.9003579914569855,3,3,2,3
Tunnel_Exit_Street/north_to_south/010_n00257_S_R.jpg,vertical_greenery,other,2,1;2,0,2.045773170888424,1.2018132209777832,1.0850990414619446,1,1,1,2
Tunnel_Exit_Street/north_to_south/010_n00257_S_R.jpg,sky_openness,other,3,1;2;3,0,2.5729408022016287,1.9686720073223114,2.0000001192092896,2,2,2,2
Tunnel_Exit_Street/north_to_south/010_n00257_S_R.jpg,vertical_hardscape,other,4,3;4;5;6,0,4.738898592069745,4.784500688314438,5.163436681032181,5,6,6,3
Tunnel_Exit_Street/north_to_south/010_n00257_S_R.jpg,green_softening,other,3,2;3;5,1,3.684457566589117,3.253674954175949,2.979949504137039,3,3,2,3
3rd_avenue/south_to_north/027_n00106_N_R.jpg,vertical_greenery,avenue_secondary,3,2;3;4,0,3.396873683668673,3.0995170772075653,2.3174407482147217,3,2,2,2
3rd_avenue/south_to_north/027_n00106_N_R.jpg,sky_openness,avenue_secondary,3,2;3;4,0,3.4743617214262486,2.8683090806007385,3.1436186730861664,2,3,3,3
3rd_avenue/south_to_north/027_n00106_N_R.jpg,vertical_hardscape,avenue_secondary,3,5;6;7,0,5.560050898930058,5.952791184186935,6.8024703077971935,5,7,7,2
3rd_avenue/south_to_north/027_n00106_N_R.jpg,green_softening,avenue_secondary,3,2;3;5,1,3.9511503651738167,3.465427964925766,2.857313334941864,3,3,2,3
madison_avenue/south_to_north/025_n00747_N_L.jpg,vertical_greenery,avenue_canyon,3,1;2;3,0,2.5108397817239165,1.9575032591819763,1.3108969032764435,1,1,1,2
madison_avenue/south_to_north/025_n00747_N_L.jpg,sky_openness,avenue_canyon,3,1;2;3,0,2.710818599909544,1.8947567343711853,1.961035430431366,2,2,2,2
madison_avenue/south_to_north/025_n00747_N_L.jpg,vertical_hardscape,avenue_canyon,3,5;6;7,0,5.437986605800688,5.80071547627449,6.730906389653683,5,7,7,2
madison_avenue/south_to_north/025_n00747_N_L.jpg,green_softening,avenue_canyon,3,3;4;5,0,3.879456415772438,3.9513997733592987,3.573777601122856,3,3,3,3
Tunnel_Exit_Street/south_to_north/012_n00257_N_L.jpg,vertical_greenery,other,1,1,0,1.3853929974138737,1.0,1.0,1,1,1,1
Tunnel_Exit_Street/south_to_north/012_n00257_N_L.jpg,sky_openness,other,2,1;2,0,2.356857718899846,1.377540647983551,1.2689414024353027,1,1,1,2
Tunnel_Exit_Street/south_to_north/012_n00257_N_L.jpg,vertical_hardscape,other,3,5;6;7,0,5.026968133635819,5.691335439682007,6.556551076471806,5,7,7,2
Tunnel_Exit_Street/south_to_north/012_n00257_N_L.jpg,green_softening,other,3,1;2;3,0,3.406631886959076,1.9999998807907104,1.863877683877945,1,2,1,3
Tunnel_Exit_Street/south_to_north/010_n00255_N_L.jpg,vertical_greenery,other,1,1,0,1.5610298477113247,1.0,1.0,1,1,1,1
Tunnel_Exit_Street/south_to_north/010_n00255_N_L.jpg,sky_openness,other,2,1;2,0,2.3080928698182106,1.5312092900276184,1.3486452102661133,2,1,1,2
Tunnel_Exit_Street/south_to_north/010_n00255_N_L.jpg,vertical_hardscape,other,2,5;6,0,5.005694966763258,5.7057846784591675,5.867035672068596,6,6,6,2
Tunnel_Exit_Street/south_to_north/010_n00255_N_L.jpg,green_softening,other,3,1;2;3,0,2.8194023445248604,1.87831249833107,1.825836956501007,1,2,1,3
1st_avenue/north_to_south/003_n00043_S_L.jpg,vertical_greenery,avenue_secondary,3,1;2;3,0,2.317861946299672,1.9628921151161194,1.448604241013527,2,1,1,2
1st_avenue/north_to_south/003_n00043_S_L.jpg,sky_openness,avenue_secondary,3,4;5;6,0,4.847674386575818,5.126804411411285,5.584223710000515,6,6,6,3
1st_avenue/north_to_south/003_n00043_S_L.jpg,vertical_hardscape,avenue_secondary,3,3;4;5,0,4.412780108861625,4.216985777020454,4.253804549574852,5,5,5,2
1st_avenue/north_to_south/003_n00043_S_L.jpg,green_softening,avenue_secondary,4,2;3;4;5,0,3.676433138549328,3.4399756640195847,3.027050469070673,3,3,3,2
east_37th_street/west_to_east/005_n00412_E_R.jpg,vertical_greenery,mid_block,2,3;4,0,3.3582455539144576,3.3775404691696167,3.294214963912964,3,3,3,2
east_37th_street/west_to_east/005_n00412_E_R.jpg,sky_openness,mid_block,3,1;2;3,0,2.5714506544172764,1.9667245149612427,1.9315976053476334,2,2,2,2
east_37th_street/west_to_east/005_n00412_E_R.jpg,vertical_hardscape,mid_block,3,4;5;6,0,4.855510542169213,5.0,5.365553230047226,5,5,6,3
east_37th_street/west_to_east/005_n00412_E_R.jpg,green_softening,mid_block,3,3;4;5,0,4.265951888635755,4.098259896039963,3.9686721563339233,5,4,4,2
1st_avenue/north_to_south/011_n00035_S_R.jpg,vertical_greenery,avenue_secondary,3,1;2;3,0,2.2279423978179693,1.5905260294675827,1.2160494700074196,1,1,1,2
1st_avenue/north_to_south/011_n00035_S_R.jpg,sky_openness,avenue_secondary,3,1;2;3,0,2.8699322007596493,1.935463771224022,2.1052433252334595,2,2,3,3
1st_avenue/north_to_south/011_n00035_S_R.jpg,vertical_hardscape,avenue_secondary,3,5;6;7,0,5.562273535411805,6.000000089406967,6.5880053117871284,5,7,7,2
1st_avenue/north_to_south/011_n00035_S_R.jpg,green_softening,avenue_secondary,2,3;5,1,4.0480626709759235,4.062418907880783,3.4036264419555664,5,3,3,2
east_42nd_street/east_to_west/030_n00659_W_R.jpg,vertical_greenery,mid_block,2,1;2,0,1.7768257707357407,1.2018132209777832,1.0953494310379028,1,1,1,2
east_42nd_street/east_to_west/030_n00659_W_R.jpg,sky_openness,mid_block,2,1;2,0,2.4001238457858562,1.5621764361858368,1.4378235340118408,2,1,1,2
east_42nd_street/east_to_west/030_n00659_W_R.jpg,vertical_hardscape,mid_block,3,5;6;7,0,6.005301216384396,6.342344269156456,6.914720259606838,7,7,7,2
east_42nd_street/east_to_west/030_n00659_W_R.jpg,green_softening,mid_block,3,2;3;5,1,3.663248959928751,3.3705685436725616,2.6638779640197754,3,2,2,3
lexington_avenue/east_to_west/1_n00712_W_R.jpg,vertical_greenery,avenue_canyon,3,1;2;3,0,2.5243967473506927,1.6009838730096817,1.7357025146484375,1,1,1,2
lexington_avenue/east_to_west/1_n00712_W_R.jpg,sky_openness,avenue_canyon,1,1,0,1.841296635568142,1.0,1.0,1,1,1,1
lexington_avenue/east_to_west/1_n00712_W_R.jpg,vertical_hardscape,avenue_canyon,3,1;3;6,1,3.4793338030576706,2.822629362344742,2.3353369683027267,1,1,1,3
lexington_avenue/east_to_west/1_n00712_W_R.jpg,green_softening,avenue_canyon,2,5;6,0,4.966208322905004,5.320821464061737,5.43782365322113,5,5,5,2
Tunnel_Exit_Street/north_to_south/013_n00254_S_R.jpg,vertical_greenery,other,1,1,0,1.2781170653179288,1.0,1.0,1,1,1,1
Tunnel_Exit_Street/north_to_south/013_n00254_S_R.jpg,sky_openness,other,2,1;2,0,2.031114162877202,1.437823474407196,1.3208213448524475,1,1,1,2
Tunnel_Exit_Street/north_to_south/013_n00254_S_R.jpg,vertical_hardscape,other,3,4;5;6,0,4.914739554282278,5.16484260559082,5.720702663064003,5,6,6,2
Tunnel_Exit_Street/north_to_south/013_n00254_S_R.jpg,green_softening,other,3,2;3;5,1,3.4695894680917263,3.319167673587799,2.931201681494713,3,2,2,3
Park_Ave_West/north_to_south/020_n00226_S_R.jpg,vertical_greenery,avenue_canyon,3,1;2;3,0,2.1299203000962734,1.8490447998046875,1.4208481088280678,1,1,1,2
Park_Ave_West/north_to_south/020_n00226_S_R.jpg,sky_openness,avenue_canyon,3,1;2;3,0,2.9084292501211166,2.064536139369011,2.128520965576172,2,2,2,2
Park_Ave_West/north_to_south/020_n00226_S_R.jpg,vertical_hardscape,avenue_canyon,3,4;5;6,0,4.9617477878928185,5.000000149011612,5.370279133319855,5,5,5,3
Park_Ave_West/north_to_south/020_n00226_S_R.jpg,green_softening,avenue_canyon,4,2;3;4;5,0,3.5857648104429245,3.401760056614876,2.8825791627168655,3,3,2,3
1st_avenue/south_to_north/007_n00006_N_L.jpg,vertical_greenery,avenue_secondary,3,2;3;4,0,3.1453539421781898,2.97255477309227,2.6188360154628754,3,3,2,3
1st_avenue/south_to_north/007_n00006_N_L.jpg,sky_openness,avenue_secondary,5,2;3;4;5;6,0,3.992104096338153,3.9483966529369354,4.196565628051758,4,3,5,4
1st_avenue/south_to_north/007_n00006_N_L.jpg,vertical_hardscape,avenue_secondary,2,3;5,1,4.634115062654018,4.509830042719841,4.06241899728775,5,5,5,2
1st_avenue/south_to_north/007_n00006_N_L.jpg,green_softening,avenue_secondary,2,2;3,0,3.0462625958025455,2.5312095284461975,2.348645269870758,3,2,2,2
Tunnel_Exit_Street/north_to_south/020_n00247_S_R.jpg,vertical_greenery,other,3,2;3;4,0,3.0200222618877888,2.9999998211860657,2.447542190551758,3,2,2,3
Tunnel_Exit_Street/north_to_south/020_n00247_S_R.jpg,sky_openness,other,3,1;2;3,0,2.5782925048843026,1.9315976053476334,1.9628920257091522,2,2,2,2
Tunnel_Exit_Street/north_to_south/020_n00247_S_R.jpg,vertical_hardscape,other,4,3;4;5;6,0,4.633068854920566,4.610481381416321,4.849276892840862,5,5,5,2
Tunnel_Exit_Street/north_to_south/020_n00247_S_R.jpg,green_softening,other,3,2;3;5,1,3.424096778035164,3.1528912484645844,2.7240777760744095,3,2,2,3
Tunnel_Exit_Street/north_to_south/007_n00260_S_R.jpg,vertical_greenery,other,1,1,0,1.7190474383533,1.0,1.0,1,1,1,1
Tunnel_Exit_Street/north_to_south/007_n00260_S_R.jpg,sky_openness,other,2,1;2,0,2.3143079224973917,1.562176525592804,1.4687907099723816,2,1,1,2
Tunnel_Exit_Street/north_to_south/007_n00260_S_R.jpg,vertical_hardscape,other,3,5;6;7,0,5.696924703661352,6.177794128656387,6.715972624719143,7,7,7,2
Tunnel_Exit_Street/north_to_south/007_n00260_S_R.jpg,green_softening,other,3,2;3;5,1,3.549100808799267,3.3045043349266052,2.8031395077705383,3,2,2,3
1st_avenue/north_to_south/031_n00015_S_R.jpg,vertical_greenery,avenue_secondary,3,3;4;5,0,4.392046668799594,4.1914215087890625,4.145961597561836,4,4,4,2
1st_avenue/north_to_south/031_n00015_S_R.jpg,sky_openness,avenue_secondary,3,4;5;6,0,4.877776922658086,5.083116769790649,5.501047745347023,6,6,6,3
1st_avenue/north_to_south/031_n00015_S_R.jpg,vertical_hardscape,avenue_secondary,4,3;4;5;6,0,4.625772132538259,4.641115680336952,4.844316765666008,5,5,5,2
1st_avenue/north_to_south/031_n00015_S_R.jpg,green_softening,avenue_secondary,2,5;6,0,5.000359129393473,5.348645448684692,5.562176674604416,5,6,6,2
Tunnel_Exit_Street/south_to_north/020_n00265_N_L.jpg,vertical_greenery,other,1,1,0,1.7105856984853745,1.0,1.0,1,1,1,1
Tunnel_Exit_Street/south_to_north/020_n00265_N_L.jpg,sky_openness,other,2,1;2,0,2.1696865167468786,1.4378235340118408,1.3486452102661133,1,1,1,2
Tunnel_Exit_Street/south_to_north/020_n00265_N_L.jpg,vertical_hardscape,other,3,5;6;7,0,5.734861702658236,6.171534895896912,6.636501371860504,7,7,7,2
Tunnel_Exit_Street/south_to_north/020_n00265_N_L.jpg,green_softening,other,4,1;2;3;5,1,3.4093506187200546,2.7093107104301453,2.0806608498096466,2,1,1,3
Park_Ave_Tunnel_Segment/west_to_east/053_n00205_E_L.jpg,vertical_greenery,avenue_canyon,1,1,0,1.5244233096018434,1.0,1.0,1,1,1,1
Park_Ave_Tunnel_Segment/west_to_east/053_n00205_E_L.jpg,sky_openness,avenue_canyon,3,2;3;4,0,3.70269763097167,3.040764331817627,3.3098612427711487,3,3,3,3
Park_Ave_Tunnel_Segment/west_to_east/053_n00205_E_L.jpg,vertical_hardscape,avenue_canyon,3,5;6;7,0,5.250968078151345,6.086486995220184,6.5880053117871284,7,7,7,2
Park_Ave_Tunnel_Segment/west_to_east/053_n00205_E_L.jpg,green_softening,avenue_canyon,3,2;3;5,1,3.6659669056534767,3.4394697546958923,2.7101475819945335,3,2,2,3
1st_avenue/north_to_south/014_n00032_S_L.jpg,vertical_greenery,avenue_secondary,1,1,0,1.4641279457136989,1.0,1.0,1,1,1,1
1st_avenue/north_to_south/014_n00032_S_L.jpg,sky_openness,avenue_secondary,4,4;5;6;7,0,5.343379334080964,5.63182832300663,6.100367598235607,6,6,7,3
1st_avenue/north_to_south/014_n00032_S_L.jpg,vertical_hardscape,avenue_secondary,3,3;4;5,0,4.50230731908232,4.308664858341217,4.253804549574852,5,5,5,2
1st_avenue/north_to_south/014_n00032_S_L.jpg,green_softening,avenue_secondary,2,2;3,0,3.091860754415393,2.4378233551979065,2.348645269870758,2,2,2,2
Tunnel_Exit_Street/south_to_north/021_n00266_N_R.jpg,vertical_greenery,other,3,2;3;4,0,3.3103229124099016,3.136122226715088,2.3669398427009583,3,2,2,2
Tunnel_Exit_Street/south_to_north/021_n00266_N_R.jpg,sky_openness,other,3,1;2;3,0,2.4454102907329798,1.9004829078912735,1.883633404970169,2,1,1,3
Tunnel_Exit_Street/south_to_north/021_n00266_N_R.jpg,vertical_hardscape,other,3,5;6;7,0,5.700047713937238,6.098259806632996,6.831839445978403,7,7,7,2
Tunnel_Exit_Street/south_to_north/021_n00266_N_R.jpg,green_softening,other,3,2;3;5,1,3.670645412057638,3.3529116809368134,2.7509189769625664,3,2,2,3
Park_Ave_Tunnel_Segment/east_to_west/046_n00172_W_L.jpg,vertical_greenery,avenue_canyon,3,4;5;6,0,5.12375130521832,5.191422134637833,5.45353901386261,5,5,6,3
Park_Ave_Tunnel_Segment/east_to_west/046_n00172_W_L.jpg,sky_openness,avenue_canyon,3,2;3;4,0,3.2466526236385107,2.84191831946373,3.238364726305008,2,3,3,3
Park_Ave_Tunnel_Segment/east_to_west/046_n00172_W_L.jpg,vertical_hardscape,avenue_canyon,4,3;4;5;6,0,4.499442927539349,4.528371199965477,4.885820962488651,5,5,5,2
Park_Ave_Tunnel_Segment/east_to_west/046_n00172_W_L.jpg,green_softening,avenue_canyon,3,5;6;7,0,5.482242626370862,5.807781249284744,6.872255804017186,5,7,7,2
Park_Ave_West/north_to_south/017_n00229_S_R.jpg,vertical_greenery,avenue_canyon,3,1;2;3,0,2.3352963840588927,2.075962632894516,1.5389944911003113,2,1,1,2
Park_Ave_West/north_to_south/017_n00229_S_R.jpg,sky_openness,avenue_canyon,3,1;2;3,0,2.409379828721285,1.8445821404457092,1.964792937040329,2,2,2,2
Park_Ave_West/north_to_south/017_n00229_S_R.jpg,vertical_hardscape,avenue_canyon,2,5;6,0,5.03989967610687,5.245084702968597,5.531209707260132,5,6,6,2
Park_Ave_West/north_to_south/017_n00229_S_R.jpg,green_softening,avenue_canyon,3,2;3;5,1,3.444448856636882,3.1724295765161514,2.6780419424176216,3,2,2,3
Park_Ave_Tunnel_Segment/west_to_east/026_n00153_E_L.jpg,vertical_greenery,avenue_canyon,3,1;2;3,0,2.474535576067865,1.9575032591819763,1.352078765630722,1,1,1,2
Park_Ave_Tunnel_Segment/west_to_east/026_n00153_E_L.jpg,sky_openness,avenue_canyon,3,2;3;4,0,3.336543584242463,2.9168829023838043,3.215906262397766,2,3,3,3
Park_Ave_Tunnel_Segment/west_to_east/026_n00153_E_L.jpg,vertical_hardscape,avenue_canyon,3,4;5;6,0,5.001665193587542,5.027445167303085,5.386210054159164,5,6,5,3
Park_Ave_Tunnel_Segment/west_to_east/026_n00153_E_L.jpg,green_softening,avenue_canyon,4,2;3;4;5,0,3.810131499543786,3.5976912677288055,3.0093416199088097,3,3,2,3
east_36th_street/west_to_east/039_n00399_E_L.jpg,vertical_greenery,mid_block,3,1;2;3,0,2.2273044046014547,1.8947567641735077,1.4867760688066483,2,1,1,2
east_36th_street/west_to_east/039_n00399_E_L.jpg,sky_openness,mid_block,4,3;4;5;6,0,4.136322468519211,4.365013867616653,4.747818820178509,4,5,6,4
east_36th_street/west_to_east/039_n00399_E_L.jpg,vertical_hardscape,mid_block,1,5,0,5.0836049863137305,5.0,5.0,5,5,5,1
east_36th_street/west_to_east/039_n00399_E_L.jpg,green_softening,mid_block,3,2;3;5,1,3.6676330007612705,3.289436310529709,2.6411830857396126,3,2,2,3
east_38th_street/east_to_west/041_n00461_W_R.jpg,vertical_greenery,mid_block,3,2;3;4,0,3.2546500605531037,3.1056708991527557,2.5327683836221695,3,2,2,3
east_38th_street/east_to_west/041_n00461_W_R.jpg,sky_openness,mid_block,3,1;2;3,0,2.887326657772064,2.0645361989736557,2.0684024542570114,2,2,2,2
east_38th_street/east_to_west/041_n00461_W_R.jpg,vertical_hardscape,mid_block,3,4;5;6,0,4.9357628943398595,5.029379785060883,5.331652849912643,5,5,6,3
east_38th_street/east_to_west/041_n00461_W_R.jpg,green_softening,mid_block,3,3;4;5,0,4.298933555372059,4.144796520471573,3.94322107732296,5,4,4,2
east_38th_street/east_to_west/021_n00481_W_R.jpg,vertical_greenery,mid_block,3,2;3;4,0,3.230156687553972,3.08795028924942,2.6297205090522766,3,3,2,3
east_38th_street/east_to_west/021_n00481_W_R.jpg,sky_openness,mid_block,3,2;3;4,0,3.4866495952010155,3.000000089406967,3.238364726305008,3,3,3,3
east_38th_street/east_to_west/021_n00481_W_R.jpg,vertical_hardscape,mid_block,3,5;6;7,0,5.204822956584394,5.955847442150116,6.591469451785088,5,7,7,2
east_38th_street/east_to_west/021_n00481_W_R.jpg,green_softening,mid_block,4,2;3;4;5,0,3.7195260524749756,3.4754748195409775,3.0991016067564487,3,3,3,2
east_37th_street/east_to_west/030_n00425_W_L.jpg,vertical_greenery,mid_block,3,1;2;3,0,2.4422184778377414,2.136122316122055,1.705535739660263,2,1,1,3
east_37th_street/east_to_west/030_n00425_W_L.jpg,sky_openness,mid_block,3,1;2;3,0,2.8605872876942158,1.9999998807907104,2.0371078550815582,2,2,2,2
east_37th_street/east_to_west/030_n00425_W_L.jpg,vertical_hardscape,mid_block,3,5;6;7,0,5.332745156716555,5.761931747198105,6.721025504171848,5,7,7,2
east_37th_street/east_to_west/030_n00425_W_L.jpg,green_softening,mid_block,3,2;3;5,1,3.3275474682450294,3.0278167873620987,2.7155593633651733,2,3,2,3
madison_avenue/south_to_north/014_n00736_N_R.jpg,vertical_greenery,avenue_canyon,2,3;4,0,3.551120857708156,3.4378232955932617,3.245085060596466,3,3,3,2
madison_avenue/south_to_north/014_n00736_N_R.jpg,sky_openness,avenue_canyon,2,1;2,0,2.0963744409382343,1.5,1.407333493232727,1,1,1,2
madison_avenue/south_to_north/014_n00736_N_R.jpg,vertical_hardscape,avenue_canyon,3,4;5;6,0,4.942060499917716,5.0567790269851685,5.386210054159164,5,6,6,3
madison_avenue/south_to_north/014_n00736_N_R.jpg,green_softening,avenue_canyon,3,2;3;5,1,3.349679585546255,3.073709264397621,2.8820548355579376,3,3,2,3
tudor_city_place/north_to_south/009_n00757_S_R.jpg,vertical_greenery,other,3,2;3;4,0,3.153906532563269,3.02553990483284,2.709919720888138,3,3,3,3
tudor_city_place/north_to_south/009_n00757_S_R.jpg,sky_openness,other,3,1;2;3,0,2.6798275392502546,1.9999998807907104,2.035207062959671,2,2,2,2
tudor_city_place/north_to_south/009_n00757_S_R.jpg,vertical_hardscape,other,3,4;5;6,0,4.665735074318945,4.912049472332001,5.25888466835022,5,5,5,3
tudor_city_place/north_to_south/009_n00757_S_R.jpg,green_softening,other,3,3;4;5,0,4.106494816951454,4.0,3.917800486087799,3,4,4,2
1st_avenue/south_to_north/017_n00016_N_L.jpg,vertical_greenery,avenue_secondary,3,1;2;3,0,2.833541214466095,2.2881980538368225,1.5905260294675827,3,1,1,2
1st_avenue/south_to_north/017_n00016_N_L.jpg,sky_openness,avenue_secondary,3,2;3;4,0,3.3042227029800415,2.8731956779956818,3.155418038368225,2,3,3,3
1st_avenue/south_to_north/017_n00016_N_L.jpg,vertical_hardscape,avenue_secondary,3,5;6;7,0,5.297930167755112,5.728686109185219,6.6020824164152145,5,7,7,2
1st_avenue/south_to_north/017_n00016_N_L.jpg,green_softening,avenue_secondary,4,2;3;4;5,0,3.8455708622932434,3.5976911783218384,2.9358646273612976,3,3,3,2
east_37th_street/west_to_east/012_n00419_E_L.jpg,vertical_greenery,mid_block,3,3;4;5,0,3.868201453704387,3.8714789152145386,3.825837016105652,4,4,3,3
east_37th_street/west_to_east/012_n00419_E_L.jpg,sky_openness,mid_block,3,2;3;4,0,3.310958530753851,2.8419186174869537,3.174163192510605,2,3,3,3
east_37th_street/west_to_east/012_n00419_E_L.jpg,vertical_hardscape,mid_block,3,4;5;6,0,4.752682074904442,4.947052538394928,5.386210054159164,5,6,6,3
east_37th_street/west_to_east/012_n00419_E_L.jpg,green_softening,mid_block,2,5;6,0,4.834837309317663,5.294214963912964,5.407333731651306,5,5,5,2
tudor_city_place/south_to_north/004_n00760_N_L.jpg,vertical_greenery,other,3,3;4;5,0,3.646179954521358,3.72286294400692,3.7991678714752197,3,3,3,3
tudor_city_place/south_to_north/004_n00760_N_L.jpg,sky_openness,other,3,1;2;3,0,2.918880172073841,2.093737855553627,2.0995171517133713,2,2,2,2
tudor_city_place/south_to_north/004_n00760_N_L.jpg,vertical_hardscape,other,3,3;4;5,0,4.647369879763573,4.38779316842556,4.363107219338417,5,5,5,2
tudor_city_place/south_to_north/004_n00760_N_L.jpg,green_softening,other,4,3;4;5;6,0,4.610242708120495,4.590331166982651,4.795970693230629,5,5,5,2
1st_avenue/north_to_south/039_n00007_S_L.jpg,vertical_greenery,avenue_secondary,3,1;2;3,0,2.107181035913527,1.691335454583168,1.352078765630722,1,1,1,2
1st_avenue/north_to_south/039_n00007_S_L.jpg,sky_openness,avenue_secondary,4,2;3;4;5,0,3.8514619804918766,3.4532871395349503,3.809460788965225,4,4,4,3
1st_avenue/north_to_south/039_n00007_S_L.jpg,vertical_hardscape,avenue_secondary,4,3;4;5;6,0,4.688862103968859,4.611346274614334,4.952266119420528,5,5,5,3
1st_avenue/north_to_south/039_n00007_S_L.jpg,green_softening,avenue_secondary,2,3;5,1,4.007638826966286,4.062418907880783,3.3648511469364166,5,3,3,2
1st_avenue/north_to_south/001_n00045_S_R.jpg,vertical_greenery,avenue_secondary,3,1;2;3,0,2.091998731251806,1.906262069940567,1.4247896745800972,2,1,1,2
1st_avenue/north_to_south/001_n00045_S_R.jpg,sky_openness,avenue_secondary,4,1;2;3;4,0,3.1888718642294407,2.4433045238256454,2.4668506383895874,2,2,2,2
1st_avenue/north_to_south/001_n00045_S_R.jpg,vertical_hardscape,avenue_secondary,2,5;6,0,5.12000328861177,5.294214963912964,5.705785036087036,5,6,6,2
1st_avenue/north_to_south/001_n00045_S_R.jpg,green_softening,avenue_secondary,3,2;3;5,1,3.579407475888729,3.2740686237812042,2.618977405130863,3,2,2,3
Park_Ave_West/north_to_south/016_n00230_S_L.jpg,vertical_greenery,avenue_canyon,3,1;2;3,0,2.6609612107276917,2.1649536788463593,1.7286859899759293,3,1,1,2
Park_Ave_West/north_to_south/016_n00230_S_L.jpg,sky_openness,avenue_canyon,3,1;2;3,0,2.7814678978174925,1.9686721414327621,2.0684024542570114,2,2,2,2
Park_Ave_West/north_to_south/016_n00230_S_L.jpg,vertical_hardscape,avenue_canyon,1,5,0,4.983923482010141,5.0,5.0,5,5,5,1
Park_Ave_West/north_to_south/016_n00230_S_L.jpg,green_softening,avenue_canyon,4,2;3;4;5,0,3.7442029863595963,3.4867247939109802,2.9681777730584145,3,3,2,3
3rd_avenue/south_to_north/016_n00095_N_R.jpg,vertical_greenery,avenue_secondary,2,3;4,0,3.5321738943457603,3.4687905311584473,3.4073336124420166,3,3,3,2
3rd_avenue/south_to_north/016_n00095_N_R.jpg,sky_openness,avenue_secondary,4,1;2;3;4,0,3.2932656668126583,2.4630331993103027,2.539603054523468,2,2,2,3
3rd_avenue/south_to_north/016_n00095_N_R.jpg,vertical_hardscape,avenue_secondary,2,5;6,0,4.9247194705531,5.245084792375565,5.5,5,5,5,2
3rd_avenue/south_to_north/016_n00095_N_R.jpg,green_softening,avenue_secondary,3,3;4;5,0,4.37078579608351,4.14479660987854,4.082199513912201,5,4,4,2
