node_id,direction,bearing_deg,fov_deg,street_axis_deg,along_street,GVI,VEI,osm_name,typology,northing_m,lat,lon
n00000,N_uptown,29.0,180.0,28.62956824023601,True,0.44574833091181226,0.7547277347430903,1st Avenue,avenue_secondary,15.663197027027138,40.74372095150434,-73.97355642793345
n00000,E_east,119.0,180.0,28.62956824023601,False,0.8467285467908388,0.7767483816159719,1st Avenue,avenue_secondary,15.663197027027138,40.74372095150434,-73.97355642793345
n00000,S_downtown,209.0,180.0,28.62956824023601,True,0.8867799957924628,0.7600232358786813,1st Avenue,avenue_secondary,15.663197027027138,40.74372095150434,-73.97355642793345
n00000,W_west,299.0,180.0,28.62956824023601,False,0.48579977991343637,0.7399215210755382,1st Avenue,avenue_secondary,15.663197027027138,40.74372095150434,-73.97355642793345
n00000,full360,,360.0,28.62956824023601,,0.6662641633521376,0.757282389663621,1st Avenue,avenue_secondary,15.663197027027138,40.74372095150434,-73.97355642793345
n00001,N_uptown,29.0,180.0,28.629568240236022,True,1.6681005705762313,0.8681228527051085,1st Avenue,avenue_secondary,35.59203736750044,40.74387806058934,-73.97344050907502
n00001,E_east,119.0,180.0,28.629568240236022,False,0.9731404859184865,0.7596625782861283,1st Avenue,avenue_secondary,35.59203736750044,40.74387806058934,-73.97344050907502
n00001,S_downtown,209.0,180.0,28.629568240236022,True,0.49230568973160976,0.6486898221856108,1st Avenue,avenue_secondary,35.59203736750044,40.74387806058934,-73.97344050907502
n00001,W_west,299.0,180.0,28.629568240236022,False,1.1872657743893547,0.7570164870451406,1st Avenue,avenue_secondary,35.59203736750044,40.74387806058934,-73.97344050907502
n00001,full360,,360.0,28.629568240236022,,1.0802031301539206,0.7583427199737164,1st Avenue,avenue_secondary,35.59203736750044,40.74387806058934,-73.97344050907502
n00002,N_uptown,29.0,180.0,28.539120821006158,True,5.178490291080543,0.8764594362204802,1st Avenue,avenue_secondary,55.5210112492382,40.74403530872556,-73.97332491575558
n00002,E_east,119.0,180.0,28.539120821006158,False,4.142854845374668,0.7701626758296257,1st Avenue,avenue_secondary,55.5210112492382,40.74403530872556,-73.97332491575558
n00002,S_downtown,209.0,180.0,28.539120821006158,True,3.0760629550769094,0.7359311566421184,1st Avenue,avenue_secondary,55.5210112492382,40.74403530872556,-73.97332491575558
n00002,W_west,299.0,180.0,28.539120821006158,False,4.111698400782784,0.8377294741498847,1st Avenue,avenue_secondary,55.5210112492382,40.74403530872556,-73.97332491575558
n00002,full360,,360.0,28.539120821006158,,4.127276623078727,0.8050669188345516,1st Avenue,avenue_secondary,55.5210112492382,40.74403530872556,-73.97332491575558
n00003,N_uptown,29.0,180.0,28.53884156845871,True,3.1192369353521605,0.8537240957848267,1st Avenue,avenue_secondary,75.44999561473901,40.7441925571638,-73.97320932289391
n00003,E_east,119.0,180.0,28.53884156845871,False,3.388551784047166,0.8128941007240676,1st Avenue,avenue_secondary,75.44999561473901,40.7441925571638,-73.97320932289391
n00003,S_downtown,209.0,180.0,28.53884156845871,True,2.495507509981507,0.8460604754910588,1st Avenue,avenue_secondary,75.44999561473901,40.7441925571638,-73.97320932289391
n00003,W_west,299.0,180.0,28.53884156845871,False,2.226192661286501,0.8817538085390519,1st Avenue,avenue_secondary,75.44999561473901,40.7441925571638,-73.97320932289391
n00003,full360,,360.0,28.53884156845871,,2.8073722226668334,0.8497576931168027,1st Avenue,avenue_secondary,75.44999561473901,40.7441925571638,-73.97320932289391
n00004,N_uptown,29.0,180.0,27.902911098317375,True,3.5381256881160463,0.7005161429179382,1st Avenue,avenue_secondary,95.37779619956328,40.74435076772992,-73.97309603406518
n00004,E_east,119.0,180.0,27.902911098317375,False,2.695819014167453,0.7880648319789662,1st Avenue,avenue_secondary,95.37779619956328,40.74435076772992,-73.97309603406518
n00004,S_downtown,209.0,180.0,27.902911098317375,True,1.8260234119415562,0.8492508431606677,1st Avenue,avenue_secondary,95.37779619956328,40.74435076772992,-73.97309603406518
n00004,W_west,299.0,180.0,27.902911098317375,False,2.6683300858901484,0.7649345981566471,1st Avenue,avenue_secondary,95.37779619956328,40.74435076772992,-73.97309603406518
n00004,full360,,360.0,27.902911098317375,,2.6820745500288012,0.7760859173901391,1st Avenue,avenue_secondary,95.37779619956328,40.74435076772992,-73.97309603406518
n00005,N_uptown,29.0,180.0,28.104864551258284,True,6.814073313886615,0.6794641191052909,1st Avenue,avenue_secondary,115.30521551322227,40.74450866648439,-73.97298201724142
n00005,E_east,119.0,180.0,28.104864551258284,False,1.1554758360645063,0.7884391032224792,1st Avenue,avenue_secondary,115.30521551322227,40.74450866648439,-73.97298201724142
n00005,S_downtown,209.0,180.0,28.104864551258284,True,1.435205916113937,0.6937316447264001,1st Avenue,avenue_secondary,115.30521551322227,40.74450866648439,-73.97298201724142
n00005,W_west,299.0,180.0,28.104864551258284,False,7.093803393936046,0.5681838139394941,1st Avenue,avenue_secondary,115.30521551322227,40.74450866648439,-73.97298201724142
n00005,full360,,360.0,28.104864551258284,,4.124639615000276,0.6871621702512278,1st Avenue,avenue_secondary,115.30521551322227,40.74450866648439,-73.97298201724142
n00006,N_uptown,29.0,180.0,28.15742006822654,True,4.298215454503336,0.71305272208564,1st Avenue,avenue_secondary,135.2339106733392,40.7446664948362,-73.97286780273622
n00006,E_east,119.0,180.0,28.15742006822654,False,0.8424936256485778,0.8699142643219557,1st Avenue,avenue_secondary,135.2339106733392,40.7446664948362,-73.97286780273622
n00006,S_downtown,209.0,180.0,28.15742006822654,True,5.618405524091714,0.6734506851133852,1st Avenue,avenue_secondary,135.2339106733392,40.7446664948362,-73.97286780273622
n00006,W_west,299.0,180.0,28.15742006822654,False,9.074127352946473,0.4667987793445128,1st Avenue,avenue_secondary,135.2339106733392,40.7446664948362,-73.97286780273622
n00006,full360,,360.0,28.15742006822654,,4.958310489297526,0.6932842276342239,1st Avenue,avenue_secondary,135.2339106733392,40.7446664948362,-73.97286780273622
n00007,N_uptown,29.0,180.0,28.079707575152156,True,7.91959573902289,0.7614178223232434,1st Avenue,avenue_secondary,155.16266862079164,40.744824442227845,-73.97275386818092
n00007,E_east,119.0,180.0,28.079707575152156,False,0.8309104705183902,0.871811560386395,1st Avenue,avenue_secondary,155.16266862079164,40.744824442227845,-73.97275386818092
n00007,S_downtown,209.0,180.0,28.079707575152156,True,3.8526168377401535,0.6145856249392441,1st Avenue,avenue_secondary,155.16266862079164,40.744824442227845,-73.97275386818092
n00007,W_west,299.0,180.0,28.079707575152156,False,10.941302106244652,0.42158495404510254,1st Avenue,avenue_secondary,155.16266862079164,40.744824442227845,-73.97275386818092
n00007,full360,,360.0,28.079707575152156,,5.886106288381523,0.6837581032756372,1st Avenue,avenue_secondary,155.16266862079164,40.744824442227845,-73.97275386818092
n00008,N_uptown,29.0,180.0,28.566536713717305,True,4.050995306705207,0.6194875368102363,1st Avenue,avenue_secondary,175.09164199412425,40.74498164722829,-73.97263817287363
n00008,E_east,119.0,180.0,28.566536713717305,False,2.1427970766176374,0.770174329696338,1st Avenue,avenue_secondary,175.09164199412425,40.74498164722829,-73.97263817287363
n00008,S_downtown,209.0,180.0,28.566536713717305,True,5.38559605347111,0.623988429374581,1st Avenue,avenue_secondary,175.09164199412425,40.74498164722829,-73.97263817287363
n00008,W_west,299.0,180.0,28.566536713717305,False,7.29379428355868,0.45285371552649,1st Avenue,avenue_secondary,175.09164199412425,40.74498164722829,-73.97263817287363
n00008,full360,,360.0,28.566536713717305,,4.718295680088158,0.6217304831300979,1st Avenue,avenue_secondary,175.09164199412425,40.74498164722829,-73.97263817287363
n00009,N_uptown,29.0,180.0,28.522200142555388,True,10.175262984096964,0.7058439032850424,1st Avenue,avenue_secondary,195.0192701855878,40.74513890915338,-73.97252264507303
n00009,E_east,119.0,180.0,28.522200142555388,False,8.211681376190546,0.7936621368371305,1st Avenue,avenue_secondary,195.0192701855878,40.74513890915338,-73.97252264507303
n00009,S_downtown,209.0,180.0,28.522200142555388,True,3.7121147842763507,0.513696703187262,1st Avenue,avenue_secondary,195.0192701855878,40.74513890915338,-73.97252264507303
n00009,W_west,299.0,180.0,28.522200142555388,False,5.675696392182769,0.4149788739641472,1st Avenue,avenue_secondary,195.0192701855878,40.74513890915338,-73.97252264507303
n00009,full360,,360.0,28.522200142555388,,6.943688884186658,0.6026984205000255,1st Avenue,avenue_secondary,195.0192701855878,40.74513890915338,-73.97252264507303
n00010,N_uptown,29.0,180.0,28.509467259692773,True,9.190206210280738,0.700476795804585,1st Avenue,avenue_secondary,214.9483477088437,40.74529620176514,-73.97240715438706
n00010,E_east,119.0,180.0,28.509467259692773,False,10.62377408410589,0.7712303778435204,1st Avenue,avenue_secondary,214.9483477088437,40.74529620176514,-73.97240715438706
n00010,S_downtown,209.0,180.0,28.509467259692773,True,9.73710866674134,0.4567331824463497,1st Avenue,avenue_secondary,214.9483477088437,40.74529620176514,-73.97240715438706
n00010,W_west,299.0,180.0,28.509467259692773,False,8.303540792916186,0.3893369912598375,1st Avenue,avenue_secondary,214.9483477088437,40.74529620176514,-73.97240715438706
n00010,full360,,360.0,28.509467259692773,,9.463657438511039,0.5781035630955952,1st Avenue,avenue_secondary,214.9483477088437,40.74529620176514,-73.97240715438706
n00011,N_uptown,29.0,180.0,28.509467258419306,True,5.119913505674301,0.740459523883293,1st Avenue,avenue_secondary,234.8774354864299,40.74545349425054,-73.97229166315148
n00011,E_east,119.0,180.0,28.509467258419306,False,5.595067713639708,0.8798873730562358,1st Avenue,avenue_secondary,234.8774354864299,40.74545349425054,-73.97229166315148
n00011,S_downtown,209.0,180.0,28.509467258419306,True,4.7155340478327075,0.544295393442005,1st Avenue,avenue_secondary,234.8774354864299,40.74545349425054,-73.97229166315148
n00011,W_west,299.0,180.0,28.509467258419306,False,4.2403798398673,0.38736000216170235,1st Avenue,avenue_secondary,234.8774354864299,40.74545349425054,-73.97229166315148
n00011,full360,,360.0,28.509467258419306,,4.917723776753505,0.6424880636206738,1st Avenue,avenue_secondary,234.8774354864299,40.74545349425054,-73.97229166315148
n00012,N_uptown,29.0,180.0,28.230515324467525,True,5.15061299481308,0.6678662023773217,1st Avenue,avenue_secondary,254.8059037771269,40.74561120787726,-73.97217718291232
n00012,E_east,119.0,180.0,28.230515324467525,False,6.38042792159344,0.7709579158569069,1st Avenue,avenue_secondary,254.8059037771269,40.74561120787726,-73.97217718291232
n00012,S_downtown,209.0,180.0,28.230515324467525,True,6.050059221467351,0.5025213683657056,1st Avenue,avenue_secondary,254.8059037771269,40.74561120787726,-73.97217718291232
n00012,W_west,299.0,180.0,28.230515324467525,False,4.820244294686991,0.38773634315820993,1st Avenue,avenue_secondary,254.8059037771269,40.74561120787726,-73.97217718291232
n00012,full360,,360.0,28.230515324467525,,5.600336108140215,0.5850254455689826,1st Avenue,avenue_secondary,254.8059037771269,40.74561120787726,-73.97217718291232
n00013,N_uptown,29.0,180.0,28.135671014736484,True,9.415509293300408,0.8071318546090949,1st Avenue,avenue_secondary,274.73186693629316,40.745769046378186,-73.97206305922597
n00013,E_east,119.0,180.0,28.135671014736484,False,2.5857195429323436,0.8579321358082634,1st Avenue,avenue_secondary,274.73186693629316,40.745769046378186,-73.97206305922597
n00013,S_downtown,209.0,180.0,28.135671014736484,True,4.751326320397562,0.5331843665018782,1st Avenue,avenue_secondary,274.73186693629316,40.745769046378186,-73.97206305922597
n00013,W_west,299.0,180.0,28.135671014736484,False,11.581116070765626,0.4049669181484231,1st Avenue,avenue_secondary,274.73186693629316,40.745769046378186,-73.97206305922597
n00013,full360,,360.0,28.135671014736484,,7.083417806848985,0.6648062705461857,1st Avenue,avenue_secondary,274.73186693629316,40.745769046378186,-73.97206305922597
n00014,N_uptown,29.0,180.0,28.39222990132077,True,12.581798913347821,0.8136338352328413,1st Avenue,avenue_secondary,294.6610180822071,40.745926517888414,-73.97194798976862
n00014,E_east,119.0,180.0,28.39222990132077,False,5.867031712691056,0.9023493111920659,1st Avenue,avenue_secondary,294.6610180822071,40.745926517888414,-73.97194798976862
n00014,S_downtown,209.0,180.0,28.39222990132077,True,10.506405378987754,0.6192410006746483,1st Avenue,avenue_secondary,294.6610180822071,40.745926517888414,-73.97194798976862
n00014,W_west,299.0,180.0,28.39222990132077,False,17.221172579644524,0.43952084402262,1st Avenue,avenue_secondary,294.6610180822071,40.745926517888414,-73.97194798976862
n00014,full360,,360.0,28.39222990132077,,11.544102146167788,0.7147127513993504,1st Avenue,avenue_secondary,294.6610180822071,40.745926517888414,-73.97194798976862
n00015,N_uptown,29.0,180.0,28.353938226967138,True,6.040580558671895,0.8059055553382686,1st Avenue,avenue_secondary,314.59011948480963,40.7460840473104,-73.97183305846798
n00015,E_east,119.0,180.0,28.353938226967138,False,0.3093329069339998,0.8774833277431983,1st Avenue,avenue_secondary,314.59011948480963,40.7460840473104,-73.97183305846798
n00015,S_downtown,209.0,180.0,28.353938226967138,True,9.006447901726052,0.7193472081473259,1st Avenue,avenue_secondary,314.59011948480963,40.7460840473104,-73.97183305846798
n00015,W_west,299.0,180.0,28.353938226967138,False,14.737695553463945,0.5980362723236468,1st Avenue,avenue_secondary,314.59011948480963,40.7460840473104,-73.97183305846798
n00015,full360,,360.0,28.353938226967138,,7.523514230198973,0.7640108895724718,1st Avenue,avenue_secondary,314.59011948480963,40.7460840473104,-73.97183305846798
n00016,N_uptown,29.0,180.0,27.93080696427418,True,0.5071680378467466,0.560168174728043,1st Avenue,avenue_secondary,334.51845118692245,40.74624221699925,-73.9717196599893
n00016,E_east,119.0,180.0,27.93080696427418,False,0.0,0.6321961106549474,1st Avenue,avenue_secondary,334.51845118692245,40.74624221699925,-73.9717196599893
n00016,S_downtown,209.0,180.0,27.93080696427418,True,7.764460660949803,0.7471467628213889,1st Avenue,avenue_secondary,334.51845118692245,40.74624221699925,-73.9717196599893
n00016,W_west,299.0,180.0,27.93080696427418,False,8.27162869879655,0.6733502532462663,1st Avenue,avenue_secondary,334.51845118692245,40.74624221699925,-73.9717196599893
n00016,full360,,360.0,27.93080696427418,,4.135814349398275,0.6507500192998968,1st Avenue,avenue_secondary,334.51845118692245,40.74624221699925,-73.9717196599893
n00017,N_uptown,29.0,180.0,28.670051653408002,True,0.0,0.5331789751351622,1st Avenue,avenue_secondary,354.445267013794,40.74639924495754,-73.97160359881198
n00017,E_east,119.0,180.0,28.670051653408002,False,0.0,0.4410703661125192,1st Avenue,avenue_secondary,354.445267013794,40.74639924495754,-73.97160359881198
n00017,S_downtown,209.0,180.0,28.670051653408002,True,3.9488430367578555,0.6708411088633331,1st Avenue,avenue_secondary,354.445267013794,40.74639924495754,-73.97160359881198
n00017,W_west,299.0,180.0,28.670051653408002,False,3.9488430367578555,0.762315349201581,1st Avenue,avenue_secondary,354.445267013794,40.74639924495754,-73.97160359881198
n00017,full360,,360.0,28.670051653408002,,1.9744215183789278,0.6003340375116953,1st Avenue,avenue_secondary,354.445267013794,40.74639924495754,-73.97160359881198
n00018,N_uptown,29.0,180.0,28.434335211975704,True,0.0,0.4549261930898965,1st Avenue,avenue_secondary,374.3743463206849,40.74655665073457,-73.97148837567677
n00018,E_east,119.0,180.0,28.434335211975704,False,0.021490310742986327,0.34171251005706477,1st Avenue,avenue_secondary,374.3743463206849,40.74655665073457,-73.97148837567677
n00018,S_downtown,209.0,180.0,28.434335211975704,True,0.8380829975863643,0.6275768340789611,1st Avenue,avenue_secondary,374.3743463206849,40.74655665073457,-73.97148837567677
n00018,W_west,299.0,180.0,28.434335211975704,False,0.8165926868433778,0.8175951123588505,1st Avenue,avenue_secondary,374.3743463206849,40.74655665073457,-73.97148837567677
n00018,full360,,360.0,28.434335211975704,,0.41904149879318203,0.5349995403754029,1st Avenue,avenue_secondary,374.3743463206849,40.74655665073457,-73.97148837567677
n00019,N_uptown,29.0,180.0,28.028179188643954,True,0.0,0.48958954900623636,1st Avenue,avenue_secondary,394.30311828546417,40.7467146745045,-73.9713746213853
n00019,E_east,119.0,180.0,28.028179188643954,False,0.00023911451882270768,0.30065859766489617,1st Avenue,avenue_secondary,394.30311828546417,40.7467146745045,-73.9713746213853
n00019,S_downtown,209.0,180.0,28.028179188643954,True,0.0076551834395000035,0.6612036211673656,1st Avenue,avenue_secondary,394.30311828546417,40.7467146745045,-73.9713746213853
n00019,W_west,299.0,180.0,28.028179188643954,False,0.007416068920677296,0.9035607989263943,1st Avenue,avenue_secondary,394.30311828546417,40.7467146745045,-73.9713746213853
n00019,full360,,360.0,28.028179188643954,,0.0038275917197500018,0.5723245450524964,1st Avenue,avenue_secondary,394.30311828546417,40.7467146745045,-73.9713746213853
n00020,N_uptown,29.0,180.0,28.129678640027702,True,0.004968458817868316,0.47877692508437597,1st Avenue,avenue_secondary,414.23157105389635,40.74687254044123,-73.97126050168312
n00020,E_east,119.0,180.0,28.129678640027702,False,0.06258060229565479,0.26757667525226597,1st Avenue,avenue_secondary,414.23157105389635,40.74687254044123,-73.97126050168312
n00020,S_downtown,209.0,180.0,28.129678640027702,True,0.13232033085272743,0.6349815694448885,1st Avenue,avenue_secondary,414.23157105389635,40.74687254044123,-73.97126050168312
n00020,W_west,299.0,180.0,28.129678640027702,False,0.07470818737494095,0.8667471038128166,1st Avenue,avenue_secondary,414.23157105389635,40.74687254044123,-73.97126050168312
n00020,full360,,360.0,28.129678640027702,,0.06864439483529787,0.5548389613914426,1st Avenue,avenue_secondary,414.23157105389635,40.74687254044123,-73.97126050168312
n00021,N_uptown,29.0,180.0,28.87693897145919,True,0.7699567850263187,0.5297894855707042,1st Avenue,avenue_secondary,434.1537552405323,40.747029215033116,-73.97114371820552
n00021,E_east,119.0,180.0,28.87693897145919,False,0.0969807448086612,0.25738443311068426,1st Avenue,avenue_secondary,434.1537552405323,40.747029215033116,-73.97114371820552
n00021,S_downtown,209.0,180.0,28.87693897145919,True,0.16033062844036627,0.6579828973647837,1st Avenue,avenue_secondary,434.1537552405323,40.747029215033116,-73.97114371820552
n00021,W_west,299.0,180.0,28.87693897145919,False,0.8333066686580237,0.9190123167721813,1st Avenue,avenue_secondary,434.1537552405323,40.747029215033116,-73.97114371820552
n00021,full360,,360.0,28.87693897145919,,0.4651437067333425,0.5943358464877446,1st Avenue,avenue_secondary,434.1537552405323,40.747029215033116,-73.97114371820552
n00022,N_uptown,29.0,180.0,26.70712089178474,True,0.06513685464982333,0.5517998252278729,1st Avenue,avenue_secondary,454.07423946565166,40.74718919100595,-73.9710347828618
n00022,E_east,119.0,180.0,26.70712089178474,False,0.06513685464982333,0.2061468806173742,1st Avenue,avenue_secondary,454.07423946565166,40.74718919100595,-73.9710347828618
n00022,S_downtown,209.0,180.0,26.70712089178474,True,0.8677996192314985,0.6131259082280978,1st Avenue,avenue_secondary,454.07423946565166,40.74718919100595,-73.9710347828618
n00022,W_west,299.0,180.0,26.70712089178474,False,0.8677996192314985,0.9355278697438721,1st Avenue,avenue_secondary,454.07423946565166,40.74718919100595,-73.9710347828618
n00022,full360,,360.0,26.70712089178474,,0.4664682369406609,0.5824023884070721,1st Avenue,avenue_secondary,454.07423946565166,40.74718919100595,-73.9710347828618
n00023,N_uptown,29.0,180.0,26.691703707358396,True,0.0,0.5426118487257608,1st Avenue,avenue_secondary,473.9945747309133,40.747349189152736,-73.97092590359465
n00023,E_east,119.0,180.0,26.691703707358396,False,0.0,0.18828136931396594,1st Avenue,avenue_secondary,473.9945747309133,40.747349189152736,-73.97092590359465
n00023,S_downtown,209.0,180.0,26.691703707358396,True,0.09172844296770917,0.5916177934876209,1st Avenue,avenue_secondary,473.9945747309133,40.747349189152736,-73.97092590359465
n00023,W_west,299.0,180.0,26.691703707358396,False,0.09172844296770917,0.9155653611713213,1st Avenue,avenue_secondary,473.9945747309133,40.747349189152736,-73.97092590359465
n00023,full360,,360.0,26.691703707358396,,0.045864221483854585,0.5675089361269733,1st Avenue,avenue_secondary,473.9945747309133,40.747349189152736,-73.97092590359465
n00024,N_uptown,29.0,180.0,26.80122403122934,True,0.17699484482273012,0.5187735523030326,1st Avenue,avenue_secondary,493.9158301768442,40.747509027062925,-73.97081662292068
n00024,E_east,119.0,180.0,26.80122403122934,False,0.040598592490747286,0.17826331891281447,1st Avenue,avenue_secondary,493.9158301768442,40.747509027062925,-73.97081662292068
n00024,S_downtown,209.0,180.0,26.80122403122934,True,0.012661803848728299,0.5432637950054611,1st Avenue,avenue_secondary,493.9158301768442,40.747509027062925,-73.97081662292068
n00024,W_west,299.0,180.0,26.80122403122934,False,0.1490580561807111,0.8590838889865529,1st Avenue,avenue_secondary,493.9158301768442,40.747509027062925,-73.97081662292068
n00024,full360,,360.0,26.80122403122934,,0.09482832433572921,0.5313130266230768,1st Avenue,avenue_secondary,493.9158301768442,40.747509027062925,-73.97081662292068
n00025,N_uptown,29.0,180.0,27.843140470143485,True,0.0,0.5803697390925335,1st Avenue,avenue_secondary,513.8403987771002,40.747667298987324,-73.97070355823043
n00025,E_east,119.0,180.0,27.843140470143485,False,0.0,0.18726053677329293,1st Avenue,avenue_secondary,513.8403987771002,40.747667298987324,-73.97070355823043
n00025,S_downtown,209.0,180.0,27.843140470143485,True,0.0,0.5382380272579353,1st Avenue,avenue_secondary,513.8403987771002,40.747667298987324,-73.97070355823043
n00025,W_west,299.0,180.0,27.843140470143485,False,0.0,0.896129377142482,1st Avenue,avenue_secondary,513.8403987771002,40.747667298987324,-73.97070355823043
n00025,full360,,360.0,27.843140470143485,,0.0,0.5591942398182937,1st Avenue,avenue_secondary,513.8403987771002,40.747667298987324,-73.97070355823043
n00026,N_uptown,29.0,180.0,29.250987028122303,True,0.38007856495186504,0.5998648137025144,1st Avenue,avenue_secondary,533.7675016843416,40.74782343964526,-73.97058539189153
n00026,E_east,119.0,180.0,29.250987028122303,False,0.3633255776586802,0.1965408575118842,1st Avenue,avenue_secondary,533.7675016843416,40.74782343964526,-73.97058539189153
n00026,S_downtown,209.0,180.0,29.250987028122303,True,0.0,0.565783334036102,1st Avenue,avenue_secondary,533.7675016843416,40.74782343964526,-73.97058539189153
n00026,W_west,299.0,180.0,29.250987028122303,False,0.016752987293184873,0.9246562147055122,1st Avenue,avenue_secondary,533.7675016843416,40.74782343964526,-73.97058539189153
n00026,full360,,360.0,29.250987028122303,,0.19003928247593252,0.5824571589454515,1st Avenue,avenue_secondary,533.7675016843416,40.74782343964526,-73.97058539189153
n00027,N_uptown,29.0,180.0,40.271505841565535,True,0.6005500019403837,0.6020828142191901,1st Avenue,avenue_secondary,553.2543556108021,40.747959406191555,-73.9704302888864
n00027,E_east,119.0,180.0,40.271505841565535,False,0.6005500019403838,0.2045903735779104,1st Avenue,avenue_secondary,553.2543556108021,40.747959406191555,-73.9704302888864
n00027,S_downtown,209.0,180.0,40.271505841565535,True,0.0,0.5290947707588093,1st Avenue,avenue_secondary,553.2543556108021,40.747959406191555,-73.9704302888864
n00027,W_west,299.0,180.0,40.271505841565535,False,0.0,0.8921080562056269,1st Avenue,avenue_secondary,553.2543556108021,40.747959406191555,-73.9704302888864
n00027,full360,,360.0,40.271505841565535,,0.30027500097019183,0.5655322477971596,1st Avenue,avenue_secondary,553.2543556108021,40.747959406191555,-73.9704302888864
n00028,N_uptown,29.0,180.0,27.856644785872845,True,0.12195972125198877,0.6003707012204055,1st Avenue,avenue_secondary,499.59394039627125,40.74759050000001,-73.9708704
n00028,E_east,119.0,180.0,27.856644785872845,False,0.11473122842593952,0.20576541581002447,1st Avenue,avenue_secondary,499.59394039627125,40.74759050000001,-73.9708704
n00028,S_downtown,209.0,180.0,27.856644785872845,True,0.10152691547704211,0.545671133812115,1st Avenue,avenue_secondary,499.59394039627125,40.74759050000001,-73.9708704
n00028,W_west,299.0,180.0,27.856644785872845,False,0.10875540830309138,0.9055533592162969,1st Avenue,avenue_secondary,499.59394039627125,40.74759050000001,-73.9708704
n00028,full360,,360.0,27.856644785872845,,0.11174331836451544,0.5728515307377486,1st Avenue,avenue_secondary,499.59394039627125,40.74759050000001,-73.9708704
n00029,N_uptown,29.0,180.0,27.856644785872838,True,0.0,0.5803697390925335,1st Avenue,avenue_secondary,519.5189681091999,40.74774875494476,-73.97075728393001
n00029,E_east,119.0,180.0,27.856644785872838,False,0.0,0.18726053677329293,1st Avenue,avenue_secondary,519.5189681091999,40.74774875494476,-73.97075728393001
n00029,S_downtown,209.0,180.0,27.856644785872838,True,0.0,0.5382380272579353,1st Avenue,avenue_secondary,519.5189681091999,40.74774875494476,-73.97075728393001
n00029,W_west,299.0,180.0,27.856644785872838,False,0.0,0.896129377142482,1st Avenue,avenue_secondary,519.5189681091999,40.74774875494476,-73.97075728393001
n00029,full360,,360.0,27.856644785872838,,0.0,0.5591942398182937,1st Avenue,avenue_secondary,519.5189681091999,40.74774875494476,-73.97075728393001
n00030,N_uptown,29.0,180.0,27.85848296735589,True,0.38007856495186504,0.5998648137025144,1st Avenue,avenue_secondary,539.4473429338361,40.74790703346073,-73.97064414173288
n00030,E_east,119.0,180.0,27.85848296735589,False,0.3633255776586802,0.1965408575118842,1st Avenue,avenue_secondary,539.4473429338361,40.74790703346073,-73.97064414173288
n00030,S_downtown,209.0,180.0,27.85848296735589,True,0.0,0.565783334036102,1st Avenue,avenue_secondary,539.4473429338361,40.74790703346073,-73.97064414173288
n00030,W_west,299.0,180.0,27.85848296735589,False,0.016752987293184873,0.9246562147055122,1st Avenue,avenue_secondary,539.4473429338361,40.74790703346073,-73.97064414173288
n00030,full360,,360.0,27.85848296735589,,0.19003928247593252,0.5824571589454515,1st Avenue,avenue_secondary,539.4473429338361,40.74790703346073,-73.97064414173288
n00031,N_uptown,29.0,180.0,24.435703468252786,True,1.03253785536974,0.6431142288968482,1st Avenue,avenue_secondary,559.3022821170689,40.74806994897408,-73.970543760441
n00031,E_east,119.0,180.0,24.435703468252786,False,0.859003127471761,0.2243003770765584,1st Avenue,avenue_secondary,559.3022821170689,40.74806994897408,-73.970543760441
n00031,S_downtown,209.0,180.0,24.435703468252786,True,0.0,0.5884527234227578,1st Avenue,avenue_secondary,559.3022821170689,40.74806994897408,-73.970543760441
n00031,W_west,299.0,180.0,24.435703468252786,False,0.173534727897979,0.9504901085570785,1st Avenue,avenue_secondary,559.3022821170689,40.74806994897408,-73.970543760441
n00031,full360,,360.0,24.435703468252786,,0.51626892768487,0.6149202267410565,1st Avenue,avenue_secondary,559.3022821170689,40.74806994897408,-73.970543760441
n00032,N_uptown,29.0,180.0,22.81815141549743,True,1.4793809512413865,0.657005614474973,1st Avenue,avenue_secondary,579.1345928324074,40.74823515571742,-73.97044935052058
n00032,E_east,119.0,180.0,22.81815141549743,False,0.43114576365326757,0.2555212273718229,1st Avenue,avenue_secondary,579.1345928324074,40.74823515571742,-73.97044935052058
n00032,S_downtown,209.0,180.0,22.81815141549743,True,0.44887027723529827,0.5196851962079687,1st Avenue,avenue_secondary,579.1345928324074,40.74823515571742,-73.97044935052058
n00032,W_west,299.0,180.0,22.81815141549743,False,1.4971054648234172,0.9170771947655144,1st Avenue,avenue_secondary,579.1345928324074,40.74823515571742,-73.97044935052058
n00032,full360,,360.0,22.81815141549743,,0.9641256142383423,0.5870450242449176,1st Avenue,avenue_secondary,579.1345928324074,40.74823515571742,-73.97044935052058
n00033,N_uptown,29.0,180.0,26.486017478373597,True,0.47734037295646864,0.6735275274370003,1st Avenue,avenue_secondary,599.0355170179705,40.748395310960674,-73.97034131748974
n00033,E_east,119.0,180.0,26.486017478373597,False,0.8057144709482742,0.27976060236721945,1st Avenue,avenue_secondary,599.0355170179705,40.748395310960674,-73.97034131748974
n00033,S_downtown,209.0,180.0,26.486017478373597,True,1.7395863271466239,0.5632335799934338,1st Avenue,avenue_secondary,599.0355170179705,40.748395310960674,-73.97034131748974
n00033,W_west,299.0,180.0,26.486017478373597,False,1.4112122291548184,0.9666193422004787,1st Avenue,avenue_secondary,599.0355170179705,40.748395310960674,-73.97034131748974
n00033,full360,,360.0,26.486017478373597,,1.1084633500515462,0.6187863199759387,1st Avenue,avenue_secondary,599.0355170179705,40.748395310960674,-73.97034131748974
n00034,N_uptown,29.0,180.0,28.474762589771128,True,0.3529891357276754,0.6697787591916143,1st Avenue,avenue_secondary,618.9648260404417,40.748552654348906,-73.97022594120945
n00034,E_east,119.0,180.0,28.474762589771128,False,1.0660730186543665,0.3043867528672006,1st Avenue,avenue_secondary,618.9648260404417,40.748552654348906,-73.97022594120945
n00034,S_downtown,209.0,180.0,28.474762589771128,True,1.4891517753573127,0.5958203475714268,1st Avenue,avenue_secondary,618.9648260404417,40.748552654348906,-73.97022594120945
n00034,W_west,299.0,180.0,28.474762589771128,False,0.7760678924306217,0.96554465364246,1st Avenue,avenue_secondary,618.9648260404417,40.748552654348906,-73.97022594120945
n00034,full360,,360.0,28.474762589771128,,0.921070455542494,0.6323536201207514,1st Avenue,avenue_secondary,618.9648260404417,40.748552654348906,-73.97022594120945
n00035,N_uptown,29.0,180.0,28.413711962359173,True,0.7468716529816768,0.642471193139544,1st Avenue,avenue_secondary,638.8941367080222,40.748710090834265,-73.9701107850295
n00035,E_east,119.0,180.0,28.413711962359173,False,1.1026946335938874,0.3139916785919799,1st Avenue,avenue_secondary,638.8941367080222,40.748710090834265,-73.9701107850295
n00035,S_downtown,209.0,180.0,28.413711962359173,True,1.0684505933196558,0.5952641298430379,1st Avenue,avenue_secondary,638.8941367080222,40.748710090834265,-73.9701107850295
n00035,W_west,299.0,180.0,28.413711962359173,False,0.7126276127074451,0.9123985052382664,1st Avenue,avenue_secondary,638.8941367080222,40.748710090834265,-73.9701107850295
n00035,full360,,360.0,28.413711962359173,,0.9076611231506663,0.6181968161787436,1st Avenue,avenue_secondary,638.8941367080222,40.748710090834265,-73.9701107850295
n00036,N_uptown,29.0,180.0,30.1862026131079,True,1.7850542998052907,0.6821904676983651,1st Avenue,avenue_secondary,658.7885909085899,40.748864547076906,-73.9699894341956
n00036,E_east,119.0,180.0,30.1862026131079,False,1.6444534659164451,0.33901118724579676,1st Avenue,avenue_secondary,658.7885909085899,40.748864547076906,-73.9699894341956
n00036,S_downtown,209.0,180.0,30.1862026131079,True,0.8180876262418881,0.5478359495978375,1st Avenue,avenue_secondary,658.7885909085899,40.748864547076906,-73.9699894341956
n00036,W_west,299.0,180.0,30.1862026131079,False,0.9586884601307336,0.8915408486842978,1st Avenue,avenue_secondary,658.7885909085899,40.748864547076906,-73.9699894341956
n00036,full360,,360.0,30.1862026131079,,1.3015709630235894,0.61361805632259,1st Avenue,avenue_secondary,658.7885909085899,40.748864547076906,-73.9699894341956
n00038,N_uptown,29.0,180.0,34.47489149671844,True,1.6998493406660917,0.6355099185289452,1st Avenue,avenue_secondary,575.8123255530315,40.74810243500851,-73.97021677148618
n00038,E_east,119.0,180.0,34.47489149671844,False,2.618609322214512,0.28943382610719687,1st Avenue,avenue_secondary,575.8123255530315,40.74810243500851,-73.97021677148618
n00038,S_downtown,209.0,180.0,34.47489149671844,True,1.0271860050745638,0.4919463830649316,1st Avenue,avenue_secondary,575.8123255530315,40.74810243500851,-73.97021677148618
n00038,W_west,299.0,180.0,34.47489149671844,False,0.10842602352614326,0.8222011182911079,1st Avenue,avenue_secondary,575.8123255530315,40.74810243500851,-73.97021677148618
n00038,full360,,360.0,34.47489149671844,,1.3635176728703278,0.5627162928622085,1st Avenue,avenue_secondary,575.8123255530315,40.74810243500851,-73.97021677148618
n00039,N_uptown,29.0,180.0,34.47489149671844,True,1.01704139452992,0.6537036803632091,1st Avenue,avenue_secondary,595.5664110631611,40.74824927235844,-73.97008083793412
n00039,E_east,119.0,180.0,34.47489149671844,False,4.618931770040576,0.34150666276787517,1st Avenue,avenue_secondary,595.5664110631611,40.74824927235844,-73.97008083793412
n00039,S_downtown,209.0,180.0,34.47489149671844,True,3.7082314054996615,0.5194583792921579,1st Avenue,avenue_secondary,595.5664110631611,40.74824927235844,-73.97008083793412
n00039,W_west,299.0,180.0,34.47489149671844,False,0.10634102998900606,0.8218435729663799,1st Avenue,avenue_secondary,595.5664110631611,40.74824927235844,-73.97008083793412
n00039,full360,,360.0,34.47489149671844,,2.362636400014791,0.5898769852528787,1st Avenue,avenue_secondary,595.5664110631611,40.74824927235844,-73.97008083793412
n00040,N_uptown,29.0,180.0,27.41961888401635,True,1.0095433931101734,0.6366262955621055,1st Avenue,avenue_secondary,615.4927784176496,40.748408204615664,-73.96996929069459
n00040,E_east,119.0,180.0,27.41961888401635,False,3.0647014770355563,0.351320364088413,1st Avenue,avenue_secondary,615.4927784176496,40.748408204615664,-73.96996929069459
n00040,S_downtown,209.0,180.0,27.41961888401635,True,2.5401210099373954,0.5595910824619443,1st Avenue,avenue_secondary,615.4927784176496,40.748408204615664,-73.96996929069459
n00040,W_west,299.0,180.0,27.41961888401635,False,0.4849629260120121,0.8368657138587698,1st Avenue,avenue_secondary,615.4927784176496,40.748408204615664,-73.96996929069459
n00040,full360,,360.0,27.41961888401635,,1.7748322015237843,0.5980687180558824,1st Avenue,avenue_secondary,615.4927784176496,40.748408204615664,-73.96996929069459
n00041,N_uptown,29.0,180.0,27.41961888249167,True,0.874872683508633,0.6332535325112075,1st Avenue,avenue_secondary,635.4191562626834,40.74856713675434,-73.96985774291817
n00041,E_east,119.0,180.0,27.41961888249167,False,2.9252827003065143,0.3719274385134195,1st Avenue,avenue_secondary,635.4191562626834,40.74856713675434,-73.96985774291817
n00041,S_downtown,209.0,180.0,27.41961888249167,True,2.194952528431338,0.6004336751956358,1st Avenue,avenue_secondary,635.4191562626834,40.74856713675434,-73.96985774291817
n00041,W_west,299.0,180.0,27.41961888249167,False,0.14454251163345713,0.8500934297282188,1st Avenue,avenue_secondary,635.4191562626834,40.74856713675434,-73.96985774291817
n00041,full360,,360.0,27.41961888249167,,1.5349126059699858,0.6165595913083288,1st Avenue,avenue_secondary,635.4191562626834,40.74856713675434,-73.96985774291817
n00042,N_uptown,29.0,180.0,24.786531109588424,True,0.5333520984569393,0.6644544848504207,1st Avenue,avenue_secondary,655.2699501904842,40.748729480782906,-73.96975611165989
n00042,E_east,119.0,180.0,24.786531109588424,False,2.837032345327221,0.3827465559788387,1st Avenue,avenue_secondary,655.2699501904842,40.748729480782906,-73.96975611165989
n00042,S_downtown,209.0,180.0,24.786531109588424,True,2.8018808935479784,0.555774863968025,1st Avenue,avenue_secondary,655.2699501904842,40.748729480782906,-73.96975611165989
n00042,W_west,299.0,180.0,24.786531109588424,False,0.49820064667769676,0.8379061552468415,1st Avenue,avenue_secondary,655.2699501904842,40.748729480782906,-73.96975611165989
n00042,full360,,360.0,24.786531109588424,,1.6676164960024589,0.6100878540725968,1st Avenue,avenue_secondary,655.2699501904842,40.748729480782906,-73.96975611165989
n00043,N_uptown,29.0,180.0,19.719544894209108,True,3.3740819786524794,0.7357387700656928,1st Avenue,avenue_secondary,674.9648925437908,40.74889829595331,-73.96967359413445
n00043,E_east,119.0,180.0,19.719544894209108,False,0.1489946745732784,0.39743611958332936,1st Avenue,avenue_secondary,674.9648925437908,40.74889829595331,-73.96967359413445
n00043,S_downtown,209.0,180.0,19.719544894209108,True,0.23729142407265874,0.4766787207213147,1st Avenue,avenue_secondary,674.9648925437908,40.74889829595331,-73.96967359413445
n00043,W_west,299.0,180.0,19.719544894209108,False,3.4623787281518603,0.8266903857154373,1st Avenue,avenue_secondary,674.9648925437908,40.74889829595331,-73.96967359413445
n00043,full360,,360.0,19.719544894209108,,1.8056867013625693,0.601775660701477,1st Avenue,avenue_secondary,674.9648925437908,40.74889829595331,-73.96967359413445
n00044,N_uptown,29.0,180.0,28.577186194158347,True,0.9957471454492703,0.5838405373293457,2nd Avenue,avenue_secondary,187.15828230952494,40.7460796,-73.9749393
n00044,E_east,119.0,180.0,28.577186194158347,False,4.504066725883783,0.4094614106790511,2nd Avenue,avenue_secondary,187.15828230952494,40.7460796,-73.9749393
n00044,S_downtown,209.0,180.0,28.577186194158347,True,6.845630067250713,0.5605581793079824,2nd Avenue,avenue_secondary,187.15828230952494,40.7460796,-73.9749393
n00044,W_west,299.0,180.0,28.577186194158347,False,3.3373104868162007,0.721323273466457,2nd Avenue,avenue_secondary,187.15828230952494,40.7460796,-73.9749393
n00044,full360,,360.0,28.577186194158347,,3.9206886063499926,0.5725214017428434,2nd Avenue,avenue_secondary,187.15828230952494,40.7460796,-73.9749393
n00045,N_uptown,29.0,180.0,28.577186194158344,True,2.0724603068094076,0.6421189365914954,2nd Avenue,avenue_secondary,167.22919868601215,40.745922408750936,-73.97505503052079
n00045,E_east,119.0,180.0,28.577186194158344,False,4.276424232404916,0.42394335057859595,2nd Avenue,avenue_secondary,167.22919868601215,40.745922408750936,-73.97505503052079
n00045,S_downtown,209.0,180.0,28.577186194158344,True,10.70452611886575,0.5272976028579387,2nd Avenue,avenue_secondary,167.22919868601215,40.745922408750936,-73.97505503052079
n00045,W_west,299.0,180.0,28.577186194158344,False,8.500562193270241,0.7604810155724147,2nd Avenue,avenue_secondary,167.22919868601215,40.745922408750936,-73.97505503052079
n00045,full360,,360.0,28.577186194158344,,6.388493212837579,0.589324452322692,2nd Avenue,avenue_secondary,167.22919868601215,40.745922408750936,-73.97505503052079
n00046,N_uptown,29.0,180.0,28.58768698421116,True,5.733250287816068,0.6464612877997957,2nd Avenue,avenue_secondary,147.3001358018383,40.74576523350365,-73.97517079837267
n00046,E_east,119.0,180.0,28.58768698421116,False,6.663894589183624,0.36974174584479746,2nd Avenue,avenue_secondary,147.3001358018383,40.74576523350365,-73.97517079837267
n00046,S_downtown,209.0,180.0,28.58768698421116,True,3.577250350764696,0.5985222044815625,2nd Avenue,avenue_secondary,147.3001358018383,40.74576523350365,-73.97517079837267
n00046,W_west,299.0,180.0,28.58768698421116,False,2.64660604939714,0.8415885010497356,2nd Avenue,avenue_secondary,147.3001358018383,40.74576523350365,-73.97517079837267
n00046,full360,,360.0,28.58768698421116,,4.655250319290383,0.6222180375648587,2nd Avenue,avenue_secondary,147.3001358018383,40.74576523350365,-73.97517079837267
n00047,N_uptown,29.0,180.0,28.56253771054935,True,8.965043645950601,0.5810776340508411,2nd Avenue,avenue_secondary,127.37105677523101,40.74560801949197,-73.9752864749558
n00047,E_east,119.0,180.0,28.56253771054935,False,6.320695468752088,0.42736337951884257,2nd Avenue,avenue_secondary,127.37105677523101,40.74560801949197,-73.9752864749558
n00047,S_downtown,209.0,180.0,28.56253771054935,True,1.445898435944581,0.6281343370963841,2nd Avenue,avenue_secondary,127.37105677523101,40.74560801949197,-73.9752864749558
n00047,W_west,299.0,180.0,28.56253771054935,False,4.090246613143095,0.7835702991317578,2nd Avenue,avenue_secondary,127.37105677523101,40.74560801949197,-73.9752864749558
n00047,full360,,360.0,28.56253771054935,,5.205471040947591,0.6066277385228678,2nd Avenue,avenue_secondary,127.37105677523101,40.74560801949197,-73.9752864749558
n00048,N_uptown,29.0,180.0,28.590083316074555,True,2.8284393594877453,0.5668237796903771,2nd Avenue,avenue_secondary,107.44201879820167,40.745450847687614,-73.97540225033977
n00048,E_east,119.0,180.0,28.590083316074555,False,3.581119379967107,0.5302676794986374,2nd Avenue,avenue_secondary,107.44201879820167,40.745450847687614,-73.97540225033977
n00048,S_downtown,209.0,180.0,28.590083316074555,True,1.99705948360389,0.6703447287280233,2nd Avenue,avenue_secondary,107.44201879820167,40.745450847687614,-73.97540225033977
n00048,W_west,299.0,180.0,28.590083316074555,False,1.2443794631245275,0.706699861804939,2nd Avenue,avenue_secondary,107.44201879820167,40.745450847687614,-73.97540225033977
n00048,full360,,360.0,28.590083316074555,,2.4127494215458176,0.6205282818241296,2nd Avenue,avenue_secondary,107.44201879820167,40.745450847687614,-73.97540225033977
n00049,N_uptown,29.0,180.0,28.57535505079491,True,1.8873512500793277,0.6342035579604697,2nd Avenue,avenue_secondary,87.51297291917015,40.745293653107794,-73.97551797206138
n00049,E_east,119.0,180.0,28.57535505079491,False,2.982509261175448,0.604655754967991,2nd Avenue,avenue_secondary,87.51297291917015,40.745293653107794,-73.97551797206138
n00049,S_downtown,209.0,180.0,28.57535505079491,True,3.0462271245004264,0.8027445379779183,2nd Avenue,avenue_secondary,87.51297291917015,40.745293653107794,-73.97551797206138
n00049,W_west,299.0,180.0,28.57535505079491,False,1.9510691134043066,0.825847277547106,2nd Avenue,avenue_secondary,87.51297291917015,40.745293653107794,-73.97551797206138
n00049,full360,,360.0,28.57535505079491,,2.4667891872898773,0.7186318812688409,2nd Avenue,avenue_secondary,87.51297291917015,40.745293653107794,-73.97551797206138
n00050,N_uptown,29.0,180.0,28.580199465975426,True,4.086353862596917,0.7268455596842872,2nd Avenue,avenue_secondary,67.58394220718998,40.7451364658425,-73.97563371070821
n00050,E_east,119.0,180.0,28.580199465975426,False,4.171972814161076,0.5995951174263668,2nd Avenue,avenue_secondary,67.58394220718998,40.7451364658425,-73.97563371070821
n00050,S_downtown,209.0,180.0,28.580199465975426,True,5.443724991397724,0.7816112622500304,2nd Avenue,avenue_secondary,67.58394220718998,40.7451364658425,-73.97563371070821
n00050,W_west,299.0,180.0,28.580199465975426,False,5.358106039833565,0.8995795487493821,2nd Avenue,avenue_secondary,67.58394220718998,40.7451364658425,-73.97563371070821
n00050,full360,,360.0,28.580199465975426,,4.765039426997321,0.7536508425809638,2nd Avenue,avenue_secondary,67.58394220718998,40.7451364658425,-73.97563371070821
n00051,N_uptown,29.0,180.0,28.58212463504944,True,4.5189608080841275,0.6682921295125436,2nd Avenue,avenue_secondary,47.654923761441296,40.7449792814081,-73.97574945574905
n00051,E_east,119.0,180.0,28.58212463504944,False,3.6428518033840285,0.5643282911093052,2nd Avenue,avenue_secondary,47.654923761441296,40.7449792814081,-73.97574945574905
n00051,S_downtown,209.0,180.0,28.58212463504944,True,1.6724497205383444,0.7914943093082338,2nd Avenue,avenue_secondary,47.654923761441296,40.7449792814081,-73.97574945574905
n00051,W_west,299.0,180.0,28.58212463504944,False,2.5485587252384434,0.8859403475165335,2nd Avenue,avenue_secondary,47.654923761441296,40.7449792814081,-73.97574945574905
n00051,full360,,360.0,28.58212463504944,,3.0957052643112357,0.7315186813826302,2nd Avenue,avenue_secondary,47.654923761441296,40.7449792814081,-73.97574945574905
n00052,N_uptown,29.0,180.0,28.57422461950094,True,2.9589160525975315,0.5347403859361564,2nd Avenue,avenue_secondary,27.725907678900057,40.7448220847132,-73.97586517174051
n00052,E_east,119.0,180.0,28.57422461950094,False,2.5032774578010444,0.5227066939242755,2nd Avenue,avenue_secondary,27.725907678900057,40.7448220847132,-73.97586517174051
n00052,S_downtown,209.0,180.0,28.57422461950094,True,0.8044160181508839,0.7477906413770112,2nd Avenue,avenue_secondary,27.725907678900057,40.7448220847132,-73.97586517174051
n00052,W_west,299.0,180.0,28.57422461950094,False,1.2600546129473709,0.7685992621025527,2nd Avenue,avenue_secondary,27.725907678900057,40.7448220847132,-73.97586517174051
n00052,full360,,360.0,28.57422461950094,,1.8816660353742076,0.644970495462177,2nd Avenue,avenue_secondary,27.725907678900057,40.7448220847132,-73.97586517174051
n00053,N_uptown,29.0,180.0,28.510029609399965,True,1.0862789811983469,0.572523544736275,2nd Avenue,avenue_secondary,7.796909994024361,40.74466478986386,-73.97598065518272
n00053,E_east,119.0,180.0,28.510029609399965,False,0.9823889811146319,0.5409534145685843,2nd Avenue,avenue_secondary,7.796909994024361,40.74466478986386,-73.97598065518272
n00053,S_downtown,209.0,180.0,28.510029609399965,True,0.2872234855101665,0.7988519505864236,2nd Avenue,avenue_secondary,7.796909994024361,40.74466478986386,-73.97598065518272
n00053,W_west,299.0,180.0,28.510029609399965,False,0.39111348559388137,0.8298137782022178,2nd Avenue,avenue_secondary,7.796909994024361,40.74466478986386,-73.97598065518272
n00053,full360,,360.0,28.510029609399965,,0.6867512333542566,0.6876084275011145,2nd Avenue,avenue_secondary,7.796909994024361,40.74466478986386,-73.97598065518272
n00054,N_uptown,29.0,180.0,28.52666306927734,True,1.412772227258344,0.9240362444132789,2nd Avenue,avenue_secondary,682.4602664174247,40.74999415558861,-73.97208157686829
n00054,E_east,119.0,180.0,28.52666306927734,False,0.49167574435312267,0.8925126047612519,2nd Avenue,avenue_secondary,682.4602664174247,40.74999415558861,-73.97208157686829
n00054,S_downtown,209.0,180.0,28.52666306927734,True,1.7963036921033995,0.9082901408394194,2nd Avenue,avenue_secondary,682.4602664174247,40.74999415558861,-73.97208157686829
n00054,W_west,299.0,180.0,28.52666306927734,False,2.7174001750086205,0.9391838740174525,2nd Avenue,avenue_secondary,682.4602664174247,40.74999415558861,-73.97208157686829
n00054,full360,,360.0,28.52666306927734,,1.604537959680872,0.9160197781304372,2nd Avenue,avenue_secondary,682.4602664174247,40.74999415558861,-73.97208157686829
n00055,N_uptown,29.0,180.0,28.526663069277333,True,2.740704707446906,0.8678752805100036,2nd Avenue,avenue_secondary,662.5308855661697,40.74983688993566,-73.97219713872083
n00055,E_east,119.0,180.0,28.526663069277333,False,0.9847979876952048,0.8137523662505695,2nd Avenue,avenue_secondary,662.5308855661697,40.74983688993566,-73.97219713872083
n00055,S_downtown,209.0,180.0,28.526663069277333,True,0.7995151601969142,0.840980922810188,2nd Avenue,avenue_secondary,662.5308855661697,40.74983688993566,-73.97219713872083
n00055,W_west,299.0,180.0,28.526663069277333,False,2.5554218799486152,0.89459961785476,2nd Avenue,avenue_secondary,662.5308855661697,40.74983688993566,-73.97219713872083
n00055,full360,,360.0,28.526663069277333,,1.77010993382191,0.8540545066322087,2nd Avenue,avenue_secondary,662.5308855661697,40.74983688993566,-73.97219713872083
n00056,N_uptown,29.0,180.0,28.99058550890328,True,0.4322862356835226,0.7570597968883318,2nd Avenue,avenue_secondary,642.6025191142216,40.74968034100061,-73.97231437053809
n00056,E_east,119.0,180.0,28.99058550890328,False,1.5696722576913766,0.7988412289180129,2nd Avenue,avenue_secondary,642.6025191142216,40.74968034100061,-73.97231437053809
n00056,S_downtown,209.0,180.0,28.99058550890328,True,1.4188015103284701,0.8903573127218115,2nd Avenue,avenue_secondary,642.6025191142216,40.74968034100061,-73.97231437053809
n00056,W_west,299.0,180.0,28.99058550890328,False,0.28141548832061586,0.8686654842284437,2nd Avenue,avenue_secondary,642.6025191142216,40.74968034100061,-73.97231437053809
n00056,full360,,360.0,28.99058550890328,,0.9255438730059965,0.82489672938254,2nd Avenue,avenue_secondary,642.6025191142216,40.74968034100061,-73.97231437053809
n00057,N_uptown,29.0,180.0,28.977362962415782,True,3.514129057898132,0.9122777253975987,2nd Avenue,avenue_secondary,622.6741001027283,40.74952377123653,-73.97243155438782
n00057,E_east,119.0,180.0,28.977362962415782,False,2.6354688977767062,0.894950570642613,2nd Avenue,avenue_secondary,622.6741001027283,40.74952377123653,-73.97243155438782
n00057,S_downtown,209.0,180.0,28.977362962415782,True,0.9486645908710888,0.9176253398628174,2nd Avenue,avenue_secondary,622.6741001027283,40.74952377123653,-73.97243155438782
n00057,W_west,299.0,180.0,28.977362962415782,False,1.8273247509925143,0.9356605135681448,2nd Avenue,avenue_secondary,622.6741001027283,40.74952377123653,-73.97243155438782
n00057,full360,,360.0,28.977362962415782,,2.23139682438461,0.9149786937858058,2nd Avenue,avenue_secondary,622.6741001027283,40.74952377123653,-73.97243155438782
n00058,N_uptown,29.0,180.0,28.95181186807369,True,1.1471415828220874,0.9254320856282721,2nd Avenue,avenue_secondary,602.745604247993,40.74936716161242,-73.97254864586264
n00058,E_east,119.0,180.0,28.95181186807369,False,2.511684367629156,0.8948012648463267,2nd Avenue,avenue_secondary,602.745604247993,40.74936716161242,-73.97254864586264
n00058,S_downtown,209.0,180.0,28.95181186807369,True,1.484747838614517,0.916493766280438,2nd Avenue,avenue_secondary,602.745604247993,40.74936716161242,-73.97254864586264
n00058,W_west,299.0,180.0,28.95181186807369,False,0.12020505380744878,0.9437304521639474,2nd Avenue,avenue_secondary,602.745604247993,40.74936716161242,-73.97254864586264
n00058,full360,,360.0,28.95181186807369,,1.3159447107183022,0.9209208306076719,2nd Avenue,avenue_secondary,602.745604247993,40.74936716161242,-73.97254864586264
n00059,N_uptown,29.0,180.0,28.95555754503053,True,0.8829674165279491,0.8981719002688027,2nd Avenue,avenue_secondary,582.8171310760023,40.74921055768125,-73.97266575024442
n00059,E_east,119.0,180.0,28.95555754503053,False,1.3081523614667974,0.8414556714536655,2nd Avenue,avenue_secondary,582.8171310760023,40.74921055768125,-73.97266575024442
n00059,S_downtown,209.0,180.0,28.95555754503053,True,0.8619346261383914,0.846129201724146,2nd Avenue,avenue_secondary,582.8171310760023,40.74921055768125,-73.97266575024442
n00059,W_west,299.0,180.0,28.95555754503053,False,0.4367496811995431,0.9032052020046285,2nd Avenue,avenue_secondary,582.8171310760023,40.74921055768125,-73.97266575024442
n00059,full360,,360.0,28.95555754503053,,0.8724510213331701,0.8713438022701213,2nd Avenue,avenue_secondary,582.8171310760023,40.74921055768125,-73.97266575024442
n00060,N_uptown,29.0,180.0,28.665176967585154,True,0.35964423022334974,0.90034895246202,2nd Avenue,avenue_secondary,562.8882897531355,40.74905350690453,-73.97278180700457
n00060,E_east,119.0,180.0,28.665176967585154,False,1.9878100538170487,0.8841279797934596,2nd Avenue,avenue_secondary,562.8882897531355,40.74905350690453,-73.97278180700457
n00060,S_downtown,209.0,180.0,28.665176967585154,True,2.2451909765240883,0.9170387874757969,2nd Avenue,avenue_secondary,562.8882897531355,40.74905350690453,-73.97278180700457
n00060,W_west,299.0,180.0,28.665176967585154,False,0.6170251529303896,0.9333165266582051,2nd Avenue,avenue_secondary,562.8882897531355,40.74905350690453,-73.97278180700457
n00060,full360,,360.0,28.665176967585154,,1.3024176033737191,0.9087793151324612,2nd Avenue,avenue_secondary,562.8882897531355,40.74905350690453,-73.97278180700457
n00061,N_uptown,29.0,180.0,28.17263040000708,True,2.894216989357994,0.9064269674789107,2nd Avenue,avenue_secondary,542.9590891977152,40.74889570042875,-73.97289608559963
n00061,E_east,119.0,180.0,28.17263040000708,False,3.5530938601681177,0.9055621346308061,2nd Avenue,avenue_secondary,542.9590891977152,40.74889570042875,-73.97289608559963
n00061,S_downtown,209.0,180.0,28.17263040000708,True,3.4923358321927416,0.9135815673220736,2nd Avenue,avenue_secondary,542.9590891977152,40.74889570042875,-73.97289608559963
n00061,W_west,299.0,180.0,28.17263040000708,False,2.8334589613826187,0.9143374007809686,2nd Avenue,avenue_secondary,542.9590891977152,40.74889570042875,-73.97289608559963
n00061,full360,,360.0,28.17263040000708,,3.1932764107753684,0.9100103892144035,2nd Avenue,avenue_secondary,542.9590891977152,40.74889570042875,-73.97289608559963
n00062,N_uptown,29.0,180.0,28.168985431290082,True,6.434183556452937,0.883296185302575,2nd Avenue,avenue_secondary,523.0299044507246,40.74873788830246,-73.97301035044667
n00062,E_east,119.0,180.0,28.168985431290082,False,7.282789947934494,0.9164445208781121,2nd Avenue,avenue_secondary,523.0299044507246,40.74873788830246,-73.97301035044667
n00062,S_downtown,209.0,180.0,28.168985431290082,True,6.237229524117007,0.8982699518109295,2nd Avenue,avenue_secondary,523.0299044507246,40.74873788830246,-73.97301035044667
n00062,W_west,299.0,180.0,28.168985431290082,False,5.38862313263545,0.8654086105256421,2nd Avenue,avenue_secondary,523.0299044507246,40.74873788830246,-73.97301035044667
n00062,full360,,360.0,28.168985431290082,,6.3357065402849715,0.8909645481852757,2nd Avenue,avenue_secondary,523.0299044507246,40.74873788830246,-73.97301035044667
n00063,N_uptown,29.0,180.0,28.14431252404782,True,4.2942105750403945,0.8621120544530526,2nd Avenue,avenue_secondary,503.1007673291781,40.74858003864463,-73.97312452538056
n00063,E_east,119.0,180.0,28.14431252404782,False,7.175195526637157,0.905736622096501,2nd Avenue,avenue_secondary,503.1007673291781,40.74858003864463,-73.97312452538056
n00063,S_downtown,209.0,180.0,28.14431252404782,True,4.517811122323474,0.8555628144041364,2nd Avenue,avenue_secondary,503.1007673291781,40.74858003864463,-73.97312452538056
n00063,W_west,299.0,180.0,28.14431252404782,False,1.6368261707267109,0.8142826463003063,2nd Avenue,avenue_secondary,503.1007673291781,40.74858003864463,-73.97312452538056
n00063,full360,,360.0,28.14431252404782,,4.406010848681935,0.8588178272270864,2nd Avenue,avenue_secondary,503.1007673291781,40.74858003864463,-73.97312452538056
n00064,N_uptown,29.0,180.0,28.16947043619237,True,1.6739417976561526,0.8028878075585708,2nd Avenue,avenue_secondary,483.17160374037326,40.74842222701561,-73.97323879088596
n00064,E_east,119.0,180.0,28.16947043619237,False,0.4611564069677708,0.7893681184750043,2nd Avenue,avenue_secondary,483.17160374037326,40.74842222701561,-73.97323879088596
n00064,S_downtown,209.0,180.0,28.16947043619237,True,0.7570582723267224,0.8830592098710632,2nd Avenue,avenue_secondary,483.17160374037326,40.74842222701561,-73.97323879088596
n00064,W_west,299.0,180.0,28.16947043619237,False,1.9698436630151046,0.904655684415263,2nd Avenue,avenue_secondary,483.17160374037326,40.74842222701561,-73.97323879088596
n00064,full360,,360.0,28.16947043619237,,1.2155000349914376,0.8450708764230949,2nd Avenue,avenue_secondary,483.17160374037326,40.74842222701561,-73.97323879088596
n00065,N_uptown,29.0,180.0,28.156037161478167,True,2.111398204883181,0.827617673363988,2nd Avenue,avenue_secondary,463.24246898866954,40.748264394881744,-73.97335300719962
n00065,E_east,119.0,180.0,28.156037161478167,False,1.5018784129190672,0.7861868848962728,2nd Avenue,avenue_secondary,463.24246898866954,40.748264394881744,-73.97335300719962
n00065,S_downtown,209.0,180.0,28.156037161478167,True,1.250177508860975,0.8906406884986214,2nd Avenue,avenue_secondary,463.24246898866954,40.748264394881744,-73.97335300719962
n00065,W_west,299.0,180.0,28.156037161478167,False,1.859697300825089,0.9290022107217435,2nd Avenue,avenue_secondary,463.24246898866954,40.748264394881744,-73.97335300719962
n00065,full360,,360.0,28.156037161478167,,1.6807878568720778,0.8617212074185981,2nd Avenue,avenue_secondary,463.24246898866954,40.748264394881744,-73.97335300719962
n00066,N_uptown,29.0,180.0,28.15497920347596,True,0.007878302446587961,0.9095298765186515,2nd Avenue,avenue_secondary,443.31334615999674,40.74810656101996,-73.97346721913577
n00066,E_east,119.0,180.0,28.15497920347596,False,0.2585552307134185,0.8287202216285998,2nd Avenue,avenue_secondary,443.31334615999674,40.74810656101996,-73.97346721913577
n00066,S_downtown,209.0,180.0,28.15497920347596,True,0.2506769282668305,0.8672319770200538,2nd Avenue,avenue_secondary,443.31334615999674,40.74810656101996,-73.97346721913577
n00066,W_west,299.0,180.0,28.15497920347596,False,0.0,0.9432471199185788,2nd Avenue,avenue_secondary,443.31334615999674,40.74810656101996,-73.97346721913577
n00066,full360,,360.0,28.15497920347596,,0.12927761535670926,0.8883926575271689,2nd Avenue,avenue_secondary,443.31334615999674,40.74810656101996,-73.97346721913577
n00067,N_uptown,29.0,180.0,28.19483225947954,True,0.03974963125071821,0.9086162567002648,2nd Avenue,avenue_secondary,423.3841881078298,40.74794878757301,-73.97358157479236
n00067,E_east,119.0,180.0,28.19483225947954,False,0.08605564272266907,0.7947440035221109,2nd Avenue,avenue_secondary,423.3841881078298,40.74794878757301,-73.97358157479236
n00067,S_downtown,209.0,180.0,28.19483225947954,True,0.6768096113569968,0.7797558604156318,2nd Avenue,avenue_secondary,423.3841881078298,40.74794878757301,-73.97358157479236
n00067,W_west,299.0,180.0,28.19483225947954,False,0.6305035998850459,0.8941181698663722,2nd Avenue,avenue_secondary,423.3841881078298,40.74794878757301,-73.97358157479236
n00067,full360,,360.0,28.19483225947954,,0.3582796213038575,0.8456328814497045,2nd Avenue,avenue_secondary,423.3841881078298,40.74794878757301,-73.97358157479236
n00068,N_uptown,29.0,180.0,28.135307192722223,True,0.5971174477516463,0.9234344172439579,2nd Avenue,avenue_secondary,403.45513876818524,40.74779092382107,-73.97369571425185
n00068,E_east,119.0,180.0,28.135307192722223,False,0.8163777704416715,0.8694261983114243,2nd Avenue,avenue_secondary,403.45513876818524,40.74779092382107,-73.97369571425185
n00068,S_downtown,209.0,180.0,28.135307192722223,True,0.2192603226900252,0.8486026462286901,2nd Avenue,avenue_secondary,403.45513876818524,40.74779092382107,-73.97369571425185
n00068,W_west,299.0,180.0,28.135307192722223,False,0.0,0.8991735666621598,2nd Avenue,avenue_secondary,403.45513876818524,40.74779092382107,-73.97369571425185
n00068,full360,,360.0,28.135307192722223,,0.40818888522083585,0.8850875214611346,2nd Avenue,avenue_secondary,403.45513876818524,40.74779092382107,-73.97369571425185
n00069,N_uptown,29.0,180.0,28.168085351244144,True,0.0,0.9311730618817311,2nd Avenue,avenue_secondary,383.5260274229041,40.74763310946063,-73.97380997202066
n00069,E_east,119.0,180.0,28.168085351244144,False,1.3710164744362674,0.8540152353295108,2nd Avenue,avenue_secondary,383.5260274229041,40.74763310946063,-73.97380997202066
n00069,S_downtown,209.0,180.0,28.168085351244144,True,2.8070604826205106,0.7923629780814381,2nd Avenue,avenue_secondary,383.5260274229041,40.74763310946063,-73.97380997202066
n00069,W_west,299.0,180.0,28.168085351244144,False,1.4360440081842432,0.8683235654685127,2nd Avenue,avenue_secondary,383.5260274229041,40.74763310946063,-73.97380997202066
n00069,full360,,360.0,28.168085351244144,,1.4035302413102553,0.8613076944551902,2nd Avenue,avenue_secondary,383.5260274229041,40.74763310946063,-73.97380997202066
n00070,N_uptown,29.0,180.0,28.162159406855295,True,6.052299135537127,0.9296769182070886,2nd Avenue,avenue_secondary,363.59693515981144,40.747475285990184,-73.97392420778094
n00070,E_east,119.0,180.0,28.162159406855295,False,3.4829962525590634,0.7901171145057904,2nd Avenue,avenue_secondary,363.59693515981144,40.747475285990184,-73.97392420778094
n00070,S_downtown,209.0,180.0,28.162159406855295,True,1.1900832366662883,0.7410970336732852,2nd Avenue,avenue_secondary,363.59693515981144,40.747475285990184,-73.97392420778094
n00070,W_west,299.0,180.0,28.162159406855295,False,3.7593861196443528,0.8723296806759389,2nd Avenue,avenue_secondary,363.59693515981144,40.747475285990184,-73.97392420778094
n00070,full360,,360.0,28.162159406855295,,3.621191186101708,0.8306896284769671,2nd Avenue,avenue_secondary,363.59693515981144,40.747475285990184,-73.97392420778094
n00071,N_uptown,29.0,180.0,28.152393652773554,True,1.9383639854893184,0.8622424137155474,2nd Avenue,avenue_secondary,343.6678683375074,40.74731744759258,-73.97403840762172
n00071,E_east,119.0,180.0,28.152393652773554,False,0.8212002569545783,0.7466888519136327,2nd Avenue,avenue_secondary,343.6678683375074,40.74731744759258,-73.97403840762172
n00071,S_downtown,209.0,180.0,28.152393652773554,True,2.8193478217295302,0.648320560802399,2nd Avenue,avenue_secondary,343.6678683375074,40.74731744759258,-73.97403840762172
n00071,W_west,299.0,180.0,28.152393652773554,False,3.9365115502642696,0.7658464721363044,2nd Avenue,avenue_secondary,343.6678683375074,40.74731744759258,-73.97403840762172
n00071,full360,,360.0,28.152393652773554,,2.378855903609425,0.7559589313866798,2nd Avenue,avenue_secondary,343.6678683375074,40.74731744759258,-73.97403840762172
n00072,N_uptown,29.0,180.0,28.153590582298506,True,2.278808853237466,0.9086532439453373,2nd Avenue,avenue_secondary,323.7388099972103,40.74715961088552,-73.97415261125256
n00072,E_east,119.0,180.0,28.153590582298506,False,0.0033615003050815823,0.7588919410074427,2nd Avenue,avenue_secondary,323.7388099972103,40.74715961088552,-73.97415261125256
n00072,S_downtown,209.0,180.0,28.153590582298506,True,4.3351123387246435,0.6931548330251622,2nd Avenue,avenue_secondary,323.7388099972103,40.74715961088552,-73.97415261125256
n00072,W_west,299.0,180.0,28.153590582298506,False,6.610559691657028,0.8550063108407623,2nd Avenue,avenue_secondary,323.7388099972103,40.74715961088552,-73.97415261125256
n00072,full360,,360.0,28.153590582298506,,3.3069605959810553,0.8035043253418737,2nd Avenue,avenue_secondary,323.7388099972103,40.74715961088552,-73.97415261125256
n00073,N_uptown,29.0,180.0,28.150171799069113,True,3.2759906091374025,0.855964012413404,2nd Avenue,avenue_secondary,303.8097669558272,40.74700176886979,-73.97426680195616
n00073,E_east,119.0,180.0,28.150171799069113,False,0.45620860811096675,0.6899372992118981,2nd Avenue,avenue_secondary,303.8097669558272,40.74700176886979,-73.97426680195616
n00073,S_downtown,209.0,180.0,28.150171799069113,True,2.9945692540401856,0.7307131887719647,2nd Avenue,avenue_secondary,303.8097669558272,40.74700176886979,-73.97426680195616
n00073,W_west,299.0,180.0,28.150171799069113,False,5.8143512550666205,0.8992092054570973,2nd Avenue,avenue_secondary,303.8097669558272,40.74700176886979,-73.97426680195616
n00073,full360,,360.0,28.150171799069113,,3.1352799315887943,0.7861914345593944,2nd Avenue,avenue_secondary,303.8097669558272,40.74700176886979,-73.97426680195616
n00074,N_uptown,29.0,180.0,28.150171797810373,True,6.7445501396453835,0.8622922901332409,2nd Avenue,avenue_secondary,283.88073425307675,40.74684392673031,-73.97438099211428
n00074,E_east,119.0,180.0,28.150171797810373,False,6.905518364008007,0.6555987263676158,2nd Avenue,avenue_secondary,283.88073425307675,40.74684392673031,-73.97438099211428
n00074,S_downtown,209.0,180.0,28.150171797810373,True,11.928995812211287,0.7202130053070743,2nd Avenue,avenue_secondary,283.88073425307675,40.74684392673031,-73.97438099211428
n00074,W_west,299.0,180.0,28.150171797810373,False,11.768027587848662,0.9343857469013405,2nd Avenue,avenue_secondary,283.88073425307675,40.74684392673031,-73.97438099211428
n00074,full360,,360.0,28.150171797810373,,9.336772975928334,0.7970010729758458,2nd Avenue,avenue_secondary,283.88073425307675,40.74684392673031,-73.97438099211428
n00075,N_uptown,29.0,180.0,28.204534363500187,True,7.790873386697367,0.8219996381966819,2nd Avenue,avenue_secondary,263.9516482330595,40.74668616703319,-73.9744953785224
n00075,E_east,119.0,180.0,28.204534363500187,False,4.901825846925815,0.5657311885982335,2nd Avenue,avenue_secondary,263.9516482330595,40.74668616703319,-73.9744953785224
n00075,S_downtown,209.0,180.0,28.204534363500187,True,2.3644215008509413,0.2873384654333578,2nd Avenue,avenue_secondary,263.9516482330595,40.74668616703319,-73.9744953785224
n00075,W_west,299.0,180.0,28.204534363500187,False,5.253469040622492,0.5409698274782686,2nd Avenue,avenue_secondary,263.9516482330595,40.74668616703319,-73.9744953785224
n00075,full360,,360.0,28.204534363500187,,5.077647443774154,0.5533237713125719,2nd Avenue,avenue_secondary,263.9516482330595,40.74668616703319,-73.9744953785224
n00076,N_uptown,29.0,180.0,28.82519408385346,True,1.601435616991636,0.7451792557825748,3rd Avenue,avenue_secondary,6.787851759627472,40.745604626982555,-73.97822770525228
n00076,E_east,119.0,180.0,28.82519408385346,False,0.331551927491439,0.7984601077555149,3rd Avenue,avenue_secondary,6.787851759627472,40.745604626982555,-73.97822770525228
n00076,S_downtown,209.0,180.0,28.82519408385346,True,1.6863530812303935,0.878366599247787,3rd Avenue,avenue_secondary,6.787851759627472,40.745604626982555,-73.97822770525228
n00076,W_west,299.0,180.0,28.82519408385346,False,2.95623677073059,0.827649122909015,3rd Avenue,avenue_secondary,6.787851759627472,40.745604626982555,-73.97822770525228
n00076,full360,,360.0,28.82519408385346,,1.6438943491110147,0.8127444769933893,3rd Avenue,avenue_secondary,6.787851759627472,40.745604626982555,-73.97822770525228
n00077,N_uptown,29.0,180.0,28.82519408385348,True,2.5661063152951207,0.8428377464328757,3rd Avenue,avenue_secondary,26.715926559183174,40.745761434667465,-73.97811109241691
n00077,E_east,119.0,180.0,28.82519408385348,False,0.4024212716253611,0.8400361312195977,3rd Avenue,avenue_secondary,26.715926559183174,40.745761434667465,-73.97811109241691
n00077,S_downtown,209.0,180.0,28.82519408385348,True,1.281884833090309,0.8179974941219575,3rd Avenue,avenue_secondary,26.715926559183174,40.745761434667465,-73.97811109241691
n00077,W_west,299.0,180.0,28.82519408385348,False,3.4455698767600684,0.8200839976012344,3rd Avenue,avenue_secondary,26.715926559183174,40.745761434667465,-73.97811109241691
n00077,full360,,360.0,28.82519408385348,,1.9239955741927148,0.8303761410060876,3rd Avenue,avenue_secondary,26.715926559183174,40.745761434667465,-73.97811109241691
n00078,N_uptown,29.0,180.0,28.042709699588105,True,1.676952572631787,0.8908454840727376,3rd Avenue,avenue_secondary,46.64452903451422,40.74591944195726,-73.97799730330136
n00078,E_east,119.0,180.0,28.042709699588105,False,0.6601562410614511,0.9279887773670021,3rd Avenue,avenue_secondary,46.64452903451422,40.74591944195726,-73.97799730330136
n00078,S_downtown,209.0,180.0,28.042709699588105,True,5.756783259170666,0.890559624617758,3rd Avenue,avenue_secondary,46.64452903451422,40.74591944195726,-73.97799730330136
n00078,W_west,299.0,180.0,28.042709699588105,False,6.773579590741003,0.8439889381963189,3rd Avenue,avenue_secondary,46.64452903451422,40.74591944195726,-73.97799730330136
n00078,full360,,360.0,28.042709699588105,,3.716867915901227,0.8907042054834906,3rd Avenue,avenue_secondary,46.64452903451422,40.74591944195726,-73.97799730330136
n00079,N_uptown,29.0,180.0,28.244570161393618,True,3.875025269894836,0.8799826407164452,3rd Avenue,avenue_secondary,66.57363004083493,40.746077144535136,-73.97788278146062
n00079,E_east,119.0,180.0,28.244570161393618,False,0.6719673062508794,0.9321914646414681,3rd Avenue,avenue_secondary,66.57363004083493,40.746077144535136,-73.97788278146062
n00079,S_downtown,209.0,180.0,28.244570161393618,True,2.854760400489621,0.9046949110094497,3rd Avenue,avenue_secondary,66.57363004083493,40.746077144535136,-73.97788278146062
n00079,W_west,299.0,180.0,28.244570161393618,False,6.0578183641335785,0.8456359098294182,3rd Avenue,avenue_secondary,66.57363004083493,40.746077144535136,-73.97788278146062
n00079,full360,,360.0,28.244570161393618,,3.3648928351922294,0.8926246219023823,3rd Avenue,avenue_secondary,66.57363004083493,40.746077144535136,-73.97788278146062
n00080,N_uptown,29.0,180.0,28.244570161393618,True,0.5977302898469637,0.9126182750470053,3rd Avenue,avenue_secondary,86.50274136706417,40.74623484698863,-73.97776825907336
n00080,E_east,119.0,180.0,28.244570161393618,False,1.7193365288715234,0.9576002172155167,3rd Avenue,avenue_secondary,86.50274136706417,40.74623484698863,-73.97776825907336
n00080,S_downtown,209.0,180.0,28.244570161393618,True,5.023907246024662,0.9129446514290646,3rd Avenue,avenue_secondary,86.50274136706417,40.74623484698863,-73.97776825907336
n00080,W_west,299.0,180.0,28.244570161393618,False,3.902301007000103,0.8613859854249192,3rd Avenue,avenue_secondary,86.50274136706417,40.74623484698863,-73.97776825907336
n00080,full360,,360.0,28.244570161393618,,2.810818767935813,0.9127761999911957,3rd Avenue,avenue_secondary,86.50274136706417,40.74623484698863,-73.97776825907336
n00081,N_uptown,29.0,180.0,28.301734290480844,True,3.1132264857133105,0.8364068741934099,3rd Avenue,avenue_secondary,106.4319014401919,40.74639246227128,-73.97765352936675
n00081,E_east,119.0,180.0,28.301734290480844,False,2.3133403412237263,0.8411290865582146,3rd Avenue,avenue_secondary,106.4319014401919,40.74639246227128,-73.97765352936675
n00081,S_downtown,209.0,180.0,28.301734290480844,True,1.744584379586641,0.827790550872556,3rd Avenue,avenue_secondary,106.4319014401919,40.74639246227128,-73.97765352936675
n00081,W_west,299.0,180.0,28.301734290480844,False,2.5444705240762246,0.8221552323460176,3rd Avenue,avenue_secondary,106.4319014401919,40.74639246227128,-73.97765352936675
n00081,full360,,360.0,28.301734290480844,,2.4289054326499757,0.8319516405400608,3rd Avenue,avenue_secondary,106.4319014401919,40.74639246227128,-73.97765352936675
n00082,N_uptown,29.0,180.0,28.87413895741699,True,6.526688860650742,0.9502750871843565,3rd Avenue,avenue_secondary,126.3599098819654,40.74654919360639,-73.97753673761508
n00082,E_east,119.0,180.0,28.87413895741699,False,11.538732008558258,0.9482295178225066,3rd Avenue,avenue_secondary,126.3599098819654,40.74654919360639,-73.97753673761508
n00082,S_downtown,209.0,180.0,28.87413895741699,True,6.61286362870489,0.8815382959853869,3rd Avenue,avenue_secondary,126.3599098819654,40.74654919360639,-73.97753673761508
n00082,W_west,299.0,180.0,28.87413895741699,False,1.6008204807973756,0.8874256164024702,3rd Avenue,avenue_secondary,126.3599098819654,40.74654919360639,-73.97753673761508
n00082,full360,,360.0,28.87413895741699,,6.569776244677817,0.9156063174650608,3rd Avenue,avenue_secondary,126.3599098819654,40.74654919360639,-73.97753673761508
n00083,N_uptown,29.0,180.0,29.224228328547575,True,4.028854504929479,0.916842005018393,3rd Avenue,avenue_secondary,146.28711680385038,40.74670538345487,-73.97741868504977
n00083,E_east,119.0,180.0,29.224228328547575,False,7.891328339904819,0.9527226309580178,3rd Avenue,avenue_secondary,146.28711680385038,40.74670538345487,-73.97741868504977
n00083,S_downtown,209.0,180.0,29.224228328547575,True,5.874744896321417,0.9149437188058792,3rd Avenue,avenue_secondary,146.28711680385038,40.74670538345487,-73.97741868504977
n00083,W_west,299.0,180.0,29.224228328547575,False,2.012271061346077,0.8803886103659684,3rd Avenue,avenue_secondary,146.28711680385038,40.74670538345487,-73.97741868504977
n00083,full360,,360.0,29.224228328547575,,4.951799700625448,0.9158934836724673,3rd Avenue,avenue_secondary,146.28711680385038,40.74670538345487,-73.97741868504977
n00084,N_uptown,29.0,180.0,29.224228326953906,True,1.239575551788143,0.8599828787444346,3rd Avenue,avenue_secondary,166.21433380486087,40.74686157317181,-73.97730063192692
n00084,E_east,119.0,180.0,29.224228326953906,False,5.006827524478382,0.9488491986167352,3rd Avenue,avenue_secondary,166.21433380486087,40.74686157317181,-73.97730063192692
n00084,S_downtown,209.0,180.0,29.224228326953906,True,7.012256168738021,0.9099820844140024,3rd Avenue,avenue_secondary,166.21433380486087,40.74686157317181,-73.97730063192692
n00084,W_west,299.0,180.0,29.224228326953906,False,3.2450041960477813,0.8188734154494477,3rd Avenue,avenue_secondary,166.21433380486087,40.74686157317181,-73.97730063192692
n00084,full360,,360.0,29.224228326953906,,4.125915860263082,0.884142672575629,3rd Avenue,avenue_secondary,166.21433380486087,40.74686157317181,-73.97730063192692
n00085,N_uptown,29.0,180.0,29.144152144750375,True,0.16116637263354083,0.8275240594927964,3rd Avenue,avenue_secondary,186.1413904666642,40.74701788379255,-73.97718286861884
n00085,E_east,119.0,180.0,29.144152144750375,False,1.009128653466469,0.8478871224639696,3rd Avenue,avenue_secondary,186.1413904666642,40.74701788379255,-73.97718286861884
n00085,S_downtown,209.0,180.0,29.144152144750375,True,1.730439234645479,0.8064357138854857,3rd Avenue,avenue_secondary,186.1413904666642,40.74701788379255,-73.97718286861884
n00085,W_west,299.0,180.0,29.144152144750375,False,0.8824769538125505,0.7865272895897093,3rd Avenue,avenue_secondary,186.1413904666642,40.74701788379255,-73.97718286861884
n00085,full360,,360.0,29.144152144750375,,0.9458028036395097,0.8168837932162064,3rd Avenue,avenue_secondary,186.1413904666642,40.74701788379255,-73.97718286861884
n00086,N_uptown,29.0,180.0,26.733799306766066,True,0.6727242268570475,0.9219379248269538,3rd Avenue,avenue_secondary,206.0621279118164,40.74717782704806,-73.97707384971733
n00086,E_east,119.0,180.0,26.733799306766066,False,0.8380706325788091,0.9294382594701109,3rd Avenue,avenue_secondary,206.0621279118164,40.74717782704806,-73.97707384971733
n00086,S_downtown,209.0,180.0,26.733799306766066,True,0.16534640572176165,0.8680681484468632,3rd Avenue,avenue_secondary,206.0621279118164,40.74717782704806,-73.97707384971733
n00086,W_west,299.0,180.0,26.733799306766066,False,0.0,0.8596016222785609,3rd Avenue,avenue_secondary,206.0621279118164,40.74717782704806,-73.97707384971733
n00086,full360,,360.0,26.733799306766066,,0.41903531628940455,0.8948686596443525,3rd Avenue,avenue_secondary,206.0621279118164,40.74717782704806,-73.97707384971733
n00087,N_uptown,29.0,180.0,26.724833305110923,True,6.314734881747305,0.9157406603677343,3rd Avenue,avenue_secondary,225.98278505153272,40.74733778316656,-73.97696486319619
n00087,E_east,119.0,180.0,26.724833305110923,False,6.262582145876938,0.9169040876048375,3rd Avenue,avenue_secondary,225.98278505153272,40.74733778316656,-73.97696486319619
n00087,S_downtown,209.0,180.0,26.724833305110923,True,0.2392017113849737,0.8293364116184623,3rd Avenue,avenue_secondary,225.98278505153272,40.74733778316656,-73.97696486319619
n00087,W_west,299.0,180.0,26.724833305110923,False,0.29135444725533965,0.8275419773438737,3rd Avenue,avenue_secondary,225.98278505153272,40.74733778316656,-73.97696486319619
n00087,full360,,360.0,26.724833305110923,,3.2769682965661384,0.8701984588779541,3rd Avenue,avenue_secondary,225.98278505153272,40.74733778316656,-73.97696486319619
n00088,N_uptown,29.0,180.0,26.724833305110923,True,2.381522117839058,0.8895649382888582,3rd Avenue,avenue_secondary,245.90345280649493,40.74749773917148,-73.97685587614686
n00088,E_east,119.0,180.0,26.724833305110923,False,6.1111588480600885,0.9152526675207086,3rd Avenue,avenue_secondary,245.90345280649493,40.74749773917148,-73.97685587614686
n00088,S_downtown,209.0,180.0,26.724833305110923,True,5.853956574362187,0.8283219349675933,3rd Avenue,avenue_secondary,245.90345280649493,40.74749773917148,-73.97685587614686
n00088,W_west,299.0,180.0,26.724833305110923,False,2.1243198441411564,0.807395959498389,3rd Avenue,avenue_secondary,245.90345280649493,40.74749773917148,-73.97685587614686
n00088,full360,,360.0,26.724833305110923,,4.117739346100622,0.8596839419329779,3rd Avenue,avenue_secondary,245.90345280649493,40.74749773917148,-73.97685587614686
n00089,N_uptown,29.0,180.0,26.761164646109943,True,1.449174060753811,0.8881805823575906,3rd Avenue,avenue_secondary,265.8244554971531,40.74765764212587,-73.97674675546054
n00089,E_east,119.0,180.0,26.761164646109943,False,2.0711253589391343,0.7786114163184739,3rd Avenue,avenue_secondary,265.8244554971531,40.74765764212587,-73.97674675546054
n00089,S_downtown,209.0,180.0,26.761164646109943,True,1.5662688604737172,0.695147505481556,3rd Avenue,avenue_secondary,265.8244554971531,40.74765764212587,-73.97674675546054
n00089,W_west,299.0,180.0,26.761164646109943,False,0.9443175622883931,0.8051157935727163,3rd Avenue,avenue_secondary,265.8244554971531,40.74765764212587,-73.97674675546054
n00089,full360,,360.0,26.761164646109943,,1.5077214606137639,0.7917378682120009,3rd Avenue,avenue_secondary,265.8244554971531,40.74765764212587,-73.97674675546054
n00090,N_uptown,29.0,180.0,28.107952205474934,True,2.7440864394168254,0.9338715048973721,3rd Avenue,avenue_secondary,285.75231688075837,40.74781554138748,-73.97663272902372
n00090,E_east,119.0,180.0,28.107952205474934,False,4.0489003089271876,0.8877783421089349,3rd Avenue,avenue_secondary,285.75231688075837,40.74781554138748,-73.97663272902372
n00090,S_downtown,209.0,180.0,28.107952205474934,True,3.174058440796372,0.7847368007657877,3rd Avenue,avenue_secondary,285.75231688075837,40.74781554138748,-73.97663272902372
n00090,W_west,299.0,180.0,28.107952205474934,False,1.86924457128601,0.8276545541229291,3rd Avenue,avenue_secondary,285.75231688075837,40.74781554138748,-73.97663272902372
n00090,full360,,360.0,28.107952205474934,,2.9590724401065986,0.8574994871898227,3rd Avenue,avenue_secondary,285.75231688075837,40.74781554138748,-73.97663272902372
n00091,N_uptown,29.0,180.0,28.487077972722968,True,4.388929999039847,0.9069540517505299,3rd Avenue,avenue_secondary,305.6816053356803,40.747972872410024,-73.97651732400615
n00091,E_east,119.0,180.0,28.487077972722968,False,7.645235913159536,0.903861017785706,3rd Avenue,avenue_secondary,305.6816053356803,40.747972872410024,-73.97651732400615
n00091,S_downtown,209.0,180.0,28.487077972722968,True,5.214867386321213,0.8768525245782743,3rd Avenue,avenue_secondary,305.6816053356803,40.747972872410024,-73.97651732400615
n00091,W_west,299.0,180.0,28.487077972722968,False,1.9585614722015248,0.882870753384162,3rd Avenue,avenue_secondary,305.6816053356803,40.747972872410024,-73.97651732400615
n00091,full360,,360.0,28.487077972722968,,4.80189869268053,0.8919626793191068,3rd Avenue,avenue_secondary,305.6816053356803,40.747972872410024,-73.97651732400615
n00092,N_uptown,29.0,180.0,28.419655107153716,True,4.8430781275899655,0.913676046164188,3rd Avenue,avenue_secondary,325.6109146704579,40.74813030641846,-73.97640216200179
n00092,E_east,119.0,180.0,28.419655107153716,False,7.006110441853575,0.8984494051803107,3rd Avenue,avenue_secondary,325.6109146704579,40.74813030641846,-73.97640216200179
n00092,S_downtown,209.0,180.0,28.419655107153716,True,4.391696655851903,0.903989288517922,3rd Avenue,avenue_secondary,325.6109146704579,40.74813030641846,-73.97640216200179
n00092,W_west,299.0,180.0,28.419655107153716,False,2.2286643415882956,0.9183395307296597,3rd Avenue,avenue_secondary,325.6109146704579,40.74813030641846,-73.97640216200179
n00092,full360,,360.0,28.419655107153716,,4.617387391720935,0.9088981354306921,3rd Avenue,avenue_secondary,325.6109146704579,40.74813030641846,-73.97640216200179
n00094,N_uptown,29.0,180.0,28.32657964670308,True,8.991863621051891,0.9050644131269423,3rd Avenue,avenue_secondary,365.469033641498,40.748445731611056,-73.97617316773116
n00094,E_east,119.0,180.0,28.32657964670308,False,9.287776298196606,0.8606889150752605,3rd Avenue,avenue_secondary,365.469033641498,40.748445731611056,-73.97617316773116
n00094,S_downtown,209.0,180.0,28.32657964670308,True,3.054505071805703,0.8391507653706909,3rd Avenue,avenue_secondary,365.469033641498,40.748445731611056,-73.97617316773116
n00094,W_west,299.0,180.0,28.32657964670308,False,2.7585923946609867,0.8783403084897123,3rd Avenue,avenue_secondary,365.469033641498,40.748445731611056,-73.97617316773116
n00094,full360,,360.0,28.32657964670308,,6.023184346428796,0.8702870276182917,3rd Avenue,avenue_secondary,365.469033641498,40.748445731611056,-73.97617316773116
n00095,N_uptown,29.0,180.0,28.456066795247047,True,0.6897233971482439,0.9060333836133716,3rd Avenue,avenue_secondary,385.39837503877845,40.74860310961249,-73.97605787250657
n00095,E_east,119.0,180.0,28.456066795247047,False,2.478209653560833,0.8963370875476747,3rd Avenue,avenue_secondary,385.39837503877845,40.74860310961249,-73.97605787250657
n00095,S_downtown,209.0,180.0,28.456066795247047,True,3.102153104414642,0.8827783083935926,3rd Avenue,avenue_secondary,385.39837503877845,40.74860310961249,-73.97605787250657
n00095,W_west,299.0,180.0,28.456066795247047,False,1.3136668480020528,0.8931795793141126,3rd Avenue,avenue_secondary,385.39837503877845,40.74860310961249,-73.97605787250657
n00095,full360,,360.0,28.456066795247047,,1.8959382507814426,0.8947681473996827,3rd Avenue,avenue_secondary,385.39837503877845,40.74860310961249,-73.97605787250657
n00096,N_uptown,29.0,180.0,28.45606679651833,True,1.4255024160480994,0.9072189021275509,3rd Avenue,avenue_secondary,405.32772670503675,40.74876048748796,-73.97594257673296
n00096,E_east,119.0,180.0,28.45606679651833,False,1.9684351672523002,0.9147810904327625,3rd Avenue,avenue_secondary,405.32772670503675,40.74876048748796,-73.97594257673296
n00096,S_downtown,209.0,180.0,28.45606679651833,True,0.8613172260237495,0.8983506994462752,3rd Avenue,avenue_secondary,405.32772670503675,40.74876048748796,-73.97594257673296
n00096,W_west,299.0,180.0,28.45606679651833,False,0.3183844748195488,0.8905409942463244,3rd Avenue,avenue_secondary,405.32772670503675,40.74876048748796,-73.97594257673296
n00096,full360,,360.0,28.45606679651833,,1.1434098210359245,0.9027216143320801,3rd Avenue,avenue_secondary,405.32772670503675,40.74876048748796,-73.97594257673296
n00097,N_uptown,29.0,180.0,28.251006777241003,True,0.7840849440906756,0.8882328351375256,3rd Avenue,avenue_secondary,425.25698802968657,40.74891817779488,-73.97582802195481
n00097,E_east,119.0,180.0,28.251006777241003,False,0.7834865687445017,0.8816045258810804,3rd Avenue,avenue_secondary,425.25698802968657,40.74891817779488,-73.97582802195481
n00097,S_downtown,209.0,180.0,28.251006777241003,True,0.11745376785162888,0.813273818461879,3rd Avenue,avenue_secondary,425.25698802968657,40.74891817779488,-73.97582802195481
n00097,W_west,299.0,180.0,28.251006777241003,False,0.11805214319780283,0.8193931974834562,3rd Avenue,avenue_secondary,425.25698802968657,40.74891817779488,-73.97582802195481
n00097,full360,,360.0,28.251006777241003,,0.4507693559711522,0.8507084229832506,3rd Avenue,avenue_secondary,425.25698802968657,40.74891817779488,-73.97582802195481
n00098,N_uptown,29.0,180.0,28.2406622112228,True,1.5608365529815977,0.9195299034974775,3rd Avenue,avenue_secondary,445.18626672040864,40.74907588384075,-73.97571350396878
n00098,E_east,119.0,180.0,28.2406622112228,False,2.9027739111297275,0.9261218634722898,3rd Avenue,avenue_secondary,445.18626672040864,40.74907588384075,-73.97571350396878
n00098,S_downtown,209.0,180.0,28.2406622112228,True,2.6330470125546164,0.8798854626417788,3rd Avenue,avenue_secondary,445.18626672040864,40.74907588384075,-73.97571350396878
n00098,W_west,299.0,180.0,28.2406622112228,False,1.2911096544064864,0.8741636340504982,3rd Avenue,avenue_secondary,445.18626672040864,40.74907588384075,-73.97571350396878
n00098,full360,,360.0,28.2406622112228,,2.096941782768107,0.8999487575910523,3rd Avenue,avenue_secondary,445.18626672040864,40.74907588384075,-73.97571350396878
n00099,N_uptown,29.0,180.0,28.20444487126191,True,1.6179875178309284,0.9184871306372601,3rd Avenue,avenue_secondary,465.11552942569676,40.74923364489835,-73.97559911645627
n00099,E_east,119.0,180.0,28.20444487126191,False,1.2029381395224688,0.9246795997785661,3rd Avenue,avenue_secondary,465.11552942569676,40.74923364489835,-73.97559911645627
n00099,S_downtown,209.0,180.0,28.20444487126191,True,1.0421072252565817,0.8992389977777677,3rd Avenue,avenue_secondary,465.11552942569676,40.74923364489835,-73.97559911645627
n00099,W_west,299.0,180.0,28.20444487126191,False,1.4571566035650416,0.8924884612434271,3rd Avenue,avenue_secondary,465.11552942569676,40.74923364489835,-73.97559911645627
n00099,full360,,360.0,28.20444487126191,,1.330047371543755,0.9088447115343287,3rd Avenue,avenue_secondary,465.11552942569676,40.74923364489835,-73.97559911645627
n00100,N_uptown,29.0,180.0,28.20444486970703,True,0.2549038508076906,0.8960941676300906,3rd Avenue,avenue_secondary,485.0448024592492,40.74939140583181,-73.97548472839762
n00100,E_east,119.0,180.0,28.20444486970703,False,0.22396603863194367,0.906029283374295,3rd Avenue,avenue_secondary,485.0448024592492,40.74939140583181,-73.97548472839762
n00100,S_downtown,209.0,180.0,28.20444486970703,True,1.105501092449928,0.9016227538022412,3rd Avenue,avenue_secondary,485.0448024592492,40.74939140583181,-73.97548472839762
n00100,W_west,299.0,180.0,28.20444486970703,False,1.136438904625675,0.891721654050703,3rd Avenue,avenue_secondary,485.0448024592492,40.74939140583181,-73.97548472839762
n00100,full360,,360.0,28.20444486970703,,0.6802024716288093,0.8988410674750539,3rd Avenue,avenue_secondary,485.0448024592492,40.74939140583181,-73.97548472839762
n00101,N_uptown,29.0,180.0,29.032191873137386,True,0.7956664763939149,0.9221322009889119,3rd Avenue,avenue_secondary,504.9730089065914,40.74954789326139,-73.97536735505592
n00101,E_east,119.0,180.0,29.032191873137386,False,0.7685564028798794,0.9303645947687255,3rd Avenue,avenue_secondary,504.9730089065914,40.74954789326139,-73.97536735505592
n00101,S_downtown,209.0,180.0,29.032191873137386,True,0.5014326093212009,0.8253898360491049,3rd Avenue,avenue_secondary,504.9730089065914,40.74954789326139,-73.97536735505592
n00101,W_west,299.0,180.0,29.032191873137386,False,0.5285426828352363,0.8179851884851733,3rd Avenue,avenue_secondary,504.9730089065914,40.74954789326139,-73.97536735505592
n00101,full360,,360.0,29.032191873137386,,0.6485495428575578,0.8748972268088112,3rd Avenue,avenue_secondary,504.9730089065914,40.74954789326139,-73.97536735505592
n00102,N_uptown,29.0,180.0,28.369939584889593,True,0.28737844535571255,0.9251156631602804,3rd Avenue,avenue_secondary,524.9020143524117,40.7497053987712,-73.97525236955867
n00102,E_east,119.0,180.0,28.369939584889593,False,0.5685994437080764,0.9464768923941657,3rd Avenue,avenue_secondary,524.9020143524117,40.7497053987712,-73.97525236955867
n00102,S_downtown,209.0,180.0,28.369939584889593,True,0.28617140706864785,0.8478652004892478,3rd Avenue,avenue_secondary,524.9020143524117,40.7497053987712,-73.97525236955867
n00102,W_west,299.0,180.0,28.369939584889593,False,0.004950408716283945,0.8223315156228063,3rd Avenue,avenue_secondary,524.9020143524117,40.7497053987712,-73.97525236955867
n00102,full360,,360.0,28.369939584889593,,0.2867749262121802,0.8863755486155969,3rd Avenue,avenue_secondary,524.9020143524117,40.7497053987712,-73.97525236955867
n00103,N_uptown,29.0,180.0,28.359931883939208,True,2.277470893460196,0.9240064683248583,3rd Avenue,avenue_secondary,544.8314281312537,40.74986292259449,-73.975137417379
n00103,E_east,119.0,180.0,28.359931883939208,False,3.5084602697821765,0.9443549359914419,3rd Avenue,avenue_secondary,544.8314281312537,40.74986292259449,-73.975137417379
n00103,S_downtown,209.0,180.0,28.359931883939208,True,1.2309893763219806,0.8473362986175835,3rd Avenue,avenue_secondary,544.8314281312537,40.74986292259449,-73.975137417379
n00103,W_west,299.0,180.0,28.359931883939208,False,0.0,0.8289539044956036,3rd Avenue,avenue_secondary,544.8314281312537,40.74986292259449,-73.975137417379
n00103,full360,,360.0,28.359931883939208,,1.7542301348910883,0.8850492801406242,3rd Avenue,avenue_secondary,544.8314281312537,40.74986292259449,-73.975137417379
n00104,N_uptown,29.0,180.0,28.337239812278163,True,0.0,0.9292137781568266,3rd Avenue,avenue_secondary,564.7607849035207,40.750020480436724,-73.97502254703595
n00104,E_east,119.0,180.0,28.337239812278163,False,1.1675011868437928,0.9524749182931607,3rd Avenue,avenue_secondary,564.7607849035207,40.750020480436724,-73.97502254703595
n00104,S_downtown,209.0,180.0,28.337239812278163,True,1.1774616182426065,0.9377496381110706,3rd Avenue,avenue_secondary,564.7607849035207,40.750020480436724,-73.97502254703595
n00104,W_west,299.0,180.0,28.337239812278163,False,0.009960431398813665,0.9130624160387276,3rd Avenue,avenue_secondary,564.7607849035207,40.750020480436724,-73.97502254703595
n00104,full360,,360.0,28.337239812278163,,0.5887308091213032,0.9334416650121673,3rd Avenue,avenue_secondary,564.7607849035207,40.750020480436724,-73.97502254703595
n00105,N_uptown,29.0,180.0,27.80522882519825,True,0.9853483122894375,0.8983143797841905,3rd Avenue,avenue_secondary,584.6891298903914,40.750178843041915,-73.97490960440878
n00105,E_east,119.0,180.0,27.80522882519825,False,0.3022664286583555,0.9066037816893543,3rd Avenue,avenue_secondary,584.6891298903914,40.750178843041915,-73.97490960440878
n00105,S_downtown,209.0,180.0,27.80522882519825,True,0.08066074598676198,0.8991300209506465,3rd Avenue,avenue_secondary,584.6891298903914,40.750178843041915,-73.97490960440878
n00105,W_west,299.0,180.0,27.80522882519825,False,0.763742629617844,0.8905652970741953,3rd Avenue,avenue_secondary,584.6891298903914,40.750178843041915,-73.97490960440878
n00105,full360,,360.0,27.80522882519825,,0.5330045291380998,0.8987249664641288,3rd Avenue,avenue_secondary,584.6891298903914,40.750178843041915,-73.97490960440878
n00106,N_uptown,29.0,180.0,28.542009862282953,True,1.4398882050232913,0.9327253030150687,3rd Avenue,avenue_secondary,604.618238032756,40.750336085597176,-73.97479399460865
n00106,E_east,119.0,180.0,28.542009862282953,False,1.521108244285018,0.9352080137272969,3rd Avenue,avenue_secondary,604.618238032756,40.750336085597176,-73.97479399460865
n00106,S_downtown,209.0,180.0,28.542009862282953,True,1.836118324244439,0.927197564635366,3rd Avenue,avenue_secondary,604.618238032756,40.750336085597176,-73.97479399460865
n00106,W_west,299.0,180.0,28.542009862282953,False,1.7548982849827124,0.9246326899105022,3rd Avenue,avenue_secondary,604.618238032756,40.750336085597176,-73.97479399460865
n00106,full360,,360.0,28.542009862282953,,1.6380032646338651,0.9300007103836189,3rd Avenue,avenue_secondary,604.618238032756,40.750336085597176,-73.97479399460865
n00107,N_uptown,29.0,180.0,28.651530777613093,True,1.8385341267588937,0.924072020281741,3rd Avenue,avenue_secondary,624.5475304032825,40.750493162035895,-73.97467798749788
n00107,E_east,119.0,180.0,28.651530777613093,False,0.8450410903968417,0.9573842603728125,3rd Avenue,avenue_secondary,624.5475304032825,40.750493162035895,-73.97467798749788
n00107,S_downtown,209.0,180.0,28.651530777613093,True,1.7000987622626091,0.9524954116025419,3rd Avenue,avenue_secondary,624.5475304032825,40.750493162035895,-73.97467798749788
n00107,W_west,299.0,180.0,28.651530777613093,False,2.6935917986246607,0.9174421492017922,3rd Avenue,avenue_secondary,624.5475304032825,40.750493162035895,-73.97467798749788
n00107,full360,,360.0,28.651530777613093,,1.769316444510751,0.938458860352248,3rd Avenue,avenue_secondary,624.5475304032825,40.750493162035895,-73.97467798749788
n00108,N_uptown,29.0,180.0,28.583408918401787,True,0.0,0.925825521608782,3rd Avenue,avenue_secondary,644.4768045728068,40.750650342222784,-73.97456222615868
n00108,E_east,119.0,180.0,28.583408918401787,False,0.7541144619579747,0.9529640638931364,3rd Avenue,avenue_secondary,644.4768045728068,40.750650342222784,-73.97456222615868
n00108,S_downtown,209.0,180.0,28.583408918401787,True,1.1327055287702827,0.9463724339158607,3rd Avenue,avenue_secondary,644.4768045728068,40.750650342222784,-73.97456222615868
n00108,W_west,299.0,180.0,28.583408918401787,False,0.37859106681230814,0.9187235885323926,3rd Avenue,avenue_secondary,644.4768045728068,40.750650342222784,-73.97456222615868
n00108,full360,,360.0,28.583408918401787,,0.5663527643851414,0.9361965747513261,3rd Avenue,avenue_secondary,644.4768045728068,40.750650342222784,-73.97456222615868
n00109,N_uptown,29.0,180.0,28.12931261265992,True,0.018433013664270356,0.8728721888458147,3rd Avenue,avenue_secondary,664.406007196103,40.75080821555291,-73.97444810559905
n00109,E_east,119.0,180.0,28.12931261265992,False,0.02134429629271472,0.8841706553630122,3rd Avenue,avenue_secondary,664.406007196103,40.75080821555291,-73.97444810559905
n00109,S_downtown,209.0,180.0,28.12931261265992,True,0.162512204278995,0.8930822533561291,3rd Avenue,avenue_secondary,664.406007196103,40.75080821555291,-73.97444810559905
n00109,W_west,299.0,180.0,28.12931261265992,False,0.15960092165055065,0.8820339059277625,3rd Avenue,avenue_secondary,664.406007196103,40.75080821555291,-73.97444810559905
n00109,full360,,360.0,28.12931261265992,,0.09047260897163267,0.8830985230198626,3rd Avenue,avenue_secondary,664.406007196103,40.75080821555291,-73.97444810559905
n00110,N_uptown,29.0,180.0,28.38774020985623,True,0.37959248483936064,0.9311311503062432,3rd Avenue,avenue_secondary,684.3355078817835,40.75096569612199,-73.97433304901344
n00110,E_east,119.0,180.0,28.38774020985623,False,0.5006662467920192,0.9380621864908083,3rd Avenue,avenue_secondary,684.3355078817835,40.75096569612199,-73.97433304901344
n00110,S_downtown,209.0,180.0,28.38774020985623,True,0.1210737619526585,0.9273752873521672,3rd Avenue,avenue_secondary,684.3355078817835,40.75096569612199,-73.97433304901344
n00110,W_west,299.0,180.0,28.38774020985623,False,0.0,0.9205352096529488,3rd Avenue,avenue_secondary,684.3355078817835,40.75096569612199,-73.97433304901344
n00110,full360,,360.0,28.38774020985623,,0.2503331233960096,0.9292815940085272,3rd Avenue,avenue_secondary,684.3355078817835,40.75096569612199,-73.97433304901344
n00111,N_uptown,29.0,180.0,119.10934133947556,False,0.05889893452946947,0.8860082880104541,East 34th Street,mid_block,22.831968830252492,40.74783232139179,-73.98310297518186
n00111,E_east,119.0,180.0,119.10934133947556,True,0.03111955400688509,0.8334512348432754,East 34th Street,mid_block,22.831968830252492,40.74783232139179,-73.98310297518186
n00111,S_downtown,209.0,180.0,119.10934133947556,False,2.274915890059869,0.8824254987213744,East 34th Street,mid_block,22.831968830252492,40.74783232139179,-73.98310297518186
n00111,W_west,299.0,180.0,119.10934133947556,True,2.3026952705824533,0.9345496766872319,East 34th Street,mid_block,22.831968830252492,40.74783232139179,-73.98310297518186
n00111,full360,,360.0,119.10934133947556,,1.166907412294669,0.8842287622462128,East 34th Street,mid_block,22.831968830252492,40.74783232139179,-73.98310297518186
n00112,N_uptown,29.0,180.0,119.10934133947558,False,0.07817074166255245,0.8681169714920896,East 34th Street,mid_block,22.58980771446693,40.74774287534946,-73.98289739091182
n00112,E_east,119.0,180.0,119.10934133947558,True,0.06467424401145268,0.8771987928095207,East 34th Street,mid_block,22.58980771446693,40.74774287534946,-73.98289739091182
n00112,S_downtown,209.0,180.0,119.10934133947558,False,0.816080453158179,0.886209209717876,East 34th Street,mid_block,22.58980771446693,40.74774287534946,-73.98289739091182
n00112,W_west,299.0,180.0,119.10934133947558,True,0.8295769508092788,0.8774279808108661,East 34th Street,mid_block,22.58980771446693,40.74774287534946,-73.98289739091182
n00112,full360,,360.0,119.10934133947558,,0.44712559741036584,0.8773128221519666,East 34th Street,mid_block,22.58980771446693,40.74774287534946,-73.98289739091182
n00113,N_uptown,29.0,180.0,117.83919676898734,False,0.16709821790984505,0.9096328946032824,East 34th Street,mid_block,22.789279638690175,40.747656929014674,-73.98268928060271
n00113,E_east,119.0,180.0,117.83919676898734,True,0.17747519461407518,0.9339845589304555,East 34th Street,mid_block,22.789279638690175,40.747656929014674,-73.98268928060271
n00113,S_downtown,209.0,180.0,117.83919676898734,False,0.1987926180640079,0.9658038600174758,East 34th Street,mid_block,22.789279638690175,40.747656929014674,-73.98268928060271
n00113,W_west,299.0,180.0,117.83919676898734,True,0.18841564135977776,0.9435102620737308,East 34th Street,mid_block,22.789279638690175,40.747656929014674,-73.98268928060271
n00113,full360,,360.0,117.83919676898734,,0.18294541798692648,0.9387470994638668,East 34th Street,mid_block,22.789279638690175,40.747656929014674,-73.98268928060271
n00114,N_uptown,29.0,180.0,120.41747728610206,False,0.048811300606435425,0.8852855584695839,East 34th Street,mid_block,22.09209034244583,40.74756392178129,-73.98248640460726
n00114,E_east,119.0,180.0,120.41747728610206,True,0.08544450717884826,0.9103852045728724,East 34th Street,mid_block,22.09209034244583,40.74756392178129,-73.98248640460726
n00114,S_downtown,209.0,180.0,120.41747728610206,False,0.11969569497967456,0.9651536979647053,East 34th Street,mid_block,22.09209034244583,40.74756392178129,-73.98248640460726
n00114,W_west,299.0,180.0,120.41747728610206,True,0.08306248840726173,0.9430820901856687,East 34th Street,mid_block,22.09209034244583,40.74756392178129,-73.98248640460726
n00114,full360,,360.0,120.41747728610206,,0.084253497793055,0.9270387143640367,East 34th Street,mid_block,22.09209034244583,40.74756392178129,-73.98248640460726
n00115,N_uptown,29.0,180.0,119.45925913675819,False,0.013086683108936894,0.8983741758708104,East 34th Street,mid_block,21.728070594476264,40.74747351990065,-73.982281540577
n00115,E_east,119.0,180.0,119.45925913675819,True,0.29005159795772284,0.9207600322447829,East 34th Street,mid_block,21.728070594476264,40.74747351990065,-73.982281540577
n00115,S_downtown,209.0,180.0,119.45925913675819,False,0.29005159795772284,0.9639446509675277,East 34th Street,mid_block,21.728070594476264,40.74747351990065,-73.982281540577
n00115,W_west,299.0,180.0,119.45925913675819,True,0.013086683108936894,0.9428906333109189,East 34th Street,mid_block,21.728070594476264,40.74747351990065,-73.982281540577
n00115,full360,,360.0,119.45925913675819,,0.15156914053332987,0.9323063125541717,East 34th Street,mid_block,21.728070594476264,40.74747351990065,-73.982281540577
n00116,N_uptown,29.0,180.0,118.51665515796353,False,0.300228129097374,0.8965872893649717,East 34th Street,mid_block,21.69179055733383,40.74738568090605,-73.98207472089801
n00116,E_east,119.0,180.0,118.51665515796353,True,0.44057925843399975,0.9099479932371207,East 34th Street,mid_block,21.69179055733383,40.74738568090605,-73.98207472089801
n00116,S_downtown,209.0,180.0,118.51665515796353,False,0.35421989487037336,0.9611329007391313,East 34th Street,mid_block,21.69179055733383,40.74738568090605,-73.98207472089801
n00116,W_west,299.0,180.0,118.51665515796353,True,0.2138687655337476,0.9482186158801368,East 34th Street,mid_block,21.69179055733383,40.74738568090605,-73.98207472089801
n00116,full360,,360.0,118.51665515796353,,0.3272240119838737,0.9291474084022795,East 34th Street,mid_block,21.69179055733383,40.74738568090605,-73.98207472089801
n00117,N_uptown,29.0,180.0,118.51665515796353,False,1.6417618978118549,0.8440326827803781,East 34th Street,mid_block,21.655452712018814,40.747297841545944,-73.98186790176862
n00117,E_east,119.0,180.0,118.51665515796353,True,1.6851651229848381,0.8574561227390796,East 34th Street,mid_block,21.655452712018814,40.747297841545944,-73.98186790176862
n00117,S_downtown,209.0,180.0,118.51665515796353,False,0.28501437693103004,0.9565374896606048,East 34th Street,mid_block,21.655452712018814,40.747297841545944,-73.98186790176862
n00117,W_west,299.0,180.0,118.51665515796353,True,0.24161115175804718,0.9459367427610378,East 34th Street,mid_block,21.655452712018814,40.747297841545944,-73.98186790176862
n00117,full360,,360.0,118.51665515796353,,0.9633881373714426,0.9040650729255791,East 34th Street,mid_block,21.655452712018814,40.747297841545944,-73.98186790176862
n00118,N_uptown,29.0,180.0,118.19814055182039,False,6.305398316740189,0.7790857516425822,East 34th Street,mid_block,21.7298454758631,40.74721087852655,-73.98166044658856
n00118,E_east,119.0,180.0,118.19814055182039,True,4.226842070377923,0.7617676404953239,East 34th Street,mid_block,21.7298454758631,40.74721087852655,-73.98166044658856
n00118,S_downtown,209.0,180.0,118.19814055182039,False,0.17686092781575088,0.9113768906014618,East 34th Street,mid_block,21.7298454758631,40.74721087852655,-73.98166044658856
n00118,W_west,299.0,180.0,118.19814055182039,True,2.255417174178017,0.9306335128981056,East 34th Street,mid_block,21.7298454758631,40.74721087852655,-73.98166044658856
n00118,full360,,360.0,118.19814055182039,,3.2411296222779704,0.849956121668968,East 34th Street,mid_block,21.7298454758631,40.74721087852655,-73.98166044658856
n00119,N_uptown,29.0,180.0,118.08527570164688,False,5.007666532524318,0.7966938852493567,East 34th Street,mid_block,21.843438616586866,40.74712422519607,-73.98145276493723
n00119,E_east,119.0,180.0,118.08527570164688,True,3.8799518268986963,0.7164563288463381,East 34th Street,mid_block,21.843438616586866,40.74712422519607,-73.98145276493723
n00119,S_downtown,209.0,180.0,118.08527570164688,False,0.30172087506097595,0.817042256055279,East 34th Street,mid_block,21.843438616586866,40.74712422519607,-73.98145276493723
n00119,W_west,299.0,180.0,118.08527570164688,True,1.4294355806865986,0.8873049111064183,East 34th Street,mid_block,21.843438616586866,40.74712422519607,-73.98145276493723
n00119,full360,,360.0,118.08527570164688,,2.6546937037926472,0.8072414536867464,East 34th Street,mid_block,21.843438616586866,40.74712422519607,-73.98145276493723
n00120,N_uptown,29.0,180.0,118.1436943430901,False,4.296570232955761,0.8080695694917858,East 34th Street,mid_block,21.936654347907847,40.74703741045787,-73.98124520001129
n00120,E_east,119.0,180.0,118.1436943430901,True,1.0552852867465785,0.8452171813224788,East 34th Street,mid_block,21.936654347907847,40.74703741045787,-73.98124520001129
n00120,S_downtown,209.0,180.0,118.1436943430901,False,0.8484978624644642,0.8588096918356568,East 34th Street,mid_block,21.936654347907847,40.74703741045787,-73.98124520001129
n00120,W_west,299.0,180.0,118.1436943430901,True,4.089782808673646,0.8237633840228562,East 34th Street,mid_block,21.936654347907847,40.74703741045787,-73.98124520001129
n00120,full360,,360.0,118.1436943430901,,2.5725340477101124,0.8351495305132919,East 34th Street,mid_block,21.936654347907847,40.74703741045787,-73.98124520001129
n00121,N_uptown,29.0,180.0,118.2242980535171,False,3.866817044788043,0.8196031021749014,East 34th Street,mid_block,22.00177578619099,40.74695037355031,-73.98103779687305
n00121,E_east,119.0,180.0,118.2242980535171,True,6.48650033939483,0.9073311317020928,East 34th Street,mid_block,22.00177578619099,40.74695037355031,-73.98103779687305
n00121,S_downtown,209.0,180.0,118.2242980535171,False,4.189981383693509,0.9199418884469187,East 34th Street,mid_block,22.00177578619099,40.74695037355031,-73.98103779687305
n00121,W_west,299.0,180.0,118.2242980535171,True,1.5702980890867233,0.8258780005520298,East 34th Street,mid_block,22.00177578619099,40.74695037355031,-73.98103779687305
n00121,full360,,360.0,118.2242980535171,,4.0283992142407765,0.867500858898281,East 34th Street,mid_block,22.00177578619099,40.74695037355031,-73.98103779687305
n00122,N_uptown,29.0,180.0,118.35449852364455,False,6.641113687359618,0.9004010415834397,East 34th Street,mid_block,22.02155183331479,40.746862977880426,-73.98083065446164
n00122,E_east,119.0,180.0,118.35449852364455,True,4.049352433501083,0.9155368007057587,East 34th Street,mid_block,22.02155183331479,40.746862977880426,-73.98083065446164
n00122,S_downtown,209.0,180.0,118.35449852364455,False,6.255621814694449,0.9403428200858827,East 34th Street,mid_block,22.02155183331479,40.746862977880426,-73.98083065446164
n00122,W_west,299.0,180.0,118.35449852364455,True,8.847383068552984,0.9272213358635127,East 34th Street,mid_block,22.02155183331479,40.746862977880426,-73.98083065446164
n00122,full360,,360.0,118.35449852364455,,6.448367751027033,0.9207349646710821,East 34th Street,mid_block,22.02155183331479,40.746862977880426,-73.98083065446164
n00123,N_uptown,29.0,180.0,118.28538316474821,False,5.863398289939879,0.8987241993758375,East 34th Street,mid_block,22.065310465520497,40.74677577192966,-73.98062337409472
n00123,E_east,119.0,180.0,118.28538316474821,True,5.35736097735775,0.9121589097405034,East 34th Street,mid_block,22.065310465520497,40.74677577192966,-73.98062337409472
n00123,S_downtown,209.0,180.0,118.28538316474821,False,3.4181367667109783,0.9413282506847938,East 34th Street,mid_block,22.065310465520497,40.74677577192966,-73.98062337409472
n00123,W_west,299.0,180.0,118.28538316474821,True,3.924174079293108,0.9307172919301473,East 34th Street,mid_block,22.065310465520497,40.74677577192966,-73.98062337409472
n00123,full360,,360.0,118.28538316474821,,4.640767528325429,0.9210764704794671,East 34th Street,mid_block,22.065310465520497,40.74677577192966,-73.98062337409472
n00124,N_uptown,29.0,180.0,118.28538316224069,False,4.900775666192511,0.8982721971837194,East 34th Street,mid_block,22.109011242266263,40.746688565611784,-73.98041609427474
n00124,E_east,119.0,180.0,118.28538316224069,True,4.78589151441647,0.9045293115298199,East 34th Street,mid_block,22.109011242266263,40.746688565611784,-73.98041609427474
n00124,S_downtown,209.0,180.0,118.28538316224069,False,2.8985076908022553,0.9390668937593217,East 34th Street,mid_block,22.109011242266263,40.746688565611784,-73.98041609427474
n00124,W_west,299.0,180.0,118.28538316224069,True,3.013391842578297,0.9328104727882239,East 34th Street,mid_block,22.109011242266263,40.746688565611784,-73.98041609427474
n00124,full360,,360.0,118.28538316224069,,3.8996416784973826,0.9189126302880503,East 34th Street,mid_block,22.109011242266263,40.746688565611784,-73.98041609427474
n00125,N_uptown,29.0,180.0,118.28538316474821,False,8.532656010537751,0.877062613277022,East 34th Street,mid_block,22.152654158849373,40.746601358926746,-73.98020881500173
n00125,E_east,119.0,180.0,118.28538316474821,True,5.802382981835542,0.8960654304709215,East 34th Street,mid_block,22.152654158849373,40.746601358926746,-73.98020881500173
n00125,S_downtown,209.0,180.0,118.28538316474821,False,5.148522251864598,0.941198728703259,East 34th Street,mid_block,22.152654158849373,40.746601358926746,-73.98020881500173
n00125,W_west,299.0,180.0,118.28538316474821,True,7.878795280566808,0.9277027423912336,East 34th Street,mid_block,22.152654158849373,40.746601358926746,-73.98020881500173
n00125,full360,,360.0,118.28538316474821,,6.840589131201175,0.911157344286121,East 34th Street,mid_block,22.152654158849373,40.746601358926746,-73.98020881500173
n00126,N_uptown,29.0,180.0,118.28538316474821,False,3.588136964250009,0.8761109931423695,East 34th Street,mid_block,22.19623921733063,40.74651415187457,-73.98000153627568
n00126,E_east,119.0,180.0,118.28538316474821,True,5.216482498351092,0.8821575704795422,East 34th Street,mid_block,22.19623921733063,40.74651415187457,-73.98000153627568
n00126,S_downtown,209.0,180.0,118.28538316474821,False,6.671425449479868,0.9355876248446129,East 34th Street,mid_block,22.19623921733063,40.74651415187457,-73.98000153627568
n00126,W_west,299.0,180.0,118.28538316474821,True,5.043079915378786,0.9308786907075717,East 34th Street,mid_block,22.19623921733063,40.74651415187457,-73.98000153627568
n00126,full360,,360.0,118.28538316474821,,5.129781206864938,0.9055946897968113,East 34th Street,mid_block,22.19623921733063,40.74651415187457,-73.98000153627568
n00127,N_uptown,29.0,180.0,118.20792232218908,False,0.4394225694103227,0.8106064825284289,East 34th Street,mid_block,22.266709383380203,40.746427157859515,-73.97979410374205
n00127,E_east,119.0,180.0,118.20792232218908,True,0.0010562465336988343,0.7034389129549464,East 34th Street,mid_block,22.266709383380203,40.746427157859515,-73.97979410374205
n00127,S_downtown,209.0,180.0,118.20792232218908,False,8.481707031501678,0.8018317170490133,East 34th Street,mid_block,22.266709383380203,40.746427157859515,-73.97979410374205
n00127,W_west,299.0,180.0,118.20792232218908,True,8.920073354378303,0.9124532126246828,East 34th Street,mid_block,22.266709383380203,40.746427157859515,-73.97979410374205
n00127,full360,,360.0,118.20792232218908,,4.460564800456,0.8062621810109941,East 34th Street,mid_block,22.266709383380203,40.746427157859515,-73.97979410374205
n00128,N_uptown,29.0,180.0,116.91292614593543,False,3.2236590556430333,0.8745757786232621,East 34th Street,mid_block,22.787381720309043,40.746343770090455,-73.97958418750794
n00128,E_east,119.0,180.0,116.91292614593543,True,3.9030009044031235,0.9149909741858517,East 34th Street,mid_block,22.787381720309043,40.746343770090455,-73.97958418750794
n00128,S_downtown,209.0,180.0,116.91292614593543,False,2.2759892546025897,0.9309159942009971,East 34th Street,mid_block,22.787381720309043,40.746343770090455,-73.97958418750794
n00128,W_west,299.0,180.0,116.91292614593543,True,1.5966474058424989,0.8907395983260694,East 34th Street,mid_block,22.787381720309043,40.746343770090455,-73.97958418750794
n00128,full360,,360.0,116.91292614593543,,2.7498241551228113,0.9029838054443792,East 34th Street,mid_block,22.787381720309043,40.746343770090455,-73.97958418750794
n00129,N_uptown,29.0,180.0,114.27946393950117,False,0.6415695354931871,0.8993514323377472,East 34th Street,mid_block,24.221988534411707,40.74626783755668,-73.97936954694853
n00129,E_east,119.0,180.0,114.27946393950117,True,2.3289182751173967,0.9220490483472462,East 34th Street,mid_block,24.221988534411707,40.74626783755668,-73.97936954694853
n00129,S_downtown,209.0,180.0,114.27946393950117,False,1.9796811583419622,0.9486706651669691,East 34th Street,mid_block,24.221988534411707,40.74626783755668,-73.97936954694853
n00129,W_west,299.0,180.0,114.27946393950117,True,0.2923324187177524,0.9304239846043625,East 34th Street,mid_block,24.221988534411707,40.74626783755668,-73.97936954694853
n00129,full360,,360.0,114.27946393950117,,1.3106253469175746,0.9261663283348854,East 34th Street,mid_block,24.221988534411707,40.74626783755668,-73.97936954694853
n00130,N_uptown,29.0,180.0,118.23521142485475,False,4.007726535951505,0.9246010196227696,East 34th Street,mid_block,24.282792931039637,40.74618076709182,-73.9791621700468
n00130,E_east,119.0,180.0,118.23521142485475,True,2.631351270637088,0.8846929025320432,East 34th Street,mid_block,24.282792931039637,40.74618076709182,-73.9791621700468
n00130,S_downtown,209.0,180.0,118.23521142485475,False,1.5136896867518994,0.8659985387538252,East 34th Street,mid_block,24.282792931039637,40.74618076709182,-73.9791621700468
n00130,W_west,299.0,180.0,118.23521142485475,True,2.890064952066317,0.9056829393604627,East 34th Street,mid_block,24.282792931039637,40.74618076709182,-73.9791621700468
n00130,full360,,360.0,118.23521142485475,,2.7607081113517027,0.8949026659910794,East 34th Street,mid_block,24.282792931039637,40.74618076709182,-73.9791621700468
n00131,N_uptown,29.0,180.0,118.23906570672257,False,2.645505231652066,0.9168265878307319,East 34th Street,mid_block,24.342198830426867,40.7460936856503,-73.97895480139407
n00131,E_east,119.0,180.0,118.23906570672257,True,1.7528036610415225,0.8559884479013464,East 34th Street,mid_block,24.342198830426867,40.7460936856503,-73.97895480139407
n00131,S_downtown,209.0,180.0,118.23906570672257,False,0.9658509227333554,0.8246238802468704,East 34th Street,mid_block,24.342198830426867,40.7460936856503,-73.97895480139407
n00131,W_west,299.0,180.0,118.23906570672257,True,1.8585524933438988,0.8816423177945802,East 34th Street,mid_block,24.342198830426867,40.7460936856503,-73.97895480139407
n00131,full360,,360.0,118.23906570672257,,1.8056780771927108,0.8687254446420112,East 34th Street,mid_block,24.342198830426867,40.7460936856503,-73.97895480139407
n00132,N_uptown,29.0,180.0,118.2447715499855,False,2.7704150966395384,0.9014106622147153,East 34th Street,mid_block,24.3995622085082,40.74600658813563,-73.97874744469068
n00132,E_east,119.0,180.0,118.2447715499855,True,3.7423157212866114,0.9182200401974181,East 34th Street,mid_block,24.3995622085082,40.74600658813563,-73.97874744469068
n00132,S_downtown,209.0,180.0,118.2447715499855,False,2.174382042667759,0.9211479040143601,East 34th Street,mid_block,24.3995622085082,40.74600658813563,-73.97874744469068
n00132,W_west,299.0,180.0,118.2447715499855,True,1.2024814180206869,0.9056164369763731,East 34th Street,mid_block,24.3995622085082,40.74600658813563,-73.97874744469068
n00132,full360,,360.0,118.2447715499855,,2.472398569653649,0.9121002029362202,East 34th Street,mid_block,24.3995622085082,40.74600658813563,-73.97874744469068
n00133,N_uptown,29.0,180.0,118.24477154982769,False,1.1027097935255008,0.9140800481366862,East 34th Street,mid_block,24.456867720658465,40.74591949025353,-73.97854008853376
n00133,E_east,119.0,180.0,118.24477154982769,True,2.8664325297519713,0.8840584177736777,East 34th Street,mid_block,24.456867720658465,40.74591949025353,-73.97854008853376
n00133,S_downtown,209.0,180.0,118.24477154982769,False,4.219180463401042,0.9129977631212092,East 34th Street,mid_block,24.456867720658465,40.74591949025353,-73.97854008853376
n00133,W_west,299.0,180.0,118.24477154982769,True,2.4554577271745712,0.9427933796056166,East 34th Street,mid_block,24.456867720658465,40.74591949025353,-73.97854008853376
n00133,full360,,360.0,118.24477154982769,,2.660945128463271,0.9135236923233557,East 34th Street,mid_block,24.456867720658465,40.74591949025353,-73.97854008853376
n00134,N_uptown,29.0,180.0,118.24998062597543,False,0.02442349658062676,0.8224867514005841,East 34th Street,mid_block,24.512303502488805,40.7458323776668,-73.9783327433361
n00134,E_east,119.0,180.0,118.24998062597543,True,0.2685828815004538,0.7409718805428039,East 34th Street,mid_block,24.512303502488805,40.7458323776668,-73.9783327433361
n00134,S_downtown,209.0,180.0,118.24998062597543,False,2.922771826173603,0.8443751206314704,East 34th Street,mid_block,24.512303502488805,40.7458323776668,-73.9783327433361
n00134,W_west,299.0,180.0,118.24998062597543,True,2.678612441253776,0.9373490415056226,East 34th Street,mid_block,24.512303502488805,40.7458323776668,-73.9783327433361
n00134,full360,,360.0,118.24998062597543,,1.473597661377115,0.8337449239554089,East 34th Street,mid_block,24.512303502488805,40.7458323776668,-73.9783327433361
n00135,N_uptown,29.0,180.0,120.49835187585879,False,3.851651758230262,0.8238331489676493,East 34th Street,mid_block,23.059995512647163,40.74564601133677,-73.97792757616833
n00135,E_east,119.0,180.0,120.49835187585879,True,5.290074085843188,0.9112809066867521,East 34th Street,mid_block,23.059995512647163,40.74564601133677,-73.97792757616833
n00135,S_downtown,209.0,180.0,120.49835187585879,False,2.22614152786897,0.9599092709461239,East 34th Street,mid_block,23.059995512647163,40.74564601133677,-73.97792757616833
n00135,W_west,299.0,180.0,120.49835187585879,True,0.7877192002560441,0.8739779842476778,East 34th Street,mid_block,23.059995512647163,40.74564601133677,-73.97792757616833
n00135,full360,,360.0,120.49835187585879,,3.0388966430496165,0.8923423354494803,East 34th Street,mid_block,23.059995512647163,40.74564601133677,-73.97792757616833
n00136,N_uptown,29.0,180.0,117.69216660346966,False,5.707502652506405,0.8523982291257959,East 34th Street,mid_block,23.309276013304725,40.74556043703138,-73.97771912734252
n00136,E_east,119.0,180.0,117.69216660346966,True,6.259390773971578,0.8998515123237972,East 34th Street,mid_block,23.309276013304725,40.74556043703138,-73.97771912734252
n00136,S_downtown,209.0,180.0,117.69216660346966,False,3.506943353049366,0.9469071857338389,East 34th Street,mid_block,23.309276013304725,40.74556043703138,-73.97771912734252
n00136,W_west,299.0,180.0,117.69216660346966,True,2.9550552315841943,0.9043088637657554,East 34th Street,mid_block,23.309276013304725,40.74556043703138,-73.97771912734252
n00136,full360,,360.0,117.69216660346966,,4.607223002777886,0.9021606055743293,East 34th Street,mid_block,23.309276013304725,40.74556043703138,-73.97771912734252
n00137,N_uptown,29.0,180.0,117.85420279866372,False,7.480682192812081,0.7849567046061575,East 34th Street,mid_block,23.502140615446592,40.74547441456373,-73.97751099861054
n00137,E_east,119.0,180.0,117.85420279866372,True,4.038502513827883,0.8582766195171663,East 34th Street,mid_block,23.502140615446592,40.74547441456373,-73.97751099861054
n00137,S_downtown,209.0,180.0,117.85420279866372,False,5.47841114815852,0.945452136705253,East 34th Street,mid_block,23.502140615446592,40.74547441456373,-73.97751099861054
n00137,W_west,299.0,180.0,117.85420279866372,True,8.920590827142718,0.8874237507609749,East 34th Street,mid_block,23.502140615446592,40.74547441456373,-73.97751099861054
n00137,full360,,360.0,117.85420279866372,,6.4795466704853,0.8729466328408505,East 34th Street,mid_block,23.502140615446592,40.74547441456373,-73.97751099861054
n00138,N_uptown,29.0,180.0,118.0033795384339,False,0.8470960189052835,0.7629721960432675,East 34th Street,mid_block,23.643061287738192,40.74538797984482,-73.97730316551227
n00138,E_east,119.0,180.0,118.0033795384339,True,3.254912240744385,0.9068947563210579,East 34th Street,mid_block,23.643061287738192,40.74538797984482,-73.97730316551227
n00138,S_downtown,209.0,180.0,118.0033795384339,False,5.972398454099596,0.9307571905536648,East 34th Street,mid_block,23.643061287738192,40.74538797984482,-73.97730316551227
n00138,W_west,299.0,180.0,118.0033795384339,True,3.5645822322604963,0.8100337016457053,East 34th Street,mid_block,23.643061287738192,40.74538797984482,-73.97730316551227
n00138,full360,,360.0,118.0033795384339,,3.40974723650244,0.8643083834207573,East 34th Street,mid_block,23.643061287738192,40.74538797984482,-73.97730316551227
n00139,N_uptown,29.0,180.0,118.27383727222309,False,3.861531022721212,0.7931708093194625,East 34th Street,mid_block,23.689852412983612,40.745300799414366,-73.97709587132209
n00139,E_east,119.0,180.0,118.27383727222309,True,7.733996137258689,0.8974238576357345,East 34th Street,mid_block,23.689852412983612,40.745300799414366,-73.97709587132209
n00139,S_downtown,209.0,180.0,118.27383727222309,False,7.176380012380612,0.9372118123479967,East 34th Street,mid_block,23.689852412983612,40.745300799414366,-73.97709587132209
n00139,W_west,299.0,180.0,118.27383727222309,True,3.3039148978431356,0.8357138332257908,East 34th Street,mid_block,23.689852412983612,40.745300799414366,-73.97709587132209
n00139,full360,,360.0,118.27383727222309,,5.5189555175509115,0.8660435980410857,East 34th Street,mid_block,23.689852412983612,40.745300799414366,-73.97709587132209
n00140,N_uptown,29.0,180.0,118.27383727003136,False,3.9802850293344,0.8347961410275814,East 34th Street,mid_block,23.736585684775548,40.74521361861677,-73.97688857767876
n00140,E_east,119.0,180.0,118.27383727003136,True,3.4889494739441638,0.891295279577206,East 34th Street,mid_block,23.736585684775548,40.74521361861677,-73.97688857767876
n00140,S_downtown,209.0,180.0,118.27383727003136,False,2.70070538637385,0.954316137616473,East 34th Street,mid_block,23.736585684775548,40.74521361861677,-73.97688857767876
n00140,W_west,299.0,180.0,118.27383727003136,True,3.1920409417640863,0.9035861444668166,East 34th Street,mid_block,23.736585684775548,40.74521361861677,-73.97688857767876
n00140,full360,,360.0,118.27383727003136,,3.3404952078541257,0.8973666503295968,East 34th Street,mid_block,23.736585684775548,40.74521361861677,-73.97688857767876
n00141,N_uptown,29.0,180.0,118.27383727003136,False,3.109788891915376,0.8141867013234317,East 34th Street,mid_block,23.7832610969312,40.74512643745198,-73.97668128458228
n00141,E_east,119.0,180.0,118.27383727003136,True,2.846268909802056,0.8579378934654901,East 34th Street,mid_block,23.7832610969312,40.74512643745198,-73.97668128458228
n00141,S_downtown,209.0,180.0,118.27383727003136,False,2.5432705621182756,0.961846615249077,East 34th Street,mid_block,23.7832610969312,40.74512643745198,-73.97668128458228
n00141,W_west,299.0,180.0,118.27383727003136,True,2.8067905442315957,0.926019286704004,East 34th Street,mid_block,23.7832610969312,40.74512643745198,-73.97668128458228
n00141,full360,,360.0,118.27383727003136,,2.8265297270168257,0.8906990958424342,East 34th Street,mid_block,23.7832610969312,40.74512643745198,-73.97668128458228
n00142,N_uptown,29.0,180.0,118.27383727238107,False,3.2598949919840914,0.8282063191483504,East 34th Street,mid_block,23.829878654628487,40.74503925592002,-73.97647399203261
n00142,E_east,119.0,180.0,118.27383727238107,True,5.632075333488018,0.7780365894979562,East 34th Street,mid_block,23.829878654628487,40.74503925592002,-73.97647399203261
n00142,S_downtown,209.0,180.0,118.27383727238107,False,5.621699458353602,0.8972472092590827,East 34th Street,mid_block,23.829878654628487,40.74503925592002,-73.97647399203261
n00142,W_west,299.0,180.0,118.27383727238107,True,3.2495191168496764,0.9397954373154163,East 34th Street,mid_block,23.829878654628487,40.74503925592002,-73.97647399203261
n00142,full360,,360.0,118.27383727238107,,4.440797225168847,0.8611367288546328,East 34th Street,mid_block,23.829878654628487,40.74503925592002,-73.97647399203261
n00143,N_uptown,29.0,180.0,118.30230536922822,False,2.803115092084365,0.7300512164612896,East 34th Street,mid_block,23.866536357778216,40.7449519957075,-73.97626675703272
n00143,E_east,119.0,180.0,118.30230536922822,True,4.775041971586749,0.6713663588916485,East 34th Street,mid_block,23.866536357778216,40.7449519957075,-73.97626675703272
n00143,S_downtown,209.0,180.0,118.30230536922822,False,3.1008730263137627,0.8526056381800574,East 34th Street,mid_block,23.866536357778216,40.7449519957075,-73.97626675703272
n00143,W_west,299.0,180.0,118.30230536922822,True,1.1289461468113793,0.9251402509633208,East 34th Street,mid_block,23.866536357778216,40.7449519957075,-73.97626675703272
n00143,full360,,360.0,118.30230536922822,,2.951994059199064,0.800152457017791,East 34th Street,mid_block,23.866536357778216,40.7449519957075,-73.97626675703272
n00144,N_uptown,29.0,180.0,118.32695344357576,False,9.157298807520558,0.6523560294620737,East 34th Street,mid_block,23.894562926434276,40.74486466732329,-73.97605957193407
n00144,E_east,119.0,180.0,118.32695344357576,True,0.6762536026528153,0.5872750222190567,East 34th Street,mid_block,23.894562926434276,40.74486466732329,-73.97605957193407
n00144,S_downtown,209.0,180.0,118.32695344357576,False,1.7398530300917037,0.779734719258073,East 34th Street,mid_block,23.894562926434276,40.74486466732329,-73.97605957193407
n00144,W_west,299.0,180.0,118.32695344357576,True,10.220898234959447,0.8918579023616996,East 34th Street,mid_block,23.894562926434276,40.74486466732329,-73.97605957193407
n00144,full360,,360.0,118.32695344357576,,5.448575918806132,0.720525135663556,East 34th Street,mid_block,23.894562926434276,40.74486466732329,-73.97605957193407
n00145,N_uptown,29.0,180.0,118.47646936317466,False,7.021149961749945,0.5668035660823348,East 34th Street,mid_block,23.84643093611305,40.74468918789123,-73.97564580462314
n00145,E_east,119.0,180.0,118.47646936317466,True,6.363285666476037,0.7543116378724983,East 34th Street,mid_block,23.84643093611305,40.74468918789123,-73.97564580462314
n00145,S_downtown,209.0,180.0,118.47646936317466,False,4.609758786153412,0.8329506967623602,East 34th Street,mid_block,23.84643093611305,40.74468918789123,-73.97564580462314
n00145,W_west,299.0,180.0,118.47646936317466,True,5.2676230814273195,0.6574787742278151,East 34th Street,mid_block,23.84643093611305,40.74468918789123,-73.97564580462314
n00145,full360,,360.0,118.47646936317466,,5.815454373951678,0.706579343182959,East 34th Street,mid_block,23.84643093611305,40.74468918789123,-73.97564580462314
n00146,N_uptown,29.0,180.0,118.50393754663698,False,2.8188025059841815,0.7996039162590224,East 34th Street,mid_block,23.812724001797392,40.74460137208404,-73.97543897684032
n00146,E_east,119.0,180.0,118.50393754663698,True,4.087962957893049,0.8110059021355392,East 34th Street,mid_block,23.812724001797392,40.74460137208404,-73.97543897684032
n00146,S_downtown,209.0,180.0,118.50393754663698,False,5.789181414471659,0.7841562627668623,East 34th Street,mid_block,23.812724001797392,40.74460137208404,-73.97543897684032
n00146,W_west,299.0,180.0,118.50393754663698,True,4.520020962562791,0.7717693848136545,East 34th Street,mid_block,23.812724001797392,40.74460137208404,-73.97543897684032
n00146,full360,,360.0,118.50393754663698,,4.30399196022792,0.7920581823327075,East 34th Street,mid_block,23.812724001797392,40.74460137208404,-73.97543897684032
n00147,N_uptown,29.0,180.0,118.290159375413,False,0.33281862899208786,0.6948022990084933,East 34th Street,mid_block,23.85331631316825,40.74451414544424,-73.97523172499403
n00147,E_east,119.0,180.0,118.290159375413,True,0.6539932553258458,0.754816492578448,East 34th Street,mid_block,23.85331631316825,40.74451414544424,-73.97523172499403
n00147,S_downtown,209.0,180.0,118.290159375413,False,2.5458276659217036,0.7742506707687171,East 34th Street,mid_block,23.85331631316825,40.74451414544424,-73.97523172499403
n00147,W_west,299.0,180.0,118.290159375413,True,2.224653039587946,0.7129604419281276,East 34th Street,mid_block,23.85331631316825,40.74451414544424,-73.97523172499403
n00147,full360,,360.0,118.290159375413,,1.4393231474568957,0.7344289338008655,East 34th Street,mid_block,23.85331631316825,40.74451414544424,-73.97523172499403
n00148,N_uptown,29.0,180.0,118.61514194020178,False,0.10555624728446748,0.8288031536619594,East 34th Street,mid_block,23.780817150177768,40.74442602769157,-73.97502513201026
n00148,E_east,119.0,180.0,118.61514194020178,True,4.003754002921542,0.8718643389405045,East 34th Street,mid_block,23.780817150177768,40.74442602769157,-73.97502513201026
n00148,S_downtown,209.0,180.0,118.61514194020178,False,3.926693326265071,0.8749182431219195,East 34th Street,mid_block,23.780817150177768,40.74442602769157,-73.97502513201026
n00148,W_west,299.0,180.0,118.61514194020178,True,0.028495570627996413,0.8310051675175999,East 34th Street,mid_block,23.780817150177768,40.74442602769157,-73.97502513201026
n00148,full360,,360.0,118.61514194020178,,2.0161247867747694,0.8509819927889076,East 34th Street,mid_block,23.780817150177768,40.74442602769157,-73.97502513201026
n00149,N_uptown,29.0,180.0,118.28272614513415,False,2.2558808864905235,0.877195385427456,East 34th Street,mid_block,23.823880212370057,40.74433881876875,-73.97481786162794
n00149,E_east,119.0,180.0,118.28272614513415,True,5.518669352714066,0.8877389945835179,East 34th Street,mid_block,23.823880212370057,40.74433881876875,-73.97481786162794
n00149,S_downtown,209.0,180.0,118.28272614513415,False,6.226371989173373,0.8954842037560201,East 34th Street,mid_block,23.823880212370057,40.74433881876875,-73.97481786162794
n00149,W_west,299.0,180.0,118.28272614513415,True,2.96358352294983,0.8852718739472358,East 34th Street,mid_block,23.823880212370057,40.74433881876875,-73.97481786162794
n00149,full360,,360.0,118.28272614513415,,4.241126437831948,0.8864269046986416,East 34th Street,mid_block,23.823880212370057,40.74433881876875,-73.97481786162794
n00150,N_uptown,29.0,180.0,118.2827261427846,False,4.16507881603954,0.9004838320227231,East 34th Street,mid_block,23.86688542391107,40.74425160947887,-73.97461059179257
n00150,E_east,119.0,180.0,118.2827261427846,True,4.275938860756142,0.9047564833950531,East 34th Street,mid_block,23.86688542391107,40.74425160947887,-73.97461059179257
n00150,S_downtown,209.0,180.0,118.2827261427846,False,6.8564978369891145,0.8874629829556484,East 34th Street,mid_block,23.86688542391107,40.74425160947887,-73.97461059179257
n00150,W_west,299.0,180.0,118.2827261427846,True,6.745637792272512,0.8824747523043924,East 34th Street,mid_block,23.86688542391107,40.74425160947887,-73.97461059179257
n00150,full360,,360.0,118.2827261427846,,5.510788326514327,0.894038306817529,East 34th Street,mid_block,23.86688542391107,40.74425160947887,-73.97461059179257
n00151,N_uptown,29.0,180.0,118.28272614513415,False,4.993005009947868,0.9220352275386796,East 34th Street,mid_block,23.90983278332112,40.744164399821905,-73.97440332250413
n00151,E_east,119.0,180.0,118.28272614513415,True,2.1552876087992248,0.9160975098931728,East 34th Street,mid_block,23.90983278332112,40.744164399821905,-73.97440332250413
n00151,S_downtown,209.0,180.0,118.28272614513415,False,4.40598706288333,0.8770476125638088,East 34th Street,mid_block,23.90983278332112,40.744164399821905,-73.97440332250413
n00151,W_west,299.0,180.0,118.28272614513415,True,7.243704464031973,0.8805756254778495,East 34th Street,mid_block,23.90983278332112,40.744164399821905,-73.97440332250413
n00151,full360,,360.0,118.28272614513415,,4.699496036415599,0.8996052448676589,East 34th Street,mid_block,23.90983278332112,40.744164399821905,-73.97440332250413
n00152,N_uptown,29.0,180.0,118.32451527107487,False,3.0177475822425963,0.928044970010058,East 34th Street,mid_block,23.938186904126837,40.7440770748777,-73.9741961375285
n00152,E_east,119.0,180.0,118.32451527107487,True,2.943373401986063,0.9059902009413955,East 34th Street,mid_block,23.938186904126837,40.7440770748777,-73.9741961375285
n00152,S_downtown,209.0,180.0,118.32451527107487,False,4.592318766460647,0.8608460605219825,East 34th Street,mid_block,23.938186904126837,40.7440770748777,-73.9741961375285
n00152,W_west,299.0,180.0,118.32451527107487,True,4.66669294671718,0.8841439826483356,East 34th Street,mid_block,23.938186904126837,40.7440770748777,-73.9741961375285
n00152,full360,,360.0,118.32451527107487,,3.8050331743516215,0.8954540008156249,East 34th Street,mid_block,23.938186904126837,40.7440770748777,-73.9741961375285
n00153,N_uptown,29.0,180.0,118.38421361452737,False,0.26106158890745496,0.9314469115795774,East 34th Street,mid_block,23.94571849378275,40.74398958539641,-73.97398907276532
n00153,E_east,119.0,180.0,118.38421361452737,True,3.4662504919242942,0.8770000973389303,East 34th Street,mid_block,23.94571849378275,40.74398958539641,-73.97398907276532
n00153,S_downtown,209.0,180.0,118.38421361452737,False,5.109280585074838,0.8467595402214906,East 34th Street,mid_block,23.94571849378275,40.74398958539641,-73.97398907276532
n00153,W_west,299.0,180.0,118.38421361452737,True,1.9040916820579983,0.9050165822009719,East 34th Street,mid_block,23.94571849378275,40.74398958539641,-73.97398907276532
n00153,full360,,360.0,118.38421361452737,,2.6851710869911463,0.8911511359741939,East 34th Street,mid_block,23.94571849378275,40.74398958539641,-73.97398907276532
n00154,N_uptown,29.0,180.0,118.38421361218006,False,0.02684417344768177,0.9082852034163763,East 34th Street,mid_block,23.95319225922873,40.74390209554882,-73.97378200855024
n00154,E_east,119.0,180.0,118.38421361218006,True,1.2639827157947954,0.832501019942639,East 34th Street,mid_block,23.95319225922873,40.74390209554882,-73.97378200855024
n00154,S_downtown,209.0,180.0,118.38421361218006,False,3.84158650108712,0.817199177636385,East 34th Street,mid_block,23.95319225922873,40.74390209554882,-73.97378200855024
n00154,W_west,299.0,180.0,118.38421361218006,True,2.6044479587400065,0.8859969396267028,East 34th Street,mid_block,23.95319225922873,40.74390209554882,-73.97378200855024
n00154,full360,,360.0,118.38421361218006,,1.9342153372674011,0.8587002171591338,East 34th Street,mid_block,23.95319225922873,40.74390209554882,-73.97378200855024
n00155,N_uptown,29.0,180.0,118.38699175169747,False,0.5629815090109697,0.8626694753773515,East 34th Street,mid_block,23.959641886550514,40.743814597699085,-73.97357495046165
n00155,E_east,119.0,180.0,118.38699175169747,True,0.4012194600757987,0.7339956820793042,East 34th Street,mid_block,23.959641886550514,40.743814597699085,-73.97357495046165
n00155,S_downtown,209.0,180.0,118.38699175169747,False,2.04862373200532,0.7251064590749602,East 34th Street,mid_block,23.959641886550514,40.743814597699085,-73.97357495046165
n00155,W_west,299.0,180.0,118.38699175169747,True,2.210385780940491,0.8559544074763533,East 34th Street,mid_block,23.959641886550514,40.743814597699085,-73.97357495046165
n00155,full360,,360.0,118.38699175169747,,1.3058026205081448,0.7942141712072616,East 34th Street,mid_block,23.959641886550514,40.743814597699085,-73.97357495046165
n00156,N_uptown,29.0,180.0,118.38768057059113,False,1.8718710850919287,0.8015194608629611,East 34th Street,mid_block,23.965794098452648,40.743727097589726,-73.97336789430413
n00156,E_east,119.0,180.0,118.38768057059113,True,2.539731333354316,0.7877668784756038,East 34th Street,mid_block,23.965794098452648,40.743727097589726,-73.97336789430413
n00156,S_downtown,209.0,180.0,118.38768057059113,False,1.5252126154510037,0.6654374540163617,East 34th Street,mid_block,23.965794098452648,40.743727097589726,-73.97336789430413
n00156,W_west,299.0,180.0,118.38768057059113,True,0.8573523671886166,0.6803103186273038,East 34th Street,mid_block,23.965794098452648,40.743727097589726,-73.97336789430413
n00156,full360,,360.0,118.38768057059113,,1.6985418502714664,0.7328076671129701,East 34th Street,mid_block,23.965794098452648,40.743727097589726,-73.97336789430413
n00157,N_uptown,29.0,180.0,119.2441728569586,False,5.29178275389831,0.6851464987523427,East 35th Street,mid_block,107.59257553527911,40.7443871760493,-73.9728833744543
n00157,E_east,119.0,180.0,119.2441728569586,True,8.300555289358437,0.8317339275596969,East 35th Street,mid_block,107.59257553527911,40.7443871760493,-73.9728833744543
n00157,S_downtown,209.0,180.0,119.2441728569586,False,10.186889965761235,0.6537389191481966,East 35th Street,mid_block,107.59257553527911,40.7443871760493,-73.9728833744543
n00157,W_west,299.0,180.0,119.2441728569586,True,7.178117430301111,0.49341008117561075,East 35th Street,mid_block,107.59257553527911,40.7443871760493,-73.9728833744543
n00157,full360,,360.0,119.2441728569586,,7.739336359829774,0.6701874179915878,East 35th Street,mid_block,107.59257553527911,40.7443871760493,-73.9728833744543
n00158,N_uptown,29.0,180.0,119.24417285695858,False,7.246648203854211,0.5865368241628864,East 35th Street,mid_block,108.1759866526659,40.744566839488506,-73.97329394342592
n00158,E_east,119.0,180.0,119.24417285695858,True,4.067496104255315,0.8727677584762025,East 35th Street,mid_block,108.1759866526659,40.744566839488506,-73.97329394342592
n00158,S_downtown,209.0,180.0,119.24417285695858,False,0.7134642552231161,0.9035759234388685,East 35th Street,mid_block,108.1759866526659,40.744566839488506,-73.97329394342592
n00158,W_west,299.0,180.0,119.24417285695858,True,3.8926163548220134,0.658453643441266,East 35th Street,mid_block,108.1759866526659,40.744566839488506,-73.97329394342592
n00158,full360,,360.0,119.24417285695858,,3.9800562295386634,0.7643215088779435,East 35th Street,mid_block,108.1759866526659,40.744566839488506,-73.97329394342592
n00159,N_uptown,29.0,180.0,118.40593543341981,False,8.198583587859233,0.5818776278707548,East 35th Street,mid_block,108.17609703631751,40.74465438991813,-73.97350096540039
n00159,E_east,119.0,180.0,118.40593543341981,True,6.376302379434577,0.8414231693173324,East 35th Street,mid_block,108.17609703631751,40.74465438991813,-73.97350096540039
n00159,S_downtown,209.0,180.0,118.40593543341981,False,1.3077526101109882,0.8963607405202848,East 35th Street,mid_block,108.17609703631751,40.74465438991813,-73.97350096540039
n00159,W_west,299.0,180.0,118.40593543341981,True,3.130033818535643,0.6849062953788008,East 35th Street,mid_block,108.17609703631751,40.74465438991813,-73.97350096540039
n00159,full360,,360.0,118.40593543341981,,4.75316809898511,0.7610027897961391,East 35th Street,mid_block,108.17609703631751,40.74465438991813,-73.97350096540039
n00160,N_uptown,29.0,180.0,118.40593543357848,False,7.058059311000367,0.5250836554404256,East 35th Street,mid_block,108.17614959856468,40.7447419399816,-73.97370798792325
n00160,E_east,119.0,180.0,118.40593543357848,True,5.68383102626542,0.7807430494019449,East 35th Street,mid_block,108.17614959856468,40.7447419399816,-73.97370798792325
n00160,S_downtown,209.0,180.0,118.40593543357848,False,5.011057931335302,0.8906676606373893,East 35th Street,mid_block,108.17614959856468,40.7447419399816,-73.97370798792325
n00160,W_west,299.0,180.0,118.40593543357848,True,6.38528621607025,0.6639349852430252,East 35th Street,mid_block,108.17614959856468,40.7447419399816,-73.97370798792325
n00160,full360,,360.0,118.40593543357848,,6.034558621167835,0.7246914342418966,East 35th Street,mid_block,108.17614959856468,40.7447419399816,-73.97370798792325
n00161,N_uptown,29.0,180.0,118.40593543341981,False,5.203041780687391,0.5058731361362258,East 35th Street,mid_block,108.1761443367655,40.74482948967889,-73.9739150109945
n00161,E_east,119.0,180.0,118.40593543341981,True,5.159800766520846,0.7797083612353956,East 35th Street,mid_block,108.1761443367655,40.74482948967889,-73.9739150109945
n00161,S_downtown,209.0,180.0,118.40593543341981,False,3.909174882254865,0.8454310723078314,East 35th Street,mid_block,108.1761443367655,40.74482948967889,-73.9739150109945
n00161,W_west,299.0,180.0,118.40593543341981,True,3.9524158964214107,0.6050529000439653,East 35th Street,mid_block,108.1761443367655,40.74482948967889,-73.9739150109945
n00161,full360,,360.0,118.40593543341981,,4.556108331471129,0.6927848901265354,East 35th Street,mid_block,108.1761443367655,40.74482948967889,-73.9739150109945
n00162,N_uptown,29.0,180.0,118.40593543341981,False,7.752415373560007,0.5373853654624504,East 35th Street,mid_block,108.17608125081415,40.74491703901,-73.97412203461414
n00162,E_east,119.0,180.0,118.40593543341981,True,6.932738897001004,0.8006267618986045,East 35th Street,mid_block,108.17608125081415,40.74491703901,-73.97412203461414
n00162,S_downtown,209.0,180.0,118.40593543341981,False,7.0049324725888,0.8237082514638502,East 35th Street,mid_block,108.17608125081415,40.74491703901,-73.97412203461414
n00162,W_west,299.0,180.0,118.40593543341981,True,7.824608949147802,0.5697814132217053,East 35th Street,mid_block,108.17608125081415,40.74491703901,-73.97412203461414
n00162,full360,,360.0,118.40593543341981,,7.378673923074403,0.6857652537082853,East 35th Street,mid_block,108.17608125081415,40.74491703901,-73.97412203461414
n00163,N_uptown,29.0,180.0,118.40593543107302,False,5.481392850525693,0.5092750092896073,East 35th Street,mid_block,108.17596034335236,40.74500458797494,-73.97432905878215
n00163,E_east,119.0,180.0,118.40593543107302,True,3.636141459990279,0.745234633055586,East 35th Street,mid_block,108.17596034335236,40.74500458797494,-73.97432905878215
n00163,S_downtown,209.0,180.0,118.40593543107302,False,3.266469733732484,0.8217607059937663,East 35th Street,mid_block,108.17596034335236,40.74500458797494,-73.97432905878215
n00163,W_west,299.0,180.0,118.40593543107302,True,5.111721124267898,0.590890434641986,East 35th Street,mid_block,108.17596034335236,40.74500458797494,-73.97432905878215
n00163,full360,,360.0,118.40593543107302,,4.373931292129089,0.671469907863325,East 35th Street,mid_block,108.17596034335236,40.74500458797494,-73.97432905878215
n00164,N_uptown,29.0,180.0,118.40593543341981,False,7.591211307033298,0.5216081873685116,East 35th Street,mid_block,108.17578160967747,40.745092136573675,-73.97453608349853
n00164,E_east,119.0,180.0,118.40593543341981,True,5.426263379367051,0.7646045776978335,East 35th Street,mid_block,108.17578160967747,40.745092136573675,-73.97453608349853
n00164,S_downtown,209.0,180.0,118.40593543341981,False,2.4099993825775536,0.7863278995714662,East 35th Street,mid_block,108.17578160967747,40.745092136573675,-73.97453608349853
n00164,W_west,299.0,180.0,118.40593543341981,True,4.5749473102438,0.5636450228138609,East 35th Street,mid_block,108.17578160967747,40.745092136573675,-73.97453608349853
n00164,full360,,360.0,118.40593543341981,,5.000605344805425,0.664088349684073,East 35th Street,mid_block,108.17578160967747,40.745092136573675,-73.97453608349853
n00165,N_uptown,29.0,180.0,118.2839584722326,False,5.087047077720196,0.4905703954409974,East 35th Street,mid_block,108.13311824579603,40.74517934890097,-73.97474335215529
n00165,E_east,119.0,180.0,118.2839584722326,True,2.9698637200125444,0.6778337602414773,East 35th Street,mid_block,108.13311824579603,40.74517934890097,-73.97474335215529
n00165,S_downtown,209.0,180.0,118.2839584722326,False,1.5035513002791434,0.7513223022834896,East 35th Street,mid_block,108.13311824579603,40.74517934890097,-73.97474335215529
n00165,W_west,299.0,180.0,118.2839584722326,True,3.6207346579867945,0.5708579206403464,East 35th Street,mid_block,108.13311824579603,40.74517934890097,-73.97474335215529
n00165,full360,,360.0,118.2839584722326,,3.2952991889996697,0.6261873490730079,East 35th Street,mid_block,108.13311824579603,40.74517934890097,-73.97474335215529
n00166,N_uptown,29.0,180.0,118.40261643316822,False,2.249137161943321,0.4505272241137135,East 35th Street,mid_block,108.13166940836473,40.74526688764587,-73.97495038463546
n00166,E_east,119.0,180.0,118.40261643316822,True,4.290443136421838,0.5511333407479803,East 35th Street,mid_block,108.13166940836473,40.74526688764587,-73.97495038463546
n00166,S_downtown,209.0,180.0,118.40261643316822,False,3.6270198619336504,0.6692194067833888,East 35th Street,mid_block,108.13166940836473,40.74526688764587,-73.97495038463546
n00166,W_west,299.0,180.0,118.40261643316822,True,1.5857138874551338,0.5575197202478606,East 35th Street,mid_block,108.13166940836473,40.74526688764587,-73.97495038463546
n00166,full360,,360.0,118.40261643316822,,2.9380785119384853,0.5543768985756037,East 35th Street,mid_block,108.13166940836473,40.74526688764587,-73.97495038463546
n00167,N_uptown,29.0,180.0,118.40261643567374,False,4.057303251309814,0.46671700719607334,East 35th Street,mid_block,108.13016274324056,40.74535442602454,-73.97515741766401
n00167,E_east,119.0,180.0,118.40261643567374,True,4.410030911648067,0.6304257579786035,East 35th Street,mid_block,108.13016274324056,40.74535442602454,-73.97515741766401
n00167,S_downtown,209.0,180.0,118.40261643567374,False,2.6179444356215367,0.7175695171873417,East 35th Street,mid_block,108.13016274324056,40.74535442602454,-73.97515741766401
n00167,W_west,299.0,180.0,118.40261643567374,True,2.265216775283283,0.5597039398738762,East 35th Street,mid_block,108.13016274324056,40.74535442602454,-73.97515741766401
n00167,full360,,360.0,118.40261643567374,,3.337623843465675,0.5960931600483088,East 35th Street,mid_block,108.13016274324056,40.74535442602454,-73.97515741766401
n00168,N_uptown,29.0,180.0,118.39565924331556,False,1.735426455031179,0.7020321993928557,East 35th Street,mid_block,108.12213631049505,40.74552945911546,-73.97557150307765
n00168,E_east,119.0,180.0,118.39565924331556,True,1.958446421814544,0.6474637751875689,East 35th Street,mid_block,108.12213631049505,40.74552945911546,-73.97557150307765
n00168,S_downtown,209.0,180.0,118.39565924331556,False,2.466184113443304,0.7830279320087163,East 35th Street,mid_block,108.12213631049505,40.74552945911546,-73.97557150307765
n00168,W_west,299.0,180.0,118.39565924331556,True,2.2431641466599395,0.8671076991763795,East 35th Street,mid_block,108.12213631049505,40.74552945911546,-73.97557150307765
n00168,full360,,360.0,118.39565924331556,,2.1008052842372416,0.746591466651153,East 35th Street,mid_block,108.12213631049505,40.74552945911546,-73.97557150307765
n00169,N_uptown,29.0,180.0,118.26634436386814,False,1.9592979745361851,0.7954478130019346,East 35th Street,mid_block,108.0730568032156,40.745616621647045,-73.97577881091334
n00169,E_east,119.0,180.0,118.26634436386814,True,2.070311982083724,0.7591302706803809,East 35th Street,mid_block,108.0730568032156,40.745616621647045,-73.97577881091334
n00169,S_downtown,209.0,180.0,118.26634436386814,False,5.604285483816472,0.8680638852786506,East 35th Street,mid_block,108.0730568032156,40.745616621647045,-73.97577881091334
n00169,W_west,299.0,180.0,118.26634436386814,True,5.493271476268934,0.908467395713278,East 35th Street,mid_block,108.0730568032156,40.745616621647045,-73.97577881091334
n00169,full360,,360.0,118.26634436386814,,3.7817917291763288,0.8323770857206618,East 35th Street,mid_block,108.0730568032156,40.745616621647045,-73.97577881091334
n00170,N_uptown,29.0,180.0,118.34646664994241,False,5.008464727357302,0.7654502320850325,East 35th Street,mid_block,108.05178827686882,40.745704004207084,-73.97598595882818
n00170,E_east,119.0,180.0,118.34646664994241,True,0.964643534332946,0.7315399059128673,East 35th Street,mid_block,108.05178827686882,40.745704004207084,-73.97598595882818
n00170,S_downtown,209.0,180.0,118.34646664994241,False,5.041636857673923,0.8264423154473978,East 35th Street,mid_block,108.05178827686882,40.745704004207084,-73.97598595882818
n00170,W_west,299.0,180.0,118.34646664994241,True,9.085458050698278,0.8744913111638108,East 35th Street,mid_block,108.05178827686882,40.745704004207084,-73.97598595882818
n00170,full360,,360.0,118.34646664994241,,5.025050792515612,0.7975409172954334,East 35th Street,mid_block,108.05178827686882,40.745704004207084,-73.97598595882818
n00171,N_uptown,29.0,180.0,118.34728227986793,False,12.758612848494455,0.79849247734243,East 35th Street,mid_block,108.03074561169979,40.745791388644086,-73.97619310565717
n00171,E_east,119.0,180.0,118.34728227986793,True,6.886008030672485,0.8798782780651853,East 35th Street,mid_block,108.03074561169979,40.745791388644086,-73.97619310565717
n00171,S_downtown,209.0,180.0,118.34728227986793,False,4.379238594744994,0.9271441761911937,East 35th Street,mid_block,108.03074561169979,40.745791388644086,-73.97619310565717
n00171,W_west,299.0,180.0,118.34728227986793,True,10.251843412566963,0.8625927037452076,East 35th Street,mid_block,108.03074561169979,40.745791388644086,-73.97619310565717
n00171,full360,,360.0,118.34728227986793,,8.568925721619722,0.8718165634776277,East 35th Street,mid_block,108.03074561169979,40.745791388644086,-73.97619310565717
n00172,N_uptown,29.0,180.0,118.34728227751984,False,5.540511208091637,0.8701939219255326,East 35th Street,mid_block,108.00964510355467,40.74587877271442,-73.97640025303387
n00172,E_east,119.0,180.0,118.34728227751984,True,4.5202634164550375,0.8955377718208881,East 35th Street,mid_block,108.00964510355467,40.74587877271442,-73.97640025303387
n00172,S_downtown,209.0,180.0,118.34728227751984,False,2.8448287898304914,0.9093650937144048,East 35th Street,mid_block,108.00964510355467,40.74587877271442,-73.97640025303387
n00172,W_west,299.0,180.0,118.34728227751984,True,3.8650765814670898,0.8863388555121362,East 35th Street,mid_block,108.00964510355467,40.74587877271442,-73.97640025303387
n00172,full360,,360.0,118.34728227751984,,4.1926699989610645,0.8909737647674111,East 35th Street,mid_block,108.00964510355467,40.74587877271442,-73.97640025303387
n00173,N_uptown,29.0,180.0,118.34728227986793,False,4.26847795716513,0.8851434566541048,East 35th Street,mid_block,107.98848675518127,40.74596615641811,-73.97660740095827
n00173,E_east,119.0,180.0,118.34728227986793,True,3.0693472350205693,0.8961189108921008,East 35th Street,mid_block,107.98848675518127,40.74596615641811,-73.97660740095827
n00173,S_downtown,209.0,180.0,118.34728227986793,False,5.149081608184601,0.9251564893239842,East 35th Street,mid_block,107.98848675518127,40.74596615641811,-73.97660740095827
n00173,W_west,299.0,180.0,118.34728227986793,True,6.3482123303291615,0.9155772460882883,East 35th Street,mid_block,107.98848675518127,40.74596615641811,-73.97660740095827
n00173,full360,,360.0,118.34728227986793,,4.708779782674865,0.9054981479923372,East 35th Street,mid_block,107.98848675518127,40.74596615641811,-73.97660740095827
n00174,N_uptown,29.0,180.0,116.99017255787254,False,0.7069167511671696,0.8374539150875467,East 35th Street,mid_block,107.49537009523803,40.74604976830275,-73.97681717318035
n00174,E_east,119.0,180.0,116.99017255787254,True,4.619844010320192,0.8371262820781699,East 35th Street,mid_block,107.49537009523803,40.74604976830275,-73.97681717318035
n00174,S_downtown,209.0,180.0,116.99017255787254,False,6.204821110137606,0.807775959814783,East 35th Street,mid_block,107.49537009523803,40.74604976830275,-73.97681717318035
n00174,W_west,299.0,180.0,116.99017255787254,True,2.2918938509845823,0.8095907666600531,East 35th Street,mid_block,107.49537009523803,40.74604976830275,-73.97681717318035
n00174,full360,,360.0,116.99017255787254,,3.4558689306523873,0.8234541927005756,East 35th Street,mid_block,107.49537009523803,40.74604976830275,-73.97681717318035
n00175,N_uptown,29.0,180.0,118.4099248451856,False,3.3441047163432436,0.8652989642161347,East 35th Street,mid_block,107.49588480515908,40.746137307244034,-73.97702415810001
n00175,E_east,119.0,180.0,118.4099248451856,True,1.1921884768283904,0.8332713136759818,East 35th Street,mid_block,107.49588480515908,40.746137307244034,-73.97702415810001
n00175,S_downtown,209.0,180.0,118.4099248451856,False,2.4574413350590976,0.8388082888055186,East 35th Street,mid_block,107.49588480515908,40.746137307244034,-73.97702415810001
n00175,W_west,299.0,180.0,118.4099248451856,True,4.609357574573951,0.8726103498397146,East 35th Street,mid_block,107.49588480515908,40.746137307244034,-73.97702415810001
n00175,full360,,360.0,118.4099248451856,,2.9007730257011706,0.8519614193660628,East 35th Street,mid_block,107.49588480515908,40.746137307244034,-73.97702415810001
n00176,N_uptown,29.0,180.0,118.88792002288614,False,0.6977656587567529,0.8695188540866287,East 35th Street,mid_block,107.66260094773114,40.746226172515655,-73.97723021431108
n00176,E_east,119.0,180.0,118.88792002288614,True,0.8094894705723672,0.8811531035336085,East 35th Street,mid_block,107.66260094773114,40.746226172515655,-73.97723021431108
n00176,S_downtown,209.0,180.0,118.88792002288614,False,5.110749404331429,0.9070469153655426,East 35th Street,mid_block,107.66260094773114,40.746226172515655,-73.97723021431108
n00176,W_west,299.0,180.0,118.88792002288614,True,4.999025592515814,0.8993275871430764,East 35th Street,mid_block,107.66260094773114,40.746226172515655,-73.97723021431108
n00176,full360,,360.0,118.88792002288614,,2.904257531544091,0.8890722855413206,East 35th Street,mid_block,107.66260094773114,40.746226172515655,-73.97723021431108
n00177,N_uptown,29.0,180.0,118.88792002304724,False,1.3468113415391725,0.8807700405871309,East 35th Street,mid_block,107.82925937895871,40.746315037424566,-73.97743627107599
n00177,E_east,119.0,180.0,118.88792002304724,True,2.5842382898172067,0.9137971560995617,East 35th Street,mid_block,107.82925937895871,40.746315037424566,-73.97743627107599
n00177,S_downtown,209.0,180.0,118.88792002304724,False,3.0896866842855357,0.9458700282050632,East 35th Street,mid_block,107.82925937895871,40.746315037424566,-73.97743627107599
n00177,W_west,299.0,180.0,118.88792002304724,True,1.8522597360075,0.9166745792638222,East 35th Street,mid_block,107.82925937895871,40.746315037424566,-73.97743627107599
n00177,full360,,360.0,118.88792002304724,,2.2182490129123535,0.9151819255429984,East 35th Street,mid_block,107.82925937895871,40.746315037424566,-73.97743627107599
n00178,N_uptown,29.0,180.0,118.387112290312,False,11.71616546345632,0.7866871557959967,East 35th Street,mid_block,107.81401466378537,40.74649001945578,-73.97785041229858
n00178,E_east,119.0,180.0,118.387112290312,True,3.1112311125825314,0.7759113070011868,East 35th Street,mid_block,107.81401466378537,40.74649001945578,-73.97785041229858
n00178,S_downtown,209.0,180.0,118.387112290312,False,8.348500888183066,0.8009629695994237,East 35th Street,mid_block,107.81401466378537,40.74649001945578,-73.97785041229858
n00178,W_west,299.0,180.0,118.387112290312,True,16.953435239056855,0.8198083921175897,East 35th Street,mid_block,107.81401466378537,40.74649001945578,-73.97785041229858
n00178,full360,,360.0,118.387112290312,,10.032333175819694,0.7940691876073113,East 35th Street,mid_block,107.81401466378537,40.74649001945578,-73.97785041229858
n00179,N_uptown,29.0,180.0,118.20357196150141,False,8.41950911124302,0.771230294575889,East 35th Street,mid_block,107.74246475897209,40.74657700515777,-73.97805785158336
n00179,E_east,119.0,180.0,118.20357196150141,True,3.160706864397805,0.8168552844847535,East 35th Street,mid_block,107.74246475897209,40.74657700515777,-73.97805785158336
n00179,S_downtown,209.0,180.0,118.20357196150141,False,3.5484402024335546,0.883866238126287,East 35th Street,mid_block,107.74246475897209,40.74657700515777,-73.97805785158336
n00179,W_west,299.0,180.0,118.20357196150141,True,8.80724244927877,0.8810931619644907,East 35th Street,mid_block,107.74246475897209,40.74657700515777,-73.97805785158336
n00179,full360,,360.0,118.20357196150141,,5.983974656838287,0.8481429075743362,East 35th Street,mid_block,107.74246475897209,40.74657700515777,-73.97805785158336
n00180,N_uptown,29.0,180.0,118.20357195915014,False,5.225713562566393,0.8989437310533309,East 35th Street,mid_block,107.67085697944819,40.74666399049205,-73.97826529141416
n00180,E_east,119.0,180.0,118.20357195915014,True,4.496292865322024,0.911899663576096,East 35th Street,mid_block,107.67085697944819,40.74666399049205,-73.97826529141416
n00180,S_downtown,209.0,180.0,118.20357195915014,False,5.2352691830756,0.9137887539103429,East 35th Street,mid_block,107.67085697944819,40.74666399049205,-73.97826529141416
n00180,W_west,299.0,180.0,118.20357195915014,True,5.96468988031997,0.9004693425608113,East 35th Street,mid_block,107.67085697944819,40.74666399049205,-73.97826529141416
n00180,full360,,360.0,118.20357195915014,,5.230491372820997,0.9064805958882886,East 35th Street,mid_block,107.67085697944819,40.74666399049205,-73.97826529141416
n00181,N_uptown,29.0,180.0,118.20357195915014,False,5.477101037875749,0.887042715048002,East 35th Street,mid_block,107.59919132061685,40.746750975458596,-73.97847273179102
n00181,E_east,119.0,180.0,118.20357195915014,True,3.3566759251715177,0.900373868900798,East 35th Street,mid_block,107.59919132061685,40.746750975458596,-73.97847273179102
n00181,S_downtown,209.0,180.0,118.20357195915014,False,1.346008930240942,0.9256394168035266,East 35th Street,mid_block,107.59919132061685,40.746750975458596,-73.97847273179102
n00181,W_west,299.0,180.0,118.20357195915014,True,3.466434042945173,0.9173030736331214,East 35th Street,mid_block,107.59919132061685,40.746750975458596,-73.97847273179102
n00181,full360,,360.0,118.20357195915014,,3.4115549840583452,0.9083931193586617,East 35th Street,mid_block,107.59919132061685,40.746750975458596,-73.97847273179102
n00182,N_uptown,29.0,180.0,118.20357195915014,False,6.991363504129159,0.8959589494931778,East 35th Street,mid_block,107.52746778591282,40.746837960057434,-73.97868017271392
n00182,E_east,119.0,180.0,118.20357195915014,True,3.2030293280247215,0.9025858060056317,East 35th Street,mid_block,107.52746778591282,40.746837960057434,-73.97868017271392
n00182,S_downtown,209.0,180.0,118.20357195915014,False,1.0556549300869629,0.9199205261287637,East 35th Street,mid_block,107.52746778591282,40.746837960057434,-73.97868017271392
n00182,W_west,299.0,180.0,118.20357195915014,True,4.843989106191398,0.9156145648950617,East 35th Street,mid_block,107.52746778591282,40.746837960057434,-73.97868017271392
n00182,full360,,360.0,118.20357195915014,,4.02350921710806,0.9089519678304028,East 35th Street,mid_block,107.52746778591282,40.746837960057434,-73.97868017271392
n00183,N_uptown,29.0,180.0,118.272784562352,False,12.70798569424844,0.8702822622408023,East 35th Street,mid_block,107.47976059341457,40.74692513473493,-73.97888747570585
n00183,E_east,119.0,180.0,118.272784562352,True,12.376977222925625,0.9046875927310951,East 35th Street,mid_block,107.47976059341457,40.74692513473493,-73.97888747570585
n00183,S_downtown,209.0,180.0,118.272784562352,False,5.078044620226076,0.9146353978179448,East 35th Street,mid_block,107.47976059341457,40.74692513473493,-73.97888747570585
n00183,W_west,299.0,180.0,118.272784562352,True,5.40905309154889,0.8842600364837372,East 35th Street,mid_block,107.47976059341457,40.74692513473493,-73.97888747570585
n00183,full360,,360.0,118.272784562352,,8.893015157237258,0.8942684622395027,East 35th Street,mid_block,107.47976059341457,40.74692513473493,-73.97888747570585
n00184,N_uptown,29.0,180.0,118.34408973342926,False,2.0705028881863816,0.7959307797277678,East 35th Street,mid_block,107.45679762161282,40.747012505249664,-73.9790946365811
n00184,E_east,119.0,180.0,118.34408973342926,True,2.6896146605032136,0.9171486240856768,East 35th Street,mid_block,107.45679762161282,40.747012505249664,-73.9790946365811
n00184,S_downtown,209.0,180.0,118.34408973342926,False,1.7914094166348336,0.8745724540388687,East 35th Street,mid_block,107.45679762161282,40.747012505249664,-73.9790946365811
n00184,W_west,299.0,180.0,118.34408973342926,True,1.1722976443180015,0.7435257285449663,East 35th Street,mid_block,107.45679762161282,40.747012505249664,-73.9790946365811
n00184,full360,,360.0,118.34408973342926,,1.9309561524106074,0.8354028718898502,East 35th Street,mid_block,107.45679762161282,40.747012505249664,-73.9790946365811
n00185,N_uptown,29.0,180.0,118.32804090986504,False,2.2967319954974657,0.8632333732275644,East 35th Street,mid_block,107.42819454247945,40.74709983121617,-73.97930183006318
n00185,E_east,119.0,180.0,118.32804090986504,True,0.8452958853761312,0.7820008558450816,East 35th Street,mid_block,107.42819454247945,40.74709983121617,-73.97930183006318
n00185,S_downtown,209.0,180.0,118.32804090986504,False,2.7976978199336155,0.7651161859785106,East 35th Street,mid_block,107.42819454247945,40.74709983121617,-73.97930183006318
n00185,W_west,299.0,180.0,118.32804090986504,True,4.249133930054951,0.8469621013635403,East 35th Street,mid_block,107.42819454247945,40.74709983121617,-73.97930183006318
n00185,full360,,360.0,118.32804090986504,,2.547214907715541,0.814489300456485,East 35th Street,mid_block,107.42819454247945,40.74709983121617,-73.97930183006318
n00186,N_uptown,29.0,180.0,118.35758293944193,False,10.209621929995524,0.8834536263675045,East 35th Street,mid_block,107.4098092361925,40.74718723808738,-73.97950896494655
n00186,E_east,119.0,180.0,118.35758293944193,True,7.527093314261457,0.8434836167704872,East 35th Street,mid_block,107.4098092361925,40.74718723808738,-73.97950896494655
n00186,S_downtown,209.0,180.0,118.35758293944193,False,3.3959267405590965,0.8215459771446547,East 35th Street,mid_block,107.4098092361925,40.74718723808738,-73.97950896494655
n00186,W_west,299.0,180.0,118.35758293944193,True,6.078455356293164,0.8587205969416991,East 35th Street,mid_block,107.4098092361925,40.74718723808738,-73.97950896494655
n00186,full360,,360.0,118.35758293944193,,6.802774335277309,0.851317030029234,East 35th Street,mid_block,107.4098092361925,40.74718723808738,-73.97950896494655
n00187,N_uptown,29.0,180.0,118.33852400467543,False,2.906853838682579,0.869822513492937,East 35th Street,mid_block,107.38473679018688,40.747274592203134,-73.97971613863824
n00187,E_east,119.0,180.0,118.33852400467543,True,3.913406374041317,0.8664531458363138,East 35th Street,mid_block,107.38473679018688,40.747274592203134,-73.97971613863824
n00187,S_downtown,209.0,180.0,118.33852400467543,False,3.0512625483696083,0.8862262330508102,East 35th Street,mid_block,107.38473679018688,40.747274592203134,-73.97971613863824
n00187,W_west,299.0,180.0,118.33852400467543,True,2.0447100130108713,0.8896995493615261,East 35th Street,mid_block,107.38473679018688,40.747274592203134,-73.97971613863824
n00187,full360,,360.0,118.33852400467543,,2.979058193526094,0.8781785908369933,East 35th Street,mid_block,107.38473679018688,40.747274592203134,-73.97971613863824
n00188,N_uptown,29.0,180.0,118.34519067143157,False,6.315639033745601,0.8595964394658145,East 35th Street,mid_block,107.36192537104864,40.74736196428601,-73.97992329951485
n00188,E_east,119.0,180.0,118.34519067143157,True,5.561512813993557,0.8442068136341565,East 35th Street,mid_block,107.36192537104864,40.74736196428601,-73.97992329951485
n00188,S_downtown,209.0,180.0,118.34519067143157,False,3.0450807604385286,0.900613528053945,East 35th Street,mid_block,107.36192537104864,40.74736196428601,-73.97992329951485
n00188,W_west,299.0,180.0,118.34519067143157,True,3.799206980190574,0.9168338943194864,East 35th Street,mid_block,107.36192537104864,40.74736196428601,-73.97992329951485
n00188,full360,,360.0,118.34519067143157,,4.680359897092066,0.8804944988019698,East 35th Street,mid_block,107.36192537104864,40.74736196428601,-73.97992329951485
n00189,N_uptown,29.0,180.0,118.34519067143157,False,0.7459318763801984,0.8789202792005588,East 35th Street,mid_block,107.33905610518178,40.747449336002155,-73.98013046093912
n00189,E_east,119.0,180.0,118.34519067143157,True,2.198485865773677,0.839187668353219,East 35th Street,mid_block,107.33905610518178,40.747449336002155,-73.98013046093912
n00189,S_downtown,209.0,180.0,118.34519067143157,False,1.8958547658831915,0.9000704622979491,East 35th Street,mid_block,107.33905610518178,40.747449336002155,-73.98013046093912
n00189,W_west,299.0,180.0,118.34519067143157,True,0.44330077648971283,0.9397965936948236,East 35th Street,mid_block,107.33905610518178,40.747449336002155,-73.98013046093912
n00189,full360,,360.0,118.34519067143157,,1.3208933211316949,0.8894501405115165,East 35th Street,mid_block,107.33905610518178,40.747449336002155,-73.98013046093912
n00190,N_uptown,29.0,180.0,118.34519067158992,False,3.629640012477701,0.8691975796131127,East 35th Street,mid_block,107.31612899211126,40.747536707351586,-73.98033762291108
n00190,E_east,119.0,180.0,118.34519067158992,True,2.7404546186957766,0.833226740362103,East 35th Street,mid_block,107.31612899211126,40.747536707351586,-73.98033762291108
n00190,S_downtown,209.0,180.0,118.34519067158992,False,1.6626310474393051,0.8894353803111479,East 35th Street,mid_block,107.31612899211126,40.747536707351586,-73.98033762291108
n00190,W_west,299.0,180.0,118.34519067158992,True,2.55181644122123,0.9258548211236045,East 35th Street,mid_block,107.31612899211126,40.747536707351586,-73.98033762291108
n00190,full360,,360.0,118.34519067158992,,2.646135529958503,0.8793983219984207,East 35th Street,mid_block,107.31612899211126,40.747536707351586,-73.98033762291108
n00191,N_uptown,29.0,180.0,118.34519067143157,False,13.354945936803004,0.8395563732126738,East 35th Street,mid_block,107.2931440316251,40.74762407833428,-73.9805447854307
n00191,E_east,119.0,180.0,118.34519067143157,True,6.526568419475851,0.8506764029798655,East 35th Street,mid_block,107.2931440316251,40.74762407833428,-73.9805447854307
n00191,S_downtown,209.0,180.0,118.34519067143157,False,1.987592860224198,0.8922305684614015,East 35th Street,mid_block,107.2931440316251,40.74762407833428,-73.9805447854307
n00191,W_west,299.0,180.0,118.34519067143157,True,8.81597037755135,0.8905892142708915,East 35th Street,mid_block,107.2931440316251,40.74762407833428,-73.9805447854307
n00191,full360,,360.0,118.34519067143157,,7.6712693985136,0.8690949900495315,East 35th Street,mid_block,107.2931440316251,40.74762407833428,-73.9805447854307
n00192,N_uptown,29.0,180.0,118.40384159853673,False,7.818939341016147,0.8148544662605042,East 35th Street,mid_block,107.29050189316433,40.747711610154745,-73.98075183072315
n00192,E_east,119.0,180.0,118.40384159853673,True,3.232156555197288,0.8498386993659816,East 35th Street,mid_block,107.29050189316433,40.747711610154745,-73.98075183072315
n00192,S_downtown,209.0,180.0,118.40384159853673,False,2.500775445073037,0.7989677986104312,East 35th Street,mid_block,107.29050189316433,40.747711610154745,-73.98075183072315
n00192,W_west,299.0,180.0,118.40384159853673,True,7.087558230891896,0.7557365381520508,East 35th Street,mid_block,107.29050189316433,40.747711610154745,-73.98075183072315
n00192,full360,,360.0,118.40384159853673,,5.159857393044592,0.8066034588663621,East 35th Street,mid_block,107.29050189316433,40.747711610154745,-73.98075183072315
n00193,N_uptown,29.0,180.0,118.42476160450909,False,7.372822064266016,0.7468122754689316,East 35th Street,mid_block,107.29507856926097,40.74779919909517,-73.98095883452392
n00193,E_east,119.0,180.0,118.42476160450909,True,7.80866261526936,0.7427436996889881,East 35th Street,mid_block,107.29507856926097,40.74779919909517,-73.98095883452392
n00193,S_downtown,209.0,180.0,118.42476160450909,False,4.509874252113368,0.8522019033781115,East 35th Street,mid_block,107.29507856926097,40.74779919909517,-73.98095883452392
n00193,W_west,299.0,180.0,118.42476160450909,True,4.074033701110023,0.8521322292553656,East 35th Street,mid_block,107.29507856926097,40.74779919909517,-73.98095883452392
n00193,full360,,360.0,118.42476160450909,,5.941348158189692,0.800666633326864,East 35th Street,mid_block,107.29507856926097,40.74779919909517,-73.98095883452392
n00194,N_uptown,29.0,180.0,118.11585487205821,False,0.990605760924901,0.879953680428805,East 35th Street,mid_block,107.1921510868575,40.74788593684715,-73.98116645493796
n00194,E_east,119.0,180.0,118.11585487205821,True,3.243547345485763,0.8560355825297072,East 35th Street,mid_block,107.1921510868575,40.74788593684715,-73.98116645493796
n00194,S_downtown,209.0,180.0,118.11585487205821,False,2.338896710926469,0.9074960698972065,East 35th Street,mid_block,107.1921510868575,40.74788593684715,-73.98116645493796
n00194,W_west,299.0,180.0,118.11585487205821,True,0.08595512636560686,0.9293368602457242,East 35th Street,mid_block,107.1921510868575,40.74788593684715,-73.98116645493796
n00194,full360,,360.0,118.11585487205821,,1.6647512359256846,0.8927124789645939,East 35th Street,mid_block,107.1921510868575,40.74788593684715,-73.98116645493796
n00195,N_uptown,29.0,180.0,117.91569510929227,False,1.2942232553662412,0.9179800283890351,East 35th Street,mid_block,107.01954440004474,40.7479721228856,-73.98137447498209
n00195,E_east,119.0,180.0,117.91569510929227,True,1.1397170554982603,0.8853730578117528,East 35th Street,mid_block,107.01954440004474,40.7479721228856,-73.98137447498209
n00195,S_downtown,209.0,180.0,117.91569510929227,False,0.7378691553635782,0.8915282980528559,East 35th Street,mid_block,107.01954440004474,40.7479721228856,-73.98137447498209
n00195,W_west,299.0,180.0,117.91569510929227,True,0.8923753552315592,0.9281310782026982,East 35th Street,mid_block,107.01954440004474,40.7479721228856,-73.98137447498209
n00195,full360,,360.0,117.91569510929227,,1.0160462053649097,0.9069097913503922,East 35th Street,mid_block,107.01954440004474,40.7479721228856,-73.98137447498209
n00196,N_uptown,29.0,180.0,117.9156951094484,False,4.988465302244212,0.9488355481315416,East 35th Street,mid_block,106.84687976807669,40.74805830855419,-73.98158249556887
n00196,E_east,119.0,180.0,117.9156951094484,True,2.207057076636847,0.9318668515385291,East 35th Street,mid_block,106.84687976807669,40.74805830855419,-73.98158249556887
n00196,S_downtown,209.0,180.0,117.9156951094484,False,0.8743182976785773,0.9044863088987404,East 35th Street,mid_block,106.84687976807669,40.74805830855419,-73.98158249556887
n00196,W_west,299.0,180.0,117.9156951094484,True,3.6557265232859417,0.9240461406822527,East 35th Street,mid_block,106.84687976807669,40.74805830855419,-73.98158249556887
n00196,full360,,360.0,117.9156951094484,,2.931391799961394,0.92821774950868,East 35th Street,mid_block,106.84687976807669,40.74805830855419,-73.98158249556887
n00197,N_uptown,29.0,180.0,117.91569510929227,False,12.897261741934201,0.9523079300910848,East 35th Street,mid_block,106.67415719105932,40.748144493852934,-73.98179051669833
n00197,E_east,119.0,180.0,117.91569510929227,True,10.328802684443543,0.9659055838238519,East 35th Street,mid_block,106.67415719105932,40.748144493852934,-73.98179051669833
n00197,S_downtown,209.0,180.0,117.91569510929227,False,1.7292936307036606,0.930529008341784,East 35th Street,mid_block,106.67415719105932,40.748144493852934,-73.98179051669833
n00197,W_west,299.0,180.0,117.91569510929227,True,4.297752688194318,0.9200110820648552,East 35th Street,mid_block,106.67415719105932,40.748144493852934,-73.98179051669833
n00197,full360,,360.0,117.91569510929227,,7.313277686318931,0.9419353682047461,East 35th Street,mid_block,106.67415719105932,40.748144493852934,-73.98179051669833
n00198,N_uptown,29.0,180.0,117.9156951094484,False,12.52965057193939,0.9617135115426191,East 35th Street,mid_block,106.50137666899255,40.74823067878182,-73.98199853837045
n00198,E_east,119.0,180.0,117.9156951094484,True,3.6171529125332476,0.94738033144929,East 35th Street,mid_block,106.50137666899255,40.74823067878182,-73.98199853837045
n00198,S_downtown,209.0,180.0,117.9156951094484,False,0.5684213745756378,0.9147414369312141,East 35th Street,mid_block,106.50137666899255,40.74823067878182,-73.98199853837045
n00198,W_west,299.0,180.0,117.9156951094484,True,9.480919033981783,0.9300228243075577,East 35th Street,mid_block,106.50137666899255,40.74823067878182,-73.98199853837045
n00198,full360,,360.0,117.9156951094484,,6.549035973257515,0.9393080844701113,East 35th Street,mid_block,106.50137666899255,40.74823067878182,-73.98199853837045
n00199,N_uptown,29.0,180.0,117.97728093484675,False,13.054449708984004,0.9445865100629659,East 35th Street,mid_block,106.34995927706345,40.74831703322182,-73.98220643836974
n00199,E_east,119.0,180.0,117.97728093484675,True,9.86879038018648,0.9279813445922973,East 35th Street,mid_block,106.34995927706345,40.74831703322182,-73.98220643836974
n00199,S_downtown,209.0,180.0,117.97728093484675,False,1.541905184940696,0.9255433666641868,East 35th Street,mid_block,106.34995927706345,40.74831703322182,-73.98220643836974
n00199,W_west,299.0,180.0,117.97728093484675,True,4.727564513738222,0.9419845213766922,East 35th Street,mid_block,106.34995927706345,40.74831703322182,-73.98220643836974
n00199,full360,,360.0,117.97728093484675,,7.298177446962349,0.9350301987857095,East 35th Street,mid_block,106.34995927706345,40.74831703322182,-73.98220643836974
n00200,N_uptown,29.0,180.0,118.12320230901182,False,3.397524257706524,0.7553180277367678,East 35th Street,mid_block,106.24923897935037,40.74840378981073,-73.9824140493424
n00200,E_east,119.0,180.0,118.12320230901182,True,3.730871097769456,0.8407484411194022,East 35th Street,mid_block,106.24923897935037,40.74840378981073,-73.9824140493424
n00200,S_downtown,209.0,180.0,118.12320230901182,False,0.378702472341241,0.9094302326739042,East 35th Street,mid_block,106.24923897935037,40.74840378981073,-73.9824140493424
n00200,W_west,299.0,180.0,118.12320230901182,True,0.045355632278308154,0.8329410284258638,East 35th Street,mid_block,106.24923897935037,40.74840378981073,-73.9824140493424
n00200,full360,,360.0,118.12320230901182,,1.8881133650238822,0.8368300836309112,East 35th Street,mid_block,106.24923897935037,40.74840378981073,-73.9824140493424
n00201,N_uptown,29.0,180.0,118.32949072055129,False,0.4520125016289076,0.8363156680346646,East 35th Street,mid_block,106.22021438997052,40.74849111368059,-73.98262124817609
n00201,E_east,119.0,180.0,118.32949072055129,True,0.45201250162890766,0.7859350595746359,East 35th Street,mid_block,106.22021438997052,40.74849111368059,-73.98262124817609
n00201,S_downtown,209.0,180.0,118.32949072055129,False,0.0,0.8850731858470656,East 35th Street,mid_block,106.22021438997052,40.74849111368059,-73.98262124817609
n00201,W_west,299.0,180.0,118.32949072055129,True,0.0,0.9321854834924348,East 35th Street,mid_block,106.22021438997052,40.74849111368059,-73.98262124817609
n00201,full360,,360.0,118.32949072055129,,0.2260062508144538,0.8614384737613282,East 35th Street,mid_block,106.22021438997052,40.74849111368059,-73.98262124817609
n00202,N_uptown,29.0,180.0,118.34919284447233,False,0.018386206162882134,0.8274546081589323,East 36th Street,mid_block,185.18326460851716,40.74911587667626,-73.98216728683211
n00202,E_east,119.0,180.0,118.34919284447233,True,0.018386206162882134,0.7805339603109602,East 36th Street,mid_block,185.18326460851716,40.74911587667626,-73.98216728683211
n00202,S_downtown,209.0,180.0,118.34919284447233,False,0.0,0.9198616186376661,East 36th Street,mid_block,185.18326460851716,40.74911587667626,-73.98216728683211
n00202,W_west,299.0,180.0,118.34919284447233,True,0.0,0.9552965235138422,East 36th Street,mid_block,185.18326460851716,40.74911587667626,-73.98216728683211
n00202,full360,,360.0,118.34919284447233,,0.009193103081441067,0.8718780238424163,East 36th Street,mid_block,185.18326460851716,40.74911587667626,-73.98216728683211
n00203,N_uptown,29.0,180.0,118.34919284447233,False,0.6834785023067699,0.7113285998907424,East 36th Street,mid_block,185.20541041438915,40.74902849754329,-73.98196012556434
n00203,E_east,119.0,180.0,118.34919284447233,True,0.8091699622017983,0.7428389484566744,East 36th Street,mid_block,185.20541041438915,40.74902849754329,-73.98196012556434
n00203,S_downtown,209.0,180.0,118.34919284447233,False,0.4559867817892316,0.8846228993552864,East 36th Street,mid_block,185.20541041438915,40.74902849754329,-73.98196012556434
n00203,W_west,299.0,180.0,118.34919284447233,True,0.33029532189420313,0.8585960051285585,East 36th Street,mid_block,185.20541041438915,40.74902849754329,-73.98196012556434
n00203,full360,,360.0,118.34919284447233,,0.5697326420480008,0.800930509216213,East 36th Street,mid_block,185.20541041438915,40.74902849754329,-73.98196012556434
n00204,N_uptown,29.0,180.0,118.35501289502372,False,1.1052271145581871,0.7840046542733167,East 36th Street,mid_block,185.22547396168721,40.74894110204065,-73.98175297651665
n00204,E_east,119.0,180.0,118.35501289502372,True,6.0977260492631356,0.8139076583875733,East 36th Street,mid_block,185.22547396168721,40.74894110204065,-73.98175297651665
n00204,S_downtown,209.0,180.0,118.35501289502372,False,4.992498934704949,0.931951645149702,East 36th Street,mid_block,185.22547396168721,40.74894110204065,-73.98175297651665
n00204,W_west,299.0,180.0,118.35501289502372,True,0.0,0.8958266818426388,East 36th Street,mid_block,185.22547396168721,40.74894110204065,-73.98175297651665
n00204,full360,,360.0,118.35501289502372,,3.0488630246315678,0.8577224767336376,East 36th Street,mid_block,185.22547396168721,40.74894110204065,-73.98175297651665
n00205,N_uptown,29.0,180.0,118.35764233045043,False,2.733901656318696,0.6927654908654802,East 36th Street,mid_block,185.24456505596459,40.74885369894122,-73.98154583328983
n00205,E_east,119.0,180.0,118.35764233045043,True,4.063838402389483,0.8267212974315523,East 36th Street,mid_block,185.24456505596459,40.74885369894122,-73.98154583328983
n00205,S_downtown,209.0,180.0,118.35764233045043,False,6.600739118940754,0.9184963544447851,East 36th Street,mid_block,185.24456505596459,40.74885369894122,-73.98154583328983
n00205,W_west,299.0,180.0,118.35764233045043,True,5.270802372869967,0.7814036618550925,East 36th Street,mid_block,185.24456505596459,40.74885369894122,-73.98154583328983
n00205,full360,,360.0,118.35764233045043,,4.667320387629726,0.8041901084350102,East 36th Street,mid_block,185.24456505596459,40.74885369894122,-73.98154583328983
n00206,N_uptown,29.0,180.0,118.35764233045043,False,4.317293559591192,0.7627232009160235,East 36th Street,mid_block,185.26359830066278,40.74876629547511,-73.98133869061084
n00206,E_east,119.0,180.0,118.35764233045043,True,2.3471597879696264,0.9020758758651122,East 36th Street,mid_block,185.26359830066278,40.74876629547511,-73.98133869061084
n00206,S_downtown,209.0,180.0,118.35764233045043,False,2.17448389812165,0.9306731886383307,East 36th Street,mid_block,185.26359830066278,40.74876629547511,-73.98133869061084
n00206,W_west,299.0,180.0,118.35764233045043,True,4.144617669743217,0.7990787510553908,East 36th Street,mid_block,185.26359830066278,40.74876629547511,-73.98133869061084
n00206,full360,,360.0,118.35764233045043,,3.245888728856422,0.8507993776046514,East 36th Street,mid_block,185.26359830066278,40.74876629547511,-73.98133869061084
n00207,N_uptown,29.0,180.0,118.35764232810254,False,6.533338560298066,0.7626499719867423,East 36th Street,mid_block,185.28257369874146,40.748678891642356,-73.98113154847971
n00207,E_east,119.0,180.0,118.35764232810254,True,4.734547932749432,0.9162365412460557,East 36th Street,mid_block,185.28257369874146,40.748678891642356,-73.98113154847971
n00207,S_downtown,209.0,180.0,118.35764232810254,False,2.804810770481848,0.9233227097822649,East 36th Street,mid_block,185.28257369874146,40.748678891642356,-73.98113154847971
n00207,W_west,299.0,180.0,118.35764232810254,True,4.603601398030482,0.7766034725936883,East 36th Street,mid_block,185.28257369874146,40.748678891642356,-73.98113154847971
n00207,full360,,360.0,118.35764232810254,,4.669074665389957,0.8484716471933456,East 36th Street,mid_block,185.28257369874146,40.748678891642356,-73.98113154847971
n00208,N_uptown,29.0,180.0,118.35764233045043,False,9.145709040760766,0.8971555572784834,East 36th Street,mid_block,185.3014912479279,40.74859148744293,-73.9809244068964
n00208,E_east,119.0,180.0,118.35764233045043,True,2.9560429988835093,0.9278638629100807,East 36th Street,mid_block,185.3014912479279,40.74859148744293,-73.9809244068964
n00208,S_downtown,209.0,180.0,118.35764233045043,False,0.4811896420537352,0.9034077974357488,East 36th Street,mid_block,185.3014912479279,40.74859148744293,-73.9809244068964
n00208,W_west,299.0,180.0,118.35764233045043,True,6.670855683930991,0.8705842622526632,East 36th Street,mid_block,185.3014912479279,40.74859148744293,-73.9809244068964
n00208,full360,,360.0,118.35764233045043,,4.8134493414072494,0.9002414670807865,East 36th Street,mid_block,185.3014912479279,40.74859148744293,-73.9809244068964
n00209,N_uptown,29.0,180.0,118.35764233029201,False,4.8584104549072915,0.9192388773455938,East 36th Street,mid_block,185.32035094970198,40.74850408287685,-73.98071726586095
n00209,E_east,119.0,180.0,118.35764233029201,True,4.5005346568935884,0.8250159456011333,East 36th Street,mid_block,185.32035094970198,40.74850408287685,-73.98071726586095
n00209,S_downtown,209.0,180.0,118.35764233029201,False,1.6573489173179614,0.8236016656153011,East 36th Street,mid_block,185.32035094970198,40.74850408287685,-73.98071726586095
n00209,W_west,299.0,180.0,118.35764233029201,True,2.015224715331664,0.9152294984570187,East 36th Street,mid_block,185.32035094970198,40.74850408287685,-73.98071726586095
n00209,full360,,360.0,118.35764233029201,,3.2578796861126262,0.8721958849244579,East 36th Street,mid_block,185.32035094970198,40.74850408287685,-73.98071726586095
n00210,N_uptown,29.0,180.0,118.36349292044592,False,5.8926520955017585,0.8489784615763322,East 36th Street,mid_block,185.33711777006698,40.7484166618983,-73.98051013720419
n00210,E_east,119.0,180.0,118.36349292044592,True,9.127956421195936,0.780494671782944,East 36th Street,mid_block,185.33711777006698,40.7484166618983,-73.98051013720419
n00210,S_downtown,209.0,180.0,118.36349292044592,False,5.075064528372521,0.7928631499540365,East 36th Street,mid_block,185.33711777006698,40.7484166618983,-73.98051013720419
n00210,W_west,299.0,180.0,118.36349292044592,True,1.8397602026783433,0.8552580907731757,East 36th Street,mid_block,185.33711777006698,40.7484166618983,-73.98051013720419
n00210,full360,,360.0,118.36349292044592,,5.48385831193714,0.8206282495155304,East 36th Street,mid_block,185.33711777006698,40.7484166618983,-73.98051013720419
n00211,N_uptown,29.0,180.0,118.3425886225505,False,3.477860492611853,0.7744379083033037,East 36th Street,mid_block,185.36109794720917,40.7483292979983,-73.98030296709133
n00211,E_east,119.0,180.0,118.3425886225505,True,1.6208917762793638,0.8281919939512371,East 36th Street,mid_block,185.36109794720917,40.7483292979983,-73.98030296709133
n00211,S_downtown,209.0,180.0,118.3425886225505,False,7.660950821249443,0.8312421191206494,East 36th Street,mid_block,185.36109794720917,40.7483292979983,-73.98030296709133
n00211,W_west,299.0,180.0,118.3425886225505,True,9.51791953758193,0.7708893689458826,East 36th Street,mid_block,185.36109794720917,40.7483292979983,-73.98030296709133
n00211,full360,,360.0,118.3425886225505,,5.569405656930648,0.8021858103098314,East 36th Street,mid_block,185.36109794720917,40.7483292979983,-73.98030296709133
n00212,N_uptown,29.0,180.0,118.36428867496316,False,4.85666706485504,0.9071552961621024,East 36th Street,mid_block,185.37747229355557,40.748241874060525,-73.98009584103632
n00212,E_east,119.0,180.0,118.36428867496316,True,1.7791311428424703,0.8986109891704458,East 36th Street,mid_block,185.37747229355557,40.748241874060525,-73.98009584103632
n00212,S_downtown,209.0,180.0,118.36428867496316,False,3.0565079210426283,0.8734904812288831,East 36th Street,mid_block,185.37747229355557,40.748241874060525,-73.98009584103632
n00212,W_west,299.0,180.0,118.36428867496316,True,6.134043843055198,0.8824904224093805,East 36th Street,mid_block,185.37747229355557,40.748241874060525,-73.98009584103632
n00212,full360,,360.0,118.36428867496316,,3.956587492948835,0.8910251786037123,East 36th Street,mid_block,185.37747229355557,40.748241874060525,-73.98009584103632
n00213,N_uptown,29.0,180.0,118.3551940600478,False,5.907131527399116,0.9336638708868289,East 36th Street,mid_block,185.39695219635044,40.748154474759346,-73.9798886972814
n00213,E_east,119.0,180.0,118.3551940600478,True,8.607395806392743,0.8922240911790786,East 36th Street,mid_block,185.39695219635044,40.748154474759346,-73.9798886972814
n00213,S_downtown,209.0,180.0,118.3551940600478,False,4.9706281601513425,0.8942033513147064,East 36th Street,mid_block,185.39695219635044,40.748154474759346,-73.9798886972814
n00213,W_west,299.0,180.0,118.3551940600478,True,2.270363881157718,0.9352990478908598,East 36th Street,mid_block,185.39695219635044,40.748154474759346,-73.9798886972814
n00213,full360,,360.0,118.3551940600478,,5.438879843775229,0.9145876286609296,East 36th Street,mid_block,185.39695219635044,40.748154474759346,-73.9798886972814
n00214,N_uptown,29.0,180.0,118.35519405988941,False,5.908378790126344,0.9123316088902587,East 36th Street,mid_block,185.4163742547439,40.74806707509152,-73.97968155407426
n00214,E_east,119.0,180.0,118.35519405988941,True,4.916416183065167,0.8894032430260722,East 36th Street,mid_block,185.4163742547439,40.74806707509152,-73.97968155407426
n00214,S_downtown,209.0,180.0,118.35519405988941,False,3.8028056709596103,0.9094187663682247,East 36th Street,mid_block,185.4163742547439,40.74806707509152,-73.97968155407426
n00214,W_west,299.0,180.0,118.35519405988941,True,4.794768278020787,0.9338177393184763,East 36th Street,mid_block,185.4163742547439,40.74806707509152,-73.97968155407426
n00214,full360,,360.0,118.35519405988941,,4.855592230542977,0.9108778876039579,East 36th Street,mid_block,185.4163742547439,40.74806707509152,-73.97968155407426
n00215,N_uptown,29.0,180.0,118.35519406239574,False,6.6077064625857105,0.9400759943493953,East 36th Street,mid_block,185.43573846435115,40.747979675057024,-73.97947441141497
n00215,E_east,119.0,180.0,118.35519406239574,True,3.165971756180687,0.863747645142966,East 36th Street,mid_block,185.43573846435115,40.747979675057024,-73.97947441141497
n00215,S_downtown,209.0,180.0,118.35519406239574,False,2.1564706656894956,0.8534479087391388,East 36th Street,mid_block,185.43573846435115,40.747979675057024,-73.97947441141497
n00215,W_west,299.0,180.0,118.35519406239574,True,5.598205372094519,0.9425243035748765,East 36th Street,mid_block,185.43573846435115,40.747979675057024,-73.97947441141497
n00215,full360,,360.0,118.35519406239574,,4.382088564137603,0.9024735486966128,East 36th Street,mid_block,185.43573846435115,40.747979675057024,-73.97947441141497
n00216,N_uptown,29.0,180.0,118.35522181603224,False,6.098289777225677,0.9453429024888171,East 36th Street,mid_block,185.45503517587915,40.74789227457958,-73.97926726935914
n00216,E_east,119.0,180.0,118.35522181603224,True,6.789540524150651,0.8593226022168613,East 36th Street,mid_block,185.45503517587915,40.74789227457958,-73.97926726935914
n00216,S_downtown,209.0,180.0,118.35522181603224,False,5.455824539848127,0.8314957675085485,East 36th Street,mid_block,185.45503517587915,40.74789227457958,-73.97926726935914
n00216,W_west,299.0,180.0,118.35522181603224,True,4.764573792923155,0.9223313542521822,East 36th Street,mid_block,185.45503517587915,40.74789227457958,-73.97926726935914
n00216,full360,,360.0,118.35522181603224,,5.777057158536902,0.8911064355930929,East 36th Street,mid_block,185.45503517587915,40.74789227457958,-73.97926726935914
n00217,N_uptown,29.0,180.0,118.3553094378149,False,3.869268672010583,0.9335681963995015,East 36th Street,mid_block,185.47424356321085,40.747804873494566,-73.9790601280269
n00217,E_east,119.0,180.0,118.3553094378149,True,3.7449522948823866,0.885926726929501,East 36th Street,mid_block,185.47424356321085,40.747804873494566,-73.9790601280269
n00217,S_downtown,209.0,180.0,118.3553094378149,False,9.471114265067637,0.8609497286988971,East 36th Street,mid_block,185.47424356321085,40.747804873494566,-73.9790601280269
n00217,W_west,299.0,180.0,118.3553094378149,True,9.595430642195835,0.9167370766596872,East 36th Street,mid_block,185.47424356321085,40.747804873494566,-73.9790601280269
n00217,full360,,360.0,118.3553094378149,,6.670191468539111,0.9003886125064574,East 36th Street,mid_block,185.47424356321085,40.747804873494566,-73.9790601280269
n00219,N_uptown,29.0,180.0,118.34880369274745,False,6.836294649335713,0.7886081461142669,East 36th Street,mid_block,185.51629357656228,40.747630100351465,-73.97864582513785
n00219,E_east,119.0,180.0,118.34880369274745,True,5.487362646730806,0.9406304412684103,East 36th Street,mid_block,185.51629357656228,40.747630100351465,-73.97864582513785
n00219,S_downtown,209.0,180.0,118.34880369274745,False,2.053673712700804,0.8101494692746577,East 36th Street,mid_block,185.51629357656228,40.747630100351465,-73.97864582513785
n00219,W_west,299.0,180.0,118.34880369274745,True,3.402605715305709,0.6560956077709093,East 36th Street,mid_block,185.51629357656228,40.747630100351465,-73.97864582513785
n00219,full360,,360.0,118.34880369274745,,4.444984181018258,0.8000560907889669,East 36th Street,mid_block,185.51629357656228,40.747630100351465,-73.97864582513785
n00220,N_uptown,29.0,180.0,118.3451501069953,False,4.960464237830557,0.8743297058154074,East 36th Street,mid_block,185.5388621657624,40.747542726100896,-73.97843866507462
n00220,E_east,119.0,180.0,118.3451501069953,True,4.798927914491352,0.8972971863350071,East 36th Street,mid_block,185.5388621657624,40.747542726100896,-73.97843866507462
n00220,S_downtown,209.0,180.0,118.3451501069953,False,2.0585799056151775,0.8794976865292969,East 36th Street,mid_block,185.5388621657624,40.747542726100896,-73.97843866507462
n00220,W_west,299.0,180.0,118.3451501069953,True,2.2201162289543817,0.8552614499168548,East 36th Street,mid_block,185.5388621657624,40.747542726100896,-73.97843866507462
n00220,full360,,360.0,118.3451501069953,,3.5095220717228677,0.8768166323698164,East 36th Street,mid_block,185.5388621657624,40.747542726100896,-73.97843866507462
n00221,N_uptown,29.0,180.0,118.34515010950182,False,3.135816624555371,0.9081719666857551,East 36th Street,mid_block,185.56137290728367,40.747455351483616,-73.97823150555911
n00221,E_east,119.0,180.0,118.34515010950182,True,1.781749560957091,0.9035175211791088,East 36th Street,mid_block,185.56137290728367,40.747455351483616,-73.97823150555911
n00221,S_downtown,209.0,180.0,118.34515010950182,False,3.9670170527256854,0.9029249110281135,East 36th Street,mid_block,185.56137290728367,40.747455351483616,-73.97823150555911
n00221,W_west,299.0,180.0,118.34515010950182,True,5.321084116323964,0.9084901097379059,East 36th Street,mid_block,185.56137290728367,40.747455351483616,-73.97823150555911
n00221,full360,,360.0,118.34515010950182,,3.5514168386405274,0.9057895783377657,East 36th Street,mid_block,185.56137290728367,40.747455351483616,-73.97823150555911
n00222,N_uptown,29.0,180.0,118.3451501069953,False,5.014758382164832,0.8934206998276404,East 36th Street,mid_block,185.5838258030811,40.74736797649964,-73.9780243465913
n00222,E_east,119.0,180.0,118.3451501069953,True,6.295691577445474,0.7829505864467973,East 36th Street,mid_block,185.5838258030811,40.74736797649964,-73.9780243465913
n00222,S_downtown,209.0,180.0,118.3451501069953,False,3.493752815645137,0.8066741909862133,East 36th Street,mid_block,185.5838258030811,40.74736797649964,-73.9780243465913
n00222,W_west,299.0,180.0,118.3451501069953,True,2.2128196203644945,0.9179393974099006,East 36th Street,mid_block,185.5838258030811,40.74736797649964,-73.9780243465913
n00222,full360,,360.0,118.3451501069953,,4.254255598904984,0.8515108765237794,East 36th Street,mid_block,185.5838258030811,40.74736797649964,-73.9780243465913
n00223,N_uptown,29.0,180.0,118.34515010950182,False,0.9072605178041083,0.9269816290727405,East 36th Street,mid_block,185.60622085304874,40.74728060114896,-73.97781718817117
n00223,E_east,119.0,180.0,118.34515010950182,True,1.779055450917603,0.880017188217279,East 36th Street,mid_block,185.60622085304874,40.74728060114896,-73.97781718817117
n00223,S_downtown,209.0,180.0,118.34515010950182,False,2.7660489867249844,0.8136547008093548,East 36th Street,mid_block,185.60622085304874,40.74728060114896,-73.97781718817117
n00223,W_west,299.0,180.0,118.34515010950182,True,1.8942540536114894,0.8653078763067598,East 36th Street,mid_block,185.60622085304874,40.74728060114896,-73.97781718817117
n00223,full360,,360.0,118.34515010950182,,1.8366547522645462,0.87285966006574,East 36th Street,mid_block,185.60622085304874,40.74728060114896,-73.97781718817117
n00224,N_uptown,29.0,180.0,118.33968708200213,False,0.13548843429465166,0.9539623035269121,East 36th Street,mid_block,185.6304582667356,40.74719324045393,-73.97761001934533
n00224,E_east,119.0,180.0,118.33968708200213,True,6.05160082489066,0.9301597536192937,East 36th Street,mid_block,185.6304582667356,40.74719324045393,-73.97761001934533
n00224,S_downtown,209.0,180.0,118.33968708200213,False,7.085147275592951,0.8118037640001223,East 36th Street,mid_block,185.6304582667356,40.74719324045393,-73.97761001934533
n00224,W_west,299.0,180.0,118.33968708200213,True,1.1690348849969434,0.8562326103843136,East 36th Street,mid_block,185.6304582667356,40.74719324045393,-73.97761001934533
n00224,full360,,360.0,118.33968708200213,,3.6103178549438018,0.8933464984207247,East 36th Street,mid_block,185.6304582667356,40.74719324045393,-73.97761001934533
n00225,N_uptown,29.0,180.0,118.33965556736159,False,0.027621775625657232,0.9296554225844351,East 36th Street,mid_block,185.654648796897,40.747105879478845,-73.97740285100394
n00225,E_east,119.0,180.0,118.33965556736159,True,0.02762177562565724,0.8498552147324818,East 36th Street,mid_block,185.654648796897,40.747105879478845,-73.97740285100394
n00225,S_downtown,209.0,180.0,118.33965556736159,False,2.7410090310236224,0.788026638649247,East 36th Street,mid_block,185.654648796897,40.747105879478845,-73.97740285100394
n00225,W_west,299.0,180.0,118.33965556736159,True,2.7410090310236224,0.8843931919828286,East 36th Street,mid_block,185.654648796897,40.747105879478845,-73.97740285100394
n00225,full360,,360.0,118.33965556736159,,1.3843154033246399,0.8666585965991105,East 36th Street,mid_block,185.654648796897,40.747105879478845,-73.97740285100394
n00226,N_uptown,29.0,180.0,121.43094331625062,False,0.3503636095450246,0.583028132813757,East 36th Street,mid_block,184.36566924057394,40.74597086107472,-73.97475047468626
n00226,E_east,119.0,180.0,121.43094331625062,True,4.804580342591015,0.49677513225620873,East 36th Street,mid_block,184.36566924057394,40.74597086107472,-73.97475047468626
n00226,S_downtown,209.0,180.0,121.43094331625062,False,5.545542302224812,0.44945814644444887,East 36th Street,mid_block,184.36566924057394,40.74597086107472,-73.97475047468626
n00226,W_west,299.0,180.0,121.43094331625062,True,1.091325569178821,0.538861320964695,East 36th Street,mid_block,184.36566924057394,40.74597086107472,-73.97475047468626
n00226,full360,,360.0,121.43094331625062,,2.947952955884918,0.5179329388918967,East 36th Street,mid_block,184.36566924057394,40.74597086107472,-73.97475047468626
n00227,N_uptown,29.0,180.0,121.4309433162506,False,0.30398708696668003,0.5788143143848858,East 36th Street,mid_block,183.31658434162745,40.74587533314558,-73.97455024491457
n00227,E_east,119.0,180.0,121.4309433162506,True,3.3298284410652337,0.5183814862566792,East 36th Street,mid_block,183.31658434162745,40.74587533314558,-73.97455024491457
n00227,S_downtown,209.0,180.0,121.4309433162506,False,5.702665523130871,0.4153347531103418,East 36th Street,mid_block,183.31658434162745,40.74587533314558,-73.97455024491457
n00227,W_west,299.0,180.0,121.4309433162506,True,2.676824169032315,0.4850840915817159,East 36th Street,mid_block,183.31658434162745,40.74587533314558,-73.97455024491457
n00227,full360,,360.0,121.4309433162506,,3.003326305048775,0.5019909146851491,East 36th Street,mid_block,183.31658434162745,40.74587533314558,-73.97455024491457
n00228,N_uptown,29.0,180.0,117.20101279994631,False,0.7753318465081711,0.5613273055686613,East 36th Street,mid_block,183.7359126231231,40.74579112030298,-73.97434085638068
n00228,E_east,119.0,180.0,117.20101279994631,True,2.87559373477445,0.5140130384470109,East 36th Street,mid_block,183.7359126231231,40.74579112030298,-73.97434085638068
n00228,S_downtown,209.0,180.0,117.20101279994631,False,6.196970228596031,0.3950265759565237,East 36th Street,mid_block,183.7359126231231,40.74579112030298,-73.97434085638068
n00228,W_west,299.0,180.0,117.20101279994631,True,4.0967083403297515,0.4525670467179921,East 36th Street,mid_block,183.7359126231231,40.74579112030298,-73.97434085638068
n00228,full360,,360.0,117.20101279994631,,3.4861510375521014,0.484415712161689,East 36th Street,mid_block,183.7359126231231,40.74579112030298,-73.97434085638068
n00229,N_uptown,29.0,180.0,115.72620968596715,False,1.7139400110450311,0.533184994455337,East 36th Street,mid_block,184.66787686808522,40.745711028774586,-73.97412867507344
n00229,E_east,119.0,180.0,115.72620968596715,True,10.028360221828665,0.5255545150146618,East 36th Street,mid_block,184.66787686808522,40.745711028774586,-73.97412867507344
n00229,S_downtown,209.0,180.0,115.72620968596715,False,11.71459446587034,0.4549593215519531,East 36th Street,mid_block,184.66787686808522,40.745711028774586,-73.97412867507344
n00229,W_west,299.0,180.0,115.72620968596715,True,3.4001742550867036,0.471696032530325,East 36th Street,mid_block,184.66787686808522,40.745711028774586,-73.97412867507344
n00229,full360,,360.0,115.72620968596715,,6.714267238457686,0.4972481823140653,East 36th Street,mid_block,184.66787686808522,40.745711028774586,-73.97412867507344
n00230,N_uptown,29.0,180.0,117.66381821847855,False,4.613129298718255,0.5209025442631955,East 36th Street,mid_block,184.92614937541532,40.745625530399884,-73.97392018586727
n00230,E_east,119.0,180.0,117.66381821847855,True,6.966308441890839,0.5144339272148409,East 36th Street,mid_block,184.92614937541532,40.745625530399884,-73.97392018586727
n00230,S_downtown,209.0,180.0,117.66381821847855,False,7.650833231305665,0.39289727233056926,East 36th Street,mid_block,184.92614937541532,40.745625530399884,-73.97392018586727
n00230,W_west,299.0,180.0,117.66381821847855,True,5.297654088133079,0.4065924359947575,East 36th Street,mid_block,184.92614937541532,40.745625530399884,-73.97392018586727
n00230,full360,,360.0,117.66381821847855,,6.13198126501196,0.4592346525127732,East 36th Street,mid_block,184.92614937541532,40.745625530399884,-73.97392018586727
n00231,N_uptown,29.0,180.0,117.82916352189551,False,3.32272011418073,0.520494682667637,East 36th Street,mid_block,185.12686878585984,40.745539570108,-73.97371201204344
n00231,E_east,119.0,180.0,117.82916352189551,True,5.267106368632473,0.5095491246454198,East 36th Street,mid_block,185.12686878585984,40.745539570108,-73.97371201204344
n00231,S_downtown,209.0,180.0,117.82916352189551,False,6.695789508065627,0.4226264938546911,East 36th Street,mid_block,185.12686878585984,40.745539570108,-73.97371201204344
n00231,W_west,299.0,180.0,117.82916352189551,True,4.751403253613885,0.43773384028077167,East 36th Street,mid_block,185.12686878585984,40.745539570108,-73.97371201204344
n00231,full360,,360.0,117.82916352189551,,5.009254811123179,0.47317262551628725,East 36th Street,mid_block,185.12686878585984,40.745539570108,-73.97371201204344
n00232,N_uptown,29.0,180.0,117.82916352189551,False,2.595405852652254,0.5472149449220446,East 36th Street,mid_block,185.32753024442087,40.74545360944577,-73.97350383876126
n00232,E_east,119.0,180.0,117.82916352189551,True,4.199676246734446,0.518562956798028,East 36th Street,mid_block,185.32753024442087,40.74545360944577,-73.97350383876126
n00232,S_downtown,209.0,180.0,117.82916352189551,False,5.503420056091262,0.40268819344017476,East 36th Street,mid_block,185.32753024442087,40.74545360944577,-73.97350383876126
n00232,W_west,299.0,180.0,117.82916352189551,True,3.8991496620090706,0.43642299605704604,East 36th Street,mid_block,185.32753024442087,40.74545360944577,-73.97350383876126
n00232,full360,,360.0,117.82916352189551,,4.049412954371758,0.47742076819672324,East 36th Street,mid_block,185.32753024442087,40.74545360944577,-73.97350383876126
n00233,N_uptown,29.0,180.0,117.82916352189551,False,2.744435388994075,0.5920298446824961,East 36th Street,mid_block,185.52813374914348,40.74536764841317,-73.97329566602076
n00233,E_east,119.0,180.0,117.82916352189551,True,5.926783397448344,0.5495317107152824,East 36th Street,mid_block,185.52813374914348,40.74536764841317,-73.97329566602076
n00233,S_downtown,209.0,180.0,117.82916352189551,False,7.424960487481474,0.44431172641990757,East 36th Street,mid_block,185.52813374914348,40.74536764841317,-73.97329566602076
n00233,W_west,299.0,180.0,117.82916352189551,True,4.242612479027205,0.4920135401127654,East 36th Street,mid_block,185.52813374914348,40.74536764841317,-73.97329566602076
n00233,full360,,360.0,117.82916352189551,,5.084697938237775,0.5204228850293615,East 36th Street,mid_block,185.52813374914348,40.74536764841317,-73.97329566602076
n00234,N_uptown,29.0,180.0,117.82916352189551,False,2.7981101377313102,0.6360181898937838,East 36th Street,mid_block,185.72867930346243,40.74528168701025,-73.97308749382194
n00234,E_east,119.0,180.0,117.82916352189551,True,9.827498283575267,0.6486791382474236,East 36th Street,mid_block,185.72867930346243,40.74528168701025,-73.97308749382194
n00234,S_downtown,209.0,180.0,117.82916352189551,False,9.763440134742178,0.46062998127786764,East 36th Street,mid_block,185.72867930346243,40.74528168701025,-73.97308749382194
n00234,W_west,299.0,180.0,117.82916352189551,True,2.7340519888982215,0.470414961628367,East 36th Street,mid_block,185.72867930346243,40.74528168701025,-73.97308749382194
n00234,full360,,360.0,117.82916352189551,,6.280775136236744,0.5531666561483736,East 36th Street,mid_block,185.72867930346243,40.74528168701025,-73.97308749382194
n00235,N_uptown,29.0,180.0,117.82916352189551,False,5.970565505204034,0.6300850624445772,East 36th Street,mid_block,185.92916690473592,40.745195725236975,-73.9728793221648
n00235,E_east,119.0,180.0,117.82916352189551,True,3.942024907438772,0.6479439266512279,East 36th Street,mid_block,185.92916690473592,40.745195725236975,-73.9728793221648
n00235,S_downtown,209.0,180.0,117.82916352189551,False,7.560733920275579,0.463824967932971,East 36th Street,mid_block,185.92916690473592,40.745195725236975,-73.9728793221648
n00235,W_west,299.0,180.0,117.82916352189551,True,9.589274518040842,0.4237284666782415,East 36th Street,mid_block,185.92916690473592,40.745195725236975,-73.9728793221648
n00235,full360,,360.0,117.82916352189551,,6.765649712739807,0.5454500901472775,East 36th Street,mid_block,185.92916690473592,40.745195725236975,-73.9728793221648
n00236,N_uptown,29.0,180.0,117.83631869141558,False,5.766249268149836,0.6674523945375611,East 36th Street,mid_block,186.12710790208757,40.74510974332441,-73.97267116517106
n00236,E_east,119.0,180.0,117.83631869141558,True,2.033065477726206,0.7307274039959482,East 36th Street,mid_block,186.12710790208757,40.74510974332441,-73.97267116517106
n00236,S_downtown,209.0,180.0,117.83631869141558,False,6.754813107707382,0.5382131930292484,East 36th Street,mid_block,186.12710790208757,40.74510974332441,-73.97267116517106
n00236,W_west,299.0,180.0,117.83631869141558,True,10.48799689813101,0.43417181426805146,East 36th Street,mid_block,186.12710790208757,40.74510974332441,-73.97267116517106
n00236,full360,,360.0,117.83631869141558,,6.260531187928608,0.601418550891445,East 36th Street,mid_block,186.12710790208757,40.74510974332441,-73.97267116517106
n00237,N_uptown,29.0,180.0,117.82018102832694,False,9.176668170673636,0.6493675488348815,East 36th Street,mid_block,186.3306037680657,40.74502380565009,-73.97246297692227
n00237,E_east,119.0,180.0,117.82018102832694,True,7.974855702162342,0.8042625543122128,East 36th Street,mid_block,186.3306037680657,40.74502380565009,-73.97246297692227
n00237,S_downtown,209.0,180.0,117.82018102832694,False,5.404195831378226,0.5659711568275219,East 36th Street,mid_block,186.3306037680657,40.74502380565009,-73.97246297692227
n00237,W_west,299.0,180.0,117.82018102832694,True,6.6060082998895195,0.3993165688699172,East 36th Street,mid_block,186.3306037680657,40.74502380565009,-73.97246297692227
n00237,full360,,360.0,117.82018102832694,,7.290432001025931,0.6055520952159459,East 36th Street,mid_block,186.3306037680657,40.74502380565009,-73.97246297692227
n00239,N_uptown,29.0,180.0,118.40494179960791,False,7.5120597812640435,0.7466296903138695,East 37th Street,mid_block,264.42497603150423,40.745708174146,-73.97217120706722
n00239,E_east,119.0,180.0,118.40494179960791,True,4.882203260837821,0.7641161930466331,East 37th Street,mid_block,264.42497603150423,40.745708174146,-73.97217120706722
n00239,S_downtown,209.0,180.0,118.40494179960791,False,5.239293257854061,0.4281106056985184,East 37th Street,mid_block,264.42497603150423,40.745708174146,-73.97217120706722
n00239,W_west,299.0,180.0,118.40494179960791,True,7.869149778280285,0.3765431537795787,East 37th Street,mid_block,264.42497603150423,40.745708174146,-73.97217120706722
n00239,full360,,360.0,118.40494179960791,,6.375676519559054,0.5868550114619888,East 37th Street,mid_block,264.42497603150423,40.745708174146,-73.97217120706722
n00242,N_uptown,29.0,180.0,118.24825698755922,False,0.0,,East 37th Street,mid_block,264.1388667159522,40.745968562527935,-73.97279392787337
n00242,E_east,119.0,180.0,118.24825698755922,True,0.0,,East 37th Street,mid_block,264.1388667159522,40.745968562527935,-73.97279392787337
n00242,S_downtown,209.0,180.0,118.24825698755922,False,0.0,,East 37th Street,mid_block,264.1388667159522,40.745968562527935,-73.97279392787337
n00242,W_west,299.0,180.0,118.24825698755922,True,0.0,,East 37th Street,mid_block,264.1388667159522,40.745968562527935,-73.97279392787337
n00242,full360,,360.0,118.24825698755922,,0.0,,East 37th Street,mid_block,264.1388667159522,40.745968562527935,-73.97279392787337
n00247,N_uptown,29.0,180.0,118.23167081519586,False,10.236752422085303,0.9339441657906394,East 37th Street,mid_block,263.5444787637879,40.746401612230564,-73.97383246936485
n00247,E_east,119.0,180.0,118.23167081519586,True,10.91594303966444,0.5818780320965603,East 37th Street,mid_block,263.5444787637879,40.746401612230564,-73.97383246936485
n00247,S_downtown,209.0,180.0,118.23167081519586,False,3.5477470816008743,0.22245056592059795,East 37th Street,mid_block,263.5444787637879,40.746401612230564,-73.97383246936485
n00247,W_west,299.0,180.0,118.23167081519586,True,2.868556464021739,0.5970177754392864,East 37th Street,mid_block,263.5444787637879,40.746401612230564,-73.97383246936485
n00247,full360,,360.0,118.23167081519586,,6.892249751843088,0.5899935260670076,East 37th Street,mid_block,263.5444787637879,40.746401612230564,-73.97383246936485
n00248,N_uptown,29.0,180.0,118.46265898021763,False,13.52831372499797,0.9472009223501584,East 37th Street,mid_block,263.56397036499317,40.74648931758069,-73.97403938363915
n00248,E_east,119.0,180.0,118.46265898021763,True,4.74575019974677,0.5968423084183301,East 37th Street,mid_block,263.56397036499317,40.74648931758069,-73.97403938363915
n00248,S_downtown,209.0,180.0,118.46265898021763,False,1.4289760540347742,0.218751493183991,East 37th Street,mid_block,263.56397036499317,40.74648931758069,-73.97403938363915
n00248,W_west,299.0,180.0,118.46265898021763,True,10.211539579285972,0.5552668631758366,East 37th Street,mid_block,263.56397036499317,40.74648931758069,-73.97403938363915
n00248,full360,,360.0,118.46265898021763,,7.478644889516373,0.5775797719505354,East 37th Street,mid_block,263.56397036499317,40.74648931758069,-73.97403938363915
n00249,N_uptown,29.0,180.0,118.44902212628118,False,11.380886863965479,0.9507057229991271,East 37th Street,mid_block,263.57866084400797,40.746576985107,-73.97424632590096
n00249,E_east,119.0,180.0,118.44902212628118,True,7.68397508318336,0.5989922988296258,East 37th Street,mid_block,263.57866084400797,40.746576985107,-73.97424632590096
n00249,S_downtown,209.0,180.0,118.44902212628118,False,1.314017626471362,0.24468960412197516,East 37th Street,mid_block,263.57866084400797,40.746576985107,-73.97424632590096
n00249,W_west,299.0,180.0,118.44902212628118,True,5.0109294072534825,0.606319217185526,East 37th Street,mid_block,263.57866084400797,40.746576985107,-73.97424632590096
n00249,full360,,360.0,118.44902212628118,,6.347452245218421,0.60268522083918,East 37th Street,mid_block,263.57866084400797,40.746576985107,-73.97424632590096
n00250,N_uptown,29.0,180.0,118.98472762361898,False,11.697500131773035,0.8792891466575732,East 37th Street,mid_block,263.9805224423735,40.74675525063809,-73.97465802971305
n00250,E_east,119.0,180.0,118.98472762361898,True,9.652842276483959,0.4570410998825449,East 37th Street,mid_block,263.9805224423735,40.74675525063809,-73.97465802971305
n00250,S_downtown,209.0,180.0,118.98472762361898,False,3.040010690572094,0.29141955450177776,East 37th Street,mid_block,263.9805224423735,40.74675525063809,-73.97465802971305
n00250,W_west,299.0,180.0,118.98472762361898,True,5.08466854586117,0.6761569652993445,East 37th Street,mid_block,263.9805224423735,40.74675525063809,-73.97465802971305
n00250,full360,,360.0,118.98472762361898,,7.368755411172565,0.5755025605748335,East 37th Street,mid_block,263.9805224423735,40.74675525063809,-73.97465802971305
n00251,N_uptown,29.0,180.0,118.6862204377554,False,6.710942270819803,0.9642807954853816,East 37th Street,mid_block,264.07754406671256,40.7468435678862,-73.9748644946543
n00251,E_east,119.0,180.0,118.6862204377554,True,3.7541198438738115,0.5934837399877573,East 37th Street,mid_block,264.07754406671256,40.7468435678862,-73.9748644946543
n00251,S_downtown,209.0,180.0,118.6862204377554,False,6.223041666538285,0.3401323022097057,East 37th Street,mid_block,264.07754406671256,40.7468435678862,-73.9748644946543
n00251,W_west,299.0,180.0,118.6862204377554,True,9.179864093484277,0.740965454852726,East 37th Street,mid_block,264.07754406671256,40.7468435678862,-73.9748644946543
n00251,full360,,360.0,118.6862204377554,,6.466991968679044,0.6666714363353402,East 37th Street,mid_block,264.07754406671256,40.7468435678862,-73.9748644946543
n00252,N_uptown,29.0,180.0,118.68622043557492,False,4.864319171125179,0.9367714769975094,East 37th Street,mid_block,264.17450792894,40.74693188477015,-73.97507096014718
n00252,E_east,119.0,180.0,118.68622043557492,True,8.783252792348803,0.5855345336997652,East 37th Street,mid_block,264.17450792894,40.74693188477015,-73.97507096014718
n00252,S_downtown,209.0,180.0,118.68622043557492,False,7.300232092531514,0.3697627371736358,East 37th Street,mid_block,264.17450792894,40.74693188477015,-73.97507096014718
n00252,W_west,299.0,180.0,118.68622043557492,True,3.381298471307891,0.7775835895859359,East 37th Street,mid_block,264.17450792894,40.74693188477015,-73.97507096014718
n00252,full360,,360.0,118.68622043557492,,6.082275631828347,0.6846361928419864,East 37th Street,mid_block,264.17450792894,40.74693188477015,-73.97507096014718
n00253,N_uptown,29.0,180.0,118.6862204377554,False,0.7469421986372461,0.9207157610040954,East 37th Street,mid_block,264.27141402942505,40.747020201289914,-73.97527742619165
n00253,E_east,119.0,180.0,118.6862204377554,True,3.8161344137574917,0.6142742167805612,East 37th Street,mid_block,264.27141402942505,40.747020201289914,-73.97527742619165
n00253,S_downtown,209.0,180.0,118.6862204377554,False,3.350338822599746,0.4632714325428874,East 37th Street,mid_block,264.27141402942505,40.747020201289914,-73.97527742619165
n00253,W_west,299.0,180.0,118.6862204377554,True,0.2811466074795004,0.7796997122045977,East 37th Street,mid_block,264.27141402942505,40.747020201289914,-73.97527742619165
n00253,full360,,360.0,118.6862204377554,,2.0486405106184957,0.6968653303589616,East 37th Street,mid_block,264.27141402942505,40.747020201289914,-73.97527742619165
n00254,N_uptown,29.0,180.0,120.9030389062446,False,0.0934245287004652,0.9523710005075485,East 37th Street,mid_block,265.13802489230113,40.747114411953575,-73.97547900410615
n00254,E_east,119.0,180.0,120.9030389062446,True,1.059543959895355,0.7505316546401407,East 37th Street,mid_block,265.13802489230113,40.747114411953575,-73.97547900410615
n00254,S_downtown,209.0,180.0,120.9030389062446,False,0.9661194311948899,0.554899821952681,East 37th Street,mid_block,265.13802489230113,40.747114411953575,-73.97547900410615
n00254,W_west,299.0,180.0,120.9030389062446,True,0.0,0.8170862837467046,East 37th Street,mid_block,265.13802489230113,40.747114411953575,-73.97547900410615
n00254,full360,,360.0,120.9030389062446,,0.5297719799476776,0.7838512475279293,East 37th Street,mid_block,265.13802489230113,40.747114411953575,-73.97547900410615
n00255,N_uptown,29.0,180.0,127.47395627257737,False,0.3669438130197902,0.9642288989823796,East 37th Street,mid_block,268.27809365466845,40.74722567216756,-73.97566529319056
n00255,E_east,119.0,180.0,127.47395627257737,True,0.40712290884091873,0.8209412137391187,East 37th Street,mid_block,268.27809365466845,40.74722567216756,-73.97566529319056
n00255,S_downtown,209.0,180.0,127.47395627257737,False,0.7791002950276551,0.6353367693536894,East 37th Street,mid_block,268.27809365466845,40.74722567216756,-73.97566529319056
n00255,W_west,299.0,180.0,127.47395627257737,True,0.7389211992065265,0.8187772342251185,East 37th Street,mid_block,268.27809365466845,40.74722567216756,-73.97566529319056
n00255,full360,,360.0,127.47395627257737,,0.5730220540237226,0.8199217325685682,East 37th Street,mid_block,268.27809365466845,40.74722567216756,-73.97566529319056
n00256,N_uptown,29.0,180.0,119.08484051042831,False,0.03814606539403201,0.9571880912800537,East 37th Street,mid_block,268.51338741323764,40.74731504427755,-73.97587087060116
n00256,E_east,119.0,180.0,119.08484051042831,True,0.649522948386186,0.7938397156849727,East 37th Street,mid_block,268.51338741323764,40.74731504427755,-73.97587087060116
n00256,S_downtown,209.0,180.0,119.08484051042831,False,1.1583885219381473,0.6452251118861752,East 37th Street,mid_block,268.51338741323764,40.74731504427755,-73.97587087060116
n00256,W_west,299.0,180.0,119.08484051042831,True,0.5470116389459936,0.8450329667129596,East 37th Street,mid_block,268.51338741323764,40.74731504427755,-73.97587087060116
n00256,full360,,360.0,119.08484051042831,,0.5982672936660897,0.8178740106803378,East 37th Street,mid_block,268.51338741323764,40.74731504427755,-73.97587087060116
n00257,N_uptown,29.0,180.0,113.3105283136796,False,0.6785184837545245,0.9165702006979949,East 37th Street,mid_block,266.7520547274647,40.74738786778905,-73.97608615060058
n00257,E_east,119.0,180.0,113.3105283136796,True,0.6784031182441258,0.9265063373822889,East 37th Street,mid_block,266.7520547274647,40.74738786778905,-73.97608615060058
n00257,S_downtown,209.0,180.0,113.3105283136796,False,0.0,0.9511238886824288,East 37th Street,mid_block,266.7520547274647,40.74738786778905,-73.97608615060058
n00257,W_west,299.0,180.0,113.3105283136796,True,0.00011536551039868399,0.9460639863928884,East 37th Street,mid_block,266.7520547274647,40.74738786778905,-73.97608615060058
n00257,full360,,360.0,113.3105283136796,,0.33925924187726225,0.9361082257321357,East 37th Street,mid_block,266.7520547274647,40.74738786778905,-73.97608615060058
n00260,N_uptown,29.0,180.0,118.2501645381439,False,3.7154368105134035,0.7802188602108904,East 37th Street,mid_block,263.7096030861244,40.74771275394847,-73.9769288002764
n00260,E_east,119.0,180.0,118.2501645381439,True,0.28883816533940504,0.7663473688361137,East 37th Street,mid_block,263.7096030861244,40.74771275394847,-73.9769288002764
n00260,S_downtown,209.0,180.0,118.2501645381439,False,0.23750935056221492,0.8799900390480206,East 37th Street,mid_block,263.7096030861244,40.74771275394847,-73.9769288002764
n00260,W_west,299.0,180.0,118.2501645381439,True,3.6641079957362126,0.8840982873450999,East 37th Street,mid_block,263.7096030861244,40.74771275394847,-73.9769288002764
n00260,full360,,360.0,118.2501645381439,,1.9764730805378095,0.8275356166601939,East 37th Street,mid_block,263.7096030861244,40.74771275394847,-73.9769288002764
n00261,N_uptown,29.0,180.0,118.67394158175281,False,3.1872834700230044,0.746882197593304,East 37th Street,mid_block,263.8017201915849,40.74780103353725,-73.977135296123
n00261,E_east,119.0,180.0,118.67394158175281,True,2.1568883074216174,0.8442743707534509,East 37th Street,mid_block,263.8017201915849,40.74780103353725,-73.977135296123
n00261,S_downtown,209.0,180.0,118.67394158175281,False,1.1878839560114278,0.9495203126943501,East 37th Street,mid_block,263.8017201915849,40.74780103353725,-73.977135296123
n00261,W_west,299.0,180.0,118.67394158175281,True,2.2182791186128155,0.8821510720387937,East 37th Street,mid_block,263.8017201915849,40.74780103353725,-73.977135296123
n00261,full360,,360.0,118.67394158175281,,2.187583713017216,0.8626667705532711,East 37th Street,mid_block,263.8017201915849,40.74780103353725,-73.977135296123
n00262,N_uptown,29.0,180.0,118.66998985031253,False,2.0690433541599456,0.8714107052620911,East 37th Street,mid_block,263.8924050024864,40.74788930192982,-73.97734180052605
n00262,E_east,119.0,180.0,118.66998985031253,True,1.9030508652135336,0.8722663131347356,East 37th Street,mid_block,263.8924050024864,40.74788930192982,-73.97734180052605
n00262,S_downtown,209.0,180.0,118.66998985031253,False,6.751238503100302,0.9376490916180557,East 37th Street,mid_block,263.8924050024864,40.74788930192982,-73.97734180052605
n00262,W_west,299.0,180.0,118.66998985031253,True,6.917230992046713,0.9397633791719937,East 37th Street,mid_block,263.8924050024864,40.74788930192982,-73.97734180052605
n00262,full360,,360.0,118.66998985031253,,4.410140928630124,0.9043687735124737,East 37th Street,mid_block,263.8924050024864,40.74788930192982,-73.97734180052605
n00263,N_uptown,29.0,180.0,118.66624275018893,False,4.562550761539584,0.8908730026423802,East 37th Street,mid_block,263.9817286972828,40.747977559687065,-73.97754831307097
n00263,E_east,119.0,180.0,118.66624275018893,True,5.659450057824833,0.9044549933010584,East 37th Street,mid_block,263.9817286972828,40.747977559687065,-73.97754831307097
n00263,S_downtown,209.0,180.0,118.66624275018893,False,6.648410427725847,0.9645656200959305,East 37th Street,mid_block,263.9817286972828,40.747977559687065,-73.97754831307097
n00263,W_west,299.0,180.0,118.66624275018893,True,5.551511131440598,0.9531933699066144,East 37th Street,mid_block,263.9817286972828,40.747977559687065,-73.97754831307097
n00263,full360,,360.0,118.66624275018893,,5.605480594632715,0.928131669024609,East 37th Street,mid_block,263.9817286972828,40.747977559687065,-73.97754831307097
n00264,N_uptown,29.0,180.0,118.66624274784792,False,7.300075679202031,0.8958444714437347,East 37th Street,mid_block,264.07099462129725,40.748065817079954,-73.97775482616728
n00264,E_east,119.0,180.0,118.66624274784792,True,7.891703756918823,0.9153568765872683,East 37th Street,mid_block,264.07099462129725,40.748065817079954,-73.97775482616728
n00264,S_downtown,209.0,180.0,118.66624274784792,False,6.069349602998045,0.9521407023477515,East 37th Street,mid_block,264.07099462129725,40.748065817079954,-73.97775482616728
n00264,W_west,299.0,180.0,118.66624274784792,True,5.477721525281254,0.9392598341926212,East 37th Street,mid_block,264.07099462129725,40.748065817079954,-73.97775482616728
n00264,full360,,360.0,118.66624274784792,,6.684712641100038,0.9268014587513602,East 37th Street,mid_block,264.07099462129725,40.748065817079954,-73.97775482616728
n00265,N_uptown,29.0,180.0,118.16823696522249,False,2.1947467761011334,0.9127469525192049,East 37th Street,mid_block,263.9869808388892,40.74815270559615,-73.97796234048772
n00265,E_east,119.0,180.0,118.16823696522249,True,2.869632871842879,0.9331689569989612,East 37th Street,mid_block,263.9869808388892,40.74815270559615,-73.97796234048772
n00265,S_downtown,209.0,180.0,118.16823696522249,False,1.9874454451019534,0.9392303411214952,East 37th Street,mid_block,263.9869808388892,40.74815270559615,-73.97796234048772
n00265,W_west,299.0,180.0,118.16823696522249,True,1.3125593493602081,0.9198305525007381,East 37th Street,mid_block,263.9869808388892,40.74815270559615,-73.97796234048772
n00265,full360,,360.0,118.16823696522249,,2.0910961106015438,0.9267529850333436,East 37th Street,mid_block,263.9869808388892,40.74815270559615,-73.97796234048772
n00266,N_uptown,29.0,180.0,118.15619981347335,False,0.9111745891187875,0.8655843251301922,East 37th Street,mid_block,263.8987222188815,40.748239560666,-73.97816987954106
n00266,E_east,119.0,180.0,118.15619981347335,True,1.141926587945393,0.9352392470766504,East 37th Street,mid_block,263.8987222188815,40.748239560666,-73.97816987954106
n00266,S_downtown,209.0,180.0,118.15619981347335,False,0.577032678569795,0.8981245533651967,East 37th Street,mid_block,263.8987222188815,40.748239560666,-73.97816987954106
n00266,W_west,299.0,180.0,118.15619981347335,True,0.34628067974318943,0.8224643761759435,East 37th Street,mid_block,263.8987222188815,40.748239560666,-73.97816987954106
n00266,full360,,360.0,118.15619981347335,,0.7441036338442912,0.8827079884903337,East 37th Street,mid_block,263.8987222188815,40.748239560666,-73.97816987954106
n00267,N_uptown,29.0,180.0,118.3474665336514,False,0.4880429537034386,0.8662101832648557,East 37th Street,mid_block,263.8769345465255,40.74832694053087,-73.9783770337802
n00267,E_east,119.0,180.0,118.3474665336514,True,0.4649890287608282,0.8360705247060634,East 37th Street,mid_block,263.8769345465255,40.74832694053087,-73.9783770337802
n00267,S_downtown,209.0,180.0,118.3474665336514,False,1.4701402449757235,0.7673881522792292,East 37th Street,mid_block,263.8769345465255,40.74832694053087,-73.9783770337802
n00267,W_west,299.0,180.0,118.3474665336514,True,1.4931941699183338,0.7970082239901307,East 37th Street,mid_block,263.8769345465255,40.74832694053087,-73.9783770337802
n00267,full360,,360.0,118.3474665336514,,0.9790915993395811,0.8155100666192139,East 37th Street,mid_block,263.8769345465255,40.74832694053087,-73.9783770337802
n00268,N_uptown,29.0,180.0,118.17197088606706,False,1.9948071592356615,0.9227101404680299,East 37th Street,mid_block,263.79404628649905,40.74841383781187,-73.97858454129789
n00268,E_east,119.0,180.0,118.17197088606706,True,1.1214809478546048,0.9416865265332582,East 37th Street,mid_block,263.79404628649905,40.74841383781187,-73.97858454129789
n00268,S_downtown,209.0,180.0,118.17197088606706,False,3.2356162514432323,0.930344208493453,East 37th Street,mid_block,263.79404628649905,40.74841383781187,-73.97858454129789
n00268,W_west,299.0,180.0,118.17197088606706,True,4.108942462824289,0.9104325529866988,East 37th Street,mid_block,263.79404628649905,40.74841383781187,-73.97858454129789
n00268,full360,,360.0,118.17197088606706,,2.6152117053394472,0.9265636070298958,East 37th Street,mid_block,263.79404628649905,40.74841383781187,-73.97858454129789
n00269,N_uptown,29.0,180.0,118.30371136837937,False,2.957137529974733,0.9143987303392066,East 37th Street,mid_block,263.7569231184498,40.74850109785234,-73.97879178727541
n00269,E_east,119.0,180.0,118.30371136837937,True,1.9347320880002838,0.9192934318295508,East 37th Street,mid_block,263.7569231184498,40.74850109785234,-73.97879178727541
n00269,S_downtown,209.0,180.0,118.30371136837937,False,4.700364564740777,0.9165429424488254,East 37th Street,mid_block,263.7569231184498,40.74850109785234,-73.97879178727541
n00269,W_west,299.0,180.0,118.30371136837937,True,5.722770006715226,0.911388531153225,East 37th Street,mid_block,263.7569231184498,40.74850109785234,-73.97879178727541
n00269,full360,,360.0,118.30371136837937,,3.828751047357755,0.915375611828767,East 37th Street,mid_block,263.7569231184498,40.74850109785234,-73.97879178727541
n00270,N_uptown,29.0,180.0,118.30371136603031,False,4.471423862649179,0.9294109855336378,East 37th Street,mid_block,263.7197420923564,40.7485883575258,-73.97899903380018
n00270,E_east,119.0,180.0,118.30371136603031,True,5.948765460140195,0.9266365093295401,East 37th Street,mid_block,263.7197420923564,40.7485883575258,-73.97899903380018
n00270,S_downtown,209.0,180.0,118.30371136603031,False,6.877896315129845,0.9295522662379102,East 37th Street,mid_block,263.7197420923564,40.7485883575258,-73.97899903380018
n00270,W_west,299.0,180.0,118.30371136603031,True,5.40055471763883,0.9324382116766694,East 37th Street,mid_block,263.7197420923564,40.7485883575258,-73.97899903380018
n00270,full360,,360.0,118.30371136603031,,5.674660088889512,0.9294786555193715,East 37th Street,mid_block,263.7197420923564,40.7485883575258,-73.97899903380018
n00271,N_uptown,29.0,180.0,118.3037113685375,False,5.532491199321348,0.922403873427213,East 37th Street,mid_block,263.682503208219,40.74867561683224,-73.97920628087219
n00271,E_east,119.0,180.0,118.3037113685375,True,5.599782340416224,0.896444359680058,East 37th Street,mid_block,263.682503208219,40.74867561683224,-73.97920628087219
n00271,S_downtown,209.0,180.0,118.3037113685375,False,5.191003193516033,0.903713050421073,East 37th Street,mid_block,263.682503208219,40.74867561683224,-73.97920628087219
n00271,W_west,299.0,180.0,118.3037113685375,True,5.123712052421157,0.9290832268942503,East 37th Street,mid_block,263.682503208219,40.74867561683224,-73.97920628087219
n00271,full360,,360.0,118.3037113685375,,5.361747196418691,0.9138421889550402,East 37th Street,mid_block,263.682503208219,40.74867561683224,-73.97920628087219
n00272,N_uptown,29.0,180.0,118.30371136837937,False,7.295362386198563,0.8925552348697922,East 37th Street,mid_block,263.64520646466354,40.74876287577165,-73.97941352849145
n00272,E_east,119.0,180.0,118.30371136837937,True,5.621315861435407,0.8687603844220173,East 37th Street,mid_block,263.64520646466354,40.74876287577165,-73.97941352849145
n00272,S_downtown,209.0,180.0,118.30371136837937,False,3.994303058284191,0.88424281612194,East 37th Street,mid_block,263.64520646466354,40.74876287577165,-73.97941352849145
n00272,W_west,299.0,180.0,118.30371136837937,True,5.6683495830473465,0.9058154119906086,East 37th Street,mid_block,263.64520646466354,40.74876287577165,-73.97941352849145
n00272,full360,,360.0,118.30371136837937,,5.644832722241377,0.8893387189550827,East 37th Street,mid_block,263.64520646466354,40.74876287577165,-73.97941352849145
n00273,N_uptown,29.0,180.0,118.30371136837937,False,4.226837571712983,0.8661121235060188,East 37th Street,mid_block,263.6078518615842,40.74885013434402,-73.97962077665794
n00273,E_east,119.0,180.0,118.30371136837937,True,3.3083534025788413,0.8605845470782584,East 37th Street,mid_block,263.6078518615842,40.74885013434402,-73.97962077665794
n00273,S_downtown,209.0,180.0,118.30371136837937,False,3.2935387523754502,0.8620044632819285,East 37th Street,mid_block,263.6078518615842,40.74885013434402,-73.97962077665794
n00273,W_west,299.0,180.0,118.30371136837937,True,4.212022921509592,0.8677447264093981,East 37th Street,mid_block,263.6078518615842,40.74885013434402,-73.97962077665794
n00273,full360,,360.0,118.30371136837937,,3.7601881620442166,0.8640453181321162,East 37th Street,mid_block,263.6078518615842,40.74885013434402,-73.97962077665794
n00274,N_uptown,29.0,180.0,118.50298741661248,False,6.103289311361102,0.7884644015378224,East 37th Street,mid_block,263.6397540597177,40.748937939705634,-73.97982762388146
n00274,E_east,119.0,180.0,118.50298741661248,True,3.60541554518876,0.8313810985466121,East 37th Street,mid_block,263.6397540597177,40.748937939705634,-73.97982762388146
n00274,S_downtown,209.0,180.0,118.50298741661248,False,4.443651717017576,0.8042167890025548,East 37th Street,mid_block,263.6397540597177,40.748937939705634,-73.97982762388146
n00274,W_west,299.0,180.0,118.50298741661248,True,6.94152548318992,0.7574373480993385,East 37th Street,mid_block,263.6397540597177,40.748937939705634,-73.97982762388146
n00274,full360,,360.0,118.50298741661248,,5.27347051418934,0.796503729964559,East 37th Street,mid_block,263.6397540597177,40.748937939705634,-73.97982762388146
n00275,N_uptown,29.0,180.0,118.66139669528862,False,7.707207755998574,0.7620115039913359,East 37th Street,mid_block,263.72669839844224,40.749026179758566,-73.98003415275701
n00275,E_east,119.0,180.0,118.66139669528862,True,7.44534361748849,0.6673145810409061,East 37th Street,mid_block,263.72669839844224,40.749026179758566,-73.98003415275701
n00275,S_downtown,209.0,180.0,118.66139669528862,False,5.253782299607764,0.7807540579187985,East 37th Street,mid_block,263.72669839844224,40.749026179758566,-73.98003415275701
n00275,W_west,299.0,180.0,118.66139669528862,True,5.515646438117849,0.8711278560330746,East 37th Street,mid_block,263.72669839844224,40.749026179758566,-73.98003415275701
n00275,full360,,360.0,118.66139669528862,,6.48049502780317,0.7714904626584921,East 37th Street,mid_block,263.72669839844224,40.749026179758566,-73.98003415275701
n00276,N_uptown,29.0,180.0,118.43528013296711,False,8.909924834718055,0.8608031644015254,East 37th Street,mid_block,263.73493416700103,40.74911379740574,-73.98024113494378
n00276,E_east,119.0,180.0,118.43528013296711,True,3.9496380537370754,0.7657873460036823,East 37th Street,mid_block,263.73493416700103,40.74911379740574,-73.98024113494378
n00276,S_downtown,209.0,180.0,118.43528013296711,False,2.553365492707286,0.7653232295597677,East 37th Street,mid_block,263.73493416700103,40.74911379740574,-73.98024113494378
n00276,W_west,299.0,180.0,118.43528013296711,True,7.513652273688266,0.909452728071265,East 37th Street,mid_block,263.73493416700103,40.74911379740574,-73.98024113494378
n00276,full360,,360.0,118.43528013296711,,5.73164516371267,0.8293539690238803,East 37th Street,mid_block,263.73493416700103,40.74911379740574,-73.98024113494378
n00277,N_uptown,29.0,180.0,117.89215962775508,False,16.224858979009294,0.8861745355646095,East 37th Street,mid_block,263.55419904923474,40.749199920133236,-73.98044920408778
n00277,E_east,119.0,180.0,117.89215962775508,True,12.866730541521946,0.8936265508749155,East 37th Street,mid_block,263.55419904923474,40.749199920133236,-73.98044920408778
n00277,S_downtown,209.0,180.0,117.89215962775508,False,3.7220947220265517,0.9258411972701598,East 37th Street,mid_block,263.55419904923474,40.749199920133236,-73.98044920408778
n00277,W_west,299.0,180.0,117.89215962775508,True,7.080223159513899,0.9201188003376426,East 37th Street,mid_block,263.55419904923474,40.749199920133236,-73.98044920408778
n00277,full360,,360.0,117.89215962775508,,9.973476850517923,0.9077730657029736,East 37th Street,mid_block,263.55419904923474,40.749199920133236,-73.98044920408778
n00278,N_uptown,29.0,180.0,117.89215962775508,False,4.699988752717562,0.8280957995146623,East 37th Street,mid_block,263.3734059809716,40.74928604249071,-73.98065727377417
n00278,E_east,119.0,180.0,117.89215962775508,True,5.817758935579712,0.9099318258934225,East 37th Street,mid_block,263.3734059809716,40.74928604249071,-73.98065727377417
n00278,S_downtown,209.0,180.0,117.89215962775508,False,3.288505996623401,0.9044167705336749,East 37th Street,mid_block,263.3734059809716,40.74928604249071,-73.98065727377417
n00278,W_west,299.0,180.0,117.89215962775508,True,2.170735813761252,0.851176439942551,East 37th Street,mid_block,263.3734059809716,40.74928604249071,-73.98065727377417
n00278,full360,,360.0,117.89215962775508,,3.9942473746704814,0.8801624402213732,East 37th Street,mid_block,263.3734059809716,40.74928604249071,-73.98065727377417
n00279,N_uptown,29.0,180.0,117.89215962775508,False,5.7851758903296595,0.936561078453587,East 37th Street,mid_block,263.19255495920055,40.74937216447815,-73.98086534400302
n00279,E_east,119.0,180.0,117.89215962775508,True,7.325882049158869,0.9288294177059387,East 37th Street,mid_block,263.19255495920055,40.74937216447815,-73.98086534400302
n00279,S_downtown,209.0,180.0,117.89215962775508,False,3.9184107094629086,0.8769066906977381,East 37th Street,mid_block,263.19255495920055,40.74937216447815,-73.98086534400302
n00279,W_west,299.0,180.0,117.89215962775508,True,2.377704550633699,0.8882184698376572,East 37th Street,mid_block,263.19255495920055,40.74937216447815,-73.98086534400302
n00279,full360,,360.0,117.89215962775508,,4.851793299896284,0.9075124914495613,East 37th Street,mid_block,263.19255495920055,40.74937216447815,-73.98086534400302
n00280,N_uptown,29.0,180.0,117.89215963011317,False,0.6840486757046597,0.9478472972531821,East 37th Street,mid_block,263.0116459877256,40.74945828609559,-73.98107341477429
n00280,E_east,119.0,180.0,117.89215963011317,True,1.215512549103641,0.9366900283372623,East 37th Street,mid_block,263.0116459877256,40.74945828609559,-73.98107341477429
n00280,S_downtown,209.0,180.0,117.89215963011317,False,9.475272829180168,0.8797959025907597,East 37th Street,mid_block,263.0116459877256,40.74945828609559,-73.98107341477429
n00280,W_west,299.0,180.0,117.89215963011317,True,8.943808955781188,0.9006963585228226,East 37th Street,mid_block,263.0116459877256,40.74945828609559,-73.98107341477429
n00280,full360,,360.0,117.89215963011317,,5.079660752442415,0.9191523491628166,East 37th Street,mid_block,263.0116459877256,40.74945828609559,-73.98107341477429
n00281,N_uptown,29.0,180.0,117.8921596279111,False,0.3083046413226427,0.9329366387016979,East 37th Street,mid_block,262.83067906184397,40.749544407342974,-73.98128148608798
n00281,E_east,119.0,180.0,117.8921596279111,True,2.0401237119696987,0.9136843347895578,East 37th Street,mid_block,262.83067906184397,40.749544407342974,-73.98128148608798
n00281,S_downtown,209.0,180.0,117.8921596279111,False,6.786410052082714,0.9113231826619035,East 37th Street,mid_block,262.83067906184397,40.749544407342974,-73.98128148608798
n00281,W_west,299.0,180.0,117.8921596279111,True,5.054590981435658,0.9326131402020607,East 37th Street,mid_block,262.83067906184397,40.749544407342974,-73.98128148608798
n00281,full360,,360.0,117.8921596279111,,3.547357346702679,0.9230811175963893,East 37th Street,mid_block,262.83067906184397,40.749544407342974,-73.98128148608798
n00282,N_uptown,29.0,180.0,117.904335200194,False,0.0,0.882211863776862,East 37th Street,mid_block,262.653889202183,40.74963056179312,-73.98148953375036
n00282,E_east,119.0,180.0,117.904335200194,True,4.594592943637987,0.8507508408184455,East 37th Street,mid_block,262.653889202183,40.74963056179312,-73.98148953375036
n00282,S_downtown,209.0,180.0,117.904335200194,False,5.839516590656056,0.8297043287900406,East 37th Street,mid_block,262.653889202183,40.74963056179312,-73.98148953375036
n00282,W_west,299.0,180.0,117.904335200194,True,1.2449236470180698,0.8638858495166959,East 37th Street,mid_block,262.653889202183,40.74963056179312,-73.98148953375036
n00282,full360,,360.0,117.904335200194,,2.919758295328028,0.8572811505703943,East 37th Street,mid_block,262.653889202183,40.74963056179312,-73.98148953375036
n00283,N_uptown,29.0,180.0,118.32050502917701,False,0.17075856385015484,0.9395943041291874,East 37th Street,mid_block,262.62179723185,40.74971786280833,-73.98169675356391
n00283,E_east,119.0,180.0,118.32050502917701,True,3.0394914785459806,0.7711901575260116,East 37th Street,mid_block,262.62179723185,40.74971786280833,-73.98169675356391
n00283,S_downtown,209.0,180.0,118.32050502917701,False,3.870659031924305,0.788904649383809,East 37th Street,mid_block,262.62179723185,40.74971786280833,-73.98169675356391
n00283,W_west,299.0,180.0,118.32050502917701,True,1.0019261172284788,0.9513489372876531,East 37th Street,mid_block,262.62179723185,40.74971786280833,-73.98169675356391
n00283,full360,,360.0,118.32050502917701,,2.0207087978872296,0.8666043527929577,East 37th Street,mid_block,262.62179723185,40.74971786280833,-73.98169675356391
n00284,N_uptown,29.0,180.0,118.45936803156057,False,0.0,0.931934116521529,East 38th Street,mid_block,340.6267793746309,40.75034717200996,-73.98127697498454
n00284,E_east,119.0,180.0,118.45936803156057,True,0.0,0.8864823457042361,East 38th Street,mid_block,340.6267793746309,40.75034717200996,-73.98127697498454
n00284,S_downtown,209.0,180.0,118.45936803156057,False,0.0,0.9040424440763757,East 38th Street,mid_block,340.6267793746309,40.75034717200996,-73.98127697498454
n00284,W_west,299.0,180.0,118.45936803156057,True,0.0,0.9479396357078106,East 38th Street,mid_block,340.6267793746309,40.75034717200996,-73.98127697498454
n00284,full360,,360.0,118.45936803156057,,0.0,0.9183776067091947,East 38th Street,mid_block,340.6267793746309,40.75034717200996,-73.98127697498454
n00285,N_uptown,29.0,180.0,118.45936803156057,False,0.0,0.9224006411640322,East 38th Street,mid_block,340.6105538943935,40.75025949612175,-73.98107005049332
n00285,E_east,119.0,180.0,118.45936803156057,True,0.05483876079128454,0.9153502470385203,East 38th Street,mid_block,340.6105538943935,40.75025949612175,-73.98107005049332
n00285,S_downtown,209.0,180.0,118.45936803156057,False,0.07080663348375899,0.9058490496348398,East 38th Street,mid_block,340.6105538943935,40.75025949612175,-73.98107005049332
n00285,W_west,299.0,180.0,118.45936803156057,True,0.01596787269247444,0.9116269399979113,East 38th Street,mid_block,340.6105538943935,40.75025949612175,-73.98107005049332
n00285,full360,,360.0,118.45936803156057,,0.03540331674187949,0.9135938165312377,East 38th Street,mid_block,340.6105538943935,40.75025949612175,-73.98107005049332
n00286,N_uptown,29.0,180.0,118.39741470735629,False,0.014112192596913166,0.8908401041219814,East 38th Street,mid_block,340.61581837539546,40.75017198801297,-73.98086299713243
n00286,E_east,119.0,180.0,118.39741470735629,True,0.7166015041389922,0.9005807497309831,East 38th Street,mid_block,340.61581837539546,40.75017198801297,-73.98086299713243
n00286,S_downtown,209.0,180.0,118.39741470735629,False,0.702489311542079,0.9316477474248767,East 38th Street,mid_block,340.61581837539546,40.75017198801297,-73.98086299713243
n00286,W_west,299.0,180.0,118.39741470735629,True,0.0,0.9352364352325184,East 38th Street,mid_block,340.61581837539546,40.75017198801297,-73.98086299713243
n00286,full360,,360.0,118.39741470735629,,0.35830075206949613,0.9145950989374108,East 38th Street,mid_block,340.61581837539546,40.75017198801297,-73.98086299713243
n00287,N_uptown,29.0,180.0,118.07103413829421,False,0.5685508603516212,0.9323500557325264,East 38th Street,mid_block,340.73455119382345,40.75008537241329,-73.98065527899317
n00287,E_east,119.0,180.0,118.07103413829421,True,2.023000915640158,0.8994586853521812,East 38th Street,mid_block,340.73455119382345,40.75008537241329,-73.98065527899317
n00287,S_downtown,209.0,180.0,118.07103413829421,False,4.764645400957679,0.9319532091717426,East 38th Street,mid_block,340.73455119382345,40.75008537241329,-73.98065527899317
n00287,W_west,299.0,180.0,118.07103413829421,True,3.3101953456691415,0.9609339212964438,East 38th Street,mid_block,340.73455119382345,40.75008537241329,-73.98065527899317
n00287,full360,,360.0,118.07103413829421,,2.6665981306546502,0.9321527409566335,East 38th Street,mid_block,340.73455119382345,40.75008537241329,-73.98065527899317
n00288,N_uptown,29.0,180.0,118.07103413829421,False,2.0884519002118545,0.9551272735921736,East 38th Street,mid_block,340.8532260970909,40.74999875644486,-73.98044756139846
n00288,E_east,119.0,180.0,118.07103413829421,True,3.396227492857812,0.9422590009208097,East 38th Street,mid_block,340.8532260970909,40.74999875644486,-73.98044756139846
n00288,S_downtown,209.0,180.0,118.07103413829421,False,4.1924650129646635,0.9459955598854273,East 38th Street,mid_block,340.8532260970909,40.74999875644486,-73.98044756139846
n00288,W_west,299.0,180.0,118.07103413829421,True,2.8846894203187063,0.9592220889185842,East 38th Street,mid_block,340.8532260970909,40.74999875644486,-73.98044756139846
n00288,full360,,360.0,118.07103413829421,,3.140458456588259,0.950600499548351,East 38th Street,mid_block,340.8532260970909,40.74999875644486,-73.98044756139846
n00289,N_uptown,29.0,180.0,118.07103413829421,False,5.95243222444854,0.9501863541936444,East 38th Street,mid_block,340.97184308588464,40.749912140107696,-73.98023984434832
n00289,E_east,119.0,180.0,118.07103413829421,True,3.571547998697728,0.9361619554746222,East 38th Street,mid_block,340.97184308588464,40.749912140107696,-73.98023984434832
n00289,S_downtown,209.0,180.0,118.07103413829421,False,1.9846016417119017,0.94012749599559,East 38th Street,mid_block,340.97184308588464,40.749912140107696,-73.98023984434832
n00289,W_west,299.0,180.0,118.07103413829421,True,4.365485867462714,0.954030277210607,East 38th Street,mid_block,340.97184308588464,40.749912140107696,-73.98023984434832
n00289,full360,,360.0,118.07103413829421,,3.9685169330802212,0.9450553934769905,East 38th Street,mid_block,340.97184308588464,40.749912140107696,-73.98023984434832
n00290,N_uptown,29.0,180.0,118.07103413845115,False,4.052743531904318,0.9400714889969675,East 38th Street,mid_block,341.09040215883084,40.74982552340178,-73.98003212784273
n00290,E_east,119.0,180.0,118.07103413845115,True,2.3375110224026074,0.9160514173126814,East 38th Street,mid_block,341.09040215883084,40.74982552340178,-73.98003212784273
n00290,S_downtown,209.0,180.0,118.07103413845115,False,2.0394173920214165,0.9035675485571721,East 38th Street,mid_block,341.09040215883084,40.74982552340178,-73.98003212784273
n00290,W_west,299.0,180.0,118.07103413845115,True,3.754649901523127,0.9278835777105789,East 38th Street,mid_block,341.09040215883084,40.74982552340178,-73.98003212784273
n00290,full360,,360.0,118.07103413845115,,3.0460804619628674,0.9218624995491674,East 38th Street,mid_block,341.09040215883084,40.74982552340178,-73.98003212784273
n00291,N_uptown,29.0,180.0,118.07103413594001,False,3.0446441327911704,0.9043876687162656,East 38th Street,mid_block,341.20890331925835,40.749738906327146,-73.9798244118817
n00291,E_east,119.0,180.0,118.07103413594001,True,2.1371523067281406,0.8160930927325372,East 38th Street,mid_block,341.20890331925835,40.749738906327146,-73.9798244118817
n00291,S_downtown,209.0,180.0,118.07103413594001,False,2.4762171592511257,0.8248466025468966,East 38th Street,mid_block,341.20890331925835,40.749738906327146,-73.9798244118817
n00291,W_west,299.0,180.0,118.07103413594001,True,3.383708985314155,0.9152495570049803,East 38th Street,mid_block,341.20890331925835,40.749738906327146,-73.9798244118817
n00291,full360,,360.0,118.07103413594001,,2.760430646021148,0.8650971840815137,East 38th Street,mid_block,341.20890331925835,40.749738906327146,-73.9798244118817
n00292,N_uptown,29.0,180.0,119.18039840225117,False,3.726164252726953,0.8897547186297932,East 38th Street,mid_block,340.9414981044254,40.749649252692066,-73.97961895415699
n00292,E_east,119.0,180.0,119.18039840225117,True,5.9474672083028555,0.7123937664270149,East 38th Street,mid_block,340.9414981044254,40.749649252692066,-73.97961895415699
n00292,S_downtown,209.0,180.0,119.18039840225117,False,3.409701228087015,0.7307340300421078,East 38th Street,mid_block,340.9414981044254,40.749649252692066,-73.97961895415699
n00292,W_west,299.0,180.0,119.18039840225117,True,1.188398272511113,0.89776219376251,East 38th Street,mid_block,340.9414981044254,40.749649252692066,-73.97961895415699
n00292,full360,,360.0,119.18039840225117,,3.5679327404069845,0.8097929690183876,East 38th Street,mid_block,340.9414981044254,40.749649252692066,-73.97961895415699
n00293,N_uptown,29.0,180.0,119.55806041592676,False,4.779554533825917,0.8948068045673736,East 38th Street,mid_block,340.54267236396964,40.74955856472441,-73.97941426492895
n00293,E_east,119.0,180.0,119.55806041592676,True,5.160798295015462,0.7989802604416731,East 38th Street,mid_block,340.54267236396964,40.74955856472441,-73.97941426492895
n00293,S_downtown,209.0,180.0,119.55806041592676,False,6.0919665622868004,0.7366797737183595,East 38th Street,mid_block,340.54267236396964,40.74955856472441,-73.97941426492895
n00293,W_west,299.0,180.0,119.55806041592676,True,5.710722801097257,0.8364787043541727,East 38th Street,mid_block,340.54267236396964,40.74955856472441,-73.97941426492895
n00293,full360,,360.0,119.55806041592676,,5.4357605480563596,0.8171998426175616,East 38th Street,mid_block,340.54267236396964,40.74955856472441,-73.97941426492895
n00294,N_uptown,29.0,180.0,118.99137615480521,False,1.5481428773025254,0.9185991344831077,East 38th Street,mid_block,340.34088901878704,40.74946942530723,-73.979208418146
n00294,E_east,119.0,180.0,118.99137615480521,True,6.695529956204112,0.9131833785506874,East 38th Street,mid_block,340.34088901878704,40.74946942530723,-73.979208418146
n00294,S_downtown,209.0,180.0,118.99137615480521,False,8.016267134528311,0.8375016742472743,East 38th Street,mid_block,340.34088901878704,40.74946942530723,-73.979208418146
n00294,W_west,299.0,180.0,118.99137615480521,True,2.8688800556267253,0.8550928942564557,East 38th Street,mid_block,340.34088901878704,40.74946942530723,-73.979208418146
n00294,full360,,360.0,118.99137615480521,,4.782205005915419,0.8838483860933206,East 38th Street,mid_block,340.34088901878704,40.74946942530723,-73.979208418146
n00295,N_uptown,29.0,180.0,118.30020347216615,False,1.0755720492638918,0.9144065686948544,East 38th Street,mid_block,340.3794467523834,40.749382175636924,-73.97900116160318
n00295,E_east,119.0,180.0,118.30020347216615,True,2.737388031669765,0.8943975050354022,East 38th Street,mid_block,340.3794467523834,40.749382175636924,-73.97900116160318
n00295,S_downtown,209.0,180.0,118.30020347216615,False,3.2155736220278084,0.8898116706884368,East 38th Street,mid_block,340.3794467523834,40.749382175636924,-73.97900116160318
n00295,W_west,299.0,180.0,118.30020347216615,True,1.5537576396219352,0.9096031279076042,East 38th Street,mid_block,340.3794467523834,40.749382175636924,-73.97900116160318
n00295,full360,,360.0,118.30020347216615,,2.1455728356458503,0.9019604151846538,East 38th Street,mid_block,340.3794467523834,40.749382175636924,-73.97900116160318
n00296,N_uptown,29.0,180.0,118.30020346965888,False,3.2981072699151106,0.9099948704014995,East 38th Street,mid_block,340.417946625082,40.749294925599564,-73.97879390560759
n00296,E_east,119.0,180.0,118.30020346965888,True,1.6329917676356192,0.88888390443794,East 38th Street,mid_block,340.417946625082,40.749294925599564,-73.97879390560759
n00296,S_downtown,209.0,180.0,118.30020346965888,False,3.039723455574301,0.8970900107384766,East 38th Street,mid_block,340.417946625082,40.749294925599564,-73.97879390560759
n00296,W_west,299.0,180.0,118.30020346965888,True,4.704838957853792,0.9215729751419534,East 38th Street,mid_block,340.417946625082,40.749294925599564,-73.97879390560759
n00296,full360,,360.0,118.30020346965888,,3.1689153627447055,0.9037704401524207,East 38th Street,mid_block,340.417946625082,40.749294925599564,-73.97879390560759
n00297,N_uptown,29.0,180.0,118.30085668572558,False,1.2701150539044246,0.8597947985478956,East 38th Street,mid_block,340.4561614263408,40.749207673398224,-73.97858665146732
n00297,E_east,119.0,180.0,118.30085668572558,True,1.0598350990289374,0.8593360115698814,East 38th Street,mid_block,340.4561614263408,40.749207673398224,-73.97858665146732
n00297,S_downtown,209.0,180.0,118.30085668572558,False,3.3873869310072546,0.9075576550473768,East 38th Street,mid_block,340.4561614263408,40.749207673398224,-73.97858665146732
n00297,W_west,299.0,180.0,118.30085668572558,True,3.5976668858827416,0.9157335708276504,East 38th Street,mid_block,340.4561614263408,40.749207673398224,-73.97858665146732
n00297,full360,,360.0,118.30085668572558,,2.328750992455839,0.886954756533575,East 38th Street,mid_block,340.4561614263408,40.749207673398224,-73.97858665146732
n00298,N_uptown,29.0,180.0,118.306889051607,False,1.0198783282835533,0.9246355090658347,East 38th Street,mid_block,340.49222010952485,40.74912040423558,-73.97837940995464
n00298,E_east,119.0,180.0,118.306889051607,True,1.6316026091012312,0.9088363270174583,East 38th Street,mid_block,340.49222010952485,40.74912040423558,-73.97837940995464
n00298,S_downtown,209.0,180.0,118.306889051607,False,1.8933019704360916,0.9233414461534413,East 38th Street,mid_block,340.49222010952485,40.74912040423558,-73.97837940995464
n00298,W_west,299.0,180.0,118.306889051607,True,1.2815776896184132,0.9402509327010566,East 38th Street,mid_block,340.49222010952485,40.74912040423558,-73.97837940995464
n00298,full360,,360.0,118.306889051607,,1.4565901493598221,0.9239905758094602,East 38th Street,mid_block,340.49222010952485,40.74912040423558,-73.97837940995464
n00299,N_uptown,29.0,180.0,118.30688904909987,False,0.4074297143953904,0.9291418880118879,East 38th Street,mid_block,340.52822093704344,40.74903313470597,-73.97817216898925
n00299,E_east,119.0,180.0,118.30688904909987,True,0.20676529686080172,0.9415441900052428,East 38th Street,mid_block,340.52822093704344,40.74903313470597,-73.97817216898925
n00299,S_downtown,209.0,180.0,118.30688904909987,False,1.0275195775353356,0.9369687800910491,East 38th Street,mid_block,340.52822093704344,40.74903313470597,-73.97817216898925
n00299,W_west,299.0,180.0,118.30688904909987,True,1.2281839950699243,0.9235676521809887,East 38th Street,mid_block,340.52822093704344,40.74903313470597,-73.97817216898925
n00299,full360,,360.0,118.30688904909987,,0.7174746459653629,0.9328990745350946,East 38th Street,mid_block,340.52822093704344,40.74903313470597,-73.97817216898925
n00300,N_uptown,29.0,180.0,118.34807058883318,False,1.6815945518964668,0.8672180943426577,East 38th Street,mid_block,340.54983960102845,40.74894575157654,-73.97796501116427
n00300,E_east,119.0,180.0,118.34807058883318,True,1.8738726955835676,0.8390230781662945,East 38th Street,mid_block,340.54983960102845,40.74894575157654,-73.97796501116427
n00300,S_downtown,209.0,180.0,118.34807058883318,False,0.2111370776026503,0.8528337223046931,East 38th Street,mid_block,340.54983960102845,40.74894575157654,-73.97796501116427
n00300,W_west,299.0,180.0,118.34807058883318,True,0.018858933915549842,0.8798518746931281,East 38th Street,mid_block,340.54983960102845,40.74894575157654,-73.97796501116427
n00300,full360,,360.0,118.34807058883318,,0.9463658147495585,0.8600617384244748,East 38th Street,mid_block,340.54983960102845,40.74894575157654,-73.97796501116427
n00301,N_uptown,29.0,180.0,118.37093447660749,False,2.946149531494694,0.83327471258729,East 38th Street,mid_block,340.5634476037818,40.74885830520097,-73.97775789971197
n00301,E_east,119.0,180.0,118.37093447660749,True,1.0775222191097267,0.9181547729957018,East 38th Street,mid_block,340.5634476037818,40.74885830520097,-73.97775789971197
n00301,S_downtown,209.0,180.0,118.37093447660749,False,0.8948787952216999,0.9034996681853562,East 38th Street,mid_block,340.5634476037818,40.74885830520097,-73.97775789971197
n00301,W_west,299.0,180.0,118.37093447660749,True,2.7635061076066676,0.8092299265186574,East 38th Street,mid_block,340.5634476037818,40.74885830520097,-73.97775789971197
n00301,full360,,360.0,118.37093447660749,,1.9205141633581975,0.8686728056453873,East 38th Street,mid_block,340.5634476037818,40.74885830520097,-73.97775789971197
n00302,N_uptown,29.0,180.0,118.32588576340012,False,1.6133866026373023,0.906189209018608,East 38th Street,mid_block,340.5926671905163,40.748770982320046,-73.97755069844747
n00302,E_east,119.0,180.0,118.32588576340012,True,4.31666169545102,0.9267807717392131,East 38th Street,mid_block,340.5926671905163,40.748770982320046,-73.97755069844747
n00302,S_downtown,209.0,180.0,118.32588576340012,False,2.8588660091359976,0.914354106813655,East 38th Street,mid_block,340.5926671905163,40.748770982320046,-73.97755069844747
n00302,W_west,299.0,180.0,118.32588576340012,True,0.15559091632228,0.8931674567769949,East 38th Street,mid_block,340.5926671905163,40.748770982320046,-73.97755069844747
n00302,full360,,360.0,118.32588576340012,,2.2361263058866503,0.9101327254426518,East 38th Street,mid_block,340.5926671905163,40.748770982320046,-73.97755069844747
n00303,N_uptown,29.0,180.0,118.32588576089331,False,3.7661402213644606,0.9253891417254962,East 38th Street,mid_block,340.6218289246542,40.74868365907228,-73.97734349773049
n00303,E_east,119.0,180.0,118.32588576089331,True,4.10207833084731,0.9270940850759382,East 38th Street,mid_block,340.6218289246542,40.74868365907228,-73.97734349773049
n00303,S_downtown,209.0,180.0,118.32588576089331,False,4.981606803750943,0.9229774168666812,East 38th Street,mid_block,340.6218289246542,40.74868365907228,-73.97734349773049
n00303,W_west,299.0,180.0,118.32588576089331,True,4.645668694268093,0.9212203662385777,East 38th Street,mid_block,340.6218289246542,40.74868365907228,-73.97734349773049
n00303,full360,,360.0,118.32588576089331,,4.373873512557703,0.9242373513594835,East 38th Street,mid_block,340.6218289246542,40.74868365907228,-73.97734349773049
n00304,N_uptown,29.0,180.0,118.32588576105155,False,8.567548431237775,0.9370956612367317,East 38th Street,mid_block,340.6509328056145,40.74859633545766,-73.97713629756103
n00304,E_east,119.0,180.0,118.32588576105155,True,15.758345158630851,0.918965367819573,East 38th Street,mid_block,340.6509328056145,40.74859633545766,-73.97713629756103
n00304,S_downtown,209.0,180.0,118.32588576105155,False,12.767573914162028,0.9006897168419083,East 38th Street,mid_block,340.6509328056145,40.74859633545766,-73.97713629756103
n00304,W_west,299.0,180.0,118.32588576105155,True,5.576777186768951,0.9246779842966462,East 38th Street,mid_block,340.6509328056145,40.74859633545766,-73.97713629756103
n00304,full360,,360.0,118.32588576105155,,10.667561172699902,0.9218774087218671,East 38th Street,mid_block,340.6509328056145,40.74859633545766,-73.97713629756103
n00305,N_uptown,29.0,180.0,118.32588576089331,False,7.150152096508945,0.9435863358129357,East 38th Street,mid_block,340.67997883466506,40.74850901147621,-73.97692909793909
n00305,E_east,119.0,180.0,118.32588576089331,True,5.176313945470658,0.9344679751986824,East 38th Street,mid_block,340.67997883466506,40.74850901147621,-73.97692909793909
n00305,S_downtown,209.0,180.0,118.32588576089331,False,4.654592226921913,0.8846489694615393,East 38th Street,mid_block,340.67997883466506,40.74850901147621,-73.97692909793909
n00305,W_west,299.0,180.0,118.32588576089331,True,6.628430377960201,0.8931265645977697,East 38th Street,mid_block,340.67997883466506,40.74850901147621,-73.97692909793909
n00305,full360,,360.0,118.32588576089331,,5.90237216171543,0.91495608848347,East 38th Street,mid_block,340.67997883466506,40.74850901147621,-73.97692909793909
n00306,N_uptown,29.0,180.0,118.32844636167167,False,4.325917079316819,0.9121096334705835,East 38th Street,mid_block,340.70807635110737,40.74842168008589,-73.97672190399685
n00306,E_east,119.0,180.0,118.32844636167167,True,5.2418567150700275,0.901094626569084,East 38th Street,mid_block,340.70807635110737,40.74842168008589,-73.97672190399685
n00306,S_downtown,209.0,180.0,118.32844636167167,False,6.456348296974575,0.7420923862353633,East 38th Street,mid_block,340.70807635110737,40.74842168008589,-73.97672190399685
n00306,W_west,299.0,180.0,118.32844636167167,True,5.540408661221367,0.7563107041480297,East 38th Street,mid_block,340.70807635110737,40.74842168008589,-73.97672190399685
n00306,full360,,360.0,118.32844636167167,,5.391132688145698,0.8313950453998471,East 38th Street,mid_block,340.70807635110737,40.74842168008589,-73.97672190399685
n00307,N_uptown,29.0,180.0,118.33341122298444,False,2.18390087753636,0.9261857814648703,East 38th Street,mid_block,340.7343890771003,40.748334334674674,-73.97651472055314
n00307,E_east,119.0,180.0,118.33341122298444,True,3.441916203559364,0.7931238302907461,East 38th Street,mid_block,340.7343890771003,40.748334334674674,-73.97651472055314
n00307,S_downtown,209.0,180.0,118.33341122298444,False,5.665643015041109,0.7053291047978207,East 38th Street,mid_block,340.7343890771003,40.748334334674674,-73.97651472055314
n00307,W_west,299.0,180.0,118.33341122298444,True,4.407627689018105,0.8606989124052333,East 38th Street,mid_block,340.7343890771003,40.748334334674674,-73.97651472055314
n00307,full360,,360.0,118.33341122298444,,3.9247719462887347,0.8262358666482004,East 38th Street,mid_block,340.7343890771003,40.748334334674674,-73.97651472055314
n00308,N_uptown,29.0,180.0,118.51618943478236,False,3.1412849933560922,0.8546204041387595,East 38th Street,mid_block,340.6596887795683,40.74815863852261,-73.97610109059273
n00308,E_east,119.0,180.0,118.51618943478236,True,7.505771702794056,0.9154318854468767,East 38th Street,mid_block,340.6596887795683,40.74815863852261,-73.97610109059273
n00308,S_downtown,209.0,180.0,118.51618943478236,False,5.39385510835763,0.9217734040849663,East 38th Street,mid_block,340.6596887795683,40.74815863852261,-73.97610109059273
n00308,W_west,299.0,180.0,118.51618943478236,True,1.0293683989196658,0.8601046152871071,East 38th Street,mid_block,340.6596887795683,40.74815863852261,-73.97610109059273
n00308,full360,,360.0,118.51618943478236,,4.267570050856861,0.8885255671391635,East 38th Street,mid_block,340.6596887795683,40.74815863852261,-73.97610109059273
n00309,N_uptown,29.0,180.0,118.68720669715317,False,4.12441637186544,0.8949953562870583,East 38th Street,mid_block,340.5627669346604,40.74807032073546,-73.97589462193643
n00309,E_east,119.0,180.0,118.68720669715317,True,4.544225764455947,0.8936703133394795,East 38th Street,mid_block,340.5627669346604,40.74807032073546,-73.97589462193643
n00309,S_downtown,209.0,180.0,118.68720669715317,False,5.387991015546995,0.9118766558293868,East 38th Street,mid_block,340.5627669346604,40.74807032073546,-73.97589462193643
n00309,W_west,299.0,180.0,118.68720669715317,True,4.968181622956487,0.9132329115955975,East 38th Street,mid_block,340.5627669346604,40.74807032073546,-73.97589462193643
n00309,full360,,360.0,118.68720669715317,,4.756203693706217,0.9033763364429387,East 38th Street,mid_block,340.5627669346604,40.74807032073546,-73.97589462193643
n00310,N_uptown,29.0,180.0,118.68720669715317,False,5.903788592451026,0.9216809346252988,East 38th Street,mid_block,340.4657873251049,40.74798200258412,-73.9756881538318
n00310,E_east,119.0,180.0,118.68720669715317,True,1.2156235882087283,0.9356540394311459,East 38th Street,mid_block,340.4657873251049,40.74798200258412,-73.9756881538318
n00310,S_downtown,209.0,180.0,118.68720669715317,False,1.7985657533264205,0.9558540899026862,East 38th Street,mid_block,340.4657873251049,40.74798200258412,-73.9756881538318
n00310,W_west,299.0,180.0,118.68720669715317,True,6.486730757568719,0.9440024606694478,East 38th Street,mid_block,340.4657873251049,40.74798200258412,-73.9756881538318
n00310,full360,,360.0,118.68720669715317,,3.8511771728887236,0.9395552593315708,East 38th Street,mid_block,340.4657873251049,40.74798200258412,-73.9756881538318
n00311,N_uptown,29.0,180.0,118.45080361279898,False,8.190269662714122,0.8623462275926517,East 38th Street,mid_block,340.45097827349133,40.74789433361816,-73.97548121106581
n00311,E_east,119.0,180.0,118.45080361279898,True,5.974133822469456,0.8678033924673447,East 38th Street,mid_block,340.45097827349133,40.74789433361816,-73.97548121106581
n00311,S_downtown,209.0,180.0,118.45080361279898,False,2.1579837087097062,0.9048007169332634,East 38th Street,mid_block,340.45097827349133,40.74789433361816,-73.97548121106581
n00311,W_west,299.0,180.0,118.45080361279898,True,4.374119548954374,0.9028484319398182,East 38th Street,mid_block,340.45097827349133,40.74789433361816,-73.97548121106581
n00311,full360,,360.0,118.45080361279898,,5.174126685711915,0.8856508060557684,East 38th Street,mid_block,340.45097827349133,40.74789433361816,-73.97548121106581
n00312,N_uptown,29.0,180.0,118.2756184102445,False,11.348600790977509,0.8726926207815413,East 38th Street,mid_block,340.4970461924159,40.74780714498904,-73.97527391517714
n00312,E_east,119.0,180.0,118.2756184102445,True,7.549238215760484,0.8977371615317614,East 38th Street,mid_block,340.4970461924159,40.74780714498904,-73.97527391517714
n00312,S_downtown,209.0,180.0,118.2756184102445,False,1.9225329326312637,0.8767150261431417,East 38th Street,mid_block,340.4970461924159,40.74780714498904,-73.97527391517714
n00312,W_west,299.0,180.0,118.2756184102445,True,5.721895507848288,0.8518925233376394,East 38th Street,mid_block,340.4970461924159,40.74780714498904,-73.97527391517714
n00312,full360,,360.0,118.2756184102445,,6.635566861804386,0.8748680192630489,East 38th Street,mid_block,340.4970461924159,40.74780714498904,-73.97527391517714
n00313,N_uptown,29.0,180.0,118.25988359111903,False,4.7998923594606016,0.8520307910994462,East 38th Street,mid_block,340.54852930243624,40.74771999928861,-73.97506658835309
n00313,E_east,119.0,180.0,118.25988359111903,True,4.502583747541112,0.8523551457543198,East 38th Street,mid_block,340.54852930243624,40.74771999928861,-73.97506658835309
n00313,S_downtown,209.0,180.0,118.25988359111903,False,4.463153580910655,0.9163928262312281,East 38th Street,mid_block,340.54852930243624,40.74771999928861,-73.97506658835309
n00313,W_west,299.0,180.0,118.25988359111903,True,4.760462192830143,0.912777664237748,East 38th Street,mid_block,340.54852930243624,40.74771999928861,-73.97506658835309
n00313,full360,,360.0,118.25988359111903,,4.631522970185628,0.8839561204529625,East 38th Street,mid_block,340.54852930243624,40.74771999928861,-73.97506658835309
n00314,N_uptown,29.0,180.0,118.27775449968732,False,3.8071757102956303,0.6792794763633428,East 38th Street,mid_block,340.59373850097586,40.74763280404575,-73.97485929782813
n00314,E_east,119.0,180.0,118.27775449968732,True,1.7350397100929136,0.7260171378347895,East 38th Street,mid_block,340.59373850097586,40.74763280404575,-73.97485929782813
n00314,S_downtown,209.0,180.0,118.27775449968732,False,2.7994001944861306,0.909591157091376,East 38th Street,mid_block,340.59373850097586,40.74763280404575,-73.97485929782813
n00314,W_west,299.0,180.0,118.27775449968732,True,4.871536194688848,0.9152687834901819,East 38th Street,mid_block,340.59373850097586,40.74763280404575,-73.97485929782813
n00314,full360,,360.0,118.27775449968732,,3.3032879523908805,0.8197628549228096,East 38th Street,mid_block,340.59373850097586,40.74763280404575,-73.97485929782813
n00315,N_uptown,29.0,180.0,118.27863044445358,False,5.264696343564855,0.8561173679159512,East 38th Street,mid_block,340.63858515949295,40.74754560602486,-73.97465200960124
n00315,E_east,119.0,180.0,118.27863044445358,True,7.512255871534576,0.839138907268267,East 38th Street,mid_block,340.63858515949295,40.74754560602486,-73.97465200960124
n00315,S_downtown,209.0,180.0,118.27863044445358,False,6.509746422852302,0.8431272888251536,East 38th Street,mid_block,340.63858515949295,40.74754560602486,-73.97465200960124
n00315,W_west,299.0,180.0,118.27863044445358,True,4.262186894882583,0.8610463475078161,East 38th Street,mid_block,340.63858515949295,40.74754560602486,-73.97465200960124
n00315,full360,,360.0,118.27863044445358,,5.88722138320858,0.849651666349846,East 38th Street,mid_block,340.63858515949295,40.74754560602486,-73.97465200960124
n00316,N_uptown,29.0,180.0,118.27595390576501,False,6.777454165077213,0.8919346422155936,East 38th Street,mid_block,340.6843049405455,40.74745841500149,-73.9744447165659
n00316,E_east,119.0,180.0,118.27595390576501,True,5.527099700009563,0.8981244145636793,East 38th Street,mid_block,340.6843049405455,40.74745841500149,-73.9744447165659
n00316,S_downtown,209.0,180.0,118.27595390576501,False,4.632420635904327,0.880440742479166,East 38th Street,mid_block,340.6843049405455,40.74745841500149,-73.9744447165659
n00316,W_west,299.0,180.0,118.27595390576501,True,5.882775100971979,0.8728765045778747,East 38th Street,mid_block,340.6843049405455,40.74745841500149,-73.9744447165659
n00316,full360,,360.0,118.27595390576501,,5.70493740049077,0.8861722191023461,East 38th Street,mid_block,340.6843049405455,40.74745841500149,-73.9744447165659
n00317,N_uptown,29.0,180.0,118.23406865644563,False,2.751711611095665,0.9096845225116963,East 38th Street,mid_block,340.744535626563,40.74737133914563,-73.97423734094838
n00317,E_east,119.0,180.0,118.23406865644563,True,3.8867427002802373,0.8271856658507352,East 38th Street,mid_block,340.744535626563,40.74737133914563,-73.97423734094838
n00317,S_downtown,209.0,180.0,118.23406865644563,False,9.260013620910742,0.8014215473145331,East 38th Street,mid_block,340.744535626563,40.74737133914563,-73.97423734094838
n00317,W_west,299.0,180.0,118.23406865644563,True,8.12498253172617,0.8940167176877778,East 38th Street,mid_block,340.744535626563,40.74737133914563,-73.97423734094838
n00317,full360,,360.0,118.23406865644563,,6.005862616003204,0.8606103359541013,East 38th Street,mid_block,340.744535626563,40.74737133914563,-73.97423734094838
n00318,N_uptown,29.0,180.0,118.22865275363225,False,1.7948012921469116,0.847691390260461,East 38th Street,mid_block,340.8685900632141,40.74719721746698,-73.97382257285052
n00318,E_east,119.0,180.0,118.22865275363225,True,1.8810433723539643,0.9097447975623908,East 38th Street,mid_block,340.8685900632141,40.74719721746698,-73.97382257285052
n00318,S_downtown,209.0,180.0,118.22865275363225,False,0.3592028911512011,0.894103397512754,East 38th Street,mid_block,340.8685900632141,40.74719721746698,-73.97382257285052
n00318,W_west,299.0,180.0,118.22865275363225,True,0.2729608109441485,0.8272309947514244,East 38th Street,mid_block,340.8685900632141,40.74719721746698,-73.97382257285052
n00318,full360,,360.0,118.22865275363225,,1.0770020916490566,0.8711588016476276,East 38th Street,mid_block,340.8685900632141,40.74719721746698,-73.97382257285052
n00319,N_uptown,29.0,180.0,118.10670392014622,False,17.27060329196383,0.8428284628898766,East 38th Street,mid_block,340.9729483314078,40.74711049104845,-73.97361494424143
n00319,E_east,119.0,180.0,118.10670392014622,True,7.810351503329824,0.8754072735775608,East 38th Street,mid_block,340.9729483314078,40.74711049104845,-73.97361494424143
n00319,S_downtown,209.0,180.0,118.10670392014622,False,3.76819738063936,0.942976973232428,East 38th Street,mid_block,340.9729483314078,40.74711049104845,-73.97361494424143
n00319,W_west,299.0,180.0,118.10670392014622,True,13.228449169273365,0.9299426678219569,East 38th Street,mid_block,340.9729483314078,40.74711049104845,-73.97361494424143
n00319,full360,,360.0,118.10670392014622,,10.519400336301596,0.9000469992705356,East 38th Street,mid_block,340.9729483314078,40.74711049104845,-73.97361494424143
n00320,N_uptown,29.0,180.0,118.10670391779281,False,12.982450135344964,0.8023328691544631,East 38th Street,mid_block,341.0772487041057,40.74702376426156,-73.97340731617733
n00320,E_east,119.0,180.0,118.10670391779281,True,8.366650692913637,0.8395602174061757,East 38th Street,mid_block,341.0772487041057,40.74702376426156,-73.97340731617733
n00320,S_downtown,209.0,180.0,118.10670391779281,False,6.417862507650976,0.9390069845636805,East 38th Street,mid_block,341.0772487041057,40.74702376426156,-73.97340731617733
n00320,W_west,299.0,180.0,118.10670391779281,True,11.033661950082301,0.9255459595271999,East 38th Street,mid_block,341.0772487041057,40.74702376426156,-73.97340731617733
n00320,full360,,360.0,118.10670391779281,,9.70015632149797,0.8803641153154116,East 38th Street,mid_block,341.0772487041057,40.74702376426156,-73.97340731617733
n00321,N_uptown,29.0,180.0,118.12298980413577,False,12.072940970350718,0.8115813402810776,East 38th Street,mid_block,341.17582646427957,40.74693699227827,-73.9731997212053
n00321,E_east,119.0,180.0,118.12298980413577,True,4.997808599143264,0.7230206656366843,East 38th Street,mid_block,341.17582646427957,40.74693699227827,-73.9731997212053
n00321,S_downtown,209.0,180.0,118.12298980413577,False,2.632607427200203,0.783134319756001,East 38th Street,mid_block,341.17582646427957,40.74693699227827,-73.9731997212053
n00321,W_west,299.0,180.0,118.12298980413577,True,9.707739798407655,0.8697340504004472,East 38th Street,mid_block,341.17582646427957,40.74693699227827,-73.9731997212053
n00321,full360,,360.0,118.12298980413577,,7.352774198775459,0.7951339528124687,East 38th Street,mid_block,341.17582646427957,40.74693699227827,-73.9731997212053
n00322,N_uptown,29.0,180.0,118.1156125861748,False,4.9150793991577455,0.8722650898853371,East 38th Street,mid_block,341.2769115915583,40.74685024088089,-73.97299211358563
n00322,E_east,119.0,180.0,118.1156125861748,True,2.0741371152125505,0.9045929781828527,East 38th Street,mid_block,341.2769115915583,40.74685024088089,-73.97299211358563
n00322,S_downtown,209.0,180.0,118.1156125861748,False,2.221198946015319,0.9209524378290803,East 38th Street,mid_block,341.2769115915583,40.74685024088089,-73.97299211358563
n00322,W_west,299.0,180.0,118.1156125861748,True,5.062141229960513,0.8900860480730893,East 38th Street,mid_block,341.2769115915583,40.74685024088089,-73.97299211358563
n00322,full360,,360.0,118.1156125861748,,3.568139172586532,0.8979917313138356,East 38th Street,mid_block,341.2769115915583,40.74685024088089,-73.97299211358563
n00323,N_uptown,29.0,180.0,118.11520144484206,False,3.149246835736171,0.9176211127745766,East 38th Street,mid_block,341.3780826197217,40.74676348957118,-73.9727845040723
n00323,E_east,119.0,180.0,118.11520144484206,True,0.9376203473681458,0.8894766448548509,East 38th Street,mid_block,341.3780826197217,40.74676348957118,-73.9727845040723
n00323,S_downtown,209.0,180.0,118.11520144484206,False,2.47857449479811,0.9066973959393679,East 38th Street,mid_block,341.3780826197217,40.74676348957118,-73.9727845040723
n00323,W_west,299.0,180.0,118.11520144484206,True,4.690200983166135,0.9371918345008908,East 38th Street,mid_block,341.3780826197217,40.74676348957118,-73.9727845040723
n00323,full360,,360.0,118.11520144484206,,2.813910665267141,0.9120023366128923,East 38th Street,mid_block,341.3780826197217,40.74676348957118,-73.9727845040723
n00324,N_uptown,29.0,180.0,118.12270551297077,False,0.5020327942470101,0.9404556909646097,East 38th Street,mid_block,341.47658564617404,40.74667671721422,-73.97257691004454
n00324,E_east,119.0,180.0,118.12270551297077,True,0.8390524786393763,0.891388573339319,East 38th Street,mid_block,341.47658564617404,40.74667671721422,-73.97257691004454
n00324,S_downtown,209.0,180.0,118.12270551297077,False,1.4512090649418983,0.908522223090077,East 38th Street,mid_block,341.47658564617404,40.74667671721422,-73.97257691004454
n00324,W_west,299.0,180.0,118.12270551297077,True,1.1141893805495324,0.959810772723535,East 38th Street,mid_block,341.47658564617404,40.74667671721422,-73.97257691004454
n00324,full360,,360.0,118.12270551297077,,0.9766209295944542,0.9240724175154117,East 38th Street,mid_block,341.47658564617404,40.74667671721422,-73.97257691004454
n00325,N_uptown,29.0,180.0,118.12270551312795,False,0.00698782546713932,0.9256391788245647,East 38th Street,mid_block,341.5750307813616,40.74658994448903,-73.97236931656197
n00325,E_east,119.0,180.0,118.12270551312795,True,5.029872389806245,0.7757428052593284,East 38th Street,mid_block,341.5750307813616,40.74658994448903,-73.97236931656197
n00325,S_downtown,209.0,180.0,118.12270551312795,False,7.408350804012498,0.789844523945551,East 38th Street,mid_block,341.5750307813616,40.74658994448903,-73.97236931656197
n00325,W_west,299.0,180.0,118.12270551312795,True,2.385466239673391,0.9486484842371619,East 38th Street,mid_block,341.5750307813616,40.74658994448903,-73.97236931656197
n00325,full360,,360.0,118.12270551312795,,3.7076693147398183,0.8627403065451243,East 38th Street,mid_block,341.5750307813616,40.74658994448903,-73.97236931656197
n00326,N_uptown,29.0,180.0,118.1195264604722,False,0.0023819409797943935,0.895639544413651,East 38th Street,mid_block,341.67452378027264,40.74650318015622,-73.97216171729539
n00326,E_east,119.0,180.0,118.1195264604722,True,7.197424576661522,0.7165471414353863,East 38th Street,mid_block,341.67452378027264,40.74650318015622,-73.97216171729539
n00326,S_downtown,209.0,180.0,118.1195264604722,False,10.124253314351831,0.7130901730470451,East 38th Street,mid_block,341.67452378027264,40.74650318015622,-73.97216171729539
n00326,W_west,299.0,180.0,118.1195264604722,True,2.929210678670102,0.9133052255466573,East 38th Street,mid_block,341.67452378027264,40.74650318015622,-73.97216171729539
n00326,full360,,360.0,118.1195264604722,,5.063317627665813,0.8153161536602351,East 38th Street,mid_block,341.67452378027264,40.74650318015622,-73.97216171729539
n00327,N_uptown,29.0,180.0,118.10886326869729,False,0.0,0.8237560142764291,East 38th Street,mid_block,341.77766781779866,40.74641644484005,-73.9719540973446
n00327,E_east,119.0,180.0,118.10886326869729,True,10.284566970719009,0.6443451757508969,East 38th Street,mid_block,341.77766781779866,40.74641644484005,-73.9719540973446
n00327,S_downtown,209.0,180.0,118.10886326869729,False,15.424867662269564,0.6456411600278736,East 38th Street,mid_block,341.77766781779866,40.74641644484005,-73.9719540973446
n00327,W_west,299.0,180.0,118.10886326869729,True,5.1403006915505545,0.8538435076468898,East 38th Street,mid_block,341.77766781779866,40.74641644484005,-73.9719540973446
n00327,full360,,360.0,118.10886326869729,,7.712433831134782,0.7534119454308185,East 38th Street,mid_block,341.77766781779866,40.74641644484005,-73.9719540973446
n00329,N_uptown,29.0,180.0,118.231942834956,False,0.8053830714628878,0.5774947858720398,East 39th Street,mid_block,421.46422860984063,40.74701642543242,-73.9714238389094
n00329,E_east,119.0,180.0,118.231942834956,True,0.7939115997524757,0.31862248727248416,East 39th Street,mid_block,421.46422860984063,40.74701642543242,-73.9714238389094
n00329,S_downtown,209.0,180.0,118.231942834956,False,0.0028366249539626865,0.6581417738498937,East 39th Street,mid_block,421.46422860984063,40.74701642543242,-73.9714238389094
n00329,W_west,299.0,180.0,118.231942834956,True,0.014308096664374798,0.9484761484242447,East 39th Street,mid_block,421.46422860984063,40.74701642543242,-73.9714238389094
n00329,full360,,360.0,118.231942834956,,0.40410984820842527,0.6131785631617596,East 39th Street,mid_block,421.46422860984063,40.74701642543242,-73.9714238389094
n00330,N_uptown,29.0,180.0,118.231942834956,False,0.8061923839963171,0.8267640075279054,East 39th Street,mid_block,421.403941153987,40.747103500703595,-73.97163121453285
n00330,E_east,119.0,180.0,118.231942834956,True,0.0,0.7476829554602947,East 39th Street,mid_block,421.403941153987,40.747103500703595,-73.97163121453285
n00330,S_downtown,209.0,180.0,118.231942834956,False,0.0,0.8545391107048994,East 39th Street,mid_block,421.403941153987,40.747103500703595,-73.97163121453285
n00330,W_west,299.0,180.0,118.231942834956,True,0.8061923839963171,0.9380644150065576,East 39th Street,mid_block,421.403941153987,40.747103500703595,-73.97163121453285
n00330,full360,,360.0,118.231942834956,,0.40309619199815855,0.8391944726293876,East 39th Street,mid_block,421.403941153987,40.747103500703595,-73.97163121453285
n00331,N_uptown,29.0,180.0,118.23477347622548,False,0.8065544509262909,0.7276544047378761,East 39th Street,mid_block,421.34458041215834,40.747190583398115,-73.971838585044
n00331,E_east,119.0,180.0,118.23477347622548,True,0.13739780703503848,0.8679381445983788,East 39th Street,mid_block,421.34458041215834,40.747190583398115,-73.971838585044
n00331,S_downtown,209.0,180.0,118.23477347622548,False,1.05406883798718,0.9209921130388166,East 39th Street,mid_block,421.34458041215834,40.747190583398115,-73.971838585044
n00331,W_west,299.0,180.0,118.23477347622548,True,1.7232254818784327,0.7757607581975795,East 39th Street,mid_block,421.34458041215834,40.747190583398115,-73.971838585044
n00331,full360,,360.0,118.23477347622548,,0.9303116444567355,0.825999826723905,East 39th Street,mid_block,421.34458041215834,40.747190583398115,-73.971838585044
n00332,N_uptown,29.0,180.0,118.25226918760777,False,1.6432796985393312,0.8845291106304053,East 39th Street,mid_block,421.29124732960054,40.7472777138799,-73.97204592112861
n00332,E_east,119.0,180.0,118.25226918760777,True,3.8283180512503234,0.8831685740432672,East 39th Street,mid_block,421.29124732960054,40.7472777138799,-73.97204592112861
n00332,S_downtown,209.0,180.0,118.25226918760777,False,3.587582770506945,0.9338183682445614,East 39th Street,mid_block,421.29124732960054,40.7472777138799,-73.97204592112861
n00332,W_west,299.0,180.0,118.25226918760777,True,1.4025444177959538,0.9265131668641371,East 39th Street,mid_block,421.29124732960054,40.7472777138799,-73.97204592112861
n00332,full360,,360.0,118.25226918760777,,2.6154312345231383,0.9076590568602991,East 39th Street,mid_block,421.29124732960054,40.7472777138799,-73.97204592112861
n00333,N_uptown,29.0,180.0,118.24589469793538,False,0.2618320458876414,0.8663269649914521,East 39th Street,mid_block,421.2356391453934,40.747364826451005,-73.97225327050599
n00333,E_east,119.0,180.0,118.24589469793538,True,0.218404102183277,0.9073543722182598,East 39th Street,mid_block,421.2356391453934,40.747364826451005,-73.97225327050599
n00333,S_downtown,209.0,180.0,118.24589469793538,False,1.8086354288252955,0.9322858676270482,East 39th Street,mid_block,421.2356391453934,40.747364826451005,-73.97225327050599
n00333,W_west,299.0,180.0,118.24589469793538,True,1.8520633725296596,0.8965089132883628,East 39th Street,mid_block,421.2356391453934,40.747364826451005,-73.97225327050599
n00333,full360,,360.0,118.24589469793538,,1.0352337373564682,0.9027134232523362,East 39th Street,mid_block,421.2356391453934,40.747364826451005,-73.97225327050599
n00334,N_uptown,29.0,180.0,118.24589469809322,False,5.975705645373422,0.9218880284746319,East 39th Street,mid_block,421.1799730971074,40.74745193865476,-73.97246062042998
n00334,E_east,119.0,180.0,118.24589469809322,True,6.65628611826862,0.9015521246804497,East 39th Street,mid_block,421.1799730971074,40.74745193865476,-73.97246062042998
n00334,S_downtown,209.0,180.0,118.24589469809322,False,5.319530914161411,0.9529679685433449,East 39th Street,mid_block,421.1799730971074,40.74745193865476,-73.97246062042998
n00334,W_west,299.0,180.0,118.24589469809322,True,4.638950441266212,0.9713151180438464,East 39th Street,mid_block,421.1799730971074,40.74745193865476,-73.97246062042998
n00334,full360,,360.0,118.24589469809322,,5.647618279767416,0.9376006203070559,East 39th Street,mid_block,421.1799730971074,40.74745193865476,-73.97246062042998
n00335,N_uptown,29.0,180.0,118.24392571708321,False,0.003796830475107778,0.906765420198183,East 39th Street,mid_block,421.12356431182303,40.74753904507017,-73.97266797483269
n00335,E_east,119.0,180.0,118.24392571708321,True,2.0079830946806783,0.9045786131374947,East 39th Street,mid_block,421.12356431182303,40.74753904507017,-73.97266797483269
n00335,S_downtown,209.0,180.0,118.24392571708321,False,2.500488771662651,0.9274828228401912,East 39th Street,mid_block,421.12356431182303,40.74753904507017,-73.97266797483269
n00335,W_west,299.0,180.0,118.24392571708321,True,0.496302507457081,0.9295594495217985,East 39th Street,mid_block,421.12356431182303,40.74753904507017,-73.97266797483269
n00335,full360,,360.0,118.24392571708321,,1.2521428010688795,0.9172171443579133,East 39th Street,mid_block,421.12356431182303,40.74753904507017,-73.97266797483269
n00336,N_uptown,29.0,180.0,118.28090107153729,False,0.22847748910221238,0.8514616908657725,East 39th Street,mid_block,421.0799588507889,40.74762625279207,-73.9728752556414
n00336,E_east,119.0,180.0,118.28090107153729,True,0.30214717721067164,0.8302818039358973,East 39th Street,mid_block,421.0799588507889,40.74762625279207,-73.9728752556414
n00336,S_downtown,209.0,180.0,118.28090107153729,False,2.7200029301153603,0.9255133089850434,East 39th Street,mid_block,421.0799588507889,40.74762625279207,-73.9728752556414
n00336,W_west,299.0,180.0,118.28090107153729,True,2.6463332420069006,0.9527631851927719,East 39th Street,mid_block,421.0799588507889,40.74762625279207,-73.9728752556414
n00336,full360,,360.0,118.28090107153729,,1.474240209608786,0.8891355040498802,East 39th Street,mid_block,421.0799588507889,40.74762625279207,-73.9728752556414
n00337,N_uptown,29.0,180.0,118.3240507571962,False,2.6284518331851525,0.945444361917591,East 39th Street,mid_block,421.0513042919241,40.74771357892216,-73.97308245076941
n00337,E_east,119.0,180.0,118.3240507571962,True,1.3157981827320204,0.9431686924194207,East 39th Street,mid_block,421.0513042919241,40.74771357892216,-73.97308245076941
n00337,S_downtown,209.0,180.0,118.3240507571962,False,4.091483259870877,0.9463091304351418,East 39th Street,mid_block,421.0513042919241,40.74771357892216,-73.97308245076941
n00337,W_west,299.0,180.0,118.3240507571962,True,5.404136910324009,0.9493792411130567,East 39th Street,mid_block,421.0513042919241,40.74771357892216,-73.97308245076941
n00337,full360,,360.0,118.3240507571962,,3.359967546528014,0.945903229642457,East 39th Street,mid_block,421.0513042919241,40.74771357892216,-73.97308245076941
n00338,N_uptown,29.0,180.0,118.32405075468935,False,1.7671362906332908,0.9381968287344368,East 39th Street,mid_block,421.02259188252356,40.74780090468543,-73.97328964644494
n00338,E_east,119.0,180.0,118.32405075468935,True,2.818150926488955,0.9478958706672945,East 39th Street,mid_block,421.02259188252356,40.74780090468543,-73.97328964644494
n00338,S_downtown,209.0,180.0,118.32405075468935,False,4.650492900631883,0.9364157307685322,East 39th Street,mid_block,421.02259188252356,40.74780090468543,-73.97328964644494
n00338,W_west,299.0,180.0,118.32405075468935,True,3.5994782647762187,0.926050054975481,East 39th Street,mid_block,421.02259188252356,40.74780090468543,-73.97328964644494
n00338,full360,,360.0,118.32405075468935,,3.208814595632586,0.9371720917402142,East 39th Street,mid_block,421.02259188252356,40.74780090468543,-73.97328964644494
n00339,N_uptown,29.0,180.0,118.32174710671539,False,0.49210155993977145,0.8997001763337705,East 39th Street,mid_block,420.9633909563632,40.74797554243423,-73.97370404865717
n00339,E_east,119.0,180.0,118.32174710671539,True,0.3571236576647192,0.7845290472192266,East 39th Street,mid_block,420.9633909563632,40.74797554243423,-73.97370404865717
n00339,S_downtown,209.0,180.0,118.32174710671539,False,0.799267059418823,0.7900932569606657,East 39th Street,mid_block,420.9633909563632,40.74797554243423,-73.97370404865717
n00339,W_west,299.0,180.0,118.32174710671539,True,0.9342449616938753,0.9040506689031818,East 39th Street,mid_block,420.9633909563632,40.74797554243423,-73.97370404865717
n00339,full360,,360.0,118.32174710671539,,0.6456843096792974,0.8455206405038044,East 39th Street,mid_block,420.9633909563632,40.74797554243423,-73.97370404865717
n00340,N_uptown,29.0,180.0,118.33655749694788,False,0.9328156836701511,0.9640810874473319,East 39th Street,mid_block,420.93885524110095,40.7480629014893,-73.97391122090103
n00340,E_east,119.0,180.0,118.33655749694788,True,0.17424727935500378,0.9628905567049838,East 39th Street,mid_block,420.93885524110095,40.7480629014893,-73.97391122090103
n00340,S_downtown,209.0,180.0,118.33655749694788,False,4.603411651778371,0.9374495686287293,East 39th Street,mid_block,420.93885524110095,40.7480629014893,-73.97391122090103
n00340,W_west,299.0,180.0,118.33655749694788,True,5.361980056093519,0.9387936295135256,East 39th Street,mid_block,420.93885524110095,40.7480629014893,-73.97391122090103
n00340,full360,,360.0,118.33655749694788,,2.7681136677242613,0.9513942356702815,East 39th Street,mid_block,420.93885524110095,40.7480629014893,-73.97391122090103
n00341,N_uptown,29.0,180.0,118.3363843826872,False,3.80215948747049,0.9482403667440595,East 39th Street,mid_block,420.9142014635544,40.7481502597037,-73.97411839404462
n00341,E_east,119.0,180.0,118.3363843826872,True,10.050906391287745,0.886054214461303,East 39th Street,mid_block,420.9142014635544,40.7481502597037,-73.97411839404462
n00341,S_downtown,209.0,180.0,118.3363843826872,False,10.56117503042914,0.8566719859539721,East 39th Street,mid_block,420.9142014635544,40.7481502597037,-73.97411839404462
n00341,W_west,299.0,180.0,118.3363843826872,True,4.312428126611886,0.9245072183922135,East 39th Street,mid_block,420.9142014635544,40.7481502597037,-73.97411839404462
n00341,full360,,360.0,118.3363843826872,,7.1816672589498145,0.906317912925811,East 39th Street,mid_block,420.9142014635544,40.7481502597037,-73.97411839404462
n00342,N_uptown,29.0,180.0,118.320027090764,False,6.2632879065982445,0.9455594610200713,East 39th Street,mid_block,420.8838002505096,40.74823757256656,-73.97432560052057
n00342,E_east,119.0,180.0,118.320027090764,True,7.9100940215363735,0.919514574463408,East 39th Street,mid_block,420.8838002505096,40.74823757256656,-73.97432560052057
n00342,S_downtown,209.0,180.0,118.320027090764,False,10.67269582096319,0.8747499611858125,East 39th Street,mid_block,420.8838002505096,40.74823757256656,-73.97432560052057
n00342,W_west,299.0,180.0,118.320027090764,True,9.025889706025062,0.9035922829401544,East 39th Street,mid_block,420.8838002505096,40.74823757256656,-73.97432560052057
n00342,full360,,360.0,118.320027090764,,8.467991863780718,0.9117822887800864,East 39th Street,mid_block,420.8838002505096,40.74823757256656,-73.97432560052057
n00343,N_uptown,29.0,180.0,118.32442155564455,False,4.0068725014684246,0.9526256747503665,East 39th Street,mid_block,420.85486972138546,40.748324897148095,-73.97453279873656
n00343,E_east,119.0,180.0,118.32442155564455,True,6.261857487077122,0.9380768558966449,East 39th Street,mid_block,420.85486972138546,40.748324897148095,-73.97453279873656
n00343,S_downtown,209.0,180.0,118.32442155564455,False,5.6370860119245405,0.905094454318239,East 39th Street,mid_block,420.85486972138546,40.748324897148095,-73.97453279873656
n00343,W_west,299.0,180.0,118.32442155564455,True,3.3821010263158433,0.9214911828531142,East 39th Street,mid_block,420.85486972138546,40.748324897148095,-73.97453279873656
n00343,full360,,360.0,118.32442155564455,,4.8219792566964825,0.9296750483762631,East 39th Street,mid_block,420.85486972138546,40.748324897148095,-73.97453279873656
n00344,N_uptown,29.0,180.0,118.3348993224981,False,7.678584832750332,0.9403215977322275,East 39th Street,mid_block,420.8295258447523,40.74841225017853,-73.97473997650059
n00344,E_east,119.0,180.0,118.3348993224981,True,11.599068325819939,0.917997149455701,East 39th Street,mid_block,420.8295258447523,40.74841225017853,-73.97473997650059
n00344,S_downtown,209.0,180.0,118.3348993224981,False,14.413072369923214,0.8021948622753129,East 39th Street,mid_block,420.8295258447523,40.74841225017853,-73.97473997650059
n00344,W_west,299.0,180.0,118.3348993224981,True,10.492588876853606,0.8373706148390051,East 39th Street,mid_block,420.8295258447523,40.74841225017853,-73.97473997650059
n00344,full360,,360.0,118.3348993224981,,11.04582860133677,0.8781562433288317,East 39th Street,mid_block,420.8295258447523,40.74841225017853,-73.97473997650059
n00345,N_uptown,29.0,180.0,118.32635279951839,False,2.115367461922376,0.9131040622892608,East 39th Street,mid_block,420.8011513717058,40.748499579317354,-73.97494717189274
n00345,E_east,119.0,180.0,118.32635279951839,True,4.952623024024186,0.8382401134663401,East 39th Street,mid_block,420.8011513717058,40.748499579317354,-73.97494717189274
n00345,S_downtown,209.0,180.0,118.32635279951839,False,4.9653397250833065,0.8047442461934352,East 39th Street,mid_block,420.8011513717058,40.748499579317354,-73.97494717189274
n00345,W_west,299.0,180.0,118.32635279951839,True,2.1280841629814953,0.8807143598137943,East 39th Street,mid_block,420.8011513717058,40.748499579317354,-73.97494717189274
n00345,full360,,360.0,118.32635279951839,,3.5403535935028407,0.860516289918542,East 39th Street,mid_block,420.8011513717058,40.748499579317354,-73.97494717189274
n00346,N_uptown,29.0,180.0,118.78290287375995,False,1.1268258231169597,0.9406244189685661,East 39th Street,mid_block,420.93151813916944,40.748588158870234,-73.97515344152526
n00346,E_east,119.0,180.0,118.78290287375995,True,1.079861561609511,0.9314895048622231,East 39th Street,mid_block,420.93151813916944,40.748588158870234,-73.97515344152526
n00346,S_downtown,209.0,180.0,118.78290287375995,False,1.6171437080627893,0.9367090683932237,East 39th Street,mid_block,420.93151813916944,40.748588158870234,-73.97515344152526
n00346,W_west,299.0,180.0,118.78290287375995,True,1.6641079695702377,0.9456043575754065,East 39th Street,mid_block,420.93151813916944,40.748588158870234,-73.97515344152526
n00346,full360,,360.0,118.78290287375995,,1.3719847655898745,0.9386852080806299,East 39th Street,mid_block,420.93151813916944,40.748588158870234,-73.97515344152526
n00347,N_uptown,29.0,180.0,119.11518760503097,False,4.311466785869522,0.941744329512941,East 39th Street,mid_block,421.1774044461299,40.74867764841331,-73.97535903754704
n00347,E_east,119.0,180.0,119.11518760503097,True,1.9421484887394869,0.9344229393064306,East 39th Street,mid_block,421.1774044461299,40.74867764841331,-73.97535903754704
n00347,S_downtown,209.0,180.0,119.11518760503097,False,1.2616833335040687,0.8982083704108742,East 39th Street,mid_block,421.1774044461299,40.74867764841331,-73.97535903754704
n00347,W_west,299.0,180.0,119.11518760503097,True,3.6310016306341035,0.9125031727700647,East 39th Street,mid_block,421.1774044461299,40.74867764841331,-73.97535903754704
n00347,full360,,360.0,119.11518760503097,,2.7865750596867955,0.9242279104223197,East 39th Street,mid_block,421.1774044461299,40.74867764841331,-73.97535903754704
n00348,N_uptown,29.0,180.0,119.11518760270005,False,4.03309084407055,0.9349956341698867,East 39th Street,mid_block,421.42323309273115,40.74876713759531,-73.97556463412525
n00348,E_east,119.0,180.0,119.11518760270005,True,3.820410622955228,0.9435416024770945,East 39th Street,mid_block,421.42323309273115,40.74876713759531,-73.97556463412525
n00348,S_downtown,209.0,180.0,119.11518760270005,False,0.9442775253703646,0.8927541567132847,East 39th Street,mid_block,421.42323309273115,40.74876713759531,-73.97556463412525
n00348,W_west,299.0,180.0,119.11518760270005,True,1.1569577464856862,0.8831744258370134,East 39th Street,mid_block,421.42323309273115,40.74876713759531,-73.97556463412525
n00348,full360,,360.0,119.11518760270005,,2.488684184720457,0.9130438218189921,East 39th Street,mid_block,421.42323309273115,40.74876713759531,-73.97556463412525
n00349,N_uptown,29.0,180.0,118.45233851228065,False,1.0009207128799058,0.901304194150694,East 39th Street,mid_block,421.4536032526025,40.74894245782629,-73.975978459407
n00349,E_east,119.0,180.0,118.45233851228065,True,0.6688060478539151,0.8136001043961468,East 39th Street,mid_block,421.4536032526025,40.74894245782629,-73.975978459407
n00349,S_downtown,209.0,180.0,118.45233851228065,False,0.5966424720264455,0.8200957611049567,East 39th Street,mid_block,421.4536032526025,40.74894245782629,-73.975978459407
n00349,W_west,299.0,180.0,118.45233851228065,True,0.9287571370524362,0.9072659541491499,East 39th Street,mid_block,421.4536032526025,40.74894245782629,-73.975978459407
n00349,full360,,360.0,118.45233851228065,,0.7987815924531756,0.8608773481850978,East 39th Street,mid_block,421.4536032526025,40.74894245782629,-73.975978459407
n00350,N_uptown,29.0,180.0,117.20015465689082,False,2.095574690894529,0.958067752195088,East 39th Street,mid_block,421.03318470792374,40.74902667066133,-73.97618787458894
n00350,E_east,119.0,180.0,117.20015465689082,True,1.2653664086697665,0.9505075502279436,East 39th Street,mid_block,421.03318470792374,40.74902667066133,-73.97618787458894
n00350,S_downtown,209.0,180.0,117.20015465689082,False,1.3485161703137711,0.9267615089601995,East 39th Street,mid_block,421.03318470792374,40.74902667066133,-73.97618787458894
n00350,W_west,299.0,180.0,117.20015465689082,True,2.178724452538534,0.9344109392995289,East 39th Street,mid_block,421.03318470792374,40.74902667066133,-73.97618787458894
n00350,full360,,360.0,117.20015465689082,,1.7220454306041502,0.9426817044908326,East 39th Street,mid_block,421.03318470792374,40.74902667066133,-73.97618787458894
n00351,N_uptown,29.0,180.0,117.95506676317983,False,2.388108130191423,0.9494422528774473,East 39th Street,mid_block,420.8752628428772,40.749112973510485,-73.97639581168275
n00351,E_east,119.0,180.0,117.95506676317983,True,2.8144813965053284,0.936416010911995,East 39th Street,mid_block,420.8752628428772,40.749112973510485,-73.97639581168275
n00351,S_downtown,209.0,180.0,117.95506676317983,False,2.0473594209115977,0.9019980279042576,East 39th Street,mid_block,420.8752628428772,40.749112973510485,-73.97639581168275
n00351,W_west,299.0,180.0,117.95506676317983,True,1.6209861545976927,0.914274520079074,East 39th Street,mid_block,420.8752628428772,40.749112973510485,-73.97639581168275
n00351,full360,,360.0,117.95506676317983,,2.2177337755515105,0.9256882754540616,East 39th Street,mid_block,420.8752628428772,40.749112973510485,-73.97639581168275
n00352,N_uptown,29.0,180.0,118.03947101620555,False,0.9028076977909388,0.9342418429734421,East 39th Street,mid_block,420.7466394478547,40.749199509656776,-73.97660358384991
n00352,E_east,119.0,180.0,118.03947101620555,True,1.0182211689162606,0.9499436054375083,East 39th Street,mid_block,420.7466394478547,40.749199509656776,-73.97660358384991
n00352,S_downtown,209.0,180.0,118.03947101620555,False,1.9824498768625445,0.9100930257653155,East 39th Street,mid_block,420.7466394478547,40.749199509656776,-73.97660358384991
n00352,W_west,299.0,180.0,118.03947101620555,True,1.8670364057372226,0.8885578376667796,East 39th Street,mid_block,420.7466394478547,40.749199509656776,-73.97660358384991
n00352,full360,,360.0,118.03947101620555,,1.4426287873267416,0.9216452317808368,East 39th Street,mid_block,420.7466394478547,40.749199509656776,-73.97660358384991
n00353,N_uptown,29.0,180.0,118.03947101636234,False,1.749084591636759,0.9377475778574582,East 39th Street,mid_block,420.6179581359222,40.74928604543417,-73.9768113565613
n00353,E_east,119.0,180.0,118.03947101636234,True,3.2603756334645606,0.9484845072969975,East 39th Street,mid_block,420.6179581359222,40.74928604543417,-73.9768113565613
n00353,S_downtown,209.0,180.0,118.03947101636234,False,3.2278173147974445,0.9255055119833686,East 39th Street,mid_block,420.6179581359222,40.74928604543417,-73.9768113565613
n00353,W_west,299.0,180.0,118.03947101636234,True,1.7165262729696429,0.9138465323694285,East 39th Street,mid_block,420.6179581359222,40.74928604543417,-73.9768113565613
n00353,full360,,360.0,118.03947101636234,,2.488450953217102,0.9316002961380015,East 39th Street,mid_block,420.6179581359222,40.74928604543417,-73.9768113565613
n00354,N_uptown,29.0,180.0,118.17567379567245,False,0.967606692680765,0.9505984888469867,East 39th Street,mid_block,420.53659522979353,40.74937295508637,-73.9770188560249
n00354,E_east,119.0,180.0,118.17567379567245,True,0.34415349403782153,0.945275541110596,East 39th Street,mid_block,420.53659522979353,40.74937295508637,-73.9770188560249
n00354,S_downtown,209.0,180.0,118.17567379567245,False,2.678789867348366,0.9244529855853494,East 39th Street,mid_block,420.53659522979353,40.74937295508637,-73.9770188560249
n00354,W_west,299.0,180.0,118.17567379567245,True,3.30224306599131,0.9296604985568302,East 39th Street,mid_block,420.53659522979353,40.74937295508637,-73.9770188560249
n00354,full360,,360.0,118.17567379567245,,1.8231982800145656,0.9378670366123363,East 39th Street,mid_block,420.53659522979353,40.74937295508637,-73.9770188560249
n00355,N_uptown,29.0,180.0,118.80578331087264,False,1.7181199444982753,0.9357945594667637,East 39th Street,mid_block,420.67434551442807,40.7494615956887,-73.9772250894292
n00355,E_east,119.0,180.0,118.80578331087264,True,2.847371445212923,0.938755581611078,East 39th Street,mid_block,420.67434551442807,40.7494615956887,-73.9772250894292
n00355,S_downtown,209.0,180.0,118.80578331087264,False,1.2268565770199502,0.9207295315553773,East 39th Street,mid_block,420.67434551442807,40.7494615956887,-73.9772250894292
n00355,W_west,299.0,180.0,118.80578331087264,True,0.09760507630530231,0.916393034423949,East 39th Street,mid_block,420.67434551442807,40.7494615956887,-73.9772250894292
n00355,full360,,360.0,118.80578331087264,,1.4724882607591128,0.9280833757479752,East 39th Street,mid_block,420.67434551442807,40.7494615956887,-73.9772250894292
n00356,N_uptown,29.0,180.0,118.78777318011743,False,1.1843999458490408,0.866052212737602,East 39th Street,mid_block,420.8057736358103,40.74955018660237,-73.97743135996699
n00356,E_east,119.0,180.0,118.78777318011743,True,2.2602568179424654,0.8672305150351138,East 39th Street,mid_block,420.8057736358103,40.74955018660237,-73.97743135996699
n00356,S_downtown,209.0,180.0,118.78777318011743,False,2.319407233242593,0.8667092587108934,East 39th Street,mid_block,420.8057736358103,40.74955018660237,-73.97743135996699
n00356,W_west,299.0,180.0,118.78777318011743,True,1.243550361149168,0.8655274694164891,East 39th Street,mid_block,420.8057736358103,40.74955018660237,-73.97743135996699
n00356,full360,,360.0,118.78777318011743,,1.7519035895458168,0.8663742533332042,East 39th Street,mid_block,420.8057736358103,40.74955018660237,-73.97743135996699
n00357,N_uptown,29.0,180.0,119.47665334761282,False,1.841893662842302,0.9403108895682171,East 39th Street,mid_block,421.1767386250967,40.7496406565544,-73.97763621509277
n00357,E_east,119.0,180.0,119.47665334761282,True,1.065940439232554,0.9221000125473832,East 39th Street,mid_block,421.1767386250967,40.7496406565544,-73.97763621509277
n00357,S_downtown,209.0,180.0,119.47665334761282,False,1.8556123613730053,0.9220268649133818,East 39th Street,mid_block,421.1767386250967,40.7496406565544,-73.97763621509277
n00357,W_west,299.0,180.0,119.47665334761282,True,2.6315655849827526,0.9417247193535693,East 39th Street,mid_block,421.1767386250967,40.7496406565544,-73.97763621509277
n00357,full360,,360.0,119.47665334761282,,1.8487530121076536,0.9315765652660152,East 39th Street,mid_block,421.1767386250967,40.7496406565544,-73.97763621509277
n00358,N_uptown,29.0,180.0,119.50253813913803,False,5.818924128734962,0.9641260739188297,East 39th Street,mid_block,421.5566490740805,40.74973119676651,-73.97784101756775
n00358,E_east,119.0,180.0,119.50253813913803,True,5.7630449947439475,0.9374399704521745,East 39th Street,mid_block,421.5566490740805,40.74973119676651,-73.97784101756775
n00358,S_downtown,209.0,180.0,119.50253813913803,False,3.852029784305238,0.9210757736785545,East 39th Street,mid_block,421.5566490740805,40.74973119676651,-73.97784101756775
n00358,W_west,299.0,180.0,119.50253813913803,True,3.907908918296253,0.9491606412531602,East 39th Street,mid_block,421.5566490740805,40.74973119676651,-73.97784101756775
n00358,full360,,360.0,119.50253813913803,,4.8354769565201,0.9433870749193449,East 39th Street,mid_block,421.5566490740805,40.74973119676651,-73.97784101756775
n00359,N_uptown,29.0,180.0,119.50253813897379,False,1.763645686415371,0.9592187745029063,East 39th Street,mid_block,421.9365019669839,40.749821736620405,-73.9780458206034
n00359,E_east,119.0,180.0,119.50253813897379,True,2.411025976143477,0.9427997294622292,East 39th Street,mid_block,421.9365019669839,40.749821736620405,-73.9780458206034
n00359,S_downtown,209.0,180.0,119.50253813897379,False,1.561062011216664,0.933240208472143,East 39th Street,mid_block,421.9365019669839,40.749821736620405,-73.9780458206034
n00359,W_west,299.0,180.0,119.50253813897379,True,0.913681721488558,0.9510955874088416,East 39th Street,mid_block,421.9365019669839,40.749821736620405,-73.9780458206034
n00359,full360,,360.0,119.50253813897379,,1.6623538488160172,0.9469461425136128,East 39th Street,mid_block,421.9365019669839,40.749821736620405,-73.9780458206034
n00360,N_uptown,29.0,180.0,118.24095864004292,False,2.1327376693358255,0.9487840775433797,East 39th Street,mid_block,421.8775730361814,40.74990871645402,-73.97825293732488
n00360,E_east,119.0,180.0,118.24095864004292,True,2.6303902015200347,0.9369040737578762,East 39th Street,mid_block,421.8775730361814,40.74990871645402,-73.97825293732488
n00360,S_downtown,209.0,180.0,118.24095864004292,False,2.2632788624947784,0.9307181568171685,East 39th Street,mid_block,421.8775730361814,40.74990871645402,-73.97825293732488
n00360,W_west,299.0,180.0,118.24095864004292,True,1.7656263303105695,0.9434064320998207,East 39th Street,mid_block,421.8775730361814,40.74990871645402,-73.97825293732488
n00360,full360,,360.0,118.24095864004292,,2.198008265915302,0.9400909656912563,East 39th Street,mid_block,421.8775730361814,40.74990871645402,-73.97825293732488
n00361,N_uptown,29.0,180.0,113.44362306912022,False,0.0,0.9343596756016332,East 39th Street,mid_block,420.15417912027465,40.74998221688411,-73.9784688900733
n00361,E_east,119.0,180.0,113.44362306912022,True,1.9697086669063952,0.9226872862739552,East 39th Street,mid_block,420.15417912027465,40.74998221688411,-73.9784688900733
n00361,S_downtown,209.0,180.0,113.44362306912022,False,2.512162827048952,0.9281682506166798,East 39th Street,mid_block,420.15417912027465,40.74998221688411,-73.9784688900733
n00361,W_west,299.0,180.0,113.44362306912022,True,0.5424541601425565,0.9401145118254726,East 39th Street,mid_block,420.15417912027465,40.74998221688411,-73.9784688900733
n00361,full360,,360.0,113.44362306912022,,1.256081413524476,0.9314221522442717,East 39th Street,mid_block,420.15417912027465,40.74998221688411,-73.9784688900733
n00362,N_uptown,29.0,180.0,118.38522613809789,False,0.31557998779561264,0.9556945406831227,East 39th Street,mid_block,420.14524184274575,40.75006970131334,-73.97867597727085
n00362,E_east,119.0,180.0,118.38522613809789,True,0.6383021094357869,0.9459503575038267,East 39th Street,mid_block,420.14524184274575,40.75006970131334,-73.97867597727085
n00362,S_downtown,209.0,180.0,118.38522613809789,False,1.7063664039869628,0.9158808022502929,East 39th Street,mid_block,420.14524184274575,40.75006970131334,-73.97867597727085
n00362,W_west,299.0,180.0,118.38522613809789,True,1.3836442823467883,0.926027176840635,East 39th Street,mid_block,420.14524184274575,40.75006970131334,-73.97867597727085
n00362,full360,,360.0,118.38522613809789,,1.0109731958912875,0.9363517547832881,East 39th Street,mid_block,420.14524184274575,40.75006970131334,-73.97867597727085
n00363,N_uptown,29.0,180.0,118.51648797923463,False,0.09971862964378393,0.9100652142590971,East 39th Street,mid_block,420.1819039910261,40.750157545572755,-73.97888280005343
n00363,E_east,119.0,180.0,118.51648797923463,True,0.4861446750105728,0.9210283910307685,East 39th Street,mid_block,420.1819039910261,40.750157545572755,-73.97888280005343
n00363,S_downtown,209.0,180.0,118.51648797923463,False,2.6148646070710257,0.8176696074657082,East 39th Street,mid_block,420.1819039910261,40.750157545572755,-73.97888280005343
n00363,W_west,299.0,180.0,118.51648797923463,True,2.228438561704237,0.798744925181668,East 39th Street,mid_block,420.1819039910261,40.750157545572755,-73.97888280005343
n00363,full360,,360.0,118.51648797923463,,1.3572916183574049,0.8645890751143612,East 39th Street,mid_block,420.1819039910261,40.750157545572755,-73.97888280005343
n00364,N_uptown,29.0,180.0,118.72009003299848,False,2.349042734882699,0.9091387852308066,East 39th Street,mid_block,420.28932788998907,40.750245948206654,-73.97908921247948
n00364,E_east,119.0,180.0,118.72009003299848,True,2.69554567794903,0.824712474414727,East 39th Street,mid_block,420.28932788998907,40.750245948206654,-73.97908921247948
n00364,S_downtown,209.0,180.0,118.72009003299848,False,2.624683275526326,0.7949224136835858,East 39th Street,mid_block,420.28932788998907,40.750245948206654,-73.97908921247948
n00364,W_west,299.0,180.0,118.72009003299848,True,2.278180332459995,0.8797806412984722,East 39th Street,mid_block,420.28932788998907,40.750245948206654,-73.97908921247948
n00364,full360,,360.0,118.72009003299848,,2.4868630052045124,0.8519244174243304,East 39th Street,mid_block,420.28932788998907,40.750245948206654,-73.97908921247948
n00365,N_uptown,29.0,180.0,118.60608821495805,False,0.6377296923853465,0.9544349694009137,East 39th Street,mid_block,420.35703928197916,40.750334036272825,-73.97929585236598
n00365,E_east,119.0,180.0,118.60608821495805,True,1.6755917245916434,0.8616941744118919,East 39th Street,mid_block,420.35703928197916,40.750334036272825,-73.97929585236598
n00365,S_downtown,209.0,180.0,118.60608821495805,False,1.6808652846594285,0.8553592555333237,East 39th Street,mid_block,420.35703928197916,40.750334036272825,-73.97929585236598
n00365,W_west,299.0,180.0,118.60608821495805,True,0.6430032524531313,0.9463493183205676,East 39th Street,mid_block,420.35703928197916,40.750334036272825,-73.97929585236598
n00365,full360,,360.0,118.60608821495805,,1.1592974885223875,0.9042111355411174,East 39th Street,mid_block,420.35703928197916,40.750334036272825,-73.97929585236598
n00366,N_uptown,29.0,180.0,117.49019094561106,False,0.0028949214434054486,0.9517000072238164,East 39th Street,mid_block,420.03655978360337,40.75041904846981,-73.97950471341325
n00366,E_east,119.0,180.0,117.49019094561106,True,1.4791095709344986,0.9413246637544115,East 39th Street,mid_block,420.03655978360337,40.75041904846981,-73.97950471341325
n00366,S_downtown,209.0,180.0,117.49019094561106,False,2.2913705516400293,0.932967963117528,East 39th Street,mid_block,420.03655978360337,40.75041904846981,-73.97950471341325
n00366,W_west,299.0,180.0,117.49019094561106,True,0.8151559021489362,0.9434730368053356,East 39th Street,mid_block,420.03655978360337,40.75041904846981,-73.97950471341325
n00366,full360,,360.0,117.49019094561106,,1.1471327365417174,0.9423763665376641,East 39th Street,mid_block,420.03655978360337,40.75041904846981,-73.97950471341325
n00367,N_uptown,29.0,180.0,117.49019094561106,False,0.0,0.9240104493626335,East 39th Street,mid_block,419.7160222495198,40.7505040602939,-73.97971357499821
n00367,E_east,119.0,180.0,117.49019094561106,True,1.5281015898524093,0.9285569763404746,East 39th Street,mid_block,419.7160222495198,40.7505040602939,-73.97971357499821
n00367,S_downtown,209.0,180.0,117.49019094561106,False,2.064354074825059,0.9320608913216557,East 39th Street,mid_block,419.7160222495198,40.7505040602939,-73.97971357499821
n00367,W_west,299.0,180.0,117.49019094561106,True,0.5362524849726493,0.9291378252261189,East 39th Street,mid_block,419.7160222495198,40.7505040602939,-73.97971357499821
n00367,full360,,360.0,117.49019094561106,,1.0321770374125292,0.928835736941271,East 39th Street,mid_block,419.7160222495198,40.7505040602939,-73.97971357499821
n00368,N_uptown,29.0,180.0,117.67402175389618,False,0.0,0.9515282095816967,East 39th Street,mid_block,419.4593676058432,40.75058957933229,-73.97992207349635
n00368,E_east,119.0,180.0,117.67402175389618,True,1.1604312193179747,0.9453399916262216,East 39th Street,mid_block,419.4593676058432,40.75058957933229,-73.97992207349635
n00368,S_downtown,209.0,180.0,117.67402175389618,False,2.180495369161048,0.9370073276504514,East 39th Street,mid_block,419.4593676058432,40.75058957933229,-73.97992207349635
n00368,W_west,299.0,180.0,117.67402175389618,True,1.020064149843073,0.9431275456484131,East 39th Street,mid_block,419.4593676058432,40.75058957933229,-73.97992207349635
n00368,full360,,360.0,117.67402175389618,,1.090247684580524,0.9442517137923016,East 39th Street,mid_block,419.4593676058432,40.75058957933229,-73.97992207349635
n00369,N_uptown,29.0,180.0,118.34084244591025,False,0.0,0.9502673842814514,East 39th Street,mid_block,419.43458701338886,40.7506769391651,-73.98012925356856
n00369,E_east,119.0,180.0,118.34084244591025,True,7.658114215289298,0.9412631109645883,East 39th Street,mid_block,419.43458701338886,40.7506769391651,-73.98012925356856
n00369,S_downtown,209.0,180.0,118.34084244591025,False,8.271905975921598,0.928622792665007,East 39th Street,mid_block,419.43458701338886,40.7506769391651,-73.98012925356856
n00369,W_west,299.0,180.0,118.34084244591025,True,0.613791760632301,0.939566514151784,East 39th Street,mid_block,419.43458701338886,40.7506769391651,-73.98012925356856
n00369,full360,,360.0,118.34084244591025,,4.135952987960799,0.9403792979365174,East 39th Street,mid_block,419.43458701338886,40.7506769391651,-73.98012925356856
n00370,N_uptown,29.0,180.0,118.34919182613538,False,1.329987987840773,0.9455471098476486,East 39th Street,mid_block,419.4126527842617,40.7507643215516,-73.98033641735495
n00370,E_east,119.0,180.0,118.34919182613538,True,0.6970031151140208,0.933394777581044,East 39th Street,mid_block,419.4126527842617,40.7507643215516,-73.98033641735495
n00370,S_downtown,209.0,180.0,118.34919182613538,False,0.36949021968671447,0.9294253089586053,East 39th Street,mid_block,419.4126527842617,40.7507643215516,-73.98033641735495
n00370,W_west,299.0,180.0,118.34919182613538,True,1.0024750924134664,0.9420058583847942,East 39th Street,mid_block,419.4126527842617,40.7507643215516,-73.98033641735495
n00370,full360,,360.0,118.34919182613538,,0.8497391037637435,0.937907254988968,East 39th Street,mid_block,419.4126527842617,40.7507643215516,-73.98033641735495
n00371,N_uptown,29.0,180.0,118.44106655884842,False,0.649544915836232,0.9398692075583402,East 39th Street,mid_block,419.4226180055216,40.7508519561247,-73.98054339726596
n00371,E_east,119.0,180.0,118.44106655884842,True,0.18443531097176882,0.9299894350936162,East 39th Street,mid_block,419.4226180055216,40.7508519561247,-73.98054339726596
n00371,S_downtown,209.0,180.0,118.44106655884842,False,0.09443234824088699,0.9225247183196713,East 39th Street,mid_block,419.4226180055216,40.7508519561247,-73.98054339726596
n00371,W_west,299.0,180.0,118.44106655884842,True,0.5595419531053503,0.9329243888745163,East 39th Street,mid_block,419.4226180055216,40.7508519561247,-73.98054339726596
n00371,full360,,360.0,118.44106655884842,,0.37198863203855953,0.9314286461773975,East 39th Street,mid_block,419.4226180055216,40.7508519561247,-73.98054339726596
n00372,N_uptown,29.0,180.0,117.64485523038022,False,0.0,0.9107173988183767,East 39th Street,mid_block,419.1555906708627,40.75093739194098,-73.98075195267202
n00372,E_east,119.0,180.0,117.64485523038022,True,0.0,0.8395765131529769,East 39th Street,mid_block,419.1555906708627,40.75093739194098,-73.98075195267202
n00372,S_downtown,209.0,180.0,117.64485523038022,False,0.0,0.8712569682931848,East 39th Street,mid_block,419.1555906708627,40.75093739194098,-73.98075195267202
n00372,W_west,299.0,180.0,117.64485523038022,True,0.0,0.9416195135184396,East 39th Street,mid_block,419.1555906708627,40.75093739194098,-73.98075195267202
n00372,full360,,360.0,117.64485523038022,,0.0,0.8907825942549532,East 39th Street,mid_block,419.1555906708627,40.75093739194098,-73.98075195267202
n00373,N_uptown,29.0,180.0,115.9463706653769,False,0.0,0.9265638230589655,East 40th Street,mid_block,497.7405586626529,40.751590816802604,-73.98037501335884
n00373,E_east,119.0,180.0,115.9463706653769,True,0.0,0.8953284727397993,East 40th Street,mid_block,497.7405586626529,40.751590816802604,-73.98037501335884
n00373,S_downtown,209.0,180.0,115.9463706653769,False,0.011050290192465347,0.8745743776480503,East 40th Street,mid_block,497.7405586626529,40.751590816802604,-73.98037501335884
n00373,W_west,299.0,180.0,115.9463706653769,True,0.011050290192465347,0.9089042086358593,East 40th Street,mid_block,497.7405586626529,40.751590816802604,-73.98037501335884
n00373,full360,,360.0,115.9463706653769,,0.005525145096232673,0.901212763785799,East 40th Street,mid_block,497.7405586626529,40.751590816802604,-73.98037501335884
n00374,N_uptown,29.0,180.0,115.9463706653769,False,0.005345045617991282,0.9603632417486389,East 40th Street,mid_block,498.5968235317572,40.751510239082435,-73.98016353385938
n00374,E_east,119.0,180.0,115.9463706653769,True,0.0,0.9549396561648092,East 40th Street,mid_block,498.5968235317572,40.751510239082435,-73.98016353385938
n00374,S_downtown,209.0,180.0,115.9463706653769,False,0.0785919750679274,0.9259564129718539,East 40th Street,mid_block,498.5968235317572,40.751510239082435,-73.98016353385938
n00374,W_west,299.0,180.0,115.9463706653769,True,0.08393702068591868,0.9303174997059134,East 40th Street,mid_block,498.5968235317572,40.751510239082435,-73.98016353385938
n00374,full360,,360.0,115.9463706653769,,0.04196851034295934,0.9439601257789328,East 40th Street,mid_block,498.5968235317572,40.751510239082435,-73.98016353385938
n00375,N_uptown,29.0,180.0,118.00728304624644,False,0.03836784930836052,0.9624623327880916,East 40th Street,mid_block,498.73773653496784,40.75142379886934,-73.97995568795695
n00375,E_east,119.0,180.0,118.00728304624644,True,0.03836784930836052,0.9515878290602955,East 40th Street,mid_block,498.73773653496784,40.75142379886934,-73.97995568795695
n00375,S_downtown,209.0,180.0,118.00728304624644,False,0.0,0.9352347957837279,East 40th Street,mid_block,498.73773653496784,40.75142379886934,-73.97995568795695
n00375,W_west,299.0,180.0,118.00728304624644,True,0.0,0.9491014361643604,East 40th Street,mid_block,498.73773653496784,40.75142379886934,-73.97995568795695
n00375,full360,,360.0,118.00728304624644,,0.01918392465418026,0.9503565411009531,East 40th Street,mid_block,498.73773653496784,40.75142379886934,-73.97995568795695
n00376,N_uptown,29.0,180.0,117.91809803583084,False,0.37034566246005485,0.9603269758608945,East 40th Street,mid_block,498.9096138131242,40.75133760358284,-73.97974766388462
n00376,E_east,119.0,180.0,117.91809803583084,True,0.15730344605462857,0.9501388085107666,East 40th Street,mid_block,498.9096138131242,40.75133760358284,-73.97974766388462
n00376,S_downtown,209.0,180.0,117.91809803583084,False,0.0,0.9432480614742536,East 40th Street,mid_block,498.9096138131242,40.75133760358284,-73.97974766388462
n00376,W_west,299.0,180.0,117.91809803583084,True,0.2130422164054263,0.9534481089033326,East 40th Street,mid_block,498.9096138131242,40.75133760358284,-73.97974766388462
n00376,full360,,360.0,117.91809803583084,,0.18517283123002742,0.9519335400466417,East 40th Street,mid_block,498.9096138131242,40.75133760358284,-73.97974766388462
n00377,N_uptown,29.0,180.0,117.91809803598699,False,0.000857445957810309,0.9628317022532781,East 40th Street,mid_block,499.08143313973414,40.75125140792648,-73.97953964035511
n00377,E_east,119.0,180.0,117.91809803598699,True,0.8169775003336125,0.9549217647783471,East 40th Street,mid_block,499.08143313973414,40.75125140792648,-73.97953964035511
n00377,S_downtown,209.0,180.0,117.91809803598699,False,0.8320565054309196,0.9483115754433191,East 40th Street,mid_block,499.08143313973414,40.75125140792648,-73.97953964035511
n00377,W_west,299.0,180.0,117.91809803598699,True,0.0159364510551174,0.9564610736785262,East 40th Street,mid_block,499.08143313973414,40.75125140792648,-73.97953964035511
n00377,full360,,360.0,117.91809803598699,,0.416456975694365,0.9557043347144709,East 40th Street,mid_block,499.08143313973414,40.75125140792648,-73.97953964035511
n00378,N_uptown,29.0,180.0,117.91809803598699,False,0.01839862312735072,0.9507084003792106,East 40th Street,mid_block,499.2531945154845,40.75116521190027,-73.97933161736842
n00378,E_east,119.0,180.0,117.91809803598699,True,0.060935486025244893,0.9474810435441818,East 40th Street,mid_block,499.2531945154845,40.75116521190027,-73.97933161736842
n00378,S_downtown,209.0,180.0,117.91809803598699,False,2.714776813730682,0.9497423688869354,East 40th Street,mid_block,499.2531945154845,40.75116521190027,-73.97933161736842
n00378,W_west,299.0,180.0,117.91809803598699,True,2.6722399508327883,0.9527910736178801,East 40th Street,mid_block,499.2531945154845,40.75116521190027,-73.97933161736842
n00378,full360,,360.0,117.91809803598699,,1.3665877184290165,0.9501750575314337,East 40th Street,mid_block,499.2531945154845,40.75116521190027,-73.97933161736842
n00379,N_uptown,29.0,180.0,117.91809803583084,False,0.09010347176241575,0.9575158069632747,East 40th Street,mid_block,499.4248979422241,40.75107901550422,-73.9791235949245
n00379,E_east,119.0,180.0,117.91809803583084,True,0.09010347176241575,0.9495294098400197,East 40th Street,mid_block,499.4248979422241,40.75107901550422,-73.9791235949245
n00379,S_downtown,209.0,180.0,117.91809803583084,False,0.0070410363714692534,0.9376212552017318,East 40th Street,mid_block,499.4248979422241,40.75107901550422,-73.9791235949245
n00379,W_west,299.0,180.0,117.91809803583084,True,0.0070410363714692534,0.949342513147744,East 40th Street,mid_block,499.4248979422241,40.75107901550422,-73.9791235949245
n00379,full360,,360.0,117.91809803583084,,0.048572254066942495,0.9494402631634934,East 40th Street,mid_block,499.4248979422241,40.75107901550422,-73.9791235949245
n00380,N_uptown,29.0,180.0,117.91809803598699,False,0.08060974819199429,0.9371065275398193,East 40th Street,mid_block,499.59654341821016,40.75099281873832,-73.97891557302341
n00380,E_east,119.0,180.0,117.91809803598699,True,0.08060974819199429,0.9214411366773327,East 40th Street,mid_block,499.59654341821016,40.75099281873832,-73.97891557302341
n00380,S_downtown,209.0,180.0,117.91809803598699,False,0.0,0.9449716089707889,East 40th Street,mid_block,499.59654341821016,40.75099281873832,-73.97891557302341
n00380,W_west,299.0,180.0,117.91809803598699,True,0.0,0.9599148139020739,East 40th Street,mid_block,499.59654341821016,40.75099281873832,-73.97891557302341
n00380,full360,,360.0,117.91809803598699,,0.040304874095997145,0.9410058508078653,East 40th Street,mid_block,499.59654341821016,40.75099281873832,-73.97891557302341
n00381,N_uptown,29.0,180.0,118.78818375508003,False,0.5037359116993378,0.9285520240198895,East 40th Street,mid_block,499.46549859397635,40.75090423703946,-73.9787093149005
n00381,E_east,119.0,180.0,118.78818375508003,True,0.4652187212141835,0.849711515097407,East 40th Street,mid_block,499.46549859397635,40.75090423703946,-73.9787093149005
n00381,S_downtown,209.0,180.0,118.78818375508003,False,1.0493413419477837,0.8348259540018383,East 40th Street,mid_block,499.46549859397635,40.75090423703946,-73.9787093149005
n00381,W_west,299.0,180.0,118.78818375508003,True,1.087858532432938,0.9141933599132489,East 40th Street,mid_block,499.46549859397635,40.75090423703946,-73.9787093149005
n00381,full360,,360.0,118.78818375508003,,0.7765386268235608,0.8817024150220091,East 40th Street,mid_block,499.46549859397635,40.75090423703946,-73.9787093149005
n00382,N_uptown,29.0,180.0,119.02358221229889,False,1.7903523746365002,0.9218370148050985,East 40th Street,mid_block,499.25251011092644,40.750815004486554,-73.9785035219436
n00382,E_east,119.0,180.0,119.02358221229889,True,2.049691872763909,0.9288830575039827,East 40th Street,mid_block,499.25251011092644,40.750815004486554,-73.9785035219436
n00382,S_downtown,209.0,180.0,119.02358221229889,False,0.5953841863348193,0.8570372146431354,East 40th Street,mid_block,499.25251011092644,40.750815004486554,-73.9785035219436
n00382,W_west,299.0,180.0,119.02358221229889,True,0.33604468820741107,0.8445172698794113,East 40th Street,mid_block,499.25251011092644,40.750815004486554,-73.9785035219436
n00382,full360,,360.0,119.02358221229889,,1.1928682804856598,0.8881743811480616,East 40th Street,mid_block,499.25251011092644,40.750815004486554,-73.9785035219436
n00383,N_uptown,29.0,180.0,118.31707406475405,False,2.73781031910577,0.9374928155687939,East 40th Street,mid_block,499.2852041232795,40.75072771227334,-73.97829630821866
n00383,E_east,119.0,180.0,118.31707406475405,True,0.7371648104185542,0.9568422634980965,East 40th Street,mid_block,499.2852041232795,40.75072771227334,-73.97829630821866
n00383,S_downtown,209.0,180.0,118.31707406475405,False,0.0,0.9582771041262026,East 40th Street,mid_block,499.2852041232795,40.75072771227334,-73.97829630821866
n00383,W_west,299.0,180.0,118.31707406475405,True,2.0006455086872155,0.9390124366657138,East 40th Street,mid_block,499.2852041232795,40.75072771227334,-73.97829630821866
n00383,full360,,360.0,118.31707406475405,,1.368905159552885,0.9481810491189032,East 40th Street,mid_block,499.2852041232795,40.75072771227334,-73.97829630821866
n00384,N_uptown,29.0,180.0,118.80409319423069,False,1.792792060735879,0.9570052621063836,East 40th Street,mid_block,499.14844081242427,40.750639078167374,-73.97809006603624
n00384,E_east,119.0,180.0,118.80409319423069,True,0.30619848547565853,0.9619645067685177,East 40th Street,mid_block,499.14844081242427,40.750639078167374,-73.97809006603624
n00384,S_downtown,209.0,180.0,118.80409319423069,False,0.0,0.9605397989965926,East 40th Street,mid_block,499.14844081242427,40.750639078167374,-73.97809006603624
n00384,W_west,299.0,180.0,118.80409319423069,True,1.4865935752602202,0.955554955061824,East 40th Street,mid_block,499.14844081242427,40.750639078167374,-73.97809006603624
n00384,full360,,360.0,118.80409319423069,,0.8963960303679395,0.9587987904591708,East 40th Street,mid_block,499.14844081242427,40.750639078167374,-73.97809006603624
n00385,N_uptown,29.0,180.0,118.80409319439137,False,3.319240473551413,0.9482640666367818,East 40th Street,mid_block,499.01161975797623,40.75055044369802,-73.97788382440685
n00385,E_east,119.0,180.0,118.80409319439137,True,1.4599804610665255,0.9703154280656321,East 40th Street,mid_block,499.01161975797623,40.75055044369802,-73.97788382440685
n00385,S_downtown,209.0,180.0,118.80409319439137,False,0.0,0.9635931738256615,East 40th Street,mid_block,499.01161975797623,40.75055044369802,-73.97788382440685
n00385,W_west,299.0,180.0,118.80409319439137,True,1.8592600124848875,0.9419114292932299,East 40th Street,mid_block,499.01161975797623,40.75055044369802,-73.97788382440685
n00385,full360,,360.0,118.80409319439137,,1.6596202367757065,0.9564597709811091,East 40th Street,mid_block,499.01161975797623,40.75055044369802,-73.97788382440685
n00386,N_uptown,29.0,180.0,118.80409319439137,False,4.564294843086428,0.9440698670135593,East 40th Street,mid_block,498.8747409606223,40.750461808865275,-73.97767758333046
n00386,E_east,119.0,180.0,118.80409319439137,True,2.4421751069285893,0.9609220722694206,East 40th Street,mid_block,498.8747409606223,40.750461808865275,-73.97767758333046
n00386,S_downtown,209.0,180.0,118.80409319439137,False,0.03180307084707512,0.9434699269708323,East 40th Street,mid_block,498.8747409606223,40.750461808865275,-73.97767758333046
n00386,W_west,299.0,180.0,118.80409319439137,True,2.1539228070049146,0.9251357541683087,East 40th Street,mid_block,498.8747409606223,40.750461808865275,-73.97767758333046
n00386,full360,,360.0,118.80409319439137,,2.2980489569667517,0.9437422739077077,East 40th Street,mid_block,498.8747409606223,40.750461808865275,-73.97767758333046
n00387,N_uptown,29.0,180.0,118.77921467394074,False,0.7072310434846306,0.963103574817273,East 40th Street,mid_block,498.7464578784343,40.75037324180074,-73.97747129226502
n00387,E_east,119.0,180.0,118.77921467394074,True,0.20531861630495524,0.9688974727609408,East 40th Street,mid_block,498.7464578784343,40.75037324180074,-73.97747129226502
n00387,S_downtown,209.0,180.0,118.77921467394074,False,0.20531861630495524,0.9635858651622116,East 40th Street,mid_block,498.7464578784343,40.75037324180074,-73.97747129226502
n00387,W_west,299.0,180.0,118.77921467394074,True,0.7072310434846306,0.9571142424867144,East 40th Street,mid_block,498.7464578784343,40.75037324180074,-73.97747129226502
n00387,full360,,360.0,118.77921467394074,,0.4562748298947929,0.9633440281670621,East 40th Street,mid_block,498.7464578784343,40.75037324180074,-73.97747129226502
n00388,N_uptown,29.0,180.0,118.47140280185879,False,1.3544874914985494,0.9593417437873156,East 40th Street,mid_block,498.7251839037146,40.750285518678126,-73.97726437955902
n00388,E_east,119.0,180.0,118.47140280185879,True,0.964108163837261,0.9637380715952092,East 40th Street,mid_block,498.7251839037146,40.750285518678126,-73.97726437955902
n00388,S_downtown,209.0,180.0,118.47140280185879,False,0.31497065102842237,0.9621704570112974,East 40th Street,mid_block,498.7251839037146,40.750285518678126,-73.97726437955902
n00388,W_west,299.0,180.0,118.47140280185879,True,0.7053499786897109,0.9575232710133535,East 40th Street,mid_block,498.7251839037146,40.750285518678126,-73.97726437955902
n00388,full360,,360.0,118.47140280185879,,0.8347290712634859,0.9608033762384595,East 40th Street,mid_block,498.7251839037146,40.750285518678126,-73.97726437955902
n00389,N_uptown,29.0,180.0,118.44624093016846,False,0.30099930031974625,0.9438475910686055,East 40th Street,mid_block,498.7126042280598,40.750197864115506,-73.97705741632505
n00389,E_east,119.0,180.0,118.44624093016846,True,0.6411530926342801,0.8516636292426444,East 40th Street,mid_block,498.7126042280598,40.750197864115506,-73.97705741632505
n00389,S_downtown,209.0,180.0,118.44624093016846,False,0.6411530926342801,0.856831654842604,East 40th Street,mid_block,498.7126042280598,40.750197864115506,-73.97705741632505
n00389,W_west,299.0,180.0,118.44624093016846,True,0.30099930031974625,0.9474657636493862,East 40th Street,mid_block,498.7126042280598,40.750197864115506,-73.97705741632505
n00389,full360,,360.0,118.44624093016846,,0.47107619647701326,0.9014323118061102,East 40th Street,mid_block,498.7126042280598,40.750197864115506,-73.97705741632505
n00390,N_uptown,29.0,180.0,118.37713132895462,False,0.02325274587388813,0.9276971834656029,East 40th Street,mid_block,498.72400540370234,40.75011039927708,-73.97685031518996
n00390,E_east,119.0,180.0,118.37713132895462,True,1.622595402764361,0.9423786389773362,East 40th Street,mid_block,498.72400540370234,40.75011039927708,-73.97685031518996
n00390,S_downtown,209.0,180.0,118.37713132895462,False,2.2465805621226775,0.8652519994392761,East 40th Street,mid_block,498.72400540370234,40.75011039927708,-73.97685031518996
n00390,W_west,299.0,180.0,118.37713132895462,True,0.6472379052322051,0.8490363666542624,East 40th Street,mid_block,498.72400540370234,40.75011039927708,-73.97685031518996
n00390,full360,,360.0,118.37713132895462,,1.1349166539982831,0.8981157256783032,East 40th Street,mid_block,498.72400540370234,40.75011039927708,-73.97685031518996
n00391,N_uptown,29.0,180.0,118.40599465759324,False,0.025296948722861076,0.9516127231484945,East 40th Street,mid_block,498.7253090996964,40.750022854519415,-73.97664327204171
n00391,E_east,119.0,180.0,118.40599465759324,True,4.296737737485054,0.9592863564319288,East 40th Street,mid_block,498.7253090996964,40.750022854519415,-73.97664327204171
n00391,S_downtown,209.0,180.0,118.40599465759324,False,6.333379296296762,0.9480925646783187,East 40th Street,mid_block,498.7253090996964,40.750022854519415,-73.97664327204171
n00391,W_west,299.0,180.0,118.40599465759324,True,2.06193850753457,0.9376512315279831,East 40th Street,mid_block,498.7253090996964,40.750022854519415,-73.97664327204171
n00391,full360,,360.0,118.40599465759324,,3.1793381225098116,0.9499295475192221,East 40th Street,mid_block,498.7253090996964,40.750022854519415,-73.97664327204171
n00392,N_uptown,29.0,180.0,118.40599465743459,False,0.0,0.9674795585005979,East 40th Street,mid_block,498.72655495991455,40.74993530939549,-73.97643622944194
n00392,E_east,119.0,180.0,118.40599465743459,True,3.6058478010243586,0.9628381303176131,East 40th Street,mid_block,498.72655495991455,40.74993530939549,-73.97643622944194
n00392,S_downtown,209.0,180.0,118.40599465743459,False,7.35461094610288,0.9505217328047394,East 40th Street,mid_block,498.72655495991455,40.74993530939549,-73.97643622944194
n00392,W_west,299.0,180.0,118.40599465743459,True,3.74876314507852,0.9586227388363375,East 40th Street,mid_block,498.72655495991455,40.74993530939549,-73.97643622944194
n00392,full360,,360.0,118.40599465743459,,3.67730547305144,0.9608118901685192,East 40th Street,mid_block,498.72655495991455,40.74993530939549,-73.97643622944194
n00393,N_uptown,29.0,180.0,118.40599465759324,False,1.0772873476830536,0.9539498151383474,East 40th Street,mid_block,498.72774298298276,40.74984776390529,-73.97622918739066
n00393,E_east,119.0,180.0,118.40599465759324,True,2.2145011373562085,0.9519332089771725,East 40th Street,mid_block,498.72774298298276,40.74984776390529,-73.97622918739066
n00393,S_downtown,209.0,180.0,118.40599465759324,False,8.711915756035033,0.9498825256489912,East 40th Street,mid_block,498.72774298298276,40.74984776390529,-73.97622918739066
n00393,W_west,299.0,180.0,118.40599465759324,True,7.574701966361877,0.9522113628227534,East 40th Street,mid_block,498.72774298298276,40.74984776390529,-73.97622918739066
n00393,full360,,360.0,118.40599465759324,,4.894601551859043,0.9520627343927808,East 40th Street,mid_block,498.72774298298276,40.74984776390529,-73.97622918739066
n00394,N_uptown,29.0,180.0,118.40599465759324,False,1.2552935795561433,0.949556582779522,East 40th Street,mid_block,498.72887316832015,40.749760218048806,-73.97602214588787
n00394,E_east,119.0,180.0,118.40599465759324,True,0.9713646528659463,0.9267474760002721,East 40th Street,mid_block,498.72887316832015,40.749760218048806,-73.97602214588787
n00394,S_downtown,209.0,180.0,118.40599465759324,False,0.790760995352946,0.9301808160892364,East 40th Street,mid_block,498.72887316832015,40.749760218048806,-73.97602214588787
n00394,W_west,299.0,180.0,118.40599465759324,True,1.0746899220431432,0.9530089812277441,East 40th Street,mid_block,498.72887316832015,40.749760218048806,-73.97602214588787
n00394,full360,,360.0,118.40599465759324,,1.0230272874545447,0.9399044191184742,East 40th Street,mid_block,498.72887316832015,40.749760218048806,-73.97602214588787
n00395,N_uptown,29.0,180.0,118.40636875899655,False,6.0860740488765375,0.9409489313873739,East 40th Street,mid_block,498.7298153948517,40.74967267079803,-73.97581510568521
n00395,E_east,119.0,180.0,118.40636875899655,True,3.0958734468458546,0.9411202173174337,East 40th Street,mid_block,498.7298153948517,40.74967267079803,-73.97581510568521
n00395,S_downtown,209.0,180.0,118.40636875899655,False,0.7327695520731907,0.908301970545135,East 40th Street,mid_block,498.7298153948517,40.74967267079803,-73.97581510568521
n00395,W_west,299.0,180.0,118.40636875899655,True,3.7229701541038733,0.9054171355277812,East 40th Street,mid_block,498.7298153948517,40.74967267079803,-73.97581510568521
n00395,full360,,360.0,118.40636875899655,,3.4094218004748633,0.924140137450316,East 40th Street,mid_block,498.7298153948517,40.74967267079803,-73.97581510568521
n00396,N_uptown,29.0,180.0,118.40675405239308,False,6.303191118114435,0.9503240954341639,East 40th Street,mid_block,498.73056576612817,40.749585122122156,-73.97560806680518
n00396,E_east,119.0,180.0,118.40675405239308,True,0.00035208224413284977,0.9546875779614815,East 40th Street,mid_block,498.73056576612817,40.749585122122156,-73.97560806680518
n00396,S_downtown,209.0,180.0,118.40675405239308,False,0.05841716938674065,0.9243602903552869,East 40th Street,mid_block,498.73056576612817,40.749585122122156,-73.97560806680518
n00396,W_west,299.0,180.0,118.40675405239308,True,6.361256205257042,0.9155672738234897,East 40th Street,mid_block,498.73056576612817,40.749585122122156,-73.97560806680518
n00396,full360,,360.0,118.40675405239308,,3.1808041437505876,0.9365297940203268,East 40th Street,mid_block,498.73056576612817,40.749585122122156,-73.97560806680518
n00397,N_uptown,29.0,180.0,118.39343110772222,False,0.19736304501470053,0.9321771744471954,East 40th Street,mid_block,498.7411613427413,40.749410096908704,-73.97519393718214
n00397,E_east,119.0,180.0,118.39343110772222,True,0.41969646551485423,0.9489046192904697,East 40th Street,mid_block,498.7411613427413,40.749410096908704,-73.97519393718214
n00397,S_downtown,209.0,180.0,118.39343110772222,False,0.47016911064610156,0.865944452031932,East 40th Street,mid_block,498.7411613427413,40.749410096908704,-73.97519393718214
n00397,W_west,299.0,180.0,118.39343110772222,True,0.2478356901459479,0.836672775582229,East 40th Street,mid_block,498.7411613427413,40.749410096908704,-73.97519393718214
n00397,full360,,360.0,118.39343110772222,,0.3337660778304011,0.8967496138077664,East 40th Street,mid_block,498.7411613427413,40.749410096908704,-73.97519393718214
n00398,N_uptown,29.0,180.0,118.39097492779165,False,0.010905954504823526,0.9581719905726361,East 40th Street,mid_block,498.74722671504776,40.749322590499276,-73.97498686825121
n00398,E_east,119.0,180.0,118.39097492779165,True,0.06996958117452375,0.9525919289350083,East 40th Street,mid_block,498.74722671504776,40.749322590499276,-73.97498686825121
n00398,S_downtown,209.0,180.0,118.39097492779165,False,1.2844257484974464,0.9457288675238034,East 40th Street,mid_block,498.74722671504776,40.749322590499276,-73.97498686825121
n00398,W_west,299.0,180.0,118.39097492779165,True,1.2253621218277462,0.9516433937072678,East 40th Street,mid_block,498.74722671504776,40.749322590499276,-73.97498686825121
n00398,full360,,360.0,118.39097492779165,,0.6476658515011349,0.9521178948292024,East 40th Street,mid_block,498.74722671504776,40.749322590499276,-73.97498686825121
n00399,N_uptown,29.0,180.0,118.39097492795021,False,1.392731606898538,0.9544875763781543,East 40th Street,mid_block,498.75323424983196,40.749235083723505,-73.97477979986861
n00399,E_east,119.0,180.0,118.39097492795021,True,1.3908530342724976,0.9419718662734021,East 40th Street,mid_block,498.75323424983196,40.749235083723505,-73.97477979986861
n00399,S_downtown,209.0,180.0,118.39097492795021,False,0.0077790108681026595,0.9452935261738693,East 40th Street,mid_block,498.75323424983196,40.749235083723505,-73.97477979986861
n00399,W_west,299.0,180.0,118.39097492795021,True,0.009657583494143038,0.9570023837097122,East 40th Street,mid_block,498.75323424983196,40.749235083723505,-73.97477979986861
n00399,full360,,360.0,118.39097492795021,,0.7002553088833203,0.9497603451172324,East 40th Street,mid_block,498.75323424983196,40.749235083723505,-73.97477979986861
n00400,N_uptown,29.0,180.0,118.58093986783209,False,0.031445902270342954,0.9524758681263218,East 40th Street,mid_block,498.69310864422636,40.74914705605175,-73.97457311725782
n00400,E_east,119.0,180.0,118.58093986783209,True,0.1721422683241707,0.9210835578601204,East 40th Street,mid_block,498.69310864422636,40.74914705605175,-73.97457311725782
n00400,S_downtown,209.0,180.0,118.58093986783209,False,0.1474921525960144,0.9278788566981273,East 40th Street,mid_block,498.69310864422636,40.74914705605175,-73.97457311725782
n00400,W_west,299.0,180.0,118.58093986783209,True,0.006795786542186657,0.957562511385501,East 40th Street,mid_block,498.69310864422636,40.74914705605175,-73.97457311725782
n00400,full360,,360.0,118.58093986783209,,0.08946902743317868,0.9393799205375486,East 40th Street,mid_block,498.69310864422636,40.74914705605175,-73.97457311725782
n00401,N_uptown,29.0,180.0,118.67966408936526,False,0.06596361423371058,0.9580898641435984,East 40th Street,mid_block,498.598586997459,40.74905875789434,-73.97436663631406
n00401,E_east,119.0,180.0,118.67966408936526,True,0.18128541403719914,0.9019397505240122,East 40th Street,mid_block,498.598586997459,40.74905875789434,-73.97436663631406
n00401,S_downtown,209.0,180.0,118.67966408936526,False,0.11532179980348854,0.9056946473272558,East 40th Street,mid_block,498.598586997459,40.74905875789434,-73.97436663631406
n00401,W_west,299.0,180.0,118.67966408936526,True,0.0,0.9613173498763141,East 40th Street,mid_block,498.598586997459,40.74905875789434,-73.97436663631406
n00401,full360,,360.0,118.67966408936526,,0.09064270701859956,0.9319080469369834,East 40th Street,mid_block,498.598586997459,40.74905875789434,-73.97436663631406
n00402,N_uptown,29.0,180.0,118.32514062581411,False,1.2765255908607875,0.9420482443635483,East 40th Street,mid_block,498.6273204213464,40.748971431022326,-73.97415943750278
n00402,E_east,119.0,180.0,118.32514062581411,True,1.5919824501941096,0.9261591282373098,East 40th Street,mid_block,498.6273204213464,40.748971431022326,-73.97415943750278
n00402,S_downtown,209.0,180.0,118.32514062581411,False,1.118378620557173,0.9555158863426687,East 40th Street,mid_block,498.6273204213464,40.748971431022326,-73.97415943750278
n00402,W_west,299.0,180.0,118.32514062581411,True,0.8029217612238513,0.9702116642175131,East 40th Street,mid_block,498.6273204213464,40.748971431022326,-73.97415943750278
n00402,full360,,360.0,118.32514062581411,,1.1974521057089804,0.948808427782628,East 40th Street,mid_block,498.6273204213464,40.748971431022326,-73.97415943750278
n00403,N_uptown,29.0,180.0,118.32787997885352,False,4.873366003924436,0.9045145445630992,East 40th Street,mid_block,498.65504315755584,40.748884096249874,-73.97395224472949
n00403,E_east,119.0,180.0,118.32787997885352,True,4.661088122654277,0.8764138111447306,East 40th Street,mid_block,498.65504315755584,40.748884096249874,-73.97395224472949
n00403,S_downtown,209.0,180.0,118.32787997885352,False,1.1709507196911981,0.9372838594675524,East 40th Street,mid_block,498.65504315755584,40.748884096249874,-73.97395224472949
n00403,W_west,299.0,180.0,118.32787997885352,True,1.383228600961357,0.9643899665641835,East 40th Street,mid_block,498.65504315755584,40.748884096249874,-73.97395224472949
n00403,full360,,360.0,118.32787997885352,,3.0221583618078167,0.9216154941505427,East 40th Street,mid_block,498.65504315755584,40.748884096249874,-73.97395224472949
n00404,N_uptown,29.0,180.0,118.31724790744853,False,4.692471545696605,0.9047391139367601,East 40th Street,mid_block,498.68640622124025,40.74879679035178,-73.9737450311975
n00404,E_east,119.0,180.0,118.31724790744853,True,8.47329303155526,0.8750590556674569,East 40th Street,mid_block,498.68640622124025,40.74879679035178,-73.9737450311975
n00404,S_downtown,209.0,180.0,118.31724790744853,False,6.121026512758344,0.9443556221360833,East 40th Street,mid_block,498.68640622124025,40.74879679035178,-73.9737450311975
n00404,W_west,299.0,180.0,118.31724790744853,True,2.340205026899689,0.9650840204474015,East 40th Street,mid_block,498.68640622124025,40.74879679035178,-73.9737450311975
n00404,full360,,360.0,118.31724790744853,,5.406749029227474,0.924800408366715,East 40th Street,mid_block,498.68640622124025,40.74879679035178,-73.9737450311975
n00405,N_uptown,29.0,180.0,118.31993133906364,False,4.375420968159362,0.9232473837437049,East 40th Street,mid_block,498.71677805015395,40.74870947670662,-73.97353782359038
n00405,E_east,119.0,180.0,118.31993133906364,True,5.86747016463593,0.9198071373634681,East 40th Street,mid_block,498.71677805015395,40.74870947670662,-73.97353782359038
n00405,S_downtown,209.0,180.0,118.31993133906364,False,9.704435277065363,0.9243253759530452,East 40th Street,mid_block,498.71677805015395,40.74870947670662,-73.97353782359038
n00405,W_west,299.0,180.0,118.31993133906364,True,8.212386080588793,0.9280889234605642,East 40th Street,mid_block,498.71677805015395,40.74870947670662,-73.97353782359038
n00405,full360,,360.0,118.31993133906364,,7.039928122612362,0.9237790553946275,East 40th Street,mid_block,498.71677805015395,40.74870947670662,-73.97353782359038
n00406,N_uptown,29.0,180.0,118.2552550811413,False,3.271265609314173,0.8930919494892579,East 40th Street,mid_block,498.7695874366142,40.748622342373295,-73.97333049120697
n00406,E_east,119.0,180.0,118.2552550811413,True,1.7704536666476804,0.804942256134014,East 40th Street,mid_block,498.7695874366142,40.748622342373295,-73.97333049120697
n00406,S_downtown,209.0,180.0,118.2552550811413,False,3.2004161782042977,0.8753440384738683,East 40th Street,mid_block,498.7695874366142,40.748622342373295,-73.97333049120697
n00406,W_west,299.0,180.0,118.2552550811413,True,4.70122812087079,0.9643109843226481,East 40th Street,mid_block,498.7695874366142,40.748622342373295,-73.97333049120697
n00406,full360,,360.0,118.2552550811413,,3.2358408937592356,0.8840027036972491,East 40th Street,mid_block,498.7695874366142,40.748622342373295,-73.97333049120697
n00407,N_uptown,29.0,180.0,117.41149743737644,False,11.773237783834475,0.9157950231206485,East 40th Street,mid_block,499.46193561520806,40.748452741050926,-73.972912512633
n00407,E_east,119.0,180.0,117.41149743737644,True,17.24691763362222,0.8964522094875216,East 40th Street,mid_block,499.46193561520806,40.748452741050926,-73.972912512633
n00407,S_downtown,209.0,180.0,117.41149743737644,False,9.994528822925721,0.910532463978087,East 40th Street,mid_block,499.46193561520806,40.748452741050926,-73.972912512633
n00407,W_west,299.0,180.0,117.41149743737644,True,4.5208489731379755,0.9254632474169242,East 40th Street,mid_block,499.46193561520806,40.748452741050926,-73.972912512633
n00407,full360,,360.0,117.41149743737644,,10.883883303380097,0.9129518633980813,East 40th Street,mid_block,499.46193561520806,40.748452741050926,-73.972912512633
n00408,N_uptown,29.0,180.0,118.27998075621043,False,9.37158175718777,0.9377523818190784,East 40th Street,mid_block,499.50597192198273,40.74836553582995,-73.97270522720032
n00408,E_east,119.0,180.0,118.27998075621043,True,5.567012366249729,0.9295350856091357,East 40th Street,mid_block,499.50597192198273,40.74836553582995,-73.97270522720032
n00408,S_downtown,209.0,180.0,118.27998075621043,False,6.537082543885486,0.9369784315291859,East 40th Street,mid_block,499.50597192198273,40.74836553582995,-73.97270522720032
n00408,W_west,299.0,180.0,118.27998075621043,True,10.34165193482353,0.9466401821569056,East 40th Street,mid_block,499.50597192198273,40.74836553582995,-73.97270522720032
n00408,full360,,360.0,118.27998075621043,,7.954332150536629,0.9373799422196395,East 40th Street,mid_block,499.50597192198273,40.74836553582995,-73.97270522720032
n00409,N_uptown,29.0,180.0,118.27998075370283,False,9.804697135806668,0.9389370748469712,East 40th Street,mid_block,499.5499503692304,40.74827833024185,-73.97249794231469
n00409,E_east,119.0,180.0,118.27998075370283,True,3.987491100961925,0.8964687852986509,East 40th Street,mid_block,499.5499503692304,40.74827833024185,-73.97249794231469
n00409,S_downtown,209.0,180.0,118.27998075370283,False,1.87900762571446,0.8871218578294566,East 40th Street,mid_block,499.5499503692304,40.74827833024185,-73.97249794231469
n00409,W_west,299.0,180.0,118.27998075370283,True,7.696213660559205,0.9315755395687373,East 40th Street,mid_block,499.5499503692304,40.74827833024185,-73.97249794231469
n00409,full360,,360.0,118.27998075370283,,5.841852380760565,0.912114672025434,East 40th Street,mid_block,499.5499503692304,40.74827833024185,-73.97249794231469
n00410,N_uptown,29.0,180.0,118.3580031190943,False,7.321979367951505,0.9225012240781303,East 40th Street,mid_block,499.5667322963809,40.74819090975616,-73.97229081445388
n00410,E_east,119.0,180.0,118.3580031190943,True,0.9357434311615996,0.8840756267095379,East 40th Street,mid_block,499.5667322963809,40.74819090975616,-73.97229081445388
n00410,S_downtown,209.0,180.0,118.3580031190943,False,0.18909882214857024,0.9042999632598142,East 40th Street,mid_block,499.5667322963809,40.74819090975616,-73.97229081445388
n00410,W_west,299.0,180.0,118.3580031190943,True,6.575334758938476,0.9456994818216853,East 40th Street,mid_block,499.5667322963809,40.74819090975616,-73.97229081445388
n00410,full360,,360.0,118.3580031190943,,3.7555390950500382,0.912648274915882,East 40th Street,mid_block,499.5667322963809,40.74819090975616,-73.97229081445388
n00411,N_uptown,29.0,180.0,118.37763329415499,False,2.708404608610733,0.9585718447079549,East 40th Street,mid_block,499.5766283888794,40.74810343490579,-73.97208372645589
n00411,E_east,119.0,180.0,118.37763329415499,True,4.762913885506321,0.8999093533508172,East 40th Street,mid_block,499.5766283888794,40.74810343490579,-73.97208372645589
n00411,S_downtown,209.0,180.0,118.37763329415499,False,2.6890444018866746,0.9022370770899676,East 40th Street,mid_block,499.5766283888794,40.74810343490579,-73.97208372645589
n00411,W_west,299.0,180.0,118.37763329415499,True,0.6345351249910872,0.9600441264241257,East 40th Street,mid_block,499.5766283888794,40.74810343490579,-73.97208372645589
n00411,full360,,360.0,118.37763329415499,,2.6987245052487037,0.9306035761001629,East 40th Street,mid_block,499.5766283888794,40.74810343490579,-73.97208372645589
n00412,N_uptown,29.0,180.0,118.3449210126044,False,4.123333081842614,0.9550266912197745,East 40th Street,mid_block,499.5978450172006,40.748016049597744,-73.97187657331237
n00412,E_east,119.0,180.0,118.3449210126044,True,2.074612383534082,0.9131940385520834,East 40th Street,mid_block,499.5978450172006,40.748016049597744,-73.97187657331237
n00412,S_downtown,209.0,180.0,118.3449210126044,False,2.2639521003100174,0.9163516675041155,East 40th Street,mid_block,499.5978450172006,40.748016049597744,-73.97187657331237
n00412,W_west,299.0,180.0,118.3449210126044,True,4.31267279861855,0.9588333170128288,East 40th Street,mid_block,499.5978450172006,40.748016049597744,-73.97187657331237
n00412,full360,,360.0,118.3449210126044,,3.1936425910763155,0.935701350384324,East 40th Street,mid_block,499.5978450172006,40.748016049597744,-73.97187657331237
n00413,N_uptown,29.0,180.0,118.3449210126044,False,4.432175784189288,0.9478444779657547,East 40th Street,mid_block,499.61900380180737,40.74792866392306,-73.97166942071664
n00413,E_east,119.0,180.0,118.3449210126044,True,1.8791520101525743,0.9028400401262922,East 40th Street,mid_block,499.61900380180737,40.74792866392306,-73.97166942071664
n00413,S_downtown,209.0,180.0,118.3449210126044,False,0.9291227299999153,0.8957431843921263,East 40th Street,mid_block,499.61900380180737,40.74792866392306,-73.97166942071664
n00413,W_west,299.0,180.0,118.3449210126044,True,3.482146504036628,0.9414594929186099,East 40th Street,mid_block,499.61900380180737,40.74792866392306,-73.97166942071664
n00413,full360,,360.0,118.3449210126044,,2.680649257094601,0.9218827419902736,East 40th Street,mid_block,499.61900380180737,40.74792866392306,-73.97166942071664
n00414,N_uptown,29.0,180.0,118.3449210126044,False,0.9695230015812122,0.9100774747242902,East 40th Street,mid_block,499.6401047447607,40.74784127788176,-73.97146226866869
n00414,E_east,119.0,180.0,118.3449210126044,True,0.8141353157215854,0.8284492154039599,East 40th Street,mid_block,499.6401047447607,40.74784127788176,-73.97146226866869
n00414,S_downtown,209.0,180.0,118.3449210126044,False,3.00865020527647,0.8353013921575861,East 40th Street,mid_block,499.6401047447607,40.74784127788176,-73.97146226866869
n00414,W_west,299.0,180.0,118.3449210126044,True,3.164037891136097,0.9004188863246312,East 40th Street,mid_block,499.6401047447607,40.74784127788176,-73.97146226866869
n00414,full360,,360.0,118.3449210126044,,1.9890866034288408,0.8690304471005674,East 40th Street,mid_block,499.6401047447607,40.74784127788176,-73.97146226866869
n00415,N_uptown,29.0,180.0,118.3399951274022,False,0.7271683545795594,0.8087867751431599,East 40th Street,mid_block,499.6628612181758,40.74775390501881,-73.97125510729136
n00415,E_east,119.0,180.0,118.3399951274022,True,0.7551455271162749,0.8094941969731067,East 40th Street,mid_block,499.6628612181758,40.74775390501881,-73.97125510729136
n00415,S_downtown,209.0,180.0,118.3399951274022,False,2.7027114526557363,0.8020614631627293,East 40th Street,mid_block,499.6628612181758,40.74775390501881,-73.97125510729136
n00415,W_west,299.0,180.0,118.3399951274022,True,2.674734280119021,0.7955761683244391,East 40th Street,mid_block,499.6628612181758,40.74775390501881,-73.97125510729136
n00415,full360,,360.0,118.3399951274022,,1.7149399036176478,0.8044375417606928,East 40th Street,mid_block,499.6628612181758,40.74775390501881,-73.97125510729136
n00416,N_uptown,29.0,180.0,118.33584130197711,False,0.0,0.7134398595869125,East 40th Street,mid_block,499.6870046791287,40.74766654321124,-73.97104793813267
n00416,E_east,119.0,180.0,118.33584130197711,True,0.0,0.4354094053929059,East 40th Street,mid_block,499.6870046791287,40.74766654321124,-73.97104793813267
n00416,S_downtown,209.0,180.0,118.33584130197711,False,0.11945529860940308,0.6536243319307556,East 40th Street,mid_block,499.6870046791287,40.74766654321124,-73.97104793813267
n00416,W_west,299.0,180.0,118.33584130197711,True,0.11945529860940308,0.929535063598231,East 40th Street,mid_block,499.6870046791287,40.74766654321124,-73.97104793813267
n00416,full360,,360.0,118.33584130197711,,0.05972764930470154,0.6821346085231473,East 40th Street,mid_block,499.6870046791287,40.74766654321124,-73.97104793813267
n00417,N_uptown,29.0,180.0,117.53714060735587,False,1.0308189019746141,0.9412947270239806,East 41st Street,mid_block,575.2893029490417,40.7522046513932,-73.97992980176923
n00417,E_east,119.0,180.0,117.53714060735587,True,0.6702968993740189,0.9729873391361548,East 41st Street,mid_block,575.2893029490417,40.7522046513932,-73.97992980176923
n00417,S_downtown,209.0,180.0,117.53714060735587,False,0.0,0.9592627425710564,East 41st Street,mid_block,575.2893029490417,40.7522046513932,-73.97992980176923
n00417,W_west,299.0,180.0,117.53714060735587,True,0.36052200260059525,0.9284470522305132,East 41st Street,mid_block,575.2893029490417,40.7522046513932,-73.97992980176923
n00417,full360,,360.0,117.53714060735587,,0.5154094509873071,0.9506128587992231,East 41st Street,mid_block,575.2893029490417,40.7522046513932,-73.97992980176923
n00418,N_uptown,29.0,180.0,117.53714060735588,False,0.0,0.8961902500362192,East 41st Street,mid_block,575.5936477349227,40.75211954476341,-73.97972111204957
n00418,E_east,119.0,180.0,117.53714060735588,True,0.0,0.9673563704448744,East 41st Street,mid_block,575.5936477349227,40.75211954476341,-73.97972111204957
n00418,S_downtown,209.0,180.0,117.53714060735588,False,0.0,0.9254346340178007,East 41st Street,mid_block,575.5936477349227,40.75211954476341,-73.97972111204957
n00418,W_west,299.0,180.0,117.53714060735588,True,0.0,0.8512865913792289,East 41st Street,mid_block,575.5936477349227,40.75211954476341,-73.97972111204957
n00418,full360,,360.0,117.53714060735588,,0.0,0.910673508654023,East 41st Street,mid_block,575.5936477349227,40.75211954476341,-73.97972111204957
n00419,N_uptown,29.0,180.0,117.39528999330234,False,0.04460645273107171,0.9450079814124716,East 41st Street,mid_block,575.9473184885023,40.75203481414759,-73.97951210503903
n00419,E_east,119.0,180.0,117.39528999330234,True,0.04460645273107171,0.972606675041983,East 41st Street,mid_block,575.9473184885023,40.75203481414759,-73.97951210503903
n00419,S_downtown,209.0,180.0,117.39528999330234,False,0.0,0.960219324316902,East 41st Street,mid_block,575.9473184885023,40.75203481414759,-73.97951210503903
n00419,W_west,299.0,180.0,117.39528999330234,True,0.0,0.9292083837172476,East 41st Street,mid_block,575.9473184885023,40.75203481414759,-73.97951210503903
n00419,full360,,360.0,117.39528999330234,,0.022303226365535854,0.9519614443606401,East 41st Street,mid_block,575.9473184885023,40.75203481414759,-73.97951210503903
n00420,N_uptown,29.0,180.0,117.9411942755169,False,0.0,0.9518051070682435,East 41st Street,mid_block,576.111137450964,40.75194855429131,-73.97930412537502
n00420,E_east,119.0,180.0,117.9411942755169,True,0.0,0.9686297506909598,East 41st Street,mid_block,576.111137450964,40.75194855429131,-73.97930412537502
n00420,S_downtown,209.0,180.0,117.9411942755169,False,0.0,0.9585987289775441,East 41st Street,mid_block,576.111137450964,40.75194855429131,-73.97930412537502
n00420,W_west,299.0,180.0,117.9411942755169,True,0.0,0.9410709735068644,East 41st Street,mid_block,576.111137450964,40.75194855429131,-73.97930412537502
n00420,full360,,360.0,117.9411942755169,,0.0,0.9550218874683485,East 41st Street,mid_block,576.111137450964,40.75194855429131,-73.97930412537502
n00421,N_uptown,29.0,180.0,117.99380722012788,False,0.0,0.9699413210692407,East 41st Street,mid_block,576.2565978673183,40.751862149120434,-73.97909625111289
n00421,E_east,119.0,180.0,117.99380722012788,True,0.21644521268492445,0.9714156558173451,East 41st Street,mid_block,576.2565978673183,40.751862149120434,-73.97909625111289
n00421,S_downtown,209.0,180.0,117.99380722012788,False,0.21644521268492442,0.9589210049201982,East 41st Street,mid_block,576.2565978673183,40.751862149120434,-73.97909625111289
n00421,W_west,299.0,180.0,117.99380722012788,True,0.0,0.9577621985148682,East 41st Street,mid_block,576.2565978673183,40.751862149120434,-73.97909625111289
n00421,full360,,360.0,117.99380722012788,,0.10822260634246221,0.964749202634811,East 41st Street,mid_block,576.2565978673183,40.751862149120434,-73.97909625111289
n00422,N_uptown,29.0,180.0,118.36118939512129,False,0.0,0.9688770681476742,East 41st Street,mid_block,576.2742130321319,40.75177473147663,-73.97888910959259
n00422,E_east,119.0,180.0,118.36118939512129,True,0.0,0.9674581800060351,East 41st Street,mid_block,576.2742130321319,40.75177473147663,-73.97888910959259
n00422,S_downtown,209.0,180.0,118.36118939512129,False,0.13825699322688628,0.9576124268919236,East 41st Street,mid_block,576.2742130321319,40.75177473147663,-73.97888910959259
n00422,W_west,299.0,180.0,118.36118939512129,True,0.13825699322688628,0.9594139548825733,East 41st Street,mid_block,576.2742130321319,40.75177473147663,-73.97888910959259
n00422,full360,,360.0,118.36118939512129,,0.06912849661344314,0.9634597365231556,East 41st Street,mid_block,576.2742130321319,40.75177473147663,-73.97888910959259
n00423,N_uptown,29.0,180.0,118.36118939512129,False,0.0,0.9653255798650263,East 41st Street,mid_block,576.2917703453086,40.7516873134662,-73.9786819686203
n00423,E_east,119.0,180.0,118.36118939512129,True,0.05909566361299741,0.9660765431522552,East 41st Street,mid_block,576.2917703453086,40.7516873134662,-73.9786819686203
n00423,S_downtown,209.0,180.0,118.36118939512129,False,0.1023710791543451,0.9596267354681346,East 41st Street,mid_block,576.2917703453086,40.7516873134662,-73.9786819686203
n00423,W_west,299.0,180.0,118.36118939512129,True,0.04327541554134769,0.9587712870381485,East 41st Street,mid_block,576.2917703453086,40.7516873134662,-73.9786819686203
n00423,full360,,360.0,118.36118939512129,,0.05118553957717255,0.9625400296496986,East 41st Street,mid_block,576.2917703453086,40.7516873134662,-73.9786819686203
n00424,N_uptown,29.0,180.0,118.36118939762751,False,0.12613700963132565,0.9528394505609742,East 41st Street,mid_block,576.3092698059496,40.75159989508912,-73.97847482819598
n00424,E_east,119.0,180.0,118.36118939762751,True,0.12613700963132563,0.888172952844174,East 41st Street,mid_block,576.3092698059496,40.75159989508912,-73.97847482819598
n00424,S_downtown,209.0,180.0,118.36118939762751,False,0.08546242154565141,0.9030317625819827,East 41st Street,mid_block,576.3092698059496,40.75159989508912,-73.97847482819598
n00424,W_west,299.0,180.0,118.36118939762751,True,0.08546242154565142,0.9602855080366048,East 41st Street,mid_block,576.3092698059496,40.75159989508912,-73.97847482819598
n00424,full360,,360.0,118.36118939762751,,0.10579971558848855,0.9265844190269065,East 41st Street,mid_block,576.3092698059496,40.75159989508912,-73.97847482819598
n00425,N_uptown,29.0,180.0,118.30456860158667,False,1.016752467118243,0.9701664673280175,East 41st Street,mid_block,576.34640554836,40.751512633518985,-73.97826757829382
n00425,E_east,119.0,180.0,118.30456860158667,True,0.003626206032103729,0.9804443469041717,East 41st Street,mid_block,576.34640554836,40.751512633518985,-73.97826757829382
n00425,S_downtown,209.0,180.0,118.30456860158667,False,0.059488496304785254,0.9300533595716559,East 41st Street,mid_block,576.34640554836,40.751512633518985,-73.97826757829382
n00425,W_west,299.0,180.0,118.30456860158667,True,1.0726147573909244,0.9206483544583782,East 41st Street,mid_block,576.34640554836,40.751512633518985,-73.97826757829382
n00425,full360,,360.0,118.30456860158667,,0.538120481711514,0.9469097453595564,East 41st Street,mid_block,576.34640554836,40.751512633518985,-73.97826757829382
n00426,N_uptown,29.0,180.0,118.28740414407807,False,0.07924908593400595,0.9257619015639418,East 41st Street,mid_block,576.3894544560977,40.75142541734064,-73.97806029110103
n00426,E_east,119.0,180.0,118.28740414407807,True,0.08306987772729939,0.927586908774792,East 41st Street,mid_block,576.3894544560977,40.75142541734064,-73.97806029110103
n00426,S_downtown,209.0,180.0,118.28740414407807,False,0.0038207917932934357,0.8783886526171374,East 41st Street,mid_block,576.3894544560977,40.75142541734064,-73.97806029110103
n00426,W_west,299.0,180.0,118.28740414407807,True,0.0,0.8612005279518241,East 41st Street,mid_block,576.3894544560977,40.75142541734064,-73.97806029110103
n00426,full360,,360.0,118.28740414407807,,0.041534938863649694,0.9015334231420054,East 41st Street,mid_block,576.3894544560977,40.75142541734064,-73.97806029110103
n00427,N_uptown,29.0,180.0,120.05430739743163,False,0.0022175621658167698,0.956638410657241,East 41st Street,mid_block,575.8184988615346,40.7513334732162,-73.97785684151502
n00427,E_east,119.0,180.0,120.05430739743163,True,0.0,0.960479589379148,East 41st Street,mid_block,575.8184988615346,40.7513334732162,-73.97785684151502
n00427,S_downtown,209.0,180.0,120.05430739743163,False,0.24242148605270078,0.9608550090843718,East 41st Street,mid_block,575.8184988615346,40.7513334732162,-73.97785684151502
n00427,W_west,299.0,180.0,120.05430739743163,True,0.2446390482185176,0.9568391313465122,East 41st Street,mid_block,575.8184988615346,40.7513334732162,-73.97785684151502
n00427,full360,,360.0,120.05430739743163,,0.1223195241092588,0.9587044777298557,East 41st Street,mid_block,575.8184988615346,40.7513334732162,-73.97785684151502
n00428,N_uptown,29.0,180.0,117.70560883575985,False,0.0,0.9579823181008459,East 41st Street,mid_block,576.0637955517325,40.75124786146255,-73.97764840157478
n00428,E_east,119.0,180.0,117.70560883575985,True,0.05137540788102636,0.9580965702892481,East 41st Street,mid_block,576.0637955517325,40.75124786146255,-73.97764840157478
n00428,S_downtown,209.0,180.0,117.70560883575985,False,0.19101230756344084,0.9582499356081619,East 41st Street,mid_block,576.0637955517325,40.75124786146255,-73.97764840157478
n00428,W_west,299.0,180.0,117.70560883575985,True,0.13963689968241444,0.9581247430342967,East 41st Street,mid_block,576.0637955517325,40.75124786146255,-73.97764840157478
n00428,full360,,360.0,117.70560883575985,,0.09550615378172041,0.9581103397502206,East 41st Street,mid_block,576.0637955517325,40.75124786146255,-73.97764840157478
n00429,N_uptown,29.0,180.0,117.7056088359149,False,0.0,0.9603542078343598,East 41st Street,mid_block,576.3090342495456,40.751162249337554,-73.97743996217483
n00429,E_east,119.0,180.0,117.7056088359149,True,0.0,0.9510381268793962,East 41st Street,mid_block,576.3090342495456,40.751162249337554,-73.97743996217483
n00429,S_downtown,209.0,180.0,117.7056088359149,False,0.05456666568780756,0.9551731886831369,East 41st Street,mid_block,576.3090342495456,40.751162249337554,-73.97743996217483
n00429,W_west,299.0,180.0,117.7056088359149,True,0.05456666568780756,0.9646696741153169,East 41st Street,mid_block,576.3090342495456,40.751162249337554,-73.97743996217483
n00429,full360,,360.0,117.7056088359149,,0.02728333284390378,0.9581247663985325,East 41st Street,mid_block,576.3090342495456,40.751162249337554,-73.97743996217483
n00430,N_uptown,29.0,180.0,117.7056088359149,False,0.0,0.9506534383209314,East 41st Street,mid_block,576.5542149538117,40.751076636841205,-73.97723152331518
n00430,E_east,119.0,180.0,117.7056088359149,True,0.0,0.9485821088809598,East 41st Street,mid_block,576.5542149538117,40.751076636841205,-73.97723152331518
n00430,S_downtown,209.0,180.0,117.7056088359149,False,0.0,0.9620259900710457,East 41st Street,mid_block,576.5542149538117,40.751076636841205,-73.97723152331518
n00430,W_west,299.0,180.0,117.7056088359149,True,0.0,0.9642089371787289,East 41st Street,mid_block,576.5542149538117,40.751076636841205,-73.97723152331518
n00430,full360,,360.0,117.7056088359149,,0.0,0.9560894883198519,East 41st Street,mid_block,576.5542149538117,40.751076636841205,-73.97723152331518
n00431,N_uptown,29.0,180.0,118.8004257069405,False,0.009122982875182446,0.9578907961126294,East 41st Street,mid_block,576.4185318394035,40.75098801307848,-73.97702527917103
n00431,E_east,119.0,180.0,118.8004257069405,True,0.009122982875182446,0.9503862922353765,East 41st Street,mid_block,576.4185318394035,40.75098801307848,-73.97702527917103
n00431,S_downtown,209.0,180.0,118.8004257069405,False,0.0,0.9587071337141039,East 41st Street,mid_block,576.4185318394035,40.75098801307848,-73.97702527917103
n00431,W_west,299.0,180.0,118.8004257069405,True,0.0,0.9663659858795847,East 41st Street,mid_block,576.4185318394035,40.75098801307848,-73.97702527917103
n00431,full360,,360.0,118.8004257069405,,0.004561491437591223,0.958260380132402,East 41st Street,mid_block,576.4185318394035,40.75098801307848,-73.97702527917103
n00432,N_uptown,29.0,180.0,118.6402317024514,False,0.018212936711273716,0.9513704290885465,East 41st Street,mid_block,576.3385092666224,40.75089982707658,-73.97681870881219
n00432,E_east,119.0,180.0,118.6402317024514,True,0.022048725130618348,0.9456613454384943,East 41st Street,mid_block,576.3385092666224,40.75089982707658,-73.97681870881219
n00432,S_downtown,209.0,180.0,118.6402317024514,False,0.0038357884193446295,0.9461561311953992,East 41st Street,mid_block,576.3385092666224,40.75089982707658,-73.97681870881219
n00432,W_west,299.0,180.0,118.6402317024514,True,0.0,0.9537259733718163,East 41st Street,mid_block,576.3385092666224,40.75089982707658,-73.97681870881219
n00432,full360,,360.0,118.6402317024514,,0.011024362565309172,0.9490798921081056,East 41st Street,mid_block,576.3385092666224,40.75089982707658,-73.97681870881219
n00433,N_uptown,29.0,180.0,117.94934167945974,False,0.006449296417223337,0.9475592207707034,East 41st Street,mid_block,576.4987368022192,40.75081354259924,-73.97661075876836
n00433,E_east,119.0,180.0,117.94934167945974,True,0.13417527343028654,0.9125541513959469,East 41st Street,mid_block,576.4987368022192,40.75081354259924,-73.97661075876836
n00433,S_downtown,209.0,180.0,117.94934167945974,False,0.1277259770130632,0.9305286633936984,East 41st Street,mid_block,576.4987368022192,40.75081354259924,-73.97661075876836
n00433,W_west,299.0,180.0,117.94934167945974,True,0.0,0.9668725982254663,East 41st Street,mid_block,576.4987368022192,40.75081354259924,-73.97661075876836
n00433,full360,,360.0,117.94934167945974,,0.06708763671514327,0.9401425963008238,East 41st Street,mid_block,576.4987368022192,40.75081354259924,-73.97661075876836
n00434,N_uptown,29.0,180.0,117.6681990335797,False,0.013253388635681167,0.9149088127381058,East 41st Street,mid_block,576.7566926072143,40.75072803366637,-73.97640225234197
n00434,E_east,119.0,180.0,117.6681990335797,True,1.1705086742029258,0.931426776065841,East 41st Street,mid_block,576.7566926072143,40.75072803366637,-73.97640225234197
n00434,S_downtown,209.0,180.0,117.6681990335797,False,1.1572552855672447,0.9004247233338112,East 41st Street,mid_block,576.7566926072143,40.75072803366637,-73.97640225234197
n00434,W_west,299.0,180.0,117.6681990335797,True,0.0,0.881171586012823,East 41st Street,mid_block,576.7566926072143,40.75072803366637,-73.97640225234197
n00434,full360,,360.0,117.6681990335797,,0.5852543371014629,0.9078349452768908,East 41st Street,mid_block,576.7566926072143,40.75072803366637,-73.97640225234197
n00435,N_uptown,29.0,180.0,118.34083547643283,False,0.001324512617678229,0.9502750464496049,East 41st Street,mid_block,576.7806355335888,40.75064066721867,-73.9761950771158
n00435,E_east,119.0,180.0,118.34083547643283,True,0.24878693007023203,0.9423426919868207,East 41st Street,mid_block,576.7806355335888,40.75064066721867,-73.9761950771158
n00435,S_downtown,209.0,180.0,118.34083547643283,False,2.0149722236473013,0.9614250051671754,East 41st Street,mid_block,576.7806355335888,40.75064066721867,-73.9761950771158
n00435,W_west,299.0,180.0,118.34083547643283,True,1.7675098061947467,0.969874807528109,East 41st Street,mid_block,576.7806355335888,40.75064066721867,-73.9761950771158
n00435,full360,,360.0,118.34083547643283,,1.0081483681324896,0.9556613236461005,East 41st Street,mid_block,576.7806355335888,40.75064066721867,-73.9761950771158
n00436,N_uptown,29.0,180.0,118.34083547643283,False,0.021456950964636196,0.9511018165447924,East 41st Street,mid_block,576.8045206051518,40.750553300404206,-73.97598790243741
n00436,E_east,119.0,180.0,118.34083547643283,True,0.021456950964636196,0.9368750100926789,East 41st Street,mid_block,576.8045206051518,40.750553300404206,-73.97598790243741
n00436,S_downtown,209.0,180.0,118.34083547643283,False,0.5723225966529117,0.9556686873090564,East 41st Street,mid_block,576.8045206051518,40.750553300404206,-73.97598790243741
n00436,W_west,299.0,180.0,118.34083547643283,True,0.5723225966529119,0.9689316562829702,East 41st Street,mid_block,576.8045206051518,40.750553300404206,-73.97598790243741
n00436,full360,,360.0,118.34083547643283,,0.296889773808774,0.9531720609476996,East 41st Street,mid_block,576.8045206051518,40.750553300404206,-73.97598790243741
n00437,N_uptown,29.0,180.0,118.34083547659114,False,0.017287324054069197,0.9576593973897002,East 41st Street,mid_block,576.8283478258129,40.75046593322301,-73.97578072830676
n00437,E_east,119.0,180.0,118.34083547659114,True,0.36745447203070775,0.9504623860329268,East 41st Street,mid_block,576.8283478258129,40.75046593322301,-73.97578072830676
n00437,S_downtown,209.0,180.0,118.34083547659114,False,0.3673299204301823,0.9618665168456375,East 41st Street,mid_block,576.8283478258129,40.75046593322301,-73.97578072830676
n00437,W_west,299.0,180.0,118.34083547659114,True,0.017162772453543838,0.9693210921949273,East 41st Street,mid_block,576.8283478258129,40.75046593322301,-73.97578072830676
n00437,full360,,360.0,118.34083547659114,,0.19230862224212575,0.9597029749277088,East 41st Street,mid_block,576.8283478258129,40.75046593322301,-73.97578072830676
n00438,N_uptown,29.0,180.0,118.34083547643283,False,0.09984923409157456,0.9568511924854769,East 41st Street,mid_block,576.8521171924554,40.75037856567507,-73.9755735547239
n00438,E_east,119.0,180.0,118.34083547643283,True,4.436678911889884,0.9485238227295656,East 41st Street,mid_block,576.8521171924554,40.75037856567507,-73.9755735547239
n00438,S_downtown,209.0,180.0,118.34083547643283,False,4.33682967779831,0.9621745370213717,East 41st Street,mid_block,576.8521171924554,40.75037856567507,-73.9755735547239
n00438,W_west,299.0,180.0,118.34083547643283,True,0.0,0.9695486070774272,East 41st Street,mid_block,576.8521171924554,40.75037856567507,-73.9755735547239
n00438,full360,,360.0,118.34083547643283,,2.218339455944942,0.9593591148302288,East 41st Street,mid_block,576.8521171924554,40.75037856567507,-73.9755735547239
n00439,N_uptown,29.0,180.0,118.2531871703095,False,1.3707784715439455,0.9558828430885704,East 41st Street,mid_block,576.9063157107526,40.75029143898299,-73.97536620643352
n00439,E_east,119.0,180.0,118.2531871703095,True,1.4072444881670407,0.9559680146238843,East 41st Street,mid_block,576.9063157107526,40.75029143898299,-73.97536620643352
n00439,S_downtown,209.0,180.0,118.2531871703095,False,2.1048003609824155,0.97033740526817,East 41st Street,mid_block,576.9063157107526,40.75029143898299,-73.97536620643352
n00439,W_west,299.0,180.0,118.2531871703095,True,2.0683343443593203,0.9702085270785823,East 41st Street,mid_block,576.9063157107526,40.75029143898299,-73.97536620643352
n00439,full360,,360.0,118.2531871703095,,1.7377894162631806,0.9629644221466312,East 41st Street,mid_block,576.9063157107526,40.75029143898299,-73.97536620643352
n00440,N_uptown,29.0,180.0,118.16440084882882,False,0.603919169030245,0.9414899903494293,East 41st Street,mid_block,576.9913391924306,40.75020455627785,-73.97515868115863
n00440,E_east,119.0,180.0,118.16440084882882,True,0.010302965035392013,0.9436310184318754,East 41st Street,mid_block,576.9913391924306,40.75020455627785,-73.97515868115863
n00440,S_downtown,209.0,180.0,118.16440084882882,False,0.09961327919118515,0.9730373293002063,East 41st Street,mid_block,576.9913391924306,40.75020455627785,-73.97515868115863
n00440,W_west,299.0,180.0,118.16440084882882,True,0.6932294831860382,0.9712756540016221,East 41st Street,mid_block,576.9913391924306,40.75020455627785,-73.97515868115863
n00440,full360,,360.0,118.16440084882882,,0.35176622411071506,0.9577244269210625,East 41st Street,mid_block,576.9913391924306,40.75020455627785,-73.97515868115863
n00441,N_uptown,29.0,180.0,118.78533690720988,False,1.1028475913592906,0.9408259939881842,East 41st Street,mid_block,576.7292501724655,40.75002738010458,-73.97474613468793
n00441,E_east,119.0,180.0,118.78533690720988,True,0.5485659540473763,0.9471886401333977,East 41st Street,mid_block,576.7292501724655,40.75002738010458,-73.97474613468793
n00441,S_downtown,209.0,180.0,118.78533690720988,False,0.26385134580269753,0.9424916746752797,East 41st Street,mid_block,576.7292501724655,40.75002738010458,-73.97474613468793
n00441,W_west,299.0,180.0,118.78533690720988,True,0.8181329831146115,0.935605767582779,East 41st Street,mid_block,576.7292501724655,40.75002738010458,-73.97474613468793
n00441,full360,,360.0,118.78533690720988,,0.6833494685809939,0.941651424344501,East 41st Street,mid_block,576.7292501724655,40.75002738010458,-73.97474613468793
n00442,N_uptown,29.0,180.0,118.42655730304814,False,1.0155503252684859,0.9523547507255181,East 41st Street,mid_block,576.7229133731512,40.74993977518317,-73.97453913614751
n00442,E_east,119.0,180.0,118.42655730304814,True,2.961561193793505,0.9407247764264447,East 41st Street,mid_block,576.7229133731512,40.74993977518317,-73.97453913614751
n00442,S_downtown,209.0,180.0,118.42655730304814,False,2.138412193965026,0.9609100328121619,East 41st Street,mid_block,576.7229133731512,40.74993977518317,-73.97453913614751
n00442,W_west,299.0,180.0,118.42655730304814,True,0.19240132544000696,0.9707554264614643,East 41st Street,mid_block,576.7229133731512,40.74993977518317,-73.97453913614751
n00442,full360,,360.0,118.42655730304814,,1.576981259616756,0.9565740151005405,East 41st Street,mid_block,576.7229133731512,40.74993977518317,-73.97453913614751
n00443,N_uptown,29.0,180.0,118.4101366622312,False,3.4472390579530576,0.944811418905366,East 41st Street,mid_block,576.7222303989043,40.74985221493676,-73.97433210496449
n00443,E_east,119.0,180.0,118.4101366622312,True,9.51224128081772,0.9187709137832626,East 41st Street,mid_block,576.7222303989043,40.74985221493676,-73.97433210496449
n00443,S_downtown,209.0,180.0,118.4101366622312,False,13.607167784134443,0.945519331289443,East 41st Street,mid_block,576.7222303989043,40.74985221493676,-73.97433210496449
n00443,W_west,299.0,180.0,118.4101366622312,True,7.5421655612697815,0.967130866299464,East 41st Street,mid_block,576.7222303989043,40.74985221493676,-73.97433210496449
n00443,full360,,360.0,118.4101366622312,,8.527203421043751,0.9451256082935088,East 41st Street,mid_block,576.7222303989043,40.74985221493676,-73.97433210496449
n00444,N_uptown,29.0,180.0,118.40452862866078,False,2.7363599681123127,0.9378559303600326,East 41st Street,mid_block,576.723440254695,40.74976466977066,-73.9741250631456
n00444,E_east,119.0,180.0,118.40452862866078,True,1.467796364862158,0.8952138262576445,East 41st Street,mid_block,576.723440254695,40.74976466977066,-73.9741250631456
n00444,S_downtown,209.0,180.0,118.40452862866078,False,0.9929957736829612,0.9289771874657813,East 41st Street,mid_block,576.723440254695,40.74976466977066,-73.9741250631456
n00444,W_west,299.0,180.0,118.40452862866078,True,2.261559376933116,0.9800879736398135,East 41st Street,mid_block,576.723440254695,40.74976466977066,-73.9741250631456
n00444,full360,,360.0,118.40452862866078,,1.864677870897637,0.9336872151938461,East 41st Street,mid_block,576.723440254695,40.74976466977066,-73.9741250631456
n00445,N_uptown,29.0,180.0,118.45558566462299,False,2.23773900209303,0.9420958190031059,East 41st Street,mid_block,576.7068329212507,40.749676984011735,-73.97391812465321
n00445,E_east,119.0,180.0,118.45558566462299,True,0.0,0.9360208712442137,East 41st Street,mid_block,576.7068329212507,40.749676984011735,-73.97391812465321
n00445,S_downtown,209.0,180.0,118.45558566462299,False,0.3132829124912325,0.9576606391946635,East 41st Street,mid_block,576.7068329212507,40.749676984011735,-73.97391812465321
n00445,W_west,299.0,180.0,118.45558566462299,True,2.551021914584263,0.9653887253323165,East 41st Street,mid_block,576.7068329212507,40.749676984011735,-73.97391812465321
n00445,full360,,360.0,118.45558566462299,,1.2755109572921315,0.9500994524671612,East 41st Street,mid_block,576.7068329212507,40.749676984011735,-73.97391812465321
n00446,N_uptown,29.0,180.0,118.13513918306789,False,0.3266184559695585,0.9529049134375536,East 41st Street,mid_block,576.8016292419076,40.74959017961049,-73.97371054551195
n00446,E_east,119.0,180.0,118.13513918306789,True,0.00955924832570951,0.9317468465190533,East 41st Street,mid_block,576.8016292419076,40.74959017961049,-73.97371054551195
n00446,S_downtown,209.0,180.0,118.13513918306789,False,0.0021949951061721643,0.9526051293528153,East 41st Street,mid_block,576.8016292419076,40.74959017961049,-73.97371054551195
n00446,W_west,299.0,180.0,118.13513918306789,True,0.3192542027500212,0.974075832426873,East 41st Street,mid_block,576.8016292419076,40.74959017961049,-73.97371054551195
n00446,full360,,360.0,118.13513918306789,,0.16440672553786534,0.9527505401440475,East 41st Street,mid_block,576.8016292419076,40.74959017961049,-73.97371054551195
n00447,N_uptown,29.0,180.0,118.07791698616697,False,0.0,0.9532446096353229,East 41st Street,mid_block,576.9162714859003,40.74950353228593,-73.9735028524032
n00447,E_east,119.0,180.0,118.07791698616697,True,0.10529109260591606,0.9253159352114887,East 41st Street,mid_block,576.9162714859003,40.74950353228593,-73.9735028524032
n00447,S_downtown,209.0,180.0,118.07791698616697,False,0.15224913592225467,0.9450137438629592,East 41st Street,mid_block,576.9162714859003,40.74950353228593,-73.9735028524032
n00447,W_west,299.0,180.0,118.07791698616697,True,0.04695804331633859,0.971293767559976,East 41st Street,mid_block,576.9162714859003,40.74950353228593,-73.9735028524032
n00447,full360,,360.0,118.07791698616697,,0.07612456796112733,0.9493569012688506,East 41st Street,mid_block,576.9162714859003,40.74950353228593,-73.9735028524032
n00448,N_uptown,29.0,180.0,118.08068436899718,False,0.00916959923012122,0.9492666221255899,East 41st Street,mid_block,577.0298932487156,40.74941687696374,-73.97329516534218
n00448,E_east,119.0,180.0,118.08068436899718,True,1.799503307780578,0.9103918301905459,East 41st Street,mid_block,577.0298932487156,40.74941687696374,-73.97329516534218
n00448,S_downtown,209.0,180.0,118.08068436899718,False,1.813270482866855,0.9249218382160121,East 41st Street,mid_block,577.0298932487156,40.74941687696374,-73.97329516534218
n00448,W_west,299.0,180.0,118.08068436899718,True,0.022936774316398272,0.9651677719460282,East 41st Street,mid_block,577.0298932487156,40.74941687696374,-73.97329516534218
n00448,full360,,360.0,118.08068436899718,,0.9112200410484881,0.9383856384306593,East 41st Street,mid_block,577.0298932487156,40.74941687696374,-73.97329516534218
n00449,N_uptown,29.0,180.0,118.08832721472002,False,0.0,0.9447484425805527,East 41st Street,mid_block,577.1407987063557,40.74933020020626,-73.97308749403057
n00449,E_east,119.0,180.0,118.08832721472002,True,0.0,0.9333612132452672,East 41st Street,mid_block,577.1407987063557,40.74933020020626,-73.97308749403057
n00449,S_downtown,209.0,180.0,118.08832721472002,False,0.6738747405600239,0.942332565517178,East 41st Street,mid_block,577.1407987063557,40.74933020020626,-73.97308749403057
n00449,W_west,299.0,180.0,118.08832721472002,True,0.6738747405600239,0.9532295766346054,East 41st Street,mid_block,577.1407987063557,40.74933020020626,-73.97308749403057
n00449,full360,,360.0,118.08832721472002,,0.33693737028001197,0.9435699220051643,East 41st Street,mid_block,577.1407987063557,40.74933020020626,-73.97308749403057
n00450,N_uptown,29.0,180.0,118.30818450687873,False,0.0,0.9573540743240869,East 41st Street,mid_block,577.175171830692,40.74924292092715,-73.97288026982194
n00450,E_east,119.0,180.0,118.30818450687873,True,0.5234898536931224,0.935166720227936,East 41st Street,mid_block,577.175171830692,40.74924292092715,-73.97288026982194
n00450,S_downtown,209.0,180.0,118.30818450687873,False,1.1793458301742485,0.9406390390844028,East 41st Street,mid_block,577.175171830692,40.74924292092715,-73.97288026982194
n00450,W_west,299.0,180.0,118.30818450687873,True,0.6558559764811261,0.9632624030872253,East 41st Street,mid_block,577.175171830692,40.74924292092715,-73.97288026982194
n00450,full360,,360.0,118.30818450687873,,0.5896729150871243,0.9494854863039689,East 41st Street,mid_block,577.175171830692,40.74924292092715,-73.97288026982194
n00451,N_uptown,29.0,180.0,118.7880750326628,False,0.3951310582356685,0.9383445162387531,East 41st Street,mid_block,576.9099163638404,40.74906572826099,-73.9724677617973
n00451,E_east,119.0,180.0,118.7880750326628,True,1.7932963051549056,0.9272617314636687,East 41st Street,mid_block,576.9099163638404,40.74906572826099,-73.9724677617973
n00451,S_downtown,209.0,180.0,118.7880750326628,False,1.475768212451643,0.9506224231704106,East 41st Street,mid_block,576.9099163638404,40.74906572826099,-73.9724677617973
n00451,W_west,299.0,180.0,118.7880750326628,True,0.07760296553240584,0.9612305148206184,East 41st Street,mid_block,576.9099163638404,40.74906572826099,-73.9724677617973
n00451,full360,,360.0,118.7880750326628,,0.9354496353436558,0.9444943226817206,East 41st Street,mid_block,576.9099163638404,40.74906572826099,-73.9724677617973
n00452,N_uptown,29.0,180.0,118.47838208192117,False,0.843471293805069,0.9325043611625808,East 41st Street,mid_block,576.8849170011816,40.74897797687974,-73.9722608733864
n00452,E_east,119.0,180.0,118.47838208192117,True,2.969361633881989,0.9135190477134015,East 41st Street,mid_block,576.8849170011816,40.74897797687974,-73.9722608733864
n00452,S_downtown,209.0,180.0,118.47838208192117,False,2.3664944736190985,0.9479410102500361,East 41st Street,mid_block,576.8849170011816,40.74897797687974,-73.9722608733864
n00452,W_west,299.0,180.0,118.47838208192117,True,0.24060413354217886,0.9639802131119523,East 41st Street,mid_block,576.8849170011816,40.74897797687974,-73.9722608733864
n00452,full360,,360.0,118.47838208192117,,1.604982883712084,0.9396769607352584,East 41st Street,mid_block,576.8849170011816,40.74897797687974,-73.9722608733864
n00453,N_uptown,29.0,180.0,118.47838208192117,False,3.591474487079401,0.92605150029439,East 41st Street,mid_block,576.859859821574,40.7488902251328,-73.97205398552485
n00453,E_east,119.0,180.0,118.47838208192117,True,3.8012005719692494,0.9081509985967222,East 41st Street,mid_block,576.859859821574,40.7488902251328,-73.97205398552485
n00453,S_downtown,209.0,180.0,118.47838208192117,False,1.185961960634002,0.951526253065679,East 41st Street,mid_block,576.859859821574,40.7488902251328,-73.97205398552485
n00453,W_west,299.0,180.0,118.47838208192117,True,0.9762358757441532,0.9648101127684434,East 41st Street,mid_block,576.859859821574,40.7488902251328,-73.97205398552485
n00453,full360,,360.0,118.47838208192117,,2.3887182238567015,0.9386421620423635,East 41st Street,mid_block,576.859859821574,40.7488902251328,-73.97205398552485
n00454,N_uptown,29.0,180.0,118.47838208208019,False,7.002541089590133,0.910401180898001,East 41st Street,mid_block,576.834744830407,40.7488024730202,-73.97184709821263
n00454,E_east,119.0,180.0,118.47838208208019,True,4.780866217419617,0.906989805715388,East 41st Street,mid_block,576.834744830407,40.7488024730202,-73.97184709821263
n00454,S_downtown,209.0,180.0,118.47838208208019,False,2.0019867605720583,0.9511134776192681,East 41st Street,mid_block,576.834744830407,40.7488024730202,-73.97184709821263
n00454,W_west,299.0,180.0,118.47838208208019,True,4.223661632742575,0.9510419036698152,East 41st Street,mid_block,576.834744830407,40.7488024730202,-73.97184709821263
n00454,full360,,360.0,118.47838208208019,,4.502263925081095,0.9308519503764652,East 41st Street,mid_block,576.834744830407,40.7488024730202,-73.97184709821263
n00455,N_uptown,29.0,180.0,118.47835371081432,False,10.437395851249939,0.9186425850606406,East 41st Street,mid_block,576.8095818910666,40.74871472061981,-73.97164021139263
n00455,E_east,119.0,180.0,118.47835371081432,True,4.323423533570411,0.9194330671873959,East 41st Street,mid_block,576.8095818910666,40.74871472061981,-73.97164021139263
n00455,S_downtown,209.0,180.0,118.47835371081432,False,2.1439671836910668,0.9501738932759264,East 41st Street,mid_block,576.8095818910666,40.74871472061981,-73.97164021139263
n00455,W_west,299.0,180.0,118.47835371081432,True,8.257939501370597,0.9510554733975426,East 41st Street,mid_block,576.8095818910666,40.74871472061981,-73.97164021139263
n00455,full360,,360.0,118.47835371081432,,6.290681517470503,0.9354991004073271,East 41st Street,mid_block,576.8095818910666,40.74871472061981,-73.97164021139263
n00456,N_uptown,29.0,180.0,118.47833040598083,False,5.98232576719729,0.930000181886725,East 41st Street,mid_block,576.7843692448575,40.74862696791776,-73.97143332507504
n00456,E_east,119.0,180.0,118.47833040598083,True,4.293996988492663,0.9255805948924404,East 41st Street,mid_block,576.7843692448575,40.74862696791776,-73.97143332507504
n00456,S_downtown,209.0,180.0,118.47833040598083,False,2.6849976086830205,0.9285837841111414,East 41st Street,mid_block,576.7843692448575,40.74862696791776,-73.97143332507504
n00456,W_west,299.0,180.0,118.47833040598083,True,4.373326387387648,0.932674308228591,East 41st Street,mid_block,576.7843692448575,40.74862696791776,-73.97143332507504
n00456,full360,,360.0,118.47833040598083,,4.333661687940156,0.9292671839142634,East 41st Street,mid_block,576.7843692448575,40.74862696791776,-73.97143332507504
n00457,N_uptown,29.0,180.0,118.47833040848508,False,7.453367975643131,0.8051575033526331,East 41st Street,mid_block,576.7590987829674,40.74853921485001,-73.97122643930679
n00457,E_east,119.0,180.0,118.47833040848508,True,9.536629898251334,0.8344380620403694,East 41st Street,mid_block,576.7590987829674,40.74853921485001,-73.97122643930679
n00457,S_downtown,209.0,180.0,118.47833040848508,False,4.654817913382927,0.916551205629882,East 41st Street,mid_block,576.7590987829674,40.74853921485001,-73.97122643930679
n00457,W_west,299.0,180.0,118.47833040848508,True,2.5715559907747236,0.888135910012047,East 41st Street,mid_block,576.7590987829674,40.74853921485001,-73.97122643930679
n00457,full360,,360.0,118.47833040848508,,6.05409294451303,0.8636242366681058,East 41st Street,mid_block,576.7590987829674,40.74853921485001,-73.97122643930679
n00458,N_uptown,29.0,180.0,118.5259031661471,False,4.5469952978612165,0.7393667646242256,East 41st Street,mid_block,576.717223311578,40.74845133106616,-73.97101965057207
n00458,E_east,119.0,180.0,118.5259031661471,True,4.048073621074081,0.8390595206763513,East 41st Street,mid_block,576.717223311578,40.74845133106616,-73.97101965057207
n00458,S_downtown,209.0,180.0,118.5259031661471,False,3.805523138294198,0.8709384894736116,East 41st Street,mid_block,576.717223311578,40.74845133106616,-73.97101965057207
n00458,W_west,299.0,180.0,118.5259031661471,True,4.304444815081333,0.7713573351623262,East 41st Street,mid_block,576.717223311578,40.74845133106616,-73.97101965057207
n00458,full360,,360.0,118.5259031661471,,4.176259218077708,0.8047766348270564,East 41st Street,mid_block,576.717223311578,40.74845133106616,-73.97101965057207
n00460,N_uptown,29.0,180.0,119.27462520961244,False,0.1176108998457325,0.9160266061706561,East 42nd Street,mid_block,660.5096431194324,40.75287307971193,-73.97942605064202
n00460,E_east,119.0,180.0,119.27462520961244,True,0.05616812226176735,0.8781816496336049,East 42nd Street,mid_block,660.5096431194324,40.75287307971193,-73.97942605064202
n00460,S_downtown,209.0,180.0,119.27462520961244,False,0.0020991270054598124,0.8477702508106397,East 42nd Street,mid_block,660.5096431194324,40.75287307971193,-73.97942605064202
n00460,W_west,299.0,180.0,119.27462520961244,True,0.06354190458942499,0.8858904011994869,East 42nd Street,mid_block,660.5096431194324,40.75287307971193,-73.97942605064202
n00460,full360,,360.0,119.27462520961244,,0.05985501342559616,0.8819160711699982,East 42nd Street,mid_block,660.5096431194324,40.75287307971193,-73.97942605064202
n00461,N_uptown,29.0,180.0,119.27462520961245,False,0.2086241303758251,0.8812477411018297,East 42nd Street,mid_block,660.2097496897322,40.75278316484728,-73.97922076980952
n00461,E_east,119.0,180.0,119.27462520961245,True,0.0,0.9396215860145509,East 42nd Street,mid_block,660.2097496897322,40.75278316484728,-73.97922076980952
n00461,S_downtown,209.0,180.0,119.27462520961245,False,0.0,0.9038962129624089,East 42nd Street,mid_block,660.2097496897322,40.75278316484728,-73.97922076980952
n00461,W_west,299.0,180.0,119.27462520961245,True,0.2086241303758251,0.8427920591875939,East 42nd Street,mid_block,660.2097496897322,40.75278316484728,-73.97922076980952
n00461,full360,,360.0,119.27462520961245,,0.10431206518791256,0.8925359394700829,East 42nd Street,mid_block,660.2097496897322,40.75278316484728,-73.97922076980952
n00462,N_uptown,29.0,180.0,118.18414037546444,False,0.0,0.9270867198374506,East 42nd Street,mid_block,660.2890864182575,40.752696239803136,-73.97901328350635
n00462,E_east,119.0,180.0,118.18414037546444,True,0.0,0.9221705373468987,East 42nd Street,mid_block,660.2890864182575,40.752696239803136,-73.97901328350635
n00462,S_downtown,209.0,180.0,118.18414037546444,False,0.0,0.9365828670078512,East 42nd Street,mid_block,660.2890864182575,40.752696239803136,-73.97901328350635
n00462,W_west,299.0,180.0,118.18414037546444,True,0.0,0.9414094312364673,East 42nd Street,mid_block,660.2890864182575,40.752696239803136,-73.97901328350635
n00462,full360,,360.0,118.18414037546444,,0.0,0.9317425789999942,East 42nd Street,mid_block,660.2890864182575,40.752696239803136,-73.97901328350635
n00463,N_uptown,29.0,180.0,120.58476502654625,False,0.03116678547270973,0.8691305508863338,East 42nd Street,mid_block,659.5336041078419,40.7526027859603,-73.97881077718746
n00463,E_east,119.0,180.0,120.58476502654625,True,0.03116678547270973,0.8661239477126108,East 42nd Street,mid_block,659.5336041078419,40.7526027859603,-73.97881077718746
n00463,S_downtown,209.0,180.0,120.58476502654625,False,0.07646933037597688,0.9448316997475009,East 42nd Street,mid_block,659.5336041078419,40.7526027859603,-73.97881077718746
n00463,W_west,299.0,180.0,120.58476502654625,True,0.07646933037597688,0.9489996539112351,East 42nd Street,mid_block,659.5336041078419,40.7526027859603,-73.97881077718746
n00463,full360,,360.0,120.58476502654625,,0.053818057924343306,0.9068848929861846,East 42nd Street,mid_block,659.5336041078419,40.7526027859603,-73.97881077718746
n00464,N_uptown,29.0,180.0,121.56021249479377,False,0.19117187621221055,0.8679136307576714,East 42nd Street,mid_block,658.4390817648522,40.75250671561534,-73.97861037612086
n00464,E_east,119.0,180.0,121.56021249479377,True,0.19117187621221055,0.8634021630952144,East 42nd Street,mid_block,658.4390817648522,40.75250671561534,-73.97861037612086
n00464,S_downtown,209.0,180.0,121.56021249479377,False,0.08773446028430588,0.9468375725963618,East 42nd Street,mid_block,658.4390817648522,40.75250671561534,-73.97861037612086
n00464,W_west,299.0,180.0,121.56021249479377,True,0.08773446028430587,0.9510807952352264,East 42nd Street,mid_block,658.4390817648522,40.75250671561534,-73.97861037612086
n00464,full360,,360.0,121.56021249479377,,0.1394531682482582,0.907335035914705,East 42nd Street,mid_block,658.4390817648522,40.75250671561534,-73.97861037612086
n00465,N_uptown,29.0,180.0,118.24754131415769,False,0.669793800263253,0.8706729532814109,East 42nd Street,mid_block,658.4961928875813,40.75241961642352,-73.97840302162136
n00465,E_east,119.0,180.0,118.24754131415769,True,0.671154785761138,0.8704032463947823,East 42nd Street,mid_block,658.4961928875813,40.75241961642352,-73.97840302162136
n00465,S_downtown,209.0,180.0,118.24754131415769,False,0.0013609854978850705,0.9400479254273613,East 42nd Street,mid_block,658.4961928875813,40.75241961642352,-73.97840302162136
n00465,W_west,299.0,180.0,118.24754131415769,True,0.0,0.9374384993895126,East 42nd Street,mid_block,658.4961928875813,40.75241961642352,-73.97840302162136
n00465,full360,,360.0,118.24754131415769,,0.33557739288056904,0.9042150843856035,East 42nd Street,mid_block,658.4961928875813,40.75241961642352,-73.97840302162136
n00466,N_uptown,29.0,180.0,117.92998778051552,False,0.2744735854907013,0.8930529478503249,East 42nd Street,mid_block,658.6637050610203,40.7523333858031,-73.97819502076001
n00466,E_east,119.0,180.0,117.92998778051552,True,0.039534586388809814,0.9045018791360534,East 42nd Street,mid_block,658.6637050610203,40.7523333858031,-73.97819502076001
n00466,S_downtown,209.0,180.0,117.92998778051552,False,0.09125011555835126,0.9452581302440198,East 42nd Street,mid_block,658.6637050610203,40.7523333858031,-73.97819502076001
n00466,W_west,299.0,180.0,117.92998778051552,True,0.32618911466024264,0.9337245289011946,East 42nd Street,mid_block,658.6637050610203,40.7523333858031,-73.97819502076001
n00466,full360,,360.0,117.92998778051552,,0.18286185052452628,0.9188535592052548,East 42nd Street,mid_block,658.6637050610203,40.7523333858031,-73.97819502076001
n00467,N_uptown,29.0,180.0,118.1961914359196,False,0.0,0.9450102676694371,East 42nd Street,mid_block,658.7385660876445,40.752246420540104,-73.97798754882177
n00467,E_east,119.0,180.0,118.1961914359196,True,0.0,0.932278896209798,East 42nd Street,mid_block,658.7385660876445,40.752246420540104,-73.97798754882177
n00467,S_downtown,209.0,180.0,118.1961914359196,False,0.0018839290095867946,0.9428020977869703,East 42nd Street,mid_block,658.7385660876445,40.752246420540104,-73.97798754882177
n00467,W_west,299.0,180.0,118.1961914359196,True,0.0018839290095867946,0.955149218443744,East 42nd Street,mid_block,658.7385660876445,40.752246420540104,-73.97798754882177
n00467,full360,,360.0,118.1961914359196,,0.0009419645047933973,0.9439270946682439,East 42nd Street,mid_block,658.7385660876445,40.752246420540104,-73.97798754882177
n00468,N_uptown,29.0,180.0,118.14407356549493,False,0.014580330796340333,0.9778608471081226,East 42nd Street,mid_block,658.8314973974748,40.752159598644226,-73.97777997392699
n00468,E_east,119.0,180.0,118.14407356549493,True,0.21613839994886955,0.922264693383462,East 42nd Street,mid_block,658.8314973974748,40.752159598644226,-73.97777997392699
n00468,S_downtown,209.0,180.0,118.14407356549493,False,0.2646657185583056,0.8621903116314082,East 42nd Street,mid_block,658.8314973974748,40.752159598644226,-73.97777997392699
n00468,W_west,299.0,180.0,118.14407356549493,True,0.06310764940577636,0.9356302173510508,East 42nd Street,mid_block,658.8314973974748,40.752159598644226,-73.97777997392699
n00468,full360,,360.0,118.14407356549493,,0.13962302467732296,0.9296967911930333,East 42nd Street,mid_block,658.8314973974748,40.752159598644226,-73.97777997392699
n00469,N_uptown,29.0,180.0,117.8794062802167,False,0.0,0.9734170996869638,East 42nd Street,mid_block,659.0164297714123,40.75207350630154,-73.97757187397445
n00469,E_east,119.0,180.0,117.8794062802167,True,0.0,0.9244847249278293,East 42nd Street,mid_block,659.0164297714123,40.75207350630154,-73.97757187397445
n00469,S_downtown,209.0,180.0,117.8794062802167,False,0.16344788076727307,0.8914653773463537,East 42nd Street,mid_block,659.0164297714123,40.75207350630154,-73.97757187397445
n00469,W_west,299.0,180.0,117.8794062802167,True,0.16344788076727312,0.9426902939091818,East 42nd Street,mid_block,659.0164297714123,40.75207350630154,-73.97757187397445
n00469,full360,,360.0,117.8794062802167,,0.08172394038363656,0.933430963610099,East 42nd Street,mid_block,659.0164297714123,40.75207350630154,-73.97757187397445
n00470,N_uptown,29.0,180.0,117.8948140463517,False,0.0069490788382638455,0.9554595989510477,East 42nd Street,mid_block,659.1959449971507,40.75198737104445,-73.97736380503896
n00470,E_east,119.0,180.0,117.8948140463517,True,0.008118694004257188,0.9457399795954682,East 42nd Street,mid_block,659.1959449971507,40.75198737104445,-73.97736380503896
n00470,S_downtown,209.0,180.0,117.8948140463517,False,0.1543973361437585,0.9344301456068097,East 42nd Street,mid_block,659.1959449971507,40.75198737104445,-73.97736380503896
n00470,W_west,299.0,180.0,117.8948140463517,True,0.15322772097776516,0.9445298801010426,East 42nd Street,mid_block,659.1959449971507,40.75198737104445,-73.97736380503896
n00470,full360,,360.0,117.8948140463517,,0.08067320749101117,0.9451611021208497,East 42nd Street,mid_block,659.1959449971507,40.75198737104445,-73.97736380503896
n00471,N_uptown,29.0,180.0,118.02091438070424,False,0.0,0.9514135468381225,East 42nd Street,mid_block,659.33154132905,40.75190088737309,-73.97715598641005
n00471,E_east,119.0,180.0,118.02091438070424,True,0.0,0.9175571187098269,East 42nd Street,mid_block,659.33154132905,40.75190088737309,-73.97715598641005
n00471,S_downtown,209.0,180.0,118.02091438070424,False,0.0,0.8845681195592661,East 42nd Street,mid_block,659.33154132905,40.75190088737309,-73.97715598641005
n00471,W_west,299.0,180.0,118.02091438070424,True,0.0,0.9386878366512009,East 42nd Street,mid_block,659.33154132905,40.75190088737309,-73.97715598641005
n00471,full360,,360.0,118.02091438070424,,0.0,0.928762853929115,East 42nd Street,mid_block,659.33154132905,40.75190088737309,-73.97715598641005
n00472,N_uptown,29.0,180.0,118.0209143808609,False,0.0013189230805470595,0.9430521892194855,East 42nd Street,mid_block,659.4670797317767,40.75181440333263,-73.97694816832521
n00472,E_east,119.0,180.0,118.0209143808609,True,0.0013189230805470595,0.9097521764451031,East 42nd Street,mid_block,659.4670797317767,40.75181440333263,-73.97694816832521
n00472,S_downtown,209.0,180.0,118.0209143808609,False,0.0,0.822771325711876,East 42nd Street,mid_block,659.4670797317767,40.75181440333263,-73.97694816832521
n00472,W_west,299.0,180.0,118.0209143808609,True,0.0,0.9154802057774266,East 42nd Street,mid_block,659.4670797317767,40.75181440333263,-73.97694816832521
n00472,full360,,360.0,118.0209143808609,,0.0006594615402735298,0.9125101085434347,East 42nd Street,mid_block,659.4670797317767,40.75181440333263,-73.97694816832521
n00473,N_uptown,29.0,180.0,118.02091438070424,False,0.0,0.9577067398006844,East 42nd Street,mid_block,659.6025602054369,40.75172791892308,-73.97674035078444
n00473,E_east,119.0,180.0,118.02091438070424,True,0.0,0.9240005116814888,East 42nd Street,mid_block,659.6025602054369,40.75172791892308,-73.97674035078444
n00473,S_downtown,209.0,180.0,118.02091438070424,False,0.0014947242925288243,0.9212614938099299,East 42nd Street,mid_block,659.6025602054369,40.75172791892308,-73.97674035078444
n00473,W_west,299.0,180.0,118.02091438070424,True,0.0014947242925288243,0.9561573060443198,East 42nd Street,mid_block,659.6025602054369,40.75172791892308,-73.97674035078444
n00473,full360,,360.0,118.02091438070424,,0.0007473621462644122,0.9413710104240806,East 42nd Street,mid_block,659.6025602054369,40.75172791892308,-73.97674035078444
n00474,N_uptown,29.0,180.0,118.08868245807385,False,0.01018690132980319,0.9626730529735787,East 42nd Street,mid_block,659.7144106646901,40.751641247537236,-73.97653266906171
n00474,E_east,119.0,180.0,118.08868245807385,True,0.01263670740402025,0.9239477122824687,East 42nd Street,mid_block,659.7144106646901,40.751641247537236,-73.97653266906171
n00474,S_downtown,209.0,180.0,118.08868245807385,False,0.0024498060742170593,0.9122327828764938,East 42nd Street,mid_block,659.7144106646901,40.751641247537236,-73.97653266906171
n00474,W_west,299.0,180.0,118.08868245807385,True,0.0,0.9566772330774298,East 42nd Street,mid_block,659.7144106646901,40.751641247537236,-73.97653266906171
n00474,full360,,360.0,118.08868245807385,,0.006318353702010125,0.9414858603226923,East 42nd Street,mid_block,659.7144106646901,40.751641247537236,-73.97653266906171
n00475,N_uptown,29.0,180.0,118.37685921488834,False,0.0,0.9607292978717415,East 42nd Street,mid_block,659.7259657805553,40.751553782259144,-73.97632556312188
n00475,E_east,119.0,180.0,118.37685921488834,True,0.0,0.9282954512227511,East 42nd Street,mid_block,659.7259657805553,40.751553782259144,-73.97632556312188
n00475,S_downtown,209.0,180.0,118.37685921488834,False,0.0,0.9220899386220551,East 42nd Street,mid_block,659.7259657805553,40.751553782259144,-73.97632556312188
n00475,W_west,299.0,180.0,118.37685921488834,True,0.0,0.9559718661294198,East 42nd Street,mid_block,659.7259657805553,40.751553782259144,-73.97632556312188
n00475,full360,,360.0,118.37685921488834,,0.0,0.9412121879539607,East 42nd Street,mid_block,659.7259657805553,40.751553782259144,-73.97632556312188
n00476,N_uptown,29.0,180.0,118.43458697339454,False,0.025054467896626048,0.9209386865083328,East 42nd Street,mid_block,659.7173832471431,40.75146615803277,-73.97611857385897
n00476,E_east,119.0,180.0,118.43458697339454,True,0.06822939160204373,0.8336920629154267,East 42nd Street,mid_block,659.7173832471431,40.75146615803277,-73.97611857385897
n00476,S_downtown,209.0,180.0,118.43458697339454,False,0.04317492370541767,0.8675334932592871,East 42nd Street,mid_block,659.7173832471431,40.75146615803277,-73.97611857385897
n00476,W_west,299.0,180.0,118.43458697339454,True,0.0,0.9527299414086406,East 42nd Street,mid_block,659.7173832471431,40.75146615803277,-73.97611857385897
n00476,full360,,360.0,118.43458697339454,,0.03411469580102187,0.8936980314709458,East 42nd Street,mid_block,659.7173832471431,40.75146615803277,-73.97611857385897
n00477,N_uptown,29.0,180.0,118.56510939625724,False,0.05490920839557876,0.948173391694294,East 42nd Street,mid_block,659.6633425321947,40.75137817502357,-73.97591184803306
n00477,E_east,119.0,180.0,118.56510939625724,True,0.08035079875055745,0.9274042525943095,East 42nd Street,mid_block,659.6633425321947,40.75137817502357,-73.97591184803306
n00477,S_downtown,209.0,180.0,118.56510939625724,False,0.02544159035497869,0.9339764975272291,East 42nd Street,mid_block,659.6633425321947,40.75137817502357,-73.97591184803306
n00477,W_west,299.0,180.0,118.56510939625724,True,0.0,0.9545618961155993,East 42nd Street,mid_block,659.6633425321947,40.75137817502357,-73.97591184803306
n00477,full360,,360.0,118.56510939625724,,0.04017539937527872,0.9408546867640287,East 42nd Street,mid_block,659.6633425321947,40.75137817502357,-73.97591184803306
n00478,N_uptown,29.0,180.0,118.32475675334648,False,0.07730349789485003,0.9495000272385093,East 42nd Street,mid_block,659.6928472102154,40.751290851977956,-73.9757046394063
n00478,E_east,119.0,180.0,118.32475675334648,True,0.0825610573263345,0.9338289414164797,East 42nd Street,mid_block,659.6928472102154,40.751290851977956,-73.9757046394063
n00478,S_downtown,209.0,180.0,118.32475675334648,False,0.005257559431484467,0.9379150170759324,East 42nd Street,mid_block,659.6928472102154,40.751290851977956,-73.9757046394063
n00478,W_west,299.0,180.0,118.32475675334648,True,0.0,0.9538950457216255,East 42nd Street,mid_block,659.6928472102154,40.751290851977956,-73.9757046394063
n00478,full360,,360.0,118.32475675334648,,0.04128052866316725,0.9436436241992217,East 42nd Street,mid_block,659.6928472102154,40.751290851977956,-73.9757046394063
n00479,N_uptown,29.0,180.0,118.30524225891139,False,0.036107134837749987,0.9151281983639756,East 42nd Street,mid_block,659.7290818875396,40.75120358216812,-73.97549739205873
n00479,E_east,119.0,180.0,118.30524225891139,True,0.1059070524938604,0.920429192121717,East 42nd Street,mid_block,659.7290818875396,40.75120358216812,-73.97549739205873
n00479,S_downtown,209.0,180.0,118.30524225891139,False,0.0697999176561104,0.9399371596829776,East 42nd Street,mid_block,659.7290818875396,40.75120358216812,-73.97549739205873
n00479,W_west,299.0,180.0,118.30524225891139,True,0.0,0.9408806334625349,East 42nd Street,mid_block,659.7290818875396,40.75120358216812,-73.97549739205873
n00479,full360,,360.0,118.30524225891139,,0.0529535262469302,0.9305777311765672,East 42nd Street,mid_block,659.7290818875396,40.75120358216812,-73.97549739205873
n00480,N_uptown,29.0,180.0,118.30524225640418,False,0.04262708917365968,0.9110575098388014,East 42nd Street,mid_block,659.7652587029642,40.751116311991275,-73.97529014525853
n00480,E_east,119.0,180.0,118.30524225640418,True,0.24865438541060814,0.9238858425717986,East 42nd Street,mid_block,659.7652587029642,40.751116311991275,-73.97529014525853
n00480,S_downtown,209.0,180.0,118.30524225640418,False,0.3623023694357139,0.9415139452628822,East 42nd Street,mid_block,659.7652587029642,40.751116311991275,-73.97529014525853
n00480,W_west,299.0,180.0,118.30524225640418,True,0.1562750731987655,0.9381515863786385,East 42nd Street,mid_block,659.7652587029642,40.751116311991275,-73.97529014525853
n00480,full360,,360.0,118.30524225640418,,0.2024647293046868,0.9306994392640343,East 42nd Street,mid_block,659.7652587029642,40.751116311991275,-73.97529014525853
n00481,N_uptown,29.0,180.0,118.30524225891139,False,0.17998342741049744,0.9150560823511326,East 42nd Street,mid_block,659.8013776559084,40.75102904144743,-73.97508289900571
n00481,E_east,119.0,180.0,118.30524225891139,True,0.09762844107844042,0.9158733885331736,East 42nd Street,mid_block,659.8013776559084,40.75102904144743,-73.97508289900571
n00481,S_downtown,209.0,180.0,118.30524225891139,False,0.15438309964573368,0.9430129031622223,East 42nd Street,mid_block,659.8013776559084,40.75102904144743,-73.97508289900571
n00481,W_west,299.0,180.0,118.30524225891139,True,0.2367380859777907,0.9482153963703093,East 42nd Street,mid_block,659.8013776559084,40.75102904144743,-73.97508289900571
n00481,full360,,360.0,118.30524225891139,,0.16718326352811558,0.9330082062600178,East 42nd Street,mid_block,659.8013776559084,40.75102904144743,-73.97508289900571
n00482,N_uptown,29.0,180.0,118.30524225891139,False,0.04264419761550132,0.9377092868028774,East 42nd Street,mid_block,659.8374387461604,40.75094177053657,-73.97487565330026
n00482,E_east,119.0,180.0,118.30524225891139,True,0.16308866778956668,0.9043166971250626,East 42nd Street,mid_block,659.8374387461604,40.75094177053657,-73.97487565330026
n00482,S_downtown,209.0,180.0,118.30524225891139,False,0.386913091372655,0.9316514956954803,East 42nd Street,mid_block,659.8374387461604,40.75094177053657,-73.97487565330026
n00482,W_west,299.0,180.0,118.30524225891139,True,0.2664686211985897,0.9576848647713953,East 42nd Street,mid_block,659.8374387461604,40.75094177053657,-73.97487565330026
n00482,full360,,360.0,118.30524225891139,,0.21477864449407819,0.9345113868991578,East 42nd Street,mid_block,659.8374387461604,40.75094177053657,-73.97487565330026
n00483,N_uptown,29.0,180.0,118.30524225875325,False,0.059416088426564505,0.9355225280296422,East 42nd Street,mid_block,659.8734419740379,40.750854499258715,-73.97466840814221
n00483,E_east,119.0,180.0,118.30524225875325,True,0.5122277385437585,0.9030728902408557,East 42nd Street,mid_block,659.8734419740379,40.750854499258715,-73.97466840814221
n00483,S_downtown,209.0,180.0,118.30524225875325,False,0.5122277385437585,0.9343997087176361,East 42nd Street,mid_block,659.8734419740379,40.750854499258715,-73.97466840814221
n00483,W_west,299.0,180.0,118.30524225875325,True,0.059416088426564505,0.9608008438383226,East 42nd Street,mid_block,659.8734419740379,40.750854499258715,-73.97466840814221
n00483,full360,,360.0,118.30524225875325,,0.28582191348516145,0.9349157624256166,East 42nd Street,mid_block,659.8734419740379,40.750854499258715,-73.97466840814221
n00484,N_uptown,29.0,180.0,118.01246090965067,False,0.23767977966455456,0.9593275599990363,East 42nd Street,mid_block,660.1489373162281,40.75068157783274,-73.97425277422474
n00484,E_east,119.0,180.0,118.01246090965067,True,0.24716274397707808,0.9302664146470314,East 42nd Street,mid_block,660.1489373162281,40.75068157783274,-73.97425277422474
n00484,S_downtown,209.0,180.0,118.01246090965067,False,0.11741124088737312,0.9091955461024087,East 42nd Street,mid_block,660.1489373162281,40.75068157783274,-73.97425277422474
n00484,W_west,299.0,180.0,118.01246090965067,True,0.10792827657484963,0.9379876402914553,East 42nd Street,mid_block,660.1489373162281,40.75068157783274,-73.97425277422474
n00484,full360,,360.0,118.01246090965067,,0.17754551027596385,0.9340948882455313,East 42nd Street,mid_block,660.1489373162281,40.75068157783274,-73.97425277422474
n00485,N_uptown,29.0,180.0,117.42090403573016,False,0.2801154814213006,0.9641832207616122,East 42nd Street,mid_block,660.4923537757817,40.750596748338985,-73.97404378420606
n00485,E_east,119.0,180.0,117.42090403573016,True,0.18387290440582552,0.9238010880676795,East 42nd Street,mid_block,660.4923537757817,40.750596748338985,-73.97404378420606
n00485,S_downtown,209.0,180.0,117.42090403573016,False,0.0,0.9168977685945142,East 42nd Street,mid_block,660.4923537757817,40.750596748338985,-73.97404378420606
n00485,W_west,299.0,180.0,117.42090403573016,True,0.09624257701547509,0.9587761815420379,East 42nd Street,mid_block,660.4923537757817,40.750596748338985,-73.97404378420606
n00485,full360,,360.0,117.42090403573016,,0.1400577407106503,0.941579278212125,East 42nd Street,mid_block,660.4923537757817,40.750596748338985,-73.97404378420606
n00486,N_uptown,29.0,180.0,117.41855639954287,False,0.05645768243523126,0.9461158735190714,East 42nd Street,mid_block,660.8365286552635,40.750511924984686,-73.97383479015532
n00486,E_east,119.0,180.0,117.41855639954287,True,0.04287921249008105,0.9144725342060802,East 42nd Street,mid_block,660.8365286552635,40.750511924984686,-73.97383479015532
n00486,S_downtown,209.0,180.0,117.41855639954287,False,0.041663684575413855,0.9293533351447881,East 42nd Street,mid_block,660.8365286552635,40.750511924984686,-73.97383479015532
n00486,W_west,299.0,180.0,117.41855639954287,True,0.05524215452056407,0.9600274342285662,East 42nd Street,mid_block,660.8365286552635,40.750511924984686,-73.97383479015532
n00486,full360,,360.0,117.41855639954287,,0.049060683505322555,0.9379243128487472,East 42nd Street,mid_block,660.8365286552635,40.750511924984686,-73.97383479015532
n00487,N_uptown,29.0,180.0,117.40011924733882,False,0.008718730922020437,0.934927704066447,East 42nd Street,mid_block,661.1870575989965,40.75042715240513,-73.97362576075905
n00487,E_east,119.0,180.0,117.40011924733882,True,0.0,0.900924933719476,East 42nd Street,mid_block,661.1870575989965,40.75042715240513,-73.97362576075905
n00487,S_downtown,209.0,180.0,117.40011924733882,False,0.0,0.9239208262379984,East 42nd Street,mid_block,661.1870575989965,40.75042715240513,-73.97362576075905
n00487,W_west,299.0,180.0,117.40011924733882,True,0.008718730922020437,0.9585239645596981,East 42nd Street,mid_block,661.1870575989965,40.75042715240513,-73.97362576075905
n00487,full360,,360.0,117.40011924733882,,0.004359365461010218,0.9295154383939022,East 42nd Street,mid_block,661.1870575989965,40.75042715240513,-73.97362576075905
n00488,N_uptown,29.0,180.0,117.9955485894861,False,0.0,0.9405581956838476,East 42nd Street,mid_block,661.3304332474947,40.750340732713696,-73.97341790315086
n00488,E_east,119.0,180.0,117.9955485894861,True,0.0,0.9104575565336263,East 42nd Street,mid_block,661.3304332474947,40.750340732713696,-73.97341790315086
n00488,S_downtown,209.0,180.0,117.9955485894861,False,0.0,0.9297093501240901,East 42nd Street,mid_block,661.3304332474947,40.750340732713696,-73.97341790315086
n00488,W_west,299.0,180.0,117.9955485894861,True,0.0,0.9594632426196122,East 42nd Street,mid_block,661.3304332474947,40.750340732713696,-73.97341790315086
n00488,full360,,360.0,117.9955485894861,,0.0,0.9354755383946183,East 42nd Street,mid_block,661.3304332474947,40.750340732713696,-73.97341790315086
n00489,N_uptown,29.0,180.0,118.16280003251767,False,0.0,0.9430915434180686,East 42nd Street,mid_block,661.4155771695845,40.75025385094357,-73.97321037714119
n00489,E_east,119.0,180.0,118.16280003251767,True,0.0,0.9075491468683949,East 42nd Street,mid_block,661.4155771695845,40.75025385094357,-73.97321037714119
n00489,S_downtown,209.0,180.0,118.16280003251767,False,0.0,0.9124283965551605,East 42nd Street,mid_block,661.4155771695845,40.75025385094357,-73.97321037714119
n00489,W_west,299.0,180.0,118.16280003251767,True,0.0,0.9514996718291054,East 42nd Street,mid_block,661.4155771695845,40.75025385094357,-73.97321037714119
n00489,full360,,360.0,118.16280003251767,,0.0,0.9295565668658169,East 42nd Street,mid_block,661.4155771695845,40.75025385094357,-73.97321037714119
n00490,N_uptown,29.0,180.0,118.09100199601278,False,0.0,0.9062472316772445,East 42nd Street,mid_block,661.5256362369296,40.750167167034455,-73.97300270961979
n00490,E_east,119.0,180.0,118.09100199601278,True,0.0,0.906915461379598,East 42nd Street,mid_block,661.5256362369296,40.750167167034455,-73.97300270961979
n00490,S_downtown,209.0,180.0,118.09100199601278,False,0.0,0.9123396688959524,East 42nd Street,mid_block,661.5256362369296,40.750167167034455,-73.97300270961979
n00490,W_west,299.0,180.0,118.09100199601278,True,0.0,0.9148202228932576,East 42nd Street,mid_block,661.5256362369296,40.750167167034455,-73.97300270961979
n00490,full360,,360.0,118.09100199601278,,0.0,0.9099075477632136,East 42nd Street,mid_block,661.5256362369296,40.750167167034455,-73.97300270961979
n00491,N_uptown,29.0,180.0,117.67663928479033,False,0.22676689885566445,0.9423655345105498,East 42nd Street,mid_block,661.7797611650948,40.750081626769955,-73.97279422280207
n00491,E_east,119.0,180.0,117.67663928479033,True,0.7023879290675337,0.9054457597016815,East 42nd Street,mid_block,661.7797611650948,40.750081626769955,-73.97279422280207
n00491,S_downtown,209.0,180.0,117.67663928479033,False,0.513675374546191,0.9202982761935128,East 42nd Street,mid_block,661.7797611650948,40.750081626769955,-73.97279422280207
n00491,W_west,299.0,180.0,117.67663928479033,True,0.03805434433432184,0.9537432072063704,East 42nd Street,mid_block,661.7797611650948,40.750081626769955,-73.97279422280207
n00491,full360,,360.0,117.67663928479033,,0.37022113670092777,0.9310797819718013,East 42nd Street,mid_block,661.7797611650948,40.750081626769955,-73.97279422280207
n00492,N_uptown,29.0,180.0,117.67663928479033,False,1.7789338921486777,0.9348146594228166,East 42nd Street,mid_block,662.0338281004997,40.74999608613396,-73.9725857365243
n00492,E_east,119.0,180.0,117.67663928479033,True,0.6155108423076983,0.8884188552199638,East 42nd Street,mid_block,662.0338281004997,40.74999608613396,-73.9725857365243
n00492,S_downtown,209.0,180.0,117.67663928479033,False,0.0,0.9070624884772972,East 42nd Street,mid_block,662.0338281004997,40.74999608613396,-73.9725857365243
n00492,W_west,299.0,180.0,117.67663928479033,True,1.1634230498409794,0.9532851324491685,East 42nd Street,mid_block,662.0338281004997,40.74999608613396,-73.9725857365243
n00492,full360,,360.0,117.67663928479033,,0.8894669460743388,0.9209639042769469,East 42nd Street,mid_block,662.0338281004997,40.74999608613396,-73.9725857365243
n00493,N_uptown,29.0,180.0,117.90655978747506,False,2.4370447498470145,0.9280138733840921,East 42nd Street,mid_block,662.2078599278959,40.74990991331763,-73.97237771288921
n00493,E_east,119.0,180.0,117.90655978747506,True,0.3804662597808034,0.8079887753450415,East 42nd Street,mid_block,662.2078599278959,40.74990991331763,-73.97237771288921
n00493,S_downtown,209.0,180.0,117.90655978747506,False,0.0,0.839219779905208,East 42nd Street,mid_block,662.2078599278959,40.74990991331763,-73.97237771288921
n00493,W_west,299.0,180.0,117.90655978747506,True,2.056578490066211,0.9514876510303383,East 42nd Street,mid_block,662.2078599278959,40.74990991331763,-73.97237771288921
n00493,full360,,360.0,117.90655978747506,,1.2185223749235072,0.8823959942980529,East 42nd Street,mid_block,662.2078599278959,40.74990991331763,-73.97237771288921
n00494,N_uptown,29.0,180.0,119.224103560261,False,0.8631802244622924,0.9142774743215389,East 42nd Street,mid_block,661.6392521440255,40.749730340650146,-73.97196699649604
n00494,E_east,119.0,180.0,119.224103560261,True,0.9174278580870197,0.9122815385864858,East 42nd Street,mid_block,661.6392521440255,40.749730340650146,-73.97196699649604
n00494,S_downtown,209.0,180.0,119.224103560261,False,0.4109525964727843,0.9065770109370632,East 42nd Street,mid_block,661.6392521440255,40.749730340650146,-73.97196699649604
n00494,W_west,299.0,180.0,119.224103560261,True,0.356704962848057,0.9086121948687922,East 42nd Street,mid_block,661.6392521440255,40.749730340650146,-73.97196699649604
n00494,full360,,360.0,119.224103560261,,0.6370664104675383,0.9104698201284942,East 42nd Street,mid_block,661.6392521440255,40.749730340650146,-73.97196699649604
n00495,N_uptown,29.0,180.0,118.74317660967125,False,2.3766824285767165,0.9359291157773474,East 42nd Street,mid_block,661.5221181209217,40.74964186277185,-73.97176064363707
n00495,E_east,119.0,180.0,118.74317660967125,True,4.196607560384387,0.846472371001,East 42nd Street,mid_block,661.5221181209217,40.74964186277185,-73.97176064363707
n00495,S_downtown,209.0,180.0,118.74317660967125,False,2.4690705051747153,0.8631377344395199,East 42nd Street,mid_block,661.5221181209217,40.74964186277185,-73.97176064363707
n00495,W_west,299.0,180.0,118.74317660967125,True,0.6491453733670454,0.9486332796588907,East 42nd Street,mid_block,661.5221181209217,40.74964186277185,-73.97176064363707
n00495,full360,,360.0,118.74317660967125,,2.422876466875716,0.9001553717498924,East 42nd Street,mid_block,661.5221181209217,40.74964186277185,-73.97176064363707
n00496,N_uptown,29.0,180.0,118.38622175066007,False,4.444404499050028,0.9186596206047953,East 42nd Street,mid_block,661.5290857738933,40.749554363314736,-73.97155356907761
n00496,E_east,119.0,180.0,118.38622175066007,True,5.766659541989651,0.8576596538309648,East 42nd Street,mid_block,661.5290857738933,40.749554363314736,-73.97155356907761
n00496,S_downtown,209.0,180.0,118.38622175066007,False,5.4111002303606455,0.8693594032372459,East 42nd Street,mid_block,661.5290857738933,40.749554363314736,-73.97155356907761
n00496,W_west,299.0,180.0,118.38622175066007,True,4.088845187421023,0.9314752330139157,East 42nd Street,mid_block,661.5290857738933,40.749554363314736,-73.97155356907761
n00496,full360,,360.0,118.38622175066007,,4.927752364705337,0.894418899554707,East 42nd Street,mid_block,661.5290857738933,40.749554363314736,-73.97155356907761
n00497,N_uptown,29.0,180.0,118.38622175066007,False,5.236281897693692,0.8449794216499054,East 42nd Street,mid_block,661.5359955897115,40.749466863491264,-73.97134649506646
n00497,E_east,119.0,180.0,118.38622175066007,True,6.407064168142633,0.824321089143392,East 42nd Street,mid_block,661.5359955897115,40.749466863491264,-73.97134649506646
n00497,S_downtown,209.0,180.0,118.38622175066007,False,5.712426541595108,0.9181402300788134,East 42nd Street,mid_block,661.5359955897115,40.749466863491264,-73.97134649506646
n00497,W_west,299.0,180.0,118.38622175066007,True,4.5416442711461675,0.9396241566171175,East 42nd Street,mid_block,661.5359955897115,40.749466863491264,-73.97134649506646
n00497,full360,,360.0,118.38622175066007,,5.4743542196443995,0.8822563052203579,East 42nd Street,mid_block,661.5359955897115,40.749466863491264,-73.97134649506646
n00498,N_uptown,29.0,180.0,118.38622174847137,False,7.2830497199282265,0.7957194823807288,East 42nd Street,mid_block,661.5428475673208,40.74937936330144,-73.97113942160364
n00498,E_east,119.0,180.0,118.38622174847137,True,8.084139017797941,0.6084875179928596,East 42nd Street,mid_block,661.5428475673208,40.74937936330144,-73.97113942160364
n00498,S_downtown,209.0,180.0,118.38622174847137,False,4.179890114141108,0.7751940054395755,East 42nd Street,mid_block,661.5428475673208,40.74937936330144,-73.97113942160364
n00498,W_west,299.0,180.0,118.38622174847137,True,3.3788008162713927,0.9209086925506671,East 42nd Street,mid_block,661.5428475673208,40.74937936330144,-73.97113942160364
n00498,full360,,360.0,118.38622174847137,,5.7314699170346675,0.7842294222201818,East 42nd Street,mid_block,661.5428475673208,40.74937936330144,-73.97113942160364
n00499,N_uptown,29.0,180.0,118.38622175066007,False,3.656991430849704,0.8168702753973703,East 42nd Street,mid_block,661.549641706403,40.74929186274525,-73.97093234868912
n00499,E_east,119.0,180.0,118.38622175066007,True,3.7764280052864905,0.6715046841869389,East 42nd Street,mid_block,661.549641706403,40.74929186274525,-73.97093234868912
n00499,S_downtown,209.0,180.0,118.38622175066007,False,3.5795093514825016,0.7162847178121259,East 42nd Street,mid_block,661.549641706403,40.74929186274525,-73.97093234868912
n00499,W_west,299.0,180.0,118.38622175066007,True,3.4600727770457147,0.8327230710292716,East 42nd Street,mid_block,661.549641706403,40.74929186274525,-73.97093234868912
n00499,full360,,360.0,118.38622175066007,,3.618250391166103,0.764473283268635,East 42nd Street,mid_block,661.549641706403,40.74929186274525,-73.97093234868912
n00500,N_uptown,29.0,180.0,118.38622174847137,False,4.44397749119655,0.7228485840690726,East 42nd Street,mid_block,661.556378011873,40.74920436182275,-73.97072527632291
n00500,E_east,119.0,180.0,118.38622174847137,True,7.963357216966049,0.6780257771225381,East 42nd Street,mid_block,661.556378011873,40.74920436182275,-73.97072527632291
n00500,S_downtown,209.0,180.0,118.38622174847137,False,6.572648736874531,0.6740938476009039,East 42nd Street,mid_block,661.556378011873,40.74920436182275,-73.97072527632291
n00500,W_west,299.0,180.0,118.38622174847137,True,3.053269011105032,0.7063435282440075,East 42nd Street,mid_block,661.556378011873,40.74920436182275,-73.97072527632291
n00500,full360,,360.0,118.38622174847137,,5.50831311403554,0.6967889676312872,East 42nd Street,mid_block,661.556378011873,40.74920436182275,-73.97072527632291
n00501,N_uptown,29.0,180.0,118.38849193042532,False,0.7434009007094874,0.8934973490501409,East 42nd Street,mid_block,661.5622668351832,40.74911685429508,-73.97051820906583
n00501,E_east,119.0,180.0,118.38849193042532,True,0.6838318809323674,0.8870463532911208,East 42nd Street,mid_block,661.5622668351832,40.74911685429508,-73.97051820906583
n00501,S_downtown,209.0,180.0,118.38849193042532,False,1.3871344675570298,0.7055170146482324,East 42nd Street,mid_block,661.5622668351832,40.74911685429508,-73.97051820906583
n00501,W_west,299.0,180.0,118.38849193042532,True,1.44670348733415,0.7493540891943388,East 42nd Street,mid_block,661.5622668351832,40.74911685429508,-73.97051820906583
n00501,full360,,360.0,118.38849193042532,,1.0652676841332587,0.8194104759618211,East 42nd Street,mid_block,661.5622668351832,40.74911685429508,-73.97051820906583
n00502,N_uptown,29.0,180.0,118.41404512599745,False,1.2864643004730256,0.8557962764555581,East 42nd Street,mid_block,661.5592095790034,40.749029276177005,-73.97031119369362
n00502,E_east,119.0,180.0,118.41404512599745,True,1.9506030535062835,0.5715870139400957,East 42nd Street,mid_block,661.5592095790034,40.749029276177005,-73.97031119369362
n00502,S_downtown,209.0,180.0,118.41404512599745,False,2.844668511788742,0.5307241195172284,East 42nd Street,mid_block,661.5592095790034,40.749029276177005,-73.97031119369362
n00502,W_west,299.0,180.0,118.41404512599745,True,2.1805297587554846,0.932227639588194,East 42nd Street,mid_block,661.5592095790034,40.749029276177005,-73.97031119369362
n00502,full360,,360.0,118.41404512599745,,2.0655664061308836,0.700555882315824,East 42nd Street,mid_block,661.5592095790034,40.749029276177005,-73.97031119369362
n00503,N_uptown,29.0,180.0,118.41404512583878,False,1.9057694402861516,0.6827282901885054,East 42nd Street,mid_block,661.5560944938146,40.74894169769281,-73.97010417887006
n00503,E_east,119.0,180.0,118.41404512583878,True,0.8051804515887905,0.32612059354369505,East 42nd Street,mid_block,661.5560944938146,40.74894169769281,-73.97010417887006
n00503,S_downtown,209.0,180.0,118.41404512583878,False,1.2483563122000303,0.511013503997077,East 42nd Street,mid_block,661.5560944938146,40.74894169769281,-73.97010417887006
n00503,W_west,299.0,180.0,118.41404512583878,True,2.348945300897391,0.8747233054815273,East 42nd Street,mid_block,661.5560944938146,40.74894169769281,-73.97010417887006
n00503,full360,,360.0,118.41404512583878,,1.577062876243091,0.5945641528985537,East 42nd Street,mid_block,661.5560944938146,40.74894169769281,-73.97010417887006
n00504,N_uptown,29.0,180.0,28.59557236838907,True,0.0,0.942727729869426,Lexington Avenue,avenue_canyon,681.9739155709517,40.751615054650166,-73.97592630428797
n00504,E_east,119.0,180.0,28.59557236838907,False,0.0,0.9320077074747827,Lexington Avenue,avenue_canyon,681.9739155709517,40.751615054650166,-73.97592630428797
n00504,S_downtown,209.0,180.0,28.59557236838907,True,0.0,0.9320292910171856,Lexington Avenue,avenue_canyon,681.9739155709517,40.751615054650166,-73.97592630428797
n00504,W_west,299.0,180.0,28.59557236838907,False,0.0,0.9430886312461502,Lexington Avenue,avenue_canyon,681.9739155709517,40.751615054650166,-73.97592630428797
n00504,full360,,360.0,28.59557236838907,,0.0,0.9374110918024998,Lexington Avenue,avenue_canyon,681.9739155709517,40.751615054650166,-73.97592630428797
n00506,N_uptown,29.0,180.0,28.70997005024651,True,0.0,0.9559398293469477,Lexington Avenue,avenue_canyon,622.1861184087061,40.751143741859735,-73.97627412627877
n00506,E_east,119.0,180.0,28.70997005024651,False,0.05560447419288973,0.9336223641026585,Lexington Avenue,avenue_canyon,622.1861184087061,40.751143741859735,-73.97627412627877
n00506,S_downtown,209.0,180.0,28.70997005024651,True,0.05806346013514763,0.9416769301513379,Lexington Avenue,avenue_canyon,622.1861184087061,40.751143741859735,-73.97627412627877
n00506,W_west,299.0,180.0,28.70997005024651,False,0.002458985942257907,0.9638624194313853,Lexington Avenue,avenue_canyon,622.1861184087061,40.751143741859735,-73.97627412627877
n00506,full360,,360.0,28.70997005024651,,0.02903173006757382,0.9486832821108439,Lexington Avenue,avenue_canyon,622.1861184087061,40.751143741859735,-73.97627412627877
n00507,N_uptown,29.0,180.0,28.709970049953995,True,0.06461750379108624,0.962348471340888,Lexington Avenue,avenue_canyon,602.2568703135267,40.75098675386371,-73.97639034144117
n00507,E_east,119.0,180.0,28.709970049953995,False,0.07067954944430188,0.9311073214092723,Lexington Avenue,avenue_canyon,602.2568703135267,40.75098675386371,-73.97639034144117
n00507,S_downtown,209.0,180.0,28.709970049953995,True,0.006062045653215645,0.9375019939849409,Lexington Avenue,avenue_canyon,602.2568703135267,40.75098675386371,-73.97639034144117
n00507,W_west,299.0,180.0,28.709970049953995,False,0.0,0.9673260860438871,Lexington Avenue,avenue_canyon,602.2568703135267,40.75098675386371,-73.97639034144117
n00507,full360,,360.0,28.709970049953995,,0.03533977472215094,0.9501025001341978,Lexington Avenue,avenue_canyon,602.2568703135267,40.75098675386371,-73.97639034144117
n00508,N_uptown,29.0,180.0,28.63132783927125,True,0.0,0.9196838724028525,Lexington Avenue,avenue_canyon,562.3982425898951,40.750672535856324,-73.97662220270553
n00508,E_east,119.0,180.0,28.63132783927125,False,0.3354142651498263,0.8872109455827053,Lexington Avenue,avenue_canyon,562.3982425898951,40.750672535856324,-73.97662220270553
n00508,S_downtown,209.0,180.0,28.63132783927125,True,0.3354142651498263,0.9166108103407857,Lexington Avenue,avenue_canyon,562.3982425898951,40.750672535856324,-73.97662220270553
n00508,W_west,299.0,180.0,28.63132783927125,False,0.0,0.9490052657840551,Lexington Avenue,avenue_canyon,562.3982425898951,40.750672535856324,-73.97662220270553
n00508,full360,,360.0,28.63132783927125,,0.16770713257491313,0.9181881283062171,Lexington Avenue,avenue_canyon,562.3982425898951,40.750672535856324,-73.97662220270553
n00509,N_uptown,29.0,180.0,28.494723302257,True,0.0,0.9512482810008149,Lexington Avenue,avenue_canyon,542.4687736662733,40.75051521656731,-73.97673763988253
n00509,E_east,119.0,180.0,28.494723302257,False,0.0,0.9266475590587477,Lexington Avenue,avenue_canyon,542.4687736662733,40.75051521656731,-73.97673763988253
n00509,S_downtown,209.0,180.0,28.494723302257,True,0.0,0.9239364738996197,Lexington Avenue,avenue_canyon,542.4687736662733,40.75051521656731,-73.97673763988253
n00509,W_west,299.0,180.0,28.494723302257,False,0.0,0.9483331714770585,Lexington Avenue,avenue_canyon,542.4687736662733,40.75051521656731,-73.97673763988253
n00509,full360,,360.0,28.494723302257,,0.0,0.93780596082648,Lexington Avenue,avenue_canyon,542.4687736662733,40.75051521656731,-73.97673763988253
n00510,N_uptown,29.0,180.0,28.494723303236754,True,0.027847749767704537,0.9514344911425492,Lexington Avenue,avenue_canyon,522.5393150071288,40.750357897152064,-73.97685307651
n00510,E_east,119.0,180.0,28.494723303236754,False,0.028956270199646816,0.9362311036785469,Lexington Avenue,avenue_canyon,522.5393150071288,40.750357897152064,-73.97685307651
n00510,S_downtown,209.0,180.0,28.494723303236754,True,0.0011085204319422827,0.9361953228537451,Lexington Avenue,avenue_canyon,522.5393150071288,40.750357897152064,-73.97685307651
n00510,W_west,299.0,180.0,28.494723303236754,False,0.0,0.9510838197435431,Lexington Avenue,avenue_canyon,522.5393150071288,40.750357897152064,-73.97685307651
n00510,full360,,360.0,28.494723303236754,,0.014478135099823411,0.9438766819146719,Lexington Avenue,avenue_canyon,522.5393150071288,40.750357897152064,-73.97685307651
n00511,N_uptown,29.0,180.0,28.403445322581007,True,0.600467131936794,0.9548453769638997,Lexington Avenue,avenue_canyon,482.6804750207951,40.75004297934263,-73.97708328819058
n00511,E_east,119.0,180.0,28.403445322581007,False,4.068005942292257,0.8868901796341356,Lexington Avenue,avenue_canyon,482.6804750207951,40.75004297934263,-73.97708328819058
n00511,S_downtown,209.0,180.0,28.403445322581007,True,11.526688226932876,0.8455293045699183,Lexington Avenue,avenue_canyon,482.6804750207951,40.75004297934263,-73.97708328819058
n00511,W_west,299.0,180.0,28.403445322581007,False,8.059149416577412,0.9269793466039774,Lexington Avenue,avenue_canyon,482.6804750207951,40.75004297934263,-73.97708328819058
n00511,full360,,360.0,28.403445322581007,,6.063577679434834,0.9065887039776109,Lexington Avenue,avenue_canyon,482.6804750207951,40.75004297934263,-73.97708328819058
n00512,N_uptown,29.0,180.0,28.28340204971505,True,10.658288413784595,0.9401965777366451,Lexington Avenue,avenue_canyon,462.75107399916334,40.74988533683706,-73.97719795941815
n00512,E_east,119.0,180.0,28.28340204971505,False,7.540527222932733,0.9031271369862212,Lexington Avenue,avenue_canyon,462.75107399916334,40.74988533683706,-73.97719795941815
n00512,S_downtown,209.0,180.0,28.28340204971505,True,1.7184733041210847,0.8163063547741456,Lexington Avenue,avenue_canyon,462.75107399916334,40.74988533683706,-73.97719795941815
n00512,W_west,299.0,180.0,28.28340204971505,False,4.836234494972947,0.8476378105938401,Lexington Avenue,avenue_canyon,462.75107399916334,40.74988533683706,-73.97719795941815
n00512,full360,,360.0,28.28340204971505,,6.18838085895284,0.8733394876117175,Lexington Avenue,avenue_canyon,462.75107399916334,40.74988533683706,-73.97719795941815
n00513,N_uptown,29.0,180.0,28.283402048450853,True,4.801197993821648,0.994134681856867,Lexington Avenue,avenue_canyon,442.8216832886061,40.74972769420679,-73.97731263009865
n00513,E_east,119.0,180.0,28.283402048450853,False,4.30708966437765,0.9508337880879024,Lexington Avenue,avenue_canyon,442.8216832886061,40.74972769420679,-73.97731263009865
n00513,S_downtown,209.0,180.0,28.283402048450853,True,0.5847957669412254,0.9066277697977386,Lexington Avenue,avenue_canyon,442.8216832886061,40.74972769420679,-73.97731263009865
n00513,W_west,299.0,180.0,28.283402048450853,False,1.078904096385223,0.9498371494246465,Lexington Avenue,avenue_canyon,442.8216832886061,40.74972769420679,-73.97731263009865
n00513,full360,,360.0,28.283402048450853,,2.6929968803814366,0.9503295356045983,Lexington Avenue,avenue_canyon,442.8216832886061,40.74972769420679,-73.97731263009865
n00514,N_uptown,29.0,180.0,28.29338550319582,True,0.002906478115379152,0.9365233403325751,Lexington Avenue,avenue_canyon,402.96292212409844,40.74941243899947,-73.97754204202907
n00514,E_east,119.0,180.0,28.29338550319582,False,1.5711818588007642,0.9338523620615033,Lexington Avenue,avenue_canyon,402.96292212409844,40.74941243899947,-73.97754204202907
n00514,S_downtown,209.0,180.0,28.29338550319582,True,1.6364574777128265,0.9049898520905633,Lexington Avenue,avenue_canyon,402.96292212409844,40.74941243899947,-73.97754204202907
n00514,W_west,299.0,180.0,28.29338550319582,False,0.0681820970274416,0.9096145618320566,Lexington Avenue,avenue_canyon,402.96292212409844,40.74941243899947,-73.97754204202907
n00514,full360,,360.0,28.29338550319582,,0.8196819779141029,0.9211770641513982,Lexington Avenue,avenue_canyon,402.96292212409844,40.74941243899947,-73.97754204202907
n00515,N_uptown,29.0,180.0,28.26684573827569,True,0.2332965211375337,0.9374773354464185,Lexington Avenue,avenue_canyon,383.03357590896894,40.74925477080241,-73.9776566511652
n00515,E_east,119.0,180.0,28.26684573827569,False,3.841055773246472,0.9255889391889905,Lexington Avenue,avenue_canyon,383.03357590896894,40.74925477080241,-73.9776566511652
n00515,S_downtown,209.0,180.0,28.26684573827569,True,4.525654055500886,0.8977730933107789,Lexington Avenue,avenue_canyon,383.03357590896894,40.74925477080241,-73.9776566511652
n00515,W_west,299.0,180.0,28.26684573827569,False,0.9178948033919471,0.9130428037407642,Lexington Avenue,avenue_canyon,383.03357590896894,40.74925477080241,-73.9776566511652
n00515,full360,,360.0,28.26684573827569,,2.3794752883192096,0.9188840522032252,Lexington Avenue,avenue_canyon,383.03357590896894,40.74925477080241,-73.9776566511652
n00516,N_uptown,29.0,180.0,28.26684573856943,True,6.397002896290416,0.9476192867326365,Lexington Avenue,avenue_canyon,363.1042400093567,40.74909710248079,-73.9777712597545
n00516,E_east,119.0,180.0,28.26684573856943,False,7.724201028442403,0.9133022383978169,Lexington Avenue,avenue_canyon,363.1042400093567,40.74909710248079,-73.9777712597545
n00516,S_downtown,209.0,180.0,28.26684573856943,True,2.346722473274362,0.9192750391567459,Lexington Avenue,avenue_canyon,363.1042400093567,40.74909710248079,-73.9777712597545
n00516,W_west,299.0,180.0,28.26684573856943,False,1.0195243411223747,0.9494721854585493,Lexington Avenue,avenue_canyon,363.1042400093567,40.74909710248079,-73.9777712597545
n00516,full360,,360.0,28.26684573856943,,4.371862684782389,0.9330554107497064,Lexington Avenue,avenue_canyon,363.1042400093567,40.74909710248079,-73.9777712597545
n00517,N_uptown,29.0,180.0,28.204604494634253,True,2.1468133911629788,0.8600305352065301,Lexington Avenue,avenue_canyon,323.2461197860876,40.748781579362124,-73.9780000224965
n00517,E_east,119.0,180.0,28.204604494634253,False,4.093181612924333,0.887932709657402,Lexington Avenue,avenue_canyon,323.2461197860876,40.748781579362124,-73.9780000224965
n00517,S_downtown,209.0,180.0,28.204604494634253,True,4.649280074354087,0.9211924638829757,Lexington Avenue,avenue_canyon,323.2461197860876,40.748781579362124,-73.9780000224965
n00517,W_west,299.0,180.0,28.204604494634253,False,2.702911852592734,0.8906885984256028,Lexington Avenue,avenue_canyon,323.2461197860876,40.748781579362124,-73.9780000224965
n00517,full360,,360.0,28.204604494634253,,3.3980467327585333,0.8894132548087571,Lexington Avenue,avenue_canyon,323.2461197860876,40.748781579362124,-73.9780000224965
n00518,N_uptown,29.0,180.0,28.341821026377914,True,5.125496988029736,0.9153797293904742,Lexington Avenue,avenue_canyon,303.3167666973672,40.748624024856355,-73.97811490063899
n00518,E_east,119.0,180.0,28.341821026377914,False,4.942741637648596,0.926275404970818,Lexington Avenue,avenue_canyon,303.3167666973672,40.748624024856355,-73.97811490063899
n00518,S_downtown,209.0,180.0,28.341821026377914,True,1.7871234611909579,0.9108578428549386,Lexington Avenue,avenue_canyon,303.3167666973672,40.748624024856355,-73.97811490063899
n00518,W_west,299.0,180.0,28.341821026377914,False,1.9698788115720969,0.9013558030189731,Lexington Avenue,avenue_canyon,303.3167666973672,40.748624024856355,-73.97811490063899
n00518,full360,,360.0,28.341821026377914,,3.456310224610347,0.9130681184361406,Lexington Avenue,avenue_canyon,303.3167666973672,40.748624024856355,-73.97811490063899
n00519,N_uptown,29.0,180.0,28.3418210251113,True,1.437147602321181,0.9338897124948199,Lexington Avenue,avenue_canyon,283.38742390465,40.74846647022546,-73.97822977823377
n00519,E_east,119.0,180.0,28.3418210251113,False,1.433260602180068,0.9305362365885406,Lexington Avenue,avenue_canyon,283.38742390465,40.74846647022546,-73.97822977823377
n00519,S_downtown,209.0,180.0,28.3418210251113,True,0.18907542273288538,0.8667812253170911,Lexington Avenue,avenue_canyon,283.38742390465,40.74846647022546,-73.97822977823377
n00519,W_west,299.0,180.0,28.3418210251113,False,0.1929624228739984,0.8735165166668427,Lexington Avenue,avenue_canyon,283.38742390465,40.74846647022546,-73.97822977823377
n00519,full360,,360.0,28.3418210251113,,0.8131115125270332,0.9010392728966887,Lexington Avenue,avenue_canyon,283.38742390465,40.74846647022546,-73.97822977823377
n00520,N_uptown,29.0,180.0,29.87890453905419,True,3.76930868954497,0.9286605543287267,Lexington Avenue,avenue_canyon,243.6105657027946,40.74815669619124,-73.97847014792754
n00520,E_east,119.0,180.0,29.87890453905419,False,4.367011358572461,0.9210494484482625,Lexington Avenue,avenue_canyon,243.6105657027946,40.74815669619124,-73.97847014792754
n00520,S_downtown,209.0,180.0,29.87890453905419,True,0.685564780750235,0.8726210602095085,Lexington Avenue,avenue_canyon,243.6105657027946,40.74815669619124,-73.97847014792754
n00520,W_west,299.0,180.0,29.87890453905419,False,0.08786211172274368,0.8799356399130086,Lexington Avenue,avenue_canyon,243.6105657027946,40.74815669619124,-73.97847014792754
n00520,full360,,360.0,29.87890453905419,,2.2274367351476023,0.8999075813342993,Lexington Avenue,avenue_canyon,243.6105657027946,40.74815669619124,-73.97847014792754
n00521,N_uptown,29.0,180.0,28.31789155798711,True,0.550394916063444,0.8964869255076865,Lexington Avenue,avenue_canyon,223.68126508298508,40.74799910470038,-73.97858493733054
n00521,E_east,119.0,180.0,28.31789155798711,False,7.104521977041866,0.90194516761586,Lexington Avenue,avenue_canyon,223.68126508298508,40.74799910470038,-73.97858493733054
n00521,S_downtown,209.0,180.0,28.31789155798711,True,6.661173355810063,0.8198959634114887,Lexington Avenue,avenue_canyon,223.68126508298508,40.74799910470038,-73.97858493733054
n00521,W_west,299.0,180.0,28.31789155798711,False,0.10704629483164049,0.8248890775766042,Lexington Avenue,avenue_canyon,223.68126508298508,40.74799910470038,-73.97858493733054
n00521,full360,,360.0,28.31789155798711,,3.6057841359367537,0.8617697383468025,Lexington Avenue,avenue_canyon,223.68126508298508,40.74799910470038,-73.97858493733054
n00522,N_uptown,29.0,180.0,28.327828168590628,True,3.711092084275694,0.9040017958343196,Lexington Avenue,avenue_canyon,203.75197037710532,40.74784152823389,-73.97869976211604
n00522,E_east,119.0,180.0,28.327828168590628,False,4.10974579841478,0.8842271967520643,Lexington Avenue,avenue_canyon,203.75197037710532,40.74784152823389,-73.97869976211604
n00522,S_downtown,209.0,180.0,28.327828168590628,True,1.3964019006348811,0.747344582404295,Lexington Avenue,avenue_canyon,203.75197037710532,40.74784152823389,-73.97869976211604
n00522,W_west,299.0,180.0,28.327828168590628,False,0.9977481864957954,0.7730444439240517,Lexington Avenue,avenue_canyon,203.75197037710532,40.74784152823389,-73.97869976211604
n00522,full360,,360.0,28.327828168590628,,2.553746992455288,0.8295278626806862,Lexington Avenue,avenue_canyon,203.75197037710532,40.74784152823389,-73.97869976211604
n00523,N_uptown,29.0,180.0,28.0754742386994,True,1.603302478076589,0.8285737282512153,Lexington Avenue,avenue_canyon,163.89487630822543,40.747525615288524,-73.97892757796285
n00523,E_east,119.0,180.0,28.0754742386994,False,3.75053436594592,0.9440971517474553,Lexington Avenue,avenue_canyon,163.89487630822543,40.747525615288524,-73.97892757796285
n00523,S_downtown,209.0,180.0,28.0754742386994,True,2.4697194817707424,0.8807210020964362,Lexington Avenue,avenue_canyon,163.89487630822543,40.747525615288524,-73.97892757796285
n00523,W_west,299.0,180.0,28.0754742386994,False,0.32248759390141135,0.7636830160099147,Lexington Avenue,avenue_canyon,163.89487630822543,40.747525615288524,-73.97892757796285
n00523,full360,,360.0,28.0754742386994,,2.0365109799236656,0.855313394611852,Lexington Avenue,avenue_canyon,163.89487630822543,40.747525615288524,-73.97892757796285
n00524,N_uptown,29.0,180.0,28.47362809284661,True,3.051242624361903,0.8323168860165581,Lexington Avenue,avenue_canyon,143.96560322610014,40.74736826116868,-73.97904292798778
n00524,E_east,119.0,180.0,28.47362809284661,False,4.32665510345929,0.9338246267662609,Lexington Avenue,avenue_canyon,143.96560322610014,40.74736826116868,-73.97904292798778
n00524,S_downtown,209.0,180.0,28.47362809284661,True,1.675007723214033,0.865248666179123,Lexington Avenue,avenue_canyon,143.96560322610014,40.74736826116868,-73.97904292798778
n00524,W_west,299.0,180.0,28.47362809284661,False,0.399595244116646,0.7596290426268562,Lexington Avenue,avenue_canyon,143.96560322610014,40.74736826116868,-73.97904292798778
n00524,full360,,360.0,28.47362809284661,,2.3631251737879673,0.8496165618817236,Lexington Avenue,avenue_canyon,143.96560322610014,40.74736826116868,-73.97904292798778
n00525,N_uptown,29.0,180.0,28.473628091867795,True,2.4194970607775366,0.8966878818456535,Lexington Avenue,avenue_canyon,124.03634041062537,40.747210906922795,-73.97915827746355
n00525,E_east,119.0,180.0,28.473628091867795,False,2.537365965180301,0.9027243388352048,Lexington Avenue,avenue_canyon,124.03634041062537,40.747210906922795,-73.97915827746355
n00525,S_downtown,209.0,180.0,28.473628091867795,True,1.2004935000317216,0.8114521769939563,Lexington Avenue,avenue_canyon,124.03634041062537,40.747210906922795,-73.97915827746355
n00525,W_west,299.0,180.0,28.473628091867795,False,1.082624595628957,0.7937113240124264,Lexington Avenue,avenue_canyon,124.03634041062537,40.747210906922795,-73.97915827746355
n00525,full360,,360.0,28.473628091867795,,1.809995280404629,0.8524666531440609,Lexington Avenue,avenue_canyon,124.03634041062537,40.747210906922795,-73.97915827746355
n00526,N_uptown,29.0,180.0,28.365138344509603,True,1.8018660125262183,0.8032268492568714,Lexington Avenue,avenue_canyon,84.17888127516596,40.74689587467935,-73.97938818477648
n00526,E_east,119.0,180.0,28.365138344509603,False,1.6770678287341225,0.9272775357716306,Lexington Avenue,avenue_canyon,84.17888127516596,40.74689587467935,-73.97938818477648
n00526,S_downtown,209.0,180.0,28.365138344509603,True,3.1474515789087456,0.9043213227694784,Lexington Avenue,avenue_canyon,84.17888127516596,40.74689587467935,-73.97938818477648
n00526,W_west,299.0,180.0,28.365138344509603,False,3.272249762700842,0.7739196992857743,Lexington Avenue,avenue_canyon,84.17888127516596,40.74689587467935,-73.97938818477648
n00526,full360,,360.0,28.365138344509603,,2.4746587957174824,0.8546430082144902,Lexington Avenue,avenue_canyon,84.17888127516596,40.74689587467935,-73.97938818477648
n00527,N_uptown,29.0,180.0,27.97087677930702,True,2.6014500093019963,0.8636131128089938,Lexington Avenue,avenue_canyon,64.25028117575476,40.74673775681938,-73.97950171237598
n00527,E_east,119.0,180.0,27.97087677930702,False,1.8164481543583226,0.9018952872775312,Lexington Avenue,avenue_canyon,64.25028117575476,40.74673775681938,-73.97950171237598
n00527,S_downtown,209.0,180.0,27.97087677930702,True,0.46950941274451946,0.8830736191666716,Lexington Avenue,avenue_canyon,64.25028117575476,40.74673775681938,-73.97950171237598
n00527,W_west,299.0,180.0,27.97087677930702,False,1.2545112676881935,0.8447259958171383,Lexington Avenue,avenue_canyon,64.25028117575476,40.74673775681938,-73.97950171237598
n00527,full360,,360.0,27.97087677930702,,1.535479711023258,0.8736941076379852,Lexington Avenue,avenue_canyon,64.25028117575476,40.74673775681938,-73.97950171237598
n00528,N_uptown,29.0,180.0,28.168980363141515,True,0.8184916498228334,0.899608379220369,Lexington Avenue,avenue_canyon,44.32122424938353,40.74657993785335,-73.97961595792327
n00528,E_east,119.0,180.0,28.168980363141515,False,3.3061589410945675,0.8330474930621815,Lexington Avenue,avenue_canyon,44.32122424938353,40.74657993785335,-73.97961595792327
n00528,S_downtown,209.0,180.0,28.168980363141515,True,4.272323762430918,0.7601922686573799,Lexington Avenue,avenue_canyon,44.32122424938353,40.74657993785335,-73.97961595792327
n00528,W_west,299.0,180.0,28.168980363141515,False,1.7846564711591837,0.8303011072684658,Lexington Avenue,avenue_canyon,44.32122424938353,40.74657993785335,-73.97961595792327
n00528,full360,,360.0,28.168980363141515,,2.545407706126876,0.831756929345655,Lexington Avenue,avenue_canyon,44.32122424938353,40.74657993785335,-73.97961595792327
n00529,N_uptown,29.0,180.0,28.55736837210077,True,1.3048142273134191,0.7788214074145013,Lexington Avenue,avenue_canyon,4.463122632200054,40.74626548635581,-73.97984725420136
n00529,E_east,119.0,180.0,28.55736837210077,False,1.4908510581314023,0.8232763147283984,Lexington Avenue,avenue_canyon,4.463122632200054,40.74626548635581,-73.97984725420136
n00529,S_downtown,209.0,180.0,28.55736837210077,True,0.9208226826578948,0.899107775813997,Lexington Avenue,avenue_canyon,4.463122632200054,40.74626548635581,-73.97984725420136
n00529,W_west,299.0,180.0,28.55736837210077,False,0.7347858518399116,0.8528119406207788,Lexington Avenue,avenue_canyon,4.463122632200054,40.74626548635581,-73.97984725420136
n00529,full360,,360.0,28.55736837210077,,1.112818454985657,0.8387615200499782,Lexington Avenue,avenue_canyon,4.463122632200054,40.74626548635581,-73.97984725420136
n00530,N_uptown,29.0,180.0,28.820705962703812,True,0.41452488104559027,0.8238429994072107,Madison Avenue,avenue_canyon,8.419843855503473,40.747658283937064,-73.98304393553143
n00530,E_east,119.0,180.0,28.820705962703812,False,0.12206888049722006,0.8664776077114121,Madison Avenue,avenue_canyon,8.419843855503473,40.747658283937064,-73.98304393553143
n00530,S_downtown,209.0,180.0,28.820705962703812,True,0.8183811110958864,0.915428811146653,Madison Avenue,avenue_canyon,8.419843855503473,40.747658283937064,-73.98304393553143
n00530,W_west,299.0,180.0,28.820705962703812,False,1.110837111644257,0.8758539820037147,Madison Avenue,avenue_canyon,8.419843855503473,40.747658283937064,-73.98304393553143
n00530,full360,,360.0,28.820705962703812,,0.6164529960707386,0.8711276786148612,Madison Avenue,avenue_canyon,8.419843855503473,40.747658283937064,-73.98304393553143
n00531,N_uptown,29.0,180.0,28.820705962703812,True,1.03125918707311,0.917282288131037,Madison Avenue,avenue_canyon,48.27616476611661,40.7479719213522,-73.98281075779981
n00531,E_east,119.0,180.0,28.820705962703812,False,1.0286968105381191,0.9227933195329997,Madison Avenue,avenue_canyon,48.27616476611661,40.7479719213522,-73.98281075779981
n00531,S_downtown,209.0,180.0,28.820705962703812,True,0.4110152420707635,0.940749940957937,Madison Avenue,avenue_canyon,48.27616476611661,40.7479719213522,-73.98281075779981
n00531,W_west,299.0,180.0,28.820705962703812,False,0.4135776186057545,0.9357676101911268,Madison Avenue,avenue_canyon,48.27616476611661,40.7479719213522,-73.98281075779981
n00531,full360,,360.0,28.820705962703812,,0.7211372145719368,0.929953082727159,Madison Avenue,avenue_canyon,48.27616476611661,40.7479719213522,-73.98281075779981
n00532,N_uptown,29.0,180.0,28.59235365129285,True,0.11778334293666086,0.9205365268769706,Madison Avenue,avenue_canyon,68.20540675649534,40.74812909720879,-73.98269498700807
n00532,E_east,119.0,180.0,28.59235365129285,False,0.26228943326586146,0.932475233304954,Madison Avenue,avenue_canyon,68.20540675649534,40.74812909720879,-73.98269498700807
n00532,S_downtown,209.0,180.0,28.59235365129285,True,0.17042279232002497,0.9473051510763454,Madison Avenue,avenue_canyon,68.20540675649534,40.74812909720879,-73.98269498700807
n00532,W_west,299.0,180.0,28.59235365129285,False,0.025916701990824426,0.9356746449323914,Madison Avenue,avenue_canyon,68.20540675649534,40.74812909720879,-73.98269498700807
n00532,full360,,360.0,28.59235365129285,,0.14410306762834293,0.9341486369569362,Madison Avenue,avenue_canyon,68.20540675649534,40.74812909720879,-73.98269498700807
n00533,N_uptown,29.0,180.0,28.59235365256971,True,0.3732710052638406,0.8925056721605313,Madison Avenue,avenue_canyon,88.13465898570632,40.74828627293848,-73.98257921566585
n00533,E_east,119.0,180.0,28.59235365256971,False,0.379267743280695,0.9059439107610657,Madison Avenue,avenue_canyon,88.13465898570632,40.74828627293848,-73.98257921566585
n00533,S_downtown,209.0,180.0,28.59235365256971,True,0.08060611805880032,0.9489254753023373,Madison Avenue,avenue_canyon,88.13465898570632,40.74828627293848,-73.98257921566585
n00533,W_west,299.0,180.0,28.59235365256971,False,0.0746093800419459,0.9348742567060101,Madison Avenue,avenue_canyon,88.13465898570632,40.74828627293848,-73.98257921566585
n00533,full360,,360.0,28.59235365256971,,0.22693856166132045,0.9210317208306836,Madison Avenue,avenue_canyon,88.13465898570632,40.74828627293848,-73.98257921566585
n00534,N_uptown,29.0,180.0,28.025434661786246,True,3.482554869417697,0.908290720283713,Madison Avenue,avenue_canyon,127.99046925536871,40.74860233503753,-73.98235178391229
n00534,E_east,119.0,180.0,28.025434661786246,False,4.76113107857544,0.9209146947291009,Madison Avenue,avenue_canyon,127.99046925536871,40.74860233503753,-73.98235178391229
n00534,S_downtown,209.0,180.0,28.025434661786246,True,1.369672784821895,0.948655523514694,Madison Avenue,avenue_canyon,127.99046925536871,40.74860233503753,-73.98235178391229
n00534,W_west,299.0,180.0,28.025434661786246,False,0.09109657566415141,0.9368450621807575,Madison Avenue,avenue_canyon,127.99046925536871,40.74860233503753,-73.98235178391229
n00534,full360,,360.0,28.025434661786246,,2.426113827119796,0.9292462900536124,Madison Avenue,avenue_canyon,127.99046925536871,40.74860233503753,-73.98235178391229
n00535,N_uptown,29.0,180.0,28.405757253102617,True,0.23130111468809988,0.832865415732191,Madison Avenue,avenue_canyon,147.91984998378433,40.74875979630018,-73.98223668460798
n00535,E_east,119.0,180.0,28.405757253102617,False,2.817719312607135,0.8183926090437486,Madison Avenue,avenue_canyon,147.91984998378433,40.74875979630018,-73.98223668460798
n00535,S_downtown,209.0,180.0,28.405757253102617,True,2.6869126273926973,0.8891287824672114,Madison Avenue,avenue_canyon,147.91984998378433,40.74875979630018,-73.98223668460798
n00535,W_west,299.0,180.0,28.405757253102617,False,0.10049442947366227,0.9213552750245714,Madison Avenue,avenue_canyon,147.91984998378433,40.74875979630018,-73.98223668460798
n00535,full360,,360.0,28.405757253102617,,1.4591068710403987,0.8674735288645441,Madison Avenue,avenue_canyon,147.91984998378433,40.74875979630018,-73.98223668460798
n00536,N_uptown,29.0,180.0,28.405757252809266,True,0.3134659974374684,0.7826596139244002,Madison Avenue,avenue_canyon,167.84924099841578,40.74891725743731,-73.9821215847553
n00536,E_east,119.0,180.0,28.405757252809266,False,1.1303109678574508,0.6447049555970317,Madison Avenue,avenue_canyon,167.84924099841578,40.74891725743731,-73.9821215847553
n00536,S_downtown,209.0,180.0,28.405757252809266,True,0.8168449704199825,0.8558902513375598,Madison Avenue,avenue_canyon,167.84924099841578,40.74891725743731,-73.9821215847553
n00536,W_west,299.0,180.0,28.405757252809266,False,0.0,0.9454881309540458,Madison Avenue,avenue_canyon,167.84924099841578,40.74891725743731,-73.9821215847553
n00536,full360,,360.0,28.405757252809266,,0.5651554839287254,0.8169910950948183,Madison Avenue,avenue_canyon,167.84924099841578,40.74891725743731,-73.9821215847553
n00537,N_uptown,29.0,180.0,28.52039586335662,True,4.148514558148502,0.7849939233979153,Madison Avenue,avenue_canyon,207.70619346166853,40.7492318142909,-73.98189056571194
n00537,E_east,119.0,180.0,28.52039586335662,False,5.930096478650267,0.6600991383109522,Madison Avenue,avenue_canyon,207.70619346166853,40.7492318142909,-73.98189056571194
n00537,S_downtown,209.0,180.0,28.52039586335662,True,4.976233584236438,0.8503690244174634,Madison Avenue,avenue_canyon,207.70619346166853,40.7492318142909,-73.98189056571194
n00537,W_west,299.0,180.0,28.52039586335662,False,3.1946516637346734,0.948700776217905,Madison Avenue,avenue_canyon,207.70619346166853,40.7492318142909,-73.98189056571194
n00537,full360,,360.0,28.52039586335662,,4.56237407119247,0.816722381579569,Madison Avenue,avenue_canyon,207.70619346166853,40.7492318142909,-73.98189056571194
n00538,N_uptown,29.0,180.0,28.65305310107427,True,8.484430821990784,0.8408479830565666,Madison Avenue,avenue_canyon,227.63544022571796,40.74938889577237,-73.98177457164088
n00538,E_east,119.0,180.0,28.65305310107427,False,3.1655518305618204,0.6821581511252914,Madison Avenue,avenue_canyon,227.63544022571796,40.74938889577237,-73.98177457164088
n00538,S_downtown,209.0,180.0,28.65305310107427,True,3.844096940057439,0.799316809501574,Madison Avenue,avenue_canyon,227.63544022571796,40.74938889577237,-73.98177457164088
n00538,W_west,299.0,180.0,28.65305310107427,False,9.162975931486402,0.9606358216034897,Madison Avenue,avenue_canyon,227.63544022571796,40.74938889577237,-73.98177457164088
n00538,full360,,360.0,28.65305310107427,,6.164263881024111,0.8187575712807895,Madison Avenue,avenue_canyon,227.63544022571796,40.74938889577237,-73.98177457164088
n00539,N_uptown,29.0,180.0,28.65305310107427,True,4.5787573235020504,0.8949697164531119,Madison Avenue,avenue_canyon,247.56469721690866,40.74954597712651,-73.9816585770186
n00539,E_east,119.0,180.0,28.65305310107427,False,5.135677021379459,0.7288589445999725,Madison Avenue,avenue_canyon,247.56469721690866,40.74954597712651,-73.9816585770186
n00539,S_downtown,209.0,180.0,28.65305310107427,True,7.085129962664396,0.7948319872656013,Madison Avenue,avenue_canyon,247.56469721690866,40.74954597712651,-73.9816585770186
n00539,W_west,299.0,180.0,28.65305310107427,False,6.5282102647869875,0.9306806980853286,Madison Avenue,avenue_canyon,247.56469721690866,40.74954597712651,-73.9816585770186
n00539,full360,,360.0,28.65305310107427,,5.831943643083223,0.8447589017131403,Madison Avenue,avenue_canyon,247.56469721690866,40.74954597712651,-73.9816585770186
n00540,N_uptown,29.0,180.0,28.404280540915767,True,1.0562267183354976,0.9289638917252091,Madison Avenue,avenue_canyon,287.4228114451149,40.749860896359046,-73.9814283864539
n00540,E_east,119.0,180.0,28.404280540915767,False,1.1255782308135305,0.9198595911072128,Madison Avenue,avenue_canyon,287.4228114451149,40.749860896359046,-73.9814283864539
n00540,S_downtown,209.0,180.0,28.404280540915767,True,0.27785686049048514,0.8953117261502169,Madison Avenue,avenue_canyon,287.4228114451149,40.749860896359046,-73.9814283864539
n00540,W_west,299.0,180.0,28.404280540915767,False,0.20850534801245238,0.8994921452808831,Madison Avenue,avenue_canyon,287.4228114451149,40.749860896359046,-73.9814283864539
n00540,full360,,360.0,28.404280540915767,,0.6670417894129914,0.9104754681077847,Madison Avenue,avenue_canyon,287.4228114451149,40.749860896359046,-73.9814283864539
n00541,N_uptown,29.0,180.0,28.11838713780539,True,0.0,0.9267389489302809,Madison Avenue,avenue_canyon,307.35201158085624,40.75001879367403,-73.98131432267051
n00541,E_east,119.0,180.0,28.11838713780539,False,0.9723900479738111,0.9497427132414126,Madison Avenue,avenue_canyon,307.35201158085624,40.75001879367403,-73.98131432267051
n00541,S_downtown,209.0,180.0,28.11838713780539,True,1.0148289135495145,0.9144598303327252,Madison Avenue,avenue_canyon,307.35201158085624,40.75001879367403,-73.98131432267051
n00541,W_west,299.0,180.0,28.11838713780539,False,0.04243886557570362,0.8890332093474694,Madison Avenue,avenue_canyon,307.35201158085624,40.75001879367403,-73.98131432267051
n00541,full360,,360.0,28.11838713780539,,0.5074144567747574,0.9208902107660154,Madison Avenue,avenue_canyon,307.35201158085624,40.75001879367403,-73.98131432267051
n00542,N_uptown,29.0,180.0,28.11838713780539,True,0.0,0.9106804881858785,Madison Avenue,avenue_canyon,327.2812220704558,40.75017669086559,-73.98120025834203
n00542,E_east,119.0,180.0,28.11838713780539,False,0.13063005211090195,0.9368656668373323,Madison Avenue,avenue_canyon,327.2812220704558,40.75017669086559,-73.98120025834203
n00542,S_downtown,209.0,180.0,28.11838713780539,True,0.1456425426372674,0.9027429326518653,Madison Avenue,avenue_canyon,327.2812220704558,40.75017669086559,-73.98120025834203
n00542,W_west,299.0,180.0,28.11838713780539,False,0.015012490526365463,0.8778910505941175,Madison Avenue,avenue_canyon,327.2812220704558,40.75017669086559,-73.98120025834203
n00542,full360,,360.0,28.11838713780539,,0.0728212713186337,0.9069487891692196,Madison Avenue,avenue_canyon,327.2812220704558,40.75017669086559,-73.98120025834203
n00543,N_uptown,29.0,180.0,27.84110795874276,True,0.01930914095253502,0.9216591040041323,Madison Avenue,avenue_canyon,367.13787331361544,40.750493318050175,-73.9809741422399
n00543,E_east,119.0,180.0,27.84110795874276,False,0.019548255471357728,0.9608559656197133,Madison Avenue,avenue_canyon,367.13787331361544,40.750493318050175,-73.9809741422399
n00543,S_downtown,209.0,180.0,27.84110795874276,True,0.00023911451882270768,0.9394027350664783,Madison Avenue,avenue_canyon,367.13787331361544,40.750493318050175,-73.9809741422399
n00543,W_west,299.0,180.0,27.84110795874276,False,0.0,0.8965812992067967,Madison Avenue,avenue_canyon,367.13787331361544,40.750493318050175,-73.9809741422399
n00543,full360,,360.0,27.84110795874276,,0.009774127735678864,0.9317404134476028,Madison Avenue,avenue_canyon,367.13787331361544,40.750493318050175,-73.9809741422399
n00544,N_uptown,29.0,180.0,27.785505968756997,True,0.0,0.9362807640158218,Madison Avenue,avenue_canyon,387.0661839306452,40.75065171618861,-73.98086128447645
n00544,E_east,119.0,180.0,27.785505968756997,False,0.0722879588463731,0.9588820327887183,Madison Avenue,avenue_canyon,387.0661839306452,40.75065171618861,-73.98086128447645
n00544,S_downtown,209.0,180.0,27.785505968756997,True,0.07660396121942599,0.9378014107374746,Madison Avenue,avenue_canyon,387.0661839306452,40.75065171618861,-73.98086128447645
n00544,W_west,299.0,180.0,27.785505968756997,False,0.004316002373052914,0.9104570196466237,Madison Avenue,avenue_canyon,387.0661839306452,40.75065171618861,-73.98086128447645
n00544,full360,,360.0,27.785505968756997,,0.038301980609712995,0.9370999776201238,Madison Avenue,avenue_canyon,387.0661839306452,40.75065171618861,-73.98086128447645
n00545,N_uptown,29.0,180.0,27.785505968756997,True,0.0,0.9443821237601658,Madison Avenue,avenue_canyon,406.9945049704015,40.75081011420597,-73.98074842617179
n00545,E_east,119.0,180.0,27.785505968756997,False,0.0,0.9581029828875892,Madison Avenue,avenue_canyon,406.9945049704015,40.75081011420597,-73.98074842617179
n00545,S_downtown,209.0,180.0,27.785505968756997,True,0.0,0.9433577630452797,Madison Avenue,avenue_canyon,406.9945049704015,40.75081011420597,-73.98074842617179
n00545,W_west,299.0,180.0,27.785505968756997,False,0.0,0.9287816899656798,Madison Avenue,avenue_canyon,406.9945049704015,40.75081011420597,-73.98074842617179
n00545,full360,,360.0,27.785505968756997,,0.0,0.943816207526317,Madison Avenue,avenue_canyon,406.9945049704015,40.75081011420597,-73.98074842617179
n00546,N_uptown,29.0,180.0,28.65484788110785,True,3.1466442858821013,0.9449195638054326,Madison Avenue,avenue_canyon,426.92200926273426,40.75096717714499,-73.98063243087243
n00546,E_east,119.0,180.0,28.65484788110785,False,3.14869509808617,0.8948001654294608,Madison Avenue,avenue_canyon,426.92200926273426,40.75096717714499,-73.98063243087243
n00546,S_downtown,209.0,180.0,28.65484788110785,True,0.05757981503968831,0.8363230923958209,Madison Avenue,avenue_canyon,426.92200926273426,40.75096717714499,-73.98063243087243
n00546,W_west,299.0,180.0,28.65484788110785,False,0.05552900283561997,0.883507631356359,Madison Avenue,avenue_canyon,426.92200926273426,40.75096717714499,-73.98063243087243
n00546,full360,,360.0,28.65484788110785,,1.6021120504608948,0.8889524788465922,Madison Avenue,avenue_canyon,426.92200926273426,40.75096717714499,-73.98063243087243
n00547,N_uptown,29.0,180.0,27.98583705859621,True,0.00820692080558818,0.9500428204882913,Madison Avenue,avenue_canyon,446.8509918689377,40.75112527385817,-73.98051884391307
n00547,E_east,119.0,180.0,27.98583705859621,False,0.7682660263358263,0.892530997932455,Madison Avenue,avenue_canyon,446.8509918689377,40.75112527385817,-73.98051884391307
n00547,S_downtown,209.0,180.0,27.98583705859621,True,0.7682660263358263,0.9008637366308966,Madison Avenue,avenue_canyon,446.8509918689377,40.75112527385817,-73.98051884391307
n00547,W_west,299.0,180.0,27.98583705859621,False,0.00820692080558818,0.9541345718498943,Madison Avenue,avenue_canyon,446.8509918689377,40.75112527385817,-73.98051884391307
n00547,full360,,360.0,27.98583705859621,,0.3882364735707073,0.9253874135043946,Madison Avenue,avenue_canyon,446.8509918689377,40.75112527385817,-73.98051884391307
n00548,N_uptown,29.0,180.0,27.985837059848198,True,0.9560546149681,0.9464162765401901,Madison Avenue,avenue_canyon,466.7799848561337,40.751283370448846,-73.98040525641014
n00548,E_east,119.0,180.0,27.985837059848198,False,0.9941484779380508,0.8967774470115155,Madison Avenue,avenue_canyon,466.7799848561337,40.751283370448846,-73.98040525641014
n00548,S_downtown,209.0,180.0,27.985837059848198,True,0.14730413314941107,0.9057261540894171,Madison Avenue,avenue_canyon,466.7799848561337,40.751283370448846,-73.98040525641014
n00548,W_west,299.0,180.0,27.985837059848198,False,0.10921027017946003,0.9484509737930097,Madison Avenue,avenue_canyon,466.7799848561337,40.751283370448846,-73.98040525641014
n00548,full360,,360.0,27.985837059848198,,0.5516793740587556,0.9260514844208476,Madison Avenue,avenue_canyon,466.7799848561337,40.751283370448846,-73.98040525641014
n00549,N_uptown,29.0,180.0,27.904466786590966,True,0.1474040815263045,0.8867951192149816,Madison Avenue,avenue_canyon,486.70869171894384,40.75144158891373,-73.98029196409313
n00549,E_east,119.0,180.0,27.904466786590966,False,0.12910006581027766,0.8930209395118324,Madison Avenue,avenue_canyon,486.70869171894384,40.75144158891373,-73.98029196409313
n00549,S_downtown,209.0,180.0,27.904466786590966,True,0.14805541390181354,0.9077229891496356,Madison Avenue,avenue_canyon,486.70869171894384,40.75144158891373,-73.98029196409313
n00549,W_west,299.0,180.0,27.904466786590966,False,0.16635942961784034,0.9012365286681606,Madison Avenue,avenue_canyon,486.70869171894384,40.75144158891373,-73.98029196409313
n00549,full360,,360.0,27.904466786590966,,0.14772974771405903,0.8972738853981362,Madison Avenue,avenue_canyon,486.70869171894384,40.75144158891373,-73.98029196409313
n00550,N_uptown,29.0,180.0,28.660602019423976,True,0.0,0.9457702548106101,Madison Avenue,avenue_canyon,526.5646925436399,40.751755703166744,-73.98005992173704
n00550,E_east,119.0,180.0,28.660602019423976,False,0.039543757226411624,0.936381500533111,Madison Avenue,avenue_canyon,526.5646925436399,40.751755703166744,-73.98005992173704
n00550,S_downtown,209.0,180.0,28.660602019423976,True,0.24727663727726965,0.9324641234539314,Madison Avenue,avenue_canyon,526.5646925436399,40.751755703166744,-73.98005992173704
n00550,W_west,299.0,180.0,28.660602019423976,False,0.207732880050858,0.9418834497596573,Madison Avenue,avenue_canyon,526.5646925436399,40.751755703166744,-73.98005992173704
n00550,full360,,360.0,28.660602019423976,,0.1236383186386348,0.9391878828591554,Madison Avenue,avenue_canyon,526.5646925436399,40.751755703166744,-73.98005992173704
n00551,N_uptown,29.0,180.0,28.41298800974702,True,0.0,0.9452682830948332,Madison Avenue,avenue_canyon,546.494279456238,40.7519131508803,-73.9799447853512
n00551,E_east,119.0,180.0,28.41298800974702,False,0.0,0.9370116502518286,Madison Avenue,avenue_canyon,546.494279456238,40.7519131508803,-73.9799447853512
n00551,S_downtown,209.0,180.0,28.41298800974702,True,0.0,0.934644655897241,Madison Avenue,avenue_canyon,546.494279456238,40.7519131508803,-73.9799447853512
n00551,W_west,299.0,180.0,28.41298800974702,False,0.0,0.9428368846321942,Madison Avenue,avenue_canyon,546.494279456238,40.7519131508803,-73.9799447853512
n00551,full360,,360.0,28.41298800974702,,0.0,0.9400375544832457,Madison Avenue,avenue_canyon,546.494279456238,40.7519131508803,-73.9799447853512
n00552,N_uptown,29.0,180.0,28.39935466750295,True,0.6840428344951053,0.8891306285795255,Madison Avenue,avenue_canyon,566.4238742249779,40.75207061928298,-73.97982969769541
n00552,E_east,119.0,180.0,28.39935466750295,False,0.00014445432239377096,0.9084849972559789,Madison Avenue,avenue_canyon,566.4238742249779,40.75207061928298,-73.97982969769541
n00552,S_downtown,209.0,180.0,28.39935466750295,True,0.0,0.9216657562409013,Madison Avenue,avenue_canyon,566.4238742249779,40.75207061928298,-73.97982969769541
n00552,W_west,299.0,180.0,28.39935466750295,False,0.6838983801727115,0.9027864928018015,Madison Avenue,avenue_canyon,566.4238742249779,40.75207061928298,-73.97982969769541
n00552,full360,,360.0,28.39935466750295,,0.34202141724755264,0.9055944382474537,Madison Avenue,avenue_canyon,566.4238742249779,40.75207061928298,-73.97982969769541
n00553,N_uptown,29.0,180.0,28.392472559505304,True,3.4166728942820543,0.9436741073091179,Madison Avenue,avenue_canyon,586.3534633905842,40.75222809795156,-73.97971463445174
n00553,E_east,119.0,180.0,28.392472559505304,False,0.0,0.9421931201882269,Madison Avenue,avenue_canyon,586.3534633905842,40.75222809795156,-73.97971463445174
n00553,S_downtown,209.0,180.0,28.392472559505304,True,0.0,0.9366968063661982,Madison Avenue,avenue_canyon,586.3534633905842,40.75222809795156,-73.97971463445174
n00553,W_west,299.0,180.0,28.392472559505304,False,3.4166728942820543,0.9382172411518157,Madison Avenue,avenue_canyon,586.3534633905842,40.75222809795156,-73.97971463445174
n00553,full360,,360.0,28.392472559505304,,1.7083364471410272,0.9402398642582521,Madison Avenue,avenue_canyon,586.3534633905842,40.75222809795156,-73.97971463445174
n00554,N_uptown,29.0,180.0,28.469824870391328,True,1.6764376978867013,0.9487171397848709,Madison Avenue,avenue_canyon,606.2830711657342,40.752385458353324,-73.97959929109525
n00554,E_east,119.0,180.0,28.469824870391328,False,0.0868707757821647,0.943602523213424,Madison Avenue,avenue_canyon,606.2830711657342,40.752385458353324,-73.97959929109525
n00554,S_downtown,209.0,180.0,28.469824870391328,True,1.281435283973476,0.9458540455798123,Madison Avenue,avenue_canyon,606.2830711657342,40.752385458353324,-73.97959929109525
n00554,W_west,299.0,180.0,28.469824870391328,False,2.8710022060780127,0.9509622316557995,Madison Avenue,avenue_canyon,606.2830711657342,40.752385458353324,-73.97959929109525
n00554,full360,,360.0,28.469824870391328,,1.4789364909300886,0.9473260787736683,Madison Avenue,avenue_canyon,606.2830711657342,40.752385458353324,-73.97959929109525
n00555,N_uptown,29.0,180.0,28.469824870391328,True,1.8398511571105673,0.9527831753442364,Madison Avenue,avenue_canyon,626.2126892116019,40.752542818629045,-73.97948394718952
n00555,E_east,119.0,180.0,28.469824870391328,False,0.0,0.9444348902302673,Madison Avenue,avenue_canyon,626.2126892116019,40.752542818629045,-73.97948394718952
n00555,S_downtown,209.0,180.0,28.469824870391328,True,1.43727714859377,0.942517473649211,Madison Avenue,avenue_canyon,626.2126892116019,40.752542818629045,-73.97948394718952
n00555,W_west,299.0,180.0,28.469824870391328,False,3.2771283057043368,0.9517380328517819,Madison Avenue,avenue_canyon,626.2126892116019,40.752542818629045,-73.97948394718952
n00555,full360,,360.0,28.469824870391328,,1.6385641528521684,0.9481271455497278,Madison Avenue,avenue_canyon,626.2126892116019,40.752542818629045,-73.97948394718952
n00556,N_uptown,29.0,180.0,28.469824870391328,True,0.0,0.9280562948714315,Madison Avenue,avenue_canyon,646.1423175302482,40.752700178778746,-73.97936860273454
n00556,E_east,119.0,180.0,28.469824870391328,False,0.0,0.920596859962773,Madison Avenue,avenue_canyon,646.1423175302482,40.752700178778746,-73.97936860273454
n00556,S_downtown,209.0,180.0,28.469824870391328,True,0.6242062512867005,0.9417313898534156,Madison Avenue,avenue_canyon,646.1423175302482,40.752700178778746,-73.97936860273454
n00556,W_west,299.0,180.0,28.469824870391328,False,0.6242062512867006,0.9465284229349219,Madison Avenue,avenue_canyon,646.1423175302482,40.752700178778746,-73.97936860273454
n00556,full360,,360.0,28.469824870391328,,0.3121031256433503,0.934539387512825,Madison Avenue,avenue_canyon,646.1423175302482,40.752700178778746,-73.97936860273454
n00557,N_uptown,29.0,180.0,30.77456777233354,True,0.47956427268419904,0.8095035399578411,Park Avenue,avenue_canyon,0.0,40.74687676083878,-73.98140185439074
n00557,E_east,119.0,180.0,30.77456777233354,False,0.0,0.8172570708245779,Park Avenue,avenue_canyon,0.0,40.74687676083878,-73.98140185439074
n00557,S_downtown,209.0,180.0,30.77456777233354,True,0.0,0.8779288829177385,Park Avenue,avenue_canyon,0.0,40.74687676083878,-73.98140185439074
n00557,W_west,299.0,180.0,30.77456777233354,False,0.47956427268419904,0.8589536140773533,Park Avenue,avenue_canyon,0.0,40.74687676083878,-73.98140185439074
n00557,full360,,360.0,30.77456777233354,,0.23978213634209952,0.8473334866880387,Park Avenue,avenue_canyon,0.0,40.74687676083878,-73.98140185439074
n00558,N_uptown,29.0,180.0,30.77456777233356,True,6.5405783273273235,0.8786449059508654,Park Avenue,avenue_canyon,39.80941495784646,40.74718405878149,-73.98115483336738
n00558,E_east,119.0,180.0,30.77456777233356,False,3.0885855378536697,0.8921200353783968,Park Avenue,avenue_canyon,39.80941495784646,40.74718405878149,-73.98115483336738
n00558,S_downtown,209.0,180.0,30.77456777233356,True,3.025356115981458,0.8219236358872511,Park Avenue,avenue_canyon,39.80941495784646,40.74718405878149,-73.98115483336738
n00558,W_west,299.0,180.0,30.77456777233356,False,6.477348905455113,0.8039572945930122,Park Avenue,avenue_canyon,39.80941495784646,40.74718405878149,-73.98115483336738
n00558,full360,,360.0,30.77456777233356,,4.782967221654391,0.8494322263329579,Park Avenue,avenue_canyon,39.80941495784646,40.74718405878149,-73.98115483336738
n00559,N_uptown,29.0,180.0,28.378273978022207,True,6.601886239486519,0.8794250286231752,Park Avenue,avenue_canyon,59.7386918782413,40.74734156085472,-73.9810398331041
n00559,E_east,119.0,180.0,28.378273978022207,False,3.0265897584620083,0.9421452336683381,Park Avenue,avenue_canyon,59.7386918782413,40.74734156085472,-73.9810398331041
n00559,S_downtown,209.0,180.0,28.378273978022207,True,10.36298502711627,0.8908365049862197,Park Avenue,avenue_canyon,59.7386918782413,40.74734156085472,-73.9810398331041
n00559,W_west,299.0,180.0,28.378273978022207,False,13.938281508140783,0.8162364120451558,Park Avenue,avenue_canyon,59.7386918782413,40.74734156085472,-73.9810398331041
n00559,full360,,360.0,28.378273978022207,,8.482435633301394,0.8849657826984727,Park Avenue,avenue_canyon,59.7386918782413,40.74734156085472,-73.9810398331041
n00560,N_uptown,29.0,180.0,28.369778078384588,True,11.471419713305986,0.8050180213257138,Park Avenue,avenue_canyon,79.66797716045357,40.7474990757698,-73.98092486300258
n00560,E_east,119.0,180.0,28.369778078384588,False,2.546589113163217,0.9160853258795648,Park Avenue,avenue_canyon,79.66797716045357,40.7474990757698,-73.98092486300258
n00560,S_downtown,209.0,180.0,28.369778078384588,True,10.498008497043374,0.9135892400841394,Park Avenue,avenue_canyon,79.66797716045357,40.7474990757698,-73.98092486300258
n00560,W_west,299.0,180.0,28.369778078384588,False,19.422839097186145,0.8065157627612577,Park Avenue,avenue_canyon,79.66797716045357,40.7474990757698,-73.98092486300258
n00560,full360,,360.0,28.369778078384588,,10.984714105174682,0.8657893872396124,Park Avenue,avenue_canyon,79.66797716045357,40.7474990757698,-73.98092486300258
n00561,N_uptown,29.0,180.0,28.474461001208983,True,28.832728335440176,0.8069648966398509,Park Avenue,avenue_canyon,119.52582224582994,40.74781377932324,-73.98069416901862
n00561,E_east,119.0,180.0,28.474461001208983,False,6.781711460755679,0.9085171771582161,Park Avenue,avenue_canyon,119.52582224582994,40.74781377932324,-73.98069416901862
n00561,S_downtown,209.0,180.0,28.474461001208983,True,6.230265425002476,0.885654898518999,Park Avenue,avenue_canyon,119.52582224582994,40.74781377932324,-73.98069416901862
n00561,W_west,299.0,180.0,28.474461001208983,False,28.28128229968697,0.7765347468324477,Park Avenue,avenue_canyon,119.52582224582994,40.74781377932324,-73.98069416901862
n00561,full360,,360.0,28.474461001208983,,17.53149688022133,0.8572414447447196,Park Avenue,avenue_canyon,119.52582224582994,40.74781377932324,-73.98069416901862
n00562,N_uptown,29.0,180.0,28.03009954396159,True,24.186208796301095,0.8825565268558291,Park Avenue,avenue_canyon,139.45470211622893,40.747971809469654,-73.980580427166
n00562,E_east,119.0,180.0,28.03009954396159,False,6.590714847368206,0.92224040064557,Park Avenue,avenue_canyon,139.45470211622893,40.747971809469654,-73.980580427166
n00562,S_downtown,209.0,180.0,28.03009954396159,True,20.822522068271187,0.8768363481118947,Park Avenue,avenue_canyon,139.45470211622893,40.747971809469654,-73.980580427166
n00562,W_west,299.0,180.0,28.03009954396159,False,38.41801601720407,0.8078696899002464,Park Avenue,avenue_canyon,139.45470211622893,40.747971809469654,-73.980580427166
n00562,full360,,360.0,28.03009954396159,,22.50436543228614,0.8795216799161515,Park Avenue,avenue_canyon,139.45470211622893,40.747971809469654,-73.980580427166
n00563,N_uptown,29.0,180.0,28.030099545215396,True,23.61801342563867,0.938552503082467,Park Avenue,avenue_canyon,159.38359235471933,40.748129839493245,-73.98046668476937
n00563,E_east,119.0,180.0,28.030099545215396,False,4.502395040833705,0.9251345565286988,Park Avenue,avenue_canyon,159.38359235471933,40.748129839493245,-73.98046668476937
n00563,S_downtown,209.0,180.0,28.030099545215396,True,30.663204601293153,0.8710772581346867,Park Avenue,avenue_canyon,159.38359235471933,40.748129839493245,-73.98046668476937
n00563,W_west,299.0,180.0,28.030099545215396,False,49.77882298609811,0.8619288462361332,Park Avenue,avenue_canyon,159.38359235471933,40.748129839493245,-73.98046668476937
n00563,full360,,360.0,28.030099545215396,,27.140609013465912,0.9079887041290022,Park Avenue,avenue_canyon,159.38359235471933,40.748129839493245,-73.98046668476937
n00564,N_uptown,29.0,180.0,28.135395797654926,True,22.0457336611396,0.8667287815543854,Park Avenue,avenue_canyon,199.24157432755726,40.74844557871244,-73.98023843640728
n00564,E_east,119.0,180.0,28.135395797654926,False,3.3904300926061683,0.8551654426852943,Park Avenue,avenue_canyon,199.24157432755726,40.74844557871244,-73.98023843640728
n00564,S_downtown,209.0,180.0,28.135395797654926,True,3.881546018921181,0.7912262341031908,Park Avenue,avenue_canyon,199.24157432755726,40.74844557871244,-73.98023843640728
n00564,W_west,299.0,180.0,28.135395797654926,False,22.53684958745461,0.785089938113722,Park Avenue,avenue_canyon,199.24157432755726,40.74844557871244,-73.98023843640728
n00564,full360,,360.0,28.135395797654926,,12.963639840030389,0.824782201735577,Park Avenue,avenue_canyon,199.24157432755726,40.74844557871244,-73.98023843640728
n00565,N_uptown,29.0,180.0,28.35072460749337,True,15.37924159093445,0.9126577063750044,Park Avenue,avenue_canyon,219.17092584820028,40.74860312182287,-73.98012353135734
n00565,E_east,119.0,180.0,28.35072460749337,False,4.327177567173555,0.934025440792126,Park Avenue,avenue_canyon,219.17092584820028,40.74860312182287,-73.98012353135734
n00565,S_downtown,209.0,180.0,28.35072460749337,True,18.690113091860976,0.8813706924388375,Park Avenue,avenue_canyon,219.17092584820028,40.74860312182287,-73.98012353135734
n00565,W_west,299.0,180.0,28.35072460749337,False,29.74217711562187,0.8528244573763322,Park Avenue,avenue_canyon,219.17092584820028,40.74860312182287,-73.98012353135734
n00565,full360,,360.0,28.35072460749337,,17.03467734139771,0.8973645871620324,Park Avenue,avenue_canyon,219.17092584820028,40.74860312182287,-73.98012353135734
n00566,N_uptown,29.0,180.0,28.35072460719987,True,18.38009103649997,0.885284788395653,Park Avenue,avenue_canyon,239.10028766569087,40.748760664808145,-73.98000862575962
n00566,E_east,119.0,180.0,28.35072460719987,False,3.7877246354621543,0.9314223036824621,Park Avenue,avenue_canyon,239.10028766569087,40.748760664808145,-73.98000862575962
n00566,S_downtown,209.0,180.0,28.35072460719987,True,9.652188722198861,0.8888436556156336,Park Avenue,avenue_canyon,239.10028766569087,40.748760664808145,-73.98000862575962
n00566,W_west,299.0,180.0,28.35072460719987,False,24.244555123236676,0.8271818947082248,Park Avenue,avenue_canyon,239.10028766569087,40.748760664808145,-73.98000862575962
n00566,full360,,360.0,28.35072460719987,,14.016139879349415,0.8872813515776306,Park Avenue,avenue_canyon,239.10028766569087,40.748760664808145,-73.98000862575962
n00567,N_uptown,29.0,180.0,28.21055798956198,True,25.242893087196695,0.8729357588961818,Park Avenue,avenue_canyon,278.9580248715474,40.74907617073191,-73.97977983172592
n00567,E_east,119.0,180.0,28.21055798956198,False,8.275758893176501,0.8723460720314221,Park Avenue,avenue_canyon,278.9580248715474,40.74907617073191,-73.97977983172592
n00567,S_downtown,209.0,180.0,28.21055798956198,True,25.28645807864054,0.7964767146108207,Park Avenue,avenue_canyon,278.9580248715474,40.74907617073191,-73.97977983172592
n00567,W_west,299.0,180.0,28.21055798956198,False,42.25359227266073,0.7775717607233226,Park Avenue,avenue_canyon,278.9580248715474,40.74907617073191,-73.97977983172592
n00567,full360,,360.0,28.21055798956198,,25.264675582918617,0.8364313536509138,Park Avenue,avenue_canyon,278.9580248715474,40.74907617073191,-73.97977983172592
n00568,N_uptown,29.0,180.0,28.477689673719624,True,29.26833347725473,0.9329726489255039,Park Avenue,avenue_canyon,298.88741541222544,40.749233519308795,-73.9796644657211
n00568,E_east,119.0,180.0,28.477689673719624,False,17.83133985256746,0.9312949485254549,Park Avenue,avenue_canyon,298.88741541222544,40.749233519308795,-73.9796644657211
n00568,S_downtown,209.0,180.0,28.477689673719624,True,21.714631692864355,0.8390491347050039,Park Avenue,avenue_canyon,298.88741541222544,40.749233519308795,-73.9796644657211
n00568,W_west,299.0,180.0,28.477689673719624,False,33.15162531755161,0.8288352708090954,Park Avenue,avenue_canyon,298.88741541222544,40.749233519308795,-73.9796644657211
n00568,full360,,360.0,28.477689673719624,,25.49148258505954,0.8814713274484263,Park Avenue,avenue_canyon,298.88741541222544,40.749233519308795,-73.9796644657211
n00569,N_uptown,29.0,180.0,28.47768967244746,True,22.517699719821685,0.9238788368399268,Park Avenue,avenue_canyon,318.8168162215603,40.749390867759615,-73.97954909916703
n00569,E_east,119.0,180.0,28.47768967244746,False,15.987877058761518,0.9026666974104389,Park Avenue,avenue_canyon,318.8168162215603,40.749390867759615,-73.97954909916703
n00569,S_downtown,209.0,180.0,28.47768967244746,True,30.249327904671787,0.8525480450961113,Park Avenue,avenue_canyon,318.8168162215603,40.749390867759615,-73.97954909916703
n00569,W_west,299.0,180.0,28.47768967244746,False,36.77915056573195,0.8789008265695574,Park Avenue,avenue_canyon,318.8168162215603,40.749390867759615,-73.97954909916703
n00569,full360,,360.0,28.47768967244746,,26.383513812246733,0.8920733550516614,Park Avenue,avenue_canyon,318.8168162215603,40.749390867759615,-73.97954909916703
n00570,N_uptown,29.0,180.0,28.535311565017288,True,21.995735585729868,0.9425762549368558,Park Avenue,avenue_canyon,358.67532120967303,40.749705385592755,-73.97931794988259
n00570,E_east,119.0,180.0,28.535311565017288,False,3.6132188026686114,0.8531332117319438,Park Avenue,avenue_canyon,358.67532120967303,40.749705385592755,-73.97931794988259
n00570,S_downtown,209.0,180.0,28.535311565017288,True,23.336791309110453,0.6952487791794645,Park Avenue,avenue_canyon,358.67532120967303,40.749705385592755,-73.97931794988259
n00570,W_west,299.0,180.0,28.535311565017288,False,41.719308092171715,0.7816965988686512,Park Avenue,avenue_canyon,358.67532120967303,40.749705385592755,-73.97931794988259
n00570,full360,,360.0,28.535311565017288,,22.66626344742016,0.8273861811215136,Park Avenue,avenue_canyon,358.67532120967303,40.749705385592755,-73.97931794988259
n00571,N_uptown,29.0,180.0,28.243043229507947,True,14.169384140813172,0.9521508505325265,Park Avenue,avenue_canyon,378.6046802900787,40.749863091659805,-73.97920342998043
n00571,E_east,119.0,180.0,28.243043229507947,False,6.060774039154912,0.8983973565140039,Park Avenue,avenue_canyon,378.6046802900787,40.749863091659805,-73.97920342998043
n00571,S_downtown,209.0,180.0,28.243043229507947,True,22.856077630588455,0.8264749372948947,Park Avenue,avenue_canyon,378.6046802900787,40.749863091659805,-73.97920342998043
n00571,W_west,299.0,180.0,28.243043229507947,False,30.96468773224671,0.8948270045182655,Park Avenue,avenue_canyon,378.6046802900787,40.749863091659805,-73.97920342998043
n00571,full360,,360.0,28.243043229507947,,18.51273088570081,0.8967527332005862,Park Avenue,avenue_canyon,378.6046802900787,40.749863091659805,-73.97920342998043
n00572,N_uptown,29.0,180.0,28.243043227951595,True,12.615185476944045,0.9555892950603238,Park Avenue,avenue_canyon,398.5340496947779,40.750020797602495,-73.9790889095317
n00572,E_east,119.0,180.0,28.243043227951595,False,2.1479900238500105,0.9329401965140887,Park Avenue,avenue_canyon,398.5340496947779,40.750020797602495,-73.9790889095317
n00572,S_downtown,209.0,180.0,28.243043227951595,True,15.366708039555672,0.8711917746691168,Park Avenue,avenue_canyon,398.5340496947779,40.750020797602495,-73.9790889095317
n00572,W_west,299.0,180.0,28.243043227951595,False,25.83390349264971,0.8920929477634529,Park Avenue,avenue_canyon,398.5340496947779,40.750020797602495,-73.9790889095317
n00572,full360,,360.0,28.243043227951595,,13.990946758249859,0.9144176819938707,Park Avenue,avenue_canyon,398.5340496947779,40.750020797602495,-73.9790889095317
n00573,N_uptown,29.0,180.0,28.86544970859036,True,3.0234753050153254,0.9611361654723627,Park Avenue,avenue_canyon,438.3883483554721,40.75033427168969,-73.97885539505002
n00573,E_east,119.0,180.0,28.86544970859036,False,5.064373799935793,0.933859702207875,Park Avenue,avenue_canyon,438.3883483554721,40.75033427168969,-73.97885539505002
n00573,S_downtown,209.0,180.0,28.86544970859036,True,2.6831525024160285,0.8612740302924862,Park Avenue,avenue_canyon,438.3883483554721,40.75033427168969,-73.97885539505002
n00573,W_west,299.0,180.0,28.86544970859036,False,0.6422540074955604,0.8902397829391485,Park Avenue,avenue_canyon,438.3883483554721,40.75033427168969,-73.97885539505002
n00573,full360,,360.0,28.86544970859036,,2.853313903715677,0.9117573083113104,Park Avenue,avenue_canyon,438.3883483554721,40.75033427168969,-73.97885539505002
n00574,N_uptown,29.0,180.0,29.164626664862592,True,2.004461113253473,0.9593662866266978,Park Avenue,avenue_canyon,458.3161113389142,40.75049055605245,-73.97873755237606
n00574,E_east,119.0,180.0,29.164626664862592,False,2.537523566173488,0.9155750015081011,Park Avenue,avenue_canyon,458.3161113389142,40.75049055605245,-73.97873755237606
n00574,S_downtown,209.0,180.0,29.164626664862592,True,1.327356981925516,0.8677503606210865,Park Avenue,avenue_canyon,458.3161113389142,40.75049055605245,-73.97873755237606
n00574,W_west,299.0,180.0,29.164626664862592,False,0.7942945290055005,0.9059980694441113,Park Avenue,avenue_canyon,458.3161113389142,40.75049055605245,-73.97873755237606
n00574,full360,,360.0,29.164626664862592,,1.6659090475894942,0.9103060268400014,Park Avenue,avenue_canyon,458.3161113389142,40.75049055605245,-73.97873755237606
n00575,N_uptown,29.0,180.0,21.160963124361544,True,0.33165853487055313,0.9794583280653467,Park Avenue,avenue_canyon,477.9834330972371,40.75065692626706,-73.97864992897738
n00575,E_east,119.0,180.0,21.160963124361544,False,0.9513755140608376,0.9367224162382356,Park Avenue,avenue_canyon,477.9834330972371,40.75065692626706,-73.97864992897738
n00575,S_downtown,209.0,180.0,21.160963124361544,True,1.4393712767274556,0.874373551367645,Park Avenue,avenue_canyon,477.9834330972371,40.75065692626706,-73.97864992897738
n00575,W_west,299.0,180.0,21.160963124361544,False,0.819654297537171,0.9266750715780921,Park Avenue,avenue_canyon,477.9834330972371,40.75065692626706,-73.97864992897738
n00575,full360,,360.0,21.160963124361544,,0.8855149057990043,0.9317219769145817,Park Avenue,avenue_canyon,477.9834330972371,40.75065692626706,-73.97864992897738
n00576,N_uptown,29.0,180.0,139.78695024914504,False,0.5239995928880518,0.9123414456909841,Park Avenue,avenue_canyon,484.51643468681806,40.750781867476555,-73.97878558345371
n00576,E_east,119.0,180.0,139.78695024914504,True,1.1315037899528382,0.8498447528872386,Park Avenue,avenue_canyon,484.51643468681806,40.750781867476555,-73.97878558345371
n00576,S_downtown,209.0,180.0,139.78695024914504,False,2.8077693878507946,0.8652387556182363,Park Avenue,avenue_canyon,484.51643468681806,40.750781867476555,-73.97878558345371
n00576,W_west,299.0,180.0,139.78695024914504,True,2.2002651907860082,0.9281659463722738,Park Avenue,avenue_canyon,484.51643468681806,40.750781867476555,-73.97878558345371
n00576,full360,,360.0,139.78695024914504,,1.665884490369423,0.889228237385378,Park Avenue,avenue_canyon,484.51643468681806,40.750781867476555,-73.97878558345371
n00577,N_uptown,29.0,180.0,28.054610671806415,True,2.2062355679042662,0.9729577199162663,Park Avenue,avenue_canyon,464.5873150492142,40.75062387630503,-73.97889942333194
n00577,E_east,119.0,180.0,28.054610671806415,False,0.06587073073513207,0.8772097826234292,Park Avenue,avenue_canyon,464.5873150492142,40.75062387630503,-73.97889942333194
n00577,S_downtown,209.0,180.0,28.054610671806415,True,3.4991641169731587,0.8494456183254111,Park Avenue,avenue_canyon,464.5873150492142,40.75062387630503,-73.97889942333194
n00577,W_west,299.0,180.0,28.054610671806415,False,5.639528954142293,0.9460953006414567,Park Avenue,avenue_canyon,464.5873150492142,40.75062387630503,-73.97889942333194
n00577,full360,,360.0,28.054610671806415,,2.852699842438712,0.9104737205776947,Park Avenue,avenue_canyon,464.5873150492142,40.75062387630503,-73.97889942333194
n00578,N_uptown,29.0,180.0,28.05461067025729,True,3.064056776010677,0.9575622114978843,Park Avenue,avenue_canyon,444.6582057774228,40.750465885010485,-73.97901326266575
n00578,E_east,119.0,180.0,28.05461067025729,False,1.1692963834863592,0.8689120403207619,Park Avenue,avenue_canyon,444.6582057774228,40.750465885010485,-73.97901326266575
n00578,S_downtown,209.0,180.0,28.05461067025729,True,2.907830402974835,0.8483509907100525,Park Avenue,avenue_canyon,444.6582057774228,40.750465885010485,-73.97901326266575
n00578,W_west,299.0,180.0,28.05461067025729,False,4.802590795499152,0.9377932238035478,Park Avenue,avenue_canyon,444.6582057774228,40.750465885010485,-73.97901326266575
n00578,full360,,360.0,28.05461067025729,,2.9859435894927557,0.9023511109140863,Park Avenue,avenue_canyon,444.6582057774228,40.750465885010485,-73.97901326266575
n00580,N_uptown,29.0,180.0,28.125838780333737,True,8.719114028338918,0.9522124727294863,Park Avenue,avenue_canyon,384.8756252946041,40.749990650151744,-73.97935168281187
n00580,E_east,119.0,180.0,28.125838780333737,False,19.302610621453148,0.8254165853747228,Park Avenue,avenue_canyon,384.8756252946041,40.749990650151744,-73.97935168281187
n00580,S_downtown,209.0,180.0,28.125838780333737,True,18.209676383605345,0.7858923295882296,Park Avenue,avenue_canyon,384.8756252946041,40.749990650151744,-73.97935168281187
n00580,W_west,299.0,180.0,28.125838780333737,False,7.626179790491114,0.9287024609368073,Park Avenue,avenue_canyon,384.8756252946041,40.749990650151744,-73.97935168281187
n00580,full360,,360.0,28.125838780333737,,13.46439520597213,0.8749905112665972,Park Avenue,avenue_canyon,384.8756252946041,40.749990650151744,-73.97935168281187
n00581,N_uptown,29.0,180.0,28.125838780333737,True,23.02036498537239,0.9454079773568456,Park Avenue,avenue_canyon,364.94641867782155,40.74983276611433,-73.97946577815036
n00581,E_east,119.0,180.0,28.125838780333737,False,29.190096655883718,0.7475361909540998,Park Avenue,avenue_canyon,364.94641867782155,40.74983276611433,-73.97946577815036
n00581,S_downtown,209.0,180.0,28.125838780333737,True,19.233231408699556,0.7623267127887915,Park Avenue,avenue_canyon,364.94641867782155,40.74983276611433,-73.97946577815036
n00581,W_west,299.0,180.0,28.125838780333737,False,13.063499738188222,0.9349538986417316,Park Avenue,avenue_canyon,364.94641867782155,40.74983276611433,-73.97946577815036
n00581,full360,,360.0,28.125838780333737,,21.126798197035974,0.8520000493591362,Park Avenue,avenue_canyon,364.94641867782155,40.74983276611433,-73.97946577815036
n00582,N_uptown,29.0,180.0,28.294925878660706,True,9.7599490517958,0.8961572645418885,Park Avenue,avenue_canyon,325.0885958327736,40.74951751886242,-73.97969518594276
n00582,E_east,119.0,180.0,28.294925878660706,False,22.424914232372384,0.7170004872286115,Park Avenue,avenue_canyon,325.0885958327736,40.74951751886242,-73.97969518594276
n00582,S_downtown,209.0,180.0,28.294925878660706,True,19.089567212563196,0.7811880216310978,Park Avenue,avenue_canyon,325.0885958327736,40.74951751886242,-73.97969518594276
n00582,W_west,299.0,180.0,28.294925878660706,False,6.424602031986612,0.9405445546648309,Park Avenue,avenue_canyon,325.0885958327736,40.74951751886242,-73.97969518594276
n00582,full360,,360.0,28.294925878660706,,14.424758132179496,0.8445673172767604,Park Avenue,avenue_canyon,325.0885958327736,40.74951751886242,-73.97969518594276
n00583,N_uptown,29.0,180.0,28.432695540027424,True,19.338291401858534,0.875945896198017,Park Avenue,avenue_canyon,305.1591739057594,40.749360101417075,-73.97981038986657
n00583,E_east,119.0,180.0,28.432695540027424,False,32.440656938242014,0.6740959125897147,Park Avenue,avenue_canyon,305.1591739057594,40.749360101417075,-73.97981038986657
n00583,S_downtown,209.0,180.0,28.432695540027424,True,21.273555889688122,0.8028404105458192,Park Avenue,avenue_canyon,305.1591739057594,40.749360101417075,-73.97981038986657
n00583,W_west,299.0,180.0,28.432695540027424,False,8.171190353304643,0.9395033683147955,Park Avenue,avenue_canyon,305.1591739057594,40.749360101417075,-73.97981038986657
n00583,full360,,360.0,28.432695540027424,,20.305923645773326,0.8406382640483591,Park Avenue,avenue_canyon,305.1591739057594,40.749360101417075,-73.97981038986657
n00584,N_uptown,29.0,180.0,28.432695540320708,True,14.169775061433976,0.8439975834883001,Park Avenue,avenue_canyon,285.2297622580851,40.74920268384599,-73.97992559324165
n00584,E_east,119.0,180.0,28.432695540320708,False,24.24720652785386,0.6678971199492302,Park Avenue,avenue_canyon,285.2297622580851,40.74920268384599,-73.97992559324165
n00584,S_downtown,209.0,180.0,28.432695540320708,True,21.48869248462036,0.7875360654065052,Park Avenue,avenue_canyon,285.2297622580851,40.74920268384599,-73.97992559324165
n00584,W_west,299.0,180.0,28.432695540320708,False,11.411261018200477,0.9317421058039503,Park Avenue,avenue_canyon,285.2297622580851,40.74920268384599,-73.97992559324165
n00584,full360,,360.0,28.432695540320708,,17.829233773027166,0.8188068745822891,Park Avenue,avenue_canyon,285.2297622580851,40.74920268384599,-73.97992559324165
n00585,N_uptown,29.0,180.0,28.597078431946926,True,9.247331892414492,0.7880609360868829,Park Avenue,avenue_canyon,245.37181026318638,40.748888357345045,-73.98015718143135
n00585,E_east,119.0,180.0,28.597078431946926,False,23.065863243329325,0.6248204731677361,Park Avenue,avenue_canyon,245.37181026318638,40.748888357345045,-73.98015718143135
n00585,S_downtown,209.0,180.0,28.597078431946926,True,16.033300517443816,0.8309850634341274,Park Avenue,avenue_canyon,245.37181026318638,40.748888357345045,-73.98015718143135
n00585,W_west,299.0,180.0,28.597078431946926,False,2.2147691665289875,0.9261334594781511,Park Avenue,avenue_canyon,245.37181026318638,40.748888357345045,-73.98015718143135
n00585,full360,,360.0,28.597078431946926,,12.640316204929153,0.8089302298976798,Park Avenue,avenue_canyon,245.37181026318638,40.748888357345045,-73.98015718143135
n00586,N_uptown,29.0,180.0,28.183955474467098,True,11.177148961201825,0.8800165708362092,Park Avenue,avenue_canyon,225.4425853175708,40.74873056052806,-73.98027148346247
n00586,E_east,119.0,180.0,28.183955474467098,False,22.94763481974743,0.7407831837930013,Park Avenue,avenue_canyon,225.4425853175708,40.74873056052806,-73.98027148346247
n00586,S_downtown,209.0,180.0,28.183955474467098,True,12.266893064009608,0.8529059424250971,Park Avenue,avenue_canyon,225.4425853175708,40.74873056052806,-73.98027148346247
n00586,W_west,299.0,180.0,28.183955474467098,False,0.49640720546399836,0.9457368090015629,Park Avenue,avenue_canyon,225.4425853175708,40.74873056052806,-73.98027148346247
n00586,full360,,360.0,28.183955474467098,,11.722021012605715,0.8662133629492735,Park Avenue,avenue_canyon,225.4425853175708,40.74873056052806,-73.98027148346247
n00587,N_uptown,29.0,180.0,28.183955474173132,True,14.7494827425183,0.8995826097691038,Park Avenue,avenue_canyon,205.51337070598487,40.748572763587134,-73.98038578494777
n00587,E_east,119.0,180.0,28.183955474173132,False,26.454899305952694,0.771299904543867,Park Avenue,avenue_canyon,205.51337070598487,40.748572763587134,-73.98038578494777
n00587,S_downtown,209.0,180.0,28.183955474173132,True,19.536696821410853,0.8247020824149106,Park Avenue,avenue_canyon,205.51337070598487,40.748572763587134,-73.98038578494777
n00587,W_west,299.0,180.0,28.183955474173132,False,7.831280257976464,0.9317522940452361,Park Avenue,avenue_canyon,205.51337070598487,40.748572763587134,-73.98038578494777
n00587,full360,,360.0,28.183955474173132,,17.14308978196458,0.8661433278853424,Park Avenue,avenue_canyon,205.51337070598487,40.748572763587134,-73.98038578494777
n00588,N_uptown,29.0,180.0,28.527892412659412,True,22.68160961051641,0.8581011582924957,Park Avenue,avenue_canyon,165.6552728910232,40.74825822283561,-73.9806168700799
n00588,E_east,119.0,180.0,28.527892412659412,False,41.190228150874496,0.6754743373526064,Park Avenue,avenue_canyon,165.6552728910232,40.74825822283561,-73.9806168700799
n00588,S_downtown,209.0,180.0,28.527892412659412,True,23.18083290648779,0.8614546282995498,Park Avenue,avenue_canyon,165.6552728910232,40.74825822283561,-73.9806168700799
n00588,W_west,299.0,180.0,28.527892412659412,False,4.672214366129696,0.9334607894041325,Park Avenue,avenue_canyon,165.6552728910232,40.74825822283561,-73.9806168700799
n00588,full360,,360.0,28.527892412659412,,22.9312212585021,0.859811888819483,Park Avenue,avenue_canyon,165.6552728910232,40.74825822283561,-73.9806168700799
n00589,N_uptown,29.0,180.0,28.648504215640315,True,26.59474586198849,0.912282657562351,Park Avenue,avenue_canyon,145.72610213537013,40.74810113549329,-73.98073284843316
n00589,E_east,119.0,180.0,28.648504215640315,False,42.20452648925927,0.7584099915603636,Park Avenue,avenue_canyon,145.72610213537013,40.74810113549329,-73.98073284843316
n00589,S_downtown,209.0,180.0,28.648504215640315,True,26.799980090973293,0.7992236566715095,Park Avenue,avenue_canyon,145.72610213537013,40.74810113549329,-73.98073284843316
n00589,W_west,299.0,180.0,28.648504215640315,False,11.190199463702498,0.917458468767535,Park Avenue,avenue_canyon,145.72610213537013,40.74810113549329,-73.98073284843316
n00589,full360,,360.0,28.648504215640315,,26.69736297648089,0.855485505275575,Park Avenue,avenue_canyon,145.72610213537013,40.74810113549329,-73.98073284843316
n00590,N_uptown,29.0,180.0,28.648504215932974,True,24.729035232827705,0.8279834754605291,Park Avenue,avenue_canyon,125.796941606595,40.74794404802367,-73.98084882623526
n00590,E_east,119.0,180.0,28.648504215932974,False,44.049045519137856,0.7403981930319042,Park Avenue,avenue_canyon,125.796941606595,40.74794404802367,-73.98084882623526
n00590,S_downtown,209.0,180.0,28.648504215932974,True,27.598258622418165,0.8688352019178709,Park Avenue,avenue_canyon,125.796941606595,40.74794404802367,-73.98084882623526
n00590,W_west,299.0,180.0,28.648504215932974,False,8.278248336108017,0.9054466092672963,Park Avenue,avenue_canyon,125.796941606595,40.74794404802367,-73.98084882623526
n00590,full360,,360.0,28.648504215932974,,26.163646927622935,0.8471430713932848,Park Avenue,avenue_canyon,125.796941606595,40.74794404802367,-73.98084882623526
n00591,N_uptown,29.0,180.0,28.515685237432166,True,19.024730628843507,0.8360778044852643,Park Avenue,avenue_canyon,85.94002440611837,40.74762947762325,-73.98107981238287
n00591,E_east,119.0,180.0,28.515685237432166,False,34.13006580508174,0.7793108259517116,Park Avenue,avenue_canyon,85.94002440611837,40.74762947762325,-73.98107981238287
n00591,S_downtown,209.0,180.0,28.515685237432166,True,17.85511873254842,0.9064011704524401,Park Avenue,avenue_canyon,85.94002440611837,40.74762947762325,-73.98107981238287
n00591,W_west,299.0,180.0,28.515685237432166,False,2.749783556310179,0.931440015026854,Park Avenue,avenue_canyon,85.94002440611837,40.74762947762325,-73.98107981238287
n00591,full360,,360.0,28.515685237432166,,18.439924680695963,0.8732095439160503,Park Avenue,avenue_canyon,85.94002440611837,40.74762947762325,-73.98107981238287
n00592,N_uptown,29.0,180.0,29.049136226832502,True,12.152458657928271,0.8481072510367622,Park Avenue,avenue_canyon,66.01195766119127,40.74747301035023,-73.98119722997058
n00592,E_east,119.0,180.0,29.049136226832502,False,18.370543610760357,0.8109534937155484,Park Avenue,avenue_canyon,66.01195766119127,40.74747301035023,-73.98119722997058
n00592,S_downtown,209.0,180.0,29.049136226832502,True,12.455553391748147,0.8989358455937965,Park Avenue,avenue_canyon,66.01195766119127,40.74747301035023,-73.98119722997058
n00592,W_west,299.0,180.0,29.049136226832502,False,6.237468438916058,0.9313328972292408,Park Avenue,avenue_canyon,66.01195766119127,40.74747301035023,-73.98119722997058
n00592,full360,,360.0,29.049136226832502,,12.304006024838209,0.8745694788218596,Park Avenue,avenue_canyon,66.01195766119127,40.74747301035023,-73.98119722997058
n00593,N_uptown,29.0,180.0,29.049136227124052,True,5.951653008145954,0.8837030760275365,Park Avenue,avenue_canyon,46.08390103933533,40.74731654294695,-73.98131464700268
n00593,E_east,119.0,180.0,29.049136227124052,False,6.137343320518165,0.7996658237596719,Park Avenue,avenue_canyon,46.08390103933533,40.74731654294695,-73.98131464700268
n00593,S_downtown,209.0,180.0,29.049136227124052,True,1.656535790257189,0.8315939589731598,Park Avenue,avenue_canyon,46.08390103933533,40.74731654294695,-73.98131464700268
n00593,W_west,299.0,180.0,29.049136227124052,False,1.4708454778849778,0.9108277542138157,Park Avenue,avenue_canyon,46.08390103933533,40.74731654294695,-73.98131464700268
n00593,full360,,360.0,29.049136227124052,,3.8040943992015714,0.8569889489122876,Park Avenue,avenue_canyon,46.08390103933533,40.74731654294695,-73.98131464700268
n00594,N_uptown,29.0,180.0,28.131388784001388,True,2.346956660194679,0.7256214341504115,Park Avenue,avenue_canyon,6.226786627770252,40.74700079489591,-73.98154285326169
n00594,E_east,119.0,180.0,28.131388784001388,False,1.5933957224439625,0.6950632996964126,Park Avenue,avenue_canyon,6.226786627770252,40.74700079489591,-73.98154285326169
n00594,S_downtown,209.0,180.0,28.131388784001388,True,0.026632517967718556,0.8552929444393503,Park Avenue,avenue_canyon,6.226786627770252,40.74700079489591,-73.98154285326169
n00594,W_west,299.0,180.0,28.131388784001388,False,0.780193455718435,0.8770665929690717,Park Avenue,avenue_canyon,6.226786627770252,40.74700079489591,-73.98154285326169
n00594,full360,,360.0,28.131388784001388,,1.1867945890811988,0.7931930787639093,Park Avenue,avenue_canyon,6.226786627770252,40.74700079489591,-73.98154285326169
