file,node_id,W_facade,hw_source,d,band_deg_top,band_deg_bot,band_rows,gmi_band,veg_band,veg_all,veg_near
east_35th_street/east_to_west/045_n00316_W_L.jpg,n00316,20.02239403525813,measured,10.011197017629065,2.8592090859229558,-14.021164256874735,275,0.0002095959595959596,0.0002095959595959596,0.0972330883791109,0.005466841146100136
Tunnel_Exit_Street/north_to_south/006_n00261_S_R.jpg,n00261,14.008230597225667,measured,7.004115298612834,4.083224379917562,-19.64316042167799,392,0.0023189484126984127,0.006983418367346938,0.0015297996591131353,0.000507992834545686
Tunnel_Exit_Street/north_to_south/014_n00253_S_R.jpg,n00253,13.362063824715284,measured,6.681031912357642,4.279965295405139,-20.515532108491684,412,0.002412014563106796,0.009130596008629989,0.002102989434990888,0.000556114386481259
Park_Ave_Tunnel_Segment/west_to_east/022_n00190_E_L.jpg,n00190,43.25046111732943,measured,21.625230558664715,1.3245077958535654,-6.5944453436820485,127,0.0031003937007874015,0.004412729658792651,0.03034296695756921,0.004911890990714093
2nd_avenue/north_to_south/018_n00062_S_L.jpg,n00062,30.506725014637706,measured,15.253362507318853,1.8774637773719711,-9.307923780126016,180,0.010868055555555556,0.03561342592592592,0.01802656620128469,0.0035485763782167703
lexington_avenue/north_to_south/008_n00715_S_L.jpg,n00715,22.9004177670694,measured,11.4502088835347,2.5003650078513773,-12.316482453125586,240,0.001851851851851852,0.018848379629629628,0.024981294687070204,0.003254802065190732
east_41st_street/east_to_west/037_n00604_W_L.jpg,n00604,39.54905466789186,measured,19.77452733394593,1.448418281962574,-7.205407933655243,139,0.0,0.0,0.0003512097137233352,0.00024293622186829597
east_38th_street/west_to_east/018_n00472_E_L.jpg,n00472,18.3663243053944,measured,9.1831621526972,3.116533322034661,-15.228989866976645,300,0.011560185185185185,0.15518518518518518,0.09161528526766449,0.008194634602189997
east_41st_street/west_to_east/023_n00617_E_R.jpg,n00617,18.863152450274303,measured,9.431576225137151,3.0346038339380614,-14.845816107561035,292,0.0011914954337899544,0.005029965753424658,0.0009445794952514894,0.00025845930313783563
east_38th_street/west_to_east/001_n00455_E_R.jpg,n00455,19.324263194207592,measured,9.662131597103796,2.9623234201534285,-14.506685551448193,284,0.0016407472613458529,0.010942390453834116,0.0020339117233414365,0.00041601857802366337
east_38th_street/west_to_east/017_n00471_E_L.jpg,n00471,42.63610554072597,measured,21.318052770362986,1.343586053112327,-6.688611640900097,130,0.020592948717948718,0.1575267094017094,0.08547396624040285,0.008297086938568957
lexington_avenue/north_to_south/018_n00705_S_R.jpg,n00705,22.60508629428336,measured,11.30254314714168,2.532989563414625,-12.472390577871339,244,0.01605191256830601,0.08461122495446266,0.10054765430718936,0.007846529504720569
east_40th_street/west_to_east/016_n00564_E_R.jpg,n00564,18.398134457820102,measured,9.199067228910051,3.1111554682502685,-15.203878862469654,299,0.002766164994425864,0.025778056484578225,0.011808795998770572,0.0010132691298692024
Park_Ave_West/south_to_north/022_n00230_N_R.jpg,n00230,43.24105483617432,measured,21.62052741808716,1.324795815033585,-6.59586720278229,127,0.014118547681539808,0.03805774278215223,0.0798507300505121,0.008099167652382328
east_39th_street/west_to_east/043_n00544_E_R.jpg,n00544,23.27136039314287,measured,11.635680196571435,2.460558877257255,-12.1260140973429,236,0.0027395244821092277,0.1730785075329567,0.13633146124973222,0.011607384019298294
east_42nd_street/west_to_east/014_n00654_E_L.jpg,n00654,30.94669773086652,measured,15.47334886543326,1.8507903592882857,-9.177859832531889,178,0.0,0.0,0.0,0.0
east_38th_street/west_to_east/035_n00489_E_L.jpg,n00489,18.22428058806689,measured,9.112140294033445,3.1407757668364034,-15.342114689528282,302,0.006583425312729948,0.02004690949227373,0.028185258661103194,0.004865321746905474
east_40th_street/west_to_east/012_n00560_E_L.jpg,n00560,27.86709806962711,measured,13.933549034813556,2.055154971388559,-10.171951668743603,197,0.005812887760857304,0.3030245346869712,0.21804767759181126,0.0107877653282666
east_37th_street/east_to_west/042_n00413_W_R.jpg,n00413,20.973466205612866,measured,10.486733102806433,2.7297548703594865,-13.40882923877249,263,0.02103664976763836,0.24984157160963244,0.2685073936436087,0.012405270396552634
Park_Ave_West/south_to_north/003_n00211_N_L.jpg,n00211,42.74679473545633,measured,21.373397367728163,1.3401082214881233,-6.671448370661244,128,0.0,0.004508463541666666,0.07188541856095047,0.0072804903921925195
east_41st_street/west_to_east/012_n00606_E_L.jpg,n00606,21.61509207315288,measured,10.80754603657644,2.6488415577754068,-13.024566564579883,254,0.0008338801399825022,0.0010580708661417323,0.0001501858112827964,0.00011836349468024005
east_34th_street/east_to_west/037_n00277_W_R.jpg,n00277,33.62242698993176,measured,16.81121349496588,1.7035918933637701,-8.458481635248697,163,0.0025477164280845264,0.016198023176550783,0.06288400222290524,0.006064479774977414
east_40th_street/west_to_east/008_n00556_E_R.jpg,n00556,19.07300507534439,measured,9.536502537672195,3.001276686421597,-14.689574442163988,288,0.0007161458333333333,0.0015166859567901235,0.0024689460759202858,0.0003900174168971844
Park_Ave_Tunnel_Segment/west_to_east/016_n00178_E_R.jpg,n00178,42.90453047533676,measured,21.45226523766838,1.3351831867743689,-6.647141108259793,128,0.01886935763888889,0.688671875,0.47388319191806294,0.007373463603031347
east_38th_street/east_to_west/021_n00481_W_R.jpg,n00481,17.99779971659558,measured,8.99889985829779,3.180218065456322,-15.52591731854044,306,0.001786038489469862,0.012981118373275235,0.11957623540442283,0.01017770823437369
east_40th_street/west_to_east/042_n00590_E_L.jpg,n00590,18.979397958479137,measured,9.489698979239568,3.016051835158437,-14.758868642917466,290,0.005596264367816092,0.019346264367816092,0.11825289272619458,0.005928652813868941
madison_avenue/north_to_south/011_n00746_S_R.jpg,n00746,23.15890754830417,measured,11.579453774152086,2.472491836208085,-12.183139673205904,238,0.004184173669467787,0.030593487394957982,0.004109347689078891,0.0005968624748138007
east_35th_street/west_to_east/020_n00333_E_L.jpg,n00333,18.967365566610464,measured,9.483682783305232,3.017961602294892,-14.76782220970526,290,0.016159003831417624,0.054363026819923374,0.12138777898857811,0.012486766573217718
east_39th_street/east_to_west/043_n00506_W_R.jpg,n00506,19.61388833233953,measured,9.806944166169766,2.9186569742297,-14.30132362440024,281,0.0,0.0,0.0,0.0
east_40th_street/west_to_east/039_n00587_E_L.jpg,n00587,24.39261881383522,measured,12.19630940691761,2.347583660273233,-11.584028763989677,226,0.007107300884955752,0.02607239429695182,0.056029397611308256,0.004524202036007339
east_38th_street/east_to_west/038_n00464_W_L.jpg,n00464,21.27186180242665,measured,10.635930901213325,2.691519357886044,-13.227390796463805,258,0.004723837209302325,0.08676787252368648,0.15663371116513145,0.004268071195059934
east_40th_street/west_to_east/040_n00588_E_L.jpg,n00588,18.751894092942745,measured,9.375947046471373,3.052574732197972,-14.929976337672421,293,0.013395904436860069,0.0271805081532044,0.05421824210418471,0.005409793822434578
east_40th_street/east_to_west/010_n00585_W_L.jpg,n00585,36.12333803407692,measured,18.06166901703846,1.5857103260061807,-7.880504584168232,152,0.00501187865497076,0.22050895467836257,0.19902491765005387,0.009124855247267161
east_41st_street/west_to_east/020_n00614_E_L.jpg,n00614,18.86133112504846,measured,9.43066556252423,3.0348963195889542,-14.847186362134236,292,0.0015862823439878235,0.004309360730593607,0.0007031955815101474,0.00025884738016957414
Park_Ave_Tunnel_Segment/west_to_east/011_n00171_E_L.jpg,n00171,42.29123835402895,measured,21.145619177014474,1.354538364478551,-6.74265426483364,130,0.013669871794871795,0.32890491452991455,0.2465670705772413,0.007829066038292337
2nd_avenue/south_to_north/002_n00047_N_L.jpg,n00047,52.567855900155664,measured,26.283927950077832,1.0898079960601177,-5.433351566852483,104,0.032371794871794875,0.14790331196581197,0.048477030496645465,0.005892949726949001
east_38th_street/east_to_west/046_n00456_W_R.jpg,n00456,18.373178735944084,measured,9.186589367972042,3.115372936330368,-15.223572121517623,299,0.004868078781122259,0.01244890375325158,0.003769780286307711,0.0016314758414286202
east_35th_street/west_to_east/015_n00328_E_L.jpg,n00328,20.74780387565542,measured,10.37390193782771,2.7593992547254524,-13.549320151331678,265,0.012127882599580713,0.09493186582809224,0.27922724549132105,0.012503453885582473
Park_Ave_West/south_to_north/028_n00236_N_R.jpg,n00236,55.48188422867741,measured,27.740942114338704,1.0325816639113443,-5.149556659608893,100,0.027479166666666666,0.20277083333333334,0.04242225264746151,0.0051435729786619725
Park_Ave_Tunnel_Segment/east_to_west/031_n00155_W_R.jpg,n00155,15.762711396867182,measured,7.881355698433591,3.6300288848407853,-17.599251666920352,349,0.0,0.0,0.0,0.0
3rd_avenue/north_to_south/009_n00105_S_L.jpg,n00105,31.03497331201089,measured,15.517486656005445,1.8455296345920702,-9.15219683154377,178,0.008352840199750312,0.027606117353308365,0.011319042784716595,0.002211262926845927
east_37th_street/west_to_east/022_n00429_E_L.jpg,n00429,18.027330758182547,measured,9.013665379091274,3.17501913429754,-15.501707948578083,305,0.005396174863387978,0.04471539162112933,0.19493574996662538,0.007608250207233135
east_37th_street/west_to_east/011_n00418_E_R.jpg,n00418,18.01835175075864,measured,9.00917587537932,3.176598088411346,-15.509061089172407,305,0.001935336976320583,0.024790528233151185,0.1925304485239102,0.004630147065671947
east_35th_street/west_to_east/004_n00317_E_L.jpg,n00317,21.760173991767715,measured,10.880086995883858,2.6312058014782282,-12.940660170289881,253,0.006831906016688626,0.09509771629336847,0.22023449166565767,0.005693866209667154
Park_Ave_West/south_to_north/021_n00229_N_R.jpg,n00229,43.4298741710319,measured,21.71493708551595,1.3190380618294024,-6.5674415221519915,127,0.010296369203849519,0.06752515310586177,0.04413250812633304,0.00510321296736117
east_38th_street/east_to_west/026_n00476_W_L.jpg,n00476,19.49955392287336,measured,9.74977696143668,2.9357404862109164,-14.381709938225745,282,0.003757880220646178,0.10947596532702916,0.3311282796389952,0.010707045305664993
3rd_avenue/north_to_south/034_n00080_S_R.jpg,n00080,33.24933109266357,measured,16.624665546331784,1.7226967071156891,-8.551999734936729,166,0.013637884872824631,0.042984437751004016,0.060898600128531113,0.0074308990037286445
Park_Ave_West/north_to_south/030_n00216_S_R.jpg,n00216,43.286219172788975,measured,21.643109586394488,1.3234140303668764,-6.589045700003644,127,0.02099737532808399,0.05881999125109361,0.22789163957888986,0.012211619957715126
east_40th_street/east_to_west/020_n00575_W_R.jpg,n00575,20.49160512013473,measured,10.245802560067364,2.793844651214533,-13.712364453442383,269,0.0014818256918628667,0.0022408095828170176,0.0003387912487077035,0.00022469660137658685
east_34th_street/west_to_east/006_n00272_E_R.jpg,n00272,30.57063853236184,measured,15.28531926618092,1.8735413959003715,-9.28880339478283,180,0.0001080246913580247,0.0001080246913580247,1.0866156888677775e-05,1.0866156888677775e-05
Park_Ave_East/north_to_south/024_n00128_S_L.jpg,n00128,42.392307080108594,measured,21.196153540054297,1.3513101692148741,-6.726726391832855,130,0.005817307692307692,0.07680555555555556,0.10504042210362588,0.006345447545956082
2nd_avenue/south_to_north/026_n00071_N_R.jpg,n00071,33.91435157168087,measured,16.957175785840434,1.6889364144899617,-8.386713487703329,162,0.011955589849108368,0.028382201646090535,0.15500417570886152,0.012500349269328564
east_39th_street/west_to_east/022_n00523_E_L.jpg,n00523,19.838687456186523,measured,9.919343728093262,2.885640865609609,-14.145810702679924,277,0.02886331728840754,0.1505816285599679,0.15708465667601157,0.01807585198431548
east_42nd_street/west_to_east/045_n00685_E_L.jpg,n00685,30.685585012929646,measured,15.342792506464823,1.8665281886040745,-9.254611211388493,179,0.0,0.0,0.1039778671907259,0.008587756635341089
Park_Ave_East/north_to_south/015_n00137_S_L.jpg,n00137,43.06813629992968,measured,21.53406814996484,1.3301129622391274,-6.622114859516083,127,0.005222003499562555,0.03431758530183727,0.12452538179018383,0.009568427294544258
lexington_avenue/south_to_north/012_n00700_N_L.jpg,n00700,21.75741534281927,measured,10.878707671409636,2.6315389462981873,-12.94224569022055,253,0.0076663372859025036,0.023671497584541065,0.005369045734102036,0.001885278220185594
2nd_avenue/north_to_south/031_n00049_S_R.jpg,n00049,30.561831914521875,measured,15.280915957260937,1.8740808857800657,-9.291433358364733,180,0.005300925925925926,0.02131172839506173,0.06775281666309636,0.007639296369772214
madison_avenue/south_to_north/024_n00746_N_L.jpg,n00746,23.15890754830417,measured,11.579453774152086,2.472491836208085,-12.183139673205904,238,0.005966970121381886,0.0132703081232493,0.0017649743403466615,0.0007936175299052161
Park_Ave_East/south_to_north/003_n00116_N_R.jpg,n00116,42.5278663131279,measured,21.26393315656395,1.347004404820417,-6.705480247432261,130,0.035576923076923075,0.13490918803418803,0.2106388989788917,0.015799392116137484
east_35th_street/east_to_west/004_n00357_W_L.jpg,n00357,40.44458550787321,measured,20.222292753936603,1.416360371532959,-7.047486781182073,136,0.002736928104575163,0.02100183823529412,0.2310509746942729,0.00730826666169928
east_42nd_street/east_to_west/020_n00669_W_R.jpg,n00669,31.14932320894514,measured,15.57466160447257,1.8387593113724412,-9.119164442205445,176,0.001672979797979798,0.01357717803030303,0.0013850469262746779,0.00018278428194882972
east_41st_street/west_to_east/021_n00615_E_L.jpg,n00615,18.824891478254983,measured,9.412445739127492,3.040760003333,-14.874653393803323,292,0.001943017503805175,0.004570966514459665,0.0007559740578265824,0.0003271489377555487
3rd_avenue/south_to_north/007_n00086_N_L.jpg,n00086,30.07005303899017,measured,15.035026519495085,1.904708034373456,-9.440675479536202,182,0.00908882783882784,0.03853403540903541,0.08943506850335764,0.007328446667349682
Park_Ave_West/south_to_north/031_n00239_N_R.jpg,n00239,43.77901871827648,measured,21.88950935913824,1.3085221983385353,-6.515517304402697,126,0.0049548059964726636,0.04066909171075838,0.005315103026690386,0.0007063001977640553
east_36th_street/west_to_east/004_n00364_E_R.jpg,n00364,20.10191121421431,measured,10.050955607107156,2.8479175622047856,-13.967876289577463,274,0.016681873479318734,0.10103913219789132,0.13099850667958188,0.007651714834787846
east_41st_street/west_to_east/029_n00623_E_L.jpg,n00623,28.553675442326032,measured,14.276837721163016,2.00577932512557,-9.932294246071347,193,0.003950777202072539,0.02476252158894646,0.10753342895551396,0.006267832139608384
east_41st_street/east_to_west/034_n00607_W_L.jpg,n00607,21.425458479065743,measured,10.712729239532871,2.672252231375819,-13.135864411512019,257,0.003229031560743623,0.020606355382619974,0.003723987196562569,0.0007753779094135069
east_34th_street/east_to_west/027_n00287_W_L.jpg,n00287,29.411445794315497,measured,14.705722897157749,1.947327471163239,-9.648147964490446,187,0.0010769459298871063,0.006873885918003565,0.0662913185615692,0.004845529818286811
lexington_avenue/south_to_north/015_n00703_N_L.jpg,n00703,22.961684650320947,measured,11.480842325160474,2.4937019109283223,-12.28461854197137,240,0.016412037037037037,0.03361979166666667,0.09723774530349176,0.011082315795356115
Park_Ave_Tunnel_Segment/east_to_west/043_n00176_W_L.jpg,n00176,42.39835319720633,measured,21.199176598603167,1.35111754025293,-6.7257759313581404,130,0.00920940170940171,0.12473824786324786,0.13880040732565252,0.008656834346990541
east_34th_street/east_to_west/025_n00289_W_R.jpg,n00289,30.59080836847781,measured,15.295404184238905,1.8723069689633318,-9.282785534471927,180,0.0,0.0,0.015152855781261158,0.0026272815048695906
madison_avenue/north_to_south/030_n00727_S_R.jpg,n00727,23.62511744101281,measured,11.812558720506406,2.4237593098583337,-11.949699526642286,233,0.0035497138769670956,0.020061397234144015,0.0027611680808193703,0.0005603832338303824
3rd_avenue/north_to_south/029_n00085_S_R.jpg,n00085,30.760089905290123,measured,15.380044952645061,1.8620104037187075,-9.232581828742731,179,0.014602731222842955,0.06267846058348851,0.052275140406270085,0.006831319989692674
3rd_avenue/south_to_north/021_n00100_N_R.jpg,n00100,30.03688324858489,measured,15.018441624292445,1.906809855392264,-9.45091285901168,184,0.012281099033816426,0.039662590579710146,0.11737118171008472,0.006458766039223722
east_35th_street/east_to_west/016_n00345_W_R.jpg,n00345,20.2860243932812,measured,10.1430121966406,2.822112227946792,-13.846004893116593,271,0.004984112341123411,0.0301429889298893,0.27215881043523615,0.012253532277142884
east_36th_street/east_to_west/018_n00390_W_R.jpg,n00390,19.81879437608724,measured,9.90939718804362,2.8885324197352693,-14.159438716893506,277,0.0,0.0,0.04286854123396078,0.002946280824958631
east_36th_street/west_to_east/020_n00380_E_L.jpg,n00380,18.52563157160193,measured,9.262815785800965,3.089785502779377,-15.104038798225844,296,0.006428303303303303,0.022454485735735736,0.03310956811683292,0.0027945427055488807
east_40th_street/east_to_west/028_n00567_W_R.jpg,n00567,18.365182864840644,measured,9.182591432420322,3.1167266402476477,-15.229892427879633,300,0.0004930555555555556,0.0022407407407407406,0.0024087941360008197,0.000672149418971068
madison_avenue/north_to_south/011_n00746_S_L.jpg,n00746,23.15890754830417,measured,11.579453774152086,2.472491836208085,-12.183139673205904,238,0.0003297152194211018,0.0003530578898225957,0.005617415034414671,0.0012911322845939627
Park_Ave_West/south_to_north/020_n00228_N_R.jpg,n00228,42.98256168213674,measured,21.49128084106837,1.3327601496290213,-6.635181482703927,128,0.010926649305555555,0.7428656684027778,0.1420113566862568,0.005648849273985489
east_35th_street/east_to_west/030_n00331_W_R.jpg,n00331,18.92990496545854,measured,9.46495248272927,3.023922807091856,-14.795765599680776,290,0.005148467432950192,0.028795498084291188,0.06386118018882277,0.006768839587582777
east_41st_street/west_to_east/011_n00605_E_R.jpg,n00605,21.7951738491992,measured,10.8975869245996,2.626986394156581,-12.920577279417572,252,0.00933366402116402,0.04632109788359788,0.0076447294482165536,0.0016780450852372393
tudor_city_place/south_to_north/001_n00757_N_L.jpg,n00757,27.021989072658258,measured,13.510994536329129,2.1193719346933477,-10.483128936794225,204,0.007792075163398693,0.11984272875816994,0.16323801297205554,0.006719782384676002
east_39th_street/east_to_west/005_n00544_W_R.jpg,n00544,23.27136039314287,measured,11.635680196571435,2.460558877257255,-12.1260140973429,236,0.0007209274952919021,0.002062735404896422,0.1789931574257764,0.003668880258055703
Park_Ave_East/north_to_south/026_n00126_S_L.jpg,n00126,42.76353110959255,measured,21.381765554796274,1.3395839341372837,-6.6688608866071375,128,0.03518337673611111,0.13621419270833332,0.1568964393156184,0.010299952499371315
madison_avenue/north_to_south/022_n00735_S_L.jpg,n00735,27.06043924890219,measured,13.530219624451094,2.116363259599212,-10.468562985812799,203,0.00678024083196497,0.05113916256157636,0.16251307819596958,0.00747048286096597
Tunnel_Exit_Street/north_to_south/008_n00259_S_L.jpg,n00259,13.96929835677896,measured,6.98464917838948,4.094565617449972,-19.6936996731668,394,0.007991398759165257,0.14296037789058094,0.08680196584301197,0.007525589799472836
Park_Ave_East/south_to_north/011_n00124_N_L.jpg,n00124,42.32906782493106,measured,21.16453391246553,1.3533282644865239,-6.736683764951142,130,0.017927350427350427,0.6221367521367521,0.5612697749903918,0.00819912163718134
Tunnel_Exit_Street/south_to_north/012_n00257_N_L.jpg,n00257,13.974288325132214,measured,6.987144162566107,4.093108491589529,-19.6872080782531,394,0.0,0.0,0.0,0.0
Tunnel_Exit_Street/south_to_north/017_n00262_N_L.jpg,n00262,14.059531274255225,measured,7.029765637127612,4.068375555750317,-19.576944558955766,391,0.0023728331912475135,0.008187695368002273,0.0022446375515754375,0.0007090167369862248
east_37th_street/west_to_east/002_n00409_E_R.jpg,n00409,19.55960710532292,measured,9.77980355266146,2.926742679309285,-14.339377720196174,281,0.00563216686437327,0.05918347172795571,0.14061854821934736,0.007865545279275755
Park_Ave_West/north_to_south/034_n00212_S_L.jpg,n00212,42.85924820236325,measured,21.429624101181624,1.33659334237324,-6.654101096654383,128,0.005023871527777778,0.8138509114583333,0.34586364187428015,0.006347745044553555
east_36th_street/east_to_west/029_n00379_W_R.jpg,n00379,18.41682371248436,measured,9.20841185624218,3.1080044838415266,-15.18916319732707,299,0.005602006688963211,0.039738944630248976,0.12187753220263209,0.008125944967572284
Park_Ave_Tunnel_Segment/west_to_east/028_n00157_E_L.jpg,n00157,12.871581175828958,measured,6.435790587914479,4.442416107301257,-21.2287918463122,427,0.003820257611241218,0.0427123991673172,0.03149904843511818,0.001958624779184169
east_41st_street/east_to_west/002_n00639_W_L.jpg,n00639,18.749204663037982,measured,9.374602331518991,3.053011772381584,-14.93202227365182,293,0.010904910883579826,0.08381209708001516,0.06387553903899708,0.007047090819339276
east_37th_street/west_to_east/037_n00444_E_R.jpg,n00444,45.445738347167705,measured,22.722869173583852,1.2605480069174937,-6.278505277683959,121,0.0,0.09442722681359045,0.03242305984768753,0.002409182213032558
east_39th_street/east_to_west/045_n00504_W_R.jpg,n00504,18.63113193122416,measured,9.31556596561208,3.0723229452660843,-15.022387247161635,295,0.0207909604519774,0.10402777777777777,0.049616036584797935,0.006806871136693149
madison_avenue/south_to_north/015_n00737_N_R.jpg,n00737,22.363908628276256,measured,11.181954314138128,2.560269765547192,-12.602620989071319,246,0.01726513098464318,0.08947888437217706,0.045603708153653666,0.004667014383687104
Tunnel_Exit_Street/north_to_south/016_n00251_S_L.jpg,n00251,14.715540647639834,measured,7.357770323819917,3.8875790187260657,-18.76657158133801,373,0.006707998212689902,0.05747877569258266,0.01251470811950289,0.001600429678889541
east_38th_street/west_to_east/006_n00460_E_L.jpg,n00460,20.85886940271961,measured,10.429434701359805,2.744729033802644,-13.479814688376633,264,0.012720959595959596,0.0872974537037037,0.21650313100549207,0.010344193280989504
lexington_avenue/south_to_north/011_n00699_N_L.jpg,n00699,21.936293353096943,measured,10.968146676548471,2.610110038819214,-12.840220878468777,251,0.006880810092961488,0.01909030544488712,0.0030665847047975634,0.0011653953263106914
east_37th_street/east_to_west/029_n00426_W_L.jpg,n00426,20.900624134664618,measured,10.450312067332309,2.7392540444404525,-13.453865016371122,263,0.006300168990283059,0.06128802281368821,0.1250314342395708,0.007056792745132738
east_37th_street/west_to_east/020_n00427_E_L.jpg,n00427,21.02450547385561,measured,10.512252736927804,2.7231380812429973,-13.377449348517779,262,0.016555343511450382,0.13573208227311281,0.15476900102762797,0.00994330970720364
3rd_avenue/south_to_north/021_n00100_N_L.jpg,n00100,30.03688324858489,measured,15.018441624292445,1.906809855392264,-9.45091285901168,184,0.004045893719806763,0.006487771739130435,0.006137050179912512,0.002379300281588694
east_39th_street/east_to_west/008_n00541_W_R.jpg,n00541,19.02744893794992,measured,9.51372446897496,3.008449256205578,-14.72321845576729,289,0.0031910803537101113,0.01976163014225298,0.011440122818619005,0.0012329207298331889
Park_Ave_Tunnel_Segment/west_to_east/007_n00164_E_L.jpg,n00164,42.70278926537514,measured,21.35139463268757,1.3414887063436458,-6.6782612696577965,128,0.010237630208333333,0.5248806423611111,0.43105927954275214,0.008156214976047885
Park_Ave_Tunnel_Segment/east_to_west/036_n00190_W_L.jpg,n00190,43.25046111732943,measured,21.625230558664715,1.3245077958535654,-6.5944453436820485,127,0.008316929133858267,0.42507108486439193,0.08699872089810338,0.004038329592270747
east_36th_street/west_to_east/010_n00370_E_L.jpg,n00370,20.434867318640315,measured,10.217433659320157,2.8015894730450777,-13.74899415152906,269,0.013328686493184635,0.1496669764560099,0.12440585406440836,0.0048071101921447
3rd_avenue/south_to_north/013_n00092_N_L.jpg,n00092,29.60674601476054,measured,14.80337300738027,1.934491762554523,-9.58568894082069,186,0.006604689366786141,0.021191756272401434,0.040417058624468725,0.005121452587852879
east_38th_street/west_to_east/038_n00492_E_R.jpg,n00492,18.0499580093351,measured,9.02497900466755,3.171047089168159,-15.483208041843337,305,0.0011543715846994535,0.0014526411657559198,0.20319946228046482,0.007363761677237885
east_35th_street/west_to_east/018_n00331_E_L.jpg,n00331,18.92990496545854,measured,9.46495248272927,3.023922807091856,-14.795765599680776,290,0.005651340996168582,0.06074712643678161,0.2799226795321964,0.009653416164494987
lexington_avenue/north_to_south/013_n00710_S_L.jpg,n00710,23.46213476729044,measured,11.73106738364522,2.4405759703329912,-12.03029923893824,234,0.006015550807217474,0.03116690408357075,0.019933964812279378,0.003393733642553112
Park_Ave_West/south_to_north/008_n00216_N_R.jpg,n00216,43.286219172788975,measured,21.643109586394488,1.3234140303668764,-6.589045700003644,127,0.024956255468066492,0.405495406824147,0.5110182830851193,0.009112048705219792
east_42nd_street/east_to_west/029_n00660_W_R.jpg,n00660,30.920893832085003,measured,15.460446916042502,1.852333793030482,-9.1853883749329,178,0.0005461922596754058,0.004572409488139825,0.0007668402147152601,0.0002173231377735555
east_37th_street/east_to_west/027_n00428_W_R.jpg,n00428,21.32924054393657,measured,10.664620271968285,2.6842893860504775,-13.193053294841016,258,0.0037548449612403102,0.009385766580534022,0.08067578181998813,0.004871919056445028
east_35th_street/east_to_west/028_n00333_W_R.jpg,n00333,18.967365566610464,measured,9.483682783305232,3.017961602294892,-14.76782220970526,290,0.008117816091954022,0.025227490421455938,0.23737313761832468,0.011478154367729377
3rd_avenue/south_to_north/005_n00084_N_L.jpg,n00084,30.75963754518664,measured,15.37981877259332,1.8620377677042577,-9.23271526751073,179,0.007444909993792675,0.03356610800744879,0.030580082023961428,0.004332880059360263
lexington_avenue/south_to_north/031_n00719_N_R.jpg,n00719,23.356732151207154,measured,11.678366075603577,2.451576222073073,-12.08299676094995,235,0.00484338061465721,0.012597517730496454,0.0016543723863011912,0.0006360582550193883
madison_avenue/north_to_south/002_n00755_S_L.jpg,n00755,27.40508599875777,measured,13.702542999378885,2.089771593512691,-10.339767433252868,200,0.00037152777777777775,0.0012569444444444444,0.00025884738016957414,0.0001249608042197944
madison_avenue/north_to_south/026_n00731_S_R.jpg,n00731,24.629470513205845,measured,12.314735256602923,2.325032789106153,-11.475598921204746,223,0.002955281514698555,0.00689773293472845,0.0008595906253007597,0.00036828510311982885
Park_Ave_Tunnel_Segment/west_to_east/036_n00177_E_R.jpg,n00177,12.176557759964016,measured,6.088278879982008,4.694880818703787,-22.324282841873927,451,0.0,0.0,0.0,0.0
east_38th_street/west_to_east/013_n00467_E_L.jpg,n00467,18.204710847626544,measured,9.102355423813272,3.144145274558907,-15.357828882844986,302,0.00875873804267844,0.07729718543046357,0.07133205112682046,0.005465676915004921
east_37th_street/east_to_west/022_n00433_W_L.jpg,n00433,18.125926478038743,measured,9.062963239019371,3.1577837097642516,-15.421410563237709,304,0.002597313596491228,0.013230994152046784,0.007981192234733826,0.0013423584527834436
east_34th_street/west_to_east/042_n00308_E_L.jpg,n00308,30.63024891322914,measured,15.31512445661457,1.8698978357672549,-9.271040382951629,180,0.009521604938271606,0.04710648148148148,0.056929736324941554,0.0051536629814871735
east_35th_street/west_to_east/034_n00347_E_R.jpg,n00347,18.106156915120565,measured,9.053078457560282,3.1612246087173728,-15.43744597903886,304,0.006992415935672514,0.07817297149122807,0.02532474286015877,0.0033475524757762315
east_41st_street/west_to_east/001_n00595_E_L.jpg,n00595,20.73092293809939,measured,10.365461469049695,2.761642722798483,-13.559945965160349,265,0.0,0.0,0.0,0.0
east_35th_street/east_to_west/038_n00323_W_L.jpg,n00323,18.07707644317877,measured,9.038538221589384,3.166299710488843,-15.461092842904804,305,0.015462204007285974,0.13081056466302368,0.27793572512969533,0.010455183312066713
east_41st_street/east_to_west/046_n00595_W_R.jpg,n00595,20.73092293809939,measured,10.365461469049695,2.761642722798483,-13.559945965160349,265,0.006022012578616352,0.015545073375262055,0.04636472721289285,0.00684257422361309
east_41st_street/west_to_east/035_n00629_E_L.jpg,n00629,18.568102199619453,measured,9.284051099809727,3.0827319151159043,-15.071064801178737,296,0.0012621996996996997,0.004518581081081081,0.01174243482634329,0.0027580634645654623
east_35th_street/east_to_west/025_n00336_W_L.jpg,n00336,18.63220640456566,measured,9.31610320228283,3.0721461113843724,-15.021560099619554,295,0.010567325800376648,0.033846516007532954,0.3184324426704454,0.012469826037411426
east_39th_street/east_to_west/021_n00528_W_L.jpg,n00528,18.74257146639625,measured,9.371285733198125,3.0540902207700524,-14.93707070328066,294,0.0008432539682539683,0.0024211073318216175,0.01764979996362975,0.0028671879735709524
3rd_avenue/south_to_north/011_n00090_N_L.jpg,n00090,30.05573836445975,measured,15.027869182229875,1.9056145227671275,-9.445090801313956,184,0.011277173913043479,0.025147192028985507,0.0116780140390747,0.002576443413711848
east_41st_street/west_to_east/032_n00626_E_L.jpg,n00626,23.39298667241832,measured,11.69649333620916,2.447781386823429,-12.064819563236737,235,0.0010963356973995272,0.0018055555555555555,0.0018321116668374206,0.000456766666356205
east_36th_street/east_to_west/030_n00378_W_L.jpg,n00378,25.200451140673977,measured,12.600225570336988,2.272409093837944,-11.222262263043927,218,0.004335499490316004,0.052255351681957184,0.03773117748780662,0.0017381970251567054
Tunnel_Exit_Street/south_to_north/008_n00253_N_R.jpg,n00253,13.362063824715284,measured,6.681031912357642,4.279965295405139,-20.515532108491684,412,0.001978829557713053,0.00340648597626753,0.007522097106187189,0.0014677073340349767
Park_Ave_East/north_to_south/032_n00120_S_L.jpg,n00120,42.70202718283907,measured,21.351013591419534,1.3415126384985552,-6.678379376813019,128,0.01572808159722222,0.07520073784722223,0.03593748544711131,0.005265429166627859
madison_avenue/south_to_north/023_n00745_N_L.jpg,n00745,23.1370532066962,measured,11.5685266033481,2.4748243514528925,-12.194303163314647,238,4.96031746031746e-05,0.0025093370681605978,0.00033374624729510307,6.597309539554363e-06
east_35th_street/west_to_east/028_n00341_E_R.jpg,n00341,17.60388493322924,measured,8.80194246661462,3.251229480808065,-15.856042320754444,312,0.005241720085470085,0.029191150284900286,0.19606078528163526,0.011636489796678681
east_41st_street/east_to_west/032_n00609_W_L.jpg,n00609,18.744828905823685,measured,9.372414452911842,3.053723112911831,-14.935352224486554,294,0.0010062358276643991,0.0015660430839002269,0.0002572950720426202,0.00016532081552059758
Park_Ave_Tunnel_Segment/east_to_west/036_n00190_W_R.jpg,n00190,43.25046111732943,measured,21.625230558664715,1.3245077958535654,-6.5944453436820485,127,0.026241251093613298,0.1456036745406824,0.03270286338757098,0.00525999608818352
east_35th_street/east_to_west/025_n00336_W_R.jpg,n00336,18.63220640456566,measured,9.31610320228283,3.0721461113843724,-15.021560099619554,295,0.008135593220338983,0.030369585687382298,0.24888117391749792,0.009852499681776834
Tunnel_Exit_Street/south_to_north/016_n00261_N_L.jpg,n00261,14.008230597225667,measured,7.004115298612834,4.083224379917562,-19.64316042167799,392,0.0011940192743764171,0.006586592970521542,0.001779721267552724,0.000410973576611063
east_41st_street/east_to_west/018_n00623_W_R.jpg,n00623,28.553675442326032,measured,14.276837721163016,2.00577932512557,-9.932294246071347,193,0.014525762809441565,0.06351827864133563,0.13351673853853294,0.01091893536499421
east_39th_street/west_to_east/035_n00536_E_R.jpg,n00536,18.06043605963045,measured,9.030218029815225,3.1692111068669147,-15.474655834336643,305,0.005013661202185792,0.0516712204007286,0.03694299303634574,0.0030161346906715596
east_35th_street/west_to_east/007_n00320_E_L.jpg,n00320,18.34827043680856,measured,9.17413521840428,3.1195937960124707,-15.243277687595853,300,0.006847222222222222,0.03500462962962963,0.1556111281865005,0.010383000984163353
Park_Ave_Tunnel_Segment/west_to_east/044_n00193_E_R.jpg,n00193,12.926999572831534,measured,6.463499786415767,4.423447097172861,-21.145840210864588,426,0.0,7.172665623369848e-05,1.7075389396493645e-05,0.0
east_40th_street/west_to_east/018_n00566_E_R.jpg,n00566,18.33106538284526,measured,9.16553269142263,3.1225159730526686,-15.256918134739841,300,0.01580324074074074,0.0711087962962963,0.16528239589445545,0.011705567508328133
east_39th_street/east_to_west/030_n00519_W_L.jpg,n00519,17.670532268798084,measured,8.835266134399042,3.238993089034934,-15.79922960908942,311,0.001163361914969632,0.006674258663808503,0.008674685890450512,0.000943415264156274
lexington_avenue/north_to_south/019_n00704_S_L.jpg,n00704,22.60826479812093,measured,11.304132399060466,2.5326339132502618,-12.470691941045208,244,0.002800546448087432,0.0037824453551912568,0.09481226385512619,0.009776824660587827
lexington_avenue/north_to_south/023_n00700_S_L.jpg,n00700,21.75741534281927,measured,10.878707671409636,2.6315389462981873,-12.94224569022055,253,0.003414580588493632,0.05445487483530962,0.041005771481616014,0.0030421358517980384
2nd_avenue/south_to_north/032_n00077_N_L.jpg,n00077,34.7823353571647,measured,17.39116767858235,1.6468129675725598,-8.180293297153673,158,0.0045622362869198315,0.009427742616033755,0.02521879783049416,0.004853291358921581
2nd_avenue/south_to_north/005_n00050_N_R.jpg,n00050,30.591586296393384,measured,15.295793148196692,1.8722593910701362,-9.28255358715863,180,0.0019984567901234567,0.17400077160493826,0.09086590851937747,0.0038524406940680096
east_35th_street/west_to_east/014_n00327_E_L.jpg,n00327,20.62807916951646,measured,10.31403958475823,2.7753897503239133,-13.62503657596477,266,0.017823203842940685,0.11877088554720133,0.19474481606701002,0.01091117382435944
east_41st_street/west_to_east/020_n00614_E_R.jpg,n00614,18.86133112504846,measured,9.43066556252423,3.0348963195889542,-14.847186362134236,292,0.0031202435312024353,0.005576959665144597,0.0023567918137478616,0.0008401867737138351
3rd_avenue/south_to_north/022_n00101_N_L.jpg,n00101,41.37861082389195,measured,20.689305411945973,1.3844019360158406,-6.889952811856133,133,0.004203216374269006,0.016160192147034253,0.04175359592177609,0.004783049416176913
east_38th_street/east_to_west/017_n00485_W_L.jpg,n00485,21.31220536736052,measured,10.65610268368026,2.6864318382786747,-13.203229466099053,258,0.0006136950904392764,0.02005813953488372,0.1418984262700209,0.007577980198757533
east_39th_street/east_to_west/024_n00525_W_R.jpg,n00525,17.99136450728315,measured,8.995682253641576,3.181353239983137,-15.531202655035534,306,0.0022671568627450982,0.02700617283950617,0.041664726281507976,0.004014268816302961
Park_Ave_East/south_to_north/030_n00143_N_L.jpg,n00143,48.39368628883891,measured,24.196843144419454,1.1837830716130877,-5.898827390406724,114,0.0006091617933723197,0.0020467836257309943,0.0001303938826641333,3.8807703173849195e-05
east_34th_street/east_to_west/026_n00288_W_L.jpg,n00288,30.68992998597939,measured,15.344964992989695,1.866264118950014,-9.253323641744617,179,0.007565176908752328,0.023351179391682186,0.18654047953902658,0.010526977562938333
Park_Ave_West/south_to_north/013_n00221_N_R.jpg,n00221,42.80775757989018,measured,21.40387878994509,1.338200457915518,-6.662032973180645,128,0.005045572916666667,0.21315646701388888,0.18118967342541625,0.004903353296015846
tudor_city_place/north_to_south/008_n00758_S_R.jpg,n00758,23.70169248919145,measured,11.850846244595726,2.4159379606440146,-11.912197287705833,232,0.019198994252873563,0.20174808429118773,0.2153571395307683,0.011892620637626087
east_35th_street/east_to_west/014_n00347_W_L.jpg,n00347,18.106156915120565,measured,9.053078457560282,3.1612246087173728,-15.43744597903886,304,0.009989491959064328,0.04132172880116959,0.0623422466865983,0.006943474251865098
east_35th_street/west_to_east/020_n00333_E_R.jpg,n00333,18.967365566610464,measured,9.483682783305232,3.017961602294892,-14.76782220970526,290,0.015122126436781609,0.08868295019157088,0.14631939981558578,0.01023941248242011
east_40th_street/east_to_west/024_n00571_W_L.jpg,n00571,18.639369630846925,measured,9.319684815423463,3.0709677267315953,-15.016048001716504,295,0.0004096045197740113,0.007132768361581921,0.011442063203777697,0.0019268024625816126
east_40th_street/east_to_west/014_n00581_W_L.jpg,n00581,25.69089018133021,measured,12.845445090665105,2.229072993593665,-11.013316380714599,214,0.007940680166147455,0.19232866043613708,0.25368867218667435,0.011333789711922658
east_39th_street/west_to_east/039_n00540_E_R.jpg,n00540,27.29100366198371,measured,13.645501830991854,2.098499499761637,-10.38205188911928,202,0.003871012101210121,0.019626650165016503,0.02701287794822121,0.0020843617374674403
east_39th_street/east_to_west/042_n00507_W_R.jpg,n00507,19.4511127600267,measured,9.72555638001335,2.9430388338036337,-14.416035390649345,283,0.0,0.0,0.0,0.0
madison_avenue/south_to_north/028_n00750_N_L.jpg,n00750,23.120383182210105,measured,11.560191591105053,2.476606503258359,-12.202831990007212,238,0.0035393323996265173,0.010299953314659197,0.002201561001052465,0.0007451079009379045
east_37th_street/west_to_east/019_n00426_E_L.jpg,n00426,20.900624134664618,measured,10.450312067332309,2.7392540444404525,-13.453865016371122,263,0.023658639628221376,0.16761459653569918,0.28774747672313966,0.012217441113191204
3rd_avenue/south_to_north/025_n00104_N_L.jpg,n00104,41.19544967263888,measured,20.59772483631944,1.3905547833523229,-6.9202901626061735,133,0.0036810776942355888,0.007926065162907269,0.025684102191548614,0.004413988158993608
Park_Ave_East/north_to_south/019_n00133_S_R.jpg,n00133,42.70428191703111,measured,21.352140958515555,1.341441834142931,-6.67802995132899,128,0.0050347222222222225,0.7625759548611111,0.34298713757486005,0.007757659864452454
east_34th_street/east_to_west/023_n00291_W_R.jpg,n00291,30.76804060386235,measured,15.384020301931175,1.8615295844702584,-9.23023712787424,179,0.004275294847920546,0.010451582867783984,0.04961952927808358,0.00521109838218447
Park_Ave_East/south_to_north/022_n00135_N_R.jpg,n00135,43.29198310410889,measured,21.645991552054443,1.3232378925524326,-6.588176141598048,127,0.022473753280839896,0.055232939632545934,0.1517132824797191,0.014715104889460139
madison_avenue/north_to_south/033_n00724_S_L.jpg,n00724,23.77637124887261,measured,11.888185624436305,2.4083587352460447,-11.875846526235344,232,0.0008351293103448276,0.0012182710727969349,0.00015794735191756624,0.00010827349185503925
east_36th_street/west_to_east/027_n00387_E_R.jpg,n00387,18.299918922695905,measured,9.149959461347953,3.1278199514325107,-15.281672273949745,300,0.006363425925925926,0.046,0.034944784399924246,0.0038640830050201643
east_40th_street/east_to_west/024_n00571_W_R.jpg,n00571,18.639369630846925,measured,9.319684815423463,3.0709677267315953,-15.016048001716504,295,0.013898305084745762,0.06287429378531073,0.2072451653363386,0.013017655952635975
east_42nd_street/east_to_west/037_n00652_W_L.jpg,n00652,30.79203916844071,measured,15.396019584220355,1.8600797732778334,-9.223166985384042,179,0.0001047486033519553,0.0001047486033519553,0.0005444720755291042,0.0002126662133926936
east_39th_street/east_to_west/027_n00522_W_L.jpg,n00522,18.345284635852664,measured,9.172642317926332,3.1201005248122624,-15.245643171354738,300,0.003298611111111111,0.011671296296296296,0.05731626104855309,0.0041504838544431715
Park_Ave_West/south_to_north/023_n00231_N_L.jpg,n00231,43.30983011552503,measured,21.654915057762516,1.3226928095900974,-6.5854851536525905,127,0.012707786526684164,0.11911636045494313,0.07518332758979326,0.005141244516471541
east_41st_street/west_to_east/031_n00625_E_L.jpg,n00625,18.83961471876725,measured,9.419807359383626,3.0383880906113707,-14.86354353861398,292,0.0005636415525114156,0.0006849315068493151,0.000918190257093272,0.0003232681674381638
madison_avenue/south_to_north/019_n00741_N_L.jpg,n00741,23.386292709793608,measured,11.693146354896804,2.448481173610038,-12.068171708056147,235,0.0,0.0,0.0,0.0
Park_Ave_West/north_to_south/031_n00215_S_R.jpg,n00215,42.67063563796373,measured,21.335317818981864,1.3424991892610934,-6.6832480384482285,128,0.012152777777777778,0.05517578125,0.11349856101036632,0.009316565300945977
3rd_avenue/south_to_north/023_n00102_N_L.jpg,n00102,34.01625288231121,measured,17.008126441155603,1.683879843384374,-8.361945454944037,162,0.014073216735253772,0.057055898491083674,0.05984652329548806,0.007281877423541063
east_37th_street/east_to_west/017_n00438_W_R.jpg,n00438,44.28117471735153,measured,22.140587358675766,1.293688407430734,-6.442254920676025,125,0.0,0.0,0.0019085628420899034,0.0003096854713273166
east_34th_street/east_to_west/019_n00295_W_L.jpg,n00295,30.439747988200608,measured,15.219873994100304,1.8815918224101313,-9.328044545041863,181,0.012442449355432782,0.05136970534069982,0.24250235174681234,0.008822931316574615
east_37th_street/west_to_east/005_n00412_E_R.jpg,n00412,22.69277150640676,measured,11.34638575320338,2.523214727503046,-12.425696782236964,242,0.0017561983471074381,0.027599862258953167,0.16751733152023743,0.008830692857209384
east_41st_street/east_to_west/015_n00626_W_L.jpg,n00626,23.39298667241832,measured,11.69649333620916,2.447781386823429,-12.064819563236737,235,0.004884751773049646,0.015871749408983452,0.002513963011601951,0.0008774421687607303
Park_Ave_East/north_to_south/025_n00127_S_R.jpg,n00127,42.40812097225229,measured,21.204060486126146,1.3508064554527035,-6.724240984301819,130,0.0290224358974359,0.13245726495726495,0.08329142101390558,0.0075958317422175035
east_39th_street/west_to_east/046_n00547_E_L.jpg,n00547,19.15432413548025,measured,9.577162067740124,2.9885580113716106,-14.629891212202482,287,0.002289005032907472,0.025638792102206737,0.041152852676644903,0.0014506319446384829
east_42nd_street/east_to_west/026_n00663_W_R.jpg,n00663,30.880945116699497,measured,15.440472558349748,1.8547283669232697,-9.197067991141552,178,0.0026841448189762794,0.013295880149812735,0.0013943607750364017,0.0003387912487077035
east_37th_street/west_to_east/036_n00443_E_R.jpg,n00443,45.535399022630415,measured,22.767699511315207,1.2580667455550893,-6.266241137213428,121,0.0,0.07462121212121212,0.035415909916454776,0.0025675176419818627
east_42nd_street/east_to_west/033_n00656_W_R.jpg,n00656,31.097935250545127,measured,15.548967625272564,1.8417956885647524,-9.13397964501873,176,0.002864583333333333,0.006127683080808081,0.000602683630289878,0.00028174392504214514
east_34th_street/east_to_west/010_n00304_W_R.jpg,n00304,31.27327164605854,measured,15.63663582302927,1.8314765486829236,-9.083625315783955,176,0.0038865214646464645,0.03587042297979798,0.2789466657973741,0.008497722763977759
Park_Ave_East/south_to_north/027_n00140_N_L.jpg,n00140,59.55989703987555,measured,29.779948519937776,0.9618954936800717,-4.798677652365526,92,0.0010945048309178745,0.0010945048309178745,5.627116960208133e-05,5.627116960208133e-05
east_35th_street/east_to_west/034_n00327_W_R.jpg,n00327,20.62807916951646,measured,10.31403958475823,2.7753897503239133,-13.62503657596477,266,0.012325083542188805,0.08483187134502924,0.17761354357794604,0.009566486909385566
east_36th_street/east_to_west/016_n00392_W_R.jpg,n00392,33.508456627242886,measured,16.754228313621443,1.7093827894103966,-8.486832704075349,164,0.0,0.0,0.015287518511274413,0.0020451659572618525
3rd_avenue/north_to_south/022_n00092_S_R.jpg,n00092,29.60674601476054,measured,14.80337300738027,1.934491762554523,-9.58568894082069,186,0.00685110513739546,0.021748058542413382,0.029781031415611874,0.0035117090602016137
east_34th_street/east_to_west/022_n00292_W_R.jpg,n00292,30.390041376522767,measured,15.195020688261383,1.8846671772098573,-9.343032879503099,181,0.006729588704726826,0.014848066298342542,0.030162123060779072,0.005177335680423221
east_37th_street/west_to_east/038_n00445_E_R.jpg,n00445,48.62746346054404,measured,24.31373173027202,1.1780936266674742,-5.8706672402335895,113,0.0,0.1942170599803343,0.06432182762549635,0.002471274538110717
east_38th_street/west_to_east/011_n00465_E_R.jpg,n00465,18.91296744757107,measured,9.456483723785535,3.026625849990102,-14.808433953301959,290,0.010292145593869732,0.0521647509578544,0.3037358623537338,0.010721404155839317
Park_Ave_Tunnel_Segment/east_to_west/048_n00170_W_L.jpg,n00170,42.34888461669468,measured,21.17444230834734,1.352695221658846,-6.733560345273814,130,0.018707264957264956,0.22284722222222222,0.10485453320542315,0.005311610333404739
Park_Ave_East/south_to_north/014_n00127_N_L.jpg,n00127,42.40812097225229,measured,21.204060486126146,1.3508064554527035,-6.724240984301819,130,0.011207264957264958,0.2723824786324786,0.11485217369707017,0.006268220216640122
east_37th_street/east_to_west/036_n00419_W_L.jpg,n00419,20.34377109172945,measured,10.171885545864725,2.814114432020367,-13.808208626394757,270,0.008119855967078189,0.07966563786008231,0.19137436704636124,0.009840081216761202
east_36th_street/west_to_east/016_n00376_E_R.jpg,n00376,20.443687085386166,measured,10.221843542693083,2.80038274235472,-13.743287551947954,269,0.00942792234613796,0.09926166873192896,0.21121170067773773,0.010828125339567403
east_38th_street/west_to_east/015_n00469_E_L.jpg,n00469,17.811688090644356,measured,8.905844045322178,3.2133784033996275,-15.680203686580356,308,0.002369678932178932,0.019678932178932178,0.004258757346298211,0.000695045963843639
3rd_avenue/south_to_north/009_n00088_N_R.jpg,n00088,30.73499935752812,measured,15.36749967876406,1.8635293864549207,-9.239988906648865,179,0.0024868094351334575,0.0042093420235878335,0.002436735682285991,0.0007416152076522582
east_42nd_street/west_to_east/028_n00668_E_R.jpg,n00668,31.08192536060791,measured,15.540962680303956,1.8427437193362322,-9.138605069578082,176,0.014528093434343435,0.058802872474747477,0.006009760913502286,0.0015852946746517398
madison_avenue/south_to_north/013_n00735_N_R.jpg,n00735,27.06043924890219,measured,13.530219624451094,2.116363259599212,-10.468562985812799,203,0.0012246852764094143,0.05038314176245211,0.15874096944747146,0.004323566210598539
east_39th_street/east_to_west/017_n00532_W_L.jpg,n00532,25.890655592983023,measured,12.945327796491512,2.211891208576012,-10.930394980836104,212,0.010030136268343816,0.06318789308176101,0.10278685878032046,0.006034209766501811
east_41st_street/west_to_east/036_n00630_E_L.jpg,n00630,18.46483444353772,measured,9.23241722176886,3.0999390900678825,-15.151487407985337,298,0.003467561521252796,0.012052572706935123,0.029693714083470713,0.003969639957653035
east_39th_street/west_to_east/024_n00525_E_L.jpg,n00525,17.99136450728315,measured,8.995682253641576,3.181353239983137,-15.531202655035534,306,0.018334694989106753,0.07143700072621641,0.07808071070875285,0.009391076091039768
east_38th_street/east_to_west/024_n00478_W_R.jpg,n00478,18.482434690062004,measured,9.241217345031002,3.096992863908963,-15.137721527722006,298,0.0053085384041759885,0.031408463832960476,0.07497764676297186,0.004307655052297261
Park_Ave_Tunnel_Segment/east_to_west/040_n00182_W_L.jpg,n00182,42.82552967493851,measured,21.412764837469254,1.3376453221532432,-6.659293143023282,128,0.014881727430555556,0.19775933159722223,0.13334171579721887,0.008676238198577465
3rd_avenue/north_to_south/005_n00109_S_L.jpg,n00109,30.96309784210208,measured,15.48154892105104,1.8498107391441516,-9.173081294214215,178,0.0019975031210986267,0.0036906991260923843,0.010646893365745527,0.002649789972710423
east_42nd_street/west_to_east/009_n00649_E_L.jpg,n00649,49.5632368143004,measured,24.7816184071502,1.155856849190197,-5.760579279888232,110,0.0,0.0,0.0,0.0
east_38th_street/west_to_east/017_n00471_E_R.jpg,n00471,42.63610554072597,measured,21.318052770362986,1.343586053112327,-6.688611640900097,130,0.0063087606837606836,0.030742521367521366,0.048147165019667745,0.005035299486806933
lexington_avenue/south_to_north/005_n00693_N_R.jpg,n00693,27.481253659140883,measured,13.740626829570441,2.083984649730424,-10.311725159543194,200,0.013791666666666667,0.1310138888888889,0.04812543270589039,0.00431037159151943
east_40th_street/west_to_east/029_n00577_E_L.jpg,n00577,18.740119240312435,measured,9.370059620156217,3.0544891050340417,-14.93893790164906,294,0.002489606953892668,0.012133881330309902,0.007464273628458154,0.0015181573481609805
east_41st_street/east_to_west/046_n00595_W_L.jpg,n00595,20.73092293809939,measured,10.365461469049695,2.761642722798483,-13.559945965160349,265,0.0009512578616352202,0.0011268343815513627,0.00016687312364755153,0.00014087196252107257
Tunnel_Exit_Street/north_to_south/011_n00256_S_L.jpg,n00256,14.21182750854409,measured,7.105913754272045,4.024922247576825,-19.382873238876247,388,0.002627434135166094,0.019682488545246277,0.16106089394320414,0.007127034687877405
2nd_avenue/north_to_south/033_n00047_S_L.jpg,n00047,52.567855900155664,measured,26.283927950077832,1.0898079960601177,-5.433351566852483,104,0.01063034188034188,0.10211672008547008,0.07539909841943987,0.004909562528523662
east_40th_street/east_to_west/045_n00550_W_L.jpg,n00550,18.977545347260325,measured,9.488772673630162,3.016345722147947,-14.760246520098688,290,9.578544061302682e-05,9.578544061302682e-05,0.00027863930878823724,0.000169589662869721
3rd_avenue/north_to_south/023_n00091_S_L.jpg,n00091,29.969197810720395,measured,14.984598905360198,1.9111131958359313,-9.471871398539056,184,0.0008114432367149759,0.006283967391304348,0.04699962123681702,0.00389357685943229
east_39th_street/east_to_west/041_n00508_W_L.jpg,n00508,21.53827588061865,measured,10.769137940309324,2.6582751157154862,-13.069426685216172,256,0.009871419270833333,0.048046875,0.1601628836917613,0.012120421855256582
madison_avenue/north_to_south/009_n00748_S_R.jpg,n00748,22.77757601267673,measured,11.388788006338364,2.5138324750906427,-12.380863216128564,241,0.0029852466574458274,0.00933609958506224,0.0018914874526934097,0.0006376105631463423
east_40th_street/west_to_east/042_n00590_E_R.jpg,n00590,18.979397958479137,measured,9.489698979239568,3.016051835158437,-14.758868642917466,290,0.004743773946360153,0.013544061302681992,0.04560642469287584,0.0025578157161884004
Park_Ave_West/south_to_north/015_n00223_N_R.jpg,n00223,42.83345352577744,measured,21.41672676288872,1.3373979582078261,-6.658072287707935,128,0.009901258680555556,0.6860622829861112,0.3886653565186075,0.004391867768184513
east_42nd_street/east_to_west/012_n00677_W_L.jpg,n00677,30.932302760943337,measured,15.466151380471668,1.8516510624080975,-9.182058197603515,178,0.0025163857677902622,0.005824750312109862,0.0012717284330070382,0.0005153662981487174
east_39th_street/west_to_east/038_n00539_E_L.jpg,n00539,27.307017935360275,measured,13.653508967680137,2.097269928464201,-10.376095595459079,202,0.001021039603960396,0.003864136413641364,0.00043619858367406497,0.00011525887842633211
east_42nd_street/west_to_east/010_n00650_E_R.jpg,n00650,47.31115172038878,measured,23.65557586019439,1.2108614407994973,-6.032815105495155,116,0.003801484674329502,0.004633620689655172,0.0031705893493034795,0.0007777063716039379
Park_Ave_West/north_to_south/023_n00223_S_L.jpg,n00223,42.83345352577744,measured,21.41672676288872,1.3373979582078261,-6.658072287707935,128,0.021896701388888887,0.51103515625,0.37851132098316986,0.00855632239577027
east_39th_street/east_to_west/005_n00544_W_L.jpg,n00544,23.27136039314287,measured,11.635680196571435,2.460558877257255,-12.1260140973429,236,0.019032485875706214,0.11229402071563088,0.1284038236453783,0.012417300784536527
Park_Ave_East/north_to_south/038_n00114_S_R.jpg,n00114,57.136787587131394,measured,28.568393793565697,1.0026802839380595,-5.001173114624858,96,0.01105324074074074,0.030598958333333332,0.0017401374103153979,0.0006154901723372482
madison_avenue/north_to_south/032_n00725_S_L.jpg,n00725,23.62693445385208,measured,11.81346722692604,2.423573134614969,-11.948806958804678,233,0.0,0.0,0.10425146149810152,0.005210322228120993
east_39th_street/east_to_west/035_n00514_W_L.jpg,n00514,18.514910084897707,measured,9.257455042448854,3.091571244694309,-15.112385201235389,298,0.003619034302759135,0.00562313571961223,0.04940919152688132,0.0062930571466713854
east_34th_street/east_to_west/004_n00310_W_R.jpg,n00310,30.94010301882585,measured,15.470051509412926,1.8511845705830523,-9.179782740767376,178,0.0068156991260923845,0.027063826466916355,0.05218782307412892,0.006961713872356807
Park_Ave_Tunnel_Segment/east_to_west/049_n00168_W_L.jpg,n00168,43.34292831029962,measured,21.67146415514981,1.3216831129380813,-6.580500367807303,127,0.027794181977252842,0.4027613735783027,0.3739067870015927,0.007599324435503149
lexington_avenue/north_to_south/024_n00699_S_R.jpg,n00699,21.936293353096943,measured,10.968146676548471,2.610110038819214,-12.840220878468777,251,0.002135900841080124,0.016957171314741035,0.011487856293522839,0.001419973859131142
madison_avenue/south_to_north/033_n00755_N_R.jpg,n00755,27.40508599875777,measured,13.702542999378885,2.089771593512691,-10.339767433252868,200,0.0007986111111111112,0.0008506944444444444,9.507887277593053e-05,8.925771729985316e-05
east_39th_street/east_to_west/046_n00503_W_R.jpg,n00503,18.596685509144507,measured,9.298342754572253,3.0780028403014854,-15.048951918228648,295,0.0011958568738229755,0.0024858757062146894,0.04412629889382523,0.005990357061915362
east_42nd_street/east_to_west/023_n00666_W_R.jpg,n00666,36.211176107843976,measured,18.105588053921988,1.5818657978643667,-7.861628020371647,152,0.009804459064327486,0.04685215643274854,0.012703313556927796,0.0025434568660140764
lexington_avenue/north_to_south/005_n00718_S_R.jpg,n00718,23.400174772064005,measured,11.700087386032003,2.4470303879357815,-12.061222010924277,235,0.0005319148936170213,0.0022310874704491728,0.0006965982719705931,0.0002468169921856809
Park_Ave_Tunnel_Segment/west_to_east/012_n00172_E_R.jpg,n00172,42.418535189944265,measured,21.209267594972133,1.350474940417109,-6.722605220634924,130,0.019903846153846154,0.05580662393162393,0.09667037668309009,0.008060359949208479
east_42nd_street/east_to_west/030_n00659_W_R.jpg,n00659,30.930666224339788,measured,15.465333112169894,1.8517489647639305,-9.18253574279022,178,0.0,0.0,0.0,0.0
madison_avenue/south_to_north/020_n00742_N_R.jpg,n00742,23.5029458090301,measured,11.75147290451505,2.436343210555131,-12.010016609094837,234,0.0,0.0,0.0005068286034504705,0.000290281619740392
madison_avenue/north_to_south/005_n00752_S_R.jpg,n00752,27.414271454583304,measured,13.707135727291652,2.0890720128654507,-10.33637767211579,200,0.006024305555555555,0.013065972222222222,0.016190961841161623,0.002979267372656403
east_38th_street/east_to_west/042_n00460_W_R.jpg,n00460,20.85886940271961,measured,10.429434701359805,2.744729033802644,-13.479814688376633,264,0.028477483164983164,0.19388152356902358,0.305945184895421,0.015084942300706922
Park_Ave_West/north_to_south/036_n00210_S_L.jpg,n00210,42.72116045728099,measured,21.360580228640494,1.340912042545837,-6.675415369791776,128,0.0017306857638888888,0.063037109375,0.019475257760764482,0.002309058338844027
Park_Ave_West/north_to_south/035_n00211_S_L.jpg,n00211,42.74679473545633,measured,21.373397367728163,1.3401082214881233,-6.671448370661244,128,0.022395833333333334,0.42335069444444445,0.3068633751525143,0.010768749553711413
east_41st_street/west_to_east/011_n00605_E_L.jpg,n00605,21.7951738491992,measured,10.8975869245996,2.626986394156581,-12.920577279417572,252,0.0,0.0,0.0,0.0
east_34th_street/east_to_west/035_n00279_W_L.jpg,n00279,34.011497058887954,measured,17.005748529443977,1.6841151645090735,-8.363098168959581,162,0.0,0.0,0.1940618004911503,0.01017227515592935
east_42nd_street/east_to_west/026_n00663_W_L.jpg,n00663,30.880945116699497,measured,15.440472558349748,1.8547283669232697,-9.197067991141552,178,0.0021769662921348313,0.013912297128589263,0.0014677073340349767,0.0002697135370582519
east_35th_street/west_to_east/019_n00332_E_L.jpg,n00332,18.83218030806575,measured,9.416090154032876,3.039585311257138,-14.869151364116593,292,0.0032748287671232877,0.03582810121765601,0.1606219788203079,0.007981968388797302
lexington_avenue/north_to_south/020_n00703_S_L.jpg,n00703,22.961684650320947,measured,11.480842325160474,2.4937019109283223,-12.28461854197137,240,0.013935185185185186,0.0539525462962963,0.07315446086786442,0.007982744542860779
lexington_avenue/north_to_south/022_n00701_S_R.jpg,n00701,23.175904570735405,measured,11.587952285367702,2.4706807783759657,-12.174471273662949,238,0.004239612511671335,0.015683356676003735,0.002290818718352318,0.0006182067115594177
east_35th_street/east_to_west/019_n00342_W_L.jpg,n00342,18.386324840945857,measured,9.193162420472929,3.1131498475764188,-15.213191957487583,299,0.0025199739873652915,0.02022250092902267,0.15674586542730387,0.008363060033964502
east_35th_street/west_to_east/017_n00330_E_L.jpg,n00330,18.87827221982476,measured,9.43913610991238,3.0321779309952337,-14.834450448949138,292,0.004589992389649924,0.07057172754946728,0.03892723089962465,0.002341268732478322
east_35th_street/west_to_east/004_n00317_E_R.jpg,n00317,21.760173991767715,measured,10.880086995883858,2.6312058014782282,-12.940660170289881,253,8.234519104084322e-05,0.006422924901185771,0.0455132862052586,0.0024196602928894975
east_38th_street/east_to_west/022_n00480_W_L.jpg,n00480,35.29505456324018,measured,17.64752728162009,1.6229031656006216,-8.06303493954988,156,0.0010683760683760685,0.016475249287749287,0.029247813574003186,0.0033025355400945664
east_41st_street/east_to_west/014_n00627_W_L.jpg,n00627,18.79304623155779,measured,9.396523115778894,3.045902946480789,-14.898738777244898,293,0.004650170648464164,0.0362793894577171,0.14724768007550426,0.011565083622838798
madison_avenue/south_to_north/020_n00742_N_L.jpg,n00742,23.5029458090301,measured,11.75147290451505,2.436343210555131,-12.010016609094837,234,0.0,0.0,0.0006290728684480955,0.00020800928901183169
tudor_city_place/north_to_south/006_n00760_S_L.jpg,n00760,40.735210104575465,measured,20.367605052287733,1.4062594471334655,-6.997706893098227,136,0.012382557189542483,0.030693423202614378,0.08680545853629762,0.006820065755772257
east_42nd_street/west_to_east/037_n00677_E_R.jpg,n00677,30.932302760943337,measured,15.466151380471668,1.8516510624080975,-9.182058197603515,178,0.014083957553058676,0.12079041822721598,0.06674730907386192,0.005761003536157913
Park_Ave_Tunnel_Segment/west_to_east/020_n00186_E_R.jpg,n00186,42.74361900697022,measured,21.37180950348511,1.3402077513787842,-6.671939571625258,128,0.012190755208333333,0.7167914496527777,0.2659565633139916,0.010515335251986179
east_41st_street/west_to_east/004_n00598_E_R.jpg,n00598,18.41845225537108,measured,9.20922612768554,3.107730215589713,-15.187882222190769,299,0.0003042549238201412,0.0016977889260497956,0.00028368431020083765,5.083809115774245e-05
3rd_avenue/north_to_south/020_n00094_S_R.jpg,n00094,33.56116829335441,measured,16.780584146677207,1.706699596677774,-8.473696827535013,164,0.012542344173441734,0.07655403116531165,0.0589667526645369,0.007115004299893511
east_37th_street/east_to_west/011_n00444_W_R.jpg,n00444,45.445738347167705,measured,22.722869173583852,1.2605480069174937,-6.278505277683959,121,0.028489439853076216,0.1815082644628099,0.34548208481190684,0.01413570588107457
Park_Ave_Tunnel_Segment/west_to_east/004_n00158_E_R.jpg,n00158,42.857823712141226,measured,21.428911856070613,1.3366377513812817,-6.654320279450468,128,0.01140407986111111,0.40863172743055554,0.3274574589957808,0.0073532835973809454
east_37th_street/west_to_east/014_n00421_E_L.jpg,n00421,17.72488468210195,measured,8.862442341050976,3.2290819397221204,-15.75319045763077,311,0.006330385852090032,0.02874017506252233,0.04704192163327652,0.009054225227490756
east_39th_street/east_to_west/040_n00509_W_R.jpg,n00509,19.06009944712966,measured,9.53004972356483,3.003305137263498,-14.69909020158544,288,0.0,0.0,0.0,0.0
Park_Ave_East/south_to_north/005_n00118_N_R.jpg,n00118,42.99518020157928,measured,21.49759010078964,1.3323691430847735,-6.633251500548528,128,0.002566189236111111,0.0038628472222222224,0.22468457098860295,0.01097792307381846
Tunnel_Exit_Street/south_to_north/005_n00250_N_L.jpg,n00250,13.938135669877134,measured,6.969067834938567,4.103688948590968,-19.734333300282675,395,0.002227496483825598,0.004266877637130802,0.00796993800081341,0.0017207335587284733
east_36th_street/west_to_east/029_n00389_E_R.jpg,n00389,18.328979232320663,measured,9.164489616160331,3.1228706652422535,-15.258573689107774,300,0.0040347222222222225,0.020136574074074074,0.0047729594133517125,0.0011599622478663525
east_39th_street/east_to_west/040_n00509_W_L.jpg,n00509,19.06009944712966,measured,9.53004972356483,3.003305137263498,-14.69909020158544,288,0.011222029320987655,0.10168788580246914,0.07158158465822832,0.006052837464025259
east_40th_street/east_to_west/025_n00570_W_R.jpg,n00570,18.75977639842768,measured,9.37988819921384,3.0512945544063994,-14.923983168860026,293,0.002391448615851346,0.009425957527493364,0.052992306760922814,0.003879606086289704
Park_Ave_East/north_to_south/011_n00141_S_L.jpg,n00141,66.4701416874492,measured,33.2350708437246,0.8619126725852431,-4.301787064881936,83,0.020055220883534137,0.16019076305220883,0.25715811965811963,0.011982102806570891
Park_Ave_Tunnel_Segment/east_to_west/052_n00162_W_L.jpg,n00162,42.60866001800896,measured,21.30433000900448,1.3444511798580492,-6.692880904391803,130,0.013621794871794872,0.07991452991452991,0.09630538885858035,0.0051615445232466505
madison_avenue/north_to_south/028_n00729_S_L.jpg,n00729,24.8425102036976,measured,12.4212551018488,2.3051158145688375,-11.379766991681306,222,0.015703203203203203,0.0712180930930931,0.10208405127584205,0.00901968637166603
Park_Ave_East/north_to_south/012_n00140_S_R.jpg,n00140,59.55989703987555,measured,29.779948519937776,0.9618954936800717,-4.798677652365526,92,0.018123490338164253,0.08415609903381642,0.019635921651904215,0.003788796060862897
1st_avenue/north_to_south/032_n00014_S_L.jpg,n00014,51.19934180092372,measured,25.59967090046186,1.1189303112637068,-5.577676358054483,108,0.019753086419753086,0.12930812757201646,0.25368867218667435,0.013531858019689477
east_37th_street/west_to_east/006_n00413_E_R.jpg,n00413,20.973466205612866,measured,10.486733102806433,2.7297548703594865,-13.40882923877249,263,0.0072797845373891,0.0433961765948458,0.2186228077528477,0.009173752953266211
3rd_avenue/north_to_south/002_n00112_S_L.jpg,n00112,30.94757856778692,measured,15.47378928389346,1.8507377183129725,-9.177603055613021,178,0.012523408239700374,0.020735799001248438,0.06860775036401626,0.008670417043101387
east_39th_street/east_to_west/037_n00512_W_L.jpg,n00512,18.242965807887565,measured,9.121482903943782,3.1375652815795263,-15.327140014702332,301,0.009461517165005538,0.0441906607604282,0.08559582242836875,0.008966519818317857
east_38th_street/west_to_east/019_n00473_E_R.jpg,n00473,18.302472251959383,measured,9.151236125979691,3.127384463819584,-15.279640025139077,300,0.0134375,0.15858101851851852,0.21373652984622835,0.012679252780960009
east_39th_street/west_to_east/027_n00528_E_L.jpg,n00528,18.74257146639625,measured,9.371285733198125,3.0540902207700524,-14.93707070328066,294,0.012556689342403627,0.08262471655328799,0.06186685232271865,0.00566670081744546
madison_avenue/north_to_south/012_n00745_S_L.jpg,n00745,23.1370532066962,measured,11.5685266033481,2.4748243514528925,-12.194303163314647,238,0.003014122315592904,0.004367997198879552,0.03056455894269189,0.00399408881065256
east_37th_street/west_to_east/007_n00414_E_R.jpg,n00414,20.855381848226887,measured,10.427690924113444,2.745187320800966,-13.481986575353464,264,0.00634469696969697,0.08991477272727273,0.15656346922238676,0.008395270427598796
Park_Ave_West/north_to_south/013_n00233_S_L.jpg,n00233,42.11018702444189,measured,21.055093512220946,1.3603599727901807,-6.771375463114266,131,0.00974342663273961,0.035305343511450385,0.045818314752205054,0.005486633074718799
Park_Ave_West/south_to_north/032_n00240_N_R.jpg,n00240,57.058851789775474,measured,28.529425894887737,1.0040495491542867,-5.007969424283144,96,0.0,0.0,0.0,0.0
madison_avenue/south_to_north/007_n00729_N_R.jpg,n00729,24.8425102036976,measured,12.4212551018488,2.3051158145688375,-11.379766991681306,222,0.005411661661661662,0.035751376376376376,0.12253260623220667,0.009725986569430085
east_42nd_street/west_to_east/040_n00680_E_L.jpg,n00680,33.7502806153928,measured,16.8751403076964,1.6971420869137115,-8.426899961843134,163,0.019533912747102932,0.04377982276755283,0.2097828010468766,0.011050881555785297
east_34th_street/west_to_east/008_n00274_E_L.jpg,n00274,30.77731294071312,measured,15.38865647035656,1.8609691524849283,-9.227504160100812,179,0.015533829919304779,0.1041550279329609,0.11206461637809259,0.009237785663503063
east_36th_street/east_to_west/028_n00380_W_L.jpg,n00380,18.52563157160193,measured,9.262815785800965,3.089785502779377,-15.104038798225844,296,0.006055274024024024,0.017386918168168168,0.14331468186732035,0.009664215386586083
east_35th_street/west_to_east/002_n00315_E_R.jpg,n00315,20.041395969548777,measured,10.020697984774388,2.8565026637930284,-14.008394023946831,275,0.0025252525252525255,0.010982323232323232,0.23248297894138795,0.009923517778584977
madison_avenue/north_to_south/015_n00742_S_R.jpg,n00742,23.5029458090301,measured,11.75147290451505,2.436343210555131,-12.010016609094837,234,0.002700617283950617,0.006763414055080722,0.0008844275553320232,0.00035315009888202767
east_34th_street/east_to_west/044_n00270_W_L.jpg,n00270,29.84679049654241,measured,14.923395248271206,1.9189451834034328,-9.510009194509918,185,0.006689189189189189,0.022090840840840842,0.006048956693707874,0.0011428868584698589
east_34th_street/east_to_west/028_n00286_W_L.jpg,n00286,33.47286508161177,measured,16.736432540805886,1.7111992883125584,-8.495725092729637,164,0.0034341124661246615,0.01870342140921409,0.04387521305429042,0.004499753183007814
east_35th_street/east_to_west/017_n00344_W_R.jpg,n00344,18.79757789545811,measured,9.398788947729056,3.045170031483614,-14.895306711456747,293,0.00881209708001517,0.030413348502085703,0.29606319135923204,0.014234665524167885
east_35th_street/west_to_east/012_n00325_E_R.jpg,n00325,19.04573841071031,measured,9.522869205355155,3.005565565505141,-14.709693265786603,289,0.012586505190311419,0.12510813148788927,0.19058928721115426,0.011817333693468818
Tunnel_Exit_Street/south_to_north/009_n00254_N_L.jpg,n00254,13.875243137784146,measured,6.937621568892073,4.122225825213966,-19.816832300029763,396,0.00047874579124579126,0.000769851290684624,0.05137208515341461,0.002853142337341393
east_36th_street/west_to_east/021_n00381_E_L.jpg,n00381,20.059976915335767,measured,10.029988457667883,2.853861148448337,-13.995928741595531,274,0.020590024330900243,0.15493714517437146,0.15625417182809118,0.010005790109313538
east_34th_street/east_to_west/017_n00297_W_L.jpg,n00297,30.309030323248727,measured,15.154515161624364,1.8897009352116576,-9.367563198960857,181,0.014226519337016574,0.06574585635359116,0.26096511653177107,0.013866768498079794
lexington_avenue/north_to_south/026_n00697_S_R.jpg,n00697,22.88124109365866,measured,11.44062054682933,2.5024578905591444,-12.326489397516594,240,0.015980902777777778,0.07020833333333333,0.013801959633779467,0.003380927100505742
east_34th_street/west_to_east/039_n00305_E_L.jpg,n00305,30.59754003106974,measured,15.29877001553487,1.8718953420458737,-9.280778799522297,180,0.00746141975308642,0.05579861111111111,0.01407904663444075,0.0027518542320576467
3rd_avenue/north_to_south/034_n00080_S_L.jpg,n00080,33.24933109266357,measured,16.624665546331784,1.7226967071156891,-8.551999734936729,166,0.014198460508701473,0.05886462516733601,0.0191457803608185,0.0037717206714664034
3rd_avenue/south_to_north/019_n00098_N_R.jpg,n00098,30.258532488066187,measured,15.129266244033094,1.8928523255451761,-9.382918744778987,181,0.005762737875997545,0.019643953345610803,0.1731487173277947,0.008365388496154933
east_34th_street/east_to_west/047_n00267_W_L.jpg,n00267,31.26618195836582,measured,15.63309097918291,1.8318915578014123,-9.08565069912717,176,0.007615214646464646,0.02436474116161616,0.027928351666092314,0.004060061906048103
east_39th_street/east_to_west/011_n00538_W_R.jpg,n00538,36.62255602167533,measured,18.311278010837665,1.5641056304215242,-7.774404590509694,150,0.0024861111111111112,0.013203703703703704,0.12521460659855138,0.008952160968143533
east_39th_street/east_to_west/028_n00521_W_R.jpg,n00521,18.12994393930504,measured,9.06497196965252,3.157085383944585,-15.418155907778516,304,0.014941977339181286,0.02727750365497076,0.18013682043830972,0.014453929047100134
east_36th_street/west_to_east/027_n00387_E_L.jpg,n00387,18.299918922695905,measured,9.149959461347953,3.1278199514325107,-15.281672273949745,300,0.0036550925925925926,0.01874537037037037,0.003418182495552637,0.0007602429051757057
Park_Ave_Tunnel_Segment/west_to_east/009_n00168_E_R.jpg,n00168,43.34292831029962,measured,21.67146415514981,1.3216831129380813,-6.580500367807303,127,0.007923228346456692,0.06493875765529308,0.19635184305543912,0.009837752754570772
east_40th_street/west_to_east/003_n00551_E_R.jpg,n00551,18.782891799145453,measured,9.391445899572727,3.0475465234518464,-14.90643487468467,293,0.002069112627986348,0.0090064467197573,0.003966535341399126,0.0008867560175224541
Park_Ave_Tunnel_Segment/east_to_west/037_n00188_W_R.jpg,n00188,43.19105226937229,measured,21.595526134686146,1.3263289923684773,-6.60343587992039,127,0.015299650043744532,0.07712707786526685,0.018129794691727128,0.002927653127435183
east_40th_street/east_to_west/042_n00553_W_R.jpg,n00553,18.75015892223489,measured,9.375079461117444,3.052856688176234,-14.931296275216036,293,0.0,0.0,0.0,0.0
Park_Ave_West/north_to_south/003_n00243_S_L.jpg,n00243,43.53379395604328,measured,21.76689697802164,1.3158904864509724,-6.55190081403048,126,0.0,0.0,0.0,0.0
3rd_avenue/south_to_north/001_n00080_N_R.jpg,n00080,33.24933109266357,measured,16.624665546331784,1.7226967071156891,-8.551999734936729,166,0.004250334672021419,0.08782630522088354,0.042137404106165455,0.005882471647092062
Park_Ave_West/south_to_north/009_n00217_N_R.jpg,n00217,43.3154795550769,measured,21.65773977753845,1.322520358100085,-6.58463378222602,127,0.004084645669291339,0.15916447944006998,0.11814461923433954,0.007584577508297087
east_38th_street/west_to_east/026_n00480_E_L.jpg,n00480,35.29505456324018,measured,17.64752728162009,1.6229031656006216,-8.06303493954988,156,0.015073005698005699,0.06917735042735043,0.18218159831853983,0.014457033663354041
madison_avenue/south_to_north/011_n00733_N_L.jpg,n00733,25.461845937826524,measured,12.730922968913262,2.249104312491112,-11.109933459518833,216,0.016856352880658437,0.40012860082304524,0.2558075727799665,0.011436242048301619
Park_Ave_Tunnel_Segment/east_to_west/046_n00172_W_R.jpg,n00172,42.418535189944265,measured,21.209267594972133,1.350474940417109,-6.722605220634924,130,0.017601495726495726,0.3684188034188034,0.492781013297949,0.006846765608951372
east_42nd_street/east_to_west/041_n00648_W_R.jpg,n00648,47.2390438739744,measured,23.6195219369872,1.2127092037741705,-6.041955806101883,116,0.0,0.0,0.0035943694679619127,0.0008723971673481299
lexington_avenue/north_to_south/014_n00709_S_L.jpg,n00709,22.10217082617723,measured,11.051085413088614,2.590547869041534,-12.747014418825824,248,0.005555555555555556,0.0793934811827957,0.054054861673822806,0.004356552758296311
east_39th_street/west_to_east/015_n00516_E_R.jpg,n00516,18.329930644056667,measured,9.164965322028333,3.1227088940101804,-15.257818611948565,300,0.012032407407407407,0.04505555555555556,0.2930951782204961,0.014145019729836294
3rd_avenue/north_to_south/027_n00087_S_L.jpg,n00087,30.196361193625773,measured,15.098180596812886,1.8967466758370168,-9.401892654685687,182,0.022985347985347987,0.11514041514041513,0.13437283647054807,0.011763779063088908
Tunnel_Exit_Street/north_to_south/015_n00252_S_L.jpg,n00252,14.465972304036818,measured,7.232986152018409,3.9544369161478414,-19.067130813381358,380,0.0014089912280701754,0.008320540935672515,0.001905846302867734,0.0003911816479923999
Tunnel_Exit_Street/north_to_south/019_n00248_S_L.jpg,n00248,20.03075301093243,measured,10.015376505466214,2.858017896290638,-14.015543804994175,275,9.595959595959596e-05,0.0042702020202020205,0.0057722577700783295,0.0004676328232448828
east_36th_street/east_to_west/021_n00387_W_L.jpg,n00387,18.299918922695905,measured,9.149959461347953,3.1278199514325107,-15.281672273949745,300,0.009268518518518518,0.02625462962962963,0.02447291377549278,0.0048870540606828295
east_39th_street/west_to_east/027_n00528_E_R.jpg,n00528,18.74257146639625,measured,9.371285733198125,3.0540902207700524,-14.93707070328066,294,0.007279856386999244,0.07191751700680273,0.12037450985870891,0.01080561687172657
east_35th_street/east_to_west/026_n00335_W_R.jpg,n00335,18.047134179728783,measured,9.023567089864391,3.171542249111553,-15.485514435455592,305,7.96903460837887e-05,0.0029280510018214936,0.2160529616486754,0.00672692726815502
Park_Ave_Tunnel_Segment/west_to_east/022_n00190_E_R.jpg,n00190,43.25046111732943,measured,21.625230558664715,1.3245077958535654,-6.5944453436820485,127,0.009268372703412074,0.09077537182852144,0.021450181775281667,0.0026975234476142576
east_39th_street/east_to_west/037_n00512_W_R.jpg,n00512,18.242965807887565,measured,9.121482903943782,3.1375652815795263,-15.327140014702332,301,0.009122369878183831,0.035229789590254704,0.00787175451178357,0.002003641714865834
east_42nd_street/west_to_east/029_n00669_E_L.jpg,n00669,31.14932320894514,measured,15.57466160447257,1.8387593113724412,-9.119164442205445,176,0.0,0.0,0.0,0.0
east_36th_street/east_to_west/022_n00386_W_R.jpg,n00386,18.25667492875896,measured,9.12833746437948,3.1352139542281,-15.316171409452874,301,0.0003391472868217054,0.0017211148025101514,0.0024899022356341645,0.00034073163386639594
Park_Ave_Tunnel_Segment/east_to_west/054_n00158_W_L.jpg,n00158,42.857823712141226,measured,21.428911856070613,1.3366377513812817,-6.654320279450468,128,0.006618923611111111,0.1451388888888889,0.09341130577055023,0.005803692009649147
east_38th_street/west_to_east/006_n00460_E_R.jpg,n00460,20.85886940271961,measured,10.429434701359805,2.744729033802644,-13.479814688376633,264,0.0077940867003367005,0.04360006313131313,0.04544847734095827,0.006043135538231797
east_37th_street/west_to_east/004_n00411_E_L.jpg,n00411,22.768983883311805,measured,11.384491941655902,2.5147798801316075,-12.38539110970295,241,0.013355809128630705,0.10763024435223606,0.2237159307173837,0.012573307751295401
2nd_avenue/south_to_north/030_n00075_N_R.jpg,n00075,30.99489883344836,measured,15.49744941672418,1.8479141364383647,-9.163829409803915,178,0.005087390761548065,0.008341136079900125,0.05447592525325907,0.0068445146087717824
east_38th_street/west_to_east/002_n00456_E_L.jpg,n00456,18.373178735944084,measured,9.186589367972042,3.115372936330368,-15.223572121517623,299,0.0024154589371980675,0.012755481233742103,0.003915309173209645,0.0007602429051757057
east_35th_street/west_to_east/001_n00314_E_L.jpg,n00314,20.15215958461465,measured,10.076079792307326,2.8408280735250915,-13.934406865924009,272,0.010626021241830066,0.10446282679738562,0.08606384332864536,0.006199918659054148
east_42nd_street/east_to_west/022_n00667_W_R.jpg,n00667,31.082024569556665,measured,15.541012284778333,1.842737841642382,-9.13857639277362,176,0.005216224747474747,0.0190853851010101,0.003229188981095992,0.001307819596958718
east_40th_street/east_to_west/033_n00562_W_L.jpg,n00562,20.13507614255401,measured,10.067538071277005,2.8432343977785233,-13.945768147696905,274,0.00048408353609083536,0.0006108069748580698,0.00026660892080434395,0.0001878292833614301
east_39th_street/east_to_west/033_n00516_W_R.jpg,n00516,18.329930644056667,measured,9.164965322028333,3.1227088940101804,-15.257818611948565,300,0.016902777777777777,0.18190277777777777,0.10090313286826182,0.012019133749972835
east_42nd_street/east_to_west/034_n00655_W_L.jpg,n00655,31.037124884471552,measured,15.518562442235776,1.8454017862463041,-9.151573114240481,178,0.0010962858926342072,0.001388888888888889,0.00013815542329890314,0.00010904964591851624
lexington_avenue/north_to_south/032_n00691_S_R.jpg,n00691,25.785206185674625,measured,12.892603092837312,2.2209277671405645,-10.974012080555287,214,0.0032548026998961577,0.024509994807892004,0.04562582854446276,0.004256040807076041
east_37th_street/east_to_west/034_n00421_W_R.jpg,n00421,17.72488468210195,measured,8.862442341050976,3.2290819397221204,-15.75319045763077,311,0.01118479814219364,0.12392818863879958,0.294051011949668,0.010924368443438548
east_38th_street/east_to_west/037_n00465_W_R.jpg,n00465,18.91296744757107,measured,9.456483723785535,3.026625849990102,-14.808433953301959,290,0.011135057471264368,0.08047413793103449,0.032688892614428394,0.0037686160552124954
east_38th_street/west_to_east/043_n00497_E_L.jpg,n00497,18.95098633446276,measured,9.47549316723138,3.0205651815135375,-14.78002744006343,290,0.006467911877394636,0.028259099616858237,0.004616846345423658,0.0010573020140371217
east_35th_street/west_to_east/013_n00326_E_R.jpg,n00326,19.029031608837258,measured,9.514515804418629,3.008199498909915,-14.72204709862076,289,0.012319780853517879,0.18694011918492887,0.4314023396388089,0.009887814691665036
lexington_avenue/south_to_north/025_n00713_N_L.jpg,n00713,23.484815901379,measured,11.7424079506895,2.438221760117739,-12.019018645128757,234,0.0024453941120607787,0.005146011396011396,0.007559352501234085,0.0014471392513528366
3rd_avenue/north_to_south/032_n00082_S_L.jpg,n00082,31.05256562119083,measured,15.526282810595415,1.8444848032190557,-9.147099485446562,178,0.0114895443196005,0.029545099875156054,0.03026806809044368,0.004160185780236634
east_36th_street/east_to_west/032_n00376_W_L.jpg,n00376,20.443687085386166,measured,10.221843542693083,2.80038274235472,-13.743287551947954,269,0.0074762494836844275,0.06810718711276333,0.2516547604633329,0.006658237633537307
east_39th_street/west_to_east/029_n00530_E_R.jpg,n00530,19.52369014196342,measured,9.76184507098171,2.932117505557379,-14.364666650417252,282,0.009813337273443657,0.10252659574468086,0.08912809957125249,0.007536844033393253
east_39th_street/west_to_east/031_n00532_E_L.jpg,n00532,25.890655592983023,measured,12.945327796491512,2.211891208576012,-10.930394980836104,212,0.017030267295597486,0.07107245807127882,0.20208063619796274,0.012665670084849163
east_34th_street/west_to_east/011_n00277_E_R.jpg,n00277,33.62242698993176,measured,16.81121349496588,1.7035918933637701,-8.458481635248697,163,0.005998636673483299,0.04976141785957737,0.18897760329834432,0.006390464481637747
Park_Ave_East/north_to_south/003_n00149_S_L.jpg,n00149,43.652805585077445,measured,21.826402792538723,1.3123042007725902,-6.534192903622579,126,0.001978615520282187,0.006305114638447972,0.0011452153206602898,0.0005398151511482423
east_40th_street/east_to_west/015_n00580_W_R.jpg,n00580,38.53105125537318,measured,19.26552562768659,1.4866690301876009,-7.393697509785775,143,0.016511266511266512,0.29666860916860915,0.032125792841375844,0.0033735536369027107
east_34th_street/west_to_east/030_n00296_E_L.jpg,n00296,30.37599627632752,measured,15.18799813816376,1.8855379712473987,-9.347276637445843,181,0.020933087783916515,0.07177716390423573,0.06868847038661786,0.009201694499551383
madison_avenue/north_to_south/017_n00740_S_R.jpg,n00740,23.43204910390226,measured,11.71602455195113,2.443705760236862,-12.045294748542947,235,0.0008599290780141844,0.010942671394799054,0.0019415493897876753,0.00038885318580196896
east_35th_street/west_to_east/025_n00338_E_L.jpg,n00338,18.06670100200244,measured,9.03335050100122,3.1681143669212166,-15.469546776249162,305,0.004421675774134791,0.03780510018214936,0.020776868125215384,0.0021980683077668186
east_41st_street/west_to_east/026_n00620_E_R.jpg,n00620,18.864500150554083,measured,9.432250075277041,3.0343874437211076,-14.844802338802914,292,0.0010820966514459665,0.003995433789954338,0.010819587644869157,0.0017700193417592618
east_42nd_street/east_to_west/012_n00677_W_R.jpg,n00677,30.932302760943337,measured,15.466151380471668,1.8516510624080975,-9.182058197603515,178,0.007685705368289638,0.015664013732833958,0.007531022877917175,0.002147230216609076
east_37th_street/east_to_west/041_n00414_W_R.jpg,n00414,20.855381848226887,measured,10.427690924113444,2.745187320800966,-13.481986575353464,264,0.021375210437710436,0.1423532196969697,0.3406679892331908,0.012667222392976116
east_39th_street/west_to_east/043_n00544_E_L.jpg,n00544,23.27136039314287,measured,11.635680196571435,2.460558877257255,-12.1260140973429,236,0.0018479284369114877,0.006241172316384181,0.07024659966904791,0.0034806628976625344
east_41st_street/east_to_west/030_n00611_W_R.jpg,n00611,18.55423484244208,measured,9.27711742122104,3.0850314870692066,-15.081815878707717,296,0.0,0.0,0.0,0.0
east_34th_street/east_to_west/015_n00299_W_R.jpg,n00299,30.40587441244196,measured,15.20293720622098,1.8836864949993757,-9.338253469966366,181,0.0032918968692449355,0.005735880908532842,0.14635820751875964,0.012588830832564941
east_40th_street/east_to_west/042_n00553_W_L.jpg,n00553,18.75015892223489,measured,9.375079461117444,3.052856688176234,-14.931296275216036,293,0.003960466439135381,0.015796833522942737,0.03674041682577825,0.004453183939199195
lexington_avenue/south_to_north/032_n00720_N_L.jpg,n00720,23.390191091695108,measured,11.695095545847554,2.4480735881849256,-12.066219286889902,235,0.0012825059101654846,0.0021690307328605203,0.0002848485412960531,0.00016842543177450551
lexington_avenue/south_to_north/029_n00717_N_R.jpg,n00717,23.250669230785025,measured,11.625334615392513,2.462745875228338,-12.136485473794936,236,0.0,0.0,0.0,0.0
Park_Ave_West/north_to_south/003_n00243_S_R.jpg,n00243,43.53379395604328,measured,21.76689697802164,1.3158904864509724,-6.55190081403048,126,0.0,0.0,0.0,0.0
east_34th_street/east_to_west/009_n00305_W_L.jpg,n00305,30.59754003106974,measured,15.29877001553487,1.8718953420458737,-9.280778799522297,180,0.004012345679012346,0.01058641975308642,0.05467656107866787,0.005460243836560582
tudor_city_place/south_to_north/003_n00759_N_R.jpg,n00759,26.84770399439049,measured,13.423851997195245,2.1331174221305944,-10.549658469212757,205,0.002090108401084011,0.034376693766937666,0.09002649789972711,0.007259757032731969
east_40th_street/west_to_east/028_n00576_E_R.jpg,n00576,20.508576168255907,measured,10.254288084127953,2.7915363757998986,-13.701445178196922,268,0.0031042703150912106,0.014640339966832503,0.0062953856088618166,0.0020277024908336204
east_40th_street/east_to_west/014_n00581_W_R.jpg,n00581,25.69089018133021,measured,12.845445090665105,2.229072993593665,-11.013316380714599,214,0.008375519210799584,0.16695872274143303,0.24682358949522043,0.006156065954467698
east_42nd_street/east_to_west/048_n00641_W_R.jpg,n00641,30.74335056285588,measured,15.37167528142794,1.8630235291680937,-9.237522207153972,179,0.0028902855369335816,0.014641527001862198,0.0014731404124793154,0.00029765508334342333
2nd_avenue/north_to_south/007_n00073_S_R.jpg,n00073,30.41108866819638,measured,15.20554433409819,1.8833637525592133,-9.3366805391517,181,0.013704726826273788,0.06204343155310006,0.01919273768165886,0.0027650488511367552
lexington_avenue/south_to_north/019_n00707_N_L.jpg,n00707,22.74034287792459,measured,11.370171438962295,2.5179431210512875,-12.400507964770243,242,0.012502869605142332,0.03826044536271809,0.05920580811608781,0.006616713391141288
east_41st_street/west_to_east/040_n00634_E_R.jpg,n00634,21.4666130693183,measured,10.73330653465915,2.6671365436286942,-13.11155188876414,257,0.0016401859057501081,0.044239083441418074,0.028135972878072405,0.0026082657303144047
Tunnel_Exit_Street/south_to_north/019_n00264_N_L.jpg,n00264,13.81268381825057,measured,6.906341909125285,4.14083108857893,-19.899553522755546,398,0.0012458123953098827,0.007227107761027359,0.005725688526269711,0.0006690448027171601
east_42nd_street/west_to_east/008_n00648_E_R.jpg,n00648,47.2390438739744,measured,23.6195219369872,1.2127092037741705,-6.041955806101883,116,0.0037116858237547894,0.00762691570881226,0.0036273560156596845,0.0008176783058730026
east_40th_street/west_to_east/034_n00582_E_L.jpg,n00582,30.238898306161094,measured,15.119449153080547,1.89408046371538,-9.388902649458824,182,0.0014613858363858364,0.17128357753357754,0.14052269319250793,0.005943787818106743
east_39th_street/west_to_east/029_n00530_E_L.jpg,n00530,19.52369014196342,measured,9.76184507098171,2.932117505557379,-14.364666650417252,282,0.017567966903073287,0.257813731284476,0.08240000807200226,0.007263249726017615
east_40th_street/west_to_east/045_n00593_E_L.jpg,n00593,19.019579827949286,measured,9.509789913974643,3.0096916759951844,-14.729045202784816,289,0.0,0.0,0.0,0.0
Park_Ave_East/south_to_north/001_n00114_N_R.jpg,n00114,57.136787587131394,measured,28.568393793565697,1.0026802839380595,-5.001173114624858,96,0.0026548032407407406,0.014040798611111112,0.00613239325553165,0.0009403106479023661
east_37th_street/east_to_west/043_n00412_W_L.jpg,n00412,22.69277150640676,measured,11.34638575320338,2.523214727503046,-12.425696782236964,242,0.009644742883379248,0.03660755280073462,0.1462640934715403,0.00847540461902164
lexington_avenue/north_to_south/006_n00717_S_R.jpg,n00717,23.250669230785025,measured,11.625334615392513,2.462745875228338,-12.136485473794936,236,0.0011534839924670433,0.003027895480225989,0.001216233417468434,0.0005107093737678555
east_34th_street/east_to_west/016_n00298_W_L.jpg,n00298,30.46337861672512,measured,15.23168930836256,1.8801333081059564,-9.320935762449643,180,0.010852623456790124,0.04685185185185185,0.19978283209303915,0.010744688777743627
east_42nd_street/west_to_east/016_n00656_E_L.jpg,n00656,31.097935250545127,measured,15.548967625272564,1.8417956885647524,-9.13397964501873,176,0.0,0.0,0.0,0.0
east_42nd_street/east_to_west/013_n00676_W_R.jpg,n00676,31.15729396238757,measured,15.578646981193785,1.838289237179667,-9.116870733504388,176,0.000390625,0.008791035353535353,0.02578500221980062,0.00457038320278422
east_34th_street/west_to_east/010_n00276_E_L.jpg,n00276,52.95979508979954,measured,26.47989754489977,1.0817445851747833,-5.39337898828205,104,0.03535657051282051,0.14949252136752136,0.05480850726945896,0.005655058506493305
east_34th_street/west_to_east/020_n00286_E_R.jpg,n00286,33.47286508161177,measured,16.736432540805886,1.7111992883125584,-8.495725092729637,164,0.012212059620596205,0.04568936314363144,0.02442634453168416,0.0036401625577070548
Park_Ave_Tunnel_Segment/east_to_west/019_n00183_W_R.jpg,n00183,21.58042078569884,measured,10.79021039284942,2.6530911333847276,-13.044776826991578,254,0.0,0.4372621391076115,0.1970631882546158,0.008567576629690687
east_37th_street/east_to_west/033_n00422_W_L.jpg,n00422,17.73482778454045,measured,8.867413892270225,3.2272753698150405,-15.744796446545957,310,0.0014023297491039426,0.017031810035842292,0.22118263926774565,0.004886115657392253
Park_Ave_Tunnel_Segment/west_to_east/018_n00182_E_R.jpg,n00182,42.82552967493851,measured,21.412764837469254,1.3376453221532432,-6.659293143023282,128,0.025618489583333334,0.06946614583333334,0.13552076833043053,0.010447033694400204
Tunnel_Exit_Street/north_to_south/003_n00264_S_R.jpg,n00264,13.81268381825057,measured,6.906341909125285,4.14083108857893,-19.899553522755546,398,0.0006351200446677833,0.0017238972640982691,0.00038342010735763004,0.00014126003955281107
east_41st_street/east_to_west/023_n00618_W_R.jpg,n00618,18.83359032319668,measured,9.41679516159834,3.0393581731884636,-14.868087462497455,292,0.005132229832572299,0.038208713850837135,0.027535617709972957,0.0032544139881589937
east_37th_street/east_to_west/022_n00433_W_R.jpg,n00433,18.125926478038743,measured,9.062963239019371,3.1577837097642516,-15.421410563237709,304,0.0019851059941520467,0.018734009502923976,0.012145258785287844,0.0013128645983713184
east_35th_street/east_to_west/043_n00318_W_R.jpg,n00318,52.05569482937396,measured,26.02784741468698,1.1005276805438715,-5.486484147207717,106,0.014753668763102726,0.2639740566037736,0.10747211278449927,0.005247965700199627
2nd_avenue/south_to_north/031_n00076_N_L.jpg,n00076,30.918239774401272,measured,15.459119887200636,1.8524926887337108,-9.186163417054251,178,0.008114856429463172,0.04948501872659176,0.0507922980679973,0.006202635198276317
east_34th_street/east_to_west/022_n00292_W_L.jpg,n00292,30.390041376522767,measured,15.195020688261383,1.8846671772098573,-9.343032879503099,181,0.003652547575199509,0.009112185389809698,0.018465481324180924,0.002643580740202607
Tunnel_Exit_Street/north_to_south/014_n00253_S_L.jpg,n00253,13.362063824715284,measured,6.681031912357642,4.279965295405139,-20.515532108491684,412,0.0014748516720604098,0.00438915857605178,0.001010552590647033,0.0003395674027711805
Tunnel_Exit_Street/north_to_south/006_n00261_S_L.jpg,n00261,14.008230597225667,measured,7.004115298612834,4.083224379917562,-19.64316042167799,392,0.004301303854875284,0.028982426303854874,0.02528632323401666,0.003937041486987001
east_42nd_street/east_to_west/032_n00657_W_R.jpg,n00657,31.159025097849472,measured,15.579512548924736,1.8381871754369632,-9.116372723474392,176,0.0,0.0,0.0,0.0
Park_Ave_Tunnel_Segment/east_to_west/042_n00178_W_R.jpg,n00178,42.90453047533676,measured,21.45226523766838,1.3351831867743689,-6.647141108259793,128,0.0036729600694444444,0.006103515625,0.07271244112871429,0.004958072157490973
east_39th_street/west_to_east/039_n00540_E_L.jpg,n00540,27.29100366198371,measured,13.645501830991854,2.098499499761637,-10.38205188911928,202,0.001522964796479648,0.009364686468646865,0.0010571218344556522,0.00017191812506015195
madison_avenue/south_to_north/018_n00740_N_R.jpg,n00740,23.43204910390226,measured,11.71602455195113,2.443705760236862,-12.045294748542947,235,0.000700354609929078,0.0014745862884160757,0.00028252007910562214,0.000169589662869721
Park_Ave_Tunnel_Segment/west_to_east/036_n00177_E_L.jpg,n00177,12.176557759964016,measured,6.088278879982008,4.694880818703787,-22.324282841873927,451,0.003262811037201281,0.014935944813993594,0.013550485717212924,0.0025923545720131264
lexington_avenue/north_to_south/031_n00692_S_L.jpg,n00692,25.64443401532497,measured,12.822217007662484,2.2331069855982024,-11.032778444466434,215,0.011359819121447028,0.12671511627906976,0.10263744912310115,0.005155991443677605
madison_avenue/south_to_north/004_n00726_N_R.jpg,n00726,23.66421324931377,measured,11.832106624656886,2.4197597641945428,-11.930523525222323,233,0.0033798283261802574,0.007373628993800668,0.013285817181567272,0.0022613248639401927
Park_Ave_West/north_to_south/020_n00226_S_L.jpg,n00226,42.81441333414783,measured,21.407206667073915,1.3379925023531076,-6.661006627823691,128,0.018098958333333335,0.14906141493055555,0.10265180797327546,0.008475214296136926
east_42nd_street/west_to_east/030_n00670_E_R.jpg,n00670,32.15968279988389,measured,16.079841399941945,1.781028885171117,-8.837261639586911,172,0.002442667958656331,0.00478843669250646,0.005470721916417521,0.0014595577163684682
Tunnel_Exit_Street/south_to_north/010_n00255_N_R.jpg,n00255,18.51298041157964,measured,9.25649020578982,3.091892864874954,-15.113888359310303,298,0.005863161819537659,0.07656133482475765,0.2579125026001161,0.007774735253848948
2nd_avenue/south_to_north/027_n00072_N_R.jpg,n00072,30.39980733818205,measured,15.199903669091025,1.884062162842986,-9.340084323049522,181,0.008548189073050952,0.02451657458563536,0.09396470361780931,0.008103048422699712
Park_Ave_East/north_to_south/017_n00135_S_R.jpg,n00135,43.29198310410889,measured,21.645991552054443,1.3232378925524326,-6.588176141598048,127,0.006446850393700788,0.07291666666666667,0.012253144200111145,0.0016306996873651433
lexington_avenue/west_to_east/1_n00712_E_R.jpg,n00712,23.38745882806877,measured,11.693729414034385,2.44835923885604,-12.06758761742087,235,0.01004728132387707,0.07601359338061466,0.016399329241030828,0.0027784003720701723
east_41st_street/east_to_west/043_n00598_W_L.jpg,n00598,18.41845225537108,measured,9.20922612768554,3.107730215589713,-15.187882222190769,299,2.0903010033444815e-05,0.0003855444072835377,0.0007043598126053629,0.0002468169921856809
east_38th_street/west_to_east/014_n00468_E_R.jpg,n00468,18.829512435704352,measured,9.414756217852176,3.040015169227259,-14.871164766581444,292,0.009068207762557078,0.049200913242009134,0.1117351389781466,0.006436257571382889
Park_Ave_Tunnel_Segment/west_to_east/009_n00168_E_L.jpg,n00168,43.34292831029962,measured,21.67146415514981,1.3216831129380813,-6.580500367807303,127,0.010230752405949256,0.22927602799650043,0.20718540147345088,0.005722971987047541
3rd_avenue/south_to_north/029_n00108_N_L.jpg,n00108,30.909723887235145,measured,15.454861943617573,1.8530027101867999,-9.188651115649785,178,0.006359238451935081,0.01569132334581773,0.01282051282051282,0.002178664456179894
east_41st_street/west_to_east/005_n00599_E_L.jpg,n00599,18.479005794338647,measured,9.239502897169324,3.097566411418174,-15.140401492414405,298,0.0,0.0,0.0,0.0
3rd_avenue/north_to_south/013_n00101_S_R.jpg,n00101,41.37861082389195,measured,20.689305411945973,1.3844019360158406,-6.889952811856133,133,0.00014619883040935673,0.00014619883040935673,0.016145168751416483,0.003477170204376888
east_34th_street/west_to_east/015_n00281_E_R.jpg,n00281,30.880559694032023,measured,15.440279847016011,1.854751499763636,-9.197180818758827,178,0.01742743445692884,0.06971754057428214,0.13893429390160228,0.007152259694940407
Park_Ave_East/south_to_north/035_n00148_N_R.jpg,n00148,71.79442397090033,measured,35.89721198545016,0.7980017319564252,-3.9838342046078976,77,0.0,0.0,1.94038515869246e-06,0.0
east_41st_street/west_to_east/045_n00639_E_L.jpg,n00639,18.749204663037982,measured,9.374602331518991,3.053011772381584,-14.93202227365182,293,0.012957432688661357,0.1887277208949564,0.030901797883272637,0.0021216171325143356
east_42nd_street/east_to_west/019_n00670_W_L.jpg,n00670,32.15968279988389,measured,16.079841399941945,1.781028885171117,-8.837261639586911,172,0.011652131782945736,0.07471333979328165,0.03629800900959637,0.0036692683350874416
east_35th_street/west_to_east/005_n00318_E_R.jpg,n00318,52.05569482937396,measured,26.02784741468698,1.1005276805438715,-5.486484147207717,106,0.003164308176100629,0.01743972746331237,0.03253210949360604,0.0019330116950894284
east_40th_street/west_to_east/028_n00576_E_L.jpg,n00576,20.508576168255907,measured,10.254288084127953,2.7915363757998986,-13.701445178196922,268,0.001197139303482587,0.011111111111111112,0.002144125600355168,0.0003752704896911217
2nd_avenue/south_to_north/034_n00079_N_L.jpg,n00079,30.90871546784787,measured,15.454357733923935,1.8530631236033062,-9.188945788037389,178,0.0011352996254681649,0.013607990012484394,0.15305176016218516,0.010930965752978103
Park_Ave_Tunnel_Segment/east_to_west/045_n00173_W_L.jpg,n00173,42.74847423809172,measured,21.37423711904586,1.3400555904967721,-6.671188625256682,128,0.026182725694444443,0.39498697916666664,0.25664038609007733,0.008664207810593572
madison_avenue/south_to_north/005_n00727_N_R.jpg,n00727,23.62511744101281,measured,11.812558720506406,2.4237593098583337,-11.949699526642286,233,0.008682045779685265,0.10415176442536958,0.05464318645393836,0.006144811720547282
Park_Ave_East/south_to_north/006_n00119_N_L.jpg,n00119,43.14210456858324,measured,21.57105228429162,1.3278332658787755,-6.6108616546951495,127,0.005145450568678915,0.10324803149606299,0.07281489346509325,0.006280638681655754
3rd_avenue/south_to_north/027_n00106_N_R.jpg,n00106,31.027295314453987,measured,15.513647657226993,1.8459860124099863,-9.154423286272474,178,0.004857209737827715,0.017958021223470663,0.08483169875287565,0.006163051341038991
east_35th_street/west_to_east/044_n00357_E_R.jpg,n00357,40.44458550787321,measured,20.222292753936603,1.416360371532959,-7.047486781182073,136,0.003094362745098039,0.03118872549019608,0.08510257652102912,0.006399778330399471
Tunnel_Exit_Street/south_to_north/021_n00266_N_L.jpg,n00266,13.769527816822496,measured,6.884763908411248,4.153763790267965,-19.957005272650434,400,0.0017065972222222222,0.003934027777777778,0.02401963980242222,0.003918025712431815
east_34th_street/east_to_west/042_n00272_W_R.jpg,n00272,30.57063853236184,measured,15.28531926618092,1.8735413959003715,-9.28880339478283,180,0.0008333333333333334,0.0010069444444444444,0.0001012881052837464,8.382463885551427e-05
east_40th_street/east_to_west/023_n00572_W_R.jpg,n00572,18.676292984503533,measured,9.338146492251767,3.0649079573357794,-14.987698083245913,294,0.0027258125472411185,0.004313114134542706,0.034969621329955514,0.0048889944458415215
east_42nd_street/west_to_east/013_n00653_E_R.jpg,n00653,30.87198088396465,measured,15.435990441982325,1.855266544218341,-9.199692867615838,178,0.00557896379525593,0.025261392009987515,0.0025127987805067353,0.0005549501553860435
east_38th_street/east_to_west/040_n00462_W_L.jpg,n00462,18.346839680909547,measured,9.173419840454773,3.119836593158728,-15.244411106355546,300,0.0060416666666666665,0.0209375,0.0242361867861323,0.0034325413457269613
3rd_avenue/south_to_north/008_n00087_N_R.jpg,n00087,30.196361193625773,measured,15.098180596812886,1.8967466758370168,-9.401892654685687,182,0.01958943833943834,0.10582264957264957,0.08809309812760593,0.00778443717964241
east_37th_street/east_to_west/045_n00410_W_L.jpg,n00410,19.518997781802984,measured,9.759498890901492,2.9328211551006134,-14.367976965334524,282,0.013632781717888101,0.056503644602048854,0.28825051524519607,0.009245620415833182
3rd_avenue/north_to_south/009_n00105_S_R.jpg,n00105,31.03497331201089,measured,15.517486656005445,1.8455296345920702,-9.15219683154377,178,0.007650593008739076,0.02862047440699126,0.044722773291607294,0.00482263327341424
3rd_avenue/north_to_south/014_n00100_S_L.jpg,n00100,30.03688324858489,measured,15.018441624292445,1.906809855392264,-9.45091285901168,184,0.00906929347826087,0.042179951690821255,0.10810002142185215,0.009420181868420153
east_35th_street/east_to_west/044_n00317_W_R.jpg,n00317,21.760173991767715,measured,10.880086995883858,2.6312058014782282,-12.940660170289881,253,0.013828502415458938,0.09281400966183574,0.10760832782263949,0.011077270793943515
east_41st_street/east_to_west/040_n00601_W_L.jpg,n00601,18.520227850126886,measured,9.260113925063443,3.090685274380409,-15.1082443312861,296,0.0018323010510510511,0.005923892642642642,0.0009798945051396923,0.00030308816178776225
east_38th_street/west_to_east/036_n00490_E_L.jpg,n00490,18.44410289379711,measured,9.222051446898554,3.103416677879156,-15.167733804343733,299,0.004259568933481977,0.04672054998141955,0.032708684543047054,0.002876038882213964
madison_avenue/north_to_south/002_n00755_S_R.jpg,n00755,27.40508599875777,measured,13.702542999378885,2.089771593512691,-10.339767433252868,200,0.0,0.0,0.007938115684210854,0.001640789690190344
east_35th_street/west_to_east/016_n00329_E_L.jpg,n00329,25.774765296621744,measured,12.887382648310872,2.221826523169323,-10.978349466362582,214,0.004981178608515057,0.06377531152647975,0.02954469250328313,0.0056562227375885205
east_36th_street/west_to_east/024_n00384_E_R.jpg,n00384,18.57020777565393,measured,9.285103887826965,3.082383054777341,-15.069433700434478,296,0.01170701951951952,0.04653246996996997,0.02431613065467043,0.00432589467278897
east_37th_street/west_to_east/006_n00413_E_L.jpg,n00413,20.973466205612866,measured,10.486733102806433,2.7297548703594865,-13.40882923877249,263,0.02671894803548796,0.1537943599493029,0.34902716849683796,0.012114212622748765
east_38th_street/west_to_east/029_n00483_E_L.jpg,n00483,18.59936664018885,measured,9.299683320094426,3.0775599938337206,-15.046880968446949,295,0.02650423728813559,0.1341831450094162,0.17001383106541115,0.013459675691786117
2nd_avenue/north_to_south/017_n00063_S_R.jpg,n00063,30.683184377199613,measured,15.341592188599806,1.8666741214465588,-9.255322757265601,179,0.002405338299193048,0.018738361266294228,0.02812976364556459,0.0029994473783068044
east_41st_street/east_to_west/009_n00632_W_L.jpg,n00632,18.46753141388703,measured,9.233765706943515,3.099487262409735,-15.149376409947672,298,0.012320563012677107,0.03856963087248322,0.1115445232466509,0.00817080378250591
east_42nd_street/west_to_east/029_n00669_E_R.jpg,n00669,31.14932320894514,measured,15.57466160447257,1.8387593113724412,-9.119164442205445,176,5.523989898989899e-05,5.523989898989899e-05,9.119810245854561e-05,9.119810245854561e-05
east_42nd_street/east_to_west/010_n00679_W_R.jpg,n00679,33.72799909081195,measured,16.863999545405974,1.698262603316992,-8.432386960102113,163,0.010024710293115201,0.0422844239945467,0.11240573608899072,0.010249114408213572
madison_avenue/north_to_south/016_n00741_S_R.jpg,n00741,23.386292709793608,measured,11.693146354896804,2.448481173610038,-12.068171708056147,235,0.0030673758865248225,0.009793144208037825,0.001323730755259996,0.0004404674310231884
east_34th_street/west_to_east/024_n00290_E_R.jpg,n00290,36.770111020512125,measured,18.385055510256063,1.557832120689369,-7.743585902008814,150,0.01060648148148148,0.0835,0.04482406139689104,0.003501619057376413
Tunnel_Exit_Street/south_to_north/013_n00258_N_L.jpg,n00258,22.82050191476756,measured,11.41025095738378,2.5091099458230395,-12.358290783769444,241,0.008486053480866758,0.05265387275242047,0.04233571146938383,0.004286310815551643
east_37th_street/west_to_east/013_n00420_E_L.jpg,n00420,20.4084998588926,measured,10.2042499294463,2.8052033045841807,-13.766082277855363,270,0.029483024691358026,0.2558256172839506,0.27705479026764895,0.01977951015364746
3rd_avenue/south_to_north/014_n00093_N_R.jpg,n00093,33.60762992317585,measured,16.803814961587925,1.7043415236914727,-8.462151901194611,163,0.011775732788002726,0.07310838445807771,0.0640823840969137,0.00631013253606788
Park_Ave_Tunnel_Segment/west_to_east/030_n00161_E_R.jpg,n00161,13.091543527805982,measured,6.545771763902991,4.368066560281155,-20.903153568555403,420,0.009241071428571428,0.07060185185185185,0.10714457576971198,0.005222352616104886
east_41st_street/east_to_west/019_n00622_W_R.jpg,n00622,31.00565649905113,measured,15.502828249525566,1.8472734318385864,-9.160703861667892,178,0.0054541198501872655,0.051931179775280896,0.24112157366788678,0.013194619079108726
2nd_avenue/north_to_south/013_n00067_S_R.jpg,n00067,32.719473713840976,measured,16.359736856920488,1.750576743865399,-8.688393469487538,168,0.006634424603174603,0.03369708994708995,0.014744210666840524,0.002557427639156662
Park_Ave_Tunnel_Segment/east_to_west/038_n00186_W_R.jpg,n00186,42.74361900697022,measured,21.37180950348511,1.3402077513787842,-6.671939571625258,128,0.0033854166666666668,0.05317925347222222,0.14836650615800634,0.010714418769268024
Park_Ave_Tunnel_Segment/east_to_west/039_n00184_W_R.jpg,n00184,42.88508504707032,measured,21.44254252353516,1.335788380958052,-6.6501281383247575,128,0.008393012152777778,0.03146158854166667,0.21059892704462266,0.008129049583826192
east_40th_street/east_to_west/029_n00566_W_L.jpg,n00566,18.33106538284526,measured,9.16553269142263,3.1225159730526686,-15.256918134739841,300,0.00012962962962962963,0.00012962962962962963,0.011857693704769622,0.0012131288012145259
east_35th_street/east_to_west/030_n00331_W_L.jpg,n00331,18.92990496545854,measured,9.46495248272927,3.023922807091856,-14.795765599680776,290,0.010902777777777779,0.06023706896551724,0.1659207826116653,0.009796228512174753
east_35th_street/east_to_west/045_n00316_W_R.jpg,n00316,20.02239403525813,measured,10.011197017629065,2.8592090859229558,-14.021164256874735,275,0.01672979797979798,0.2581919191919192,0.2407952008841947,0.010559964110636104
east_34th_street/west_to_east/038_n00304_E_L.jpg,n00304,31.27327164605854,measured,15.63663582302927,1.8314765486829236,-9.083625315783955,176,0.002675189393939394,0.015108112373737374,0.004328999289042878,0.000873949475475084
east_38th_street/west_to_east/037_n00491_E_L.jpg,n00491,18.236742766406618,measured,9.118371383203309,3.138633793018202,-15.332124103497067,301,0.009604558877814692,0.03689784053156146,0.2114763692133834,0.009873455841490712
east_40th_street/east_to_west/043_n00552_W_R.jpg,n00552,18.84522963252301,measured,9.422614816261506,3.037484501990009,-14.85931091160985,292,0.00507277397260274,0.03680079908675799,0.006005103989121425,0.0008277683086982034
east_41st_street/east_to_west/024_n00617_W_L.jpg,n00617,18.863152450274303,measured,9.431576225137151,3.0346038339380614,-14.845816107561035,292,0.0011320395738203958,0.0011629566210045663,0.05936841239238624,0.005086913732028153
east_38th_street/west_to_east/032_n00486_E_R.jpg,n00486,38.18405411770063,measured,19.092027058850316,1.5001729714083396,-7.460134180229773,144,0.00043885030864197533,0.006389853395061728,0.2379952251002015,0.009451228030959232
east_41st_street/west_to_east/032_n00626_E_R.jpg,n00626,23.39298667241832,measured,11.69649333620916,2.447781386823429,-12.064819563236737,235,0.011814420803782507,0.04354314420803782,0.03664068102862146,0.007203485863129888
east_38th_street/west_to_east/018_n00472_E_R.jpg,n00472,18.3663243053944,measured,9.1831621526972,3.116533322034661,-15.228989866976645,300,0.005990740740740741,0.06245138888888889,0.1277875573189776,0.005945728203265436
madison_avenue/south_to_north/002_n00724_N_R.jpg,n00724,23.77637124887261,measured,11.888185624436305,2.4083587352460447,-11.875846526235344,232,0.00023647030651340997,0.0003442289272030651,0.022658265575083592,0.002040120955849252
east_40th_street/west_to_east/040_n00588_E_R.jpg,n00588,18.751894092942745,measured,9.375947046471373,3.052574732197972,-14.929976337672421,293,0.003398748577929465,0.020539438756162307,0.024857110036913887,0.0029012638892769657
east_40th_street/east_to_west/039_n00556_W_R.jpg,n00556,19.07300507534439,measured,9.536502537672195,3.001276686421597,-14.689574442163988,288,0.0,0.0,0.0,0.0
east_39th_street/east_to_west/020_n00529_W_R.jpg,n00529,19.23634314580037,measured,9.618171572900184,2.975838491416184,-14.570172923683549,286,0.00909090909090909,0.05337024087024087,0.02945038978457068,0.003285460150698073
east_40th_street/east_to_west/006_n00589_W_R.jpg,n00589,18.857771614007,measured,9.4288858070035,3.0354681022245282,-14.849865036174524,292,0.008801845509893455,0.04476550608828006,0.11192917749401585,0.01083899149645608
east_40th_street/west_to_east/032_n00580_E_L.jpg,n00580,38.53105125537318,measured,19.26552562768659,1.4866690301876009,-7.393697509785775,143,0.009581390831390832,0.4214112276612277,0.17161348459023723,0.006496021434270617
3rd_avenue/south_to_north/026_n00105_N_L.jpg,n00105,31.03497331201089,measured,15.517486656005445,1.8455296345920702,-9.15219683154377,178,0.004201779026217228,0.01853932584269663,0.0018447176324260365,0.00041808941290463834
Park_Ave_West/south_to_north/006_n00214_N_L.jpg,n00214,42.71282483844352,measured,21.35641241922176,1.3411736325868102,-6.676706349621991,128,0.008995225694444444,0.04235568576388889,0.22326188059024965,0.015582845132427406
Park_Ave_Tunnel_Segment/east_to_west/053_n00160_W_L.jpg,n00160,43.02148144821043,measured,21.510740724105215,1.3315548905765977,-6.629232358059287,128,0.009922960069444445,0.2740451388888889,0.13898319160760134,0.009289011831692544
Park_Ave_Tunnel_Segment/east_to_west/017_n00187_W_R.jpg,n00187,14.438163995905493,measured,7.219081997952746,3.962029038928241,-19.101195731051607,380,0.0,0.0,0.004063942676365488,0.0015558008202396143
madison_avenue/north_to_south/031_n00726_S_R.jpg,n00726,23.66421324931377,measured,11.832106624656886,2.4197597641945428,-11.930523525222323,233,0.003916309012875536,0.024871840724845017,0.003454273659504317,0.0006542978755110974
east_41st_street/east_to_west/035_n00606_W_R.jpg,n00606,21.61509207315288,measured,10.80754603657644,2.6488415577754068,-13.024566564579883,254,0.0,0.0,0.0005840559327664304,0.0003329700932316261
east_38th_street/east_to_west/036_n00466_W_R.jpg,n00466,18.4096760263595,measured,9.20483801317975,3.1092088212869773,-15.194787902299764,299,0.0018417874396135265,0.0059805834262356,0.01900684878345612,0.0017347043318710592
east_36th_street/east_to_west/042_n00366_W_L.jpg,n00366,21.324883323564634,measured,10.662441661782317,2.684837052742177,-13.195654666988615,258,0.014615633074935401,0.10445467269595177,0.07015423733549414,0.004922369070571032
2nd_avenue/south_to_north/004_n00049_N_R.jpg,n00049,30.561831914521875,measured,15.280915957260937,1.8740808857800657,-9.291433358364733,180,0.006060956790123456,0.0631520061728395,0.03469641509961161,0.0032454882164290083
east_39th_street/west_to_east/019_n00520_E_L.jpg,n00520,17.819019123238093,measured,8.909509561619046,3.21205913635433,-15.674069729132858,308,0.0076727092352092355,0.01873196248196248,0.1696381724986883,0.008674685890450512
Park_Ave_Tunnel_Segment/west_to_east/023_n00192_E_R.jpg,n00192,42.88195853433837,measured,21.440979267169183,1.3358857376596,-6.650608654221699,128,0.004220920138888889,0.005973307291666666,0.06041401466933382,0.008575801660908045
east_36th_street/west_to_east/019_n00379_E_L.jpg,n00379,18.41682371248436,measured,9.20841185624218,3.1080044838415266,-15.18916319732707,299,0.012620772946859904,0.09274201040505388,0.09843263448421458,0.00884233516816154
east_40th_street/west_to_east/002_n00550_E_L.jpg,n00550,18.977545347260325,measured,9.488772673630162,3.016345722147947,-14.760246520098688,290,0.0,0.0,0.0,0.0
Park_Ave_Tunnel_Segment/west_to_east/037_n00179_E_R.jpg,n00179,12.430208708452309,measured,6.215104354226154,4.599492351671718,-21.912253107387052,443,0.002169551040882869,0.006880173062452972,0.0017032700923002412,0.0005370986119260729
lexington_avenue/south_to_north/016_n00704_N_R.jpg,n00704,22.60826479812093,measured,11.304132399060466,2.5326339132502618,-12.470691941045208,244,0.0031477686703096537,0.018468237704918032,0.11587669706085979,0.008398375043852704
east_38th_street/west_to_east/034_n00488_E_R.jpg,n00488,18.20138050132585,measured,9.100690250662925,3.1447194111269363,-15.360506227055122,302,0.0063281824871228845,0.03397948859455482,0.2272761494065526,0.012991266714477758
east_41st_street/east_to_west/010_n00631_W_L.jpg,n00631,18.423974299189062,measured,9.211987149594531,3.106800589948229,-15.183540277070103,299,0.014799331103678929,0.13707264957264959,0.03777656543613991,0.004345487058253016
east_38th_street/east_to_west/018_n00484_W_R.jpg,n00484,21.347684166769064,measured,10.673842083384532,2.681973645249114,-13.182053128550914,258,0.01819282945736434,0.1539459517657192,0.319038515869246,0.012182902257366478
east_38th_street/west_to_east/022_n00476_E_L.jpg,n00476,19.49955392287336,measured,9.74977696143668,2.9357404862109164,-14.381709938225745,282,0.0061194838455476755,0.09352836879432624,0.08146435434848076,0.0041912319427757135
lexington_avenue/north_to_south/029_n00694_S_L.jpg,n00694,22.675757222033205,measured,11.337878611016603,2.525105519756032,-12.434730237025336,242,0.008737947658402204,0.045718549127640035,0.017586098770261502,0.0020703909643248544
Park_Ave_East/south_to_north/003_n00116_N_L.jpg,n00116,42.5278663131279,measured,21.26393315656395,1.347004404820417,-6.705480247432261,130,0.011666666666666667,0.18091880341880343,0.2982449604316658,0.013177543689712233
east_36th_street/west_to_east/014_n00374_E_R.jpg,n00374,21.12242550486348,measured,10.56121275243174,2.710532939169906,-13.317648246342811,260,0.007267628205128205,0.02825053418803419,0.2479525055805477,0.008560591243119394
Tunnel_Exit_Street/south_to_north/014_n00259_N_L.jpg,n00259,13.96929835677896,measured,6.98464917838948,4.094565617449972,-19.6936996731668,394,0.0008372109419063733,0.0027918781725888324,0.0006147140182737713,0.00018433659007578368
3rd_avenue/south_to_north/032_n00111_N_L.jpg,n00111,30.924594133065515,measured,15.462297066532757,1.8521123052902688,-9.184308023566787,178,0.0044943820224719105,0.008313826466916354,0.09003909801782142,0.008449642359216827
lexington_avenue/south_to_north/014_n00702_N_R.jpg,n00702,22.97370650590884,measured,11.48685325295442,2.4923986336670882,-12.278385212746363,240,0.0018721064814814815,0.002766203703703704,0.019805511314773937,0.00283335040872273
east_38th_street/west_to_east/041_n00495_E_R.jpg,n00495,18.656501891020675,measured,9.328250945510337,3.0681530484510127,-15.002880755485664,295,0.00884180790960452,0.031574858757062146,0.24478928969484726,0.010291026727641329
3rd_avenue/south_to_north/006_n00085_N_R.jpg,n00085,30.760089905290123,measured,15.380044952645061,1.8620104037187075,-9.232581828742731,179,0.012077126008690254,0.05886483550589696,0.049126671447775695,0.004207919255140469
Park_Ave_West/north_to_south/026_n00220_S_R.jpg,n00220,42.65822540363828,measured,21.32911270181914,1.3428896093828575,-6.685174749367485,128,0.017333984375,0.08715277777777777,0.01909416611559728,0.0031220797203361677
Tunnel_Exit_Street/north_to_south/020_n00247_S_R.jpg,n00247,16.51548012740365,measured,8.257740063701824,3.4649863763490814,-16.843492384851615,334,0.005684464404524285,0.0383711743180306,0.053290737998329715,0.0054101818994663166
east_39th_street/west_to_east/033_n00534_E_R.jpg,n00534,21.549330482154524,measured,10.774665241077262,2.656913400442714,-13.06295217961733,256,0.006898328993055556,0.15043674045138888,0.3874130319371874,0.007394031685713487
Park_Ave_Tunnel_Segment/west_to_east/037_n00179_E_L.jpg,n00179,12.430208708452309,measured,6.215104354226154,4.599492351671718,-21.912253107387052,443,0.007491534988713318,0.08993290694757963,0.09152137062598377,0.007428182464506474
lexington_avenue/south_to_north/028_n00716_N_R.jpg,n00716,23.085322935861907,measured,11.542661467930953,2.480363092368936,-12.220808138501667,239,0.006741050674105067,0.015684565318456533,0.027827063560808565,0.0038982337838131516
madison_avenue/south_to_north/023_n00745_N_R.jpg,n00745,23.1370532066962,measured,11.5685266033481,2.4748243514528925,-12.194303163314647,238,0.001184640522875817,0.0030841503267973855,0.000410197422547586,0.00015755927488582774
east_34th_street/east_to_west/029_n00285_W_R.jpg,n00285,33.103471763436126,measured,16.551735881718063,1.7302825875224952,-8.589120451804094,166,0.00013805220883534135,0.003781793842034806,0.047817687619721765,0.00567950735949283
east_38th_street/east_to_west/041_n00461_W_R.jpg,n00461,18.31838371401565,measured,9.159191857007825,3.124673383479109,-15.266987635532454,300,0.011122685185185185,0.11746064814814815,0.12250582891701671,0.006477781813778908
lexington_avenue/north_to_south/019_n00704_S_R.jpg,n00704,22.60826479812093,measured,11.304132399060466,2.5326339132502618,-12.470691941045208,244,0.015735997267759563,0.1257513661202186,0.13872007538008266,0.014029760851409962
east_41st_street/east_to_west/035_n00606_W_L.jpg,n00606,21.61509207315288,measured,10.80754603657644,2.6488415577754068,-13.024566564579883,254,0.0020450568678915134,0.011387248468941383,0.003226084364842084,0.0007971102231908625
east_42nd_street/west_to_east/024_n00664_E_R.jpg,n00664,30.891378818312106,measured,15.445689409156053,1.8541023614220298,-9.194014699200178,178,0.003936485642946317,0.018847534332084893,0.02292083409104686,0.002187140086076256
east_37th_street/west_to_east/047_n00454_E_R.jpg,n00454,22.432820915325177,measured,11.216410457662588,2.5524151870278473,-12.565137688199954,245,0.028781179138321997,0.2958843537414966,0.1624525381790184,0.008488408915216034
east_37th_street/east_to_west/038_n00417_W_L.jpg,n00417,17.96074222842153,measured,8.980371114210765,3.1867661379583865,-15.556401368090604,306,0.01280183369644154,0.05523783587509078,0.257983908773956,0.010021313190583078
east_40th_street/west_to_east/041_n00589_E_R.jpg,n00589,18.857771614007,measured,9.4288858070035,3.0354681022245282,-14.849865036174524,292,0.002073820395738204,0.01952292617960426,0.10028609038779762,0.004870366748318074
east_42nd_street/west_to_east/022_n00662_E_R.jpg,n00662,30.91816386354542,measured,15.45908193177271,1.8524972338394223,-9.186185586569847,178,0.002114544319600499,0.009948501872659176,0.0012992819022604712,0.0003329700932316261
3rd_avenue/north_to_south/025_n00089_S_L.jpg,n00089,30.30893033639265,measured,15.154465168196324,1.8897071646714885,-9.367593554072625,181,0.017890577041129528,0.10405540208717004,0.0368568399352998,0.004849022511572457
Tunnel_Exit_Street/north_to_south/009_n00258_S_L.jpg,n00258,22.82050191476756,measured,11.41025095738378,2.5091099458230395,-12.358290783769444,241,0.007987551867219916,0.10270573997233748,0.07738100782052834,0.006173917497927669
Park_Ave_West/south_to_north/004_n00212_N_R.jpg,n00212,42.85924820236325,measured,21.429624101181624,1.33659334237324,-6.654101096654383,128,0.0033094618055555555,0.7780978732638889,0.47991895399269174,0.0068022142123122875
east_40th_street/east_to_west/035_n00560_W_R.jpg,n00560,27.86709806962711,measured,13.933549034813556,2.055154971388559,-10.171951668743603,197,0.0014241398759165256,0.0667794698251551,0.258540411237469,0.012801497045957634
2nd_avenue/south_to_north/021_n00066_N_R.jpg,n00066,30.904879986105467,measured,15.452439993052733,1.8532929395300086,-9.19006673355203,178,0.002730961298377029,0.020954275905118603,0.10675417027578306,0.00426923542615515
Park_Ave_East/north_to_south/034_n00118_S_R.jpg,n00118,42.99518020157928,measured,21.49759010078964,1.3323691430847735,-6.633251500548528,128,0.008078342013888889,0.6568359375,0.2525023207006498,0.006605459157220872
Tunnel_Exit_Street/south_to_north/003_n00248_N_R.jpg,n00248,20.03075301093243,measured,10.015376505466214,2.858017896290638,-14.015543804994175,275,0.010204545454545454,0.03266919191919192,0.27293108372839575,0.009358477620373734
madison_avenue/south_to_north/013_n00735_N_L.jpg,n00735,27.06043924890219,measured,13.530219624451094,2.116363259599212,-10.468562985812799,203,0.001980706075533662,0.002675150519978106,0.007075420442656186,0.001789811270377925
east_36th_street/west_to_east/028_n00388_E_L.jpg,n00388,19.76941670413344,measured,9.88470835206672,2.895734784661319,-14.193376950065211,278,0.002030875299760192,0.014348521183053558,0.0035179182927094297,0.000672149418971068
Park_Ave_West/south_to_north/012_n00220_N_R.jpg,n00220,42.65822540363828,measured,21.32911270181914,1.3428896093828575,-6.685174749367485,128,0.03157009548611111,0.40975477430555557,0.2911062834328363,0.010341864818799073
east_42nd_street/east_to_west/015_n00674_W_L.jpg,n00674,30.988787807289228,measured,15.494393903644614,1.8482782945948173,-9.16560585839424,178,0.0,0.0,0.0024261987027944473,0.0010172304055282779
east_41st_street/east_to_west/036_n00605_W_L.jpg,n00605,21.7951738491992,measured,10.8975869245996,2.626986394156581,-12.920577279417572,252,0.004580026455026455,0.05188216490299823,0.007625325596629629,0.0007551979037631054
east_41st_street/east_to_west/037_n00604_W_R.jpg,n00604,39.54905466789186,measured,19.77452733394593,1.448418281962574,-7.205407933655243,139,0.004161670663469225,0.006644684252597921,0.0006748659581932375,0.00039933126565890823
east_34th_street/east_to_west/045_n00269_W_R.jpg,n00269,30.00595114762596,measured,15.00297557381298,1.9087740666358881,-9.460479452117324,184,0.005283816425120773,0.01614205917874396,0.0016598054647455301,0.0005433078444338887
Park_Ave_East/north_to_south/020_n00132_S_R.jpg,n00132,42.86038172899943,measured,21.430190864499714,1.336558006370219,-6.653926693977055,128,0.0154296875,0.3291015625,0.4792103253327373,0.00793384683686173
east_40th_street/east_to_west/018_n00577_W_L.jpg,n00577,18.740119240312435,measured,9.370059620156217,3.0544891050340417,-14.93893790164906,294,0.001936885865457294,0.007572751322751323,0.0025585918702518773,0.0007579144429852748
east_41st_street/east_to_west/045_n00596_W_R.jpg,n00596,18.46412650375392,measured,9.23206325187696,3.100057714133515,-15.152041628485494,298,0.008028057419835944,0.03650260999254288,0.012975743633208218,0.003474841742186457
1st_avenue/south_to_north/015_n00014_N_L.jpg,n00014,51.19934180092372,measured,25.59967090046186,1.1189303112637068,-5.577676358054483,108,0.0011188271604938272,0.3363168724279835,0.23672427282125794,0.00437983738020062
Park_Ave_Tunnel_Segment/east_to_west/035_n00192_W_L.jpg,n00192,42.88195853433837,measured,21.440979267169183,1.3358857376596,-6.650608654221699,128,0.01521267361111111,0.23740234375,0.06137166603022033,0.006566651454047023
east_34th_street/west_to_east/032_n00298_E_R.jpg,n00298,30.46337861672512,measured,15.23168930836256,1.8801333081059564,-9.320935762449643,180,0.0169483024691358,0.050270061728395064,0.21826034380520395,0.01331996796036026
east_35th_street/east_to_west/047_n00314_W_R.jpg,n00314,20.15215958461465,measured,10.076079792307326,2.8408280735250915,-13.934406865924009,272,0.0,0.0,0.007956743381734301,0.0003271489377555487
3rd_avenue/north_to_south/012_n00102_S_R.jpg,n00102,34.01625288231121,measured,17.008126441155603,1.683879843384374,-8.361945454944037,162,0.004295267489711934,0.007741769547325103,0.03462462084873999,0.004091108068587182
3rd_avenue/north_to_south/004_n00110_S_R.jpg,n00110,30.95748076775207,measured,15.478740383876035,1.8501461444624994,-9.174717398567067,178,0.007190230961298377,0.036743133583021226,0.1043771984563848,0.007302445506223203
east_37th_street/east_to_west/001_n00454_W_R.jpg,n00454,22.432820915325177,measured,11.216410457662588,2.5524151870278473,-12.565137688199954,245,0.0003514739229024943,0.20040532879818593,0.14508919562497477,0.004232756185171732
3rd_avenue/north_to_south/024_n00090_S_R.jpg,n00090,30.05573836445975,measured,15.027869182229875,1.9056145227671275,-9.445090801313956,184,0.00910703502415459,0.03701690821256039,0.03025293308620588,0.005436571137624534
east_34th_street/west_to_east/029_n00295_E_R.jpg,n00295,30.439747988200608,measured,15.219873994100304,1.8815918224101313,-9.328044545041863,181,0.022594383057090238,0.09139042357274402,0.17362217130651567,0.010467989854114082
east_38th_street/west_to_east/038_n00492_E_L.jpg,n00492,18.0499580093351,measured,9.02497900466755,3.171047089168159,-15.483208041843337,305,0.008592896174863389,0.11998406193078325,0.15344371796424103,0.006930667709817728
2nd_avenue/north_to_south/006_n00074_S_R.jpg,n00074,31.195152362698167,measured,15.597576181349083,1.8360598194372892,-9.105991991751727,176,0.011426767676767677,0.06193576388888889,0.011970236043973785,0.002358344121874816
east_39th_street/west_to_east/023_n00524_E_R.jpg,n00524,18.02249168517871,measured,9.011245842589355,3.1758698880744953,-15.505669944932151,305,0.004660746812386157,0.014820127504553735,0.03532781643025014,0.005918174734012002
3rd_avenue/north_to_south/010_n00104_S_L.jpg,n00104,41.19544967263888,measured,20.59772483631944,1.3905547833523229,-6.9202901626061735,133,0.01164891395154553,0.05139411027568922,0.06732826039037444,0.008030866094796352
3rd_avenue/north_to_south/011_n00103_S_L.jpg,n00103,33.963760067507266,measured,16.981880033753633,1.686480868297684,-8.374686139980245,162,0.014720507544581618,0.053125,0.06995592997227577,0.010608473739603417
east_38th_street/west_to_east/007_n00461_E_R.jpg,n00461,18.31838371401565,measured,9.159191857007825,3.124673383479109,-15.266987635532454,300,0.0025439814814814813,0.05806018518518519,0.028493391824303556,0.0020342998003731747
east_39th_street/east_to_west/015_n00534_W_R.jpg,n00534,21.549330482154524,measured,10.774665241077262,2.656913400442714,-13.06295217961733,256,0.007392035590277778,0.048670789930555555,0.2756223979435022,0.012373448079950078
east_41st_street/east_to_west/007_n00634_W_R.jpg,n00634,21.4666130693183,measured,10.73330653465915,2.6671365436286942,-13.11155188876414,257,0.031247297881539127,0.39282317336792044,0.25542454074964066,0.014481482516353566
east_41st_street/west_to_east/010_n00604_E_L.jpg,n00604,39.54905466789186,measured,19.77452733394593,1.448418281962574,-7.205407933655243,139,0.012205235811350919,0.03221922462030376,0.0025073657020623966,0.0009527291129179978
Park_Ave_East/north_to_south/010_n00142_S_L.jpg,n00142,42.248520170500896,measured,21.124260085250448,1.3559074497829084,-6.749409010524805,130,0.008867521367521367,0.19277777777777777,0.2503216493907983,0.01700725889555677
east_39th_street/east_to_west/017_n00532_W_R.jpg,n00532,25.890655592983023,measured,12.945327796491512,2.211891208576012,-10.930394980836104,212,0.01818985849056604,0.1572097746331237,0.07440018813974499,0.007140229306956514
east_36th_street/west_to_east/032_n00392_E_L.jpg,n00392,33.508456627242886,measured,16.754228313621443,1.7093827894103966,-8.486832704075349,164,0.02246358401084011,0.10235433604336043,0.060659544676980204,0.004936339843713618
lexington_avenue/south_to_north/022_n00710_N_L.jpg,n00710,23.46213476729044,measured,11.73106738364522,2.4405759703329912,-12.03029923893824,234,0.006057098765432099,0.012318969610636277,0.03626657477002555,0.003959938031859572
lexington_avenue/north_to_south/003_n00720_S_R.jpg,n00720,23.390191091695108,measured,11.695095545847554,2.4480735881849256,-12.066219286889902,235,0.0011436170212765957,0.004618794326241135,0.0006065644006072629,0.0001501858112827964
east_42nd_street/west_to_east/041_n00681_E_R.jpg,n00681,33.78833959153811,measured,16.894169795769056,1.6952315526816606,-8.417544022192102,163,0.002637184730743013,0.019061008861622358,0.3126426183091639,0.006368732167860392
east_35th_street/west_to_east/033_n00346_E_R.jpg,n00346,18.230740588569063,measured,9.115370294284531,3.139665070651724,-15.336934298828867,301,0.005848560354374308,0.030950073827980804,0.05125837858311524,0.005791661621665254
east_42nd_street/west_to_east/034_n00674_E_R.jpg,n00674,30.988787807289228,measured,15.494393903644614,1.8482782945948173,-9.16560585839424,178,0.006168071161048689,0.008711766541822721,0.005064793341219059,0.001951639392612876
Park_Ave_West/south_to_north/002_n00210_N_R.jpg,n00210,42.72116045728099,measured,21.360580228640494,1.340912042545837,-6.675415369791776,128,0.018326822916666666,0.135546875,0.29460635018208575,0.01352564878718166
lexington_avenue/north_to_south/027_n00696_S_R.jpg,n00696,22.50839374810624,measured,11.25419687405312,2.543856627523544,-12.524282952151356,245,0.008928571428571428,0.023089569160997733,0.032523183721876056,0.005023657175854779
lexington_avenue/north_to_south/006_n00717_S_L.jpg,n00717,23.250669230785025,measured,11.625334615392513,2.462745875228338,-12.136485473794936,236,0.0022598870056497176,0.005576153483992467,0.014014237770140422,0.0020440017261666374
east_34th_street/east_to_west/008_n00306_W_L.jpg,n00306,30.60613803197766,measured,15.30306901598883,1.8713698555419098,-9.278216952216658,180,0.0035455246913580246,0.014992283950617283,0.014445391352401886,0.002126662133926936
east_34th_street/west_to_east/028_n00294_E_L.jpg,n00294,30.039081987247847,measured,15.019540993623924,1.9066703876856224,-9.450233569091223,184,0.004623339371980676,0.04398777173913043,0.020984489337195475,0.0018061105057109415
east_38th_street/east_to_west/016_n00486_W_L.jpg,n00486,38.18405411770063,measured,19.092027058850316,1.5001729714083396,-7.460134180229773,144,0.00013503086419753085,0.004398148148148148,0.08189201523745658,0.005703956212492355
east_41st_street/west_to_east/028_n00622_E_R.jpg,n00622,31.00565649905113,measured,15.502828249525566,1.8472734318385864,-9.160703861667892,178,0.0002613920099875156,0.0005110799001248439,0.18897217021989998,0.00807044995203368
east_34th_street/east_to_west/021_n00293_W_L.jpg,n00293,30.08580888272012,measured,15.04290444136006,1.9037112789128716,-9.435820359862984,182,0.031146978021978022,0.12703373015873015,0.02987960298167345,0.006637281473823428
lexington_avenue/north_to_south/023_n00700_S_R.jpg,n00700,21.75741534281927,measured,10.878707671409636,2.6315389462981873,-12.94224569022055,253,0.004059617918313571,0.020742753623188406,0.0029326981288477836,0.0005739659299412297
madison_avenue/south_to_north/014_n00736_N_R.jpg,n00736,22.521426132629564,measured,11.260713066314782,2.542386516141909,-12.51726404851778,245,0.0036422902494331064,0.011567460317460317,0.0077277779330085904,0.0013737926923542616
east_41st_street/west_to_east/016_n00610_E_L.jpg,n00610,18.55487746225436,measured,9.27743873112718,3.0849248480986393,-15.081317337692512,296,0.0013349286786786788,0.005205987237237237,0.0008611429334277137,0.00022081583105920192
east_41st_street/west_to_east/042_n00636_E_L.jpg,n00636,18.919867484953063,measured,9.459933742476531,3.0255240967996997,-14.80327053671808,290,0.0005842911877394636,0.018237547892720307,0.14567441578883641,0.007456900164855123
2nd_avenue/south_to_north/018_n00063_N_L.jpg,n00063,30.683184377199613,measured,15.341592188599806,1.8666741214465588,-9.255322757265601,179,0.005090006207324643,0.015297175667287399,0.09101570625362852,0.0076404606008674296
Park_Ave_Tunnel_Segment/west_to_east/021_n00188_E_L.jpg,n00188,43.19105226937229,measured,21.595526134686146,1.3263289923684773,-6.60343587992039,127,0.020521653543307088,0.5505468066491689,0.17983179189136328,0.0060268363028987805
east_34th_street/west_to_east/022_n00288_E_L.jpg,n00288,30.68992998597939,measured,15.344964992989695,1.866264118950014,-9.253323641744617,179,0.0028010552451893235,0.016538640595903167,0.04361403721193042,0.0037224348884356147
madison_avenue/south_to_north/021_n00743_N_L.jpg,n00743,23.618063577858084,measured,11.809031788929042,2.424482335603258,-11.953165828370562,233,0.0,0.0,0.0,0.0
east_39th_street/west_to_east/021_n00522_E_R.jpg,n00522,18.345284635852664,measured,9.172642317926332,3.1201005248122624,-15.245643171354738,300,0.008851851851851852,0.014405092592592593,0.02440538837197028,0.005194022992787976
east_42nd_street/west_to_east/030_n00670_E_L.jpg,n00670,32.15968279988389,measured,16.079841399941945,1.781028885171117,-8.837261639586911,172,7.267441860465116e-05,7.267441860465116e-05,0.017187155581634334,0.0023467018109226607
east_41st_street/east_to_west/042_n00599_W_R.jpg,n00599,18.479005794338647,measured,9.239502897169324,3.097566411418174,-15.140401492414405,298,0.00019341909023117077,0.00040082028337061894,0.00011758734061676306,7.451079009379046e-05
madison_avenue/north_to_south/014_n00743_S_R.jpg,n00743,23.618063577858084,measured,11.809031788929042,2.424482335603258,-11.953165828370562,233,0.0003874582737243681,0.0006437768240343348,0.0001210800339024095,8.266040776029879e-05
2nd_avenue/north_to_south/003_n00077_S_R.jpg,n00077,34.7823353571647,measured,17.39116767858235,1.6468129675725598,-8.180293297153673,158,0.009084915611814346,0.05146800281293952,0.06742993657268993,0.004862993284715043
east_36th_street/east_to_west/036_n00372_W_R.jpg,n00372,21.80051370504265,measured,10.900256852521325,2.6263438365967353,-12.917518660422447,252,0.02488150352733686,0.11069499559082892,0.19911378729032198,0.016128869516083465
east_36th_street/east_to_west/027_n00381_W_L.jpg,n00381,20.059976915335767,measured,10.029988457667883,2.853861148448337,-13.995928741595531,274,0.0036090835360908353,0.004298459042984591,0.04823525850587238,0.006796781133867948
east_34th_street/east_to_west/013_n00301_W_L.jpg,n00301,30.266067436552312,measured,15.133033718276156,1.892381429436809,-9.380624327084297,181,0.002282842234499693,0.015020718232044199,0.030774120539830675,0.0023467018109226607
east_37th_street/east_to_west/012_n00443_W_L.jpg,n00443,45.535399022630415,measured,22.767699511315207,1.2580667455550893,-6.266241137213428,121,1.721763085399449e-05,0.01709710743801653,0.009947966631584503,0.0012655192004992224
lexington_avenue/north_to_south/007_n00716_S_R.jpg,n00716,23.085322935861907,measured,11.542661467930953,2.480363092368936,-12.220808138501667,239,0.0012319851231985123,0.0024814039981404,0.004223054259378269,0.0011463795517555053
east_42nd_street/east_to_west/042_n00647_W_R.jpg,n00647,47.30703943252725,measured,23.653519716263624,1.2109666667485794,-6.033335655799955,116,0.0,0.0,0.004643341684751057,0.0011436630125333358
Park_Ave_East/south_to_north/007_n00120_N_R.jpg,n00120,42.70202718283907,measured,21.351013591419534,1.3415126384985552,-6.678379376813019,128,0.016731770833333333,0.05586480034722222,0.2832783816256392,0.011244920071654544
east_41st_street/west_to_east/041_n00635_E_L.jpg,n00635,23.03488308850614,measured,11.51744154425307,2.4857875771554108,-12.246761422948959,239,0.007290213854021385,0.05708391445839145,0.22725364093871178,0.012623757765421404
Park_Ave_West/north_to_south/008_n00238_S_R.jpg,n00238,43.12505493362056,measured,21.56252746681028,1.3283580411521385,-6.613452132574572,127,0.020379483814523185,0.08568460192475941,0.008375090421948395,0.002183709457592494
2nd_avenue/south_to_north/003_n00048_N_L.jpg,n00048,36.32486517739361,measured,18.162432588696806,1.5769173994704155,-7.837329048919454,151,0.011189293598233995,0.07317420897718911,0.11842209431203256,0.010566561420175659
east_36th_street/west_to_east/011_n00371_E_R.jpg,n00371,20.41544083858768,measured,10.20772041929384,2.8042510951982256,-13.761579955057263,270,0.006468621399176954,0.03241769547325103,0.25941474878997584,0.01205095606657539
Park_Ave_West/south_to_north/024_n00232_N_R.jpg,n00232,42.30492711284491,measured,21.152463556422454,1.3541002347952096,-6.740492597597342,130,0.002510683760683761,0.018498931623931625,0.010302669038593485,0.0013260592174504271
east_34th_street/east_to_west/004_n00310_W_L.jpg,n00310,30.94010301882585,measured,15.470051509412926,1.8511845705830523,-9.179782740767376,178,0.010334737827715356,0.04431179775280899,0.08975057513016103,0.009263398747597804
Park_Ave_Tunnel_Segment/east_to_west/045_n00173_W_R.jpg,n00173,42.74847423809172,measured,21.37423711904586,1.3400555904967721,-6.671188625256682,128,0.01044921875,0.13024088541666667,0.41045588185072385,0.009497797274767853
east_40th_street/west_to_east/037_n00585_E_L.jpg,n00585,36.12333803407692,measured,18.06166901703846,1.5857103260061807,-7.880504584168232,152,0.02679550438596491,0.179093567251462,0.1864942983722497,0.010708209536760209
