file,sky_share,road_share,ceiling_share,indoor,node_id
abchurch_lane/north_to_south/001_n00008_S_L.jpg,0.022234,0.094531,0.0,False,n00008
abchurch_lane/north_to_south/001_n00008_S_R.jpg,0.015599,0.048196,0.0,False,n00008
abchurch_lane/north_to_south/002_n00007_S_L.jpg,0.027394,0.096918,0.0,False,n00007
abchurch_lane/north_to_south/002_n00007_S_R.jpg,0.023053,0.050835,0.0,False,n00007
abchurch_lane/north_to_south/003_n00006_S_L.jpg,0.041554,0.085902,0.0,False,n00006
abchurch_lane/north_to_south/003_n00006_S_R.jpg,0.018669,0.147462,0.0,False,n00006
abchurch_lane/north_to_south/004_n00005_W_L.jpg,0.0,0.0,0.234237,True,n00005
abchurch_lane/north_to_south/004_n00005_W_R.jpg,0.0,0.0,0.0941,True,n00005
abchurch_lane/north_to_south/005_n00004_S_L.jpg,0.0,0.0,0.032122,True,n00004
abchurch_lane/north_to_south/005_n00004_S_R.jpg,0.0,0.0,0.324779,True,n00004
abchurch_lane/north_to_south/006_n00003_S_L.jpg,0.112763,0.10469,0.0,False,n00003
abchurch_lane/north_to_south/006_n00003_S_R.jpg,0.019351,0.048708,0.0,False,n00003
abchurch_lane/north_to_south/007_n00002_S_L.jpg,0.246168,0.08684,0.0,False,n00002
abchurch_lane/north_to_south/007_n00002_S_R.jpg,0.067063,0.120167,0.0,False,n00002
abchurch_lane/north_to_south/008_n00001_S_L.jpg,0.10811,0.093327,0.0,False,n00001
abchurch_lane/north_to_south/008_n00001_S_R.jpg,0.005277,0.057477,0.0,False,n00001
abchurch_lane/north_to_south/009_n00000_S_L.jpg,0.080656,0.166087,0.0,False,n00000
abchurch_lane/north_to_south/009_n00000_S_R.jpg,0.019474,0.117192,0.0,False,n00000
abchurch_lane/south_to_north/001_n00000_N_L.jpg,0.142481,0.371566,0.0,False,n00000
abchurch_lane/south_to_north/001_n00000_N_R.jpg,0.310134,0.351989,0.0,False,n00000
abchurch_lane/south_to_north/002_n00001_N_L.jpg,0.136389,0.176784,0.0,False,n00001
abchurch_lane/south_to_north/002_n00001_N_R.jpg,0.281925,0.067955,0.0,False,n00001
abchurch_lane/south_to_north/003_n00002_N_L.jpg,0.027051,0.088773,0.0,False,n00002
abchurch_lane/south_to_north/003_n00002_N_R.jpg,0.221778,0.06183,0.0,False,n00002
abchurch_lane/south_to_north/004_n00003_N_L.jpg,0.026184,0.090946,0.0,False,n00003
abchurch_lane/south_to_north/004_n00003_N_R.jpg,0.019143,0.051415,0.0,False,n00003
abchurch_lane/south_to_north/005_n00004_N_L.jpg,0.0,0.0,0.293321,True,n00004
abchurch_lane/south_to_north/005_n00004_N_R.jpg,0.0,0.0,0.337731,True,n00004
abchurch_lane/south_to_north/006_n00005_E_L.jpg,0.0,0.0,0.32889,True,n00005
abchurch_lane/south_to_north/006_n00005_E_R.jpg,0.0,0.0,0.251944,True,n00005
abchurch_lane/south_to_north/007_n00006_N_L.jpg,0.009992,0.084474,0.0,False,n00006
abchurch_lane/south_to_north/007_n00006_N_R.jpg,0.009753,0.067473,0.0,False,n00006
abchurch_lane/south_to_north/008_n00007_N_L.jpg,0.010773,0.089384,0.0,False,n00007
abchurch_lane/south_to_north/008_n00007_N_R.jpg,0.004128,0.053342,0.0,False,n00007
abchurch_lane/south_to_north/009_n00008_N_L.jpg,0.0,0.086601,0.0,False,n00008
abchurch_lane/south_to_north/009_n00008_N_R.jpg,0.0,0.053863,0.0,False,n00008
abchurch_yard/north_to_south/001_n00011_S_F.jpg,0.012426,0.0,0.0,False,n00011
abchurch_yard/north_to_south/002_n00010_S_F.jpg,0.0,0.0,0.385425,True,n00010
abchurch_yard/north_to_south/003_n00009_E_L.jpg,0.228819,0.110042,0.0,False,n00009
abchurch_yard/north_to_south/003_n00009_E_R.jpg,0.241866,0.039001,0.0,False,n00009
abchurch_yard/south_to_north/001_n00009_W_L.jpg,0.095376,0.168914,0.0,False,n00009
abchurch_yard/south_to_north/001_n00009_W_R.jpg,0.00178,0.043601,0.0,False,n00009
abchurch_yard/south_to_north/002_n00010_N_F.jpg,0.0,0.0,0.420422,True,n00010
abchurch_yard/south_to_north/003_n00011_N_F.jpg,0.0,0.261946,0.0,False,n00011
adams_court/east_to_west/001_n00012_W_F.jpg,0.0,0.0,0.0,False,n00012
adams_court/east_to_west/002_n00013_N_L.jpg,0.093827,0.3159,0.0,False,n00013
adams_court/east_to_west/002_n00013_N_R.jpg,0.005676,0.222523,0.0,False,n00013
adams_court/east_to_west/003_n00014_W_F.jpg,0.0,0.0,0.033944,True,n00014
adams_court/east_to_west/004_n00015_N_F.jpg,0.0,0.0,5.7e-05,False,n00015
adams_court/east_to_west/005_n00016_W_F.jpg,0.0,0.0,0.0,False,n00016
adams_court/west_to_east/001_n00015_S_F.jpg,0.016462,0.020773,0.0,False,n00015
adams_court/west_to_east/002_n00016_E_F.jpg,3e-05,0.0,0.0,False,n00016
adams_court/west_to_east/003_n00014_E_F.jpg,0.0,0.0,0.01243,False,n00014
adams_court/west_to_east/004_n00013_S_L.jpg,0.017983,0.253886,0.0,False,n00013
adams_court/west_to_east/004_n00013_S_R.jpg,0.0,0.004424,0.0,False,n00013
adams_court/west_to_east/005_n00012_E_F.jpg,0.0,0.0,0.103573,True,n00012
alderman_s_walk/east_to_west/001_n00017_W_L.jpg,0.045812,0.311795,0.0,False,n00017
alderman_s_walk/east_to_west/001_n00017_W_R.jpg,0.050577,0.26535,0.0,False,n00017
alderman_s_walk/east_to_west/002_n00018_W_F.jpg,0.015065,0.000171,0.0,False,n00018
alderman_s_walk/east_to_west/003_n00019_W_F.jpg,0.051877,0.000288,0.0,False,n00019
alderman_s_walk/east_to_west/004_n00020_W_F.jpg,0.066499,1.6e-05,0.0,False,n00020
alderman_s_walk/west_to_east/001_n00020_E_F.jpg,0.016172,0.016496,0.0,False,n00020
alderman_s_walk/west_to_east/002_n00019_E_F.jpg,0.0,0.041312,0.0,False,n00019
alderman_s_walk/west_to_east/003_n00018_E_F.jpg,0.00194,0.003125,0.0,False,n00018
alderman_s_walk/west_to_east/004_n00017_E_L.jpg,0.265257,0.187621,0.0,False,n00017
alderman_s_walk/west_to_east/004_n00017_E_R.jpg,0.037144,0.214312,0.0,False,n00017
aldermanbury/north_to_south/001_n00031_S_L.jpg,0.064735,0.196557,0.0,False,n00031
aldermanbury/north_to_south/001_n00031_S_R.jpg,0.051734,0.350002,0.0,False,n00031
aldermanbury/north_to_south/002_n00032_S_L.jpg,0.035604,0.307896,0.0,False,n00032
aldermanbury/north_to_south/002_n00032_S_R.jpg,0.015072,0.134279,0.0,False,n00032
aldermanbury/north_to_south/003_n00029_S_L.jpg,0.132065,0.19378,0.0,False,n00029
aldermanbury/north_to_south/003_n00029_S_R.jpg,0.016238,0.118495,0.0,False,n00029
aldermanbury/north_to_south/004_n00030_S_L.jpg,0.041147,0.136407,0.0,False,n00030
aldermanbury/north_to_south/004_n00030_S_R.jpg,0.025604,0.144395,0.0,False,n00030
aldermanbury/north_to_south/005_n00027_S_L.jpg,0.239668,0.154862,0.0,False,n00027
aldermanbury/north_to_south/005_n00027_S_R.jpg,0.132972,0.125404,0.0,False,n00027
aldermanbury/north_to_south/006_n00028_S_L.jpg,0.02093,0.12985,0.0,False,n00028
aldermanbury/north_to_south/006_n00028_S_R.jpg,0.051864,0.168309,0.0,False,n00028
aldermanbury/north_to_south/007_n00025_S_L.jpg,0.137982,0.274036,0.0,False,n00025
aldermanbury/north_to_south/007_n00025_S_R.jpg,0.155445,0.200795,0.0,False,n00025
aldermanbury/north_to_south/008_n00026_S_L.jpg,0.012863,0.136449,0.0,False,n00026
aldermanbury/north_to_south/008_n00026_S_R.jpg,0.075732,0.235284,0.0,False,n00026
aldermanbury/north_to_south/009_n00024_S_L.jpg,0.117599,0.002717,0.0,False,n00024
aldermanbury/north_to_south/009_n00024_S_R.jpg,0.033158,0.238239,0.0,False,n00024
aldermanbury/north_to_south/010_n00023_S_L.jpg,0.070116,0.181025,0.0,False,n00023
aldermanbury/north_to_south/010_n00023_S_R.jpg,0.123339,0.25908,0.0,False,n00023
aldermanbury/north_to_south/011_n00022_S_L.jpg,0.097309,0.223228,0.0,False,n00022
aldermanbury/north_to_south/011_n00022_S_R.jpg,0.0,0.020474,0.0,False,n00022
aldermanbury/north_to_south/012_n00021_W_L.jpg,0.050782,0.221537,0.0,False,n00021
aldermanbury/north_to_south/012_n00021_W_R.jpg,0.129253,0.239802,0.0,False,n00021
aldermanbury/south_to_north/001_n00021_E_L.jpg,0.208006,0.324315,0.0,False,n00021
aldermanbury/south_to_north/001_n00021_E_R.jpg,0.055519,0.302338,0.0,False,n00021
aldermanbury/south_to_north/002_n00022_N_L.jpg,0.138334,0.014563,0.0,False,n00022
aldermanbury/south_to_north/002_n00022_N_R.jpg,0.091161,0.174771,0.0,False,n00022
aldermanbury/south_to_north/003_n00023_N_L.jpg,0.111469,0.215131,0.0,False,n00023
aldermanbury/south_to_north/003_n00023_N_R.jpg,0.169475,0.200297,0.0,False,n00023
aldermanbury/south_to_north/004_n00024_N_L.jpg,0.021005,0.10272,0.0,False,n00024
aldermanbury/south_to_north/004_n00024_N_R.jpg,0.00111,0.152458,0.0,False,n00024
aldermanbury/south_to_north/005_n00025_N_L.jpg,0.03056,0.224511,0.0,False,n00025
aldermanbury/south_to_north/005_n00025_N_R.jpg,0.239277,0.364177,0.0,False,n00025
aldermanbury/south_to_north/006_n00026_N_L.jpg,0.029047,0.139066,0.0,False,n00026
aldermanbury/south_to_north/006_n00026_N_R.jpg,0.017254,0.138044,0.0,False,n00026
aldermanbury/south_to_north/007_n00027_N_L.jpg,0.023602,0.125048,0.0,False,n00027
aldermanbury/south_to_north/007_n00027_N_R.jpg,0.104759,0.163943,0.0,False,n00027
aldermanbury/south_to_north/008_n00028_N_L.jpg,0.02683,0.141714,0.0,False,n00028
aldermanbury/south_to_north/008_n00028_N_R.jpg,0.058749,0.165109,0.0,False,n00028
aldermanbury/south_to_north/009_n00029_N_L.jpg,0.093456,0.245942,0.0,False,n00029
aldermanbury/south_to_north/009_n00029_N_R.jpg,0.0,0.147758,0.0,False,n00029
aldermanbury/south_to_north/010_n00030_N_L.jpg,0.0,0.138162,0.0,False,n00030
aldermanbury/south_to_north/010_n00030_N_R.jpg,0.007326,0.125921,0.0,False,n00030
aldermanbury/south_to_north/011_n00031_N_L.jpg,0.037371,0.30972,0.0,False,n00031
aldermanbury/south_to_north/011_n00031_N_R.jpg,0.073281,0.308859,0.0,False,n00031
aldermanbury/south_to_north/012_n00032_N_L.jpg,0.142192,0.311253,0.0,False,n00032
aldermanbury/south_to_north/012_n00032_N_R.jpg,0.254655,0.349642,0.0,False,n00032
aldermanbury_square/east_to_west/001_n00037_W_L.jpg,0.024219,0.140651,0.0,False,n00037
aldermanbury_square/east_to_west/001_n00037_W_R.jpg,0.041579,0.291549,0.0,False,n00037
aldermanbury_square/east_to_west/002_n00036_W_L.jpg,0.0,0.22809,0.0,False,n00036
aldermanbury_square/east_to_west/002_n00036_W_R.jpg,0.0,0.297674,0.0,False,n00036
aldermanbury_square/east_to_west/003_n00035_W_L.jpg,0.0,0.0,0.0,False,n00035
aldermanbury_square/east_to_west/003_n00035_W_R.jpg,0.0,0.13136,0.0,False,n00035
aldermanbury_square/east_to_west/004_n00034_S_L.jpg,0.149878,0.000683,0.0,False,n00034
aldermanbury_square/east_to_west/004_n00034_S_R.jpg,0.0,0.0,0.0,False,n00034
aldermanbury_square/east_to_west/005_n00033_S_L.jpg,0.034978,0.001265,0.0,False,n00033
aldermanbury_square/east_to_west/005_n00033_S_R.jpg,0.0,0.103427,0.0,False,n00033
aldermanbury_square/west_to_east/001_n00033_N_L.jpg,0.007159,0.02226,0.0,False,n00033
aldermanbury_square/west_to_east/001_n00033_N_R.jpg,0.223298,0.143027,0.0,False,n00033
aldermanbury_square/west_to_east/002_n00034_N_L.jpg,0.0,6.4e-05,0.0,False,n00034
aldermanbury_square/west_to_east/002_n00034_N_R.jpg,0.106439,0.002085,0.0,False,n00034
aldermanbury_square/west_to_east/003_n00035_E_L.jpg,0.128753,0.004133,0.0,False,n00035
aldermanbury_square/west_to_east/003_n00035_E_R.jpg,0.127699,0.016498,0.0,False,n00035
aldermanbury_square/west_to_east/004_n00036_E_L.jpg,0.055341,0.0051,0.0,False,n00036
aldermanbury_square/west_to_east/004_n00036_E_R.jpg,0.115793,0.19232,0.0,False,n00036
aldermanbury_square/west_to_east/005_n00037_E_L.jpg,0.05592,0.118209,0.0,False,n00037
aldermanbury_square/west_to_east/005_n00037_E_R.jpg,0.091354,0.130577,0.0,False,n00037
aldersgate_rotunda/north_to_south/001_n00045_W_L.jpg,0.175496,0.359352,0.0,False,n00045
aldersgate_rotunda/north_to_south/001_n00045_W_R.jpg,0.006163,0.313599,0.0,False,n00045
aldersgate_rotunda/north_to_south/002_n00044_W_L.jpg,0.102164,0.2686,0.0,False,n00044
aldersgate_rotunda/north_to_south/002_n00044_W_R.jpg,0.0,0.353226,0.0,False,n00044
aldersgate_rotunda/north_to_south/003_n00043_S_L.jpg,0.139716,0.299332,0.0,False,n00043
aldersgate_rotunda/north_to_south/003_n00043_S_R.jpg,0.0,0.319032,0.0,False,n00043
aldersgate_rotunda/north_to_south/004_n00042_S_L.jpg,0.032832,0.260076,0.0,False,n00042
aldersgate_rotunda/north_to_south/004_n00042_S_R.jpg,0.0,0.329596,0.0,False,n00042
aldersgate_rotunda/north_to_south/005_n00041_E_L.jpg,0.088613,0.316243,0.0,False,n00041
aldersgate_rotunda/north_to_south/005_n00041_E_R.jpg,0.081381,0.353247,0.0,False,n00041
aldersgate_rotunda/north_to_south/006_n00040_E_L.jpg,0.00969,0.297583,0.0,False,n00040
aldersgate_rotunda/north_to_south/006_n00040_E_R.jpg,0.064633,0.394681,0.0,False,n00040
aldersgate_rotunda/north_to_south/007_n00039_E_L.jpg,0.169276,0.302501,0.0,False,n00039
aldersgate_rotunda/north_to_south/007_n00039_E_R.jpg,0.073955,0.358581,0.0,False,n00039
aldersgate_rotunda/north_to_south/008_n00038_N_L.jpg,0.0,0.277422,0.269387,False,n00038
aldersgate_rotunda/north_to_south/008_n00038_N_R.jpg,0.080628,0.374983,0.0,False,n00038
aldersgate_rotunda/south_to_north/001_n00038_S_L.jpg,0.034696,0.390194,0.0,False,n00038
aldersgate_rotunda/south_to_north/001_n00038_S_R.jpg,0.086879,0.052934,0.0,False,n00038
aldersgate_rotunda/south_to_north/002_n00039_W_L.jpg,0.108789,0.367162,0.0,False,n00039
aldersgate_rotunda/south_to_north/002_n00039_W_R.jpg,0.106559,0.190231,0.0,False,n00039
aldersgate_rotunda/south_to_north/003_n00040_W_L.jpg,0.040239,0.380281,0.0,False,n00040
aldersgate_rotunda/south_to_north/003_n00040_W_R.jpg,0.032967,0.169659,0.0,False,n00040
aldersgate_rotunda/south_to_north/004_n00041_W_L.jpg,0.0,0.386555,0.0,False,n00041
aldersgate_rotunda/south_to_north/004_n00041_W_R.jpg,0.018688,0.11654,0.0,False,n00041
aldersgate_rotunda/south_to_north/005_n00042_N_L.jpg,0.0,0.381744,0.0,False,n00042
aldersgate_rotunda/south_to_north/005_n00042_N_R.jpg,0.056414,0.188727,0.0,False,n00042
aldersgate_rotunda/south_to_north/006_n00043_N_L.jpg,0.022776,0.395671,0.0,False,n00043
aldersgate_rotunda/south_to_north/006_n00043_N_R.jpg,0.169618,0.171393,0.0,False,n00043
aldersgate_rotunda/south_to_north/007_n00044_E_L.jpg,0.13063,0.372956,0.0,False,n00044
aldersgate_rotunda/south_to_north/007_n00044_E_R.jpg,0.142329,0.200247,0.0,False,n00044
aldersgate_rotunda/south_to_north/008_n00045_E_L.jpg,0.19888,0.379054,0.0,False,n00045
aldersgate_rotunda/south_to_north/008_n00045_E_R.jpg,0.067028,0.374332,0.0,False,n00045
aldersgate_street/north_to_south/001_n00052_S_L.jpg,0.030765,0.044633,0.0,False,n00052
aldersgate_street/north_to_south/001_n00052_S_R.jpg,0.075868,0.381887,0.0,False,n00052
aldersgate_street/north_to_south/002_n00054_S_L.jpg,0.086996,0.289996,0.0,False,n00054
aldersgate_street/north_to_south/002_n00054_S_R.jpg,0.123536,0.194558,0.0,False,n00054
aldersgate_street/north_to_south/003_n00055_S_L.jpg,0.214966,0.267214,0.0,False,n00055
aldersgate_street/north_to_south/003_n00055_S_R.jpg,0.061969,0.281301,0.0,False,n00055
aldersgate_street/north_to_south/004_n00049_S_L.jpg,0.030033,0.279398,0.0,False,n00049
aldersgate_street/north_to_south/004_n00049_S_R.jpg,0.064124,0.313713,0.0,False,n00049
aldersgate_street/north_to_south/005_n00051_S_L.jpg,0.020188,0.298009,0.0,False,n00051
aldersgate_street/north_to_south/005_n00051_S_R.jpg,0.175832,0.270457,0.0,False,n00051
aldersgate_street/north_to_south/006_n00053_S_L.jpg,0.185806,0.369155,0.0,False,n00053
aldersgate_street/north_to_south/006_n00053_S_R.jpg,0.089926,0.283979,0.0,False,n00053
aldersgate_street/north_to_south/007_n00046_S_L.jpg,0.075937,0.315126,0.0,False,n00046
aldersgate_street/north_to_south/007_n00046_S_R.jpg,0.09662,0.301822,0.0,False,n00046
aldersgate_street/north_to_south/008_n00048_S_L.jpg,5.4e-05,0.356853,0.425866,False,n00048
aldersgate_street/north_to_south/008_n00048_S_R.jpg,0.022224,0.396584,0.0,False,n00048
aldersgate_street/north_to_south/009_n00050_S_L.jpg,0.134606,0.301837,0.0,False,n00050
aldersgate_street/north_to_south/009_n00050_S_R.jpg,0.160327,0.313082,0.0,False,n00050
aldersgate_street/north_to_south/010_n00047_S_L.jpg,0.110378,0.165705,0.0,False,n00047
aldersgate_street/north_to_south/010_n00047_S_R.jpg,0.028339,0.32924,0.0,False,n00047
aldersgate_street/south_to_north/001_n00046_N_L.jpg,0.082648,0.302937,0.0,False,n00046
aldersgate_street/south_to_north/001_n00046_N_R.jpg,0.063396,0.330249,0.0,False,n00046
aldersgate_street/south_to_north/002_n00047_N_L.jpg,0.05625,0.310528,0.0,False,n00047
aldersgate_street/south_to_north/002_n00047_N_R.jpg,0.210698,0.378421,0.0,False,n00047
aldersgate_street/south_to_north/003_n00048_N_L.jpg,0.035331,0.221596,0.0,False,n00048
aldersgate_street/south_to_north/003_n00048_N_R.jpg,0.055037,0.262487,0.000139,False,n00048
aldersgate_street/south_to_north/004_n00049_N_L.jpg,0.115702,0.296764,0.0,False,n00049
aldersgate_street/south_to_north/004_n00049_N_R.jpg,0.135787,0.279598,0.0,False,n00049
aldersgate_street/south_to_north/005_n00050_N_L.jpg,0.039574,0.25446,0.0,False,n00050
aldersgate_street/south_to_north/005_n00050_N_R.jpg,0.202433,0.306073,0.0,False,n00050
aldersgate_street/south_to_north/006_n00051_N_L.jpg,0.067675,0.258821,0.0,False,n00051
aldersgate_street/south_to_north/006_n00051_N_R.jpg,0.080237,0.284939,0.0,False,n00051
aldersgate_street/south_to_north/007_n00052_N_L.jpg,0.113251,0.409905,0.0,False,n00052
aldersgate_street/south_to_north/007_n00052_N_R.jpg,0.017682,0.246836,2.6e-05,False,n00052
aldersgate_street/south_to_north/008_n00053_N_L.jpg,0.036037,0.28838,0.0,False,n00053
aldersgate_street/south_to_north/008_n00053_N_R.jpg,0.198336,0.276523,0.0,False,n00053
aldersgate_street/south_to_north/009_n00054_N_L.jpg,0.064931,0.27319,0.0,False,n00054
aldersgate_street/south_to_north/009_n00054_N_R.jpg,0.112727,0.31094,0.0,False,n00054
aldersgate_street/south_to_north/010_n00055_N_L.jpg,0.036794,0.324321,0.0,False,n00055
aldersgate_street/south_to_north/010_n00055_N_R.jpg,0.283181,0.297593,0.0,False,n00055
all_hallows_lane/north_to_south/001_n00062_S_L.jpg,0.045603,0.330893,0.0,False,n00062
all_hallows_lane/north_to_south/001_n00062_S_R.jpg,0.003426,0.356538,0.0,False,n00062
all_hallows_lane/north_to_south/002_n00061_S_L.jpg,0.054275,0.100655,0.0,False,n00061
all_hallows_lane/north_to_south/002_n00061_S_R.jpg,0.0,0.075164,0.0,False,n00061
all_hallows_lane/north_to_south/003_n00060_S_L.jpg,0.074693,0.102179,0.0,False,n00060
all_hallows_lane/north_to_south/003_n00060_S_R.jpg,0.007686,0.083201,0.0,False,n00060
all_hallows_lane/north_to_south/004_n00059_S_L.jpg,0.051851,0.097223,0.0,False,n00059
all_hallows_lane/north_to_south/004_n00059_S_R.jpg,0.004467,0.0828,0.0,False,n00059
all_hallows_lane/north_to_south/005_n00058_S_L.jpg,0.060492,0.085682,0.0,False,n00058
all_hallows_lane/north_to_south/005_n00058_S_R.jpg,0.007972,0.050057,0.0,False,n00058
all_hallows_lane/north_to_south/006_n00057_S_L.jpg,0.067313,0.0,0.0,False,n00057
all_hallows_lane/north_to_south/006_n00057_S_R.jpg,0.023153,0.000222,0.0,False,n00057
all_hallows_lane/north_to_south/007_n00056_S_F.jpg,0.273784,0.003058,0.0,False,n00056
all_hallows_lane/south_to_north/001_n00056_N_F.jpg,0.026657,0.001699,0.0,False,n00056
all_hallows_lane/south_to_north/002_n00057_N_L.jpg,0.014691,0.090973,0.0,False,n00057
all_hallows_lane/south_to_north/002_n00057_N_R.jpg,0.031799,0.074318,0.0,False,n00057
all_hallows_lane/south_to_north/003_n00058_N_L.jpg,0.015677,0.125305,0.0,False,n00058
all_hallows_lane/south_to_north/003_n00058_N_R.jpg,0.031599,0.046721,0.0,False,n00058
all_hallows_lane/south_to_north/004_n00059_N_L.jpg,0.012144,0.128413,0.0,False,n00059
all_hallows_lane/south_to_north/004_n00059_N_R.jpg,0.013307,0.052494,0.0,False,n00059
all_hallows_lane/south_to_north/005_n00060_N_L.jpg,0.0,0.09859,0.0,False,n00060
all_hallows_lane/south_to_north/005_n00060_N_R.jpg,0.025629,0.080216,0.0,False,n00060
all_hallows_lane/south_to_north/006_n00061_N_L.jpg,0.0,0.122296,0.0,False,n00061
all_hallows_lane/south_to_north/006_n00061_N_R.jpg,0.045961,0.110777,0.0,False,n00061
all_hallows_lane/south_to_north/007_n00062_N_L.jpg,0.001917,0.414283,0.016915,False,n00062
all_hallows_lane/south_to_north/007_n00062_N_R.jpg,0.055469,0.411461,0.0,False,n00062
angel_court/north_to_south/001_n00067_S_F.jpg,0.028008,0.0,0.0,False,n00067
angel_court/north_to_south/002_n00066_S_F.jpg,0.021121,0.0,0.0,False,n00066
angel_court/north_to_south/003_n00065_S_F.jpg,0.0,0.0,0.0,False,n00065
angel_court/north_to_south/004_n00064_S_F.jpg,0.0,0.0,0.0,False,n00064
angel_court/north_to_south/005_n00063_S_F.jpg,0.039319,0.285049,0.0,False,n00063
angel_court/south_to_north/001_n00063_N_F.jpg,0.003634,0.0,0.0,False,n00063
angel_court/south_to_north/002_n00064_N_F.jpg,0.013387,0.0,0.0,False,n00064
angel_court/south_to_north/003_n00065_N_F.jpg,0.004198,0.000129,0.0,False,n00065
angel_court/south_to_north/004_n00066_N_F.jpg,0.023773,0.0,0.0,False,n00066
angel_court/south_to_north/005_n00067_N_F.jpg,0.002238,0.0,0.0,False,n00067
angel_lane/north_to_south/001_n00069_S_L.jpg,0.054262,0.000255,0.0,False,n00069
angel_lane/north_to_south/001_n00069_S_R.jpg,0.007869,0.0,0.002708,False,n00069
angel_lane/north_to_south/002_n00068_S_F.jpg,0.038072,0.0,0.0,False,n00068
angel_lane/south_to_north/001_n00068_N_F.jpg,0.023801,0.0,0.0,False,n00068
angel_lane/south_to_north/002_n00069_N_L.jpg,0.001701,0.128724,0.0,False,n00069
angel_lane/south_to_north/002_n00069_N_R.jpg,0.051286,0.005861,0.0,False,n00069
angel_street/east_to_west/001_n00070_N_L.jpg,0.118955,0.031223,0.0,False,n00070
angel_street/east_to_west/001_n00070_N_R.jpg,0.0,0.112017,0.0,False,n00070
angel_street/east_to_west/002_n00071_W_L.jpg,0.021186,0.002734,0.0,False,n00071
angel_street/east_to_west/002_n00071_W_R.jpg,0.076809,0.279225,0.0,False,n00071
angel_street/east_to_west/003_n00072_W_L.jpg,0.077909,0.0,0.0,False,n00072
angel_street/east_to_west/003_n00072_W_R.jpg,0.007038,0.0,0.0,False,n00072
angel_street/east_to_west/004_n00073_W_L.jpg,0.0686,0.005369,0.0,False,n00073
angel_street/east_to_west/004_n00073_W_R.jpg,0.014666,0.0,0.0,False,n00073
angel_street/east_to_west/005_n00074_W_L.jpg,0.106562,7e-06,0.0,False,n00074
angel_street/east_to_west/005_n00074_W_R.jpg,0.020008,0.000639,0.0,False,n00074
angel_street/west_to_east/001_n00074_E_L.jpg,0.004338,0.0,0.0,False,n00074
angel_street/west_to_east/001_n00074_E_R.jpg,0.071355,0.000777,0.0,False,n00074
angel_street/west_to_east/002_n00073_E_L.jpg,0.006437,2.8e-05,0.0,False,n00073
angel_street/west_to_east/002_n00073_E_R.jpg,0.092602,0.000366,0.0,False,n00073
angel_street/west_to_east/003_n00072_E_L.jpg,0.016657,0.0,0.0,False,n00072
angel_street/west_to_east/003_n00072_E_R.jpg,0.127605,0.0,0.0,False,n00072
angel_street/west_to_east/004_n00071_E_L.jpg,0.056465,0.381916,0.0,False,n00071
angel_street/west_to_east/004_n00071_E_R.jpg,0.14681,0.092875,0.0,False,n00071
angel_street/west_to_east/005_n00070_S_L.jpg,0.139403,0.127557,0.0,False,n00070
angel_street/west_to_east/005_n00070_S_R.jpg,0.10659,0.141923,0.0,False,n00070
arthur_street/north_to_south/001_n00077_S_L.jpg,0.147828,0.239791,0.0,False,n00077
arthur_street/north_to_south/001_n00077_S_R.jpg,0.011837,0.000775,0.0,False,n00077
arthur_street/north_to_south/002_n00076_S_L.jpg,0.215232,0.346982,0.0,False,n00076
arthur_street/north_to_south/002_n00076_S_R.jpg,0.018235,0.037815,0.0,False,n00076
arthur_street/north_to_south/003_n00075_S_L.jpg,0.332166,0.345945,0.0,False,n00075
arthur_street/north_to_south/003_n00075_S_R.jpg,0.088889,0.384018,0.0,False,n00075
arthur_street/south_to_north/001_n00075_N_L.jpg,0.12442,0.427875,0.0,False,n00075
arthur_street/south_to_north/001_n00075_N_R.jpg,0.08344,0.405554,0.0,False,n00075
arthur_street/south_to_north/002_n00076_N_L.jpg,0.0,0.0,0.0,False,n00076
arthur_street/south_to_north/002_n00076_N_R.jpg,0.097011,0.195784,0.0,False,n00076
arthur_street/south_to_north/003_n00077_N_L.jpg,0.0,0.0,0.0,False,n00077
arthur_street/south_to_north/003_n00077_N_R.jpg,0.06447,0.112949,0.0,False,n00077
austin_friars/north_to_south/001_n00083_E_F.jpg,0.010667,0.0,0.0,False,n00083
austin_friars/north_to_south/002_n00088_W_L.jpg,0.098327,0.000108,0.0,False,n00088
austin_friars/north_to_south/002_n00088_W_R.jpg,0.039752,8e-06,0.0,False,n00088
austin_friars/north_to_south/003_n00087_W_F.jpg,0.067366,0.015694,0.0,False,n00087
austin_friars/north_to_south/004_n00081_E_F.jpg,0.015609,0.005034,0.0,False,n00081
austin_friars/north_to_south/005_n00079_E_L.jpg,0.062996,0.088046,0.0,False,n00079
austin_friars/north_to_south/005_n00079_E_R.jpg,0.036213,0.341668,0.0,False,n00079
austin_friars/north_to_south/006_n00086_W_L.jpg,0.022634,0.064106,0.0,False,n00086
austin_friars/north_to_south/006_n00086_W_R.jpg,0.002746,1.8e-05,0.0,False,n00086
austin_friars/north_to_south/007_n00085_S_L.jpg,0.024857,0.314528,0.0,False,n00085
austin_friars/north_to_south/007_n00085_S_R.jpg,0.00024,0.046525,0.0,False,n00085
austin_friars/north_to_south/008_n00084_S_L.jpg,0.029522,0.26798,0.0,False,n00084
austin_friars/north_to_south/008_n00084_S_R.jpg,0.002018,0.026425,0.0,False,n00084
austin_friars/north_to_south/009_n00082_S_L.jpg,0.0,0.265814,0.0,False,n00082
austin_friars/north_to_south/009_n00082_S_R.jpg,0.0,0.14769,0.0,False,n00082
austin_friars/north_to_south/010_n00080_E_L.jpg,0.0,0.29888,0.0,False,n00080
austin_friars/north_to_south/010_n00080_E_R.jpg,0.000341,0.0,0.0,False,n00080
austin_friars/north_to_south/011_n00078_E_L.jpg,0.0,0.0,0.0,False,n00078
austin_friars/north_to_south/011_n00078_E_R.jpg,0.0,0.018632,0.0,False,n00078
austin_friars/south_to_north/001_n00078_W_L.jpg,0.0,0.0,0.0,False,n00078
austin_friars/south_to_north/001_n00078_W_R.jpg,0.0,0.302763,0.0,False,n00078
austin_friars/south_to_north/002_n00079_W_L.jpg,0.0,0.0,0.0,False,n00079
austin_friars/south_to_north/002_n00079_W_R.jpg,0.04491,0.149684,0.0,False,n00079
austin_friars/south_to_north/003_n00080_W_L.jpg,0.026799,0.163625,0.0,False,n00080
austin_friars/south_to_north/003_n00080_W_R.jpg,0.0002,0.233774,0.0,False,n00080
austin_friars/south_to_north/004_n00081_W_F.jpg,0.011595,2.6e-05,0.0,False,n00081
austin_friars/south_to_north/005_n00082_N_L.jpg,0.02911,0.235239,0.0,False,n00082
austin_friars/south_to_north/005_n00082_N_R.jpg,0.035308,0.04038,0.0,False,n00082
austin_friars/south_to_north/006_n00083_W_F.jpg,0.019755,0.0,0.0,False,n00083
austin_friars/south_to_north/007_n00084_N_L.jpg,0.042175,0.136682,0.0,False,n00084
austin_friars/south_to_north/007_n00084_N_R.jpg,0.049806,0.152664,0.0,False,n00084
austin_friars/south_to_north/008_n00085_N_L.jpg,0.038056,0.093163,0.0,False,n00085
austin_friars/south_to_north/008_n00085_N_R.jpg,0.122333,0.0,0.0,False,n00085
austin_friars/south_to_north/009_n00086_E_L.jpg,0.056586,0.3831,0.0,False,n00086
austin_friars/south_to_north/009_n00086_E_R.jpg,0.059333,2e-06,0.0,False,n00086
austin_friars/south_to_north/010_n00087_E_F.jpg,0.009683,0.025391,0.0,False,n00087
austin_friars/south_to_north/011_n00088_E_L.jpg,0.0,1.9e-05,0.0,False,n00088
austin_friars/south_to_north/011_n00088_E_R.jpg,0.0,0.021845,0.0,False,n00088
bakers_hall_court/east_to_west/001_n00089_E_L.jpg,0.035469,0.431496,0.0,False,n00089
bakers_hall_court/east_to_west/001_n00089_E_R.jpg,0.031057,0.184261,0.0,False,n00089
bakers_hall_court/east_to_west/002_n00090_N_L.jpg,0.015448,0.395779,0.0,False,n00090
bakers_hall_court/east_to_west/002_n00090_N_R.jpg,0.0,0.067605,0.0,False,n00090
bakers_hall_court/east_to_west/003_n00091_W_L.jpg,0.060767,0.09165,0.0,False,n00091
bakers_hall_court/east_to_west/003_n00091_W_R.jpg,0.003319,0.0729,0.0,False,n00091
bakers_hall_court/east_to_west/004_n00092_W_L.jpg,0.058167,0.194756,0.0,False,n00092
bakers_hall_court/east_to_west/004_n00092_W_R.jpg,0.0,0.212145,0.0,False,n00092
bakers_hall_court/west_to_east/001_n00092_E_L.jpg,0.0,0.369743,0.0,False,n00092
bakers_hall_court/west_to_east/001_n00092_E_R.jpg,0.049923,0.377072,0.0,False,n00092
bakers_hall_court/west_to_east/002_n00091_E_L.jpg,0.0,0.0,0.0,False,n00091
bakers_hall_court/west_to_east/002_n00091_E_R.jpg,0.0,0.066853,0.0,False,n00091
bakers_hall_court/west_to_east/003_n00090_S_L.jpg,0.002397,0.197435,0.275773,False,n00090
bakers_hall_court/west_to_east/003_n00090_S_R.jpg,0.05752,0.169105,0.0,False,n00090
bakers_hall_court/west_to_east/004_n00089_W_L.jpg,0.04433,0.252438,0.0,False,n00089
bakers_hall_court/west_to_east/004_n00089_W_R.jpg,0.0,0.27634,0.0,False,n00089
bankside/east_to_west/001_n00093_W_F.jpg,0.381585,0.018128,0.0,False,n00093
bankside/east_to_west/002_n00094_W_F.jpg,0.355893,8.2e-05,0.0,False,n00094
bankside/east_to_west/003_n00095_W_F.jpg,0.37013,0.011999,0.0,False,n00095
bankside/east_to_west/004_n00096_W_F.jpg,0.365896,8.8e-05,0.0,False,n00096
bankside/east_to_west/005_n00097_W_F.jpg,0.395256,0.0,0.0,False,n00097
bankside/east_to_west/006_n00098_W_F.jpg,0.36785,0.0,0.0,False,n00098
bankside/west_to_east/001_n00098_E_F.jpg,0.409828,0.0,0.0,False,n00098
bankside/west_to_east/002_n00097_E_F.jpg,0.39652,0.00239,0.0,False,n00097
bankside/west_to_east/003_n00096_E_F.jpg,0.300041,2e-06,0.0,False,n00096
bankside/west_to_east/004_n00095_E_F.jpg,0.163139,0.001137,0.0,False,n00095
bankside/west_to_east/005_n00094_E_F.jpg,0.357832,0.012343,0.0,False,n00094
bankside/west_to_east/006_n00093_E_F.jpg,0.299907,0.106039,0.0,False,n00093
bartholomew_lane/north_to_south/001_n00103_S_F.jpg,0.067987,0.244971,0.0,False,n00103
bartholomew_lane/north_to_south/002_n00102_S_L.jpg,0.046738,0.110256,0.0,False,n00102
bartholomew_lane/north_to_south/002_n00102_S_R.jpg,0.110539,0.232644,0.0,False,n00102
bartholomew_lane/north_to_south/003_n00101_S_L.jpg,0.044897,0.159126,0.0,False,n00101
bartholomew_lane/north_to_south/003_n00101_S_R.jpg,0.10432,0.195738,0.0,False,n00101
bartholomew_lane/north_to_south/004_n00100_S_L.jpg,0.064982,0.329841,0.0,False,n00100
bartholomew_lane/north_to_south/004_n00100_S_R.jpg,0.058742,0.142604,0.0,False,n00100
bartholomew_lane/north_to_south/005_n00099_S_L.jpg,0.058182,0.404842,0.0,False,n00099
bartholomew_lane/north_to_south/005_n00099_S_R.jpg,0.108607,0.401556,0.0,False,n00099
bartholomew_lane/south_to_north/001_n00099_N_L.jpg,0.202365,0.27608,0.0,False,n00099
bartholomew_lane/south_to_north/001_n00099_N_R.jpg,0.038674,0.254169,0.0,False,n00099
bartholomew_lane/south_to_north/002_n00100_N_L.jpg,0.07693,0.103329,0.0,False,n00100
bartholomew_lane/south_to_north/002_n00100_N_R.jpg,0.046071,0.303231,0.0,False,n00100
bartholomew_lane/south_to_north/003_n00101_N_L.jpg,0.102209,0.158579,0.0,False,n00101
bartholomew_lane/south_to_north/003_n00101_N_R.jpg,0.031713,0.141621,0.0,False,n00101
bartholomew_lane/south_to_north/004_n00102_N_L.jpg,0.032819,0.218263,0.0,False,n00102
bartholomew_lane/south_to_north/004_n00102_N_R.jpg,0.0,0.127768,0.0,False,n00102
bartholomew_lane/south_to_north/005_n00103_N_F.jpg,0.055002,0.233233,0.0,False,n00103
basinghall_avenue/east_to_west/001_n00110_W_L.jpg,0.063343,0.20478,0.0,False,n00110
basinghall_avenue/east_to_west/001_n00110_W_R.jpg,0.057903,0.344784,0.0,False,n00110
basinghall_avenue/east_to_west/002_n00109_W_L.jpg,0.05182,0.202414,0.0,False,n00109
basinghall_avenue/east_to_west/002_n00109_W_R.jpg,0.014346,0.243292,0.0,False,n00109
basinghall_avenue/east_to_west/003_n00108_W_L.jpg,0.019014,0.236148,0.0,False,n00108
basinghall_avenue/east_to_west/003_n00108_W_R.jpg,0.028201,0.139447,0.0,False,n00108
basinghall_avenue/east_to_west/004_n00107_W_L.jpg,0.01848,0.121385,0.0,False,n00107
basinghall_avenue/east_to_west/004_n00107_W_R.jpg,0.026679,0.118559,0.0,False,n00107
basinghall_avenue/east_to_west/005_n00106_W_L.jpg,0.0,0.308101,0.0,False,n00106
basinghall_avenue/east_to_west/005_n00106_W_R.jpg,0.001802,0.105962,0.0,False,n00106
basinghall_avenue/east_to_west/006_n00105_W_L.jpg,0.106836,0.282341,0.0,False,n00105
basinghall_avenue/east_to_west/006_n00105_W_R.jpg,0.0,0.1219,0.0,False,n00105
basinghall_avenue/east_to_west/007_n00104_W_L.jpg,0.127115,0.329752,0.0,False,n00104
basinghall_avenue/east_to_west/007_n00104_W_R.jpg,0.111435,0.367629,0.0,False,n00104
basinghall_avenue/west_to_east/001_n00104_E_L.jpg,0.037116,0.337329,0.0,False,n00104
basinghall_avenue/west_to_east/001_n00104_E_R.jpg,0.015303,0.063242,0.0,False,n00104
basinghall_avenue/west_to_east/002_n00105_E_L.jpg,0.028329,0.138915,0.0,False,n00105
basinghall_avenue/west_to_east/002_n00105_E_R.jpg,0.028419,0.266314,0.0,False,n00105
basinghall_avenue/west_to_east/003_n00106_E_L.jpg,0.152283,0.119603,0.0,False,n00106
basinghall_avenue/west_to_east/003_n00106_E_R.jpg,0.019535,0.146043,0.0,False,n00106
basinghall_avenue/west_to_east/004_n00107_E_L.jpg,0.078014,0.084406,0.0,False,n00107
basinghall_avenue/west_to_east/004_n00107_E_R.jpg,0.036336,0.141759,0.0,False,n00107
basinghall_avenue/west_to_east/005_n00108_E_L.jpg,0.091376,0.129671,0.0,False,n00108
basinghall_avenue/west_to_east/005_n00108_E_R.jpg,0.04048,0.281451,0.0,False,n00108
basinghall_avenue/west_to_east/006_n00109_E_L.jpg,0.087023,0.299176,0.0,False,n00109
basinghall_avenue/west_to_east/006_n00109_E_R.jpg,0.010597,0.093988,0.0,False,n00109
basinghall_avenue/west_to_east/007_n00110_E_L.jpg,0.061524,0.328215,0.0,False,n00110
basinghall_avenue/west_to_east/007_n00110_E_R.jpg,0.102774,0.332158,0.0,False,n00110
basinghall_street/north_to_south/001_n00125_E_L.jpg,0.007259,0.332731,0.0,False,n00125
basinghall_street/north_to_south/001_n00125_E_R.jpg,0.064225,0.160893,0.0,False,n00125
basinghall_street/north_to_south/002_n00124_E_L.jpg,0.010429,0.088946,0.0,False,n00124
basinghall_street/north_to_south/002_n00124_E_R.jpg,0.124899,0.104524,0.0,False,n00124
basinghall_street/north_to_south/003_n00123_E_L.jpg,0.003431,0.337818,0.0,False,n00123
basinghall_street/north_to_south/003_n00123_E_R.jpg,0.0,0.120294,0.0,False,n00123
basinghall_street/north_to_south/004_n00122_E_L.jpg,0.02408,0.149863,0.0,False,n00122
basinghall_street/north_to_south/004_n00122_E_R.jpg,0.06956,0.227809,0.0,False,n00122
basinghall_street/north_to_south/005_n00121_S_L.jpg,0.062769,0.287681,0.0,False,n00121
basinghall_street/north_to_south/005_n00121_S_R.jpg,0.07645,0.135877,0.0,False,n00121
basinghall_street/north_to_south/006_n00120_S_L.jpg,0.045251,0.309478,0.0,False,n00120
basinghall_street/north_to_south/006_n00120_S_R.jpg,0.15239,0.084194,0.0,False,n00120
basinghall_street/north_to_south/007_n00119_S_L.jpg,0.114757,0.280823,0.0,False,n00119
basinghall_street/north_to_south/007_n00119_S_R.jpg,0.067645,0.060174,0.0,False,n00119
basinghall_street/north_to_south/008_n00118_S_L.jpg,0.041657,0.220831,0.0,False,n00118
basinghall_street/north_to_south/008_n00118_S_R.jpg,0.036032,0.125613,0.0,False,n00118
basinghall_street/north_to_south/009_n00117_S_L.jpg,0.031631,0.226956,0.0,False,n00117
basinghall_street/north_to_south/009_n00117_S_R.jpg,0.103955,0.141229,0.0,False,n00117
basinghall_street/north_to_south/010_n00116_S_L.jpg,0.0,0.229876,0.0,False,n00116
basinghall_street/north_to_south/010_n00116_S_R.jpg,0.104873,0.224028,0.0,False,n00116
basinghall_street/north_to_south/011_n00115_S_L.jpg,0.002853,0.124112,0.0,False,n00115
basinghall_street/north_to_south/011_n00115_S_R.jpg,0.067376,0.167387,0.0,False,n00115
basinghall_street/north_to_south/012_n00114_S_L.jpg,0.029627,0.133624,0.0,False,n00114
basinghall_street/north_to_south/012_n00114_S_R.jpg,0.054625,0.136044,0.0,False,n00114
basinghall_street/north_to_south/013_n00113_S_L.jpg,0.055065,0.277708,0.0,False,n00113
basinghall_street/north_to_south/013_n00113_S_R.jpg,0.038071,0.021439,0.0,False,n00113
basinghall_street/north_to_south/014_n00112_S_L.jpg,0.0,0.0,0.402485,True,n00112
basinghall_street/north_to_south/014_n00112_S_R.jpg,0.0,0.0,0.245298,True,n00112
basinghall_street/north_to_south/015_n00111_S_L.jpg,0.115968,0.370425,0.0,False,n00111
basinghall_street/north_to_south/015_n00111_S_R.jpg,0.06336,0.315796,0.0,False,n00111
basinghall_street/south_to_north/001_n00111_N_L.jpg,0.107634,0.357953,0.0,False,n00111
basinghall_street/south_to_north/001_n00111_N_R.jpg,0.028315,0.121155,0.0,False,n00111
basinghall_street/south_to_north/002_n00112_N_L.jpg,0.0,0.0,0.0,False,n00112
basinghall_street/south_to_north/002_n00112_N_R.jpg,0.0,0.0,0.053028,True,n00112
basinghall_street/south_to_north/003_n00113_N_L.jpg,0.073676,0.311308,0.0,False,n00113
basinghall_street/south_to_north/003_n00113_N_R.jpg,0.013223,0.205536,0.0,False,n00113
basinghall_street/south_to_north/004_n00114_N_L.jpg,0.065599,0.164698,0.0,False,n00114
basinghall_street/south_to_north/004_n00114_N_R.jpg,0.01736,0.120293,0.0,False,n00114
basinghall_street/south_to_north/005_n00115_N_L.jpg,0.079641,0.147585,0.0,False,n00115
basinghall_street/south_to_north/005_n00115_N_R.jpg,0.032394,0.225585,0.0,False,n00115
basinghall_street/south_to_north/006_n00116_N_L.jpg,0.079,0.167672,0.0,False,n00116
basinghall_street/south_to_north/006_n00116_N_R.jpg,0.093162,0.290144,0.0,False,n00116
basinghall_street/south_to_north/007_n00117_N_L.jpg,0.042629,0.088606,0.0,False,n00117
basinghall_street/south_to_north/007_n00117_N_R.jpg,0.12528,0.243363,0.0,False,n00117
basinghall_street/south_to_north/008_n00118_N_L.jpg,0.031508,0.206158,0.0,False,n00118
basinghall_street/south_to_north/008_n00118_N_R.jpg,0.05593,0.228043,0.0,False,n00118
basinghall_street/south_to_north/009_n00119_N_L.jpg,0.14384,0.119508,0.0,False,n00119
basinghall_street/south_to_north/009_n00119_N_R.jpg,0.000814,0.265816,0.0,False,n00119
basinghall_street/south_to_north/010_n00120_N_L.jpg,0.124176,0.130947,0.0,False,n00120
basinghall_street/south_to_north/010_n00120_N_R.jpg,0.017732,0.22982,0.0,False,n00120
basinghall_street/south_to_north/011_n00121_N_L.jpg,0.025378,0.159073,0.0,False,n00121
basinghall_street/south_to_north/011_n00121_N_R.jpg,0.0,0.291663,0.0,False,n00121
basinghall_street/south_to_north/012_n00122_W_L.jpg,0.147601,0.325852,0.0,False,n00122
basinghall_street/south_to_north/012_n00122_W_R.jpg,0.047712,0.356619,0.0,False,n00122
basinghall_street/south_to_north/013_n00123_W_L.jpg,0.026573,0.148372,0.0,False,n00123
basinghall_street/south_to_north/013_n00123_W_R.jpg,0.000697,0.315456,0.0,False,n00123
basinghall_street/south_to_north/014_n00124_W_L.jpg,0.006016,0.245599,0.0,False,n00124
basinghall_street/south_to_north/014_n00124_W_R.jpg,0.031534,0.218315,0.0,False,n00124
basinghall_street/south_to_north/015_n00125_W_L.jpg,0.116654,0.363185,0.0,False,n00125
basinghall_street/south_to_north/015_n00125_W_R.jpg,0.037569,0.324846,0.0,False,n00125
beehive_passage/north_to_south/001_n00127_S_F.jpg,0.0,0.0,0.209401,True,n00127
beehive_passage/north_to_south/002_n00126_S_L.jpg,0.0,0.0,0.315078,True,n00126
beehive_passage/north_to_south/002_n00126_S_R.jpg,0.0,0.0,0.84365,True,n00126
beehive_passage/south_to_north/001_n00126_N_L.jpg,0.000702,0.0,0.281572,True,n00126
beehive_passage/south_to_north/001_n00126_N_R.jpg,0.0,0.0,0.0,False,n00126
beehive_passage/south_to_north/002_n00127_N_F.jpg,0.0,0.0,0.284935,True,n00127
billingsgate_walk/north_to_south/001_n00129_S_L.jpg,0.0,0.0,0.129072,True,n00129
billingsgate_walk/north_to_south/001_n00129_S_R.jpg,0.0,0.000249,0.0,False,n00129
billingsgate_walk/north_to_south/002_n00128_S_F.jpg,0.228997,0.004482,0.0,False,n00128
billingsgate_walk/south_to_north/001_n00128_N_F.jpg,0.376112,0.01548,0.0,False,n00128
billingsgate_walk/south_to_north/002_n00129_N_L.jpg,0.0,0.003927,0.174473,True,n00129
billingsgate_walk/south_to_north/002_n00129_N_R.jpg,0.0,0.0,0.014723,False,n00129
billiter_street/north_to_south/001_n00137_S_L.jpg,0.045681,0.238243,0.0,False,n00137
billiter_street/north_to_south/001_n00137_S_R.jpg,0.00133,0.111397,0.0,False,n00137
billiter_street/north_to_south/002_n00136_S_L.jpg,0.042016,0.275746,0.0,False,n00136
billiter_street/north_to_south/002_n00136_S_R.jpg,0.0,0.314105,0.0,False,n00136
billiter_street/north_to_south/003_n00135_S_L.jpg,0.036105,0.135179,0.0,False,n00135
billiter_street/north_to_south/003_n00135_S_R.jpg,0.0,0.089927,0.0,False,n00135
billiter_street/north_to_south/004_n00134_S_L.jpg,0.013688,0.267991,0.013394,False,n00134
billiter_street/north_to_south/004_n00134_S_R.jpg,0.030014,0.112202,0.0,False,n00134
billiter_street/north_to_south/005_n00133_S_L.jpg,0.02778,0.242794,0.0,False,n00133
billiter_street/north_to_south/005_n00133_S_R.jpg,0.016446,0.223322,0.0,False,n00133
billiter_street/north_to_south/006_n00132_S_L.jpg,0.006751,0.145722,0.0,False,n00132
billiter_street/north_to_south/006_n00132_S_R.jpg,0.046378,0.31303,0.0,False,n00132
billiter_street/north_to_south/007_n00131_S_F.jpg,0.008805,0.0,0.0,False,n00131
billiter_street/north_to_south/008_n00130_S_L.jpg,0.0,0.145802,0.0,False,n00130
billiter_street/north_to_south/008_n00130_S_R.jpg,0.13034,0.215831,0.0,False,n00130
billiter_street/south_to_north/001_n00130_N_L.jpg,0.009466,0.338548,0.0,False,n00130
billiter_street/south_to_north/001_n00130_N_R.jpg,0.082473,0.292642,0.0,False,n00130
billiter_street/south_to_north/002_n00131_N_F.jpg,0.0,0.0,0.0,False,n00131
billiter_street/south_to_north/003_n00132_N_L.jpg,0.001616,0.160927,0.0,False,n00132
billiter_street/south_to_north/003_n00132_N_R.jpg,0.027369,0.243962,0.0,False,n00132
billiter_street/south_to_north/004_n00133_N_L.jpg,0.027434,0.163199,0.0,False,n00133
billiter_street/south_to_north/004_n00133_N_R.jpg,0.004673,0.233814,0.0,False,n00133
billiter_street/south_to_north/005_n00134_N_L.jpg,0.002958,0.123636,0.0,False,n00134
billiter_street/south_to_north/005_n00134_N_R.jpg,0.011998,0.260518,0.0,False,n00134
billiter_street/south_to_north/006_n00135_N_L.jpg,0.0,0.157965,0.0,False,n00135
billiter_street/south_to_north/006_n00135_N_R.jpg,0.017838,0.080311,0.0,False,n00135
billiter_street/south_to_north/007_n00136_N_L.jpg,0.0,0.245567,0.0,False,n00136
billiter_street/south_to_north/007_n00136_N_R.jpg,0.031409,0.343121,0.0,False,n00136
billiter_street/south_to_north/008_n00137_N_L.jpg,0.008008,0.128619,0.0,False,n00137
billiter_street/south_to_north/008_n00137_N_R.jpg,0.032313,0.258206,0.0,False,n00137
bishopsgate/north_to_south/001_n00147_S_L.jpg,0.000772,0.296317,0.0,False,n00147
bishopsgate/north_to_south/001_n00147_S_R.jpg,0.071528,0.395418,0.0,False,n00147
bishopsgate/north_to_south/002_n00155_S_L.jpg,0.000515,0.126167,0.0,False,n00155
bishopsgate/north_to_south/002_n00155_S_R.jpg,0.04781,0.247923,0.0,False,n00155
bishopsgate/north_to_south/003_n00173_S_L.jpg,0.067236,0.383055,0.0,False,n00173
bishopsgate/north_to_south/003_n00173_S_R.jpg,0.050734,0.158533,0.0,False,n00173
bishopsgate/north_to_south/004_n00170_S_L.jpg,0.0,0.267622,0.0,False,n00170
bishopsgate/north_to_south/004_n00170_S_R.jpg,0.072398,0.370989,0.0,False,n00170
bishopsgate/north_to_south/005_n00168_S_L.jpg,0.0,0.245947,0.0,False,n00168
bishopsgate/north_to_south/005_n00168_S_R.jpg,0.082185,0.325661,0.0,False,n00168
bishopsgate/north_to_south/006_n00172_S_L.jpg,0.021605,0.170719,0.0,False,n00172
bishopsgate/north_to_south/006_n00172_S_R.jpg,0.006133,0.011659,0.0,False,n00172
bishopsgate/north_to_south/007_n00152_S_L.jpg,0.001591,0.166808,0.0,False,n00152
bishopsgate/north_to_south/007_n00152_S_R.jpg,0.055158,0.205255,0.0,False,n00152
bishopsgate/north_to_south/008_n00143_S_L.jpg,0.005649,0.249118,0.0,False,n00143
bishopsgate/north_to_south/008_n00143_S_R.jpg,0.064117,0.369265,0.0,False,n00143
bishopsgate/north_to_south/009_n00171_S_L.jpg,0.084157,0.308487,0.0,False,n00171
bishopsgate/north_to_south/009_n00171_S_R.jpg,0.169239,0.258137,0.0,False,n00171
bishopsgate/north_to_south/010_n00166_S_L.jpg,0.008211,0.249998,0.0,False,n00166
bishopsgate/north_to_south/010_n00166_S_R.jpg,0.124957,0.339021,0.0,False,n00166
bishopsgate/north_to_south/011_n00149_S_L.jpg,0.049334,0.404641,0.0,False,n00149
bishopsgate/north_to_south/011_n00149_S_R.jpg,0.188098,0.406487,0.0,False,n00149
bishopsgate/north_to_south/012_n00139_S_L.jpg,0.013127,0.368602,0.0,False,n00139
bishopsgate/north_to_south/012_n00139_S_R.jpg,0.029207,0.134251,0.0,False,n00139
bishopsgate/north_to_south/013_n00164_S_L.jpg,0.039958,0.325283,0.0,False,n00164
bishopsgate/north_to_south/013_n00164_S_R.jpg,0.113401,0.314883,0.0,False,n00164
bishopsgate/north_to_south/014_n00145_S_L.jpg,0.003819,0.27235,0.0,False,n00145
bishopsgate/north_to_south/014_n00145_S_R.jpg,0.098534,0.325693,0.0,False,n00145
bishopsgate/north_to_south/015_n00169_S_L.jpg,0.059262,0.289682,0.0,False,n00169
bishopsgate/north_to_south/015_n00169_S_R.jpg,0.222167,0.271011,0.0,False,n00169
bishopsgate/north_to_south/016_n00162_S_L.jpg,0.067393,0.351429,0.0,False,n00162
bishopsgate/north_to_south/016_n00162_S_R.jpg,0.113451,0.33948,0.0,False,n00162
bishopsgate/north_to_south/017_n00141_S_L.jpg,0.0,0.232548,0.0,False,n00141
bishopsgate/north_to_south/017_n00141_S_R.jpg,0.067273,0.390084,0.0,False,n00141
bishopsgate/north_to_south/018_n00167_S_L.jpg,0.074605,0.373273,0.0,False,n00167
bishopsgate/north_to_south/018_n00167_S_R.jpg,0.097329,0.156476,0.0,False,n00167
bishopsgate/north_to_south/019_n00160_W_L.jpg,0.110387,0.380891,0.0,False,n00160
bishopsgate/north_to_south/019_n00160_W_R.jpg,0.13376,0.368078,0.0,False,n00160
bishopsgate/north_to_south/020_n00165_S_L.jpg,0.003829,0.164204,0.0,False,n00165
bishopsgate/north_to_south/020_n00165_S_R.jpg,0.052754,0.281316,0.0,False,n00165
bishopsgate/north_to_south/021_n00163_S_L.jpg,0.002625,0.266074,0.0,False,n00163
bishopsgate/north_to_south/021_n00163_S_R.jpg,0.069698,0.201167,0.0,False,n00163
bishopsgate/north_to_south/022_n00158_W_L.jpg,0.120655,0.398055,0.0,False,n00158
bishopsgate/north_to_south/022_n00158_W_R.jpg,0.174651,0.412119,0.0,False,n00158
bishopsgate/north_to_south/023_n00161_S_L.jpg,0.015159,0.281281,0.0,False,n00161
bishopsgate/north_to_south/023_n00161_S_R.jpg,0.154275,0.259004,0.0,False,n00161
bishopsgate/north_to_south/024_n00156_S_L.jpg,0.115952,0.230045,0.0,False,n00156
bishopsgate/north_to_south/024_n00156_S_R.jpg,0.174964,0.34772,0.0,False,n00156
bishopsgate/north_to_south/025_n00153_S_L.jpg,0.12622,0.353182,0.0,False,n00153
bishopsgate/north_to_south/025_n00153_S_R.jpg,0.061671,0.381172,0.0,False,n00153
bishopsgate/north_to_south/026_n00159_S_L.jpg,0.004816,0.209785,0.0,False,n00159
bishopsgate/north_to_south/026_n00159_S_R.jpg,0.031212,0.26289,0.0,False,n00159
bishopsgate/north_to_south/027_n00157_S_L.jpg,0.04516,0.293718,0.0,False,n00157
bishopsgate/north_to_south/027_n00157_S_R.jpg,0.038303,0.147213,0.0,False,n00157
bishopsgate/north_to_south/028_n00150_S_L.jpg,0.10925,0.162439,0.0,False,n00150
bishopsgate/north_to_south/028_n00150_S_R.jpg,0.043602,0.304695,0.0,False,n00150
bishopsgate/north_to_south/029_n00146_S_L.jpg,0.088119,0.212588,0.0,False,n00146
bishopsgate/north_to_south/029_n00146_S_R.jpg,0.083268,0.375944,0.0,False,n00146
bishopsgate/north_to_south/030_n00154_S_L.jpg,0.000326,0.116862,0.0,False,n00154
bishopsgate/north_to_south/030_n00154_S_R.jpg,0.047831,0.248991,0.0,False,n00154
bishopsgate/north_to_south/031_n00142_S_L.jpg,0.241682,0.412535,0.0,False,n00142
bishopsgate/north_to_south/031_n00142_S_R.jpg,0.157686,0.351185,0.0,False,n00142
bishopsgate/north_to_south/032_n00151_S_L.jpg,0.001591,0.166808,0.0,False,n00151
bishopsgate/north_to_south/032_n00151_S_R.jpg,0.055158,0.205255,0.0,False,n00151
bishopsgate/north_to_south/033_n00138_S_L.jpg,0.259776,0.371646,0.0,False,n00138
bishopsgate/north_to_south/033_n00138_S_R.jpg,0.190345,0.336221,0.0,False,n00138
bishopsgate/north_to_south/034_n00148_S_L.jpg,0.104371,0.333017,0.0,False,n00148
bishopsgate/north_to_south/034_n00148_S_R.jpg,0.100442,0.264138,0.0,False,n00148
bishopsgate/north_to_south/035_n00144_W_L.jpg,0.059642,0.343565,0.0,False,n00144
bishopsgate/north_to_south/035_n00144_W_R.jpg,0.095732,0.262846,0.0,False,n00144
bishopsgate/north_to_south/036_n00140_S_L.jpg,0.0,0.232548,0.0,False,n00140
bishopsgate/north_to_south/036_n00140_S_R.jpg,0.067273,0.390084,0.0,False,n00140
bishopsgate/south_to_north/001_n00138_N_L.jpg,0.018245,0.286805,0.0,False,n00138
bishopsgate/south_to_north/001_n00138_N_R.jpg,0.093951,0.426803,0.0,False,n00138
bishopsgate/south_to_north/002_n00139_N_L.jpg,0.086241,0.175513,0.0,False,n00139
bishopsgate/south_to_north/002_n00139_N_R.jpg,0.03781,0.377425,0.0,False,n00139
bishopsgate/south_to_north/003_n00140_N_L.jpg,0.243776,0.312621,0.0,False,n00140
bishopsgate/south_to_north/003_n00140_N_R.jpg,0.031477,0.326823,0.0,False,n00140
bishopsgate/south_to_north/004_n00141_N_L.jpg,0.243776,0.312621,0.0,False,n00141
bishopsgate/south_to_north/004_n00141_N_R.jpg,0.031477,0.326823,0.0,False,n00141
bishopsgate/south_to_north/005_n00142_N_L.jpg,0.048047,0.360425,0.0,False,n00142
bishopsgate/south_to_north/005_n00142_N_R.jpg,0.02717,0.270749,0.0,False,n00142
bishopsgate/south_to_north/006_n00143_N_L.jpg,0.133623,0.361332,0.0,False,n00143
bishopsgate/south_to_north/006_n00143_N_R.jpg,0.025674,0.295477,0.0,False,n00143
bishopsgate/south_to_north/007_n00144_E_L.jpg,0.232668,0.372841,0.0,False,n00144
bishopsgate/south_to_north/007_n00144_E_R.jpg,0.011238,0.253917,0.0,False,n00144
bishopsgate/south_to_north/008_n00145_N_L.jpg,0.261135,0.330259,0.0,False,n00145
bishopsgate/south_to_north/008_n00145_N_R.jpg,0.027515,0.316257,0.0,False,n00145
bishopsgate/south_to_north/009_n00146_N_L.jpg,0.042209,0.349178,0.0,False,n00146
bishopsgate/south_to_north/009_n00146_N_R.jpg,0.050568,0.151511,0.0,False,n00146
bishopsgate/south_to_north/010_n00147_N_L.jpg,0.167255,0.38077,0.0,False,n00147
bishopsgate/south_to_north/010_n00147_N_R.jpg,0.028977,0.304069,0.0,False,n00147
bishopsgate/south_to_north/011_n00148_N_L.jpg,0.18799,0.412716,0.0,False,n00148
bishopsgate/south_to_north/011_n00148_N_R.jpg,0.124289,0.383058,0.0,False,n00148
bishopsgate/south_to_north/012_n00149_N_L.jpg,0.107863,0.35995,0.0,False,n00149
bishopsgate/south_to_north/012_n00149_N_R.jpg,0.100546,0.414032,0.0,False,n00149
bishopsgate/south_to_north/013_n00150_N_L.jpg,0.074603,0.29929,0.0,False,n00150
bishopsgate/south_to_north/013_n00150_N_R.jpg,0.033345,0.057138,0.0,False,n00150
bishopsgate/south_to_north/014_n00151_N_L.jpg,0.057047,0.191169,0.0,False,n00151
bishopsgate/south_to_north/014_n00151_N_R.jpg,0.156339,0.214604,0.0,False,n00151
bishopsgate/south_to_north/015_n00152_N_L.jpg,0.057047,0.191169,0.0,False,n00152
bishopsgate/south_to_north/015_n00152_N_R.jpg,0.156339,0.214604,0.0,False,n00152
bishopsgate/south_to_north/016_n00153_N_L.jpg,0.088929,0.388234,0.0,False,n00153
bishopsgate/south_to_north/016_n00153_N_R.jpg,0.135621,0.302213,0.0,False,n00153
bishopsgate/south_to_north/017_n00154_N_L.jpg,0.086617,0.251114,0.0,False,n00154
bishopsgate/south_to_north/017_n00154_N_R.jpg,0.1883,0.156883,0.0,False,n00154
bishopsgate/south_to_north/018_n00155_N_L.jpg,0.099964,0.262426,0.0,False,n00155
bishopsgate/south_to_north/018_n00155_N_R.jpg,0.174696,0.139992,0.0,False,n00155
bishopsgate/south_to_north/019_n00156_N_L.jpg,0.137949,0.410906,0.0,False,n00156
bishopsgate/south_to_north/019_n00156_N_R.jpg,0.180249,0.377887,0.0,False,n00156
bishopsgate/south_to_north/020_n00157_N_L.jpg,0.126684,0.313895,0.0,False,n00157
bishopsgate/south_to_north/020_n00157_N_R.jpg,0.204927,0.286633,0.0,False,n00157
bishopsgate/south_to_north/021_n00158_E_L.jpg,0.088223,0.366977,0.0,False,n00158
bishopsgate/south_to_north/021_n00158_E_R.jpg,0.0,0.318241,0.0,False,n00158
bishopsgate/south_to_north/022_n00159_N_L.jpg,0.096499,0.264591,0.0,False,n00159
bishopsgate/south_to_north/022_n00159_N_R.jpg,0.215505,0.232013,0.0,False,n00159
bishopsgate/south_to_north/023_n00160_E_L.jpg,0.082623,0.359757,0.0,False,n00160
bishopsgate/south_to_north/023_n00160_E_R.jpg,0.009008,0.301436,0.0,False,n00160
bishopsgate/south_to_north/024_n00161_N_L.jpg,0.077344,0.182508,0.0,False,n00161
bishopsgate/south_to_north/024_n00161_N_R.jpg,0.18331,0.342997,0.0,False,n00161
bishopsgate/south_to_north/025_n00162_N_L.jpg,0.076665,0.328546,0.0,False,n00162
bishopsgate/south_to_north/025_n00162_N_R.jpg,0.023083,0.331416,0.0,False,n00162
bishopsgate/south_to_north/026_n00163_N_L.jpg,0.052753,0.222329,0.0,False,n00163
bishopsgate/south_to_north/026_n00163_N_R.jpg,0.140287,0.302271,0.0,False,n00163
bishopsgate/south_to_north/027_n00164_N_L.jpg,0.061925,0.312772,0.0,False,n00164
bishopsgate/south_to_north/027_n00164_N_R.jpg,0.005597,0.307054,0.0,False,n00164
bishopsgate/south_to_north/028_n00165_N_L.jpg,0.073295,0.210641,0.0,False,n00165
bishopsgate/south_to_north/028_n00165_N_R.jpg,0.124623,0.092977,0.0,False,n00165
bishopsgate/south_to_north/029_n00166_N_L.jpg,0.050344,0.292488,0.0,False,n00166
bishopsgate/south_to_north/029_n00166_N_R.jpg,0.020849,0.252904,0.0,False,n00166
bishopsgate/south_to_north/030_n00167_N_L.jpg,0.117227,0.167762,0.0,False,n00167
bishopsgate/south_to_north/030_n00167_N_R.jpg,0.188371,0.336431,0.0,False,n00167
bishopsgate/south_to_north/031_n00168_N_L.jpg,0.066833,0.314991,0.0,False,n00168
bishopsgate/south_to_north/031_n00168_N_R.jpg,0.026314,0.262758,0.0,False,n00168
bishopsgate/south_to_north/032_n00169_N_L.jpg,0.078308,0.296589,0.0,False,n00169
bishopsgate/south_to_north/032_n00169_N_R.jpg,0.184749,0.377824,0.0,False,n00169
bishopsgate/south_to_north/033_n00170_N_L.jpg,0.078907,0.331712,0.0,False,n00170
bishopsgate/south_to_north/033_n00170_N_R.jpg,0.02652,0.267957,0.0,False,n00170
bishopsgate/south_to_north/034_n00171_N_L.jpg,0.102979,0.262242,0.0,False,n00171
bishopsgate/south_to_north/034_n00171_N_R.jpg,0.142661,0.351599,0.0,False,n00171
bishopsgate/south_to_north/035_n00172_N_L.jpg,0.112237,0.00557,0.0,False,n00172
bishopsgate/south_to_north/035_n00172_N_R.jpg,0.010757,0.136886,0.0,False,n00172
bishopsgate/south_to_north/036_n00173_N_L.jpg,0.055306,0.15703,0.0,False,n00173
bishopsgate/south_to_north/036_n00173_N_R.jpg,0.260181,0.399033,0.0,False,n00173
bishopsgate_arcade/east_to_west/001_n00174_W_F.jpg,0.112896,0.0,0.0,False,n00174
bishopsgate_arcade/east_to_west/002_n00175_W_F.jpg,0.105309,0.003437,0.0,False,n00175
bishopsgate_arcade/east_to_west/003_n00176_N_F.jpg,0.0,0.000165,0.130468,True,n00176
bishopsgate_arcade/east_to_west/004_n00177_N_F.jpg,0.000816,0.00022,0.341373,True,n00177
bishopsgate_arcade/west_to_east/001_n00177_S_F.jpg,0.0,0.0,0.412565,True,n00177
bishopsgate_arcade/west_to_east/002_n00176_S_F.jpg,0.0,0.000386,0.04501,True,n00176
bishopsgate_arcade/west_to_east/003_n00175_E_F.jpg,0.114742,0.069178,0.0,False,n00175
bishopsgate_arcade/west_to_east/004_n00174_E_F.jpg,0.179064,0.065034,0.0,False,n00174
bishopsgate_churchyard/east_to_west/001_n00178_W_L.jpg,0.056812,0.221887,0.0,False,n00178
bishopsgate_churchyard/east_to_west/001_n00178_W_R.jpg,0.093272,0.268585,0.0,False,n00178
bishopsgate_churchyard/east_to_west/002_n00179_W_F.jpg,0.043161,1.5e-05,0.0,False,n00179
bishopsgate_churchyard/east_to_west/003_n00180_W_F.jpg,0.0757,0.005471,0.0,False,n00180
bishopsgate_churchyard/east_to_west/004_n00181_W_F.jpg,0.010659,0.004144,0.0,False,n00181
bishopsgate_churchyard/east_to_west/005_n00182_W_F.jpg,0.04438,0.0,0.0,False,n00182
bishopsgate_churchyard/east_to_west/006_n00183_N_F.jpg,0.018909,0.0,0.0,False,n00183
bishopsgate_churchyard/east_to_west/007_n00184_N_F.jpg,0.052752,0.00188,0.0,False,n00184
bishopsgate_churchyard/west_to_east/001_n00184_S_F.jpg,0.020249,0.002397,0.0,False,n00184
bishopsgate_churchyard/west_to_east/002_n00183_S_F.jpg,0.006126,0.0,0.0,False,n00183
bishopsgate_churchyard/west_to_east/003_n00182_E_F.jpg,0.037778,0.0,0.0,False,n00182
bishopsgate_churchyard/west_to_east/004_n00181_E_F.jpg,0.104838,0.000939,0.0,False,n00181
bishopsgate_churchyard/west_to_east/005_n00180_E_F.jpg,0.034291,0.007538,0.0,False,n00180
bishopsgate_churchyard/west_to_east/006_n00179_E_F.jpg,0.016241,0.000887,0.0,False,n00179
bishopsgate_churchyard/west_to_east/007_n00178_E_L.jpg,0.144255,0.137789,0.0,False,n00178
bishopsgate_churchyard/west_to_east/007_n00178_E_R.jpg,0.0,0.186151,0.0,False,n00178
blomfield_street/north_to_south/001_n00193_S_L.jpg,0.106414,0.218406,0.0,False,n00193
blomfield_street/north_to_south/001_n00193_S_R.jpg,0.031236,0.094955,0.0,False,n00193
blomfield_street/north_to_south/002_n00192_S_L.jpg,0.108631,0.3588,0.0,False,n00192
blomfield_street/north_to_south/002_n00192_S_R.jpg,0.026604,0.147616,0.0,False,n00192
blomfield_street/north_to_south/003_n00191_S_L.jpg,0.005222,0.140144,0.0,False,n00191
blomfield_street/north_to_south/003_n00191_S_R.jpg,0.220526,0.365908,0.0,False,n00191
blomfield_street/north_to_south/004_n00190_S_L.jpg,0.067441,0.140968,0.0,False,n00190
blomfield_street/north_to_south/004_n00190_S_R.jpg,0.111464,0.217502,0.0,False,n00190
blomfield_street/north_to_south/005_n00189_S_L.jpg,0.076034,0.175856,0.0,False,n00189
blomfield_street/north_to_south/005_n00189_S_R.jpg,0.031984,0.121793,0.0,False,n00189
blomfield_street/north_to_south/006_n00188_S_L.jpg,0.091138,0.334382,0.0,False,n00188
blomfield_street/north_to_south/006_n00188_S_R.jpg,0.043703,0.134381,0.0,False,n00188
blomfield_street/north_to_south/007_n00187_S_L.jpg,0.064337,0.349959,0.0,False,n00187
blomfield_street/north_to_south/007_n00187_S_R.jpg,0.044161,0.16512,0.0,False,n00187
blomfield_street/north_to_south/008_n00186_W_L.jpg,0.023922,0.256182,0.0,False,n00186
blomfield_street/north_to_south/008_n00186_W_R.jpg,0.084906,0.131576,0.0,False,n00186
blomfield_street/north_to_south/009_n00185_W_L.jpg,0.0,0.24932,0.0,False,n00185
blomfield_street/north_to_south/009_n00185_W_R.jpg,0.144109,0.287333,0.0,False,n00185
blomfield_street/south_to_north/001_n00185_E_L.jpg,0.02535,0.335029,0.0,False,n00185
blomfield_street/south_to_north/001_n00185_E_R.jpg,0.184798,0.408125,0.0,False,n00185
blomfield_street/south_to_north/002_n00186_E_L.jpg,0.071936,0.106145,0.0,False,n00186
blomfield_street/south_to_north/002_n00186_E_R.jpg,0.050496,0.355562,0.0,False,n00186
blomfield_street/south_to_north/003_n00187_N_L.jpg,0.040976,0.167974,0.0,False,n00187
blomfield_street/south_to_north/003_n00187_N_R.jpg,0.106026,0.318777,0.0,False,n00187
blomfield_street/south_to_north/004_n00188_N_L.jpg,0.04574,0.145579,0.0,False,n00188
blomfield_street/south_to_north/004_n00188_N_R.jpg,0.048095,0.335126,0.0,False,n00188
blomfield_street/south_to_north/005_n00189_N_L.jpg,0.056738,0.14534,0.0,False,n00189
blomfield_street/south_to_north/005_n00189_N_R.jpg,0.049996,0.203895,0.0,False,n00189
blomfield_street/south_to_north/006_n00190_N_L.jpg,0.08832,0.406967,0.0,False,n00190
blomfield_street/south_to_north/006_n00190_N_R.jpg,0.059157,0.12779,0.0,False,n00190
blomfield_street/south_to_north/007_n00191_N_L.jpg,0.00635,0.095356,0.0,False,n00191
blomfield_street/south_to_north/007_n00191_N_R.jpg,0.144844,0.352901,0.0,False,n00191
blomfield_street/south_to_north/008_n00192_N_L.jpg,0.068014,0.179778,0.0,False,n00192
blomfield_street/south_to_north/008_n00192_N_R.jpg,0.20375,0.363575,0.0,False,n00192
blomfield_street/south_to_north/009_n00193_N_L.jpg,0.083716,0.277969,0.0,False,n00193
blomfield_street/south_to_north/009_n00193_N_R.jpg,0.101299,0.14513,0.0,False,n00193
bloomberg_arcade/east_to_west/001_n00194_N_F.jpg,0.105448,0.003576,0.0,False,n00194
bloomberg_arcade/east_to_west/002_n00195_W_F.jpg,0.054023,0.0,0.0,False,n00195
bloomberg_arcade/east_to_west/003_n00196_W_F.jpg,0.025946,2.3e-05,0.0,False,n00196
bloomberg_arcade/east_to_west/004_n00197_W_F.jpg,0.171995,0.022409,0.0,False,n00197
bloomberg_arcade/east_to_west/005_n00198_W_F.jpg,0.00029,0.0,0.0,False,n00198
bloomberg_arcade/west_to_east/001_n00197_E_F.jpg,0.0,0.0,0.0,False,n00197
bloomberg_arcade/west_to_east/002_n00198_E_F.jpg,0.054424,0.003989,0.0,False,n00198
bloomberg_arcade/west_to_east/003_n00196_E_F.jpg,0.089268,0.005495,0.0,False,n00196
bloomberg_arcade/west_to_east/004_n00195_E_F.jpg,0.0,0.0,0.177181,True,n00195
bloomberg_arcade/west_to_east/005_n00194_E_F.jpg,0.059378,0.010349,0.0,False,n00194
bond_court/east_to_west/001_n00199_S_L.jpg,0.017559,0.0,0.0,False,n00199
bond_court/east_to_west/001_n00199_S_R.jpg,0.04196,0.058891,0.0,False,n00199
bond_court/east_to_west/002_n00200_N_F.jpg,0.0,1e-06,0.011644,False,n00200
bond_court/east_to_west/003_n00201_S_L.jpg,0.021482,0.050721,0.0,False,n00201
bond_court/east_to_west/003_n00201_S_R.jpg,0.020093,0.0,0.0,False,n00201
bond_court/east_to_west/004_n00202_N_F.jpg,0.0,1e-06,0.011644,False,n00202
bond_court/west_to_east/001_n00202_S_F.jpg,0.0,0.0,0.053445,True,n00202
bond_court/west_to_east/002_n00201_N_L.jpg,0.023267,0.1757,0.0,False,n00201
bond_court/west_to_east/002_n00201_N_R.jpg,0.014533,0.0,0.0,False,n00201
bond_court/west_to_east/003_n00200_S_F.jpg,0.0,0.0,0.053445,True,n00200
bond_court/west_to_east/004_n00199_N_L.jpg,0.026535,0.147835,0.0,False,n00199
bond_court/west_to_east/004_n00199_N_R.jpg,0.0118,0.0,0.0,False,n00199
botolph_alley/east_to_west/001_n00203_W_F.jpg,0.0,1.6e-05,0.0,False,n00203
botolph_alley/east_to_west/002_n00204_W_F.jpg,0.001815,0.0,0.0,False,n00204
botolph_alley/west_to_east/001_n00204_E_F.jpg,0.003802,0.0,0.0,False,n00204
botolph_alley/west_to_east/002_n00203_E_F.jpg,0.020991,0.261843,0.0,False,n00203
botolph_lane/north_to_south/001_n00210_S_L.jpg,0.02748,0.151893,0.0,False,n00210
botolph_lane/north_to_south/001_n00210_S_R.jpg,0.03049,0.093667,0.0,False,n00210
botolph_lane/north_to_south/002_n00209_S_L.jpg,0.028824,0.214798,0.0,False,n00209
botolph_lane/north_to_south/002_n00209_S_R.jpg,0.036296,0.068959,0.0,False,n00209
botolph_lane/north_to_south/003_n00208_S_L.jpg,0.033288,0.164456,0.0,False,n00208
botolph_lane/north_to_south/003_n00208_S_R.jpg,0.031904,0.060146,0.0,False,n00208
botolph_lane/north_to_south/004_n00207_S_L.jpg,0.022332,0.085919,0.0,False,n00207
botolph_lane/north_to_south/004_n00207_S_R.jpg,0.024167,0.151195,0.0,False,n00207
botolph_lane/north_to_south/005_n00206_S_L.jpg,0.0,0.084053,0.0,False,n00206
botolph_lane/north_to_south/005_n00206_S_R.jpg,0.0,0.311736,0.0,False,n00206
botolph_lane/north_to_south/006_n00205_S_L.jpg,0.201525,0.337159,0.0,False,n00205
botolph_lane/north_to_south/006_n00205_S_R.jpg,0.007564,0.272014,0.0,False,n00205
botolph_lane/south_to_north/001_n00205_N_L.jpg,0.163505,0.399856,0.0,False,n00205
botolph_lane/south_to_north/001_n00205_N_R.jpg,0.026277,0.100397,0.0,False,n00205
botolph_lane/south_to_north/002_n00206_N_L.jpg,0.028184,0.360968,0.0,False,n00206
botolph_lane/south_to_north/002_n00206_N_R.jpg,0.007956,0.087422,0.0,False,n00206
botolph_lane/south_to_north/003_n00207_N_L.jpg,0.025113,0.101791,0.0,False,n00207
botolph_lane/south_to_north/003_n00207_N_R.jpg,0.008166,0.104804,0.0,False,n00207
botolph_lane/south_to_north/004_n00208_N_L.jpg,0.016968,0.109664,0.0,False,n00208
botolph_lane/south_to_north/004_n00208_N_R.jpg,0.008611,0.196153,0.0,False,n00208
botolph_lane/south_to_north/005_n00209_N_L.jpg,0.01513,0.097259,0.0,False,n00209
botolph_lane/south_to_north/005_n00209_N_R.jpg,0.01451,0.201109,0.0,False,n00209
botolph_lane/south_to_north/006_n00210_N_L.jpg,0.066945,0.168904,0.0,False,n00210
botolph_lane/south_to_north/006_n00210_N_R.jpg,0.031852,0.204047,0.0,False,n00210
bow_churchyard/north_to_south/001_n00214_S_F.jpg,0.034837,0.0,0.0,False,n00214
bow_churchyard/north_to_south/002_n00213_S_F.jpg,0.004442,0.001212,0.0,False,n00213
bow_churchyard/north_to_south/003_n00212_S_F.jpg,0.026661,0.0,0.0,False,n00212
bow_churchyard/north_to_south/004_n00211_E_F.jpg,0.023826,0.002781,0.0,False,n00211
bow_churchyard/south_to_north/001_n00211_W_F.jpg,0.022948,0.003499,0.0,False,n00211
bow_churchyard/south_to_north/002_n00212_N_F.jpg,0.0,0.103782,0.0,False,n00212
bow_churchyard/south_to_north/003_n00213_N_F.jpg,0.046685,2.1e-05,0.0,False,n00213
bow_churchyard/south_to_north/004_n00214_N_F.jpg,0.047072,0.019267,0.0,False,n00214
bow_lane/north_to_south/001_n00223_S_F.jpg,0.001217,0.0,0.0,False,n00223
bow_lane/north_to_south/002_n00222_S_F.jpg,0.01801,0.003966,0.0,False,n00222
bow_lane/north_to_south/003_n00221_S_F.jpg,0.024347,0.0,0.0,False,n00221
bow_lane/north_to_south/004_n00220_S_F.jpg,0.021634,0.004552,0.0,False,n00220
bow_lane/north_to_south/005_n00219_S_F.jpg,0.0,0.0,0.098723,True,n00219
bow_lane/north_to_south/006_n00218_S_F.jpg,0.063015,0.323059,0.0,False,n00218
bow_lane/north_to_south/007_n00217_S_F.jpg,0.040681,0.002189,0.0,False,n00217
bow_lane/north_to_south/008_n00216_S_F.jpg,0.067004,0.091125,0.0,False,n00216
bow_lane/north_to_south/009_n00215_S_L.jpg,0.233491,0.41272,0.0,False,n00215
bow_lane/north_to_south/009_n00215_S_R.jpg,0.299044,0.432941,0.0,False,n00215
bow_lane/south_to_north/001_n00215_N_L.jpg,0.106644,0.321657,0.0,False,n00215
bow_lane/south_to_north/001_n00215_N_R.jpg,0.206634,0.374446,0.0,False,n00215
bow_lane/south_to_north/002_n00216_N_F.jpg,0.0,0.011426,0.0,False,n00216
bow_lane/south_to_north/003_n00217_N_F.jpg,0.01838,0.013036,0.0,False,n00217
bow_lane/south_to_north/004_n00218_N_F.jpg,0.049312,0.297824,0.0,False,n00218
bow_lane/south_to_north/005_n00219_N_F.jpg,0.0,0.0,0.262956,True,n00219
bow_lane/south_to_north/006_n00220_N_F.jpg,0.025914,0.088722,0.0,False,n00220
bow_lane/south_to_north/007_n00221_N_F.jpg,0.017597,0.117891,0.0,False,n00221
bow_lane/south_to_north/008_n00222_N_F.jpg,0.021063,0.090045,0.0,False,n00222
bow_lane/south_to_north/009_n00223_N_F.jpg,0.104316,0.067848,0.0,False,n00223
bread_street/north_to_south/001_n00228_S_L.jpg,0.027017,0.061966,0.0,False,n00228
bread_street/north_to_south/001_n00228_S_R.jpg,0.056469,0.351132,0.0,False,n00228
bread_street/north_to_south/002_n00235_S_L.jpg,0.04675,0.162297,0.0,False,n00235
bread_street/north_to_south/002_n00235_S_R.jpg,0.014651,0.074822,0.0,False,n00235
bread_street/north_to_south/003_n00234_S_L.jpg,0.048791,0.23628,0.0,False,n00234
bread_street/north_to_south/003_n00234_S_R.jpg,0.023878,0.089786,0.001471,False,n00234
bread_street/north_to_south/004_n00226_S_L.jpg,0.291073,0.212037,0.0,False,n00226
bread_street/north_to_south/004_n00226_S_R.jpg,0.151665,0.116162,0.0,False,n00226
bread_street/north_to_south/005_n00224_S_L.jpg,0.1741,0.250071,0.0,False,n00224
bread_street/north_to_south/005_n00224_S_R.jpg,0.357532,0.256824,0.0,False,n00224
bread_street/north_to_south/006_n00233_S_L.jpg,0.041859,0.246592,0.0,False,n00233
bread_street/north_to_south/006_n00233_S_R.jpg,0.023063,0.253141,0.0,False,n00233
bread_street/north_to_south/007_n00232_S_L.jpg,0.039113,0.151905,0.0,False,n00232
bread_street/north_to_south/007_n00232_S_R.jpg,0.035419,0.252356,0.0,False,n00232
bread_street/north_to_south/008_n00231_S_L.jpg,0.048468,0.10873,0.0,False,n00231
bread_street/north_to_south/008_n00231_S_R.jpg,0.05984,0.218615,0.0,False,n00231
bread_street/north_to_south/009_n00230_S_L.jpg,0.08005,0.281814,0.0,False,n00230
bread_street/north_to_south/009_n00230_S_R.jpg,0.075789,0.162115,0.0,False,n00230
bread_street/north_to_south/010_n00229_S_L.jpg,0.049044,0.230422,0.0,False,n00229
bread_street/north_to_south/010_n00229_S_R.jpg,0.035188,0.082572,0.0,False,n00229
bread_street/north_to_south/011_n00227_S_L.jpg,0.089839,0.185692,0.0,False,n00227
bread_street/north_to_south/011_n00227_S_R.jpg,0.04412,0.070644,0.0,False,n00227
bread_street/north_to_south/012_n00225_S_L.jpg,0.161704,0.380178,0.0,False,n00225
bread_street/north_to_south/012_n00225_S_R.jpg,0.106919,0.230777,0.0,False,n00225
bread_street/south_to_north/001_n00224_N_L.jpg,0.223749,0.424845,0.0,False,n00224
bread_street/south_to_north/001_n00224_N_R.jpg,0.153304,0.410175,0.0,False,n00224
bread_street/south_to_north/002_n00225_N_L.jpg,0.143792,0.373524,0.0,False,n00225
bread_street/south_to_north/002_n00225_N_R.jpg,0.048923,0.205392,0.0,False,n00225
bread_street/south_to_north/003_n00226_N_L.jpg,0.025132,0.126392,0.0,False,n00226
bread_street/south_to_north/003_n00226_N_R.jpg,0.063448,0.121936,0.0,False,n00226
bread_street/south_to_north/004_n00227_N_L.jpg,0.028368,0.089601,0.0,False,n00227
bread_street/south_to_north/004_n00227_N_R.jpg,0.047549,0.194083,0.0,False,n00227
bread_street/south_to_north/005_n00228_N_L.jpg,0.050223,0.353762,0.0,False,n00228
bread_street/south_to_north/005_n00228_N_R.jpg,0.021133,0.075169,0.0,False,n00228
bread_street/south_to_north/006_n00229_N_L.jpg,0.021614,0.088007,0.0,False,n00229
bread_street/south_to_north/006_n00229_N_R.jpg,0.041801,0.208794,0.0,False,n00229
bread_street/south_to_north/007_n00230_N_L.jpg,0.107487,0.236453,0.0,False,n00230
bread_street/south_to_north/007_n00230_N_R.jpg,0.10228,0.306122,0.0,False,n00230
bread_street/south_to_north/008_n00231_N_L.jpg,0.027175,0.162779,0.0,False,n00231
bread_street/south_to_north/008_n00231_N_R.jpg,0.023814,0.049929,0.0,False,n00231
bread_street/south_to_north/009_n00232_N_L.jpg,0.024557,0.354307,0.0,False,n00232
bread_street/south_to_north/009_n00232_N_R.jpg,0.024955,0.119922,0.0,False,n00232
bread_street/south_to_north/010_n00233_N_L.jpg,0.030521,0.169396,0.0,False,n00233
bread_street/south_to_north/010_n00233_N_R.jpg,0.030716,0.216392,0.0,False,n00233
bread_street/south_to_north/011_n00234_N_L.jpg,0.019353,0.083005,0.0,False,n00234
bread_street/south_to_north/011_n00234_N_R.jpg,0.041391,0.166379,0.0,False,n00234
bread_street/south_to_north/012_n00235_N_L.jpg,0.023918,0.07167,0.0,False,n00235
bread_street/south_to_north/012_n00235_N_R.jpg,0.026513,0.05236,0.0,False,n00235
brewers_hall_garden/north_to_south/001_n00237_S_F.jpg,0.021219,0.000648,0.0,False,n00237
brewers_hall_garden/north_to_south/002_n00236_S_L.jpg,0.0,0.0,0.115674,True,n00236
brewers_hall_garden/north_to_south/002_n00236_S_R.jpg,0.0,0.0,0.105245,True,n00236
brewers_hall_garden/south_to_north/001_n00236_N_L.jpg,0.0,0.0,0.080584,True,n00236
brewers_hall_garden/south_to_north/001_n00236_N_R.jpg,0.0,0.0,0.119187,True,n00236
brewers_hall_garden/south_to_north/002_n00237_N_F.jpg,0.099341,0.000873,0.0,False,n00237
broad_street_avenue/east_to_west/001_n00238_W_L.jpg,0.030826,0.218003,0.0,False,n00238
broad_street_avenue/east_to_west/001_n00238_W_R.jpg,0.114555,0.233012,0.0,False,n00238
broad_street_avenue/east_to_west/002_n00239_W_L.jpg,0.0,0.0,0.0,False,n00239
broad_street_avenue/east_to_west/002_n00239_W_R.jpg,0.134597,0.280092,0.0,False,n00239
broad_street_avenue/east_to_west/003_n00240_W_L.jpg,0.0,0.0,0.19176,True,n00240
broad_street_avenue/east_to_west/003_n00240_W_R.jpg,0.0,0.286478,0.26434,False,n00240
broad_street_avenue/west_to_east/001_n00240_E_L.jpg,0.0,0.0,0.014905,False,n00240
broad_street_avenue/west_to_east/001_n00240_E_R.jpg,0.0,0.0,0.195867,True,n00240
broad_street_avenue/west_to_east/002_n00239_E_L.jpg,0.027911,0.0,0.0,False,n00239
broad_street_avenue/west_to_east/002_n00239_E_R.jpg,0.045506,0.158832,0.0,False,n00239
broad_street_avenue/west_to_east/003_n00238_E_L.jpg,0.010994,0.282972,0.0,False,n00238
broad_street_avenue/west_to_east/003_n00238_E_R.jpg,0.067517,0.361938,0.0,False,n00238
broken_wharf/north_to_south/001_n00243_S_L.jpg,0.043772,0.124012,0.0,False,n00243
broken_wharf/north_to_south/001_n00243_S_R.jpg,0.236676,0.210011,0.0,False,n00243
broken_wharf/north_to_south/002_n00242_S_L.jpg,0.064954,0.171469,0.0,False,n00242
broken_wharf/north_to_south/002_n00242_S_R.jpg,0.126232,0.338179,0.0,False,n00242
broken_wharf/north_to_south/003_n00241_S_F.jpg,0.358627,0.060639,0.0,False,n00241
broken_wharf/south_to_north/001_n00241_N_F.jpg,0.033516,0.001099,0.0,False,n00241
broken_wharf/south_to_north/002_n00242_N_L.jpg,0.086954,0.26362,0.0,False,n00242
broken_wharf/south_to_north/002_n00242_N_R.jpg,0.046568,0.248416,0.0,False,n00242
broken_wharf/south_to_north/003_n00243_N_L.jpg,0.052892,0.184891,0.0,False,n00243
broken_wharf/south_to_north/003_n00243_N_R.jpg,0.057063,0.133619,0.0,False,n00243
brown_s_buildings/east_to_west/001_n00244_W_L.jpg,0.023207,0.0,0.101094,False,n00244
brown_s_buildings/east_to_west/001_n00244_W_R.jpg,0.042941,0.003331,0.0,False,n00244
brown_s_buildings/east_to_west/002_n00245_W_F.jpg,0.01309,0.005331,0.0,False,n00245
brown_s_buildings/east_to_west/003_n00246_W_F.jpg,0.056259,0.062527,0.0,False,n00246
brown_s_buildings/east_to_west/004_n00247_W_F.jpg,0.017991,0.0,0.0,False,n00247
brown_s_buildings/west_to_east/001_n00247_E_F.jpg,0.043388,0.008576,0.0,False,n00247
brown_s_buildings/west_to_east/002_n00246_E_F.jpg,0.09391,0.0,0.0,False,n00246
brown_s_buildings/west_to_east/003_n00245_E_F.jpg,0.130661,0.046335,0.0,False,n00245
brown_s_buildings/west_to_east/004_n00244_E_L.jpg,0.146983,0.002044,0.0,False,n00244
brown_s_buildings/west_to_east/004_n00244_E_R.jpg,0.021948,0.009092,0.0,False,n00244
bucklersbury/east_to_west/001_n00248_W_L.jpg,0.061826,0.00887,0.0,False,n00248
bucklersbury/east_to_west/001_n00248_W_R.jpg,0.030475,0.010796,0.0,False,n00248
bucklersbury/east_to_west/002_n00249_W_L.jpg,0.0,0.06898,0.0,False,n00249
bucklersbury/east_to_west/002_n00249_W_R.jpg,0.028787,0.006694,0.0,False,n00249
bucklersbury/east_to_west/003_n00250_W_F.jpg,0.062207,0.062558,0.0,False,n00250
bucklersbury/west_to_east/001_n00250_E_F.jpg,0.068096,0.004918,0.0,False,n00250
bucklersbury/west_to_east/002_n00249_E_L.jpg,0.031266,0.354242,0.0,False,n00249
bucklersbury/west_to_east/002_n00249_E_R.jpg,0.0,0.111569,0.0,False,n00249
bucklersbury/west_to_east/003_n00248_E_L.jpg,0.115093,0.360888,0.0,False,n00248
bucklersbury/west_to_east/003_n00248_E_R.jpg,0.04494,0.330707,0.0,False,n00248
bull_s_head_passage/east_to_west/001_n00251_W_F.jpg,0.01102,0.092605,0.0,False,n00251
bull_s_head_passage/east_to_west/002_n00252_W_F.jpg,0.013856,2.4e-05,0.0,False,n00252
bull_s_head_passage/east_to_west/003_n00253_W_F.jpg,0.0,0.0,0.0,False,n00253
bull_s_head_passage/west_to_east/001_n00253_E_F.jpg,0.015512,0.00045,0.0,False,n00253
bull_s_head_passage/west_to_east/002_n00252_E_F.jpg,0.012246,0.000116,0.0,False,n00252
bull_s_head_passage/west_to_east/003_n00251_E_F.jpg,0.007427,0.175656,0.0,False,n00251
bury_court/east_to_west/001_n00254_W_L.jpg,0.092523,0.000577,0.0,False,n00254
bury_court/east_to_west/001_n00254_W_R.jpg,0.008909,0.210692,0.0,False,n00254
bury_court/east_to_west/002_n00255_W_L.jpg,0.034344,0.43796,0.0,False,n00255
bury_court/east_to_west/002_n00255_W_R.jpg,0.0,0.333444,0.0,False,n00255
bury_court/east_to_west/003_n00256_W_L.jpg,0.044088,0.026274,0.0,False,n00256
bury_court/east_to_west/003_n00256_W_R.jpg,0.0,0.14192,0.0,False,n00256
bury_court/west_to_east/001_n00256_E_L.jpg,0.0,0.094855,0.0,False,n00256
bury_court/west_to_east/001_n00256_E_R.jpg,0.096566,1.9e-05,0.0,False,n00256
bury_court/west_to_east/002_n00255_E_L.jpg,0.0,0.34702,0.0,False,n00255
bury_court/west_to_east/002_n00255_E_R.jpg,0.081554,0.0,0.0,False,n00255
bury_court/west_to_east/003_n00254_E_L.jpg,0.0,0.0,0.0,False,n00254
bury_court/west_to_east/003_n00254_E_R.jpg,0.0,0.0,0.0,False,n00254
bush_lane/north_to_south/001_n00262_S_L.jpg,0.032189,0.092263,0.0,False,n00262
bush_lane/north_to_south/001_n00262_S_R.jpg,0.040431,0.181414,0.0,False,n00262
bush_lane/north_to_south/002_n00261_S_L.jpg,0.021443,0.086713,0.0,False,n00261
bush_lane/north_to_south/002_n00261_S_R.jpg,0.053833,0.113312,0.0,False,n00261
bush_lane/north_to_south/003_n00260_S_L.jpg,0.068742,0.192972,0.0,False,n00260
bush_lane/north_to_south/003_n00260_S_R.jpg,0.029081,0.303489,0.0,False,n00260
bush_lane/north_to_south/004_n00259_S_L.jpg,0.0,0.097746,0.0,False,n00259
bush_lane/north_to_south/004_n00259_S_R.jpg,0.0,0.11396,0.0,False,n00259
bush_lane/north_to_south/005_n00258_S_L.jpg,0.0,0.271304,0.0,False,n00258
bush_lane/north_to_south/005_n00258_S_R.jpg,0.0,0.259972,0.0,False,n00258
bush_lane/north_to_south/006_n00257_E_L.jpg,0.0,0.299724,0.294666,False,n00257
bush_lane/north_to_south/006_n00257_E_R.jpg,0.0,0.133895,0.232372,False,n00257
bush_lane/south_to_north/001_n00257_W_L.jpg,0.025159,0.321859,0.0,False,n00257
bush_lane/south_to_north/001_n00257_W_R.jpg,0.0,0.014647,0.0,False,n00257
bush_lane/south_to_north/002_n00258_N_L.jpg,0.022206,0.346951,0.0,False,n00258
bush_lane/south_to_north/002_n00258_N_R.jpg,0.052503,0.025761,0.0,False,n00258
bush_lane/south_to_north/003_n00259_N_L.jpg,0.032353,0.17721,0.0,False,n00259
bush_lane/south_to_north/003_n00259_N_R.jpg,0.063633,0.13783,0.0,False,n00259
bush_lane/south_to_north/004_n00260_N_L.jpg,0.051127,0.270338,0.0,False,n00260
bush_lane/south_to_north/004_n00260_N_R.jpg,0.02463,0.122845,0.0,False,n00260
bush_lane/south_to_north/005_n00261_N_L.jpg,0.066592,0.21244,0.0,False,n00261
bush_lane/south_to_north/005_n00261_N_R.jpg,0.029516,0.115099,0.0,False,n00261
bush_lane/south_to_north/006_n00262_N_L.jpg,0.091476,0.320688,0.0,False,n00262
bush_lane/south_to_north/006_n00262_N_R.jpg,0.075106,0.136676,0.0,False,n00262
byward_street/east_to_west/001_n00278_W_L.jpg,0.057388,0.227065,0.0,False,n00278
byward_street/east_to_west/001_n00278_W_R.jpg,0.304922,0.393017,0.0,False,n00278
byward_street/east_to_west/002_n00277_W_L.jpg,0.200352,0.318636,0.0,False,n00277
byward_street/east_to_west/002_n00277_W_R.jpg,0.238916,0.434386,0.0,False,n00277
byward_street/east_to_west/003_n00276_W_L.jpg,0.004746,0.006231,0.0,False,n00276
byward_street/east_to_west/003_n00276_W_R.jpg,0.155305,0.039448,0.0,False,n00276
byward_street/east_to_west/004_n00275_W_L.jpg,0.258486,0.418527,0.0,False,n00275
byward_street/east_to_west/004_n00275_W_R.jpg,0.184058,0.422187,0.0,False,n00275
byward_street/east_to_west/005_n00274_W_L.jpg,0.06045,0.041278,0.0,False,n00274
byward_street/east_to_west/005_n00274_W_R.jpg,0.17785,0.075649,0.0,False,n00274
byward_street/east_to_west/006_n00273_W_L.jpg,0.111496,0.399014,0.0,False,n00273
byward_street/east_to_west/006_n00273_W_R.jpg,0.138795,0.368923,0.0,False,n00273
byward_street/east_to_west/007_n00272_W_L.jpg,0.230015,0.356877,0.0,False,n00272
byward_street/east_to_west/007_n00272_W_R.jpg,0.264499,0.396394,0.0,False,n00272
byward_street/east_to_west/008_n00271_W_L.jpg,0.134645,0.074148,0.0,False,n00271
byward_street/east_to_west/008_n00271_W_R.jpg,0.118288,0.356273,0.0,False,n00271
byward_street/east_to_west/009_n00270_W_L.jpg,0.0,0.0,0.052068,True,n00270
byward_street/east_to_west/009_n00270_W_R.jpg,0.255349,0.18902,0.0,False,n00270
byward_street/east_to_west/010_n00269_W_L.jpg,0.244493,0.057482,0.0,False,n00269
byward_street/east_to_west/010_n00269_W_R.jpg,0.148582,0.367056,0.0,False,n00269
byward_street/east_to_west/011_n00268_W_L.jpg,0.004849,0.219944,0.0,False,n00268
byward_street/east_to_west/011_n00268_W_R.jpg,0.240789,0.415032,0.0,False,n00268
byward_street/east_to_west/012_n00267_W_L.jpg,0.307219,0.393935,0.0,False,n00267
byward_street/east_to_west/012_n00267_W_R.jpg,0.094879,0.361298,0.0,False,n00267
byward_street/east_to_west/013_n00266_W_L.jpg,0.135474,0.000217,0.0,False,n00266
byward_street/east_to_west/013_n00266_W_R.jpg,0.051038,0.194415,0.0,False,n00266
byward_street/east_to_west/014_n00265_W_L.jpg,0.250209,0.393222,0.0,False,n00265
byward_street/east_to_west/014_n00265_W_R.jpg,0.113887,0.376285,0.0,False,n00265
byward_street/east_to_west/015_n00264_W_L.jpg,0.00681,0.253379,0.0,False,n00264
byward_street/east_to_west/015_n00264_W_R.jpg,0.190853,0.41104,0.0,False,n00264
byward_street/east_to_west/016_n00263_W_L.jpg,0.16838,0.423475,0.0,False,n00263
byward_street/east_to_west/016_n00263_W_R.jpg,0.116773,0.388298,0.0,False,n00263
byward_street/west_to_east/001_n00263_E_L.jpg,0.082953,0.403179,0.0,False,n00263
byward_street/west_to_east/001_n00263_E_R.jpg,0.238153,0.461927,0.0,False,n00263
byward_street/west_to_east/002_n00264_E_L.jpg,0.108835,0.405509,0.0,False,n00264
byward_street/west_to_east/002_n00264_E_R.jpg,0.147634,0.388265,0.0,False,n00264
byward_street/west_to_east/003_n00265_E_L.jpg,0.066117,0.385529,0.0,False,n00265
byward_street/west_to_east/003_n00265_E_R.jpg,0.221821,0.411149,0.0,False,n00265
byward_street/west_to_east/004_n00266_E_L.jpg,0.01675,0.30778,0.0,False,n00266
byward_street/west_to_east/004_n00266_E_R.jpg,0.0,0.102566,0.067488,False,n00266
byward_street/west_to_east/005_n00267_E_L.jpg,0.09664,0.384848,0.0,False,n00267
byward_street/west_to_east/005_n00267_E_R.jpg,0.140592,0.403909,0.0,False,n00267
byward_street/west_to_east/006_n00268_E_L.jpg,0.088991,0.404091,0.0,False,n00268
byward_street/west_to_east/006_n00268_E_R.jpg,0.139317,0.40762,0.0,False,n00268
byward_street/west_to_east/007_n00269_E_L.jpg,0.094971,0.382777,0.0,False,n00269
byward_street/west_to_east/007_n00269_E_R.jpg,0.113238,0.306667,0.0,False,n00269
byward_street/west_to_east/008_n00270_E_L.jpg,0.083276,0.436755,0.0,False,n00270
byward_street/west_to_east/008_n00270_E_R.jpg,0.183553,0.134012,0.0,False,n00270
byward_street/west_to_east/009_n00271_E_L.jpg,0.186718,0.388254,0.0,False,n00271
byward_street/west_to_east/009_n00271_E_R.jpg,0.135423,0.43755,0.0,False,n00271
byward_street/west_to_east/010_n00272_E_L.jpg,0.155206,0.392566,0.0,False,n00272
byward_street/west_to_east/010_n00272_E_R.jpg,0.061978,0.385678,0.0,False,n00272
byward_street/west_to_east/011_n00273_E_L.jpg,0.226157,0.394882,0.0,False,n00273
byward_street/west_to_east/011_n00273_E_R.jpg,0.192298,0.189678,0.0,False,n00273
byward_street/west_to_east/012_n00274_E_L.jpg,0.109244,0.318329,0.009118,False,n00274
byward_street/west_to_east/012_n00274_E_R.jpg,0.131932,0.171683,0.0,False,n00274
byward_street/west_to_east/013_n00275_E_L.jpg,0.223577,0.43698,0.0,False,n00275
byward_street/west_to_east/013_n00275_E_R.jpg,0.124977,0.153671,0.0,False,n00275
byward_street/west_to_east/014_n00276_E_L.jpg,0.088526,0.308109,0.0,False,n00276
byward_street/west_to_east/014_n00276_E_R.jpg,0.310835,0.22468,0.0,False,n00276
byward_street/west_to_east/015_n00277_E_L.jpg,0.102335,0.423809,0.0,False,n00277
byward_street/west_to_east/015_n00277_E_R.jpg,0.125595,0.003589,0.0,False,n00277
byward_street/west_to_east/016_n00278_E_L.jpg,0.236941,0.403232,0.0,False,n00278
byward_street/west_to_east/016_n00278_E_R.jpg,0.228547,0.310993,0.0,False,n00278
camomile_street/east_to_west/001_n00279_W_L.jpg,0.046522,0.343321,0.0,False,n00279
camomile_street/east_to_west/001_n00279_W_R.jpg,0.009225,0.246455,0.0,False,n00279
camomile_street/east_to_west/002_n00280_W_L.jpg,0.062738,0.28679,0.0,False,n00280
camomile_street/east_to_west/002_n00280_W_R.jpg,0.048371,0.295561,0.0,False,n00280
camomile_street/east_to_west/003_n00281_W_L.jpg,0.05563,0.251533,0.0,False,n00281
camomile_street/east_to_west/003_n00281_W_R.jpg,0.000441,0.243719,0.0,False,n00281
camomile_street/east_to_west/004_n00282_W_L.jpg,0.075325,0.31112,0.0,False,n00282
camomile_street/east_to_west/004_n00282_W_R.jpg,0.049994,0.305271,0.0,False,n00282
camomile_street/east_to_west/005_n00283_W_L.jpg,0.068387,0.300463,0.0,False,n00283
camomile_street/east_to_west/005_n00283_W_R.jpg,0.004245,0.352815,0.0,False,n00283
camomile_street/east_to_west/006_n00284_W_L.jpg,0.096627,0.153907,0.0,False,n00284
camomile_street/east_to_west/006_n00284_W_R.jpg,0.264895,0.367438,0.0,False,n00284
camomile_street/east_to_west/007_n00285_W_L.jpg,0.061917,0.30404,0.0,False,n00285
camomile_street/east_to_west/007_n00285_W_R.jpg,0.032839,0.414446,0.0,False,n00285
camomile_street/east_to_west/008_n00286_W_L.jpg,0.042988,0.273478,0.0,False,n00286
camomile_street/east_to_west/008_n00286_W_R.jpg,0.076799,0.392646,0.0,False,n00286
camomile_street/east_to_west/009_n00287_W_L.jpg,0.054817,0.281589,0.0,False,n00287
camomile_street/east_to_west/009_n00287_W_R.jpg,0.134117,0.396269,0.0,False,n00287
camomile_street/east_to_west/010_n00288_W_L.jpg,0.068161,0.263887,0.0,False,n00288
camomile_street/east_to_west/010_n00288_W_R.jpg,0.268244,0.418249,0.0,False,n00288
camomile_street/east_to_west/011_n00289_W_L.jpg,0.133046,0.398813,0.0,False,n00289
camomile_street/east_to_west/011_n00289_W_R.jpg,0.23341,0.409018,0.0,False,n00289
camomile_street/west_to_east/001_n00284_E_L.jpg,0.031637,0.297924,0.0,False,n00284
camomile_street/west_to_east/001_n00284_E_R.jpg,0.075199,0.178855,0.0,False,n00284
camomile_street/west_to_east/002_n00289_E_L.jpg,0.13192,0.401794,0.0,False,n00289
camomile_street/west_to_east/002_n00289_E_R.jpg,0.017417,0.026246,0.0,False,n00289
camomile_street/west_to_east/003_n00288_E_L.jpg,0.070798,0.386917,0.0,False,n00288
camomile_street/west_to_east/003_n00288_E_R.jpg,0.039403,0.239319,0.0,False,n00288
camomile_street/west_to_east/004_n00282_E_L.jpg,0.045329,0.293675,0.0,False,n00282
camomile_street/west_to_east/004_n00282_E_R.jpg,0.09093,0.407145,0.0,False,n00282
camomile_street/west_to_east/005_n00280_E_L.jpg,0.005354,0.250613,0.0,False,n00280
camomile_street/west_to_east/005_n00280_E_R.jpg,0.075943,0.256125,0.0,False,n00280
camomile_street/west_to_east/006_n00287_E_L.jpg,0.08772,0.38984,0.0,False,n00287
camomile_street/west_to_east/006_n00287_E_R.jpg,0.066412,0.273909,0.0,False,n00287
camomile_street/west_to_east/007_n00286_E_L.jpg,0.049411,0.37544,0.0,False,n00286
camomile_street/west_to_east/007_n00286_E_R.jpg,0.062043,0.298299,0.0,False,n00286
camomile_street/west_to_east/008_n00285_E_L.jpg,0.000638,0.319876,0.0,False,n00285
camomile_street/west_to_east/008_n00285_E_R.jpg,0.057046,0.305385,0.0,False,n00285
camomile_street/west_to_east/009_n00283_E_L.jpg,0.017514,0.291288,0.0,False,n00283
camomile_street/west_to_east/009_n00283_E_R.jpg,0.023473,0.255033,0.0,False,n00283
camomile_street/west_to_east/010_n00281_E_L.jpg,0.011759,0.235851,0.0,False,n00281
camomile_street/west_to_east/010_n00281_E_R.jpg,0.022137,0.305793,0.0,False,n00281
camomile_street/west_to_east/011_n00279_E_L.jpg,0.056486,0.229942,0.0,False,n00279
camomile_street/west_to_east/011_n00279_E_R.jpg,0.042862,0.327032,0.0,False,n00279
cannon_street/east_to_west/001_n00290_W_F.jpg,0.103769,0.340555,0.0,False,n00290
cannon_street/east_to_west/002_n00291_W_L.jpg,0.041692,0.237933,0.0,False,n00291
cannon_street/east_to_west/002_n00291_W_R.jpg,0.152016,0.309328,0.0,False,n00291
cannon_street/east_to_west/003_n00292_W_L.jpg,0.160516,0.299165,0.0,False,n00292
cannon_street/east_to_west/003_n00292_W_R.jpg,0.178732,0.374891,0.0,False,n00292
cannon_street/east_to_west/004_n00293_W_L.jpg,0.146766,0.179873,0.0,False,n00293
cannon_street/east_to_west/004_n00293_W_R.jpg,0.053425,0.019622,0.0,False,n00293
cannon_street/east_to_west/005_n00294_W_L.jpg,0.067953,0.306953,0.0,False,n00294
cannon_street/east_to_west/005_n00294_W_R.jpg,0.100443,0.331255,0.0,False,n00294
cannon_street/east_to_west/006_n00295_W_L.jpg,0.00242,0.248111,0.0,False,n00295
cannon_street/east_to_west/006_n00295_W_R.jpg,0.127202,0.393262,0.0,False,n00295
cannon_street/east_to_west/007_n00296_W_L.jpg,0.32972,0.184091,0.0,False,n00296
cannon_street/east_to_west/007_n00296_W_R.jpg,0.0,0.004252,0.016999,False,n00296
cannon_street/east_to_west/008_n00297_W_L.jpg,0.237943,0.190957,0.0,False,n00297
cannon_street/east_to_west/008_n00297_W_R.jpg,0.075247,0.140695,0.0,False,n00297
cannon_street/east_to_west/009_n00298_W_L.jpg,0.055996,0.221021,0.0,False,n00298
cannon_street/east_to_west/009_n00298_W_R.jpg,0.074619,0.351166,0.0,False,n00298
cannon_street/east_to_west/010_n00299_W_L.jpg,0.279444,0.421526,0.0,False,n00299
cannon_street/east_to_west/010_n00299_W_R.jpg,0.115484,0.330022,0.0,False,n00299
cannon_street/east_to_west/011_n00300_W_L.jpg,0.148631,0.232407,0.0,False,n00300
cannon_street/east_to_west/011_n00300_W_R.jpg,0.25163,0.182599,0.0,False,n00300
cannon_street/east_to_west/012_n00301_W_L.jpg,0.05722,0.242662,0.0,False,n00301
cannon_street/east_to_west/012_n00301_W_R.jpg,0.097277,0.361619,0.0,False,n00301
cannon_street/east_to_west/013_n00302_W_L.jpg,0.275876,0.220065,0.0,False,n00302
cannon_street/east_to_west/013_n00302_W_R.jpg,0.085964,0.201126,0.0,False,n00302
cannon_street/east_to_west/014_n00303_W_L.jpg,0.04117,0.19854,0.0,False,n00303
cannon_street/east_to_west/014_n00303_W_R.jpg,0.10502,0.381682,0.0,False,n00303
cannon_street/east_to_west/015_n00304_W_L.jpg,0.101689,0.249476,0.0,False,n00304
cannon_street/east_to_west/015_n00304_W_R.jpg,0.122145,0.100785,0.0,False,n00304
cannon_street/east_to_west/016_n00305_W_L.jpg,0.046601,0.198416,0.0,False,n00305
cannon_street/east_to_west/016_n00305_W_R.jpg,0.096281,0.17376,0.0,False,n00305
cannon_street/east_to_west/017_n00306_W_L.jpg,0.025996,0.13151,0.0,False,n00306
cannon_street/east_to_west/017_n00306_W_R.jpg,0.144308,0.345394,0.0,False,n00306
cannon_street/east_to_west/018_n00307_W_L.jpg,0.080817,0.16575,0.0,False,n00307
cannon_street/east_to_west/018_n00307_W_R.jpg,0.080895,0.342639,0.0,False,n00307
cannon_street/east_to_west/019_n00308_W_L.jpg,0.058177,0.147999,0.0,False,n00308
cannon_street/east_to_west/019_n00308_W_R.jpg,0.071611,0.315393,0.0,False,n00308
cannon_street/east_to_west/020_n00309_W_L.jpg,0.0,0.0,0.45934,True,n00309
cannon_street/east_to_west/020_n00309_W_R.jpg,0.0,0.0,0.322476,True,n00309
cannon_street/east_to_west/021_n00310_W_L.jpg,0.051357,0.267636,0.0,False,n00310
cannon_street/east_to_west/021_n00310_W_R.jpg,0.070335,0.326797,0.0,False,n00310
cannon_street/east_to_west/022_n00311_W_L.jpg,0.03444,0.247277,0.0,False,n00311
cannon_street/east_to_west/022_n00311_W_R.jpg,0.086547,0.349105,0.0,False,n00311
cannon_street/east_to_west/023_n00312_W_L.jpg,0.0,0.0,0.402949,True,n00312
cannon_street/east_to_west/023_n00312_W_R.jpg,0.0,0.0,0.362405,True,n00312
cannon_street/east_to_west/024_n00313_W_L.jpg,0.114439,0.324448,0.0,False,n00313
cannon_street/east_to_west/024_n00313_W_R.jpg,0.114304,0.218451,0.0,False,n00313
cannon_street/east_to_west/025_n00314_W_L.jpg,0.195219,0.330287,0.0,False,n00314
cannon_street/east_to_west/025_n00314_W_R.jpg,0.375536,0.265076,0.0,False,n00314
cannon_street/east_to_west/026_n00315_W_L.jpg,0.050825,0.228745,0.0,False,n00315
cannon_street/east_to_west/026_n00315_W_R.jpg,0.064074,0.271434,0.0,False,n00315
cannon_street/east_to_west/027_n00316_W_L.jpg,0.043316,0.26832,0.0,False,n00316
cannon_street/east_to_west/027_n00316_W_R.jpg,0.051825,0.334161,0.0,False,n00316
cannon_street/east_to_west/028_n00317_W_L.jpg,0.065468,0.332544,0.0,False,n00317
cannon_street/east_to_west/028_n00317_W_R.jpg,0.034234,0.336434,0.0,False,n00317
cannon_street/east_to_west/029_n00318_W_L.jpg,0.071761,0.200918,0.0,False,n00318
cannon_street/east_to_west/029_n00318_W_R.jpg,0.222703,0.369945,0.0,False,n00318
cannon_street/east_to_west/030_n00319_W_L.jpg,0.111547,0.385903,0.0,False,n00319
cannon_street/east_to_west/030_n00319_W_R.jpg,0.0,0.087371,0.0,False,n00319
cannon_street/east_to_west/031_n00320_W_L.jpg,0.085516,0.19194,0.0,False,n00320
cannon_street/east_to_west/031_n00320_W_R.jpg,0.344678,0.388054,0.0,False,n00320
cannon_street/east_to_west/032_n00321_W_L.jpg,0.131765,0.111537,0.0,False,n00321
cannon_street/east_to_west/032_n00321_W_R.jpg,0.152772,0.350788,0.0,False,n00321
cannon_street/east_to_west/033_n00322_W_L.jpg,0.059315,0.22294,0.0,False,n00322
cannon_street/east_to_west/033_n00322_W_R.jpg,0.1177,0.364898,0.0,False,n00322
cannon_street/east_to_west/034_n00323_W_L.jpg,0.054582,0.209151,0.0,False,n00323
cannon_street/east_to_west/034_n00323_W_R.jpg,0.148792,0.346649,0.0,False,n00323
cannon_street/east_to_west/035_n00324_W_L.jpg,0.070167,0.228332,0.0,False,n00324
cannon_street/east_to_west/035_n00324_W_R.jpg,0.272571,0.347022,0.0,False,n00324
cannon_street/east_to_west/036_n00325_W_L.jpg,0.142095,0.244045,0.0,False,n00325
cannon_street/east_to_west/036_n00325_W_R.jpg,0.221592,0.450749,0.0,False,n00325
cannon_street/east_to_west/037_n00326_W_L.jpg,0.0,0.002571,0.359865,True,n00326
cannon_street/east_to_west/037_n00326_W_R.jpg,0.0,0.053983,0.412169,False,n00326
cannon_street/east_to_west/038_n00327_W_L.jpg,0.251046,0.269115,0.0,False,n00327
cannon_street/east_to_west/038_n00327_W_R.jpg,0.104451,0.323735,0.0,False,n00327
cannon_street/east_to_west/039_n00328_W_L.jpg,0.139802,0.343569,0.0,False,n00328
cannon_street/east_to_west/039_n00328_W_R.jpg,0.021225,0.280904,0.0,False,n00328
cannon_street/east_to_west/040_n00329_W_L.jpg,0.1115,0.370177,0.0,False,n00329
cannon_street/east_to_west/040_n00329_W_R.jpg,0.062304,0.279921,0.0,False,n00329
cannon_street/east_to_west/041_n00330_W_L.jpg,0.13854,0.351187,0.0,False,n00330
cannon_street/east_to_west/041_n00330_W_R.jpg,0.072973,0.303526,0.0,False,n00330
cannon_street/east_to_west/042_n00331_W_L.jpg,0.174543,0.236931,0.0,False,n00331
cannon_street/east_to_west/042_n00331_W_R.jpg,0.064173,0.10645,0.0,False,n00331
cannon_street/east_to_west/043_n00332_W_L.jpg,0.16646,0.318303,0.0,False,n00332
cannon_street/east_to_west/043_n00332_W_R.jpg,0.093092,0.201264,0.0,False,n00332
cannon_street/east_to_west/044_n00333_W_L.jpg,0.17804,0.403846,0.0,False,n00333
cannon_street/east_to_west/044_n00333_W_R.jpg,0.139121,0.401497,0.0,False,n00333
cannon_street/east_to_west/045_n00334_W_L.jpg,0.030615,0.137432,0.0,False,n00334
cannon_street/east_to_west/045_n00334_W_R.jpg,0.179496,0.255506,0.0,False,n00334
cannon_street/east_to_west/046_n00335_W_L.jpg,0.172954,0.234355,0.0,False,n00335
cannon_street/east_to_west/046_n00335_W_R.jpg,0.179798,0.396894,0.0,False,n00335
cannon_street/east_to_west/047_n00336_W_L.jpg,0.052595,0.249067,0.0,False,n00336
cannon_street/east_to_west/047_n00336_W_R.jpg,0.37258,0.411422,0.0,False,n00336
cannon_street/east_to_west/048_n00337_W_L.jpg,0.124281,0.263228,0.0,False,n00337
cannon_street/east_to_west/048_n00337_W_R.jpg,0.328943,0.311415,0.0,False,n00337
cannon_street/east_to_west/049_n00338_W_L.jpg,0.19529,0.258172,0.0,False,n00338
cannon_street/east_to_west/049_n00338_W_R.jpg,0.327839,0.388424,0.0,False,n00338
cannon_street/west_to_east/001_n00295_E_L.jpg,0.09015,0.398636,0.0,False,n00295
cannon_street/west_to_east/001_n00295_E_R.jpg,0.14889,0.333395,0.0,False,n00295
cannon_street/west_to_east/002_n00300_E_L.jpg,0.048963,0.0,0.010028,False,n00300
cannon_street/west_to_east/002_n00300_E_R.jpg,0.0673,0.257751,0.0,False,n00300
cannon_street/west_to_east/003_n00304_E_L.jpg,0.018134,0.0,0.000121,False,n00304
cannon_street/west_to_east/003_n00304_E_R.jpg,0.145238,0.220129,0.0,False,n00304
cannon_street/west_to_east/004_n00338_E_L.jpg,0.393457,0.367015,0.0,False,n00338
cannon_street/west_to_east/004_n00338_E_R.jpg,0.072217,0.221239,0.0,False,n00338
cannon_street/west_to_east/005_n00297_E_L.jpg,0.025998,0.10547,0.0,False,n00297
cannon_street/west_to_east/005_n00297_E_R.jpg,0.170066,0.199824,0.0,False,n00297
cannon_street/west_to_east/006_n00302_E_L.jpg,0.087125,0.208886,0.0,False,n00302
cannon_street/west_to_east/006_n00302_E_R.jpg,0.274688,0.173607,0.0,False,n00302
cannon_street/west_to_east/007_n00337_E_L.jpg,0.306811,0.352134,0.0,False,n00337
cannon_street/west_to_east/007_n00337_E_R.jpg,0.114412,0.27696,0.0,False,n00337
cannon_street/west_to_east/008_n00291_E_L.jpg,0.074191,0.018738,0.0,False,n00291
cannon_street/west_to_east/008_n00291_E_R.jpg,0.181875,0.075103,0.0,False,n00291
cannon_street/west_to_east/009_n00299_E_L.jpg,0.204746,0.365895,0.0,False,n00299
cannon_street/west_to_east/009_n00299_E_R.jpg,0.245874,0.412131,0.0,False,n00299
cannon_street/west_to_east/010_n00336_E_L.jpg,0.091414,0.276619,0.0,False,n00336
cannon_street/west_to_east/010_n00336_E_R.jpg,0.128866,0.307807,0.0,False,n00336
cannon_street/west_to_east/011_n00293_E_L.jpg,0.0,0.001619,0.062092,True,n00293
cannon_street/west_to_east/011_n00293_E_R.jpg,0.355218,0.337631,0.0,False,n00293
cannon_street/west_to_east/012_n00296_E_L.jpg,0.0,0.018687,0.19625,True,n00296
cannon_street/west_to_east/012_n00296_E_R.jpg,0.296783,0.329202,0.0,False,n00296
cannon_street/west_to_east/013_n00335_E_L.jpg,0.197521,0.402616,0.0,False,n00335
cannon_street/west_to_east/013_n00335_E_R.jpg,0.0,0.115484,0.0,False,n00335
cannon_street/west_to_east/014_n00292_E_L.jpg,0.217423,0.340111,0.0,False,n00292
cannon_street/west_to_east/014_n00292_E_R.jpg,0.0,0.059429,0.0,False,n00292
cannon_street/west_to_east/015_n00334_E_L.jpg,0.054727,0.211053,0.0,False,n00334
cannon_street/west_to_east/015_n00334_E_R.jpg,0.310199,0.372308,0.0,False,n00334
cannon_street/west_to_east/016_n00333_E_L.jpg,0.09443,0.271618,0.0,False,n00333
cannon_street/west_to_east/016_n00333_E_R.jpg,0.170665,0.354106,0.0,False,n00333
cannon_street/west_to_east/017_n00332_E_L.jpg,0.155606,0.318643,0.0,False,n00332
cannon_street/west_to_east/017_n00332_E_R.jpg,0.04879,0.291969,0.0,False,n00332
cannon_street/west_to_east/018_n00331_E_L.jpg,0.0,0.0,0.0,False,n00331
cannon_street/west_to_east/018_n00331_E_R.jpg,0.303227,0.214667,0.0,False,n00331
cannon_street/west_to_east/019_n00330_E_L.jpg,0.053026,0.267803,0.0,False,n00330
cannon_street/west_to_east/019_n00330_E_R.jpg,0.118841,0.368237,0.0,False,n00330
cannon_street/west_to_east/020_n00329_E_L.jpg,0.076517,0.258709,0.0,False,n00329
cannon_street/west_to_east/020_n00329_E_R.jpg,0.130797,0.325736,0.0,False,n00329
cannon_street/west_to_east/021_n00328_E_L.jpg,0.217747,0.339361,0.0,False,n00328
cannon_street/west_to_east/021_n00328_E_R.jpg,0.125874,0.204922,0.0,False,n00328
cannon_street/west_to_east/022_n00327_E_L.jpg,0.165621,0.335415,0.0,False,n00327
cannon_street/west_to_east/022_n00327_E_R.jpg,0.210055,0.323568,0.0,False,n00327
cannon_street/west_to_east/023_n00326_E_L.jpg,0.0,0.001942,0.381672,True,n00326
cannon_street/west_to_east/023_n00326_E_R.jpg,0.0,0.0,0.260094,True,n00326
cannon_street/west_to_east/024_n00325_E_L.jpg,0.294314,0.400232,0.0,False,n00325
cannon_street/west_to_east/024_n00325_E_R.jpg,0.101184,0.148401,0.0,False,n00325
cannon_street/west_to_east/025_n00324_E_L.jpg,0.1133,0.386029,0.0,False,n00324
cannon_street/west_to_east/025_n00324_E_R.jpg,0.073382,0.313283,0.0,False,n00324
cannon_street/west_to_east/026_n00323_E_L.jpg,0.07048,0.335651,0.0,False,n00323
cannon_street/west_to_east/026_n00323_E_R.jpg,0.11544,0.199103,0.0,False,n00323
cannon_street/west_to_east/027_n00322_E_L.jpg,0.107853,0.352323,0.0,False,n00322
cannon_street/west_to_east/027_n00322_E_R.jpg,0.115819,0.406544,0.0,False,n00322
cannon_street/west_to_east/028_n00321_E_L.jpg,0.063994,0.377651,0.0,False,n00321
cannon_street/west_to_east/028_n00321_E_R.jpg,0.04019,0.262717,0.0,False,n00321
cannon_street/west_to_east/029_n00320_E_L.jpg,0.339467,0.353831,0.0,False,n00320
cannon_street/west_to_east/029_n00320_E_R.jpg,0.056174,0.149607,0.0,False,n00320
cannon_street/west_to_east/030_n00319_E_L.jpg,0.122048,0.258732,0.0,False,n00319
cannon_street/west_to_east/030_n00319_E_R.jpg,0.052492,0.23866,0.0,False,n00319
cannon_street/west_to_east/031_n00318_E_L.jpg,0.200486,0.348059,0.0,False,n00318
cannon_street/west_to_east/031_n00318_E_R.jpg,0.036865,0.191461,0.0,False,n00318
cannon_street/west_to_east/032_n00317_E_L.jpg,0.094992,0.353603,0.0,False,n00317
cannon_street/west_to_east/032_n00317_E_R.jpg,0.038613,0.295997,0.0,False,n00317
cannon_street/west_to_east/033_n00316_E_L.jpg,0.118705,0.331901,0.0,False,n00316
cannon_street/west_to_east/033_n00316_E_R.jpg,0.044053,0.296958,0.0,False,n00316
cannon_street/west_to_east/034_n00315_E_L.jpg,0.067541,0.248573,0.0,False,n00315
cannon_street/west_to_east/034_n00315_E_R.jpg,0.034452,0.287272,0.0,False,n00315
cannon_street/west_to_east/035_n00314_E_L.jpg,0.047396,0.198614,0.0,False,n00314
cannon_street/west_to_east/035_n00314_E_R.jpg,0.054776,0.346609,0.0,False,n00314
cannon_street/west_to_east/036_n00313_E_L.jpg,0.055372,0.218412,0.0,False,n00313
cannon_street/west_to_east/036_n00313_E_R.jpg,0.041171,0.334581,0.0,False,n00313
cannon_street/west_to_east/037_n00312_E_L.jpg,0.0,0.0,0.10051,True,n00312
cannon_street/west_to_east/037_n00312_E_R.jpg,0.0,0.0,0.425492,True,n00312
cannon_street/west_to_east/038_n00311_E_L.jpg,0.05682,0.347432,0.0,False,n00311
cannon_street/west_to_east/038_n00311_E_R.jpg,0.076148,0.393953,0.0,False,n00311
cannon_street/west_to_east/039_n00310_E_L.jpg,0.092066,0.341239,0.0,False,n00310
cannon_street/west_to_east/039_n00310_E_R.jpg,0.058695,0.012201,0.0,False,n00310
cannon_street/west_to_east/040_n00309_E_L.jpg,0.0,0.0,0.272002,True,n00309
cannon_street/west_to_east/040_n00309_E_R.jpg,0.0,0.0,0.448626,True,n00309
cannon_street/west_to_east/041_n00308_E_L.jpg,0.120725,0.344987,0.0,False,n00308
cannon_street/west_to_east/041_n00308_E_R.jpg,0.029075,0.106848,0.0,False,n00308
cannon_street/west_to_east/042_n00307_E_L.jpg,0.082057,0.337945,0.0,False,n00307
cannon_street/west_to_east/042_n00307_E_R.jpg,0.048868,0.152818,0.0,False,n00307
cannon_street/west_to_east/043_n00306_E_L.jpg,0.311428,0.358497,0.0,False,n00306
cannon_street/west_to_east/043_n00306_E_R.jpg,0.072035,0.134932,0.0,False,n00306
cannon_street/west_to_east/044_n00305_E_L.jpg,0.084223,0.348347,0.0,False,n00305
cannon_street/west_to_east/044_n00305_E_R.jpg,0.043684,0.340806,0.0,False,n00305
cannon_street/west_to_east/045_n00303_E_L.jpg,0.066326,0.375899,0.0,False,n00303
cannon_street/west_to_east/045_n00303_E_R.jpg,0.060746,0.01621,0.0,False,n00303
cannon_street/west_to_east/046_n00301_E_L.jpg,0.077572,0.378914,0.0,False,n00301
cannon_street/west_to_east/046_n00301_E_R.jpg,0.078602,0.354428,0.0,False,n00301
cannon_street/west_to_east/047_n00298_E_L.jpg,0.123105,0.395556,0.0,False,n00298
cannon_street/west_to_east/047_n00298_E_R.jpg,0.05571,0.297595,0.0,False,n00298
cannon_street/west_to_east/048_n00294_E_L.jpg,0.11856,0.411095,0.0,False,n00294
cannon_street/west_to_east/048_n00294_E_R.jpg,0.082841,0.3187,0.0,False,n00294
cannon_street/west_to_east/049_n00290_E_F.jpg,0.153007,0.389802,0.0,False,n00290
carey_lane/east_to_west/001_n00339_W_L.jpg,0.002831,0.344239,0.0,False,n00339
carey_lane/east_to_west/001_n00339_W_R.jpg,0.080993,0.095589,0.0,False,n00339
carey_lane/east_to_west/002_n00340_W_L.jpg,0.01888,0.119484,0.0,False,n00340
carey_lane/east_to_west/002_n00340_W_R.jpg,0.0,0.043642,0.0,False,n00340
carey_lane/east_to_west/003_n00341_W_L.jpg,0.002008,0.119152,0.0,False,n00341
carey_lane/east_to_west/003_n00341_W_R.jpg,0.003538,0.098017,0.0,False,n00341
carey_lane/east_to_west/004_n00342_W_L.jpg,0.007524,0.225533,0.0,False,n00342
carey_lane/east_to_west/004_n00342_W_R.jpg,0.05496,0.237598,0.0,False,n00342
carey_lane/west_to_east/001_n00342_E_L.jpg,0.084546,0.314419,0.0,False,n00342
carey_lane/west_to_east/001_n00342_E_R.jpg,0.057573,0.166012,0.0,False,n00342
carey_lane/west_to_east/002_n00341_E_L.jpg,0.019272,0.072422,0.0,False,n00341
carey_lane/west_to_east/002_n00341_E_R.jpg,0.004061,0.097608,0.0,False,n00341
carey_lane/west_to_east/003_n00340_E_L.jpg,0.029888,0.138898,0.0,False,n00340
carey_lane/west_to_east/003_n00340_E_R.jpg,0.002694,0.064259,0.0,False,n00340
carey_lane/west_to_east/004_n00339_E_L.jpg,0.05359,0.257136,0.0,False,n00339
carey_lane/west_to_east/004_n00339_E_R.jpg,0.058129,0.369653,0.0,False,n00339
carter_lane/east_to_west/001_n00343_W_F.jpg,0.219472,0.038552,0.0,False,n00343
carter_lane/east_to_west/002_n00344_W_F.jpg,0.141169,0.001542,0.0,False,n00344
carter_lane/east_to_west/003_n00345_W_F.jpg,0.151618,0.006257,0.0,False,n00345
carter_lane/east_to_west/004_n00346_W_F.jpg,0.250236,0.039443,0.0,False,n00346
carter_lane/west_to_east/001_n00346_E_F.jpg,0.198423,0.030933,0.0,False,n00346
carter_lane/west_to_east/002_n00345_E_F.jpg,0.200002,0.013395,0.0,False,n00345
carter_lane/west_to_east/003_n00344_E_F.jpg,0.141764,0.006241,0.0,False,n00344
carter_lane/west_to_east/004_n00343_E_F.jpg,0.286833,0.236661,0.0,False,n00343
castle_baynard_street/east_to_west/001_n00347_W_L.jpg,0.319252,0.277513,0.0,False,n00347
castle_baynard_street/east_to_west/001_n00347_W_R.jpg,0.008402,0.0,0.0,False,n00347
castle_baynard_street/east_to_west/002_n00348_W_L.jpg,0.129854,0.151646,0.0,False,n00348
castle_baynard_street/east_to_west/002_n00348_W_R.jpg,0.0,0.000915,0.0,False,n00348
castle_baynard_street/east_to_west/003_n00349_W_L.jpg,0.260929,0.224825,0.0,False,n00349
castle_baynard_street/east_to_west/003_n00349_W_R.jpg,0.0,0.00089,0.0,False,n00349
castle_baynard_street/east_to_west/004_n00350_W_L.jpg,0.265794,0.374632,0.0,False,n00350
castle_baynard_street/east_to_west/004_n00350_W_R.jpg,0.060282,0.134899,0.0,False,n00350
castle_baynard_street/east_to_west/005_n00351_W_L.jpg,0.117825,0.318642,0.0,False,n00351
castle_baynard_street/east_to_west/005_n00351_W_R.jpg,0.043917,0.104264,0.0,False,n00351
castle_baynard_street/east_to_west/006_n00352_W_L.jpg,0.0,0.262873,0.0,False,n00352
castle_baynard_street/east_to_west/006_n00352_W_R.jpg,0.108569,0.096536,0.0,False,n00352
castle_baynard_street/west_to_east/001_n00352_E_L.jpg,0.105553,0.120864,0.0,False,n00352
castle_baynard_street/west_to_east/001_n00352_E_R.jpg,0.144596,0.272198,0.0,False,n00352
castle_baynard_street/west_to_east/002_n00351_E_L.jpg,0.092246,0.13324,0.0,False,n00351
castle_baynard_street/west_to_east/002_n00351_E_R.jpg,0.329591,0.333351,0.0,False,n00351
castle_baynard_street/west_to_east/003_n00350_E_L.jpg,0.0,0.387633,0.0,False,n00350
castle_baynard_street/west_to_east/003_n00350_E_R.jpg,0.296794,0.351933,0.0,False,n00350
castle_baynard_street/west_to_east/004_n00349_E_L.jpg,0.016973,0.00541,0.0,False,n00349
castle_baynard_street/west_to_east/004_n00349_E_R.jpg,0.203381,0.283009,0.0,False,n00349
castle_baynard_street/west_to_east/005_n00348_E_L.jpg,0.00883,0.0,0.0,False,n00348
castle_baynard_street/west_to_east/005_n00348_E_R.jpg,0.207338,0.190132,0.0,False,n00348
castle_baynard_street/west_to_east/006_n00347_E_L.jpg,0.001296,0.000322,0.0,False,n00347
castle_baynard_street/west_to_east/006_n00347_E_R.jpg,0.101183,0.268414,0.0,False,n00347
cavendish_court/north_to_south/001_n00355_S_F.jpg,0.012412,0.003944,0.0,False,n00355
cavendish_court/north_to_south/002_n00354_S_F.jpg,0.008485,0.002963,0.0,False,n00354
cavendish_court/north_to_south/003_n00353_S_L.jpg,0.083977,0.318933,0.0,False,n00353
cavendish_court/north_to_south/003_n00353_S_R.jpg,0.0,0.108936,0.0,False,n00353
cavendish_court/south_to_north/001_n00353_N_L.jpg,0.068846,0.271058,0.0,False,n00353
cavendish_court/south_to_north/001_n00353_N_R.jpg,0.15241,0.318558,0.0,False,n00353
cavendish_court/south_to_north/002_n00354_N_F.jpg,0.020866,0.022185,0.0,False,n00354
cavendish_court/south_to_north/003_n00355_N_F.jpg,0.0,0.0,0.0,False,n00355
change_alley/east_to_west/001_n00356_W_F.jpg,0.011441,0.017194,0.0,False,n00356
change_alley/east_to_west/002_n00357_W_F.jpg,0.0,0.005829,0.0,False,n00357
change_alley/west_to_east/001_n00357_E_F.jpg,0.0,0.0,0.0,False,n00357
change_alley/west_to_east/002_n00356_E_F.jpg,0.036197,0.125209,0.0,False,n00356
cheapside/east_to_west/001_n00358_W_L.jpg,0.070681,0.356775,0.0,False,n00358
cheapside/east_to_west/001_n00358_W_R.jpg,0.046468,0.1593,0.0,False,n00358
cheapside/east_to_west/002_n00359_N_L.jpg,0.129551,0.382348,0.0,False,n00359
cheapside/east_to_west/002_n00359_N_R.jpg,0.075982,0.38482,0.0,False,n00359
cheapside/east_to_west/003_n00360_W_L.jpg,0.04741,0.152278,0.0,False,n00360
cheapside/east_to_west/003_n00360_W_R.jpg,0.075148,0.346808,0.0,False,n00360
cheapside/east_to_west/004_n00361_N_L.jpg,0.191879,0.42549,0.0,False,n00361
cheapside/east_to_west/004_n00361_N_R.jpg,0.054786,0.340732,0.0,False,n00361
cheapside/east_to_west/005_n00362_W_L.jpg,0.053343,0.182917,0.0,False,n00362
cheapside/east_to_west/005_n00362_W_R.jpg,0.11453,0.334125,0.0,False,n00362
cheapside/east_to_west/006_n00363_N_F.jpg,0.163542,0.272156,0.0,False,n00363
cheapside/east_to_west/007_n00364_W_L.jpg,0.123256,0.241873,0.0,False,n00364
cheapside/east_to_west/007_n00364_W_R.jpg,0.091939,0.366966,0.0,False,n00364
cheapside/east_to_west/008_n00365_N_L.jpg,0.113704,0.253738,0.0,False,n00365
cheapside/east_to_west/008_n00365_N_R.jpg,0.082686,0.285491,0.0,False,n00365
cheapside/east_to_west/009_n00366_W_L.jpg,0.066554,0.351056,0.0,False,n00366
cheapside/east_to_west/009_n00366_W_R.jpg,0.140971,0.379336,0.0,False,n00366
cheapside/east_to_west/010_n00367_N_L.jpg,0.053674,0.344151,0.0,False,n00367
cheapside/east_to_west/010_n00367_N_R.jpg,0.094076,0.320038,0.0,False,n00367
cheapside/east_to_west/011_n00368_W_L.jpg,0.096753,0.347922,0.0,False,n00368
cheapside/east_to_west/011_n00368_W_R.jpg,0.060412,0.113625,0.0,False,n00368
cheapside/east_to_west/012_n00369_W_L.jpg,0.085339,0.340385,0.0,False,n00369
cheapside/east_to_west/012_n00369_W_R.jpg,0.067625,0.170829,0.0,False,n00369
cheapside/east_to_west/013_n00370_W_L.jpg,0.154985,0.346569,0.0,False,n00370
cheapside/east_to_west/013_n00370_W_R.jpg,0.04049,0.121787,0.0,False,n00370
cheapside/east_to_west/014_n00371_W_L.jpg,0.072205,0.111266,0.0,False,n00371
cheapside/east_to_west/014_n00371_W_R.jpg,0.086937,0.329689,0.0,False,n00371
cheapside/east_to_west/015_n00372_W_L.jpg,0.169023,0.19466,0.0,False,n00372
cheapside/east_to_west/015_n00372_W_R.jpg,0.075681,0.307013,0.0,False,n00372
cheapside/east_to_west/016_n00373_W_L.jpg,0.076714,0.377295,0.0,False,n00373
cheapside/east_to_west/016_n00373_W_R.jpg,0.061241,0.142037,0.0,False,n00373
cheapside/east_to_west/017_n00374_W_L.jpg,0.063519,0.181865,0.0,False,n00374
cheapside/east_to_west/017_n00374_W_R.jpg,0.070587,0.34862,0.0,False,n00374
cheapside/east_to_west/018_n00375_W_L.jpg,0.026921,0.330388,0.0,False,n00375
cheapside/east_to_west/018_n00375_W_R.jpg,0.061426,0.368893,0.0,False,n00375
cheapside/east_to_west/019_n00376_W_L.jpg,0.072324,0.30593,0.0,False,n00376
cheapside/east_to_west/019_n00376_W_R.jpg,0.082592,0.334246,0.0,False,n00376
cheapside/east_to_west/020_n00377_W_L.jpg,0.071465,0.343081,0.0,False,n00377
cheapside/east_to_west/020_n00377_W_R.jpg,0.069253,0.226042,0.0,False,n00377
cheapside/east_to_west/021_n00378_W_L.jpg,0.062883,0.359253,0.0,False,n00378
cheapside/east_to_west/021_n00378_W_R.jpg,0.064432,0.104936,0.0,False,n00378
cheapside/east_to_west/022_n00379_W_L.jpg,0.086833,0.18098,0.0,False,n00379
cheapside/east_to_west/022_n00379_W_R.jpg,0.070777,0.063875,0.0,False,n00379
cheapside/east_to_west/023_n00380_W_L.jpg,0.064169,0.324468,0.0,False,n00380
cheapside/east_to_west/023_n00380_W_R.jpg,0.095054,0.180937,0.0,False,n00380
cheapside/east_to_west/024_n00381_W_L.jpg,0.128659,0.280892,0.0,False,n00381
cheapside/east_to_west/024_n00381_W_R.jpg,0.120988,0.288891,0.0,False,n00381
cheapside/east_to_west/025_n00382_W_L.jpg,0.243012,0.338939,0.0,False,n00382
cheapside/east_to_west/025_n00382_W_R.jpg,0.065684,0.143428,0.0,False,n00382
cheapside/east_to_west/026_n00383_N_L.jpg,0.216319,0.448065,0.0,False,n00383
cheapside/east_to_west/026_n00383_N_R.jpg,0.0698,0.057473,0.0,False,n00383
cheapside/east_to_west/027_n00384_W_F.jpg,0.10669,0.371144,0.0,False,n00384
cheapside/east_to_west/028_n00385_N_L.jpg,0.134185,0.252112,0.0,False,n00385
cheapside/east_to_west/028_n00385_N_R.jpg,0.146546,0.365004,0.0,False,n00385
cheapside/east_to_west/029_n00386_W_L.jpg,0.23797,0.202038,0.0,False,n00386
cheapside/east_to_west/029_n00386_W_R.jpg,0.156406,0.307687,0.0,False,n00386
cheapside/east_to_west/030_n00387_W_F.jpg,0.086542,0.326517,0.0,False,n00387
cheapside/west_to_east/001_n00367_S_L.jpg,0.125783,0.299477,0.0,False,n00367
cheapside/west_to_east/001_n00367_S_R.jpg,0.297792,0.241678,0.0,False,n00367
cheapside/west_to_east/002_n00387_E_F.jpg,0.188865,0.232368,0.0,False,n00387
cheapside/west_to_east/003_n00386_E_L.jpg,0.114214,0.282096,0.0,False,n00386
cheapside/west_to_east/003_n00386_E_R.jpg,0.095823,0.235785,0.0,False,n00386
cheapside/west_to_east/004_n00365_S_L.jpg,0.160989,0.280343,0.0,False,n00365
cheapside/west_to_east/004_n00365_S_R.jpg,0.267413,0.283888,0.0,False,n00365
cheapside/west_to_east/005_n00363_S_F.jpg,0.145319,0.2979,0.0,False,n00363
cheapside/west_to_east/006_n00385_S_L.jpg,0.179263,0.327306,0.0,False,n00385
cheapside/west_to_east/006_n00385_S_R.jpg,0.172961,0.249477,0.0,False,n00385
cheapside/west_to_east/007_n00384_E_F.jpg,0.21965,0.321372,0.0,False,n00384
cheapside/west_to_east/008_n00361_S_L.jpg,0.228315,0.361004,0.0,False,n00361
cheapside/west_to_east/008_n00361_S_R.jpg,0.233542,0.303411,0.0,False,n00361
cheapside/west_to_east/009_n00359_S_L.jpg,0.267062,0.392724,0.0,False,n00359
cheapside/west_to_east/009_n00359_S_R.jpg,0.268729,0.404422,0.0,False,n00359
cheapside/west_to_east/010_n00383_S_L.jpg,0.225944,0.271028,0.0,False,n00383
cheapside/west_to_east/010_n00383_S_R.jpg,0.266278,0.398003,0.0,False,n00383
cheapside/west_to_east/011_n00382_E_L.jpg,0.10685,0.247447,0.0,False,n00382
cheapside/west_to_east/011_n00382_E_R.jpg,0.027975,0.290591,0.0,False,n00382
cheapside/west_to_east/012_n00381_E_L.jpg,0.100496,0.273926,0.0,False,n00381
cheapside/west_to_east/012_n00381_E_R.jpg,0.023205,0.267883,0.0,False,n00381
cheapside/west_to_east/013_n00380_E_L.jpg,0.078479,0.178382,0.0,False,n00380
cheapside/west_to_east/013_n00380_E_R.jpg,0.057734,0.3521,0.0,False,n00380
cheapside/west_to_east/014_n00379_E_L.jpg,0.104951,0.245098,0.0,False,n00379
cheapside/west_to_east/014_n00379_E_R.jpg,0.043386,0.150317,0.0,False,n00379
cheapside/west_to_east/015_n00378_E_L.jpg,0.051568,0.124747,0.0,False,n00378
cheapside/west_to_east/015_n00378_E_R.jpg,0.076234,0.302263,0.0,False,n00378
cheapside/west_to_east/016_n00377_E_L.jpg,0.052986,0.264648,0.0,False,n00377
cheapside/west_to_east/016_n00377_E_R.jpg,0.069876,0.269027,0.0,False,n00377
cheapside/west_to_east/017_n00376_E_L.jpg,0.07533,0.192641,0.0,False,n00376
cheapside/west_to_east/017_n00376_E_R.jpg,0.04178,0.33204,0.0,False,n00376
cheapside/west_to_east/018_n00375_E_L.jpg,0.097854,0.364054,0.0,False,n00375
cheapside/west_to_east/018_n00375_E_R.jpg,0.061359,0.365591,0.0,False,n00375
cheapside/west_to_east/019_n00374_E_L.jpg,0.155166,0.334775,0.0,False,n00374
cheapside/west_to_east/019_n00374_E_R.jpg,0.023637,0.066854,0.0,False,n00374
cheapside/west_to_east/020_n00373_E_L.jpg,0.05929,0.125913,0.0,False,n00373
cheapside/west_to_east/020_n00373_E_R.jpg,0.094899,0.353796,0.0,False,n00373
cheapside/west_to_east/021_n00372_E_L.jpg,0.078661,0.302867,0.0,False,n00372
cheapside/west_to_east/021_n00372_E_R.jpg,0.133103,0.214925,0.0,False,n00372
cheapside/west_to_east/022_n00371_E_L.jpg,0.08289,0.294889,0.0,False,n00371
cheapside/west_to_east/022_n00371_E_R.jpg,0.065494,0.103067,0.0,False,n00371
cheapside/west_to_east/023_n00370_E_L.jpg,0.09511,0.182536,0.0,False,n00370
cheapside/west_to_east/023_n00370_E_R.jpg,0.055542,0.327638,0.0,False,n00370
cheapside/west_to_east/024_n00369_E_L.jpg,0.08952,0.166414,0.0,False,n00369
cheapside/west_to_east/024_n00369_E_R.jpg,0.084772,0.329432,0.0,False,n00369
cheapside/west_to_east/025_n00368_E_L.jpg,0.140969,0.195958,0.0,False,n00368
cheapside/west_to_east/025_n00368_E_R.jpg,0.132549,0.35322,0.0,False,n00368
cheapside/west_to_east/026_n00366_E_L.jpg,0.0713,0.238684,0.0,False,n00366
cheapside/west_to_east/026_n00366_E_R.jpg,0.189535,0.423742,0.0,False,n00366
cheapside/west_to_east/027_n00364_E_L.jpg,0.088423,0.344733,0.0,False,n00364
cheapside/west_to_east/027_n00364_E_R.jpg,0.019209,0.124976,0.0,False,n00364
cheapside/west_to_east/028_n00362_E_L.jpg,0.054306,0.325933,0.0,False,n00362
cheapside/west_to_east/028_n00362_E_R.jpg,0.055909,0.177851,0.0,False,n00362
cheapside/west_to_east/029_n00360_E_L.jpg,0.059363,0.340082,0.0,False,n00360
cheapside/west_to_east/029_n00360_E_R.jpg,0.053482,0.14111,0.0,False,n00360
cheapside/west_to_east/030_n00358_E_L.jpg,0.096239,0.335602,0.0,False,n00358
cheapside/west_to_east/030_n00358_E_R.jpg,0.078642,0.354345,0.0,False,n00358
circus_place/north_to_south/001_n00391_S_L.jpg,0.083074,0.332731,0.0,False,n00391
circus_place/north_to_south/001_n00391_S_R.jpg,0.039055,0.250184,0.0,False,n00391
circus_place/north_to_south/002_n00392_S_L.jpg,0.10378,0.379074,0.0,False,n00392
circus_place/north_to_south/002_n00392_S_R.jpg,0.039895,0.212779,0.0,False,n00392
circus_place/north_to_south/003_n00390_S_L.jpg,0.098243,0.3854,0.0,False,n00390
circus_place/north_to_south/003_n00390_S_R.jpg,0.010623,0.228442,0.0,False,n00390
circus_place/north_to_south/004_n00389_S_L.jpg,0.100326,0.342989,0.0,False,n00389
circus_place/north_to_south/004_n00389_S_R.jpg,0.072163,0.192553,0.0,False,n00389
circus_place/north_to_south/005_n00388_S_L.jpg,0.0702,0.264072,0.0,False,n00388
circus_place/north_to_south/005_n00388_S_R.jpg,0.105594,0.358791,0.0,False,n00388
circus_place/south_to_north/001_n00388_N_L.jpg,0.119303,0.338718,0.0,False,n00388
circus_place/south_to_north/001_n00388_N_R.jpg,0.109446,0.383533,0.0,False,n00388
circus_place/south_to_north/002_n00389_N_L.jpg,0.062868,0.294046,0.0,False,n00389
circus_place/south_to_north/002_n00389_N_R.jpg,0.081661,0.383196,0.0,False,n00389
circus_place/south_to_north/003_n00390_N_L.jpg,0.06597,0.247629,0.0,False,n00390
circus_place/south_to_north/003_n00390_N_R.jpg,0.081151,0.354904,0.0,False,n00390
circus_place/south_to_north/004_n00391_N_L.jpg,0.095722,0.278756,0.0,False,n00391
circus_place/south_to_north/004_n00391_N_R.jpg,0.126922,0.385164,0.0,False,n00391
circus_place/south_to_north/005_n00392_N_L.jpg,0.090576,0.360304,0.0,False,n00392
circus_place/south_to_north/005_n00392_N_R.jpg,0.123145,0.388603,0.0,False,n00392
clements_lane/north_to_south/001_n00399_S_L.jpg,0.039836,0.253448,0.0,False,n00399
clements_lane/north_to_south/001_n00399_S_R.jpg,0.004677,0.041539,0.0,False,n00399
clements_lane/north_to_south/002_n00398_S_L.jpg,0.055797,0.10141,0.0,False,n00398
clements_lane/north_to_south/002_n00398_S_R.jpg,0.011546,0.053967,0.0,False,n00398
clements_lane/north_to_south/003_n00397_S_L.jpg,0.045972,0.17071,0.0,False,n00397
clements_lane/north_to_south/003_n00397_S_R.jpg,0.015497,0.069047,0.0,False,n00397
clements_lane/north_to_south/004_n00396_S_L.jpg,0.03269,0.180576,0.0,False,n00396
clements_lane/north_to_south/004_n00396_S_R.jpg,0.017641,0.078078,0.0,False,n00396
clements_lane/north_to_south/005_n00395_S_L.jpg,0.009528,0.115128,0.0,False,n00395
clements_lane/north_to_south/005_n00395_S_R.jpg,0.0224,0.083478,0.0,False,n00395
clements_lane/north_to_south/006_n00394_S_L.jpg,0.033975,0.072942,0.0,False,n00394
clements_lane/north_to_south/006_n00394_S_R.jpg,0.004991,0.109181,0.0,False,n00394
clements_lane/north_to_south/007_n00393_S_L.jpg,0.0,0.0,0.365471,True,n00393
clements_lane/north_to_south/007_n00393_S_R.jpg,0.0,0.133141,0.464772,False,n00393
clements_lane/south_to_north/001_n00393_N_L.jpg,0.0,0.0,0.450348,True,n00393
clements_lane/south_to_north/001_n00393_N_R.jpg,0.0,0.0,0.437675,True,n00393
clements_lane/south_to_north/002_n00394_N_L.jpg,0.025519,0.096558,0.0,False,n00394
clements_lane/south_to_north/002_n00394_N_R.jpg,0.026538,0.14924,0.0,False,n00394
clements_lane/south_to_north/003_n00395_N_L.jpg,0.018654,0.115408,0.0,False,n00395
clements_lane/south_to_north/003_n00395_N_R.jpg,0.031089,0.149646,0.0,False,n00395
clements_lane/south_to_north/004_n00396_N_L.jpg,0.025855,0.135775,0.0,False,n00396
clements_lane/south_to_north/004_n00396_N_R.jpg,0.014197,0.127115,0.0,False,n00396
clements_lane/south_to_north/005_n00397_N_L.jpg,0.017968,0.10904,0.0,False,n00397
clements_lane/south_to_north/005_n00397_N_R.jpg,0.014935,0.100677,0.0,False,n00397
clements_lane/south_to_north/006_n00398_N_L.jpg,0.008937,0.082957,0.0,False,n00398
clements_lane/south_to_north/006_n00398_N_R.jpg,0.019389,0.058345,0.0,False,n00398
clements_lane/south_to_north/007_n00399_N_L.jpg,0.004044,0.052463,0.0,False,n00399
clements_lane/south_to_north/007_n00399_N_R.jpg,0.033851,0.309131,0.0,False,n00399
clerks_place/east_to_west/001_n00400_N_L.jpg,0.046041,0.345374,0.0,False,n00400
clerks_place/east_to_west/001_n00400_N_R.jpg,0.15045,0.198782,0.0,False,n00400
clerks_place/east_to_west/002_n00401_W_F.jpg,0.00301,0.0,0.0,False,n00401
clerks_place/east_to_west/003_n00402_W_F.jpg,0.006686,0.0,0.0,False,n00402
clerks_place/east_to_west/004_n00403_W_F.jpg,0.0,0.0,0.0,False,n00403
clerks_place/east_to_west/005_n00404_W_F.jpg,0.0,0.0,0.105717,True,n00404
clerks_place/east_to_west/006_n00405_W_F.jpg,0.006353,0.0,0.068772,True,n00405
clerks_place/east_to_west/007_n00406_W_F.jpg,0.0,0.0,0.003112,False,n00406
clerks_place/west_to_east/001_n00406_E_F.jpg,0.0,0.0,0.0,False,n00406
clerks_place/west_to_east/002_n00405_E_F.jpg,0.0,0.0,0.075701,True,n00405
clerks_place/west_to_east/003_n00404_E_F.jpg,0.003337,0.0,0.0,False,n00404
clerks_place/west_to_east/004_n00403_E_F.jpg,0.0,0.0,0.0,False,n00403
clerks_place/west_to_east/005_n00402_E_F.jpg,0.018319,0.0,0.0,False,n00402
clerks_place/west_to_east/006_n00401_E_F.jpg,0.008011,1.3e-05,0.0,False,n00401
clerks_place/west_to_east/007_n00400_S_L.jpg,0.0,0.000223,0.0,False,n00400
clerks_place/west_to_east/007_n00400_S_R.jpg,0.001127,0.200963,0.0,False,n00400
cloak_lane/east_to_west/001_n00407_W_L.jpg,0.100187,0.183352,0.0,False,n00407
cloak_lane/east_to_west/001_n00407_W_R.jpg,0.100656,0.194519,0.0,False,n00407
cloak_lane/east_to_west/002_n00408_W_L.jpg,0.046864,0.089489,0.0,False,n00408
cloak_lane/east_to_west/002_n00408_W_R.jpg,0.045777,0.223098,0.0,False,n00408
cloak_lane/east_to_west/003_n00409_W_L.jpg,0.05168,0.091016,0.0,False,n00409
cloak_lane/east_to_west/003_n00409_W_R.jpg,0.041084,0.096114,0.0,False,n00409
cloak_lane/east_to_west/004_n00410_W_L.jpg,0.057111,0.079744,0.0,False,n00410
cloak_lane/east_to_west/004_n00410_W_R.jpg,0.03888,0.125492,0.0,False,n00410
cloak_lane/east_to_west/005_n00411_W_L.jpg,0.050694,0.198249,0.0,False,n00411
cloak_lane/east_to_west/005_n00411_W_R.jpg,0.029167,0.23714,0.0,False,n00411
cloak_lane/east_to_west/006_n00412_W_L.jpg,0.052565,0.181818,0.0,False,n00412
cloak_lane/east_to_west/006_n00412_W_R.jpg,0.019376,0.109359,0.0,False,n00412
cloak_lane/east_to_west/007_n00413_W_L.jpg,0.042875,0.307065,0.0,False,n00413
cloak_lane/east_to_west/007_n00413_W_R.jpg,0.016403,0.188366,0.0,False,n00413
cloak_lane/east_to_west/008_n00414_W_L.jpg,0.116115,0.339413,0.0,False,n00414
cloak_lane/east_to_west/008_n00414_W_R.jpg,0.069065,0.102897,0.0,False,n00414
cloak_lane/west_to_east/001_n00414_E_L.jpg,0.061246,0.102229,0.0,False,n00414
cloak_lane/west_to_east/001_n00414_E_R.jpg,0.104578,0.094626,0.0,False,n00414
cloak_lane/west_to_east/002_n00413_E_L.jpg,0.03467,0.201481,0.0,False,n00413
cloak_lane/west_to_east/002_n00413_E_R.jpg,0.066364,0.265417,0.0,False,n00413
cloak_lane/west_to_east/003_n00412_E_L.jpg,0.015524,0.219667,0.0,False,n00412
cloak_lane/west_to_east/003_n00412_E_R.jpg,0.124762,0.239283,0.0,False,n00412
cloak_lane/west_to_east/004_n00411_E_L.jpg,0.033504,0.120774,0.0,False,n00411
cloak_lane/west_to_east/004_n00411_E_R.jpg,0.043144,0.220801,0.0,False,n00411
cloak_lane/west_to_east/005_n00410_E_L.jpg,0.03039,0.152928,0.0,False,n00410
cloak_lane/west_to_east/005_n00410_E_R.jpg,0.033226,0.238186,0.0,False,n00410
cloak_lane/west_to_east/006_n00409_E_L.jpg,0.012959,0.154182,0.0,False,n00409
cloak_lane/west_to_east/006_n00409_E_R.jpg,0.01891,0.09485,0.0,False,n00409
cloak_lane/west_to_east/007_n00408_E_L.jpg,0.0,0.210811,0.0,False,n00408
cloak_lane/west_to_east/007_n00408_E_R.jpg,0.0,0.078357,0.0,False,n00408
cloak_lane/west_to_east/008_n00407_E_L.jpg,0.074201,0.173628,0.0,False,n00407
cloak_lane/west_to_east/008_n00407_E_R.jpg,0.047017,0.166842,0.0,False,n00407
coleman_street/north_to_south/001_n00428_S_L.jpg,0.061714,0.279125,0.0,False,n00428
coleman_street/north_to_south/001_n00428_S_R.jpg,0.061529,0.028656,0.0,False,n00428
coleman_street/north_to_south/002_n00427_S_L.jpg,0.086123,0.174577,0.0,False,n00427
coleman_street/north_to_south/002_n00427_S_R.jpg,0.132483,0.025875,0.0,False,n00427
coleman_street/north_to_south/003_n00426_S_L.jpg,0.108967,0.331132,0.0,False,n00426
coleman_street/north_to_south/003_n00426_S_R.jpg,0.061708,0.210539,0.0,False,n00426
coleman_street/north_to_south/004_n00425_S_L.jpg,0.059297,0.226904,0.0,False,n00425
coleman_street/north_to_south/004_n00425_S_R.jpg,0.059323,0.219871,0.0,False,n00425
coleman_street/north_to_south/005_n00424_S_L.jpg,0.039941,0.106626,0.0,False,n00424
coleman_street/north_to_south/005_n00424_S_R.jpg,0.056408,0.120066,0.0,False,n00424
coleman_street/north_to_south/006_n00423_S_L.jpg,0.092724,0.132249,0.0,False,n00423
coleman_street/north_to_south/006_n00423_S_R.jpg,0.05952,0.132214,0.0,False,n00423
coleman_street/north_to_south/007_n00422_S_L.jpg,0.001016,0.072326,0.0,False,n00422
coleman_street/north_to_south/007_n00422_S_R.jpg,0.082549,0.13996,0.0,False,n00422
coleman_street/north_to_south/008_n00421_S_L.jpg,0.017961,0.080503,0.0,False,n00421
coleman_street/north_to_south/008_n00421_S_R.jpg,0.094574,0.280169,0.0,False,n00421
coleman_street/north_to_south/009_n00420_S_L.jpg,0.01273,0.085128,0.0,False,n00420
coleman_street/north_to_south/009_n00420_S_R.jpg,0.065275,0.125321,0.0,False,n00420
coleman_street/north_to_south/010_n00419_S_L.jpg,0.026523,0.131947,0.0,False,n00419
coleman_street/north_to_south/010_n00419_S_R.jpg,0.038666,0.220976,0.0,False,n00419
coleman_street/north_to_south/011_n00418_S_L.jpg,0.047312,0.114857,0.0,False,n00418
coleman_street/north_to_south/011_n00418_S_R.jpg,0.014251,0.17907,0.0,False,n00418
coleman_street/north_to_south/012_n00417_S_L.jpg,0.043252,0.223039,0.0,False,n00417
coleman_street/north_to_south/012_n00417_S_R.jpg,0.0,0.044011,0.0,False,n00417
coleman_street/north_to_south/013_n00416_S_L.jpg,0.01731,0.229605,0.0,False,n00416
coleman_street/north_to_south/013_n00416_S_R.jpg,0.037898,0.065376,0.0,False,n00416
coleman_street/north_to_south/014_n00415_S_L.jpg,0.121448,0.350363,0.0,False,n00415
coleman_street/north_to_south/014_n00415_S_R.jpg,0.092358,0.376457,0.0,False,n00415
coleman_street/south_to_north/001_n00415_N_L.jpg,0.058129,0.371161,0.0,False,n00415
coleman_street/south_to_north/001_n00415_N_R.jpg,0.080548,0.268645,0.0,False,n00415
coleman_street/south_to_north/002_n00416_N_L.jpg,0.029939,0.104365,0.0,False,n00416
coleman_street/south_to_north/002_n00416_N_R.jpg,0.039821,0.127711,0.0,False,n00416
coleman_street/south_to_north/003_n00417_N_L.jpg,0.075892,0.178077,0.0,False,n00417
coleman_street/south_to_north/003_n00417_N_R.jpg,0.005674,0.174737,0.0,False,n00417
coleman_street/south_to_north/004_n00418_N_L.jpg,0.031147,0.230271,0.0,False,n00418
coleman_street/south_to_north/004_n00418_N_R.jpg,0.005376,0.071122,0.0,False,n00418
coleman_street/south_to_north/005_n00419_N_L.jpg,0.052445,0.216599,0.0,False,n00419
coleman_street/south_to_north/005_n00419_N_R.jpg,0.032077,0.102959,0.0,False,n00419
coleman_street/south_to_north/006_n00420_N_L.jpg,0.037826,0.247103,0.0,False,n00420
coleman_street/south_to_north/006_n00420_N_R.jpg,0.025696,0.089762,0.0,False,n00420
coleman_street/south_to_north/007_n00421_N_L.jpg,0.057486,0.184559,0.0,False,n00421
coleman_street/south_to_north/007_n00421_N_R.jpg,0.027274,0.079091,0.0,False,n00421
coleman_street/south_to_north/008_n00422_N_L.jpg,0.059338,0.117013,0.0,False,n00422
coleman_street/south_to_north/008_n00422_N_R.jpg,0.06048,0.100341,0.0,False,n00422
coleman_street/south_to_north/009_n00423_N_L.jpg,0.053749,0.117164,0.0,False,n00423
coleman_street/south_to_north/009_n00423_N_R.jpg,0.050203,0.198449,0.0,False,n00423
coleman_street/south_to_north/010_n00424_N_L.jpg,0.033466,0.250924,0.0,False,n00424
coleman_street/south_to_north/010_n00424_N_R.jpg,0.040452,0.146504,0.0,False,n00424
coleman_street/south_to_north/011_n00425_N_L.jpg,0.054327,0.278185,0.0,False,n00425
coleman_street/south_to_north/011_n00425_N_R.jpg,0.025197,0.21926,0.0,False,n00425
coleman_street/south_to_north/012_n00426_N_L.jpg,0.056287,0.343081,0.0,False,n00426
coleman_street/south_to_north/012_n00426_N_R.jpg,0.0589,0.324654,0.0,False,n00426
coleman_street/south_to_north/013_n00427_N_L.jpg,0.001726,0.001864,0.0,False,n00427
coleman_street/south_to_north/013_n00427_N_R.jpg,0.054994,0.265442,0.0,False,n00427
coleman_street/south_to_north/014_n00428_N_L.jpg,0.0,0.019393,0.0,False,n00428
coleman_street/south_to_north/014_n00428_N_R.jpg,0.020641,0.160259,0.0,False,n00428
college_hill/north_to_south/001_n00434_S_L.jpg,0.001652,0.016239,0.0,False,n00434
college_hill/north_to_south/001_n00434_S_R.jpg,0.072308,0.259913,0.0,False,n00434
college_hill/north_to_south/002_n00433_S_L.jpg,0.066226,0.099329,0.0,False,n00433
college_hill/north_to_south/002_n00433_S_R.jpg,0.087839,0.272625,0.0,False,n00433
college_hill/north_to_south/003_n00432_S_L.jpg,0.0,0.0,0.38785,True,n00432
college_hill/north_to_south/003_n00432_S_R.jpg,0.0,0.0,0.050389,True,n00432
college_hill/north_to_south/004_n00431_S_L.jpg,0.053845,0.122242,0.0,False,n00431
college_hill/north_to_south/004_n00431_S_R.jpg,0.0,0.022983,0.0,False,n00431
college_hill/north_to_south/005_n00430_S_L.jpg,0.207426,0.201233,0.0,False,n00430
college_hill/north_to_south/005_n00430_S_R.jpg,0.029971,0.074801,0.0,False,n00430
college_hill/north_to_south/006_n00429_E_L.jpg,0.039841,0.275716,0.0,False,n00429
college_hill/north_to_south/006_n00429_E_R.jpg,0.009553,0.0,0.0,False,n00429
college_hill/south_to_north/001_n00429_W_L.jpg,0.063713,0.22227,0.0,False,n00429
college_hill/south_to_north/001_n00429_W_R.jpg,0.0,0.0,0.0,False,n00429
college_hill/south_to_north/002_n00430_N_L.jpg,0.018906,0.095346,0.0,False,n00430
college_hill/south_to_north/002_n00430_N_R.jpg,0.033112,0.059068,0.0,False,n00430
college_hill/south_to_north/003_n00431_N_L.jpg,0.038705,0.118043,0.0,False,n00431
college_hill/south_to_north/003_n00431_N_R.jpg,0.008004,0.060772,0.0,False,n00431
college_hill/south_to_north/004_n00432_N_L.jpg,0.0,0.0,0.103665,True,n00432
college_hill/south_to_north/004_n00432_N_R.jpg,0.0,0.0,0.317684,True,n00432
college_hill/south_to_north/005_n00433_N_L.jpg,0.049221,0.366593,0.0,False,n00433
college_hill/south_to_north/005_n00433_N_R.jpg,0.024556,0.250415,0.0,False,n00433
college_hill/south_to_north/006_n00434_N_L.jpg,0.008587,0.293319,0.0,False,n00434
college_hill/south_to_north/006_n00434_N_R.jpg,0.0,0.14808,0.0,False,n00434
college_street/east_to_west/001_n00435_W_L.jpg,0.0,0.0,0.0,False,n00435
college_street/east_to_west/001_n00435_W_R.jpg,0.097339,0.369601,0.0,False,n00435
college_street/east_to_west/002_n00436_W_L.jpg,0.022532,0.082225,0.0,False,n00436
college_street/east_to_west/002_n00436_W_R.jpg,0.06434,0.057212,0.0,False,n00436
college_street/east_to_west/003_n00437_W_L.jpg,0.226978,0.052135,0.0,False,n00437
college_street/east_to_west/003_n00437_W_R.jpg,0.098551,0.20005,0.0,False,n00437
college_street/east_to_west/004_n00438_W_L.jpg,0.033151,0.098953,0.0,False,n00438
college_street/east_to_west/004_n00438_W_R.jpg,0.00671,0.155417,0.0,False,n00438
college_street/east_to_west/005_n00439_W_L.jpg,0.056784,0.074393,0.0,False,n00439
college_street/east_to_west/005_n00439_W_R.jpg,0.040297,0.147982,0.0,False,n00439
college_street/east_to_west/006_n00440_W_L.jpg,0.0,0.002509,0.0,False,n00440
college_street/east_to_west/006_n00440_W_R.jpg,0.063651,0.01638,0.0,False,n00440
college_street/east_to_west/007_n00441_W_L.jpg,0.04174,0.100789,0.0,False,n00441
college_street/east_to_west/007_n00441_W_R.jpg,0.020837,0.097097,0.0,False,n00441
college_street/west_to_east/001_n00441_E_L.jpg,0.037642,0.120452,0.0,False,n00441
college_street/west_to_east/001_n00441_E_R.jpg,0.038952,0.0679,0.0,False,n00441
college_street/west_to_east/002_n00440_E_L.jpg,0.002524,0.0,0.0,False,n00440
college_street/west_to_east/002_n00440_E_R.jpg,0.095994,0.0,0.0,False,n00440
college_street/west_to_east/003_n00439_E_L.jpg,0.01515,0.086821,0.0,False,n00439
college_street/west_to_east/003_n00439_E_R.jpg,0.029173,0.156121,0.0,False,n00439
college_street/west_to_east/004_n00438_E_L.jpg,0.122391,0.018172,0.0,False,n00438
college_street/west_to_east/004_n00438_E_R.jpg,0.172379,0.091789,0.0,False,n00438
college_street/west_to_east/005_n00437_E_L.jpg,0.01051,0.055433,0.0,False,n00437
college_street/west_to_east/005_n00437_E_R.jpg,0.021226,0.094597,0.0,False,n00437
college_street/west_to_east/006_n00436_E_L.jpg,0.005641,0.082822,0.0,False,n00436
college_street/west_to_east/006_n00436_E_R.jpg,0.006437,0.097764,0.0,False,n00436
college_street/west_to_east/007_n00435_E_L.jpg,0.0,0.340241,0.0,False,n00435
college_street/west_to_east/007_n00435_E_R.jpg,0.053047,0.157389,0.0,False,n00435
copthall_avenue/north_to_south/001_n00454_S_L.jpg,0.066166,0.154768,0.0,False,n00454
copthall_avenue/north_to_south/001_n00454_S_R.jpg,0.034368,0.195869,0.0,False,n00454
copthall_avenue/north_to_south/002_n00453_S_L.jpg,0.047645,0.14039,0.0,False,n00453
copthall_avenue/north_to_south/002_n00453_S_R.jpg,0.016757,0.073915,0.0,False,n00453
copthall_avenue/north_to_south/003_n00452_S_L.jpg,0.039391,0.163586,0.0,False,n00452
copthall_avenue/north_to_south/003_n00452_S_R.jpg,0.040371,0.164718,0.0,False,n00452
copthall_avenue/north_to_south/004_n00451_S_L.jpg,0.026439,0.112812,0.0,False,n00451
copthall_avenue/north_to_south/004_n00451_S_R.jpg,0.08692,0.279876,0.0,False,n00451
copthall_avenue/north_to_south/005_n00450_S_L.jpg,0.02664,0.110252,0.0,False,n00450
copthall_avenue/north_to_south/005_n00450_S_R.jpg,0.083695,0.24147,0.0,False,n00450
copthall_avenue/north_to_south/006_n00449_S_F.jpg,0.04991,0.190426,0.0,False,n00449
copthall_avenue/north_to_south/007_n00448_S_F.jpg,0.042355,0.149699,0.0,False,n00448
copthall_avenue/north_to_south/008_n00447_S_F.jpg,0.024373,0.163267,0.0,False,n00447
copthall_avenue/north_to_south/009_n00446_E_F.jpg,0.028718,0.235235,0.0,False,n00446
copthall_avenue/north_to_south/010_n00445_E_F.jpg,0.027155,0.160934,0.0,False,n00445
copthall_avenue/north_to_south/011_n00444_E_F.jpg,0.044143,0.006274,0.0,False,n00444
copthall_avenue/north_to_south/012_n00443_E_F.jpg,0.053721,0.012396,0.0,False,n00443
copthall_avenue/north_to_south/013_n00442_E_F.jpg,0.104621,0.338829,0.0,False,n00442
copthall_avenue/south_to_north/001_n00442_W_F.jpg,0.031875,0.123107,0.0,False,n00442
copthall_avenue/south_to_north/002_n00443_W_F.jpg,0.035037,0.126153,0.0,False,n00443
copthall_avenue/south_to_north/003_n00444_W_F.jpg,0.044498,0.116468,0.0,False,n00444
copthall_avenue/south_to_north/004_n00445_W_F.jpg,0.048787,0.050411,0.0,False,n00445
copthall_avenue/south_to_north/005_n00446_W_F.jpg,0.067801,0.131887,0.0,False,n00446
copthall_avenue/south_to_north/006_n00447_N_F.jpg,0.040627,0.185088,0.0,False,n00447
copthall_avenue/south_to_north/007_n00448_N_F.jpg,0.041919,0.152655,0.0,False,n00448
copthall_avenue/south_to_north/008_n00449_N_F.jpg,0.063604,0.259163,0.0,False,n00449
copthall_avenue/south_to_north/009_n00450_N_L.jpg,0.062024,0.248943,0.0,False,n00450
copthall_avenue/south_to_north/009_n00450_N_R.jpg,0.021747,0.074967,0.0,False,n00450
copthall_avenue/south_to_north/010_n00451_N_L.jpg,0.069615,0.372396,0.0,False,n00451
copthall_avenue/south_to_north/010_n00451_N_R.jpg,0.029655,0.115057,0.0,False,n00451
copthall_avenue/south_to_north/011_n00452_N_L.jpg,0.031618,0.165433,0.0,False,n00452
copthall_avenue/south_to_north/011_n00452_N_R.jpg,0.028911,0.171141,0.0,False,n00452
copthall_avenue/south_to_north/012_n00453_N_L.jpg,0.018198,0.080928,0.0,False,n00453
copthall_avenue/south_to_north/012_n00453_N_R.jpg,0.043543,0.163827,0.0,False,n00453
copthall_avenue/south_to_north/013_n00454_N_L.jpg,0.179004,0.190765,0.0,False,n00454
copthall_avenue/south_to_north/013_n00454_N_R.jpg,0.121285,0.232384,0.0,False,n00454
cornhill/east_to_west/001_n00470_W_L.jpg,0.0,0.156061,0.0,False,n00470
cornhill/east_to_west/001_n00470_W_R.jpg,0.12235,0.373944,0.0,False,n00470
cornhill/east_to_west/002_n00469_W_L.jpg,0.0,0.076821,0.0,False,n00469
cornhill/east_to_west/002_n00469_W_R.jpg,0.109258,0.430006,0.0,False,n00469
cornhill/east_to_west/003_n00468_W_L.jpg,0.088902,0.194165,0.0,False,n00468
cornhill/east_to_west/003_n00468_W_R.jpg,0.026803,0.322018,0.0,False,n00468
cornhill/east_to_west/004_n00467_W_L.jpg,0.036359,0.106052,0.0,False,n00467
cornhill/east_to_west/004_n00467_W_R.jpg,0.08107,0.316448,0.0,False,n00467
cornhill/east_to_west/005_n00466_W_L.jpg,0.050955,0.12425,0.0,False,n00466
cornhill/east_to_west/005_n00466_W_R.jpg,0.076195,0.314368,0.0,False,n00466
cornhill/east_to_west/006_n00465_W_L.jpg,0.047506,0.133568,0.0,False,n00465
cornhill/east_to_west/006_n00465_W_R.jpg,0.082095,0.32341,0.0,False,n00465
cornhill/east_to_west/007_n00464_W_L.jpg,0.055423,0.200685,0.0,False,n00464
cornhill/east_to_west/007_n00464_W_R.jpg,0.146562,0.322307,0.0,False,n00464
cornhill/east_to_west/008_n00463_W_L.jpg,0.073085,0.25681,0.0,False,n00463
cornhill/east_to_west/008_n00463_W_R.jpg,0.116963,0.323507,0.0,False,n00463
cornhill/east_to_west/009_n00462_W_L.jpg,0.04544,0.246942,0.0,False,n00462
cornhill/east_to_west/009_n00462_W_R.jpg,0.097743,0.340755,0.0,False,n00462
cornhill/east_to_west/010_n00461_W_L.jpg,0.026584,0.22703,0.0,False,n00461
cornhill/east_to_west/010_n00461_W_R.jpg,0.113853,0.374503,0.0,False,n00461
cornhill/east_to_west/011_n00460_W_L.jpg,0.012567,0.268917,0.0,False,n00460
cornhill/east_to_west/011_n00460_W_R.jpg,0.121869,0.374418,0.0,False,n00460
cornhill/east_to_west/012_n00459_W_L.jpg,0.022625,0.113541,0.0,False,n00459
cornhill/east_to_west/012_n00459_W_R.jpg,0.175138,0.320523,0.0,False,n00459
cornhill/east_to_west/013_n00458_W_L.jpg,0.042426,0.155709,0.0,False,n00458
cornhill/east_to_west/013_n00458_W_R.jpg,0.276518,0.314306,0.0,False,n00458
cornhill/east_to_west/014_n00457_W_L.jpg,0.080958,0.191031,0.0,False,n00457
cornhill/east_to_west/014_n00457_W_R.jpg,0.293968,0.271759,0.0,False,n00457
cornhill/east_to_west/015_n00456_W_L.jpg,0.205704,0.131387,0.0,False,n00456
cornhill/east_to_west/015_n00456_W_R.jpg,0.271532,0.355469,0.0,False,n00456
cornhill/east_to_west/016_n00455_W_F.jpg,0.249453,0.355972,0.0,False,n00455
cornhill/west_to_east/001_n00455_E_F.jpg,0.202615,0.253533,0.0,False,n00455
cornhill/west_to_east/002_n00456_E_L.jpg,0.270409,0.247812,0.0,False,n00456
cornhill/west_to_east/002_n00456_E_R.jpg,0.027299,0.082849,0.0,False,n00456
cornhill/west_to_east/003_n00457_E_L.jpg,0.208139,0.306057,0.0,False,n00457
cornhill/west_to_east/003_n00457_E_R.jpg,0.039755,0.145147,0.0,False,n00457
cornhill/west_to_east/004_n00458_E_L.jpg,0.082857,0.36633,0.0,False,n00458
cornhill/west_to_east/004_n00458_E_R.jpg,0.0279,0.11838,0.0,False,n00458
cornhill/west_to_east/005_n00459_E_L.jpg,0.057082,0.338722,0.0,False,n00459
cornhill/west_to_east/005_n00459_E_R.jpg,0.051349,0.166449,0.0,False,n00459
cornhill/west_to_east/006_n00460_E_L.jpg,0.049032,0.353638,0.0,False,n00460
cornhill/west_to_east/006_n00460_E_R.jpg,0.059495,0.308559,0.0,False,n00460
cornhill/west_to_east/007_n00461_E_L.jpg,0.056655,0.364575,0.0,False,n00461
cornhill/west_to_east/007_n00461_E_R.jpg,0.038305,0.224579,0.0,False,n00461
cornhill/west_to_east/008_n00462_E_L.jpg,0.082484,0.368671,0.0,False,n00462
cornhill/west_to_east/008_n00462_E_R.jpg,0.042194,0.240396,0.0,False,n00462
cornhill/west_to_east/009_n00463_E_L.jpg,0.116238,0.337083,0.0,False,n00463
cornhill/west_to_east/009_n00463_E_R.jpg,0.035194,0.250922,0.0,False,n00463
cornhill/west_to_east/010_n00464_E_L.jpg,0.051665,0.324743,0.0,False,n00464
cornhill/west_to_east/010_n00464_E_R.jpg,0.046555,0.207003,0.0,False,n00464
cornhill/west_to_east/011_n00465_E_L.jpg,0.050608,0.330947,0.0,False,n00465
cornhill/west_to_east/011_n00465_E_R.jpg,0.032677,0.138428,0.0,False,n00465
cornhill/west_to_east/012_n00466_E_L.jpg,0.042659,0.315695,0.0,False,n00466
cornhill/west_to_east/012_n00466_E_R.jpg,0.032935,0.139654,0.0,False,n00466
cornhill/west_to_east/013_n00467_E_L.jpg,0.03016,0.325363,0.0,False,n00467
cornhill/west_to_east/013_n00467_E_R.jpg,0.043866,0.157536,0.0,False,n00467
cornhill/west_to_east/014_n00468_E_L.jpg,0.072273,0.383902,0.0,False,n00468
cornhill/west_to_east/014_n00468_E_R.jpg,0.009922,0.10179,0.0,False,n00468
cornhill/west_to_east/015_n00469_E_L.jpg,7.6e-05,0.399377,0.0,False,n00469
cornhill/west_to_east/015_n00469_E_R.jpg,0.068796,0.208717,0.0,False,n00469
cornhill/west_to_east/016_n00470_E_L.jpg,0.003807,0.319883,0.0,False,n00470
cornhill/west_to_east/016_n00470_E_R.jpg,0.085498,0.28279,0.0,False,n00470
cousin_lane/north_to_south/001_n00476_S_F.jpg,0.032388,0.157654,0.0,False,n00476
cousin_lane/north_to_south/002_n00475_S_F.jpg,0.032311,0.194301,0.0,False,n00475
cousin_lane/north_to_south/003_n00474_S_F.jpg,0.030327,0.146668,0.0,False,n00474
cousin_lane/north_to_south/004_n00473_S_F.jpg,0.01341,0.227531,0.0,False,n00473
cousin_lane/north_to_south/005_n00472_S_F.jpg,0.031806,0.229081,0.0,False,n00472
cousin_lane/north_to_south/006_n00471_S_F.jpg,0.065546,2.6e-05,0.0,False,n00471
cousin_lane/south_to_north/001_n00471_N_F.jpg,0.009693,0.001343,0.0,False,n00471
cousin_lane/south_to_north/002_n00472_N_F.jpg,0.030444,0.001298,0.0,False,n00472
cousin_lane/south_to_north/003_n00473_N_F.jpg,0.026393,0.220792,0.0,False,n00473
cousin_lane/south_to_north/004_n00474_N_F.jpg,0.024193,6.6e-05,0.0,False,n00474
cousin_lane/south_to_north/005_n00475_N_F.jpg,0.006231,0.000263,0.0,False,n00475
cousin_lane/south_to_north/006_n00476_N_F.jpg,0.023183,0.00013,0.0,False,n00476
cross_lane/east_to_west/001_n00477_W_L.jpg,0.056395,0.255062,0.0,False,n00477
cross_lane/east_to_west/001_n00477_W_R.jpg,0.029437,0.389824,0.0,False,n00477
cross_lane/east_to_west/002_n00478_W_L.jpg,0.161269,0.287097,0.0,False,n00478
cross_lane/east_to_west/002_n00478_W_R.jpg,0.003126,0.12833,0.0,False,n00478
cross_lane/west_to_east/001_n00478_E_L.jpg,0.043264,0.231753,0.0,False,n00478
cross_lane/west_to_east/001_n00478_E_R.jpg,0.067841,0.128668,0.0,False,n00478
cross_lane/west_to_east/002_n00477_E_L.jpg,0.04975,0.023392,0.0,False,n00477
cross_lane/west_to_east/002_n00477_E_R.jpg,0.074365,0.279782,0.0,False,n00477
cullum_street/north_to_south/001_n00481_S_L.jpg,0.0,0.173585,0.0,False,n00481
cullum_street/north_to_south/001_n00481_S_R.jpg,0.0,0.211839,0.0,False,n00481
cullum_street/north_to_south/002_n00484_S_F.jpg,0.006786,0.177153,0.0,False,n00484
cullum_street/north_to_south/003_n00483_S_F.jpg,0.012833,0.0,0.0,False,n00483
cullum_street/north_to_south/004_n00479_S_L.jpg,0.0,0.039046,0.0,False,n00479
cullum_street/north_to_south/004_n00479_S_R.jpg,0.042329,0.219661,0.0,False,n00479
cullum_street/north_to_south/005_n00482_E_F.jpg,0.0,0.041833,0.0,False,n00482
cullum_street/north_to_south/006_n00480_E_L.jpg,0.0,0.203572,0.0,False,n00480
cullum_street/north_to_south/006_n00480_E_R.jpg,0.076783,0.300923,0.0,False,n00480
cullum_street/south_to_north/001_n00479_N_L.jpg,0.043579,0.363472,0.0,False,n00479
cullum_street/south_to_north/001_n00479_N_R.jpg,0.113058,0.381776,0.0,False,n00479
cullum_street/south_to_north/002_n00480_W_L.jpg,0.053331,0.312391,0.0,False,n00480
cullum_street/south_to_north/002_n00480_W_R.jpg,0.003004,0.15678,0.0,False,n00480
cullum_street/south_to_north/003_n00481_N_L.jpg,0.000351,0.287512,0.0,False,n00481
cullum_street/south_to_north/003_n00481_N_R.jpg,0.0,0.08469,0.0,False,n00481
cullum_street/south_to_north/004_n00482_W_F.jpg,0.027663,0.0,0.0,False,n00482
cullum_street/south_to_north/005_n00483_N_F.jpg,0.011683,2.3e-05,0.0,False,n00483
cullum_street/south_to_north/006_n00484_N_F.jpg,0.010988,0.059115,0.0,False,n00484
custom_house_walkway/east_to_west/001_n00485_W_F.jpg,0.183942,0.0,0.0,False,n00485
custom_house_walkway/east_to_west/002_n00486_W_F.jpg,0.234029,0.0,0.0,False,n00486
custom_house_walkway/east_to_west/003_n00487_W_F.jpg,0.166719,0.000433,0.0,False,n00487
custom_house_walkway/east_to_west/004_n00488_W_F.jpg,0.219997,0.00023,0.0,False,n00488
custom_house_walkway/east_to_west/005_n00489_W_L.jpg,0.424887,0.012511,0.0,False,n00489
custom_house_walkway/east_to_west/005_n00489_W_R.jpg,0.187014,0.0,0.0,False,n00489
custom_house_walkway/east_to_west/006_n00490_W_F.jpg,0.224741,0.041614,0.0,False,n00490
custom_house_walkway/east_to_west/007_n00491_W_F.jpg,0.340662,0.0,0.0,False,n00491
custom_house_walkway/west_to_east/001_n00491_E_F.jpg,0.155271,0.0,0.0,False,n00491
custom_house_walkway/west_to_east/002_n00490_E_F.jpg,0.210142,3.2e-05,0.0,False,n00490
custom_house_walkway/west_to_east/003_n00489_E_L.jpg,0.049354,0.000128,0.0,False,n00489
custom_house_walkway/west_to_east/003_n00489_E_R.jpg,0.290781,0.0,0.0,False,n00489
custom_house_walkway/west_to_east/004_n00488_E_F.jpg,0.257957,0.0,0.0,False,n00488
custom_house_walkway/west_to_east/005_n00487_E_F.jpg,0.231939,0.0,0.0,False,n00487
custom_house_walkway/west_to_east/006_n00486_E_F.jpg,0.165499,0.001053,0.0,False,n00486
custom_house_walkway/west_to_east/007_n00485_E_F.jpg,0.203225,0.0,0.0,False,n00485
dark_house_walk/east_to_west/001_n00492_W_F.jpg,0.217585,0.000601,0.0,False,n00492
dark_house_walk/east_to_west/002_n00493_W_F.jpg,0.226148,0.0,0.0,False,n00493
dark_house_walk/east_to_west/003_n00494_W_F.jpg,0.227489,0.003204,0.0,False,n00494
dark_house_walk/west_to_east/001_n00494_E_F.jpg,0.285906,0.002264,0.0,False,n00494
dark_house_walk/west_to_east/002_n00493_E_F.jpg,0.31959,0.003279,0.0,False,n00493
dark_house_walk/west_to_east/003_n00492_E_F.jpg,0.354177,0.000904,0.0,False,n00492
devonshire_row/east_to_west/001_n00495_W_F.jpg,0.034912,0.095119,0.0,False,n00495
devonshire_row/east_to_west/002_n00496_W_F.jpg,0.029987,0.1278,0.0,False,n00496
devonshire_row/east_to_west/003_n00497_W_F.jpg,0.029997,0.091407,0.0,False,n00497
devonshire_row/east_to_west/004_n00498_W_F.jpg,0.032505,0.070734,0.0,False,n00498
devonshire_row/west_to_east/001_n00498_E_F.jpg,0.161398,0.186881,0.0,False,n00498
devonshire_row/west_to_east/002_n00497_E_F.jpg,0.032482,0.054913,0.0,False,n00497
devonshire_row/west_to_east/003_n00496_E_F.jpg,0.032394,0.082302,0.0,False,n00496
devonshire_row/west_to_east/004_n00495_E_F.jpg,0.030274,0.101566,0.0,False,n00495
distaff_lane/east_to_west/001_n00507_S_L.jpg,0.052685,0.251506,0.0,False,n00507
distaff_lane/east_to_west/001_n00507_S_R.jpg,0.030824,0.109478,0.0,False,n00507
distaff_lane/east_to_west/002_n00506_S_L.jpg,0.073019,0.24518,0.0,False,n00506
distaff_lane/east_to_west/002_n00506_S_R.jpg,0.035685,0.098173,0.0,False,n00506
distaff_lane/east_to_west/003_n00505_S_L.jpg,0.120695,0.268479,0.0,False,n00505
distaff_lane/east_to_west/003_n00505_S_R.jpg,0.095765,0.122733,0.0,False,n00505
distaff_lane/east_to_west/004_n00504_S_L.jpg,0.001159,0.182446,0.0,False,n00504
distaff_lane/east_to_west/004_n00504_S_R.jpg,0.187705,0.306098,0.0,False,n00504
distaff_lane/east_to_west/005_n00503_W_L.jpg,0.192094,0.183631,0.0,False,n00503
distaff_lane/east_to_west/005_n00503_W_R.jpg,0.137218,0.145806,0.0,False,n00503
distaff_lane/east_to_west/006_n00502_W_L.jpg,0.108032,0.251342,0.0,False,n00502
distaff_lane/east_to_west/006_n00502_W_R.jpg,0.11636,0.277831,0.0,False,n00502
distaff_lane/east_to_west/007_n00501_W_L.jpg,0.090262,0.118257,0.0,False,n00501
distaff_lane/east_to_west/007_n00501_W_R.jpg,0.079463,0.254723,0.0,False,n00501
distaff_lane/east_to_west/008_n00500_W_L.jpg,0.064309,0.302379,0.0,False,n00500
distaff_lane/east_to_west/008_n00500_W_R.jpg,0.10104,0.274538,0.0,False,n00500
distaff_lane/east_to_west/009_n00499_W_F.jpg,0.228631,0.00105,0.0,False,n00499
distaff_lane/west_to_east/001_n00499_E_F.jpg,0.139091,0.015752,0.0,False,n00499
distaff_lane/west_to_east/002_n00500_E_L.jpg,0.127922,0.240753,0.0,False,n00500
distaff_lane/west_to_east/002_n00500_E_R.jpg,0.08111,0.140841,0.0,False,n00500
distaff_lane/west_to_east/003_n00501_E_L.jpg,0.303651,0.270616,0.0,False,n00501
distaff_lane/west_to_east/003_n00501_E_R.jpg,0.062095,0.105588,0.0,False,n00501
distaff_lane/west_to_east/004_n00502_E_L.jpg,0.072951,0.34079,0.0,False,n00502
distaff_lane/west_to_east/004_n00502_E_R.jpg,0.047234,0.239742,0.0,False,n00502
distaff_lane/west_to_east/005_n00503_E_L.jpg,0.03463,0.151863,0.0,False,n00503
distaff_lane/west_to_east/005_n00503_E_R.jpg,0.159513,0.087574,0.0,False,n00503
distaff_lane/west_to_east/006_n00504_N_L.jpg,0.017974,0.014417,0.0,False,n00504
distaff_lane/west_to_east/006_n00504_N_R.jpg,0.010326,0.37635,0.0,False,n00504
distaff_lane/west_to_east/007_n00505_N_L.jpg,0.033489,0.153796,0.0,False,n00505
distaff_lane/west_to_east/007_n00505_N_R.jpg,0.051409,0.289748,0.0,False,n00505
distaff_lane/west_to_east/008_n00506_N_L.jpg,0.040678,0.125085,0.0,False,n00506
distaff_lane/west_to_east/008_n00506_N_R.jpg,0.067372,0.285194,0.0,False,n00506
distaff_lane/west_to_east/009_n00507_N_L.jpg,0.199926,0.156376,0.0,False,n00507
distaff_lane/west_to_east/009_n00507_N_R.jpg,0.188765,0.308094,0.0,False,n00507
dowgate_hill/north_to_south/001_n00514_S_L.jpg,0.059218,0.153089,0.0,False,n00514
dowgate_hill/north_to_south/001_n00514_S_R.jpg,0.060492,0.193303,0.0,False,n00514
dowgate_hill/north_to_south/002_n00513_S_L.jpg,0.0,0.0,0.400074,True,n00513
dowgate_hill/north_to_south/002_n00513_S_R.jpg,0.0,0.0,0.390424,True,n00513
dowgate_hill/north_to_south/003_n00512_S_L.jpg,0.009571,0.212036,0.0,False,n00512
dowgate_hill/north_to_south/003_n00512_S_R.jpg,0.107444,0.173753,0.0,False,n00512
dowgate_hill/north_to_south/004_n00511_S_L.jpg,0.024457,0.147751,0.0,False,n00511
dowgate_hill/north_to_south/004_n00511_S_R.jpg,0.063065,0.169747,0.0,False,n00511
dowgate_hill/north_to_south/005_n00510_S_L.jpg,0.022793,0.088286,0.0,False,n00510
dowgate_hill/north_to_south/005_n00510_S_R.jpg,0.07156,0.111098,0.0,False,n00510
dowgate_hill/north_to_south/006_n00509_S_L.jpg,0.046749,0.195589,0.0,False,n00509
dowgate_hill/north_to_south/006_n00509_S_R.jpg,0.006092,0.000703,0.0,False,n00509
dowgate_hill/north_to_south/007_n00508_S_F.jpg,0.003015,0.116786,0.0,False,n00508
dowgate_hill/south_to_north/001_n00508_N_F.jpg,0.0,0.190513,0.058746,False,n00508
dowgate_hill/south_to_north/002_n00509_N_L.jpg,0.048471,0.307693,0.0,False,n00509
dowgate_hill/south_to_north/002_n00509_N_R.jpg,0.044946,0.274734,0.0,False,n00509
dowgate_hill/south_to_north/003_n00510_N_L.jpg,0.071504,0.189963,0.0,False,n00510
dowgate_hill/south_to_north/003_n00510_N_R.jpg,0.034364,0.101141,0.0,False,n00510
dowgate_hill/south_to_north/004_n00511_N_L.jpg,0.054597,0.185518,0.0,False,n00511
dowgate_hill/south_to_north/004_n00511_N_R.jpg,0.041993,0.164757,0.0,False,n00511
dowgate_hill/south_to_north/005_n00512_N_L.jpg,0.031917,0.151385,0.0,False,n00512
dowgate_hill/south_to_north/005_n00512_N_R.jpg,0.071911,0.213552,0.0,False,n00512
dowgate_hill/south_to_north/006_n00513_N_L.jpg,0.0,0.0,0.459207,True,n00513
dowgate_hill/south_to_north/006_n00513_N_R.jpg,0.0,0.0,0.462741,True,n00513
dowgate_hill/south_to_north/007_n00514_N_L.jpg,0.144602,0.276203,0.0,False,n00514
dowgate_hill/south_to_north/007_n00514_N_R.jpg,0.132776,0.095645,0.0,False,n00514
dunster_court/north_to_south/001_n00517_S_L.jpg,0.037865,0.337663,0.0,False,n00517
dunster_court/north_to_south/001_n00517_S_R.jpg,0.037889,0.236701,0.0,False,n00517
dunster_court/north_to_south/002_n00519_W_L.jpg,0.0,0.0,0.389786,True,n00519
dunster_court/north_to_south/002_n00519_W_R.jpg,0.0,0.0,0.256577,True,n00519
dunster_court/north_to_south/003_n00518_W_L.jpg,0.0,0.0,0.269061,True,n00518
dunster_court/north_to_south/003_n00518_W_R.jpg,0.0,0.0,0.0,False,n00518
dunster_court/north_to_south/004_n00515_S_L.jpg,0.037865,0.337663,0.0,False,n00515
dunster_court/north_to_south/004_n00515_S_R.jpg,0.037889,0.236701,0.0,False,n00515
dunster_court/north_to_south/005_n00516_S_L.jpg,0.0,0.0,0.076332,True,n00516
dunster_court/north_to_south/005_n00516_S_R.jpg,0.0,0.0,0.0,False,n00516
dunster_court/south_to_north/001_n00515_N_L.jpg,0.01044,0.342228,0.0,False,n00515
dunster_court/south_to_north/001_n00515_N_R.jpg,0.191532,0.309055,0.0,False,n00515
dunster_court/south_to_north/002_n00516_N_L.jpg,0.0,0.0,0.086768,True,n00516
dunster_court/south_to_north/002_n00516_N_R.jpg,0.0,0.0,0.288726,True,n00516
dunster_court/south_to_north/003_n00517_N_L.jpg,0.01044,0.342228,0.0,False,n00517
dunster_court/south_to_north/003_n00517_N_R.jpg,0.191532,0.309055,0.0,False,n00517
dunster_court/south_to_north/004_n00518_E_L.jpg,0.0,0.0,0.022869,True,n00518
dunster_court/south_to_north/004_n00518_E_R.jpg,0.0,0.0,0.201776,True,n00518
dunster_court/south_to_north/005_n00519_E_L.jpg,0.0,0.0,0.364091,True,n00519
dunster_court/south_to_north/005_n00519_E_R.jpg,0.0,0.0,0.368697,True,n00519
eastcheap/east_to_west/001_n00520_W_L.jpg,0.164891,0.145764,0.0,False,n00520
eastcheap/east_to_west/001_n00520_W_R.jpg,0.018749,0.072366,0.0,False,n00520
eastcheap/east_to_west/002_n00521_W_L.jpg,0.167028,0.39669,0.0,False,n00521
eastcheap/east_to_west/002_n00521_W_R.jpg,0.087447,0.163256,0.0,False,n00521
eastcheap/east_to_west/003_n00522_W_L.jpg,0.094076,0.321332,0.0,False,n00522
eastcheap/east_to_west/003_n00522_W_R.jpg,0.057445,0.315303,0.0,False,n00522
eastcheap/east_to_west/004_n00523_W_L.jpg,0.122779,0.286331,0.0,False,n00523
eastcheap/east_to_west/004_n00523_W_R.jpg,0.1005,0.244658,0.0,False,n00523
eastcheap/east_to_west/005_n00524_W_L.jpg,0.06913,0.26625,0.0,False,n00524
eastcheap/east_to_west/005_n00524_W_R.jpg,0.082112,0.406348,0.0,False,n00524
eastcheap/east_to_west/006_n00525_W_L.jpg,0.125195,0.329728,0.0,False,n00525
eastcheap/east_to_west/006_n00525_W_R.jpg,0.053392,0.29236,0.0,False,n00525
eastcheap/east_to_west/007_n00526_W_L.jpg,0.058432,0.276577,0.0,False,n00526
eastcheap/east_to_west/007_n00526_W_R.jpg,0.102239,0.399988,0.0,False,n00526
eastcheap/east_to_west/008_n00527_W_L.jpg,0.181478,0.332973,0.0,False,n00527
eastcheap/east_to_west/008_n00527_W_R.jpg,0.012569,0.347398,0.0,False,n00527
eastcheap/east_to_west/009_n00528_W_L.jpg,0.094975,0.317997,0.0,False,n00528
eastcheap/east_to_west/009_n00528_W_R.jpg,0.085091,0.368834,0.0,False,n00528
eastcheap/east_to_west/010_n00529_W_L.jpg,0.074535,0.278837,0.0,False,n00529
eastcheap/east_to_west/010_n00529_W_R.jpg,0.099941,0.390447,0.0,False,n00529
eastcheap/east_to_west/011_n00530_W_L.jpg,0.067182,0.210035,0.0,False,n00530
eastcheap/east_to_west/011_n00530_W_R.jpg,0.124216,0.364605,0.0,False,n00530
eastcheap/east_to_west/012_n00531_W_L.jpg,0.061294,0.237768,0.0,False,n00531
eastcheap/east_to_west/012_n00531_W_R.jpg,0.101984,0.385645,0.0,False,n00531
eastcheap/east_to_west/013_n00532_W_L.jpg,0.061399,0.287781,0.0,False,n00532
eastcheap/east_to_west/013_n00532_W_R.jpg,0.102062,0.351448,0.0,False,n00532
eastcheap/east_to_west/014_n00533_W_L.jpg,0.12593,0.242926,0.0,False,n00533
eastcheap/east_to_west/014_n00533_W_R.jpg,0.056178,0.347773,0.0,False,n00533
eastcheap/east_to_west/015_n00534_W_L.jpg,0.075283,0.165561,0.0,False,n00534
eastcheap/east_to_west/015_n00534_W_R.jpg,0.150568,0.294096,0.0,False,n00534
eastcheap/east_to_west/016_n00535_W_L.jpg,0.095726,0.343787,0.0,False,n00535
eastcheap/east_to_west/016_n00535_W_R.jpg,0.164709,0.38888,0.0,False,n00535
eastcheap/east_to_west/017_n00536_W_L.jpg,0.078154,0.291724,0.0,False,n00536
eastcheap/east_to_west/017_n00536_W_R.jpg,0.072301,0.40009,0.0,False,n00536
eastcheap/west_to_east/001_n00527_E_L.jpg,0.155009,0.346409,0.0,False,n00527
eastcheap/west_to_east/001_n00527_E_R.jpg,0.120477,0.365077,0.0,False,n00527
eastcheap/west_to_east/002_n00536_E_L.jpg,0.150756,0.413244,0.0,False,n00536
eastcheap/west_to_east/002_n00536_E_R.jpg,0.074434,0.342539,0.0,False,n00536
eastcheap/west_to_east/003_n00535_E_L.jpg,0.100624,0.399117,0.0,False,n00535
eastcheap/west_to_east/003_n00535_E_R.jpg,0.044893,0.313339,0.0,False,n00535
eastcheap/west_to_east/004_n00525_E_L.jpg,0.125226,0.284399,0.0,False,n00525
eastcheap/west_to_east/004_n00525_E_R.jpg,0.147902,0.249451,0.0,False,n00525
eastcheap/west_to_east/005_n00534_E_L.jpg,0.0,0.124457,0.0,False,n00534
eastcheap/west_to_east/005_n00534_E_R.jpg,0.154268,0.384682,0.0,False,n00534
eastcheap/west_to_east/006_n00523_E_L.jpg,0.094598,0.249838,0.0,False,n00523
eastcheap/west_to_east/006_n00523_E_R.jpg,0.089524,0.300992,0.0,False,n00523
eastcheap/west_to_east/007_n00521_E_L.jpg,0.09767,0.314415,0.0,False,n00521
eastcheap/west_to_east/007_n00521_E_R.jpg,0.094758,0.339482,0.0,False,n00521
eastcheap/west_to_east/008_n00533_E_L.jpg,0.108395,0.386255,0.0,False,n00533
eastcheap/west_to_east/008_n00533_E_R.jpg,0.004726,0.252099,0.0,False,n00533
eastcheap/west_to_east/009_n00532_E_L.jpg,0.057375,0.361228,0.0,False,n00532
eastcheap/west_to_east/009_n00532_E_R.jpg,0.07547,0.302934,0.0,False,n00532
eastcheap/west_to_east/010_n00531_E_L.jpg,0.075836,0.388409,0.0,False,n00531
eastcheap/west_to_east/010_n00531_E_R.jpg,0.085549,0.394157,0.0,False,n00531
eastcheap/west_to_east/011_n00530_E_L.jpg,0.103425,0.398799,0.0,False,n00530
eastcheap/west_to_east/011_n00530_E_R.jpg,0.082003,0.307862,0.0,False,n00530
eastcheap/west_to_east/012_n00529_E_L.jpg,0.100441,0.389508,0.0,False,n00529
eastcheap/west_to_east/012_n00529_E_R.jpg,0.046993,0.379966,0.0,False,n00529
eastcheap/west_to_east/013_n00528_E_L.jpg,0.078237,0.385143,0.0,False,n00528
eastcheap/west_to_east/013_n00528_E_R.jpg,0.064399,0.309371,0.0,False,n00528
eastcheap/west_to_east/014_n00526_E_L.jpg,0.086514,0.384506,0.0,False,n00526
eastcheap/west_to_east/014_n00526_E_R.jpg,0.101977,0.321483,0.0,False,n00526
eastcheap/west_to_east/015_n00524_E_L.jpg,0.016876,0.383457,0.0,False,n00524
eastcheap/west_to_east/015_n00524_E_R.jpg,0.128286,0.325948,0.0,False,n00524
eastcheap/west_to_east/016_n00522_E_L.jpg,0.041123,0.348038,0.0,False,n00522
eastcheap/west_to_east/016_n00522_E_R.jpg,0.083345,0.343572,0.0,False,n00522
eastcheap/west_to_east/017_n00520_E_L.jpg,0.0,0.0,0.0,False,n00520
eastcheap/west_to_east/017_n00520_E_R.jpg,0.159639,0.128472,0.0,False,n00520
eldon_street/east_to_west/001_n00537_N_L.jpg,0.0,0.014008,0.0,False,n00537
eldon_street/east_to_west/001_n00537_N_R.jpg,0.072344,0.34551,0.0,False,n00537
eldon_street/east_to_west/002_n00538_W_L.jpg,0.038473,0.095254,0.0,False,n00538
eldon_street/east_to_west/002_n00538_W_R.jpg,0.036663,0.238409,0.0,False,n00538
eldon_street/east_to_west/003_n00539_W_L.jpg,0.030115,0.111054,0.0,False,n00539
eldon_street/east_to_west/003_n00539_W_R.jpg,0.039522,0.062565,0.0,False,n00539
eldon_street/east_to_west/004_n00540_W_L.jpg,0.027371,0.089858,0.0,False,n00540
eldon_street/east_to_west/004_n00540_W_R.jpg,0.04851,0.089069,0.0,False,n00540
eldon_street/west_to_east/001_n00540_E_L.jpg,0.028346,0.126081,0.0,False,n00540
eldon_street/west_to_east/001_n00540_E_R.jpg,0.024034,0.086008,0.0,False,n00540
eldon_street/west_to_east/002_n00539_E_L.jpg,0.014498,0.091378,0.0,False,n00539
eldon_street/west_to_east/002_n00539_E_R.jpg,0.007829,0.154128,0.0,False,n00539
eldon_street/west_to_east/003_n00538_E_L.jpg,0.000411,0.293593,0.0,False,n00538
eldon_street/west_to_east/003_n00538_E_R.jpg,0.095189,0.197769,0.0,False,n00538
eldon_street/west_to_east/004_n00537_S_L.jpg,0.048994,0.072821,0.0,False,n00537
eldon_street/west_to_east/004_n00537_S_R.jpg,0.139981,0.252431,0.0,False,n00537
fen_court/north_to_south/001_n00545_S_F.jpg,0.026751,0.0,0.0,False,n00545
fen_court/north_to_south/002_n00544_S_F.jpg,0.242439,0.0,0.0,False,n00544
fen_court/north_to_south/003_n00543_S_F.jpg,0.325492,0.0,0.0,False,n00543
fen_court/north_to_south/004_n00542_S_F.jpg,0.049249,0.002805,0.0,False,n00542
fen_court/north_to_south/005_n00541_S_L.jpg,0.0,0.003955,0.442534,True,n00541
fen_court/north_to_south/005_n00541_S_R.jpg,0.0,0.000469,0.3083,True,n00541
fen_court/south_to_north/001_n00541_N_L.jpg,0.0,0.423128,0.430755,False,n00541
fen_court/south_to_north/001_n00541_N_R.jpg,0.0,0.0,0.450604,True,n00541
fen_court/south_to_north/002_n00542_N_F.jpg,0.0,0.0,0.0,False,n00542
fen_court/south_to_north/003_n00543_N_F.jpg,0.093833,0.0,0.0,False,n00543
fen_court/south_to_north/004_n00544_N_F.jpg,0.13736,0.0,0.0,False,n00544
fen_court/south_to_north/005_n00545_N_F.jpg,0.0,0.255565,0.0,False,n00545
fenchurch_avenue/east_to_west/001_n00546_W_L.jpg,0.02669,0.182497,0.0,False,n00546
fenchurch_avenue/east_to_west/001_n00546_W_R.jpg,0.0431,0.330468,0.0,False,n00546
fenchurch_avenue/east_to_west/002_n00547_W_L.jpg,0.007243,0.274948,0.0,False,n00547
fenchurch_avenue/east_to_west/002_n00547_W_R.jpg,0.036472,0.122302,0.0,False,n00547
fenchurch_avenue/east_to_west/003_n00548_W_L.jpg,0.02985,0.281772,0.0,False,n00548
fenchurch_avenue/east_to_west/003_n00548_W_R.jpg,0.018003,0.10246,0.0,False,n00548
fenchurch_avenue/east_to_west/004_n00549_W_L.jpg,0.033566,0.215025,0.0,False,n00549
fenchurch_avenue/east_to_west/004_n00549_W_R.jpg,0.014792,0.136031,0.0,False,n00549
fenchurch_avenue/east_to_west/005_n00550_W_L.jpg,0.019239,0.325011,0.0,False,n00550
fenchurch_avenue/east_to_west/005_n00550_W_R.jpg,0.007018,0.078955,0.0,False,n00550
fenchurch_avenue/east_to_west/006_n00551_W_L.jpg,0.000636,0.225488,0.0,False,n00551
fenchurch_avenue/east_to_west/006_n00551_W_R.jpg,0.0,0.094176,0.0,False,n00551
fenchurch_avenue/east_to_west/007_n00552_W_L.jpg,0.011025,0.223087,0.0,False,n00552
fenchurch_avenue/east_to_west/007_n00552_W_R.jpg,0.006703,0.255959,0.0,False,n00552
fenchurch_avenue/west_to_east/001_n00552_E_L.jpg,0.048098,0.154876,0.0,False,n00552
fenchurch_avenue/west_to_east/001_n00552_E_R.jpg,0.008913,0.217811,0.0,False,n00552
fenchurch_avenue/west_to_east/002_n00551_E_L.jpg,0.032412,0.101054,0.0,False,n00551
fenchurch_avenue/west_to_east/002_n00551_E_R.jpg,0.000668,0.121078,0.0,False,n00551
fenchurch_avenue/west_to_east/003_n00550_E_L.jpg,0.022952,0.158465,0.0,False,n00550
fenchurch_avenue/west_to_east/003_n00550_E_R.jpg,0.05199,0.150105,0.0,False,n00550
fenchurch_avenue/west_to_east/004_n00549_E_L.jpg,0.01834,0.002551,0.0,False,n00549
fenchurch_avenue/west_to_east/004_n00549_E_R.jpg,0.000359,0.083022,0.0,False,n00549
fenchurch_avenue/west_to_east/005_n00548_E_L.jpg,0.022642,0.105975,0.0,False,n00548
fenchurch_avenue/west_to_east/005_n00548_E_R.jpg,0.0,0.255314,0.0,False,n00548
fenchurch_avenue/west_to_east/006_n00547_E_L.jpg,0.003816,0.099437,0.0,False,n00547
fenchurch_avenue/west_to_east/006_n00547_E_R.jpg,0.003045,0.260435,0.0,False,n00547
fenchurch_avenue/west_to_east/007_n00546_E_L.jpg,0.008876,0.323302,0.0,False,n00546
fenchurch_avenue/west_to_east/007_n00546_E_R.jpg,0.035614,0.319701,0.0,False,n00546
fenchurch_street/east_to_west/001_n00571_W_L.jpg,0.114454,0.165116,0.0,False,n00571
fenchurch_street/east_to_west/001_n00571_W_R.jpg,0.01725,0.357602,0.0,False,n00571
fenchurch_street/east_to_west/002_n00570_W_L.jpg,0.239318,0.217523,0.0,False,n00570
fenchurch_street/east_to_west/002_n00570_W_R.jpg,0.012143,0.377427,0.0,False,n00570
fenchurch_street/east_to_west/003_n00569_W_L.jpg,0.227554,0.319209,0.0,False,n00569
fenchurch_street/east_to_west/003_n00569_W_R.jpg,0.013996,0.327185,0.0,False,n00569
fenchurch_street/east_to_west/004_n00568_W_L.jpg,0.117902,0.172267,0.0,False,n00568
fenchurch_street/east_to_west/004_n00568_W_R.jpg,0.004825,0.378249,0.0,False,n00568
fenchurch_street/east_to_west/005_n00567_W_L.jpg,0.0,0.0,0.307986,True,n00567
fenchurch_street/east_to_west/005_n00567_W_R.jpg,0.0,0.000383,0.440313,True,n00567
fenchurch_street/east_to_west/006_n00566_W_L.jpg,0.063708,0.314035,0.0,False,n00566
fenchurch_street/east_to_west/006_n00566_W_R.jpg,0.028808,0.384305,0.0,False,n00566
fenchurch_street/east_to_west/007_n00565_W_L.jpg,0.0,0.166794,0.0,False,n00565
fenchurch_street/east_to_west/007_n00565_W_R.jpg,0.127117,0.36935,0.0,False,n00565
fenchurch_street/east_to_west/008_n00564_W_L.jpg,0.0,0.13962,0.0,False,n00564
fenchurch_street/east_to_west/008_n00564_W_R.jpg,0.062965,0.416138,0.0,False,n00564
fenchurch_street/east_to_west/009_n00563_W_L.jpg,0.00029,0.143809,0.0,False,n00563
fenchurch_street/east_to_west/009_n00563_W_R.jpg,0.07434,0.386073,0.0,False,n00563
fenchurch_street/east_to_west/010_n00562_W_L.jpg,0.0,0.121527,0.0,False,n00562
fenchurch_street/east_to_west/010_n00562_W_R.jpg,0.063085,0.386169,0.0,False,n00562
fenchurch_street/east_to_west/011_n00561_W_L.jpg,0.010693,0.102552,0.0,False,n00561
fenchurch_street/east_to_west/011_n00561_W_R.jpg,0.083616,0.322944,0.0,False,n00561
fenchurch_street/east_to_west/012_n00560_W_L.jpg,0.030909,0.125097,0.0,False,n00560
fenchurch_street/east_to_west/012_n00560_W_R.jpg,0.073408,0.32871,0.0,False,n00560
fenchurch_street/east_to_west/013_n00559_W_L.jpg,0.034378,0.126975,0.0,False,n00559
fenchurch_street/east_to_west/013_n00559_W_R.jpg,0.063033,0.326045,0.0,False,n00559
fenchurch_street/east_to_west/014_n00558_W_L.jpg,0.106575,0.188682,0.0,False,n00558
fenchurch_street/east_to_west/014_n00558_W_R.jpg,0.067857,0.366867,0.0,False,n00558
fenchurch_street/east_to_west/015_n00557_W_L.jpg,0.038117,0.277198,0.0,False,n00557
fenchurch_street/east_to_west/015_n00557_W_R.jpg,0.048669,0.301112,0.0,False,n00557
fenchurch_street/east_to_west/016_n00556_W_L.jpg,0.041277,0.278103,0.0,False,n00556
fenchurch_street/east_to_west/016_n00556_W_R.jpg,0.054433,0.30997,0.0,False,n00556
fenchurch_street/east_to_west/017_n00555_W_L.jpg,0.099739,0.280452,0.0,False,n00555
fenchurch_street/east_to_west/017_n00555_W_R.jpg,0.084393,0.321458,0.0,False,n00555
fenchurch_street/east_to_west/018_n00554_W_L.jpg,0.062604,0.22261,0.0,False,n00554
fenchurch_street/east_to_west/018_n00554_W_R.jpg,0.157876,0.390018,0.0,False,n00554
fenchurch_street/east_to_west/019_n00553_W_L.jpg,0.058825,0.313675,0.0,False,n00553
fenchurch_street/east_to_west/019_n00553_W_R.jpg,0.116237,0.065385,0.0,False,n00553
fenchurch_street/west_to_east/001_n00553_E_L.jpg,0.084155,0.14423,0.0,False,n00553
fenchurch_street/west_to_east/001_n00553_E_R.jpg,0.059297,0.384345,0.0,False,n00553
fenchurch_street/west_to_east/002_n00554_E_L.jpg,0.0,0.292751,0.0,False,n00554
fenchurch_street/west_to_east/002_n00554_E_R.jpg,0.061001,0.222804,0.0,False,n00554
fenchurch_street/west_to_east/003_n00555_E_L.jpg,0.065392,0.330734,0.0,False,n00555
fenchurch_street/west_to_east/003_n00555_E_R.jpg,0.0,0.217439,0.0,False,n00555
fenchurch_street/west_to_east/004_n00556_E_L.jpg,0.059813,0.300582,0.0,False,n00556
fenchurch_street/west_to_east/004_n00556_E_R.jpg,0.020798,0.2237,0.0,False,n00556
fenchurch_street/west_to_east/005_n00557_E_L.jpg,0.083,0.291387,0.0,False,n00557
fenchurch_street/west_to_east/005_n00557_E_R.jpg,0.027099,0.245959,0.0,False,n00557
fenchurch_street/west_to_east/006_n00558_E_L.jpg,0.083015,0.289273,0.0,False,n00558
fenchurch_street/west_to_east/006_n00558_E_R.jpg,0.037543,0.146841,0.0,False,n00558
fenchurch_street/west_to_east/007_n00559_E_L.jpg,0.056691,0.32545,0.0,False,n00559
fenchurch_street/west_to_east/007_n00559_E_R.jpg,0.026175,0.286445,0.0,False,n00559
fenchurch_street/west_to_east/008_n00560_E_L.jpg,0.062562,0.149082,0.0,False,n00560
fenchurch_street/west_to_east/008_n00560_E_R.jpg,0.082787,0.130644,0.0,False,n00560
fenchurch_street/west_to_east/009_n00561_E_L.jpg,0.089971,0.315235,0.0,False,n00561
fenchurch_street/west_to_east/009_n00561_E_R.jpg,0.033972,0.133166,0.0,False,n00561
fenchurch_street/west_to_east/010_n00562_E_L.jpg,0.07837,0.374882,0.0,False,n00562
fenchurch_street/west_to_east/010_n00562_E_R.jpg,0.036399,0.148955,0.0,False,n00562
fenchurch_street/west_to_east/011_n00563_E_L.jpg,0.055582,0.352438,0.0,False,n00563
fenchurch_street/west_to_east/011_n00563_E_R.jpg,0.043618,0.129952,0.0,False,n00563
fenchurch_street/west_to_east/012_n00564_E_L.jpg,0.081584,0.355771,0.0,False,n00564
fenchurch_street/west_to_east/012_n00564_E_R.jpg,0.070954,0.172177,0.0,False,n00564
fenchurch_street/west_to_east/013_n00565_E_L.jpg,0.054322,0.317266,0.0,False,n00565
fenchurch_street/west_to_east/013_n00565_E_R.jpg,0.188519,0.174947,0.0,False,n00565
fenchurch_street/west_to_east/014_n00566_E_L.jpg,0.056667,0.380296,0.0,False,n00566
fenchurch_street/west_to_east/014_n00566_E_R.jpg,0.220497,0.282672,0.0,False,n00566
fenchurch_street/west_to_east/015_n00567_E_L.jpg,0.0,0.0,0.449817,True,n00567
fenchurch_street/west_to_east/015_n00567_E_R.jpg,0.0,0.000881,0.441797,True,n00567
fenchurch_street/west_to_east/016_n00568_E_L.jpg,0.033096,0.375524,0.0,False,n00568
fenchurch_street/west_to_east/016_n00568_E_R.jpg,0.149268,0.089758,0.0,False,n00568
fenchurch_street/west_to_east/017_n00569_E_L.jpg,0.024893,0.3205,0.0,False,n00569
fenchurch_street/west_to_east/017_n00569_E_R.jpg,0.071221,0.184838,0.0,False,n00569
fenchurch_street/west_to_east/018_n00570_E_L.jpg,0.032634,0.382945,0.0,False,n00570
fenchurch_street/west_to_east/018_n00570_E_R.jpg,0.038521,0.361849,0.0,False,n00570
fenchurch_street/west_to_east/019_n00571_E_L.jpg,0.087297,0.278158,0.0,False,n00571
fenchurch_street/west_to_east/019_n00571_E_R.jpg,0.032656,0.191407,0.0,False,n00571
finch_lane/north_to_south/001_n00576_S_L.jpg,0.003654,0.0,0.0,False,n00576
finch_lane/north_to_south/001_n00576_S_R.jpg,0.038578,0.260598,0.0,False,n00576
finch_lane/north_to_south/002_n00575_S_L.jpg,0.0,0.0,0.0,False,n00575
finch_lane/north_to_south/002_n00575_S_R.jpg,0.027251,0.275542,0.0,False,n00575
finch_lane/north_to_south/003_n00574_S_L.jpg,0.0,0.0,0.006605,False,n00574
finch_lane/north_to_south/003_n00574_S_R.jpg,0.0,0.0,0.137134,True,n00574
finch_lane/north_to_south/004_n00573_S_L.jpg,0.036275,0.032071,0.0,False,n00573
finch_lane/north_to_south/004_n00573_S_R.jpg,0.003862,0.208131,0.0,False,n00573
finch_lane/north_to_south/005_n00572_S_L.jpg,0.010629,0.163771,0.0,False,n00572
finch_lane/north_to_south/005_n00572_S_R.jpg,0.091617,0.183198,0.0,False,n00572
finch_lane/south_to_north/001_n00572_N_L.jpg,0.080399,0.3262,0.0,False,n00572
finch_lane/south_to_north/001_n00572_N_R.jpg,0.093806,0.361505,0.0,False,n00572
finch_lane/south_to_north/002_n00573_N_L.jpg,0.020919,0.281247,0.0,False,n00573
finch_lane/south_to_north/002_n00573_N_R.jpg,0.0,0.0,0.0,False,n00573
finch_lane/south_to_north/003_n00574_N_L.jpg,0.0,0.0,0.034505,True,n00574
finch_lane/south_to_north/003_n00574_N_R.jpg,0.0,0.0,0.122117,True,n00574
finch_lane/south_to_north/004_n00575_N_L.jpg,0.025206,0.271951,0.0,False,n00575
finch_lane/south_to_north/004_n00575_N_R.jpg,0.0,0.065747,0.0,False,n00575
finch_lane/south_to_north/005_n00576_N_L.jpg,0.001036,0.323272,0.0,False,n00576
finch_lane/south_to_north/005_n00576_N_R.jpg,0.0,0.0,0.0,False,n00576
finsbury_circus/east_to_west/001_n00577_W_L.jpg,0.181405,0.397952,0.0,False,n00577
finsbury_circus/east_to_west/001_n00577_W_R.jpg,0.043455,0.333658,0.0,False,n00577
finsbury_circus/east_to_west/002_n00578_E_L.jpg,0.068614,0.374607,0.0,False,n00578
finsbury_circus/east_to_west/002_n00578_E_R.jpg,0.096904,0.379133,0.0,False,n00578
finsbury_circus/east_to_west/003_n00579_W_L.jpg,0.011444,0.267088,0.0,False,n00579
finsbury_circus/east_to_west/003_n00579_W_R.jpg,0.050366,0.307538,0.0,False,n00579
finsbury_circus/east_to_west/004_n00580_E_L.jpg,0.119908,0.341171,0.0,False,n00580
finsbury_circus/east_to_west/004_n00580_E_R.jpg,0.027922,0.208999,0.0,False,n00580
finsbury_circus/east_to_west/005_n00581_W_L.jpg,0.001264,0.0,0.233769,True,n00581
finsbury_circus/east_to_west/005_n00581_W_R.jpg,0.0,0.0,0.053554,True,n00581
finsbury_circus/east_to_west/006_n00582_E_L.jpg,0.143798,0.152824,0.0,False,n00582
finsbury_circus/east_to_west/006_n00582_E_R.jpg,0.029678,0.178427,0.0,False,n00582
finsbury_circus/east_to_west/007_n00583_W_L.jpg,0.012216,0.383868,0.0,False,n00583
finsbury_circus/east_to_west/007_n00583_W_R.jpg,0.030929,0.351932,0.0,False,n00583
finsbury_circus/east_to_west/008_n00584_N_L.jpg,0.018966,0.354463,0.0,False,n00584
finsbury_circus/east_to_west/008_n00584_N_R.jpg,0.045498,0.243953,0.0,False,n00584
finsbury_circus/east_to_west/009_n00585_N_L.jpg,0.016933,0.316218,0.0,False,n00585
finsbury_circus/east_to_west/009_n00585_N_R.jpg,0.115278,0.323641,0.0,False,n00585
finsbury_circus/east_to_west/010_n00586_N_L.jpg,0.019322,0.32312,0.0,False,n00586
finsbury_circus/east_to_west/010_n00586_N_R.jpg,0.031999,0.285223,0.0,False,n00586
finsbury_circus/east_to_west/011_n00587_N_L.jpg,0.0,0.290099,0.0,False,n00587
finsbury_circus/east_to_west/011_n00587_N_R.jpg,0.037874,0.36324,0.0,False,n00587
finsbury_circus/east_to_west/012_n00588_W_L.jpg,0.017813,0.104253,0.0,False,n00588
finsbury_circus/east_to_west/012_n00588_W_R.jpg,0.013571,0.299613,0.0,False,n00588
finsbury_circus/east_to_west/013_n00589_W_L.jpg,0.01781,0.20115,0.0,False,n00589
finsbury_circus/east_to_west/013_n00589_W_R.jpg,0.028389,0.302109,0.0,False,n00589
finsbury_circus/east_to_west/014_n00590_W_L.jpg,0.100671,0.292326,0.0,False,n00590
finsbury_circus/east_to_west/014_n00590_W_R.jpg,0.04144,0.311466,0.0,False,n00590
finsbury_circus/east_to_west/015_n00591_W_L.jpg,0.08198,0.286575,0.0,False,n00591
finsbury_circus/east_to_west/015_n00591_W_R.jpg,0.037319,0.31958,0.0,False,n00591
finsbury_circus/east_to_west/016_n00592_W_L.jpg,0.00979,0.374329,0.0,False,n00592
finsbury_circus/east_to_west/016_n00592_W_R.jpg,0.037722,0.265378,0.0,False,n00592
finsbury_circus/east_to_west/017_n00593_S_L.jpg,0.000256,0.341249,0.0,False,n00593
finsbury_circus/east_to_west/017_n00593_S_R.jpg,0.061442,0.372542,0.0,False,n00593
finsbury_circus/east_to_west/018_n00594_S_L.jpg,0.02172,0.314508,0.0,False,n00594
finsbury_circus/east_to_west/018_n00594_S_R.jpg,0.071763,0.401416,0.0,False,n00594
finsbury_circus/east_to_west/019_n00595_S_L.jpg,0.003332,0.287506,0.0,False,n00595
finsbury_circus/east_to_west/019_n00595_S_R.jpg,0.00055,0.304362,0.0,False,n00595
finsbury_circus/east_to_west/020_n00596_E_L.jpg,0.033662,0.210444,0.0,False,n00596
finsbury_circus/east_to_west/020_n00596_E_R.jpg,0.045313,0.31999,0.0,False,n00596
finsbury_circus/east_to_west/021_n00597_E_L.jpg,0.032162,0.179291,0.0,False,n00597
finsbury_circus/east_to_west/021_n00597_E_R.jpg,0.049485,0.220759,0.0,False,n00597
finsbury_circus/east_to_west/022_n00598_E_L.jpg,0.038959,0.319267,0.0,False,n00598
finsbury_circus/east_to_west/022_n00598_E_R.jpg,0.13272,0.255411,0.0,False,n00598
finsbury_circus/west_to_east/001_n00583_E_L.jpg,0.06903,0.199789,0.0,False,n00583
finsbury_circus/west_to_east/001_n00583_E_R.jpg,0.078226,0.377789,0.0,False,n00583
finsbury_circus/west_to_east/002_n00598_W_L.jpg,0.022249,0.266793,0.0,False,n00598
finsbury_circus/west_to_east/002_n00598_W_R.jpg,0.045571,0.28046,0.0,False,n00598
finsbury_circus/west_to_east/003_n00597_W_L.jpg,0.003832,0.189461,0.0,False,n00597
finsbury_circus/west_to_east/003_n00597_W_R.jpg,0.014147,0.246878,0.0,False,n00597
finsbury_circus/west_to_east/004_n00581_E_L.jpg,0.0,0.0,0.148946,True,n00581
finsbury_circus/west_to_east/004_n00581_E_R.jpg,0.0,0.0,0.0,False,n00581
finsbury_circus/west_to_east/005_n00579_E_L.jpg,0.111941,0.13282,0.0,False,n00579
finsbury_circus/west_to_east/005_n00579_E_R.jpg,0.206277,0.326547,0.0,False,n00579
finsbury_circus/west_to_east/006_n00596_W_L.jpg,0.0,0.17916,0.0,False,n00596
finsbury_circus/west_to_east/006_n00596_W_R.jpg,0.015747,0.270482,0.0,False,n00596
finsbury_circus/west_to_east/007_n00595_N_L.jpg,0.058415,0.301731,0.0,False,n00595
finsbury_circus/west_to_east/007_n00595_N_R.jpg,0.007242,0.369993,0.0,False,n00595
finsbury_circus/west_to_east/008_n00577_E_L.jpg,0.121856,0.204246,0.0,False,n00577
finsbury_circus/west_to_east/008_n00577_E_R.jpg,0.000382,0.027913,0.0,False,n00577
finsbury_circus/west_to_east/009_n00594_N_L.jpg,0.031709,0.326218,0.0,False,n00594
finsbury_circus/west_to_east/009_n00594_N_R.jpg,0.050455,0.362188,0.0,False,n00594
finsbury_circus/west_to_east/010_n00593_N_L.jpg,0.0,0.2973,0.0,False,n00593
finsbury_circus/west_to_east/010_n00593_N_R.jpg,0.0,0.360262,0.0,False,n00593
finsbury_circus/west_to_east/011_n00592_E_L.jpg,0.0,0.300554,0.0,False,n00592
finsbury_circus/west_to_east/011_n00592_E_R.jpg,0.042078,0.326741,0.0,False,n00592
finsbury_circus/west_to_east/012_n00591_E_L.jpg,0.0,0.260204,0.0,False,n00591
finsbury_circus/west_to_east/012_n00591_E_R.jpg,0.101327,0.331325,0.0,False,n00591
finsbury_circus/west_to_east/013_n00590_E_L.jpg,0.006215,0.319837,0.0,False,n00590
finsbury_circus/west_to_east/013_n00590_E_R.jpg,0.055897,0.348293,0.0,False,n00590
finsbury_circus/west_to_east/014_n00589_E_L.jpg,0.01307,0.256676,0.0,False,n00589
finsbury_circus/west_to_east/014_n00589_E_R.jpg,0.036161,0.205178,0.0,False,n00589
finsbury_circus/west_to_east/015_n00588_E_L.jpg,0.002476,0.233434,0.0,False,n00588
finsbury_circus/west_to_east/015_n00588_E_R.jpg,0.069662,0.341592,0.0,False,n00588
finsbury_circus/west_to_east/016_n00587_S_L.jpg,0.0,0.273532,0.0,False,n00587
finsbury_circus/west_to_east/016_n00587_S_R.jpg,0.052938,0.34751,0.0,False,n00587
finsbury_circus/west_to_east/017_n00586_S_L.jpg,0.131412,0.338783,0.0,False,n00586
finsbury_circus/west_to_east/017_n00586_S_R.jpg,0.028489,0.356542,0.0,False,n00586
finsbury_circus/west_to_east/018_n00585_S_L.jpg,0.000872,0.194452,0.0,False,n00585
finsbury_circus/west_to_east/018_n00585_S_R.jpg,0.034497,0.319585,0.0,False,n00585
finsbury_circus/west_to_east/019_n00584_S_L.jpg,0.0,0.128648,0.0,False,n00584
finsbury_circus/west_to_east/019_n00584_S_R.jpg,0.155043,0.370717,0.0,False,n00584
finsbury_circus/west_to_east/020_n00582_W_L.jpg,0.0,0.062597,0.0,False,n00582
finsbury_circus/west_to_east/020_n00582_W_R.jpg,0.059357,0.298245,0.0,False,n00582
finsbury_circus/west_to_east/021_n00580_W_L.jpg,0.076939,0.087846,0.0,False,n00580
finsbury_circus/west_to_east/021_n00580_W_R.jpg,0.123988,0.336112,0.0,False,n00580
finsbury_circus/west_to_east/022_n00578_W_L.jpg,0.099918,0.294636,0.0,False,n00578
finsbury_circus/west_to_east/022_n00578_W_R.jpg,0.091665,0.292095,0.0,False,n00578
fish_street_hill/north_to_south/001_n00602_S_F.jpg,0.031859,0.177822,0.0,False,n00602
fish_street_hill/north_to_south/002_n00601_S_F.jpg,0.056383,0.0,0.0,False,n00601
fish_street_hill/north_to_south/003_n00600_S_F.jpg,0.105124,0.151938,0.0,False,n00600
fish_street_hill/north_to_south/004_n00599_S_F.jpg,0.076117,0.216488,0.0,False,n00599
fish_street_hill/south_to_north/001_n00599_N_F.jpg,0.058167,0.35374,0.0,False,n00599
fish_street_hill/south_to_north/002_n00600_N_F.jpg,0.017647,0.0,0.0,False,n00600
fish_street_hill/south_to_north/003_n00601_N_F.jpg,0.029881,0.00075,0.0,False,n00601
fish_street_hill/south_to_north/004_n00602_N_F.jpg,0.060823,0.002684,0.0,False,n00602
fisherman_s_hall_wharf/east_to_west/001_n00603_W_F.jpg,0.401284,0.067379,0.0,False,n00603
fisherman_s_hall_wharf/east_to_west/002_n00604_W_L.jpg,0.451492,0.32836,0.0,False,n00604
fisherman_s_hall_wharf/east_to_west/002_n00604_W_R.jpg,0.32381,0.374302,0.0,False,n00604
fisherman_s_hall_wharf/east_to_west/003_n00605_E_F.jpg,0.196242,0.0,0.0,False,n00605
fisherman_s_hall_wharf/east_to_west/004_n00606_W_F.jpg,0.247091,0.013247,0.0,False,n00606
fisherman_s_hall_wharf/east_to_west/005_n00607_W_F.jpg,0.253484,0.0,0.0,False,n00607
fisherman_s_hall_wharf/east_to_west/006_n00608_W_F.jpg,0.213664,0.001106,0.0,False,n00608
fisherman_s_hall_wharf/east_to_west/007_n00609_W_F.jpg,0.006159,0.002141,0.0,False,n00609
fisherman_s_hall_wharf/west_to_east/001_n00609_E_F.jpg,0.195502,0.011042,0.0,False,n00609
fisherman_s_hall_wharf/west_to_east/002_n00608_E_F.jpg,0.226265,0.006269,0.0,False,n00608
fisherman_s_hall_wharf/west_to_east/003_n00607_E_F.jpg,0.164381,0.002839,0.0,False,n00607
fisherman_s_hall_wharf/west_to_east/004_n00606_E_F.jpg,0.022208,2e-06,0.0,False,n00606
fisherman_s_hall_wharf/west_to_east/005_n00605_W_F.jpg,0.22329,9.5e-05,0.0,False,n00605
fisherman_s_hall_wharf/west_to_east/006_n00604_E_L.jpg,0.174993,0.205643,0.0,False,n00604
fisherman_s_hall_wharf/west_to_east/006_n00604_E_R.jpg,0.451305,0.351368,0.0,False,n00604
fisherman_s_hall_wharf/west_to_east/007_n00603_E_F.jpg,0.313469,0.001699,0.0,False,n00603
fore_street/east_to_west/001_n00610_W_L.jpg,0.022576,0.34112,0.0,False,n00610
fore_street/east_to_west/001_n00610_W_R.jpg,0.038604,0.36344,0.0,False,n00610
fore_street/east_to_west/002_n00611_W_L.jpg,0.023171,0.333061,0.0,False,n00611
fore_street/east_to_west/002_n00611_W_R.jpg,0.032272,0.134958,0.0,False,n00611
fore_street/east_to_west/003_n00612_W_L.jpg,0.031005,0.396551,0.0,False,n00612
fore_street/east_to_west/003_n00612_W_R.jpg,0.04092,0.102036,0.0,False,n00612
fore_street/east_to_west/004_n00613_W_L.jpg,0.04631,0.380115,0.0,False,n00613
fore_street/east_to_west/004_n00613_W_R.jpg,0.084321,0.122534,0.0,False,n00613
fore_street/east_to_west/005_n00614_W_L.jpg,0.059061,0.270211,0.0,False,n00614
fore_street/east_to_west/005_n00614_W_R.jpg,0.210095,0.401372,0.0,False,n00614
fore_street/east_to_west/006_n00615_W_L.jpg,0.011256,0.336375,0.0,False,n00615
fore_street/east_to_west/006_n00615_W_R.jpg,0.006514,0.244806,0.0,False,n00615
fore_street/east_to_west/007_n00616_W_L.jpg,0.142347,0.304587,0.0,False,n00616
fore_street/east_to_west/007_n00616_W_R.jpg,0.109195,0.324716,0.0,False,n00616
fore_street/east_to_west/008_n00617_W_L.jpg,0.041052,0.30266,0.0,False,n00617
fore_street/east_to_west/008_n00617_W_R.jpg,0.051254,0.320063,0.0,False,n00617
fore_street/east_to_west/009_n00618_W_L.jpg,0.05343,0.290516,0.0,False,n00618
fore_street/east_to_west/009_n00618_W_R.jpg,0.090552,0.345507,0.0,False,n00618
fore_street/west_to_east/001_n00618_E_L.jpg,0.080479,0.306542,0.0,False,n00618
fore_street/west_to_east/001_n00618_E_R.jpg,0.007412,0.281057,0.0,False,n00618
fore_street/west_to_east/002_n00617_E_L.jpg,0.115888,0.312697,0.0,False,n00617
fore_street/west_to_east/002_n00617_E_R.jpg,0.007801,0.278702,0.0,False,n00617
fore_street/west_to_east/003_n00616_E_L.jpg,0.115206,0.341994,0.0,False,n00616
fore_street/west_to_east/003_n00616_E_R.jpg,0.011149,0.283743,0.0,False,n00616
fore_street/west_to_east/004_n00615_E_L.jpg,0.076821,0.228714,0.0,False,n00615
fore_street/west_to_east/004_n00615_E_R.jpg,0.023992,0.330029,0.0,False,n00615
fore_street/west_to_east/005_n00614_E_L.jpg,0.042227,0.217272,0.0,False,n00614
fore_street/west_to_east/005_n00614_E_R.jpg,0.0,0.313894,0.0,False,n00614
fore_street/west_to_east/006_n00613_E_L.jpg,0.0,0.152728,0.0,False,n00613
fore_street/west_to_east/006_n00613_E_R.jpg,0.0,0.371534,0.0,False,n00613
fore_street/west_to_east/007_n00612_E_L.jpg,0.0,0.135921,0.0,False,n00612
fore_street/west_to_east/007_n00612_E_R.jpg,0.006696,0.349914,0.0,False,n00612
fore_street/west_to_east/008_n00611_E_L.jpg,0.0,0.159002,0.0,False,n00611
fore_street/west_to_east/008_n00611_E_R.jpg,0.0,0.327003,0.0,False,n00611
fore_street/west_to_east/009_n00610_E_L.jpg,0.0,0.140886,0.0,False,n00610
fore_street/west_to_east/009_n00610_E_R.jpg,0.0,0.171791,0.0,False,n00610
fore_street_avenue/east_to_west/001_n00623_W_F.jpg,0.052491,0.239586,0.0,False,n00623
fore_street_avenue/east_to_west/002_n00622_W_L.jpg,0.0,0.132201,0.0,False,n00622
fore_street_avenue/east_to_west/002_n00622_W_R.jpg,0.00065,0.240392,0.0,False,n00622
fore_street_avenue/east_to_west/003_n00621_W_L.jpg,0.039574,0.1264,0.0,False,n00621
fore_street_avenue/east_to_west/003_n00621_W_R.jpg,0.0,0.0163,0.021396,True,n00621
fore_street_avenue/east_to_west/004_n00620_S_L.jpg,0.045943,0.200755,0.0,False,n00620
fore_street_avenue/east_to_west/004_n00620_S_R.jpg,0.00538,0.044025,0.0,False,n00620
fore_street_avenue/east_to_west/005_n00619_S_L.jpg,0.0,0.156772,0.0,False,n00619
fore_street_avenue/east_to_west/005_n00619_S_R.jpg,0.012014,0.339926,0.0,False,n00619
fore_street_avenue/west_to_east/001_n00619_N_L.jpg,0.049198,0.367856,0.0,False,n00619
fore_street_avenue/west_to_east/001_n00619_N_R.jpg,0.0,0.151526,0.0,False,n00619
fore_street_avenue/west_to_east/002_n00620_N_L.jpg,0.0,0.114235,0.0,False,n00620
fore_street_avenue/west_to_east/002_n00620_N_R.jpg,0.0,0.174394,0.0,False,n00620
fore_street_avenue/west_to_east/003_n00621_E_L.jpg,0.000948,0.126915,0.0,False,n00621
fore_street_avenue/west_to_east/003_n00621_E_R.jpg,0.036139,0.333701,0.0,False,n00621
fore_street_avenue/west_to_east/004_n00622_E_L.jpg,0.012169,0.231477,0.1246,False,n00622
fore_street_avenue/west_to_east/004_n00622_E_R.jpg,0.012773,0.118416,0.0,False,n00622
fore_street_avenue/west_to_east/005_n00623_E_F.jpg,0.029625,0.008487,0.0,False,n00623
foster_lane/north_to_south/001_n00632_S_L.jpg,0.058517,0.25606,0.0,False,n00632
foster_lane/north_to_south/001_n00632_S_R.jpg,0.045823,0.066571,0.0,False,n00632
foster_lane/north_to_south/002_n00631_S_L.jpg,0.057775,0.181601,0.0,False,n00631
foster_lane/north_to_south/002_n00631_S_R.jpg,0.02631,0.183234,0.0,False,n00631
foster_lane/north_to_south/003_n00630_S_L.jpg,0.040449,0.262111,0.0,False,n00630
foster_lane/north_to_south/003_n00630_S_R.jpg,0.010194,0.131954,0.0,False,n00630
foster_lane/north_to_south/004_n00629_S_L.jpg,0.065307,0.184797,0.0,False,n00629
foster_lane/north_to_south/004_n00629_S_R.jpg,0.0,0.217361,0.0,False,n00629
foster_lane/north_to_south/005_n00628_S_L.jpg,0.030324,0.131541,0.0,False,n00628
foster_lane/north_to_south/005_n00628_S_R.jpg,0.030131,0.204494,0.0,False,n00628
foster_lane/north_to_south/006_n00627_S_L.jpg,0.020204,0.101357,0.0,False,n00627
foster_lane/north_to_south/006_n00627_S_R.jpg,0.037771,0.211608,0.0,False,n00627
foster_lane/north_to_south/007_n00626_S_L.jpg,0.012758,0.118905,0.0,False,n00626
foster_lane/north_to_south/007_n00626_S_R.jpg,0.074953,0.096089,0.0,False,n00626
foster_lane/north_to_south/008_n00625_S_L.jpg,0.096844,0.163718,0.0,False,n00625
foster_lane/north_to_south/008_n00625_S_R.jpg,0.158273,0.047785,0.0,False,n00625
foster_lane/north_to_south/009_n00624_S_L.jpg,0.096894,0.352169,0.0,False,n00624
foster_lane/north_to_south/009_n00624_S_R.jpg,0.193888,0.327585,0.0,False,n00624
foster_lane/south_to_north/001_n00624_N_L.jpg,0.108834,0.271923,0.0,False,n00624
foster_lane/south_to_north/001_n00624_N_R.jpg,0.046636,0.161618,0.0,False,n00624
foster_lane/south_to_north/002_n00625_N_L.jpg,0.062608,0.291473,0.0,False,n00625
foster_lane/south_to_north/002_n00625_N_R.jpg,0.103113,0.178992,0.0,False,n00625
foster_lane/south_to_north/003_n00626_N_L.jpg,0.034157,0.123429,0.0,False,n00626
foster_lane/south_to_north/003_n00626_N_R.jpg,0.043969,0.111417,0.0,False,n00626
foster_lane/south_to_north/004_n00627_N_L.jpg,0.038096,0.197461,0.0,False,n00627
foster_lane/south_to_north/004_n00627_N_R.jpg,0.027957,0.07025,0.0,False,n00627
foster_lane/south_to_north/005_n00628_N_L.jpg,0.024323,0.242579,0.0,False,n00628
foster_lane/south_to_north/005_n00628_N_R.jpg,0.031635,0.10558,0.0,False,n00628
foster_lane/south_to_north/006_n00629_N_L.jpg,0.059897,0.272303,0.0,False,n00629
foster_lane/south_to_north/006_n00629_N_R.jpg,0.05317,0.105068,0.0,False,n00629
foster_lane/south_to_north/007_n00630_N_L.jpg,0.059689,0.154768,0.0,False,n00630
foster_lane/south_to_north/007_n00630_N_R.jpg,0.050503,0.226535,0.0,False,n00630
foster_lane/south_to_north/008_n00631_N_L.jpg,0.055954,0.277029,0.0,False,n00631
foster_lane/south_to_north/008_n00631_N_R.jpg,0.061795,0.188122,0.0,False,n00631
foster_lane/south_to_north/009_n00632_N_L.jpg,0.080918,0.107967,0.0,False,n00632
foster_lane/south_to_north/009_n00632_N_R.jpg,0.096116,0.220228,0.0,False,n00632
frederick_s_place/east_to_west/001_n00633_W_L.jpg,0.080961,0.266536,0.0,False,n00633
frederick_s_place/east_to_west/001_n00633_W_R.jpg,0.055455,0.321778,0.0,False,n00633
frederick_s_place/east_to_west/002_n00634_W_L.jpg,0.065479,0.282583,0.0,False,n00634
frederick_s_place/east_to_west/002_n00634_W_R.jpg,0.04038,0.142678,0.0,False,n00634
frederick_s_place/east_to_west/003_n00635_W_L.jpg,0.009829,0.152372,0.0,False,n00635
frederick_s_place/east_to_west/003_n00635_W_R.jpg,0.003971,0.034817,0.0,False,n00635
frederick_s_place/west_to_east/001_n00635_E_L.jpg,0.049406,0.254606,0.0,False,n00635
frederick_s_place/west_to_east/001_n00635_E_R.jpg,0.037267,0.158448,0.0,False,n00635
frederick_s_place/west_to_east/002_n00634_E_L.jpg,0.006676,0.004365,0.0,False,n00634
frederick_s_place/west_to_east/002_n00634_E_R.jpg,0.008879,0.157291,0.0,False,n00634
frederick_s_place/west_to_east/003_n00633_E_L.jpg,0.080912,0.306905,0.0,False,n00633
frederick_s_place/west_to_east/003_n00633_E_R.jpg,0.03774,0.272335,0.0,False,n00633
friday_street/north_to_south/001_n00640_S_L.jpg,0.141984,0.325885,0.0,False,n00640
friday_street/north_to_south/001_n00640_S_R.jpg,0.097119,0.366301,0.0,False,n00640
friday_street/north_to_south/002_n00639_S_L.jpg,0.126879,0.287083,0.0,False,n00639
friday_street/north_to_south/002_n00639_S_R.jpg,0.057329,0.077658,0.0,False,n00639
friday_street/north_to_south/003_n00638_S_L.jpg,0.23357,0.380112,0.0,False,n00638
friday_street/north_to_south/003_n00638_S_R.jpg,0.043397,0.126408,0.0,False,n00638
friday_street/north_to_south/004_n00637_S_L.jpg,0.366935,0.40043,0.0,False,n00637
friday_street/north_to_south/004_n00637_S_R.jpg,0.137701,0.166516,0.0,False,n00637
friday_street/north_to_south/005_n00636_S_L.jpg,0.170123,0.250371,0.0,False,n00636
friday_street/north_to_south/005_n00636_S_R.jpg,0.22869,0.320121,0.0,False,n00636
friday_street/south_to_north/001_n00636_N_L.jpg,0.160193,0.417013,0.0,False,n00636
friday_street/south_to_north/001_n00636_N_R.jpg,0.324228,0.462852,0.0,False,n00636
friday_street/south_to_north/002_n00637_N_L.jpg,0.071909,0.197501,0.0,False,n00637
friday_street/south_to_north/002_n00637_N_R.jpg,0.184214,0.377448,0.0,False,n00637
friday_street/south_to_north/003_n00638_N_L.jpg,0.096814,0.230404,0.0,False,n00638
friday_street/south_to_north/003_n00638_N_R.jpg,0.100934,0.368062,0.0,False,n00638
friday_street/south_to_north/004_n00639_N_L.jpg,0.046972,0.168361,0.0,False,n00639
friday_street/south_to_north/004_n00639_N_R.jpg,0.155648,0.351007,0.0,False,n00639
friday_street/south_to_north/005_n00640_N_L.jpg,0.202519,0.413654,0.0,False,n00640
friday_street/south_to_north/005_n00640_N_R.jpg,0.131515,0.408715,0.0,False,n00640
fyefoot_lane/north_to_south/001_n00643_S_F.jpg,0.033631,0.000203,0.0,False,n00643
fyefoot_lane/north_to_south/002_n00642_S_F.jpg,0.00504,0.0,0.0,False,n00642
fyefoot_lane/north_to_south/003_n00641_S_F.jpg,0.132565,0.011159,0.0,False,n00641
fyefoot_lane/south_to_north/001_n00641_N_F.jpg,0.004489,0.012347,0.0,False,n00641
fyefoot_lane/south_to_north/002_n00642_N_F.jpg,0.026212,0.001031,0.0,False,n00642
fyefoot_lane/south_to_north/003_n00643_N_F.jpg,0.265898,0.064291,0.0,False,n00643
gardner_s_lane/north_to_south/001_n00646_S_L.jpg,0.0,0.0,0.0,False,n00646
gardner_s_lane/north_to_south/001_n00646_S_R.jpg,0.0,0.0,0.0,False,n00646
gardner_s_lane/north_to_south/002_n00645_S_L.jpg,0.0,6e-05,0.0,False,n00645
gardner_s_lane/north_to_south/002_n00645_S_R.jpg,0.0,0.006592,0.0,False,n00645
gardner_s_lane/north_to_south/003_n00644_S_L.jpg,0.0,0.0,0.0,False,n00644
gardner_s_lane/north_to_south/003_n00644_S_R.jpg,0.0,0.0,0.0,False,n00644
gardner_s_lane/south_to_north/001_n00644_N_L.jpg,0.020456,0.08283,0.0,False,n00644
gardner_s_lane/south_to_north/001_n00644_N_R.jpg,0.011579,0.284946,0.0,False,n00644
gardner_s_lane/south_to_north/002_n00645_N_L.jpg,0.034586,0.220826,0.0,False,n00645
gardner_s_lane/south_to_north/002_n00645_N_R.jpg,0.0,0.0,0.0,False,n00645
gardner_s_lane/south_to_north/003_n00646_N_L.jpg,0.0,0.0,0.0,False,n00646
gardner_s_lane/south_to_north/003_n00646_N_R.jpg,0.0,0.0,0.000177,False,n00646
garlick_hill/north_to_south/001_n00653_S_L.jpg,0.117304,0.344112,0.0,False,n00653
garlick_hill/north_to_south/001_n00653_S_R.jpg,0.164057,0.335586,0.0,False,n00653
garlick_hill/north_to_south/002_n00652_S_L.jpg,0.001556,0.06027,0.0,False,n00652
garlick_hill/north_to_south/002_n00652_S_R.jpg,0.05474,0.187898,0.0,False,n00652
garlick_hill/north_to_south/003_n00651_S_L.jpg,0.056909,0.195994,0.0,False,n00651
garlick_hill/north_to_south/003_n00651_S_R.jpg,0.044029,0.240033,0.0,False,n00651
garlick_hill/north_to_south/004_n00650_S_L.jpg,0.027829,0.043628,0.0,False,n00650
garlick_hill/north_to_south/004_n00650_S_R.jpg,0.072707,0.091982,0.0,False,n00650
garlick_hill/north_to_south/005_n00649_S_L.jpg,0.0,0.048314,0.274358,False,n00649
garlick_hill/north_to_south/005_n00649_S_R.jpg,0.0,0.196838,0.394891,False,n00649
garlick_hill/north_to_south/006_n00648_S_L.jpg,0.017297,0.117073,0.0,False,n00648
garlick_hill/north_to_south/006_n00648_S_R.jpg,0.062104,0.081301,0.0,False,n00648
garlick_hill/north_to_south/007_n00647_S_L.jpg,0.059716,0.092866,0.0,False,n00647
garlick_hill/north_to_south/007_n00647_S_R.jpg,0.242241,0.200888,0.0,False,n00647
garlick_hill/south_to_north/001_n00647_N_L.jpg,0.059285,0.278969,0.0,False,n00647
garlick_hill/south_to_north/001_n00647_N_R.jpg,0.043795,0.108552,0.0,False,n00647
garlick_hill/south_to_north/002_n00648_N_L.jpg,0.024321,0.071088,0.0,False,n00648
garlick_hill/south_to_north/002_n00648_N_R.jpg,0.047359,0.101621,0.0,False,n00648
garlick_hill/south_to_north/003_n00649_N_L.jpg,0.0,0.168419,0.392752,False,n00649
garlick_hill/south_to_north/003_n00649_N_R.jpg,0.0,0.146411,0.250139,False,n00649
garlick_hill/south_to_north/004_n00650_N_L.jpg,0.003079,0.041038,0.0,False,n00650
garlick_hill/south_to_north/004_n00650_N_R.jpg,0.04431,0.1112,0.0,False,n00650
garlick_hill/south_to_north/005_n00651_N_L.jpg,0.025691,0.032024,0.0,False,n00651
garlick_hill/south_to_north/005_n00651_N_R.jpg,0.073658,0.317339,0.0,False,n00651
garlick_hill/south_to_north/006_n00652_N_L.jpg,0.034162,0.142008,0.0,False,n00652
garlick_hill/south_to_north/006_n00652_N_R.jpg,0.05434,0.120024,0.0,False,n00652
garlick_hill/south_to_north/007_n00653_N_L.jpg,0.229602,0.45441,0.0,False,n00653
garlick_hill/south_to_north/007_n00653_N_R.jpg,0.268152,0.434455,0.0,False,n00653
george_yard/north_to_south/001_n00656_S_L.jpg,0.019401,0.28926,0.0,False,n00656
george_yard/north_to_south/001_n00656_S_R.jpg,0.023105,0.062568,0.0,False,n00656
george_yard/north_to_south/002_n00655_S_L.jpg,0.004034,0.172602,0.0,False,n00655
george_yard/north_to_south/002_n00655_S_R.jpg,0.018851,0.179909,0.0,False,n00655
george_yard/north_to_south/003_n00654_S_L.jpg,0.041031,0.333778,0.0,False,n00654
george_yard/north_to_south/003_n00654_S_R.jpg,0.028156,0.329733,0.0,False,n00654
george_yard/south_to_north/001_n00654_N_L.jpg,0.067254,0.138568,0.0,False,n00654
george_yard/south_to_north/001_n00654_N_R.jpg,0.041513,0.291227,0.0,False,n00654
george_yard/south_to_north/002_n00655_N_L.jpg,0.044182,0.200696,0.0,False,n00655
george_yard/south_to_north/002_n00655_N_R.jpg,0.041125,0.137531,0.0,False,n00655
george_yard/south_to_north/003_n00656_N_L.jpg,0.02654,0.12189,0.0,False,n00656
george_yard/south_to_north/003_n00656_N_R.jpg,0.051725,0.003778,0.0,False,n00656
globe_view_walkway/east_to_west/001_n00663_S_F.jpg,0.0,0.068563,0.0,False,n00663
globe_view_walkway/east_to_west/002_n00662_S_F.jpg,0.018372,0.013251,0.406408,False,n00662
globe_view_walkway/east_to_west/003_n00661_W_F.jpg,0.22325,0.0,0.0,False,n00661
globe_view_walkway/east_to_west/004_n00660_W_F.jpg,0.009991,0.005391,0.0,False,n00660
globe_view_walkway/east_to_west/005_n00659_S_F.jpg,0.0,0.0,0.273796,True,n00659
globe_view_walkway/east_to_west/006_n00658_S_F.jpg,0.021219,0.0,0.336203,False,n00658
globe_view_walkway/east_to_west/007_n00657_W_F.jpg,0.036983,0.0,0.0,False,n00657
globe_view_walkway/west_to_east/001_n00657_E_F.jpg,0.063995,0.0,0.205797,False,n00657
globe_view_walkway/west_to_east/002_n00658_N_F.jpg,0.0,0.0,0.28695,True,n00658
globe_view_walkway/west_to_east/003_n00659_N_F.jpg,0.0,0.0,0.274914,True,n00659
globe_view_walkway/west_to_east/004_n00660_E_F.jpg,0.163324,0.0,0.0,False,n00660
globe_view_walkway/west_to_east/005_n00661_E_F.jpg,0.012075,0.0,0.0,False,n00661
globe_view_walkway/west_to_east/006_n00662_N_F.jpg,0.0,0.0,0.40902,True,n00662
globe_view_walkway/west_to_east/007_n00663_N_F.jpg,0.060679,0.154766,0.0,False,n00663
goldsmith_street/east_to_west/001_n00664_W_L.jpg,0.040111,0.021307,0.0,False,n00664
goldsmith_street/east_to_west/001_n00664_W_R.jpg,0.087044,0.023137,0.0,False,n00664
goldsmith_street/east_to_west/002_n00665_W_L.jpg,0.024194,0.112099,0.0,False,n00665
goldsmith_street/east_to_west/002_n00665_W_R.jpg,0.028809,0.19598,0.0,False,n00665
goldsmith_street/east_to_west/003_n00666_W_L.jpg,0.0,0.135301,0.0,False,n00666
goldsmith_street/east_to_west/003_n00666_W_R.jpg,0.0,0.254594,0.0,False,n00666
goldsmith_street/west_to_east/001_n00666_E_L.jpg,0.039405,0.144845,0.0,False,n00666
goldsmith_street/west_to_east/001_n00666_E_R.jpg,0.025134,0.123689,0.0,False,n00666
goldsmith_street/west_to_east/002_n00665_E_L.jpg,0.051415,0.167057,0.0,False,n00665
goldsmith_street/west_to_east/002_n00665_E_R.jpg,0.016279,0.093033,0.0,False,n00665
goldsmith_street/west_to_east/003_n00664_E_L.jpg,0.008278,0.019525,0.0,False,n00664
goldsmith_street/west_to_east/003_n00664_E_R.jpg,0.044105,0.237297,0.0,False,n00664
gophir_lane/east_to_west/001_n00667_W_L.jpg,0.013802,0.09917,0.0,False,n00667
gophir_lane/east_to_west/001_n00667_W_R.jpg,0.012308,0.314255,0.0,False,n00667
gophir_lane/east_to_west/002_n00668_W_L.jpg,5.4e-05,0.151847,0.0,False,n00668
gophir_lane/east_to_west/002_n00668_W_R.jpg,0.0,0.296463,0.0,False,n00668
gophir_lane/west_to_east/001_n00668_E_L.jpg,0.052596,0.295444,0.0,False,n00668
gophir_lane/west_to_east/001_n00668_E_R.jpg,0.067674,0.09407,0.0,False,n00668
gophir_lane/west_to_east/002_n00667_E_L.jpg,0.007048,0.281891,0.0,False,n00667
gophir_lane/west_to_east/002_n00667_E_R.jpg,0.078787,0.369629,0.0,False,n00667
gracechurch_street/north_to_south/001_n00675_W_L.jpg,0.24232,0.253466,0.0,False,n00675
gracechurch_street/north_to_south/001_n00675_W_R.jpg,0.056366,0.249899,0.0,False,n00675
gracechurch_street/north_to_south/002_n00692_S_L.jpg,0.251308,0.314627,0.0,False,n00692
gracechurch_street/north_to_south/002_n00692_S_R.jpg,0.055586,0.192953,0.0,False,n00692
gracechurch_street/north_to_south/003_n00691_S_L.jpg,0.221764,0.323345,0.0,False,n00691
gracechurch_street/north_to_south/003_n00691_S_R.jpg,0.060263,0.153195,0.0,False,n00691
gracechurch_street/north_to_south/004_n00673_W_L.jpg,0.137958,0.193516,0.0,False,n00673
gracechurch_street/north_to_south/004_n00673_W_R.jpg,0.104491,0.184014,0.0,False,n00673
gracechurch_street/north_to_south/005_n00671_W_L.jpg,0.090986,0.24697,0.0,False,n00671
gracechurch_street/north_to_south/005_n00671_W_R.jpg,0.148956,0.37801,0.0,False,n00671
gracechurch_street/north_to_south/006_n00690_S_L.jpg,0.076924,0.334938,0.0,False,n00690
gracechurch_street/north_to_south/006_n00690_S_R.jpg,0.043653,0.163644,0.0,False,n00690
gracechurch_street/north_to_south/007_n00689_S_L.jpg,0.079917,0.359367,0.0,False,n00689
gracechurch_street/north_to_south/007_n00689_S_R.jpg,0.048594,0.267639,0.0,False,n00689
gracechurch_street/north_to_south/008_n00669_W_L.jpg,0.173006,0.410336,0.0,False,n00669
gracechurch_street/north_to_south/008_n00669_W_R.jpg,0.125412,0.264094,0.0,False,n00669
gracechurch_street/north_to_south/009_n00688_S_L.jpg,0.078829,0.325981,0.0,False,n00688
gracechurch_street/north_to_south/009_n00688_S_R.jpg,0.044861,0.15579,0.0,False,n00688
gracechurch_street/north_to_south/010_n00687_S_L.jpg,0.082748,0.304284,0.0,False,n00687
gracechurch_street/north_to_south/010_n00687_S_R.jpg,0.05149,0.22072,0.0,False,n00687
gracechurch_street/north_to_south/011_n00686_S_L.jpg,0.07888,0.311616,0.0,False,n00686
gracechurch_street/north_to_south/011_n00686_S_R.jpg,0.078024,0.143878,0.0,False,n00686
gracechurch_street/north_to_south/012_n00685_S_L.jpg,0.11921,0.362859,0.0,False,n00685
gracechurch_street/north_to_south/012_n00685_S_R.jpg,0.089797,0.294052,0.0,False,n00685
gracechurch_street/north_to_south/013_n00684_S_L.jpg,0.122385,0.424528,0.0,False,n00684
gracechurch_street/north_to_south/013_n00684_S_R.jpg,0.098862,0.379119,0.0,False,n00684
gracechurch_street/north_to_south/014_n00683_S_L.jpg,0.124801,0.36264,0.0,False,n00683
gracechurch_street/north_to_south/014_n00683_S_R.jpg,0.0,0.0,0.0,False,n00683
gracechurch_street/north_to_south/015_n00682_S_L.jpg,0.014562,0.223461,0.0,False,n00682
gracechurch_street/north_to_south/015_n00682_S_R.jpg,0.12398,0.378559,0.0,False,n00682
gracechurch_street/north_to_south/016_n00681_S_L.jpg,0.047836,0.312532,0.0,False,n00681
gracechurch_street/north_to_south/016_n00681_S_R.jpg,0.083246,0.362449,0.0,False,n00681
gracechurch_street/north_to_south/017_n00680_S_L.jpg,0.016104,0.160665,0.0,False,n00680
gracechurch_street/north_to_south/017_n00680_S_R.jpg,0.148441,0.354303,0.0,False,n00680
gracechurch_street/north_to_south/018_n00679_S_L.jpg,0.094349,0.265894,0.0,False,n00679
gracechurch_street/north_to_south/018_n00679_S_R.jpg,0.144687,0.34324,0.0,False,n00679
gracechurch_street/north_to_south/019_n00678_S_L.jpg,0.146777,0.201013,0.0,False,n00678
gracechurch_street/north_to_south/019_n00678_S_R.jpg,0.200539,0.178151,0.0,False,n00678
gracechurch_street/north_to_south/020_n00677_S_L.jpg,0.184772,0.34433,0.0,False,n00677
gracechurch_street/north_to_south/020_n00677_S_R.jpg,0.127179,0.357981,0.0,False,n00677
gracechurch_street/north_to_south/021_n00676_N_L.jpg,0.01613,0.356618,0.0,False,n00676
gracechurch_street/north_to_south/021_n00676_N_R.jpg,0.078054,0.334632,0.0,False,n00676
gracechurch_street/north_to_south/022_n00674_W_L.jpg,0.035477,0.345995,0.0,False,n00674
gracechurch_street/north_to_south/022_n00674_W_R.jpg,0.179227,0.31779,0.0,False,n00674
gracechurch_street/north_to_south/023_n00672_W_F.jpg,0.126504,0.192692,0.0,False,n00672
gracechurch_street/north_to_south/024_n00670_W_L.jpg,0.152642,0.354934,0.0,False,n00670
gracechurch_street/north_to_south/024_n00670_W_R.jpg,0.159238,0.41025,0.0,False,n00670
gracechurch_street/south_to_north/001_n00669_E_L.jpg,0.021728,0.10488,0.0,False,n00669
gracechurch_street/south_to_north/001_n00669_E_R.jpg,0.153236,0.412402,0.0,False,n00669
gracechurch_street/south_to_north/002_n00670_E_L.jpg,0.05015,0.411925,0.0,False,n00670
gracechurch_street/south_to_north/002_n00670_E_R.jpg,0.10123,0.400629,0.0,False,n00670
gracechurch_street/south_to_north/003_n00671_E_L.jpg,0.055877,0.310127,0.0,False,n00671
gracechurch_street/south_to_north/003_n00671_E_R.jpg,0.175528,0.377422,0.0,False,n00671
gracechurch_street/south_to_north/004_n00672_E_F.jpg,0.101756,0.183886,0.0,False,n00672
gracechurch_street/south_to_north/005_n00673_E_L.jpg,0.048393,0.136165,0.0,False,n00673
gracechurch_street/south_to_north/005_n00673_E_R.jpg,0.153386,0.246872,0.0,False,n00673
gracechurch_street/south_to_north/006_n00674_E_L.jpg,0.072879,0.234281,0.0,False,n00674
gracechurch_street/south_to_north/006_n00674_E_R.jpg,0.17414,0.327539,0.0,False,n00674
gracechurch_street/south_to_north/007_n00675_E_L.jpg,0.076089,0.295258,0.0,False,n00675
gracechurch_street/south_to_north/007_n00675_E_R.jpg,0.003146,0.262862,0.0,False,n00675
gracechurch_street/south_to_north/008_n00676_S_L.jpg,0.077841,0.252101,0.0,False,n00676
gracechurch_street/south_to_north/008_n00676_S_R.jpg,0.237904,0.295012,0.0,False,n00676
gracechurch_street/south_to_north/009_n00677_N_L.jpg,0.127097,0.343967,0.0,False,n00677
gracechurch_street/south_to_north/009_n00677_N_R.jpg,0.056175,0.040511,0.0,False,n00677
gracechurch_street/south_to_north/010_n00678_N_L.jpg,0.042904,0.415419,0.0,False,n00678
gracechurch_street/south_to_north/010_n00678_N_R.jpg,0.062667,0.131089,0.0,False,n00678
gracechurch_street/south_to_north/011_n00679_N_L.jpg,0.06823,0.354823,0.0,False,n00679
gracechurch_street/south_to_north/011_n00679_N_R.jpg,0.021115,0.300775,0.0,False,n00679
gracechurch_street/south_to_north/012_n00680_N_L.jpg,0.030093,0.359736,0.0,False,n00680
gracechurch_street/south_to_north/012_n00680_N_R.jpg,0.050056,0.26658,0.0,False,n00680
gracechurch_street/south_to_north/013_n00681_N_L.jpg,0.047355,0.386727,0.0,False,n00681
gracechurch_street/south_to_north/013_n00681_N_R.jpg,0.019814,0.309385,0.0,False,n00681
gracechurch_street/south_to_north/014_n00682_N_L.jpg,0.013993,0.270808,0.0,False,n00682
gracechurch_street/south_to_north/014_n00682_N_R.jpg,0.027849,0.28579,0.0,False,n00682
gracechurch_street/south_to_north/015_n00683_N_L.jpg,0.0,0.126666,0.0,False,n00683
gracechurch_street/south_to_north/015_n00683_N_R.jpg,0.094349,0.26345,0.0,False,n00683
gracechurch_street/south_to_north/016_n00684_N_L.jpg,0.023263,0.321001,0.0,False,n00684
gracechurch_street/south_to_north/016_n00684_N_R.jpg,0.009594,0.258941,0.0,False,n00684
gracechurch_street/south_to_north/017_n00685_N_L.jpg,0.032942,0.286478,0.0,False,n00685
gracechurch_street/south_to_north/017_n00685_N_R.jpg,0.008041,0.312177,0.0,False,n00685
gracechurch_street/south_to_north/018_n00686_N_L.jpg,0.056551,0.192638,0.0,False,n00686
gracechurch_street/south_to_north/018_n00686_N_R.jpg,0.035714,0.255101,0.0,False,n00686
gracechurch_street/south_to_north/019_n00687_N_L.jpg,0.044703,0.264418,0.0,False,n00687
gracechurch_street/south_to_north/019_n00687_N_R.jpg,0.004807,0.337742,0.0,False,n00687
gracechurch_street/south_to_north/020_n00688_N_L.jpg,0.03787,0.251027,0.0,False,n00688
gracechurch_street/south_to_north/020_n00688_N_R.jpg,0.000514,0.363844,0.0,False,n00688
gracechurch_street/south_to_north/021_n00689_N_L.jpg,0.032534,0.253844,0.0,False,n00689
gracechurch_street/south_to_north/021_n00689_N_R.jpg,0.002367,0.3634,0.0,False,n00689
gracechurch_street/south_to_north/022_n00690_N_L.jpg,0.036281,0.150652,0.0,False,n00690
gracechurch_street/south_to_north/022_n00690_N_R.jpg,0.012664,0.344296,0.0,False,n00690
gracechurch_street/south_to_north/023_n00691_N_L.jpg,0.034807,0.183029,0.0,False,n00691
gracechurch_street/south_to_north/023_n00691_N_R.jpg,0.086468,0.292652,0.0,False,n00691
gracechurch_street/south_to_north/024_n00692_N_L.jpg,0.039285,0.290684,0.0,False,n00692
gracechurch_street/south_to_north/024_n00692_N_R.jpg,0.105221,0.367964,0.0,False,n00692
great_bell_alley/east_to_west/001_n00693_W_F.jpg,0.026187,0.000204,0.0,False,n00693
great_bell_alley/east_to_west/002_n00694_W_F.jpg,0.017966,0.000307,0.0,False,n00694
great_bell_alley/west_to_east/001_n00694_E_F.jpg,0.022054,0.001051,0.0,False,n00694
great_bell_alley/west_to_east/002_n00693_E_F.jpg,0.113613,0.28759,0.0,False,n00693
great_st_helens/east_to_west/001_n00695_W_L.jpg,0.0,0.0,0.0,False,n00695
great_st_helens/east_to_west/001_n00695_W_R.jpg,0.066815,0.003863,0.0,False,n00695
great_st_helens/east_to_west/002_n00696_W_L.jpg,0.00028,0.0,0.0,False,n00696
great_st_helens/east_to_west/002_n00696_W_R.jpg,0.055975,0.119759,0.0,False,n00696
great_st_helens/east_to_west/003_n00697_W_L.jpg,0.0,0.016106,0.0,False,n00697
great_st_helens/east_to_west/003_n00697_W_R.jpg,0.006371,0.222235,0.0,False,n00697
great_st_helens/east_to_west/004_n00698_W_L.jpg,0.151883,0.158311,0.0,False,n00698
great_st_helens/east_to_west/004_n00698_W_R.jpg,0.005388,0.310045,0.0,False,n00698
great_st_helens/west_to_east/001_n00698_E_L.jpg,0.0,0.209007,0.0,False,n00698
great_st_helens/west_to_east/001_n00698_E_R.jpg,0.0,1.5e-05,0.29631,True,n00698
great_st_helens/west_to_east/002_n00697_E_L.jpg,0.021456,0.306597,0.0,False,n00697
great_st_helens/west_to_east/002_n00697_E_R.jpg,0.0,0.125629,0.0,False,n00697
great_st_helens/west_to_east/003_n00696_E_L.jpg,0.139193,0.101981,0.0,False,n00696
great_st_helens/west_to_east/003_n00696_E_R.jpg,0.0,0.0,0.0,False,n00696
great_st_helens/west_to_east/004_n00695_E_L.jpg,0.087693,0.039354,0.0,False,n00695
great_st_helens/west_to_east/004_n00695_E_R.jpg,0.012844,0.007671,0.0,False,n00695
great_st_thomas_apostle/east_to_west/001_n00699_W_L.jpg,0.116994,0.343172,0.0,False,n00699
great_st_thomas_apostle/east_to_west/001_n00699_W_R.jpg,0.070368,0.106309,0.0,False,n00699
great_st_thomas_apostle/east_to_west/002_n00700_W_L.jpg,0.019643,0.077577,0.0,False,n00700
great_st_thomas_apostle/east_to_west/002_n00700_W_R.jpg,0.01905,0.074481,0.0,False,n00700
great_st_thomas_apostle/east_to_west/003_n00701_W_L.jpg,0.022451,0.086901,0.0,False,n00701
great_st_thomas_apostle/east_to_west/003_n00701_W_R.jpg,0.018809,0.066444,0.0,False,n00701
great_st_thomas_apostle/east_to_west/004_n00702_W_L.jpg,0.033264,0.074546,0.0,False,n00702
great_st_thomas_apostle/east_to_west/004_n00702_W_R.jpg,0.0,0.071482,0.0,False,n00702
great_st_thomas_apostle/west_to_east/001_n00702_E_L.jpg,0.023477,0.081768,0.0,False,n00702
great_st_thomas_apostle/west_to_east/001_n00702_E_R.jpg,0.022001,0.055678,0.0,False,n00702
great_st_thomas_apostle/west_to_east/002_n00701_E_L.jpg,0.019932,0.060403,0.0,False,n00701
great_st_thomas_apostle/west_to_east/002_n00701_E_R.jpg,0.026402,0.070393,0.0,False,n00701
great_st_thomas_apostle/west_to_east/003_n00700_E_L.jpg,0.039453,0.075692,0.0,False,n00700
great_st_thomas_apostle/west_to_east/003_n00700_E_R.jpg,0.051279,0.068024,0.0,False,n00700
great_st_thomas_apostle/west_to_east/004_n00699_E_L.jpg,0.060037,0.114627,0.0,False,n00699
great_st_thomas_apostle/west_to_east/004_n00699_E_R.jpg,0.103708,0.071167,0.0,False,n00699
great_swan_alley/east_to_west/001_n00703_W_F.jpg,0.07507,0.169779,0.0,False,n00703
great_swan_alley/east_to_west/002_n00704_W_L.jpg,0.017893,0.154276,0.0,False,n00704
great_swan_alley/east_to_west/002_n00704_W_R.jpg,0.022267,0.157425,0.0,False,n00704
great_swan_alley/east_to_west/003_n00705_W_L.jpg,0.055393,0.203361,0.0,False,n00705
great_swan_alley/east_to_west/003_n00705_W_R.jpg,0.021117,0.107847,0.0,False,n00705
great_swan_alley/east_to_west/004_n00706_W_L.jpg,0.021267,0.171382,0.0,False,n00706
great_swan_alley/east_to_west/004_n00706_W_R.jpg,0.015693,0.12451,0.0,False,n00706
great_swan_alley/east_to_west/005_n00707_W_L.jpg,0.103088,0.101584,0.0,False,n00707
great_swan_alley/east_to_west/005_n00707_W_R.jpg,0.041786,0.371403,0.0,False,n00707
great_swan_alley/east_to_west/006_n00708_W_L.jpg,0.113006,0.061799,0.0,False,n00708
great_swan_alley/east_to_west/006_n00708_W_R.jpg,0.091881,0.197484,0.0,False,n00708
great_swan_alley/east_to_west/007_n00709_W_F.jpg,0.00231,0.0,0.094894,True,n00709
great_swan_alley/east_to_west/008_n00710_W_L.jpg,0.0,0.039767,0.0,False,n00710
great_swan_alley/east_to_west/008_n00710_W_R.jpg,0.0,0.058077,0.0,False,n00710
great_swan_alley/west_to_east/001_n00705_E_L.jpg,0.000133,0.164992,0.0,False,n00705
great_swan_alley/west_to_east/001_n00705_E_R.jpg,0.0,0.133213,0.0,False,n00705
great_swan_alley/west_to_east/002_n00710_E_L.jpg,0.0,0.0,0.075582,True,n00710
great_swan_alley/west_to_east/002_n00710_E_R.jpg,0.003825,0.098184,0.07083,False,n00710
great_swan_alley/west_to_east/003_n00709_E_F.jpg,0.0,0.0,0.198653,True,n00709
great_swan_alley/west_to_east/004_n00703_E_F.jpg,0.039871,0.283614,0.0,False,n00703
great_swan_alley/west_to_east/005_n00708_E_L.jpg,0.059427,0.27541,0.0,False,n00708
great_swan_alley/west_to_east/005_n00708_E_R.jpg,0.072298,0.255045,0.0,False,n00708
great_swan_alley/west_to_east/006_n00707_E_L.jpg,0.062109,0.051188,0.0,False,n00707
great_swan_alley/west_to_east/006_n00707_E_R.jpg,0.046284,0.28258,0.0,False,n00707
great_swan_alley/west_to_east/007_n00706_E_L.jpg,0.035939,0.217452,0.0,False,n00706
great_swan_alley/west_to_east/007_n00706_E_R.jpg,0.012024,0.122467,0.0,False,n00706
great_swan_alley/west_to_east/008_n00704_E_L.jpg,0.028219,0.120941,0.0,False,n00704
great_swan_alley/west_to_east/008_n00704_E_R.jpg,0.016499,0.142992,0.0,False,n00704
great_tower_street/east_to_west/001_n00711_W_L.jpg,0.332133,0.401569,0.0,False,n00711
great_tower_street/east_to_west/001_n00711_W_R.jpg,0.192376,0.430648,0.0,False,n00711
great_tower_street/east_to_west/002_n00712_W_L.jpg,0.232238,0.291995,0.0,False,n00712
great_tower_street/east_to_west/002_n00712_W_R.jpg,0.111022,0.19041,0.0,False,n00712
great_tower_street/east_to_west/003_n00713_W_L.jpg,0.143055,0.36235,0.0,False,n00713
great_tower_street/east_to_west/003_n00713_W_R.jpg,0.114681,0.361751,0.0,False,n00713
great_tower_street/east_to_west/004_n00714_W_L.jpg,0.087284,0.262316,0.0,False,n00714
great_tower_street/east_to_west/004_n00714_W_R.jpg,0.052771,0.177894,0.0,False,n00714
great_tower_street/east_to_west/005_n00715_W_L.jpg,0.106819,0.405466,0.0,False,n00715
great_tower_street/east_to_west/005_n00715_W_R.jpg,0.021875,0.153362,0.0,False,n00715
great_tower_street/east_to_west/006_n00716_W_L.jpg,0.119572,0.366938,0.0,False,n00716
great_tower_street/east_to_west/006_n00716_W_R.jpg,0.003868,0.215251,0.0,False,n00716
great_tower_street/east_to_west/007_n00717_W_L.jpg,0.119298,0.173045,0.0,False,n00717
great_tower_street/east_to_west/007_n00717_W_R.jpg,0.050121,0.053374,0.0,False,n00717
great_tower_street/east_to_west/008_n00718_W_L.jpg,0.094854,0.367971,0.0,False,n00718
great_tower_street/east_to_west/008_n00718_W_R.jpg,0.084636,0.32831,0.0,False,n00718
great_tower_street/east_to_west/009_n00719_W_L.jpg,0.162787,0.060623,0.0,False,n00719
great_tower_street/east_to_west/009_n00719_W_R.jpg,0.0,0.0,0.0,False,n00719
great_tower_street/east_to_west/010_n00720_W_L.jpg,0.057195,0.230191,0.0,False,n00720
great_tower_street/east_to_west/010_n00720_W_R.jpg,0.0,0.14179,0.0,False,n00720
great_tower_street/west_to_east/001_n00720_E_L.jpg,0.033381,0.001476,0.0,False,n00720
great_tower_street/west_to_east/001_n00720_E_R.jpg,0.086433,0.215358,0.0,False,n00720
great_tower_street/west_to_east/002_n00719_E_L.jpg,0.055396,0.003291,0.0,False,n00719
great_tower_street/west_to_east/002_n00719_E_R.jpg,0.083332,0.167411,0.0,False,n00719
great_tower_street/west_to_east/003_n00718_E_L.jpg,0.0464,0.387763,0.0,False,n00718
great_tower_street/west_to_east/003_n00718_E_R.jpg,0.206347,0.413711,0.0,False,n00718
great_tower_street/west_to_east/004_n00717_E_L.jpg,0.097407,0.011824,0.0,False,n00717
great_tower_street/west_to_east/004_n00717_E_R.jpg,0.121971,0.20443,0.0,False,n00717
great_tower_street/west_to_east/005_n00716_E_L.jpg,0.110942,0.272245,0.0,False,n00716
great_tower_street/west_to_east/005_n00716_E_R.jpg,0.071149,0.340235,0.0,False,n00716
great_tower_street/west_to_east/006_n00715_E_L.jpg,0.151046,0.239948,0.0,False,n00715
great_tower_street/west_to_east/006_n00715_E_R.jpg,0.094389,0.38272,0.0,False,n00715
great_tower_street/west_to_east/007_n00714_E_L.jpg,0.188317,0.21671,0.0,False,n00714
great_tower_street/west_to_east/007_n00714_E_R.jpg,0.203706,0.401036,0.0,False,n00714
great_tower_street/west_to_east/008_n00713_E_L.jpg,0.082117,0.235322,0.0,False,n00713
great_tower_street/west_to_east/008_n00713_E_R.jpg,0.265542,0.254041,0.0,False,n00713
great_tower_street/west_to_east/009_n00712_E_L.jpg,0.183735,0.124509,0.0,False,n00712
great_tower_street/west_to_east/009_n00712_E_R.jpg,0.295164,0.289384,0.0,False,n00712
great_tower_street/west_to_east/010_n00711_E_L.jpg,0.224074,0.331281,0.0,False,n00711
great_tower_street/west_to_east/010_n00711_E_R.jpg,0.067635,0.1628,0.0,False,n00711
great_trinity_lane/east_to_west/001_n00721_W_L.jpg,0.039221,0.236296,0.0,False,n00721
great_trinity_lane/east_to_west/001_n00721_W_R.jpg,0.016629,0.028558,0.0,False,n00721
great_trinity_lane/east_to_west/002_n00722_W_L.jpg,0.028997,0.080769,0.0,False,n00722
great_trinity_lane/east_to_west/002_n00722_W_R.jpg,0.067245,0.078227,0.0,False,n00722
great_trinity_lane/east_to_west/003_n00723_W_L.jpg,0.088681,0.218455,0.0,False,n00723
great_trinity_lane/east_to_west/003_n00723_W_R.jpg,0.238438,0.006233,0.0,False,n00723
great_trinity_lane/west_to_east/001_n00723_E_L.jpg,0.081679,0.081355,0.0,False,n00723
great_trinity_lane/west_to_east/001_n00723_E_R.jpg,0.027464,0.00065,0.018511,False,n00723
great_trinity_lane/west_to_east/002_n00722_E_L.jpg,0.019202,0.076112,0.0,False,n00722
great_trinity_lane/west_to_east/002_n00722_E_R.jpg,0.020381,0.075644,0.0,False,n00722
great_trinity_lane/west_to_east/003_n00721_E_L.jpg,0.087515,0.324276,0.0,False,n00721
great_trinity_lane/west_to_east/003_n00721_E_R.jpg,0.05684,0.19826,0.0,False,n00721
great_winchester_street/north_to_south/001_n00732_S_L.jpg,0.0,0.191718,0.108229,False,n00732
great_winchester_street/north_to_south/001_n00732_S_R.jpg,0.010205,0.205947,0.078609,False,n00732
great_winchester_street/north_to_south/002_n00731_S_L.jpg,0.091796,0.200752,0.0,False,n00731
great_winchester_street/north_to_south/002_n00731_S_R.jpg,0.029703,0.199286,0.0,False,n00731
great_winchester_street/north_to_south/003_n00730_S_L.jpg,0.057902,0.332073,0.0,False,n00730
great_winchester_street/north_to_south/003_n00730_S_R.jpg,0.017752,0.349648,0.0,False,n00730
great_winchester_street/north_to_south/004_n00729_E_L.jpg,0.051786,0.252972,0.0,False,n00729
great_winchester_street/north_to_south/004_n00729_E_R.jpg,0.003326,0.187225,0.0,False,n00729
great_winchester_street/north_to_south/005_n00728_E_L.jpg,0.005844,0.097017,0.0,False,n00728
great_winchester_street/north_to_south/005_n00728_E_R.jpg,0.041222,0.206729,0.0,False,n00728
great_winchester_street/north_to_south/006_n00727_E_L.jpg,0.024072,0.143807,0.0,False,n00727
great_winchester_street/north_to_south/006_n00727_E_R.jpg,0.016454,0.260166,0.0,False,n00727
great_winchester_street/north_to_south/007_n00726_E_L.jpg,0.008534,0.219754,0.0,False,n00726
great_winchester_street/north_to_south/007_n00726_E_R.jpg,0.025298,0.277169,0.0,False,n00726
great_winchester_street/north_to_south/008_n00725_E_L.jpg,0.0,0.10852,0.0,False,n00725
great_winchester_street/north_to_south/008_n00725_E_R.jpg,0.0,0.285483,0.0,False,n00725
great_winchester_street/north_to_south/009_n00724_E_L.jpg,0.053172,0.349348,0.0,False,n00724
great_winchester_street/north_to_south/009_n00724_E_R.jpg,0.067011,0.341807,0.0,False,n00724
great_winchester_street/south_to_north/001_n00724_W_L.jpg,0.070873,0.212642,0.0,False,n00724
great_winchester_street/south_to_north/001_n00724_W_R.jpg,0.049866,0.274998,0.0,False,n00724
great_winchester_street/south_to_north/002_n00725_W_L.jpg,0.034869,0.221113,0.0,False,n00725
great_winchester_street/south_to_north/002_n00725_W_R.jpg,0.022838,0.109165,0.0,False,n00725
great_winchester_street/south_to_north/003_n00726_W_L.jpg,0.051002,0.228811,0.0,False,n00726
great_winchester_street/south_to_north/003_n00726_W_R.jpg,0.025024,0.082668,0.0,False,n00726
great_winchester_street/south_to_north/004_n00727_W_L.jpg,0.057961,0.205534,0.0,False,n00727
great_winchester_street/south_to_north/004_n00727_W_R.jpg,0.018613,0.085479,0.0,False,n00727
great_winchester_street/south_to_north/005_n00728_W_L.jpg,0.044907,0.168834,0.0,False,n00728
great_winchester_street/south_to_north/005_n00728_W_R.jpg,0.06225,0.10175,0.0,False,n00728
great_winchester_street/south_to_north/006_n00729_W_L.jpg,0.075146,0.280285,0.0,False,n00729
great_winchester_street/south_to_north/006_n00729_W_R.jpg,0.093065,0.121929,0.0,False,n00729
great_winchester_street/south_to_north/007_n00730_N_L.jpg,0.007215,0.38497,0.0,False,n00730
great_winchester_street/south_to_north/007_n00730_N_R.jpg,0.0,0.030457,0.0,False,n00730
great_winchester_street/south_to_north/008_n00731_N_L.jpg,0.0,0.188937,0.099032,False,n00731
great_winchester_street/south_to_north/008_n00731_N_R.jpg,0.0,0.194396,0.099818,False,n00731
great_winchester_street/south_to_north/009_n00732_N_L.jpg,0.114011,0.207872,0.0,False,n00732
great_winchester_street/south_to_north/009_n00732_N_R.jpg,0.099786,0.232115,0.0,False,n00732
gresham_street/east_to_west/001_n00733_W_L.jpg,0.094813,0.372443,0.0,False,n00733
gresham_street/east_to_west/001_n00733_W_R.jpg,0.059775,0.37014,0.0,False,n00733
gresham_street/east_to_west/002_n00734_W_L.jpg,0.061395,0.063625,0.0,False,n00734
gresham_street/east_to_west/002_n00734_W_R.jpg,0.061979,0.311209,0.0,False,n00734
gresham_street/east_to_west/003_n00735_W_L.jpg,0.091623,0.328267,0.0,False,n00735
gresham_street/east_to_west/003_n00735_W_R.jpg,0.049813,0.213531,0.0,False,n00735
gresham_street/east_to_west/004_n00736_W_L.jpg,0.0752,0.252093,0.0,False,n00736
gresham_street/east_to_west/004_n00736_W_R.jpg,0.049707,0.170234,0.0,False,n00736
gresham_street/east_to_west/005_n00737_W_L.jpg,0.070235,0.194614,0.0,False,n00737
gresham_street/east_to_west/005_n00737_W_R.jpg,0.053146,0.232572,0.0,False,n00737
gresham_street/east_to_west/006_n00738_W_L.jpg,0.099862,0.348843,0.0,False,n00738
gresham_street/east_to_west/006_n00738_W_R.jpg,0.050241,0.096075,0.0,False,n00738
gresham_street/east_to_west/007_n00739_W_F.jpg,0.113081,0.344351,0.0,False,n00739
gresham_street/east_to_west/008_n00740_W_L.jpg,0.034544,0.255133,0.0,False,n00740
gresham_street/east_to_west/008_n00740_W_R.jpg,0.107643,0.331401,0.0,False,n00740
gresham_street/east_to_west/009_n00741_W_L.jpg,0.025382,0.186251,0.0,False,n00741
gresham_street/east_to_west/009_n00741_W_R.jpg,0.171564,0.223591,0.0,False,n00741
gresham_street/east_to_west/010_n00742_W_L.jpg,0.049457,0.150641,0.0,False,n00742
gresham_street/east_to_west/010_n00742_W_R.jpg,0.081706,0.196642,0.0,False,n00742
gresham_street/east_to_west/011_n00743_W_L.jpg,0.065863,0.010313,0.0,False,n00743
gresham_street/east_to_west/011_n00743_W_R.jpg,0.166307,0.003447,0.0,False,n00743
gresham_street/east_to_west/012_n00744_W_L.jpg,0.136296,0.0,0.0,False,n00744
gresham_street/east_to_west/012_n00744_W_R.jpg,0.151967,0.0,0.0,False,n00744
gresham_street/east_to_west/013_n00745_W_L.jpg,0.048081,0.157928,0.0,False,n00745
gresham_street/east_to_west/013_n00745_W_R.jpg,0.045259,0.364371,0.0,False,n00745
gresham_street/east_to_west/014_n00746_W_L.jpg,0.054012,0.154119,0.0,False,n00746
gresham_street/east_to_west/014_n00746_W_R.jpg,0.04792,0.349751,0.0,False,n00746
gresham_street/east_to_west/015_n00747_W_L.jpg,0.050703,0.314352,0.0,False,n00747
gresham_street/east_to_west/015_n00747_W_R.jpg,0.048508,0.152472,0.0,False,n00747
gresham_street/east_to_west/016_n00748_W_L.jpg,0.056171,0.341241,0.0,False,n00748
gresham_street/east_to_west/016_n00748_W_R.jpg,0.037097,0.16723,0.0,False,n00748
gresham_street/east_to_west/017_n00749_W_L.jpg,0.057277,0.315768,0.0,False,n00749
gresham_street/east_to_west/017_n00749_W_R.jpg,0.003556,0.131733,0.0,False,n00749
gresham_street/east_to_west/018_n00750_W_L.jpg,0.094152,0.273309,0.0,False,n00750
gresham_street/east_to_west/018_n00750_W_R.jpg,0.004594,0.28322,0.0,False,n00750
gresham_street/east_to_west/019_n00751_W_L.jpg,0.090938,0.337217,0.0,False,n00751
gresham_street/east_to_west/019_n00751_W_R.jpg,0.088879,0.324032,0.0,False,n00751
gresham_street/east_to_west/020_n00752_W_L.jpg,0.048334,0.352667,0.0,False,n00752
gresham_street/east_to_west/020_n00752_W_R.jpg,0.0,0.238098,0.0,False,n00752
gresham_street/east_to_west/021_n00753_W_L.jpg,0.029347,0.132137,0.0,False,n00753
gresham_street/east_to_west/021_n00753_W_R.jpg,0.047748,0.171495,0.0,False,n00753
gresham_street/east_to_west/022_n00754_N_L.jpg,0.054595,0.033564,0.0,False,n00754
gresham_street/east_to_west/022_n00754_N_R.jpg,0.067333,0.406837,0.0,False,n00754
gresham_street/east_to_west/023_n00755_W_L.jpg,0.045873,0.303089,0.0,False,n00755
gresham_street/east_to_west/023_n00755_W_R.jpg,0.138672,0.225765,0.0,False,n00755
gresham_street/east_to_west/024_n00756_W_L.jpg,0.043942,0.211265,0.0,False,n00756
gresham_street/east_to_west/024_n00756_W_R.jpg,0.044223,0.276714,0.0,False,n00756
gresham_street/east_to_west/025_n00757_W_L.jpg,0.0705,0.381564,0.0,False,n00757
gresham_street/east_to_west/025_n00757_W_R.jpg,0.002803,0.113747,0.0,False,n00757
gresham_street/west_to_east/001_n00757_E_L.jpg,0.077144,0.33282,0.0,False,n00757
gresham_street/west_to_east/001_n00757_E_R.jpg,0.106243,0.31939,0.0,False,n00757
gresham_street/west_to_east/002_n00756_E_L.jpg,0.071851,0.196988,0.0,False,n00756
gresham_street/west_to_east/002_n00756_E_R.jpg,0.063398,0.33942,0.0,False,n00756
gresham_street/west_to_east/003_n00755_E_L.jpg,0.008663,0.213006,0.0,False,n00755
gresham_street/west_to_east/003_n00755_E_R.jpg,0.03941,0.275003,0.0,False,n00755
gresham_street/west_to_east/004_n00754_S_L.jpg,0.077922,0.394373,0.0,False,n00754
gresham_street/west_to_east/004_n00754_S_R.jpg,0.107527,0.319058,0.0,False,n00754
gresham_street/west_to_east/005_n00753_E_L.jpg,0.0,0.086515,0.0,False,n00753
gresham_street/west_to_east/005_n00753_E_R.jpg,0.116817,0.251846,0.0,False,n00753
gresham_street/west_to_east/006_n00752_E_L.jpg,0.033173,0.308595,0.0,False,n00752
gresham_street/west_to_east/006_n00752_E_R.jpg,0.092054,0.380335,0.0,False,n00752
gresham_street/west_to_east/007_n00751_E_L.jpg,0.0,0.196367,0.0,False,n00751
gresham_street/west_to_east/007_n00751_E_R.jpg,0.036509,0.325292,0.0,False,n00751
gresham_street/west_to_east/008_n00750_E_L.jpg,0.022391,0.177589,0.0,False,n00750
gresham_street/west_to_east/008_n00750_E_R.jpg,0.058386,0.260232,0.0,False,n00750
gresham_street/west_to_east/009_n00749_E_L.jpg,0.094223,0.179375,0.0,False,n00749
gresham_street/west_to_east/009_n00749_E_R.jpg,0.066088,0.321958,0.0,False,n00749
gresham_street/west_to_east/010_n00748_E_L.jpg,0.053144,0.153529,0.0,False,n00748
gresham_street/west_to_east/010_n00748_E_R.jpg,0.113915,0.410803,0.0,False,n00748
gresham_street/west_to_east/011_n00747_E_L.jpg,0.049315,0.206249,0.0,False,n00747
gresham_street/west_to_east/011_n00747_E_R.jpg,0.05073,0.299666,0.0,False,n00747
gresham_street/west_to_east/012_n00746_E_L.jpg,0.095791,0.355284,0.0,False,n00746
gresham_street/west_to_east/012_n00746_E_R.jpg,0.048995,0.1034,0.0,False,n00746
gresham_street/west_to_east/013_n00745_E_L.jpg,0.145533,0.378767,0.0,False,n00745
gresham_street/west_to_east/013_n00745_E_R.jpg,0.089825,0.096676,0.0,False,n00745
gresham_street/west_to_east/014_n00744_E_L.jpg,0.239445,0.000106,0.0,False,n00744
gresham_street/west_to_east/014_n00744_E_R.jpg,0.233679,0.0,0.0,False,n00744
gresham_street/west_to_east/015_n00743_E_L.jpg,0.089159,0.273388,0.0,False,n00743
gresham_street/west_to_east/015_n00743_E_R.jpg,0.010102,0.091368,0.0,False,n00743
gresham_street/west_to_east/016_n00742_E_L.jpg,0.21452,0.274048,0.0,False,n00742
gresham_street/west_to_east/016_n00742_E_R.jpg,0.0,0.087067,0.0,False,n00742
gresham_street/west_to_east/017_n00741_E_L.jpg,0.148574,0.299913,0.0,False,n00741
gresham_street/west_to_east/017_n00741_E_R.jpg,0.037544,0.076111,0.0,False,n00741
gresham_street/west_to_east/018_n00740_E_L.jpg,0.125633,0.29085,0.0,False,n00740
gresham_street/west_to_east/018_n00740_E_R.jpg,0.035949,0.242124,0.0,False,n00740
gresham_street/west_to_east/019_n00739_E_F.jpg,0.063549,0.225932,0.0,False,n00739
gresham_street/west_to_east/020_n00738_E_L.jpg,0.065485,0.197641,0.0,False,n00738
gresham_street/west_to_east/020_n00738_E_R.jpg,0.047642,0.257594,0.0,False,n00738
gresham_street/west_to_east/021_n00737_E_L.jpg,0.037128,0.226956,0.0,False,n00737
gresham_street/west_to_east/021_n00737_E_R.jpg,0.062024,0.226807,0.0,False,n00737
gresham_street/west_to_east/022_n00736_E_L.jpg,0.02776,0.173092,0.0,False,n00736
gresham_street/west_to_east/022_n00736_E_R.jpg,0.035423,0.214156,0.0,False,n00736
gresham_street/west_to_east/023_n00735_E_L.jpg,0.045674,0.196745,0.0,False,n00735
gresham_street/west_to_east/023_n00735_E_R.jpg,0.070115,0.319458,0.0,False,n00735
gresham_street/west_to_east/024_n00734_E_L.jpg,0.071953,0.347016,0.0,False,n00734
gresham_street/west_to_east/024_n00734_E_R.jpg,0.111596,0.278023,0.0,False,n00734
gresham_street/west_to_east/025_n00733_E_L.jpg,0.080231,0.270587,0.0,False,n00733
gresham_street/west_to_east/025_n00733_E_R.jpg,0.11813,0.34939,0.0,False,n00733
grocers_hall_court/north_to_south/001_n00760_S_L.jpg,0.015539,0.143528,0.0,False,n00760
grocers_hall_court/north_to_south/001_n00760_S_R.jpg,0.016868,0.128948,0.0,False,n00760
grocers_hall_court/north_to_south/002_n00759_S_L.jpg,0.00913,0.111059,0.0,False,n00759
grocers_hall_court/north_to_south/002_n00759_S_R.jpg,0.0,0.071214,0.0,False,n00759
grocers_hall_court/north_to_south/003_n00758_S_L.jpg,0.0,0.0,0.368784,True,n00758
grocers_hall_court/north_to_south/003_n00758_S_R.jpg,0.0,0.018275,0.287789,True,n00758
grocers_hall_court/south_to_north/001_n00758_N_L.jpg,0.0,0.07132,0.115632,False,n00758
grocers_hall_court/south_to_north/001_n00758_N_R.jpg,0.002427,0.0,0.41166,True,n00758
grocers_hall_court/south_to_north/002_n00759_N_L.jpg,0.011252,0.114978,0.0,False,n00759
grocers_hall_court/south_to_north/002_n00759_N_R.jpg,0.027857,0.106209,0.0,False,n00759
grocers_hall_court/south_to_north/003_n00760_N_L.jpg,0.018567,0.149044,0.0,False,n00760
grocers_hall_court/south_to_north/003_n00760_N_R.jpg,0.026901,0.13046,0.0,False,n00760
guildhall_buildings/east_to_west/001_n00761_W_L.jpg,0.084909,0.305479,0.0,False,n00761
guildhall_buildings/east_to_west/001_n00761_W_R.jpg,0.039718,0.099315,0.0,False,n00761
guildhall_buildings/east_to_west/002_n00762_W_F.jpg,0.034858,0.007561,0.0,False,n00762
guildhall_buildings/east_to_west/003_n00763_W_F.jpg,0.057928,0.133007,0.0,False,n00763
guildhall_buildings/west_to_east/001_n00763_E_F.jpg,0.031613,0.0,0.0,False,n00763
guildhall_buildings/west_to_east/002_n00762_E_F.jpg,0.003631,0.093575,0.0,False,n00762
guildhall_buildings/west_to_east/003_n00761_E_L.jpg,0.068359,0.167512,0.0,False,n00761
guildhall_buildings/west_to_east/003_n00761_E_R.jpg,0.0,0.061242,0.0,False,n00761
guildhall_yard/north_to_south/001_n00765_S_F.jpg,0.076299,0.321645,0.0,False,n00765
guildhall_yard/north_to_south/002_n00764_S_L.jpg,0.076443,0.156063,0.0,False,n00764
guildhall_yard/north_to_south/002_n00764_S_R.jpg,0.068761,0.311362,0.0,False,n00764
guildhall_yard/south_to_north/001_n00764_N_L.jpg,0.243238,0.358821,0.0,False,n00764
guildhall_yard/south_to_north/001_n00764_N_R.jpg,0.125278,0.376696,0.0,False,n00764
guildhall_yard/south_to_north/002_n00765_N_F.jpg,0.187928,0.122683,0.0,False,n00765
gutter_lane/north_to_south/001_n00774_S_L.jpg,0.025939,0.054161,0.0,False,n00774
gutter_lane/north_to_south/001_n00774_S_R.jpg,0.054423,0.102097,0.0,False,n00774
gutter_lane/north_to_south/002_n00773_S_L.jpg,0.05212,0.174273,0.0,False,n00773
gutter_lane/north_to_south/002_n00773_S_R.jpg,0.015193,0.140157,0.0,False,n00773
gutter_lane/north_to_south/003_n00772_S_L.jpg,0.00302,0.192798,0.0,False,n00772
gutter_lane/north_to_south/003_n00772_S_R.jpg,0.064075,0.189855,0.0,False,n00772
gutter_lane/north_to_south/004_n00771_S_L.jpg,0.04314,0.128047,0.0,False,n00771
gutter_lane/north_to_south/004_n00771_S_R.jpg,0.044372,0.116988,0.0,False,n00771
gutter_lane/north_to_south/005_n00770_S_L.jpg,0.075992,0.293052,0.0,False,n00770
gutter_lane/north_to_south/005_n00770_S_R.jpg,0.053252,0.168113,0.0,False,n00770
gutter_lane/north_to_south/006_n00769_S_L.jpg,0.00416,0.101731,0.0,False,n00769
gutter_lane/north_to_south/006_n00769_S_R.jpg,0.038855,0.276605,0.0,False,n00769
gutter_lane/north_to_south/007_n00768_S_L.jpg,0.0,0.378226,0.0,False,n00768
gutter_lane/north_to_south/007_n00768_S_R.jpg,0.0,0.324469,0.0,False,n00768
gutter_lane/north_to_south/008_n00767_S_L.jpg,0.0,0.150023,0.0,False,n00767
gutter_lane/north_to_south/008_n00767_S_R.jpg,0.0,0.009455,0.0,False,n00767
gutter_lane/north_to_south/009_n00766_S_L.jpg,0.061863,0.198343,0.0,False,n00766
gutter_lane/north_to_south/009_n00766_S_R.jpg,0.072816,0.172443,0.0,False,n00766
gutter_lane/south_to_north/001_n00766_N_L.jpg,0.093209,0.224953,0.0,False,n00766
gutter_lane/south_to_north/001_n00766_N_R.jpg,0.09432,0.132844,0.0,False,n00766
gutter_lane/south_to_north/002_n00767_N_L.jpg,0.003968,0.000352,0.0,False,n00767
gutter_lane/south_to_north/002_n00767_N_R.jpg,0.0223,0.145187,0.0,False,n00767
gutter_lane/south_to_north/003_n00768_N_L.jpg,0.0,0.278211,0.0,False,n00768
gutter_lane/south_to_north/003_n00768_N_R.jpg,0.006376,0.316406,0.0,False,n00768
gutter_lane/south_to_north/004_n00769_N_L.jpg,0.04916,0.143764,0.0,False,n00769
gutter_lane/south_to_north/004_n00769_N_R.jpg,0.027613,0.123979,0.0,False,n00769
gutter_lane/south_to_north/005_n00770_N_L.jpg,0.033473,0.17187,0.0,False,n00770
gutter_lane/south_to_north/005_n00770_N_R.jpg,0.060285,0.172889,0.0,False,n00770
gutter_lane/south_to_north/006_n00771_N_L.jpg,0.038347,0.106274,0.0,False,n00771
gutter_lane/south_to_north/006_n00771_N_R.jpg,0.07458,0.226357,0.0,False,n00771
gutter_lane/south_to_north/007_n00772_N_L.jpg,0.069307,0.156993,0.0,False,n00772
gutter_lane/south_to_north/007_n00772_N_R.jpg,0.0627,0.257207,0.0,False,n00772
gutter_lane/south_to_north/008_n00773_N_L.jpg,0.007882,0.129556,0.0,False,n00773
gutter_lane/south_to_north/008_n00773_N_R.jpg,0.03396,0.122871,0.0,False,n00773
gutter_lane/south_to_north/009_n00774_N_L.jpg,0.018223,0.061979,0.0,False,n00774
gutter_lane/south_to_north/009_n00774_N_R.jpg,0.038172,0.091462,0.0,False,n00774
hanseatic_walk/east_to_west/001_n00775_W_F.jpg,0.26107,0.027549,0.0,False,n00775
hanseatic_walk/east_to_west/002_n00776_W_F.jpg,0.197745,0.0,0.0,False,n00776
hanseatic_walk/east_to_west/003_n00777_W_F.jpg,0.222862,0.000855,0.0,False,n00777
hanseatic_walk/east_to_west/004_n00778_W_F.jpg,0.205059,0.001186,0.0,False,n00778
hanseatic_walk/east_to_west/005_n00779_W_F.jpg,0.14476,0.018165,0.0,False,n00779
hanseatic_walk/west_to_east/001_n00779_E_F.jpg,0.232998,0.00016,0.0,False,n00779
hanseatic_walk/west_to_east/002_n00778_E_F.jpg,0.270379,0.003462,0.0,False,n00778
hanseatic_walk/west_to_east/003_n00777_E_F.jpg,0.239208,0.008907,0.0,False,n00777
hanseatic_walk/west_to_east/004_n00776_E_F.jpg,0.277314,0.0,0.0,False,n00776
hanseatic_walk/west_to_east/005_n00775_E_F.jpg,0.210769,0.000504,0.0,False,n00775
harp_lane/north_to_south/001_n00781_S_L.jpg,0.051401,0.10023,0.0,False,n00781
harp_lane/north_to_south/001_n00781_S_R.jpg,0.000175,0.119743,0.0,False,n00781
harp_lane/north_to_south/002_n00780_S_L.jpg,0.073572,0.300079,0.0,False,n00780
harp_lane/north_to_south/002_n00780_S_R.jpg,0.043161,0.263809,0.0,False,n00780
harp_lane/south_to_north/001_n00780_N_L.jpg,0.035439,0.388946,0.0,False,n00780
harp_lane/south_to_north/001_n00780_N_R.jpg,0.058838,0.030111,0.0,False,n00780
harp_lane/south_to_north/002_n00781_N_L.jpg,0.0,0.111462,0.0,False,n00781
harp_lane/south_to_north/002_n00781_N_R.jpg,0.053608,0.173738,0.0,False,n00781
high_timber_street/east_to_west/001_n00782_W_L.jpg,0.0,0.129164,0.0,False,n00782
high_timber_street/east_to_west/001_n00782_W_R.jpg,0.008065,0.36775,0.0,False,n00782
high_timber_street/east_to_west/002_n00783_W_L.jpg,0.003106,0.142198,0.0,False,n00783
high_timber_street/east_to_west/002_n00783_W_R.jpg,0.030177,0.095697,0.0,False,n00783
high_timber_street/east_to_west/003_n00784_W_L.jpg,0.004711,0.081,0.0,False,n00784
high_timber_street/east_to_west/003_n00784_W_R.jpg,0.047986,0.252276,0.0,False,n00784
high_timber_street/east_to_west/004_n00785_W_L.jpg,0.0,0.0,0.0,False,n00785
high_timber_street/east_to_west/004_n00785_W_R.jpg,0.204146,0.190729,0.0,False,n00785
high_timber_street/east_to_west/005_n00786_W_L.jpg,0.08092,0.24981,0.0,False,n00786
high_timber_street/east_to_west/005_n00786_W_R.jpg,0.268761,0.372442,0.0,False,n00786
high_timber_street/east_to_west/006_n00787_W_L.jpg,0.017074,0.038903,0.0,False,n00787
high_timber_street/east_to_west/006_n00787_W_R.jpg,0.224786,0.24089,0.0,False,n00787
high_timber_street/east_to_west/007_n00788_W_L.jpg,0.070259,0.238046,0.0,False,n00788
high_timber_street/east_to_west/007_n00788_W_R.jpg,0.039248,0.237428,0.0,False,n00788
high_timber_street/west_to_east/001_n00788_E_L.jpg,0.321093,0.26671,0.0,False,n00788
high_timber_street/west_to_east/001_n00788_E_R.jpg,0.041494,0.108167,0.0,False,n00788
high_timber_street/west_to_east/002_n00787_E_L.jpg,0.250745,0.323384,0.0,False,n00787
high_timber_street/west_to_east/002_n00787_E_R.jpg,0.068118,0.131957,0.0,False,n00787
high_timber_street/west_to_east/003_n00786_E_L.jpg,0.107104,0.148601,0.0,False,n00786
high_timber_street/west_to_east/003_n00786_E_R.jpg,0.058716,0.223866,0.0,False,n00786
high_timber_street/west_to_east/004_n00785_E_L.jpg,0.103348,0.185998,0.0,False,n00785
high_timber_street/west_to_east/004_n00785_E_R.jpg,0.0,0.011268,0.0,False,n00785
high_timber_street/west_to_east/005_n00784_E_L.jpg,0.0,0.111049,0.141144,False,n00784
high_timber_street/west_to_east/005_n00784_E_R.jpg,0.0,0.067324,0.389443,False,n00784
high_timber_street/west_to_east/006_n00783_E_L.jpg,0.0,0.167356,0.179508,False,n00783
high_timber_street/west_to_east/006_n00783_E_R.jpg,0.0,0.045695,0.274781,False,n00783
high_timber_street/west_to_east/007_n00782_E_L.jpg,0.13137,0.352011,0.0,False,n00782
high_timber_street/west_to_east/007_n00782_E_R.jpg,0.0,0.307693,0.0,False,n00782
houndsditch/east_to_west/001_n00789_N_L.jpg,0.086721,0.254209,0.0,False,n00789
houndsditch/east_to_west/001_n00789_N_R.jpg,0.094449,0.360605,0.0,False,n00789
houndsditch/east_to_west/002_n00790_W_L.jpg,0.004705,0.0,0.0,False,n00790
houndsditch/east_to_west/002_n00790_W_R.jpg,0.011917,2.1e-05,0.0,False,n00790
houndsditch/east_to_west/003_n00791_W_L.jpg,0.0831,0.00107,0.0,False,n00791
houndsditch/east_to_west/003_n00791_W_R.jpg,0.096562,0.0,0.0,False,n00791
houndsditch/east_to_west/004_n00792_W_L.jpg,0.162254,0.001937,0.0,False,n00792
houndsditch/east_to_west/004_n00792_W_R.jpg,0.28092,0.005216,0.0,False,n00792
houndsditch/east_to_west/005_n00793_W_L.jpg,0.172614,0.14777,0.0,False,n00793
houndsditch/east_to_west/005_n00793_W_R.jpg,0.209394,0.071055,0.0,False,n00793
houndsditch/west_to_east/001_n00793_E_L.jpg,0.072778,0.0,0.0,False,n00793
houndsditch/west_to_east/001_n00793_E_R.jpg,0.062945,0.0,0.0,False,n00793
houndsditch/west_to_east/002_n00792_E_L.jpg,0.049276,0.0,0.0,False,n00792
houndsditch/west_to_east/002_n00792_E_R.jpg,0.080355,0.0,0.0,False,n00792
houndsditch/west_to_east/003_n00791_E_L.jpg,0.0,0.0,0.001443,False,n00791
houndsditch/west_to_east/003_n00791_E_R.jpg,0.104066,0.000308,0.0,False,n00791
houndsditch/west_to_east/004_n00790_E_L.jpg,0.132414,0.290115,0.0,False,n00790
houndsditch/west_to_east/004_n00790_E_R.jpg,0.042326,0.030252,0.0,False,n00790
houndsditch/west_to_east/005_n00789_S_L.jpg,0.138331,0.239111,0.0,False,n00789
houndsditch/west_to_east/005_n00789_S_R.jpg,0.0,0.043897,0.0,False,n00789
huggin_hill/north_to_south/001_n00798_S_F.jpg,0.132338,0.0,0.0,False,n00798
huggin_hill/north_to_south/002_n00797_S_F.jpg,0.018888,0.0,0.0,False,n00797
huggin_hill/north_to_south/003_n00796_S_F.jpg,0.02703,0.0,0.0,False,n00796
huggin_hill/north_to_south/004_n00795_S_F.jpg,0.024433,0.007121,0.0,False,n00795
huggin_hill/north_to_south/005_n00794_S_F.jpg,0.095906,0.049267,0.0,False,n00794
huggin_hill/south_to_north/001_n00794_N_F.jpg,0.027413,4.7e-05,0.0,False,n00794
huggin_hill/south_to_north/002_n00795_N_F.jpg,0.038449,0.0,0.0,False,n00795
huggin_hill/south_to_north/003_n00796_N_F.jpg,0.040512,0.0,0.0,False,n00796
huggin_hill/south_to_north/004_n00797_N_F.jpg,0.051757,0.000479,0.0,False,n00797
huggin_hill/south_to_north/005_n00798_N_F.jpg,0.110077,0.031986,0.0,False,n00798
idol_lane/north_to_south/001_n00803_S_L.jpg,0.086515,0.044853,0.0,False,n00803
idol_lane/north_to_south/001_n00803_S_R.jpg,0.027951,0.089214,0.0,False,n00803
idol_lane/north_to_south/002_n00802_S_L.jpg,0.033928,0.088965,0.0,False,n00802
idol_lane/north_to_south/002_n00802_S_R.jpg,0.011034,0.051147,0.0,False,n00802
idol_lane/north_to_south/003_n00801_S_L.jpg,0.043727,0.07973,0.0,False,n00801
idol_lane/north_to_south/003_n00801_S_R.jpg,0.011817,0.052087,0.0,False,n00801
idol_lane/north_to_south/004_n00800_S_L.jpg,0.034215,0.071877,0.0,False,n00800
idol_lane/north_to_south/004_n00800_S_R.jpg,0.009849,0.055706,0.0,False,n00800
idol_lane/north_to_south/005_n00799_S_L.jpg,0.086552,0.041203,0.0,False,n00799
idol_lane/north_to_south/005_n00799_S_R.jpg,7.2e-05,0.152982,0.0,False,n00799
idol_lane/south_to_north/001_n00799_N_L.jpg,0.044694,0.104428,0.0,False,n00799
idol_lane/south_to_north/001_n00799_N_R.jpg,0.04558,0.204141,0.0,False,n00799
idol_lane/south_to_north/002_n00800_N_L.jpg,0.016238,0.105193,0.0,False,n00800
idol_lane/south_to_north/002_n00800_N_R.jpg,0.01194,0.061409,0.0,False,n00800
idol_lane/south_to_north/003_n00801_N_L.jpg,0.013779,0.108206,0.0,False,n00801
idol_lane/south_to_north/003_n00801_N_R.jpg,0.006841,0.056215,0.0,False,n00801
idol_lane/south_to_north/004_n00802_N_L.jpg,0.011362,0.082761,0.0,False,n00802
idol_lane/south_to_north/004_n00802_N_R.jpg,0.006588,0.081481,0.0,False,n00802
idol_lane/south_to_north/005_n00803_N_L.jpg,0.01614,0.144832,0.0,False,n00803
idol_lane/south_to_north/005_n00803_N_R.jpg,0.048717,0.132691,0.0,False,n00803
ironmonger_lane/north_to_south/001_n00811_S_L.jpg,0.022046,0.06024,0.0,False,n00811
ironmonger_lane/north_to_south/001_n00811_S_R.jpg,0.071183,0.046191,0.0,False,n00811
ironmonger_lane/north_to_south/002_n00810_S_L.jpg,0.030429,0.0629,0.0,False,n00810
ironmonger_lane/north_to_south/002_n00810_S_R.jpg,0.040619,0.072844,0.0,False,n00810
ironmonger_lane/north_to_south/003_n00809_S_L.jpg,0.029873,0.063231,0.0,False,n00809
ironmonger_lane/north_to_south/003_n00809_S_R.jpg,0.046577,0.082974,0.0,False,n00809
ironmonger_lane/north_to_south/004_n00808_S_L.jpg,0.038276,0.078605,0.0,False,n00808
ironmonger_lane/north_to_south/004_n00808_S_R.jpg,0.006914,0.093542,0.0,False,n00808
ironmonger_lane/north_to_south/005_n00807_S_L.jpg,0.045138,0.071963,0.0,False,n00807
ironmonger_lane/north_to_south/005_n00807_S_R.jpg,0.00379,0.064437,0.0,False,n00807
ironmonger_lane/north_to_south/006_n00806_S_L.jpg,0.061,0.088505,0.0,False,n00806
ironmonger_lane/north_to_south/006_n00806_S_R.jpg,0.008031,0.058773,0.0,False,n00806
ironmonger_lane/north_to_south/007_n00805_S_L.jpg,0.034291,0.115916,0.0,False,n00805
ironmonger_lane/north_to_south/007_n00805_S_R.jpg,0.011144,0.075188,0.0,False,n00805
ironmonger_lane/north_to_south/008_n00804_S_L.jpg,0.09569,0.234293,0.0,False,n00804
ironmonger_lane/north_to_south/008_n00804_S_R.jpg,0.050638,0.150592,0.0,False,n00804
ironmonger_lane/south_to_north/001_n00804_N_L.jpg,0.135402,0.403769,0.0,False,n00804
ironmonger_lane/south_to_north/001_n00804_N_R.jpg,0.039667,0.308902,0.0,False,n00804
ironmonger_lane/south_to_north/002_n00805_N_L.jpg,0.01819,0.105,0.0,False,n00805
ironmonger_lane/south_to_north/002_n00805_N_R.jpg,0.064068,0.307823,0.0,False,n00805
ironmonger_lane/south_to_north/003_n00806_N_L.jpg,0.026593,0.087461,0.0,False,n00806
ironmonger_lane/south_to_north/003_n00806_N_R.jpg,0.029785,0.05766,0.0,False,n00806
ironmonger_lane/south_to_north/004_n00807_N_L.jpg,0.030278,0.099118,0.0,False,n00807
ironmonger_lane/south_to_north/004_n00807_N_R.jpg,0.029303,0.0498,0.0,False,n00807
ironmonger_lane/south_to_north/005_n00808_N_L.jpg,0.041065,0.05853,0.0,False,n00808
ironmonger_lane/south_to_north/005_n00808_N_R.jpg,0.026243,0.061693,0.0,False,n00808
ironmonger_lane/south_to_north/006_n00809_N_L.jpg,0.021424,0.086423,0.0,False,n00809
ironmonger_lane/south_to_north/006_n00809_N_R.jpg,0.026038,0.060997,0.0,False,n00809
ironmonger_lane/south_to_north/007_n00810_N_L.jpg,0.01256,0.072686,0.0,False,n00810
ironmonger_lane/south_to_north/007_n00810_N_R.jpg,0.015869,0.049353,0.0,False,n00810
ironmonger_lane/south_to_north/008_n00811_N_L.jpg,0.060941,0.337762,0.0,False,n00811
ironmonger_lane/south_to_north/008_n00811_N_R.jpg,0.079942,0.177621,0.0,False,n00811
kennett_wharf_lane/north_to_south/001_n00815_S_L.jpg,0.015882,0.111122,0.0,False,n00815
kennett_wharf_lane/north_to_south/001_n00815_S_R.jpg,0.02663,0.178647,0.0,False,n00815
kennett_wharf_lane/north_to_south/002_n00816_S_F.jpg,0.322341,0.055141,0.0,False,n00816
kennett_wharf_lane/north_to_south/003_n00814_S_F.jpg,0.0,0.0,0.273222,True,n00814
kennett_wharf_lane/north_to_south/004_n00813_S_L.jpg,0.0,0.164301,0.0,False,n00813
kennett_wharf_lane/north_to_south/004_n00813_S_R.jpg,0.0,0.20464,0.0,False,n00813
kennett_wharf_lane/north_to_south/005_n00812_S_F.jpg,0.373358,0.008918,0.0,False,n00812
kennett_wharf_lane/south_to_north/001_n00812_N_F.jpg,0.003254,0.028194,0.0,False,n00812
kennett_wharf_lane/south_to_north/002_n00813_N_L.jpg,7.1e-05,0.098217,0.0,False,n00813
kennett_wharf_lane/south_to_north/002_n00813_N_R.jpg,0.020313,0.295778,0.0,False,n00813
kennett_wharf_lane/south_to_north/003_n00814_N_F.jpg,0.0,0.000279,0.442732,True,n00814
kennett_wharf_lane/south_to_north/004_n00815_N_L.jpg,0.0,0.280925,0.0,False,n00815
kennett_wharf_lane/south_to_north/004_n00815_N_R.jpg,0.002264,0.1892,0.0,False,n00815
kennett_wharf_lane/south_to_north/005_n00816_N_F.jpg,0.016213,0.00183,0.395466,False,n00816
king_s_arms_yard/east_to_west/001_n00852_W_L.jpg,0.0,0.044716,0.0,False,n00852
king_s_arms_yard/east_to_west/001_n00852_W_R.jpg,0.092569,0.309592,0.0,False,n00852
king_s_arms_yard/east_to_west/002_n00853_W_L.jpg,0.013743,0.115034,0.0,False,n00853
king_s_arms_yard/east_to_west/002_n00853_W_R.jpg,0.039904,0.11381,0.0,False,n00853
king_s_arms_yard/east_to_west/003_n00854_W_L.jpg,0.0,0.02576,0.0,False,n00854
king_s_arms_yard/east_to_west/003_n00854_W_R.jpg,0.059167,0.178486,0.0,False,n00854
king_s_arms_yard/east_to_west/004_n00855_W_L.jpg,0.0,0.005256,0.464255,True,n00855
king_s_arms_yard/east_to_west/004_n00855_W_R.jpg,0.0,2e-06,0.317277,True,n00855
king_s_arms_yard/east_to_west/005_n00856_W_L.jpg,0.024141,0.045429,0.0,False,n00856
king_s_arms_yard/east_to_west/005_n00856_W_R.jpg,0.028472,0.13067,0.0,False,n00856
king_s_arms_yard/east_to_west/006_n00857_W_L.jpg,0.001321,0.05406,0.0,False,n00857
king_s_arms_yard/east_to_west/006_n00857_W_R.jpg,0.0,0.102469,0.0,False,n00857
king_s_arms_yard/west_to_east/001_n00857_E_L.jpg,0.017566,0.094011,0.0,False,n00857
king_s_arms_yard/west_to_east/001_n00857_E_R.jpg,0.035929,0.07616,0.0,False,n00857
king_s_arms_yard/west_to_east/002_n00856_E_L.jpg,0.105099,0.198976,0.0,False,n00856
king_s_arms_yard/west_to_east/002_n00856_E_R.jpg,0.12847,0.229774,0.0,False,n00856
king_s_arms_yard/west_to_east/003_n00855_E_L.jpg,0.0,0.0,0.327832,True,n00855
king_s_arms_yard/west_to_east/003_n00855_E_R.jpg,0.0,0.0,0.404989,True,n00855
king_s_arms_yard/west_to_east/004_n00854_E_L.jpg,0.0,0.05844,0.0,False,n00854
king_s_arms_yard/west_to_east/004_n00854_E_R.jpg,0.036438,0.175779,0.0,False,n00854
king_s_arms_yard/west_to_east/005_n00853_E_L.jpg,0.007124,0.107449,0.0,False,n00853
king_s_arms_yard/west_to_east/005_n00853_E_R.jpg,0.012429,0.102127,0.0,False,n00853
king_s_arms_yard/west_to_east/006_n00852_E_L.jpg,0.017703,0.058452,0.0,False,n00852
king_s_arms_yard/west_to_east/006_n00852_E_R.jpg,0.050628,0.205316,0.0,False,n00852
king_street/north_to_south/001_n00824_S_L.jpg,0.091755,0.18634,0.0,False,n00824
king_street/north_to_south/001_n00824_S_R.jpg,0.058559,0.300845,0.0,False,n00824
king_street/north_to_south/002_n00823_S_F.jpg,0.048888,0.18994,0.0,False,n00823
king_street/north_to_south/003_n00822_S_L.jpg,0.020587,0.151243,0.0,False,n00822
king_street/north_to_south/003_n00822_S_R.jpg,0.084289,0.161988,0.0,False,n00822
king_street/north_to_south/004_n00821_S_L.jpg,0.064833,0.196243,0.0,False,n00821
king_street/north_to_south/004_n00821_S_R.jpg,0.04502,0.104555,0.0,False,n00821
king_street/north_to_south/005_n00820_S_L.jpg,0.09043,0.209167,0.0,False,n00820
king_street/north_to_south/005_n00820_S_R.jpg,0.035123,0.214503,0.0,False,n00820
king_street/north_to_south/006_n00819_S_L.jpg,0.078474,0.206886,0.0,False,n00819
king_street/north_to_south/006_n00819_S_R.jpg,0.044505,0.101025,0.0,False,n00819
king_street/north_to_south/007_n00818_S_L.jpg,0.071134,0.20343,0.0,False,n00818
king_street/north_to_south/007_n00818_S_R.jpg,0.092023,0.13398,0.0,False,n00818
king_street/north_to_south/008_n00817_S_L.jpg,0.063267,0.114741,0.0,False,n00817
king_street/north_to_south/008_n00817_S_R.jpg,0.167824,0.364809,0.0,False,n00817
king_street/south_to_north/001_n00817_N_L.jpg,0.118451,0.320886,0.0,False,n00817
king_street/south_to_north/001_n00817_N_R.jpg,0.127133,0.411911,0.0,False,n00817
king_street/south_to_north/002_n00818_N_L.jpg,0.028941,0.115921,0.0,False,n00818
king_street/south_to_north/002_n00818_N_R.jpg,0.071358,0.228429,0.0,False,n00818
king_street/south_to_north/003_n00819_N_L.jpg,0.053644,0.113818,0.0,False,n00819
king_street/south_to_north/003_n00819_N_R.jpg,0.059295,0.230897,0.0,False,n00819
king_street/south_to_north/004_n00820_N_L.jpg,0.089042,0.327965,0.0,False,n00820
king_street/south_to_north/004_n00820_N_R.jpg,0.058607,0.366585,0.0,False,n00820
king_street/south_to_north/005_n00821_N_L.jpg,0.038339,0.103372,0.0,False,n00821
king_street/south_to_north/005_n00821_N_R.jpg,0.056761,0.213406,0.0,False,n00821
king_street/south_to_north/006_n00822_N_L.jpg,0.010863,0.068758,0.0,False,n00822
king_street/south_to_north/006_n00822_N_R.jpg,0.095924,0.226225,0.0,False,n00822
king_street/south_to_north/007_n00823_N_F.jpg,0.113423,0.224639,0.0,False,n00823
king_street/south_to_north/008_n00824_N_L.jpg,0.242993,0.349898,0.0,False,n00824
king_street/south_to_north/008_n00824_N_R.jpg,0.117263,0.363157,0.0,False,n00824
king_william_street/north_to_south/001_n00837_S_F.jpg,0.091117,0.201997,0.0,False,n00837
king_william_street/north_to_south/002_n00851_S_F.jpg,0.0,0.0,0.43631,True,n00851
king_william_street/north_to_south/003_n00850_S_F.jpg,0.0,0.0,0.461902,True,n00850
king_william_street/north_to_south/004_n00835_S_L.jpg,0.003928,0.053931,0.0,False,n00835
king_william_street/north_to_south/004_n00835_S_R.jpg,0.162619,0.302882,0.0,False,n00835
king_william_street/north_to_south/005_n00833_S_L.jpg,0.06102,0.005593,0.0,False,n00833
king_william_street/north_to_south/005_n00833_S_R.jpg,0.088659,0.287877,0.0,False,n00833
king_william_street/north_to_south/006_n00849_S_L.jpg,0.0,0.0,0.375188,True,n00849
king_william_street/north_to_south/006_n00849_S_R.jpg,0.0,0.0,0.334034,True,n00849
king_william_street/north_to_south/007_n00848_S_L.jpg,0.0,0.0,0.299408,True,n00848
king_william_street/north_to_south/007_n00848_S_R.jpg,0.0,0.0,0.17907,True,n00848
king_william_street/north_to_south/008_n00831_S_L.jpg,0.139462,0.395456,0.0,False,n00831
king_william_street/north_to_south/008_n00831_S_R.jpg,0.108867,0.201089,0.0,False,n00831
king_william_street/north_to_south/009_n00829_S_L.jpg,0.08539,0.251132,0.0,False,n00829
king_william_street/north_to_south/009_n00829_S_R.jpg,0.119893,0.31862,0.0,False,n00829
king_william_street/north_to_south/010_n00847_S_L.jpg,0.0,1e-06,0.600996,True,n00847
king_william_street/north_to_south/010_n00847_S_R.jpg,0.0,0.0,0.406589,True,n00847
king_william_street/north_to_south/011_n00846_S_L.jpg,0.0,0.0,0.225146,True,n00846
king_william_street/north_to_south/011_n00846_S_R.jpg,0.0,0.0,0.254953,True,n00846
king_william_street/north_to_south/012_n00827_S_L.jpg,0.124023,0.302735,0.0,False,n00827
king_william_street/north_to_south/012_n00827_S_R.jpg,0.183018,0.257267,0.0,False,n00827
king_william_street/north_to_south/013_n00825_S_L.jpg,0.270863,0.308118,0.0,False,n00825
king_william_street/north_to_south/013_n00825_S_R.jpg,0.322463,0.283309,0.0,False,n00825
king_william_street/north_to_south/014_n00845_S_F.jpg,0.0,0.0,0.46217,True,n00845
king_william_street/north_to_south/015_n00844_S_L.jpg,0.04177,0.33382,0.0,False,n00844
king_william_street/north_to_south/015_n00844_S_R.jpg,0.049709,0.163699,0.0,False,n00844
king_william_street/north_to_south/016_n00843_S_F.jpg,0.079785,0.315815,0.0,False,n00843
king_william_street/north_to_south/017_n00842_S_L.jpg,0.063243,0.33406,0.0,False,n00842
king_william_street/north_to_south/017_n00842_S_R.jpg,0.038879,0.161401,0.0,False,n00842
king_william_street/north_to_south/018_n00841_S_F.jpg,0.072331,0.254294,0.0,False,n00841
king_william_street/north_to_south/019_n00840_S_L.jpg,0.0,0.000277,0.003368,False,n00840
king_william_street/north_to_south/019_n00840_S_R.jpg,0.107277,0.180842,0.0,False,n00840
king_william_street/north_to_south/020_n00839_S_F.jpg,0.154811,0.326206,0.0,False,n00839
king_william_street/north_to_south/021_n00838_E_F.jpg,0.0,0.0,0.382148,True,n00838
king_william_street/north_to_south/022_n00836_S_L.jpg,0.185441,0.377248,0.0,False,n00836
king_william_street/north_to_south/022_n00836_S_R.jpg,0.0,0.050947,0.0,False,n00836
king_william_street/north_to_south/023_n00834_S_L.jpg,0.169225,0.309755,0.0,False,n00834
king_william_street/north_to_south/023_n00834_S_R.jpg,0.033491,0.285509,0.0,False,n00834
king_william_street/north_to_south/024_n00832_S_L.jpg,0.120297,0.327538,0.0,False,n00832
king_william_street/north_to_south/024_n00832_S_R.jpg,0.000591,0.442928,0.0,False,n00832
king_william_street/north_to_south/025_n00830_S_L.jpg,0.118766,0.292756,0.0,False,n00830
king_william_street/north_to_south/025_n00830_S_R.jpg,0.0767,0.264941,0.0,False,n00830
king_william_street/north_to_south/026_n00828_S_L.jpg,0.135783,0.301956,0.0,False,n00828
king_william_street/north_to_south/026_n00828_S_R.jpg,0.129244,0.289888,0.0,False,n00828
king_william_street/north_to_south/027_n00826_S_L.jpg,0.235902,0.303144,0.0,False,n00826
king_william_street/north_to_south/027_n00826_S_R.jpg,0.260331,0.36787,0.0,False,n00826
king_william_street/south_to_north/001_n00825_N_L.jpg,0.086847,0.312823,0.0,False,n00825
king_william_street/south_to_north/001_n00825_N_R.jpg,0.069781,0.280216,0.0,False,n00825
king_william_street/south_to_north/002_n00826_N_L.jpg,0.070603,0.352901,0.0,False,n00826
king_william_street/south_to_north/002_n00826_N_R.jpg,0.093406,0.296156,0.0,False,n00826
king_william_street/south_to_north/003_n00827_N_L.jpg,0.113149,0.313035,0.0,False,n00827
king_william_street/south_to_north/003_n00827_N_R.jpg,0.084556,0.294363,0.0,False,n00827
king_william_street/south_to_north/004_n00828_N_L.jpg,0.094638,0.27295,0.0,False,n00828
king_william_street/south_to_north/004_n00828_N_R.jpg,0.119853,0.293888,0.0,False,n00828
king_william_street/south_to_north/005_n00829_N_L.jpg,0.149589,0.314831,0.0,False,n00829
king_william_street/south_to_north/005_n00829_N_R.jpg,0.099479,0.277833,0.0,False,n00829
king_william_street/south_to_north/006_n00830_N_L.jpg,0.060057,0.271477,0.0,False,n00830
king_william_street/south_to_north/006_n00830_N_R.jpg,0.156279,0.341695,0.0,False,n00830
king_william_street/south_to_north/007_n00831_N_L.jpg,0.085009,0.218429,0.0,False,n00831
king_william_street/south_to_north/007_n00831_N_R.jpg,0.09061,0.351561,0.0,False,n00831
king_william_street/south_to_north/008_n00832_N_L.jpg,0.158289,0.263049,0.0,False,n00832
king_william_street/south_to_north/008_n00832_N_R.jpg,0.0,0.054489,0.0,False,n00832
king_william_street/south_to_north/009_n00833_N_L.jpg,0.186298,0.268119,0.0,False,n00833
king_william_street/south_to_north/009_n00833_N_R.jpg,0.140367,0.125396,0.0,False,n00833
king_william_street/south_to_north/010_n00834_N_L.jpg,0.052931,0.335181,0.0,False,n00834
king_william_street/south_to_north/010_n00834_N_R.jpg,0.100077,0.407129,0.0,False,n00834
king_william_street/south_to_north/011_n00835_N_L.jpg,0.116686,0.303318,0.0,False,n00835
king_william_street/south_to_north/011_n00835_N_R.jpg,0.090682,0.325193,0.0,False,n00835
king_william_street/south_to_north/012_n00836_N_L.jpg,0.108669,0.279599,0.0,False,n00836
king_william_street/south_to_north/012_n00836_N_R.jpg,0.097641,0.420243,0.0,False,n00836
king_william_street/south_to_north/013_n00837_N_F.jpg,0.085537,0.18349,0.0,False,n00837
king_william_street/south_to_north/014_n00838_W_F.jpg,0.0,0.00213,0.393784,True,n00838
king_william_street/south_to_north/015_n00839_N_F.jpg,0.103065,0.399326,0.0,False,n00839
king_william_street/south_to_north/016_n00840_N_L.jpg,0.243552,0.159923,0.0,False,n00840
king_william_street/south_to_north/016_n00840_N_R.jpg,0.07955,0.067005,0.0,False,n00840
king_william_street/south_to_north/017_n00841_N_F.jpg,0.068415,0.24787,0.0,False,n00841
king_william_street/south_to_north/018_n00842_N_L.jpg,0.088766,0.146593,0.0,False,n00842
king_william_street/south_to_north/018_n00842_N_R.jpg,0.072827,0.347014,0.0,False,n00842
king_william_street/south_to_north/019_n00843_N_F.jpg,0.12527,0.290359,0.0,False,n00843
king_william_street/south_to_north/020_n00844_N_L.jpg,0.023668,0.122025,0.0,False,n00844
king_william_street/south_to_north/020_n00844_N_R.jpg,0.122367,0.302357,0.0,False,n00844
king_william_street/south_to_north/021_n00845_N_F.jpg,0.0,0.0,0.379578,True,n00845
king_william_street/south_to_north/022_n00846_N_L.jpg,0.0,0.0,0.249235,True,n00846
king_william_street/south_to_north/022_n00846_N_R.jpg,0.0,0.0,0.417696,True,n00846
king_william_street/south_to_north/023_n00847_N_L.jpg,0.0,0.0,0.426479,True,n00847
king_william_street/south_to_north/023_n00847_N_R.jpg,0.0,0.039273,0.65734,False,n00847
king_william_street/south_to_north/024_n00848_N_L.jpg,0.0,0.0,0.344287,True,n00848
king_william_street/south_to_north/024_n00848_N_R.jpg,0.0,0.0,0.130177,True,n00848
king_william_street/south_to_north/025_n00849_N_L.jpg,0.0,0.0,0.239007,True,n00849
king_william_street/south_to_north/025_n00849_N_R.jpg,0.0,0.0,0.424467,True,n00849
king_william_street/south_to_north/026_n00850_N_F.jpg,0.0,0.0,0.384586,True,n00850
king_william_street/south_to_north/027_n00851_N_F.jpg,0.0,0.0,0.459226,True,n00851
lambeth_hill/north_to_south/001_n00863_S_F.jpg,0.00196,0.0,0.378328,True,n00863
lambeth_hill/north_to_south/002_n00862_S_L.jpg,0.0,0.0,0.375105,True,n00862
lambeth_hill/north_to_south/002_n00862_S_R.jpg,0.0,0.0,0.354691,True,n00862
lambeth_hill/north_to_south/003_n00861_E_L.jpg,0.095953,0.304682,0.0,False,n00861
lambeth_hill/north_to_south/003_n00861_E_R.jpg,0.056696,0.0,0.0,False,n00861
lambeth_hill/north_to_south/004_n00860_E_L.jpg,0.030695,0.278515,0.0,False,n00860
lambeth_hill/north_to_south/004_n00860_E_R.jpg,0.054131,0.096705,0.0,False,n00860
lambeth_hill/north_to_south/005_n00859_E_L.jpg,0.0,0.406045,0.0,False,n00859
lambeth_hill/north_to_south/005_n00859_E_R.jpg,0.173893,0.36053,0.0,False,n00859
lambeth_hill/north_to_south/006_n00858_S_L.jpg,0.261874,0.350214,0.0,False,n00858
lambeth_hill/north_to_south/006_n00858_S_R.jpg,0.280509,0.367616,0.0,False,n00858
lambeth_hill/south_to_north/001_n00858_N_L.jpg,0.080732,0.128841,0.0,False,n00858
lambeth_hill/south_to_north/001_n00858_N_R.jpg,0.0,0.381543,0.0,False,n00858
lambeth_hill/south_to_north/002_n00859_W_L.jpg,0.021764,0.196149,0.0,False,n00859
lambeth_hill/south_to_north/002_n00859_W_R.jpg,0.036835,0.408981,0.0,False,n00859
lambeth_hill/south_to_north/003_n00860_W_L.jpg,0.055088,0.248831,0.0,False,n00860
lambeth_hill/south_to_north/003_n00860_W_R.jpg,0.055095,0.321639,0.0,False,n00860
lambeth_hill/south_to_north/004_n00861_W_L.jpg,0.102872,0.299905,0.0,False,n00861
lambeth_hill/south_to_north/004_n00861_W_R.jpg,0.049914,0.244174,0.0,False,n00861
lambeth_hill/south_to_north/005_n00862_N_L.jpg,0.0,0.00087,0.464335,True,n00862
lambeth_hill/south_to_north/005_n00862_N_R.jpg,0.0,0.002161,0.440352,True,n00862
lambeth_hill/south_to_north/006_n00863_N_F.jpg,0.0,0.0,0.436771,True,n00863
langthorn_court/north_to_south/001_n00865_S_L.jpg,0.012,0.090002,0.0,False,n00865
langthorn_court/north_to_south/001_n00865_S_R.jpg,0.098569,0.289532,0.0,False,n00865
langthorn_court/north_to_south/002_n00864_S_L.jpg,0.012,0.090002,0.0,False,n00864
langthorn_court/north_to_south/002_n00864_S_R.jpg,0.098569,0.289532,0.0,False,n00864
langthorn_court/south_to_north/001_n00864_N_L.jpg,0.05556,0.363875,0.0,False,n00864
langthorn_court/south_to_north/001_n00864_N_R.jpg,0.04717,0.13809,0.0,False,n00864
langthorn_court/south_to_north/002_n00865_N_L.jpg,0.05556,0.363875,0.0,False,n00865
langthorn_court/south_to_north/002_n00865_N_R.jpg,0.04717,0.13809,0.0,False,n00865
laurence_pountney_hill/north_to_south/001_n00873_S_F.jpg,0.02122,0.0,0.0,False,n00873
laurence_pountney_hill/north_to_south/002_n00872_S_L.jpg,0.023492,0.136279,0.0,False,n00872
laurence_pountney_hill/north_to_south/002_n00872_S_R.jpg,0.022122,0.131243,0.0,False,n00872
laurence_pountney_hill/north_to_south/003_n00871_S_L.jpg,0.014177,0.276101,0.0,False,n00871
laurence_pountney_hill/north_to_south/003_n00871_S_R.jpg,0.002502,0.127578,0.0,False,n00871
laurence_pountney_hill/north_to_south/004_n00870_S_L.jpg,0.030965,0.0,0.0,False,n00870
laurence_pountney_hill/north_to_south/004_n00870_S_R.jpg,0.0,0.0,0.073786,True,n00870
laurence_pountney_hill/north_to_south/005_n00869_W_L.jpg,0.012607,0.140969,0.0,False,n00869
laurence_pountney_hill/north_to_south/005_n00869_W_R.jpg,0.068207,0.304815,0.0,False,n00869
laurence_pountney_hill/north_to_south/006_n00868_E_L.jpg,0.025156,0.249004,0.0,False,n00868
laurence_pountney_hill/north_to_south/006_n00868_E_R.jpg,0.008518,0.0,0.0,False,n00868
laurence_pountney_hill/north_to_south/007_n00867_E_F.jpg,0.022511,0.001227,0.0,False,n00867
laurence_pountney_hill/north_to_south/008_n00866_E_L.jpg,0.0317,0.176938,0.0,False,n00866
laurence_pountney_hill/north_to_south/008_n00866_E_R.jpg,0.0,0.001507,0.0,False,n00866
laurence_pountney_hill/south_to_north/001_n00866_W_L.jpg,0.113568,0.142064,0.0,False,n00866
laurence_pountney_hill/south_to_north/001_n00866_W_R.jpg,0.108273,0.0,0.0,False,n00866
laurence_pountney_hill/south_to_north/002_n00867_W_F.jpg,0.008472,0.001893,0.0,False,n00867
laurence_pountney_hill/south_to_north/003_n00868_W_L.jpg,1.7e-05,0.0,0.0,False,n00868
laurence_pountney_hill/south_to_north/003_n00868_W_R.jpg,0.093859,0.309507,0.0,False,n00868
laurence_pountney_hill/south_to_north/004_n00869_E_L.jpg,0.007505,0.27682,0.0,False,n00869
laurence_pountney_hill/south_to_north/004_n00869_E_R.jpg,0.022011,0.110457,0.0,False,n00869
laurence_pountney_hill/south_to_north/005_n00870_N_L.jpg,0.093841,0.21646,0.0,False,n00870
laurence_pountney_hill/south_to_north/005_n00870_N_R.jpg,0.002454,0.298436,0.0,False,n00870
laurence_pountney_hill/south_to_north/006_n00871_N_L.jpg,0.0,0.049257,0.0,False,n00871
laurence_pountney_hill/south_to_north/006_n00871_N_R.jpg,0.018051,0.120039,0.0,False,n00871
laurence_pountney_hill/south_to_north/007_n00872_N_L.jpg,0.0,0.007872,0.0,False,n00872
laurence_pountney_hill/south_to_north/007_n00872_N_R.jpg,0.0,0.119492,0.0,False,n00872
laurence_pountney_hill/south_to_north/008_n00873_N_F.jpg,0.02912,0.0,0.0,False,n00873
laurence_pountney_lane/north_to_south/001_n00880_S_L.jpg,0.030488,0.050511,0.0,False,n00880
laurence_pountney_lane/north_to_south/001_n00880_S_R.jpg,0.03135,0.072879,0.0,False,n00880
laurence_pountney_lane/north_to_south/002_n00879_S_L.jpg,0.034668,0.089492,0.0,False,n00879
laurence_pountney_lane/north_to_south/002_n00879_S_R.jpg,0.0,0.053715,0.0,False,n00879
laurence_pountney_lane/north_to_south/003_n00878_S_L.jpg,0.012713,0.080398,0.0,False,n00878
laurence_pountney_lane/north_to_south/003_n00878_S_R.jpg,0.231917,0.050096,0.0,False,n00878
laurence_pountney_lane/north_to_south/004_n00877_S_L.jpg,0.020749,0.145473,0.0,False,n00877
laurence_pountney_lane/north_to_south/004_n00877_S_R.jpg,0.044655,0.049951,0.0,False,n00877
laurence_pountney_lane/north_to_south/005_n00876_S_L.jpg,0.018141,0.071816,0.0,False,n00876
laurence_pountney_lane/north_to_south/005_n00876_S_R.jpg,0.02228,0.051424,0.0,False,n00876
laurence_pountney_lane/north_to_south/006_n00875_S_L.jpg,0.008953,0.092029,0.0,False,n00875
laurence_pountney_lane/north_to_south/006_n00875_S_R.jpg,0.021327,0.058222,0.0,False,n00875
laurence_pountney_lane/north_to_south/007_n00874_S_L.jpg,0.122491,0.420602,0.0,False,n00874
laurence_pountney_lane/north_to_south/007_n00874_S_R.jpg,0.066873,0.091807,0.0,False,n00874
laurence_pountney_lane/south_to_north/001_n00874_N_L.jpg,0.097505,0.404622,0.0,False,n00874
laurence_pountney_lane/south_to_north/001_n00874_N_R.jpg,0.070235,0.390832,0.0,False,n00874
laurence_pountney_lane/south_to_north/002_n00875_N_L.jpg,0.031118,0.087027,0.0,False,n00875
laurence_pountney_lane/south_to_north/002_n00875_N_R.jpg,0.001618,0.067993,0.0,False,n00875
laurence_pountney_lane/south_to_north/003_n00876_N_L.jpg,0.033896,0.070916,0.0,False,n00876
laurence_pountney_lane/south_to_north/003_n00876_N_R.jpg,0.020976,0.072712,0.0,False,n00876
laurence_pountney_lane/south_to_north/004_n00877_N_L.jpg,0.089094,0.100962,0.0,False,n00877
laurence_pountney_lane/south_to_north/004_n00877_N_R.jpg,0.055203,0.159081,0.0,False,n00877
laurence_pountney_lane/south_to_north/005_n00878_N_L.jpg,0.0,0.096842,0.0,False,n00878
laurence_pountney_lane/south_to_north/005_n00878_N_R.jpg,0.029334,0.072745,0.0,False,n00878
laurence_pountney_lane/south_to_north/006_n00879_N_L.jpg,0.0008,0.064799,0.0,False,n00879
laurence_pountney_lane/south_to_north/006_n00879_N_R.jpg,0.050711,0.073752,0.0,False,n00879
laurence_pountney_lane/south_to_north/007_n00880_N_L.jpg,0.064027,0.099226,0.0,False,n00880
laurence_pountney_lane/south_to_north/007_n00880_N_R.jpg,0.055427,0.082769,0.028852,False,n00880
lawrence_lane/north_to_south/001_n00885_S_L.jpg,0.015732,0.0,0.0,False,n00885
lawrence_lane/north_to_south/001_n00885_S_R.jpg,0.024028,0.370334,0.0,False,n00885
lawrence_lane/north_to_south/002_n00884_S_L.jpg,0.041844,0.262716,0.0,False,n00884
lawrence_lane/north_to_south/002_n00884_S_R.jpg,0.006546,0.003608,0.216575,True,n00884
lawrence_lane/north_to_south/003_n00883_S_L.jpg,0.00858,0.123179,0.0,False,n00883
lawrence_lane/north_to_south/003_n00883_S_R.jpg,0.0,0.24711,0.0,False,n00883
lawrence_lane/north_to_south/004_n00882_S_L.jpg,0.0,0.029034,0.0,False,n00882
lawrence_lane/north_to_south/004_n00882_S_R.jpg,0.0,0.16277,0.002206,False,n00882
lawrence_lane/north_to_south/005_n00881_E_L.jpg,0.001806,0.311091,0.0,False,n00881
lawrence_lane/north_to_south/005_n00881_E_R.jpg,0.060466,0.062593,0.0,False,n00881
lawrence_lane/south_to_north/001_n00881_W_L.jpg,0.040677,0.190997,0.0,False,n00881
lawrence_lane/south_to_north/001_n00881_W_R.jpg,0.075041,0.009948,0.0,False,n00881
lawrence_lane/south_to_north/002_n00882_N_L.jpg,0.014426,0.188387,0.0,False,n00882
lawrence_lane/south_to_north/002_n00882_N_R.jpg,0.035801,0.108284,0.0,False,n00882
lawrence_lane/south_to_north/003_n00883_N_L.jpg,0.020678,0.207838,0.0,False,n00883
lawrence_lane/south_to_north/003_n00883_N_R.jpg,0.022593,0.088322,0.0,False,n00883
lawrence_lane/south_to_north/004_n00884_N_L.jpg,0.011491,0.266059,0.0011,False,n00884
lawrence_lane/south_to_north/004_n00884_N_R.jpg,0.019683,0.226394,0.0,False,n00884
lawrence_lane/south_to_north/005_n00885_N_L.jpg,0.0,0.225647,0.019183,False,n00885
lawrence_lane/south_to_north/005_n00885_N_R.jpg,0.0,0.0,0.0,False,n00885
leadenhall_market/east_to_west/001_n00886_W_F.jpg,0.0,0.087843,0.063239,False,n00886
leadenhall_market/east_to_west/002_n00887_W_F.jpg,0.0,0.0,0.143705,True,n00887
leadenhall_market/east_to_west/003_n00888_W_F.jpg,0.0,0.001932,0.06216,True,n00888
leadenhall_market/east_to_west/004_n00889_W_F.jpg,0.0,0.0,0.039081,True,n00889
leadenhall_market/east_to_west/005_n00890_W_F.jpg,0.0,0.001553,0.0,False,n00890
leadenhall_market/west_to_east/001_n00890_E_F.jpg,0.0,0.0,0.065961,True,n00890
leadenhall_market/west_to_east/002_n00889_E_F.jpg,0.0,0.0,0.068108,True,n00889
leadenhall_market/west_to_east/003_n00888_E_F.jpg,0.0,0.0,0.052884,True,n00888
leadenhall_market/west_to_east/004_n00887_E_F.jpg,0.007956,0.397379,0.016125,False,n00887
leadenhall_market/west_to_east/005_n00886_E_F.jpg,0.017617,0.024193,0.0,False,n00886
leadenhall_place/east_to_west/001_n00891_W_L.jpg,0.084717,0.06906,0.0,False,n00891
leadenhall_place/east_to_west/001_n00891_W_R.jpg,0.020639,0.341846,0.0,False,n00891
leadenhall_place/east_to_west/002_n00892_W_L.jpg,0.058354,0.131262,0.0,False,n00892
leadenhall_place/east_to_west/002_n00892_W_R.jpg,0.054694,0.368941,0.0,False,n00892
leadenhall_place/east_to_west/003_n00893_W_L.jpg,0.011376,0.0,0.0,False,n00893
leadenhall_place/east_to_west/003_n00893_W_R.jpg,0.010764,0.325219,0.0,False,n00893
leadenhall_place/west_to_east/001_n00893_E_L.jpg,0.002392,0.30033,0.0,False,n00893
leadenhall_place/west_to_east/001_n00893_E_R.jpg,0.0,0.0,0.081345,True,n00893
leadenhall_place/west_to_east/002_n00892_E_L.jpg,0.0,0.111488,0.0,False,n00892
leadenhall_place/west_to_east/002_n00892_E_R.jpg,0.0,0.149677,0.0,False,n00892
leadenhall_place/west_to_east/003_n00891_E_L.jpg,0.006448,0.19437,0.0,False,n00891
leadenhall_place/west_to_east/003_n00891_E_R.jpg,0.000193,0.252811,0.0,False,n00891
leadenhall_street/east_to_west/001_n00894_W_L.jpg,0.051216,0.315848,0.0,False,n00894
leadenhall_street/east_to_west/001_n00894_W_R.jpg,0.003895,0.30318,0.0,False,n00894
leadenhall_street/east_to_west/002_n00895_W_L.jpg,0.063061,0.332898,0.0,False,n00895
leadenhall_street/east_to_west/002_n00895_W_R.jpg,0.023542,0.262982,0.0,False,n00895
leadenhall_street/east_to_west/003_n00896_W_L.jpg,0.040993,0.179693,0.0,False,n00896
leadenhall_street/east_to_west/003_n00896_W_R.jpg,0.030012,0.372228,0.0,False,n00896
leadenhall_street/east_to_west/004_n00897_W_L.jpg,0.039423,0.188134,0.0,False,n00897
leadenhall_street/east_to_west/004_n00897_W_R.jpg,0.025177,0.382239,0.0,False,n00897
leadenhall_street/east_to_west/005_n00898_W_L.jpg,0.036744,0.169137,0.0,False,n00898
leadenhall_street/east_to_west/005_n00898_W_R.jpg,0.032489,0.376861,0.0,False,n00898
leadenhall_street/east_to_west/006_n00899_W_L.jpg,0.029512,0.160116,0.0,False,n00899
leadenhall_street/east_to_west/006_n00899_W_R.jpg,0.052844,0.396773,0.0,False,n00899
leadenhall_street/east_to_west/007_n00900_W_L.jpg,0.047993,0.359843,0.0,False,n00900
leadenhall_street/east_to_west/007_n00900_W_R.jpg,0.067574,0.32971,0.0,False,n00900
leadenhall_street/east_to_west/008_n00901_W_L.jpg,0.036454,0.187503,0.0,False,n00901
leadenhall_street/east_to_west/008_n00901_W_R.jpg,0.055251,0.339575,0.0,False,n00901
leadenhall_street/east_to_west/009_n00902_W_L.jpg,0.072857,0.364712,0.0,False,n00902
leadenhall_street/east_to_west/009_n00902_W_R.jpg,0.03618,0.209474,0.0,False,n00902
leadenhall_street/east_to_west/010_n00903_W_L.jpg,0.034685,0.319966,0.0,False,n00903
leadenhall_street/east_to_west/010_n00903_W_R.jpg,0.073136,0.335819,0.0,False,n00903
leadenhall_street/east_to_west/011_n00904_W_L.jpg,0.0,0.0,0.285229,True,n00904
leadenhall_street/east_to_west/011_n00904_W_R.jpg,0.0,0.0,0.273273,True,n00904
leadenhall_street/east_to_west/012_n00905_W_L.jpg,0.13163,0.328722,0.0,False,n00905
leadenhall_street/east_to_west/012_n00905_W_R.jpg,0.040651,0.311069,0.0,False,n00905
leadenhall_street/east_to_west/013_n00906_W_L.jpg,0.334178,0.340645,0.0,False,n00906
leadenhall_street/east_to_west/013_n00906_W_R.jpg,0.000368,0.290196,0.0,False,n00906
leadenhall_street/east_to_west/014_n00907_W_L.jpg,0.058089,0.278219,0.0,False,n00907
leadenhall_street/east_to_west/014_n00907_W_R.jpg,0.19705,0.243561,0.0,False,n00907
leadenhall_street/east_to_west/015_n00908_W_L.jpg,0.258414,0.140369,0.0,False,n00908
leadenhall_street/east_to_west/015_n00908_W_R.jpg,0.168307,0.410125,0.0,False,n00908
leadenhall_street/west_to_east/001_n00908_E_L.jpg,0.035105,0.131872,0.0,False,n00908
leadenhall_street/west_to_east/001_n00908_E_R.jpg,0.196355,0.367338,0.0,False,n00908
leadenhall_street/west_to_east/002_n00907_E_L.jpg,0.010591,0.061733,0.0,False,n00907
leadenhall_street/west_to_east/002_n00907_E_R.jpg,0.07343,0.332808,0.0,False,n00907
leadenhall_street/west_to_east/003_n00906_E_L.jpg,0.069058,0.255947,0.0,False,n00906
leadenhall_street/west_to_east/003_n00906_E_R.jpg,0.050565,0.324068,0.0,False,n00906
leadenhall_street/west_to_east/004_n00905_E_L.jpg,0.049712,0.254444,0.0,False,n00905
leadenhall_street/west_to_east/004_n00905_E_R.jpg,0.024856,0.293637,0.0,False,n00905
leadenhall_street/west_to_east/005_n00904_E_L.jpg,0.0,0.0,0.229945,True,n00904
leadenhall_street/west_to_east/005_n00904_E_R.jpg,0.0,0.0,0.207226,True,n00904
leadenhall_street/west_to_east/006_n00903_E_L.jpg,0.017745,0.278745,0.0,False,n00903
leadenhall_street/west_to_east/006_n00903_E_R.jpg,0.075545,0.355382,0.0,False,n00903
leadenhall_street/west_to_east/007_n00902_E_L.jpg,0.117386,0.201849,0.0,False,n00902
leadenhall_street/west_to_east/007_n00902_E_R.jpg,0.081342,0.364142,0.0,False,n00902
leadenhall_street/west_to_east/008_n00901_E_L.jpg,0.137454,0.346776,0.0,False,n00901
leadenhall_street/west_to_east/008_n00901_E_R.jpg,0.060444,0.161854,0.0,False,n00901
leadenhall_street/west_to_east/009_n00900_E_L.jpg,0.153129,0.33668,0.0,False,n00900
leadenhall_street/west_to_east/009_n00900_E_R.jpg,0.061987,0.31515,0.0,False,n00900
leadenhall_street/west_to_east/010_n00899_E_L.jpg,0.09013,0.358582,0.0,False,n00899
leadenhall_street/west_to_east/010_n00899_E_R.jpg,0.064199,0.173414,0.0,False,n00899
leadenhall_street/west_to_east/011_n00898_E_L.jpg,0.052852,0.370457,0.0,False,n00898
leadenhall_street/west_to_east/011_n00898_E_R.jpg,0.05981,0.230819,0.0,False,n00898
leadenhall_street/west_to_east/012_n00897_E_L.jpg,0.062974,0.369784,0.0,False,n00897
leadenhall_street/west_to_east/012_n00897_E_R.jpg,0.064877,0.223152,0.0,False,n00897
leadenhall_street/west_to_east/013_n00896_E_L.jpg,0.06236,0.346626,0.0,False,n00896
leadenhall_street/west_to_east/013_n00896_E_R.jpg,0.207761,0.252941,0.0,False,n00896
leadenhall_street/west_to_east/014_n00895_E_L.jpg,0.007881,0.289488,0.0,False,n00895
leadenhall_street/west_to_east/014_n00895_E_R.jpg,0.077535,0.323112,0.0,False,n00895
leadenhall_street/west_to_east/015_n00894_E_L.jpg,0.044656,0.140187,0.0,False,n00894
leadenhall_street/west_to_east/015_n00894_E_R.jpg,0.040917,0.305513,0.0,False,n00894
lime_street/north_to_south/001_n00923_S_L.jpg,0.02135,0.310065,0.0,False,n00923
lime_street/north_to_south/001_n00923_S_R.jpg,0.090699,0.36512,0.0,False,n00923
lime_street/north_to_south/002_n00922_S_L.jpg,0.023738,0.069176,0.0,False,n00922
lime_street/north_to_south/002_n00922_S_R.jpg,0.031506,0.313619,0.0,False,n00922
lime_street/north_to_south/003_n00921_S_L.jpg,0.012719,0.001944,0.0,False,n00921
lime_street/north_to_south/003_n00921_S_R.jpg,0.024388,0.023675,0.0,False,n00921
lime_street/north_to_south/004_n00920_S_F.jpg,0.019661,0.036536,0.0,False,n00920
lime_street/north_to_south/005_n00919_S_F.jpg,0.007655,0.017243,0.0,False,n00919
lime_street/north_to_south/006_n00918_S_L.jpg,0.016175,0.405141,0.0,False,n00918
lime_street/north_to_south/006_n00918_S_R.jpg,0.0,0.014652,0.0,False,n00918
lime_street/north_to_south/007_n00917_W_L.jpg,0.000571,0.247809,0.0,False,n00917
lime_street/north_to_south/007_n00917_W_R.jpg,0.0,0.12228,0.0,False,n00917
lime_street/north_to_south/008_n00916_S_L.jpg,0.0,0.225474,0.0,False,n00916
lime_street/north_to_south/008_n00916_S_R.jpg,0.063886,0.072249,0.0,False,n00916
lime_street/north_to_south/009_n00915_S_L.jpg,0.024828,0.283093,0.0,False,n00915
lime_street/north_to_south/009_n00915_S_R.jpg,0.0,0.0,0.0,False,n00915
lime_street/north_to_south/010_n00914_W_L.jpg,0.02843,0.265878,0.0,False,n00914
lime_street/north_to_south/010_n00914_W_R.jpg,0.053725,0.154814,0.0,False,n00914
lime_street/north_to_south/011_n00913_W_L.jpg,0.0,0.103325,0.0,False,n00913
lime_street/north_to_south/011_n00913_W_R.jpg,0.029989,0.18927,0.0,False,n00913
lime_street/north_to_south/012_n00912_W_L.jpg,0.027442,0.188635,0.0,False,n00912
lime_street/north_to_south/012_n00912_W_R.jpg,0.0,0.128642,0.0,False,n00912
lime_street/north_to_south/013_n00911_W_L.jpg,0.068675,0.221985,0.0,False,n00911
lime_street/north_to_south/013_n00911_W_R.jpg,0.0,0.095555,0.0,False,n00911
lime_street/north_to_south/014_n00910_S_L.jpg,0.046864,0.190308,0.0,False,n00910
lime_street/north_to_south/014_n00910_S_R.jpg,0.025637,0.071052,0.0,False,n00910
lime_street/north_to_south/015_n00909_S_L.jpg,0.038822,0.08185,0.0,False,n00909
lime_street/north_to_south/015_n00909_S_R.jpg,0.116866,0.227824,0.0,False,n00909
lime_street/south_to_north/001_n00909_N_L.jpg,0.044384,0.364946,0.0,False,n00909
lime_street/south_to_north/001_n00909_N_R.jpg,0.096957,0.285091,0.0,False,n00909
lime_street/south_to_north/002_n00910_N_L.jpg,0.002861,0.192822,0.0,False,n00910
lime_street/south_to_north/002_n00910_N_R.jpg,0.029364,0.076285,0.0,False,n00910
lime_street/south_to_north/003_n00911_E_L.jpg,0.015992,0.233349,0.0,False,n00911
lime_street/south_to_north/003_n00911_E_R.jpg,0.0,0.071663,0.0,False,n00911
lime_street/south_to_north/004_n00912_E_L.jpg,0.027826,0.193772,0.0,False,n00912
lime_street/south_to_north/004_n00912_E_R.jpg,0.016802,0.119254,0.0,False,n00912
lime_street/south_to_north/005_n00913_E_L.jpg,0.039027,0.151579,0.0,False,n00913
lime_street/south_to_north/005_n00913_E_R.jpg,0.050769,0.221233,0.0,False,n00913
lime_street/south_to_north/006_n00914_E_L.jpg,0.0,0.12649,0.0,False,n00914
lime_street/south_to_north/006_n00914_E_R.jpg,0.0,0.277461,0.0,False,n00914
lime_street/south_to_north/007_n00915_N_L.jpg,0.092698,0.193986,0.0,False,n00915
lime_street/south_to_north/007_n00915_N_R.jpg,0.0,0.210695,0.0,False,n00915
lime_street/south_to_north/008_n00916_N_L.jpg,0.040187,0.313144,0.0,False,n00916
lime_street/south_to_north/008_n00916_N_R.jpg,0.002412,0.218614,0.0,False,n00916
lime_street/south_to_north/009_n00917_E_L.jpg,0.036629,0.288889,0.0,False,n00917
lime_street/south_to_north/009_n00917_E_R.jpg,0.032119,0.199058,0.0,False,n00917
lime_street/south_to_north/010_n00918_N_L.jpg,0.01964,0.000456,0.0,False,n00918
lime_street/south_to_north/010_n00918_N_R.jpg,0.011695,0.029961,0.0,False,n00918
lime_street/south_to_north/011_n00919_N_F.jpg,0.02324,0.102457,0.0,False,n00919
lime_street/south_to_north/012_n00920_N_F.jpg,0.027083,0.001416,0.0,False,n00920
lime_street/south_to_north/013_n00921_N_L.jpg,0.025841,0.001306,0.0,False,n00921
lime_street/south_to_north/013_n00921_N_R.jpg,0.031066,0.0,0.0,False,n00921
lime_street/south_to_north/014_n00922_N_L.jpg,0.015366,0.011369,0.0,False,n00922
lime_street/south_to_north/014_n00922_N_R.jpg,0.050466,0.126274,0.0,False,n00922
lime_street/south_to_north/015_n00923_N_L.jpg,0.026771,0.305289,0.0,False,n00923
lime_street/south_to_north/015_n00923_N_R.jpg,0.194371,0.361753,0.0,False,n00923
lime_street_passage/north_to_south/001_n00928_S_F.jpg,0.0,0.054173,0.06137,False,n00928
lime_street_passage/north_to_south/002_n00927_S_F.jpg,0.018527,0.159147,0.0,False,n00927
lime_street_passage/north_to_south/003_n00926_S_F.jpg,0.019442,0.225715,0.0,False,n00926
lime_street_passage/north_to_south/004_n00925_S_F.jpg,0.0405,0.154361,0.0,False,n00925
lime_street_passage/north_to_south/005_n00924_S_L.jpg,0.017591,0.074018,0.0,False,n00924
lime_street_passage/north_to_south/005_n00924_S_R.jpg,0.056282,0.147222,0.0,False,n00924
lime_street_passage/south_to_north/001_n00924_N_L.jpg,0.041576,0.108319,0.0,False,n00924
lime_street_passage/south_to_north/001_n00924_N_R.jpg,0.051539,0.38596,0.0,False,n00924
lime_street_passage/south_to_north/002_n00925_N_F.jpg,0.010117,0.192294,0.0,False,n00925
lime_street_passage/south_to_north/003_n00926_N_F.jpg,0.008593,0.130576,0.0,False,n00926
lime_street_passage/south_to_north/004_n00927_N_F.jpg,0.0,0.177307,0.0,False,n00927
lime_street_passage/south_to_north/005_n00928_N_F.jpg,0.0,0.0,0.090686,True,n00928
little_britain/east_to_west/001_n00933_W_L.jpg,0.018445,0.149828,0.0,False,n00933
little_britain/east_to_west/001_n00933_W_R.jpg,0.024558,0.126782,0.0,False,n00933
little_britain/east_to_west/002_n00932_W_L.jpg,0.004022,0.188097,0.0,False,n00932
little_britain/east_to_west/002_n00932_W_R.jpg,0.000305,0.086202,0.0,False,n00932
little_britain/east_to_west/003_n00931_W_L.jpg,0.041109,0.158405,0.0,False,n00931
little_britain/east_to_west/003_n00931_W_R.jpg,0.001752,0.079532,0.0,False,n00931
little_britain/east_to_west/004_n00930_W_L.jpg,0.039952,0.155658,0.0,False,n00930
little_britain/east_to_west/004_n00930_W_R.jpg,0.029322,0.091337,0.0,False,n00930
little_britain/east_to_west/005_n00929_W_L.jpg,0.017062,0.243108,0.0,False,n00929
little_britain/east_to_west/005_n00929_W_R.jpg,0.023419,0.141856,0.0,False,n00929
little_britain/west_to_east/001_n00929_E_L.jpg,0.009499,0.069714,0.0,False,n00929
little_britain/west_to_east/001_n00929_E_R.jpg,0.000746,0.243653,0.0,False,n00929
little_britain/west_to_east/002_n00930_E_L.jpg,0.008215,0.083109,0.0,False,n00930
little_britain/west_to_east/002_n00930_E_R.jpg,0.027087,0.130082,0.0,False,n00930
little_britain/west_to_east/003_n00931_E_L.jpg,0.019835,0.078701,0.0,False,n00931
little_britain/west_to_east/003_n00931_E_R.jpg,0.083792,0.194529,0.0,False,n00931
little_britain/west_to_east/004_n00932_E_L.jpg,0.014454,0.124746,0.0,False,n00932
little_britain/west_to_east/004_n00932_E_R.jpg,0.059689,0.121973,0.0,False,n00932
little_britain/west_to_east/005_n00933_E_L.jpg,0.019671,0.140702,0.0,False,n00933
little_britain/west_to_east/005_n00933_E_R.jpg,0.001361,0.163326,0.0,False,n00933
little_college_lane/north_to_south/001_n00935_S_F.jpg,0.034351,0.001276,0.0,False,n00935
little_college_lane/north_to_south/002_n00934_S_F.jpg,0.175415,0.277637,0.0,False,n00934
little_college_lane/south_to_north/001_n00934_N_F.jpg,0.079073,0.007641,0.0,False,n00934
little_college_lane/south_to_north/002_n00935_N_F.jpg,0.077096,0.010108,0.0,False,n00935
little_trinity_lane/north_to_south/001_n00942_S_L.jpg,0.034611,0.107683,0.0,False,n00942
little_trinity_lane/north_to_south/001_n00942_S_R.jpg,0.045967,0.096013,0.0,False,n00942
little_trinity_lane/north_to_south/002_n00941_S_L.jpg,0.049298,0.109517,0.0,False,n00941
little_trinity_lane/north_to_south/002_n00941_S_R.jpg,0.029747,0.098807,0.0,False,n00941
little_trinity_lane/north_to_south/003_n00940_S_L.jpg,0.011926,0.118431,0.0,False,n00940
little_trinity_lane/north_to_south/003_n00940_S_R.jpg,0.012947,0.091464,0.0,False,n00940
little_trinity_lane/north_to_south/004_n00939_S_L.jpg,0.0,0.192792,0.260663,False,n00939
little_trinity_lane/north_to_south/004_n00939_S_R.jpg,0.0,0.104856,0.199581,False,n00939
little_trinity_lane/north_to_south/005_n00938_S_L.jpg,0.124468,0.367576,0.0,False,n00938
little_trinity_lane/north_to_south/005_n00938_S_R.jpg,0.021296,0.04292,0.000268,False,n00938
little_trinity_lane/north_to_south/006_n00937_E_L.jpg,0.049844,0.151865,0.0,False,n00937
little_trinity_lane/north_to_south/006_n00937_E_R.jpg,0.109659,0.23296,0.0,False,n00937
little_trinity_lane/north_to_south/007_n00936_E_L.jpg,0.054793,0.077285,0.0,False,n00936
little_trinity_lane/north_to_south/007_n00936_E_R.jpg,0.058584,0.127623,0.0,False,n00936
little_trinity_lane/south_to_north/001_n00936_W_L.jpg,0.233956,0.282181,0.0,False,n00936
little_trinity_lane/south_to_north/001_n00936_W_R.jpg,0.058242,0.286774,0.0,False,n00936
little_trinity_lane/south_to_north/002_n00937_W_L.jpg,0.026392,0.1767,0.0,False,n00937
little_trinity_lane/south_to_north/002_n00937_W_R.jpg,0.0,0.128511,0.0,False,n00937
little_trinity_lane/south_to_north/003_n00938_N_L.jpg,0.0,0.33756,0.405178,False,n00938
little_trinity_lane/south_to_north/003_n00938_N_R.jpg,0.0,0.060677,0.230672,False,n00938
little_trinity_lane/south_to_north/004_n00939_N_L.jpg,0.028941,0.278832,0.0,False,n00939
little_trinity_lane/south_to_north/004_n00939_N_R.jpg,0.034761,0.094071,0.0,False,n00939
little_trinity_lane/south_to_north/005_n00940_N_L.jpg,0.053506,0.15667,0.0,False,n00940
little_trinity_lane/south_to_north/005_n00940_N_R.jpg,0.024968,0.124399,0.0,False,n00940
little_trinity_lane/south_to_north/006_n00941_N_L.jpg,0.028249,0.159771,0.0,False,n00941
little_trinity_lane/south_to_north/006_n00941_N_R.jpg,0.031022,0.129933,0.0,False,n00941
little_trinity_lane/south_to_north/007_n00942_N_L.jpg,0.141406,0.216714,0.0,False,n00942
little_trinity_lane/south_to_north/007_n00942_N_R.jpg,0.117313,0.116969,0.0,False,n00942
liverpool_street/east_to_west/001_n00943_W_L.jpg,0.092344,0.23537,0.0,False,n00943
liverpool_street/east_to_west/001_n00943_W_R.jpg,0.188841,0.36781,0.0,False,n00943
liverpool_street/east_to_west/002_n00944_W_L.jpg,0.101541,0.311512,0.0,False,n00944
liverpool_street/east_to_west/002_n00944_W_R.jpg,0.083242,0.25706,0.0,False,n00944
liverpool_street/east_to_west/003_n00945_N_L.jpg,0.0,0.0,0.397813,True,n00945
liverpool_street/east_to_west/003_n00945_N_R.jpg,0.0,0.000106,0.176739,True,n00945
liverpool_street/east_to_west/004_n00946_W_L.jpg,0.21322,0.302391,0.0,False,n00946
liverpool_street/east_to_west/004_n00946_W_R.jpg,0.055986,0.204453,0.0,False,n00946
liverpool_street/east_to_west/005_n00947_W_L.jpg,0.13965,0.18467,0.0,False,n00947
liverpool_street/east_to_west/005_n00947_W_R.jpg,0.08771,0.340066,0.0,False,n00947
liverpool_street/east_to_west/006_n00948_W_L.jpg,0.12088,0.177374,0.0,False,n00948
liverpool_street/east_to_west/006_n00948_W_R.jpg,0.118236,0.304054,0.0,False,n00948
liverpool_street/east_to_west/007_n00949_W_F.jpg,0.128615,0.220791,0.0,False,n00949
liverpool_street/east_to_west/008_n00950_W_F.jpg,0.168872,0.361983,0.0,False,n00950
liverpool_street/east_to_west/009_n00951_W_L.jpg,0.0,0.0,0.233815,True,n00951
liverpool_street/east_to_west/009_n00951_W_R.jpg,0.0,0.0,0.402268,True,n00951
liverpool_street/east_to_west/010_n00952_W_F.jpg,0.0,0.0,0.316775,True,n00952
liverpool_street/east_to_west/011_n00953_W_F.jpg,0.090261,0.0,0.0,False,n00953
liverpool_street/east_to_west/012_n00954_W_L.jpg,0.063528,0.0,0.0,False,n00954
liverpool_street/east_to_west/012_n00954_W_R.jpg,0.15082,0.003901,0.0,False,n00954
liverpool_street/east_to_west/013_n00955_W_F.jpg,0.106478,0.0,0.0,False,n00955
liverpool_street/west_to_east/001_n00955_E_F.jpg,0.082273,0.001689,0.0,False,n00955
liverpool_street/west_to_east/002_n00954_E_L.jpg,0.127828,0.001006,0.0,False,n00954
liverpool_street/west_to_east/002_n00954_E_R.jpg,0.054806,0.0,0.0,False,n00954
liverpool_street/west_to_east/003_n00953_E_F.jpg,0.100903,0.0,0.0,False,n00953
liverpool_street/west_to_east/004_n00952_E_F.jpg,0.0,0.0,0.258685,True,n00952
liverpool_street/west_to_east/005_n00951_E_L.jpg,0.0,0.001767,0.481633,True,n00951
liverpool_street/west_to_east/005_n00951_E_R.jpg,0.0,0.0,0.167831,True,n00951
liverpool_street/west_to_east/006_n00950_E_F.jpg,0.091527,0.33628,0.0,False,n00950
liverpool_street/west_to_east/007_n00949_E_F.jpg,0.072756,0.241498,0.0,False,n00949
liverpool_street/west_to_east/008_n00948_E_L.jpg,0.056786,0.338992,0.0,False,n00948
liverpool_street/west_to_east/008_n00948_E_R.jpg,0.059854,0.165917,0.0,False,n00948
liverpool_street/west_to_east/009_n00947_E_L.jpg,0.027632,0.32166,0.0,False,n00947
liverpool_street/west_to_east/009_n00947_E_R.jpg,0.064281,0.163593,0.0,False,n00947
liverpool_street/west_to_east/010_n00946_E_L.jpg,0.074997,0.176865,0.0,False,n00946
liverpool_street/west_to_east/010_n00946_E_R.jpg,0.014708,0.345338,0.0,False,n00946
liverpool_street/west_to_east/011_n00945_S_L.jpg,0.0,0.0,0.021053,True,n00945
liverpool_street/west_to_east/011_n00945_S_R.jpg,0.0,0.042445,0.07415,False,n00945
liverpool_street/west_to_east/012_n00944_E_L.jpg,0.132684,0.223783,0.0,False,n00944
liverpool_street/west_to_east/012_n00944_E_R.jpg,0.041517,0.345734,0.0,False,n00944
liverpool_street/west_to_east/013_n00943_E_L.jpg,0.122434,0.235857,0.0,False,n00943
liverpool_street/west_to_east/013_n00943_E_R.jpg,0.048319,0.272149,0.0,False,n00943
lombard_court/east_to_west/001_n00956_W_L.jpg,0.134332,0.357866,0.0,False,n00956
lombard_court/east_to_west/001_n00956_W_R.jpg,0.049167,0.380343,0.0,False,n00956
lombard_court/east_to_west/002_n00957_W_F.jpg,0.01768,0.0,0.0,False,n00957
lombard_court/east_to_west/003_n00958_W_F.jpg,0.0,0.0,0.0,False,n00958
lombard_court/west_to_east/001_n00958_E_F.jpg,0.000942,0.0,0.0,False,n00958
lombard_court/west_to_east/002_n00957_E_F.jpg,0.002226,0.039342,0.0,False,n00957
lombard_court/west_to_east/003_n00956_E_L.jpg,0.045068,0.347183,0.0,False,n00956
lombard_court/west_to_east/003_n00956_E_R.jpg,0.026711,0.181459,0.0,False,n00956
lombard_street/east_to_west/001_n00959_W_L.jpg,0.082405,0.308453,0.0,False,n00959
lombard_street/east_to_west/001_n00959_W_R.jpg,0.093675,0.025859,0.0,False,n00959
lombard_street/east_to_west/002_n00960_W_L.jpg,0.029366,0.280181,0.0,False,n00960
lombard_street/east_to_west/002_n00960_W_R.jpg,0.04881,0.132666,0.0,False,n00960
lombard_street/east_to_west/003_n00961_W_L.jpg,0.01162,0.293935,0.0,False,n00961
lombard_street/east_to_west/003_n00961_W_R.jpg,0.065046,0.196518,0.0,False,n00961
lombard_street/east_to_west/004_n00962_W_L.jpg,0.029122,0.301669,0.0,False,n00962
lombard_street/east_to_west/004_n00962_W_R.jpg,0.044931,0.32991,0.0,False,n00962
lombard_street/east_to_west/005_n00963_W_L.jpg,0.04054,0.213626,0.0,False,n00963
lombard_street/east_to_west/005_n00963_W_R.jpg,0.104584,0.162906,0.0,False,n00963
lombard_street/east_to_west/006_n00964_W_L.jpg,0.049391,0.208088,0.0,False,n00964
lombard_street/east_to_west/006_n00964_W_R.jpg,0.020364,0.117472,0.0,False,n00964
lombard_street/east_to_west/007_n00965_W_F.jpg,0.055605,0.191513,0.0,False,n00965
lombard_street/east_to_west/008_n00966_W_L.jpg,0.046036,0.227691,0.0,False,n00966
lombard_street/east_to_west/008_n00966_W_R.jpg,0.021843,0.115458,0.0,False,n00966
lombard_street/east_to_west/009_n00967_W_L.jpg,0.048807,0.210103,0.0,False,n00967
lombard_street/east_to_west/009_n00967_W_R.jpg,0.019116,0.144472,0.0,False,n00967
lombard_street/east_to_west/010_n00968_W_L.jpg,0.039055,0.137164,0.0,False,n00968
lombard_street/east_to_west/010_n00968_W_R.jpg,0.037056,0.212226,0.0,False,n00968
lombard_street/east_to_west/011_n00969_W_L.jpg,0.037554,0.079287,0.0,False,n00969
lombard_street/east_to_west/011_n00969_W_R.jpg,0.046895,0.256681,0.0,False,n00969
lombard_street/east_to_west/012_n00970_W_L.jpg,0.000913,0.024176,0.0,False,n00970
lombard_street/east_to_west/012_n00970_W_R.jpg,0.075786,0.213572,0.0,False,n00970
lombard_street/east_to_west/013_n00971_W_F.jpg,0.0,0.0,0.47244,True,n00971
lombard_street/east_to_west/014_n00972_N_L.jpg,0.120804,0.282177,0.0,False,n00972
lombard_street/east_to_west/014_n00972_N_R.jpg,0.053477,0.373516,0.0,False,n00972
lombard_street/east_to_west/015_n00973_W_F.jpg,0.0,0.0,0.388817,True,n00973
lombard_street/east_to_west/016_n00974_N_F.jpg,0.0,0.0,0.350169,True,n00974
lombard_street/east_to_west/017_n00975_N_F.jpg,0.268934,0.409911,0.0,False,n00975
lombard_street/west_to_east/001_n00975_S_F.jpg,0.14483,0.331945,0.0,False,n00975
lombard_street/west_to_east/002_n00974_S_F.jpg,0.0,0.0,0.347067,True,n00974
lombard_street/west_to_east/003_n00973_E_F.jpg,0.0,0.0,0.410721,True,n00973
lombard_street/west_to_east/004_n00972_S_L.jpg,0.153958,0.419315,0.0,False,n00972
lombard_street/west_to_east/004_n00972_S_R.jpg,0.025144,0.183677,0.0,False,n00972
lombard_street/west_to_east/005_n00971_E_F.jpg,0.0,0.0,0.393509,True,n00971
lombard_street/west_to_east/006_n00970_E_L.jpg,0.008002,0.109636,0.0,False,n00970
lombard_street/west_to_east/006_n00970_E_R.jpg,0.04468,0.108395,0.0,False,n00970
lombard_street/west_to_east/007_n00969_E_L.jpg,0.029283,0.287723,0.0,False,n00969
lombard_street/west_to_east/007_n00969_E_R.jpg,0.022711,0.063879,0.0,False,n00969
lombard_street/west_to_east/008_n00968_E_L.jpg,0.012258,0.23487,0.0,False,n00968
lombard_street/west_to_east/008_n00968_E_R.jpg,0.039729,0.122753,0.0,False,n00968
lombard_street/west_to_east/009_n00967_E_L.jpg,0.005831,0.125854,0.0,False,n00967
lombard_street/west_to_east/009_n00967_E_R.jpg,0.051981,0.245785,0.0,False,n00967
lombard_street/west_to_east/010_n00966_E_L.jpg,0.023187,0.115322,0.0,False,n00966
lombard_street/west_to_east/010_n00966_E_R.jpg,0.035348,0.176475,0.0,False,n00966
lombard_street/west_to_east/011_n00965_E_F.jpg,0.024958,0.177595,0.0,False,n00965
lombard_street/west_to_east/012_n00964_E_L.jpg,0.030364,0.196024,0.0,False,n00964
lombard_street/west_to_east/012_n00964_E_R.jpg,0.014533,0.217074,0.0,False,n00964
lombard_street/west_to_east/013_n00963_E_L.jpg,0.036262,0.194443,0.0,False,n00963
lombard_street/west_to_east/013_n00963_E_R.jpg,0.007847,0.197651,0.0,False,n00963
lombard_street/west_to_east/014_n00962_E_L.jpg,0.033945,0.240475,0.0,False,n00962
lombard_street/west_to_east/014_n00962_E_R.jpg,0.0,0.273588,0.0,False,n00962
lombard_street/west_to_east/015_n00961_E_L.jpg,0.032141,0.335499,0.0,False,n00961
lombard_street/west_to_east/015_n00961_E_R.jpg,0.001236,0.282477,0.0,False,n00961
lombard_street/west_to_east/016_n00960_E_L.jpg,0.036965,0.140298,0.0,False,n00960
lombard_street/west_to_east/016_n00960_E_R.jpg,0.015123,0.283359,0.0,False,n00960
lombard_street/west_to_east/017_n00959_E_L.jpg,0.083895,0.185515,0.0,False,n00959
lombard_street/west_to_east/017_n00959_E_R.jpg,0.05954,0.400335,0.0,False,n00959
london_wall/east_to_west/001_n00976_W_L.jpg,0.115047,0.334119,0.0,False,n00976
london_wall/east_to_west/001_n00976_W_R.jpg,0.007864,0.308961,0.0,False,n00976
london_wall/east_to_west/002_n00977_W_L.jpg,0.084023,0.335196,0.0,False,n00977
london_wall/east_to_west/002_n00977_W_R.jpg,0.281059,0.29459,0.0,False,n00977
london_wall/east_to_west/003_n00978_W_L.jpg,0.209235,0.380558,0.0,False,n00978
london_wall/east_to_west/003_n00978_W_R.jpg,0.228702,0.431697,0.0,False,n00978
london_wall/east_to_west/004_n00979_W_L.jpg,0.065065,0.116339,0.0,False,n00979
london_wall/east_to_west/004_n00979_W_R.jpg,0.101217,0.149777,0.0,False,n00979
london_wall/east_to_west/005_n00980_W_L.jpg,0.08326,0.16851,0.0,False,n00980
london_wall/east_to_west/005_n00980_W_R.jpg,0.059696,0.285676,0.0,False,n00980
london_wall/east_to_west/006_n00981_W_L.jpg,0.076741,0.263292,0.0,False,n00981
london_wall/east_to_west/006_n00981_W_R.jpg,0.119636,0.146877,0.0,False,n00981
london_wall/east_to_west/007_n00982_W_L.jpg,0.033831,0.139348,0.0,False,n00982
london_wall/east_to_west/007_n00982_W_R.jpg,0.163534,0.393371,0.0,False,n00982
london_wall/east_to_west/008_n00983_W_L.jpg,0.082577,0.266093,0.0,False,n00983
london_wall/east_to_west/008_n00983_W_R.jpg,0.041483,0.374298,0.0,False,n00983
london_wall/east_to_west/009_n00984_W_L.jpg,0.081419,0.101748,0.0,False,n00984
london_wall/east_to_west/009_n00984_W_R.jpg,0.066974,0.170676,0.0,False,n00984
london_wall/east_to_west/010_n00985_W_L.jpg,0.091207,0.178091,0.0,False,n00985
london_wall/east_to_west/010_n00985_W_R.jpg,0.055561,0.297212,0.0,False,n00985
london_wall/east_to_west/011_n00986_W_L.jpg,0.06829,0.220349,0.0,False,n00986
london_wall/east_to_west/011_n00986_W_R.jpg,0.101295,0.310672,0.0,False,n00986
london_wall/east_to_west/012_n00987_W_L.jpg,0.023244,0.117717,0.0,False,n00987
london_wall/east_to_west/012_n00987_W_R.jpg,0.261329,0.378847,0.0,False,n00987
london_wall/east_to_west/013_n00988_W_L.jpg,0.053966,0.270505,0.0,False,n00988
london_wall/east_to_west/013_n00988_W_R.jpg,0.044015,0.188671,0.0,False,n00988
london_wall/east_to_west/014_n00989_W_L.jpg,0.012017,0.0,0.0,False,n00989
london_wall/east_to_west/014_n00989_W_R.jpg,0.210278,0.036948,0.0,False,n00989
london_wall/east_to_west/015_n00990_W_L.jpg,0.075642,0.174035,0.0,False,n00990
london_wall/east_to_west/015_n00990_W_R.jpg,0.15861,0.315175,0.0,False,n00990
london_wall/east_to_west/016_n00991_W_L.jpg,0.071283,0.271233,0.0,False,n00991
london_wall/east_to_west/016_n00991_W_R.jpg,0.114402,0.286085,0.0,False,n00991
london_wall/east_to_west/017_n00992_W_L.jpg,0.017961,0.118585,0.0,False,n00992
london_wall/east_to_west/017_n00992_W_R.jpg,0.247413,0.388112,0.0,False,n00992
london_wall/east_to_west/018_n00993_W_F.jpg,0.037516,0.246696,0.0,False,n00993
london_wall/east_to_west/019_n00994_W_L.jpg,0.035193,0.099214,0.0,False,n00994
london_wall/east_to_west/019_n00994_W_R.jpg,0.152894,0.261447,0.0,False,n00994
london_wall/east_to_west/020_n00995_W_L.jpg,0.114295,0.22289,0.0,False,n00995
london_wall/east_to_west/020_n00995_W_R.jpg,0.115841,0.308122,0.0,False,n00995
london_wall/east_to_west/021_n00996_W_L.jpg,0.078593,0.289226,0.0,False,n00996
london_wall/east_to_west/021_n00996_W_R.jpg,0.119401,0.283094,0.0,False,n00996
london_wall/east_to_west/022_n00997_W_L.jpg,0.019326,0.117029,0.0,False,n00997
london_wall/east_to_west/022_n00997_W_R.jpg,0.237883,0.390692,0.0,False,n00997
london_wall/east_to_west/023_n00998_W_L.jpg,0.041833,0.309985,0.0,False,n00998
london_wall/east_to_west/023_n00998_W_R.jpg,0.039923,0.284774,0.0,False,n00998
london_wall/east_to_west/024_n00999_W_L.jpg,0.135733,0.109378,0.0,False,n00999
london_wall/east_to_west/024_n00999_W_R.jpg,0.143119,0.357765,0.0,False,n00999
london_wall/east_to_west/025_n01000_W_L.jpg,0.106618,0.328977,0.0,False,n01000
london_wall/east_to_west/025_n01000_W_R.jpg,0.104593,0.300619,0.0,False,n01000
london_wall/east_to_west/026_n01001_W_L.jpg,0.09309,0.273848,0.0,False,n01001
london_wall/east_to_west/026_n01001_W_R.jpg,0.056088,0.278561,0.0,False,n01001
london_wall/east_to_west/027_n01002_W_L.jpg,0.034954,0.141977,0.0,False,n01002
london_wall/east_to_west/027_n01002_W_R.jpg,0.192189,0.365902,0.0,False,n01002
london_wall/east_to_west/028_n01003_W_L.jpg,0.040627,0.259274,0.0,False,n01003
london_wall/east_to_west/028_n01003_W_R.jpg,0.036168,0.258516,0.0,False,n01003
london_wall/east_to_west/029_n01004_W_F.jpg,0.065054,0.216018,0.0,False,n01004
london_wall/east_to_west/030_n01005_W_L.jpg,0.08585,0.215224,0.0,False,n01005
london_wall/east_to_west/030_n01005_W_R.jpg,0.056612,0.288169,0.0,False,n01005
london_wall/east_to_west/031_n01006_W_L.jpg,0.096115,0.244158,0.0,False,n01006
london_wall/east_to_west/031_n01006_W_R.jpg,0.092549,0.298048,0.0,False,n01006
london_wall/east_to_west/032_n01007_W_L.jpg,0.041342,0.109367,0.0,False,n01007
london_wall/east_to_west/032_n01007_W_R.jpg,0.136825,0.371762,0.0,False,n01007
london_wall/east_to_west/033_n01008_W_L.jpg,0.045242,0.23351,0.0,False,n01008
london_wall/east_to_west/033_n01008_W_R.jpg,0.029862,0.392552,0.0,False,n01008
london_wall/east_to_west/034_n01009_W_L.jpg,0.079584,0.077975,0.0,False,n01009
london_wall/east_to_west/034_n01009_W_R.jpg,0.220192,0.298841,0.0,False,n01009
london_wall/east_to_west/035_n01010_W_L.jpg,0.180927,0.300722,0.0,False,n01010
london_wall/east_to_west/035_n01010_W_R.jpg,0.080902,0.246589,0.0,False,n01010
london_wall/east_to_west/036_n01011_W_L.jpg,0.001788,0.279279,0.0,False,n01011
london_wall/east_to_west/036_n01011_W_R.jpg,0.135861,0.366104,0.0,False,n01011
london_wall/east_to_west/037_n01012_W_L.jpg,0.044139,0.10448,0.0,False,n01012
london_wall/east_to_west/037_n01012_W_R.jpg,0.211519,0.366362,0.0,False,n01012
london_wall/east_to_west/038_n01013_W_L.jpg,0.100792,0.342077,0.0,False,n01013
london_wall/east_to_west/038_n01013_W_R.jpg,0.037634,0.386628,0.0,False,n01013
london_wall/east_to_west/039_n01014_W_L.jpg,0.140993,0.313411,0.0,False,n01014
london_wall/east_to_west/039_n01014_W_R.jpg,0.196626,0.235765,0.0,False,n01014
london_wall/east_to_west/040_n01015_W_L.jpg,0.221091,0.17355,0.0,False,n01015
london_wall/east_to_west/040_n01015_W_R.jpg,0.0,0.367748,0.241353,False,n01015
london_wall/east_to_west/041_n01016_W_L.jpg,0.132002,0.260757,0.0,False,n01016
london_wall/east_to_west/041_n01016_W_R.jpg,0.01265,0.324727,0.0,False,n01016
london_wall/east_to_west/042_n01017_W_L.jpg,0.025999,0.129943,0.0,False,n01017
london_wall/east_to_west/042_n01017_W_R.jpg,0.042709,0.318502,0.0,False,n01017
london_wall/east_to_west/043_n01018_W_L.jpg,0.080582,0.277343,0.0,False,n01018
london_wall/east_to_west/043_n01018_W_R.jpg,0.085951,0.214732,0.0,False,n01018
london_wall/east_to_west/044_n01019_W_L.jpg,0.025176,0.119047,0.0,False,n01019
london_wall/east_to_west/044_n01019_W_R.jpg,0.03509,0.278802,0.0,False,n01019
london_wall/east_to_west/045_n01020_W_L.jpg,0.081243,0.330859,0.0,False,n01020
london_wall/east_to_west/045_n01020_W_R.jpg,0.054095,0.134643,0.0,False,n01020
london_wall/east_to_west/046_n01021_W_L.jpg,3.9e-05,0.115385,0.241311,False,n01021
london_wall/east_to_west/046_n01021_W_R.jpg,0.001265,0.277573,0.0,False,n01021
london_wall/east_to_west/047_n01022_W_L.jpg,0.100305,0.324849,0.0,False,n01022
london_wall/east_to_west/047_n01022_W_R.jpg,0.07785,0.136375,0.0,False,n01022
london_wall/east_to_west/048_n01023_W_L.jpg,0.021661,0.110362,0.0,False,n01023
london_wall/east_to_west/048_n01023_W_R.jpg,0.047073,0.285622,0.0,False,n01023
london_wall/east_to_west/049_n01024_W_L.jpg,0.073484,0.34477,0.0,False,n01024
london_wall/east_to_west/049_n01024_W_R.jpg,0.123502,0.333999,0.0,False,n01024
london_wall/east_to_west/050_n01025_W_L.jpg,0.123459,0.271608,0.0,False,n01025
london_wall/east_to_west/050_n01025_W_R.jpg,0.003481,0.191415,0.0,False,n01025
london_wall/east_to_west/051_n01026_W_L.jpg,0.104519,0.175413,0.0,False,n01026
london_wall/east_to_west/051_n01026_W_R.jpg,0.047466,0.112717,0.0,False,n01026
london_wall/east_to_west/052_n01027_W_L.jpg,0.090585,0.357921,0.0,False,n01027
london_wall/east_to_west/052_n01027_W_R.jpg,0.076067,0.268659,0.0,False,n01027
london_wall/east_to_west/053_n01028_W_L.jpg,0.135079,0.235523,0.0,False,n01028
london_wall/east_to_west/053_n01028_W_R.jpg,0.025296,0.087385,0.0,False,n01028
london_wall/east_to_west/054_n01029_W_L.jpg,0.060257,0.322116,0.0,False,n01029
london_wall/east_to_west/054_n01029_W_R.jpg,0.0,0.229544,0.0,False,n01029
london_wall/east_to_west/055_n01030_W_L.jpg,0.0636,0.378374,0.0,False,n01030
london_wall/east_to_west/055_n01030_W_R.jpg,0.077513,0.304946,0.0,False,n01030
london_wall/east_to_west/056_n01031_W_L.jpg,0.0,0.313669,0.0,False,n01031
london_wall/east_to_west/056_n01031_W_R.jpg,0.0,0.244241,0.0,False,n01031
london_wall/east_to_west/057_n01032_W_L.jpg,0.096627,0.21248,0.0,False,n01032
london_wall/east_to_west/057_n01032_W_R.jpg,0.040272,0.143884,0.0,False,n01032
london_wall/east_to_west/058_n01033_W_L.jpg,0.094793,0.206691,0.0,False,n01033
london_wall/east_to_west/058_n01033_W_R.jpg,0.049462,0.155646,0.0,False,n01033
london_wall/east_to_west/059_n01034_W_L.jpg,0.230418,0.335705,0.0,False,n01034
london_wall/east_to_west/059_n01034_W_R.jpg,0.074658,0.067811,0.0,False,n01034
london_wall/east_to_west/060_n01035_W_L.jpg,0.130588,0.297941,0.0,False,n01035
london_wall/east_to_west/060_n01035_W_R.jpg,0.089808,0.325192,0.0,False,n01035
london_wall/east_to_west/061_n01036_W_L.jpg,0.180574,0.2175,0.0,False,n01036
london_wall/east_to_west/061_n01036_W_R.jpg,0.014882,0.275924,0.0,False,n01036
london_wall/east_to_west/062_n01037_W_L.jpg,0.12715,0.18553,0.0,False,n01037
london_wall/east_to_west/062_n01037_W_R.jpg,0.03478,0.296086,0.0,False,n01037
london_wall/east_to_west/063_n01038_W_L.jpg,0.085388,0.164161,0.0,False,n01038
london_wall/east_to_west/063_n01038_W_R.jpg,0.002857,0.298848,0.0,False,n01038
london_wall/east_to_west/064_n01039_W_L.jpg,0.067946,0.1551,0.0,False,n01039
london_wall/east_to_west/064_n01039_W_R.jpg,0.006767,0.302368,0.0,False,n01039
london_wall/east_to_west/065_n01040_W_L.jpg,0.040946,0.38845,0.0,False,n01040
london_wall/east_to_west/065_n01040_W_R.jpg,0.028851,0.344798,0.0,False,n01040
london_wall/east_to_west/066_n01041_W_L.jpg,0.053802,0.301575,0.0,False,n01041
london_wall/east_to_west/066_n01041_W_R.jpg,0.018266,0.296844,0.0,False,n01041
london_wall/east_to_west/067_n01042_W_L.jpg,0.10212,0.28089,0.0,False,n01042
london_wall/east_to_west/067_n01042_W_R.jpg,0.020181,0.296263,0.0,False,n01042
london_wall/east_to_west/068_n01043_W_L.jpg,0.072565,0.323835,0.0,False,n01043
london_wall/east_to_west/068_n01043_W_R.jpg,0.021905,0.276811,0.0,False,n01043
london_wall/east_to_west/069_n01044_W_L.jpg,0.034022,0.266828,0.0,False,n01044
london_wall/east_to_west/069_n01044_W_R.jpg,0.022667,0.286839,0.0,False,n01044
london_wall/east_to_west/070_n01045_W_L.jpg,0.029924,0.321536,0.0,False,n01045
london_wall/east_to_west/070_n01045_W_R.jpg,0.009421,0.295851,0.0,False,n01045
london_wall/east_to_west/071_n01046_W_L.jpg,0.051465,0.24291,0.0,False,n01046
london_wall/east_to_west/071_n01046_W_R.jpg,0.107889,0.294946,0.0,False,n01046
london_wall/east_to_west/072_n01047_W_L.jpg,0.111102,0.306767,0.0,False,n01047
london_wall/east_to_west/072_n01047_W_R.jpg,0.116229,0.290048,0.0,False,n01047
london_wall/east_to_west/073_n01048_W_L.jpg,0.083449,0.361665,0.0,False,n01048
london_wall/east_to_west/073_n01048_W_R.jpg,0.018744,0.305641,0.0,False,n01048
london_wall/east_to_west/074_n01049_W_L.jpg,0.065988,0.342145,0.0,False,n01049
london_wall/east_to_west/074_n01049_W_R.jpg,0.0,0.301805,0.0,False,n01049
london_wall/east_to_west/075_n01050_W_L.jpg,0.0,0.280118,0.0,False,n01050
london_wall/east_to_west/075_n01050_W_R.jpg,0.0,0.309999,0.0,False,n01050
london_wall/west_to_east/001_n01031_E_L.jpg,0.100036,0.240378,0.0,False,n01031
london_wall/west_to_east/001_n01031_E_R.jpg,0.084866,0.306568,0.0,False,n01031
london_wall/west_to_east/002_n01012_E_L.jpg,0.13557,0.350415,0.0,False,n01012
london_wall/west_to_east/002_n01012_E_R.jpg,0.017744,0.228684,0.0,False,n01012
london_wall/west_to_east/003_n01015_E_L.jpg,0.079285,0.270098,0.0,False,n01015
london_wall/west_to_east/003_n01015_E_R.jpg,0.006871,0.228691,0.0,False,n01015
london_wall/west_to_east/004_n01014_E_L.jpg,0.159311,0.234762,0.0,False,n01014
london_wall/west_to_east/004_n01014_E_R.jpg,0.033131,0.130686,0.0,False,n01014
london_wall/west_to_east/005_n01050_E_L.jpg,0.043204,0.309639,0.0,False,n01050
london_wall/west_to_east/005_n01050_E_R.jpg,0.127675,0.321268,0.0,False,n01050
london_wall/west_to_east/006_n01007_E_L.jpg,0.156315,0.333575,0.0,False,n01007
london_wall/west_to_east/006_n01007_E_R.jpg,0.017251,0.104487,0.0,False,n01007
london_wall/west_to_east/007_n01009_E_L.jpg,0.110262,0.28194,0.0,False,n01009
london_wall/west_to_east/007_n01009_E_R.jpg,0.034742,0.094846,0.0,False,n01009
london_wall/west_to_east/008_n01029_E_L.jpg,0.234865,0.21647,0.0,False,n01029
london_wall/west_to_east/008_n01029_E_R.jpg,0.082994,0.315565,0.0,False,n01029
london_wall/west_to_east/009_n01049_E_L.jpg,0.171257,0.294962,0.0,False,n01049
london_wall/west_to_east/009_n01049_E_R.jpg,0.133644,0.240973,0.0,False,n01049
london_wall/west_to_east/010_n01010_E_L.jpg,0.088252,0.335992,0.0,False,n01010
london_wall/west_to_east/010_n01010_E_R.jpg,0.002923,0.216511,0.0,False,n01010
london_wall/west_to_east/011_n01027_E_L.jpg,0.215775,0.240678,0.0,False,n01027
london_wall/west_to_east/011_n01027_E_R.jpg,0.033667,0.324115,0.000198,False,n01027
london_wall/west_to_east/012_n01004_E_F.jpg,0.111559,0.182472,0.0,False,n01004
london_wall/west_to_east/013_n01005_E_L.jpg,0.032673,0.297795,0.0,False,n01005
london_wall/west_to_east/013_n01005_E_R.jpg,0.012571,0.233194,0.0,False,n01005
london_wall/west_to_east/014_n01048_E_L.jpg,0.187808,0.303971,0.0,False,n01048
london_wall/west_to_east/014_n01048_E_R.jpg,0.071332,0.311803,0.0,False,n01048
london_wall/west_to_east/015_n01002_E_L.jpg,0.200334,0.371649,0.0,False,n01002
london_wall/west_to_east/015_n01002_E_R.jpg,0.010258,0.127507,0.0,False,n01002
london_wall/west_to_east/016_n00997_E_L.jpg,0.18409,0.342719,0.0,False,n00997
london_wall/west_to_east/016_n00997_E_R.jpg,0.010988,0.069999,0.0,False,n00997
london_wall/west_to_east/017_n01047_E_L.jpg,0.149415,0.251699,0.0,False,n01047
london_wall/west_to_east/017_n01047_E_R.jpg,0.060556,0.287139,0.0,False,n01047
london_wall/west_to_east/018_n01000_E_L.jpg,0.228149,0.297566,0.0,False,n01000
london_wall/west_to_east/018_n01000_E_R.jpg,0.041293,0.363297,0.0,False,n01000
london_wall/west_to_east/019_n00999_E_L.jpg,0.263459,0.273168,0.0,False,n00999
london_wall/west_to_east/019_n00999_E_R.jpg,0.030673,0.08658,0.0,False,n00999
london_wall/west_to_east/020_n01025_E_L.jpg,0.0594,0.185803,0.0,False,n01025
london_wall/west_to_east/020_n01025_E_R.jpg,0.0,0.0,0.0,False,n01025
london_wall/west_to_east/021_n00995_E_L.jpg,0.235502,0.306417,0.0,False,n00995
london_wall/west_to_east/021_n00995_E_R.jpg,0.032423,0.203252,0.0,False,n00995
london_wall/west_to_east/022_n00994_E_L.jpg,0.205023,0.18032,0.0,False,n00994
london_wall/west_to_east/022_n00994_E_R.jpg,0.027122,0.082306,0.0,False,n00994
london_wall/west_to_east/023_n01023_E_L.jpg,0.035645,0.215477,0.0,False,n01023
london_wall/west_to_east/023_n01023_E_R.jpg,0.036008,0.087738,0.0,False,n01023
london_wall/west_to_east/024_n00992_E_L.jpg,0.18175,0.381227,0.0,False,n00992
london_wall/west_to_east/024_n00992_E_R.jpg,0.009251,0.091174,0.0,False,n00992
london_wall/west_to_east/025_n01046_E_L.jpg,0.019158,0.286785,0.0,False,n01046
london_wall/west_to_east/025_n01046_E_R.jpg,0.067921,0.241441,0.0,False,n01046
london_wall/west_to_east/026_n00987_E_L.jpg,0.132069,0.410145,0.0,False,n00987
london_wall/west_to_east/026_n00987_E_R.jpg,0.001388,0.102086,0.0,False,n00987
london_wall/west_to_east/027_n01045_E_L.jpg,0.021601,0.28628,0.0,False,n01045
london_wall/west_to_east/027_n01045_E_R.jpg,0.098703,0.333475,0.0,False,n01045
london_wall/west_to_east/028_n01021_E_L.jpg,0.040233,0.296763,0.0,False,n01021
london_wall/west_to_east/028_n01021_E_R.jpg,0.083721,0.090449,0.0,False,n01021
london_wall/west_to_east/029_n00989_E_L.jpg,0.101804,0.05976,0.0,False,n00989
london_wall/west_to_east/029_n00989_E_R.jpg,0.01714,0.0,0.0,False,n00989
london_wall/west_to_east/030_n00990_E_L.jpg,0.057149,0.356873,0.0,False,n00990
london_wall/west_to_east/030_n00990_E_R.jpg,0.028231,0.210136,0.0,False,n00990
london_wall/west_to_east/031_n01019_E_L.jpg,0.037009,0.285304,0.0,False,n01019
london_wall/west_to_east/031_n01019_E_R.jpg,0.098538,0.114331,0.0,False,n01019
london_wall/west_to_east/032_n00985_E_L.jpg,0.0,0.298308,0.0,False,n00985
london_wall/west_to_east/032_n00985_E_R.jpg,0.0,0.166907,0.0,False,n00985
london_wall/west_to_east/033_n00984_E_L.jpg,0.0,0.175266,0.0,False,n00984
london_wall/west_to_east/033_n00984_E_R.jpg,0.002562,0.096371,0.0,False,n00984
london_wall/west_to_east/034_n01044_E_L.jpg,0.02244,0.333657,0.0,False,n01044
london_wall/west_to_east/034_n01044_E_R.jpg,0.114769,0.238369,0.0,False,n01044
london_wall/west_to_east/035_n00982_E_L.jpg,0.047955,0.378844,0.0,False,n00982
london_wall/west_to_east/035_n00982_E_R.jpg,0.057059,0.165939,0.0,False,n00982
london_wall/west_to_east/036_n01043_E_L.jpg,0.020956,0.272411,0.0,False,n01043
london_wall/west_to_east/036_n01043_E_R.jpg,0.136792,0.247444,0.0,False,n01043
london_wall/west_to_east/037_n00977_E_L.jpg,0.108026,0.275036,0.0,False,n00977
london_wall/west_to_east/037_n00977_E_R.jpg,0.0,0.202449,0.0,False,n00977
london_wall/west_to_east/038_n00980_E_L.jpg,9e-06,0.286519,0.0,False,n00980
london_wall/west_to_east/038_n00980_E_R.jpg,0.0,0.21734,0.0,False,n00980
london_wall/west_to_east/039_n00979_E_L.jpg,0.011857,0.258732,0.0,False,n00979
london_wall/west_to_east/039_n00979_E_R.jpg,0.0,0.109226,0.0,False,n00979
london_wall/west_to_east/040_n01017_E_L.jpg,0.03669,0.181462,0.0,False,n01017
london_wall/west_to_east/040_n01017_E_R.jpg,0.064292,0.164446,0.0,False,n01017
london_wall/west_to_east/041_n01013_E_L.jpg,0.04424,0.318197,0.0,False,n01013
london_wall/west_to_east/041_n01013_E_R.jpg,0.074203,0.288873,0.0,False,n01013
london_wall/west_to_east/042_n01042_E_L.jpg,0.022549,0.280525,0.0,False,n01042
london_wall/west_to_east/042_n01042_E_R.jpg,0.119248,0.301795,0.0,False,n01042
london_wall/west_to_east/043_n01041_E_L.jpg,0.026942,0.290036,0.0,False,n01041
london_wall/west_to_east/043_n01041_E_R.jpg,0.119406,0.305339,0.0,False,n01041
london_wall/west_to_east/044_n01008_E_L.jpg,0.061999,0.324292,0.0,False,n01008
london_wall/west_to_east/044_n01008_E_R.jpg,0.086276,0.279968,0.0,False,n01008
london_wall/west_to_east/045_n01003_E_L.jpg,0.10284,0.322372,0.0,False,n01003
london_wall/west_to_east/045_n01003_E_R.jpg,0.116478,0.32993,0.0,False,n01003
london_wall/west_to_east/046_n01040_E_L.jpg,0.033871,0.377477,0.0,False,n01040
london_wall/west_to_east/046_n01040_E_R.jpg,0.165447,0.221717,0.0,False,n01040
london_wall/west_to_east/047_n01039_E_L.jpg,0.110752,0.267543,0.0,False,n01039
london_wall/west_to_east/047_n01039_E_R.jpg,0.197077,0.171638,0.0,False,n01039
london_wall/west_to_east/048_n00998_E_L.jpg,0.169249,0.264044,0.0,False,n00998
london_wall/west_to_east/048_n00998_E_R.jpg,0.123846,0.331888,0.0,False,n00998
london_wall/west_to_east/049_n00993_E_F.jpg,0.198306,0.228784,0.0,False,n00993
london_wall/west_to_east/050_n01038_E_L.jpg,0.209307,0.280816,0.0,False,n01038
london_wall/west_to_east/050_n01038_E_R.jpg,0.227784,0.165392,0.0,False,n01038
london_wall/west_to_east/051_n00988_E_L.jpg,0.097516,0.187995,0.0,False,n00988
london_wall/west_to_east/051_n00988_E_R.jpg,0.067778,0.261864,0.0,False,n00988
london_wall/west_to_east/052_n01037_E_L.jpg,0.094867,0.268836,0.0,False,n01037
london_wall/west_to_east/052_n01037_E_R.jpg,0.190806,0.375912,0.0,False,n01037
london_wall/west_to_east/053_n01036_E_L.jpg,0.013979,0.207079,0.0,False,n01036
london_wall/west_to_east/053_n01036_E_R.jpg,0.104557,0.195266,0.0,False,n01036
london_wall/west_to_east/054_n00983_E_L.jpg,0.245831,0.224989,0.0,False,n00983
london_wall/west_to_east/054_n00983_E_R.jpg,0.072733,0.268743,0.0,False,n00983
london_wall/west_to_east/055_n00978_E_L.jpg,0.181429,0.435719,0.0,False,n00978
london_wall/west_to_east/055_n00978_E_R.jpg,0.101433,0.240747,0.0,False,n00978
london_wall/west_to_east/056_n01035_E_L.jpg,0.183051,0.405965,0.0,False,n01035
london_wall/west_to_east/056_n01035_E_R.jpg,0.20161,0.385664,0.0,False,n01035
london_wall/west_to_east/057_n01034_E_L.jpg,0.094089,0.204255,0.0,False,n01034
london_wall/west_to_east/057_n01034_E_R.jpg,0.052534,0.210977,0.0,False,n01034
london_wall/west_to_east/058_n01033_E_L.jpg,0.054267,0.173841,0.0,False,n01033
london_wall/west_to_east/058_n01033_E_R.jpg,0.087445,0.263973,0.0,False,n01033
london_wall/west_to_east/059_n01032_E_L.jpg,0.044651,0.178746,0.0,False,n01032
london_wall/west_to_east/059_n01032_E_R.jpg,0.107702,0.216589,0.0,False,n01032
london_wall/west_to_east/060_n01030_E_L.jpg,0.0,0.397317,0.0,False,n01030
london_wall/west_to_east/060_n01030_E_R.jpg,0.124503,0.374824,0.0,False,n01030
london_wall/west_to_east/061_n01028_E_L.jpg,0.0703,0.172287,0.0,False,n01028
london_wall/west_to_east/061_n01028_E_R.jpg,0.052926,0.229872,0.0,False,n01028
london_wall/west_to_east/062_n01026_E_L.jpg,0.066375,0.163588,0.0,False,n01026
london_wall/west_to_east/062_n01026_E_R.jpg,0.074787,0.299774,0.0,False,n01026
london_wall/west_to_east/063_n01024_E_L.jpg,0.111661,0.393365,0.0,False,n01024
london_wall/west_to_east/063_n01024_E_R.jpg,0.097181,0.282235,0.0,False,n01024
london_wall/west_to_east/064_n01022_E_L.jpg,0.058121,0.161979,0.0,False,n01022
london_wall/west_to_east/064_n01022_E_R.jpg,0.063191,0.317867,0.0,False,n01022
london_wall/west_to_east/065_n01020_E_L.jpg,0.041509,0.153867,0.0,False,n01020
london_wall/west_to_east/065_n01020_E_R.jpg,0.075495,0.279101,0.0,False,n01020
london_wall/west_to_east/066_n01018_E_L.jpg,0.033787,0.179032,0.0,False,n01018
london_wall/west_to_east/066_n01018_E_R.jpg,0.092227,0.342994,0.0,False,n01018
london_wall/west_to_east/067_n01016_E_L.jpg,0.208146,0.410815,0.0,False,n01016
london_wall/west_to_east/067_n01016_E_R.jpg,0.001305,0.273047,0.0,False,n01016
london_wall/west_to_east/068_n01011_E_L.jpg,0.11554,0.33491,0.0,False,n01011
london_wall/west_to_east/068_n01011_E_R.jpg,0.129837,0.38869,0.0,False,n01011
london_wall/west_to_east/069_n01006_E_L.jpg,0.082644,0.284293,0.0,False,n01006
london_wall/west_to_east/069_n01006_E_R.jpg,0.058156,0.304027,0.0,False,n01006
london_wall/west_to_east/070_n01001_E_L.jpg,0.116638,0.298762,0.0,False,n01001
london_wall/west_to_east/070_n01001_E_R.jpg,0.044569,0.222344,0.0,False,n01001
london_wall/west_to_east/071_n00996_E_L.jpg,0.088592,0.301797,0.0,False,n00996
london_wall/west_to_east/071_n00996_E_R.jpg,0.037881,0.278944,0.0,False,n00996
london_wall/west_to_east/072_n00991_E_L.jpg,0.087394,0.305559,0.0,False,n00991
london_wall/west_to_east/072_n00991_E_R.jpg,0.032841,0.22884,0.0,False,n00991
london_wall/west_to_east/073_n00986_E_L.jpg,0.007312,0.317168,0.0,False,n00986
london_wall/west_to_east/073_n00986_E_R.jpg,0.033159,0.283186,0.0,False,n00986
london_wall/west_to_east/074_n00981_E_L.jpg,0.008576,0.27926,0.0,False,n00981
london_wall/west_to_east/074_n00981_E_R.jpg,0.066802,0.373795,0.0,False,n00981
london_wall/west_to_east/075_n00976_E_L.jpg,0.083201,0.212791,0.0,False,n00976
london_wall/west_to_east/075_n00976_E_R.jpg,0.052199,0.383512,0.0,False,n00976
london_wall_place/north_to_south/001_n01052_S_F.jpg,0.007601,0.000525,0.0,False,n01052
london_wall_place/north_to_south/002_n01051_S_L.jpg,0.023021,0.278784,0.0,False,n01051
london_wall_place/north_to_south/002_n01051_S_R.jpg,0.103414,0.380969,0.0,False,n01051
london_wall_place/south_to_north/001_n01051_N_L.jpg,0.171323,0.245355,0.0,False,n01051
london_wall_place/south_to_north/001_n01051_N_R.jpg,0.151064,0.301293,0.0,False,n01051
london_wall_place/south_to_north/002_n01052_N_F.jpg,0.037542,0.001298,0.0,False,n01052
lothbury/east_to_west/001_n01053_W_F.jpg,0.03662,0.186804,0.0,False,n01053
lothbury/east_to_west/002_n01054_W_L.jpg,0.083559,0.155972,0.0,False,n01054
lothbury/east_to_west/002_n01054_W_R.jpg,0.114673,0.366315,0.0,False,n01054
lothbury/east_to_west/003_n01055_W_L.jpg,0.046491,0.132105,0.0,False,n01055
lothbury/east_to_west/003_n01055_W_R.jpg,0.060959,0.225664,0.0,False,n01055
lothbury/east_to_west/004_n01056_W_L.jpg,0.080578,0.192606,0.0,False,n01056
lothbury/east_to_west/004_n01056_W_R.jpg,0.13936,0.114623,0.0,False,n01056
lothbury/east_to_west/005_n01057_W_L.jpg,0.071002,0.1363,0.0,False,n01057
lothbury/east_to_west/005_n01057_W_R.jpg,0.046333,0.068309,0.0,False,n01057
lothbury/east_to_west/006_n01058_W_L.jpg,0.061194,0.40725,0.0,False,n01058
lothbury/east_to_west/006_n01058_W_R.jpg,0.163053,0.423109,0.0,False,n01058
lothbury/east_to_west/007_n01059_W_L.jpg,0.060617,0.120038,0.0,False,n01059
lothbury/east_to_west/007_n01059_W_R.jpg,0.131572,0.297702,0.0,False,n01059
lothbury/east_to_west/008_n01060_W_L.jpg,0.081668,0.12561,0.0,False,n01060
lothbury/east_to_west/008_n01060_W_R.jpg,0.106971,0.369415,0.0,False,n01060
lothbury/east_to_west/009_n01061_W_L.jpg,0.089417,0.179904,0.0,False,n01061
lothbury/east_to_west/009_n01061_W_R.jpg,0.117121,0.32295,0.0,False,n01061
lothbury/east_to_west/010_n01062_W_F.jpg,0.114259,0.237372,0.0,False,n01062
lothbury/east_to_west/011_n01063_W_L.jpg,0.051025,0.376234,0.0,False,n01063
lothbury/east_to_west/011_n01063_W_R.jpg,0.064392,0.373231,0.0,False,n01063
lothbury/east_to_west/012_n01064_W_L.jpg,0.030814,0.160265,0.0,False,n01064
lothbury/east_to_west/012_n01064_W_R.jpg,0.082715,0.384984,0.0,False,n01064
lothbury/east_to_west/013_n01065_W_L.jpg,0.067601,0.364176,0.0,False,n01065
lothbury/east_to_west/013_n01065_W_R.jpg,0.055091,0.374397,0.0,False,n01065
lothbury/west_to_east/001_n01058_E_L.jpg,0.106449,0.282232,0.0,False,n01058
lothbury/west_to_east/001_n01058_E_R.jpg,0.14157,0.327705,0.0,False,n01058
lothbury/west_to_east/002_n01065_E_L.jpg,0.080432,0.265782,0.0,False,n01065
lothbury/west_to_east/002_n01065_E_R.jpg,0.149384,0.361631,0.0,False,n01065
lothbury/west_to_east/003_n01064_E_L.jpg,0.087983,0.37249,0.0,False,n01064
lothbury/west_to_east/003_n01064_E_R.jpg,0.184506,0.224414,0.0,False,n01064
lothbury/west_to_east/004_n01056_E_L.jpg,0.064046,0.198915,0.0,False,n01056
lothbury/west_to_east/004_n01056_E_R.jpg,0.021054,0.167519,0.0,False,n01056
lothbury/west_to_east/005_n01054_E_L.jpg,0.091416,0.362538,0.0,False,n01054
lothbury/west_to_east/005_n01054_E_R.jpg,0.043098,0.102913,0.0,False,n01054
lothbury/west_to_east/006_n01063_E_L.jpg,0.219312,0.409433,0.0,False,n01063
lothbury/west_to_east/006_n01063_E_R.jpg,0.221639,0.412468,0.0,False,n01063
lothbury/west_to_east/007_n01062_E_F.jpg,0.056946,0.140262,0.0,False,n01062
lothbury/west_to_east/008_n01061_E_L.jpg,0.067283,0.297882,0.0,False,n01061
lothbury/west_to_east/008_n01061_E_R.jpg,0.032935,0.101222,0.0,False,n01061
lothbury/west_to_east/009_n01060_E_L.jpg,0.099998,0.339541,0.0,False,n01060
lothbury/west_to_east/009_n01060_E_R.jpg,0.027746,0.084504,0.0,False,n01060
lothbury/west_to_east/010_n01059_E_L.jpg,0.026126,0.286565,0.0,False,n01059
lothbury/west_to_east/010_n01059_E_R.jpg,0.037169,0.075772,0.0,False,n01059
lothbury/west_to_east/011_n01057_E_L.jpg,0.007474,0.094758,0.0,False,n01057
lothbury/west_to_east/011_n01057_E_R.jpg,0.056424,0.26539,0.0,False,n01057
lothbury/west_to_east/012_n01055_E_L.jpg,0.006919,0.214703,0.0,False,n01055
lothbury/west_to_east/012_n01055_E_R.jpg,0.026655,0.093625,0.0,False,n01055
lothbury/west_to_east/013_n01053_E_F.jpg,0.085126,0.264118,0.0,False,n01053
lovat_lane/north_to_south/001_n01072_S_L.jpg,0.057096,0.023045,0.0,False,n01072
lovat_lane/north_to_south/001_n01072_S_R.jpg,0.00405,0.025811,0.0,False,n01072
lovat_lane/north_to_south/002_n01071_S_F.jpg,0.0,0.0,0.0,False,n01071
lovat_lane/north_to_south/003_n01070_S_F.jpg,0.023372,0.180646,0.0,False,n01070
lovat_lane/north_to_south/004_n01069_S_F.jpg,0.0,0.0,0.049677,True,n01069
lovat_lane/north_to_south/005_n01068_S_F.jpg,0.024309,0.131112,0.0,False,n01068
lovat_lane/north_to_south/006_n01067_S_F.jpg,0.027659,0.030824,0.0,False,n01067
lovat_lane/north_to_south/007_n01066_S_F.jpg,0.251471,0.032451,0.0,False,n01066
lovat_lane/south_to_north/001_n01066_N_F.jpg,0.029194,0.023836,0.0,False,n01066
lovat_lane/south_to_north/002_n01067_N_F.jpg,0.0,0.162657,0.0,False,n01067
lovat_lane/south_to_north/003_n01068_N_F.jpg,0.006335,0.0,0.0,False,n01068
lovat_lane/south_to_north/004_n01069_N_F.jpg,0.0,0.0,0.195852,True,n01069
lovat_lane/south_to_north/005_n01070_N_F.jpg,0.0,0.163586,0.0,False,n01070
lovat_lane/south_to_north/006_n01071_N_F.jpg,0.0,0.027899,0.00622,False,n01071
lovat_lane/south_to_north/007_n01072_N_L.jpg,0.050868,0.149202,0.0,False,n01072
lovat_lane/south_to_north/007_n01072_N_R.jpg,0.0,0.062179,0.0,False,n01072
love_lane/east_to_west/001_n01073_W_L.jpg,0.034429,0.069313,0.0,False,n01073
love_lane/east_to_west/001_n01073_W_R.jpg,0.163109,0.355181,0.0,False,n01073
love_lane/east_to_west/002_n01074_W_L.jpg,0.018442,0.124695,0.0,False,n01074
love_lane/east_to_west/002_n01074_W_R.jpg,0.073534,0.300437,0.0,False,n01074
love_lane/east_to_west/003_n01075_W_L.jpg,0.014756,0.12223,0.0,False,n01075
love_lane/east_to_west/003_n01075_W_R.jpg,0.033911,0.259247,0.0,False,n01075
love_lane/east_to_west/004_n01076_W_L.jpg,0.012359,0.407277,0.0,False,n01076
love_lane/east_to_west/004_n01076_W_R.jpg,0.010102,0.015828,0.0,False,n01076
love_lane/west_to_east/001_n01076_E_L.jpg,0.028207,0.020651,0.0,False,n01076
love_lane/west_to_east/001_n01076_E_R.jpg,0.057173,0.212721,0.0,False,n01076
love_lane/west_to_east/002_n01075_E_L.jpg,0.115346,0.256291,0.0,False,n01075
love_lane/west_to_east/002_n01075_E_R.jpg,0.028584,0.083539,0.0,False,n01075
love_lane/west_to_east/003_n01074_E_L.jpg,0.251493,0.279878,0.0,False,n01074
love_lane/west_to_east/003_n01074_E_R.jpg,0.047011,0.085169,0.0,False,n01074
love_lane/west_to_east/004_n01073_E_L.jpg,0.19468,0.309352,0.0,False,n01073
love_lane/west_to_east/004_n01073_E_R.jpg,0.053529,0.332458,0.0,False,n01073
lower_thames_street/east_to_west/001_n01077_W_L.jpg,0.048014,0.304627,0.0,False,n01077
lower_thames_street/east_to_west/001_n01077_W_R.jpg,0.048715,0.224157,0.0,False,n01077
lower_thames_street/east_to_west/002_n01078_W_L.jpg,0.118793,0.399446,0.0,False,n01078
lower_thames_street/east_to_west/002_n01078_W_R.jpg,0.008195,0.181305,0.0,False,n01078
lower_thames_street/east_to_west/003_n01079_W_L.jpg,0.201138,0.421172,0.0,False,n01079
lower_thames_street/east_to_west/003_n01079_W_R.jpg,0.076042,0.381854,0.0,False,n01079
lower_thames_street/east_to_west/004_n01080_W_L.jpg,0.06794,0.323125,0.0,False,n01080
lower_thames_street/east_to_west/004_n01080_W_R.jpg,0.03702,0.279316,0.0,False,n01080
lower_thames_street/east_to_west/005_n01081_W_L.jpg,0.212181,0.284755,0.0,False,n01081
lower_thames_street/east_to_west/005_n01081_W_R.jpg,0.073953,0.130409,0.0,False,n01081
lower_thames_street/east_to_west/006_n01082_W_L.jpg,0.144351,0.417855,0.0,False,n01082
lower_thames_street/east_to_west/006_n01082_W_R.jpg,0.082685,0.392925,0.0,False,n01082
lower_thames_street/east_to_west/007_n01083_W_L.jpg,0.039323,0.350992,0.0,False,n01083
lower_thames_street/east_to_west/007_n01083_W_R.jpg,0.087734,0.254492,0.0,False,n01083
lower_thames_street/east_to_west/008_n01084_N_L.jpg,0.308486,0.348024,0.0,False,n01084
lower_thames_street/east_to_west/008_n01084_N_R.jpg,0.056937,0.02594,0.0,False,n01084
lower_thames_street/east_to_west/009_n01085_W_L.jpg,0.136068,0.417354,0.0,False,n01085
lower_thames_street/east_to_west/009_n01085_W_R.jpg,0.114112,0.4001,0.0,False,n01085
lower_thames_street/east_to_west/010_n01086_W_L.jpg,0.055372,0.155739,0.0,False,n01086
lower_thames_street/east_to_west/010_n01086_W_R.jpg,0.1337,0.33546,0.0,False,n01086
lower_thames_street/east_to_west/011_n01087_N_L.jpg,0.263578,0.254367,0.0,False,n01087
lower_thames_street/east_to_west/011_n01087_N_R.jpg,0.220494,0.448124,0.0,False,n01087
lower_thames_street/east_to_west/012_n01088_W_L.jpg,0.143744,0.421544,0.0,False,n01088
lower_thames_street/east_to_west/012_n01088_W_R.jpg,0.090427,0.410325,0.0,False,n01088
lower_thames_street/east_to_west/013_n01089_W_L.jpg,0.109236,0.216887,0.0,False,n01089
lower_thames_street/east_to_west/013_n01089_W_R.jpg,0.15896,0.32718,0.0,False,n01089
lower_thames_street/east_to_west/014_n01090_W_L.jpg,0.160876,0.41029,0.0,False,n01090
lower_thames_street/east_to_west/014_n01090_W_R.jpg,0.050338,0.392671,0.0,False,n01090
lower_thames_street/east_to_west/015_n01091_W_L.jpg,0.068725,0.106971,0.0,False,n01091
lower_thames_street/east_to_west/015_n01091_W_R.jpg,0.231956,0.289834,0.0,False,n01091
lower_thames_street/east_to_west/016_n01092_W_L.jpg,0.307621,0.361966,0.0,False,n01092
lower_thames_street/east_to_west/016_n01092_W_R.jpg,0.058133,0.396296,0.0,False,n01092
lower_thames_street/east_to_west/017_n01093_W_L.jpg,0.061719,0.187738,0.0,False,n01093
lower_thames_street/east_to_west/017_n01093_W_R.jpg,0.19795,0.272541,0.0,False,n01093
lower_thames_street/east_to_west/018_n01094_W_L.jpg,0.236362,0.380091,0.0,False,n01094
lower_thames_street/east_to_west/018_n01094_W_R.jpg,0.063478,0.395847,0.0,False,n01094
lower_thames_street/east_to_west/019_n01095_W_L.jpg,0.120838,0.252225,0.0,False,n01095
lower_thames_street/east_to_west/019_n01095_W_R.jpg,0.112199,0.415247,0.0,False,n01095
lower_thames_street/east_to_west/020_n01096_W_L.jpg,0.230324,0.344429,0.0,False,n01096
lower_thames_street/east_to_west/020_n01096_W_R.jpg,0.079228,0.401992,0.0,False,n01096
lower_thames_street/east_to_west/021_n01097_W_L.jpg,0.081332,0.299626,0.0,False,n01097
lower_thames_street/east_to_west/021_n01097_W_R.jpg,0.115337,0.402293,0.0,False,n01097
lower_thames_street/east_to_west/022_n01098_W_L.jpg,0.204481,0.35317,0.0,False,n01098
lower_thames_street/east_to_west/022_n01098_W_R.jpg,0.165371,0.404481,0.0,False,n01098
lower_thames_street/east_to_west/023_n01099_W_L.jpg,0.100446,0.33042,0.0,False,n01099
lower_thames_street/east_to_west/023_n01099_W_R.jpg,0.1366,0.425226,0.0,False,n01099
lower_thames_street/east_to_west/024_n01100_W_L.jpg,0.147007,0.357177,0.0,False,n01100
lower_thames_street/east_to_west/024_n01100_W_R.jpg,0.170703,0.40316,0.0,False,n01100
lower_thames_street/east_to_west/025_n01101_W_L.jpg,0.047543,0.228206,0.0,False,n01101
lower_thames_street/east_to_west/025_n01101_W_R.jpg,0.206211,0.417417,0.0,False,n01101
lower_thames_street/east_to_west/026_n01102_W_L.jpg,0.080918,0.358155,0.0,False,n01102
lower_thames_street/east_to_west/026_n01102_W_R.jpg,0.078613,0.401348,0.0,False,n01102
lower_thames_street/east_to_west/027_n01103_W_L.jpg,0.051164,0.234437,0.0,False,n01103
lower_thames_street/east_to_west/027_n01103_W_R.jpg,0.118165,0.429944,0.0,False,n01103
lower_thames_street/east_to_west/028_n01104_W_L.jpg,0.081125,0.309382,0.0,False,n01104
lower_thames_street/east_to_west/028_n01104_W_R.jpg,0.04234,0.403894,0.0,False,n01104
lower_thames_street/east_to_west/029_n01105_W_L.jpg,0.0,0.001514,0.165668,True,n01105
lower_thames_street/east_to_west/029_n01105_W_R.jpg,0.023566,0.26541,0.0,False,n01105
lower_thames_street/east_to_west/030_n01106_W_L.jpg,0.113508,0.329193,0.0,False,n01106
lower_thames_street/east_to_west/030_n01106_W_R.jpg,0.037655,0.403321,0.0,False,n01106
lower_thames_street/east_to_west/031_n01107_W_L.jpg,0.0,0.001573,0.15242,True,n01107
lower_thames_street/east_to_west/031_n01107_W_R.jpg,0.135101,0.305233,0.0,False,n01107
lower_thames_street/east_to_west/032_n01108_W_L.jpg,0.070251,0.036092,0.0,False,n01108
lower_thames_street/east_to_west/032_n01108_W_R.jpg,0.0112,0.404245,0.0,False,n01108
lower_thames_street/east_to_west/033_n01109_W_L.jpg,0.002104,0.024368,0.135692,False,n01109
lower_thames_street/east_to_west/033_n01109_W_R.jpg,0.058438,0.279353,0.0,False,n01109
lower_thames_street/east_to_west/034_n01110_W_L.jpg,0.149172,0.034067,0.0,False,n01110
lower_thames_street/east_to_west/034_n01110_W_R.jpg,0.117758,0.413922,0.0,False,n01110
lower_thames_street/east_to_west/035_n01111_W_L.jpg,0.104161,0.032321,0.0,False,n01111
lower_thames_street/east_to_west/035_n01111_W_R.jpg,0.110105,0.211895,0.0,False,n01111
lower_thames_street/east_to_west/036_n01112_W_L.jpg,0.0,0.006371,0.076301,True,n01112
lower_thames_street/east_to_west/036_n01112_W_R.jpg,0.103502,0.310409,0.0,False,n01112
lower_thames_street/east_to_west/037_n01113_W_L.jpg,0.038238,0.246636,0.0,False,n01113
lower_thames_street/east_to_west/037_n01113_W_R.jpg,0.216743,0.34534,0.0,False,n01113
lower_thames_street/east_to_west/038_n01114_W_L.jpg,0.14089,0.347399,0.0,False,n01114
lower_thames_street/east_to_west/038_n01114_W_R.jpg,0.09017,0.360978,0.0,False,n01114
lower_thames_street/east_to_west/039_n01115_W_L.jpg,0.025666,0.208826,0.0,False,n01115
lower_thames_street/east_to_west/039_n01115_W_R.jpg,0.141636,0.359273,0.0,False,n01115
lower_thames_street/east_to_west/040_n01116_W_L.jpg,0.197908,0.002688,0.0,False,n01116
lower_thames_street/east_to_west/040_n01116_W_R.jpg,0.064405,0.270331,0.0,False,n01116
lower_thames_street/east_to_west/041_n01117_W_L.jpg,0.026511,0.239844,0.0,False,n01117
lower_thames_street/east_to_west/041_n01117_W_R.jpg,0.083907,0.376927,0.0,False,n01117
lower_thames_street/east_to_west/042_n01118_W_L.jpg,0.005521,0.443035,0.430633,False,n01118
lower_thames_street/east_to_west/042_n01118_W_R.jpg,0.005095,0.333471,0.390562,False,n01118
lower_thames_street/east_to_west/043_n01119_W_L.jpg,0.038377,0.249128,0.0,False,n01119
lower_thames_street/east_to_west/043_n01119_W_R.jpg,0.077405,0.365268,0.0,False,n01119
lower_thames_street/east_to_west/044_n01120_W_L.jpg,0.037436,0.193569,0.0,False,n01120
lower_thames_street/east_to_west/044_n01120_W_R.jpg,0.030238,0.364946,0.0,False,n01120
lower_thames_street/east_to_west/045_n01121_W_L.jpg,0.108234,0.327863,0.0,False,n01121
lower_thames_street/east_to_west/045_n01121_W_R.jpg,0.122252,0.367024,0.0,False,n01121
lower_thames_street/east_to_west/046_n01122_W_L.jpg,0.008504,0.18125,0.0,False,n01122
lower_thames_street/east_to_west/046_n01122_W_R.jpg,0.114451,0.38055,0.0,False,n01122
lower_thames_street/east_to_west/047_n01123_W_L.jpg,0.040458,0.226657,0.0,False,n01123
lower_thames_street/east_to_west/047_n01123_W_R.jpg,0.12832,0.42835,0.0,False,n01123
lower_thames_street/east_to_west/048_n01124_W_L.jpg,0.069444,0.221647,0.0,False,n01124
lower_thames_street/east_to_west/048_n01124_W_R.jpg,0.098032,0.38705,0.0,False,n01124
lower_thames_street/east_to_west/049_n01125_W_L.jpg,0.000235,0.404619,0.36931,False,n01125
lower_thames_street/east_to_west/049_n01125_W_R.jpg,0.005804,0.414617,0.439968,False,n01125
lower_thames_street/west_to_east/001_n01087_S_L.jpg,0.104125,0.193466,0.0,False,n01087
lower_thames_street/west_to_east/001_n01087_S_R.jpg,0.201383,0.307438,0.0,False,n01087
lower_thames_street/west_to_east/002_n01118_E_L.jpg,0.029167,0.383748,0.363539,False,n01118
lower_thames_street/west_to_east/002_n01118_E_R.jpg,0.00219,0.394551,0.392252,False,n01118
lower_thames_street/west_to_east/003_n01125_E_L.jpg,0.034989,0.405703,1e-06,False,n01125
lower_thames_street/west_to_east/003_n01125_E_R.jpg,0.013745,0.369927,0.274285,False,n01125
lower_thames_street/west_to_east/004_n01084_S_L.jpg,0.091946,0.219613,0.0,False,n01084
lower_thames_street/west_to_east/004_n01084_S_R.jpg,0.10482,0.172446,0.0,False,n01084
lower_thames_street/west_to_east/005_n01116_E_L.jpg,0.0,0.312201,0.161348,False,n01116
lower_thames_street/west_to_east/005_n01116_E_R.jpg,0.0,0.03027,0.016271,False,n01116
lower_thames_street/west_to_east/006_n01124_E_L.jpg,0.147669,0.395828,0.0,False,n01124
lower_thames_street/west_to_east/006_n01124_E_R.jpg,0.012789,0.296141,0.0,False,n01124
lower_thames_street/west_to_east/007_n01081_E_L.jpg,0.029398,0.116996,0.0,False,n01081
lower_thames_street/west_to_east/007_n01081_E_R.jpg,0.061244,0.246992,0.0,False,n01081
lower_thames_street/west_to_east/008_n01123_E_L.jpg,0.121906,0.390613,0.0,False,n01123
lower_thames_street/west_to_east/008_n01123_E_R.jpg,0.076091,0.081336,0.0,False,n01123
lower_thames_street/west_to_east/009_n01114_E_L.jpg,0.271704,0.387015,0.0,False,n01114
lower_thames_street/west_to_east/009_n01114_E_R.jpg,0.169559,0.309057,0.0,False,n01114
lower_thames_street/west_to_east/010_n01112_E_L.jpg,0.095913,0.417815,0.0,False,n01112
lower_thames_street/west_to_east/010_n01112_E_R.jpg,0.0,0.402881,0.122002,False,n01112
lower_thames_street/west_to_east/011_n01122_E_L.jpg,0.087366,0.353099,0.0,False,n01122
lower_thames_street/west_to_east/011_n01122_E_R.jpg,0.088349,0.341025,0.0,False,n01122
lower_thames_street/west_to_east/012_n01078_E_L.jpg,0.075709,0.393658,0.0,False,n01078
lower_thames_street/west_to_east/012_n01078_E_R.jpg,0.013878,0.36144,0.0,False,n01078
lower_thames_street/west_to_east/013_n01110_E_L.jpg,0.015228,0.398192,0.0,False,n01110
lower_thames_street/west_to_east/013_n01110_E_R.jpg,0.133348,0.308417,0.0,False,n01110
lower_thames_street/west_to_east/014_n01121_E_L.jpg,0.086577,0.353155,0.0,False,n01121
lower_thames_street/west_to_east/014_n01121_E_R.jpg,0.055107,0.330644,0.0,False,n01121
lower_thames_street/west_to_east/015_n01108_E_L.jpg,0.055208,0.404363,0.0,False,n01108
lower_thames_street/west_to_east/015_n01108_E_R.jpg,0.082639,0.254658,0.0,False,n01108
lower_thames_street/west_to_east/016_n01120_E_L.jpg,0.100703,0.355737,0.0,False,n01120
lower_thames_street/west_to_east/016_n01120_E_R.jpg,0.030173,0.300511,0.0,False,n01120
lower_thames_street/west_to_east/017_n01119_E_L.jpg,0.129991,0.356112,0.0,False,n01119
lower_thames_street/west_to_east/017_n01119_E_R.jpg,0.0579,0.301338,0.0,False,n01119
lower_thames_street/west_to_east/018_n01106_E_L.jpg,0.067139,0.404424,0.0,False,n01106
lower_thames_street/west_to_east/018_n01106_E_R.jpg,0.121542,0.156482,0.0,False,n01106
lower_thames_street/west_to_east/019_n01104_E_L.jpg,0.118282,0.404394,0.0,False,n01104
lower_thames_street/west_to_east/019_n01104_E_R.jpg,0.183501,0.25593,0.0,False,n01104
lower_thames_street/west_to_east/020_n01117_E_L.jpg,0.203061,0.369758,0.0,False,n01117
lower_thames_street/west_to_east/020_n01117_E_R.jpg,0.111273,0.284731,0.0,False,n01117
lower_thames_street/west_to_east/021_n01115_E_L.jpg,0.24737,0.367715,0.0,False,n01115
lower_thames_street/west_to_east/021_n01115_E_R.jpg,0.130938,0.286763,0.0,False,n01115
lower_thames_street/west_to_east/022_n01102_E_L.jpg,0.208879,0.411763,0.0,False,n01102
lower_thames_street/west_to_east/022_n01102_E_R.jpg,0.258971,0.300004,0.0,False,n01102
lower_thames_street/west_to_east/023_n01100_E_L.jpg,0.086942,0.400241,0.0,False,n01100
lower_thames_street/west_to_east/023_n01100_E_R.jpg,0.285308,0.289591,0.0,False,n01100
lower_thames_street/west_to_east/024_n01113_E_L.jpg,0.166156,0.372444,0.0,False,n01113
lower_thames_street/west_to_east/024_n01113_E_R.jpg,0.088017,0.281576,0.0,False,n01113
lower_thames_street/west_to_east/025_n01111_E_L.jpg,0.153037,0.250319,0.0,False,n01111
lower_thames_street/west_to_east/025_n01111_E_R.jpg,0.000274,0.1391,0.098056,False,n01111
lower_thames_street/west_to_east/026_n01098_E_L.jpg,0.064574,0.366739,0.0,False,n01098
lower_thames_street/west_to_east/026_n01098_E_R.jpg,0.266251,0.259821,0.0,False,n01098
lower_thames_street/west_to_east/027_n01096_E_L.jpg,0.059387,0.396483,0.0,False,n01096
lower_thames_street/west_to_east/027_n01096_E_R.jpg,0.227274,0.153848,0.0,False,n01096
lower_thames_street/west_to_east/028_n01109_E_L.jpg,0.095577,0.25631,0.0,False,n01109
lower_thames_street/west_to_east/028_n01109_E_R.jpg,0.000354,0.11802,0.081434,False,n01109
lower_thames_street/west_to_east/029_n01107_E_L.jpg,0.129409,0.274365,0.0,False,n01107
lower_thames_street/west_to_east/029_n01107_E_R.jpg,0.001558,0.044613,0.088296,False,n01107
lower_thames_street/west_to_east/030_n01094_E_L.jpg,0.057603,0.39539,0.0,False,n01094
lower_thames_street/west_to_east/030_n01094_E_R.jpg,0.216784,0.342919,0.0,False,n01094
lower_thames_street/west_to_east/031_n01105_E_L.jpg,0.144933,0.306998,0.0,False,n01105
lower_thames_street/west_to_east/031_n01105_E_R.jpg,0.0003,0.05128,0.093086,False,n01105
lower_thames_street/west_to_east/032_n01092_E_L.jpg,0.061405,0.142675,0.0,False,n01092
lower_thames_street/west_to_east/032_n01092_E_R.jpg,0.130056,0.33037,0.0,False,n01092
lower_thames_street/west_to_east/033_n01090_E_L.jpg,0.106967,0.404722,0.0,False,n01090
lower_thames_street/west_to_east/033_n01090_E_R.jpg,0.126534,0.389308,0.0,False,n01090
lower_thames_street/west_to_east/034_n01103_E_L.jpg,0.220786,0.41329,0.0,False,n01103
lower_thames_street/west_to_east/034_n01103_E_R.jpg,0.073119,0.348515,0.0,False,n01103
lower_thames_street/west_to_east/035_n01088_E_L.jpg,0.119537,0.217989,0.0,False,n01088
lower_thames_street/west_to_east/035_n01088_E_R.jpg,0.1481,0.397831,0.0,False,n01088
lower_thames_street/west_to_east/036_n01101_E_L.jpg,0.123554,0.429434,0.0,False,n01101
lower_thames_street/west_to_east/036_n01101_E_R.jpg,0.065265,0.290123,0.0,False,n01101
lower_thames_street/west_to_east/037_n01085_E_L.jpg,0.074824,0.396236,0.0,False,n01085
lower_thames_street/west_to_east/037_n01085_E_R.jpg,0.158839,0.387854,0.0,False,n01085
lower_thames_street/west_to_east/038_n01099_E_L.jpg,0.139468,0.322115,0.0,False,n01099
lower_thames_street/west_to_east/038_n01099_E_R.jpg,0.094583,0.343868,0.0,False,n01099
lower_thames_street/west_to_east/039_n01097_E_L.jpg,0.188828,0.429615,0.0,False,n01097
lower_thames_street/west_to_east/039_n01097_E_R.jpg,0.068615,0.326422,0.0,False,n01097
lower_thames_street/west_to_east/040_n01082_E_L.jpg,0.109215,0.392343,0.0,False,n01082
lower_thames_street/west_to_east/040_n01082_E_R.jpg,0.17627,0.404252,0.0,False,n01082
lower_thames_street/west_to_east/041_n01079_E_L.jpg,0.115262,0.417792,0.0,False,n01079
lower_thames_street/west_to_east/041_n01079_E_R.jpg,0.214429,0.45713,0.0,False,n01079
lower_thames_street/west_to_east/042_n01095_E_L.jpg,0.281907,0.41451,0.0,False,n01095
lower_thames_street/west_to_east/042_n01095_E_R.jpg,0.028362,0.188799,0.0,False,n01095
lower_thames_street/west_to_east/043_n01093_E_L.jpg,0.094365,0.239333,0.0,False,n01093
lower_thames_street/west_to_east/043_n01093_E_R.jpg,0.080332,0.173879,0.0,False,n01093
lower_thames_street/west_to_east/044_n01091_E_L.jpg,0.124394,0.183775,0.0,False,n01091
lower_thames_street/west_to_east/044_n01091_E_R.jpg,0.072767,0.273769,0.0,False,n01091
lower_thames_street/west_to_east/045_n01089_E_L.jpg,0.098497,0.347121,0.0,False,n01089
lower_thames_street/west_to_east/045_n01089_E_R.jpg,0.000877,0.106569,0.0,False,n01089
lower_thames_street/west_to_east/046_n01086_E_L.jpg,0.086011,0.335132,0.0,False,n01086
lower_thames_street/west_to_east/046_n01086_E_R.jpg,0.017871,0.131589,0.0,False,n01086
lower_thames_street/west_to_east/047_n01083_E_L.jpg,0.005291,0.40513,0.0,False,n01083
lower_thames_street/west_to_east/047_n01083_E_R.jpg,0.084679,0.382241,0.0,False,n01083
lower_thames_street/west_to_east/048_n01080_E_L.jpg,0.062894,0.156421,0.0,False,n01080
lower_thames_street/west_to_east/048_n01080_E_R.jpg,0.022952,0.323825,0.0,False,n01080
lower_thames_street/west_to_east/049_n01077_E_L.jpg,0.033889,0.178214,0.0,False,n01077
lower_thames_street/west_to_east/049_n01077_E_R.jpg,0.023275,0.2886,0.0,False,n01077
mansion_house_place/north_to_south/001_n01132_S_F.jpg,0.0,0.0,0.359153,True,n01132
mansion_house_place/north_to_south/002_n01131_S_F.jpg,0.02315,0.144866,0.0,False,n01131
mansion_house_place/north_to_south/003_n01130_S_L.jpg,0.000135,0.0,0.0,False,n01130
mansion_house_place/north_to_south/003_n01130_S_R.jpg,0.037812,0.281248,0.0,False,n01130
mansion_house_place/north_to_south/004_n01129_S_L.jpg,0.027988,0.218839,0.0,False,n01129
mansion_house_place/north_to_south/004_n01129_S_R.jpg,0.0,0.257075,0.0,False,n01129
mansion_house_place/north_to_south/005_n01128_E_L.jpg,0.028779,0.198177,0.0,False,n01128
mansion_house_place/north_to_south/005_n01128_E_R.jpg,0.005031,0.008185,0.0,False,n01128
mansion_house_place/north_to_south/006_n01127_E_L.jpg,0.0,0.126427,0.0,False,n01127
mansion_house_place/north_to_south/006_n01127_E_R.jpg,0.0,0.05978,0.0,False,n01127
mansion_house_place/north_to_south/007_n01126_E_L.jpg,0.0,0.0,0.079019,True,n01126
mansion_house_place/north_to_south/007_n01126_E_R.jpg,0.0,0.0,0.451081,True,n01126
mansion_house_place/south_to_north/001_n01126_W_L.jpg,0.0,0.0,0.457445,True,n01126
mansion_house_place/south_to_north/001_n01126_W_R.jpg,0.0,0.0,0.446317,True,n01126
mansion_house_place/south_to_north/002_n01127_W_L.jpg,0.017781,0.036775,0.0,False,n01127
mansion_house_place/south_to_north/002_n01127_W_R.jpg,0.028288,0.134592,0.0,False,n01127
mansion_house_place/south_to_north/003_n01128_W_L.jpg,0.019639,0.078164,0.0,False,n01128
mansion_house_place/south_to_north/003_n01128_W_R.jpg,0.004302,0.075124,0.0,False,n01128
mansion_house_place/south_to_north/004_n01129_N_L.jpg,0.044366,0.34046,0.0,False,n01129
mansion_house_place/south_to_north/004_n01129_N_R.jpg,0.02081,0.00719,0.0,False,n01129
mansion_house_place/south_to_north/005_n01130_N_L.jpg,0.059661,0.259674,0.0,False,n01130
mansion_house_place/south_to_north/005_n01130_N_R.jpg,0.016476,0.005158,0.0,False,n01130
mansion_house_place/south_to_north/006_n01131_N_F.jpg,0.177806,0.066386,0.0,False,n01131
mansion_house_place/south_to_north/007_n01132_N_F.jpg,0.0,0.0,0.462186,True,n01132
mansion_house_street/east_to_west/001_n01135_W_L.jpg,0.0,0.0,0.482413,True,n01135
mansion_house_street/east_to_west/001_n01135_W_R.jpg,0.0,0.0,0.242928,True,n01135
mansion_house_street/east_to_west/002_n01134_W_F.jpg,0.0,5.3e-05,0.287889,True,n01134
mansion_house_street/east_to_west/003_n01133_W_L.jpg,0.237994,0.407274,0.0,False,n01133
mansion_house_street/east_to_west/003_n01133_W_R.jpg,0.03449,0.2676,0.0,False,n01133
mansion_house_street/west_to_east/001_n01133_E_L.jpg,0.100097,0.314469,0.0,False,n01133
mansion_house_street/west_to_east/001_n01133_E_R.jpg,0.230922,0.414701,0.0,False,n01133
mansion_house_street/west_to_east/002_n01134_E_F.jpg,0.0,0.0,0.417389,True,n01134
mansion_house_street/west_to_east/003_n01135_E_L.jpg,0.0,0.0,0.444649,True,n01135
mansion_house_street/west_to_east/003_n01135_E_R.jpg,0.0,0.0,0.481374,True,n01135
mark_lane/north_to_south/001_n01148_S_L.jpg,0.001175,0.348016,0.0,False,n01148
mark_lane/north_to_south/001_n01148_S_R.jpg,0.202346,0.022445,0.0,False,n01148
mark_lane/north_to_south/002_n01147_S_L.jpg,0.0,0.332754,0.0,False,n01147
mark_lane/north_to_south/002_n01147_S_R.jpg,0.139756,0.018465,0.0,False,n01147
mark_lane/north_to_south/003_n01146_S_L.jpg,0.053429,0.123858,0.0,False,n01146
mark_lane/north_to_south/003_n01146_S_R.jpg,0.086834,0.328985,0.0,False,n01146
mark_lane/north_to_south/004_n01145_S_F.jpg,0.039075,0.141212,0.0,False,n01145
mark_lane/north_to_south/005_n01144_S_L.jpg,0.013807,0.002555,0.0,False,n01144
mark_lane/north_to_south/005_n01144_S_R.jpg,0.056102,0.247072,0.0,False,n01144
mark_lane/north_to_south/006_n01143_S_L.jpg,0.021746,0.258956,0.0,False,n01143
mark_lane/north_to_south/006_n01143_S_R.jpg,0.069494,0.362316,0.0,False,n01143
mark_lane/north_to_south/007_n01142_S_L.jpg,0.070037,0.309554,0.0,False,n01142
mark_lane/north_to_south/007_n01142_S_R.jpg,0.008538,0.34429,0.0,False,n01142
mark_lane/north_to_south/008_n01141_S_L.jpg,0.054759,0.257626,0.0,False,n01141
mark_lane/north_to_south/008_n01141_S_R.jpg,0.029947,0.122228,0.0,False,n01141
mark_lane/north_to_south/009_n01140_S_L.jpg,0.039341,0.114891,0.0,False,n01140
mark_lane/north_to_south/009_n01140_S_R.jpg,0.039712,0.164918,0.0,False,n01140
mark_lane/north_to_south/010_n01139_S_L.jpg,0.050556,0.12726,0.0,False,n01139
mark_lane/north_to_south/010_n01139_S_R.jpg,0.072247,0.143352,0.0,False,n01139
mark_lane/north_to_south/011_n01138_S_L.jpg,0.07548,0.14616,0.0,False,n01138
mark_lane/north_to_south/011_n01138_S_R.jpg,0.106796,0.261599,0.0,False,n01138
mark_lane/north_to_south/012_n01137_S_L.jpg,0.176034,0.198532,0.0,False,n01137
mark_lane/north_to_south/012_n01137_S_R.jpg,0.25454,0.217487,0.0,False,n01137
mark_lane/north_to_south/013_n01136_S_L.jpg,0.171995,0.348101,0.0,False,n01136
mark_lane/north_to_south/013_n01136_S_R.jpg,0.15941,0.405546,0.0,False,n01136
mark_lane/south_to_north/001_n01136_N_L.jpg,0.0993,0.311618,0.0,False,n01136
mark_lane/south_to_north/001_n01136_N_R.jpg,0.172144,0.34224,0.0,False,n01136
mark_lane/south_to_north/002_n01137_N_L.jpg,0.027149,0.16194,0.0,False,n01137
mark_lane/south_to_north/002_n01137_N_R.jpg,0.032758,0.241411,0.0,False,n01137
mark_lane/south_to_north/003_n01138_N_L.jpg,0.027063,0.272811,0.0,False,n01138
mark_lane/south_to_north/003_n01138_N_R.jpg,0.024559,0.145826,0.0,False,n01138
mark_lane/south_to_north/004_n01139_N_L.jpg,0.016401,0.227695,0.0,False,n01139
mark_lane/south_to_north/004_n01139_N_R.jpg,0.019877,0.102603,0.0,False,n01139
mark_lane/south_to_north/005_n01140_N_L.jpg,0.022614,0.196696,0.0,False,n01140
mark_lane/south_to_north/005_n01140_N_R.jpg,0.020332,0.154102,0.0,False,n01140
mark_lane/south_to_north/006_n01141_N_L.jpg,0.028164,0.156728,0.0,False,n01141
mark_lane/south_to_north/006_n01141_N_R.jpg,0.023927,0.263732,0.0,False,n01141
mark_lane/south_to_north/007_n01142_N_L.jpg,0.032132,0.270199,0.0,False,n01142
mark_lane/south_to_north/007_n01142_N_R.jpg,0.0,0.288878,0.0,False,n01142
mark_lane/south_to_north/008_n01143_N_L.jpg,0.016015,0.214699,0.0,False,n01143
mark_lane/south_to_north/008_n01143_N_R.jpg,0.071044,0.381926,0.0,False,n01143
mark_lane/south_to_north/009_n01144_N_L.jpg,0.051315,0.160832,0.0,False,n01144
mark_lane/south_to_north/009_n01144_N_R.jpg,0.002162,0.0,0.0,False,n01144
mark_lane/south_to_north/010_n01145_N_F.jpg,0.064124,0.202907,0.0,False,n01145
mark_lane/south_to_north/011_n01146_N_L.jpg,0.086964,0.260404,0.0,False,n01146
mark_lane/south_to_north/011_n01146_N_R.jpg,0.077435,0.399484,0.0,False,n01146
mark_lane/south_to_north/012_n01147_N_L.jpg,0.090534,0.301374,0.0,False,n01147
mark_lane/south_to_north/012_n01147_N_R.jpg,0.005166,0.309237,0.0,False,n01147
mark_lane/south_to_north/013_n01148_N_L.jpg,0.047737,0.270092,0.0,False,n01148
mark_lane/south_to_north/013_n01148_N_R.jpg,0.014767,0.32023,0.0,False,n01148
martin_lane/north_to_south/001_n01153_S_L.jpg,0.033208,0.064673,0.0,False,n01153
martin_lane/north_to_south/001_n01153_S_R.jpg,0.05317,0.06229,0.0,False,n01153
martin_lane/north_to_south/002_n01152_S_L.jpg,0.014993,0.048054,0.0,False,n01152
martin_lane/north_to_south/002_n01152_S_R.jpg,0.084046,0.074436,0.0,False,n01152
martin_lane/north_to_south/003_n01151_S_L.jpg,0.036654,0.0,0.0,False,n01151
martin_lane/north_to_south/003_n01151_S_R.jpg,0.009668,7.1e-05,0.0,False,n01151
martin_lane/north_to_south/004_n01150_S_L.jpg,0.007323,0.298562,0.0,False,n01150
martin_lane/north_to_south/004_n01150_S_R.jpg,0.071062,0.153316,0.0,False,n01150
martin_lane/north_to_south/005_n01149_S_L.jpg,0.0737,0.236812,0.0,False,n01149
martin_lane/north_to_south/005_n01149_S_R.jpg,0.040271,0.016312,0.0,False,n01149
martin_lane/south_to_north/001_n01149_N_L.jpg,0.0,0.0,0.0,False,n01149
martin_lane/south_to_north/001_n01149_N_R.jpg,0.092787,0.246745,0.0,False,n01149
martin_lane/south_to_north/002_n01150_N_L.jpg,0.048559,0.324215,0.0,False,n01150
martin_lane/south_to_north/002_n01150_N_R.jpg,0.035085,0.046429,0.0,False,n01150
martin_lane/south_to_north/003_n01151_N_L.jpg,0.024017,0.006672,0.0,False,n01151
martin_lane/south_to_north/003_n01151_N_R.jpg,0.01604,0.257659,0.0,False,n01151
martin_lane/south_to_north/004_n01152_N_L.jpg,0.050105,0.092548,0.0,False,n01152
martin_lane/south_to_north/004_n01152_N_R.jpg,0.003835,0.054654,0.0,False,n01152
martin_lane/south_to_north/005_n01153_N_L.jpg,0.105386,0.020697,0.0,False,n01153
martin_lane/south_to_north/005_n01153_N_R.jpg,0.0,0.012652,0.0,False,n01153
masons_avenue/east_to_west/001_n01154_W_F.jpg,0.0,0.0,0.185102,True,n01154
masons_avenue/east_to_west/002_n01155_W_F.jpg,0.014586,0.001793,0.0,False,n01155
masons_avenue/east_to_west/003_n01156_W_F.jpg,0.0,0.0,0.0,False,n01156
masons_avenue/west_to_east/001_n01156_E_F.jpg,0.012884,0.0,0.0,False,n01156
masons_avenue/west_to_east/002_n01155_E_F.jpg,0.0,0.0,0.0,False,n01155
masons_avenue/west_to_east/003_n01154_E_F.jpg,0.0,0.004067,0.148045,True,n01154
milk_street/north_to_south/001_n01164_S_L.jpg,0.014285,0.151305,0.0,False,n01164
milk_street/north_to_south/001_n01164_S_R.jpg,0.045675,0.251088,0.0,False,n01164
milk_street/north_to_south/002_n01163_S_L.jpg,0.0,0.121706,0.0,False,n01163
milk_street/north_to_south/002_n01163_S_R.jpg,0.05586,0.261265,0.0,False,n01163
milk_street/north_to_south/003_n01162_S_L.jpg,0.010177,0.139086,0.0,False,n01162
milk_street/north_to_south/003_n01162_S_R.jpg,0.039401,0.251631,0.0,False,n01162
milk_street/north_to_south/004_n01161_S_L.jpg,0.040165,0.117295,0.0,False,n01161
milk_street/north_to_south/004_n01161_S_R.jpg,0.005276,0.268682,0.0,False,n01161
milk_street/north_to_south/005_n01160_S_L.jpg,0.04702,0.037704,0.0,False,n01160
milk_street/north_to_south/005_n01160_S_R.jpg,0.0,0.280117,0.0,False,n01160
milk_street/north_to_south/006_n01159_S_F.jpg,0.018566,0.155328,0.0,False,n01159
milk_street/north_to_south/007_n01158_S_F.jpg,0.000768,0.0,0.0,False,n01158
milk_street/north_to_south/008_n01157_S_F.jpg,0.15081,0.038105,0.0,False,n01157
milk_street/south_to_north/001_n01157_N_F.jpg,0.004313,0.0,0.0,False,n01157
milk_street/south_to_north/002_n01158_N_F.jpg,0.032199,0.000527,0.0,False,n01158
milk_street/south_to_north/003_n01159_N_F.jpg,0.041768,0.197065,0.0,False,n01159
milk_street/south_to_north/004_n01160_N_L.jpg,0.056859,0.283189,0.0,False,n01160
milk_street/south_to_north/004_n01160_N_R.jpg,0.050031,0.122714,0.0,False,n01160
milk_street/south_to_north/005_n01161_N_L.jpg,0.042889,0.121257,0.0,False,n01161
milk_street/south_to_north/005_n01161_N_R.jpg,0.017723,0.102344,0.0,False,n01161
milk_street/south_to_north/006_n01162_N_L.jpg,0.051081,0.2161,0.0,False,n01162
milk_street/south_to_north/006_n01162_N_R.jpg,0.019662,0.127392,0.0,False,n01162
milk_street/south_to_north/007_n01163_N_L.jpg,0.04339,0.222215,0.0,False,n01163
milk_street/south_to_north/007_n01163_N_R.jpg,0.044961,0.141773,0.0,False,n01163
milk_street/south_to_north/008_n01164_N_L.jpg,0.056786,0.061241,0.0,False,n01164
milk_street/south_to_north/008_n01164_N_R.jpg,0.164935,0.127541,0.0,False,n01164
mincing_lane/north_to_south/001_n01174_S_L.jpg,0.249625,0.38419,0.0,False,n01174
mincing_lane/north_to_south/001_n01174_S_R.jpg,0.018316,0.10088,0.0,False,n01174
mincing_lane/north_to_south/002_n01173_S_L.jpg,0.224157,0.0,0.0,False,n01173
mincing_lane/north_to_south/002_n01173_S_R.jpg,0.054132,0.305605,0.0,False,n01173
mincing_lane/north_to_south/003_n01172_S_L.jpg,0.079651,0.283292,0.0,False,n01172
mincing_lane/north_to_south/003_n01172_S_R.jpg,0.045643,0.239532,0.0,False,n01172
mincing_lane/north_to_south/004_n01171_S_L.jpg,0.080338,0.044396,0.0,False,n01171
mincing_lane/north_to_south/004_n01171_S_R.jpg,0.0,0.0,0.0,False,n01171
mincing_lane/north_to_south/005_n01170_S_L.jpg,0.049937,0.285996,0.0,False,n01170
mincing_lane/north_to_south/005_n01170_S_R.jpg,0.097903,0.25422,0.0,False,n01170
mincing_lane/north_to_south/006_n01169_S_L.jpg,0.046522,0.307095,0.0,False,n01169
mincing_lane/north_to_south/006_n01169_S_R.jpg,0.076551,0.183125,0.0,False,n01169
mincing_lane/north_to_south/007_n01168_S_L.jpg,0.042735,0.255921,0.0,False,n01168
mincing_lane/north_to_south/007_n01168_S_R.jpg,0.042066,0.249696,0.0,False,n01168
mincing_lane/north_to_south/008_n01167_S_L.jpg,0.04873,0.285574,0.0,False,n01167
mincing_lane/north_to_south/008_n01167_S_R.jpg,0.051716,0.243342,0.0,False,n01167
mincing_lane/north_to_south/009_n01166_S_L.jpg,0.099477,0.257057,0.0,False,n01166
mincing_lane/north_to_south/009_n01166_S_R.jpg,0.048848,0.171504,0.0,False,n01166
mincing_lane/north_to_south/010_n01165_S_L.jpg,0.136874,0.410242,0.0,False,n01165
mincing_lane/north_to_south/010_n01165_S_R.jpg,0.067289,0.392103,0.0,False,n01165
mincing_lane/south_to_north/001_n01165_N_L.jpg,0.061011,0.335851,0.0,False,n01165
mincing_lane/south_to_north/001_n01165_N_R.jpg,0.059264,0.347494,0.0,False,n01165
mincing_lane/south_to_north/002_n01166_N_L.jpg,0.020502,0.260041,0.0,False,n01166
mincing_lane/south_to_north/002_n01166_N_R.jpg,0.018863,0.324239,0.0,False,n01166
mincing_lane/south_to_north/003_n01167_N_L.jpg,0.024565,0.321372,0.0,False,n01167
mincing_lane/south_to_north/003_n01167_N_R.jpg,0.004752,0.318949,0.0,False,n01167
mincing_lane/south_to_north/004_n01168_N_L.jpg,0.022555,0.331271,0.0,False,n01168
mincing_lane/south_to_north/004_n01168_N_R.jpg,0.026655,0.320233,0.0,False,n01168
mincing_lane/south_to_north/005_n01169_N_L.jpg,0.02694,0.328585,0.0,False,n01169
mincing_lane/south_to_north/005_n01169_N_R.jpg,0.014181,0.328422,0.0,False,n01169
mincing_lane/south_to_north/006_n01170_N_L.jpg,0.0,0.0,0.0,False,n01170
mincing_lane/south_to_north/006_n01170_N_R.jpg,0.051482,0.373582,0.0,False,n01170
mincing_lane/south_to_north/007_n01171_N_L.jpg,0.01853,0.086003,0.0,False,n01171
mincing_lane/south_to_north/007_n01171_N_R.jpg,0.039167,0.09243,0.0,False,n01171
mincing_lane/south_to_north/008_n01172_N_L.jpg,0.003008,0.322683,0.0,False,n01172
mincing_lane/south_to_north/008_n01172_N_R.jpg,0.157174,0.313374,0.0,False,n01172
mincing_lane/south_to_north/009_n01173_N_L.jpg,0.07414,0.014412,0.0,False,n01173
mincing_lane/south_to_north/009_n01173_N_R.jpg,0.029459,0.392358,0.0,False,n01173
mincing_lane/south_to_north/010_n01174_N_L.jpg,0.10252,0.351714,0.0,False,n01174
mincing_lane/south_to_north/010_n01174_N_R.jpg,0.000796,0.25027,0.0,False,n01174
monkwell_square/north_to_south/001_n01178_S_L.jpg,0.031019,0.275863,0.0,False,n01178
monkwell_square/north_to_south/001_n01178_S_R.jpg,0.089957,0.062908,0.0,False,n01178
monkwell_square/north_to_south/002_n01181_S_L.jpg,0.000922,0.000426,0.0,False,n01181
monkwell_square/north_to_south/002_n01181_S_R.jpg,0.016716,0.0,0.0,False,n01181
monkwell_square/north_to_south/003_n01184_S_L.jpg,0.079243,0.322399,0.0,False,n01184
monkwell_square/north_to_south/003_n01184_S_R.jpg,0.171165,0.335909,0.0,False,n01184
monkwell_square/north_to_south/004_n01179_S_L.jpg,0.000922,0.000426,0.0,False,n01179
monkwell_square/north_to_south/004_n01179_S_R.jpg,0.016716,0.0,0.0,False,n01179
monkwell_square/north_to_south/005_n01183_S_L.jpg,0.079243,0.322399,0.0,False,n01183
monkwell_square/north_to_south/005_n01183_S_R.jpg,0.171165,0.335909,0.0,False,n01183
monkwell_square/north_to_south/006_n01175_S_L.jpg,0.031019,0.275863,0.0,False,n01175
monkwell_square/north_to_south/006_n01175_S_R.jpg,0.089957,0.062908,0.0,False,n01175
monkwell_square/north_to_south/007_n01182_E_L.jpg,0.099007,0.30605,0.0,False,n01182
monkwell_square/north_to_south/007_n01182_E_R.jpg,0.02219,0.323395,0.0,False,n01182
monkwell_square/north_to_south/008_n01176_S_L.jpg,0.0,0.32899,0.316996,False,n01176
monkwell_square/north_to_south/008_n01176_S_R.jpg,0.0,0.002854,0.257184,True,n01176
monkwell_square/north_to_south/009_n01180_E_L.jpg,0.053034,0.326215,0.0,False,n01180
monkwell_square/north_to_south/009_n01180_E_R.jpg,0.0,0.000838,0.0,False,n01180
monkwell_square/north_to_south/010_n01177_E_L.jpg,0.102957,0.364204,0.0,False,n01177
monkwell_square/north_to_south/010_n01177_E_R.jpg,0.050257,0.303652,0.0,False,n01177
monkwell_square/south_to_north/001_n01175_N_L.jpg,0.15915,0.01939,0.0,False,n01175
monkwell_square/south_to_north/001_n01175_N_R.jpg,0.069059,0.318994,0.0,False,n01175
monkwell_square/south_to_north/002_n01176_N_L.jpg,0.0,0.0,0.344378,True,n01176
monkwell_square/south_to_north/002_n01176_N_R.jpg,0.0,0.001462,0.326498,True,n01176
monkwell_square/south_to_north/003_n01177_W_L.jpg,0.009767,0.390143,0.0,False,n01177
monkwell_square/south_to_north/003_n01177_W_R.jpg,0.172006,0.344836,0.0,False,n01177
monkwell_square/south_to_north/004_n01178_N_L.jpg,0.15915,0.01939,0.0,False,n01178
monkwell_square/south_to_north/004_n01178_N_R.jpg,0.069059,0.318994,0.0,False,n01178
monkwell_square/south_to_north/005_n01179_N_L.jpg,0.173765,0.00167,0.0,False,n01179
monkwell_square/south_to_north/005_n01179_N_R.jpg,0.008392,0.055165,0.0,False,n01179
monkwell_square/south_to_north/006_n01180_W_L.jpg,0.023565,0.001151,0.0,False,n01180
monkwell_square/south_to_north/006_n01180_W_R.jpg,0.107073,0.286583,0.0,False,n01180
monkwell_square/south_to_north/007_n01181_N_L.jpg,0.173765,0.00167,0.0,False,n01181
monkwell_square/south_to_north/007_n01181_N_R.jpg,0.008392,0.055165,0.0,False,n01181
monkwell_square/south_to_north/008_n01182_W_L.jpg,0.065328,0.002316,0.0,False,n01182
monkwell_square/south_to_north/008_n01182_W_R.jpg,0.158947,0.048421,0.0,False,n01182
monkwell_square/south_to_north/009_n01183_N_L.jpg,0.07637,0.32677,0.0,False,n01183
monkwell_square/south_to_north/009_n01183_N_R.jpg,0.005271,0.208343,0.0,False,n01183
monkwell_square/south_to_north/010_n01184_N_L.jpg,0.07637,0.32677,0.0,False,n01184
monkwell_square/south_to_north/010_n01184_N_R.jpg,0.005271,0.208343,0.0,False,n01184
monument_street/east_to_west/001_n01185_N_L.jpg,0.201039,0.420677,0.0,False,n01185
monument_street/east_to_west/001_n01185_N_R.jpg,0.061363,0.368536,0.0,False,n01185
monument_street/east_to_west/002_n01186_W_F.jpg,0.07295,0.112302,0.0,False,n01186
monument_street/east_to_west/003_n01187_W_L.jpg,0.058001,0.301315,0.0,False,n01187
monument_street/east_to_west/003_n01187_W_R.jpg,0.089468,0.260274,0.0,False,n01187
monument_street/east_to_west/004_n01188_W_L.jpg,0.064486,0.299487,0.0,False,n01188
monument_street/east_to_west/004_n01188_W_R.jpg,0.062118,0.270112,0.0,False,n01188
monument_street/east_to_west/005_n01189_W_L.jpg,0.079287,0.308883,0.0,False,n01189
monument_street/east_to_west/005_n01189_W_R.jpg,0.01042,0.20631,0.0,False,n01189
monument_street/east_to_west/006_n01190_W_L.jpg,0.079733,0.208772,0.0,False,n01190
monument_street/east_to_west/006_n01190_W_R.jpg,0.102156,0.200579,0.0,False,n01190
monument_street/east_to_west/007_n01191_W_F.jpg,0.052009,0.305032,0.0,False,n01191
monument_street/east_to_west/008_n01192_W_F.jpg,0.204504,0.0,0.0,False,n01192
monument_street/west_to_east/001_n01192_E_F.jpg,0.38196,0.0,0.0,False,n01192
monument_street/west_to_east/002_n01191_E_F.jpg,0.103835,4e-06,0.0,False,n01191
monument_street/west_to_east/003_n01190_E_L.jpg,0.040766,0.383646,0.0,False,n01190
monument_street/west_to_east/003_n01190_E_R.jpg,0.134178,0.351142,0.0,False,n01190
monument_street/west_to_east/004_n01189_E_L.jpg,0.126605,0.288893,0.0,False,n01189
monument_street/west_to_east/004_n01189_E_R.jpg,0.015239,0.230916,0.0,False,n01189
monument_street/west_to_east/005_n01188_E_L.jpg,0.097357,0.240598,0.0,False,n01188
monument_street/west_to_east/005_n01188_E_R.jpg,0.101366,0.254778,0.0,False,n01188
monument_street/west_to_east/006_n01187_E_L.jpg,0.055698,0.197645,0.0,False,n01187
monument_street/west_to_east/006_n01187_E_R.jpg,0.24311,0.146749,0.0,False,n01187
monument_street/west_to_east/007_n01186_E_F.jpg,0.185572,0.008107,0.0,False,n01186
monument_street/west_to_east/008_n01185_S_L.jpg,0.280454,0.372616,0.0,False,n01185
monument_street/west_to_east/008_n01185_S_R.jpg,0.148291,0.063378,0.0,False,n01185
moor_lane/east_to_west/001_n01194_W_F.jpg,0.073719,0.12086,0.0,False,n01194
moor_lane/east_to_west/002_n01193_W_L.jpg,0.0,0.248575,0.0,False,n01193
moor_lane/east_to_west/002_n01193_W_R.jpg,0.159236,0.368702,0.0,False,n01193
moor_lane/west_to_east/001_n01193_E_L.jpg,0.115662,0.297264,0.0,False,n01193
moor_lane/west_to_east/001_n01193_E_R.jpg,0.032474,0.412524,0.0,False,n01193
moor_lane/west_to_east/002_n01194_E_F.jpg,0.058031,0.147897,0.0,False,n01194
moorfields/north_to_south/001_n01197_S_F.jpg,0.182105,0.0,0.0,False,n01197
moorfields/north_to_south/002_n01196_S_F.jpg,0.0,0.0,0.039155,True,n01196
moorfields/north_to_south/003_n01195_S_F.jpg,0.083178,0.000157,0.0,False,n01195
moorfields/south_to_north/001_n01195_N_F.jpg,0.051914,9e-06,0.0,False,n01195
moorfields/south_to_north/002_n01196_N_F.jpg,0.0,0.0,0.050054,True,n01196
moorfields/south_to_north/003_n01197_N_F.jpg,0.097506,0.0,0.167435,False,n01197
moorgate/north_to_south/001_n01218_S_L.jpg,0.0,0.175535,0.303597,False,n01218
moorgate/north_to_south/001_n01218_S_R.jpg,0.0,0.257242,0.364191,False,n01218
moorgate/north_to_south/002_n01217_S_L.jpg,0.110753,0.306084,0.0,False,n01217
moorgate/north_to_south/002_n01217_S_R.jpg,0.077917,0.081269,0.0,False,n01217
moorgate/north_to_south/003_n01216_S_F.jpg,0.10139,0.336143,0.0,False,n01216
moorgate/north_to_south/004_n01215_S_L.jpg,0.106337,0.364258,0.0,False,n01215
moorgate/north_to_south/004_n01215_S_R.jpg,0.116749,0.303021,0.0,False,n01215
moorgate/north_to_south/005_n01214_S_L.jpg,0.135128,0.34811,0.0,False,n01214
moorgate/north_to_south/005_n01214_S_R.jpg,0.260527,0.244867,0.0,False,n01214
moorgate/north_to_south/006_n01213_S_L.jpg,0.233958,0.405033,0.0,False,n01213
moorgate/north_to_south/006_n01213_S_R.jpg,0.193191,0.283075,0.0,False,n01213
moorgate/north_to_south/007_n01212_S_L.jpg,0.05498,0.00266,0.0,False,n01212
moorgate/north_to_south/007_n01212_S_R.jpg,0.136507,0.165713,0.0,False,n01212
moorgate/north_to_south/008_n01211_S_L.jpg,0.122476,0.383982,0.0,False,n01211
moorgate/north_to_south/008_n01211_S_R.jpg,0.0,0.120461,0.0,False,n01211
moorgate/north_to_south/009_n01210_S_L.jpg,0.046267,0.30687,0.0,False,n01210
moorgate/north_to_south/009_n01210_S_R.jpg,0.077714,0.292928,0.0,False,n01210
moorgate/north_to_south/010_n01209_S_L.jpg,0.05803,0.308964,0.0,False,n01209
moorgate/north_to_south/010_n01209_S_R.jpg,0.064413,0.299087,0.0,False,n01209
moorgate/north_to_south/011_n01208_S_L.jpg,0.057314,0.298216,0.0,False,n01208
moorgate/north_to_south/011_n01208_S_R.jpg,0.06827,0.309306,0.0,False,n01208
moorgate/north_to_south/012_n01207_S_L.jpg,0.04428,0.269041,0.0,False,n01207
moorgate/north_to_south/012_n01207_S_R.jpg,0.094387,0.339089,0.0,False,n01207
moorgate/north_to_south/013_n01206_S_L.jpg,0.051138,0.208966,0.0,False,n01206
moorgate/north_to_south/013_n01206_S_R.jpg,0.075416,0.081103,0.0,False,n01206
moorgate/north_to_south/014_n01205_S_L.jpg,0.055224,0.177775,0.0,False,n01205
moorgate/north_to_south/014_n01205_S_R.jpg,0.076031,0.352783,0.0,False,n01205
moorgate/north_to_south/015_n01204_S_L.jpg,0.063196,0.22104,0.0,False,n01204
moorgate/north_to_south/015_n01204_S_R.jpg,0.080474,0.351276,0.0,False,n01204
moorgate/north_to_south/016_n01203_S_F.jpg,0.082373,0.240956,0.0,False,n01203
moorgate/north_to_south/017_n01202_S_L.jpg,0.098724,0.342322,0.0,False,n01202
moorgate/north_to_south/017_n01202_S_R.jpg,0.042577,0.265917,0.0,False,n01202
moorgate/north_to_south/018_n01201_S_L.jpg,0.079359,0.325175,0.0,False,n01201
moorgate/north_to_south/018_n01201_S_R.jpg,0.054556,0.258516,0.0,False,n01201
moorgate/north_to_south/019_n01200_S_L.jpg,0.094075,0.314604,0.0,False,n01200
moorgate/north_to_south/019_n01200_S_R.jpg,0.048772,0.23394,0.0,False,n01200
moorgate/north_to_south/020_n01199_S_L.jpg,0.177085,0.30801,0.0,False,n01199
moorgate/north_to_south/020_n01199_S_R.jpg,0.053922,0.219227,0.0,False,n01199
moorgate/north_to_south/021_n01198_S_L.jpg,0.174065,0.417453,0.0,False,n01198
moorgate/north_to_south/021_n01198_S_R.jpg,0.10944,0.410189,0.0,False,n01198
moorgate/south_to_north/001_n01198_N_L.jpg,0.101342,0.360962,0.0,False,n01198
moorgate/south_to_north/001_n01198_N_R.jpg,0.157456,0.410021,0.0,False,n01198
moorgate/south_to_north/002_n01199_N_L.jpg,0.057888,0.183765,0.0,False,n01199
moorgate/south_to_north/002_n01199_N_R.jpg,0.077569,0.286438,0.0,False,n01199
moorgate/south_to_north/003_n01200_N_L.jpg,0.070578,0.218813,0.0,False,n01200
moorgate/south_to_north/003_n01200_N_R.jpg,0.069989,0.331341,0.0,False,n01200
moorgate/south_to_north/004_n01201_N_L.jpg,0.113042,0.311468,0.0,False,n01201
moorgate/south_to_north/004_n01201_N_R.jpg,0.089258,0.340722,0.0,False,n01201
moorgate/south_to_north/005_n01202_N_L.jpg,0.088235,0.293609,0.0,False,n01202
moorgate/south_to_north/005_n01202_N_R.jpg,0.044886,0.319041,0.0,False,n01202
moorgate/south_to_north/006_n01203_N_F.jpg,0.080495,0.260838,0.0,False,n01203
moorgate/south_to_north/007_n01204_N_L.jpg,0.081564,0.350843,0.0,False,n01204
moorgate/south_to_north/007_n01204_N_R.jpg,0.044153,0.212944,0.0,False,n01204
moorgate/south_to_north/008_n01205_N_L.jpg,0.096619,0.331988,0.0,False,n01205
moorgate/south_to_north/008_n01205_N_R.jpg,0.048727,0.202863,0.0,False,n01205
moorgate/south_to_north/009_n01206_N_L.jpg,0.06991,0.177342,0.0,False,n01206
moorgate/south_to_north/009_n01206_N_R.jpg,0.080668,0.293563,0.0,False,n01206
moorgate/south_to_north/010_n01207_N_L.jpg,0.070248,0.352942,0.0,False,n01207
moorgate/south_to_north/010_n01207_N_R.jpg,0.05123,0.207543,0.0,False,n01207
moorgate/south_to_north/011_n01208_N_L.jpg,0.052411,0.291047,0.0,False,n01208
moorgate/south_to_north/011_n01208_N_R.jpg,0.062864,0.293101,0.0,False,n01208
moorgate/south_to_north/012_n01209_N_L.jpg,0.056164,0.273751,0.0,False,n01209
moorgate/south_to_north/012_n01209_N_R.jpg,0.068315,0.310704,0.0,False,n01209
moorgate/south_to_north/013_n01210_N_L.jpg,0.060817,0.273292,0.0,False,n01210
moorgate/south_to_north/013_n01210_N_R.jpg,0.087011,0.332448,0.0,False,n01210
moorgate/south_to_north/014_n01211_N_L.jpg,0.131381,0.235092,0.0,False,n01211
moorgate/south_to_north/014_n01211_N_R.jpg,0.060463,0.340473,0.0,False,n01211
moorgate/south_to_north/015_n01212_N_L.jpg,0.11318,0.323494,0.0,False,n01212
moorgate/south_to_north/015_n01212_N_R.jpg,0.169727,0.179344,0.0,False,n01212
moorgate/south_to_north/016_n01213_N_L.jpg,0.069068,0.104493,0.0,False,n01213
moorgate/south_to_north/016_n01213_N_R.jpg,0.125466,0.401513,0.0,False,n01213
moorgate/south_to_north/017_n01214_N_L.jpg,0.037821,0.255041,0.0,False,n01214
moorgate/south_to_north/017_n01214_N_R.jpg,0.092225,0.390006,0.0,False,n01214
moorgate/south_to_north/018_n01215_N_L.jpg,0.044034,0.313434,0.0,False,n01215
moorgate/south_to_north/018_n01215_N_R.jpg,0.089122,0.37433,0.0,False,n01215
moorgate/south_to_north/019_n01216_N_F.jpg,0.08338,0.336283,0.0,False,n01216
moorgate/south_to_north/020_n01217_N_L.jpg,0.093657,0.137033,0.0,False,n01217
moorgate/south_to_north/020_n01217_N_R.jpg,0.153194,0.295989,0.0,False,n01217
moorgate/south_to_north/021_n01218_N_L.jpg,0.0,0.227341,0.334338,False,n01218
moorgate/south_to_north/021_n01218_N_R.jpg,0.0,0.000262,0.296408,True,n01218
new_broad_street/north_to_south/001_n01230_S_F.jpg,0.014725,0.0,0.441295,False,n01230
new_broad_street/north_to_south/002_n01229_S_F.jpg,0.098069,0.04213,0.0,False,n01229
new_broad_street/north_to_south/003_n01228_W_L.jpg,0.10301,0.195007,0.0,False,n01228
new_broad_street/north_to_south/003_n01228_W_R.jpg,0.100153,0.212986,0.0,False,n01228
new_broad_street/north_to_south/004_n01227_S_F.jpg,0.0,0.0,0.339766,True,n01227
new_broad_street/north_to_south/005_n01226_W_L.jpg,0.11846,0.368227,0.0,False,n01226
new_broad_street/north_to_south/005_n01226_W_R.jpg,0.0,0.040639,0.0,False,n01226
new_broad_street/north_to_south/006_n01225_S_F.jpg,0.049413,0.011837,0.0,False,n01225
new_broad_street/north_to_south/007_n01224_E_F.jpg,0.033378,0.25155,0.0,False,n01224
new_broad_street/north_to_south/008_n01223_E_F.jpg,0.029373,0.266084,0.0,False,n01223
new_broad_street/north_to_south/009_n01222_E_F.jpg,0.021225,0.155565,0.0,False,n01222
new_broad_street/north_to_south/010_n01221_E_F.jpg,0.01205,0.152622,0.0,False,n01221
new_broad_street/north_to_south/011_n01220_E_F.jpg,0.0,0.153187,0.0,False,n01220
new_broad_street/north_to_south/012_n01219_E_L.jpg,0.047503,0.394747,0.0,False,n01219
new_broad_street/north_to_south/012_n01219_E_R.jpg,0.000357,0.231336,0.0,False,n01219
new_broad_street/south_to_north/001_n01219_W_L.jpg,0.12844,0.378796,0.0,False,n01219
new_broad_street/south_to_north/001_n01219_W_R.jpg,0.120458,0.362098,0.0,False,n01219
new_broad_street/south_to_north/002_n01220_W_F.jpg,0.051386,0.083865,0.0,False,n01220
new_broad_street/south_to_north/003_n01221_W_F.jpg,0.050942,0.117001,0.0,False,n01221
new_broad_street/south_to_north/004_n01222_W_F.jpg,0.051417,0.133134,0.0,False,n01222
new_broad_street/south_to_north/005_n01223_W_F.jpg,0.043083,0.268966,0.0,False,n01223
new_broad_street/south_to_north/006_n01224_W_F.jpg,0.01946,0.096185,0.0,False,n01224
new_broad_street/south_to_north/007_n01225_N_F.jpg,0.014569,0.044849,0.0,False,n01225
new_broad_street/south_to_north/008_n01226_E_L.jpg,0.095746,0.215226,0.0,False,n01226
new_broad_street/south_to_north/008_n01226_E_R.jpg,0.0,0.07523,0.0,False,n01226
new_broad_street/south_to_north/009_n01227_N_F.jpg,0.0,0.0,0.343236,True,n01227
new_broad_street/south_to_north/010_n01228_E_L.jpg,0.100629,0.430189,0.0,False,n01228
new_broad_street/south_to_north/010_n01228_E_R.jpg,0.01985,0.097927,0.0,False,n01228
new_broad_street/south_to_north/011_n01229_N_F.jpg,0.059421,0.099074,0.0,False,n01229
new_broad_street/south_to_north/012_n01230_N_F.jpg,0.0,0.0,0.012284,False,n01230
new_change/north_to_south/001_n01240_S_L.jpg,0.0,0.0,0.046125,True,n01240
new_change/north_to_south/001_n01240_S_R.jpg,0.0,0.0,0.350048,True,n01240
new_change/north_to_south/002_n01239_S_L.jpg,0.14293,0.329063,0.0,False,n01239
new_change/north_to_south/002_n01239_S_R.jpg,0.008527,0.20834,0.0,False,n01239
new_change/north_to_south/003_n01238_S_L.jpg,0.092702,0.352228,0.0,False,n01238
new_change/north_to_south/003_n01238_S_R.jpg,0.028573,0.216641,0.0,False,n01238
new_change/north_to_south/004_n01237_S_L.jpg,0.084648,0.191927,0.0,False,n01237
new_change/north_to_south/004_n01237_S_R.jpg,0.306151,0.30958,0.0,False,n01237
new_change/north_to_south/005_n01236_S_L.jpg,0.106633,0.265532,0.0,False,n01236
new_change/north_to_south/005_n01236_S_R.jpg,0.16153,0.278288,0.0,False,n01236
new_change/north_to_south/006_n01235_S_L.jpg,0.094304,0.343826,0.0,False,n01235
new_change/north_to_south/006_n01235_S_R.jpg,0.09765,0.235601,0.0,False,n01235
new_change/north_to_south/007_n01234_S_L.jpg,0.000288,0.0,0.0,False,n01234
new_change/north_to_south/007_n01234_S_R.jpg,0.13337,0.030338,0.0,False,n01234
new_change/north_to_south/008_n01233_S_L.jpg,0.221714,0.291063,0.0,False,n01233
new_change/north_to_south/008_n01233_S_R.jpg,0.145945,0.1983,0.0,False,n01233
new_change/north_to_south/009_n01232_S_L.jpg,0.136723,0.375326,0.0,False,n01232
new_change/north_to_south/009_n01232_S_R.jpg,0.143589,0.096769,0.0,False,n01232
new_change/north_to_south/010_n01231_S_L.jpg,0.07013,0.13729,0.0,False,n01231
new_change/north_to_south/010_n01231_S_R.jpg,0.170795,0.285889,0.0,False,n01231
new_change/south_to_north/001_n01231_N_L.jpg,0.371694,0.357514,0.0,False,n01231
new_change/south_to_north/001_n01231_N_R.jpg,0.26694,0.155716,0.0,False,n01231
new_change/south_to_north/002_n01232_N_L.jpg,0.051433,0.14378,0.0,False,n01232
new_change/south_to_north/002_n01232_N_R.jpg,0.268796,0.376542,0.0,False,n01232
new_change/south_to_north/003_n01233_N_L.jpg,0.037927,0.143021,0.0,False,n01233
new_change/south_to_north/003_n01233_N_R.jpg,0.130021,0.354139,0.0,False,n01233
new_change/south_to_north/004_n01234_N_L.jpg,0.164562,0.01888,0.0,False,n01234
new_change/south_to_north/004_n01234_N_R.jpg,0.04312,0.0,0.0,False,n01234
new_change/south_to_north/005_n01235_N_L.jpg,0.19065,0.194037,0.0,False,n01235
new_change/south_to_north/005_n01235_N_R.jpg,0.089659,0.341895,0.0,False,n01235
new_change/south_to_north/006_n01236_N_L.jpg,0.139126,0.229051,0.0,False,n01236
new_change/south_to_north/006_n01236_N_R.jpg,0.07121,0.278385,0.0,False,n01236
new_change/south_to_north/007_n01237_N_L.jpg,0.178573,0.148305,0.0,False,n01237
new_change/south_to_north/007_n01237_N_R.jpg,0.102462,0.384979,0.0,False,n01237
new_change/south_to_north/008_n01238_N_L.jpg,0.049011,0.299066,0.0,False,n01238
new_change/south_to_north/008_n01238_N_R.jpg,0.166635,0.387671,0.0,False,n01238
new_change/south_to_north/009_n01239_N_L.jpg,0.07991,0.315043,0.0,False,n01239
new_change/south_to_north/009_n01239_N_R.jpg,0.232138,0.395111,0.0,False,n01239
new_change/south_to_north/010_n01240_N_L.jpg,0.0,0.0,0.0,False,n01240
new_change/south_to_north/010_n01240_N_R.jpg,0.0,0.0,0.044161,True,n01240
new_change_passage/east_to_west/001_n01244_W_F.jpg,0.0,0.0,0.006744,False,n01244
new_change_passage/east_to_west/002_n01243_W_F.jpg,0.0,0.0,0.035965,True,n01243
new_change_passage/east_to_west/003_n01242_W_F.jpg,0.0394,0.0,0.043846,False,n01242
new_change_passage/east_to_west/004_n01241_W_F.jpg,0.159783,0.068838,0.0,False,n01241
new_change_passage/west_to_east/001_n01241_E_F.jpg,0.130155,0.028941,0.0,False,n01241
new_change_passage/west_to_east/002_n01242_E_F.jpg,0.091577,0.0,0.0,False,n01242
new_change_passage/west_to_east/003_n01243_E_F.jpg,0.0,0.0,0.058579,True,n01243
new_change_passage/west_to_east/004_n01244_E_F.jpg,0.0,0.0,0.185381,True,n01244
new_street/east_to_west/001_n01245_W_L.jpg,0.058755,0.150219,0.0,False,n01245
new_street/east_to_west/001_n01245_W_R.jpg,0.021635,0.063957,0.0,False,n01245
new_street/east_to_west/002_n01246_W_L.jpg,0.051746,0.177036,0.0,False,n01246
new_street/east_to_west/002_n01246_W_R.jpg,0.083399,0.104371,0.0,False,n01246
new_street/east_to_west/003_n01247_W_L.jpg,0.149183,0.283841,0.0,False,n01247
new_street/east_to_west/003_n01247_W_R.jpg,0.104061,0.269858,0.0,False,n01247
new_street/west_to_east/001_n01247_E_L.jpg,0.249147,0.348959,0.0,False,n01247
new_street/west_to_east/001_n01247_E_R.jpg,0.028834,0.316164,0.0,False,n01247
new_street/west_to_east/002_n01246_E_L.jpg,0.011876,0.026261,0.0,False,n01246
new_street/west_to_east/002_n01246_E_R.jpg,0.062468,0.191894,0.0,False,n01246
new_street/west_to_east/003_n01245_E_L.jpg,0.039961,0.009468,0.0,False,n01245
new_street/west_to_east/003_n01245_E_R.jpg,0.054835,0.085658,0.0,False,n01245
newgate_street/east_to_west/001_n01248_W_F.jpg,0.08268,0.312489,0.0,False,n01248
newgate_street/east_to_west/002_n01249_W_L.jpg,0.104359,0.297669,0.0,False,n01249
newgate_street/east_to_west/002_n01249_W_R.jpg,0.121677,0.332487,0.0,False,n01249
newgate_street/west_to_east/001_n01249_E_L.jpg,0.101254,0.319524,0.0,False,n01249
newgate_street/west_to_east/001_n01249_E_R.jpg,0.094407,0.250118,0.0,False,n01249
newgate_street/west_to_east/002_n01248_E_F.jpg,0.145342,0.314636,0.0,False,n01248
nicholas_lane/north_to_south/001_n01258_S_L.jpg,0.066881,0.35032,0.0,False,n01258
nicholas_lane/north_to_south/001_n01258_S_R.jpg,0.026783,0.254268,0.0,False,n01258
nicholas_lane/north_to_south/002_n01257_S_L.jpg,0.023334,0.086555,0.0,False,n01257
nicholas_lane/north_to_south/002_n01257_S_R.jpg,0.021995,0.252429,0.0,False,n01257
nicholas_lane/north_to_south/003_n01256_S_L.jpg,0.028324,0.104795,0.0,False,n01256
nicholas_lane/north_to_south/003_n01256_S_R.jpg,0.010408,0.265981,0.0,False,n01256
nicholas_lane/north_to_south/004_n01255_S_L.jpg,0.015793,0.092506,0.0,False,n01255
nicholas_lane/north_to_south/004_n01255_S_R.jpg,0.022466,0.154181,0.0,False,n01255
nicholas_lane/north_to_south/005_n01254_S_L.jpg,0.015816,0.076301,0.0,False,n01254
nicholas_lane/north_to_south/005_n01254_S_R.jpg,0.166826,0.113027,0.0,False,n01254
nicholas_lane/north_to_south/006_n01253_W_L.jpg,0.0,0.0,0.25423,True,n01253
nicholas_lane/north_to_south/006_n01253_W_R.jpg,0.0,0.176685,0.255604,False,n01253
nicholas_lane/north_to_south/007_n01252_S_L.jpg,0.080357,0.156413,0.0,False,n01252
nicholas_lane/north_to_south/007_n01252_S_R.jpg,0.042214,0.33816,0.0,False,n01252
nicholas_lane/north_to_south/008_n01251_S_L.jpg,0.001277,0.130109,0.0,False,n01251
nicholas_lane/north_to_south/008_n01251_S_R.jpg,0.255284,0.014858,0.0,False,n01251
nicholas_lane/north_to_south/009_n01250_S_F.jpg,0.114013,0.120375,0.0,False,n01250
nicholas_lane/south_to_north/001_n01250_N_F.jpg,0.173444,0.084758,0.0,False,n01250
nicholas_lane/south_to_north/002_n01251_N_L.jpg,0.325772,0.081189,0.0,False,n01251
nicholas_lane/south_to_north/002_n01251_N_R.jpg,0.0,0.070325,0.0,False,n01251
nicholas_lane/south_to_north/003_n01252_N_L.jpg,0.020565,0.002094,0.0,False,n01252
nicholas_lane/south_to_north/003_n01252_N_R.jpg,0.083588,0.180544,0.0,False,n01252
nicholas_lane/south_to_north/004_n01253_E_L.jpg,0.0,0.0,0.211644,True,n01253
nicholas_lane/south_to_north/004_n01253_E_R.jpg,0.0,0.0,0.227025,True,n01253
nicholas_lane/south_to_north/005_n01254_N_L.jpg,0.010464,0.063228,0.0,False,n01254
nicholas_lane/south_to_north/005_n01254_N_R.jpg,0.028137,0.119685,0.0,False,n01254
nicholas_lane/south_to_north/006_n01255_N_L.jpg,0.023428,0.103654,0.0,False,n01255
nicholas_lane/south_to_north/006_n01255_N_R.jpg,0.019179,0.071372,0.0,False,n01255
nicholas_lane/south_to_north/007_n01256_N_L.jpg,0.01333,0.285306,0.0,False,n01256
nicholas_lane/south_to_north/007_n01256_N_R.jpg,0.016057,0.067212,0.0,False,n01256
nicholas_lane/south_to_north/008_n01257_N_L.jpg,0.000627,0.107128,0.0,False,n01257
nicholas_lane/south_to_north/008_n01257_N_R.jpg,0.005584,0.06269,0.0,False,n01257
nicholas_lane/south_to_north/009_n01258_N_L.jpg,0.058655,0.198185,0.0,False,n01258
nicholas_lane/south_to_north/009_n01258_N_R.jpg,0.003157,0.135785,0.0,False,n01258
nicholas_passage/east_to_west/001_n01259_W_L.jpg,0.0,0.213767,0.0,False,n01259
nicholas_passage/east_to_west/001_n01259_W_R.jpg,0.026106,0.288061,0.0,False,n01259
nicholas_passage/east_to_west/002_n01260_W_F.jpg,0.0,0.0,0.0,False,n01260
nicholas_passage/east_to_west/003_n01261_W_F.jpg,0.0,0.0,8e-06,False,n01261
nicholas_passage/west_to_east/001_n01261_E_F.jpg,0.009706,0.0,0.0,False,n01261
nicholas_passage/west_to_east/002_n01260_E_F.jpg,0.0,0.0,0.0,False,n01260
nicholas_passage/west_to_east/003_n01259_E_L.jpg,0.008948,0.050164,0.0,False,n01259
nicholas_passage/west_to_east/003_n01259_E_R.jpg,0.034325,0.113192,0.0,False,n01259
noble_street/north_to_south/001_n01270_S_L.jpg,0.021589,0.079681,0.0,False,n01270
noble_street/north_to_south/001_n01270_S_R.jpg,0.160079,0.146173,0.0,False,n01270
noble_street/north_to_south/002_n01269_S_F.jpg,0.059827,0.136038,0.0,False,n01269
noble_street/north_to_south/003_n01268_S_L.jpg,0.00174,0.155969,0.0,False,n01268
noble_street/north_to_south/003_n01268_S_R.jpg,0.148797,0.012623,0.0,False,n01268
noble_street/north_to_south/004_n01267_S_L.jpg,0.033193,0.181827,0.0,False,n01267
noble_street/north_to_south/004_n01267_S_R.jpg,0.141583,0.006569,0.0,False,n01267
noble_street/north_to_south/005_n01266_S_L.jpg,0.07294,0.357122,0.0,False,n01266
noble_street/north_to_south/005_n01266_S_R.jpg,0.174929,0.091218,0.0,False,n01266
noble_street/north_to_south/006_n01265_S_L.jpg,0.044614,0.169238,0.0,False,n01265
noble_street/north_to_south/006_n01265_S_R.jpg,0.069822,0.2559,0.0,False,n01265
noble_street/north_to_south/007_n01264_S_L.jpg,0.039675,0.124844,0.0,False,n01264
noble_street/north_to_south/007_n01264_S_R.jpg,0.030128,0.290192,0.0,False,n01264
noble_street/north_to_south/008_n01263_S_L.jpg,0.074475,0.148356,0.0,False,n01263
noble_street/north_to_south/008_n01263_S_R.jpg,0.021569,0.295938,0.0,False,n01263
noble_street/north_to_south/009_n01262_S_L.jpg,0.099728,0.32118,0.0,False,n01262
noble_street/north_to_south/009_n01262_S_R.jpg,0.043704,0.088446,0.0,False,n01262
noble_street/south_to_north/001_n01262_N_L.jpg,0.089534,0.299011,0.0,False,n01262
noble_street/south_to_north/001_n01262_N_R.jpg,0.076889,0.413156,0.0,False,n01262
noble_street/south_to_north/002_n01263_N_L.jpg,0.050579,0.243915,0.0,False,n01263
noble_street/south_to_north/002_n01263_N_R.jpg,0.030274,0.091358,0.0,False,n01263
noble_street/south_to_north/003_n01264_N_L.jpg,0.057459,0.286324,0.0,False,n01264
noble_street/south_to_north/003_n01264_N_R.jpg,0.017156,0.084744,0.0,False,n01264
noble_street/south_to_north/004_n01265_N_L.jpg,0.057722,0.193801,0.0,False,n01265
noble_street/south_to_north/004_n01265_N_R.jpg,0.016942,0.245772,0.0,False,n01265
noble_street/south_to_north/005_n01266_N_L.jpg,0.043431,0.01068,0.0,False,n01266
noble_street/south_to_north/005_n01266_N_R.jpg,0.056508,0.094427,0.0,False,n01266
noble_street/south_to_north/006_n01267_N_L.jpg,0.057717,0.006511,0.0,False,n01267
noble_street/south_to_north/006_n01267_N_R.jpg,0.041548,0.129489,0.0,False,n01267
noble_street/south_to_north/007_n01268_N_L.jpg,0.024688,0.043573,0.0,False,n01268
noble_street/south_to_north/007_n01268_N_R.jpg,0.11375,0.0,0.0,False,n01268
noble_street/south_to_north/008_n01269_N_F.jpg,0.118263,0.015781,0.0,False,n01269
noble_street/south_to_north/009_n01270_N_L.jpg,0.114816,0.226268,0.0,False,n01270
noble_street/south_to_north/009_n01270_N_R.jpg,0.272487,0.297192,0.0,False,n01270
oat_lane/east_to_west/001_n01271_N_L.jpg,0.022793,0.176458,0.0,False,n01271
oat_lane/east_to_west/001_n01271_N_R.jpg,0.0,0.110383,0.0,False,n01271
oat_lane/east_to_west/002_n01272_W_L.jpg,0.043246,0.339737,0.0,False,n01272
oat_lane/east_to_west/002_n01272_W_R.jpg,0.007616,0.003683,0.0,False,n01272
oat_lane/east_to_west/003_n01273_W_L.jpg,0.12525,0.313876,0.0,False,n01273
oat_lane/east_to_west/003_n01273_W_R.jpg,0.009463,0.003076,0.0,False,n01273
oat_lane/east_to_west/004_n01274_W_L.jpg,0.149809,0.057247,0.0,False,n01274
oat_lane/east_to_west/004_n01274_W_R.jpg,0.070346,0.110334,0.0,False,n01274
oat_lane/west_to_east/001_n01274_E_L.jpg,0.045313,0.071148,0.0,False,n01274
oat_lane/west_to_east/001_n01274_E_R.jpg,0.081486,0.375595,0.0,False,n01274
oat_lane/west_to_east/002_n01273_E_L.jpg,0.026717,0.306737,0.0,False,n01273
oat_lane/west_to_east/002_n01273_E_R.jpg,0.019644,0.309075,0.0,False,n01273
oat_lane/west_to_east/003_n01272_E_L.jpg,0.0,0.0,0.0,False,n01272
oat_lane/west_to_east/003_n01272_E_R.jpg,0.026866,0.044987,0.0,False,n01272
oat_lane/west_to_east/004_n01271_S_L.jpg,0.049881,0.123274,0.0,False,n01271
oat_lane/west_to_east/004_n01271_S_R.jpg,0.036487,0.146658,0.0,False,n01271
old_billingsgate_walk/east_to_west/001_n01275_W_F.jpg,0.207246,0.000568,0.320759,False,n01275
old_billingsgate_walk/east_to_west/002_n01276_W_F.jpg,0.292907,0.012394,0.0,False,n01276
old_billingsgate_walk/east_to_west/003_n01277_W_F.jpg,0.271321,0.000144,0.0,False,n01277
old_billingsgate_walk/east_to_west/004_n01278_W_F.jpg,0.381713,0.0135,0.0,False,n01278
old_billingsgate_walk/west_to_east/001_n01278_E_F.jpg,0.466185,0.013021,0.0,False,n01278
old_billingsgate_walk/west_to_east/002_n01277_E_F.jpg,0.355981,0.0,0.0,False,n01277
old_billingsgate_walk/west_to_east/003_n01276_E_F.jpg,0.321049,0.0,0.0,False,n01276
old_billingsgate_walk/west_to_east/004_n01275_E_F.jpg,0.37574,0.0,0.0,False,n01275
old_broad_street/north_to_south/001_n01301_S_L.jpg,0.071439,0.254597,0.0,False,n01301
old_broad_street/north_to_south/001_n01301_S_R.jpg,0.044597,0.24482,0.0,False,n01301
old_broad_street/north_to_south/002_n01300_S_L.jpg,0.06192,0.363985,0.0,False,n01300
old_broad_street/north_to_south/002_n01300_S_R.jpg,0.068073,0.348143,0.0,False,n01300
old_broad_street/north_to_south/003_n01299_S_L.jpg,0.006133,0.332568,0.0,False,n01299
old_broad_street/north_to_south/003_n01299_S_R.jpg,0.048912,0.152598,0.0,False,n01299
old_broad_street/north_to_south/004_n01298_S_L.jpg,0.001656,0.324195,0.0,False,n01298
old_broad_street/north_to_south/004_n01298_S_R.jpg,0.082715,0.214593,0.0,False,n01298
old_broad_street/north_to_south/005_n01297_S_L.jpg,0.0,0.344701,0.0,False,n01297
old_broad_street/north_to_south/005_n01297_S_R.jpg,0.048108,0.122346,0.0,False,n01297
old_broad_street/north_to_south/006_n01296_S_L.jpg,0.022216,0.234627,0.0,False,n01296
old_broad_street/north_to_south/006_n01296_S_R.jpg,0.142835,0.351942,0.0,False,n01296
old_broad_street/north_to_south/007_n01295_S_L.jpg,0.041614,0.047937,0.0,False,n01295
old_broad_street/north_to_south/007_n01295_S_R.jpg,0.096261,0.419429,0.0,False,n01295
old_broad_street/north_to_south/008_n01294_S_L.jpg,0.059909,0.343605,0.0,False,n01294
old_broad_street/north_to_south/008_n01294_S_R.jpg,0.078312,0.156642,0.0,False,n01294
old_broad_street/north_to_south/009_n01293_S_L.jpg,0.043792,0.347642,0.0,False,n01293
old_broad_street/north_to_south/009_n01293_S_R.jpg,0.058331,0.175648,0.0,False,n01293
old_broad_street/north_to_south/010_n01292_S_L.jpg,0.075069,0.330859,0.0,False,n01292
old_broad_street/north_to_south/010_n01292_S_R.jpg,0.05821,0.184996,0.0,False,n01292
old_broad_street/north_to_south/011_n01291_S_L.jpg,0.101123,0.348041,0.0,False,n01291
old_broad_street/north_to_south/011_n01291_S_R.jpg,0.027864,0.15761,0.0,False,n01291
old_broad_street/north_to_south/012_n01290_S_L.jpg,0.090741,0.381239,0.0,False,n01290
old_broad_street/north_to_south/012_n01290_S_R.jpg,0.030362,0.205815,0.0,False,n01290
old_broad_street/north_to_south/013_n01289_S_L.jpg,0.081698,0.282465,0.0,False,n01289
old_broad_street/north_to_south/013_n01289_S_R.jpg,0.055181,0.136946,0.0,False,n01289
old_broad_street/north_to_south/014_n01288_S_F.jpg,0.042875,0.223276,0.0,False,n01288
old_broad_street/north_to_south/015_n01287_S_L.jpg,0.014986,0.292928,0.0,False,n01287
old_broad_street/north_to_south/015_n01287_S_R.jpg,0.023661,0.108241,0.0,False,n01287
old_broad_street/north_to_south/016_n01286_W_L.jpg,0.01271,0.278252,0.0,False,n01286
old_broad_street/north_to_south/016_n01286_W_R.jpg,0.0,0.128318,0.0,False,n01286
old_broad_street/north_to_south/017_n01285_W_L.jpg,0.053032,0.306575,0.0,False,n01285
old_broad_street/north_to_south/017_n01285_W_R.jpg,0.019776,0.019546,0.0,False,n01285
old_broad_street/north_to_south/018_n01284_W_L.jpg,0.116949,0.333575,0.0,False,n01284
old_broad_street/north_to_south/018_n01284_W_R.jpg,0.028234,0.330962,0.0,False,n01284
old_broad_street/north_to_south/019_n01283_W_L.jpg,0.0,0.0,0.222189,True,n01283
old_broad_street/north_to_south/019_n01283_W_R.jpg,0.0,0.0,0.050831,True,n01283
old_broad_street/north_to_south/020_n01282_S_L.jpg,0.002261,0.31424,0.0,False,n01282
old_broad_street/north_to_south/020_n01282_S_R.jpg,0.07423,0.180085,0.0,False,n01282
old_broad_street/north_to_south/021_n01281_S_L.jpg,0.050727,0.328586,0.0,False,n01281
old_broad_street/north_to_south/021_n01281_S_R.jpg,0.037052,0.103918,0.0,False,n01281
old_broad_street/north_to_south/022_n01280_S_L.jpg,0.000883,0.008098,0.0,False,n01280
old_broad_street/north_to_south/022_n01280_S_R.jpg,0.000216,0.013051,0.0,False,n01280
old_broad_street/north_to_south/023_n01279_S_L.jpg,0.004735,0.323022,0.0,False,n01279
old_broad_street/north_to_south/023_n01279_S_R.jpg,0.162797,0.346657,0.0,False,n01279
old_broad_street/south_to_north/001_n01279_N_L.jpg,0.0,0.371667,0.0,False,n01279
old_broad_street/south_to_north/001_n01279_N_R.jpg,0.114889,0.424193,0.0,False,n01279
old_broad_street/south_to_north/002_n01280_N_L.jpg,0.00663,0.0,0.0,False,n01280
old_broad_street/south_to_north/002_n01280_N_R.jpg,0.0,0.0,0.0,False,n01280
old_broad_street/south_to_north/003_n01281_N_L.jpg,0.034355,0.120073,0.0,False,n01281
old_broad_street/south_to_north/003_n01281_N_R.jpg,0.053519,0.329461,0.0,False,n01281
old_broad_street/south_to_north/004_n01282_N_L.jpg,0.0,0.040644,0.0,False,n01282
old_broad_street/south_to_north/004_n01282_N_R.jpg,0.099071,0.357476,0.0,False,n01282
old_broad_street/south_to_north/005_n01283_E_L.jpg,0.0,0.0,0.1619,True,n01283
old_broad_street/south_to_north/005_n01283_E_R.jpg,0.002142,0.0,0.305287,True,n01283
old_broad_street/south_to_north/006_n01284_E_L.jpg,0.027017,0.397129,0.0,False,n01284
old_broad_street/south_to_north/006_n01284_E_R.jpg,0.0,0.092093,0.0,False,n01284
old_broad_street/south_to_north/007_n01285_E_L.jpg,0.004372,0.0,0.0,False,n01285
old_broad_street/south_to_north/007_n01285_E_R.jpg,0.08217,0.300819,0.0,False,n01285
old_broad_street/south_to_north/008_n01286_E_L.jpg,0.045809,0.082312,0.0,False,n01286
old_broad_street/south_to_north/008_n01286_E_R.jpg,0.028563,0.324045,0.0,False,n01286
old_broad_street/south_to_north/009_n01287_N_L.jpg,0.042976,0.074325,0.0,False,n01287
old_broad_street/south_to_north/009_n01287_N_R.jpg,0.064449,0.325802,0.0,False,n01287
old_broad_street/south_to_north/010_n01288_N_F.jpg,0.050171,0.194708,0.0,False,n01288
old_broad_street/south_to_north/011_n01289_N_L.jpg,0.051047,0.163069,0.0,False,n01289
old_broad_street/south_to_north/011_n01289_N_R.jpg,0.059369,0.274216,0.0,False,n01289
old_broad_street/south_to_north/012_n01290_N_L.jpg,0.038042,0.209212,0.0,False,n01290
old_broad_street/south_to_north/012_n01290_N_R.jpg,0.058301,0.370377,0.0,False,n01290
old_broad_street/south_to_north/013_n01291_N_L.jpg,0.035717,0.258514,0.0,False,n01291
old_broad_street/south_to_north/013_n01291_N_R.jpg,0.038663,0.351536,0.0,False,n01291
old_broad_street/south_to_north/014_n01292_N_L.jpg,0.050923,0.192461,0.0,False,n01292
old_broad_street/south_to_north/014_n01292_N_R.jpg,0.045913,0.333846,0.0,False,n01292
old_broad_street/south_to_north/015_n01293_N_L.jpg,0.069099,0.164783,0.0,False,n01293
old_broad_street/south_to_north/015_n01293_N_R.jpg,0.128027,0.367552,0.0,False,n01293
old_broad_street/south_to_north/016_n01294_N_L.jpg,0.273132,0.400512,0.0,False,n01294
old_broad_street/south_to_north/016_n01294_N_R.jpg,0.075562,0.360613,0.0,False,n01294
old_broad_street/south_to_north/017_n01295_N_L.jpg,0.118607,0.442788,0.0,False,n01295
old_broad_street/south_to_north/017_n01295_N_R.jpg,0.132626,0.207242,0.0,False,n01295
old_broad_street/south_to_north/018_n01296_N_L.jpg,0.071317,0.33029,0.0,False,n01296
old_broad_street/south_to_north/018_n01296_N_R.jpg,0.049776,0.227515,0.0,False,n01296
old_broad_street/south_to_north/019_n01297_N_L.jpg,0.050335,0.198365,0.0,False,n01297
old_broad_street/south_to_north/019_n01297_N_R.jpg,0.072849,0.355284,0.0,False,n01297
old_broad_street/south_to_north/020_n01298_N_L.jpg,0.042921,0.172384,0.0,False,n01298
old_broad_street/south_to_north/020_n01298_N_R.jpg,0.075113,0.345268,0.0,False,n01298
old_broad_street/south_to_north/021_n01299_N_L.jpg,0.026462,0.165704,0.0,False,n01299
old_broad_street/south_to_north/021_n01299_N_R.jpg,0.127198,0.352376,0.0,False,n01299
old_broad_street/south_to_north/022_n01300_N_L.jpg,0.047646,0.076489,0.0,False,n01300
old_broad_street/south_to_north/022_n01300_N_R.jpg,0.090046,0.326511,0.0,False,n01300
old_broad_street/south_to_north/023_n01301_N_L.jpg,0.093921,0.278266,0.0,False,n01301
old_broad_street/south_to_north/023_n01301_N_R.jpg,0.209387,0.260679,0.0,False,n01301
old_change_court/north_to_south/001_n01305_S_F.jpg,0.108673,0.001038,0.0,False,n01305
old_change_court/north_to_south/002_n01304_S_F.jpg,0.155619,0.030784,0.0,False,n01304
old_change_court/north_to_south/003_n01303_S_F.jpg,0.081347,0.002147,0.0,False,n01303
old_change_court/north_to_south/004_n01302_S_L.jpg,0.042074,0.153967,0.0,False,n01302
old_change_court/north_to_south/004_n01302_S_R.jpg,0.059307,0.137746,0.0,False,n01302
old_change_court/south_to_north/001_n01302_N_L.jpg,0.169156,0.244215,0.0,False,n01302
old_change_court/south_to_north/001_n01302_N_R.jpg,0.22538,0.28575,0.0,False,n01302
old_change_court/south_to_north/002_n01303_N_F.jpg,0.047097,0.042797,0.0,False,n01303
old_change_court/south_to_north/003_n01304_N_F.jpg,0.085959,0.0,0.0,False,n01304
old_change_court/south_to_north/004_n01305_N_F.jpg,0.231595,0.008695,0.0,False,n01305
old_jewry/north_to_south/001_n01313_S_L.jpg,0.045542,0.185221,0.0,False,n01313
old_jewry/north_to_south/001_n01313_S_R.jpg,0.073114,0.23643,0.0,False,n01313
old_jewry/north_to_south/002_n01312_S_L.jpg,0.03677,0.24951,0.0,False,n01312
old_jewry/north_to_south/002_n01312_S_R.jpg,0.06727,0.287643,0.0,False,n01312
old_jewry/north_to_south/003_n01311_S_L.jpg,0.042033,0.106814,0.0,False,n01311
old_jewry/north_to_south/003_n01311_S_R.jpg,0.061488,0.181327,0.0,False,n01311
old_jewry/north_to_south/004_n01310_S_L.jpg,0.022663,0.046456,0.0,False,n01310
old_jewry/north_to_south/004_n01310_S_R.jpg,0.070869,0.296838,0.0,False,n01310
old_jewry/north_to_south/005_n01309_S_L.jpg,0.052359,0.267473,0.0,False,n01309
old_jewry/north_to_south/005_n01309_S_R.jpg,0.081999,0.305082,0.0,False,n01309
old_jewry/north_to_south/006_n01308_S_L.jpg,0.0,0.059874,0.0,False,n01308
old_jewry/north_to_south/006_n01308_S_R.jpg,0.054007,0.204683,0.0,False,n01308
old_jewry/north_to_south/007_n01307_S_L.jpg,0.0,0.0,0.205789,True,n01307
old_jewry/north_to_south/007_n01307_S_R.jpg,0.0,0.0,0.346052,True,n01307
old_jewry/north_to_south/008_n01306_S_L.jpg,0.03377,0.335918,0.0,False,n01306
old_jewry/north_to_south/008_n01306_S_R.jpg,0.109974,0.37465,0.0,False,n01306
old_jewry/south_to_north/001_n01306_N_L.jpg,0.042206,0.140898,0.0,False,n01306
old_jewry/south_to_north/001_n01306_N_R.jpg,0.10384,0.347466,0.0,False,n01306
old_jewry/south_to_north/002_n01307_N_L.jpg,0.047232,0.018683,0.0,False,n01307
old_jewry/south_to_north/002_n01307_N_R.jpg,0.031615,0.065104,0.0,False,n01307
old_jewry/south_to_north/003_n01308_N_L.jpg,0.037631,0.229027,0.0,False,n01308
old_jewry/south_to_north/003_n01308_N_R.jpg,0.077909,0.167026,0.0,False,n01308
old_jewry/south_to_north/004_n01309_N_L.jpg,0.071103,0.297115,0.0,False,n01309
old_jewry/south_to_north/004_n01309_N_R.jpg,0.050524,0.291845,0.0,False,n01309
old_jewry/south_to_north/005_n01310_N_L.jpg,0.064397,0.289693,0.0,False,n01310
old_jewry/south_to_north/005_n01310_N_R.jpg,0.033386,0.149405,0.0,False,n01310
old_jewry/south_to_north/006_n01311_N_L.jpg,0.045898,0.172231,0.0,False,n01311
old_jewry/south_to_north/006_n01311_N_R.jpg,0.024735,0.130686,0.0,False,n01311
old_jewry/south_to_north/007_n01312_N_L.jpg,0.049577,0.149132,0.0,False,n01312
old_jewry/south_to_north/007_n01312_N_R.jpg,0.03147,0.31678,0.0,False,n01312
old_jewry/south_to_north/008_n01313_N_L.jpg,0.078144,0.368366,0.0,False,n01313
old_jewry/south_to_north/008_n01313_N_R.jpg,0.120888,0.310441,0.0,False,n01313
old_watermen_s_walk/north_to_south/001_n01317_S_F.jpg,0.031078,0.000306,0.0,False,n01317
old_watermen_s_walk/north_to_south/002_n01316_S_F.jpg,0.044875,0.000563,0.0,False,n01316
old_watermen_s_walk/north_to_south/003_n01315_S_F.jpg,0.139488,0.001336,0.0,False,n01315
old_watermen_s_walk/north_to_south/004_n01314_S_F.jpg,0.43532,0.018324,0.0,False,n01314
old_watermen_s_walk/south_to_north/001_n01314_N_F.jpg,0.195224,0.000889,0.0,False,n01314
old_watermen_s_walk/south_to_north/002_n01315_N_F.jpg,0.011111,0.0,0.0,False,n01315
old_watermen_s_walk/south_to_north/003_n01316_N_F.jpg,0.000161,0.00054,0.0,False,n01316
old_watermen_s_walk/south_to_north/004_n01317_N_F.jpg,0.01135,0.002286,0.0,False,n01317
outwich_street/east_to_west/001_n01320_S_L.jpg,0.007848,0.094138,0.0,False,n01320
outwich_street/east_to_west/001_n01320_S_R.jpg,0.0,0.256629,0.0,False,n01320
outwich_street/east_to_west/002_n01319_S_L.jpg,0.010914,0.323334,0.0,False,n01319
outwich_street/east_to_west/002_n01319_S_R.jpg,0.04846,0.252594,0.0,False,n01319
outwich_street/east_to_west/003_n01318_W_L.jpg,0.0,0.261221,0.0,False,n01318
outwich_street/east_to_west/003_n01318_W_R.jpg,0.112228,0.332912,0.0,False,n01318
outwich_street/west_to_east/001_n01318_E_L.jpg,0.031035,0.193263,0.0,False,n01318
outwich_street/west_to_east/001_n01318_E_R.jpg,0.076037,0.309842,0.0,False,n01318
outwich_street/west_to_east/002_n01319_N_L.jpg,0.0,0.257698,0.0,False,n01319
outwich_street/west_to_east/002_n01319_N_R.jpg,0.068454,0.264482,0.0,False,n01319
outwich_street/west_to_east/003_n01320_N_L.jpg,0.015174,0.320204,0.0,False,n01320
outwich_street/west_to_east/003_n01320_N_R.jpg,0.140177,0.160861,0.0,False,n01320
oystergate_walk/east_to_west/001_n01321_W_L.jpg,0.204548,0.010144,0.0,False,n01321
oystergate_walk/east_to_west/001_n01321_W_R.jpg,0.057008,0.116397,0.0,False,n01321
oystergate_walk/east_to_west/002_n01322_W_F.jpg,0.085001,0.0,0.0,False,n01322
oystergate_walk/east_to_west/003_n01323_W_F.jpg,0.033945,0.012198,0.0,False,n01323
oystergate_walk/east_to_west/004_n01324_W_F.jpg,0.232027,0.000313,0.0,False,n01324
oystergate_walk/west_to_east/001_n01324_E_F.jpg,0.157566,0.002275,0.0,False,n01324
oystergate_walk/west_to_east/002_n01323_E_F.jpg,0.012967,0.008074,0.0,False,n01323
oystergate_walk/west_to_east/003_n01322_E_F.jpg,0.212075,0.012232,0.0,False,n01322
oystergate_walk/west_to_east/004_n01321_E_L.jpg,0.058953,0.102817,0.0,False,n01321
oystergate_walk/west_to_east/004_n01321_E_R.jpg,0.043425,0.0,0.0,False,n01321
pancras_lane/east_to_west/001_n01325_W_L.jpg,0.0,0.0,0.192596,True,n01325
pancras_lane/east_to_west/001_n01325_W_R.jpg,0.0,0.0,0.232008,True,n01325
pancras_lane/east_to_west/002_n01326_W_L.jpg,0.020034,0.097187,0.0,False,n01326
pancras_lane/east_to_west/002_n01326_W_R.jpg,0.014535,0.19098,0.0,False,n01326
pancras_lane/east_to_west/003_n01327_W_L.jpg,0.05444,0.126017,0.0,False,n01327
pancras_lane/east_to_west/003_n01327_W_R.jpg,0.056279,0.228294,0.0,False,n01327
pancras_lane/east_to_west/004_n01328_W_L.jpg,0.139969,0.379965,0.0,False,n01328
pancras_lane/east_to_west/004_n01328_W_R.jpg,0.040822,0.25231,0.0,False,n01328
pancras_lane/west_to_east/001_n01328_E_L.jpg,0.109943,0.345873,0.0,False,n01328
pancras_lane/west_to_east/001_n01328_E_R.jpg,0.053785,0.37055,0.0,False,n01328
pancras_lane/west_to_east/002_n01327_E_L.jpg,0.001093,0.225684,0.0,False,n01327
pancras_lane/west_to_east/002_n01327_E_R.jpg,0.003367,0.093568,0.0,False,n01327
pancras_lane/west_to_east/003_n01326_E_L.jpg,0.0,0.215342,0.0,False,n01326
pancras_lane/west_to_east/003_n01326_E_R.jpg,0.0,0.087125,0.0,False,n01326
pancras_lane/west_to_east/004_n01325_E_L.jpg,0.0,0.007766,0.354206,True,n01325
pancras_lane/west_to_east/004_n01325_E_R.jpg,0.0,0.0,0.370805,True,n01325
panyer_alley/north_to_south/001_n01332_S_F.jpg,0.087432,0.006398,0.0,False,n01332
panyer_alley/north_to_south/002_n01331_S_F.jpg,0.037633,0.002391,0.0,False,n01331
panyer_alley/north_to_south/003_n01330_S_F.jpg,0.025261,0.00068,0.0,False,n01330
panyer_alley/north_to_south/004_n01329_S_F.jpg,0.044654,0.0,0.0,False,n01329
panyer_alley/south_to_north/001_n01329_N_F.jpg,0.051916,0.001194,0.0,False,n01329
panyer_alley/south_to_north/002_n01330_N_F.jpg,0.043001,0.001581,0.0,False,n01330
panyer_alley/south_to_north/003_n01331_N_F.jpg,0.121754,0.002718,0.0,False,n01331
panyer_alley/south_to_north/004_n01332_N_F.jpg,0.072307,0.024074,0.0,False,n01332
paternoster_row/east_to_west/001_n01336_W_F.jpg,0.026254,0.0,0.0,False,n01336
paternoster_row/east_to_west/002_n01335_S_F.jpg,0.154592,0.0,0.0,False,n01335
paternoster_row/east_to_west/003_n01334_W_F.jpg,0.04022,0.000923,0.0,False,n01334
paternoster_row/east_to_west/004_n01333_S_F.jpg,0.085076,0.000474,0.0,False,n01333
paternoster_row/west_to_east/001_n01333_N_F.jpg,0.147918,0.021091,0.0,False,n01333
paternoster_row/west_to_east/002_n01334_E_F.jpg,0.018602,0.0,0.0,False,n01334
paternoster_row/west_to_east/003_n01335_N_F.jpg,0.164983,0.0,0.0,False,n01335
paternoster_row/west_to_east/004_n01336_E_F.jpg,0.0,0.000533,0.0,False,n01336
paul_s_walk/east_to_west/001_n01337_W_F.jpg,0.224273,0.006237,0.0,False,n01337
paul_s_walk/east_to_west/002_n01338_W_F.jpg,0.231759,0.0,0.0,False,n01338
paul_s_walk/east_to_west/003_n01339_W_F.jpg,0.305804,0.000317,0.0,False,n01339
paul_s_walk/east_to_west/004_n01340_W_F.jpg,0.284952,0.001572,0.0,False,n01340
paul_s_walk/east_to_west/005_n01341_W_F.jpg,0.316016,0.000439,0.0,False,n01341
paul_s_walk/west_to_east/001_n01341_E_F.jpg,0.337841,0.065185,0.0,False,n01341
paul_s_walk/west_to_east/002_n01340_E_F.jpg,0.314701,0.002709,0.0,False,n01340
paul_s_walk/west_to_east/003_n01339_E_F.jpg,0.24093,0.000146,0.0,False,n01339
paul_s_walk/west_to_east/004_n01338_E_F.jpg,0.202836,0.000159,0.0,False,n01338
paul_s_walk/west_to_east/005_n01337_E_F.jpg,0.171107,0.003602,0.0,False,n01337
philpot_lane/north_to_south/001_n01347_S_L.jpg,0.060848,0.237662,0.0,False,n01347
philpot_lane/north_to_south/001_n01347_S_R.jpg,0.0,0.0,0.0,False,n01347
philpot_lane/north_to_south/002_n01346_S_L.jpg,0.0,0.004127,0.382606,True,n01346
philpot_lane/north_to_south/002_n01346_S_R.jpg,0.0,0.0,0.076055,True,n01346
philpot_lane/north_to_south/003_n01345_S_L.jpg,0.110123,0.149694,0.0,False,n01345
philpot_lane/north_to_south/003_n01345_S_R.jpg,0.058627,0.106776,0.0,False,n01345
philpot_lane/north_to_south/004_n01344_S_L.jpg,0.053849,0.247293,0.0,False,n01344
philpot_lane/north_to_south/004_n01344_S_R.jpg,0.059923,0.123403,0.0,False,n01344
philpot_lane/north_to_south/005_n01343_S_L.jpg,0.054249,0.187231,0.0,False,n01343
philpot_lane/north_to_south/005_n01343_S_R.jpg,0.072165,0.152543,0.0,False,n01343
philpot_lane/north_to_south/006_n01342_S_L.jpg,0.081144,0.30662,0.0,False,n01342
philpot_lane/north_to_south/006_n01342_S_R.jpg,0.068202,0.210989,0.0,False,n01342
philpot_lane/south_to_north/001_n01342_N_L.jpg,0.124185,0.363792,0.0,False,n01342
philpot_lane/south_to_north/001_n01342_N_R.jpg,0.103487,0.398978,0.0,False,n01342
philpot_lane/south_to_north/002_n01343_N_L.jpg,0.024556,0.168721,0.0,False,n01343
philpot_lane/south_to_north/002_n01343_N_R.jpg,0.004471,0.22312,0.0,False,n01343
philpot_lane/south_to_north/003_n01344_N_L.jpg,0.017435,0.302801,0.0,False,n01344
philpot_lane/south_to_north/003_n01344_N_R.jpg,0.053959,0.284639,0.0,False,n01344
philpot_lane/south_to_north/004_n01345_N_L.jpg,0.008283,0.297002,0.0,False,n01345
philpot_lane/south_to_north/004_n01345_N_R.jpg,0.037785,0.20535,0.0,False,n01345
philpot_lane/south_to_north/005_n01346_N_L.jpg,0.197407,0.0,0.084247,False,n01346
philpot_lane/south_to_north/005_n01346_N_R.jpg,0.0,0.0,0.365615,True,n01346
philpot_lane/south_to_north/006_n01347_N_L.jpg,0.022015,0.240145,0.0,False,n01347
philpot_lane/south_to_north/006_n01347_N_R.jpg,0.02915,0.322921,0.0,False,n01347
plantation_lane/east_to_west/001_n01348_W_L.jpg,0.03904,0.169097,0.0,False,n01348
plantation_lane/east_to_west/001_n01348_W_R.jpg,0.028848,0.303476,0.0,False,n01348
plantation_lane/east_to_west/002_n01349_W_F.jpg,0.013436,0.297211,0.0,False,n01349
plantation_lane/east_to_west/003_n01350_W_F.jpg,0.001853,0.0,0.0,False,n01350
plantation_lane/east_to_west/004_n01351_W_F.jpg,0.0,0.0,0.351733,True,n01351
plantation_lane/east_to_west/005_n01352_W_F.jpg,0.016367,9.8e-05,0.0,False,n01352
plantation_lane/east_to_west/006_n01353_W_F.jpg,0.025903,0.003785,0.0,False,n01353
plantation_lane/west_to_east/001_n01353_E_F.jpg,0.015566,0.005218,0.0,False,n01353
plantation_lane/west_to_east/002_n01352_E_F.jpg,0.020629,0.000185,0.0,False,n01352
plantation_lane/west_to_east/003_n01351_E_F.jpg,0.0,0.0,0.308947,True,n01351
plantation_lane/west_to_east/004_n01350_E_F.jpg,0.016219,0.000295,0.0,False,n01350
plantation_lane/west_to_east/005_n01349_E_F.jpg,0.018858,0.008006,0.0,False,n01349
plantation_lane/west_to_east/006_n01348_E_L.jpg,0.005395,0.306524,0.0,False,n01348
plantation_lane/west_to_east/006_n01348_E_R.jpg,0.084427,0.331261,0.0,False,n01348
plough_court/north_to_south/001_n01355_S_F.jpg,0.0,0.0,0.0,False,n01355
plough_court/north_to_south/002_n01354_S_F.jpg,0.0,0.009554,0.053206,True,n01354
plough_court/south_to_north/001_n01354_N_F.jpg,0.0,0.0,0.175216,True,n01354
plough_court/south_to_north/002_n01355_N_F.jpg,0.0,0.0,0.0,False,n01355
post_office_court/north_to_south/001_n01357_S_F.jpg,0.021442,0.0,0.133564,False,n01357
post_office_court/north_to_south/002_n01356_S_F.jpg,0.0,0.0,0.161207,True,n01356
post_office_court/south_to_north/001_n01356_N_F.jpg,0.0,0.0,0.223867,True,n01356
post_office_court/south_to_north/002_n01357_N_F.jpg,0.0,0.0,0.086598,True,n01357
poultry/east_to_west/001_n01358_W_L.jpg,0.228622,0.40485,0.0,False,n01358
poultry/east_to_west/001_n01358_W_R.jpg,0.052309,0.283653,0.0,False,n01358
poultry/east_to_west/002_n01359_W_L.jpg,0.154901,0.356663,0.0,False,n01359
poultry/east_to_west/002_n01359_W_R.jpg,0.03808,0.256438,0.0,False,n01359
poultry/east_to_west/003_n01360_W_L.jpg,0.031967,0.288813,0.0,False,n01360
poultry/east_to_west/003_n01360_W_R.jpg,0.073935,0.222027,0.0,False,n01360
poultry/east_to_west/004_n01361_W_L.jpg,0.0,0.002392,0.394495,True,n01361
poultry/east_to_west/004_n01361_W_R.jpg,0.0,0.013285,0.33032,True,n01361
poultry/east_to_west/005_n01362_W_L.jpg,0.073981,0.344128,0.0,False,n01362
poultry/east_to_west/005_n01362_W_R.jpg,0.041259,0.119775,0.0,False,n01362
poultry/east_to_west/006_n01363_W_L.jpg,0.070681,0.356775,0.0,False,n01363
poultry/east_to_west/006_n01363_W_R.jpg,0.046468,0.1593,0.0,False,n01363
poultry/west_to_east/001_n01363_E_L.jpg,0.096239,0.335602,0.0,False,n01363
poultry/west_to_east/001_n01363_E_R.jpg,0.078642,0.354345,0.0,False,n01363
poultry/west_to_east/002_n01362_E_L.jpg,0.033487,0.124338,0.0,False,n01362
poultry/west_to_east/002_n01362_E_R.jpg,0.081464,0.34812,0.0,False,n01362
poultry/west_to_east/003_n01361_E_L.jpg,0.0,0.0,0.381867,True,n01361
poultry/west_to_east/003_n01361_E_R.jpg,0.0,0.000888,0.252771,True,n01361
poultry/west_to_east/004_n01360_E_L.jpg,0.02705,0.13744,0.0,False,n01360
poultry/west_to_east/004_n01360_E_R.jpg,0.150055,0.318028,0.0,False,n01360
poultry/west_to_east/005_n01359_E_L.jpg,0.077581,0.255277,0.0,False,n01359
poultry/west_to_east/005_n01359_E_R.jpg,0.270416,0.344812,0.0,False,n01359
poultry/west_to_east/006_n01358_E_L.jpg,0.08961,0.302188,0.0,False,n01358
poultry/west_to_east/006_n01358_E_R.jpg,0.233561,0.41923,0.0,False,n01358
princes_street/north_to_south/001_n01372_S_L.jpg,0.100782,0.280378,0.0,False,n01372
princes_street/north_to_south/001_n01372_S_R.jpg,0.004821,0.379539,0.0,False,n01372
princes_street/north_to_south/002_n01371_S_L.jpg,0.125263,0.237108,0.0,False,n01371
princes_street/north_to_south/002_n01371_S_R.jpg,0.0,0.322722,0.0,False,n01371
princes_street/north_to_south/003_n01370_S_L.jpg,0.123323,0.243016,0.0,False,n01370
princes_street/north_to_south/003_n01370_S_R.jpg,0.017442,0.311531,0.0,False,n01370
princes_street/north_to_south/004_n01369_S_L.jpg,0.059749,0.165147,0.0,False,n01369
princes_street/north_to_south/004_n01369_S_R.jpg,0.056841,0.335733,0.0,False,n01369
princes_street/north_to_south/005_n01368_S_L.jpg,0.116163,0.250849,0.0,False,n01368
princes_street/north_to_south/005_n01368_S_R.jpg,0.04889,0.224528,0.0,False,n01368
princes_street/north_to_south/006_n01367_S_L.jpg,0.046218,0.058932,0.0,False,n01367
princes_street/north_to_south/006_n01367_S_R.jpg,0.112469,0.395544,0.0,False,n01367
princes_street/north_to_south/007_n01366_S_L.jpg,0.122642,0.240901,0.0,False,n01366
princes_street/north_to_south/007_n01366_S_R.jpg,0.098255,0.376432,0.0,False,n01366
princes_street/north_to_south/008_n01365_S_F.jpg,0.194369,0.072449,0.0,False,n01365
princes_street/north_to_south/009_n01364_S_L.jpg,0.0,0.000194,0.102114,True,n01364
princes_street/north_to_south/009_n01364_S_R.jpg,0.0,0.003487,0.206173,True,n01364
princes_street/south_to_north/001_n01364_N_L.jpg,0.0,0.0,0.115898,True,n01364
princes_street/south_to_north/001_n01364_N_R.jpg,0.0,0.0,0.127478,True,n01364
princes_street/south_to_north/002_n01365_N_F.jpg,0.067386,0.12969,0.0,False,n01365
princes_street/south_to_north/003_n01366_N_L.jpg,0.075506,0.37156,0.0,False,n01366
princes_street/south_to_north/003_n01366_N_R.jpg,0.054428,0.179499,0.0,False,n01366
princes_street/south_to_north/004_n01367_N_L.jpg,0.038037,0.364464,0.0,False,n01367
princes_street/south_to_north/004_n01367_N_R.jpg,0.089049,0.125438,0.0,False,n01367
princes_street/south_to_north/005_n01368_N_L.jpg,0.06475,0.245227,0.0,False,n01368
princes_street/south_to_north/005_n01368_N_R.jpg,0.080614,0.152619,0.0,False,n01368
princes_street/south_to_north/006_n01369_N_L.jpg,0.058732,0.337679,0.0,False,n01369
princes_street/south_to_north/006_n01369_N_R.jpg,0.07948,0.17108,0.0,False,n01369
princes_street/south_to_north/007_n01370_N_L.jpg,0.087618,0.346145,0.0,False,n01370
princes_street/south_to_north/007_n01370_N_R.jpg,0.054056,0.172652,0.0,False,n01370
princes_street/south_to_north/008_n01371_N_L.jpg,0.204516,0.416839,0.0,False,n01371
princes_street/south_to_north/008_n01371_N_R.jpg,0.117178,0.108639,0.0,False,n01371
princes_street/south_to_north/009_n01372_N_L.jpg,0.155466,0.432577,0.0,False,n01372
princes_street/south_to_north/009_n01372_N_R.jpg,0.204314,0.402912,0.0,False,n01372
pudding_lane/north_to_south/001_n01379_S_L.jpg,0.033068,0.0,0.0,False,n01379
pudding_lane/north_to_south/001_n01379_S_R.jpg,0.030538,0.169419,0.0,False,n01379
pudding_lane/north_to_south/002_n01378_S_L.jpg,0.080287,0.211521,0.0,False,n01378
pudding_lane/north_to_south/002_n01378_S_R.jpg,0.055538,0.240029,0.0,False,n01378
pudding_lane/north_to_south/003_n01377_S_L.jpg,0.035986,0.205725,0.0,False,n01377
pudding_lane/north_to_south/003_n01377_S_R.jpg,0.060552,0.08703,0.0,False,n01377
pudding_lane/north_to_south/004_n01376_S_L.jpg,0.055934,0.14389,0.0,False,n01376
pudding_lane/north_to_south/004_n01376_S_R.jpg,0.129087,0.205269,0.0,False,n01376
pudding_lane/north_to_south/005_n01375_S_L.jpg,0.089149,0.212326,0.0,False,n01375
pudding_lane/north_to_south/005_n01375_S_R.jpg,0.038365,0.127099,0.0,False,n01375
pudding_lane/north_to_south/006_n01374_S_L.jpg,0.04749,0.173764,0.0,False,n01374
pudding_lane/north_to_south/006_n01374_S_R.jpg,0.029464,0.067514,0.0,False,n01374
pudding_lane/north_to_south/007_n01373_S_L.jpg,0.047748,0.286268,0.0,False,n01373
pudding_lane/north_to_south/007_n01373_S_R.jpg,0.219529,0.345617,0.0,False,n01373
pudding_lane/south_to_north/001_n01373_N_L.jpg,0.042292,0.406664,0.0,False,n01373
pudding_lane/south_to_north/001_n01373_N_R.jpg,0.038528,0.410024,0.0,False,n01373
pudding_lane/south_to_north/002_n01374_N_L.jpg,0.020738,0.12038,0.0,False,n01374
pudding_lane/south_to_north/002_n01374_N_R.jpg,0.027111,0.124664,0.0,False,n01374
pudding_lane/south_to_north/003_n01375_N_L.jpg,0.116696,0.147058,0.0,False,n01375
pudding_lane/south_to_north/003_n01375_N_R.jpg,0.115637,0.40465,0.0,False,n01375
pudding_lane/south_to_north/004_n01376_N_L.jpg,0.081996,0.065037,0.0,False,n01376
pudding_lane/south_to_north/004_n01376_N_R.jpg,0.031044,0.103253,0.0,False,n01376
pudding_lane/south_to_north/005_n01377_N_L.jpg,0.022468,0.094276,0.0,False,n01377
pudding_lane/south_to_north/005_n01377_N_R.jpg,0.035629,0.290722,0.0,False,n01377
pudding_lane/south_to_north/006_n01378_N_L.jpg,0.039968,0.264986,0.0,False,n01378
pudding_lane/south_to_north/006_n01378_N_R.jpg,0.026379,0.149869,0.0,False,n01378
pudding_lane/south_to_north/007_n01379_N_L.jpg,0.074307,0.142184,0.0,False,n01379
pudding_lane/south_to_north/007_n01379_N_R.jpg,0.079554,0.143126,0.0,False,n01379
queen_street/north_to_south/001_n01386_S_L.jpg,0.071525,0.278691,0.0,False,n01386
queen_street/north_to_south/001_n01386_S_R.jpg,0.080909,0.249173,0.0,False,n01386
queen_street/north_to_south/002_n01390_S_L.jpg,0.065903,0.355742,0.0,False,n01390
queen_street/north_to_south/002_n01390_S_R.jpg,0.050405,0.169807,0.0,False,n01390
queen_street/north_to_south/003_n01389_S_L.jpg,0.060034,0.346465,0.0,False,n01389
queen_street/north_to_south/003_n01389_S_R.jpg,0.056645,0.197383,0.0,False,n01389
queen_street/north_to_south/004_n01384_S_L.jpg,0.072665,0.146647,0.0,False,n01384
queen_street/north_to_south/004_n01384_S_R.jpg,0.079288,0.309804,0.0,False,n01384
queen_street/north_to_south/005_n01382_S_L.jpg,0.103964,0.171299,0.0,False,n01382
queen_street/north_to_south/005_n01382_S_R.jpg,0.081263,0.25997,0.0,False,n01382
queen_street/north_to_south/006_n01388_S_L.jpg,0.038868,0.328507,0.0,False,n01388
queen_street/north_to_south/006_n01388_S_R.jpg,0.057787,0.24774,0.0,False,n01388
queen_street/north_to_south/007_n01387_S_L.jpg,0.057287,0.371919,0.0,False,n01387
queen_street/north_to_south/007_n01387_S_R.jpg,0.129965,0.369982,0.0,False,n01387
queen_street/north_to_south/008_n01380_S_F.jpg,0.097441,0.008828,0.0,False,n01380
queen_street/north_to_south/009_n01385_S_L.jpg,0.05769,0.338971,0.0,False,n01385
queen_street/north_to_south/009_n01385_S_R.jpg,0.104794,0.194383,0.0,False,n01385
queen_street/north_to_south/010_n01383_S_L.jpg,0.162684,0.247954,0.0,False,n01383
queen_street/north_to_south/010_n01383_S_R.jpg,0.19185,0.147394,0.0,False,n01383
queen_street/north_to_south/011_n01381_S_L.jpg,0.031879,0.117949,0.0,False,n01381
queen_street/north_to_south/011_n01381_S_R.jpg,0.307282,0.301924,0.0,False,n01381
queen_street/south_to_north/001_n01380_N_F.jpg,0.05377,0.059736,0.0,False,n01380
queen_street/south_to_north/002_n01381_N_L.jpg,0.15722,0.399092,0.0,False,n01381
queen_street/south_to_north/002_n01381_N_R.jpg,0.159225,0.426375,0.0,False,n01381
queen_street/south_to_north/003_n01382_N_L.jpg,0.072269,0.324851,0.0,False,n01382
queen_street/south_to_north/003_n01382_N_R.jpg,0.052023,0.140836,0.0,False,n01382
queen_street/south_to_north/004_n01383_N_L.jpg,0.053651,0.149502,0.0,False,n01383
queen_street/south_to_north/004_n01383_N_R.jpg,0.059925,0.319951,0.0,False,n01383
queen_street/south_to_north/005_n01384_N_L.jpg,0.053019,0.324466,0.0,False,n01384
queen_street/south_to_north/005_n01384_N_R.jpg,0.049087,0.141213,0.0,False,n01384
queen_street/south_to_north/006_n01385_N_L.jpg,0.089195,0.190473,0.0,False,n01385
queen_street/south_to_north/006_n01385_N_R.jpg,0.078026,0.337547,0.0,False,n01385
queen_street/south_to_north/007_n01386_N_L.jpg,0.010432,0.266688,0.0,False,n01386
queen_street/south_to_north/007_n01386_N_R.jpg,0.052158,0.303476,0.0,False,n01386
queen_street/south_to_north/008_n01387_N_L.jpg,0.053,0.263594,0.0,False,n01387
queen_street/south_to_north/008_n01387_N_R.jpg,0.104332,0.317775,0.0,False,n01387
queen_street/south_to_north/009_n01388_N_L.jpg,0.053516,0.144617,0.0,False,n01388
queen_street/south_to_north/009_n01388_N_R.jpg,0.064865,0.340926,0.0,False,n01388
queen_street/south_to_north/010_n01389_N_L.jpg,0.057118,0.185471,0.0,False,n01389
queen_street/south_to_north/010_n01389_N_R.jpg,0.099019,0.3038,0.0,False,n01389
queen_street/south_to_north/011_n01390_N_L.jpg,0.056399,0.183957,0.0,False,n01390
queen_street/south_to_north/011_n01390_N_R.jpg,0.109194,0.367391,0.0,False,n01390
queen_street_place/north_to_south/001_n01394_S_L.jpg,0.134466,0.312659,0.0,False,n01394
queen_street_place/north_to_south/001_n01394_S_R.jpg,0.081273,0.344053,0.0,False,n01394
queen_street_place/north_to_south/002_n01399_S_L.jpg,0.173234,0.420022,0.0,False,n01399
queen_street_place/north_to_south/002_n01399_S_R.jpg,0.249528,0.428339,0.0,False,n01399
queen_street_place/north_to_south/003_n01398_S_L.jpg,0.075803,0.301778,0.0,False,n01398
queen_street_place/north_to_south/003_n01398_S_R.jpg,0.081483,0.339905,0.0,False,n01398
queen_street_place/north_to_south/004_n01392_S_L.jpg,0.085672,0.317181,0.0,False,n01392
queen_street_place/north_to_south/004_n01392_S_R.jpg,0.093728,0.351072,0.0,False,n01392
queen_street_place/north_to_south/005_n01397_S_L.jpg,0.113129,0.333869,0.0,False,n01397
queen_street_place/north_to_south/005_n01397_S_R.jpg,0.066551,0.359737,0.0,False,n01397
queen_street_place/north_to_south/006_n01396_S_L.jpg,0.062716,0.287803,0.0,False,n01396
queen_street_place/north_to_south/006_n01396_S_R.jpg,0.123956,0.380364,0.0,False,n01396
queen_street_place/north_to_south/007_n01395_S_L.jpg,0.107101,0.385958,0.0,False,n01395
queen_street_place/north_to_south/007_n01395_S_R.jpg,0.126841,0.375807,0.0,False,n01395
queen_street_place/north_to_south/008_n01393_S_L.jpg,0.188149,0.395887,0.0,False,n01393
queen_street_place/north_to_south/008_n01393_S_R.jpg,0.198167,0.355405,0.0,False,n01393
queen_street_place/north_to_south/009_n01391_S_L.jpg,0.426565,0.372001,0.0,False,n01391
queen_street_place/north_to_south/009_n01391_S_R.jpg,0.309303,0.339324,0.0,False,n01391
queen_street_place/south_to_north/001_n01391_N_L.jpg,0.096403,0.239848,0.0,False,n01391
queen_street_place/south_to_north/001_n01391_N_R.jpg,0.151298,0.343161,0.0,False,n01391
queen_street_place/south_to_north/002_n01392_N_L.jpg,0.078528,0.352083,0.0,False,n01392
queen_street_place/south_to_north/002_n01392_N_R.jpg,0.222298,0.24262,0.0,False,n01392
queen_street_place/south_to_north/003_n01393_N_L.jpg,0.084881,0.313635,0.0,False,n01393
queen_street_place/south_to_north/003_n01393_N_R.jpg,0.129038,0.376336,0.0,False,n01393
queen_street_place/south_to_north/004_n01394_N_L.jpg,0.232425,0.393802,0.0,False,n01394
queen_street_place/south_to_north/004_n01394_N_R.jpg,0.275609,0.392531,0.0,False,n01394
queen_street_place/south_to_north/005_n01395_N_L.jpg,0.078907,0.32171,0.0,False,n01395
queen_street_place/south_to_north/005_n01395_N_R.jpg,0.113534,0.376683,0.0,False,n01395
queen_street_place/south_to_north/006_n01396_N_L.jpg,0.121586,0.341774,0.0,False,n01396
queen_street_place/south_to_north/006_n01396_N_R.jpg,0.065189,0.281506,0.0,False,n01396
queen_street_place/south_to_north/007_n01397_N_L.jpg,0.167445,0.370723,0.0,False,n01397
queen_street_place/south_to_north/007_n01397_N_R.jpg,0.026694,0.260288,0.0,False,n01397
queen_street_place/south_to_north/008_n01398_N_L.jpg,0.213176,0.341776,0.0,False,n01398
queen_street_place/south_to_north/008_n01398_N_R.jpg,0.146886,0.244464,0.0,False,n01398
queen_street_place/south_to_north/009_n01399_N_L.jpg,0.183965,0.390656,0.0,False,n01399
queen_street_place/south_to_north/009_n01399_N_R.jpg,0.112773,0.349486,0.0,False,n01399
queen_victoria_street/east_to_west/001_n01424_W_L.jpg,0.217079,0.242517,0.0,False,n01424
queen_victoria_street/east_to_west/001_n01424_W_R.jpg,0.169155,0.302203,0.0,False,n01424
queen_victoria_street/east_to_west/002_n01446_W_L.jpg,0.239575,0.406807,0.0,False,n01446
queen_victoria_street/east_to_west/002_n01446_W_R.jpg,0.122192,0.073989,0.0,False,n01446
queen_victoria_street/east_to_west/003_n01442_W_F.jpg,0.073314,0.253793,0.0,False,n01442
queen_victoria_street/east_to_west/004_n01421_W_L.jpg,0.107986,0.364758,0.0,False,n01421
queen_victoria_street/east_to_west/004_n01421_W_R.jpg,0.240997,0.305941,0.0,False,n01421
queen_victoria_street/east_to_west/005_n01445_W_L.jpg,0.123956,0.223667,0.0,False,n01445
queen_victoria_street/east_to_west/005_n01445_W_R.jpg,0.148904,0.269352,0.0,False,n01445
queen_victoria_street/east_to_west/006_n01440_W_F.jpg,0.061186,0.301108,0.0,False,n01440
queen_victoria_street/east_to_west/007_n01418_W_L.jpg,0.112949,0.342115,0.0,False,n01418
queen_victoria_street/east_to_west/007_n01418_W_R.jpg,0.278981,0.203892,0.0,False,n01418
queen_victoria_street/east_to_west/008_n01438_W_F.jpg,0.067381,0.320812,0.0,False,n01438
queen_victoria_street/east_to_west/009_n01444_W_L.jpg,0.19807,0.234657,0.0,False,n01444
queen_victoria_street/east_to_west/009_n01444_W_R.jpg,0.122408,0.213938,0.0,False,n01444
queen_victoria_street/east_to_west/010_n01443_W_L.jpg,0.296459,0.203248,0.0,False,n01443
queen_victoria_street/east_to_west/010_n01443_W_R.jpg,0.112628,0.28665,0.0,False,n01443
queen_victoria_street/east_to_west/011_n01436_W_F.jpg,0.057226,0.312662,0.0,False,n01436
queen_victoria_street/east_to_west/012_n01415_W_L.jpg,0.10496,0.372984,0.0,False,n01415
queen_victoria_street/east_to_west/012_n01415_W_R.jpg,0.23833,0.276058,0.0,False,n01415
queen_victoria_street/east_to_west/013_n01412_W_L.jpg,0.194066,0.237323,0.0,False,n01412
queen_victoria_street/east_to_west/013_n01412_W_R.jpg,0.239183,0.181433,0.0,False,n01412
queen_victoria_street/east_to_west/014_n01441_W_L.jpg,0.246996,0.420833,0.0,False,n01441
queen_victoria_street/east_to_west/014_n01441_W_R.jpg,0.147388,0.308102,0.0,False,n01441
queen_victoria_street/east_to_west/015_n01434_W_L.jpg,0.0,0.0,0.33627,True,n01434
queen_victoria_street/east_to_west/015_n01434_W_R.jpg,0.0,0.0,0.17128,True,n01434
queen_victoria_street/east_to_west/016_n01409_W_L.jpg,0.077826,0.303763,0.0,False,n01409
queen_victoria_street/east_to_west/016_n01409_W_R.jpg,0.121542,0.245366,0.0,False,n01409
queen_victoria_street/east_to_west/017_n01439_W_L.jpg,0.156115,0.372422,0.0,False,n01439
queen_victoria_street/east_to_west/017_n01439_W_R.jpg,0.210351,0.201435,0.0,False,n01439
queen_victoria_street/east_to_west/018_n01432_W_L.jpg,0.069248,0.26662,0.0,False,n01432
queen_victoria_street/east_to_west/018_n01432_W_R.jpg,0.053018,0.401116,0.0,False,n01432
queen_victoria_street/east_to_west/019_n01430_W_L.jpg,0.09197,0.252425,0.0,False,n01430
queen_victoria_street/east_to_west/019_n01430_W_R.jpg,0.075472,0.405185,0.0,False,n01430
queen_victoria_street/east_to_west/020_n01437_W_L.jpg,0.137136,0.171862,0.0,False,n01437
queen_victoria_street/east_to_west/020_n01437_W_R.jpg,0.231285,0.362697,0.0,False,n01437
queen_victoria_street/east_to_west/021_n01406_W_L.jpg,0.042775,0.330229,0.0,False,n01406
queen_victoria_street/east_to_west/021_n01406_W_R.jpg,0.114952,0.250966,0.0,False,n01406
queen_victoria_street/east_to_west/022_n01403_W_L.jpg,0.052751,0.263129,0.0,False,n01403
queen_victoria_street/east_to_west/022_n01403_W_R.jpg,0.190296,0.386532,0.0,False,n01403
queen_victoria_street/east_to_west/023_n01435_W_L.jpg,0.214378,0.354182,0.0,False,n01435
queen_victoria_street/east_to_west/023_n01435_W_R.jpg,0.129542,0.358569,0.0,False,n01435
queen_victoria_street/east_to_west/024_n01428_W_L.jpg,0.13935,0.253428,0.0,False,n01428
queen_victoria_street/east_to_west/024_n01428_W_R.jpg,0.112837,0.401789,0.0,False,n01428
queen_victoria_street/east_to_west/025_n01426_W_L.jpg,0.126439,0.220427,0.0,False,n01426
queen_victoria_street/east_to_west/025_n01426_W_R.jpg,0.203997,0.367932,0.0,False,n01426
queen_victoria_street/east_to_west/026_n01433_S_L.jpg,0.155142,0.254455,0.0,False,n01433
queen_victoria_street/east_to_west/026_n01433_S_R.jpg,0.219818,0.411059,0.0,False,n01433
queen_victoria_street/east_to_west/027_n01400_W_L.jpg,0.286712,0.26527,0.0,False,n01400
queen_victoria_street/east_to_west/027_n01400_W_R.jpg,0.289704,0.304411,0.0,False,n01400
queen_victoria_street/east_to_west/028_n01431_W_L.jpg,0.26743,0.407555,0.0,False,n01431
queen_victoria_street/east_to_west/028_n01431_W_R.jpg,0.003958,0.259417,0.0,False,n01431
queen_victoria_street/east_to_west/029_n01423_W_L.jpg,0.179257,0.194529,0.0,False,n01423
queen_victoria_street/east_to_west/029_n01423_W_R.jpg,0.249727,0.391449,0.0,False,n01423
queen_victoria_street/east_to_west/030_n01429_W_L.jpg,0.296187,0.358214,0.0,False,n01429
queen_victoria_street/east_to_west/030_n01429_W_R.jpg,0.141524,0.295889,0.0,False,n01429
queen_victoria_street/east_to_west/031_n01420_W_L.jpg,0.162896,0.205328,0.0,False,n01420
queen_victoria_street/east_to_west/031_n01420_W_R.jpg,0.172396,0.196478,0.0,False,n01420
queen_victoria_street/east_to_west/032_n01427_W_L.jpg,0.353013,0.208398,0.0,False,n01427
queen_victoria_street/east_to_west/032_n01427_W_R.jpg,0.284133,0.428237,0.0,False,n01427
queen_victoria_street/east_to_west/033_n01417_W_L.jpg,0.084766,0.276004,0.0,False,n01417
queen_victoria_street/east_to_west/033_n01417_W_R.jpg,0.217391,0.387079,0.0,False,n01417
queen_victoria_street/east_to_west/034_n01425_W_L.jpg,0.233121,0.289287,0.0,False,n01425
queen_victoria_street/east_to_west/034_n01425_W_R.jpg,0.291104,0.422533,0.0,False,n01425
queen_victoria_street/east_to_west/035_n01414_W_L.jpg,0.250031,0.33458,0.0,False,n01414
queen_victoria_street/east_to_west/035_n01414_W_R.jpg,0.203029,0.214222,0.0,False,n01414
queen_victoria_street/east_to_west/036_n01411_W_L.jpg,0.033242,0.304202,0.0,False,n01411
queen_victoria_street/east_to_west/036_n01411_W_R.jpg,0.284359,0.45082,0.0,False,n01411
queen_victoria_street/east_to_west/037_n01422_W_L.jpg,0.167556,0.26487,0.0,False,n01422
queen_victoria_street/east_to_west/037_n01422_W_R.jpg,0.196426,0.420934,0.0,False,n01422
queen_victoria_street/east_to_west/038_n01419_W_L.jpg,0.03729,0.261952,0.0,False,n01419
queen_victoria_street/east_to_west/038_n01419_W_R.jpg,0.247619,0.414469,0.0,False,n01419
queen_victoria_street/east_to_west/039_n01408_W_L.jpg,0.094786,0.31685,0.0,False,n01408
queen_victoria_street/east_to_west/039_n01408_W_R.jpg,0.28774,0.466434,0.0,False,n01408
queen_victoria_street/east_to_west/040_n01405_W_F.jpg,0.16403,0.260056,0.0,False,n01405
queen_victoria_street/east_to_west/041_n01416_W_L.jpg,0.043085,0.269592,0.0,False,n01416
queen_victoria_street/east_to_west/041_n01416_W_R.jpg,0.325079,0.417064,0.0,False,n01416
queen_victoria_street/east_to_west/042_n01402_W_L.jpg,0.308044,0.38494,0.0,False,n01402
queen_victoria_street/east_to_west/042_n01402_W_R.jpg,0.035653,0.316507,0.0,False,n01402
queen_victoria_street/east_to_west/043_n01413_W_L.jpg,0.044277,0.261484,0.0,False,n01413
queen_victoria_street/east_to_west/043_n01413_W_R.jpg,0.293567,0.413985,0.0,False,n01413
queen_victoria_street/east_to_west/044_n01410_W_L.jpg,0.0,0.0,0.231246,True,n01410
queen_victoria_street/east_to_west/044_n01410_W_R.jpg,0.0,0.0,0.0,False,n01410
queen_victoria_street/east_to_west/045_n01407_W_L.jpg,0.0,0.001855,0.377119,True,n01407
queen_victoria_street/east_to_west/045_n01407_W_R.jpg,0.0,0.0,0.324301,True,n01407
queen_victoria_street/east_to_west/046_n01404_W_L.jpg,0.095365,0.264306,0.0,False,n01404
queen_victoria_street/east_to_west/046_n01404_W_R.jpg,0.11705,0.396193,0.0,False,n01404
queen_victoria_street/east_to_west/047_n01401_W_L.jpg,0.113617,0.295442,0.0,False,n01401
queen_victoria_street/east_to_west/047_n01401_W_R.jpg,0.115627,0.36719,0.0,False,n01401
queen_victoria_street/west_to_east/001_n01400_E_L.jpg,0.125355,0.370872,0.0,False,n01400
queen_victoria_street/west_to_east/001_n01400_E_R.jpg,0.00632,0.029337,0.0,False,n01400
queen_victoria_street/west_to_east/002_n01401_E_L.jpg,0.181038,0.354997,0.0,False,n01401
queen_victoria_street/west_to_east/002_n01401_E_R.jpg,0.048976,0.274161,0.0,False,n01401
queen_victoria_street/west_to_east/003_n01402_E_L.jpg,0.243849,0.335746,0.0,False,n01402
queen_victoria_street/west_to_east/003_n01402_E_R.jpg,0.102459,0.36993,0.0,False,n01402
queen_victoria_street/west_to_east/004_n01403_E_L.jpg,0.09994,0.377488,0.0,False,n01403
queen_victoria_street/west_to_east/004_n01403_E_R.jpg,0.121578,0.334411,0.0,False,n01403
queen_victoria_street/west_to_east/005_n01404_E_L.jpg,0.221622,0.41062,0.0,False,n01404
queen_victoria_street/west_to_east/005_n01404_E_R.jpg,0.032868,0.229749,0.0,False,n01404
queen_victoria_street/west_to_east/006_n01405_E_F.jpg,0.165898,0.254127,0.0,False,n01405
queen_victoria_street/west_to_east/007_n01406_E_L.jpg,0.136363,0.326007,0.0,False,n01406
queen_victoria_street/west_to_east/007_n01406_E_R.jpg,0.075253,0.369257,0.0,False,n01406
queen_victoria_street/west_to_east/008_n01407_E_L.jpg,0.0,0.0,0.370879,True,n01407
queen_victoria_street/west_to_east/008_n01407_E_R.jpg,0.0,0.0,0.398317,True,n01407
queen_victoria_street/west_to_east/009_n01408_E_L.jpg,0.229747,0.432681,0.0,False,n01408
queen_victoria_street/west_to_east/009_n01408_E_R.jpg,0.160215,0.360378,0.0,False,n01408
queen_victoria_street/west_to_east/010_n01409_E_L.jpg,0.276158,0.242618,0.0,False,n01409
queen_victoria_street/west_to_east/010_n01409_E_R.jpg,0.208051,0.322515,0.0,False,n01409
queen_victoria_street/west_to_east/011_n01410_E_L.jpg,0.0,5e-06,0.102172,True,n01410
queen_victoria_street/west_to_east/011_n01410_E_R.jpg,0.0,0.099973,0.255474,False,n01410
queen_victoria_street/west_to_east/012_n01411_E_L.jpg,0.190282,0.411113,0.0,False,n01411
queen_victoria_street/west_to_east/012_n01411_E_R.jpg,0.25445,0.286559,0.0,False,n01411
queen_victoria_street/west_to_east/013_n01412_E_L.jpg,0.242056,0.286016,0.0,False,n01412
queen_victoria_street/west_to_east/013_n01412_E_R.jpg,0.086354,0.334536,0.0,False,n01412
queen_victoria_street/west_to_east/014_n01413_E_L.jpg,0.248126,0.412591,0.0,False,n01413
queen_victoria_street/west_to_east/014_n01413_E_R.jpg,0.06013,0.376178,0.0,False,n01413
queen_victoria_street/west_to_east/015_n01414_E_L.jpg,0.259766,0.295168,0.0,False,n01414
queen_victoria_street/west_to_east/015_n01414_E_R.jpg,0.086212,0.313688,0.0,False,n01414
queen_victoria_street/west_to_east/016_n01415_E_L.jpg,0.127365,0.279636,0.0,False,n01415
queen_victoria_street/west_to_east/016_n01415_E_R.jpg,0.144506,0.310821,0.0,False,n01415
queen_victoria_street/west_to_east/017_n01416_E_L.jpg,0.159854,0.429621,0.0,False,n01416
queen_victoria_street/west_to_east/017_n01416_E_R.jpg,0.128415,0.308574,0.0,False,n01416
queen_victoria_street/west_to_east/018_n01417_E_L.jpg,0.132849,0.266265,0.0,False,n01417
queen_victoria_street/west_to_east/018_n01417_E_R.jpg,0.091723,0.243933,0.0,False,n01417
queen_victoria_street/west_to_east/019_n01418_E_L.jpg,0.103494,0.25363,0.0,False,n01418
queen_victoria_street/west_to_east/019_n01418_E_R.jpg,0.179041,0.357254,0.0,False,n01418
queen_victoria_street/west_to_east/020_n01419_E_L.jpg,0.174079,0.436821,0.0,False,n01419
queen_victoria_street/west_to_east/020_n01419_E_R.jpg,0.202357,0.309111,0.0,False,n01419
queen_victoria_street/west_to_east/021_n01420_E_L.jpg,0.144337,0.170857,0.0,False,n01420
queen_victoria_street/west_to_east/021_n01420_E_R.jpg,0.089742,0.191419,0.0,False,n01420
queen_victoria_street/west_to_east/022_n01421_E_L.jpg,0.089832,0.293548,0.0,False,n01421
queen_victoria_street/west_to_east/022_n01421_E_R.jpg,0.296033,0.371011,0.0,False,n01421
queen_victoria_street/west_to_east/023_n01422_E_L.jpg,0.299677,0.461691,0.0,False,n01422
queen_victoria_street/west_to_east/023_n01422_E_R.jpg,0.235225,0.304086,0.0,False,n01422
queen_victoria_street/west_to_east/024_n01423_E_L.jpg,0.121727,0.430939,0.0,False,n01423
queen_victoria_street/west_to_east/024_n01423_E_R.jpg,0.104945,0.240857,0.0,False,n01423
queen_victoria_street/west_to_east/025_n01424_E_L.jpg,0.266953,0.281528,0.0,False,n01424
queen_victoria_street/west_to_east/025_n01424_E_R.jpg,0.317364,0.359559,0.0,False,n01424
queen_victoria_street/west_to_east/026_n01425_E_L.jpg,0.194321,0.407293,0.0,False,n01425
queen_victoria_street/west_to_east/026_n01425_E_R.jpg,0.332939,0.345963,0.0,False,n01425
queen_victoria_street/west_to_east/027_n01426_E_L.jpg,0.042596,0.393866,0.0,False,n01426
queen_victoria_street/west_to_east/027_n01426_E_R.jpg,0.052237,0.234879,0.0,False,n01426
queen_victoria_street/west_to_east/028_n01427_E_L.jpg,0.091165,0.402479,0.0,False,n01427
queen_victoria_street/west_to_east/028_n01427_E_R.jpg,0.186668,0.305947,0.0,False,n01427
queen_victoria_street/west_to_east/029_n01428_E_L.jpg,0.075926,0.396414,0.0,False,n01428
queen_victoria_street/west_to_east/029_n01428_E_R.jpg,0.031788,0.220391,0.0,False,n01428
queen_victoria_street/west_to_east/030_n01429_E_L.jpg,0.064194,0.317293,0.0,False,n01429
queen_victoria_street/west_to_east/030_n01429_E_R.jpg,0.190569,0.389133,0.0,False,n01429
queen_victoria_street/west_to_east/031_n01430_E_L.jpg,0.083742,0.398557,0.0,False,n01430
queen_victoria_street/west_to_east/031_n01430_E_R.jpg,0.032312,0.220551,0.0,False,n01430
queen_victoria_street/west_to_east/032_n01431_E_L.jpg,0.154041,0.380568,0.0,False,n01431
queen_victoria_street/west_to_east/032_n01431_E_R.jpg,0.239071,0.353925,0.0,False,n01431
queen_victoria_street/west_to_east/033_n01432_E_L.jpg,0.098147,0.385165,0.0,False,n01432
queen_victoria_street/west_to_east/033_n01432_E_R.jpg,0.023054,0.241313,0.0,False,n01432
queen_victoria_street/west_to_east/034_n01433_N_L.jpg,0.089867,0.3505,0.0,False,n01433
queen_victoria_street/west_to_east/034_n01433_N_R.jpg,0.178685,0.372377,0.0,False,n01433
queen_victoria_street/west_to_east/035_n01434_E_L.jpg,0.0,0.0,0.446267,True,n01434
queen_victoria_street/west_to_east/035_n01434_E_R.jpg,0.0,0.0,0.392099,True,n01434
queen_victoria_street/west_to_east/036_n01435_E_L.jpg,0.164384,0.298347,0.0,False,n01435
queen_victoria_street/west_to_east/036_n01435_E_R.jpg,0.182616,0.385781,0.0,False,n01435
queen_victoria_street/west_to_east/037_n01436_E_F.jpg,0.106182,0.303926,0.0,False,n01436
queen_victoria_street/west_to_east/038_n01437_E_L.jpg,0.146973,0.389492,0.0,False,n01437
queen_victoria_street/west_to_east/038_n01437_E_R.jpg,0.180191,0.266777,0.0,False,n01437
queen_victoria_street/west_to_east/039_n01438_E_F.jpg,0.100305,0.308371,0.0,False,n01438
queen_victoria_street/west_to_east/040_n01439_E_L.jpg,0.163117,0.325915,0.0,False,n01439
queen_victoria_street/west_to_east/040_n01439_E_R.jpg,0.235803,0.40279,0.0,False,n01439
queen_victoria_street/west_to_east/041_n01440_E_F.jpg,0.093087,0.30974,0.0,False,n01440
queen_victoria_street/west_to_east/042_n01441_E_L.jpg,0.114913,0.316347,0.0,False,n01441
queen_victoria_street/west_to_east/042_n01441_E_R.jpg,0.298991,0.353912,0.0,False,n01441
queen_victoria_street/west_to_east/043_n01442_E_F.jpg,0.129778,0.295844,0.0,False,n01442
queen_victoria_street/west_to_east/044_n01443_E_L.jpg,0.208952,0.261088,0.0,False,n01443
queen_victoria_street/west_to_east/044_n01443_E_R.jpg,0.163846,0.232516,0.0,False,n01443
queen_victoria_street/west_to_east/045_n01444_E_L.jpg,0.058994,0.205259,0.0,False,n01444
queen_victoria_street/west_to_east/045_n01444_E_R.jpg,0.139387,0.248744,0.0,False,n01444
queen_victoria_street/west_to_east/046_n01445_E_L.jpg,0.034528,0.168399,0.0,False,n01445
queen_victoria_street/west_to_east/046_n01445_E_R.jpg,0.161684,0.362616,0.0,False,n01445
queen_victoria_street/west_to_east/047_n01446_E_L.jpg,0.09431,0.281658,0.0,False,n01446
queen_victoria_street/west_to_east/047_n01446_E_R.jpg,0.149258,0.416168,0.0,False,n01446
queenhithe/north_to_south/001_n01451_S_L.jpg,0.032422,0.258684,0.0,False,n01451
queenhithe/north_to_south/001_n01451_S_R.jpg,0.0,0.33827,0.0,False,n01451
queenhithe/north_to_south/002_n01450_S_F.jpg,0.0,0.0,0.367575,True,n01450
queenhithe/north_to_south/003_n01449_S_L.jpg,0.0,0.0,0.0,False,n01449
queenhithe/north_to_south/003_n01449_S_R.jpg,0.358041,0.011283,0.0,False,n01449
queenhithe/north_to_south/004_n01448_S_L.jpg,0.001737,0.0,0.0,False,n01448
queenhithe/north_to_south/004_n01448_S_R.jpg,0.399729,0.012144,0.0,False,n01448
queenhithe/north_to_south/005_n01447_S_F.jpg,0.233888,7.5e-05,0.0,False,n01447
queenhithe/south_to_north/001_n01447_N_F.jpg,0.020217,0.0,0.0,False,n01447
queenhithe/south_to_north/002_n01448_N_L.jpg,0.232427,0.250981,0.0,False,n01448
queenhithe/south_to_north/002_n01448_N_R.jpg,0.01627,0.0,0.0,False,n01448
queenhithe/south_to_north/003_n01449_N_L.jpg,0.035114,0.047211,0.0,False,n01449
queenhithe/south_to_north/003_n01449_N_R.jpg,0.04246,0.005175,0.0,False,n01449
queenhithe/south_to_north/004_n01450_N_F.jpg,0.0,0.0,0.332939,True,n01450
queenhithe/south_to_north/005_n01451_N_L.jpg,0.067811,0.259541,0.0,False,n01451
queenhithe/south_to_north/005_n01451_N_R.jpg,0.05943,0.290834,0.0,False,n01451
rood_lane/north_to_south/001_n01457_S_L.jpg,0.059217,0.101896,0.0,False,n01457
rood_lane/north_to_south/001_n01457_S_R.jpg,0.03285,0.132507,0.0,False,n01457
rood_lane/north_to_south/002_n01456_S_L.jpg,0.003117,0.0,0.0,False,n01456
rood_lane/north_to_south/002_n01456_S_R.jpg,0.026789,0.216166,0.0,False,n01456
rood_lane/north_to_south/003_n01455_S_L.jpg,0.0,0.409506,0.0,False,n01455
rood_lane/north_to_south/003_n01455_S_R.jpg,0.042697,0.014022,0.0,False,n01455
rood_lane/north_to_south/004_n01454_S_L.jpg,0.031267,0.196395,0.0,False,n01454
rood_lane/north_to_south/004_n01454_S_R.jpg,0.085115,0.119315,0.0,False,n01454
rood_lane/north_to_south/005_n01453_S_L.jpg,0.079671,0.107087,0.0,False,n01453
rood_lane/north_to_south/005_n01453_S_R.jpg,0.047277,0.08327,0.0,False,n01453
rood_lane/north_to_south/006_n01452_S_L.jpg,0.148533,0.359587,0.0,False,n01452
rood_lane/north_to_south/006_n01452_S_R.jpg,0.12895,0.30899,0.0,False,n01452
rood_lane/south_to_north/001_n01452_N_L.jpg,0.082752,0.405868,0.0,False,n01452
rood_lane/south_to_north/001_n01452_N_R.jpg,0.086632,0.424139,0.0,False,n01452
rood_lane/south_to_north/002_n01453_N_L.jpg,0.021817,0.085708,0.0,False,n01453
rood_lane/south_to_north/002_n01453_N_R.jpg,0.021769,0.091604,0.0,False,n01453
rood_lane/south_to_north/003_n01454_N_L.jpg,0.058342,0.048337,0.0,False,n01454
rood_lane/south_to_north/003_n01454_N_R.jpg,0.03441,0.158554,0.0,False,n01454
rood_lane/south_to_north/004_n01455_N_L.jpg,0.0,0.0,0.0,False,n01455
rood_lane/south_to_north/004_n01455_N_R.jpg,0.051302,0.096843,0.0,False,n01455
rood_lane/south_to_north/005_n01456_N_L.jpg,0.024114,0.135456,0.0,False,n01456
rood_lane/south_to_north/005_n01456_N_R.jpg,0.052232,0.002677,0.0,False,n01456
rood_lane/south_to_north/006_n01457_N_L.jpg,0.092692,0.250153,0.0,False,n01457
rood_lane/south_to_north/006_n01457_N_R.jpg,0.09215,0.098921,0.0,False,n01457
royal_exchange_avenue/east_to_west/001_n01458_N_F.jpg,0.0,0.0,0.0,False,n01458
royal_exchange_avenue/east_to_west/002_n01459_W_F.jpg,0.04722,0.000691,0.0,False,n01459
royal_exchange_avenue/east_to_west/003_n01460_W_F.jpg,0.025706,0.003221,0.0,False,n01460
royal_exchange_avenue/west_to_east/001_n01460_E_F.jpg,0.035483,0.005026,0.0,False,n01460
royal_exchange_avenue/west_to_east/002_n01459_E_F.jpg,0.0,0.0,0.0,False,n01459
royal_exchange_avenue/west_to_east/003_n01458_S_F.jpg,0.0,0.0,0.0,False,n01458
royal_exchange_buildings/north_to_south/001_n01464_S_F.jpg,0.047271,0.0,0.0,False,n01464
royal_exchange_buildings/north_to_south/002_n01463_S_F.jpg,0.045017,0.002826,0.0,False,n01463
royal_exchange_buildings/north_to_south/003_n01462_S_F.jpg,0.023688,0.004481,0.0,False,n01462
royal_exchange_buildings/north_to_south/004_n01461_S_L.jpg,0.099342,0.324538,0.0,False,n01461
royal_exchange_buildings/north_to_south/004_n01461_S_R.jpg,0.0,0.111048,0.0,False,n01461
royal_exchange_buildings/south_to_north/001_n01461_N_L.jpg,0.162817,0.361486,0.0,False,n01461
royal_exchange_buildings/south_to_north/001_n01461_N_R.jpg,0.07667,0.274543,0.0,False,n01461
royal_exchange_buildings/south_to_north/002_n01462_N_F.jpg,0.031714,0.006369,0.0,False,n01462
royal_exchange_buildings/south_to_north/003_n01463_N_F.jpg,0.030292,0.000302,0.0,False,n01463
royal_exchange_buildings/south_to_north/004_n01464_N_F.jpg,0.030513,0.003661,0.0,False,n01464
russia_row/east_to_west/001_n01465_W_L.jpg,0.027876,0.171623,0.0,False,n01465
russia_row/east_to_west/001_n01465_W_R.jpg,0.020433,0.052383,0.0,False,n01465
russia_row/east_to_west/002_n01466_W_L.jpg,0.010116,0.143695,0.0,False,n01466
russia_row/east_to_west/002_n01466_W_R.jpg,0.01552,0.194702,0.0,False,n01466
russia_row/east_to_west/003_n01467_W_L.jpg,0.0,0.245378,0.0,False,n01467
russia_row/east_to_west/003_n01467_W_R.jpg,0.0,0.23467,0.0,False,n01467
russia_row/west_to_east/001_n01467_E_L.jpg,0.037359,0.159519,0.0,False,n01467
russia_row/west_to_east/001_n01467_E_R.jpg,0.021629,0.132962,0.0,False,n01467
russia_row/west_to_east/002_n01466_E_L.jpg,0.058261,0.24475,0.0,False,n01466
russia_row/west_to_east/002_n01466_E_R.jpg,0.006621,0.212432,0.0,False,n01466
russia_row/west_to_east/003_n01465_E_L.jpg,0.063259,0.187243,0.0,False,n01465
russia_row/west_to_east/003_n01465_E_R.jpg,0.0,0.013376,0.0,False,n01465
saint_george_s_lane/east_to_west/001_n01468_W_L.jpg,0.005863,0.022821,0.0,False,n01468
saint_george_s_lane/east_to_west/001_n01468_W_R.jpg,0.026558,0.155284,0.0,False,n01468
saint_george_s_lane/east_to_west/002_n01469_W_F.jpg,0.004616,0.056924,0.0,False,n01469
saint_george_s_lane/east_to_west/003_n01470_W_L.jpg,0.0,0.106278,0.0,False,n01470
saint_george_s_lane/east_to_west/003_n01470_W_R.jpg,0.0,0.077633,0.0,False,n01470
saint_george_s_lane/west_to_east/001_n01470_E_L.jpg,0.027365,0.08415,0.0,False,n01470
saint_george_s_lane/west_to_east/001_n01470_E_R.jpg,0.031274,0.065334,0.0,False,n01470
saint_george_s_lane/west_to_east/002_n01469_E_F.jpg,0.021276,0.005795,0.0,False,n01469
saint_george_s_lane/west_to_east/003_n01468_E_L.jpg,0.0,0.168895,0.0,False,n01468
saint_george_s_lane/west_to_east/003_n01468_E_R.jpg,0.059232,0.205893,0.0,False,n01468
saint_mary_axe/north_to_south/001_n01482_S_L.jpg,0.014038,0.163147,0.0,False,n01482
saint_mary_axe/north_to_south/001_n01482_S_R.jpg,0.0,0.204118,0.0,False,n01482
saint_mary_axe/north_to_south/002_n01481_S_L.jpg,0.018645,0.149731,0.0,False,n01481
saint_mary_axe/north_to_south/002_n01481_S_R.jpg,0.0,0.165841,0.0,False,n01481
saint_mary_axe/north_to_south/003_n01480_S_L.jpg,0.073388,0.01459,0.0,False,n01480
saint_mary_axe/north_to_south/003_n01480_S_R.jpg,0.000719,0.213362,0.0,False,n01480
saint_mary_axe/north_to_south/004_n01479_S_L.jpg,0.051136,0.233715,0.0,False,n01479
saint_mary_axe/north_to_south/004_n01479_S_R.jpg,0.0,0.084485,0.0,False,n01479
saint_mary_axe/north_to_south/005_n01478_S_L.jpg,0.051979,0.363182,0.0,False,n01478
saint_mary_axe/north_to_south/005_n01478_S_R.jpg,0.071519,0.165519,0.0,False,n01478
saint_mary_axe/north_to_south/006_n01477_S_L.jpg,0.080457,0.10459,0.0,False,n01477
saint_mary_axe/north_to_south/006_n01477_S_R.jpg,0.068444,0.413026,0.0,False,n01477
saint_mary_axe/north_to_south/007_n01476_S_L.jpg,0.06091,0.202922,0.0,False,n01476
saint_mary_axe/north_to_south/007_n01476_S_R.jpg,0.0,0.0,0.0,False,n01476
saint_mary_axe/north_to_south/008_n01475_S_L.jpg,0.025084,0.131952,0.0,False,n01475
saint_mary_axe/north_to_south/008_n01475_S_R.jpg,0.039771,0.288822,0.0,False,n01475
saint_mary_axe/north_to_south/009_n01474_S_L.jpg,0.018597,0.117221,0.0,False,n01474
saint_mary_axe/north_to_south/009_n01474_S_R.jpg,0.042171,0.220943,0.0,False,n01474
saint_mary_axe/north_to_south/010_n01473_S_L.jpg,0.025323,0.019882,0.0,False,n01473
saint_mary_axe/north_to_south/010_n01473_S_R.jpg,0.004163,0.0,0.0,False,n01473
saint_mary_axe/north_to_south/011_n01472_S_L.jpg,0.029067,0.015184,0.0,False,n01472
saint_mary_axe/north_to_south/011_n01472_S_R.jpg,0.004235,0.012628,0.0,False,n01472
saint_mary_axe/north_to_south/012_n01471_W_L.jpg,0.076003,0.22887,0.0,False,n01471
saint_mary_axe/north_to_south/012_n01471_W_R.jpg,0.063099,0.05751,0.0,False,n01471
saint_mary_axe/south_to_north/001_n01471_E_L.jpg,0.146825,0.345326,0.0,False,n01471
saint_mary_axe/south_to_north/001_n01471_E_R.jpg,0.035712,0.30763,0.0,False,n01471
saint_mary_axe/south_to_north/002_n01472_N_L.jpg,0.027427,0.320501,0.0,False,n01472
saint_mary_axe/south_to_north/002_n01472_N_R.jpg,0.049652,0.000387,0.0,False,n01472
saint_mary_axe/south_to_north/003_n01473_N_L.jpg,0.0,0.0,0.0,False,n01473
saint_mary_axe/south_to_north/003_n01473_N_R.jpg,0.024523,0.003847,0.0,False,n01473
saint_mary_axe/south_to_north/004_n01474_N_L.jpg,0.039779,0.263623,0.0,False,n01474
saint_mary_axe/south_to_north/004_n01474_N_R.jpg,0.033753,0.066939,0.0,False,n01474
saint_mary_axe/south_to_north/005_n01475_N_L.jpg,0.048177,0.281831,0.0,False,n01475
saint_mary_axe/south_to_north/005_n01475_N_R.jpg,0.060493,0.114102,0.0,False,n01475
saint_mary_axe/south_to_north/006_n01476_N_L.jpg,0.160903,0.02986,0.0,False,n01476
saint_mary_axe/south_to_north/006_n01476_N_R.jpg,0.132884,0.241987,0.0,False,n01476
saint_mary_axe/south_to_north/007_n01477_N_L.jpg,0.02388,0.23212,0.0,False,n01477
saint_mary_axe/south_to_north/007_n01477_N_R.jpg,0.118646,0.10965,0.0,False,n01477
saint_mary_axe/south_to_north/008_n01478_N_L.jpg,0.023819,0.032382,0.0,False,n01478
saint_mary_axe/south_to_north/008_n01478_N_R.jpg,0.164739,0.402922,0.0,False,n01478
saint_mary_axe/south_to_north/009_n01479_N_L.jpg,0.048981,0.261555,0.0,False,n01479
saint_mary_axe/south_to_north/009_n01479_N_R.jpg,0.031049,0.068568,0.0,False,n01479
saint_mary_axe/south_to_north/010_n01480_N_L.jpg,0.042623,0.19352,0.0,False,n01480
saint_mary_axe/south_to_north/010_n01480_N_R.jpg,0.063915,0.166766,0.0,False,n01480
saint_mary_axe/south_to_north/011_n01481_N_L.jpg,0.038039,0.199986,0.0,False,n01481
saint_mary_axe/south_to_north/011_n01481_N_R.jpg,0.016427,0.1129,0.0,False,n01481
saint_mary_axe/south_to_north/012_n01482_N_L.jpg,0.030208,0.168443,0.0,False,n01482
saint_mary_axe/south_to_north/012_n01482_N_R.jpg,0.027806,0.116211,0.0,False,n01482
salters_hall_court/north_to_south/001_n01485_S_L.jpg,0.0,0.334704,0.000671,False,n01485
salters_hall_court/north_to_south/001_n01485_S_R.jpg,0.0,0.000556,0.0,False,n01485
salters_hall_court/north_to_south/002_n01484_S_L.jpg,0.0,0.00535,0.0,False,n01484
salters_hall_court/north_to_south/002_n01484_S_R.jpg,0.0,0.104387,0.0,False,n01484
salters_hall_court/north_to_south/003_n01483_S_L.jpg,0.087637,0.38077,0.0,False,n01483
salters_hall_court/north_to_south/003_n01483_S_R.jpg,0.042479,0.252989,0.0,False,n01483
salters_hall_court/south_to_north/001_n01483_N_L.jpg,0.078818,0.361122,0.0,False,n01483
salters_hall_court/south_to_north/001_n01483_N_R.jpg,0.098838,0.380957,0.0,False,n01483
salters_hall_court/south_to_north/002_n01484_N_L.jpg,0.005904,0.159683,0.0,False,n01484
salters_hall_court/south_to_north/002_n01484_N_R.jpg,0.009476,0.201699,0.0,False,n01484
salters_hall_court/south_to_north/003_n01485_N_L.jpg,0.01704,0.25359,0.0,False,n01485
salters_hall_court/south_to_north/003_n01485_N_R.jpg,0.0,0.376316,0.0,False,n01485
sherborne_lane/north_to_south/001_n01490_S_L.jpg,0.041017,0.130349,0.0,False,n01490
sherborne_lane/north_to_south/001_n01490_S_R.jpg,0.019418,0.041941,0.0,False,n01490
sherborne_lane/north_to_south/002_n01489_S_L.jpg,0.03009,0.100367,0.0,False,n01489
sherborne_lane/north_to_south/002_n01489_S_R.jpg,0.019098,0.064089,0.0,False,n01489
sherborne_lane/north_to_south/003_n01488_S_L.jpg,0.021652,0.11134,0.0,False,n01488
sherborne_lane/north_to_south/003_n01488_S_R.jpg,0.012412,0.105572,0.0,False,n01488
sherborne_lane/north_to_south/004_n01487_S_L.jpg,0.0,0.135196,0.0,False,n01487
sherborne_lane/north_to_south/004_n01487_S_R.jpg,0.0,0.046568,0.0,False,n01487
sherborne_lane/north_to_south/005_n01486_S_F.jpg,0.019708,0.0,0.0,False,n01486
sherborne_lane/south_to_north/001_n01486_N_F.jpg,0.0,0.194158,0.0,False,n01486
sherborne_lane/south_to_north/002_n01487_N_L.jpg,0.024974,0.095013,0.0,False,n01487
sherborne_lane/south_to_north/002_n01487_N_R.jpg,0.021084,0.062597,0.0,False,n01487
sherborne_lane/south_to_north/003_n01488_N_L.jpg,0.026394,0.094724,0.0,False,n01488
sherborne_lane/south_to_north/003_n01488_N_R.jpg,0.009218,0.208424,0.0,False,n01488
sherborne_lane/south_to_north/004_n01489_N_L.jpg,0.026667,0.08749,0.0,False,n01489
sherborne_lane/south_to_north/004_n01489_N_R.jpg,0.018931,0.06372,0.0,False,n01489
sherborne_lane/south_to_north/005_n01490_N_L.jpg,0.102494,0.124247,0.0,False,n01490
sherborne_lane/south_to_north/005_n01490_N_R.jpg,0.014866,0.367958,0.0,False,n01490
ship_tavern_passage/east_to_west/001_n01493_S_F.jpg,0.002767,0.004699,0.0,False,n01493
ship_tavern_passage/east_to_west/002_n01492_S_F.jpg,0.00465,0.053953,0.0,False,n01492
ship_tavern_passage/east_to_west/003_n01491_W_F.jpg,0.0,0.0,0.0,False,n01491
ship_tavern_passage/west_to_east/001_n01491_E_F.jpg,0.0,0.0,0.0,False,n01491
ship_tavern_passage/west_to_east/002_n01492_N_F.jpg,0.0,0.0,0.0,False,n01492
ship_tavern_passage/west_to_east/003_n01493_N_F.jpg,0.00309,0.001144,0.0,False,n01493
skinners_lane/east_to_west/001_n01494_W_F.jpg,0.051904,0.02149,0.0,False,n01494
skinners_lane/east_to_west/002_n01495_W_L.jpg,0.056108,0.069926,0.0,False,n01495
skinners_lane/east_to_west/002_n01495_W_R.jpg,0.018904,0.085827,0.0,False,n01495
skinners_lane/east_to_west/003_n01496_W_L.jpg,0.020639,0.046833,0.0,False,n01496
skinners_lane/east_to_west/003_n01496_W_R.jpg,0.027428,0.082258,0.0,False,n01496
skinners_lane/east_to_west/004_n01497_W_L.jpg,0.221917,0.121309,0.0,False,n01497
skinners_lane/east_to_west/004_n01497_W_R.jpg,0.023894,0.118781,0.0,False,n01497
skinners_lane/west_to_east/001_n01497_E_L.jpg,0.011943,0.03633,0.0,False,n01497
skinners_lane/west_to_east/001_n01497_E_R.jpg,0.032042,0.086989,0.0,False,n01497
skinners_lane/west_to_east/002_n01496_E_L.jpg,0.006935,0.060606,0.0,False,n01496
skinners_lane/west_to_east/002_n01496_E_R.jpg,0.02969,0.082521,0.0,False,n01496
skinners_lane/west_to_east/003_n01495_E_L.jpg,0.022279,0.070591,0.0,False,n01495
skinners_lane/west_to_east/003_n01495_E_R.jpg,0.030168,0.061251,0.0,False,n01495
skinners_lane/west_to_east/004_n01494_E_F.jpg,0.09862,0.039695,0.0,False,n01494
st_alphage_garden/east_to_west/001_n01498_W_F.jpg,0.050266,0.000324,0.0,False,n01498
st_alphage_garden/east_to_west/002_n01499_W_F.jpg,0.031484,1.2e-05,0.0,False,n01499
st_alphage_garden/east_to_west/003_n01500_W_L.jpg,0.024959,0.00168,0.0,False,n01500
st_alphage_garden/east_to_west/003_n01500_W_R.jpg,0.069208,0.172507,0.0,False,n01500
st_alphage_garden/east_to_west/004_n01501_W_L.jpg,0.044894,0.270517,0.0,False,n01501
st_alphage_garden/east_to_west/004_n01501_W_R.jpg,0.262186,0.241619,0.0,False,n01501
st_alphage_garden/west_to_east/001_n01501_E_L.jpg,0.060692,0.163092,0.0,False,n01501
st_alphage_garden/west_to_east/001_n01501_E_R.jpg,0.033281,0.091802,0.0,False,n01501
st_alphage_garden/west_to_east/002_n01500_E_L.jpg,0.082689,0.001025,0.0,False,n01500
st_alphage_garden/west_to_east/002_n01500_E_R.jpg,0.073725,0.125937,0.0,False,n01500
st_alphage_garden/west_to_east/003_n01499_E_F.jpg,0.065399,0.0,0.0,False,n01499
st_alphage_garden/west_to_east/004_n01498_E_F.jpg,0.070663,0.003708,0.0,False,n01498
st_clement_s_court/north_to_south/001_n01528_S_F.jpg,0.0,0.0,0.0,False,n01528
st_clement_s_court/north_to_south/002_n01527_S_F.jpg,0.0,0.0,0.176654,True,n01527
st_clement_s_court/south_to_north/001_n01527_N_F.jpg,0.0,0.0,0.149601,True,n01527
st_clement_s_court/south_to_north/002_n01528_N_F.jpg,0.0,0.000774,0.0,False,n01528
st_dunstan_s_alley/east_to_west/001_n01529_W_L.jpg,0.224799,0.216871,0.0,False,n01529
st_dunstan_s_alley/east_to_west/001_n01529_W_R.jpg,0.034979,0.178492,0.0,False,n01529
st_dunstan_s_alley/east_to_west/002_n01530_W_F.jpg,0.065005,0.0,0.0,False,n01530
st_dunstan_s_alley/east_to_west/003_n01531_W_F.jpg,0.0,0.00173,0.0,False,n01531
st_dunstan_s_alley/west_to_east/001_n01531_E_F.jpg,0.018134,0.0,0.0,False,n01531
st_dunstan_s_alley/west_to_east/002_n01530_E_F.jpg,0.04626,0.0,0.0,False,n01530
st_dunstan_s_alley/west_to_east/003_n01529_E_L.jpg,0.020353,0.102214,0.0,False,n01529
st_dunstan_s_alley/west_to_east/003_n01529_E_R.jpg,0.004819,0.073575,0.0,False,n01529
st_dunstan_s_hill/north_to_south/001_n01536_S_F.jpg,0.06406,0.000765,0.0,False,n01536
st_dunstan_s_hill/north_to_south/002_n01540_S_L.jpg,0.015951,0.076872,0.0,False,n01540
st_dunstan_s_hill/north_to_south/002_n01540_S_R.jpg,0.124094,0.180754,0.0,False,n01540
st_dunstan_s_hill/north_to_south/003_n01539_S_L.jpg,0.00926,0.079406,0.0,False,n01539
st_dunstan_s_hill/north_to_south/003_n01539_S_R.jpg,0.224974,0.212272,0.0,False,n01539
st_dunstan_s_hill/north_to_south/004_n01534_S_F.jpg,0.118298,0.205027,0.0,False,n01534
st_dunstan_s_hill/north_to_south/005_n01538_S_L.jpg,0.028478,0.165533,0.0,False,n01538
st_dunstan_s_hill/north_to_south/005_n01538_S_R.jpg,0.168642,0.073672,0.0,False,n01538
st_dunstan_s_hill/north_to_south/006_n01532_S_F.jpg,0.251299,0.337879,0.0,False,n01532
st_dunstan_s_hill/north_to_south/007_n01537_S_L.jpg,0.0,0.110692,0.0,False,n01537
st_dunstan_s_hill/north_to_south/007_n01537_S_R.jpg,0.245404,0.24623,0.0,False,n01537
st_dunstan_s_hill/north_to_south/008_n01535_S_L.jpg,0.12482,0.205875,0.0,False,n01535
st_dunstan_s_hill/north_to_south/008_n01535_S_R.jpg,0.072556,0.224251,0.0,False,n01535
st_dunstan_s_hill/north_to_south/009_n01533_W_L.jpg,0.130366,0.353056,0.0,False,n01533
st_dunstan_s_hill/north_to_south/009_n01533_W_R.jpg,0.0,0.198071,0.0,False,n01533
st_dunstan_s_hill/south_to_north/001_n01532_N_F.jpg,0.051102,0.022562,0.0,False,n01532
st_dunstan_s_hill/south_to_north/002_n01533_E_L.jpg,0.149622,0.336552,0.0,False,n01533
st_dunstan_s_hill/south_to_north/002_n01533_E_R.jpg,0.020753,0.194663,0.0,False,n01533
st_dunstan_s_hill/south_to_north/003_n01534_N_F.jpg,0.040797,0.113992,0.0,False,n01534
st_dunstan_s_hill/south_to_north/004_n01535_N_L.jpg,0.157798,0.213478,0.0,False,n01535
st_dunstan_s_hill/south_to_north/004_n01535_N_R.jpg,0.039031,0.307062,0.0,False,n01535
st_dunstan_s_hill/south_to_north/005_n01536_N_F.jpg,0.021279,0.0,0.0,False,n01536
st_dunstan_s_hill/south_to_north/006_n01537_N_L.jpg,0.086573,0.274188,0.0,False,n01537
st_dunstan_s_hill/south_to_north/006_n01537_N_R.jpg,0.066352,0.318931,0.0,False,n01537
st_dunstan_s_hill/south_to_north/007_n01538_N_L.jpg,0.031391,0.155461,0.0,False,n01538
st_dunstan_s_hill/south_to_north/007_n01538_N_R.jpg,0.022715,0.17695,0.0,False,n01538
st_dunstan_s_hill/south_to_north/008_n01539_N_L.jpg,0.034167,0.187089,0.0,False,n01539
st_dunstan_s_hill/south_to_north/008_n01539_N_R.jpg,0.015694,0.114896,0.0,False,n01539
st_dunstan_s_hill/south_to_north/009_n01540_N_L.jpg,0.044603,0.236858,0.0,False,n01540
st_dunstan_s_hill/south_to_north/009_n01540_N_R.jpg,0.023329,0.075976,0.0,False,n01540
st_dunstan_s_lane/east_to_west/001_n01541_W_L.jpg,0.0,0.159331,0.0,False,n01541
st_dunstan_s_lane/east_to_west/001_n01541_W_R.jpg,0.042297,0.094462,0.0,False,n01541
st_dunstan_s_lane/east_to_west/002_n01542_W_L.jpg,0.013286,0.093715,0.0,False,n01542
st_dunstan_s_lane/east_to_west/002_n01542_W_R.jpg,0.029822,0.055075,0.0,False,n01542
st_dunstan_s_lane/east_to_west/003_n01543_W_L.jpg,0.017273,0.055467,0.0,False,n01543
st_dunstan_s_lane/east_to_west/003_n01543_W_R.jpg,0.031336,0.085476,0.0,False,n01543
st_dunstan_s_lane/west_to_east/001_n01543_E_L.jpg,0.026152,0.087371,0.0,False,n01543
st_dunstan_s_lane/west_to_east/001_n01543_E_R.jpg,0.010269,0.018673,0.0,False,n01543
st_dunstan_s_lane/west_to_east/002_n01542_E_L.jpg,0.035583,0.08077,0.0,False,n01542
st_dunstan_s_lane/west_to_east/002_n01542_E_R.jpg,0.006381,0.068791,0.0,False,n01542
st_dunstan_s_lane/west_to_east/003_n01541_E_L.jpg,0.047692,0.208266,0.0,False,n01541
st_dunstan_s_lane/west_to_east/003_n01541_E_R.jpg,0.086787,0.043037,0.0,False,n01541
st_helen_s_place/north_to_south/001_n01503_S_L.jpg,0.071246,0.197897,0.0,False,n01503
st_helen_s_place/north_to_south/001_n01503_S_R.jpg,0.02249,0.354856,0.0,False,n01503
st_helen_s_place/north_to_south/002_n01502_S_L.jpg,0.071246,0.197897,0.0,False,n01502
st_helen_s_place/north_to_south/002_n01502_S_R.jpg,0.02249,0.354856,0.0,False,n01502
st_helen_s_place/south_to_north/001_n01502_N_L.jpg,0.0,0.0,0.0,False,n01502
st_helen_s_place/south_to_north/001_n01502_N_R.jpg,0.050279,0.0,0.0,False,n01502
st_helen_s_place/south_to_north/002_n01503_N_L.jpg,0.0,0.0,0.0,False,n01503
st_helen_s_place/south_to_north/002_n01503_N_R.jpg,0.050279,0.0,0.0,False,n01503
st_martin_s_le_grand/north_to_south/001_n01555_S_L.jpg,0.092926,0.319703,0.0,False,n01555
st_martin_s_le_grand/north_to_south/001_n01555_S_R.jpg,0.070129,0.38298,0.0,False,n01555
st_martin_s_le_grand/north_to_south/002_n01554_S_L.jpg,0.093527,0.238966,0.0,False,n01554
st_martin_s_le_grand/north_to_south/002_n01554_S_R.jpg,0.067674,0.221882,0.0,False,n01554
st_martin_s_le_grand/north_to_south/003_n01553_S_L.jpg,0.126627,0.378583,0.0,False,n01553
st_martin_s_le_grand/north_to_south/003_n01553_S_R.jpg,0.019806,0.326365,0.0,False,n01553
st_martin_s_le_grand/north_to_south/004_n01552_S_L.jpg,0.057565,0.294008,0.0,False,n01552
st_martin_s_le_grand/north_to_south/004_n01552_S_R.jpg,0.021787,0.3175,0.0,False,n01552
st_martin_s_le_grand/north_to_south/005_n01551_S_L.jpg,0.061601,0.315276,0.0,False,n01551
st_martin_s_le_grand/north_to_south/005_n01551_S_R.jpg,0.055145,0.313389,0.0,False,n01551
st_martin_s_le_grand/north_to_south/006_n01550_S_L.jpg,0.090618,0.194392,0.0,False,n01550
st_martin_s_le_grand/north_to_south/006_n01550_S_R.jpg,0.054306,0.008212,0.0,False,n01550
st_martin_s_le_grand/north_to_south/007_n01549_S_L.jpg,0.0,0.273096,0.0,False,n01549
st_martin_s_le_grand/north_to_south/007_n01549_S_R.jpg,0.127314,0.404788,0.0,False,n01549
st_martin_s_le_grand/north_to_south/008_n01548_S_L.jpg,0.066431,0.360091,0.0,False,n01548
st_martin_s_le_grand/north_to_south/008_n01548_S_R.jpg,0.072399,0.211269,0.0,False,n01548
st_martin_s_le_grand/north_to_south/009_n01547_S_L.jpg,0.082921,0.354687,0.0,False,n01547
st_martin_s_le_grand/north_to_south/009_n01547_S_R.jpg,0.10004,0.133009,0.0,False,n01547
st_martin_s_le_grand/north_to_south/010_n01546_S_L.jpg,0.146414,0.356401,0.0,False,n01546
st_martin_s_le_grand/north_to_south/010_n01546_S_R.jpg,0.175477,0.374522,0.0,False,n01546
st_martin_s_le_grand/north_to_south/011_n01545_S_L.jpg,0.272875,0.261036,0.0,False,n01545
st_martin_s_le_grand/north_to_south/011_n01545_S_R.jpg,0.108243,0.257392,0.0,False,n01545
st_martin_s_le_grand/north_to_south/012_n01544_W_F.jpg,0.088685,0.265548,0.0,False,n01544
st_martin_s_le_grand/south_to_north/001_n01544_E_F.jpg,0.139903,0.334548,0.0,False,n01544
st_martin_s_le_grand/south_to_north/002_n01545_N_L.jpg,0.056645,0.171976,0.0,False,n01545
st_martin_s_le_grand/south_to_north/002_n01545_N_R.jpg,0.020315,0.294776,0.0,False,n01545
st_martin_s_le_grand/south_to_north/003_n01546_N_L.jpg,0.13311,0.405667,0.0,False,n01546
st_martin_s_le_grand/south_to_north/003_n01546_N_R.jpg,0.011327,0.27535,0.0,False,n01546
st_martin_s_le_grand/south_to_north/004_n01547_N_L.jpg,0.053488,0.126278,0.0,False,n01547
st_martin_s_le_grand/south_to_north/004_n01547_N_R.jpg,0.083642,0.353058,0.0,False,n01547
st_martin_s_le_grand/south_to_north/005_n01548_N_L.jpg,0.072,0.143416,0.0,False,n01548
st_martin_s_le_grand/south_to_north/005_n01548_N_R.jpg,0.076016,0.290709,0.0,False,n01548
st_martin_s_le_grand/south_to_north/006_n01549_N_L.jpg,0.022091,0.346982,0.0,False,n01549
st_martin_s_le_grand/south_to_north/006_n01549_N_R.jpg,0.135766,0.323448,0.0,False,n01549
st_martin_s_le_grand/south_to_north/007_n01550_N_L.jpg,0.078854,0.098175,0.0,False,n01550
st_martin_s_le_grand/south_to_north/007_n01550_N_R.jpg,0.14015,0.106444,0.0,False,n01550
st_martin_s_le_grand/south_to_north/008_n01551_N_L.jpg,0.051977,0.315122,0.0,False,n01551
st_martin_s_le_grand/south_to_north/008_n01551_N_R.jpg,0.079017,0.276555,0.0,False,n01551
st_martin_s_le_grand/south_to_north/009_n01552_N_L.jpg,0.038363,0.285839,0.0,False,n01552
st_martin_s_le_grand/south_to_north/009_n01552_N_R.jpg,0.20218,0.372017,0.0,False,n01552
st_martin_s_le_grand/south_to_north/010_n01553_N_L.jpg,0.044367,0.334805,0.0,False,n01553
st_martin_s_le_grand/south_to_north/010_n01553_N_R.jpg,0.077561,0.228306,0.0,False,n01553
st_martin_s_le_grand/south_to_north/011_n01554_N_L.jpg,0.011949,0.226042,0.0,False,n01554
st_martin_s_le_grand/south_to_north/011_n01554_N_R.jpg,0.046459,0.31077,0.0,False,n01554
st_martin_s_le_grand/south_to_north/012_n01555_N_L.jpg,0.009899,0.302003,0.0,False,n01555
st_martin_s_le_grand/south_to_north/012_n01555_N_R.jpg,0.029369,0.31821,0.0,False,n01555
st_mary_at_hill/north_to_south/001_n01563_S_L.jpg,0.141942,0.356446,0.0,False,n01563
st_mary_at_hill/north_to_south/001_n01563_S_R.jpg,0.128006,0.29726,0.0,False,n01563
st_mary_at_hill/north_to_south/002_n01562_S_L.jpg,0.056289,0.229327,0.0,False,n01562
st_mary_at_hill/north_to_south/002_n01562_S_R.jpg,0.056074,0.07345,0.0,False,n01562
st_mary_at_hill/north_to_south/003_n01561_S_L.jpg,0.080379,0.279765,0.0,False,n01561
st_mary_at_hill/north_to_south/003_n01561_S_R.jpg,0.071003,0.092701,0.0,False,n01561
st_mary_at_hill/north_to_south/004_n01560_S_L.jpg,0.071091,0.215346,0.0,False,n01560
st_mary_at_hill/north_to_south/004_n01560_S_R.jpg,0.044374,0.083393,0.0,False,n01560
st_mary_at_hill/north_to_south/005_n01559_S_L.jpg,0.020609,0.151693,0.0,False,n01559
st_mary_at_hill/north_to_south/005_n01559_S_R.jpg,0.073513,0.102321,0.0,False,n01559
st_mary_at_hill/north_to_south/006_n01558_S_L.jpg,0.039401,0.139492,0.0,False,n01558
st_mary_at_hill/north_to_south/006_n01558_S_R.jpg,0.064509,0.10506,0.0,False,n01558
st_mary_at_hill/north_to_south/007_n01557_S_L.jpg,0.045849,0.131871,0.0,False,n01557
st_mary_at_hill/north_to_south/007_n01557_S_R.jpg,0.026652,0.12691,0.0,False,n01557
st_mary_at_hill/north_to_south/008_n01556_S_L.jpg,0.309902,0.309669,0.0,False,n01556
st_mary_at_hill/north_to_south/008_n01556_S_R.jpg,0.229563,0.152483,0.0,False,n01556
st_mary_at_hill/south_to_north/001_n01556_N_L.jpg,0.041206,0.347177,0.0,False,n01556
st_mary_at_hill/south_to_north/001_n01556_N_R.jpg,0.041943,0.041839,0.0,False,n01556
st_mary_at_hill/south_to_north/002_n01557_N_L.jpg,0.031738,0.191834,0.0,False,n01557
st_mary_at_hill/south_to_north/002_n01557_N_R.jpg,0.028575,0.269778,0.0,False,n01557
st_mary_at_hill/south_to_north/003_n01558_N_L.jpg,0.026837,0.164485,0.0,False,n01558
st_mary_at_hill/south_to_north/003_n01558_N_R.jpg,0.052553,0.164522,0.0,False,n01558
st_mary_at_hill/south_to_north/004_n01559_N_L.jpg,0.015642,0.129564,0.0,False,n01559
st_mary_at_hill/south_to_north/004_n01559_N_R.jpg,0.058283,0.252489,0.0,False,n01559
st_mary_at_hill/south_to_north/005_n01560_N_L.jpg,0.017038,0.134944,0.0,False,n01560
st_mary_at_hill/south_to_north/005_n01560_N_R.jpg,0.0567,0.222171,0.0,False,n01560
st_mary_at_hill/south_to_north/006_n01561_N_L.jpg,0.021063,0.159464,0.0,False,n01561
st_mary_at_hill/south_to_north/006_n01561_N_R.jpg,0.023634,0.167971,0.0,False,n01561
st_mary_at_hill/south_to_north/007_n01562_N_L.jpg,0.005666,0.059386,0.0,False,n01562
st_mary_at_hill/south_to_north/007_n01562_N_R.jpg,0.036476,0.199091,0.0,False,n01562
st_mary_at_hill/south_to_north/008_n01563_N_L.jpg,0.09137,0.403524,0.0,False,n01563
st_mary_at_hill/south_to_north/008_n01563_N_R.jpg,0.080793,0.427633,0.0,False,n01563
st_michaels_alley/north_to_south/001_n01570_S_F.jpg,0.009004,0.0,0.0,False,n01570
st_michaels_alley/north_to_south/002_n01569_W_F.jpg,0.031925,0.0,0.0,False,n01569
st_michaels_alley/north_to_south/003_n01567_W_F.jpg,0.030076,0.0,0.0,False,n01567
st_michaels_alley/north_to_south/004_n01568_S_F.jpg,0.004095,0.010833,0.0,False,n01568
st_michaels_alley/north_to_south/005_n01565_W_F.jpg,0.0,0.081395,0.0,False,n01565
st_michaels_alley/north_to_south/006_n01566_S_F.jpg,0.006209,0.0,0.0,False,n01566
st_michaels_alley/north_to_south/007_n01564_S_F.jpg,0.029263,0.000381,0.0,False,n01564
st_michaels_alley/south_to_north/001_n01564_N_F.jpg,0.001007,0.158126,0.0,False,n01564
st_michaels_alley/south_to_north/002_n01565_E_F.jpg,0.038494,0.0,0.0,False,n01565
st_michaels_alley/south_to_north/003_n01566_N_F.jpg,0.036742,0.0,0.0,False,n01566
st_michaels_alley/south_to_north/004_n01567_E_F.jpg,0.032531,0.0,0.0,False,n01567
st_michaels_alley/south_to_north/005_n01568_N_F.jpg,0.0,0.0,0.0,False,n01568
st_michaels_alley/south_to_north/006_n01569_E_F.jpg,0.027637,0.0,0.0,False,n01569
st_michaels_alley/south_to_north/007_n01570_N_F.jpg,0.0,0.048185,0.0,False,n01570
st_paul_s_churchyard/east_to_west/001_n01504_W_L.jpg,0.275492,0.290494,0.0,False,n01504
st_paul_s_churchyard/east_to_west/001_n01504_W_R.jpg,0.319232,0.332183,0.0,False,n01504
st_paul_s_churchyard/east_to_west/002_n01505_W_F.jpg,0.08786,0.009268,0.0,False,n01505
st_paul_s_churchyard/east_to_west/003_n01506_W_L.jpg,0.322288,0.0,0.0,False,n01506
st_paul_s_churchyard/east_to_west/003_n01506_W_R.jpg,0.273431,0.029189,0.0,False,n01506
st_paul_s_churchyard/east_to_west/004_n01507_W_F.jpg,0.081226,0.002968,0.0,False,n01507
st_paul_s_churchyard/east_to_west/005_n01508_W_F.jpg,0.114592,0.22759,0.0,False,n01508
st_paul_s_churchyard/east_to_west/006_n01509_W_F.jpg,0.061608,0.008183,0.0,False,n01509
st_paul_s_churchyard/east_to_west/007_n01510_W_L.jpg,0.001004,0.017258,0.0,False,n01510
st_paul_s_churchyard/east_to_west/007_n01510_W_R.jpg,0.111489,0.377479,0.0,False,n01510
st_paul_s_churchyard/east_to_west/008_n01511_W_F.jpg,0.057463,0.0,0.0,False,n01511
st_paul_s_churchyard/east_to_west/009_n01512_W_L.jpg,0.167518,0.212245,0.0,False,n01512
st_paul_s_churchyard/east_to_west/009_n01512_W_R.jpg,0.049141,0.297021,0.0,False,n01512
st_paul_s_churchyard/east_to_west/010_n01513_W_F.jpg,0.113757,0.000524,0.0,False,n01513
st_paul_s_churchyard/west_to_east/001_n01513_E_F.jpg,0.043949,0.0,0.0,False,n01513
st_paul_s_churchyard/west_to_east/002_n01512_E_L.jpg,0.374702,0.393806,0.0,False,n01512
st_paul_s_churchyard/west_to_east/002_n01512_E_R.jpg,0.309289,0.019516,0.0,False,n01512
st_paul_s_churchyard/west_to_east/003_n01510_E_L.jpg,0.31915,0.077223,0.0,False,n01510
st_paul_s_churchyard/west_to_east/003_n01510_E_R.jpg,0.097616,0.005099,0.0,False,n01510
st_paul_s_churchyard/west_to_east/004_n01511_E_F.jpg,0.083898,0.0,0.0,False,n01511
st_paul_s_churchyard/west_to_east/005_n01508_E_F.jpg,0.353641,0.225795,0.0,False,n01508
st_paul_s_churchyard/west_to_east/006_n01509_E_F.jpg,0.046206,0.000681,0.0,False,n01509
st_paul_s_churchyard/west_to_east/007_n01506_E_L.jpg,0.203414,0.310737,0.0,False,n01506
st_paul_s_churchyard/west_to_east/007_n01506_E_R.jpg,0.272153,0.143456,0.0,False,n01506
st_paul_s_churchyard/west_to_east/008_n01507_E_F.jpg,0.172956,0.005149,0.0,False,n01507
st_paul_s_churchyard/west_to_east/009_n01505_E_F.jpg,0.165203,0.044902,0.0,False,n01505
st_paul_s_churchyard/west_to_east/010_n01504_E_L.jpg,0.386611,0.399131,0.0,False,n01504
st_paul_s_churchyard/west_to_east/010_n01504_E_R.jpg,0.034697,0.19335,0.0,False,n01504
st_stephen_s_row/east_to_west/001_n01517_W_F.jpg,0.013569,0.00238,0.0,False,n01517
st_stephen_s_row/east_to_west/002_n01516_W_F.jpg,0.007312,0.003279,0.0,False,n01516
st_stephen_s_row/east_to_west/003_n01515_W_F.jpg,0.034377,0.006892,0.0,False,n01515
st_stephen_s_row/east_to_west/004_n01514_W_L.jpg,0.055736,0.071953,0.0,False,n01514
st_stephen_s_row/east_to_west/004_n01514_W_R.jpg,0.008303,0.19067,0.0,False,n01514
st_stephen_s_row/west_to_east/001_n01514_E_L.jpg,0.134485,0.188576,0.0,False,n01514
st_stephen_s_row/west_to_east/001_n01514_E_R.jpg,0.069381,0.340469,0.0,False,n01514
st_stephen_s_row/west_to_east/002_n01515_E_F.jpg,0.0,0.000407,0.0,False,n01515
st_stephen_s_row/west_to_east/003_n01516_E_F.jpg,0.005572,0.000337,0.0,False,n01516
st_stephen_s_row/west_to_east/004_n01517_E_F.jpg,0.029149,0.006744,0.0,False,n01517
st_swithin_s_lane/north_to_south/001_n01526_W_F.jpg,0.05548,0.22505,0.0,False,n01526
st_swithin_s_lane/north_to_south/002_n01525_W_L.jpg,0.0,0.0,0.50877,True,n01525
st_swithin_s_lane/north_to_south/002_n01525_W_R.jpg,0.0,0.0,0.423108,True,n01525
st_swithin_s_lane/north_to_south/003_n01524_S_L.jpg,0.044987,0.132626,0.0,False,n01524
st_swithin_s_lane/north_to_south/003_n01524_S_R.jpg,0.0,0.0,0.0,False,n01524
st_swithin_s_lane/north_to_south/004_n01523_S_L.jpg,0.01263,0.050604,0.0,False,n01523
st_swithin_s_lane/north_to_south/004_n01523_S_R.jpg,0.025821,0.0,0.0,False,n01523
st_swithin_s_lane/north_to_south/005_n01522_S_L.jpg,0.022342,0.0,0.0,False,n01522
st_swithin_s_lane/north_to_south/005_n01522_S_R.jpg,0.018512,0.0,0.0,False,n01522
st_swithin_s_lane/north_to_south/006_n01521_S_L.jpg,0.027497,0.0,0.0,False,n01521
st_swithin_s_lane/north_to_south/006_n01521_S_R.jpg,0.010242,0.057076,0.0,False,n01521
st_swithin_s_lane/north_to_south/007_n01520_S_L.jpg,0.00648,0.000408,0.0,False,n01520
st_swithin_s_lane/north_to_south/007_n01520_S_R.jpg,0.006632,0.000359,0.0,False,n01520
st_swithin_s_lane/north_to_south/008_n01519_S_L.jpg,0.025676,0.004117,0.0,False,n01519
st_swithin_s_lane/north_to_south/008_n01519_S_R.jpg,0.0,0.006385,0.0,False,n01519
st_swithin_s_lane/north_to_south/009_n01518_S_L.jpg,0.086161,0.342136,0.0,False,n01518
st_swithin_s_lane/north_to_south/009_n01518_S_R.jpg,0.059346,0.221294,0.0,False,n01518
st_swithin_s_lane/south_to_north/001_n01518_N_L.jpg,0.071625,0.367088,0.0,False,n01518
st_swithin_s_lane/south_to_north/001_n01518_N_R.jpg,0.10111,0.369773,0.0,False,n01518
st_swithin_s_lane/south_to_north/002_n01519_N_L.jpg,0.010695,0.186185,0.0,False,n01519
st_swithin_s_lane/south_to_north/002_n01519_N_R.jpg,0.009632,0.0,0.0,False,n01519
st_swithin_s_lane/south_to_north/003_n01520_N_L.jpg,0.0,0.210585,0.0,False,n01520
st_swithin_s_lane/south_to_north/003_n01520_N_R.jpg,0.01816,2.4e-05,0.0,False,n01520
st_swithin_s_lane/south_to_north/004_n01521_N_L.jpg,0.055707,0.131615,0.0,False,n01521
st_swithin_s_lane/south_to_north/004_n01521_N_R.jpg,0.015725,9e-06,0.0,False,n01521
st_swithin_s_lane/south_to_north/005_n01522_N_L.jpg,0.024412,0.183688,0.0,False,n01522
st_swithin_s_lane/south_to_north/005_n01522_N_R.jpg,0.013283,0.0,0.0,False,n01522
st_swithin_s_lane/south_to_north/006_n01523_N_L.jpg,0.029873,0.088021,0.0,False,n01523
st_swithin_s_lane/south_to_north/006_n01523_N_R.jpg,0.010393,0.019088,0.0,False,n01523
st_swithin_s_lane/south_to_north/007_n01524_N_L.jpg,0.0489,0.192578,0.0,False,n01524
st_swithin_s_lane/south_to_north/007_n01524_N_R.jpg,0.0,0.0,0.0,False,n01524
st_swithin_s_lane/south_to_north/008_n01525_E_L.jpg,0.0,0.0,0.376675,True,n01525
st_swithin_s_lane/south_to_north/008_n01525_E_R.jpg,0.0,0.0,0.187949,True,n01525
st_swithin_s_lane/south_to_north/009_n01526_E_F.jpg,0.113511,0.342058,0.0,False,n01526
staining_lane/north_to_south/001_n01573_S_L.jpg,0.028638,0.080573,0.0,False,n01573
staining_lane/north_to_south/001_n01573_S_R.jpg,0.135574,0.226911,0.0,False,n01573
staining_lane/north_to_south/002_n01572_S_L.jpg,0.060811,0.103409,0.0,False,n01572
staining_lane/north_to_south/002_n01572_S_R.jpg,0.164861,0.199376,0.0,False,n01572
staining_lane/north_to_south/003_n01571_S_L.jpg,0.04234,0.166824,0.0,False,n01571
staining_lane/north_to_south/003_n01571_S_R.jpg,0.050152,0.249617,0.0,False,n01571
staining_lane/south_to_north/001_n01571_N_L.jpg,0.080753,0.26129,0.0,False,n01571
staining_lane/south_to_north/001_n01571_N_R.jpg,0.082738,0.391019,0.0,False,n01571
staining_lane/south_to_north/002_n01572_N_L.jpg,0.01211,0.129813,0.0,False,n01572
staining_lane/south_to_north/002_n01572_N_R.jpg,0.025848,0.084324,0.0,False,n01572
staining_lane/south_to_north/003_n01573_N_L.jpg,0.017465,0.115916,0.0,False,n01573
staining_lane/south_to_north/003_n01573_N_R.jpg,0.022916,0.104618,0.0,False,n01573
star_alley/east_to_west/001_n01574_W_L.jpg,0.115036,0.055802,0.0,False,n01574
star_alley/east_to_west/001_n01574_W_R.jpg,0.11448,0.270085,0.0,False,n01574
star_alley/east_to_west/002_n01575_W_F.jpg,0.056811,0.18166,0.0,False,n01575
star_alley/west_to_east/001_n01575_E_F.jpg,0.073539,0.121825,0.0,False,n01575
star_alley/west_to_east/002_n01574_E_L.jpg,0.004596,0.333578,0.0,False,n01574
star_alley/west_to_east/002_n01574_E_R.jpg,0.0,0.305452,0.0,False,n01574
stew_lane/north_to_south/001_n01579_S_F.jpg,0.023964,0.000366,0.0,False,n01579
stew_lane/north_to_south/002_n01578_S_F.jpg,0.012944,0.0,0.0,False,n01578
stew_lane/north_to_south/003_n01577_S_F.jpg,0.017258,0.0,0.0,False,n01577
stew_lane/north_to_south/004_n01576_W_F.jpg,0.08123,0.0,0.0,False,n01576
stew_lane/south_to_north/001_n01576_E_F.jpg,0.017695,0.000453,0.336531,False,n01576
stew_lane/south_to_north/002_n01577_N_F.jpg,0.025899,0.0,0.0,False,n01577
stew_lane/south_to_north/003_n01578_N_F.jpg,0.025431,0.0,0.0,False,n01578
stew_lane/south_to_north/004_n01579_N_F.jpg,0.037707,0.024341,0.0,False,n01579
stone_house_court/east_to_west/001_n01580_W_L.jpg,0.115037,0.000138,0.0,False,n01580
stone_house_court/east_to_west/001_n01580_W_R.jpg,0.276414,0.0,0.0,False,n01580
stone_house_court/east_to_west/002_n01581_W_L.jpg,0.158391,0.019789,0.0,False,n01581
stone_house_court/east_to_west/002_n01581_W_R.jpg,0.240212,0.003957,0.0,False,n01581
stone_house_court/west_to_east/001_n01581_E_L.jpg,0.102363,0.0,0.0,False,n01581
stone_house_court/west_to_east/001_n01581_E_R.jpg,0.068662,0.0,0.0,False,n01581
stone_house_court/west_to_east/002_n01580_E_L.jpg,0.014776,0.000121,0.0,False,n01580
stone_house_court/west_to_east/002_n01580_E_R.jpg,0.081143,0.0,0.0,False,n01580
suffolk_lane/north_to_south/001_n01587_W_L.jpg,0.023602,0.092409,0.0,False,n01587
suffolk_lane/north_to_south/001_n01587_W_R.jpg,0.021702,0.153687,0.0,False,n01587
suffolk_lane/north_to_south/002_n01586_W_L.jpg,0.072818,0.137165,0.0,False,n01586
suffolk_lane/north_to_south/002_n01586_W_R.jpg,0.0,0.0,0.0,False,n01586
suffolk_lane/north_to_south/003_n01585_S_L.jpg,0.079685,0.367894,0.0,False,n01585
suffolk_lane/north_to_south/003_n01585_S_R.jpg,0.014761,0.099146,0.0,False,n01585
suffolk_lane/north_to_south/004_n01584_S_L.jpg,0.008341,0.077272,0.0,False,n01584
suffolk_lane/north_to_south/004_n01584_S_R.jpg,0.055561,0.255352,0.0,False,n01584
suffolk_lane/north_to_south/005_n01583_S_L.jpg,0.022237,0.227705,0.0,False,n01583
suffolk_lane/north_to_south/005_n01583_S_R.jpg,0.015717,0.142567,0.0,False,n01583
suffolk_lane/north_to_south/006_n01582_S_F.jpg,0.059206,0.401326,0.0,False,n01582
suffolk_lane/south_to_north/001_n01582_N_F.jpg,0.054948,0.411522,0.0,False,n01582
suffolk_lane/south_to_north/002_n01583_N_L.jpg,0.073695,0.270544,0.0,False,n01583
suffolk_lane/south_to_north/002_n01583_N_R.jpg,0.031924,0.235122,0.0,False,n01583
suffolk_lane/south_to_north/003_n01584_N_L.jpg,0.083919,0.273587,0.0,False,n01584
suffolk_lane/south_to_north/003_n01584_N_R.jpg,0.029312,0.147401,0.0,False,n01584
suffolk_lane/south_to_north/004_n01585_N_L.jpg,0.012065,0.315481,0.0,False,n01585
suffolk_lane/south_to_north/004_n01585_N_R.jpg,0.006186,0.282504,0.0,False,n01585
suffolk_lane/south_to_north/005_n01586_E_L.jpg,0.001121,0.179366,0.0,False,n01586
suffolk_lane/south_to_north/005_n01586_E_R.jpg,0.0,0.0,0.0,False,n01586
suffolk_lane/south_to_north/006_n01587_E_L.jpg,0.0,0.002237,0.0,False,n01587
suffolk_lane/south_to_north/006_n01587_E_R.jpg,0.0,0.138127,0.0,False,n01587
sun_street_passage/north_to_south/001_n01593_S_F.jpg,0.0,0.0,0.107192,True,n01593
sun_street_passage/north_to_south/002_n01592_S_L.jpg,0.0731,0.034903,0.0,False,n01592
sun_street_passage/north_to_south/002_n01592_S_R.jpg,0.0,0.361997,0.0,False,n01592
sun_street_passage/north_to_south/003_n01591_S_F.jpg,0.0,0.0,0.394813,True,n01591
sun_street_passage/north_to_south/004_n01590_S_L.jpg,0.071246,0.018579,0.0,False,n01590
sun_street_passage/north_to_south/004_n01590_S_R.jpg,0.091088,0.402094,0.0,False,n01590
sun_street_passage/north_to_south/005_n01589_S_L.jpg,0.110007,0.000758,0.0,False,n01589
sun_street_passage/north_to_south/005_n01589_S_R.jpg,0.329189,0.198307,0.0,False,n01589
sun_street_passage/north_to_south/006_n01588_S_L.jpg,0.0,0.0,0.144873,True,n01588
sun_street_passage/north_to_south/006_n01588_S_R.jpg,0.0,0.0,0.236911,True,n01588
sun_street_passage/south_to_north/001_n01588_N_L.jpg,0.0,0.0,0.399715,True,n01588
sun_street_passage/south_to_north/001_n01588_N_R.jpg,0.0,0.004555,0.480827,True,n01588
sun_street_passage/south_to_north/002_n01589_N_L.jpg,0.033904,0.153771,0.0,False,n01589
sun_street_passage/south_to_north/002_n01589_N_R.jpg,0.085518,0.00017,0.0,False,n01589
sun_street_passage/south_to_north/003_n01590_N_L.jpg,0.040138,0.313432,0.0,False,n01590
sun_street_passage/south_to_north/003_n01590_N_R.jpg,0.0,0.0,0.0,False,n01590
sun_street_passage/south_to_north/004_n01591_N_F.jpg,0.0,0.000123,0.373048,True,n01591
sun_street_passage/south_to_north/005_n01592_N_L.jpg,0.035968,0.330028,0.0,False,n01592
sun_street_passage/south_to_north/005_n01592_N_R.jpg,0.0,0.0,0.0,False,n01592
sun_street_passage/south_to_north/006_n01593_N_F.jpg,0.0,0.04972,0.1112,False,n01593
swan_lane/north_to_south/001_n01598_S_L.jpg,0.0,0.167901,0.510479,False,n01598
swan_lane/north_to_south/001_n01598_S_R.jpg,0.0,0.0,0.076111,True,n01598
swan_lane/north_to_south/002_n01597_S_L.jpg,0.034131,0.319848,0.0,False,n01597
swan_lane/north_to_south/002_n01597_S_R.jpg,0.055511,0.180985,0.0,False,n01597
swan_lane/north_to_south/003_n01596_S_L.jpg,0.047621,0.169301,0.0,False,n01596
swan_lane/north_to_south/003_n01596_S_R.jpg,0.042182,0.192799,0.0,False,n01596
swan_lane/north_to_south/004_n01595_S_L.jpg,0.05477,0.133898,0.0,False,n01595
swan_lane/north_to_south/004_n01595_S_R.jpg,0.088933,0.224696,0.0,False,n01595
swan_lane/north_to_south/005_n01594_S_L.jpg,0.027875,0.0,0.0,False,n01594
swan_lane/north_to_south/005_n01594_S_R.jpg,0.278338,0.003774,0.0,False,n01594
swan_lane/south_to_north/001_n01594_N_L.jpg,0.038233,0.181926,0.0,False,n01594
swan_lane/south_to_north/001_n01594_N_R.jpg,0.042705,0.039023,0.0,False,n01594
swan_lane/south_to_north/002_n01595_N_L.jpg,0.031839,0.200592,0.0,False,n01595
swan_lane/south_to_north/002_n01595_N_R.jpg,0.025572,0.080764,0.0,False,n01595
swan_lane/south_to_north/003_n01596_N_L.jpg,0.02884,0.296817,0.0,False,n01596
swan_lane/south_to_north/003_n01596_N_R.jpg,0.028692,0.120025,0.0,False,n01596
swan_lane/south_to_north/004_n01597_N_L.jpg,0.009968,0.149462,0.0,False,n01597
swan_lane/south_to_north/004_n01597_N_R.jpg,0.046519,0.333422,0.0,False,n01597
swan_lane/south_to_north/005_n01598_N_L.jpg,0.145789,0.051938,0.0,False,n01598
swan_lane/south_to_north/005_n01598_N_R.jpg,0.072875,0.258344,0.002116,False,n01598
talbot_court/east_to_west/001_n01599_W_L.jpg,0.016115,0.005079,0.0,False,n01599
talbot_court/east_to_west/001_n01599_W_R.jpg,0.0,2.1e-05,0.0,False,n01599
talbot_court/east_to_west/002_n01600_W_L.jpg,0.0,0.0,0.0,False,n01600
talbot_court/east_to_west/002_n01600_W_R.jpg,0.0,0.028558,0.0,False,n01600
talbot_court/west_to_east/001_n01600_E_L.jpg,0.041232,0.240587,0.0,False,n01600
talbot_court/west_to_east/001_n01600_E_R.jpg,0.0,0.0,0.0,False,n01600
talbot_court/west_to_east/002_n01599_E_L.jpg,0.0,0.0,0.0,False,n01599
talbot_court/west_to_east/002_n01599_E_R.jpg,0.022912,0.0,0.0,False,n01599
telegraph_street/east_to_west/001_n01601_W_F.jpg,0.067481,0.190593,0.0,False,n01601
telegraph_street/east_to_west/002_n01602_W_L.jpg,0.001737,0.00056,0.0,False,n01602
telegraph_street/east_to_west/002_n01602_W_R.jpg,0.048119,0.0,0.0,False,n01602
telegraph_street/east_to_west/003_n01603_W_F.jpg,0.011548,6.3e-05,0.0,False,n01603
telegraph_street/east_to_west/004_n01604_W_F.jpg,0.020474,0.0,0.0,False,n01604
telegraph_street/east_to_west/005_n01605_W_F.jpg,0.017683,0.17818,0.0,False,n01605
telegraph_street/east_to_west/006_n01606_W_F.jpg,0.032648,0.006737,0.0,False,n01606
telegraph_street/west_to_east/001_n01606_E_F.jpg,0.020882,0.067656,0.0,False,n01606
telegraph_street/west_to_east/002_n01605_E_F.jpg,0.022358,0.000412,0.0,False,n01605
telegraph_street/west_to_east/003_n01604_E_F.jpg,0.0,0.0,0.0,False,n01604
telegraph_street/west_to_east/004_n01603_E_F.jpg,0.019773,0.059421,0.0,False,n01603
telegraph_street/west_to_east/005_n01602_E_L.jpg,0.074263,0.360969,0.0,False,n01602
telegraph_street/west_to_east/005_n01602_E_R.jpg,0.04647,0.003963,0.0,False,n01602
telegraph_street/west_to_east/006_n01601_E_F.jpg,0.028005,0.16401,0.0,False,n01601
threadneedle_street/east_to_west/001_n01620_W_L.jpg,0.208332,0.406514,0.0,False,n01620
threadneedle_street/east_to_west/001_n01620_W_R.jpg,0.052156,0.35455,0.0,False,n01620
threadneedle_street/east_to_west/002_n01619_W_L.jpg,0.002332,0.0,0.279428,True,n01619
threadneedle_street/east_to_west/002_n01619_W_R.jpg,0.0,0.0,0.134963,True,n01619
threadneedle_street/east_to_west/003_n01618_W_L.jpg,0.078463,0.169172,0.0,False,n01618
threadneedle_street/east_to_west/003_n01618_W_R.jpg,0.012469,0.219405,0.0,False,n01618
threadneedle_street/east_to_west/004_n01617_W_L.jpg,0.062258,0.15938,0.0,False,n01617
threadneedle_street/east_to_west/004_n01617_W_R.jpg,0.031888,0.245654,0.0,False,n01617
threadneedle_street/east_to_west/005_n01616_W_L.jpg,0.042171,0.109387,0.0,False,n01616
threadneedle_street/east_to_west/005_n01616_W_R.jpg,0.059359,0.246812,0.0,False,n01616
threadneedle_street/east_to_west/006_n01615_W_L.jpg,0.057196,0.286316,0.0,False,n01615
threadneedle_street/east_to_west/006_n01615_W_R.jpg,0.04231,0.239921,0.0,False,n01615
threadneedle_street/east_to_west/007_n01614_W_L.jpg,0.062379,0.329154,0.0,False,n01614
threadneedle_street/east_to_west/007_n01614_W_R.jpg,0.037061,0.141703,0.0,False,n01614
threadneedle_street/east_to_west/008_n01613_W_L.jpg,0.059858,0.13743,0.0,False,n01613
threadneedle_street/east_to_west/008_n01613_W_R.jpg,0.046355,0.21835,0.0,False,n01613
threadneedle_street/east_to_west/009_n01612_W_L.jpg,0.0,0.0,0.0,False,n01612
threadneedle_street/east_to_west/009_n01612_W_R.jpg,0.096838,0.239589,0.0,False,n01612
threadneedle_street/east_to_west/010_n01611_W_L.jpg,0.164512,0.306794,0.0,False,n01611
threadneedle_street/east_to_west/010_n01611_W_R.jpg,0.002614,0.389323,0.0,False,n01611
threadneedle_street/east_to_west/011_n01610_W_L.jpg,0.105863,0.122535,0.0,False,n01610
threadneedle_street/east_to_west/011_n01610_W_R.jpg,0.063978,0.383334,0.0,False,n01610
threadneedle_street/east_to_west/012_n01609_W_L.jpg,0.061706,0.160176,0.0,False,n01609
threadneedle_street/east_to_west/012_n01609_W_R.jpg,0.089843,0.363157,0.0,False,n01609
threadneedle_street/east_to_west/013_n01608_W_L.jpg,0.045121,0.183005,0.0,False,n01608
threadneedle_street/east_to_west/013_n01608_W_R.jpg,0.187719,0.251691,0.0,False,n01608
threadneedle_street/east_to_west/014_n01607_W_L.jpg,0.184271,0.353908,0.0,False,n01607
threadneedle_street/east_to_west/014_n01607_W_R.jpg,0.166463,0.311636,0.0,False,n01607
threadneedle_street/west_to_east/001_n01607_E_L.jpg,0.059234,0.281178,0.0,False,n01607
threadneedle_street/west_to_east/001_n01607_E_R.jpg,0.019265,0.378229,0.0,False,n01607
threadneedle_street/west_to_east/002_n01608_E_L.jpg,0.033796,0.259814,0.0,False,n01608
threadneedle_street/west_to_east/002_n01608_E_R.jpg,0.029288,0.16884,0.0,False,n01608
threadneedle_street/west_to_east/003_n01609_E_L.jpg,0.050018,0.371822,0.0,False,n01609
threadneedle_street/west_to_east/003_n01609_E_R.jpg,0.120461,0.165097,0.0,False,n01609
threadneedle_street/west_to_east/004_n01610_E_L.jpg,0.095016,0.29312,0.0,False,n01610
threadneedle_street/west_to_east/004_n01610_E_R.jpg,0.017544,0.167052,0.0,False,n01610
threadneedle_street/west_to_east/005_n01611_E_L.jpg,0.08603,0.409703,0.0,False,n01611
threadneedle_street/west_to_east/005_n01611_E_R.jpg,0.030072,0.352791,0.0,False,n01611
threadneedle_street/west_to_east/006_n01612_E_L.jpg,0.033004,0.353412,0.0,False,n01612
threadneedle_street/west_to_east/006_n01612_E_R.jpg,0.0,0.035835,0.0,False,n01612
threadneedle_street/west_to_east/007_n01613_E_L.jpg,0.012756,0.298179,0.0,False,n01613
threadneedle_street/west_to_east/007_n01613_E_R.jpg,0.003157,0.156431,0.0,False,n01613
threadneedle_street/west_to_east/008_n01614_E_L.jpg,0.052225,0.191565,0.0,False,n01614
threadneedle_street/west_to_east/008_n01614_E_R.jpg,0.042097,0.309907,0.0,False,n01614
threadneedle_street/west_to_east/009_n01615_E_L.jpg,0.043973,0.1788,0.0,False,n01615
threadneedle_street/west_to_east/009_n01615_E_R.jpg,0.040251,0.261223,0.0,False,n01615
threadneedle_street/west_to_east/010_n01616_E_L.jpg,0.018838,0.271314,0.0,False,n01616
threadneedle_street/west_to_east/010_n01616_E_R.jpg,0.0,0.114927,0.0,False,n01616
threadneedle_street/west_to_east/011_n01617_E_L.jpg,0.065353,0.270299,0.0,False,n01617
threadneedle_street/west_to_east/011_n01617_E_R.jpg,0.018497,0.144735,0.0,False,n01617
threadneedle_street/west_to_east/012_n01618_E_L.jpg,0.067884,0.324612,0.0,False,n01618
threadneedle_street/west_to_east/012_n01618_E_R.jpg,0.008963,0.112479,0.0,False,n01618
threadneedle_street/west_to_east/013_n01619_E_L.jpg,0.0,0.0,0.191724,True,n01619
threadneedle_street/west_to_east/013_n01619_E_R.jpg,0.0,0.0,0.162453,True,n01619
threadneedle_street/west_to_east/014_n01620_E_L.jpg,0.157281,0.410551,0.0,False,n01620
threadneedle_street/west_to_east/014_n01620_E_R.jpg,0.126094,0.383268,0.0,False,n01620
three_barrels_walk/east_to_west/001_n01621_W_F.jpg,0.196379,0.008667,0.0,False,n01621
three_barrels_walk/east_to_west/002_n01622_W_F.jpg,0.185155,0.003318,0.0,False,n01622
three_barrels_walk/east_to_west/003_n01623_W_F.jpg,0.097962,0.0,0.0,False,n01623
three_barrels_walk/east_to_west/004_n01624_W_F.jpg,0.109512,0.094004,0.0,False,n01624
three_barrels_walk/east_to_west/005_n01625_W_F.jpg,0.181542,0.000862,0.0,False,n01625
three_barrels_walk/east_to_west/006_n01626_W_F.jpg,0.13208,0.0,0.0,False,n01626
three_barrels_walk/west_to_east/001_n01626_E_F.jpg,0.143348,0.0,0.0,False,n01626
three_barrels_walk/west_to_east/002_n01625_E_F.jpg,0.043562,0.0,0.0,False,n01625
three_barrels_walk/west_to_east/003_n01624_E_F.jpg,0.29268,0.00384,0.0,False,n01624
three_barrels_walk/west_to_east/004_n01623_E_F.jpg,0.127719,2.5e-05,0.0,False,n01623
three_barrels_walk/west_to_east/005_n01622_E_F.jpg,0.225079,0.0,0.0,False,n01622
three_barrels_walk/west_to_east/006_n01621_E_F.jpg,0.374191,0.072996,0.0,False,n01621
three_cranes_walk/east_to_west/001_n01627_W_F.jpg,0.112413,0.0,0.309292,False,n01627
three_cranes_walk/east_to_west/002_n01628_W_F.jpg,0.0,0.0,0.323501,True,n01628
three_cranes_walk/east_to_west/003_n01629_W_F.jpg,0.203518,0.0,0.0,False,n01629
three_cranes_walk/east_to_west/004_n01630_W_F.jpg,0.179943,0.036908,0.0,False,n01630
three_cranes_walk/west_to_east/001_n01630_E_F.jpg,0.225102,0.007792,0.0,False,n01630
three_cranes_walk/west_to_east/002_n01629_E_F.jpg,0.223264,0.0,0.0,False,n01629
three_cranes_walk/west_to_east/003_n01628_E_F.jpg,0.0,0.0,0.434261,True,n01628
three_cranes_walk/west_to_east/004_n01627_E_F.jpg,0.019892,0.007322,0.438953,False,n01627
throgmorton_avenue/north_to_south/001_n01636_S_L.jpg,0.0,0.30486,0.0,False,n01636
throgmorton_avenue/north_to_south/001_n01636_S_R.jpg,0.03895,0.001118,0.0,False,n01636
throgmorton_avenue/north_to_south/002_n01637_S_F.jpg,0.064898,0.2721,0.0,False,n01637
throgmorton_avenue/north_to_south/003_n01635_S_F.jpg,0.044077,0.291211,0.0,False,n01635
throgmorton_avenue/north_to_south/004_n01632_S_F.jpg,0.044077,0.291211,0.0,False,n01632
throgmorton_avenue/north_to_south/005_n01633_S_F.jpg,0.041284,0.113178,0.0,False,n01633
throgmorton_avenue/north_to_south/006_n01634_S_F.jpg,0.052543,0.00683,0.0,False,n01634
throgmorton_avenue/north_to_south/007_n01631_S_F.jpg,0.032533,6.9e-05,0.0,False,n01631
throgmorton_avenue/south_to_north/001_n01631_N_F.jpg,0.097635,0.24308,0.0,False,n01631
throgmorton_avenue/south_to_north/002_n01632_N_F.jpg,0.035538,0.292254,0.0,False,n01632
throgmorton_avenue/south_to_north/003_n01633_N_F.jpg,0.0,0.126919,0.192339,False,n01633
throgmorton_avenue/south_to_north/004_n01634_N_F.jpg,0.085246,0.3776,0.0,False,n01634
throgmorton_avenue/south_to_north/005_n01635_N_F.jpg,0.035538,0.292254,0.0,False,n01635
throgmorton_avenue/south_to_north/006_n01636_N_L.jpg,0.071242,0.291109,0.0,False,n01636
throgmorton_avenue/south_to_north/006_n01636_N_R.jpg,0.153118,0.352273,0.0,False,n01636
throgmorton_avenue/south_to_north/007_n01637_N_F.jpg,0.057764,0.000207,0.0,False,n01637
throgmorton_street/east_to_west/001_n01646_W_L.jpg,0.062387,0.313021,0.0,False,n01646
throgmorton_street/east_to_west/001_n01646_W_R.jpg,0.010367,0.145646,0.0,False,n01646
throgmorton_street/east_to_west/002_n01645_W_F.jpg,0.031526,0.249025,0.0,False,n01645
throgmorton_street/east_to_west/003_n01644_W_F.jpg,0.027735,0.132564,0.0,False,n01644
throgmorton_street/east_to_west/004_n01643_W_F.jpg,0.03996,0.122257,0.0,False,n01643
throgmorton_street/east_to_west/005_n01642_W_F.jpg,0.022107,0.01793,0.0,False,n01642
throgmorton_street/east_to_west/006_n01641_W_F.jpg,0.123692,0.0,0.0,False,n01641
throgmorton_street/east_to_west/007_n01640_W_F.jpg,0.029578,0.141588,0.0,False,n01640
throgmorton_street/east_to_west/008_n01639_W_F.jpg,0.055476,0.123064,0.0,False,n01639
throgmorton_street/east_to_west/009_n01638_W_F.jpg,0.093863,0.210517,0.0,False,n01638
throgmorton_street/west_to_east/001_n01638_E_F.jpg,0.028237,0.301788,0.0,False,n01638
throgmorton_street/west_to_east/002_n01639_E_F.jpg,0.019501,0.006304,0.0,False,n01639
throgmorton_street/west_to_east/003_n01640_E_F.jpg,0.008853,0.000553,0.0,False,n01640
throgmorton_street/west_to_east/004_n01641_E_F.jpg,0.191818,0.0,0.0,False,n01641
throgmorton_street/west_to_east/005_n01642_E_F.jpg,0.006621,0.131945,0.0,False,n01642
throgmorton_street/west_to_east/006_n01643_E_F.jpg,0.020101,0.170372,0.0,False,n01643
throgmorton_street/west_to_east/007_n01644_E_F.jpg,0.010446,0.112998,0.0,False,n01644
throgmorton_street/west_to_east/008_n01645_E_F.jpg,0.006599,0.230331,0.0,False,n01645
throgmorton_street/west_to_east/009_n01646_E_L.jpg,0.03274,0.359467,0.0,False,n01646
throgmorton_street/west_to_east/009_n01646_E_R.jpg,0.007958,0.300353,0.0,False,n01646
tokenhouse_yard/north_to_south/001_n01652_W_L.jpg,0.0,0.019501,0.0,False,n01652
tokenhouse_yard/north_to_south/001_n01652_W_R.jpg,0.0,0.014008,0.0,False,n01652
tokenhouse_yard/north_to_south/002_n01651_W_L.jpg,0.079673,0.269275,0.0,False,n01651
tokenhouse_yard/north_to_south/002_n01651_W_R.jpg,0.0,0.0,0.0,False,n01651
tokenhouse_yard/north_to_south/003_n01650_S_L.jpg,0.032017,0.126274,0.0,False,n01650
tokenhouse_yard/north_to_south/003_n01650_S_R.jpg,0.018375,0.121222,0.0,False,n01650
tokenhouse_yard/north_to_south/004_n01649_S_L.jpg,0.019443,0.098779,0.0,False,n01649
tokenhouse_yard/north_to_south/004_n01649_S_R.jpg,0.014355,0.093276,0.0,False,n01649
tokenhouse_yard/north_to_south/005_n01648_S_L.jpg,0.012981,0.062646,0.0,False,n01648
tokenhouse_yard/north_to_south/005_n01648_S_R.jpg,0.003868,0.089144,0.0,False,n01648
tokenhouse_yard/north_to_south/006_n01647_S_L.jpg,0.04264,0.106155,0.0,False,n01647
tokenhouse_yard/north_to_south/006_n01647_S_R.jpg,0.064477,0.153866,0.0,False,n01647
tokenhouse_yard/south_to_north/001_n01647_N_L.jpg,0.110315,0.225657,0.0,False,n01647
tokenhouse_yard/south_to_north/001_n01647_N_R.jpg,0.060835,0.222295,0.0,False,n01647
tokenhouse_yard/south_to_north/002_n01648_N_L.jpg,0.017538,0.057308,0.0,False,n01648
tokenhouse_yard/south_to_north/002_n01648_N_R.jpg,0.053531,0.057264,0.0,False,n01648
tokenhouse_yard/south_to_north/003_n01649_N_L.jpg,0.027558,0.079663,0.0,False,n01649
tokenhouse_yard/south_to_north/003_n01649_N_R.jpg,0.066322,0.067681,0.0,False,n01649
tokenhouse_yard/south_to_north/004_n01650_N_L.jpg,0.038782,0.184682,0.0,False,n01650
tokenhouse_yard/south_to_north/004_n01650_N_R.jpg,0.072981,0.139533,0.0,False,n01650
tokenhouse_yard/south_to_north/005_n01651_E_L.jpg,0.0,0.265477,0.0,False,n01651
tokenhouse_yard/south_to_north/005_n01651_E_R.jpg,0.0,0.0,0.0,False,n01651
tokenhouse_yard/south_to_north/006_n01652_E_L.jpg,0.0,0.0,0.0,False,n01652
tokenhouse_yard/south_to_north/006_n01652_E_R.jpg,0.009994,7.3e-05,0.0,False,n01652
trig_lane/north_to_south/001_n01654_S_L.jpg,0.009497,0.131702,0.0,False,n01654
trig_lane/north_to_south/001_n01654_S_R.jpg,0.128532,0.349027,0.0,False,n01654
trig_lane/north_to_south/002_n01653_S_L.jpg,0.009497,0.131702,0.0,False,n01653
trig_lane/north_to_south/002_n01653_S_R.jpg,0.128532,0.349027,0.0,False,n01653
trig_lane/south_to_north/001_n01653_N_L.jpg,0.130387,0.254436,0.0,False,n01653
trig_lane/south_to_north/001_n01653_N_R.jpg,0.059944,0.292036,0.0,False,n01653
trig_lane/south_to_north/002_n01654_N_L.jpg,0.130387,0.254436,0.0,False,n01654
trig_lane/south_to_north/002_n01654_N_R.jpg,0.059944,0.292036,0.0,False,n01654
trump_street/east_to_west/001_n01655_W_L.jpg,0.023513,0.206089,0.0,False,n01655
trump_street/east_to_west/001_n01655_W_R.jpg,0.091039,0.338334,0.0,False,n01655
trump_street/east_to_west/002_n01656_W_L.jpg,0.019929,0.10682,0.0,False,n01656
trump_street/east_to_west/002_n01656_W_R.jpg,0.034772,0.248537,0.0,False,n01656
trump_street/east_to_west/003_n01657_W_L.jpg,0.021193,0.116773,0.0,False,n01657
trump_street/east_to_west/003_n01657_W_R.jpg,0.050259,0.306133,0.0,False,n01657
trump_street/east_to_west/004_n01658_W_L.jpg,0.0,0.078284,0.0,False,n01658
trump_street/east_to_west/004_n01658_W_R.jpg,0.055972,0.142564,0.0,False,n01658
trump_street/west_to_east/001_n01658_E_L.jpg,0.038052,0.220468,0.0,False,n01658
trump_street/west_to_east/001_n01658_E_R.jpg,0.037771,0.111971,0.0,False,n01658
trump_street/west_to_east/002_n01657_E_L.jpg,0.058494,0.302444,0.0,False,n01657
trump_street/west_to_east/002_n01657_E_R.jpg,0.043875,0.14819,0.0,False,n01657
trump_street/west_to_east/003_n01656_E_L.jpg,0.039061,0.221502,0.0,False,n01656
trump_street/west_to_east/003_n01656_E_R.jpg,0.019157,0.108555,0.0,False,n01656
trump_street/west_to_east/004_n01655_E_L.jpg,0.062412,0.399975,0.0,False,n01655
trump_street/west_to_east/004_n01655_E_R.jpg,0.096966,0.209453,0.0,False,n01655
undershaft/east_to_west/001_n01666_W_L.jpg,0.006486,0.118292,0.0,False,n01666
undershaft/east_to_west/001_n01666_W_R.jpg,0.121758,0.235548,0.0,False,n01666
undershaft/east_to_west/002_n01665_W_L.jpg,0.028118,0.172646,0.0,False,n01665
undershaft/east_to_west/002_n01665_W_R.jpg,0.121797,0.087359,0.0,False,n01665
undershaft/east_to_west/003_n01664_W_L.jpg,0.0,0.372864,0.0,False,n01664
undershaft/east_to_west/003_n01664_W_R.jpg,0.048113,0.179169,0.0,False,n01664
undershaft/east_to_west/004_n01663_W_L.jpg,0.138953,0.222284,0.0,False,n01663
undershaft/east_to_west/004_n01663_W_R.jpg,0.031912,0.338548,0.0,False,n01663
undershaft/east_to_west/005_n01662_W_L.jpg,0.038307,0.210231,0.0,False,n01662
undershaft/east_to_west/005_n01662_W_R.jpg,0.0,0.130922,0.0,False,n01662
undershaft/east_to_west/006_n01661_W_L.jpg,0.000395,0.182508,0.0,False,n01661
undershaft/east_to_west/006_n01661_W_R.jpg,0.0,0.172127,0.0,False,n01661
undershaft/east_to_west/007_n01660_S_L.jpg,0.044924,0.262477,0.0,False,n01660
undershaft/east_to_west/007_n01660_S_R.jpg,0.083833,0.187198,0.0,False,n01660
undershaft/east_to_west/008_n01659_S_L.jpg,0.007506,0.318941,0.0,False,n01659
undershaft/east_to_west/008_n01659_S_R.jpg,0.157104,0.222618,0.0,False,n01659
undershaft/west_to_east/001_n01659_N_L.jpg,0.012248,0.219968,0.0,False,n01659
undershaft/west_to_east/001_n01659_N_R.jpg,0.001011,0.277767,0.0,False,n01659
undershaft/west_to_east/002_n01660_N_L.jpg,0.009796,0.253234,0.0,False,n01660
undershaft/west_to_east/002_n01660_N_R.jpg,0.050956,0.346845,0.0,False,n01660
undershaft/west_to_east/003_n01661_E_L.jpg,0.075856,0.237413,0.0,False,n01661
undershaft/west_to_east/003_n01661_E_R.jpg,0.008896,0.159397,0.0,False,n01661
undershaft/west_to_east/004_n01662_E_L.jpg,0.05602,0.213497,0.0,False,n01662
undershaft/west_to_east/004_n01662_E_R.jpg,0.048807,0.144294,0.0,False,n01662
undershaft/west_to_east/005_n01663_E_L.jpg,0.0676,0.093222,0.0,False,n01663
undershaft/west_to_east/005_n01663_E_R.jpg,0.003019,0.146269,0.0,False,n01663
undershaft/west_to_east/006_n01664_E_L.jpg,0.051649,0.0,0.0,False,n01664
undershaft/west_to_east/006_n01664_E_R.jpg,0.09264,0.048583,0.0,False,n01664
undershaft/west_to_east/007_n01665_E_L.jpg,0.037191,0.224703,0.0,False,n01665
undershaft/west_to_east/007_n01665_E_R.jpg,0.062874,0.034284,0.0,False,n01665
undershaft/west_to_east/008_n01666_E_L.jpg,0.063099,0.369715,0.0,False,n01666
undershaft/west_to_east/008_n01666_E_R.jpg,0.061667,0.297277,0.0,False,n01666
upper_thames_street/east_to_west/001_n01667_W_L.jpg,6.4e-05,0.421477,0.362515,False,n01667
upper_thames_street/east_to_west/001_n01667_W_R.jpg,0.006952,0.418584,0.423747,False,n01667
upper_thames_street/east_to_west/002_n01668_W_L.jpg,0.131805,0.167214,0.0,False,n01668
upper_thames_street/east_to_west/002_n01668_W_R.jpg,0.107652,0.192078,0.0,False,n01668
upper_thames_street/east_to_west/003_n01669_W_L.jpg,0.085994,0.38209,0.0,False,n01669
upper_thames_street/east_to_west/003_n01669_W_R.jpg,0.080929,0.43616,0.0,False,n01669
upper_thames_street/east_to_west/004_n01670_W_L.jpg,0.106024,0.404262,0.0,False,n01670
upper_thames_street/east_to_west/004_n01670_W_R.jpg,0.09073,0.398534,0.0,False,n01670
upper_thames_street/east_to_west/005_n01671_W_L.jpg,0.138183,0.226054,0.0,False,n01671
upper_thames_street/east_to_west/005_n01671_W_R.jpg,0.204567,0.413517,0.0,False,n01671
upper_thames_street/east_to_west/006_n01672_W_L.jpg,0.069521,0.366434,0.0,False,n01672
upper_thames_street/east_to_west/006_n01672_W_R.jpg,0.072431,0.428958,0.0,False,n01672
upper_thames_street/east_to_west/007_n01673_W_L.jpg,0.08927,0.392685,0.0,False,n01673
upper_thames_street/east_to_west/007_n01673_W_R.jpg,0.116778,0.429708,0.0,False,n01673
upper_thames_street/east_to_west/008_n01674_W_L.jpg,0.058558,0.421894,0.0,False,n01674
upper_thames_street/east_to_west/008_n01674_W_R.jpg,0.071691,0.395923,0.0,False,n01674
upper_thames_street/east_to_west/009_n01675_W_L.jpg,0.112466,0.410507,0.0,False,n01675
upper_thames_street/east_to_west/009_n01675_W_R.jpg,0.085202,0.405872,0.0,False,n01675
upper_thames_street/east_to_west/010_n01676_W_L.jpg,0.0686,0.246879,0.0,False,n01676
upper_thames_street/east_to_west/010_n01676_W_R.jpg,0.136898,0.409457,0.0,False,n01676
upper_thames_street/east_to_west/011_n01677_W_L.jpg,0.0,0.027398,0.058626,False,n01677
upper_thames_street/east_to_west/011_n01677_W_R.jpg,0.130373,0.327541,0.0,False,n01677
upper_thames_street/east_to_west/012_n01678_W_L.jpg,0.0,0.000189,0.0,False,n01678
upper_thames_street/east_to_west/012_n01678_W_R.jpg,0.001947,0.110569,0.508686,False,n01678
upper_thames_street/east_to_west/013_n01679_W_L.jpg,0.073964,0.089262,0.0,False,n01679
upper_thames_street/east_to_west/013_n01679_W_R.jpg,0.089702,0.401974,0.0,False,n01679
upper_thames_street/east_to_west/014_n01680_W_L.jpg,0.122618,0.365798,0.0,False,n01680
upper_thames_street/east_to_west/014_n01680_W_R.jpg,0.116479,0.40307,0.0,False,n01680
upper_thames_street/east_to_west/015_n01681_W_L.jpg,0.072276,0.291709,0.0,False,n01681
upper_thames_street/east_to_west/015_n01681_W_R.jpg,0.199574,0.386482,0.0,False,n01681
upper_thames_street/east_to_west/016_n01682_W_L.jpg,0.146737,0.324233,0.0,False,n01682
upper_thames_street/east_to_west/016_n01682_W_R.jpg,0.096149,0.428206,0.0,False,n01682
upper_thames_street/east_to_west/017_n01683_W_L.jpg,0.07162,0.383262,0.0,False,n01683
upper_thames_street/east_to_west/017_n01683_W_R.jpg,0.030838,0.388159,0.0,False,n01683
upper_thames_street/east_to_west/018_n01684_W_L.jpg,0.123056,0.401037,0.0,False,n01684
upper_thames_street/east_to_west/018_n01684_W_R.jpg,0.211625,0.403927,0.0,False,n01684
upper_thames_street/east_to_west/019_n01685_W_L.jpg,0.077846,0.314808,0.0,False,n01685
upper_thames_street/east_to_west/019_n01685_W_R.jpg,0.244375,0.394133,0.0,False,n01685
upper_thames_street/east_to_west/020_n01686_W_L.jpg,0.046963,0.381673,0.0,False,n01686
upper_thames_street/east_to_west/020_n01686_W_R.jpg,0.122774,0.437062,0.0,False,n01686
upper_thames_street/east_to_west/021_n01687_W_L.jpg,0.0,0.369003,0.0,False,n01687
upper_thames_street/east_to_west/021_n01687_W_R.jpg,0.0,0.414423,0.0,False,n01687
upper_thames_street/east_to_west/022_n01688_W_L.jpg,0.116849,0.369739,0.0,False,n01688
upper_thames_street/east_to_west/022_n01688_W_R.jpg,0.141013,0.389719,0.0,False,n01688
upper_thames_street/east_to_west/023_n01689_W_L.jpg,0.071065,0.220049,0.0,False,n01689
upper_thames_street/east_to_west/023_n01689_W_R.jpg,0.249565,0.379801,0.0,False,n01689
upper_thames_street/east_to_west/024_n01690_W_L.jpg,0.0,0.001146,0.0,False,n01690
upper_thames_street/east_to_west/024_n01690_W_R.jpg,0.175758,0.041675,0.0,False,n01690
upper_thames_street/east_to_west/025_n01691_W_F.jpg,0.054485,0.377283,0.0,False,n01691
upper_thames_street/east_to_west/026_n01692_W_L.jpg,0.161893,0.400254,0.0,False,n01692
upper_thames_street/east_to_west/026_n01692_W_R.jpg,0.122453,0.394464,0.0,False,n01692
upper_thames_street/east_to_west/027_n01693_W_L.jpg,0.130173,0.290711,0.0,False,n01693
upper_thames_street/east_to_west/027_n01693_W_R.jpg,0.151832,0.40481,0.0,False,n01693
upper_thames_street/east_to_west/028_n01694_W_L.jpg,0.034483,0.029586,0.0,False,n01694
upper_thames_street/east_to_west/028_n01694_W_R.jpg,0.094468,0.381189,0.0,False,n01694
upper_thames_street/east_to_west/029_n01695_W_L.jpg,0.253031,0.404037,0.0,False,n01695
upper_thames_street/east_to_west/029_n01695_W_R.jpg,0.123152,0.396153,0.0,False,n01695
upper_thames_street/east_to_west/030_n01696_W_L.jpg,0.242701,0.425916,0.0,False,n01696
upper_thames_street/east_to_west/030_n01696_W_R.jpg,0.233251,0.409921,0.0,False,n01696
upper_thames_street/east_to_west/031_n01697_W_L.jpg,0.039737,0.344407,0.0,False,n01697
upper_thames_street/east_to_west/031_n01697_W_R.jpg,0.075805,0.38972,0.0,False,n01697
upper_thames_street/east_to_west/032_n01698_W_L.jpg,0.198847,0.391555,0.0,False,n01698
upper_thames_street/east_to_west/032_n01698_W_R.jpg,0.149422,0.392612,0.0,False,n01698
upper_thames_street/east_to_west/033_n01699_W_L.jpg,0.104555,0.316123,0.0,False,n01699
upper_thames_street/east_to_west/033_n01699_W_R.jpg,0.166282,0.372748,0.0,False,n01699
upper_thames_street/east_to_west/034_n01700_W_L.jpg,0.046247,0.077012,0.0,False,n01700
upper_thames_street/east_to_west/034_n01700_W_R.jpg,0.0429,0.382718,0.0,False,n01700
upper_thames_street/east_to_west/035_n01701_W_L.jpg,0.202684,0.381908,0.0,False,n01701
upper_thames_street/east_to_west/035_n01701_W_R.jpg,0.1558,0.393405,0.0,False,n01701
upper_thames_street/east_to_west/036_n01702_W_L.jpg,0.106752,0.334525,0.0,False,n01702
upper_thames_street/east_to_west/036_n01702_W_R.jpg,0.191914,0.274164,0.0,False,n01702
upper_thames_street/east_to_west/037_n01703_W_L.jpg,0.053085,0.083702,0.0,False,n01703
upper_thames_street/east_to_west/037_n01703_W_R.jpg,0.062346,0.389821,0.0,False,n01703
upper_thames_street/east_to_west/038_n01704_W_L.jpg,0.238263,0.045805,0.0,False,n01704
upper_thames_street/east_to_west/038_n01704_W_R.jpg,0.192354,0.054202,0.0,False,n01704
upper_thames_street/east_to_west/039_n01705_W_L.jpg,0.096089,0.341477,0.0,False,n01705
upper_thames_street/east_to_west/039_n01705_W_R.jpg,0.164295,0.250539,0.0,False,n01705
upper_thames_street/east_to_west/040_n01706_W_L.jpg,0.010636,0.403258,0.0,False,n01706
upper_thames_street/east_to_west/040_n01706_W_R.jpg,0.0,0.342977,0.0,False,n01706
upper_thames_street/east_to_west/041_n01707_W_L.jpg,0.183695,0.218131,0.0,False,n01707
upper_thames_street/east_to_west/041_n01707_W_R.jpg,0.116004,0.310837,0.0,False,n01707
upper_thames_street/east_to_west/042_n01708_W_L.jpg,0.088738,0.363873,0.0,False,n01708
upper_thames_street/east_to_west/042_n01708_W_R.jpg,0.27605,0.335252,0.0,False,n01708
upper_thames_street/east_to_west/043_n01709_W_L.jpg,0.0,0.31001,0.0,False,n01709
upper_thames_street/east_to_west/043_n01709_W_R.jpg,0.000237,0.34366,0.0,False,n01709
upper_thames_street/east_to_west/044_n01710_W_F.jpg,0.155182,0.36761,0.0,False,n01710
upper_thames_street/east_to_west/045_n01711_W_L.jpg,0.086781,0.347552,0.0,False,n01711
upper_thames_street/east_to_west/045_n01711_W_R.jpg,0.198987,0.273325,0.0,False,n01711
upper_thames_street/east_to_west/046_n01712_W_F.jpg,0.095025,0.364754,0.0,False,n01712
upper_thames_street/east_to_west/047_n01713_W_L.jpg,0.088128,0.354643,0.0,False,n01713
upper_thames_street/east_to_west/047_n01713_W_R.jpg,0.070908,0.217656,0.0,False,n01713
upper_thames_street/east_to_west/048_n01714_W_F.jpg,0.074264,0.341037,0.0,False,n01714
upper_thames_street/east_to_west/049_n01715_W_L.jpg,0.076585,0.345124,0.0,False,n01715
upper_thames_street/east_to_west/049_n01715_W_R.jpg,0.0,0.361661,0.0,False,n01715
upper_thames_street/east_to_west/050_n01716_W_L.jpg,5.3e-05,0.014816,0.301314,True,n01716
upper_thames_street/east_to_west/050_n01716_W_R.jpg,0.0,0.401325,0.379039,False,n01716
upper_thames_street/east_to_west/051_n01717_W_L.jpg,0.01437,0.375188,0.375563,False,n01717
upper_thames_street/east_to_west/051_n01717_W_R.jpg,0.0,0.113407,0.29129,False,n01717
upper_thames_street/east_to_west/052_n01718_W_L.jpg,0.228404,0.074774,0.0,False,n01718
upper_thames_street/east_to_west/052_n01718_W_R.jpg,0.114521,0.414037,0.0,False,n01718
upper_thames_street/east_to_west/053_n01719_W_L.jpg,0.0,0.008294,0.020738,True,n01719
upper_thames_street/east_to_west/053_n01719_W_R.jpg,0.0,0.006011,0.116593,True,n01719
upper_thames_street/east_to_west/054_n01720_W_L.jpg,0.252481,0.337116,0.0,False,n01720
upper_thames_street/east_to_west/054_n01720_W_R.jpg,0.110825,0.424635,0.0,False,n01720
upper_thames_street/east_to_west/055_n01721_W_L.jpg,0.110147,0.352211,0.0,False,n01721
upper_thames_street/east_to_west/055_n01721_W_R.jpg,0.14419,0.271545,0.0,False,n01721
upper_thames_street/east_to_west/056_n01722_W_L.jpg,0.228393,0.332859,0.0,False,n01722
upper_thames_street/east_to_west/056_n01722_W_R.jpg,0.102611,0.429627,0.0,False,n01722
upper_thames_street/east_to_west/057_n01723_W_L.jpg,0.175201,0.356443,0.0,False,n01723
upper_thames_street/east_to_west/057_n01723_W_R.jpg,0.1538,0.272149,0.0,False,n01723
upper_thames_street/east_to_west/058_n01724_W_L.jpg,0.19795,0.316119,0.0,False,n01724
upper_thames_street/east_to_west/058_n01724_W_R.jpg,0.244777,0.408277,0.0,False,n01724
upper_thames_street/east_to_west/059_n01725_W_L.jpg,0.165211,0.367771,0.0,False,n01725
upper_thames_street/east_to_west/059_n01725_W_R.jpg,0.209843,0.240064,0.0,False,n01725
upper_thames_street/east_to_west/060_n01726_W_L.jpg,0.0,0.009444,0.0,False,n01726
upper_thames_street/east_to_west/060_n01726_W_R.jpg,0.0,0.039818,0.230241,False,n01726
upper_thames_street/east_to_west/061_n01727_W_L.jpg,0.0,0.062033,0.000581,False,n01727
upper_thames_street/east_to_west/061_n01727_W_R.jpg,4.1e-05,0.003994,0.087949,True,n01727
upper_thames_street/east_to_west/062_n01728_W_L.jpg,0.0,0.362246,0.0,False,n01728
upper_thames_street/east_to_west/062_n01728_W_R.jpg,0.059752,0.364835,0.0,False,n01728
upper_thames_street/east_to_west/063_n01729_W_L.jpg,0.025566,0.313855,0.361617,False,n01729
upper_thames_street/east_to_west/063_n01729_W_R.jpg,0.0,0.311786,0.296458,False,n01729
upper_thames_street/west_to_east/001_n01678_E_L.jpg,0.100569,0.341627,0.0,False,n01678
upper_thames_street/west_to_east/001_n01678_E_R.jpg,0.039504,0.103423,0.22882,False,n01678
upper_thames_street/west_to_east/002_n01691_E_F.jpg,0.031512,0.406454,0.0,False,n01691
upper_thames_street/west_to_east/003_n01728_E_L.jpg,0.286692,0.409799,0.0,False,n01728
upper_thames_street/west_to_east/003_n01728_E_R.jpg,0.199631,0.279171,0.0,False,n01728
upper_thames_street/west_to_east/004_n01709_E_L.jpg,0.032595,0.417497,0.0,False,n01709
upper_thames_street/west_to_east/004_n01709_E_R.jpg,0.051898,0.44232,0.0,False,n01709
upper_thames_street/west_to_east/005_n01729_E_L.jpg,0.237044,0.333299,0.0,False,n01729
upper_thames_street/west_to_east/005_n01729_E_R.jpg,0.172574,0.422701,0.0,False,n01729
upper_thames_street/west_to_east/006_n01706_E_L.jpg,0.117373,0.376371,0.0,False,n01706
upper_thames_street/west_to_east/006_n01706_E_R.jpg,0.042837,0.361931,0.0,False,n01706
upper_thames_street/west_to_east/007_n01687_E_L.jpg,0.078051,0.415969,0.0,False,n01687
upper_thames_street/west_to_east/007_n01687_E_R.jpg,0.053444,0.37235,0.0,False,n01687
upper_thames_street/west_to_east/008_n01673_E_L.jpg,0.066396,0.376243,0.0,False,n01673
upper_thames_street/west_to_east/008_n01673_E_R.jpg,0.131885,0.432353,0.0,False,n01673
upper_thames_street/west_to_east/009_n01727_E_L.jpg,0.0,0.182445,0.183706,False,n01727
upper_thames_street/west_to_east/009_n01727_E_R.jpg,0.003252,0.19587,0.463806,False,n01727
upper_thames_street/west_to_east/010_n01726_E_L.jpg,4.3e-05,0.156914,0.396343,False,n01726
upper_thames_street/west_to_east/010_n01726_E_R.jpg,0.007842,0.225292,0.164297,False,n01726
upper_thames_street/west_to_east/011_n01725_E_L.jpg,0.1065,0.337673,0.0,False,n01725
upper_thames_street/west_to_east/011_n01725_E_R.jpg,0.06455,0.363411,0.0,False,n01725
upper_thames_street/west_to_east/012_n01703_E_L.jpg,0.023848,0.357123,0.0,False,n01703
upper_thames_street/west_to_east/012_n01703_E_R.jpg,0.006609,0.018284,0.0,False,n01703
upper_thames_street/west_to_east/013_n01668_E_L.jpg,0.04467,0.040757,0.081935,False,n01668
upper_thames_street/west_to_east/013_n01668_E_R.jpg,8e-05,0.010059,0.064987,True,n01668
upper_thames_street/west_to_east/014_n01683_E_L.jpg,0.095444,0.398222,0.0,False,n01683
upper_thames_street/west_to_east/014_n01683_E_R.jpg,0.07372,0.390126,0.0,False,n01683
upper_thames_street/west_to_east/015_n01724_E_L.jpg,0.04012,0.389496,0.0,False,n01724
upper_thames_street/west_to_east/015_n01724_E_R.jpg,0.107524,0.323213,0.0,False,n01724
upper_thames_street/west_to_east/016_n01679_E_L.jpg,0.078774,0.392406,0.0,False,n01679
upper_thames_street/west_to_east/016_n01679_E_R.jpg,0.113849,0.420061,0.0,False,n01679
upper_thames_street/west_to_east/017_n01700_E_L.jpg,0.116879,0.381199,0.0,False,n01700
upper_thames_street/west_to_east/017_n01700_E_R.jpg,0.032637,0.01224,0.0,False,n01700
upper_thames_street/west_to_east/018_n01723_E_L.jpg,0.092535,0.333819,0.0,False,n01723
upper_thames_street/west_to_east/018_n01723_E_R.jpg,0.090487,0.363184,0.0,False,n01723
upper_thames_street/west_to_east/019_n01722_E_L.jpg,0.070247,0.427276,0.0,False,n01722
upper_thames_street/west_to_east/019_n01722_E_R.jpg,0.221096,0.217503,0.0,False,n01722
upper_thames_street/west_to_east/020_n01721_E_L.jpg,0.014634,0.335089,0.0,False,n01721
upper_thames_street/west_to_east/020_n01721_E_R.jpg,0.017548,0.390602,0.0,False,n01721
upper_thames_street/west_to_east/021_n01697_E_L.jpg,0.103577,0.382733,0.0,False,n01697
upper_thames_street/west_to_east/021_n01697_E_R.jpg,0.035555,0.00795,0.0,False,n01697
upper_thames_street/west_to_east/022_n01674_E_L.jpg,0.070589,0.151777,0.0,False,n01674
upper_thames_street/west_to_east/022_n01674_E_R.jpg,0.185686,0.412,0.0,False,n01674
upper_thames_street/west_to_east/023_n01720_E_L.jpg,0.0301,0.323349,0.0,False,n01720
upper_thames_street/west_to_east/023_n01720_E_R.jpg,0.058551,0.353109,0.0,False,n01720
upper_thames_street/west_to_east/024_n01719_E_L.jpg,0.056328,0.06,0.001265,False,n01719
upper_thames_street/west_to_east/024_n01719_E_R.jpg,0.28915,0.089688,0.0,False,n01719
upper_thames_street/west_to_east/025_n01718_E_L.jpg,0.028177,0.326905,0.0,False,n01718
upper_thames_street/west_to_east/025_n01718_E_R.jpg,0.006988,0.159748,0.309829,False,n01718
upper_thames_street/west_to_east/026_n01669_E_L.jpg,0.14914,0.390692,0.0,False,n01669
upper_thames_street/west_to_east/026_n01669_E_R.jpg,0.31416,0.340716,0.0,False,n01669
upper_thames_street/west_to_east/027_n01694_E_L.jpg,0.129194,0.384604,0.0,False,n01694
upper_thames_street/west_to_east/027_n01694_E_R.jpg,0.048616,0.009501,0.0,False,n01694
upper_thames_street/west_to_east/028_n01690_E_L.jpg,0.0,0.308396,0.0,False,n01690
upper_thames_street/west_to_east/028_n01690_E_R.jpg,0.239608,0.095743,0.0,False,n01690
upper_thames_street/west_to_east/029_n01717_E_L.jpg,0.033148,0.029236,0.218748,False,n01717
upper_thames_street/west_to_east/029_n01717_E_R.jpg,0.009421,0.381061,0.000383,False,n01717
upper_thames_street/west_to_east/030_n01716_E_L.jpg,0.027975,0.383444,0.024568,False,n01716
upper_thames_street/west_to_east/030_n01716_E_R.jpg,0.113024,0.20012,0.0,False,n01716
upper_thames_street/west_to_east/031_n01686_E_L.jpg,0.123053,0.404306,0.0,False,n01686
upper_thames_street/west_to_east/031_n01686_E_R.jpg,0.334425,0.341973,0.0,False,n01686
upper_thames_street/west_to_east/032_n01715_E_L.jpg,0.148593,0.362131,0.0,False,n01715
upper_thames_street/west_to_east/032_n01715_E_R.jpg,0.143154,0.366881,0.0,False,n01715
upper_thames_street/west_to_east/033_n01714_E_F.jpg,0.14378,0.344273,0.0,False,n01714
upper_thames_street/west_to_east/034_n01712_E_F.jpg,0.181547,0.324469,0.0,False,n01712
upper_thames_street/west_to_east/035_n01682_E_L.jpg,0.099714,0.400036,0.0,False,n01682
upper_thames_street/west_to_east/035_n01682_E_R.jpg,0.199012,0.308254,0.0,False,n01682
upper_thames_street/west_to_east/036_n01713_E_L.jpg,0.24766,0.353894,0.0,False,n01713
upper_thames_street/west_to_east/036_n01713_E_R.jpg,0.097363,0.370226,0.0,False,n01713
upper_thames_street/west_to_east/037_n01710_E_F.jpg,0.170395,0.342711,0.0,False,n01710
upper_thames_street/west_to_east/038_n01677_E_L.jpg,0.096563,0.31283,0.0,False,n01677
upper_thames_street/west_to_east/038_n01677_E_R.jpg,0.013586,0.045545,0.177036,False,n01677
upper_thames_street/west_to_east/039_n01711_E_L.jpg,0.228906,0.37208,0.0,False,n01711
upper_thames_street/west_to_east/039_n01711_E_R.jpg,0.09404,0.355901,0.0,False,n01711
upper_thames_street/west_to_east/040_n01672_E_L.jpg,0.039029,0.373428,0.0,False,n01672
upper_thames_street/west_to_east/040_n01672_E_R.jpg,0.078182,0.398888,0.0,False,n01672
upper_thames_street/west_to_east/041_n01707_E_L.jpg,0.112988,0.347195,0.0,False,n01707
upper_thames_street/west_to_east/041_n01707_E_R.jpg,0.182525,0.129612,0.0,False,n01707
upper_thames_street/west_to_east/042_n01708_E_L.jpg,0.197164,0.369265,0.0,False,n01708
upper_thames_street/west_to_east/042_n01708_E_R.jpg,0.094034,0.342663,0.0,False,n01708
upper_thames_street/west_to_east/043_n01704_E_L.jpg,0.151001,0.383245,0.0,False,n01704
upper_thames_street/west_to_east/043_n01704_E_R.jpg,0.256331,0.355061,0.0,False,n01704
upper_thames_street/west_to_east/044_n01705_E_L.jpg,0.194738,0.355802,0.0,False,n01705
upper_thames_street/west_to_east/044_n01705_E_R.jpg,0.081031,0.334652,0.0,False,n01705
upper_thames_street/west_to_east/045_n01667_E_L.jpg,0.000574,0.378611,0.422775,False,n01667
upper_thames_street/west_to_east/045_n01667_E_R.jpg,0.00126,0.169613,0.360515,False,n01667
upper_thames_street/west_to_east/046_n01701_E_L.jpg,0.160013,0.269806,0.0,False,n01701
upper_thames_street/west_to_east/046_n01701_E_R.jpg,0.186631,0.134386,0.0,False,n01701
upper_thames_street/west_to_east/047_n01702_E_L.jpg,0.222488,0.397076,0.0,False,n01702
upper_thames_street/west_to_east/047_n01702_E_R.jpg,0.152191,0.344937,0.0,False,n01702
upper_thames_street/west_to_east/048_n01698_E_L.jpg,0.138237,0.392417,0.0,False,n01698
upper_thames_street/west_to_east/048_n01698_E_R.jpg,0.277749,0.413023,0.0,False,n01698
upper_thames_street/west_to_east/049_n01699_E_L.jpg,0.260007,0.416919,0.0,False,n01699
upper_thames_street/west_to_east/049_n01699_E_R.jpg,0.282941,0.416269,0.0,False,n01699
upper_thames_street/west_to_east/050_n01696_E_L.jpg,0.166009,0.387254,0.0,False,n01696
upper_thames_street/west_to_east/050_n01696_E_R.jpg,0.060372,0.35601,0.0,False,n01696
upper_thames_street/west_to_east/051_n01695_E_L.jpg,0.129296,0.285136,0.0,False,n01695
upper_thames_street/west_to_east/051_n01695_E_R.jpg,0.105901,0.366155,0.0,False,n01695
upper_thames_street/west_to_east/052_n01693_E_L.jpg,0.295488,0.402964,0.0,False,n01693
upper_thames_street/west_to_east/052_n01693_E_R.jpg,0.062859,0.330677,0.0,False,n01693
upper_thames_street/west_to_east/053_n01692_E_L.jpg,0.221925,0.3844,0.0,False,n01692
upper_thames_street/west_to_east/053_n01692_E_R.jpg,0.10118,0.360689,0.0,False,n01692
upper_thames_street/west_to_east/054_n01689_E_L.jpg,0.173548,0.390141,0.0,False,n01689
upper_thames_street/west_to_east/054_n01689_E_R.jpg,0.055611,0.335939,0.0,False,n01689
upper_thames_street/west_to_east/055_n01688_E_L.jpg,0.114417,0.388538,0.0,False,n01688
upper_thames_street/west_to_east/055_n01688_E_R.jpg,0.101717,0.39738,0.0,False,n01688
upper_thames_street/west_to_east/056_n01684_E_L.jpg,0.068954,0.398899,0.0,False,n01684
upper_thames_street/west_to_east/056_n01684_E_R.jpg,0.067596,0.363324,0.0,False,n01684
upper_thames_street/west_to_east/057_n01685_E_L.jpg,0.144501,0.387905,0.0,False,n01685
upper_thames_street/west_to_east/057_n01685_E_R.jpg,0.040058,0.324782,0.0,False,n01685
upper_thames_street/west_to_east/058_n01681_E_L.jpg,0.029466,0.379388,0.0,False,n01681
upper_thames_street/west_to_east/058_n01681_E_R.jpg,0.011336,0.313323,0.0,False,n01681
upper_thames_street/west_to_east/059_n01680_E_L.jpg,0.002303,0.398067,0.0,False,n01680
upper_thames_street/west_to_east/059_n01680_E_R.jpg,0.008024,0.391184,0.0,False,n01680
upper_thames_street/west_to_east/060_n01676_E_L.jpg,0.0,0.343653,0.0,False,n01676
upper_thames_street/west_to_east/060_n01676_E_R.jpg,0.0,0.309197,0.0,False,n01676
upper_thames_street/west_to_east/061_n01675_E_L.jpg,2.1e-05,0.406905,0.0,False,n01675
upper_thames_street/west_to_east/061_n01675_E_R.jpg,0.002876,0.353649,0.0,False,n01675
upper_thames_street/west_to_east/062_n01670_E_L.jpg,0.001663,0.3179,0.373301,False,n01670
upper_thames_street/west_to_east/062_n01670_E_R.jpg,0.002318,0.366399,0.388152,False,n01670
upper_thames_street/west_to_east/063_n01671_E_L.jpg,0.0,0.375878,0.001004,False,n01671
upper_thames_street/west_to_east/063_n01671_E_R.jpg,0.017856,0.306447,0.0,False,n01671
walbrook/north_to_south/001_n01739_S_L.jpg,0.06223,0.309203,0.0,False,n01739
walbrook/north_to_south/001_n01739_S_R.jpg,0.060521,0.213014,0.0,False,n01739
walbrook/north_to_south/002_n01738_S_L.jpg,0.05675,0.282358,0.0,False,n01738
walbrook/north_to_south/002_n01738_S_R.jpg,0.070448,0.290536,0.0,False,n01738
walbrook/north_to_south/003_n01737_W_L.jpg,0.077816,0.204389,0.0,False,n01737
walbrook/north_to_south/003_n01737_W_R.jpg,0.030664,0.005016,0.0,False,n01737
walbrook/north_to_south/004_n01736_S_L.jpg,0.087648,0.11998,0.0,False,n01736
walbrook/north_to_south/004_n01736_S_R.jpg,0.034316,0.123765,0.0,False,n01736
walbrook/north_to_south/005_n01735_S_F.jpg,0.035712,0.181742,0.0,False,n01735
walbrook/north_to_south/006_n01734_S_F.jpg,0.035026,0.052277,0.0,False,n01734
walbrook/north_to_south/007_n01733_S_F.jpg,0.043783,0.000593,0.0,False,n01733
walbrook/north_to_south/008_n01732_S_F.jpg,0.082879,0.003193,0.0,False,n01732
walbrook/north_to_south/009_n01731_S_F.jpg,0.129342,0.014669,0.0,False,n01731
walbrook/north_to_south/010_n01730_S_L.jpg,0.081978,0.40055,0.0,False,n01730
walbrook/north_to_south/010_n01730_S_R.jpg,0.126501,0.365775,0.0,False,n01730
walbrook/south_to_north/001_n01730_N_L.jpg,0.143276,0.366093,0.0,False,n01730
walbrook/south_to_north/001_n01730_N_R.jpg,0.071468,0.344403,0.0,False,n01730
walbrook/south_to_north/002_n01731_N_F.jpg,0.037451,0.086245,0.0,False,n01731
walbrook/south_to_north/003_n01732_N_F.jpg,0.030361,0.166952,0.0,False,n01732
walbrook/south_to_north/004_n01733_N_F.jpg,0.036915,0.0,0.0,False,n01733
walbrook/south_to_north/005_n01734_N_F.jpg,0.070761,0.188069,0.0,False,n01734
walbrook/south_to_north/006_n01735_N_F.jpg,0.110463,0.184607,0.0,False,n01735
walbrook/south_to_north/007_n01736_N_L.jpg,0.135969,0.0,0.0,False,n01736
walbrook/south_to_north/007_n01736_N_R.jpg,0.108098,0.349367,0.0,False,n01736
walbrook/south_to_north/008_n01737_E_L.jpg,0.115044,0.052094,0.0,False,n01737
walbrook/south_to_north/008_n01737_E_R.jpg,0.029498,0.396701,0.0,False,n01737
walbrook/south_to_north/009_n01738_N_L.jpg,0.066105,0.22843,0.0,False,n01738
walbrook/south_to_north/009_n01738_N_R.jpg,0.056937,0.311105,0.0,False,n01738
walbrook/south_to_north/010_n01739_N_L.jpg,0.140565,0.216719,0.0,False,n01739
walbrook/south_to_north/010_n01739_N_R.jpg,0.052026,0.335852,0.0,False,n01739
walbrook_wharf/east_to_west/001_n01740_W_F.jpg,0.271809,0.0,0.0,False,n01740
walbrook_wharf/east_to_west/002_n01741_W_F.jpg,0.160364,6.6e-05,0.171671,False,n01741
walbrook_wharf/east_to_west/003_n01742_W_F.jpg,0.11202,0.0,0.296061,False,n01742
walbrook_wharf/west_to_east/001_n01742_E_F.jpg,0.080988,0.0,0.367751,False,n01742
walbrook_wharf/west_to_east/002_n01741_E_F.jpg,0.067084,0.0,0.301623,False,n01741
walbrook_wharf/west_to_east/003_n01740_E_F.jpg,0.085962,0.000341,0.0,False,n01740
water_lane/north_to_south/001_n01745_S_L.jpg,0.127959,0.212974,0.0,False,n01745
water_lane/north_to_south/001_n01745_S_R.jpg,0.061811,0.241484,0.0,False,n01745
water_lane/north_to_south/002_n01744_S_L.jpg,0.213061,0.337994,0.0,False,n01744
water_lane/north_to_south/002_n01744_S_R.jpg,0.199053,0.174969,0.0,False,n01744
water_lane/north_to_south/003_n01743_S_F.jpg,0.337265,7.3e-05,0.0,False,n01743
water_lane/south_to_north/001_n01743_N_F.jpg,0.072595,0.024929,0.0,False,n01743
water_lane/south_to_north/002_n01744_N_L.jpg,0.077999,0.207493,0.0,False,n01744
water_lane/south_to_north/002_n01744_N_R.jpg,0.047419,0.362335,0.0,False,n01744
water_lane/south_to_north/003_n01745_N_L.jpg,0.06166,0.288681,0.0,False,n01745
water_lane/south_to_north/003_n01745_N_R.jpg,0.011453,0.341021,0.0,False,n01745
watling_court/north_to_south/001_n01748_S_L.jpg,0.025998,0.08128,0.0,False,n01748
watling_court/north_to_south/001_n01748_S_R.jpg,0.007641,0.069412,0.0,False,n01748
watling_court/north_to_south/002_n01747_S_L.jpg,0.0,0.374351,0.0,False,n01747
watling_court/north_to_south/002_n01747_S_R.jpg,0.0,0.295721,0.0,False,n01747
watling_court/north_to_south/003_n01746_S_L.jpg,0.0,0.168586,0.0,False,n01746
watling_court/north_to_south/003_n01746_S_R.jpg,0.0,0.217676,0.0,False,n01746
watling_court/south_to_north/001_n01746_N_L.jpg,0.0,0.313243,0.0,False,n01746
watling_court/south_to_north/001_n01746_N_R.jpg,0.036484,0.369231,0.0,False,n01746
watling_court/south_to_north/002_n01747_N_L.jpg,0.0,0.291971,0.0,False,n01747
watling_court/south_to_north/002_n01747_N_R.jpg,0.00053,0.247187,0.0,False,n01747
watling_court/south_to_north/003_n01748_N_L.jpg,0.0,0.110013,0.0,False,n01748
watling_court/south_to_north/003_n01748_N_R.jpg,0.0,0.116137,0.0,False,n01748
watling_street/east_to_west/001_n01749_W_L.jpg,0.268017,0.250026,0.0,False,n01749
watling_street/east_to_west/001_n01749_W_R.jpg,0.065068,0.128003,0.0,False,n01749
watling_street/east_to_west/002_n01750_W_F.jpg,0.06124,0.024338,0.0,False,n01750
watling_street/east_to_west/003_n01751_W_F.jpg,0.070103,0.136914,0.0,False,n01751
watling_street/east_to_west/004_n01752_W_F.jpg,0.035851,0.205562,0.0,False,n01752
watling_street/east_to_west/005_n01753_W_F.jpg,0.049336,0.271465,0.0,False,n01753
watling_street/east_to_west/006_n01754_W_F.jpg,0.025423,0.125569,0.0,False,n01754
watling_street/east_to_west/007_n01755_W_F.jpg,0.036575,0.129586,0.0,False,n01755
watling_street/east_to_west/008_n01756_W_F.jpg,0.034394,0.167913,0.0,False,n01756
watling_street/east_to_west/009_n01757_W_L.jpg,0.039081,0.111148,0.0,False,n01757
watling_street/east_to_west/009_n01757_W_R.jpg,0.071383,0.106952,0.0,False,n01757
watling_street/east_to_west/010_n01758_W_L.jpg,0.075895,0.17354,0.0,False,n01758
watling_street/east_to_west/010_n01758_W_R.jpg,0.107552,0.229772,0.0,False,n01758
watling_street/east_to_west/011_n01759_W_L.jpg,0.068321,0.172695,0.0,False,n01759
watling_street/east_to_west/011_n01759_W_R.jpg,0.049571,0.075473,0.0,False,n01759
watling_street/east_to_west/012_n01760_W_L.jpg,0.090014,0.20327,0.0,False,n01760
watling_street/east_to_west/012_n01760_W_R.jpg,0.060141,0.252371,0.0,False,n01760
watling_street/east_to_west/013_n01761_W_F.jpg,0.0,0.0,0.0,False,n01761
watling_street/east_to_west/014_n01762_W_F.jpg,0.0,0.0,0.317647,True,n01762
watling_street/west_to_east/001_n01762_E_F.jpg,0.0,0.0,0.132344,True,n01762
watling_street/west_to_east/002_n01761_E_F.jpg,1.3e-05,0.0,0.0,False,n01761
watling_street/west_to_east/003_n01760_E_L.jpg,0.041034,0.215282,0.0,False,n01760
watling_street/west_to_east/003_n01760_E_R.jpg,0.062405,0.225198,0.0,False,n01760
watling_street/west_to_east/004_n01759_E_L.jpg,0.051013,0.084404,0.0,False,n01759
watling_street/west_to_east/004_n01759_E_R.jpg,0.069145,0.194113,0.0,False,n01759
watling_street/west_to_east/005_n01758_E_L.jpg,0.087552,0.304028,0.0,False,n01758
watling_street/west_to_east/005_n01758_E_R.jpg,0.080283,0.223212,0.0,False,n01758
watling_street/west_to_east/006_n01757_E_L.jpg,0.051889,0.156582,0.0,False,n01757
watling_street/west_to_east/006_n01757_E_R.jpg,0.043244,0.085431,0.0,False,n01757
watling_street/west_to_east/007_n01756_E_F.jpg,0.036516,0.105257,0.0,False,n01756
watling_street/west_to_east/008_n01755_E_F.jpg,0.030803,0.191771,0.0,False,n01755
watling_street/west_to_east/009_n01754_E_F.jpg,0.033996,0.096785,0.0,False,n01754
watling_street/west_to_east/010_n01753_E_F.jpg,0.034699,0.213846,0.0,False,n01753
watling_street/west_to_east/011_n01752_E_F.jpg,0.089629,0.154893,0.0,False,n01752
watling_street/west_to_east/012_n01751_E_F.jpg,0.059526,0.285927,0.0,False,n01751
watling_street/west_to_east/013_n01750_E_F.jpg,0.075289,0.024067,0.0,False,n01750
watling_street/west_to_east/014_n01749_E_L.jpg,0.124,0.379943,0.0,False,n01749
watling_street/west_to_east/014_n01749_E_R.jpg,0.145744,0.403263,0.0,False,n01749
well_court/east_to_west/001_n01764_W_L.jpg,0.126888,0.241531,0.0,False,n01764
well_court/east_to_west/001_n01764_W_R.jpg,0.008502,0.049181,0.0,False,n01764
well_court/east_to_west/002_n01763_W_L.jpg,0.013493,0.341814,0.0,False,n01763
well_court/east_to_west/002_n01763_W_R.jpg,0.0,0.138893,0.0,False,n01763
well_court/west_to_east/001_n01763_E_L.jpg,0.024302,0.132578,0.0,False,n01763
well_court/west_to_east/001_n01763_E_R.jpg,0.055464,0.103523,0.0,False,n01763
well_court/west_to_east/002_n01764_E_L.jpg,0.015147,0.112385,0.0,False,n01764
well_court/west_to_east/002_n01764_E_R.jpg,0.042395,0.151303,0.0,False,n01764
whalebone_court/north_to_south/001_n01766_S_F.jpg,0.002478,0.0,0.0,False,n01766
whalebone_court/north_to_south/002_n01765_S_F.jpg,0.0,0.177612,0.0,False,n01765
whalebone_court/south_to_north/001_n01765_N_F.jpg,0.0,0.0,0.0,False,n01765
whalebone_court/south_to_north/002_n01766_N_F.jpg,0.0,0.0,0.0,False,n01766
whittington_avenue/north_to_south/001_n01770_S_L.jpg,0.038829,0.333146,0.0,False,n01770
whittington_avenue/north_to_south/001_n01770_S_R.jpg,0.316733,0.331815,0.0,False,n01770
whittington_avenue/north_to_south/002_n01769_S_F.jpg,0.013605,0.0,0.0,False,n01769
whittington_avenue/north_to_south/003_n01768_S_F.jpg,0.027769,0.0,0.0,False,n01768
whittington_avenue/north_to_south/004_n01767_S_F.jpg,0.0,0.0,0.055832,True,n01767
whittington_avenue/south_to_north/001_n01767_N_F.jpg,0.0,0.0,0.160566,True,n01767
whittington_avenue/south_to_north/002_n01768_N_F.jpg,0.006978,0.0,0.0,False,n01768
whittington_avenue/south_to_north/003_n01769_N_F.jpg,0.006867,0.0,0.0,False,n01769
whittington_avenue/south_to_north/004_n01770_N_L.jpg,0.020498,0.270145,0.0,False,n01770
whittington_avenue/south_to_north/004_n01770_N_R.jpg,0.067369,0.229623,0.0,False,n01770
wood_street/north_to_south/001_n01786_S_L.jpg,0.050278,0.367425,0.0,False,n01786
wood_street/north_to_south/001_n01786_S_R.jpg,0.024318,0.175847,0.0,False,n01786
wood_street/north_to_south/002_n01785_S_L.jpg,0.005303,0.226661,0.0,False,n01785
wood_street/north_to_south/002_n01785_S_R.jpg,0.058075,0.333726,0.0,False,n01785
wood_street/north_to_south/003_n01781_S_L.jpg,0.028067,0.005368,0.0,False,n01781
wood_street/north_to_south/003_n01781_S_R.jpg,0.072428,0.227578,0.0,False,n01781
wood_street/north_to_south/004_n01791_S_L.jpg,0.040455,0.225173,0.0,False,n01791
wood_street/north_to_south/004_n01791_S_R.jpg,0.028822,0.150427,0.0,False,n01791
wood_street/north_to_south/005_n01782_S_L.jpg,0.0,0.265616,0.0,False,n01782
wood_street/north_to_south/005_n01782_S_R.jpg,0.001685,0.337008,0.0,False,n01782
wood_street/north_to_south/006_n01783_S_L.jpg,0.03921,0.348865,0.0,False,n01783
wood_street/north_to_south/006_n01783_S_R.jpg,0.027584,0.260876,0.0,False,n01783
wood_street/north_to_south/007_n01790_S_L.jpg,0.049106,0.268854,0.0,False,n01790
wood_street/north_to_south/007_n01790_S_R.jpg,0.019193,0.111314,0.0,False,n01790
wood_street/north_to_south/008_n01777_S_L.jpg,0.004047,0.113481,0.0,False,n01777
wood_street/north_to_south/008_n01777_S_R.jpg,0.06138,0.23344,0.0,False,n01777
wood_street/north_to_south/009_n01779_S_L.jpg,0.038255,0.34899,0.0,False,n01779
wood_street/north_to_south/009_n01779_S_R.jpg,0.031875,0.225,0.0,False,n01779
wood_street/north_to_south/010_n01789_S_L.jpg,0.062156,0.177029,0.0,False,n01789
wood_street/north_to_south/010_n01789_S_R.jpg,0.010945,0.070933,0.0,False,n01789
wood_street/north_to_south/011_n01778_S_L.jpg,0.0,0.146828,0.0,False,n01778
wood_street/north_to_south/011_n01778_S_R.jpg,0.0,0.38955,0.0,False,n01778
wood_street/north_to_south/012_n01773_S_L.jpg,0.056986,0.193168,0.0,False,n01773
wood_street/north_to_south/012_n01773_S_R.jpg,0.0,0.189103,0.0,False,n01773
wood_street/north_to_south/013_n01788_S_L.jpg,0.069474,0.212086,0.0,False,n01788
wood_street/north_to_south/013_n01788_S_R.jpg,0.02133,0.096536,0.0,False,n01788
wood_street/north_to_south/014_n01774_S_L.jpg,0.0,0.121562,0.0,False,n01774
wood_street/north_to_south/014_n01774_S_R.jpg,0.0,0.329735,0.0,False,n01774
wood_street/north_to_south/015_n01775_S_L.jpg,0.046872,0.311572,0.0,False,n01775
wood_street/north_to_south/015_n01775_S_R.jpg,0.009009,0.184542,0.0,False,n01775
wood_street/north_to_south/016_n01771_S_L.jpg,0.101427,0.349263,0.0,False,n01771
wood_street/north_to_south/016_n01771_S_R.jpg,0.019042,0.288634,0.0,False,n01771
wood_street/north_to_south/017_n01787_S_L.jpg,0.039774,0.194092,0.0,False,n01787
wood_street/north_to_south/017_n01787_S_R.jpg,0.073013,0.078669,0.0,False,n01787
wood_street/north_to_south/018_n01784_S_L.jpg,0.010353,0.260242,0.0,False,n01784
wood_street/north_to_south/018_n01784_S_R.jpg,0.008008,0.127262,0.0,False,n01784
wood_street/north_to_south/019_n01780_S_L.jpg,0.000785,0.145118,0.0,False,n01780
wood_street/north_to_south/019_n01780_S_R.jpg,0.0,0.161275,0.0,False,n01780
wood_street/north_to_south/020_n01776_S_L.jpg,0.022494,0.159475,0.0,False,n01776
wood_street/north_to_south/020_n01776_S_R.jpg,0.016966,0.031796,0.0,False,n01776
wood_street/north_to_south/021_n01772_S_L.jpg,0.02504,0.323506,0.0,False,n01772
wood_street/north_to_south/021_n01772_S_R.jpg,0.08859,0.337867,0.0,False,n01772
wood_street/south_to_north/001_n01771_N_L.jpg,0.090324,0.407268,0.0,False,n01771
wood_street/south_to_north/001_n01771_N_R.jpg,0.063129,0.311171,0.0,False,n01771
wood_street/south_to_north/002_n01772_N_L.jpg,0.066407,0.333407,0.0,False,n01772
wood_street/south_to_north/002_n01772_N_R.jpg,0.091727,0.343853,0.0,False,n01772
wood_street/south_to_north/003_n01773_N_L.jpg,0.02495,0.393642,0.0,False,n01773
wood_street/south_to_north/003_n01773_N_R.jpg,0.07912,0.272681,0.0,False,n01773
wood_street/south_to_north/004_n01774_N_L.jpg,0.083804,0.39438,0.0,False,n01774
wood_street/south_to_north/004_n01774_N_R.jpg,0.054924,0.088773,0.0,False,n01774
wood_street/south_to_north/005_n01775_N_L.jpg,0.030232,0.186884,0.0,False,n01775
wood_street/south_to_north/005_n01775_N_R.jpg,0.044603,0.346871,0.0,False,n01775
wood_street/south_to_north/006_n01776_N_L.jpg,0.044672,0.226169,0.0,False,n01776
wood_street/south_to_north/006_n01776_N_R.jpg,0.027967,0.15614,0.0,False,n01776
wood_street/south_to_north/007_n01777_N_L.jpg,0.009865,0.155619,0.0,False,n01777
wood_street/south_to_north/007_n01777_N_R.jpg,0.010098,0.198189,0.0,False,n01777
wood_street/south_to_north/008_n01778_N_L.jpg,0.025816,0.374882,0.0,False,n01778
wood_street/south_to_north/008_n01778_N_R.jpg,0.012634,0.21938,0.0,False,n01778
wood_street/south_to_north/009_n01779_N_L.jpg,0.033721,0.183469,0.0,False,n01779
wood_street/south_to_north/009_n01779_N_R.jpg,0.041415,0.372957,0.0,False,n01779
wood_street/south_to_north/010_n01780_N_L.jpg,0.030319,0.129727,0.0,False,n01780
wood_street/south_to_north/010_n01780_N_R.jpg,0.048531,0.238867,0.0,False,n01780
wood_street/south_to_north/011_n01781_N_L.jpg,0.000741,0.243686,0.0,False,n01781
wood_street/south_to_north/011_n01781_N_R.jpg,0.013368,0.06838,0.0,False,n01781
wood_street/south_to_north/012_n01782_N_L.jpg,0.150054,0.361851,0.0,False,n01782
wood_street/south_to_north/012_n01782_N_R.jpg,0.050005,0.217907,0.0,False,n01782
wood_street/south_to_north/013_n01783_N_L.jpg,0.023055,0.256367,0.0,False,n01783
wood_street/south_to_north/013_n01783_N_R.jpg,0.045018,0.351323,0.0,False,n01783
wood_street/south_to_north/014_n01784_N_L.jpg,0.021966,0.128022,0.0,False,n01784
wood_street/south_to_north/014_n01784_N_R.jpg,0.080999,0.189947,0.0,False,n01784
wood_street/south_to_north/015_n01785_N_L.jpg,0.126638,0.313245,0.0,False,n01785
wood_street/south_to_north/015_n01785_N_R.jpg,0.085871,0.245576,0.0,False,n01785
wood_street/south_to_north/016_n01786_N_L.jpg,0.010098,0.176863,0.0,False,n01786
wood_street/south_to_north/016_n01786_N_R.jpg,0.061698,0.362395,0.0,False,n01786
wood_street/south_to_north/017_n01787_N_L.jpg,0.042624,0.197127,0.0,False,n01787
wood_street/south_to_north/017_n01787_N_R.jpg,0.034969,0.174481,0.0,False,n01787
wood_street/south_to_north/018_n01788_N_L.jpg,0.028845,0.129788,0.0,False,n01788
wood_street/south_to_north/018_n01788_N_R.jpg,0.034472,0.258965,0.0,False,n01788
wood_street/south_to_north/019_n01789_N_L.jpg,0.02063,0.077194,0.0,False,n01789
wood_street/south_to_north/019_n01789_N_R.jpg,0.036031,0.16564,0.0,False,n01789
wood_street/south_to_north/020_n01790_N_L.jpg,0.04213,0.11837,0.0,False,n01790
wood_street/south_to_north/020_n01790_N_R.jpg,0.0,0.249541,0.0,False,n01790
wood_street/south_to_north/021_n01791_N_L.jpg,0.0,0.18769,0.0,False,n01791
wood_street/south_to_north/021_n01791_N_R.jpg,0.050973,0.071145,0.0,False,n01791
wormwood_street/east_to_west/001_n01792_W_L.jpg,0.133901,0.420481,0.0,False,n01792
wormwood_street/east_to_west/001_n01792_W_R.jpg,0.100466,0.346716,0.0,False,n01792
wormwood_street/east_to_west/002_n01793_W_L.jpg,0.096148,0.384581,0.0,False,n01793
wormwood_street/east_to_west/002_n01793_W_R.jpg,0.153248,0.359919,0.0,False,n01793
wormwood_street/east_to_west/003_n01794_W_L.jpg,0.101996,0.19782,0.0,False,n01794
wormwood_street/east_to_west/003_n01794_W_R.jpg,0.044635,0.077421,0.0,False,n01794
wormwood_street/east_to_west/004_n01795_W_L.jpg,0.050341,0.115696,0.0,False,n01795
wormwood_street/east_to_west/004_n01795_W_R.jpg,0.142043,0.341609,0.0,False,n01795
wormwood_street/east_to_west/005_n01796_W_L.jpg,0.107953,0.258721,0.0,False,n01796
wormwood_street/east_to_west/005_n01796_W_R.jpg,0.055352,0.317583,0.0,False,n01796
wormwood_street/east_to_west/006_n01797_W_L.jpg,0.055408,0.092583,0.0,False,n01797
wormwood_street/east_to_west/006_n01797_W_R.jpg,0.130888,0.373912,0.0,False,n01797
wormwood_street/east_to_west/007_n01798_W_L.jpg,0.123557,0.271231,0.0,False,n01798
wormwood_street/east_to_west/007_n01798_W_R.jpg,0.061868,0.328494,0.0,False,n01798
wormwood_street/east_to_west/008_n01799_W_L.jpg,0.061494,0.280949,0.0,False,n01799
wormwood_street/east_to_west/008_n01799_W_R.jpg,0.103727,0.353791,0.0,False,n01799
wormwood_street/east_to_west/009_n01800_W_L.jpg,0.132397,0.270529,0.0,False,n01800
wormwood_street/east_to_west/009_n01800_W_R.jpg,0.054744,0.320586,0.0,False,n01800
wormwood_street/east_to_west/010_n01801_W_L.jpg,0.068634,0.27977,0.0,False,n01801
wormwood_street/east_to_west/010_n01801_W_R.jpg,0.066206,0.359377,0.0,False,n01801
wormwood_street/east_to_west/011_n01802_W_L.jpg,0.200044,0.269259,0.0,False,n01802
wormwood_street/east_to_west/011_n01802_W_R.jpg,0.117739,0.316342,0.0,False,n01802
wormwood_street/east_to_west/012_n01803_W_L.jpg,0.099055,0.271052,0.0,False,n01803
wormwood_street/east_to_west/012_n01803_W_R.jpg,0.19081,0.376035,0.0,False,n01803
wormwood_street/east_to_west/013_n01804_W_L.jpg,0.204461,0.282458,0.0,False,n01804
wormwood_street/east_to_west/013_n01804_W_R.jpg,0.18277,0.3372,0.0,False,n01804
wormwood_street/east_to_west/014_n01805_W_L.jpg,0.142772,0.272473,0.0,False,n01805
wormwood_street/east_to_west/014_n01805_W_R.jpg,0.236011,0.181558,0.0,False,n01805
wormwood_street/west_to_east/001_n01804_E_L.jpg,0.001414,0.281619,0.0,False,n01804
wormwood_street/west_to_east/001_n01804_E_R.jpg,0.046453,0.273951,0.0,False,n01804
wormwood_street/west_to_east/002_n01805_E_L.jpg,0.017122,0.139869,0.0,False,n01805
wormwood_street/west_to_east/002_n01805_E_R.jpg,0.019514,0.235567,0.0,False,n01805
wormwood_street/west_to_east/003_n01802_E_L.jpg,0.0,0.310193,0.0,False,n01802
wormwood_street/west_to_east/003_n01802_E_R.jpg,0.01387,0.263436,0.0,False,n01802
wormwood_street/west_to_east/004_n01803_E_L.jpg,0.008938,0.373393,0.0,False,n01803
wormwood_street/west_to_east/004_n01803_E_R.jpg,0.0059,0.281712,0.0,False,n01803
wormwood_street/west_to_east/005_n01801_E_L.jpg,0.096303,0.367472,0.0,False,n01801
wormwood_street/west_to_east/005_n01801_E_R.jpg,0.030567,0.29138,0.0,False,n01801
wormwood_street/west_to_east/006_n01800_E_L.jpg,0.05819,0.320806,0.0,False,n01800
wormwood_street/west_to_east/006_n01800_E_R.jpg,0.041848,0.255636,0.0,False,n01800
wormwood_street/west_to_east/007_n01798_E_L.jpg,0.029262,0.326553,0.0,False,n01798
wormwood_street/west_to_east/007_n01798_E_R.jpg,0.051851,0.255172,0.0,False,n01798
wormwood_street/west_to_east/008_n01799_E_L.jpg,0.151727,0.378433,0.0,False,n01799
wormwood_street/west_to_east/008_n01799_E_R.jpg,0.036574,0.277339,0.0,False,n01799
wormwood_street/west_to_east/009_n01797_E_L.jpg,0.127843,0.380031,0.0,False,n01797
wormwood_street/west_to_east/009_n01797_E_R.jpg,0.046914,0.096745,0.0,False,n01797
wormwood_street/west_to_east/010_n01796_E_L.jpg,0.002341,0.322288,0.0,False,n01796
wormwood_street/west_to_east/010_n01796_E_R.jpg,0.055223,0.333641,0.0,False,n01796
wormwood_street/west_to_east/011_n01795_E_L.jpg,0.065318,0.335476,0.0,False,n01795
wormwood_street/west_to_east/011_n01795_E_R.jpg,0.054698,0.161757,0.0,False,n01795
wormwood_street/west_to_east/012_n01794_E_L.jpg,0.0,0.133915,0.0,False,n01794
wormwood_street/west_to_east/012_n01794_E_R.jpg,0.069076,0.287059,0.0,False,n01794
wormwood_street/west_to_east/013_n01793_E_L.jpg,0.152298,0.368216,0.0,False,n01793
wormwood_street/west_to_east/013_n01793_E_R.jpg,0.063503,0.401933,0.0,False,n01793
wormwood_street/west_to_east/014_n01792_E_L.jpg,0.126067,0.417125,0.0,False,n01792
wormwood_street/west_to_east/014_n01792_E_R.jpg,0.095037,0.401005,0.0,False,n01792
