job_filing_number,work_permit,sequence_number,filing_reason,house_no,street_name,borough,lot,bin,block,c_b_no,work_on_floor,work_type,permittee_s_license_type,applicant_license,applicant_first_name,applicant_last_name,applicant_business_name,applicant_business_address,filing_representative_first_name,filing_representative_last_name,filing_representative_business_name,approved_date,issued_date,expired_date,job_description,estimated_job_costs,owner_business_name,owner_name,permit_status,tracking_number,zip_code,latitude,longitude,community_board,council_district,bbl,census_tract,nta,filing_representative_middle_initial,applicant_middle_name
M01216491-I1,M01216491-I1-FN,2,Renewal Permit Without Changes,383,MADISON AVENUE,MANHATTAN,21,1035404,1282,105,Open Space,Construction Fence,GC,608211,ERIK,OH,"SAFWAY ATLANTIC, LLC",700 COMMERCIAL AVENUE,JEEWAN,ITWARIE,A1 EXPEDITING SERVICE CORP.,2025-05-07T00:00:00.000,2025-09-25T00:00:00.000,2026-09-25T04:00:00.000,"CONSTRUCTION FENCE AS PER DRAWINGS. CONSTRUCTION FENCE SHALL COMPLY WITH CH #33 OF THE NYC BC. NO CHANGE IN USE, OCCUPANCY OR EGRESS UNDER THIS APPLICATION. DOT PERMITS BY OTHERS FOR FENCE INSTALLED ON SIDEWALK/ROADWAY.",10000,"SAFWAY ATLANTIC, LLC",Eric Guhring,Permit Issued,544648024,10017,40.755257,-73.977477,105,4,1012820021,94,Midtown-Times Square,,
M01094903-I1,M01094903-I1-SH,3,Renewal Permit Without Changes,310,EAST   48 STREET,MANHATTAN,44,1038915,1340,106,Open Space,Sidewalk Shed,GC,008573,ANDON,IKSINO,XINOS CONSTRUCTION CORP,110-32A 15TH. AVENUE,GRAZYNA( GRACE),KLIMEK,XINOS CONSTRUCTION CORP.,2024-08-13T00:00:00.000,2026-03-12T00:00:00.000,2026-06-10T04:00:00.000,"proposed installation of a temporary sidewalk shed as per plans submitted. work shall comply with 2022 building codes, chapter 33. no change in use, egress or occupancy.",15000,XINOS CONSTRUCTION CORP.,ANDON IKSINO,Permit Issued,320235011,10017,40.753425,-73.968981,106,4,1013400044,90,East Midtown-Turtle Bay,,
M01381596-I1,M01381596-I1-SC,1,Initial Permit,29,WEST   35 STREET,MANHATTAN,23,1015891,837,105,,Suspended Scaffold,R,006441,MICHAEL,SCERBO,QUALITY BLDG CONSTRUCTION,"33-49 55TH STREET, #3",ROBERT,FAUERBACH,LOMBARDO BUILDING CONSULTANTS,2026-04-17T00:00:00.000,2026-04-17T00:00:00.000,2027-04-17T04:00:00.000,"Application for the installation and use of suspended scaffold as per plans filed herein. No change in egress, use, or occupancy.",0,CARLTON HOUSE,MARTY BURGER,Permit Issued,246355532,10001,40.74961,-73.985267,105,4,1008370023,84,Midtown-Times Square,,
M01072466-I1,M01072466-I1-SH,2,Renewal Permit Without Changes,104,EAST   37 STREET,MANHATTAN,80,1018992,892,106,Sidewalk,Sidewalk Shed,GC,615905,HARPREET,SINGH,KINGS GROUP NY CORP,183-02 LIBERTY AVE,,,,2024-08-21T00:00:00.000,2025-08-12T00:00:00.000,2026-08-12T04:00:00.000,"INSTALLATION OF TEMPORARY HEAVY DUTY SIDEWALK SHED AS PER PLANS. NO CHANGE IN USE, EGRESS OR OCCUPANCY. SIDEWALK SHED SHALL COMPLY WITH CHAPTER #33 OF 2022 THE NYC BUILDING CODE. LIVE LOAD 300PSF.",1,KINGS GROUP NY CORP,HARPREET SINGH,Signed-off,723351772,10016,40.748775,-73.979479,106,4,1008920080,80,Murray Hill-Kips Bay,,
M01072466-S1,M01072466-S1-SF,2,Renewal Permit Without Changes,104,EAST   37 STREET,MANHATTAN,80,1018992,892,106,Open Space,Supported Scaffold,GC,615905,HARPREET,SINGH,KINGS GROUP NY CORP,183-02 LIBERTY AVE,,,,2024-08-27T00:00:00.000,2025-08-12T00:00:00.000,2026-08-12T04:00:00.000,"INSTALLATION OF PIPE SCAFFOLDING. NO CHANGE IN USE, OCCUPANCY OR EGRESS. WORK SHALL COMPLY WITH CHAPTER 33 OF NYCC.",1,KINGS GROUP NY CORP,HARPREET SINGH,Signed-off,306206965,10016,40.748775,-73.979479,106,4,1008920080,80,Murray Hill-Kips Bay,,
M00468177-I1,M00468177-I1-SH,6,Renewal Permit Without Changes,270,PARK AVENUE,MANHATTAN,21,1091010,1283,105,Open Space,Sidewalk Shed,GC,608211,ERIK,OH,"SAFWAY ATLANTIC, LLC",700 COMMERCIAL AVENUE,JEEWAN,ITWARIE,A1 EXPEDITING SERVICE CORP.,2021-02-11T00:00:00.000,2025-09-25T00:00:00.000,2026-09-25T04:00:00.000,"INSTALLATION OF HEAVY DUTY SIDEWALK SHED FOR NB CONSTRUCTION, FILED SEP UNDER APP # 121205604. SIDEWALK SHED SHALL COMPLY WITH CH 33 OF THE NYC BC. NO CHANGE IN USE, OCCUPANCY OR EGRESS UNDER THIS APPLICATION. DOT PERMIT BY OTHERS FOR SHED ON ROADWAY.",65000,SAFWAY ATLANTIC LLC,Eric Guhring,Permit Issued,886434014,10017,40.755641,-73.975109,105,4,1012830021,94,Midtown-Times Square,,
M01139796-I1,M01139796-I1-SF,2,Renewal Permit Without Changes,245,PARK AVENUE,MANHATTAN,1,1036205,1301,105,Facade,Supported Scaffold,GC,608211,ERIK,OH,"SAFWAY ATLANTIC, LLC",700 COMMERCIAL AVENUE,JEEWAN,ITWARIE,A1 EXPEDITING SERVICE CORP.,2024-11-13T00:00:00.000,2025-09-26T00:00:00.000,2026-09-26T04:00:00.000,"TEMPORARY PIPE SCAFFOLD AS PER DRAWINGS. SCAFFOLD SHALL COMPLY WITH CH #33 OF THE NYC BC. NO CHANGE IN USE, OCCUPANCY OR EGRESS UNDER THIS APPLICATION.",5000,"SAFWAY ATLANTIC, LLC",Eric Guhring,Permit Issued,370458372,10017,40.754126,-73.974482,105,4,1013010001,92,East Midtown-Turtle Bay,,
M00658504-I1,M00658504-I1-FN,5,Renewal Permit Without Changes,270,PARK AVENUE,MANHATTAN,21,1091010,1283,105,Open Space,Construction Fence,GC,608211,ERIK,OH,"SAFWAY ATLANTIC, LLC",700 COMMERCIAL AVENUE,JEEWAN,ITWARIE,A1 EXPEDITING SERVICE CORP.,2022-01-07T00:00:00.000,2025-10-08T00:00:00.000,2026-09-30T04:00:00.000,"CONSTRUCTION FENCE AS PER DRAWINGS. CONSTRUCTION FENCE SHALL COMPLY WITH CH #33 OF THE NYC BC. NO CHANGE IN USE, OCCUPANCY OR EGRESS UNDER THIS APPLICATION. DOT PERMITS BY OTHERS FOR FENCE INSTALLED ON SIDEWALK/ROADWAY.",3000,SAFWAY ATLANTIC LLC,Eric Guhring,Permit Issued,143724548,10017,40.755641,-73.975109,105,4,1012830021,94,Midtown-Times Square,,
M01241029-I1,M01241029-I1-SC,1,Initial Permit,236,EAST   36 STREET,MANHATTAN,41,1020194,916,106,,Suspended Scaffold,R,007647,GURDEEP,SINGH,SAFETECH ENTERPRISES CORP,111-11 101ST AVENUE,MEGAN,TROXELL,"Rigging Consultants, Inc.",2025-06-24T00:00:00.000,2025-06-27T00:00:00.000,2026-06-27T04:00:00.000,Suspended Scaffold for Facade Restoration as shown on plans,0,"BLDG MANAGEMENT CO., INC.",,Signed-off,267905247,10016,40.746479,-73.975953,106,4,1009160041,78,Murray Hill-Kips Bay,,
M01229062-I1,M01229062-I1-SF,1,Initial Permit,360,LEXINGTON AVENUE,MANHATTAN,17,1036145,1295,105,"Open Space, Sidewalk",Supported Scaffold,GC,615905,HARPREET,SINGH,KINGS GROUP NY CORP,120-05 ATLANTIC AVENUE STE 2,,,,2025-05-29T00:00:00.000,2025-05-29T00:00:00.000,2026-05-29T04:00:00.000,"installation of heavy duty sidewalk shed and pipe scaffolding. no change in use, occupancy or egress. work shall comply with chapter 33 of nycc.",150000,"59 MAIDEN LANE ASSOCIATES, LLC",Erik Tanner,Signed-off,540683251,10017,40.750298,-73.976894,105,4,1012950017,80,Murray Hill-Kips Bay,,
M00303199-I1,M00303199-I1-SH,7,Renewal Permit with Changes,19,WEST 31 STREET,MANHATTAN,28,1015811,833,105,Sidewalk,Sidewalk Shed,GC,623088,RENE,NUNEZ,ANDAMIO SCAFFOLDING LLC,20 BURLING LANE (BOX 4-1),RAMANI,MARIAPPAN,ROYAL EXPEDITING,2020-01-29T00:00:00.000,2025-09-22T00:00:00.000,2026-04-01T00:00:00.000,"INSTALLATION OF SIDEWALK SHED IN ACCORDANCE WITH NYCC 2014 CHAPTER 33. NO CHANGE IN EGRESS, USE, OR OCCUPANCY.",1000,LIFE HOTEL,FERRAN SANFELIMON,Signed-off,197446878,10001,40.746956,-73.986917,105,3,1008330028,76,Midtown South-Flatiron-Union Square,,
M01236052-I1,M01236052-I1-SH,2,Renewal Permit Without Changes,280,PARK AVENUE,MANHATTAN,33,1035441,1284,105,Open Space,Sidewalk Shed,GC,608211,ERIK,OH,"SAFWAY ATLANTIC, LLC",700 COMMERCIAL AVENUE,JEEWAN,ITWARIE,A1 EXPEDITING SERVICE CORP.,2025-06-16T00:00:00.000,2025-09-26T00:00:00.000,2026-09-26T04:00:00.000,"HEAVY DUTY SIDEWALK SHED DURING NB CONST AT 270 PARK AVE, FILED SEP. SIDEWALK SHED SHALL COMPLY WITH CH #33 OF THE NYC BC. NO CHANGE IN USE, OCCUPANCY OR EGRESS UNDER THIS APPLICATION.",8000,"SAFWAY ATLANTIC, LLC",Eric Guhring,Permit Issued,383843620,10017,40.756023,-73.974831,105,4,1012840033,94,Midtown-Times Square,,
M01089051-I1,M01089051-I1-FN,3,Renewal Permit Without Changes,245,PARK AVENUE,MANHATTAN,1,1036205,1301,105,Open Space,Construction Fence,GC,608211,ERIK,OH,"SAFWAY ATLANTIC, LLC",700 COMMERCIAL AVENUE,JEEWAN,ITWARIE,A1 EXPEDITING SERVICE CORP.,2024-07-31T00:00:00.000,2025-09-26T00:00:00.000,2026-09-26T04:00:00.000,"CONSTRUCTION FENCE AS PER DRAWINGS. CONSTRUCTION FENCE SHALL COMPLY WITH CH #33 OF THE NYC BC. NO CHANGE IN USE, OCCUPANCY OR EGRESS UNDER THIS APPLICATION.",50000,"SAFWAY ATLANTIC, LLC",Eric Guhring,Permit Issued,369824674,10017,40.754126,-73.974482,105,4,1013010001,92,East Midtown-Turtle Bay,,
M00051265-I1,M00051265-I1-SH,10,Renewal Permit Without Changes,15,WEST 44 STREET,MANHATTAN,28,1034225,1260,105,Open Space 001 through 001,Sidewalk Shed,GC,608211,ERIK,OH,"SAFWAY ATLANTIC, LLC",700 COMMERCIAL AVENUE,JEEWAN,ITWARIE,A1 EXPEDITING SERVICE CORP.,2018-06-11T00:00:00.000,2025-09-25T00:00:00.000,2026-09-25T04:00:00.000,"INSTALLATION OF HEAVY DUTY SIDEWALK SHED DURING BUILDING ALTERATION, FILED SEPARATELY. SIDEWALK SHED SHALL COMPLY WITH CHAPTER #33 OF THE NYC BUILDING CODE. NO CHANGE IN USE, OCCUPANCY OR EGRESS UNDER THIS APPLICATION.",14000,SAFWAY ATLANTIC LLC,KEVIN PECK,Permit Issued,886292177,10036,40.755129,-73.98074,105,4,1012600028,96,Midtown-Times Square,,
M01184064-I1,M01184064-I1-SF,2,Renewal Permit Without Changes,450,LEXINGTON AVENUE,MANHATTAN,90,1085671,1280,105,Floor Number(s) 019 through 030,Supported Scaffold,GC,608211,ERIK,OH,"SAFWAY ATLANTIC, LLC",700 COMMERCIAL AVENUE,JEEWAN,ITWARIE,A1 EXPEDITING SERVICE CORP.,2025-02-21T00:00:00.000,2025-09-26T00:00:00.000,2026-09-26T04:00:00.000,"TEMPORARY PIPE SCAFFOLD AS PER DRAWINGS. SCAFFOLD SHALL COMPLY WITH CH #33 OF THE NYC BC. NO CHANGE IN USE, OCCUPANCY OR EGRESS UNDER THIS APPLICATION.",5000,"SAFWAY ATLANTIC, LLC",Eric Guhring,Permit Issued,824095158,10017,40.753014,-73.974919,105,4,1012800090,92,East Midtown-Turtle Bay,,
M01189733-I1,M01189733-I1-FN,2,Renewal Permit Without Changes,600,3 AVENUE,MANHATTAN,45,1019483,895,106,Open Space,Construction Fence,GC,608211,ERIK,OH,"SAFWAY ATLANTIC, LLC",700 COMMERCIAL AVENUE,JEEWAN,ITWARIE,A1 EXPEDITING SERVICE CORP.,2025-03-05T00:00:00.000,2025-09-29T00:00:00.000,2026-09-29T04:00:00.000,"CONSTRUCTION FENCE ENCLOSURE AS PER DRAWINGS. CONSTRUCTION FENCE ENCLOSURE SHALL COMPLY WITH CH #33 OF THE NYC BC. NO CHANGE IN USE, OCCUPANCY OR EGRESS UNDER THIS APPLICATION. DOT PERMITS BY OTHERS FOR FENCE ENCLOSURE INSTALLED ON SIDEWALK/ROADWAY.",1000,"SAFWAY ATLANTIC, LLC",Eric Guhring,Permit Issued,653823304,10016,40.74898,-73.975783,106,4,1008950045,80,Murray Hill-Kips Bay,,
M01279494-I1,M01279494-I1-SF,1,Initial Permit,326,EAST   48 STREET,MANHATTAN,39,1038912,1340,106,Ground Floor,Sidewalk Shed,GC,619106,ZUNAIR,KHALID,ZKW ENTERPRISES INC,"208-48 15TH ROAD, 2ND FLOOR",,,,2026-03-16T00:00:00.000,2026-03-16T00:00:00.000,2027-03-16T04:00:00.000,"INSTALLATION OF 300PSF SIDEWALK SHED AND PIPE SCAFFOLDING AS PER PLANS. ALL EQUIPMENT SHALL COMPLY WITH CH #33 OF THE NYC CODE 2022. NO CHANGE IN USE, OCCUPANCY OR EGRESS UNDER THIS APPLICATION.",9000,ZKW ENTERPRISES INC.,ZUNAIR KHALID,Permit Issued,173575074,10017,40.753304,-73.9687,106,4,1013400039,90,East Midtown-Turtle Bay,,
M01229062-I1,M01229062-I1-SF,1,Initial Permit,360,LEXINGTON AVENUE,MANHATTAN,17,1036145,1295,105,"Open Space, Sidewalk",Sidewalk Shed,GC,615905,HARPREET,SINGH,KINGS GROUP NY CORP,120-05 ATLANTIC AVENUE STE 2,,,,2025-05-29T00:00:00.000,2025-05-29T00:00:00.000,2026-05-29T04:00:00.000,"installation of heavy duty sidewalk shed and pipe scaffolding. no change in use, occupancy or egress. work shall comply with chapter 33 of nycc.",150000,"59 MAIDEN LANE ASSOCIATES, LLC",Erik Tanner,Signed-off,540683251,10017,40.750298,-73.976894,105,4,1012950017,80,Murray Hill-Kips Bay,,
M01091095-I1,M01091095-I1-SH,3,Renewal Permit Without Changes,245,PARK AVENUE,MANHATTAN,1,1036205,1301,105,Open Space,Sidewalk Shed,GC,608211,ERIK,OH,"SAFWAY ATLANTIC, LLC",700 COMMERCIAL AVENUE,JEEWAN,ITWARIE,A1 EXPEDITING SERVICE CORP.,2024-08-08T00:00:00.000,2025-09-30T00:00:00.000,2026-09-30T04:00:00.000,"HEAVY DUTY SIDEWALK SHED DURING EXTERIOR FACADE WORK FILED UNDER APPLICATION # M01006241. SIDEWALK SHED SHALL COMPLY WITH CH #33 OF THE NYC BC. NO CHANGE IN USE, OCCUPANCY OR EGRESS UNDER THIS APPLICATION.",10000,"SAFWAY ATLANTIC, LLC",Eric Guhring,Permit Issued,260625212,10017,40.754126,-73.974482,105,4,1013010001,92,East Midtown-Turtle Bay,,
M01213477-I1,M01213477-I1-SH,1,Initial Permit,19,WEST   44 STREET,MANHATTAN,24,1034224,1260,105,Open Space,Sidewalk Shed,GC,623088,RENE,NUNEZ,ANDAMIO SCAFFOLDING LLC,20 BURLING LANE (BOX 4-1),,,,2025-04-25T00:00:00.000,2025-04-25T00:00:00.000,2026-04-01T04:00:00.000,"INSTALLATION OF TEMPORARY HEAVY DUTY SIDEWALK SHED AS PER PLANS. NO CHANGE IN USE, EGRESS OR OCCUPANCY. SIDEWALK SHED SHALL COMPLY WITH CHAPTER #33 OF 2022 THE NYC BUILDING CODE. LIVE LOAD 300PSF.",1000,CUSHMAN WAKEFIELD,Andrew Lanzetta,Signed-off,641972241,10036,40.755167,-73.98083,105,4,1012600024,96,Midtown-Times Square,,
M01279494-I1,M01279494-I1-SF,1,Initial Permit,326,EAST   48 STREET,MANHATTAN,39,1038912,1340,106,Ground Floor,Supported Scaffold,GC,619106,ZUNAIR,KHALID,ZKW ENTERPRISES INC,"208-48 15TH ROAD, 2ND FLOOR",,,,2026-03-16T00:00:00.000,2026-03-16T00:00:00.000,2027-03-16T04:00:00.000,"INSTALLATION OF 300PSF SIDEWALK SHED AND PIPE SCAFFOLDING AS PER PLANS. ALL EQUIPMENT SHALL COMPLY WITH CH #33 OF THE NYC CODE 2022. NO CHANGE IN USE, OCCUPANCY OR EGRESS UNDER THIS APPLICATION.",9000,ZKW ENTERPRISES INC.,ZUNAIR KHALID,Permit Issued,173575074,10017,40.753304,-73.9687,106,4,1013400039,90,East Midtown-Turtle Bay,,
M01323164-I1,M01323164-I1-SH,1,Initial Permit,335,MADISON AVENUE,MANHATTAN,20,1035360,1278,105,Open Space,Sidewalk Shed,GC,608211,ERIK,OH,"SAFWAY ATLANTIC, LLC",700 COMMERCIAL AVENUE,JEEWAN,ITWARIE,A1 EXPEDITING SERVICE CORP.,2025-11-28T00:00:00.000,2025-12-03T00:00:00.000,2026-09-30T04:00:00.000,"HEAVY DUTY SIDEWALK SHED DURING RENOVATION OF EXISTING EXTERIOR TERRACE, FILED SEPARATELY UNDER APPLICATION #M01127340. SIDEWALK SHED SHALL COMPLY WITH CH #33 OF THE NYC BC. NO CHANGE IN USE, OCCUPANCY OR EGRESS UNDER THIS APPLICATION.",10000,"SAFWAY ATLANTIC, LLC",Eric Guhring,Permit Issued,377437884,10017,40.753196,-73.977817,105,4,1012780020,94,Midtown-Times Square,,
M01262849-I1,M01262849-I1-FN,1,Initial Permit,335,MADISON AVENUE,Manhattan,20,1035360,1278,105,Open Space,Construction Fence,GC,038845,JOHN,KINGSTON,KING HOIST & SCAFFOLDING,337 KIMBALL AVENUE,Dennis,Hickey,N/A,2025-07-29T00:00:00.000,2025-07-29T00:00:00.000,2026-07-29T04:00:00.000,"INSTALLATION OF PLYWOOD ENCLOSURE ON 9TH FLOOR TERRACE AS PER PLANS.  NO CHANGE IN EGRESS, USE, OR OCCUPANCY.",1000,KING HOIST AND SCAFFOLDING INC.,JOHN KINGSTON,Permit Issued,807607183,10017,40.753196,-73.977817,105,4,1012780020,94,Midtown-Times Square,J,
M01095270-I1,M01095270-I1-SC,2,Renewal Permit Without Changes,140,EAST   28 STREET,MANHATTAN,58,1018189,883,106,,Suspended Scaffold,R,007685,NAILA,ALAM,RH EXPERT CORP,80-60 PITKIN AVENUE,,,,2024-10-23T00:00:00.000,2025-05-02T00:00:00.000,2026-05-02T04:00:00.000,OUTRIGGER FOR FACADE REPAIR.,0,"AARCO CONTRACTOR, LLC",,Signed-off,594436966,10016,40.742495,-73.982119,106,2,1008830058,68,Gramercy,,
M00995817-I1,M00995817-I1-SC,2,Renewal Permit Without Changes,145,EAST   48 STREET,Manhattan,7501,1036233,1303,106,,Suspended Scaffold,R,005753,ANDREW,ANAGNOSTIDIS,PNA CONTRACTING CORP,18-40 42ND STREET,,,,2024-01-26T00:00:00.000,2025-08-28T00:00:00.000,2026-08-28T04:00:00.000,"Installation of suspended scaffold for work and/or inspection. Amend , added manufacturer specification. No changes in calculation and drawing.",0,PR,,Permit Issued,579030007,10017,40.75507,-73.972839,106,4,1013037501,92,East Midtown-Turtle Bay,,
M01337270-I1,M01337270-I1-SH,1,Initial Permit,21,WEST   46 STREET,MANHATTAN,24,1034326,1262,105,Ground Floor,Sidewalk Shed,GC,619106,ZUNAIR,KHALID,ZKW ENTERPRISES INC,"208-48 15TH ROAD, 2ND FLOOR",,,,2025-12-22T00:00:00.000,2025-12-22T00:00:00.000,2026-12-22T05:00:00.000,"INSTALLATION OF 300PSF SIDEWALK SHED AS PER PLANS. ALL EQUIPMENT SHALL COMPLY WITH CH #33 OF THE NYC CODE 2022. NO CHANGE IN USE, OCCUPANCY OR EGRESS UNDER THIS APPLICATION.",9000,ZKW ENTERPRISES INC.,ZUNAIR KHALID,Permit Issued,871021174,10036,40.756435,-73.979967,105,4,1012620024,96,Midtown-Times Square,,
M01221260-I1,M01221260-I1-SC,1,Initial Permit,319,EAST   50 STREET,MANHATTAN,7501,1039641,1343,106,,Suspended Scaffold,R,004648,STEVE,KATZ,KAY WATERPROOFING CORP.,211 EAST 123RD STREET,MU/RO/BR/SE,KH/SC/GA/DA,MUNICIPAL BUILDING CONSULTANTS,2025-05-13T00:00:00.000,2025-05-13T00:00:00.000,2026-05-13T04:00:00.000,INSTALLATION OF SUSPENDED SCAFFOLDS FOR FACADE REPAIR AND INSPECTION.,0,,,Signed-off,958613982,10022,40.754621,-73.967891,106,4,1013437501,98,East Midtown-Turtle Bay,,
M01210427-I1,M01210427-I1-SF,1,Initial Permit,708,FIRST AVENUE,MANHATTAN,2,1083654,970,106,Open Space,Supported Scaffold,GC,615108,MARIAN,BOBELEA,STARR INDUSTRIES LLC,379 FIFTH AVENUE 4TH FLOOR,JOLANTA,SLIWINSKI,"EUROCELT EXPEDITING, INC",2025-04-17T00:00:00.000,2025-04-17T00:00:00.000,2026-04-17T04:00:00.000,"TEMPORARY SCAFFOLDING SUPPORT SYSTEM INSTALLATION FOR SCREEN PANELS & LIGHTNING OF ART DISPLAY. NO CHANGE IN USE, EGRESS OR OCCUPANCY. SCAFFOLDING INSTALLED IN ACCORDANCE WITH 2022 NYC BUILDING CODE, CHAPTER 33.",5000,SECOND AVE SOLOW DEV CORP,ANTHONY MORIN,Signed-off,195796806,10017,40.747738,-73.970622,106,4,1009700002,8601,Murray Hill-Kips Bay,,V
M01299297-I1,M01299297-I1-SF,1,Initial Permit,23,EAST   36 STREET,Manhattan,16,1091884,866,105,Open Space,Supported Scaffold,GC,601568,IBRAIM,REDZA,SKYLINE SCAFFOLDING GROUP,740 RAMSEY AVENUE,ALDI,DILO,"Rigid Structural Design, LLC",2025-10-09T00:00:00.000,2025-10-09T00:00:00.000,2026-10-09T04:00:00.000,"Installation of a temporarily supported scaffold per plan submitted. Work shall comply with 2022 building codes chapter 33. No change in use, egress and/or occupancy with this application.",35000,SKYLINE SCAFFOLDING GROUP,IBRAIM REDZA,Permit Issued,509815274,10016,40.749198,-73.982351,105,4,1008660016,82,Midtown-Times Square,,
M01211171-I1,M01211171-I1-SC,1,Initial Permit,210,EAST   39 STREET,MANHATTAN,7501,1090104,919,106,,Suspended Scaffold,R,006465,DANIEL,KATZ,IDEAL ROOFING & SHEET,43-22 10TH STREET,ELY,SEPULVEDA,AE DESIGN SOLUTION INC.,2025-04-28T00:00:00.000,2025-05-06T00:00:00.000,2026-05-06T04:00:00.000,"Installation of suspended scaffold for facade work or inspection. Amend #1, added outrigger detail",0,,,Signed-off,538816219,10016,40.748686,-73.975411,106,4,1009197501,78,Murray Hill-Kips Bay,,A
M01373595-I1,M01373595-I1-SC,1,Initial Permit,230,EAST   48 STREET,MANHATTAN,34,1037992,1321,106,,Suspended Scaffold,R,006310,ANTHONY,BALLATO,KNS BLDG RESTORATION INC,69-44 76TH STREET,HAROLD,SUERO,HS DESIGN STUDIO LLC,2026-03-24T00:00:00.000,2026-03-24T00:00:00.000,2027-01-28T00:00:00.000,INSTALLATION OF TEMPORARY SUSPENDED SCAFFOLD EQUIPMENT (MATERIAL HOIST - COUNTERWEIGHTED SYSTEM).,0,PR,MD2 Property Group,Permit Issued,874084333,10017,40.754218,-73.970865,106,4,1013210034,90,East Midtown-Turtle Bay,,
M01051152-I1,M01051152-I1-SC,2,Renewal Permit Without Changes,14,EAST   33 STREET,MANHATTAN,7502,1017030,862,105,,Suspended Scaffold,R,005925,JANUSZ,GRABINSKI,JEPOL CONSTRUCTION INC,60-80 60 LANE,,,,2024-05-16T00:00:00.000,2025-05-13T00:00:00.000,2026-05-13T04:00:00.000,FISP Repairs,0,ANDREWS BUILDING,,Permit Issued,155709883,10016,40.747428,-73.98425,105,4,1008627502,74,Midtown South-Flatiron-Union Square,,
M01362351-I1,M01362351-I1-SC,2,Renewal Permit Without Changes,415,EAST   37 STREET,MANHATTAN,7501,1076168,969,106,,Suspended Scaffold,R,006581,MOHAMMAD,ASIF,MNR GROUP INC,129-06 18TH AVENUE,ELY,SEPULVEDA,AE DESIGN SOLUTION INC.,2026-03-24T00:00:00.000,2026-04-08T00:00:00.000,2026-12-31T05:00:00.000,Installation of suspended scaffold for facade work or inspection.,0,PR,Jared Kasper,Permit Issued,237819480,10016,40.745564,-73.971822,106,4,1009697501,8601,Murray Hill-Kips Bay,,
M01100514-I1,M01100514-I1-SF,2,Renewal Permit Without Changes,213,EAST   38 STREET,Manhattan,10,1020354,919,106,"Open Space, Sidewalk",Sidewalk Shed,GC,612491,GILBERTO,DEALMEIDA,MC SUPERSTRUCTURE INC,135-53 NORTHERN BLVD #2B,,,,2024-09-25T00:00:00.000,2025-08-28T00:00:00.000,2026-08-28T04:00:00.000,INSTALLATION OF  300 PSF SIDEWALK SHED AND PIPE SCAFFOLDING AS PER PLANS. ALL EQUIPMENT SHALL COMPLY WITH CHAPTER # 33 OF THE 2022 CODE. NO CHANGE IN USE OCCUPANCY OR EGRESS UNDER THIS APPLICATION.,5000,MC SUPERSTRUCTURE INC.,GILBERTO DEALMEIDA,Permit Issued,801485430,10016,40.748008,-73.9757,106,4,1009190010,78,Murray Hill-Kips Bay,,
M01360302-I1,M01360302-I1-SC,1,Initial Permit,470,PARK AVENUE SOUTH,Manhattan,44,1080788,861,105,,Suspended Scaffold,R,006214,JUAN,COSTA,JC CONTRACTING MGMT LLC,147 W. 35TH STREET,ELY,SEPULVEDA,AE DESIGN SOLUTION INC.,2026-02-20T00:00:00.000,2026-02-25T00:00:00.000,2026-11-04T05:00:00.000,Installation of suspended scaffold for facade work or inspection.,0,COLLIERS,,Permit Issued,452401009,10016,40.745492,-73.982515,105,4,1008610044,74,Midtown South-Flatiron-Union Square,,J
M07999501-I1,M07999501-I1-FN,4,Renewal Permit Without Changes,333,EAST   38 STREET,Manhattan,7502,1021925,944,106,Open Space,Construction Fence,GC,619466,CHAUNCEY,COLLINS,"PLATFORM SOLUTIONS, INC",332 ADAMS STREET,JOANNA,GRABOWSKA,"EUROCELT EXPEDITING, INC.",2022-09-07T00:00:00.000,2025-07-30T00:00:00.000,2026-07-30T04:00:00.000,"INSTALLATION OF TEMPORARY CONSTRUCTION FENCE AS PER PLANS DURING GENERAL CONSTRUCTION WORK. NO CHANGE IN USE, EGRESS OR OCCUPANCY. CONSTRUCTION FENCE TO COMPLY WITH CHAPTER 33 OF NYC BUILDING CODE OF 2014.",5000,PLATFORM SOLUTIONS INC.,JERRY MCCARTHY,Permit Issued,241433262,10016,40.746767,-73.972752,106,4,1009447502,78,Murray Hill-Kips Bay,,
M01222586-I1,M01222586-I1-FN,1,Initial Permit,24,WEST   40 STREET,MANHATTAN,7502,1016053,841,105,Open Space,Construction Fence,GC,038723,AHMED,SHARIF,EMPAC CONTRACTING CORP,2920 CONEY ISLAND AVENUE,,,,2025-05-20T00:00:00.000,2025-05-21T00:00:00.000,2026-05-21T04:00:00.000,PROPOSED INSTALLATION OF TEMPORARY FENCE AS PER PLANS.  NO CHANGE IN USE OCCUPANCY OR EGRESS UNDER THIS APPLICATION.,10000,EMPAC CONTRACTING CORP,AHMED SHARIF,Permit Issued,438591394,10018,40.752626,-73.982859,105,4,1008417502,84,Midtown-Times Square,,
M01225761-I1,M01225761-I1-SC,1,Initial Permit,41,MADISON AVENUE,MANHATTAN,37,1016749,855,105,,Suspended Scaffold,R,007639,JEAN,CORTEZ NIEVES,STRUCTUAL PRESV SYSTEM,35-21 VERNON BLVD,TYRO,TROXELL,SMEP Design & Consultation LLC,2025-07-22T00:00:00.000,2025-07-23T00:00:00.000,2026-07-01T00:00:00.000,FISP INSPECTION (Facade Inspection Safety Program )INDUSTRIAL ROPE ACCESS TECHNIQUES AND METHODS SEE ATTACHED PLANS Designated Primary Site supervisor: Jesus Decola,0,RUDIN MANAGEMENT CO INC,,Signed-off,672137956,10010,40.742616,-73.986698,105,2,1008550037,56,Midtown South-Flatiron-Union Square,,C
M01362890-S4,M01362890-S4-SF,1,Initial Permit,419,PARK AVENUE SOUTH,MANHATTAN,84,1018236,884,105,Facade,Supported Scaffold,GC,001982,JERIMIAH,HARRINGTON,ROCKLEDGE SCAFFOLD CORP,808 NEPPERHAN AVENUE,JEEWAN,ITWARIE,A1 EXPEDITING SERVICE CORP.,2026-03-24T00:00:00.000,2026-03-24T00:00:00.000,2027-03-24T00:00:00.000,"TEMPORARY SYSTEM SCAFFOLD STAIR TOWER AS PER DRAWINGS. SYSTEM SCAFFOLD STAIR TOWER SHALL COMPLY WITH CH #33 OF THE NYC BC. NO CHANGE IN USE, OCCUPANCY OR EGRESS UNDER THIS APPLICATION.",3000,Not Applicable,Ofer Stark,Permit Issued,654657396,10016,40.743703,-73.983789,105,2,1008840084,72,Murray Hill-Kips Bay,,
M01032087-I1,M01032087-I1-SH,2,Renewal Permit with Changes,31,EAST   31 STREET,MANHATTAN,27,1016990,861,105,Sidewalk,Sidewalk Shed,GC,620254,PRABHJIT,SINGH,PLATINUM SERVICES NY LLC,53-28 11TH STREET 2ND FL,RAMANI,MARIAPPAN,ROYAL EXPEDITING,2024-04-18T00:00:00.000,2025-04-21T00:00:00.000,2026-04-21T04:00:00.000,"INSTALLATION OF 300PSF SIDEWALK SHED AS PER PLANS. SIDEWALK SHED SHALL COMPLY WITH CHAPTER #33 OF THE NYC BUILDING CODE 2022. NO CHANGE IN USE, OCCUPANCY, OR EGRESS UNDER THIS APPLICATION.",5000,PLATINUM SERVICES NY LLC,PRABHJIT SINGH,Signed-off,976689883,10016,40.74572,-73.983991,105,4,1008610027,74,Midtown South-Flatiron-Union Square,,
M00959868-I1,M00959868-I1-SF,3,Renewal Permit Without Changes,708,FIRST AVENUE,MANHATTAN,2,1083654,970,,Open Space,Supported Scaffold,GC,615108,MARIAN,BOBELEA,STARR INDUSTRIES LLC,379 FIFTH AVENUE 4TH FLOOR,JOLANTA,SLIWINSKI,"EUROCELT EXPEDITING, INC",2023-11-17T00:00:00.000,2025-11-06T00:00:00.000,2026-06-14T04:00:00.000,"INSTALLATION OF TEMPORARY SCAFFOLD STAIR TOWERS (FIELD LOCATED) AS PER PLANS FOR PUBLIC ACCESS AND EMERGENCY USE ONLY. NO CHANGE IN USE, EGRESS OR OCCUPANCY. SCAFFOLD STAIR TOWERS INSTALLED IN ACCORDANCE WITH 2022 NYCBC, CHAPTER 33.",5000,SECOND AVE SOLOW DEV CORP,WILLIAM POTTS,Signed-off,130438478,10017,40.747738,-73.970622,106,4,1009700002,8601,Murray Hill-Kips Bay,,
M01194066-I1,M01194066-I1-SH,2,Renewal Permit Without Changes,171,MADISON AVENUE,Manhattan,27,1017082,863,105,Sidewalk,Sidewalk Shed,GC,027194,MATTHEW,CARUSO,EXTERIOR WALL & BUILDING,72 WHITEHALL STREET,,,,2025-03-18T00:00:00.000,2026-03-12T00:00:00.000,2026-05-22T04:00:00.000,"INSTALLATION OF 300 PSF SIDEWALK SHED AS PER PLANS. ALL EQUIPMENT SHALL COMPLY WITH CHAPTER #33 OF THE 2022 CODE. NO CHANGE IN USE, EGRESS OR OCCUPANCY UNDER THIS APPLICATION.",20000,GFP REAL ESTATE LLC,James Coffey,Signed-off,804680955,10016,40.747194,-73.983362,105,4,1008630027,74,Midtown South-Flatiron-Union Square,,
M01268017-I1,M01268017-I1-SH,1,Initial Permit,309,EAST   43 STREET,MANHATTAN,5,1082093,1336,106,Open Space,Sidewalk Shed,GC,609527,PIOTR,SIWIEC,PHOENIX SUTTON STR INC,128 SUTTON STREET,,,,2025-08-08T00:00:00.000,2025-08-08T00:00:00.000,2026-08-08T04:00:00.000,"INSTALLATION OF TEMPORARY HEAVY DUTY SIDEWALK SHED AS PER PLANS. NO CHANGE IN USE, EGRESS OR OCCUPANCY. SIDEWALK SHED SHALL COMPLY WITH CHAPTER #33 OF 2022 THE NYC BUILDING CODE. LIVE LOAD 300PSF.",1000,PHOENIX SUTTON STR INC,PIOTR SIWIEC,Signed-off,675370926,10017,40.750272,-73.971166,106,4,1013360005,88,Murray Hill-Kips Bay,,
M01278935-I1,M01278935-I1-SC,1,Initial Permit,305,EAST   46 STREET,Manhattan,5,1038897,1339,106,,Suspended Scaffold,R,006214,JUAN,COSTA,JC CONTRACTING MGMT LLC,147 W. 35TH STREET,,,,2025-09-10T00:00:00.000,2025-11-10T00:00:00.000,2026-11-04T05:00:00.000,Installation of suspended scaffolds for facade inspections only,0,NEWMARK KNIGHT FRANK,,Permit Issued,876518897,10017,40.752209,-73.969924,106,4,1013390005,90,East Midtown-Turtle Bay,,J
M01252391-I1,M01252391-I1-SF,1,Initial Permit,445,5 AVENUE,MANHATTAN,7501,1017603,869,105,"Facade, Open Space",Supported Scaffold,GC,603235,CHARLES,TALISSE,CS BRIDGE CORP,1470 BRUCKNER BLVD,,,,2025-07-10T00:00:00.000,2025-07-10T00:00:00.000,2026-04-01T00:00:00.000,"Installation of temporary supported scaffold per plan submitted. Work shall comply with 2022 building codes chapter 33. No change in use, egress and/or occupancy with this application.",1,PR,MARK ODONNELL,Signed-off,560560406,10016,40.751512,-73.981864,105,4,1008697501,82,Midtown-Times Square,,
M00980380-I1,M00980380-I1-SF,4,Renewal Permit Without Changes,314,EAST   41 STREET,MANHATTAN,42,1080449,1333,106,Roof,Supported Scaffold,GC,618716,MICHAEL,BRION,CANIDO BASONAS CONST SVC,314 48TH STREET,MU/RO/BR/SE,KH/SC/GA/DA,MUNICIPAL BUILDING CONSULTANTS,2024-04-15T00:00:00.000,2025-11-03T00:00:00.000,2026-11-03T05:00:00.000,"ERECT, MAINTAIN & DISMANTLE OF SCAFFOLD FOR FACADE REPAIRS PER DRAWINGS ATTACHED HEREWITH.",5000,FIRST SERVICE RESIDENTIAL,DAVID VON HOLLWEG,Permit Issued,391504125,10017,40.748888,-73.97208,106,4,1013330042,88,Murray Hill-Kips Bay,,
M01100514-I1,M01100514-I1-SF,2,Renewal Permit Without Changes,213,EAST   38 STREET,Manhattan,10,1020354,919,106,"Open Space, Sidewalk",Supported Scaffold,GC,612491,GILBERTO,DEALMEIDA,MC SUPERSTRUCTURE INC,135-53 NORTHERN BLVD #2B,,,,2024-09-25T00:00:00.000,2025-08-28T00:00:00.000,2026-08-28T04:00:00.000,INSTALLATION OF  300 PSF SIDEWALK SHED AND PIPE SCAFFOLDING AS PER PLANS. ALL EQUIPMENT SHALL COMPLY WITH CHAPTER # 33 OF THE 2022 CODE. NO CHANGE IN USE OCCUPANCY OR EGRESS UNDER THIS APPLICATION.,5000,MC SUPERSTRUCTURE INC.,GILBERTO DEALMEIDA,Permit Issued,801485430,10016,40.748008,-73.9757,106,4,1009190010,78,Murray Hill-Kips Bay,,
M01217713-I1,M01217713-I1-SF,1,Initial Permit,33,WEST   37 STREET,MANHATTAN,7503,1084661,839,105,Open Space,Supported Scaffold,GC,623088,RENE,NUNEZ,ANDAMIO SCAFFOLDING LLC,20 BURLING LANE (BOX 4-1),ALDI,DILO,"Rigid Structural Design, LLC",2025-05-05T00:00:00.000,2025-05-05T00:00:00.000,2026-04-01T04:00:00.000,"Installation of a temporarily supported scaffold per plan submitted. Work shall comply with 2022 building codes chapter 33. No change in use, egress and/or occupancy with this application.",5000,"MARRIOTT VACATION CLUB PULSE, NEW Y",Orlando Carrasquillo,Signed-off,181595262,10018,40.750864,-73.98439,105,4,1008397503,84,Midtown-Times Square,,
M01099198-I1,M01099198-I1-SH,2,Renewal Permit Without Changes,175,LEXINGTON AVENUE,MANHATTAN,62,1018330,886,106,Open Space,Sidewalk Shed,GC,602114,JOSEPH,CERINA,CEPRINE CONSTRUCTION INC,41-08 BERRIAN BLVD,ALDI,DILO,"Rigid Structural Design, LLC",2024-08-26T00:00:00.000,2025-08-21T00:00:00.000,2026-08-21T04:00:00.000,"Installation of a temporarily heavy-duty sidewalk shed per plan submitted. Work shall comply with 2022 building codes chapter 33. No change in use, egress and/or occupancy with this application.",2500,BEACH LANE MANAGEMENT,MARK SCHARFMAN,Signed-off,686881449,10016,40.744348,-73.981205,106,2,1008860062,72,Murray Hill-Kips Bay,,
M00981215-I1,M00981215-I1-SF,3,Renewal Permit Without Changes,304,EAST   41 STREET,MANHATTAN,42,1080448,1333,106,"Floor Number(s) 13 through 13, Floor Number(s) 15 through 15, Floor Number(s) 11 through 11, Roof, Roof",Supported Scaffold,GC,618716,MICHAEL,BRION,CANIDO BASONAS CONST SVC,314 48TH STREET,MU/RO/BR/SE,KH/SC/GA/DA,MUNICIPAL BUILDING CONSULTANTS,2024-04-10T00:00:00.000,2025-04-22T00:00:00.000,2026-04-22T04:00:00.000,"ERECT, MAINTAIN & DISMANTLE OF SCAFFOLD FOR FACADE REPAIRS PER DRAWINGS ATTACHED HEREWITH",5000,FIRST SERVICE RESIDENTIAL,DAVID VON HOLLWEG,Permit Issued,187768301,10017,40.749017,-73.972383,106,4,1013330042,88,Murray Hill-Kips Bay,,
M01334215-I1,M01334215-I1-SC,1,Initial Permit,245,EAST   35 STREET,MANHATTAN,23,1020185,916,106,,Suspended Scaffold,R,005602,MIGUEL,BRION,CANIDO BASONAS CONST. COR,314 48TH STREET,MU/RO/BR/SE,KH/SC/GA/DA,MUNICIPAL BUILDING CONSULTANTS,2026-02-04T00:00:00.000,2026-02-04T00:00:00.000,2026-12-13T00:00:00.000,INSTALLATION OF OUTRIGGERS FOR FACADE REPAIR AND INSPECTION.,0,"ALEXANDER WOLF & COMPANY, INC.",JOHN WOLF,Permit Issued,165249949,10016,40.745867,-73.976376,106,4,1009160023,78,Murray Hill-Kips Bay,,A
M01210517-I1,M01210517-I1-FN,1,Initial Permit,38,EAST 35 STREET,MANHATTAN,47,1017107,864,106,Open Space,Construction Fence,GC,601568,IBRAIM,REDZA,SKYLINE SCAFFOLDING GROUP,740 RAMSEY AVENUE,ALDI,DILO,"Rigid Structural Design, LLC",2025-09-08T00:00:00.000,2025-09-08T00:00:00.000,2026-09-08T04:00:00.000,"Installation of a temporary construction fence per plan submitted.  Work shall comply with 2022 building codes chapter 33. No change in use, egress and/or occupancy with this application.",4500,SKYLINE SCAFFOLDING GROUP,IBRAIM REDZA,Permit Issued,156185297,10016,40.748248,-73.982056,106,4,1008640047,74,Midtown South-Flatiron-Union Square,,
M00980406-I1,M00980406-I1-SF,3,Renewal Permit Without Changes,324,EAST   41 STREET,MANHATTAN,42,1080450,1333,106,Roof,Supported Scaffold,GC,618716,MICHAEL,BRION,CANIDO BASONAS CONST SVC,314 48TH STREET,MU/RO/BR/SE,KH/SC/GA/DA,MUNICIPAL BUILDING CONSULTANTS,2024-04-15T00:00:00.000,2025-04-22T00:00:00.000,2026-04-22T04:00:00.000,"ERECT, MAINTAIN & DISMANTLE OF SCAFFOLD FOR FACADE REPAIRS PER DRAWINGS ATTACHED HEREWITH.",5000,FIRST SERVICE RESIDENTIAL,DAVID VON HOLLWEG,Permit Issued,964149714,10017,40.748836,-73.971957,106,4,1013330042,88,Murray Hill-Kips Bay,,
M01298285-I1,M01298285-I1-SF,1,Initial Permit,220,EAST   42 STREET,Manhattan,7501,1037546,1315,106,Floor Number(s) 17 through 32,Supported Scaffold,GC,025655,STEVE,MARKU,COLGATE RESTORATION CORP,147 28 ST,,,,2025-10-24T00:00:00.000,2025-10-24T00:00:00.000,2026-10-24T04:00:00.000,SUPPORTED SCAFFOLD -STAIR TOWERS,1,SL Green,Gary Cappellani,Signed-off,861237011,10017,40.750275,-73.973299,106,4,1013157501,88,Murray Hill-Kips Bay,,
M01142844-I1,M01142844-I1-SH,2,Renewal Permit Without Changes,145,EAST   49 STREET,MANHATTAN,26,1036443,1304,106,Sidewalk,Sidewalk Shed,GC,620254,PRABHJIT,SINGH,PLATINUM SERVICES NY LLC,53-28 11TH STREET 2ND FL,,,,2024-11-15T00:00:00.000,2025-11-12T00:00:00.000,2026-09-29T00:00:00.000,"INSTALLATION OF TEMPORARY HEAVY DUTY SIDEWALK SHED AND PIPE SCAFFOLD  AS PER PLANS. NO CHANGE IN USE, EGRESS OR OCCUPANCY.SIDEWALK SHED SHALL COMPLY WITH CHAPTER #33 OF 2022 THE NYC BUILDING CODE.LIVE LOAD 300PSF.",5000,PLATINUM SERVICES NY LLC,PRABHJIT SINGH,Signed-off,671761908,10017,40.75564,-73.97225,106,4,1013040026,100,East Midtown-Turtle Bay,,
M01248761-I1,M01248761-I1-FN,1,Initial Permit,23,EAST 36 STREET,MANHATTAN,16,1091884,866,105,Open Space,Construction Fence,GC,601568,IBRAIM,REDZA,SKYLINE SCAFFOLDING GROUP,740 RAMSEY AVENUE,ALDI,DILO,"Rigid Structural Design, LLC",2025-07-07T00:00:00.000,2025-07-07T00:00:00.000,2026-07-07T04:00:00.000,"Installation of a temporary construction fence per plan submitted. Work shall comply with 2022 building codes chapter 33. No change in use, egress and/or occupancy with this application.",7500,SKYLINE SCAFFOLDING GROUP,IBRAIM REDZA,Permit Issued,260919133,10016,40.749198,-73.982351,105,4,1008660016,82,Midtown-Times Square,,
M01271749-I1,M01271749-I1-SF,1,Initial Permit,123,EAST   37 STREET,Manhattan,17,1019088,893,106,Open Space,Sidewalk Shed,GC,615905,HARPREET,SINGH,KINGS GROUP NY CORP,183-02 LIBERTY AVE,,,,2025-08-15T00:00:00.000,2025-08-15T00:00:00.000,2026-08-15T04:00:00.000,"installation of heavy duty sidewalk shed and pipe scaffolding. no change in use, occupancy or egress. work shall comply with chapter 33 of nycc.",6500,KINGS GROUP NY CORP,HARPREET SINGH,Signed-off,122514571,10016,40.748525,-73.97884,106,4,1008930017,80,Murray Hill-Kips Bay,,
M01114075-I1,M01114075-I1-FN,2,Renewal Permit Without Changes,216,EAST   49 STREET,MANHATTAN,42,1038029,1322,106,Basement/Sub-basement,Construction Fence,GC,604551,LIN,KUMBULLAJ,KIRI CONSTRUCTION CORP,50 BAINTON STREET,,,,2024-09-30T00:00:00.000,2025-11-18T00:00:00.000,2026-05-24T04:00:00.000,Installation of sidewalk fence on East 49th Street. No change to egress use or occupancy.,2500,216 East LLC,Adelina Sinanaj,Permit Issued,351602395,10017,40.754937,-73.97063,106,4,1013220042,90,East Midtown-Turtle Bay,,
M01314892-I1,M01314892-I1-SH,1,Initial Permit,1460,BROADWAY,Manhattan,7504,1022573,994,105,Open Space,Sidewalk Shed,GC,623088,RENE,NUNEZ,ANDAMIO SCAFFOLDING LLC,20 BURLING LANE (BOX 4-1),,,,2025-11-17T00:00:00.000,2025-11-17T00:00:00.000,2026-11-17T05:00:00.000,"INSTALLATION OF TEMPORARY HEAVY DUTY SIDEWALK SHED AS PER PLANS. NO CHANGE IN USE, EGRESS OR OCCUPANCY. SIDEWALK SHED SHALL COMPLY WITH CHAPTER #33 OF 2022 THE NYC BUILDING CODE. LIVE LOAD 300PSF.",1000,1460 LEASEHOLD SWIGHM LLC,1460 Leasehold SwingHM LLC,Permit Issued,817189309,10036,40.754946,-73.986161,105,4,1009947504,113,Midtown-Times Square,,
M01142844-I1,M01142844-I1-SH,2,Renewal Permit Without Changes,145,EAST   49 STREET,MANHATTAN,26,1036443,1304,106,Sidewalk,Supported Scaffold,GC,620254,PRABHJIT,SINGH,PLATINUM SERVICES NY LLC,53-28 11TH STREET 2ND FL,,,,2024-11-15T00:00:00.000,2025-11-12T00:00:00.000,2026-09-29T00:00:00.000,"INSTALLATION OF TEMPORARY HEAVY DUTY SIDEWALK SHED AND PIPE SCAFFOLD  AS PER PLANS. NO CHANGE IN USE, EGRESS OR OCCUPANCY.SIDEWALK SHED SHALL COMPLY WITH CHAPTER #33 OF 2022 THE NYC BUILDING CODE.LIVE LOAD 300PSF.",5000,PLATINUM SERVICES NY LLC,PRABHJIT SINGH,Signed-off,671761908,10017,40.75564,-73.97225,106,4,1013040026,100,East Midtown-Turtle Bay,,
M01005564-I1,M01005564-I1-SH,3,Renewal Permit with Changes,309,EAST   49 STREET,Manhattan,7501,1039489,1342,106,Open Space,Sidewalk Shed,GC,623088,RENE,NUNEZ,ANDAMIO SCAFFOLDING LLC,20 BURLING LANE (BOX 4-1),ALDI,DILO,"Rigid Structural Design, LLC",2024-02-20T00:00:00.000,2026-01-20T00:00:00.000,2027-01-20T05:00:00.000,"INSTALLATION OF TEMPORARY HEAVY DUTY SIDEWALK SHED AS PER PLANS. NO CHANGE IN USE, EGRESS OR OCCUPANCY. SIDEWALK SHED SHALL COMPLY WITH CHAPTER #33 OF 2022 THE NYC BUILDING CODE. LIVE LOAD 300PSF.",1000,"HALSTEAD MANAGEMENT, LLC",ALFRED NICASIO,Permit Issued,162906806,10017,40.754053,-73.968494,106,4,1013427501,98,East Midtown-Turtle Bay,,
M01319110-I1,M01319110-I1-SH,1,Initial Permit,50,EAST   42 STREET,MANHATTAN,51,1035336,1276,105,Open Space,Sidewalk Shed,GC,609527,PIOTR,SIWIEC,PHOENIX SUTTON STR INC,128 SUTTON STREET,,,,2025-11-18T00:00:00.000,2025-11-18T00:00:00.000,2026-11-03T00:00:00.000,"INSTALLATION OF TEMPORARY HEAVY DUTY SIDEWALK SHED AS PER PLANS. NO CHANGE IN USE, EGRESS OR OCCUPANCY. SIDEWALK SHED SHALL COMPLY WITH CHAPTER #33 OF 2022 THE NYC BUILDING CODE. LIVE LOAD 300PSF.",1000,PHOENIX SUTTON STR INC,PIOTR SIWIEC,Permit Issued,607727378,10017,40.752897,-73.979532,105,4,1012760051,82,Midtown-Times Square,,
M01387283-I1,M01387283-I1-SC,1,Initial Permit,60,WEST   37 STREET,MANHATTAN,10,1090374,838,105,,Suspended Scaffold,R,006490,MICHAL,SZTABINSKI,HARBOR RESTORATION SVCS,32-02 GREENPOINT AVENUE,HANSEL,MERCEDES,Synergy Building Consultants,2026-04-24T00:00:00.000,2026-04-27T00:00:00.000,2026-12-13T05:00:00.000,Installation of suspended scaffold for facade inspection/repair.,0,HILTON GARDEN INN FNANCIAL CENTER,,Permit Issued,813392624,10018,40.751114,-73.985025,105,4,1008387502,84,Midtown-Times Square,J,
M01341781-I1,M01341781-I1-SF,1,Initial Permit,38,EAST 35 STREET,MANHATTAN,47,1017107,864,106,Open Space,Supported Scaffold,GC,601568,IBRAIM,REDZA,SKYLINE SCAFFOLDING GROUP,740 RAMSEY AVENUE,ALDI,DILO,"Rigid Structural Design, LLC",2026-01-20T00:00:00.000,2026-01-20T00:00:00.000,2027-01-20T05:00:00.000,"Installation of a temporary supported scaffold per plan submitted. Work shall comply with 2022 building codes chapter 33. No change in use, egress and/or occupancy with this application.",16500,SKYLINE SCAFFOLDING GROUP,IBRAIM REDZA,Permit Issued,162556042,10016,40.748248,-73.982056,106,4,1008640047,74,Midtown South-Flatiron-Union Square,,
M01270099-I1,M01270099-I1-SH,1,Initial Permit,240,EAST   38 STREET,Manhattan,7501,1020338,918,106,Open Space,Sidewalk Shed,GC,601568,IBRAIM,REDZA,SKYLINE SCAFFOLDING GROUP,740 RAMSEY AVENUE,ALDI,DILO,"Rigid Structural Design, LLC",2025-08-15T00:00:00.000,2025-08-15T00:00:00.000,2026-08-15T04:00:00.000,"Installation of a temporarily heavy-duty sidewalk shed per plan submitted. Work shall comply with 2022 building codes chapter 33. No change in use, egress and/or occupancy with this application.",75000,SKYLINE SCAFFOLDING GROUP,IBRAIM REDZA,Permit Issued,109633355,10016,40.747756,-73.975148,106,4,1009187501,78,Murray Hill-Kips Bay,,
M01259285-I1,M01259285-I1-SH,1,Initial Permit,560,FIRST AVENUE,MANHATTAN,7501,1085695,962,106,Sidewalk,Sidewalk Shed,GC,604197,PABLO,PERRONE,PJP INSTALLERS INC,129 OLD TURNPIKE ROAD,,,,2025-07-28T00:00:00.000,2025-07-28T00:00:00.000,2026-07-28T04:00:00.000,"INSTALLATION OF SIDEWALK SHED AS PER PLANS. NO CHANGE IN USE, EGRESS OR OCCUPANCY.",40000,NYU LANGONE MEDICAL CENTER,Richard Cohen,Signed-off,233957558,10016,40.742518,-73.974432,106,4,1009627501,62,Murray Hill-Kips Bay,,
M01271749-I1,M01271749-I1-SH,1,Initial Permit,123,EAST   37 STREET,Manhattan,17,1019088,893,106,Sidewalk,Supported Scaffold,GC,615905,HARPREET,SINGH,KINGS GROUP NY CORP,183-02 LIBERTY AVE,,,,2025-08-15T00:00:00.000,2025-08-15T00:00:00.000,2026-08-15T04:00:00.000,"installation of heavy duty sidewalk shed and pipe scaffolding. no change in use, occupancy or egress. work shall comply with chapter 33 of nycc.",6500,KINGS GROUP NY CORP,HARPREET SINGH,Signed-off,958416352,10016,40.748525,-73.97884,106,4,1008930017,80,Murray Hill-Kips Bay,,
M01113715-I1,M01113715-I1-SH,2,Renewal Permit Without Changes,211,MADISON AVENUE,MANHATTAN,7501,1017135,865,106,Sidewalk,Sidewalk Shed,GC,615905,HARPREET,SINGH,KINGS GROUP NY CORP,183-02 LIBERTY AVE,,,,2024-09-23T00:00:00.000,2025-09-18T00:00:00.000,2026-09-18T04:00:00.000,"installation of heavy duty sidewalk shed. no change in use, occupancy or egress. work shall comply with chapter 33 of nycc.",1,KINGS GROUP NY CORP,HARPREET SINGH,Permit Issued,986485090,10016,40.74883,-73.982171,106,4,1008657501,82,Midtown-Times Square,,
M01378220-I1,M01378220-I1-SF,1,Initial Permit,441,LEXINGTON AVENUE,Manhattan,22,1036174,1299,106,Open Space,Supported Scaffold,GC,620494,ERICA,SIERRA,OPTIMUM BUILDING RESTORAT,98-38 57TH AVE 11C,JOSE,EVANGELISTA,"JME BUILDING CONSULTING, LLC",2026-03-27T00:00:00.000,2026-03-27T00:00:00.000,2026-09-24T04:00:00.000,"INSTALLATION AND USE OF TEMPORARY PIPE SCAFFOLDING EQUIPMENT AS PER PLANS FILED HEREWITH. NO CHANGE TO USE, EGRESS OR OCCUPANCY UNDER THIS APPLICATION.",1000,OPTIMUM BUILDING RESTORATION CORP,ERICA SIERRA,Signed-off,423041874,10017,40.752833,-73.975027,106,4,1012990022,92,East Midtown-Turtle Bay,,M
M01291748-I1,M01291748-I1-SH,1,Initial Permit,1017,6 AVENUE,MANHATTAN,39,1015259,813,105,Open Space,Sidewalk Shed,GC,624312,BIKRAMJIT,GHOTRA,ACE GROUP NY CORP,34 BARCLAY STREET,,,,2025-09-24T00:00:00.000,2025-09-24T00:00:00.000,2026-09-24T00:00:00.000,"INSTALLATION OF 300PSF SIDEWALK SHED AS PER PLANS. SIDEWALK SHED SHALL COMPLY WITH CHAPTER 33 OF NYC CODE 2022. NO CHANGE IN USE, OCCUPANCY OR EGRESS UNDER THIS APPLICATION.",5000,ACE GROUP NY CORP.,BIKRAMJIT GHOTRA,Signed-off,455590498,10018,40.752185,-73.986054,105,4,1008130039,109,Midtown-Times Square,,
M00903414-I1,M00903414-I1-SH,3,Renewal Permit with Changes,105,MADISON AVENUE,Manhattan,64,1016939,859,105,Sidewalk,Sidewalk Shed,GC,620254,MANDIP,KAUR,PLATINUM SERVICES NY LLC,53-28 11TH STREET 2ND FL,RAMANI,MARIAPPAN,ROYAL EXPEDITING,2023-08-29T00:00:00.000,2025-07-21T00:00:00.000,2026-07-21T04:00:00.000,"INSTALLATION OF 300 PSF SIDEWALK SHED AS PER PLANS. SIDEWALK SHALL COMPLY WITH CHAPTER #33 OF THE 2022 CODE. NO CHANGE IN USE, EGRESS OR OCCUPANCY UNDER THIS APPLICATION.",5000,PLATINUM SERVICES NY LLC,MANDIP KAUR,Permit Issued,572714227,10016,40.744889,-73.985041,105,2,1008590064,74,Midtown South-Flatiron-Union Square,,
M01158873-I1,M01158873-I1-SC,2,Renewal Permit with Changes,711,3 AVENUE,Manhattan,1,1037568,1318,106,,Suspended Scaffold,R,007639,JEAN,CORTEZ NIEVES,STRUCTUAL PRESV SYSTEM,35-21 VERNON BLVD,TYRO,TROXELL,SMEP Design & Consultation LLC,2025-01-03T00:00:00.000,2025-07-02T00:00:00.000,2026-07-02T04:00:00.000,FISP INSPECTION (Facade Inspection Safety Program) INDUSTRIAL ROPE ACCESS TECHNIQUES AND METHODS. SEE ATTACHED PLANS. Designated Primary Site supervisor: Jesus Decola,0,SL GREEN REALTY CORP.,,Permit Issued,601266639,10017,40.752155,-73.973425,106,4,1013180001,90,East Midtown-Turtle Bay,,C
M01271749-I1,M01271749-I1-SF,1,Initial Permit,123,EAST   37 STREET,Manhattan,17,1019088,893,106,Open Space,Supported Scaffold,GC,615905,HARPREET,SINGH,KINGS GROUP NY CORP,183-02 LIBERTY AVE,,,,2025-08-15T00:00:00.000,2025-08-15T00:00:00.000,2026-08-15T04:00:00.000,"installation of heavy duty sidewalk shed and pipe scaffolding. no change in use, occupancy or egress. work shall comply with chapter 33 of nycc.",6500,KINGS GROUP NY CORP,HARPREET SINGH,Signed-off,122514571,10016,40.748525,-73.97884,106,4,1008930017,80,Murray Hill-Kips Bay,,
M01153003-I1,M01153003-I1-SH,2,Renewal Permit Without Changes,23,WEST   36 STREET,Manhattan,29,1015928,838,105,Open Space,Sidewalk Shed,GC,623088,RENE,NUNEZ,ANDAMIO SCAFFOLDING LLC,20 BURLING LANE (BOX 4-1),,,,2024-12-12T00:00:00.000,2025-12-16T00:00:00.000,2026-12-16T05:00:00.000,"INSTALLATION OF TEMPORARY HEAVY DUTY SIDEWALK SHED AS PER PLANS. NO CHANGE IN USE, EGRESS OR OCCUPANCY. SIDEWALK SHED SHALL COMPLY WITH CHAPTER #33 OF 2022 THE NYC BUILDING CODE. LIVE LOAD 300PSF.",1000,PR,Joseph Leone,Permit Issued,893717831,10018,40.750222,-73.984784,105,4,1008380029,84,Midtown-Times Square,,
M01229062-I1,M01229062-I1-SH,1,Initial Permit,360,LEXINGTON AVENUE,Manhattan,17,1036145,1295,105,"Open Space, Sidewalk",Supported Scaffold,GC,615905,HARPREET,SINGH,KINGS GROUP NY CORP,120-05 ATLANTIC AVENUE STE 2,,,,2025-05-29T00:00:00.000,2025-05-29T00:00:00.000,2026-05-29T04:00:00.000,"installation of heavy duty sidewalk shed and pipe scaffolding. no change in use, occupancy or egress. work shall comply with chapter 33 of nycc.",150000,"59 MAIDEN LANE ASSOCIATES, LLC",Erik Tanner,Signed-off,392004161,10017,40.750298,-73.976894,105,4,1012950017,80,Murray Hill-Kips Bay,,
M01296726-I1,M01296726-I1-SH,1,Initial Permit,23,EAST   36 STREET,MANHATTAN,16,1091884,866,105,Open Space,Sidewalk Shed,GC,601568,IBRAIM,REDZA,SKYLINE SCAFFOLDING GROUP,740 RAMSEY AVENUE,ALDI,DILO,"Rigid Structural Design, LLC",2025-10-07T00:00:00.000,2025-10-07T00:00:00.000,2026-10-07T04:00:00.000,"Installation of a temporarily heavy-duty sidewalk shed per plan submitted. Work shall comply with 2022 building codes chapter 33. No change in use, egress and/or occupancy with this application.",8000,SKYLINE SCAFFOLDING GROUP,IBRAIM REDZA,Permit Issued,535737701,10016,40.749198,-73.982351,105,4,1008660016,82,Midtown-Times Square,,
M01255883-I1,M01255883-I1-SH,1,Initial Permit,111,WEST   44 STREET,MANHATTAN,23,1022630,997,105,Open Space,Sidewalk Shed,GC,623088,RENE,NUNEZ,ANDAMIO SCAFFOLDING LLC,20 BURLING LANE (BOX 4-1),ALDI,DILO,"Rigid Structural Design, LLC",2025-07-22T00:00:00.000,2025-07-22T00:00:00.000,2026-04-01T00:00:00.000,"Installation of a temporarily heavy-duty sidewalk shed per plan submitted. Work shall comply with 2022 building codes chapter 33. No change in use, egress and/or occupancy with this application.",5000,"THE SHUBERT ORGANIZATION, INC.",KEITH MARSTON,Signed-off,974949264,10036,40.756395,-73.98375,105,4,1009970023,119,Midtown-Times Square,,
M01329599-I1,M01329599-I1-FN,1,Initial Permit,31,WEST   34 STREET,Manhattan,10,1083638,836,105,Open Space,Construction Fence,GC,623088,RENE,NUNEZ,ANDAMIO SCAFFOLDING LLC,20 BURLING LANE (BOX 4-1),,,,2025-12-11T00:00:00.000,2025-12-11T00:00:00.000,2026-12-11T05:00:00.000,"INSTALLATION OF TEMPORARY CONSTRUCTION FENCE AS PER PLANS. NO CHANGE IN USE, OCCUPANCY OR EGRESS.",1000,Zara USA Inc,Dilip Patel,Permit Issued,602848663,10001,40.749256,-73.98648,105,4,1008360010,76,Midtown South-Flatiron-Union Square,,
M01202322-I1,M01202322-I1-SH,1,Initial Permit,229,EAST   28 STREET,MANHATTAN,15,1019895,909,106,Open Space,Sidewalk Shed,GC,623088,RENE,NUNEZ,ANDAMIO SCAFFOLDING LLC,20 BURLING LANE (BOX 4-1),,,,2025-04-03T00:00:00.000,2025-04-03T00:00:00.000,2026-04-01T04:00:00.000,"INSTALLATION OF TEMPORARY HEAVY DUTY SIDEWALK SHED AS PER PLANS. NO CHANGE IN USE, EGRESS OR OCCUPANCY. SIDEWALK SHED SHALL COMPLY WITH CHAPTER #33 OF 2022 THE NYC BUILDING CODE. LIVE LOAD 300PSF.",1000,PR,Antonia Zaimi,Signed-off,435989060,10016,40.741523,-73.979773,106,2,1009090015,66,Murray Hill-Kips Bay,,
M01211595-I1,M01211595-I1-SF,1,Initial Permit,99,PARK AVENUE,MANHATTAN,1,1019460,895,106,"Facade, Open Space, Open Space",Sidewalk Shed,GC,620254,PRABHJIT,SINGH,PLATINUM SERVICES NY LLC,53-28 11TH STREET 2ND FL,,,,2025-04-28T00:00:00.000,2025-05-12T00:00:00.000,2026-05-12T04:00:00.000,"INSTALLATION OF 300PSF SIDEWALK SHED, CONSTRUCTION FENCE AND PIPE SCAFFOLDING AS PER PLANS. ALL EQUIPMENT SHALL COMPLY WITH THE CHAPTER #33 OF THE NYC CODE 2022, NO CHANGES IN EGRESS OR OCCUPANCY.",5000,PLATINUM SERVICES NY LLC,PRABHJIT SINGH,Permit Issued,960825138,10016,40.750122,-73.979114,106,4,1008950001,80,Murray Hill-Kips Bay,,
M01211595-I1,M01211595-I1-FN,1,Initial Permit,99,PARK AVENUE,MANHATTAN,1,1019460,895,106,"Facade, Open Space, Open Space",Sidewalk Shed,GC,620254,PRABHJIT,SINGH,PLATINUM SERVICES NY LLC,53-28 11TH STREET 2ND FL,,,,2025-04-28T00:00:00.000,2025-05-12T00:00:00.000,2026-05-12T04:00:00.000,"INSTALLATION OF 300PSF SIDEWALK SHED, CONSTRUCTION FENCE AND PIPE SCAFFOLDING AS PER PLANS. ALL EQUIPMENT SHALL COMPLY WITH THE CHAPTER #33 OF THE NYC CODE 2022, NO CHANGES IN EGRESS OR OCCUPANCY.",5000,PLATINUM SERVICES NY LLC,PRABHJIT SINGH,Permit Issued,546156747,10016,40.750122,-73.979114,106,4,1008950001,80,Murray Hill-Kips Bay,,
M01006670-I1,M01006670-I1-SH,3,Renewal Permit Without Changes,45,EAST   45 STREET,Manhattan,21,1035393,1281,105,Open Space,Sidewalk Shed,GC,623088,RENE,NUNEZ,ANDAMIO SCAFFOLDING LLC,20 BURLING LANE (BOX 4-1),,,,2024-02-21T00:00:00.000,2026-01-20T00:00:00.000,2027-01-20T05:00:00.000,"INSTALLATION OF TEMPORARY HEAVY DUTY SIDEWALK SHED AS PER EMERGENCY LETTER. NO CHANGE IN USE, EGRESS OR OCCUPANCY. SIDEWALK SHED SHALL COMPLY WITH CHAPTER #33 OF THE NYC BUILDING CODE. LIVE LOAD 300PSF.",1000,THE ROOSEVELT HOTEL (AIMBRIDGE),JACK EHRGOTT,Permit Issued,350810429,10017,40.754678,-73.977734,105,4,1012810021,94,Midtown-Times Square,,
M01211595-I1,M01211595-I1-SH,1,Initial Permit,99,PARK AVENUE,MANHATTAN,1,1019460,895,106,"Facade, Open Space, Open Space",Sidewalk Shed,GC,620254,PRABHJIT,SINGH,PLATINUM SERVICES NY LLC,53-28 11TH STREET 2ND FL,,,,2025-04-28T00:00:00.000,2025-05-12T00:00:00.000,2026-05-12T04:00:00.000,"INSTALLATION OF 300PSF SIDEWALK SHED, CONSTRUCTION FENCE AND PIPE SCAFFOLDING AS PER PLANS. ALL EQUIPMENT SHALL COMPLY WITH THE CHAPTER #33 OF THE NYC CODE 2022, NO CHANGES IN EGRESS OR OCCUPANCY.",5000,PLATINUM SERVICES NY LLC,PRABHJIT SINGH,Permit Issued,761492150,10016,40.750122,-73.979114,106,4,1008950001,80,Murray Hill-Kips Bay,,
M01366536-I1,M01366536-I1-SC,1,Initial Permit,155,EAST   50 STREET,MANHATTAN,33,1036456,1305,106,,Suspended Scaffold,R,006425,JOHN,PAPADA,RALLY RESTORATION CORP,5 PENN PLAZA 19TH FL,ROBERT,FAUERBACH,LOMBARDO BUILDING CONSULTANTS,2026-03-19T00:00:00.000,2026-03-23T00:00:00.000,2027-03-03T05:00:00.000,"Application for the installation and use of suspended scaffold as per plans filed herein. No change in egress, use, or occupancy.",0,SONESTA FIFTY HOTEL,,Permit Issued,597618673,10022,40.755923,-73.970702,106,4,1013050033,100,East Midtown-Turtle Bay,,D
M01096067-I1,M01096067-I1-SH,3,Renewal Permit Without Changes,172,MADISON AVENUE,MANHATTAN,7502,1089701,863,105,Open Space,Sidewalk Shed,GC,028542,PAUL,GROSMAN,POWERS BRIDGING & SCAFFOL,211 COOK STREET,ELY,SEPULVEDA,AE DESIGN SOLUTION INC.,2024-08-26T00:00:00.000,2026-03-16T00:00:00.000,2026-06-14T04:00:00.000,"INSTALLATION OF TEMPORARY SIDEWALK SHED AS PER PLANS. NO CHANGE IN USE, EGRESS OR OCCUPANCY.",1,PR,DANIEL BEKTESHI,Permit Issued,180620319,10016,40.747203,-73.983381,105,4,1008637502,74,Midtown South-Flatiron-Union Square,,
M01228437-I1,M01228437-I1-SC,2,Renewal Permit with Changes,420,LEXINGTON AVENUE,Manhattan,7501,1035385,1280,105,,Suspended Scaffold,R,007639,JEAN,CORTEZ NIEVES,STRUCTUAL PRESV SYSTEM,35-21 VERNON BLVD,TYRO,TROXELL,SMEP Design & Consultation LLC,2025-05-27T00:00:00.000,2025-07-02T00:00:00.000,2026-07-02T04:00:00.000,FISP INSPECTION (Facade Inspection Safety Program). INDUSTRIAL ROPE ACCESS TECHNIQUES AND METHODS. SEE ATTACHED PLANS. Designated Primary Site supervisor: Jesus Decola,0,SL GREEN REALTY CORP,,Permit Issued,114667464,10170,40.752262,-73.975464,105,4,1012807501,92,East Midtown-Turtle Bay,,C
M01267497-I1,M01267497-I1-SH,1,Initial Permit,420,PARK AVENUE SOUTH,MANHATTAN,45,1088542,858,105,Open Space,Sidewalk Shed,GC,623088,RENE,NUNEZ,ANDAMIO SCAFFOLDING LLC,20 BURLING LANE (BOX 4-1),,,,2025-08-13T00:00:00.000,2025-08-13T00:00:00.000,2026-04-01T00:00:00.000,"INSTALLATION OF TEMPORARY HEAVY DUTY SIDEWALK SHED AS PER PLANS. NO CHANGE IN USE, EGRESS OR OCCUPANCY. SIDEWALK SHED SHALL COMPLY WITH CHAPTER #33 OF 2022 THE NYC BUILDING CODE. LIVE LOAD 300PSF.",1000,"RPH Hotels 48th Street Owners, LLC",PETER ATHENSON,Signed-off,877998239,10016,40.744359,-73.98463,105,2,1008580045,74,Midtown South-Flatiron-Union Square,,
M01229062-I1,M01229062-I1-SH,1,Initial Permit,360,LEXINGTON AVENUE,Manhattan,17,1036145,1295,105,"Open Space, Sidewalk",Sidewalk Shed,GC,615905,HARPREET,SINGH,KINGS GROUP NY CORP,120-05 ATLANTIC AVENUE STE 2,,,,2025-05-29T00:00:00.000,2025-05-29T00:00:00.000,2026-05-29T04:00:00.000,"installation of heavy duty sidewalk shed and pipe scaffolding. no change in use, occupancy or egress. work shall comply with chapter 33 of nycc.",150000,"59 MAIDEN LANE ASSOCIATES, LLC",Erik Tanner,Signed-off,392004161,10017,40.750298,-73.976894,105,4,1012950017,80,Murray Hill-Kips Bay,,
M01201911-I1,M01201911-I1-FN,1,Initial Permit,461,5 AVENUE,MANHATTAN,1,1071438,1275,105,Ground Floor,Construction Fence,GC,606537,PREDRAG,BALKOVIC,PEBBLE CRAFT INC,12 EAST 97TH ST. #7 I,RALPH,DESARNO,"DESARNO ASSOCIATES, INC.",2025-04-09T00:00:00.000,2025-04-15T00:00:00.000,2026-04-15T04:00:00.000,Installation of Construction Fence as indicated on plans.,1500,SL GREEN REALTY CORP,Patricia Hoban,Permit Issued,477892321,10017,40.752286,-73.981748,105,4,1012750001,82,Midtown-Times Square,,
M00540244-I1,M00540244-I1-FN,6,Renewal Permit Without Changes,3,PARK AVENUE,Manhattan,7501,1087537,889,105,Open Space,Construction Fence,GC,623088,RENE,NUNEZ,ANDAMIO SCAFFOLDING LLC,20 BURLING LANE (BOX 4-1),,,,2021-06-17T00:00:00.000,2025-08-19T00:00:00.000,2026-08-19T04:00:00.000,"INSTALLATION OF TEMPORARY CONSTRUCTION FENCE AS PER PLANS. NO CHANGE IN USE, OCCUPANCY OR EGRESS.",1000,EVEREST SCAFFOLDING INC.,CHRISTOPHER DOWNES,Permit Issued,739454321,10016,40.746744,-73.981576,105,4,1008897501,72,Murray Hill-Kips Bay,,
M01269458-I1,M01269458-I1-SH,1,Initial Permit,157,EAST   32 STREET,Manhattan,7501,1069254,888,106,Open Space,Sidewalk Shed,GC,623088,RENE,NUNEZ,ANDAMIO SCAFFOLDING LLC,20 BURLING LANE (BOX 4-1),,,,2025-08-14T00:00:00.000,2025-08-14T00:00:00.000,2026-08-14T04:00:00.000,"INSTALLATION OF TEMPORARY HEAVY DUTY SIDEWALK SHED AS PER PLANS. NO CHANGE IN USE, EGRESS OR OCCUPANCY. SIDEWALK SHED SHALL COMPLY WITH CHAPTER #33 OF 2022 THE NYC BUILDING CODE. LIVE LOAD 300PSF.",1000,EBMG,Edgar Ortiz,Permit Issued,409092329,10016,40.744872,-73.980054,106,4,1008887501,72,Murray Hill-Kips Bay,,
M01311295-I1,M01311295-I1-SH,1,Initial Permit,30,EAST   33 STREET,MANHATTAN,45,1017020,862,105,Open Space,Sidewalk Shed,GC,620106,KLAUDIA,KWASNIK,LEMX CORP,61-32 56 DRIVE,,,,2025-11-06T00:00:00.000,2025-11-06T00:00:00.000,2026-11-06T05:00:00.000,"INSTALLATION OF TEMPORARY HEAVY DUTY SIDEWALK SHED AS PER PLANS. NO CHANGE IN USE, EGRESS OR OCCUPANCY. SIDEWALK SHED SHALL COMPLY WITH CHAPTER #33 OF 2022 THE NYC BUILDING CODE. LIVE LOAD 300PSF.",1000,LEMX CORP,KLAUDIA KWASNIK,Permit Issued,736329383,10016,40.746983,-73.983193,105,4,1008620045,74,Midtown South-Flatiron-Union Square,,
M01209852-I1,M01209852-I1-SC,2,Renewal Permit with Changes,245,PARK AVENUE,Manhattan,1,1036205,1301,105,,Suspended Scaffold,R,007639,JEAN,CORTEZ NIEVES,STRUCTUAL PRESV SYSTEM,35-21 VERNON BLVD,TYRO,TROXELL,SMEP Design & Consultation LLC,2025-05-15T00:00:00.000,2025-07-02T00:00:00.000,2026-07-02T04:00:00.000,FISP INSPECTION (Facade Inspection Safety Program). INDUSTRIAL ROPE ACCESS TECHNIQUES AND METHODS. SEE ATTACHED PLANS. Designated Primary Site supervisor: Jesus Decola,0,SL GREEN REALTY CORP,,Permit Issued,957390047,10017,40.754126,-73.974482,105,4,1013010001,92,East Midtown-Turtle Bay,,C
M01136391-I1,M01136391-I1-SH,2,Renewal Permit Without Changes,401,PARK AVENUE SOUTH,Manhattan,88,1018203,883,105,Open Space,Sidewalk Shed,GC,623088,RENE,NUNEZ,ANDAMIO SCAFFOLDING LLC,20 BURLING LANE (BOX 4-1),ALDI,DILO,"Rigid Structural Design, LLC",2024-11-06T00:00:00.000,2025-10-31T00:00:00.000,2026-10-31T04:00:00.000,"Installation of a temporarily heavy-duty sidewalk shed per plan submitted. Work shall comply with 2022 building codes chapter 33. No change in use, egress and/or occupancy with this application.",5000,401 PARK AVENUE SOUTH ASSOCIATES LL,401 Park Avenue South Associates LLC,Permit Issued,571099663,10016,40.743042,-73.984269,105,2,1008830088,68,Gramercy,,
M01271749-I1,M01271749-I1-SH,1,Initial Permit,123,EAST   37 STREET,Manhattan,17,1019088,893,106,Sidewalk,Sidewalk Shed,GC,615905,HARPREET,SINGH,KINGS GROUP NY CORP,183-02 LIBERTY AVE,,,,2025-08-15T00:00:00.000,2025-08-15T00:00:00.000,2026-08-15T04:00:00.000,"installation of heavy duty sidewalk shed and pipe scaffolding. no change in use, occupancy or egress. work shall comply with chapter 33 of nycc.",6500,KINGS GROUP NY CORP,HARPREET SINGH,Signed-off,958416352,10016,40.748525,-73.97884,106,4,1008930017,80,Murray Hill-Kips Bay,,
M00963658-I1,M00963658-I1-SF,3,Renewal Permit Without Changes,1466,BROADWAY,Manhattan,7502,1022579,994,,Facade,Supported Scaffold,GC,623088,RENE,NUNEZ,ANDAMIO SCAFFOLDING LLC,20 BURLING LANE (BOX 4-1),,,,2023-12-01T00:00:00.000,2025-11-17T00:00:00.000,2026-11-17T05:00:00.000,"PROPOSED INSTALLATION OF TEMPORARY LIGHT DUTY PIPE SCAFFOLD AS PER PLANS. WORK SHALL COMPLY WITH CHAPTER #33 OF 2022 THE NYC BUILDING CODE. NO CHANGE IN USE, OCCUPANCY, OR EGRESS UNDER THIS APPLICATION.",1000,THE KNICKERBOCKER HOTEL,Craig Amos,Permit Issued,262189001,10036,40.755448,-73.986501,105,4,1009947502,113,Midtown-Times Square,,
M01369130-I1,M01369130-I1-SC,1,Initial Permit,100,UNITED NATIONS PLAZA,Manhattan,7503,1039205,1341,106,,Suspended Scaffold,R,007639,JEAN,CORTEZ NIEVES,STRUCTUAL PRESV SYSTEM,35-21 VERNON BLVD,TYRO,TROXELL,SMEP Design & Consultation LLC,2026-03-25T00:00:00.000,2026-03-26T00:00:00.000,2027-03-26T04:00:00.000,FISP INSPECTION (Facade Inspection Safety Program). INDUSTRIAL ROPE ACCESS TECHNIQUES AND METHODS. SEE ATTACHED PLANS. Designated Primary Site supervisor: Jesus Decola,0,,,Permit Issued,142685871,10017,40.753318,-73.968689,106,4,1013417503,90,East Midtown-Turtle Bay,,C
M01035100-I1,M01035100-I1-SH,3,Renewal Permit Without Changes,220,EAST   42 STREET,Manhattan,7501,1037546,1315,106,Open Space,Sidewalk Shed,GC,607447,WILLIAM,LAFFEY,SPRING SCAFFOLDING LLC,49-30 31ST PLACE,MD TOHFAZ,UDDIN,TOHFAZ UDDIN PE PC,2024-04-15T00:00:00.000,2026-03-02T00:00:00.000,2026-05-31T04:00:00.000,"INSTALLATION OF TEMPORARY CUSTOM COLOROVERHEAD PROTECTION / SIDEWALK SHED AS PER  PLAN. NO CHANGE IN USE, EGRESS, OR OCCUPANCY",1,SPRING SCAFFOLDING LLC,WILLIAM KNIGHT,Permit Issued,374734651,10017,40.750275,-73.973299,106,4,1013157501,88,Murray Hill-Kips Bay,,
M00977672-I1,M00977672-I1-SC,3,Renewal Permit with Changes,711,3 AVENUE,Manhattan,1,1037568,1318,106,,Suspended Scaffold,R,007639,JEAN,CORTEZ NIEVES,STRUCTUAL PRESV SYSTEM,35-21 VERNON BLVD,TYRO,TROXELL,SMEP Design & Consultation LLC,2023-12-15T00:00:00.000,2025-07-02T00:00:00.000,2026-07-02T04:00:00.000,FACADE RESTORATION AND INSPECTION. Designated Primary Site Supervisor: Russel Perrier,0,SL GREEN REALTY CORP.,,Permit Issued,339429506,10017,40.752155,-73.973425,106,4,1013180001,90,East Midtown-Turtle Bay,,
M01152276-I1,M01152276-I1-SH,2,Renewal Permit with Changes,240,MADISON AVENUE,MANHATTAN,18,1017196,867,105,Sidewalk,Sidewalk Shed,GC,620254,PRABHJIT,SINGH,PLATINUM SERVICES NY LLC,53-28 11TH STREET 2ND FL,RAMANI,MARIAPPAN,ROYAL EXPEDITING,2024-12-11T00:00:00.000,2025-11-18T00:00:00.000,2026-09-29T00:00:00.000,"INSTALLATION OF 300 PSF SIDEWALK SHED AS PER PLANS. ALL EQUIPMENT SHALL COMPLY WITH CHAPTER #33 OF THE 2022 CODE. NO CHANGE IN USE, EGRESS OR OCCUPANCY UNDER THIS APPLICATION.",10000,OWNER'S REP,Issac Adler,Permit Issued,510073957,10016,40.75001,-73.981333,105,4,1008670018,82,Midtown-Times Square,,
M00887776-I1,M00887776-I1-FN,2,Renewal Permit Without Changes,445,5 AVENUE,MANHATTAN,7501,1017603,869,105,Open Space,Construction Fence,GC,604361,RANDY,POLUMBO,PLANT CONSTRUCTION LLC,"181 BROADWAY, 5TH FL",JEEWAN,ITWARIE,A1 EXPEDITING SERVICE CORP.,2024-07-17T00:00:00.000,2025-06-17T00:00:00.000,2026-06-17T04:00:00.000,"CONSTRUCTION FENCE AS PER DRAWINGS. CONSTRUCTION FENCE SHALL COMPLY WITH CH #33 OF THE NYC BC. NO CHANGE IN USE, OCCUPANCY OR EGRESS UNDER THIS APPLICATION.",16000,PLANT CONSTRUCTION LLC,RANDY POLUMBO,Permit Issued,575767450,10016,40.751512,-73.981864,105,4,1008697501,82,Midtown-Times Square,,
M01379903-I1,M01379903-I1-FN,1,Initial Permit,750,THIRD AVENUE,Manhattan,33,1036207,1301,106,Sidewalk,Sidewalk Shed,GC,018914,PHILIP,SUSI,ARSENAL SCAFFOLD INC,95 JERSEY STREET,,,,2026-04-21T00:00:00.000,2026-04-21T00:00:00.000,2027-04-01T00:00:00.000,"INSTALLATION OF SIDEWALK SHED AND CONSTRUCTION PLYWOOD FENCE AS PER PLANS. TEMPORARY EQUIPMENT SHALL COMPLY WITH CHAPTER #33 OF THE 2022 CODE. NO CHANGE IN USE, EGRESS OR OCCUPANCY UNDER THIS APPLICATION.",2500,SL Green Realty Corp,Michael Giunta,Permit Issued,221012668,10017,40.753505,-73.972464,106,4,1013010033,92,East Midtown-Turtle Bay,,
M00676912-I1,M00676912-I1-SH,5,Renewal Permit Without Changes,185,MADISON AVENUE,Manhattan,25,1017098,864,106,Open Space,Sidewalk Shed,GC,623088,RENE,NUNEZ,ANDAMIO SCAFFOLDING LLC,20 BURLING LANE (BOX 4-1),,,,2022-02-09T00:00:00.000,2026-01-12T00:00:00.000,2027-01-12T05:00:00.000,"INSTALLATION OF TEMPORARY HEAVY DUTY SIDEWALK SHED AS PER PLANS. NO CHANGE IN USE, EGRESS OR OCCUPANCY. SIDEWALK SHED SHALL COMPLY WITH CHAPTER #33 OF THE NYC BUILDING CODE. LIVE LOAD 300PSF.",1000,ANDAMIO SCAFFOLDING LLC,RENE NUNEZ,Permit Issued,800859175,10016,40.747861,-73.982875,106,4,1008640025,74,Midtown South-Flatiron-Union Square,,
M01217716-I1,M01217716-I1-SF,1,Initial Permit,400,MADISON AVENUE,MANHATTAN,17,1035420,1283,105,Ground Floor,Supported Scaffold,GC,023337,NIKOLAOS,POUBOURIDIS,CLASSIC CONSULTING GROUP,211-04 39TH AVENUE,,,,2025-04-30T00:00:00.000,2025-04-30T00:00:00.000,2026-04-30T04:00:00.000,PROPOSED INSTALLATION OF PIPE SCAFFOLD FOR REMEDIAL REPAIRS AS PER PLANS. NO CHANGE IN USE OCCUPANCY OR EGRESS UNDER THIS APPLICATION.,18000,CLASSIC CONSULTING GROUP,NIKOLAOS POUBOURIDIS,Permit Issued,275233193,10017,40.756265,-73.976766,105,4,1012830017,94,Midtown-Times Square,,
M01237771-I1,M01237771-I1-SF,1,Initial Permit,404,5 AVENUE,Manhattan,48,1015938,838,105,Open Space,Supported Scaffold,GC,625013,LIZA,BERROSPI,GURNOOR CONSTRUCTION CORP,154-12 ROCKAWAY BLVD,HARPREET,SINGH,RIMKUS,2025-06-12T00:00:00.000,2025-06-12T00:00:00.000,2026-06-12T04:00:00.000,"Installation of pipe scaffolding. no change in use, occupancy or egress. work shall comply with chapter 33 of nycbc.",5000,GURNOOR CONSTRUCTION CORP,LIZA BERROSPI,Permit Issued,963679512,10018,40.750109,-73.983355,105,4,1008380048,84,Midtown-Times Square,,
M01105493-I1,M01105493-I1-SH,2,Renewal Permit Without Changes,121,EAST   37 STREET,MANHATTAN,15,1019087,893,106,Sidewalk,Sidewalk Shed,GC,615905,HARPREET,SINGH,KINGS GROUP NY CORP,183-02 LIBERTY AVE,,,,2024-09-05T00:00:00.000,2025-08-25T00:00:00.000,2026-08-25T04:00:00.000,"installation of heavy duty sidewalk shed. no change in use, occupancy or egress. work shall comply with chapter 33 of nycc.",1,KINGS GROUP NY CORP,HARPREET SINGH,Permit Issued,407694034,10016,40.748555,-73.978912,106,4,1008930015,80,Murray Hill-Kips Bay,,
M01379903-I1,M01379903-I1-FN,1,Initial Permit,750,THIRD AVENUE,Manhattan,33,1036207,1301,106,Sidewalk,Construction Fence,GC,018914,PHILIP,SUSI,ARSENAL SCAFFOLD INC,95 JERSEY STREET,,,,2026-04-21T00:00:00.000,2026-04-21T00:00:00.000,2027-04-01T00:00:00.000,"INSTALLATION OF SIDEWALK SHED AND CONSTRUCTION PLYWOOD FENCE AS PER PLANS. TEMPORARY EQUIPMENT SHALL COMPLY WITH CHAPTER #33 OF THE 2022 CODE. NO CHANGE IN USE, EGRESS OR OCCUPANCY UNDER THIS APPLICATION.",2500,SL Green Realty Corp,Michael Giunta,Permit Issued,221012668,10017,40.753505,-73.972464,106,4,1013010033,92,East Midtown-Turtle Bay,,
M00984585-I1,M00984585-I1-SC,3,Renewal Permit with Changes,105,MADISON AVENUE,Manhattan,64,1016939,859,105,,Suspended Scaffold,R,007639,JEAN,CORTEZ NIEVES,STRUCTUAL PRESV SYSTEM,35-21 VERNON BLVD,TYRO,TROXELL,SMEP Design & Consultation LLC,2024-01-19T00:00:00.000,2025-07-02T00:00:00.000,2026-07-02T04:00:00.000,"TEMPORARY INSTALLATION OF ADJUSTABLE SUSPENDED SCAFFOLD. NO CHANGE IN USE, EGRESS, OR OCCUPANCY. Designated Primary Site Supervisor: Dariusz Janczak",0,A&R,,Permit Issued,114082960,10016,40.744889,-73.985041,105,2,1008590064,74,Midtown South-Flatiron-Union Square,,
M01211595-I1,M01211595-I1-SF,1,Initial Permit,99,PARK AVENUE,MANHATTAN,1,1019460,895,106,"Facade, Open Space, Open Space",Construction Fence,GC,620254,PRABHJIT,SINGH,PLATINUM SERVICES NY LLC,53-28 11TH STREET 2ND FL,,,,2025-04-28T00:00:00.000,2025-05-12T00:00:00.000,2026-05-12T04:00:00.000,"INSTALLATION OF 300PSF SIDEWALK SHED, CONSTRUCTION FENCE AND PIPE SCAFFOLDING AS PER PLANS. ALL EQUIPMENT SHALL COMPLY WITH THE CHAPTER #33 OF THE NYC CODE 2022, NO CHANGES IN EGRESS OR OCCUPANCY.",5000,PLATINUM SERVICES NY LLC,PRABHJIT SINGH,Permit Issued,960825138,10016,40.750122,-73.979114,106,4,1008950001,80,Murray Hill-Kips Bay,,
M00826865-I1,M00826865-I1-SH,4,Renewal Permit Without Changes,7,WEST   36 STREET,Manhattan,36,1015933,838,105,Sidewalk,Sidewalk Shed,GC,623088,RENE,NUNEZ,ANDAMIO SCAFFOLDING LLC,20 BURLING LANE (BOX 4-1),PHILLIP,COOLEY JR,PREEMPTIVE SOLUTIONS & CONSULTING L,2023-02-10T00:00:00.000,2026-01-12T00:00:00.000,2027-01-12T05:00:00.000,"Installation of sidewalk shed as indicated on the attached drawings. There are no changes in use, egress or occupancy.",1000,ANDAMIO SCAFFOLDING LLC,RENE NUNEZ,Permit Issued,928681113,10018,40.749934,-73.984094,105,4,1008380036,84,Midtown-Times Square,,
M01081288-I1,M01081288-I1-SC,3,Renewal Permit Without Changes,401,EAST   34 STREET,MANHATTAN,1,1022057,966,106,,Suspended Scaffold,R,006334,WILLIAM,MURPHY,MANHATTAN CONTRACTING COR,122 WEST 27TH STREET -12TH FL,,,,2024-07-29T00:00:00.000,2025-09-18T00:00:00.000,2026-04-02T00:00:00.000,"Installation of suspended scaffold for facade work or inspection. Amend #1, added suspended scaffold.",0,"UDR, INC.",,Permit Issued,512508955,10016,40.743948,-73.973378,106,4,1009660001,8601,Murray Hill-Kips Bay,,
M01208247-I1,M01208247-I1-SH,1,Initial Permit,329,EAST   50 STREET,MANHATTAN,113,1039632,1343,106,Sidewalk,Sidewalk Shed,GC,612491,GILBERTO,DEALMEIDA,MC SUPERSTRUCTURE INC,135-53 NORTHERN BLVD #2B,,,,2025-04-18T00:00:00.000,2025-04-18T00:00:00.000,2026-04-18T04:00:00.000,"INSTALLATION OF 300 PSF SIDEWALK SHED AS PER PLANS. ALL EQUIPMENT SHALL COMPLY WITH CHAPTER #33 OF THE 2022 CODE. NO CHANGE IN USE, EGRESS OR OCCUPANCY UNDER THIS APPLICATION.",10000,PR,RONALD EDELSTEIN,Permit Issued,359289722,10022,40.754536,-73.967689,106,4,1013430113,98,East Midtown-Turtle Bay,,
M00963657-I1,M00963657-I1-SH,3,Renewal Permit Without Changes,1466,BROADWAY,Manhattan,7502,1022579,994,,Open Space,Sidewalk Shed,GC,623088,RENE,NUNEZ,ANDAMIO SCAFFOLDING LLC,20 BURLING LANE (BOX 4-1),,,,2023-12-01T00:00:00.000,2025-11-18T00:00:00.000,2026-11-18T05:00:00.000,"INSTALLATION OF TEMPORARY HEAVY DUTY SIDEWALK SHED AS PER PLANS. NO CHANGE IN USE, EGRESS OR OCCUPANCY. SIDEWALK SHED SHALL COMPLY WITH CHAPTER #33 OF 2022 THE NYC BUILDING CODE. LIVE LOAD 300PSF.",1000,THE KNICKERBOCKER HOTEL,SCOTT CASE,Permit Issued,522857275,10036,40.755448,-73.986501,105,4,1009947502,113,Midtown-Times Square,,
M01211595-I1,M01211595-I1-SH,1,Initial Permit,99,PARK AVENUE,MANHATTAN,1,1019460,895,106,"Facade, Open Space, Open Space",Construction Fence,GC,620254,PRABHJIT,SINGH,PLATINUM SERVICES NY LLC,53-28 11TH STREET 2ND FL,,,,2025-04-28T00:00:00.000,2025-05-12T00:00:00.000,2026-05-12T04:00:00.000,"INSTALLATION OF 300PSF SIDEWALK SHED, CONSTRUCTION FENCE AND PIPE SCAFFOLDING AS PER PLANS. ALL EQUIPMENT SHALL COMPLY WITH THE CHAPTER #33 OF THE NYC CODE 2022, NO CHANGES IN EGRESS OR OCCUPANCY.",5000,PLATINUM SERVICES NY LLC,PRABHJIT SINGH,Permit Issued,761492150,10016,40.750122,-73.979114,106,4,1008950001,80,Murray Hill-Kips Bay,,
M01377417-I1,M01377417-I1-FN,1,Initial Permit,830,3 AVENUE,MANHATTAN,40,1036457,1305,106,Open Space,Construction Fence,GC,001982,JERIMIAH,HARRINGTON,ROCKLEDGE SCAFFOLD CORP,808 NEPPERHAN AVENUE,JEEWAN,ITWARIE,A1 EXPEDITING SERVICE CORP.,2026-03-26T00:00:00.000,2026-03-26T00:00:00.000,2027-03-26T00:00:00.000,"CONSTRUCTION FENCE AS PER DRAWINGS. CONSTRUCTION FENCE SHALL COMPLY WITH CH #33 OF THE NYC BC. NO CHANGE IN USE, OCCUPANCY OR EGRESS UNDER THIS APPLICATION.",3000,NAMDAR REALTY LLC,JOSHUA KASHANIAN,Permit Issued,820403864,10022,40.756118,-73.970565,106,4,1013050040,100,East Midtown-Turtle Bay,,
M01321422-I1,M01321422-I1-SH,1,Initial Permit,31,WEST   34 STREET,Manhattan,10,1083638,836,105,Open Space,Sidewalk Shed,GC,623088,RENE,NUNEZ,ANDAMIO SCAFFOLDING LLC,20 BURLING LANE (BOX 4-1),,,,2025-11-24T00:00:00.000,2025-11-24T00:00:00.000,2026-11-24T05:00:00.000,"INSTALLATION OF TEMPORARY HEAVY DUTY SIDEWALK SHED AS PER PLANS. NO CHANGE IN USE, EGRESS OR OCCUPANCY. SIDEWALK SHED SHALL COMPLY WITH CHAPTER #33 OF 2022 THE NYC BUILDING CODE. LIVE LOAD 300PSF.",1000,Zara USA Inc,Dilip Patel,Permit Issued,833801095,10001,40.749256,-73.98648,105,4,1008360010,76,Midtown South-Flatiron-Union Square,,
M01312693-I1,M01312693-I1-SH,1,Initial Permit,39,EAST   29 STREET,Manhattan,7502,1087770,859,105,Open Space,Sidewalk Shed,GC,623088,RENE,NUNEZ,ANDAMIO SCAFFOLDING LLC,20 BURLING LANE (BOX 4-1),,,,2025-11-06T00:00:00.000,2025-11-06T00:00:00.000,2026-11-06T05:00:00.000,"INSTALLATION OF TEMPORARY HEAVY DUTY SIDEWALK SHED AS PER PLANS. NO CHANGE IN USE, EGRESS OR OCCUPANCY. SIDEWALK SHED SHALL COMPLY WITH CHAPTER #33 OF 2022 THE NYC BUILDING CODE. LIVE LOAD 300PSF.",1000,SEQUOIA PROPERTY MANAGEMENT,Oren Shapiro,Permit Issued,435473017,10016,40.744431,-73.984753,105,2,1008597502,74,Midtown South-Flatiron-Union Square,,
M01127612-I1,M01127612-I1-SH,2,Renewal Permit Without Changes,123,EAST   38 STREET,Manhattan,16,1019132,894,106,Open Space,Sidewalk Shed,GC,623088,RENE,NUNEZ,ANDAMIO SCAFFOLDING LLC,20 BURLING LANE (BOX 4-1),,,,2024-10-23T00:00:00.000,2025-10-15T00:00:00.000,2026-10-15T04:00:00.000,"INSTALLATION OF TEMPORARY HEAVY DUTY SIDEWALK SHED AS PER PLANS. NO CHANGE IN USE, EGRESS OR OCCUPANCY. SIDEWALK SHED SHALL COMPLY WITH CHAPTER #33 OF 2022 THE NYC BUILDING CODE. LIVE LOAD 300PSF.",1000,PATH TO PEACE FOUNDATION,Bruce Kaye,Permit Issued,933248963,10016,40.749093,-73.97827,106,4,1008940016,80,Murray Hill-Kips Bay,,
M01381813-I1,M01381813-I1-SF,1,Initial Permit,67,PARK AVENUE,MANHATTAN,1,1019122,894,106,Open Space,Supported Scaffold,GC,612491,JIMMY,HSU,MC SUPERSTRUCTURE INC,135-53 NORTHERN BLVD #2B,,,,2026-04-07T00:00:00.000,2026-04-07T00:00:00.000,2026-12-09T05:00:00.000,INSTALLATION OF PIPE SCAFFOLDING AND ENGINEERED ENCLOSURE AS PER PLANS. ALL EQUIPMENT SHALL COMPLY WITH CHAPTER # 33 OF THE 2022 CODE. NO CHANGE IN USE OCCUPANCY OR EGRESS UNDER THIS APPLICATION.,10000,PR,Scott Soifer,Permit Issued,599717925,10016,40.749524,-73.97906,106,4,1008940001,80,Murray Hill-Kips Bay,,
M01376494-I1,M01376494-I1-SC,1,Initial Permit,655,3 AVENUE,MANHATTAN,1,1037545,1315,106,,Suspended Scaffold,R,006591,FRANCISCO,SANLES,CENTRAL CONSTRUCTION MGMT,25-04 40TH AVENUE,HAROLD,SUERO,HS DESIGN STUDIO LLC,2026-03-26T00:00:00.000,2026-03-27T00:00:00.000,2027-01-01T00:00:00.000,INSTALLATION OF INDUSTRIAL ROPE ACCESS FOR FACADE INSPECTIONS.,0,THE DURST ORGANIZATION,,Permit Issued,616554250,10017,40.750196,-73.974851,106,4,1013150001,88,Murray Hill-Kips Bay,,
M01105493-S1,M01105493-S1-SF,1,Initial Permit,121,EAST   37 STREET,MANHATTAN,15,1019087,893,106,Open Space,Supported Scaffold,GC,615905,HARPREET,SINGH,KINGS GROUP NY CORP,120-05 ATLANTIC AVENUE STE 2,,,,2025-04-25T00:00:00.000,2025-04-25T00:00:00.000,2026-04-25T04:00:00.000,"installation of pipe scaffolding. no change in use, occupancy or egress. all work shall comply with chapter 33 of nycbc",1,KINGS GROUP NY CORP,HARPREET SINGH,Permit Issued,624708794,10016,40.748555,-73.978912,106,4,1008930015,80,Murray Hill-Kips Bay,,
M00861843-S3,M00861843-S3-FN,1,Initial Permit,23,WEST   35 STREET,MANHATTAN,28,1015894,837,105,Floor Number(s)-1-SO-7582-M00861843-I1,Construction Fence,GC,626701,JUN,LEE,C & L MANAGEMENT USA CORP,36 HEDGE LANE,,,,2026-03-09T00:00:00.000,2026-03-23T00:00:00.000,2027-03-23T04:00:00.000,INSTALL 50 LINEAR FEET TEMP. CONSTRUCTION FENCE,1400,41W35ST LLC,Tony Park,Permit Issued,676919517,10001,40.749544,-73.985109,105,4,1008370028,84,Midtown-Times Square,,H
M00540239-I1,M00540239-I1-SH,6,Renewal Permit Without Changes,3,PARK AVENUE,Manhattan,7501,1087537,889,105,Open Space,Sidewalk Shed,GC,623088,RENE,NUNEZ,ANDAMIO SCAFFOLDING LLC,20 BURLING LANE (BOX 4-1),,,,2021-06-17T00:00:00.000,2025-08-20T00:00:00.000,2026-08-20T04:00:00.000,"INSTALLATION OF TEMPORARY HEAVY DUTY SIDEWALK SHED AS PER PLANS. NO CHANGE IN USE, EGRESS OR OCCUPANCY. SIDEWALK SHED SHALL COMPLY WITH CHAPTER #33 OF THE NYC BUILDING CODE. LIVE LOAD 300 PSF",1000,EVEREST SCAFFOLDING INC.,CHRISTOPHER DOWNES,Permit Issued,620543487,10016,40.746744,-73.981576,105,4,1008897501,72,Murray Hill-Kips Bay,,
M01211595-I1,M01211595-I1-FN,1,Initial Permit,99,PARK AVENUE,MANHATTAN,1,1019460,895,106,"Facade, Open Space, Open Space",Construction Fence,GC,620254,PRABHJIT,SINGH,PLATINUM SERVICES NY LLC,53-28 11TH STREET 2ND FL,,,,2025-04-28T00:00:00.000,2025-05-12T00:00:00.000,2026-05-12T04:00:00.000,"INSTALLATION OF 300PSF SIDEWALK SHED, CONSTRUCTION FENCE AND PIPE SCAFFOLDING AS PER PLANS. ALL EQUIPMENT SHALL COMPLY WITH THE CHAPTER #33 OF THE NYC CODE 2022, NO CHANGES IN EGRESS OR OCCUPANCY.",5000,PLATINUM SERVICES NY LLC,PRABHJIT SINGH,Permit Issued,546156747,10016,40.750122,-73.979114,106,4,1008950001,80,Murray Hill-Kips Bay,,
M01211595-I1,M01211595-I1-SH,1,Initial Permit,99,PARK AVENUE,MANHATTAN,1,1019460,895,106,"Facade, Open Space, Open Space",Supported Scaffold,GC,620254,PRABHJIT,SINGH,PLATINUM SERVICES NY LLC,53-28 11TH STREET 2ND FL,,,,2025-04-28T00:00:00.000,2025-05-12T00:00:00.000,2026-05-12T04:00:00.000,"INSTALLATION OF 300PSF SIDEWALK SHED, CONSTRUCTION FENCE AND PIPE SCAFFOLDING AS PER PLANS. ALL EQUIPMENT SHALL COMPLY WITH THE CHAPTER #33 OF THE NYC CODE 2022, NO CHANGES IN EGRESS OR OCCUPANCY.",5000,PLATINUM SERVICES NY LLC,PRABHJIT SINGH,Permit Issued,761492150,10016,40.750122,-73.979114,106,4,1008950001,80,Murray Hill-Kips Bay,,
M00804734-S1,M00804734-S1-SF,1,Initial Permit,23,WEST   35 STREET,MANHATTAN,28,1015894,837,105,Sidewalk,Supported Scaffold,GC,626701,JUN,LEE,C & L MANAGEMENT USA CORP,36 HEDGE LANE,,,,2026-03-06T00:00:00.000,2026-03-23T00:00:00.000,2027-03-23T04:00:00.000,INSTALL SUPPORTED SCAFFOLD ON THE SIDEWALK SHED IN THE FRONT,30000,41W35ST LLC,Tony Park,Permit Issued,278732939,10001,40.749544,-73.985109,105,4,1008370028,84,Midtown-Times Square,,H
M00978117-I1,M00978117-I1-SC,2,Renewal Permit Without Changes,520,2 AVENUE,MANHATTAN,1,1082736,934,,,Suspended Scaffold,R,005894,JULIO,SANTANA,JC SANTANA CONTRACTING CO,160 WEST 231ST STREET,JOSE,EVANGELISTA,HIERARCH-E LLC,2023-12-19T00:00:00.000,2025-12-16T00:00:00.000,2026-12-09T00:00:00.000,RENEWAL OF SR23/0714 ONLY,0,NICHE WATERPROOFING LLC,,Signed-off,425856180,10016,40.741547,-73.978225,106,4,1009340001,66,Murray Hill-Kips Bay,,
M01197607-I1,M01197607-I1-SC,2,Renewal Permit with Changes,245,PARK AVENUE,Manhattan,1,1036205,1301,105,,Suspended Scaffold,R,007639,JEAN,CORTEZ NIEVES,STRUCTUAL PRESV SYSTEM,35-21 VERNON BLVD,TYRO,TROXELL,SMEP Design & Consultation LLC,2025-05-15T00:00:00.000,2025-07-02T00:00:00.000,2026-07-02T04:00:00.000,"TEMPORARY INSTALLATION OF ADJUSTABLE SUSPENDED SCAFFOLD. NO CHANGE IN USE, EGRESS, OR OCCUPANCY. Designated Primary Site Supervisor: Dariusz Janczak",0,SL GREEN REALTY CORP,,Permit Issued,373859725,10017,40.754126,-73.974482,105,4,1013010001,92,East Midtown-Turtle Bay,,C
M01089006-S2,M01089006-S2-SF,3,Renewal Permit Without Changes,219,EAST   42 STREET,MANHATTAN,12,1037551,1316,106,Open Space,Supported Scaffold,GC,032202,JOSE,MOLINA,JEM CONTRACTING CORP,59-43 60TH STREET,Jose,Evangelista,Hierarch-E LLC,2025-06-27T00:00:00.000,2026-03-27T00:00:00.000,2026-12-06T00:00:00.000,Supported Scaffold installation as per plans filed herewith.,1000,JEM CONTRACTING CORP,JOSE MOLINA,Permit Issued,669774222,10017,40.750288,-73.973288,106,4,1013160012,88,Murray Hill-Kips Bay,,
M01246638-I1,M01246638-I1-SH,2,Renewal Permit Without Changes,10,PARK AVENUE,Manhattan,35,1017105,864,106,Sidewalk,Sidewalk Shed,GC,001609,PANAGIOTIS,RIZOS,MILLENIUM RESTORATION COR,36-14 11TH STREET,,,,2025-08-11T00:00:00.000,2026-02-24T00:00:00.000,2026-05-25T04:00:00.000,"Installation of Heavy-Duty Sidewalk Shed. No change in use, occupancy, or egress.",1,"AKAM ASSOCIATES, INC.",Christopher Alker,Permit Issued,421038332,10016,40.747183,-73.981276,106,4,1008640035,74,Midtown South-Flatiron-Union Square,,
M01343883-I1,M01343883-I1-SC,1,Initial Permit,245,PARK AVENUE,Manhattan,1,1036205,1301,105,,Suspended Scaffold,R,007639,JEAN,CORTEZ NIEVES,STRUCTUAL PRESV SYSTEM,35-21 VERNON BLVD,TYRO,TROXELL,SMEP Design & Consultation LLC,2026-02-10T00:00:00.000,2026-02-12T00:00:00.000,2027-02-12T05:00:00.000,"TEMPORARY INSTALLATION OF ADJUSTABLE SUSPENDED SCAFFOLD FOR FACADE INSPECTION & REPAIR. NO CHANGE IN USE, EGRESS, OR OCCUPANCY. Designated Primary Site Supervisor: Dariusz Janczak",0,SL GREEN REALTY CORP,Gianna Pilalis,Permit Issued,761832406,10017,40.754126,-73.974482,105,4,1013010001,92,East Midtown-Turtle Bay,,C
M01199280-I1,M01199280-I1-SC,2,Renewal Permit Without Changes,35,PARK AVENUE,MANHATTAN,3,1018885,891,106,,Suspended Scaffold,R,005602,MIGUEL,BRION,CANIDO BASONAS CONSTR SER,314 48TH STREET,MU/RO/BR/SE,KH/SC/GA/DA,MUNICIPAL BUILDING CONSULTANTS,2025-05-29T00:00:00.000,2026-04-14T00:00:00.000,2026-12-13T00:00:00.000,Installation of outrigger for facade repair & inspection,0,Maxwell kates,Maria Figueroa,Signed-off,301069911,10016,40.747946,-73.980695,106,4,1008910003,80,Murray Hill-Kips Bay,,A
M00942465-I1,M00942465-I1-SF,3,Renewal Permit Without Changes,152,MADISON AVENUE,MANHATTAN,16,1017012,862,,Facade,Supported Scaffold,GC,623088,RENE,NUNEZ,ANDAMIO SCAFFOLDING LLC,20 BURLING LANE (BOX 4-1),,,,2023-10-05T00:00:00.000,2025-09-30T00:00:00.000,2026-07-19T04:00:00.000,"PROPOSED INSTALLATION OF TEMPORARY PIPE SCAFFOLD AS PER PLANS. WORK SHALL COMPLY WITH CHAPTER #33 OF 2022 THE NYC BUILDING CODE. NO CHANGE IN USE, OCCUPANCY, OR EGRESS UNDER THIS APPLICATION.",1000,HESKEL'S WEST 38TH STREET CORP,RAMIN SARRAF,Signed-off,727251609,10016,40.746574,-73.983839,105,4,1008620016,74,Midtown South-Flatiron-Union Square,,
M01289792-I1,M01289792-I1-FN,1,Initial Permit,488,3 AVENUE,MANHATTAN,39,1018502,889,106,Open Space,Construction Fence,GC,622709,GABRIEL,SERAFIN,NEW AMSTERDAM RESTORATION,60-06 55TH DRIVE,ALDI,DILO,"Rigid Structural Design, LLC",2025-09-25T00:00:00.000,2025-10-01T00:00:00.000,2026-10-01T04:00:00.000,"Installation of a temporary construction fence per plan submitted.  Work shall comply with 2022 building codes chapter 33. No change in use, egress and/or occupancy with this application.",2500,MANHATTAN SKYLINE MANAGEMENT CORP,Donald Zucker,Permit Issued,170710389,10016,40.745162,-73.978545,106,4,1008890039,72,Murray Hill-Kips Bay,,
M00964348-I1,M00964348-I1-SH,2,Renewal Permit with Changes,16,EAST   32 STREET,Manhattan,66,1017001,861,,Sidewalk,Sidewalk Shed,GC,620254,MANDIP,KAUR,PLATINUM SERVICES NY LLC,53-28 11TH STREET 2ND FL,RAMANI,MARIAPPAN,ROYAL EXPEDITING,2024-04-10T00:00:00.000,2025-04-08T00:00:00.000,2026-04-08T04:00:00.000,"INSTALLATION OF 300 PSF SIDEWALK SHED AS PER PLANS. SIDEWALK SHED SHALL COMPLY WITH CHAPTER #33 OF THE 2022 CODE. NO CHANGE IN USE, EGRESS OR OCCUPANCY UNDER THIS APPLICATION.",5000,PLATINUM SERVICES NY LLC,MANDIP KAUR,Permit Issued,775604668,10016,40.746786,-73.984651,105,4,1008610066,74,Midtown South-Flatiron-Union Square,,
M01362938-I1,M01362938-I1-SH,1,Initial Permit,415,EAST   37 STREET,Manhattan,7501,1076168,969,106,Ground Floor,Sidewalk Shed,GC,621907,KAMALJIT,SINGH,A & H INSTALLATION INC,1013 CLOSE AVE,,,,2026-02-23T00:00:00.000,2026-02-23T00:00:00.000,2026-05-24T04:00:00.000,"PROPOSED INSTALLATION OF HEAVY DUTY SIDEWALK SHED AS PER PLANS. LIVE LOAD 300 LBS PER SQUARE FEET. SIDEWALK SHED SHALL COMPLY WITH CHAPTER #33 OF THE NYC BUILDING CODE. NO CHANGE IN USE, OCCUPANCY, OR EGRESS UNDER THIS APPLICATION.",8000,A & H INSTALLATION INC,KAMALJIT SINGH,Permit Issued,525914580,10016,40.745564,-73.971822,106,4,1009697501,8601,Murray Hill-Kips Bay,,
M01199280-I1,M01199280-I1-SC,1,Initial Permit,35,PARK AVENUE,MANHATTAN,3,1018885,891,106,,Suspended Scaffold,R,005602,MIGUEL,BRION,CANIDO BASONAS CONSTR SER,314 48TH STREET,MU/RO/BR/SE,KH/SC/GA/DA,MUNICIPAL BUILDING CONSULTANTS,2025-05-29T00:00:00.000,2025-05-30T00:00:00.000,2026-05-30T04:00:00.000,Installation of outrigger for facade repair & inspection,0,Maxwell kates,Maria Figueroa,Signed-off,351855807,10016,40.747946,-73.980695,106,4,1008910003,80,Murray Hill-Kips Bay,,A
M00615765-I1,M00615765-I1-SH,6,Renewal Permit Without Changes,711,3 AVENUE,Manhattan,1,1037568,1318,106,Open Space,Sidewalk Shed,GC,607447,WILLIAM,LAFFEY,SPRING SCAFFOLDING LLC,49-30 31ST PLACE,ELY,SEPULVEDA,AE DESIGN SOLUTION INC.,2021-10-27T00:00:00.000,2026-02-27T00:00:00.000,2026-05-28T04:00:00.000,"INSTALLATION OF TEMPORARY SIDEWALK SHED AS PER PLANS. NO CHANGE IN USE, EGRESS OR OCCUPANCY.",1,SPRING SCAFFOLDING LLC,Gary Cappellani,Permit Issued,565550658,10017,40.752155,-73.973425,106,4,1013180001,90,East Midtown-Turtle Bay,,
M01252272-I1,M01252272-I1-SH,1,Initial Permit,28,WEST   36 STREET,Manhattan,62,1015904,837,105,Open Space,Sidewalk Shed,GC,623088,RENE,NUNEZ,ANDAMIO SCAFFOLDING LLC,20 BURLING LANE (BOX 4-1),,,,2025-07-14T00:00:00.000,2025-08-06T00:00:00.000,2026-08-06T04:00:00.000,"INSTALLATION OF TEMPORARY HEAVY DUTY SIDEWALK SHED AS PER PLANS. NO CHANGE IN USE, EGRESS OR OCCUPANCY. SIDEWALK SHED SHALL COMPLY WITH CHAPTER #33 OF 2022 THE NYC BUILDING CODE. LIVE LOAD 300PSF.",1000,RESOLUTION REAL ESTATE,Laura Ammirati,Permit Issued,638796548,10018,40.750214,-73.984809,105,4,1008370062,84,Midtown-Times Square,,
M00642359-I1,M00642359-I1-SH,5,Renewal Permit Without Changes,142,EAST   31 STREET,Manhattan,56,1018326,886,106,Open Space,Sidewalk Shed,GC,623088,RENE,NUNEZ,ANDAMIO SCAFFOLDING LLC,20 BURLING LANE (BOX 4-1),,,,2021-12-06T00:00:00.000,2026-01-12T00:00:00.000,2027-01-12T05:00:00.000,"INSTALLATION OF TEMPORARY HEAVY DUTY SIDEWALK SHED AS PER PLANS. NO CHANGE IN USE, EGRESS OR OCCUPANCY. SIDEWALK SHED SHALL COMPLY WITH CHAPTER #33 OF THE NYC BUILDING CODE. LIVE LOAD 300 PSF",1000,CHAPMAN CONSULTING LLC,PATRICK MILNER,Permit Issued,958111294,10016,40.744331,-73.980732,106,2,1008860056,72,Murray Hill-Kips Bay,,
M01211595-I1,M01211595-I1-SF,1,Initial Permit,99,PARK AVENUE,MANHATTAN,1,1019460,895,106,"Facade, Open Space, Open Space",Supported Scaffold,GC,620254,PRABHJIT,SINGH,PLATINUM SERVICES NY LLC,53-28 11TH STREET 2ND FL,,,,2025-04-28T00:00:00.000,2025-05-12T00:00:00.000,2026-05-12T04:00:00.000,"INSTALLATION OF 300PSF SIDEWALK SHED, CONSTRUCTION FENCE AND PIPE SCAFFOLDING AS PER PLANS. ALL EQUIPMENT SHALL COMPLY WITH THE CHAPTER #33 OF THE NYC CODE 2022, NO CHANGES IN EGRESS OR OCCUPANCY.",5000,PLATINUM SERVICES NY LLC,PRABHJIT SINGH,Permit Issued,960825138,10016,40.750122,-73.979114,106,4,1008950001,80,Murray Hill-Kips Bay,,
M01211595-I1,M01211595-I1-FN,1,Initial Permit,99,PARK AVENUE,MANHATTAN,1,1019460,895,106,"Facade, Open Space, Open Space",Supported Scaffold,GC,620254,PRABHJIT,SINGH,PLATINUM SERVICES NY LLC,53-28 11TH STREET 2ND FL,,,,2025-04-28T00:00:00.000,2025-05-12T00:00:00.000,2026-05-12T04:00:00.000,"INSTALLATION OF 300PSF SIDEWALK SHED, CONSTRUCTION FENCE AND PIPE SCAFFOLDING AS PER PLANS. ALL EQUIPMENT SHALL COMPLY WITH THE CHAPTER #33 OF THE NYC CODE 2022, NO CHANGES IN EGRESS OR OCCUPANCY.",5000,PLATINUM SERVICES NY LLC,PRABHJIT SINGH,Permit Issued,546156747,10016,40.750122,-73.979114,106,4,1008950001,80,Murray Hill-Kips Bay,,
M01318724-I1,M01318724-I1-SH,1,Initial Permit,233,EAST   32 STREET,Manhattan,14,1020084,913,106,Open Space,Sidewalk Shed,GC,623088,RENE,NUNEZ,ANDAMIO SCAFFOLDING LLC,20 BURLING LANE (BOX 4-1),,,,2025-11-17T00:00:00.000,2025-11-17T00:00:00.000,2026-11-17T05:00:00.000,"INSTALLATION OF TEMPORARY HEAVY DUTY SIDEWALK SHED AS PER PLANS. NO CHANGE IN USE, EGRESS OR OCCUPANCY. SIDEWALK SHED SHALL COMPLY WITH CHAPTER #33 OF 2022 THE NYC BUILDING CODE. LIVE LOAD 300PSF.",1000,PR,Michael Grunski,Permit Issued,388619683,10016,40.74404,-73.978084,106,4,1009130014,7002,Murray Hill-Kips Bay,,
M01380635-I1,M01380635-I1-SC,1,Initial Permit,99,PARK AVENUE,Manhattan,1,1019460,895,106,,Suspended Scaffold,R,007639,JEAN,CORTEZ NIEVES,STRUCTUAL PRESV SYSTEM,35-21 VERNON BLVD,TYRO,TROXELL,SMEP Design & Consultation LLC,2026-04-08T00:00:00.000,2026-04-09T00:00:00.000,2026-07-01T04:00:00.000,FISP INSPECTION (Facade Inspection Safety Program). INDUSTRIAL ROPE ACCESS TECHNIQUES AND METHODS. SEE ATTACHED PLANS. Designated Primary Site supervisor: Jesus Decola,0,99 PARK AVENUE  ASSOCIATES LP,,Signed-off,138464924,10016,40.750122,-73.979114,106,4,1008950001,80,Murray Hill-Kips Bay,,C
M00524651-I1,M00524651-I1-SH,6,Renewal Permit Without Changes,40,WEST   40 STREET,Manhattan,71,1080745,841,105,Open Space,Sidewalk Shed,GC,623088,RENE,NUNEZ,ANDAMIO SCAFFOLDING LLC,20 BURLING LANE (BOX 4-1),,,,2021-05-20T00:00:00.000,2025-09-02T00:00:00.000,2026-09-02T04:00:00.000,"INSTALLATION OF TEMPORARY HEAVY DUTY SIDEWALK SHED AS PER PLANS. NO CHANGE IN USE, EGRESS OR OCCUPANCY. SIDEWALK SHED SHALL COMPLY WITH CHAPTER #33 OF THE NYC BUILDING CODE. LIVE LOAD 300PSF.",1000,EVEREST SCAFFOLDING INC.,RENE NUNEZ,Permit Issued,495578209,10018,40.753046,-73.983859,105,4,1008410071,84,Midtown-Times Square,,
M01379250-I1,M01379250-I1-SF,1,Initial Permit,475,5 AVENUE,MANHATTAN,69,1035328,1275,105,Open Space,Supported Scaffold,GC,607447,WILLIAM,LAFFEY,SPRING SCAFFOLDING LLC,49-30 31ST PLACE,JOSEPH,CASTILLO,UNITED SAFETY CONSULTANTS,2026-04-07T00:00:00.000,2026-04-07T00:00:00.000,2027-03-01T00:00:00.000,"INSTALLATION OF TEMPORARY PIPE SCAFFOLD AS PER PLAN. NO CHANGE IN USE, EGRESS OR OCCUPANCY.",1000,RFR REALTY LLC,Lauren Belanger,Signed-off,812226049,10017,40.752557,-73.981549,105,4,1012750069,82,Midtown-Times Square,,
M01374985-I1,M01374985-I1-SF,1,Initial Permit,50,VANDERBILT AVENUE,Manhattan,28,1035374,1279,105,Facade,Supported Scaffold,GC,623088,RENE,NUNEZ,ANDAMIO SCAFFOLDING LLC,20 BURLING LANE (BOX 4-1),,,,2026-04-01T00:00:00.000,2026-04-01T00:00:00.000,2027-02-17T05:00:00.000,"PROPOSED INSTALLATION OF TEMPORARY PIPE SCAFFOLD AS PER PLANS. WORK SHALL COMPLY WITH CHAPTER #33 OF 2022 THE NYC BUILDING CODE. NO CHANGE IN USE, OCCUPANCY, OR EGRESS UNDER THIS APPLICATION.",1000,Yale Club New York City,Manny Rosa,Permit Issued,308742417,10017,40.753981,-73.977254,105,4,1012790028,94,Midtown-Times Square,,
M01092702-I1,M01092702-I1-SC,3,Renewal Permit Without Changes,10,EAST   40 STREET,MANHATTAN,66,1017601,869,105,,Suspended Scaffold,R,005551,ANGEL,PEREZ,B&A RESTORATION CONTR.INC,25-21 49TH STREET,ELY,SEPULVEDA,AE DESIGN SOLUTION INC.,2024-08-19T00:00:00.000,2025-10-21T00:00:00.000,2026-10-21T04:00:00.000,Installation of suspended scaffold for facade work or inspection,0,PR,Mariellen Sereduke,Signed-off,403609897,10016,40.751931,-73.981214,105,4,1008690066,82,Midtown-Times Square,,L
M01184156-I1,M01184156-I1-SH,2,Renewal Permit Without Changes,10,EAST   30 STREET,MANHATTAN,77,1016944,859,105,Open Space,Sidewalk Shed,GC,621329,RAMANDEEP,SINGH,APEX GROUP NY CORP,656 ROCKAWAY TURNPIKE,,,,2025-02-21T00:00:00.000,2026-01-28T00:00:00.000,2027-01-28T05:00:00.000,"INSTALLATION OF TEMPORARY HEAVY DUTY SIDEWALK SHED AS PER PLANS. NO CHANGE IN USE, EGRESS OR OCCUPANCY. SIDEWALK SHED SHALL COMPLY WITH CHAPTER #33 OF 2022 THE NYC BUILDING CODE. LIVE LOAD 300PSF.",1000,APEX GROUP NY CORP,RAMANDEEP SINGH,Permit Issued,188139556,10016,40.745655,-73.985788,105,2,1008590077,74,Midtown South-Flatiron-Union Square,,
M01346093-I1,M01346093-I1-FN,1,Initial Permit,25,WEST   32 STREET,MANHATTAN,26,1015847,834,105,Ground Floor,Construction Fence,GC,626938,DOUNG,CHO,DC CONSTRUCTION MANAGEMNT,14 DALLAS AVE,Sokwon,Im,DORIC CONSULTANTS PC,2026-01-21T00:00:00.000,2026-01-29T00:00:00.000,2026-06-05T00:00:00.000,"Installation of temporary construction fence.  No change of use, occupancy, or egress filed under this application.",15000,BROADWAY 32ND REALTY CORP,Kingston Shih,Signed-off,346047996,10001,40.747535,-73.986372,105,4,1008340026,76,Midtown South-Flatiron-Union Square,,
M01291695-I1,M01291695-I1-SH,1,Initial Permit,343,MADISON AVENUE,Manhattan,23,1091941,1279,105,Sidewalk,Sidewalk Shed,GC,619466,CHAUNCEY,COLLINS,"PLATFORM SOLUTIONS, INC",332 ADAMS STREET,JOLANTA,SLIWINSKI,"EUROCELT EXPEDITING, INC",2025-09-25T00:00:00.000,2025-09-25T00:00:00.000,2026-09-25T04:00:00.000,"INSTALLATION OF A HEAVY DUTY SIDEWALK SHED AS PER PLANS DURING NB CONSTRUCTION. NO CHANGE IN USE, EGRESS OR OCCUPANCY. SIDEWALK SHED SHALL COMPLY WITH 2022 NYC BUILDING CODE, CHAPTER 33.",5000,PLATFORM SOLUTIONS INC.,JERRY MCCARTHY,Permit Issued,175096145,10017,40.75419,-73.978253,105,4,1012790023,94,Midtown-Times Square,,
M00219459-I1,M00219459-I1-SH,8,Renewal Permit Without Changes,29,WEST 35 STREET,MANHATTAN,23,1015891,837,105,Sidewalk,Sidewalk Shed,GC,622244,MANPREET K,KAUR,TOPLINE GC INC,70 CARRIAGE ROAD,,,,2019-09-09T00:00:00.000,2025-09-25T00:00:00.000,2026-09-25T00:00:00.000,PROPOSED INSTALLATION OF HEAVY DUTY SIDEWALK SHED FOR REMEDIAL REPAIRS AS PER PLANS. NO CHANGE IN USE OCCUPANCY OR EGRESS UNDER THIS APPLICATION. LIVE LOAD 300 PER SQUARE FEET. SIDEWALK SHED SHALL COMPLY WITH CHAPTER # 33 OF THE 2014 CODE.,8500,STEEL CITY GROUP CORP,NAVJOT KAUR,Permit Issued,538721965,10001,40.74961,-73.985267,105,4,1008370023,84,Midtown-Times Square,,
M01325375-I1,M01325375-I1-SF,1,Initial Permit,200,PARK AVENUE,Manhattan,9010,1085735,1280,105,Floor Number(s) 057 through 057,Supported Scaffold,GC,619466,CHAUNCEY,COLLINS,"PLATFORM SOLUTIONS, INC",332 ADAMS STREET,JOANNA,GRABOWSKA,"EUROCELT EXPEDITING, INC.",2025-11-26T00:00:00.000,2025-11-26T00:00:00.000,2026-11-26T05:00:00.000,"INSTALLATION OF TEMPORARY SCAFFOLD AS PER PLANS DURING GENERAL CONSTRUCTION WORK. NO CHANGE IN USE, EGRESS OR OCCUPANCY. SCAFFOLD TO COMPLY WITH CHAPTER 33 OF NYC BUILDING CODE OF 2022.",10000,PLATFORM SOLUTIONS INC.,JERRY MCCARTHY,Permit Issued,612192601,10017,40.754162,-73.976557,105,4,1012809010,92,East Midtown-Turtle Bay,,
M08043372-I1,M08043372-I1-SH,5,Renewal Permit Without Changes,261,MADISON AVENUE,MANHATTAN,25,1017231,868,106,Open Space,Sidewalk Shed,GC,623088,RENE,NUNEZ,ANDAMIO SCAFFOLDING LLC,20 BURLING LANE (BOX 4-1),,,,2022-11-22T00:00:00.000,2026-03-18T00:00:00.000,2026-06-16T04:00:00.000,"INSTALLATION OF TEMPORARY HEAVY DUTY SIDEWALK SHED AS PER PLANS. NO CHANGE IN USE, EGRESS OR OCCUPANCY. SIDEWALK SHED SHALL COMPLY WITH CHAPTER #33 OF THE NYC BUILDING CODE. LIVE LOAD 300PSF.",1000,SAPIR ORGANIZATION,EDDIE GREENBERG,Permit Issued,331003956,10016,40.750372,-73.981048,106,4,1008680025,82,Midtown-Times Square,,
M00986247-I1,M00986247-I1-SH,4,Renewal Permit Without Changes,381,PARK AVENUE SOUTH,MANHATTAN,85,1018159,882,105,Open Space,Sidewalk Shed,GC,623088,RENE,NUNEZ,ANDAMIO SCAFFOLDING LLC,20 BURLING LANE (BOX 4-1),,,,2024-01-12T00:00:00.000,2026-03-18T00:00:00.000,2026-06-16T04:00:00.000,"INSTALLATION OF TEMPORARY HEAVY DUTY SIDEWALK SHED AS PER PLANS. NO CHANGE IN USE, EGRESS OR OCCUPANCY. SIDEWALK SHED SHALL COMPLY WITH CHAPTER #33 OF 2022 THE NYC BUILDING CODE. LIVE LOAD 300PSF.",1000,ATCO PROPERTIES & MGMT,KATHERINE GOODMAN,Permit Issued,239603965,10016,40.742534,-73.984641,105,2,1008820085,68,Gramercy,,
M01368812-I1,M01368812-I1-SH,1,Initial Permit,155,EAST   50 STREET,Manhattan,33,1036456,1305,106,Open Space,Sidewalk Shed,GC,623088,RENE,NUNEZ,ANDAMIO SCAFFOLDING LLC,20 BURLING LANE (BOX 4-1),,,,2026-03-11T00:00:00.000,2026-03-11T00:00:00.000,2026-06-09T04:00:00.000,"INSTALLATION OF TEMPORARY HEAVY DUTY SIDEWALK SHED AS PER PLANS. NO CHANGE IN USE, EGRESS OR OCCUPANCY. SIDEWALK SHED SHALL COMPLY WITH CHAPTER #33 OF 2022 THE NYC BUILDING CODE. LIVE LOAD 300PSF.",1000,SONESTA FIFTY HOTEL,Dave Stewart,Permit Issued,990078705,10022,40.755923,-73.970702,106,4,1013050033,100,East Midtown-Turtle Bay,,
M01251244-I1,M01251244-I1-SF,1,Initial Permit,333,EAST   46 STREET,Manhattan,12,1038901,1339,106,Facade,Supported Scaffold,GC,615905,HARPREET,SINGH,KINGS GROUP NY CORP,183-02 LIBERTY AVE,HANCE,MERCEDES,SYNERGY BUILDING CONSULTANTS,2025-08-01T00:00:00.000,2025-08-01T00:00:00.000,2026-08-01T04:00:00.000,"Installation of temporary supported scaffold per plan submitted. Work shall comply with 2022 building codes chapter 33. No change in use, egress and/or occupancy with this application.",1,ORSID REALTY,Nicolas Pesola,Permit Issued,499133783,10017,40.75211,-73.969693,106,4,1013390012,90,East Midtown-Turtle Bay,,
M01278671-I1,M01278671-I1-SF,1,Initial Permit,16,EAST   41 STREET,Manhattan,63,1035325,1275,105,Facade,Supported Scaffold,GC,621472,LUCIO.GIL,RUMALDO,RELIABLE ENTERPRISES INC,1431 BRUCKNER BOULEVARD,,,,2025-08-29T00:00:00.000,2025-08-29T00:00:00.000,2026-08-29T04:00:00.000,"PROPOSED INSTALLATION OF TEMPORARY PIPE SCAFFOLD AS PER PLANS. WORK SHALL COMPLY WITH CHAPTER #33 OF THE NYC BUILDING CODE. NO CHANGE IN USE, OCCUPANCY, OR EGRESS UNDER THIS APPLICATION.",7000,RELIABLE ENTERPRISES INC,LUCIO.GIL RUMALDO,Signed-off,338199477,10017,40.752453,-73.980535,105,4,1012750063,82,Midtown-Times Square,,
M01329315-I1,M01329315-I1-FN,1,Initial Permit,424,EAST   34 STREET,Manhattan,7501,1090574,962,106,Open Space,Construction Fence,GC,025623,JOHN,GIANCASPRO,"SKANSKA USA BUILDING, INC","350 5TH AVENUE, 32ND FL",MICHAEL,PRESSEL,RPO INC.,2025-12-30T00:00:00.000,2026-01-29T00:00:00.000,2026-08-31T04:00:00.000,INSTALL APPROXIMATELY 125 LINEAR FEET OF 8 FOOT HIGH PLYWOOD CONSTRUCTION FENCE IN ACCORDANCE WITH N.Y.C.B.C. SECTION 3507.7,8000,NYU LANGONE MEDICAL CENTER,Richard Cohen,Permit Issued,129468620,10016,40.743696,-73.97332,106,4,1009627501,62,Murray Hill-Kips Bay,,W
M01360640-I1,M01360640-I1-SH,1,Initial Permit,462,PARK AVENUE SOUTH,Manhattan,44,1080789,861,105,Open Space,Sidewalk Shed,GC,623088,RENE,NUNEZ,ANDAMIO SCAFFOLDING LLC,20 BURLING LANE (BOX 4-1),,,,2026-03-12T00:00:00.000,2026-03-12T00:00:00.000,2026-06-10T04:00:00.000,"INSTALLATION OF TEMPORARY HEAVY DUTY SIDEWALK SHED AS PER PLANS. NO CHANGE IN USE, EGRESS OR OCCUPANCY. SIDEWALK SHED SHALL COMPLY WITH CHAPTER #33 OF 2022 THE NYC BUILDING CODE. LIVE LOAD 300PSF.",1000,COLLIERS,Luis Iglesias Jr.,Permit Issued,802814806,10016,40.745276,-73.98267,105,4,1008610044,74,Midtown South-Flatiron-Union Square,,
M01268837-I1,M01268837-I1-SC,2,Renewal Permit Without Changes,541,LEXINGTON AVENUE,Manhattan,20,1036441,1304,106,,Suspended Scaffold,R,006272,ADALBERTO,LOPEZ,LCS RESTORATION CORP,725 EAST 135TH STREET,MU/RO/BR/SE,KH/SC/GA/DA,MUNICIPAL BUILDING CONSULTANTS,2025-09-12T00:00:00.000,2026-04-01T00:00:00.000,2026-08-01T04:00:00.000,Installation of outrigger for facade repair & inspection.,0,Yellowstone Real Estate,TOMER POSNER,Permit Issued,287933171,10022,40.756129,-73.972618,106,4,1013040020,100,East Midtown-Turtle Bay,,A
M01278663-I1,M01278663-I1-SH,1,Initial Permit,16,EAST   41 STREET,Manhattan,63,1035325,1275,105,Ground Floor,Sidewalk Shed,GC,621472,LUCIO.GIL,RUMALDO,RELIABLE ENTERPRISES INC,1431 BRUCKNER BOULEVARD,,,,2025-08-28T00:00:00.000,2025-08-28T00:00:00.000,2026-08-28T04:00:00.000,"PROPOSED INSTALLATION OF HEAVY DUTY SIDEWALK SHED AS PER PLANS. LIVE LOAD 300 LBS PER SQUARE FEET. SIDEWALK SHED SHALL COMPLY WITH CHAPTER #33 OF THE NYC BUILDING CODE. NO CHANGE IN USE, OCCUPANCY, OR EGRESS UNDER THIS APPLICATION.",5000,RELIABLE ENTERPRISES INC,LUCIO.GIL RUMALDO,Signed-off,166522938,10017,40.752453,-73.980535,105,4,1012750063,82,Midtown-Times Square,,
M01127929-I1,M01127929-I1-SC,2,Renewal Permit Without Changes,505,FIFTH AVENUE,MANHATTAN,2,1035344,1277,105,,Suspended Scaffold,R,006529,VERONIKA,SIKORSKI,ELM SUSPENSION SYSTEMS,37-01 VERNON BLVD,,,,2024-10-25T00:00:00.000,2025-04-29T00:00:00.000,2026-04-29T04:00:00.000,INSTALLATION OF MATERIAL HOIST (COUNTERWEIGHTED SYSTEM).,0,STAWSKI PARTNERS,,Permit Issued,576334137,10017,40.753663,-73.980744,105,4,1012770002,94,Midtown-Times Square,,
M01120836-I1,M01120836-I1-FN,3,Renewal Permit with Changes,205,EAST   38 STREET,MANHATTAN,6,1020352,919,106,Open Space,Construction Fence,GC,002689,TOBY,"ROMANO, JR",BREEZE NATIONAL INC,843 S.OCEAN AVENUE,JEEWAN,ITWARIE,A1 EXPEDITING SERVICE CORP.,2024-10-15T00:00:00.000,2026-04-21T00:00:00.000,2027-04-21T04:00:00.000,"CONSTRUCTION FENCE AS PER DRAWINGS DURING BLDG DEMOLITION, FILED SEP. CONSTRUCTION FENCE SHALL COMPLY WITH CH #33 OF THE NYC BC. NO CHANGE IN USE, OCCUPANCY OR EGRESS UNDER THIS APPLICATION.",2000,BLDG MANAGEMENT,Lloyd Goldman,Permit Issued,189357468,10016,40.748134,-73.976003,106,4,1009190006,78,Murray Hill-Kips Bay,,
M01180845-I1,M01180845-I1-SC,3,Renewal Permit with Changes,7,EAST   30 STREET,MANHATTAN,8,1090601,860,105,,Suspended Scaffold,GC,626790,MILIVOJ,SOFRANIN,DORIA SCAFFOLDING LLC,205-02 JAMAICA AVENUE,,,,2025-03-10T00:00:00.000,2025-06-10T00:00:00.000,2026-04-01T04:00:00.000,"INSTALLATION OF TEMPORARY SUSPENDED SCAFFOLDS AND BETAMAX MATERIAL HOIST PER PLAN SUBMITTED. WORK SHALL COMPLY WITH 2022 BUILDING CODE CHAPTER 33. NO CHANGE IN USE, EGRESS AND/OR OCCUPANCY WITH THIS APPLICATION.",0,"DORIA, INC",MILIVOJ SOFRANIN,Permit Issued,185044112,10016,40.745685,-73.985813,105,2,1008600008,74,Midtown South-Flatiron-Union Square,,
M01317274-I1,M01317274-I1-SF,1,Initial Permit,343,MADISON AVENUE,Manhattan,23,1091941,1279,105,Open Space,Supported Scaffold,GC,619466,CHAUNCEY,COLLINS,"PLATFORM SOLUTIONS, INC",332 ADAMS STREET,JOLANTA,SLIWINSKI,"EUROCELT EXPEDITING, INC",2025-11-13T00:00:00.000,2025-11-13T00:00:00.000,2026-11-13T05:00:00.000,"INSTALLATION OF A TEMPORARY SCAFFOLD STAIR TOWERS(A&B) AS PER PLANS.  NO CHANGE IN USE, EGRESS OR OCCUPANCY. SCAFFOLD INSTALLED IN ACCORDANCE WITH 2022 NYC BUILDING CODE, CHAPTER 33",5000,PLATFORM SOLUTIONS INC.,JERRY MCCARTHY,Permit Issued,433884565,10017,40.75419,-73.978253,105,4,1012790023,94,Midtown-Times Square,,
M01057292-I1,M01057292-I1-FN,2,Renewal Permit Without Changes,14,EAST   42 STREET,MANHATTAN,1,1035330,1276,105,Open Space,Construction Fence,GC,615108,MARIAN,BOBELEA,STARR INDUSTRIES LLC,379 FIFTH AVENUE 4TH FLOOR,,,,2024-06-17T00:00:00.000,2025-07-09T00:00:00.000,2026-04-01T00:00:00.000,"INSTALLATION OF A CONSTRUCTION FENCE AS PER PLANS IN CONJUNCTION WITH GENERAL CONSTRUCTION. NO CHANGE IN USE, EGRESS OR OCCUPANCY. FENCE TO COMPLY WITH 2022 NYC BUILDING CODE, CHAPTER 33",3000,HYATT CORPORATION AS AGENT OF PH NE,Richard Eisenring,Signed-off,458568581,10017,40.7529,-73.981297,105,4,1012760001,82,Midtown-Times Square,,
M01120872-I1,M01120872-I1-FN,3,Renewal Permit with Changes,213,EAST   38 STREET,MANHATTAN,10,1020354,919,106,Open Space,Construction Fence,GC,002689,TOBY,"ROMANO, JR",BREEZE NATIONAL INC,843 S.OCEAN AVENUE,JEEWAN,ITWARIE,A1 EXPEDITING SERVICE CORP.,2024-10-15T00:00:00.000,2026-04-21T00:00:00.000,2027-04-21T04:00:00.000,"CONSTRUCTION FENCE AS PER DRAWINGS DURING BLDG DEMOLITION, FILED SEP. CONSTRUCTION FENCE SHALL COMPLY WITH CH #33 OF THE NYC BC. NO CHANGE IN USE, OCCUPANCY OR EGRESS UNDER THIS APPLICATION.",2000,BLDG MANAGEMENT,Lloyd Goldman,Permit Issued,854244257,10016,40.748008,-73.9757,106,4,1009190010,78,Murray Hill-Kips Bay,,
M01174159-I1,M01174159-I1-SH,2,Renewal Permit Without Changes,52,WEST   36 STREET,MANHATTAN,74,1015913,837,105,Sidewalk,Sidewalk Shed,GC,607447,WILLIAM,LAFFEY,SPRING SCAFFOLDING LLC,49-30 31ST PLACE,JOSEPH,CASTILLO,UNITED SAFETY CONSULTANTS,2025-01-31T00:00:00.000,2026-01-30T00:00:00.000,2027-01-30T05:00:00.000,"INSTALLATION OF TEMPORARY SIDEWALK SHED AS PER PLAN. NO CHANGE IN USE, EGRESS OR OCCUPANCY.",1000,HYATT HERALD SQUARE,Brian Max,Permit Issued,771997185,10018,40.750604,-73.985736,105,4,1008370074,84,Midtown-Times Square,,
M08043372-I1,M08043372-I1-SH,4,Renewal Permit Without Changes,261,MADISON AVENUE,Manhattan,25,1017231,868,106,Open Space,Sidewalk Shed,GC,623088,RENE,NUNEZ,ANDAMIO SCAFFOLDING LLC,20 BURLING LANE (BOX 4-1),,,,2022-11-22T00:00:00.000,2025-11-18T00:00:00.000,2026-07-19T04:00:00.000,"INSTALLATION OF TEMPORARY HEAVY DUTY SIDEWALK SHED AS PER PLANS. NO CHANGE IN USE, EGRESS OR OCCUPANCY. SIDEWALK SHED SHALL COMPLY WITH CHAPTER #33 OF THE NYC BUILDING CODE. LIVE LOAD 300PSF.",1000,SAPIR ORGANIZATION,EDDIE GREENBERG,Permit Issued,396222477,10016,40.750372,-73.981048,106,4,1008680025,82,Midtown-Times Square,,
M01319634-I1,M01319634-I1-SC,1,Initial Permit,633,3 AVENUE,MANHATTAN,7502,1037174,1314,106,,Suspended Scaffold,R,006125,GARY,BROWN,C & D RESTORATION INC,250 PARK AVENUE 7TH FLOOR,MU/RO/BR/SE,KH/SC/GA/DA,MUNICIPAL BUILDING CONSULTANTS,2025-12-03T00:00:00.000,2025-12-05T00:00:00.000,2026-12-05T05:00:00.000,Installation of outrigger for facade repair & inspection.,0,SANDHURST ASSOCIATES LTD.,,Permit Issued,362192906,10017,40.74991,-73.975061,106,4,1013147502,88,Murray Hill-Kips Bay,,L
M01168805-S1,M01168805-S1-SC,1,Initial Permit,347,5 AVENUE,Manhattan,4,1017075,863,105,,Suspended Scaffold,R,006407,HANSEL,GONZALEZ,AVARGA CONSTRUCTION CORP,"505 8TH AVE.,13TH FL STE12A04",,,,2026-01-27T00:00:00.000,2026-01-27T00:00:00.000,2026-08-31T04:00:00.000,"INSTALLATION AND USE OF TEMPORARY HOIST FOR FACADE REPAIRS AS PER PLANS FILED HEREWITH. NO CHANGE TO USE, EGRESS, OR OCCUPANCY UNDER THIS APPLICATION.",0,Not Applicable,,Permit Issued,574477364,10016,40.748023,-73.984849,105,4,1008630004,74,Midtown South-Flatiron-Union Square,,J
M01158789-S1,M01158789-S1-SC,2,Renewal Permit Without Changes,171,MADISON AVENUE,Manhattan,27,1017082,863,105,,Suspended Scaffold,R,006407,HANSEL,GONZALEZ,AVARGA CONSTRUCTION CORP,"505 8TH AVE.,13TH FL STE12A04",JOSE,EVANGELISTA,"JME BUILDING CONSULTING, LLC",2025-03-14T00:00:00.000,2026-03-30T00:00:00.000,2026-08-31T04:00:00.000,"INSTALLATION AND USE OF TEMPORARY SUSPENDED SCAFFOLD FOR FACADE REPAIRS AS PER PLANS FILED HEREWITH. NO CHANGE TO USE, EGRESS OR OCCUPANCY UNDER THIS APPLICATION.",0,Avarga Construction Corp.,HANSEL GONZALEZ,Permit Issued,968177199,10016,40.747194,-73.983362,105,4,1008630027,74,Midtown South-Flatiron-Union Square,,J
M01291171-I1,M01291171-I1-FN,2,Renewal Permit Without Changes,2,PARK AVENUE,MANHATTAN,29,1017019,862,105,Open Space,Construction Fence,GC,619004,JONATHAN,CREDENDINO,JC CONSULTING & MANAGEME*,22 EAST 41ST STREET 3RDFL,,,,2025-09-22T00:00:00.000,2026-03-02T00:00:00.000,2026-11-25T05:00:00.000,Install a temporary 10'-0 high construction fence as per drawings.,10003,HADDAD APPAREL GROUP,Franco Rauseo,Permit Issued,700775299,10016,40.746077,-73.982092,105,4,1008620029,74,Midtown South-Flatiron-Union Square,,R
M00612265-I1,M00612265-I1-SH,5,Renewal Permit Without Changes,300,EAST   40 STREET,MANHATTAN,7501,1022051,945,106,Sidewalk,Sidewalk Shed,GC,615905,HARPREET,SINGH,KINGS GROUP NY CORP,183-02 LIBERTY AVE,,,,2021-11-08T00:00:00.000,2025-10-03T00:00:00.000,2026-10-03T00:00:00.000,"INSTALLATION OF HEAVY DUTY SIDEWALK SHED. NO CHANGE IN USE, OCCUPANCY OR EGRESS. WORK SHALL COMPLY WITH CHAPTER 33 OF NYCC",1,,HARPREET SINGH,Permit Issued,547674698,10016,40.748013,-73.973528,106,4,1009457501,88,Murray Hill-Kips Bay,,
M00962348-I1,M00962348-I1-SF,3,Renewal Permit Without Changes,333,EAST   38 STREET,Manhattan,7502,1021925,944,,Open Space,Supported Scaffold,GC,619466,CHAUNCEY,COLLINS,"PLATFORM SOLUTIONS, INC",332 ADAMS STREET,JOANNA,GRABOWSKA,"EUROCELT EXPEDITING, INC.",2023-11-14T00:00:00.000,2025-10-06T00:00:00.000,2026-10-06T04:00:00.000,"INSTALLATION OF TEMPORARY SCAFFOLD AS PER PLANS DURING GENERAL CONSTRUCTION WORK. NO CHANGE IN USE, EGRESS OR OCCUPANCY. SCAFFOLD TO COMPLY WITH CHAPTER 33 OF NYC BUILDING CODE.",10000,PLATFORM SOLUTIONS INC.,JERRY MCCARTHY,Permit Issued,813853347,10016,40.746767,-73.972752,106,4,1009447502,78,Murray Hill-Kips Bay,,
M00802268-I1,M00802268-I1-SH,4,Renewal Permit Without Changes,333,EAST   46 STREET,MANHATTAN,12,1038901,1339,106,Sidewalk,Sidewalk Shed,GC,603235,CHARLES,TALISSE,CS BRIDGE CORP,1470 BRUCKNER BLVD,HANCE,MERCEDES,SYNERGY BUILDING CONSULTANTS,2022-12-27T00:00:00.000,2025-10-27T00:00:00.000,2026-10-27T04:00:00.000,"Installation of temporary heavy duty sidewalk shed per plan submitted. Work shall comply with 2022 building codes chapter 33. No change in use, egress and/or occupancy with this application.",1,STAR-CEL WATERPROOFING,AIDEN DEVANEY,Permit Issued,824358702,10017,40.75211,-73.969693,106,4,1013390012,90,East Midtown-Turtle Bay,,
M01114907-I1,M01114907-I1-SH,2,Renewal Permit Without Changes,303,EAST   44 STREET,MANHATTAN,105,1038767,1337,106,Open Space,Sidewalk Shed,GC,617232,ERIND,GAZHELI,CORE SCAFFOLD SYSTEMS INC,417 MYRTLE AVE SUITE 14,ELY,SEPULVEDA,AE DESIGN SOLUTION INC.,2024-09-26T00:00:00.000,2025-10-06T00:00:00.000,2026-10-06T04:00:00.000,"INSTALLATION OF TEMPORARY SIDEWALK SHED AS PER PLANS. NO CHANGE IN USE, EGRESS OR OCCUPANCY.",1,OWNERS REP,EDDIE GAZHELI,Permit Issued,646879983,10017,40.750971,-73.970888,106,4,1013370105,90,East Midtown-Turtle Bay,,
M01350608-I1,M01350608-I1-SF,1,Initial Permit,452,FIFTH AVENUE,MANHATTAN,49,1016047,841,105,Open Space,Supported Scaffold,GC,615598,PAUL,TRINKS,ADVANCED SCAFFOLD SERVICE,620 R OAKWOOD AVENUE,,,,2026-01-28T00:00:00.000,2026-01-28T00:00:00.000,2026-12-31T05:00:00.000,"Installation of temporary scaffold for building construction. No change in use, egress, or occupancy.",1000,PR,Michael Dougherty,Permit Issued,551635118,10018,40.752335,-73.982416,105,4,1008410049,84,Midtown-Times Square,,
M01315426-I1,M01315426-I1-SH,1,Initial Permit,355,LEXINGTON AVENUE,MANHATTAN,23,1036147,1295,106,Ground Floor,Sidewalk Shed,GC,018914,PHILIP,SUSI,ARSENAL SCAFFOLD INC,95 JERSEY STREET,,,,2025-11-26T00:00:00.000,2025-11-26T00:00:00.000,2026-11-26T05:00:00.000,"INSTALLATION OF HEAVY DUTY SIDEWALK SHED AND CONSTRUCTION PLYWOOD FENCE AS PER PLANS. TEMPORARY EQUIPMENT SHALL COMPLY WITH CHAPTER #33 OF THE 2022 CODE. NO CHANGE IN USE, EGRESS OR OCCUPANCY UNDER THIS APPLICATION.",27000,RUDIN MANAGEMENT INC,Paul Mandel,Permit Issued,508138934,10016,40.750064,-73.976739,106,4,1012950023,80,Murray Hill-Kips Bay,,
M01217015-I1,M01217015-I1-SF,2,Renewal Permit Without Changes,244,MADISON AVENUE,MANHATTAN,57,1017221,867,105,Facade,Supported Scaffold,GC,008573,ANDON,IKSINO,XINOS CONSTRUCTION CORP,110-32A 15TH. AVENUE,,,,2025-04-29T00:00:00.000,2026-03-30T00:00:00.000,2027-03-08T00:00:00.000,"INSTALLATION OF TEMPORARY PIPE SCAFFOLD AS INDICATED ON PLANS. THERE WILL BE NO CHANGE IN THE USE, EGRESS, OR OCCUPANCY UNDER THIS APPLICATION.",100000,XINOS CONSTRUCTION CORP.,ANDON IKSINO,Permit Issued,224649909,10016,40.750131,-73.981247,105,4,1008670057,82,Midtown-Times Square,,
M01112891-I1,M01112891-I1-SH,2,Renewal Permit Without Changes,155,EAST   34 STREET,MANHATTAN,7501,1018549,890,106,Open Space,Sidewalk Shed,GC,617040,JOHN,KELLIS,EMPIRE NY INSTALLATIONS I,3537 36TH STREET,ELY,SEPULVEDA,AE DESIGN SOLUTION INC.,2024-10-02T00:00:00.000,2025-09-26T00:00:00.000,2026-09-26T04:00:00.000,"INSTALLATION OF TEMPORARY SIDEWALK SHED AS PER PLANS. NO CHANGE IN USE, EGRESS OR OCCUPANCY.",1,MAXWELL-KATES INC.,John Hackett,Permit Issued,120347036,10016,40.745964,-73.97796,106,4,1008907501,72,Murray Hill-Kips Bay,,
M01117790-I1,M01117790-I1-FN,2,Renewal Permit Without Changes,343,MADISON AVENUE,Manhattan,23,1091941,1279,105,Open Space,Construction Fence,GC,619466,CHAUNCEY,COLLINS,"PLATFORM SOLUTIONS, INC",332 ADAMS STREET,JOLANTA,SLIWINSKI,"EUROCELT EXPEDITING, INC",2024-09-27T00:00:00.000,2025-09-15T00:00:00.000,2026-09-15T04:00:00.000,"INSTALLATION OF A CONSTRUCTION FENCE AS PER PLANS IN CONJUNCTION WITH NB CONSTRUCTION. NO CHANGE IN USE, EGRESS OR OCCUPANCY. FENCE INSTALLED IN ACCORDANCE WITH 2022 NYC BUILDING CODE, CHAPTER 33.",5000,PLATFORM SOLUTIONS INC.,JERRY MCCARTHY,Permit Issued,242548020,10017,40.75419,-73.978253,105,4,1012790023,94,Midtown-Times Square,,
M00668028-I1,M00668028-I1-SH,5,Renewal Permit Without Changes,299,MADISON AVENUE,MANHATTAN,23,1035332,1276,105,Open Space,Sidewalk Shed,GC,603235,CHARLES,TALISSE,CS BRIDGE CORP,1470 BRUCKNER BLVD,HANCE,MERCEDES,SYNERGY BUILDING CONSULTANTS,2022-01-25T00:00:00.000,2025-12-16T00:00:00.000,2026-12-16T05:00:00.000,"Installation of temporary sidewalk shed per plan submitted. Work shall comply with 2014 building codes chapter 33. No change in use, egress and/or occupancy with this application.",1,LIBRARY HOTEL,ROBERT RAWLINS,Permit Issued,643057180,10017,40.752101,-73.979416,105,4,1012760023,82,Midtown-Times Square,,
M01120861-I1,M01120861-I1-FN,3,Renewal Permit with Changes,211,EAST   38 STREET,MANHATTAN,9,1020353,919,106,Open Space,Construction Fence,GC,002689,TOBY,"ROMANO, JR",BREEZE NATIONAL INC,843 S.OCEAN AVENUE,JEEWAN,ITWARIE,A1 EXPEDITING SERVICE CORP.,2024-10-15T00:00:00.000,2026-04-21T00:00:00.000,2027-04-21T04:00:00.000,"CONSTRUCTION FENCE AS PER DRAWINGS DURING BLDG DEMOLITION, FILED SEP. CONSTRUCTION FENCE SHALL COMPLY WITH CH #33 OF THE NYC BC. NO CHANGE IN USE, OCCUPANCY OR EGRESS UNDER THIS APPLICATION.",2000,BLDG MANAGEMENT,Lloyd Goldman,Permit Issued,908454876,10016,40.748041,-73.975776,106,4,1009190009,78,Murray Hill-Kips Bay,,
M01120879-I1,M01120879-I1-FN,3,Renewal Permit with Changes,215,EAST   38 STREET,MANHATTAN,11,1020355,919,106,Open Space,Construction Fence,GC,002689,TOBY,"ROMANO, JR",BREEZE NATIONAL INC,843 S.OCEAN AVENUE,JEEWAN,ITWARIE,A1 EXPEDITING SERVICE CORP.,2024-10-15T00:00:00.000,2026-04-21T00:00:00.000,2027-04-21T04:00:00.000,"CONSTRUCTION FENCE AS PER DRAWINGS DURING BLDG DEMOLITION, FILED SEP. CONSTRUCTION FENCE SHALL COMPLY WITH CH #33 OF THE NYC BC. NO CHANGE IN USE, OCCUPANCY OR EGRESS UNDER THIS APPLICATION.",2000,BLDG MANAGEMENT,Lloyd Goldman,Permit Issued,584520823,10016,40.747975,-73.975624,106,4,1009190011,78,Murray Hill-Kips Bay,,
M01333871-I1,M01333871-I1-SH,1,Initial Permit,366,MADISON AVENUE,MANHATTAN,56,1035394,1281,105,Open Space,Sidewalk Shed,GC,612137,DANIEL,CHIRILA,DYNAMIC HOISTING SCAFF IN,4330 48TH STREET APT 1B,ALDI,DILO,"Rigid Structural Design, LLC",2025-12-16T00:00:00.000,2025-12-16T00:00:00.000,2026-12-16T05:00:00.000,"Installation of a temporarily supported scaffold and heavy-duty sidewalk shed per plan submitted. Work shall comply with 2022 building codes chapter 33. No change in use, egress and/or occupancy with this application.",5000,DYNAMIC HOISTING SCAFFOLDING,DANIEL CHIRILA,Permit Issued,163225070,10017,40.755046,-73.977654,105,4,1012810056,94,Midtown-Times Square,,
M01274503-I1,M01274503-I1-SC,1,Initial Permit,205,EAST   45 STREET,MANHATTAN,7503,1081175,1319,106,,Suspended Scaffold,R,000176,GEORGE,COLE,COLE NYC LLC,127 WEST 26TH STREET,,,,2025-08-22T00:00:00.000,2025-08-22T00:00:00.000,2026-08-22T04:00:00.000,inspect windows and frames,0,MIDTOWN 45 CONDOMINIUM,,Signed-off,506527236,10017,40.752531,-73.972642,106,4,1013197503,90,East Midtown-Turtle Bay,,
M01151785-I1,M01151785-I1-SH,2,Renewal Permit Without Changes,747,3 AVENUE,MANHATTAN,46,1081179,1320,106,Open Space,Sidewalk Shed,GC,603235,CHARLES,TALISSE,CS BRIDGE CORP,1470 BRUCKNER BLVD,,,,2024-12-10T00:00:00.000,2025-11-26T00:00:00.000,2026-11-26T05:00:00.000,"Installation of temporary sidewalk shed per plan submitted. Work shall comply with 2022 building codes chapter 33. No change in use, egress and/or occupancy with this application.",1,SAGE REALTY CORP,Peter Lauth,Permit Issued,602303491,10017,40.753409,-73.972511,106,4,1013200046,90,East Midtown-Turtle Bay,,
M01112693-I1,M01112693-I1-SC,3,Renewal Permit Without Changes,333,EAST   38 STREET,Manhattan,7502,1021925,944,106,,Suspended Scaffold,R,006605,MUNESH,PERSAUD,PULLMAN SST INC,"330 WEST 38TH STREET, STE 711",,,,2024-10-01T00:00:00.000,2025-12-08T00:00:00.000,2026-07-01T04:00:00.000,Facade Restoration Via Suspended Scaffolding & Inspection,0,NYU LANGONE HEALTH,,Permit Issued,719777523,10016,40.746767,-73.972752,106,4,1009447502,78,Murray Hill-Kips Bay,,
M01310265-I1,M01310265-I1-SH,1,Initial Permit,327,EAST   34 STREET,MANHATTAN,17,1021902,940,106,Sidewalk,Sidewalk Shed,GC,603235,CHARLES,TALISSE,CS BRIDGE CORP,1470 BRUCKNER BLVD,,,,2025-10-30T00:00:00.000,2025-10-30T00:00:00.000,2026-10-30T04:00:00.000,"Installation of temporary sidewalk shed per plan submitted. Work shall comply with 2022 building codes chapter 33. No change in use, egress and/or occupancy with this application.",1,Malex 327 LLC,Maria Caiola,Permit Issued,547362336,10016,40.744344,-73.974817,106,4,1009400017,78,Murray Hill-Kips Bay,,
M01239135-I1,M01239135-I1-SC,1,Initial Permit,28,WEST   36 STREET,Manhattan,62,1015904,837,105,,Suspended Scaffold,R,006156,JOSE,RODRIGUEZ,JRR CONTRACTING INC,442 EAST 148TH STREET,MU/RO/BR/SE,KH/SC/GA/DA,MUNICIPAL BUILDING CONSULTANTS,2025-06-12T00:00:00.000,2025-06-16T00:00:00.000,2026-06-16T04:00:00.000,INSTALLATION OF SUSPENDED SCAFFOLDS FOR FACADE REPAIR AND INSPECTIONS.,0,RESOLUTION REAL ESTATE,,Permit Issued,428464925,10018,40.750214,-73.984809,105,4,1008370062,84,Midtown-Times Square,,L
M01299802-I1,M01299802-I1-SH,1,Initial Permit,145,EAST   27 STREET,MANHATTAN,44,1018177,883,106,Open Space,Sidewalk Shed,GC,620254,PRABHJIT,SINGH,PLATINUM SERVICES NY LLC,53-28 11TH STREET 2ND FL,,,,2025-10-08T00:00:00.000,2025-10-08T00:00:00.000,2026-09-29T00:00:00.000,"INSTALLATION OF TEMPORARY HEAVY DUTY SIDEWALK SHED AS PER PLANS. NO CHANGE IN USE, EGRESS OR OCCUPANCY. SIDEWALK SHED SHALL COMPLY WITH CHAPTER #33 OF 2022 THE NYC BUILDING CODE. LIVE LOAD 300PSF.",1000,PLATINUM SERVICES NY LLC,PRABHJIT SINGH,Permit Issued,182165236,10016,40.741908,-73.98261,106,2,1008830044,68,Gramercy,,
M01333871-I1,M01333871-I1-SH,1,Initial Permit,366,MADISON AVENUE,MANHATTAN,56,1035394,1281,105,Open Space,Supported Scaffold,GC,612137,DANIEL,CHIRILA,DYNAMIC HOISTING SCAFF IN,4330 48TH STREET APT 1B,ALDI,DILO,"Rigid Structural Design, LLC",2025-12-16T00:00:00.000,2025-12-16T00:00:00.000,2026-12-16T05:00:00.000,"Installation of a temporarily supported scaffold and heavy-duty sidewalk shed per plan submitted. Work shall comply with 2022 building codes chapter 33. No change in use, egress and/or occupancy with this application.",5000,DYNAMIC HOISTING SCAFFOLDING,DANIEL CHIRILA,Permit Issued,163225070,10017,40.755046,-73.977654,105,4,1012810056,94,Midtown-Times Square,,
M01197607-I1,M01197607-I1-SC,1,Initial Permit,245,PARK AVENUE,Manhattan,1,1036205,1301,105,,Suspended Scaffold,R,007639,JEAN,CORTEZ NIEVES,STRUCTUAL PRESV SYSTEM,35-21 VERNON BLVD,BETHANY,TROXELL,SMEP DESIGN & CONSULTATION LLC,2025-05-15T00:00:00.000,2025-05-16T00:00:00.000,2026-05-16T04:00:00.000,"TEMPORARY INSTALLATION OF ADJUSTABLE SUSPENDED SCAFFOLD. NO CHANGE IN USE, EGRESS, OR OCCUPANCY. Designated Primary Site Supervisor: Dariusz Janczak",0,SL GREEN REALTY CORP,,Permit Issued,225961076,10017,40.754126,-73.974482,105,4,1013010001,92,East Midtown-Turtle Bay,,C
M01194928-I1,M01194928-I1-SC,1,Initial Permit,382,3 AVENUE,MANHATTAN,47,1018180,883,106,,Suspended Scaffold,R,006554,ANGEL,GONZALES,AM&G WATERPROOFING LLC,2120 ATLANTIC AVENUE,GINA,MERO,PR,2025-03-28T00:00:00.000,2025-04-09T00:00:00.000,2026-04-09T04:00:00.000,Installation of a suspended scaffold for Facade Inspection and repair as per plan submitted. No change to egress or occupancy.,0,ABINGTON PROPERTIES,,Signed-off,948322262,10016,40.741641,-73.981112,106,2,1008830047,68,Gramercy,,
M00890442-I1,M00890442-I1-SH,3,Renewal Permit Without Changes,633,3 AVENUE,MANHATTAN,7502,1037174,1314,106,Open Space,Sidewalk Shed,GC,018914,PHILIP,SUSI,ARSENAL SCAFFOLD INC,95 JERSEY STREET,HANCE,MERCEDES,SYNERGY BUILDING CONSULTANTS,2023-06-28T00:00:00.000,2025-06-02T00:00:00.000,2026-06-02T04:00:00.000,"Installation of temporary heavy duty sidewalk shed per plan submitted. Work shall comply with 2022 building codes chapter 33. No change in use, egress and/or occupancy with this application.",1,SANDHURST ASSOCIATES LTD.,JOHN BUCKLEY,Permit Issued,256197509,10017,40.74991,-73.975061,106,4,1013147502,88,Murray Hill-Kips Bay,,
M01126513-I1,M01126513-I1-SH,2,Renewal Permit Without Changes,365,5 AVENUE,MANHATTAN,7502,1017097,864,105,Open Space,Sidewalk Shed,GC,623458,TANUPREET,KAUR,BK CONSTRUCTION SVCS INC,87-89 256TH STREET,,,,2024-10-18T00:00:00.000,2025-10-17T00:00:00.000,2026-10-17T04:00:00.000,"INSTALLATION OF 1300' NEW SIDEWALK SHED AS INDICATED ON PLANS. THERE WILL BE NO CHANGE IN THE USE, EGRESS, OR OCCUPANCY UNDER THIS APPLICATION",7500,BK CONSTRUCTIONDBA SRT CONSTRUCTION,TANUPREET KAUR,Permit Issued,987646695,10016,40.748822,-73.984268,105,4,1008647502,74,Midtown South-Flatiron-Union Square,,
M01205926-I1,M01205926-I1-SC,1,Initial Permit,200,PARK AVENUE,MANHATTAN,9010,1085735,1280,105,,Suspended Scaffold,S,000197,JOSEPH,CALVANO,A.M.A HOLDINGS INC,"268 WEST 44TH STREET, 5TH FL",ROBERT,FAUERBACH,LOMBARDO BUILDING CONSULTANTS,2025-04-14T00:00:00.000,2025-04-14T00:00:00.000,2026-04-14T04:00:00.000,"Application for the installation and use of suspended scaffold as per plans filed herein. No change in egress, use, or occupancy.",0,Not Applicable,Mark Landstrom,Permit Issued,527843252,10017,40.754162,-73.976557,105,4,1012809010,92,East Midtown-Turtle Bay,,
M00605550-I1,M00605550-I1-SH,5,Renewal Permit Without Changes,541,LEXINGTON AVENUE,MANHATTAN,20,1036441,1304,106,Open Space,Sidewalk Shed,GC,001982,JERIMIAH,HARRINGTON,ROCKLEDGE SCAFFOLD CORP,808 NEPPERHAN AVENUE,ELY,SEPULVEDA,AE DESIGN SOLUTION INC.,2021-10-28T00:00:00.000,2025-10-30T00:00:00.000,2026-10-30T04:00:00.000,"INSTALLATION OF TEMPORARY SIDEWALK SHED AS PER PLANS. NO CHANGE IN USE, EGRESS OR OCCUPANCY.",1,MAXWELL HOTEL NYC,BRIAN DUNN,Permit Issued,689515562,10022,40.756129,-73.972618,106,4,1013040020,100,East Midtown-Turtle Bay,,
M01190338-I1,M01190338-I1-SF,2,Renewal Permit Without Changes,309,EAST   49 STREET,Manhattan,7501,1039489,1342,106,"Open Space, Roof, Roof Terrace 016 through 022",Supported Scaffold,GC,622585,MOHAMMAD,SHAMSHAD,EXPERT PAINTING INC,"12619 22ND AVE, FL 2",ELY,SEPULVEDA,AE DESIGN SOLUTION INC.,2025-05-15T00:00:00.000,2025-08-01T00:00:00.000,2026-08-01T04:00:00.000,"INSTALLATION OF TEMPORARY PIPE SCAFFOLD AS PER PLANS. NO CHANGE IN USE, EGRESS OR OCCUPANCY.",1,"HALSTEAD MANAGEMENT, LLC",alfred Nicasio,Permit Issued,306565699,10017,40.754053,-73.968494,106,4,1013427501,98,East Midtown-Turtle Bay,,
M00986247-I1,M00986247-I1-SH,3,Renewal Permit Without Changes,381,PARK AVENUE SOUTH,MANHATTAN,85,1018159,882,105,Open Space,Sidewalk Shed,GC,623088,RENE,NUNEZ,ANDAMIO SCAFFOLDING LLC,20 BURLING LANE (BOX 4-1),,,,2024-01-12T00:00:00.000,2025-12-05T00:00:00.000,2026-07-19T04:00:00.000,"INSTALLATION OF TEMPORARY HEAVY DUTY SIDEWALK SHED AS PER PLANS. NO CHANGE IN USE, EGRESS OR OCCUPANCY. SIDEWALK SHED SHALL COMPLY WITH CHAPTER #33 OF 2022 THE NYC BUILDING CODE. LIVE LOAD 300PSF.",1000,ATCO PROPERTIES & MGMT,KATHERINE GOODMAN,Permit Issued,398077369,10016,40.742534,-73.984641,105,2,1008820085,68,Gramercy,,
M00847744-I1,M00847744-I1-SH,4,Renewal Permit Without Changes,730,THIRD AVENUE,MANHATTAN,33,1036195,1300,106,Sidewalk,Sidewalk Shed,GC,027194,MATTHEW,CARUSO,EXTERIOR WALL & BUILDING,72 WHITEHALL STREET,ANDREW,SANTORO,"PATUXENT ENGINEERING, LLC",2023-03-27T00:00:00.000,2025-12-31T00:00:00.000,2026-12-31T05:00:00.000,"INSTALLATION OF SIDEWALK SHED IN ACCORDANCE WITH NYCC 2022 CHAPTER 33 BUILDING CODES. NO CHANGE IN EGRESS, USE, OR OCCUPANCY.",1000,CUSHMAN & WAKEFIELD,ASHLEY WILLIAMS,Permit Issued,575538252,10017,40.752792,-73.972988,106,4,1013000033,92,East Midtown-Turtle Bay,,
M01057565-I1,M01057565-I1-SC,3,Renewal Permit Without Changes,324,EAST   41 STREET,Manhattan,42,1080450,1333,106,,Suspended Scaffold,R,005602,MIGUEL,BRION,CANIDO BASONAS CONST. COR,314 48TH STREET,,,,2024-06-11T00:00:00.000,2026-01-29T00:00:00.000,2026-12-13T00:00:00.000,INSTALLATION OF OUTRIGGERS AND HOIST FOR FACADE REPAIR AND INSPECTION,0,FIRST SERVICE RESIDENTIAL,,Signed-off,613980488,10017,40.748836,-73.971957,106,4,1013330042,88,Murray Hill-Kips Bay,,
M01027072-I1,M01027072-I1-SH,2,Renewal Permit Without Changes,445,5 AVENUE,MANHATTAN,7501,1017603,869,105,Open Space,Sidewalk Shed,GC,604361,RANDY,POLUMBO,PLANT CONSTRUCTION LLC,"181 BROADWAY, 5TH FL",JEEWAN,ITWARIE,A1 EXPEDITING SERVICE CORP.,2024-07-17T00:00:00.000,2025-06-17T00:00:00.000,2026-06-17T04:00:00.000,"HEAVY DUTY SIDEWALK SHED DURING BLDG ALTERATION, FILED SEP. SIDEWALK SHED SHALL COMPLY WITH CH #33 OF THE NYC BC. NO CHANGE IN USE, OCCUPANCY OR EGRESS UNDER THIS APPLICATION.",16000,PLANT CONSTRUCTION LLC,RANDY POLUMBO,Permit Issued,318884065,10016,40.751512,-73.981864,105,4,1008697501,82,Midtown-Times Square,,
M01214252-I1,M01214252-I1-SC,1,Initial Permit,11,EAST   36 STREET,MANHATTAN,7501,1017178,866,105,,Suspended Scaffold,R,006422,DARIUSZ,BABEL,PRAT ENTERPRISES CORP,257 KENT STREET,CHRISTOPHER,BOWLES,UPGRADE CONTRACTING CO,2025-04-29T00:00:00.000,2025-05-07T00:00:00.000,2026-05-07T04:00:00.000,INSTALLATION AND USE OF SUSPENDED SCAFFOLD FOR FACADE RESTORATION/INSPECTION AS PER PLANS SUBMITTED,0,DOUGLAS ELLIMAN PROPERTY MANAGEMENT,,Permit Issued,342625275,10016,40.749434,-73.982911,105,4,1008667501,82,Midtown-Times Square,D,R
M01315426-I1,M01315426-I1-SH,1,Initial Permit,355,LEXINGTON AVENUE,MANHATTAN,23,1036147,1295,106,Ground Floor,Construction Fence,GC,018914,PHILIP,SUSI,ARSENAL SCAFFOLD INC,95 JERSEY STREET,,,,2025-11-26T00:00:00.000,2025-11-26T00:00:00.000,2026-11-26T05:00:00.000,"INSTALLATION OF HEAVY DUTY SIDEWALK SHED AND CONSTRUCTION PLYWOOD FENCE AS PER PLANS. TEMPORARY EQUIPMENT SHALL COMPLY WITH CHAPTER #33 OF THE 2022 CODE. NO CHANGE IN USE, EGRESS OR OCCUPANCY UNDER THIS APPLICATION.",27000,RUDIN MANAGEMENT INC,Paul Mandel,Permit Issued,508138934,10016,40.750064,-73.976739,106,4,1012950023,80,Murray Hill-Kips Bay,,
M00970496-I1,M00970496-I1-SC,3,Renewal Permit Without Changes,60,EAST   42 STREET,MANHATTAN,42,1035335,1276,,,Suspended Scaffold,R,006135,JOSE,GARCIA,TITAN CONST SERVICES LLC,153 WEST 27TH STREET #403,,,,2023-12-07T00:00:00.000,2025-04-14T00:00:00.000,2026-04-13T04:00:00.000,Installation of temporary suspended scaffold for facade inspection and repair.,0,ESRT,,Permit Issued,748344305,10017,40.752612,-73.978853,105,4,1012760042,82,Midtown-Times Square,,
M01209852-I1,M01209852-I1-SC,1,Initial Permit,245,PARK AVENUE,Manhattan,1,1036205,1301,105,,Suspended Scaffold,R,007639,JEAN,CORTEZ NIEVES,STRUCTUAL PRESV SYSTEM,35-21 VERNON BLVD,BETHANY,TROXELL,SMEP DESIGN & CONSULTATION LLC,2025-05-15T00:00:00.000,2025-05-16T00:00:00.000,2026-05-16T04:00:00.000,FISP INSPECTION (Facade Inspection Safety Program). INDUSTRIAL ROPE ACCESS TECHNIQUES AND METHODS. SEE ATTACHED PLANS. Designated Primary Site supervisor: Jesus Decola,0,SL GREEN REALTY CORP,,Permit Issued,369097664,10017,40.754126,-73.974482,105,4,1013010001,92,East Midtown-Turtle Bay,,C
M01002619-I1,M01002619-I1-SC,3,Renewal Permit Without Changes,108,EAST   38 STREET,MANHATTAN,82,1019118,893,106,,Suspended Scaffold,R,006102,ASIM,MAHMOOD,KAT RESTORATION INC,"72-10 37TH AVENUE, SUITE#PR 1B",,,,2024-02-16T00:00:00.000,2025-05-09T00:00:00.000,2026-05-09T04:00:00.000,"HANGING SCAFFOLD OUT RIGGER SYSTEM AT 108 EAST 38TH STREET, MANHATTAN",0,KAT RESTORATIONINC INC,,Permit Issued,290718659,10016,40.749384,-73.979002,106,4,1008930082,80,Murray Hill-Kips Bay,,
M01034864-I1,M01034864-I1-SC,3,Renewal Permit Without Changes,304,EAST   41 STREET,Manhattan,42,1080448,1333,106,,Suspended Scaffold,R,005602,MIGUEL,BRION,CANIDO BASONAS CONST. COR,314 48TH STREET,MU/RO/BR/SE,KH/SC/GA/DA,MUNICIPAL BUILDING CONSULTANTS,2024-06-07T00:00:00.000,2026-01-29T00:00:00.000,2026-12-13T00:00:00.000,INSTALLATION OF OUTRIGGERS FOR FACADE REPAIR AND INSPECTION,0,FIRST SERVICE RESIDENTIAL,DAVID VON HOLLWEG,Signed-off,242338399,10017,40.749017,-73.972383,106,4,1013330042,88,Murray Hill-Kips Bay,,A
M00858170-I1,M00858170-I1-SH,4,Renewal Permit Without Changes,8,EAST   41 STREET,MANHATTAN,66,1035327,1275,105,Open Space,Sidewalk Shed,GC,615196,IRENEUSZ,JANCZYK,NOVA CONSTRUCTION SERVICE,129 FRANKLIN STREET,ELY,SEPULVEDA,AE DESIGN SOLUTION INC.,2023-06-28T00:00:00.000,2025-12-19T00:00:00.000,2026-12-19T05:00:00.000,"INSTALLATION OF TEMPORARY SIDEWALK SHED AS PER PLANS. NO CHANGE IN USE, EGRESS OR OCCUPANCY.",1,BERIK MANAGEMENT,RIKIN SHETH,Permit Issued,210140455,10017,40.752598,-73.980878,105,4,1012750066,82,Midtown-Times Square,,
M01390618-I1,M01390618-I1-SF,1,Initial Permit,413,EAST   50 STREET,Manhattan,105,1040119,1362,106,Open Space,Supported Scaffold,GC,623088,RENE,NUNEZ,ANDAMIO SCAFFOLDING LLC,20 BURLING LANE (BOX 4-1),ALDI,DILO,"Rigid Structural Design, LLC",2026-04-23T00:00:00.000,2026-04-23T00:00:00.000,2027-02-17T05:00:00.000,"Installation of a temporary supported scaffold per plan submitted. Work shall comply with 2022 building codes chapter 33. No change in use, egress and/or occupancy with this application.",5000,Not Applicable,Jeffrey Willoughby,Signed-off,605584092,10022,40.753715,-73.965744,106,4,1013620105,8603,East Midtown-Turtle Bay,,
M01228437-I1,M01228437-I1-SC,1,Initial Permit,420,LEXINGTON AVENUE,Manhattan,7501,1035385,1280,105,,Suspended Scaffold,R,007639,JEAN,CORTEZ NIEVES,STRUCTUAL PRESV SYSTEM,35-21 VERNON BLVD,BETHANY,TROXELL,SMEP DESIGN & CONSULTATION LLC,2025-05-27T00:00:00.000,2025-05-28T00:00:00.000,2026-05-28T04:00:00.000,FISP INSPECTION (Facade Inspection Safety Program). INDUSTRIAL ROPE ACCESS TECHNIQUES AND METHODS. SEE ATTACHED PLANS. Designated Primary Site supervisor: Jesus Decola,0,SL GREEN REALTY CORP,,Permit Issued,161236162,10170,40.752262,-73.975464,105,4,1012807501,92,East Midtown-Turtle Bay,,C
M01043385-I1,M01043385-I1-SH,2,Renewal Permit Without Changes,302,5 AVENUE,MANHATTAN,38,1015816,833,105,Sidewalk,Sidewalk Shed,GC,602114,JOSEPH,CERINA,CEPRINE CONSTRUCTION INC,41-08 BERRIAN BLVD,,,,2024-05-02T00:00:00.000,2025-04-30T00:00:00.000,2026-04-30T04:00:00.000,"INSTALLATION OF 300 PSF SIDEWALK SHED AS PER PLANS. ALL EQUIPMENT SHALL COMPLY WITH CHAPTER #33 OF THE 2022 CODE. NO CHANGE IN USE, EGRESS OR OCCUPANCY UNDER THIS APPLICATION.",5000,302 FIFTH LLC,DAVID KOEPPEL,Signed-off,590219882,10001,40.746681,-73.985856,105,3,1008330038,76,Midtown South-Flatiron-Union Square,,
M01290309-I1,M01290309-I1-SC,1,Initial Permit,16,WEST   40 STREET,MANHATTAN,7501,1090404,841,105,,Suspended Scaffold,R,000176,GEORGE,COLE,COLE NYC LLC,127 WEST 26TH STREET,,,,2025-10-20T00:00:00.000,2025-10-20T00:00:00.000,2026-10-20T04:00:00.000,inspect window and frames,0,,,Signed-off,274607003,10018,40.751904,-73.983026,105,4,1008417501,84,Midtown-Times Square,,
M01211665-I1,M01211665-I1-SC,1,Initial Permit,1114,6 AVENUE,MANHATTAN,9,1034196,1258,105,,Suspended Scaffold,R,005633,BENJAMIN,RUSI,BENJAMIN MAINTENANCE,104 22ND STREET,ELY,SEPULVEDA,AE DESIGN SOLUTION INC.,2025-04-18T00:00:00.000,2025-04-22T00:00:00.000,2026-04-22T04:00:00.000,"Installation of suspended scaffold for facade work and/or inspection.  Amend #2, added scaffold drops",0,BROOKFIELD PROPERTIES,,Permit Issued,573226988,10036,40.755234,-73.983819,105,4,1012580009,96,Midtown-Times Square,,
M01217673-I1,M01217673-I1-SH,1,Initial Permit,33,WEST   37 STREET,MANHATTAN,7503,1084661,839,105,Open Space,Sidewalk Shed,GC,623088,RENE,NUNEZ,ANDAMIO SCAFFOLDING LLC,20 BURLING LANE (BOX 4-1),ALDI,DILO,"Rigid Structural Design, LLC",2025-05-01T00:00:00.000,2025-05-01T00:00:00.000,2026-04-01T04:00:00.000,"Installation of a temporarily heavy-duty sidewalk shed per plan submitted. Work shall comply with 2022 building codes chapter 33. No change in use, egress and/or occupancy with this application.",5000,"MARRIOTT VACATION CLUB PULSE, NEW Y",Orlando Carrasquillo,Signed-off,930276926,10018,40.750864,-73.98439,105,4,1008397503,84,Midtown-Times Square,,
M01300993-I1,M01300993-I1-SH,1,Initial Permit,19,WEST   31 STREET,MANHATTAN,28,1015811,833,105,Open Space,Sidewalk Shed,GC,623088,RENE,NUNEZ,ANDAMIO SCAFFOLDING LLC,20 BURLING LANE (BOX 4-1),,,,2025-10-14T00:00:00.000,2025-10-30T00:00:00.000,2026-04-01T00:00:00.000,"INSTALLATION OF TEMPORARY HEAVY DUTY SIDEWALK SHED AS PER PLANS. NO CHANGE IN USE, EGRESS OR OCCUPANCY. SIDEWALK SHED SHALL COMPLY WITH CHAPTER #33 OF 2022 THE NYC BUILDING CODE. LIVE LOAD 300PSF.",1000,CAPSTONE EQUITIES,Justin Adelipour,Signed-off,368004907,10001,40.746956,-73.986917,105,3,1008330028,76,Midtown South-Flatiron-Union Square,,
M00992243-S1,M00992243-S1-SH,4,Renewal Permit Without Changes,11,WEST   42 STREET,MANHATTAN,21,1034198,1258,105,Open Space,Sidewalk Shed,GC,607447,WILLIAM,LAFFEY,SPRING SCAFFOLDING LLC,49-30 31ST PLACE,MD TOHFAZ,UDDIN,TOHFAZ UDDIN PE PC,2024-02-02T00:00:00.000,2026-03-04T00:00:00.000,2026-06-02T00:00:00.000,"INSTALLATION OF TEMPORARY SIDEWALK SHED AS PER  PLAN. NO CHANGE IN USE,EGRESS OR OCCUPANCY",1,SPRING SCAFFOLDING LLC,George Shoshilos,Signed-off,178201175,10036,40.75379,-73.981599,105,4,1012580021,96,Midtown-Times Square,,
M01008223-I1,M01008223-I1-SC,4,Renewal Permit Without Changes,11,WEST   42 STREET,Manhattan,21,1034198,1258,105,,Suspended Scaffold,R,006280,JOSE,ADORNO,IGH RESTORATION LLC,99 WALL STREET UNIT 1190,,,,2024-03-01T00:00:00.000,2026-01-05T00:00:00.000,2026-12-31T05:00:00.000,"Amend #1, added outrigger detail.",0,PR,,Permit Issued,576553533,10036,40.75379,-73.981599,105,4,1012580021,96,Midtown-Times Square,,
M01092668-I1,M01092668-I1-SH,2,Renewal Permit Without Changes,105,LEXINGTON AVENUE,MANHATTAN,25,1076152,883,106,Open Space,Sidewalk Shed,GC,603235,CHARLES,TALISSE,CS BRIDGE CORP,1470 BRUCKNER BLVD,,,,2024-08-08T00:00:00.000,2025-07-28T00:00:00.000,2026-04-01T00:00:00.000,"Installation of temporary sidewalk shed per plan submitted. Work shall comply with 2022 building codes chapter 33. No change in use, egress and/or occupancy with this application.",1,BETTINA EQUITIES MANAGEMENT LLC,Benny Caiola,Signed-off,231090007,10016,40.742278,-73.982714,106,2,1008830025,68,Gramercy,,
M00683005-I1,M00683005-I1-FN,5,Renewal Permit Without Changes,530,FIRST AVENUE,MANHATTAN,7501,1081694,962,106,Open Space,Construction Fence,GC,002341,CHRISTOPHER,EVANS,UNIVERSAL BUILD SUPP LLC,27 HORTON AVENUE,JOLANTA,SLIWINSKI,"EUROCELT EXPEDITING, INC",2022-02-24T00:00:00.000,2026-02-17T00:00:00.000,2026-09-30T00:00:00.000,"INSTALLATION OF A TEMPORARY CONSTRUCTION FENCE AS PER PLANS. NO CHANGE IN USE, EGRESS OR OCCUPANCY UNDER THIS APPLICATION. FENCE TO COMPLY WITH 2014 NYC BUILDING CODE, CHAPTER 33.",5000,NYU LANGONE MEDICAL CENTER,RICHARD COHEN,Permit Issued,881010909,10016,40.741533,-73.97514,106,4,1009627501,62,Murray Hill-Kips Bay,,
M01327108-I1,M01327108-I1-SH,2,Renewal Permit Without Changes,35,EAST   35 STREET,MANHATTAN,24,1017125,865,106,Open Space,Sidewalk Shed,GC,622709,GABRIEL,SERAFIN,NEW AMSTERDAM RESTORATION,60-06 55TH DRIVE,ALDI,DILO,"Rigid Structural Design, LLC",2025-12-12T00:00:00.000,2026-03-13T00:00:00.000,2026-06-11T04:00:00.000,"Installation of a temporarily heavy-duty sidewalk shed per plan submitted. Work shall comply with 2022 building codes chapter 33. No change in use, egress and/or occupancy with this application.",2500,PR,FirstService Residential,Signed-off,361649897,10016,40.74833,-73.982207,106,4,1008650024,82,Midtown-Times Square,,
M01089037-I1,M01089037-I1-SC,2,Renewal Permit Without Changes,216,EAST   47 STREET,MANHATTAN,7502,1037840,1320,106,,Suspended Scaffold,R,005976,RUBEN,RODRIGUEZ,NEWMARK SOLUTIONS CORP,"120 BROADWAY, 36TH FLOOR",,,,2024-08-23T00:00:00.000,2025-10-20T00:00:00.000,2026-06-13T00:00:00.000,INSTALLATION OF OUTRIGGERS FOR FACADE REPAIR AND INSPECTION,0,PR,,Signed-off,300789657,10017,40.753686,-73.971547,106,4,1013207502,90,East Midtown-Turtle Bay,,
M01111395-I1,M01111395-I1-SC,2,Renewal Permit Without Changes,320,EAST   42 STREET,MANHATTAN,41,1038656,1334,106,,Suspended Scaffold,R,006236,IRENEUSZ,JANCZYK,NOVA RESTORATION LLC,75 KENT STREET,ROBERT,FAUERBACH,LOMBARDO BUILDING CONSULTANTS,2024-10-09T00:00:00.000,2025-10-02T00:00:00.000,2026-10-02T04:00:00.000,"Application for the installation and use of suspended scaffold as per plans filed herein. No change in egress, use, or occupancy.",0,"AKAM ASSOCIATES, INC.",Christopher Alker,Permit Issued,228167221,10017,40.74961,-73.971719,106,4,1013340041,88,Murray Hill-Kips Bay,,
M01034934-I1,M01034934-I1-SC,3,Renewal Permit Without Changes,314,EAST   41 STREET,Manhattan,42,1080449,1333,106,,Suspended Scaffold,R,005602,MIGUEL,BRION,CANIDO BASONAS CONST. COR,314 48TH STREET,,,,2024-05-23T00:00:00.000,2026-01-29T00:00:00.000,2026-12-13T00:00:00.000,INSTALLATION OF OUTRIGGERS AND HOIST FOR FACADE REPAIR AND INSPECTION,0,FIRST SERVICE RESIDENTIAL,,Signed-off,427524157,10017,40.748888,-73.97208,106,4,1013330042,88,Murray Hill-Kips Bay,,
M01144075-S1,M01144075-S1-SC,2,Renewal Permit Without Changes,303,FIFTH AVENUE,MANHATTAN,1,1016981,861,105,,Suspended Scaffold,R,006292,RENE,RODRIGUEZ JR,POFI CONSTRUCTION CORP,1177 EAST 156TH STREET,Jose,Evangelista,Hierarch-E LLC,2025-01-21T00:00:00.000,2025-12-23T00:00:00.000,2026-09-26T00:00:00.000,Suspended Scaffold installation as per plans filed herewith.,0,303 FIFTH AVENUE INC.,George Kabbez,Permit Issued,718301846,10016,40.746679,-73.985835,105,4,1008610001,74,Midtown South-Flatiron-Union Square,,
M00806074-S1,M00806074-S1-SF,1,Initial Permit,401,5 AVENUE,Manhattan,76,1017190,866,105,Facade,Supported Scaffold,GC,001982,JERIMIAH,HARRINGTON,ROCKLEDGE SCAFFOLD CORP,808 NEPPERHAN AVENUE,JEEWAN,ITWARIE,A1 EXPEDITING SERVICE CORP.,2026-04-10T00:00:00.000,2026-04-10T00:00:00.000,2027-03-31T00:00:00.000,"TEMPORARY PIPE SCAFFOLD AS PER DRAWINGS. SCAFFOLD SHALL COMPLY WITH CH #33 OF THE NYC BC. NO CHANGE IN USE, OCCUPANCY OR EGRESS UNDER THIS APPLICATION.",5000,THE CHETRIT GROUP,Vincent Chanona,Permit Issued,135179104,10016,40.749986,-73.98342,105,4,1008660076,82,Midtown-Times Square,,
M01224163-I1,M01224163-I1-SH,2,Renewal Permit Without Changes,383,MADISON AVENUE,MANHATTAN,21,1035404,1282,105,Open Space,Sidewalk Shed,GC,608211,ERIK,OH,"SAFWAY ATLANTIC, LLC",700 COMMERCIAL AVENUE,JEEWAN,ITWARIE,A1 EXPEDITING SERVICE CORP.,2025-05-19T00:00:00.000,2025-09-25T00:00:00.000,2026-09-25T04:00:00.000,"HEAVY DUTY URBAN SIDEWALK SHED DURING BLDG RENOVATIONS FILED UNDER APPL #M01224609. URBAN SIDEWALK SHED SHALL COMPLY WITH CH #33 OF THE NYC BC. NO CHANGE IN USE, OCCUPANCY OR EGRESS UNDER THIS APPLICATION.",10000,"SAFWAY ATLANTIC, LLC",Eric Guhring,Permit Issued,875731790,10017,40.755257,-73.977477,105,4,1012820021,94,Midtown-Times Square,,
M00960461-I1,M00960461-I1-SH,3,Renewal Permit Without Changes,320,EAST   42 STREET,MANHATTAN,41,1038656,1334,,Open Space,Sidewalk Shed,GC,615196,IRENEUSZ,JANCZYK,NOVA CONSTRUCTION SERVICE,129 FRANKLIN STREET,ELY,SEPULVEDA,AE DESIGN SOLUTION INC.,2023-12-14T00:00:00.000,2025-12-11T00:00:00.000,2026-12-11T05:00:00.000,"INSTALLATION OF TEMPORARY SIDEWALK SHED AS PER PLANS. NO CHANGE IN USE, EGRESS OR OCCUPANCY.",1,"AKAM ASSOCIATES, INC.",CHRISTOPHER ALKER,Permit Issued,718962860,10017,40.74961,-73.971719,106,4,1013340041,88,Murray Hill-Kips Bay,,
M00960453-I1,M00960453-I1-SF,3,Renewal Permit Without Changes,320,EAST   42 STREET,MANHATTAN,41,1038656,1334,,"Floor Number(s) 001 through 032, Ground Floor, Open Space, Roof Terrace 017 through 029",Supported Scaffold,GC,615196,IRENEUSZ,JANCZYK,NOVA CONSTRUCTION SERVICE,129 FRANKLIN STREET,ELY,SEPULVEDA,AE DESIGN SOLUTION INC.,2023-12-20T00:00:00.000,2025-12-05T00:00:00.000,2026-12-05T05:00:00.000,"INSTALLATION OF TEMPORARY PIPE SCAFFOLD AS PER PLANS. NO CHANGE IN USE, EGRESS OR OCCUPANCY.",1,"AKAM ASSOCIATES, INC.",CHRISTOPHER ALKER,Permit Issued,399815939,10017,40.74961,-73.971719,106,4,1013340041,88,Murray Hill-Kips Bay,,
M01007390-I1,M01007390-I1-SH,3,Renewal Permit Without Changes,271,MADISON AVENUE,Manhattan,20,1017589,869,106,Ground Floor,Sidewalk Shed,GC,620008,ANDIS,HARASANI,BHA CONSULTANTS LLC,2319 80TH STREET,,,,2024-02-20T00:00:00.000,2025-04-28T00:00:00.000,2026-04-28T04:00:00.000,"INSTALLATION OF 300PSF SIDEWALK SHED AS PER PLANS. ALL EQUIPMENT SHALL COMPLY WITH CH #33 OF THE NYC CODE 2022. NO CHANGE IN USE, OCCUPANCY OR EGRESS UNDER THIS APPLICATION.",9000,BHA CONSULTANTS LLC,ANDIS HARASANI,Permit Issued,424484334,10016,40.751179,-73.98046,106,4,1008690020,82,Midtown-Times Square,,
M01277061-I1,M01277061-I1-SC,1,Initial Permit,225,EAST   36 STREET,Manhattan,17,1020204,917,106,,Suspended Scaffold,R,006104,STEVE,MARKU,COLGATE RESTORATION CORP,147 28TH STREET,MEGAN,TROXELL,"Rigging Consultants, Inc.",2025-09-03T00:00:00.000,2025-09-04T00:00:00.000,2026-09-04T04:00:00.000,Suspended Scaffold for Facade Restoration,0,PR,,Permit Issued,614505068,10016,40.746551,-73.976083,106,4,1009170017,78,Murray Hill-Kips Bay,,
M01369936-I1,M01369936-I1-SF,1,Initial Permit,90,LEXINGTON AVENUE,MANHATTAN,7502,1018153,882,105,"Floor Number(s) 001 through 014, Open Space, Roof",Supported Scaffold,GC,615196,IRENEUSZ,JANCZYK,NOVA CONSTRUCTION SERVICE,129 FRANKLIN STREET,ELY,SEPULVEDA,AE DESIGN SOLUTION INC.,2026-03-16T00:00:00.000,2026-03-16T00:00:00.000,2026-12-31T05:00:00.000,"INSTALLATION OF TEMPORARY PIPE SCAFFOLD AS PER PLANS. NO CHANGE IN USE, EGRESS OR OCCUPANCY.",1,"GUMLEY HAFT, LLC",TATIANA NIZGURETSKY,Permit Issued,120753933,10016,40.741751,-73.983126,105,2,1008827502,68,Gramercy,,
M01378791-I1,M01378791-I1-SF,1,Initial Permit,247,EAST   39 STREET,Manhattan,27,1020377,920,106,Facade,Supported Scaffold,GC,623037,MUHAMMAD,ALI,SARDAR RESTORATION CORP,2770 FISH AVE,,,,2026-03-27T00:00:00.000,2026-03-27T00:00:00.000,2027-03-02T05:00:00.000,"INSTALLATION OF TEMPORARY PIPE SCAFFOLD FOR EXTERIOR REPAIRS AS PER DRAWINGS.  SCAFFOLD SHALL COMPLY WITH CH #33 OF THE 2022 NYC BUILDING CODE. NO CHANGE IN USE, OCCUPANCY OR EGRESS UNDER THIS APPLICATION.  SIDEWALK SHED FILED ON A SEPARATE APPLICATION.",9000,SARDAR RESTORATION CORP,MUHAMMAD ALI,Permit Issued,260184509,10016,40.748288,-73.974444,106,4,1009200027,88,Murray Hill-Kips Bay,,S
M01153239-I1,M01153239-I1-SC,2,Renewal Permit Without Changes,345,PARK AVENUE SOUTH,MANHATTAN,1,1018102,881,105,,Suspended Scaffold,R,006236,IRENEUSZ,JANCZYK,NOVA RESTORATION LLC,75 KENT STREET,ALDI,DILO,"Rigid Structural Design, LLC",2025-02-07T00:00:00.000,2026-02-09T00:00:00.000,2026-12-31T05:00:00.000,Installation of a suspended scaffold for Facade Inspection and repair as per plan submitted. No change to egress or occupancy.,0,345 PAS HOLDINGS LLC,KAREN NOY,Permit Issued,371825484,10010,40.74156,-73.985352,105,2,1008810001,68,Gramercy,,
M01005765-I1,M01005765-I1-SF,3,Renewal Permit Without Changes,530,1 AVENUE,MANHATTAN,7501,1081694,962,106,"Floor Number(s) 002 through 006, Open Space",Supported Scaffold,GC,002341,CHRISTOPHER,EVANS,UNIVERSAL BUILD SUPP LLC,27 HORTON AVENUE,JOLANTA,SLIWINSKI,"EUROCELT EXPEDITING, INC",2024-02-26T00:00:00.000,2026-02-17T00:00:00.000,2026-09-30T00:00:00.000,"INSTALLATION OF A TEMPORARY SCAFFOLD AS PER PLANS. NO CHANGE IN USE, EGRESS OR OCCUPANCY. SCAFFOLD INSTALLED IN ACCORDANCE WITH 2022 NYC BUILDING CODE, CHAPTER 33.",5000,NYU LANGONE MEDICAL CENTER,RICHARD COHEN,Permit Issued,645649832,10016,40.741533,-73.97514,106,4,1009627501,62,Murray Hill-Kips Bay,,
M01339220-I1,M01339220-I1-SF,1,Initial Permit,45,EAST   34 STREET,Manhattan,27,1017099,864,106,Facade,Supported Scaffold,GC,621472,LUCIO.GIL,RUMALDO,RELIABLE ENTERPRISES INC,1431 BRUCKNER BOULEVARD,,,,2026-01-14T00:00:00.000,2026-02-02T00:00:00.000,2027-01-18T05:00:00.000,"PROPOSED INSTALLATION OF TEMPORARY PIPE SCAFFOLD AS PER PLANS. WORK SHALL COMPLY WITH CHAPTER #33 OF THE NYC BUILDING CODE. NO CHANGE IN USE, OCCUPANCY, OR EGRESS UNDER THIS APPLICATION.",8000,RELIABLE ENTERPRISES INC,LUCIO.GIL RUMALDO,Permit Issued,647347770,10016,40.747573,-73.982482,106,4,1008640027,74,Midtown South-Flatiron-Union Square,,
M01378785-I1,M01378785-I1-SF,1,Initial Permit,245,EAST   39 STREET,Manhattan,26,1020376,920,106,Facade,Supported Scaffold,GC,623037,MUHAMMAD,ALI,SARDAR RESTORATION CORP,2770 FISH AVE,,,,2026-03-27T00:00:00.000,2026-03-27T00:00:00.000,2027-03-02T05:00:00.000,"INSTALLATION OF TEMPORARY PIPE SCAFFOLD FOR EXTERIOR REPAIRS AS PER DRAWINGS.  SCAFFOLD SHALL COMPLY WITH CH #33 OF THE 2022 NYC BUILDING CODE. NO CHANGE IN USE, OCCUPANCY OR EGRESS UNDER THIS APPLICATION.  SIDEWALK SHED FILED ON A SEPARATE APPLICATION.",9000,SARDAR RESTORATION CORP,MUHAMMAD ALI,Permit Issued,425122638,10016,40.748299,-73.974469,106,4,1009200026,88,Murray Hill-Kips Bay,,S
M00421670-I1,M00421670-I1-SF,6,Renewal Permit Without Changes,125,EAST 47 STREET,MANHATTAN,23,1036210,1302,106,"Facade, Open Space",Supported Scaffold,GC,609527,PITOR,SIWIEC,PHOENIX SUTTON STR INC,128 SUTTON STREET,,,,2020-11-05T00:00:00.000,2025-10-14T00:00:00.000,2026-10-14T04:00:00.000,"INSTALLATION OF TEMPORARY HEAVY DUTY SIDEWALK SHED AND PIPE SCAFFOLD  AS PER PLANS. NO CHANGE IN USE, EGRESS OR OCCUPANCY.SIDEWALK SHED SHALL COMPLY WITH CHAPTER #33 OF THE NYC BUILDING CODE.LIVE LOAD 300PSF.",1000,PHOENIX SUTTON STR INC,PIOTR SIWIEC,Permit Issued,162435475,10017,40.754502,-73.973431,106,4,1013020023,92,East Midtown-Turtle Bay,,
M00421670-I1,M00421670-I1-SF,6,Renewal Permit Without Changes,125,EAST 47 STREET,MANHATTAN,23,1036210,1302,106,"Facade, Open Space",Sidewalk Shed,GC,609527,PITOR,SIWIEC,PHOENIX SUTTON STR INC,128 SUTTON STREET,,,,2020-11-05T00:00:00.000,2025-10-14T00:00:00.000,2026-10-14T04:00:00.000,"INSTALLATION OF TEMPORARY HEAVY DUTY SIDEWALK SHED AND PIPE SCAFFOLD  AS PER PLANS. NO CHANGE IN USE, EGRESS OR OCCUPANCY.SIDEWALK SHED SHALL COMPLY WITH CHAPTER #33 OF THE NYC BUILDING CODE.LIVE LOAD 300PSF.",1000,PHOENIX SUTTON STR INC,PIOTR SIWIEC,Permit Issued,162435475,10017,40.754502,-73.973431,106,4,1013020023,92,East Midtown-Turtle Bay,,
M00421655-I1,M00421655-I1-SH,6,Renewal Permit Without Changes,123,EAST 47 STREET,MANHATTAN,22,1036209,1302,106,"Facade, Open Space",Sidewalk Shed,GC,609527,PITOR,SIWIEC,PHOENIX SUTTON STR INC,128 SUTTON STREET,,,,2020-11-05T00:00:00.000,2025-10-15T00:00:00.000,2026-10-15T04:00:00.000,"INSTALLATION OF TEMPORARY HEAVY DUTY SIDEWALK SHED AND PIPE SCAFFOLD  AS PER PLANS. NO CHANGE IN USE, EGRESS OR OCCUPANCY.SIDEWALK SHED SHALL COMPLY WITH CHAPTER #33 OF THE NYC BUILDING CODE.LIVE LOAD 300PSF.",1000,PHOENIX SUTTON STR INC,PIOTR SIWIEC,Permit Issued,868290057,10017,40.754513,-73.97346,106,4,1013020022,92,East Midtown-Turtle Bay,,
M01277768-I1,M01277768-I1-SH,1,Initial Permit,245,EAST   49 STREET,MANHATTAN,20,1038231,1323,106,Open Space,Sidewalk Shed,GC,609527,PIOTR,SIWIEC,PHOENIX SUTTON STR INC,128 SUTTON STREET,,,,2025-08-27T00:00:00.000,2025-08-27T00:00:00.000,2026-08-27T04:00:00.000,"INSTALLATION OF TEMPORARY HEAVY DUTY SIDEWALK SHED AS PER PLANS. NO CHANGE IN USE, EGRESS OR OCCUPANCY. SIDEWALK SHED SHALL COMPLY WITH CHAPTER #33 OF 2022 THE NYC BUILDING CODE. LIVE LOAD 300PSF.",1000,PHOENIX SUTTON STR INC,PIOTR SIWIEC,Permit Issued,581481471,10017,40.754762,-73.970172,106,4,1013230020,98,East Midtown-Turtle Bay,,
M00421655-I1,M00421655-I1-SF,6,Renewal Permit Without Changes,123,EAST 47 STREET,MANHATTAN,22,1036209,1302,106,"Facade, Open Space",Supported Scaffold,GC,609527,PITOR,SIWIEC,PHOENIX SUTTON STR INC,128 SUTTON STREET,,,,2020-11-05T00:00:00.000,2025-10-15T00:00:00.000,2026-10-15T04:00:00.000,"INSTALLATION OF TEMPORARY HEAVY DUTY SIDEWALK SHED AND PIPE SCAFFOLD  AS PER PLANS. NO CHANGE IN USE, EGRESS OR OCCUPANCY.SIDEWALK SHED SHALL COMPLY WITH CHAPTER #33 OF THE NYC BUILDING CODE.LIVE LOAD 300PSF.",1000,PHOENIX SUTTON STR INC,PIOTR SIWIEC,Permit Issued,896137095,10017,40.754513,-73.97346,106,4,1013020022,92,East Midtown-Turtle Bay,,
M01113715-S1,M01113715-S1-SF,1,Initial Permit,211,MADISON AVENUE,Manhattan,7501,1017135,865,106,Open Space,Supported Scaffold,GC,615905,HARPREET,SINGH,KINGS GROUP NY CORP,183-02 LIBERTY AVE,,,,2025-08-05T00:00:00.000,2025-08-05T00:00:00.000,2026-08-05T04:00:00.000,"installation of pipe scaffolding. no change in use, occupancy or egress. work to comply with chapter 33 of nycbc.",2000,KINGS GROUP NY CORP,HARPREET SINGH,Permit Issued,721496874,10016,40.74883,-73.982171,106,4,1008657501,82,Midtown-Times Square,,
M01078089-I1,M01078089-I1-SH,3,Renewal Permit Without Changes,5,WEST   31 STREET,Manhattan,36,1015815,833,105,Open Space,Sidewalk Shed,GC,620274,YASINA,SIDDIQI,YARKS NYC INC,135-42 129TH STREET,JEEWAN,ITWARIE,A1 EXPEDITING SERVICE CORP.,2024-08-14T00:00:00.000,2026-03-02T00:00:00.000,2026-05-31T04:00:00.000,"HEAVY DUTY SIDEWALK SHED DURING BLDG ALTERATION, FILED SEP. SIDEWALK SHED SHALL COMPLY WITH CH #33 OF THE NYC BC. NO CHANGE IN USE, OCCUPANCY OR EGRESS UNDER THIS APPLICATION.",7000,YARKS NYC INC,YASINA SIDDIQI,Permit Issued,620996362,10001,40.74675,-73.986437,105,3,1008330036,76,Midtown South-Flatiron-Union Square,,J
M01354144-I1,M01354144-I1-SH,1,Initial Permit,265,MADISON AVENUE,Manhattan,24,1017591,869,106,Open Space,Sidewalk Shed,GC,617040,JOHN,KELLIS,EMPIRE NY INSTALLATIONS I,3537 36TH STREET,ELY,SEPULVEDA,AE DESIGN SOLUTION INC.,2026-03-06T00:00:00.000,2026-03-06T00:00:00.000,2026-06-04T04:00:00.000,"INSTALLATION OF TEMPORARY SIDEWALK SHED AS PER PLANS. NO CHANGE IN USE, EGRESS OR OCCUPANCY.",1,"1040 AVENUE OF THE AMERICAS, LLC",Leonard Wilf,Permit Issued,253309562,10016,40.750866,-73.980319,106,4,1008690024,82,Midtown-Times Square,,
M00421670-I1,M00421670-I1-SH,6,Renewal Permit Without Changes,125,EAST 47 STREET,MANHATTAN,23,1036210,1302,106,"Facade, Open Space",Supported Scaffold,GC,609527,PITOR,SIWIEC,PHOENIX SUTTON STR INC,128 SUTTON STREET,,,,2020-11-05T00:00:00.000,2025-10-14T00:00:00.000,2026-10-14T04:00:00.000,"INSTALLATION OF TEMPORARY HEAVY DUTY SIDEWALK SHED AND PIPE SCAFFOLD  AS PER PLANS. NO CHANGE IN USE, EGRESS OR OCCUPANCY.SIDEWALK SHED SHALL COMPLY WITH CHAPTER #33 OF THE NYC BUILDING CODE.LIVE LOAD 300PSF.",1000,PHOENIX SUTTON STR INC,PIOTR SIWIEC,Permit Issued,885033127,10017,40.754502,-73.973431,106,4,1013020023,92,East Midtown-Turtle Bay,,
M00729241-I1,M00729241-I1-SH,3,Renewal Permit Without Changes,15,EAST   32 STREET,MANHATTAN,13,1017011,862,105,Ground Floor,Sidewalk Shed,GC,623088,RENE,NUNEZ,ANDAMIO SCAFFOLDING LLC,20 BURLING LANE (BOX 4-1),JOSEPH,CASTILLO,UNITED SAFETY CONSULTANTS,2023-09-19T00:00:00.000,2025-09-10T00:00:00.000,2026-04-01T00:00:00.000,"Installation of temporary sidewalk shed as indicated on drawings. There are no changes in use, egress or occupancy.",1000,ANDAMIO SCAFFOLDING LLC,RENE NUNEZ,Signed-off,247253574,10016,40.746758,-73.984539,105,4,1008620013,74,Midtown South-Flatiron-Union Square,,
M00859736-I1,M00859736-I1-SH,4,Renewal Permit Without Changes,310,EAST   44 STREET,MANHATTAN,40,1038671,1336,106,Open Space,Sidewalk Shed,GC,602114,JOSEPH,CERINA,CEPRINE CONSTRUCTION INC,41-08 BERRIAN BLVD,CHARLIE,BATISTA,RIGID STRUCTURAL DESIGN,2023-04-19T00:00:00.000,2026-03-24T00:00:00.000,2026-06-22T04:00:00.000,"Installation of a temporarily heavy-duty sidewalk, overhead protection and material hoist per plan submitted. Work shall comply with 2022 building codes chapter 33. No change in use, egress and/or occupancy with this application.",1000,THE BRODSKY ORGANIZATION,JON ADAMSKI,Permit Issued,561371707,10017,40.750911,-73.970791,106,4,1013360040,88,Murray Hill-Kips Bay,,
M00421655-I1,M00421655-I1-SH,6,Renewal Permit Without Changes,123,EAST 47 STREET,MANHATTAN,22,1036209,1302,106,"Facade, Open Space",Supported Scaffold,GC,609527,PITOR,SIWIEC,PHOENIX SUTTON STR INC,128 SUTTON STREET,,,,2020-11-05T00:00:00.000,2025-10-15T00:00:00.000,2026-10-15T04:00:00.000,"INSTALLATION OF TEMPORARY HEAVY DUTY SIDEWALK SHED AND PIPE SCAFFOLD  AS PER PLANS. NO CHANGE IN USE, EGRESS OR OCCUPANCY.SIDEWALK SHED SHALL COMPLY WITH CHAPTER #33 OF THE NYC BUILDING CODE.LIVE LOAD 300PSF.",1000,PHOENIX SUTTON STR INC,PIOTR SIWIEC,Permit Issued,868290057,10017,40.754513,-73.97346,106,4,1013020022,92,East Midtown-Turtle Bay,,
M01296203-I1,M01296203-I1-SF,1,Initial Permit,53,WEST   35 STREET,Manhattan,12,1085001,837,105,Facade,Supported Scaffold,GC,621472,LUCIO.GIL,RUMALDO,RELIABLE ENTERPRISES INC,1431 BRUCKNER BOULEVARD,,,,2025-10-02T00:00:00.000,2025-10-15T00:00:00.000,2026-10-15T04:00:00.000,"PROPOSED INSTALLATION OF TEMPORARY PIPE SCAFFOLD AS PER PLANS. WORK SHALL COMPLY WITH CHAPTER #33 OF THE NYC BUILDING CODE. NO CHANGE IN USE, OCCUPANCY, OR EGRESS UNDER THIS APPLICATION.",9000,RELIABLE ENTERPRISES INC,LUCIO.GIL RUMALDO,Permit Issued,489877779,10001,40.749876,-73.985899,105,4,1008370012,84,Midtown-Times Square,,
M01199605-I1,M01199605-I1-SF,2,Renewal Permit Without Changes,35,PARK AVENUE,MANHATTAN,3,1018885,891,106,"Floor Number(s) 19 through 19, Floor Number(s) 17 through 19, Floor Number(s) 17 through 19, Ground Floor, Roof, Roof",Supported Scaffold,GC,618716,MICHAEL,BRION,CANIDO BASONAS CONST SVC,314 48TH STREET,MU/RO/BR/SE,KH/SC/GA/DA,MUNICIPAL BUILDING CONSULTANTS,2025-03-25T00:00:00.000,2026-02-18T00:00:00.000,2026-12-13T00:00:00.000,"ERECT, MAINTAIN & DISMANTLE OF SCAFFOLD FOR FACADE REPAIRS PER DRAWINGS ATTACHED HEREWITH.",5000,Maxwell kates,Steven Sanchez,Permit Issued,191935892,10016,40.747946,-73.980695,106,4,1008910003,80,Murray Hill-Kips Bay,,
M00421670-I1,M00421670-I1-SH,6,Renewal Permit Without Changes,125,EAST 47 STREET,MANHATTAN,23,1036210,1302,106,"Facade, Open Space",Sidewalk Shed,GC,609527,PITOR,SIWIEC,PHOENIX SUTTON STR INC,128 SUTTON STREET,,,,2020-11-05T00:00:00.000,2025-10-14T00:00:00.000,2026-10-14T04:00:00.000,"INSTALLATION OF TEMPORARY HEAVY DUTY SIDEWALK SHED AND PIPE SCAFFOLD  AS PER PLANS. NO CHANGE IN USE, EGRESS OR OCCUPANCY.SIDEWALK SHED SHALL COMPLY WITH CHAPTER #33 OF THE NYC BUILDING CODE.LIVE LOAD 300PSF.",1000,PHOENIX SUTTON STR INC,PIOTR SIWIEC,Permit Issued,885033127,10017,40.754502,-73.973431,106,4,1013020023,92,East Midtown-Turtle Bay,,
M01296186-I1,M01296186-I1-SF,1,Initial Permit,51,WEST   35 STREET,Manhattan,12,1015887,837,105,Facade,Supported Scaffold,GC,621472,LUCIO.GIL,RUMALDO,RELIABLE ENTERPRISES INC,1431 BRUCKNER BOULEVARD,,,,2025-10-02T00:00:00.000,2025-10-15T00:00:00.000,2026-10-15T04:00:00.000,"PROPOSED INSTALLATION OF TEMPORARY PIPE SCAFFOLD AS PER PLANS. WORK SHALL COMPLY WITH CHAPTER #33 OF THE NYC BUILDING CODE. NO CHANGE IN USE, OCCUPANCY, OR EGRESS UNDER THIS APPLICATION.",5000,RELIABLE ENTERPRISES INC,LUCIO.GIL RUMALDO,Permit Issued,562015000,10001,40.749854,-73.985845,105,4,1008370012,84,Midtown-Times Square,,
M00421655-I1,M00421655-I1-SF,6,Renewal Permit Without Changes,123,EAST 47 STREET,MANHATTAN,22,1036209,1302,106,"Facade, Open Space",Sidewalk Shed,GC,609527,PITOR,SIWIEC,PHOENIX SUTTON STR INC,128 SUTTON STREET,,,,2020-11-05T00:00:00.000,2025-10-15T00:00:00.000,2026-10-15T04:00:00.000,"INSTALLATION OF TEMPORARY HEAVY DUTY SIDEWALK SHED AND PIPE SCAFFOLD  AS PER PLANS. NO CHANGE IN USE, EGRESS OR OCCUPANCY.SIDEWALK SHED SHALL COMPLY WITH CHAPTER #33 OF THE NYC BUILDING CODE.LIVE LOAD 300PSF.",1000,PHOENIX SUTTON STR INC,PIOTR SIWIEC,Permit Issued,896137095,10017,40.754513,-73.97346,106,4,1013020022,92,East Midtown-Turtle Bay,,
M01285581-I1,M01285581-I1-SC,1,Initial Permit,349,EAST   49 STREET,MANHATTAN,23,1039468,1342,106,,Suspended Scaffold,R,005753,ALEX,ANAGNOSTIDIS,PNA CONTRACTING CORP,18-40 42ND STREET,ELY,SEPULVEDA,AE DESIGN SOLUTION INC.,2025-10-09T00:00:00.000,2025-10-14T00:00:00.000,2026-10-14T04:00:00.000,"installation of material hoists. Amend #1, added additional hoists",0,349 49th Street Tenants Corporation,,Permit Issued,217909740,10017,40.753831,-73.967967,106,4,1013420023,98,East Midtown-Turtle Bay,,
M01100456-I1,M01100456-I1-SH,2,Renewal Permit Without Changes,205,EAST   38 STREET,Manhattan,6,1020352,919,106,"Open Space, Sidewalk",Supported Scaffold,GC,612491,GILBERTO,DEALMEIDA,MC SUPERSTRUCTURE INC,135-53 NORTHERN BLVD #2B,,,,2024-09-24T00:00:00.000,2025-09-04T00:00:00.000,2026-09-04T04:00:00.000,"INSTALLATION OF 300 PSF SIDEWALK SHED, PIPE SCAFFOLDING AND OVERHEAD PROTECTION AS PER PLANS. ALL EQUIPMENT SHALL COMPLY WITH CHAPTER # 33 OF THE 2022 CODE. NO CHANGE IN USE OCCUPANCY OR EGRESS UNDER THIS APPLICATION.",5000,MC SUPERSTRUCTURE INC.,GILBERTO DEALMEIDA,Permit Issued,212317586,10016,40.748134,-73.976003,106,4,1009190006,78,Murray Hill-Kips Bay,,
M01224163-S1,M01224163-S1-FN,1,Initial Permit,383,MADISON AVENUE,MANHATTAN,21,1035404,1282,105,Open Space,Construction Fence,GC,608211,ERIK,OH,"SAFWAY ATLANTIC, LLC",700 COMMERCIAL AVENUE,JEEWAN,ITWARIE,A1 EXPEDITING SERVICE CORP.,2026-02-17T00:00:00.000,2026-02-17T00:00:00.000,2026-09-30T00:00:00.000,"CONSTRUCTION FENCE AS PER DRAWINGS. CONSTRUCTION FENCE SHALL COMPLY WITH CH #33 OF THE NYC BC. NO CHANGE IN USE, OCCUPANCY OR EGRESS UNDER THIS APPLICATION.",2000,"SAFWAY ATLANTIC, LLC",Eric Guhring,Permit Issued,146013307,10017,40.755257,-73.977477,105,4,1012820021,94,Midtown-Times Square,,
M01265995-I1,M01265995-I1-FN,1,Initial Permit,245,EAST   49 STREET,Manhattan,20,1038231,1323,106,Open Space,Construction Fence,GC,609527,PIOTR,SIWIEC,PHOENIX SUTTON STR INC,128 SUTTON STREET,,,,2025-08-06T00:00:00.000,2025-08-06T00:00:00.000,2026-08-06T04:00:00.000,"INSTALLATION OF TEMPORARY CONSTRUCTION FENCE AS PER PLANS. NO CHANGE IN USE, OCCUPANCY OR EGRESS.",1000,PHOENIX SUTTON STR INC,PIOTR SIWIEC,Permit Issued,772832676,10017,40.754762,-73.970172,106,4,1013230020,98,East Midtown-Turtle Bay,,
M01123519-I1,M01123519-I1-SH,2,Renewal Permit Without Changes,235,EAST   42 STREET,Manhattan,23,1037552,1316,106,Sidewalk,Sidewalk Shed,GC,018914,PHILIP,SUSI,ARSENAL SCAFFOLD INC,95 JERSEY STREET,,,,2024-10-22T00:00:00.000,2025-10-01T00:00:00.000,2026-10-01T04:00:00.000,"INSTALLATION OF HEAVY DUTY SIDEWALK SHED AS PER PLANS. PART OF SHED WILL BE INSTALLED ON ROADWAY. SHED SHALL COMPLY WITH CHAPTER #33 OF THE 2022 CODE. NO CHANGE IN USE, EGRESS OR OCCUPANCY UNDER THIS APPLICATION",26000,235 GC LLC,Robert Travis,Permit Issued,894593194,10017,40.750242,-73.973177,106,4,1013160023,88,Murray Hill-Kips Bay,,
M01378659-I1,M01378659-I1-SH,1,Initial Permit,340,EAST   49 STREET,Manhattan,33,1038926,1341,106,Ground Floor,Sidewalk Shed,GC,621472,LUCIO.GIL,RUMALDO,RELIABLE ENTERPRISES INC,1431 BRUCKNER BOULEVARD,,,,2026-03-27T00:00:00.000,2026-03-27T00:00:00.000,2026-06-25T04:00:00.000,"PROPOSED INSTALLATION OF HEAVY DUTY SIDEWALK SHED AS PER PLANS. LIVE LOAD 300 LBS PER SQUARE FEET. SIDEWALK SHED SHALL COMPLY WITH CHAPTER #33 OF THE NYC BUILDING CODE. NO CHANGE IN USE, OCCUPANCY, OR EGRESS UNDER THIS APPLICATION.",7000,RELIABLE ENTERPRISES INC,LUCIO.GIL RUMALDO,Permit Issued,898634735,10017,40.753814,-73.967978,106,4,1013410033,90,East Midtown-Turtle Bay,,
M01039617-I1,M01039617-I1-FN,3,Renewal Permit Without Changes,295,5 AVENUE,MANHATTAN,1,1016951,860,105,Ground Floor,Construction Fence,GC,617659,ISAAC,GONZALEZ,IGON CONSTRUCTION & MAINT,19 BRADL LANE,,,,2024-06-17T00:00:00.000,2025-07-17T00:00:00.000,2026-05-27T00:00:00.000,"APPLICATION FILED FOR INSTALLATION OF CONSTRUCTION FENCE AT SIDEWALK OF EAST 30TH AND EAST 31ST STREET LOCATED AT GROUND FLOOR OF EXISTING RETAIL SPACE. ALL WORK AS PER PLANS. NO CHANGE IN USE, EGRESS, OCCUPANCY OR BULK.",42750,PR,ELIOTT INGERMAN,Signed-off,648083099,10016,40.746064,-73.986279,105,2,1008600001,74,Midtown South-Flatiron-Union Square,,
M00906099-I1,M00906099-I1-SH,3,Renewal Permit Without Changes,114,WEST   40 STREET,MANHATTAN,20,1087857,815,105,Open Space,Sidewalk Shed,GC,617232,ERIND,GAZHELI,CORE SCAFFOLD SYSTEMS INC,417 MYRTLE AVE SUITE 14,ELY,SEPULVEDA,AE DESIGN SOLUTION INC.,2023-07-22T00:00:00.000,2025-07-11T00:00:00.000,2026-04-18T04:00:00.000,"INSTALLATION OF TEMPORARY SIDEWALK SHED AS PER PLANS. NO CHANGE IN USE, EGRESS OR OCCUPANCY.",1,OWNERS REP,EDDIE GAZHELI,Signed-off,692248908,10018,40.753313,-73.98636,105,4,1008150020,113,Midtown-Times Square,,
M01205713-I1,M01205713-I1-SF,1,Initial Permit,36,WEST   38 STREET,MANHATTAN,67,1090634,839,105,Floor Number(s) 19 through 19,Supported Scaffold,GC,616975,JOGINDER,SHARMA,OREO WORLD CONSTRUCTION C,345 WEST 35TH STREET,,,,2025-04-18T00:00:00.000,2025-04-18T00:00:00.000,2026-04-18T04:00:00.000,PROPOSED INSTALLATION OF PIPE SCAFFOLD FOR  NEW BUILDING AS PER PLANS. NO CHANGE IN USE OCCUPANCY OR EGRESS UNDER THIS APPLICATION.,15000,OREO WORLD CONSTRUCTION CORP,JOGINDER SHARMA,Permit Issued,532225230,10018,40.751473,-73.983964,105,4,1008390067,84,Midtown-Times Square,,Y
M01313741-I1,M01313741-I1-SH,1,Initial Permit,20,WEST   46 STREET,Manhattan,50,1034257,1261,105,Open Space,Sidewalk Shed,GC,036271,MICHAEL,DIFONZO,CENTRAL CONSTRUCTION MANA,25-04 4OTH AVE,CATALINA,HIDALGO,CH BUILDING CONSULTANTS Corp,2025-11-06T00:00:00.000,2025-11-06T00:00:00.000,2026-10-14T04:00:00.000,Installation of a heavy duty sidewalk shed to include storage,5000,CENTRAL CONST MANAGEMENT,FRANCISCO SANLES,Permit Issued,549461308,10036,40.756405,-73.979938,105,4,1012610050,96,Midtown-Times Square,,
M01375423-I1,M01375423-I1-SF,1,Initial Permit,29,WEST   35 STREET,MANHATTAN,23,1015891,837,105,Facade,Supported Scaffold,GC,620254,PRABHJIT,SINGH,PLATINUM SERVICES NY LLC,53-28 11TH STREET 2ND FL,,,,2026-04-01T00:00:00.000,2026-04-01T00:00:00.000,2026-09-29T00:00:00.000,"PROPOSED INSTALLATION OF TEMPORARY PIPE SCAFFOLD AS PER PLANS. WORK SHALL COMPLY WITH CHAPTER #33 OF 2022 THE NYC BUILDING CODE. NO CHANGE IN USE, OCCUPANCY, OR EGRESS UNDER THIS APPLICATION.",1000,PLATINUM SERVICES NY LLC,PRABHJIT SINGH,Permit Issued,205652317,10001,40.74961,-73.985267,105,4,1008370023,84,Midtown-Times Square,,
M01063033-I1,M01063033-I1-SC,2,Renewal Permit Without Changes,320,EAST   53 STREET,MANHATTAN,41,1039812,1345,106,,Suspended Scaffold,R,006497,RAFAL,WNUK,WEST NEW YORK RESTORATION,1800 BOSTON ROAD,HANCE,MERCEDES,SYNERGY BUILDING CONSULTANTS,2024-12-04T00:00:00.000,2025-06-20T00:00:00.000,2026-06-20T04:00:00.000,Installation of suspended scaffold and material hoist for facade inspection/repair.,0,THE ANIMAL MEDICAL CENTER,paul greene,Permit Issued,247803980,10022,40.756462,-73.966464,106,4,1013450041,98,East Midtown-Turtle Bay,,L
M01284743-I1,M01284743-I1-SH,1,Initial Permit,1,WEST   39 STREET,MANHATTAN,31,1016045,841,105,Open Space,Sidewalk Shed,GC,623088,RENE,NUNEZ,ANDAMIO SCAFFOLDING LLC,20 BURLING LANE (BOX 4-1),,,,2025-09-11T00:00:00.000,2025-09-11T00:00:00.000,2026-04-01T00:00:00.000,"INSTALLATION OF TEMPORARY HEAVY DUTY SIDEWALK SHED AS PER PLANS. NO CHANGE IN USE, EGRESS OR OCCUPANCY. SIDEWALK SHED SHALL COMPLY WITH CHAPTER #33 OF 2022 THE NYC BUILDING CODE. LIVE LOAD 300PSF.",1000,VIKING RESTORATION SERVICES LLC,DOMINIC FONTANA,Signed-off,699538597,10018,40.751885,-73.982982,105,4,1008410031,84,Midtown-Times Square,,
M01084495-I1,M01084495-I1-SH,2,Renewal Permit Without Changes,303,5 AVENUE,Manhattan,1,1016981,861,105,Open Space,Sidewalk Shed,GC,623651,JASPREET,SINGH,COAST GROUP CORP,8 BARNYARD LANE,SANDEEP,KAUR,SANDEEP KAUR,2024-08-22T00:00:00.000,2025-08-06T00:00:00.000,2026-08-06T04:00:00.000,INSTALLATION OF HEAVY-DUTY SIDEWALK SHED AS PER PLANS.  NO CHANGE IN USE OCCUPANCY OR EGRESS UNDER THIS APPLICATION.  SIDEWALK SHED SHALL COMPLY WITH CHAPTER 33 OF THE 2022 NYC BUILDING CODE.,15000,COAST GROUP CORP,JASPREET SINGH,Permit Issued,755799934,10016,40.746679,-73.985835,105,4,1008610001,74,Midtown South-Flatiron-Union Square,,
M01032218-I1,M01032218-I1-SH,2,Renewal Permit Without Changes,500,5 AVENUE,Manhattan,34,1034199,1258,105,Open Space,Sidewalk Shed,GC,623088,RENE,NUNEZ,ANDAMIO SCAFFOLDING LLC,20 BURLING LANE (BOX 4-1),,,,2024-04-19T00:00:00.000,2025-04-15T00:00:00.000,2026-04-15T04:00:00.000,"INSTALLATION OF TEMPORARY HEAVY DUTY SIDEWALK SHED AS PER PLANS. NO CHANGE IN USE, EGRESS OR OCCUPANCY. SIDEWALK SHED SHALL COMPLY WITH CHAPTER #33 OF 2022 THE NYC BUILDING CODE. LIVE LOAD 300PSF.",1000,CUSHMAN AND WAKEFIELD,DAVID LEEST,Permit Issued,155763608,10110,40.753543,-73.980856,105,4,1012580034,96,Midtown-Times Square,,
M01123519-I1,M01123519-I1-SH,3,Renewal Permit Without Changes,235,EAST   42 STREET,Manhattan,23,1037552,1316,106,Sidewalk,Sidewalk Shed,GC,018914,PHILIP,SUSI,ARSENAL SCAFFOLD INC,95 JERSEY STREET,,,,2024-10-22T00:00:00.000,2026-03-18T00:00:00.000,2026-06-16T04:00:00.000,"INSTALLATION OF HEAVY DUTY SIDEWALK SHED AS PER PLANS. PART OF SHED WILL BE INSTALLED ON ROADWAY. SHED SHALL COMPLY WITH CHAPTER #33 OF THE 2022 CODE. NO CHANGE IN USE, EGRESS OR OCCUPANCY UNDER THIS APPLICATION",26000,235 GC LLC,Robert Travis,Permit Issued,481900271,10017,40.750242,-73.973177,106,4,1013160023,88,Murray Hill-Kips Bay,,
M01378652-I1,M01378652-I1-SH,1,Initial Permit,338,EAST   49 STREET,Manhattan,33,1038927,1341,106,Ground Floor,Sidewalk Shed,GC,621472,LUCIO.GIL,RUMALDO,RELIABLE ENTERPRISES INC,1431 BRUCKNER BOULEVARD,,,,2026-03-27T00:00:00.000,2026-03-27T00:00:00.000,2026-06-25T04:00:00.000,"PROPOSED INSTALLATION OF HEAVY DUTY SIDEWALK SHED AS PER PLANS. LIVE LOAD 300 LBS PER SQUARE FEET. SIDEWALK SHED SHALL COMPLY WITH CHAPTER #33 OF THE NYC BUILDING CODE. NO CHANGE IN USE, OCCUPANCY, OR EGRESS UNDER THIS APPLICATION.",8000,RELIABLE ENTERPRISES INC,LUCIO.GIL RUMALDO,Permit Issued,778750388,10017,40.753831,-73.96801,106,4,1013410033,90,East Midtown-Turtle Bay,,
M01227806-I1,M01227806-I1-SC,1,Initial Permit,360,LEXINGTON AVENUE,MANHATTAN,17,1036145,1295,105,,Suspended Scaffold,R,007682,DAVID,SCHNURMAN,NEW ROC CONTRACTING CORP,6860 AUSTIN STREET STE 403A,HAROLD,SUERO,HS DESIGN STUDIO LLC,2025-05-28T00:00:00.000,2025-05-28T00:00:00.000,2026-05-28T04:00:00.000,INSTALLATION OF TEMPORARY SUSPENDED SCAFFOLD EQUIPMENT.,0,"59 MAIDEN LANE ASSOCIATES, LLC",Erik Tanner,Permit Issued,807117286,10017,40.750298,-73.976894,105,4,1012950017,80,Murray Hill-Kips Bay,,N
M01013344-I1,M01013344-I1-SH,3,Renewal Permit Without Changes,926,2 AVENUE,Manhattan,7502,1039577,1342,106,Open Space,Sidewalk Shed,GC,617040,JOHN,KELLIS,EMPIRE NY INSTALLATIONS I,3537 36TH STREET,ELY,SEPULVEDA,AE DESIGN SOLUTION INC.,2024-03-12T00:00:00.000,2026-03-19T00:00:00.000,2026-06-17T04:00:00.000,"INSTALLATION OF TEMPORARY SIDEWALK SHED AS PER PLANS. NO CHANGE IN USE, EGRESS OR OCCUPANCY.",1,PR,JUSTIN SHEARER,Permit Issued,417643628,10022,40.754407,-73.968851,106,4,1013427502,98,East Midtown-Turtle Bay,,
M01378661-I1,M01378661-I1-SH,1,Initial Permit,342,EAST   49 STREET,Manhattan,33,1038925,1341,106,Ground Floor,Sidewalk Shed,GC,621472,LUCIO.GIL,RUMALDO,RELIABLE ENTERPRISES INC,1431 BRUCKNER BOULEVARD,,,,2026-03-27T00:00:00.000,2026-03-27T00:00:00.000,2026-06-25T04:00:00.000,"PROPOSED INSTALLATION OF HEAVY DUTY SIDEWALK SHED AS PER PLANS. LIVE LOAD 300 LBS PER SQUARE FEET. SIDEWALK SHED SHALL COMPLY WITH CHAPTER #33 OF THE NYC BUILDING CODE. NO CHANGE IN USE, OCCUPANCY, OR EGRESS UNDER THIS APPLICATION.",8000,RELIABLE ENTERPRISES INC,LUCIO.GIL RUMALDO,Permit Issued,760237599,10017,40.7538,-73.967945,106,4,1013410033,90,East Midtown-Turtle Bay,,
M01374347-I1,M01374347-I1-SF,1,Initial Permit,343,EAST   51 STREET,MANHATTAN,18,1039657,1344,106,Facade,Supported Scaffold,GC,626569,PRITPAL,KAUR,PARK CONTRACTING GROUP,12 HARBOR CT E,,,,2026-03-19T00:00:00.000,2026-04-01T00:00:00.000,2027-03-02T00:00:00.000,"PROPOSED INSTALLATION OF TEMPORARY PIPE SCAFFOLD AS PER PLANS. WORK SHALL COMPLY WITH CHAPTER #33 OF 2022 THE NYC BUILDING CODE. NO CHANGE IN USE, OCCUPANCY, OR EGRESS UNDER THIS APPLICATION.",1000,Park Contracting Group LLC.,PRITPAL KAUR,Permit Issued,229797724,10022,40.754958,-73.966746,106,4,1013440018,98,East Midtown-Turtle Bay,,
M01210003-I1,M01210003-I1-SC,1,Initial Permit,31,EAST   31 STREET,MANHATTAN,27,1016990,861,105,,Suspended Scaffold,R,005141,WALID,ABOUMOUSSA,AMERICAN VENTILATION SERV,26-16 123RD STREET,Jose,Evangelista,Hierarch-E LLC,2025-04-14T00:00:00.000,2025-04-14T00:00:00.000,2026-04-14T04:00:00.000,Suspended scaffold installation and use as per plans filed herewith.,0,GEMINI WATERPROOFING AND RESTORATIO,THOMAS LEIGH,Permit Issued,455920041,10016,40.74572,-73.983991,105,4,1008610027,74,Midtown South-Flatiron-Union Square,,
M00912172-I1,M00912172-I1-SH,3,Renewal Permit with Changes,120,WEST   44 STREET,MANHATTAN,43,1022616,996,105,Sidewalk,Sidewalk Shed,GC,620254,MANDIP,KAUR,PLATINUM SERVICES NY LLC,53-28 11TH STREET 2ND FL,RAMANI,MARIAPPAN,ROYAL EXPEDITING,2023-08-01T00:00:00.000,2025-07-21T00:00:00.000,2026-07-21T04:00:00.000,"INSTALLATION OF 300 PSF SIDEWALK SHED AS PER PLANS. SIDEWALK SHED SHALL COMPLY WITH CHAPTER # 33 OF THE NYC CODE 2022, NO CHANGES IN USE EGRESS OR OCCUPANCY UNDER THIS APPLICATION.",5000,PLATINUM SERVICES NY LLC,MANDIP KAUR,Permit Issued,545830909,10036,40.756461,-73.983952,105,4,1009960043,119,Midtown-Times Square,,
M01236765-I1,M01236765-I1-SH,2,Renewal Permit Without Changes,1114,6 AVENUE,Manhattan,9,1034196,1258,105,Sidewalk,Sidewalk Shed,GC,607447,WILLIAM,LAFFEY,SPRING SCAFFOLDING LLC,49-30 31ST PLACE,MD TOHFAZ,UDDIN,TOHFAZ UDDIN PE PC,2025-06-05T00:00:00.000,2026-03-03T00:00:00.000,2026-06-01T04:00:00.000,"INSTALLATION OF TEMPORARY CUSTOM COLOR SIDEWALK SHED AS PER PLAN. NO CHANGE IN USE, EGRESS, OR OCCUPANCY. THE SIDEWALK SHED IS AT WEST 42ND STREET, WEST 43RD STREET, AND WEST PLAZA ELEVATIONS.",1,BROOKFIELD PROPERTIES,Michael Fischetti,Signed-off,103048917,10036,40.755234,-73.983819,105,4,1012580009,96,Midtown-Times Square,,
M00778991-I1,M00778991-I1-SH,4,Renewal Permit Without Changes,320,EAST   53 STREET,Manhattan,41,1039812,1345,106,Open Space,Sidewalk Shed,GC,609527,PITOR,SIWIEC,PHOENIX SUTTON STR INC,128 SUTTON STREET,,,,2022-07-21T00:00:00.000,2025-07-14T00:00:00.000,2026-07-14T04:00:00.000,"INSTALLATION OF TEMPORARY HEAVY DUTY SIDEWALK SHED AS PER PLANS. NO CHANGE IN USE, EGRESS OR OCCUPANCY. SIDEWALK SHED SHALL COMPLY WITH CHAPTER #33 OF THE NYC BUILDING CODE. LIVE LOAD 300PSF.",1000,PHOENIX SUTTON STR INC,PIOTR SIWIEC,Permit Issued,175152725,10022,40.756462,-73.966464,106,4,1013450041,98,East Midtown-Turtle Bay,,
M01367595-I1,M01367595-I1-SH,1,Initial Permit,244,MADISON AVENUE,Manhattan,57,1017221,867,105,Open Space,Sidewalk Shed,GC,008573,ANDON,IKSINO,XINOS CONSTRUCTION CORP,110-32A 15TH. AVENUE,,,,2026-03-05T00:00:00.000,2026-03-05T00:00:00.000,2026-06-03T04:00:00.000,"PROPOSED INSTALLATION OF A TEMPORARY SIDEWALK SHED AS PER PLANS SUBMITTED. WORK SHALL COMPLY WITH 2014 BUILDING CODES, CHAPTER 33. NO CHANGES IN USE, EGRESS, OR OCCUPANCY.",5000,XINOS CONSTRUCTION CORP.,ANDON IKSINO,Permit Issued,575701350,10016,40.750131,-73.981247,105,4,1008670057,82,Midtown-Times Square,,
M01100456-I1,M01100456-I1-SH,2,Renewal Permit Without Changes,205,EAST   38 STREET,Manhattan,6,1020352,919,106,"Open Space, Sidewalk",Sidewalk Shed,GC,612491,GILBERTO,DEALMEIDA,MC SUPERSTRUCTURE INC,135-53 NORTHERN BLVD #2B,,,,2024-09-24T00:00:00.000,2025-09-04T00:00:00.000,2026-09-04T04:00:00.000,"INSTALLATION OF 300 PSF SIDEWALK SHED, PIPE SCAFFOLDING AND OVERHEAD PROTECTION AS PER PLANS. ALL EQUIPMENT SHALL COMPLY WITH CHAPTER # 33 OF THE 2022 CODE. NO CHANGE IN USE OCCUPANCY OR EGRESS UNDER THIS APPLICATION.",5000,MC SUPERSTRUCTURE INC.,GILBERTO DEALMEIDA,Permit Issued,212317586,10016,40.748134,-73.976003,106,4,1009190006,78,Murray Hill-Kips Bay,,
M01301990-I1,M01301990-I1-SC,1,Initial Permit,530,1 AVENUE,Manhattan,7501,1081694,962,106,,Suspended Scaffold,R,005957,FATON,MARKE,BENJAMIN CONSTRUCTN CORP,110 WILLOW AVENUE,ELY,SEPULVEDA,AE DESIGN SOLUTION INC.,2025-11-12T00:00:00.000,2025-11-14T00:00:00.000,2026-10-20T04:00:00.000,Installation of suspended scaffold for facade work or inspection.,0,NYU LANGONE MEDICAL CENTER,Richard Cohen,Permit Issued,628295667,10016,40.741533,-73.97514,106,4,1009627501,62,Murray Hill-Kips Bay,,
M01030318-I1,M01030318-I1-SH,2,Renewal Permit Without Changes,424,EAST   34 STREET,Manhattan,7501,1090574,962,106,Open Space,Sidewalk Shed,GC,604197,PABLO,PERRONE,PJP INSTALLERS INC,129 OLD TURNPIKE ROAD,,,,2024-04-17T00:00:00.000,2025-04-03T00:00:00.000,2026-04-03T04:00:00.000,"LIGHT DUTY SIDEWALK SHED FOR EMERGENCY CONDITION. NO CHANGE IN USE, EGERESS OR OCCUPANCY.",50000,NYU LANGONE MEDICAL CENTER,RICHARD COHEN,Permit Issued,541326913,10016,40.743696,-73.97332,106,4,1009627501,62,Murray Hill-Kips Bay,,
M01240735-I1,M01240735-I1-SF,1,Initial Permit,60,WEST   36 STREET,Manhattan,78,1015915,837,105,Open Space,Supported Scaffold,GC,008573,ANDON,IKSINO,XINOS CONSTRUCTION CORP,110-32A 15TH. AVENUE,,,,2025-06-13T00:00:00.000,2025-06-13T00:00:00.000,2026-06-13T04:00:00.000,"Proposed installation of a temporary pipe scaffolding as per plans submitted. Work shall comply with building code, chapter 33. No changes in use, egress or occupancy.",6000,XINOS CONSTRUCTION CORP.,ANDON IKSINO,Permit Issued,762960981,10018,40.750667,-73.985884,105,4,1008370078,84,Midtown-Times Square,,
M01362558-I1,M01362558-I1-FN,1,Initial Permit,29,WEST   35 STREET,MANHATTAN,23,1015891,837,105,Open Space,Construction Fence,GC,620254,PRABHJIT,SINGH,PLATINUM SERVICES NY LLC,53-28 11TH STREET 2ND FL,,,,2026-02-23T00:00:00.000,2026-02-23T00:00:00.000,2026-09-29T00:00:00.000,"INSTALLATION OF TEMPORARY CONSTRUCTION FENCE AS PER PLANS. NO CHANGE IN USE, OCCUPANCY OR EGRESS.",1000,PLATINUM SERVICES NY LLC,PRABHJIT SINGH,Permit Issued,839152893,10001,40.74961,-73.985267,105,4,1008370023,84,Midtown-Times Square,,
M01294496-I1,M01294496-I1-SH,1,Initial Permit,250,PARK AVENUE,Manhattan,34,1035405,1282,105,Open Space,Sidewalk Shed,GC,608211,ERIK,OH,"SAFWAY ATLANTIC, LLC",700 COMMERCIAL AVENUE,JEEWAN,ITWARIE,A1 EXPEDITING SERVICE CORP.,2025-10-01T00:00:00.000,2025-10-06T00:00:00.000,2026-09-30T04:00:00.000,"HEAVY DUTY SIDEWALK SHED DURING BLDG ALT AT 383 MADISON AVE, FILED SEP UNDER APP # M01189557 FOR REMOVAL OF EXISTING BUILDINGS ENVELOPE CURTAINWALL SYSTEM. SHED SHALL COMPLY WITH CH #33 OF THE NYC BC. NO CHANGE IN USE, OCCUPANCY OR EGRESS UNDER THIS APP.",2000,"SAFWAY ATLANTIC, LLC",MARK MCKELVEY,Permit Issued,741463936,10177,40.754777,-73.975745,105,4,1012820034,94,Midtown-Times Square,,
M00640461-I1,M00640461-I1-FN,1,Initial Permit,28,WEST   32 STREET,Manhattan,60,1015829,833,105,Open Space,Construction Fence,GC,622189,RACHEAL,LIVONE,PERSPECTIVE GENERAL CONST,1485 SHORE PARKWAY APT 1D,,,,2024-06-28T00:00:00.000,2025-08-07T00:00:00.000,2026-08-07T04:00:00.000,"NO CHANGE IN USE, EGRESS AND OCCUPANCY. INSTALLATION OF 8' HIGH WOODEN CONSTRUCTION FENCE.",15000,PR,FRANK DE SANTIS,Permit Issued,411078400,10001,40.74773,-73.986878,105,3,1008330060,76,Midtown South-Flatiron-Union Square,,
M01293716-I1,M01293716-I1-SF,1,Initial Permit,320,EAST   53 STREET,MANHATTAN,41,1039812,1345,106,Facade,Supported Scaffold,GC,024060,ALFRED,GALLICCHIO,WEST NEW YORK RESTORATION,1800 BOSTON RD,HANCE,MERCEDES,Synergy Building Consultants,2025-12-04T00:00:00.000,2025-12-04T00:00:00.000,2026-12-04T05:00:00.000,"Installation of temporary supported scaffold during facade repair (DOB Now # M00802340) per plan submitted. Work shall comply with 2022 building codes chapter 33. No change in use, egress and/or occupancy with this application.",1,THE ANIMAL MEDICAL CENTER,paul greene,Permit Issued,642295326,10022,40.756462,-73.966464,106,4,1013450041,98,East Midtown-Turtle Bay,,
M00887939-S2,M00887939-S2-SC,1,Initial Permit,31,WEST   34 STREET,Manhattan,10,1083638,836,105,,Suspended Scaffold,GC,618555,VICTOR,BOBER,VIK XS SERVICES INC,26-85 38TH AVE BASMENT,,,,2025-12-12T00:00:00.000,2025-12-12T00:00:00.000,2026-09-01T04:00:00.000,"Suspended Scaffold Installation as per plans filed herewith. No change in use, egress or occupancy.",0,VIK XS SERVICES INC,VICTOR BOBER,Permit Issued,623959922,10001,40.749256,-73.98648,105,4,1008360010,76,Midtown South-Flatiron-Union Square,,
M01100456-I1,M01100456-I1-SF,2,Renewal Permit Without Changes,205,EAST   38 STREET,Manhattan,6,1020352,919,106,"Open Space, Sidewalk",Supported Scaffold,GC,612491,GILBERTO,DEALMEIDA,MC SUPERSTRUCTURE INC,135-53 NORTHERN BLVD #2B,,,,2024-09-24T00:00:00.000,2025-09-05T00:00:00.000,2026-09-05T04:00:00.000,"INSTALLATION OF 300 PSF SIDEWALK SHED, PIPE SCAFFOLDING AND OVERHEAD PROTECTION AS PER PLANS. ALL EQUIPMENT SHALL COMPLY WITH CHAPTER # 33 OF THE 2022 CODE. NO CHANGE IN USE OCCUPANCY OR EGRESS UNDER THIS APPLICATION.",5000,MC SUPERSTRUCTURE INC.,GILBERTO DEALMEIDA,Permit Issued,715404972,10016,40.748134,-73.976003,106,4,1009190006,78,Murray Hill-Kips Bay,,
M01320595-I1,M01320595-I1-SF,1,Initial Permit,295,MADISON AVENUE,MANHATTAN,50,1035321,1275,105,Open Space,Supported Scaffold,GC,618380,NICHOLAS,COLA,ALCO BUILDERS,96A JERICHO TPKE,,,,2025-11-24T00:00:00.000,2025-11-25T00:00:00.000,2026-09-21T04:00:00.000,"INSTALLATION OF PIPE SCAFFOLDING AS PER PLANS. ALL EQUIPMENT SHALL COMPLY WITH CH #33 OF THE NYC CODE 2022. NO CHANGE IN USE, OCCUPANCY OR EGRESS UNDER THIS APPLICATION.",9000,ALCO BUILDERS INC,NICHOLAS COLA,Permit Issued,447412118,10017,40.751997,-73.979864,105,4,1012750050,82,Midtown-Times Square,,
M01358359-I1,M01358359-I1-SC,1,Initial Permit,419,PARK AVENUE SOUTH,Manhattan,84,1018236,884,105,,Suspended Scaffold,R,006380,PRABHJIT,SINGH,STREAMLINE CONSULTANTS NY,111-11 101ST STREET FL.1,OMAR,VILLA,PYRAMID RESTORATION NY LLC,2026-02-17T00:00:00.000,2026-03-02T00:00:00.000,2026-10-31T00:00:00.000,inspection using industrial rope access techniques and methods. See attached plans designated primary site supervisor: Diego Buri Cumbe,0,PYRAMID RESTORATION NY,,Signed-off,771619125,10016,40.743703,-73.983789,105,2,1008840084,72,Murray Hill-Kips Bay,D,
M01123510-I1,M01123510-I1-SH,3,Renewal Permit Without Changes,219,EAST   42 STREET,Manhattan,12,1037551,1316,106,Sidewalk,Sidewalk Shed,GC,018914,PHILIP,SUSI,ARSENAL SCAFFOLD INC,95 JERSEY STREET,,,,2024-10-22T00:00:00.000,2026-03-19T00:00:00.000,2026-06-17T04:00:00.000,"INSTALLATION OF HEAVY DUTY SIDEWALK SHED AS PER PLANS. PART OF SHED WILL BE INSTALLED ON ROADWAY. SHED SHALL COMPLY WITH CHAPTER #33 OF THE 2022 CODE. NO CHANGE IN USE, EGRESS OR OCCUPANCY UNDER THIS APPLICATION",21000,219 GC LLC,ROBERT TRAVIS,Permit Issued,954737296,10017,40.750288,-73.973288,106,4,1013160012,88,Murray Hill-Kips Bay,,
M01096856-I1,M01096856-I1-SF,2,Renewal Permit Without Changes,310,EAST   48 STREET,Manhattan,44,1038915,1340,106,Open Space,Supported Scaffold,GC,008573,ANDON,IKSINO,XINOS CONSTRUCTION CORP,110-32A 15TH. AVENUE,,,,2024-08-22T00:00:00.000,2025-08-08T00:00:00.000,2026-08-08T04:00:00.000,"PROPOSED INSTALLATION OF A TEMPORARY SUPPORTED PIPE SCAFFOLDING AS PER PLANS SUBMITTED. WORK SHALL COMPLY WITH 2022 BUILDING CODES, CHAPTER 33. NO CHANGES IN USE, EGRESS OR OCCUPANCY.",20000,XINOS CONSTRUCTION CORP.,ANDON IKSINO,Permit Issued,903964164,10017,40.753425,-73.968981,106,4,1013400044,90,East Midtown-Turtle Bay,,
M01380912-I1,M01380912-I1-SH,1,Initial Permit,151,EAST   29 STREET,Manhattan,40,1018262,885,106,Sidewalk,Sidewalk Shed,GC,607447,WILLIAM,LAFFEY,SPRING SCAFFOLDING LLC,49-30 31ST PLACE,JOSEPH,CASTILLO,UNITED SAFETY CONSULTANTS,2026-04-08T00:00:00.000,2026-04-08T00:00:00.000,2026-07-07T04:00:00.000,"INSTALLATION OF TEMPORARY SIDEWALK SHED AS PER PLAN. NO CHANGE IN USE, EGRESS OR OCCUPANCY.",1000,PR,Emmanuelle Bernard,Signed-off,829734600,10016,40.743022,-73.981415,106,2,1008850040,72,Murray Hill-Kips Bay,,
M01369628-I1,M01369628-I1-SF,1,Initial Permit,212,EAST   32 STREET,MANHATTAN,58,1020072,912,106,Facade,Supported Scaffold,GC,036222,BOGDAN,MALINOWSKI,M & A PROJECTS INC,18 DIVISION PLACE,HANSEL,MERCEDES,Synergy Building Consultants,2026-03-16T00:00:00.000,2026-03-16T00:00:00.000,2026-12-31T00:00:00.000,"Installation of temporary supported scaffold per plan submitted. Work shall comply with 2022 building codes chapter 33. No change in use, egress and/or occupancy with this application.",1,ROBK & ROSA GROUP INC. DBADREAM BUI,ROBERT KRAKOWIAK,Permit Issued,982546505,10016,40.744191,-73.97848,106,2,1009120058,7002,Murray Hill-Kips Bay,J,
M00580823-S1,M00580823-S1-SH,1,Initial Permit,120,EAST   34 STREET,Manhattan,68,1018513,889,105,Open Space,Sidewalk Shed,GC,618555,VICTOR,BOBER,VIK XS SERVICES INC,26-85 38TH AVE BASMENT,,,,2025-10-16T00:00:00.000,2025-10-16T00:00:00.000,2026-09-01T04:00:00.000,"Installation of heavy duty sidewalk shed and supported scaffold as per plans filed herewith,. No change in use, egress or occupancy.",1000,VIK XS SERVICES INC,VICTOR BOBER,Permit Issued,609630523,10016,40.746661,-73.98036,105,4,1008890068,72,Murray Hill-Kips Bay,,
M01068519-S3,M01068519-S3-SF,3,Renewal Permit Without Changes,310,EAST   46 STREET,Manhattan,5,1038770,1338,106,Open Space,Supported Scaffold,GC,618555,VICTOR,BOBER,VIK XS SERVICES INC,26-85 38TH AVE BASMENT,,,,2024-12-19T00:00:00.000,2025-09-05T00:00:00.000,2026-09-01T04:00:00.000,"Supported Scaffold Installation as per plans filed herewith. No change in use, egress or occupancy.",1000,VIK XS SERVICES INC,VICTOR BOBER,Permit Issued,756986576,10017,40.752182,-73.969902,106,4,1013380005,90,East Midtown-Turtle Bay,,
M01285735-I1,M01285735-I1-SC,1,Initial Permit,121,MADISON AVENUE,Manhattan,22,1016958,860,105,,Suspended Scaffold,R,006238,JOSE,LOPEZ,SKYLIMIT CONTRACTING LLC,98-06 ASTORIA BOULEVARD,HANCE,MERCEDES,SYNERGY BUILDING CONSULTANTS,2025-10-09T00:00:00.000,2025-10-09T00:00:00.000,2026-09-19T04:00:00.000,Installation of suspended scaffold for facade inspection/repair.,0,PR,Jeffrey Stern,Permit Issued,101028786,10016,40.745331,-73.984716,105,2,1008600022,74,Midtown South-Flatiron-Union Square,,A
M01319354-I1,M01319354-I1-SC,1,Initial Permit,111,WEST   44 STREET,Manhattan,23,1022630,997,105,,Suspended Scaffold,R,006214,JUAN,COSTA,JC CONTRACTING MGMT LLC,147 W. 35TH STREET,,,,2025-11-28T00:00:00.000,2025-12-02T00:00:00.000,2026-11-04T05:00:00.000,Installation of two (2) suspended scaffolds at the South Elevation,0,"THE SHUBERT ORGANIZATION, INC.",,Signed-off,806367278,10036,40.756395,-73.98375,105,4,1009970023,119,Midtown-Times Square,,J
M01123510-I1,M01123510-I1-SH,2,Renewal Permit Without Changes,219,EAST   42 STREET,Manhattan,12,1037551,1316,106,Sidewalk,Sidewalk Shed,GC,018914,PHILIP,SUSI,ARSENAL SCAFFOLD INC,95 JERSEY STREET,,,,2024-10-22T00:00:00.000,2025-10-01T00:00:00.000,2026-10-01T04:00:00.000,"INSTALLATION OF HEAVY DUTY SIDEWALK SHED AS PER PLANS. PART OF SHED WILL BE INSTALLED ON ROADWAY. SHED SHALL COMPLY WITH CHAPTER #33 OF THE 2022 CODE. NO CHANGE IN USE, EGRESS OR OCCUPANCY UNDER THIS APPLICATION",21000,219 GC LLC,ROBERT TRAVIS,Permit Issued,391381254,10017,40.750288,-73.973288,106,4,1013160012,88,Murray Hill-Kips Bay,,
M01334172-S1,M01334172-S1-SC,1,Initial Permit,310,EAST   46 STREET,Manhattan,5,1038770,1338,106,,Suspended Scaffold,GC,618555,VICTOR,BOBER,VIK XS SERVICES INC,26-85 38TH AVE BASMENT,,,,2026-04-02T00:00:00.000,2026-04-02T00:00:00.000,2026-09-01T04:00:00.000,"Suspended Scaffold Installation as per plans filed herewith. No change in egress, use or occupancy.",0,VIK XS SERVICES INC,VICTOR BOBER,Permit Issued,469089886,10017,40.752182,-73.969902,106,4,1013380005,90,East Midtown-Turtle Bay,,
M01210080-I1,M01210080-I1-SC,1,Initial Permit,95,MADISON AVENUE,MANHATTAN,58,1016920,858,105,,Suspended Scaffold,R,006236,IRENEUSZ,JANCZYK,NOVA RESTORATION LLC,75 KENT STREET,ROBERT,FAUERBACH,LOMBARDO BUILDING CONSULTANTS,2025-04-15T00:00:00.000,2025-04-15T00:00:00.000,2026-04-15T04:00:00.000,"Application for the installation and use of suspended scaffold as per plans filed herein. No change in egress, use, or occupancy.",0,MADISON 29 HOLDING LLC,VICKI SAALI,Signed-off,235834828,10016,40.744367,-73.98542,105,2,1008580058,74,Midtown South-Flatiron-Union Square,,
M01029140-I1,M01029140-I1-SC,2,Renewal Permit Without Changes,100,UNITED NATIONS PLAZA,Manhattan,7503,1039205,1341,106,,Suspended Scaffold,R,006441,MICHAEL,SCERBO,QUALITY BLDG CONSTRUCTION,"33-49 55TH STREET, #3",,,,2024-05-03T00:00:00.000,2025-05-13T00:00:00.000,2026-05-13T04:00:00.000,"Amendment for M01029140 filed herein to add the option to use 2- POINT, CORNER SCAFFOLD. Application for the installation and use of suspended scaffold.",0,100 UNITED NATIONS PLAZA CONDOMINIU,,Signed-off,793601733,10017,40.753318,-73.968689,106,4,1013417503,90,East Midtown-Turtle Bay,,
M01210080-I1,M01210080-I1-SC,2,Renewal Permit Without Changes,95,MADISON AVENUE,MANHATTAN,58,1016920,858,105,,Suspended Scaffold,R,006236,IRENEUSZ,JANCZYK,NOVA RESTORATION LLC,75 KENT STREET,ROBERT,FAUERBACH,LOMBARDO BUILDING CONSULTANTS,2025-04-15T00:00:00.000,2026-04-08T00:00:00.000,2026-12-31T05:00:00.000,"Application for the installation and use of suspended scaffold as per plans filed herein. No change in egress, use, or occupancy.",0,MADISON 29 HOLDING LLC,VICKI SAALI,Signed-off,918098124,10016,40.744367,-73.98542,105,2,1008580058,74,Midtown South-Flatiron-Union Square,,
M01100456-I1,M01100456-I1-SF,2,Renewal Permit Without Changes,205,EAST   38 STREET,Manhattan,6,1020352,919,106,"Open Space, Sidewalk",Sidewalk Shed,GC,612491,GILBERTO,DEALMEIDA,MC SUPERSTRUCTURE INC,135-53 NORTHERN BLVD #2B,,,,2024-09-24T00:00:00.000,2025-09-05T00:00:00.000,2026-09-05T04:00:00.000,"INSTALLATION OF 300 PSF SIDEWALK SHED, PIPE SCAFFOLDING AND OVERHEAD PROTECTION AS PER PLANS. ALL EQUIPMENT SHALL COMPLY WITH CHAPTER # 33 OF THE 2022 CODE. NO CHANGE IN USE OCCUPANCY OR EGRESS UNDER THIS APPLICATION.",5000,MC SUPERSTRUCTURE INC.,GILBERTO DEALMEIDA,Permit Issued,715404972,10016,40.748134,-73.976003,106,4,1009190006,78,Murray Hill-Kips Bay,,
M01075943-I1,M01075943-I1-SC,3,Renewal Permit with Changes,560,1 AVENUE,Manhattan,7501,1085695,962,106,,Suspended Scaffold,R,005957,FATON,MARKE,BENJAMIN CONSTRUCTN CORP,110 WILLOW AVENUE,ELY,SEPULVEDA,AE DESIGN SOLUTION INC.,2024-08-07T00:00:00.000,2025-09-11T00:00:00.000,2026-09-11T04:00:00.000,Renewal of SR21/2820,0,NYU LANGONE MEDICAL CENTER,,Permit Issued,318206701,10016,40.742518,-73.974432,106,4,1009627501,62,Murray Hill-Kips Bay,,
M01125737-I1,M01125737-I1-SF,3,Renewal Permit Without Changes,307,EAST   44 STREET,MANHATTAN,6,1038755,1337,106,Facade,Supported Scaffold,GC,021579,ANTHONY,BALLATO,KNS BUILDING REST. INC,69-81 75TH STREET,JEEWAN,ITWARIE,A1 EXPEDITING SERVICE CORP.,2025-02-11T00:00:00.000,2026-04-02T00:00:00.000,2027-01-28T00:00:00.000,"TEMPORARY PIPE SCAFFOLD AS PER DRAWINGS. SCAFFOLD SHALL COMPLY WITH CH #33 OF THE NYC BC. NO CHANGE IN USE, OCCUPANCY OR EGRESS UNDER THIS APPLICATION.",20000,THE BRODSKY ORGANIZATION,Jon Adamski,Permit Issued,732406962,10017,40.750949,-73.970841,106,4,1013370006,90,East Midtown-Turtle Bay,,
M01032600-I1,M01032600-I1-SC,3,Renewal Permit Without Changes,50,EAST   42 STREET,MANHATTAN,51,1035336,1276,105,,Suspended Scaffold,R,005599,MACIEJ,JAWORSKI,BREND RESTORATION LLC,60 BAYARD STREET,,,,2024-04-10T00:00:00.000,2026-03-26T00:00:00.000,2027-03-26T04:00:00.000,Facade Repairs,0,PR,,Permit Issued,124199652,10017,40.752897,-73.979532,105,4,1012760051,82,Midtown-Times Square,,
M01380912-S2,M01380912-S2-SF,1,Initial Permit,151,EAST   29 STREET,Manhattan,40,1018262,885,106,Open Space,Supported Scaffold,GC,607447,WILLIAM,LAFFEY,SPRING SCAFFOLDING LLC,49-30 31ST PLACE,JOSEPH,CASTILLO,UNITED SAFETY CONSULTANTS,2026-04-08T00:00:00.000,2026-04-08T00:00:00.000,2027-03-01T00:00:00.000,"INSTALLATION OF TEMPORARY PIPE SCAFFOLD AS PER  PLAN. NO CHANGE IN USE, EGRESS, OR OCCUPANCY.",1,PR,Emmanuelle Bernard,Signed-off,781865138,10016,40.743022,-73.981415,106,2,1008850040,72,Murray Hill-Kips Bay,,
M00996464-I1,M00996464-I1-SF,3,Renewal Permit Without Changes,50,EAST   42 STREET,MANHATTAN,51,1035336,1276,105,Facade,Supported Scaffold,GC,616729,MACIEJ,JAWORSKI,BREND RESTORATION LLC,60 BAYARD STREET,SELMA,GEZLEV,LOMBARDO BUILDING CONSULTANTS,2024-02-27T00:00:00.000,2026-02-12T00:00:00.000,2027-02-12T05:00:00.000,"INSTALLATION AND USE OF TEMPORARY SUPPORTED SCAFFOLD AS PER PLANS FILED HEREWITH. NO CHANGE IN USE, EGRESS, OR OCCUPANCY.",1000,PR,BILLIE JEAN HAMEL,Permit Issued,191081330,10017,40.752897,-73.979532,105,4,1012760051,82,Midtown-Times Square,,
M01211205-I1,M01211205-I1-SC,1,Initial Permit,1460,BROADWAY,MANHATTAN,7504,1022573,994,105,,Suspended Scaffold,R,006586,PETER,ROSE,PRESERV BLDNG RST MNGMT I,96 14TH STREET,HAROLD,SUERO,HS DESIGN STUDIO LLC,2025-04-18T00:00:00.000,2025-04-21T00:00:00.000,2026-04-21T04:00:00.000,INSTALLATION OF TEMPORARY SUSPENDED SCAFFOLD EQUIPMENT.,0,1460 LEASEHOLD SWIGHM LLC,1460 Leasehold SwingHM LLC,Permit Issued,741089061,10036,40.754946,-73.986161,105,4,1009947504,113,Midtown-Times Square,,J
M01268081-I1,M01268081-I1-SC,1,Initial Permit,240,EAST   38 STREET,Manhattan,7501,1020338,918,106,,Suspended Scaffold,R,005957,FATON,MARKE,BENJAMIN CONSTRUCTN CORP,110 WILLOW AVENUE,ELY,SEPULVEDA,AE DESIGN SOLUTION INC.,2025-10-07T00:00:00.000,2025-10-08T00:00:00.000,2026-10-08T04:00:00.000,Installation of suspended scaffold for facade work or inspection,0,,Beau Everett,Permit Issued,672399500,10016,40.747756,-73.975148,106,4,1009187501,78,Murray Hill-Kips Bay,,
M01153737-I1,M01153737-I1-SC,2,Renewal Permit Without Changes,40,WEST   40 STREET,MANHATTAN,71,1080745,841,105,,Suspended Scaffold,R,006175,JOHN,TSAMPAS,SKYLINE RESTORATION INC,49-28 31ST PLACE,ELY,SEPULVEDA,AE DESIGN SOLUTION INC.,2025-01-17T00:00:00.000,2026-01-23T00:00:00.000,2027-01-23T05:00:00.000,Installation of suspended scaffold for facade work or inspection,0,BRYANT PARK HOTEL,PHILIPS BRYANT PARK LLC,Permit Issued,848548358,10018,40.753046,-73.983859,105,4,1008410071,84,Midtown-Times Square,,
M01376659-I1,M01376659-I1-SC,1,Initial Permit,733,THIRD AVENUE,MANHATTAN,47,1037596,1319,106,,Suspended Scaffold,R,006591,FRANCISCO,SANLES,CENTRAL CONSTRUCTION MGMT,25-04 40TH AVENUE,HAROLD,SUERO,HS DESIGN STUDIO LLC,2026-03-26T00:00:00.000,2026-04-02T00:00:00.000,2027-01-01T00:00:00.000,INSTALLATION OF INDUSTRIAL ROPE ACCESS FOR FACADE INSPECTIONS.,0,THE DURST ORGANIZATION,,Permit Issued,175359284,10017,40.753074,-73.972753,106,4,1013190047,90,East Midtown-Turtle Bay,,
M01388161-I1,M01388161-I1-SF,1,Initial Permit,32,WEST   39 STREET,Manhattan,66,1016011,840,105,"Facade, Sidewalk",Sidewalk Shed,GC,620254,PRABHJIT,SINGH,PLATINUM SERVICES NY LLC,53-28 11TH STREET 2ND FL,,,,2026-04-24T00:00:00.000,2026-04-24T00:00:00.000,2026-09-29T00:00:00.000,"INSTALLATION OF 300PSF SIDEWALK SHED AND PIPE SCAFFOLDING AS PER PLANS. SIDEWALK SHED AND PIPE SCAFFOLDING SHALL COMPLY WITH CHAPTER #33 OF THE 2022 CODE NO CHANGE IN USE, EGRESS OR OCCUPANCY UNDER THIS APPLICATION.",5000,PLATINUM SERVICES NY LLC,PRABHJIT SINGH,Permit Issued,167866861,10018,40.75211,-73.98356,105,4,1008400066,84,Midtown-Times Square,,
M01112615-I1,M01112615-I1-SC,2,Renewal Permit Without Changes,530,1 AVENUE,Manhattan,7501,1081694,962,106,,Suspended Scaffold,R,005957,FATON,MARKE,BENJAMIN CONSTRUCTN CORP,110 WILLOW AVENUE,,,,2024-09-26T00:00:00.000,2025-09-11T00:00:00.000,2026-09-11T04:00:00.000,"Installation of suspended scaffold for facade work and/or inspection. Amend #2, added scaffold drop and outrigger detail",0,NYU LANGONE MEDICAL CENTER,,Permit Issued,468671656,10016,40.741533,-73.97514,106,4,1009627501,62,Murray Hill-Kips Bay,,
M01388161-I1,M01388161-I1-SF,1,Initial Permit,32,WEST   39 STREET,Manhattan,66,1016011,840,105,"Facade, Sidewalk",Supported Scaffold,GC,620254,PRABHJIT,SINGH,PLATINUM SERVICES NY LLC,53-28 11TH STREET 2ND FL,,,,2026-04-24T00:00:00.000,2026-04-24T00:00:00.000,2026-09-29T00:00:00.000,"INSTALLATION OF 300PSF SIDEWALK SHED AND PIPE SCAFFOLDING AS PER PLANS. SIDEWALK SHED AND PIPE SCAFFOLDING SHALL COMPLY WITH CHAPTER #33 OF THE 2022 CODE NO CHANGE IN USE, EGRESS OR OCCUPANCY UNDER THIS APPLICATION.",5000,PLATINUM SERVICES NY LLC,PRABHJIT SINGH,Permit Issued,167866861,10018,40.75211,-73.98356,105,4,1008400066,84,Midtown-Times Square,,
M01040291-I1,M01040291-I1-SF,2,Renewal Permit Without Changes,122,EAST   42 STREET,MANHATTAN,14,1036152,1296,105,"Floor Number(s) 052 through 054, Open Space",Supported Scaffold,GC,607447,WILLIAM,LAFFEY,SPRING SCAFFOLDING LLC,49-30 31ST PLACE,MD TOHFAZ,UDDIN,TOHFAZ UDDIN PE PC,2024-10-02T00:00:00.000,2025-10-01T00:00:00.000,2026-10-01T04:00:00.000,"INSTALLATION OF TEMPORARY PIPE SCAFFOLD AS PER  PLAN. NO CHANGE IN USE,EGRESS OR OCCUPANCY. THE PIPE SCAFFOLD AT THE NORTH AND SOUTH ELEVATIONS FROM THE 52ND FLOOR BEAM SYSTEM PAST THE 54TH FLOOR.",1,SPRING SCAFFOLDING LLC,WILLIAM LAFFEY,Permit Issued,868916274,10168,40.751601,-73.97645,105,4,1012960014,80,Murray Hill-Kips Bay,,
M00827521-I1,M00827521-I1-SH,4,Renewal Permit Without Changes,401,EAST   34 STREET,MANHATTAN,1,1022057,966,106,Sidewalk,Sidewalk Shed,GC,623295,WILLIAM,MIRANDA,DYNAMIX SCAFFOLD GROUP LL,21 DODWORTH ST,,,,2023-02-17T00:00:00.000,2026-02-20T00:00:00.000,2026-05-21T04:00:00.000,"installation of heavy duty sidewalk shed as per chapter 33 of NYCBC. No change in use, egress, or occupancy",20000,PR,MORDECHAI WEINSTOCK,Permit Issued,556707611,10016,40.743948,-73.973378,106,4,1009660001,8601,Murray Hill-Kips Bay,,
M01189964-I1,M01189964-I1-SC,2,Renewal Permit Without Changes,309,EAST   49 STREET,MANHATTAN,7501,1039489,1342,106,,Suspended Scaffold,R,006581,MOHAMMAD,ASIF,MNR GROUP INC,129-06 18TH AVENUE,ELY,SEPULVEDA,AE DESIGN SOLUTION INC.,2025-03-26T00:00:00.000,2025-05-07T00:00:00.000,2026-05-07T04:00:00.000,Installation of suspended scaffold for facade work or inspection.,0,"HALSTEAD MANAGEMENT, LLC",alfred Nicasio,Permit Issued,782238075,10017,40.754053,-73.968494,106,4,1013427501,98,East Midtown-Turtle Bay,,
M01365070-I1,M01365070-I1-SF,1,Initial Permit,45,TUDOR CITY PLACE,MANHATTAN,22,1038660,1335,106,Facade,Supported Scaffold,GC,616094,GREG,MORTMAN,"THE METRO GROUP, INC",50-23 23RD STREET,HANSEL,MERCEDES,Synergy Building Consultants,2026-04-03T00:00:00.000,2026-04-03T00:00:00.000,2026-04-13T04:00:00.000,"Installation of temporary supported scaffold per plan submitted. Work shall comply with 2022 building codes chapter 33. No change in use, egress and/or occupancy with this application.",1,ORSID REALTY,Nicolas Pesola,Permit Issued,200436896,10017,40.749294,-73.970246,106,4,1013350022,88,Murray Hill-Kips Bay,J,R
M01225041-I1,M01225041-I1-SC,1,Initial Permit,489,FIFTH AVENUE,MANHATTAN,4,1076266,1276,105,,Suspended Scaffold,R,006175,JOHN,TSAMPAS,SKYLINE ACCESS LLC,49-28 31ST PLACE,REBECCA,NISCHAN,SKYLINE ACCESS,2025-05-19T00:00:00.000,2025-05-27T00:00:00.000,2026-05-27T04:00:00.000,IRA to assist with Condition Assessment.,0,KALIMIAN GROUP,,Permit Issued,288852640,10017,40.753051,-73.981188,105,4,1012760004,82,Midtown-Times Square,,
M01362351-I1,M01362351-I1-SC,1,Initial Permit,415,EAST   37 STREET,MANHATTAN,7501,1076168,969,106,,Suspended Scaffold,R,006581,MOHAMMAD,ASIF,MNR GROUP INC,129-06 18TH AVENUE,ELY,SEPULVEDA,AE DESIGN SOLUTION INC.,2026-03-24T00:00:00.000,2026-04-01T00:00:00.000,2026-05-24T04:00:00.000,Installation of suspended scaffold for facade work or inspection.,0,PR,Jared Kasper,Permit Issued,145221502,10016,40.745564,-73.971822,106,4,1009697501,8601,Murray Hill-Kips Bay,,
M01328652-I1,M01328652-I1-SH,1,Initial Permit,260,MADISON AVENUE,MANHATTAN,16,1017230,868,105,Sidewalk,Sidewalk Shed,GC,602114,JOSEPH,CERINA,CEPRINE CONSTRUCTION INC,41-08 BERRIAN BLVD,HANCE,MERCEDES,Synergy Building Consultants,2025-12-05T00:00:00.000,2025-12-05T00:00:00.000,2026-09-21T00:00:00.000,"Installation of temporary heavy duty sidewalk shed per plan submitted. Work shall comply with 2022 building codes chapter 33. No change in use, egress and/or occupancy with this application.",1,"59 MAIDEN LANE ASSOCIATES, LLC",Erik Tanner,Signed-off,114156440,10016,40.750433,-73.981027,105,4,1008680016,82,Midtown-Times Square,,
M08016895-I1,M08016895-I1-SH,4,Renewal Permit Without Changes,327,EAST   48 STREET,Manhattan,7503,1039205,1341,106,Open Space,Sidewalk Shed,GC,623088,RENE,NUNEZ,ANDAMIO SCAFFOLDING LLC,20 BURLING LANE (BOX 4-1),,,,2022-10-18T00:00:00.000,2025-06-02T00:00:00.000,2026-06-02T04:00:00.000,"INSTALLATION OF TEMPORARY HEAVY DUTY SIDEWALK SHED AS PER PLANS. NO CHANGE IN USE, EGRESS OR OCCUPANCY. SIDEWALK SHED SHALL COMPLY WITH CHAPTER #33 OF THE NYC BUILDING CODE. LIVE LOAD 300PSF.",1000,PR,FIRSTSERVICE RESIDENTIAL,Signed-off,591465465,10017,40.753318,-73.968689,106,4,1013417503,90,East Midtown-Turtle Bay,,
M00975689-I1,M00975689-I1-SC,3,Renewal Permit Without Changes,228,EAST   45 STREET,MANHATTAN,33,1037578,1318,,,Suspended Scaffold,R,004648,STEVEN,KATZ,KAY WATERPROOFING CORP.,211 EAST 123RD STREET,MU/RO/BR/SE,KH/SC/GA/DA,MUNICIPAL BUILDING CONSULTANTS,2023-12-14T00:00:00.000,2025-12-05T00:00:00.000,2026-10-01T04:00:00.000,Installation of outriggers for facade repair and inspection,0,575 ASSOCIATES LLC,,Permit Issued,547913599,10017,40.752355,-73.972266,106,4,1013180033,90,East Midtown-Turtle Bay,,
M01002531-I1,M01002531-I1-SC,4,Renewal Permit Without Changes,310,EAST   44 STREET,MANHATTAN,40,1038671,1336,106,,Suspended Scaffold,R,006310,ANTHONY,BALLATO,KNS BLDG RESTORATION INC,69-44 76TH STREET,,,,2024-02-14T00:00:00.000,2026-01-28T00:00:00.000,2027-01-28T05:00:00.000,"FACADE RESTORATION WORK, INSPECTION, (added scaffolds at new locations)",0,THE BRODSKY ORGANIZATION,,Permit Issued,190288556,10017,40.750911,-73.970791,106,4,1013360040,88,Murray Hill-Kips Bay,,
M01154512-I1,M01154512-I1-SF,2,Renewal Permit Without Changes,118,MADISON AVENUE,Manhattan,15,1016956,860,105,Floor Number(s) 2 through 8,Supported Scaffold,GC,609534,FARI,HAMA,REPUBLIC SCAFFOLD&HOIST C,420 MANIDA STREET,ANDREW,SANTORO,"PATUXENT ENGINEERING, LLC",2024-12-12T00:00:00.000,2025-11-17T00:00:00.000,2026-11-17T05:00:00.000,"INSTALLATION OF SUPPORTED SCAFFOLDING IN ACCORDANCE WITH NYCC 2022 CHAPTER 33 BUILDING CODE. NO CHANGE IN EGRESS, USE, OR OCCUPANCY.",1000,REPUBLIC SCAFFOLD & HOIST CORP,FARI HAMA,Permit Issued,150573732,10016,40.745339,-73.984734,105,2,1008600015,74,Midtown South-Flatiron-Union Square,,
M01210052-I1,M01210052-I1-SC,1,Initial Permit,65,WEST   36 STREET,MANHATTAN,8,1015920,838,105,,Suspended Scaffold,R,006139,TOMASZ,GOC,IMPERIEX CONSTRUCTION INC,1185 RANDALL AVENUE,ALBERT,SANCHEZ,"PROFESSIONAL DESIGN CONSULTANTS, LL",2025-05-02T00:00:00.000,2025-05-02T00:00:00.000,2026-04-30T04:00:00.000,SUSPENDED SCAFFOLD INSTALATION FOR FACADE RESTORATION AND INSPECTION,0,FY & SONS TIC LLC.,,Permit Issued,303643553,10018,40.750719,-73.985967,105,4,1008380008,84,Midtown-Times Square,,
M01364947-I1,M01364947-I1-FN,1,Initial Permit,1,PARK AVENUE,Manhattan,7503,1018472,888,105,Floor Number(s) 1 through 1,Construction Fence,GC,606949,SEAN,CLUNE,CLUNE CONSTRUCTION CO LP,"655 THIRD AVENUE, 10TH FLOOR",MARTIN,BUTLER,"ARCHETYPE CONSULTANTS, INC.",2026-04-17T00:00:00.000,2026-04-20T00:00:00.000,2027-04-20T04:00:00.000,Installation of fence within 3' from property line as indicated on drawings.,45000,VORNADO REALTY TRUST,Carlos Lopez,Permit Issued,421229541,10016,40.746069,-73.982071,105,2,1008887503,72,Murray Hill-Kips Bay,,
M01149991-I1,M01149991-I1-SC,2,Renewal Permit Without Changes,310,EAST   44 STREET,MANHATTAN,40,1038671,1336,106,,Suspended Scaffold,R,006310,ANTHONY,BALLATO,KNS BLDG RESTORATION INC,69-44 76TH STREET,HAROLD,SUERO,HS DESIGN STUDIO LLC,2024-12-18T00:00:00.000,2026-01-28T00:00:00.000,2027-01-28T05:00:00.000,INSTALLATION OF TEMPORARY SUSPENDED SCAFFOLD EQUIPMENT.,0,THE BRODSKY ORGANIZATION,Jon Adamski,Permit Issued,707674777,10017,40.750911,-73.970791,106,4,1013360040,88,Murray Hill-Kips Bay,,
M00647254-I1,M00647254-I1-SH,5,Renewal Permit Without Changes,50,EAST   42 STREET,Manhattan,51,1035336,1276,105,Open Space,Sidewalk Shed,GC,609527,PITOR,SIWIEC,PHOENIX SUTTON STR INC,128 SUTTON STREET,,,,2021-12-14T00:00:00.000,2025-12-03T00:00:00.000,2026-11-03T00:00:00.000,"INSTALLATION OF TEMPORARY HEAVY DUTY SIDEWALK SHED AS PER PLANS. NO CHANGE IN USE, EGRESS OR OCCUPANCY. SIDEWALK SHED SHALL COMPLY WITH CHAPTER #33 OF THE NYC BUILDING CODE. LIVE LOAD 300PSF.",1000,PHOENIX SUTTON STR INC,PIOTR SIWIEC,Signed-off,704219485,10017,40.752897,-73.979532,105,4,1012760051,82,Midtown-Times Square,,
M01330735-I1,M01330735-I1-SF,1,Initial Permit,130,EAST   35 STREET,MANHATTAN,72,1018539,890,106,Ground Floor,Supported Scaffold,GC,624465,NARINDER,SINGH,NSK CONSTRUCTION INC,10412 101ST AVENUE,,,,2025-12-11T00:00:00.000,2025-12-11T00:00:00.000,2026-11-21T05:00:00.000,PROPOSED INSTALLATION OF PIPE SCAFFOLD FOR REMEDIAL REPAIRS AS PER PLANS. NO CHANGE IN USE OCCUPANCY OR EGRESS UNDER THIS APPLICATIO,6000,PR,NARINDER SINGH,Permit Issued,748959687,10016,40.747185,-73.979537,106,4,1008900072,72,Murray Hill-Kips Bay,,
M08016895-I1,M08016895-I1-SH,5,Renewal Permit Without Changes,327,EAST   48 STREET,Manhattan,7503,1039205,1341,106,Open Space,Sidewalk Shed,GC,623088,RENE,NUNEZ,ANDAMIO SCAFFOLDING LLC,20 BURLING LANE (BOX 4-1),,,,2022-10-18T00:00:00.000,2026-03-23T00:00:00.000,2026-06-21T04:00:00.000,"INSTALLATION OF TEMPORARY HEAVY DUTY SIDEWALK SHED AS PER PLANS. NO CHANGE IN USE, EGRESS OR OCCUPANCY. SIDEWALK SHED SHALL COMPLY WITH CHAPTER #33 OF THE NYC BUILDING CODE. LIVE LOAD 300PSF.",1000,PR,FIRSTSERVICE RESIDENTIAL,Signed-off,707178311,10017,40.753318,-73.968689,106,4,1013417503,90,East Midtown-Turtle Bay,,
M00959755-I1,M00959755-I1-SH,3,Renewal Permit Without Changes,183,MADISON AVENUE,MANHATTAN,60,1017089,863,,Open Space,Sidewalk Shed,GC,602114,JOSEPH,CERINA,CEPRINE CONSTRUCTION INC,41-08 BERRIAN BLVD,CHARLIE,BATISTA,RIGID STRUCTURAL DESIGN,2023-11-13T00:00:00.000,2025-09-11T00:00:00.000,2026-09-11T04:00:00.000,"Installation of a temporarily heavy-duty sidewalk shed per plan submitted. Work shall comply with 2022 building codes chapter 33. No change in use, egress and/or occupancy with this application.",2500,183 MADISON OWNER APF LP,RAVEL DIAZ,Permit Issued,804485975,10016,40.747595,-73.98307,105,4,1008630060,74,Midtown South-Flatiron-Union Square,,
M01203897-I1,M01203897-I1-SC,1,Initial Permit,295,MADISON AVENUE,MANHATTAN,50,1035321,1275,105,,Suspended Scaffold,R,005999,STELIOS,BANAGOS,BAY RESTORATION CORP,37-24 10TH STREET,,,,2025-04-08T00:00:00.000,2025-04-08T00:00:00.000,2026-04-08T04:00:00.000,OUTRIGGER SUSPENDED SCAFFOLDING DURING FACADE RESTORATION WORK,0,BAY RESTORATION CORP.,,Permit Issued,927008335,10017,40.751997,-73.979864,105,4,1012750050,82,Midtown-Times Square,,
M01284907-I1,M01284907-I1-SH,1,Initial Permit,452,5 AVENUE,MANHATTAN,49,1016047,841,105,Open Space,Sidewalk Shed,GC,623088,RENE,NUNEZ,ANDAMIO SCAFFOLDING LLC,20 BURLING LANE (BOX 4-1),,,,2025-09-12T00:00:00.000,2025-09-12T00:00:00.000,2026-07-19T04:00:00.000,"INSTALLATION OF TEMPORARY HEAVY DUTY SIDEWALK SHED AS PER PLANS. NO CHANGE IN USE, EGRESS OR OCCUPANCY. SIDEWALK SHED SHALL COMPLY WITH CHAPTER #33 OF 2022 THE NYC BUILDING CODE. LIVE LOAD 300PSF.",1000,VIKING RESTORATION SERVICES LLC,DOMINIC FONTANA,Signed-off,725663091,10018,40.752335,-73.982416,105,4,1008410049,84,Midtown-Times Square,,
M01305295-I1,M01305295-I1-SC,1,Initial Permit,303,EAST   37 STREET,MANHATTAN,1,1021913,943,106,,Suspended Scaffold,R,006260,GIUSEPPE,GIAMBRONE,SATO CONSTRUCTION CO. INC,10-40 BORDEN AVENUE,,,,2025-10-23T00:00:00.000,2025-10-24T00:00:00.000,2026-10-24T04:00:00.000,"FISP INSPECTION, REPAIRS PER PLANS. NO CHANGE IN USE, EGRESS OR OCCUPANCY. ADDING NEW DROP LOCATION AND TIEBACKS. ADDING NEW DROPS W/WALL ANCHORS TIEBACK OPTION. ADDING NEW DROPS OPTIONS.",0,THE LOVETT GROUP,,Permit Issued,426699671,10016,40.746635,-73.974362,106,4,1009430001,78,Murray Hill-Kips Bay,,
M00615789-I1,M00615789-I1-SF,6,Renewal Permit Without Changes,711,3 AVENUE,MANHATTAN,1,1037568,1318,106,"Floor Number(s) 001 through 019, Open Space",Supported Scaffold,GC,607447,WILLIAM,LAFFEY,SPRING SCAFFOLDING LLC,49-30 31ST PLACE,ELY,SEPULVEDA,AE DESIGN SOLUTION INC.,2021-10-25T00:00:00.000,2026-02-27T00:00:00.000,2027-02-27T00:00:00.000,"INSTALLATION OF TEMPORARY PIPE SCAFFOLD AS PER PLANS. NO CHANGE IN USE, EGRESS OR OCCUPANCY.",1,SPRING SCAFFOLDING LLC,WILLIAM KNIGHT,Permit Issued,963276562,10017,40.752155,-73.973425,106,4,1013180001,90,East Midtown-Turtle Bay,,
M01158702-I1,M01158702-I1-SC,3,Renewal Permit Without Changes,118,MADISON AVENUE,MANHATTAN,15,1016956,860,105,,Suspended Scaffold,R,006175,JOHN,TSAMPAS,SKYLINE RESTORATION INC,49-28 31ST PLACE,ELY,SEPULVEDA,AE DESIGN SOLUTION INC.,2025-01-16T00:00:00.000,2026-02-26T00:00:00.000,2027-02-26T00:00:00.000,Installation of suspended scaffold for facade work or inspection.,0,THE AMERICAN ACADEMY OF DRAMATIC AR,PETER TUFEL,Permit Issued,706719590,10016,40.745339,-73.984734,105,2,1008600015,74,Midtown South-Flatiron-Union Square,,
M00994558-I1,M00994558-I1-SH,3,Renewal Permit Without Changes,49,WEST   37 STREET,MANHATTAN,9,1015958,839,105,Open Space,Sidewalk Shed,GC,609527,PITOR,SIWIEC,PHOENIX SUTTON STR INC,128 SUTTON STREET,,,,2024-01-26T00:00:00.000,2026-01-22T00:00:00.000,2026-11-03T00:00:00.000,"INSTALLATION OF TEMPORARY HEAVY DUTY SIDEWALK SHED AS PER PLANS. NO CHANGE IN USE, EGRESS OR OCCUPANCY. SIDEWALK SHED SHALL COMPLY WITH CHAPTER #33 OF 2022 THE NYC BUILDING CODE. LIVE LOAD 300PSF.",1000,PHOENIX SUTTON STR INC,PIOTR SIWIEC,Signed-off,527566390,10018,40.751018,-73.984758,105,4,1008390009,84,Midtown-Times Square,,
M01067300-S1,M01067300-S1-FN,5,Renewal Permit Without Changes,193,MADISON AVENUE,MANHATTAN,7501,1017114,864,106,Open Space,Construction Fence,GC,616799,JAVITH,CAMINO,NYC BUILDING SOLUTIONS CO,1202 HALSEY STREET,ALIFFE,GONZALEZ DILONE,PDG BUILDING CONSULTANTS,2024-07-25T00:00:00.000,2025-06-04T00:00:00.000,2026-06-04T04:00:00.000,Install construction fence as per plans filed.,1000,HUBB NYC PROPERTIES LLC,HUBBNYC Properties,Permit Issued,101720204,10016,40.747587,-73.982511,106,4,1008647501,74,Midtown South-Flatiron-Union Square,,
M01341564-I1,M01341564-I1-SF,1,Initial Permit,311,EAST   52 STREET,Manhattan,107,1039820,1345,106,Facade,Supported Scaffold,GC,623088,RENE,NUNEZ,ANDAMIO SCAFFOLDING LLC,20 BURLING LANE (BOX 4-1),,,,2026-01-06T00:00:00.000,2026-01-06T00:00:00.000,2027-01-06T05:00:00.000,"PROPOSED INSTALLATION OF TEMPORARY PIPE SCAFFOLD AS PER PLANS. WORK SHALL COMPLY WITH CHAPTER #33 OF 2022 THE NYC BUILDING CODE. NO CHANGE IN USE, OCCUPANCY, OR EGRESS UNDER THIS APPLICATION.",1000,TAWAU LLC,JOHN GIBBONS,Signed-off,642732871,10022,40.755903,-73.967038,106,4,1013450107,98,East Midtown-Turtle Bay,,
M01152276-I1,M01152276-I1-SH,3,Renewal Permit with Changes,240,MADISON AVENUE,MANHATTAN,18,1017196,867,105,Sidewalk,Sidewalk Shed,GC,620857,ISSAC,ADLER,GWT ENTERPRISES INC,177 CONCORD STREET SUITE# 100,,,,2024-12-11T00:00:00.000,2026-01-02T00:00:00.000,2026-11-17T00:00:00.000,"INSTALLATION OF 300 PSF SIDEWALK SHED AS PER PLANS. ALL EQUIPMENT SHALL COMPLY WITH CHAPTER #33 OF THE 2022 CODE. NO CHANGE IN USE, EGRESS OR OCCUPANCY UNDER THIS APPLICATION.",10000,OWNER'S REP,Issac Adler,Permit Issued,727352393,10016,40.75001,-73.981333,105,4,1008670018,82,Midtown-Times Square,,
M01120798-I1,M01120798-I1-FN,2,Renewal Permit Without Changes,579,3 AVENUE,MANHATTAN,1,1020348,919,106,Open Space,Construction Fence,GC,002689,TOBY,"ROMANO, JR",BREEZE NATIONAL INC,843 S.OCEAN AVENUE,JEEWAN,ITWARIE,A1 EXPEDITING SERVICE CORP.,2024-10-09T00:00:00.000,2025-05-28T00:00:00.000,2026-05-28T04:00:00.000,"CONSTRUCTION FENCE AS PER DRAWINGS DURING BLDG DEMOLITION, FILED SEP. CONSTRUCTION FENCE SHALL COMPLY WITH CH #33 OF THE NYC BC. NO CHANGE IN USE, OCCUPANCY OR EGRESS UNDER THIS APPLICATION.",2000,BLDG MANAGEMENT,Lloyd Goldman,Permit Issued,765095928,10016,40.74834,-73.976213,106,4,1009190001,78,Murray Hill-Kips Bay,,
M01371145-I1,M01371145-I1-SH,1,Initial Permit,711,3 AVENUE,Manhattan,1,1037568,1318,106,Sidewalk,Sidewalk Shed,GC,607447,WILLIAM,LAFFEY,SPRING SCAFFOLDING LLC,49-30 31ST PLACE,MD TOHFAZ,UDDIN,TOHFAZ UDDIN PE PC,2026-03-17T00:00:00.000,2026-03-17T00:00:00.000,2026-06-15T04:00:00.000,"INSTALLATION OF TEMPORARY SIDEWALK SHED AS PER PLAN. THERE IS NO CHANGE IN USE, EGRESS, OR OCCUPANCY.",1,SL GREEN REALTY CORP,Patricia Hoban,Permit Issued,786854075,10017,40.752155,-73.973425,106,4,1013180001,90,East Midtown-Turtle Bay,,
M01004214-I1,M01004214-I1-SH,3,Renewal Permit Without Changes,13,EAST   30 STREET,Manhattan,7502,1016955,860,105,Open Space,Sidewalk Shed,GC,623458,TANUPREET,KAUR,BK CONSTRUCTION SVCS INC,87-89 256TH STREET,,,,2024-02-13T00:00:00.000,2026-02-19T00:00:00.000,2026-05-20T04:00:00.000,"INSTALLATION OF 35' NEW SIDEWALK SHED AT 13 E 30th STREET AS INDICATED ON PLANS. THERE WILL BE NO CHANGE IN THE USE, EGRESS, OR OCCUPANCY UNDER THIS APPLICATION",4000,BK CONSTRUCTIONDBA SRT CONSTRUCTION,TANUPREET KAUR,Signed-off,141363463,10016,40.745542,-73.985478,105,2,1008607502,74,Midtown South-Flatiron-Union Square,,
M01069693-I1,M01069693-I1-SH,2,Renewal Permit with Changes,1,EAST   35 STREET,Manhattan,7502,1017120,865,105,Open Space,Sidewalk Shed,GC,626569,PRITPAL,KAUR,PARK CONTRACTING GROUP,12 HARBOR CT E,,,,2024-06-24T00:00:00.000,2025-07-03T00:00:00.000,2026-07-03T04:00:00.000,"INSTALLATION OF TEMPORARY HEAVY DUTY SIDEWALK SHED AS PER PLANS. NO CHANGE IN USE, EGRESS OR OCCUPANCY. SIDEWALK SHED SHALL COMPLY WITH CHAPTER #33 OF 2022 THE NYC BUILDING CODE. LIVE LOAD 300PSF.",1000,MNK ENTERPRISES NY INC,PRITPAL KAUR,Permit Issued,712440547,10016,40.749009,-73.983831,105,4,1008657502,82,Midtown-Times Square,,
M01353118-I1,M01353118-I1-SH,1,Initial Permit,519,2 AVENUE,Manhattan,34,1019902,909,106,Ground Floor,Sidewalk Shed,GC,621472,LUCIO.GIL,RUMALDO,RELIABLE ENTERPRISES INC,1431 BRUCKNER BOULEVARD,,,,2026-02-06T00:00:00.000,2026-02-06T00:00:00.000,2026-05-07T04:00:00.000,"PROPOSED INSTALLATION OF HEAVY DUTY SIDEWALK SHED AS PER PLANS. LIVE LOAD 300 LBS PER SQUARE FEET. SIDEWALK SHED SHALL COMPLY WITH CHAPTER #33 OF THE NYC BUILDING CODE. NO CHANGE IN USE, OCCUPANCY, OR EGRESS UNDER THIS APPLICATION.",5000,RELIABLE ENTERPRISES INC,LUCIO.GIL RUMALDO,Permit Issued,289692747,10016,40.741556,-73.978243,106,2,1009090034,66,Murray Hill-Kips Bay,,
M01186879-I1,M01186879-I1-FN,1,Initial Permit,35,WEST   36 STREET,MANHATTAN,7503,1015925,838,105,Open Space,Construction Fence,GC,621460,GIWHAN,PARK,URBANADE CORP,188-04 64TH AVENUE #4G,QINA,TAN,HTX BUILDING CONSULTING,2025-03-18T00:00:00.000,2025-04-02T00:00:00.000,2026-04-02T04:00:00.000,"file construction fence , no change in use, egress or occupancy",5000,RNA HERALD SQUARE LLC,JUMAN JUN,Permit Issued,359989525,10018,40.750518,-73.985487,105,4,1008387503,84,Midtown-Times Square,,
M01382372-I1,M01382372-I1-SC,1,Initial Permit,105,EAST   38 STREET,MANHATTAN,6,1019124,894,106,,Suspended Scaffold,R,006430,ANTHONY,CORALLO,RIGGING CONSULTANTS INC,555 LONGFELLOW AVENUE,MEGAN,TROXELL,"Rigging Consultants, Inc.",2026-04-10T00:00:00.000,2026-04-13T00:00:00.000,2026-07-03T00:00:00.000,Suspended Scaffold for Facade Restoration as Shown on Plans,0,Not Applicable,,Signed-off,298977653,10016,40.749436,-73.979085,106,4,1008940006,80,Murray Hill-Kips Bay,,P
M01339530-I1,M01339530-I1-SC,1,Initial Permit,299,PARK AVENUE,Manhattan,1,1036223,1303,105,,Suspended Scaffold,R,005907,ARKADIUSZ,SWIECHOWICZ,PEDROL CONTRACTING INC,232 INDIA STREET,Jose,Evangelista,Hierarch-E LLC,2025-12-26T00:00:00.000,2025-12-29T00:00:00.000,2026-12-29T05:00:00.000,SUSPENDED SCAFFOLD INSTALLATION FOR FACADE REPAIRS AND INSPECTIONS,0,FISHER-PARK LANE OWNER,,Signed-off,704137474,10171,40.756456,-73.974495,105,4,1013030001,92,East Midtown-Turtle Bay,,
M01161186-S1,M01161186-S1-SF,1,Initial Permit,10,EAST   40 STREET,MANHATTAN,66,1017601,869,105,Open Space,Supported Scaffold,GC,607447,WILLIAM,LAFFEY,SPRING SCAFFOLDING LLC,49-30 31ST PLACE,JOSEPH,CASTILLO,UNITED SAFETY CONSULTANTS,2026-02-02T00:00:00.000,2026-02-02T00:00:00.000,2027-02-02T05:00:00.000,"INSTALLATION OF TEMPORARY PIPE SCAFFOLD AS PER PLAN. NO CHANGE IN USE, EGRESS OR OCCUPANCY.",1000,PR,Mariellen Sereduke,Permit Issued,272369278,10016,40.751931,-73.981214,105,4,1008690066,82,Midtown-Times Square,,
M01206313-I1,M01206313-I1-SF,1,Initial Permit,39,WEST   32 STREET,MANHATTAN,19,1015844,834,105,Facade,Supported Scaffold,GC,626569,PRITPAUL,KAUR,PARK CONTRACTING GROUP,12 HARBOR CT E,,,,2025-04-08T00:00:00.000,2025-04-08T00:00:00.000,2026-04-08T04:00:00.000,"PROPOSED INSTALLATION OF TEMPORARY PIPE SCAFFOLD AS PER PLANS. WORK SHALL COMPLY WITH CHAPTER #33 OF 2022 THE NYC BUILDING CODE. NO CHANGE IN USE, OCCUPANCY, OR EGRESS UNDER THIS APPLICATION.",1000,Park Contracting Group LLC.,PRITPAUL KAUR,Signed-off,717460012,10001,40.747653,-73.98665,105,4,1008340019,76,Midtown South-Flatiron-Union Square,,
M01299879-S1,M01299879-S1-SF,1,Initial Permit,1095,6 AVENUE,MANHATTAN,7501,1087119,994,105,Open Space,Supported Scaffold,GC,607447,WILLIAM,LAFFEY,SPRING SCAFFOLDING LLC,49-30 31ST PLACE,JOSEPH,CASTILLO,UNITED SAFETY CONSULTANTS,2025-10-14T00:00:00.000,2025-10-14T00:00:00.000,2026-10-14T04:00:00.000,"INSTALLATION OF TEMPORARY PIPE SCAFFOLD AS PER PLAN. NO CHANGE IN USE, EGRESS OR OCCUPANCY.",1000,HINES INTERESTS LIMITED PARTNERSHIP,Robert McKeown,Permit Issued,804651696,10036,40.754979,-73.984469,105,4,1009947501,113,Midtown-Times Square,,
M01379593-I1,M01379593-I1-SC,1,Initial Permit,1435,BROADWAY,MANHATTAN,8,1022562,993,105,,Suspended Scaffold,R,005765,MARC,AUGUSTIN,"JERRICK ASSOCIATES, INC",86-88 HAUSMAN STREET,,,,2026-04-02T00:00:00.000,2026-04-06T00:00:00.000,2027-03-31T00:00:00.000,"FACADE REPAIRS, SCAFFOLD INSPECTIONS, 3 MEN LETTER",0,PR,,Permit Issued,796779927,10018,40.75454,-73.986808,105,3,1009930008,113,Midtown-Times Square,,
M01205398-I1,M01205398-I1-SF,1,Initial Permit,711,3 AVENUE,MANHATTAN,1,1037568,1318,106,Open Space,Supported Scaffold,GC,607447,WILLIAM,LAFFEY,SPRING SCAFFOLDING LLC,49-30 31ST PLACE,JOSEPH,CASTILLO,UNITED SAFETY CONSULTANTS,2025-04-22T00:00:00.000,2025-04-22T00:00:00.000,2026-04-22T04:00:00.000,"INSTALLATION OF TEMPORARY PIPE SCAFFOLD AS PER PLAN. NO CHANGE IN USE, EGRESS OR OCCUPANCY.",1000,SL GREEN REALTY CORP,Patricia Hoban,Permit Issued,900893017,10017,40.752155,-73.973425,106,4,1013180001,90,East Midtown-Turtle Bay,,
M00550533-I1,M00550533-I1-SH,5,Renewal Permit Without Changes,15,WEST   39 STREET,MANHATTAN,27,1016044,841,105,Ground Floor,Sidewalk Shed,GC,610898,SHOW-LAIN,CHENG,888 ASSOCIATES INC,147-25 NORTHERN BLVD #3E,,,,2021-07-08T00:00:00.000,2026-03-02T00:00:00.000,2026-05-31T04:00:00.000,PROPOSED INSTALLATION OF HEAVY DUTY SIDEWALK SHED AS PER PLANS.  LIVE LOAD 300 PER SQUARE FEET. SIDEWALK SHED SHALL COMPLY WITH CHAPTER # 33 OF THE 2014 CODE. NO CHANGE IN USE OCCUPANCY OR EGRESS UNDER THIS APPLICATION.,9000,NORTHERN STRAR REALTY,SHOW-LAIN CHENG,Permit Issued,812681668,10018,40.751923,-73.983073,105,4,1008410027,84,Midtown-Times Square,,
M01161186-S1,M01161186-S1-SF,2,Renewal Permit Without Changes,10,EAST   40 STREET,MANHATTAN,66,1017601,869,105,Open Space,Supported Scaffold,GC,607447,WILLIAM,LAFFEY,SPRING SCAFFOLDING LLC,49-30 31ST PLACE,JOSEPH,CASTILLO,UNITED SAFETY CONSULTANTS,2026-02-02T00:00:00.000,2026-02-27T00:00:00.000,2027-02-27T00:00:00.000,"INSTALLATION OF TEMPORARY PIPE SCAFFOLD AS PER PLAN. NO CHANGE IN USE, EGRESS OR OCCUPANCY.",1000,PR,Mariellen Sereduke,Permit Issued,719069526,10016,40.751931,-73.981214,105,4,1008690066,82,Midtown-Times Square,,
M01324504-I1,M01324504-I1-SC,1,Initial Permit,300,EAST   42 STREET,MANHATTAN,7501,1038650,1334,106,,Suspended Scaffold,R,006175,JOHN,TSAMPAS,SKYLINE ACCESS LLC,49-28 31ST PLACE,REBECCA,NISCHAN,SKYLINE ACCESS,2025-12-02T00:00:00.000,2025-12-02T00:00:00.000,2026-12-02T05:00:00.000,IRA to assist with Condition Assessment,0,NEWMARK,,Permit Issued,321842024,10017,40.749413,-73.972275,106,4,1013347501,88,Murray Hill-Kips Bay,,
M01084495-I1,M01084495-I1-SH,3,Renewal Permit Without Changes,303,5 AVENUE,Manhattan,1,1016981,861,105,Open Space,Sidewalk Shed,GC,623651,JASPREET,SINGH,COAST GROUP CORP,8 BARNYARD LANE,SANDEEP,KAUR,SANDEEP KAUR,2024-08-22T00:00:00.000,2026-03-05T00:00:00.000,2026-06-03T04:00:00.000,INSTALLATION OF HEAVY-DUTY SIDEWALK SHED AS PER PLANS.  NO CHANGE IN USE OCCUPANCY OR EGRESS UNDER THIS APPLICATION.  SIDEWALK SHED SHALL COMPLY WITH CHAPTER 33 OF THE 2022 NYC BUILDING CODE.,15000,COAST GROUP CORP,JASPREET SINGH,Permit Issued,312157884,10016,40.746679,-73.985835,105,4,1008610001,74,Midtown South-Flatiron-Union Square,,
M01013541-I1,M01013541-I1-SC,3,Renewal Permit Without Changes,40,WEST   40 STREET,MANHATTAN,71,1080745,841,105,,Suspended Scaffold,R,006175,JOHN,TSAMPAS,SKYLINE RESTORATION INC,49-28 31ST PLACE,,,,2024-03-04T00:00:00.000,2026-02-26T00:00:00.000,2027-02-26T00:00:00.000,Renewal of SR22/2664,0,BRYANT PARK HOTEL,,Permit Issued,617393012,10018,40.753046,-73.983859,105,4,1008410071,84,Midtown-Times Square,,
M01264307-I1,M01264307-I1-FN,1,Initial Permit,51,MADISON AVENUE,MANHATTAN,24,1016880,856,105,Facade,Construction Fence,GC,604197,PABLO,PERRONE,PJP INSTALLERS INC,129 OLD TURNPIKE ROAD,,,,2025-08-06T00:00:00.000,2025-08-06T00:00:00.000,2026-08-06T04:00:00.000,"INSTALLATION OF TEMPORARY CONSTRUCTION FENCE/ENCLOSURE SYSTEM AS PER DRAWINGS. FENCE ENCLOSURE SHALL COMPLY WITH CH #33 OF THE NYC BC. NO CHANGE IN USE, OCCUPANCY OR EGRESS UNDER THIS APPLICATION",15000,PR,robert sweeney,Signed-off,806091657,10010,40.742861,-73.986521,105,2,1008560024,56,Midtown South-Flatiron-Union Square,,
M00908708-I1,M00908708-I1-SH,3,Renewal Permit with Changes,311,EAST   52 STREET,Manhattan,107,1039820,1345,106,Open Space,Sidewalk Shed,GC,623088,RENE,NUNEZ,ANDAMIO SCAFFOLDING LLC,20 BURLING LANE (BOX 4-1),ALDI,DILO,"Rigid Structural Design, LLC",2023-07-25T00:00:00.000,2025-07-14T00:00:00.000,2026-07-14T04:00:00.000,"INSTALLATION OF TEMPORARY HEAVY DUTY SIDEWALK SHED AS PER PLANS. NO CHANGE IN USE, EGRESS OR OCCUPANCY. SIDEWALK SHED SHALL COMPLY WITH CHAPTER #33 OF 2022 THE NYC BUILDING CODE. LIVE LOAD 300PSF.",1000,TAWAU LLC,JOHN GIBBONS,Signed-off,325138125,10022,40.755903,-73.967038,106,4,1013450107,98,East Midtown-Turtle Bay,,
M00977666-I1,M00977666-I1-SC,3,Renewal Permit with Changes,420,LEXINGTON AVENUE,Manhattan,7501,1035385,1280,105,,Suspended Scaffold,R,007639,JEAN,CORTEZ NIEVES,STRUCTUAL PRESV SYSTEM,35-21 VERNON BLVD,TYRO,TROXELL,SMEP Design & Consultation LLC,2023-12-15T00:00:00.000,2025-07-02T00:00:00.000,2026-07-02T04:00:00.000,FACADE RESTORATION AND INSPECTION. Designated Primary Site Supervisor: Odalis Marte,0,SL GREEN REALTY CORP,,Signed-off,137332167,10170,40.752262,-73.975464,105,4,1012807501,92,East Midtown-Turtle Bay,,
M01107431-I1,M01107431-I1-SC,3,Renewal Permit Without Changes,307,EAST   44 STREET,MANHATTAN,6,1038755,1337,106,,Suspended Scaffold,R,006310,ANTHONY,BALLATO,KNS BLDG RESTORATION INC,69-44 76TH STREET,Silvana,Shehaj,"PROFESSIONAL DESIGN CONSULTANTS, LL",2024-09-12T00:00:00.000,2026-01-28T00:00:00.000,2027-01-28T05:00:00.000,"FACADE RESTORATION, INSPECTION",0,THE BRODSKY ORGANIZATION,Jon Adamski,Permit Issued,116800748,10017,40.750949,-73.970841,106,4,1013370006,90,East Midtown-Turtle Bay,,
M01026810-I1,M01026810-I1-SF,2,Renewal Permit Without Changes,271,MADISON AVENUE,MANHATTAN,20,1017589,869,106,Open Space,Supported Scaffold,GC,619106,ZUNAIR,KHALID,ZKW ENTERPRISES INC,"208-48 15TH ROAD, 2ND FLOOR",HANCE,MERCEDES,SYNERGY BUILDING CONSULTANTS,2024-05-20T00:00:00.000,2025-05-08T00:00:00.000,2026-05-08T04:00:00.000,"Installation of temporary supported scaffold per plan submitted. Work shall comply with 2022 building codes chapter 33. No change in use, egress and/or occupancy with this application.",1,BHA CONSULTANTS LLC,ANDIS HARASANI,Permit Issued,183171194,10016,40.751179,-73.98046,106,4,1008690020,82,Midtown-Times Square,,
M01221504-I1,M01221504-I1-SC,1,Initial Permit,50,WEST   34 STREET,Manhattan,7501,1015859,835,105,,Suspended Scaffold,R,006214,JUAN,COSTA,JC CONTRACTING MGMT LLC,147 W. 35TH STREET,ELY,SEPULVEDA,AE DESIGN SOLUTION INC.,2025-06-03T00:00:00.000,2025-06-03T00:00:00.000,2026-06-03T04:00:00.000,Installation of suspended scaffold for facade work or inspection.,0,"HERALD TOWERS, INC.",SEAN ABBOTT,Permit Issued,792317701,10001,40.749333,-73.986711,105,4,1008357501,76,Midtown South-Flatiron-Union Square,,J
M01034036-I1,M01034036-I1-SC,3,Renewal Permit Without Changes,12,EAST   31 STREET,MANHATTAN,74,1016980,860,105,,Suspended Scaffold,R,005763,JOHN,VENETIS,VEMA GROUP LLC,38-68 11TH STREET,,,,2024-04-12T00:00:00.000,2025-04-15T00:00:00.000,2026-04-15T04:00:00.000,Renewal of SR23/451,0,PR,,Permit Issued,363038895,10016,40.746231,-73.985247,105,2,1008600074,74,Midtown South-Flatiron-Union Square,,
M00827132-I1,M00827132-I1-SF,5,Renewal Permit Without Changes,420,LEXINGTON AVENUE,MANHATTAN,7501,1035385,1280,105,Floor Number(s) 028 through 032,Supported Scaffold,GC,607447,WILLIAM,LAFFEY,SPRING SCAFFOLDING LLC,49-30 31ST PLACE,MD TOHFAZ,UDDIN,TOHFAZ UDDIN PE PC,2023-02-22T00:00:00.000,2026-02-27T00:00:00.000,2027-02-27T00:00:00.000,"INSTALLATION OF PIPE SCAFFOLDING PER PLANS. PIPE SCAFFOLDING SHALL COMPLY WITH CHAPTER # 33 OF THE NYC CODE, NO CHANGES IN USE IN EGRESS OR OCCUPANCY UNDER THIS APPLICATION.",1,SPRING SCAFFOLDING LLC,WILLIAM KNIGHT,Permit Issued,920628379,10170,40.752262,-73.975464,105,4,1012807501,92,East Midtown-Turtle Bay,,
M01040291-S1,M01040291-S1-SF,2,Renewal Permit Without Changes,122,EAST   42 STREET,MANHATTAN,14,1036152,1296,105,Floor Number(s) 052 through 054,Supported Scaffold,GC,607447,WILLIAM,LAFFEY,SPRING SCAFFOLDING LLC,49-30 31ST PLACE,MD TOHFAZ,UDDIN,TOHFAZ UDDIN PE PC,2024-11-21T00:00:00.000,2025-11-10T00:00:00.000,2026-11-10T05:00:00.000,"THE PIPE SCAFFOLD AT THE NORTH AND SOUTH ELEVATION FROM THE 52ND FLOOR BEAM SYSTEM TO PAST THE 54TH FLOOR. INSTALLATION OF TEMPORARY NEEDLE BEAM AS PER PLAN. THERE IS NO CHANGE IN USE, EGRESS OR OCCUPANCY.",1,SPRING SCAFFOLDING LLC,WILLIAM LAFFEY,Permit Issued,199445986,10168,40.751601,-73.97645,105,4,1012960014,80,Murray Hill-Kips Bay,,
M01091319-I1,M01091319-I1-SH,3,Renewal Permit Without Changes,225,EAST   45 STREET,MANHATTAN,11,1037587,1319,106,Open Space,Sidewalk Shed,GC,001982,JERIMIAH,HARRINGTON,ROCKLEDGE SCAFFOLD CORP,808 NEPPERHAN AVENUE,JEEWAN,ITWARIE,A1 EXPEDITING SERVICE CORP.,2024-11-25T00:00:00.000,2026-03-19T00:00:00.000,2026-06-17T04:00:00.000,"HEAVY DUTY SIDEWALK SHED DURING NB CONST, FILED SEP. SIDEWALK SHED SHALL COMPLY WITH CH #33 OF THE NYC BC. NO CHANGE IN USE, OCCUPANCY OR EGRESS UNDER THIS APPLICATION.",9000,"Project Renewal, Inc",Paul Woody,Permit Issued,724585748,10017,40.752451,-73.972447,106,4,1013197505,90,East Midtown-Turtle Bay,,
M01325330-I1,M01325330-I1-FN,1,Initial Permit,767,THIRD AVENUE,MANHATTAN,47,1037996,1321,106,Ground Floor,Construction Fence,GC,018914,PHILIP,SUSI,ARSENAL SCAFFOLD INC,95 JERSEY STREET,,,,2025-12-12T00:00:00.000,2025-12-12T00:00:00.000,2026-12-12T05:00:00.000,"INSTALLATION OF TEMPORARY CONSTRUCTION PLYWOOD FENCE AS PER PLANS DURING CONSTRUCTION. NO CHANGE IN USE, EGRESS OR OCCUPANCY. FENCE SHALL COMPLY WITH CHAPTER 33 OF NYC BUILDING CODE OF 2022.",14000,767 GC LLC,Robert Travis,Permit Issued,415389416,10017,40.754276,-73.971879,106,4,1013210047,90,East Midtown-Turtle Bay,,
M01312370-I1,M01312370-I1-SC,1,Initial Permit,41,MADISON AVENUE,MANHATTAN,37,1016749,855,105,,Suspended Scaffold,R,006175,JOHN,TSAMPAS,SKYLINE ACCESS LLC,49-28 31ST PLACE,REBECCA,NISCHAN,SKYLINE ACCESS,2025-11-12T00:00:00.000,2025-12-03T00:00:00.000,2026-12-03T05:00:00.000,IRATO ASSIST WITH CONDITION ASSESSMENT.,0,RUDIN MANAGEMENT CO INC,,Permit Issued,138958984,10010,40.742616,-73.986698,105,2,1008550037,56,Midtown South-Flatiron-Union Square,,
M01215321-I1,M01215321-I1-SH,1,Initial Permit,7,WEST   43 STREET,MANHATTAN,29,1034208,1259,105,Open Space,Sidewalk Shed,GC,623088,RENE,NUNEZ,ANDAMIO SCAFFOLDING LLC,20 BURLING LANE (BOX 4-1),,,,2025-04-28T00:00:00.000,2025-04-28T00:00:00.000,2026-04-01T04:00:00.000,"INSTALLATION OF TEMPORARY HEAVY DUTY SIDEWALK SHED AS PER PLANS. NO CHANGE IN USE, EGRESS OR OCCUPANCY. SIDEWALK SHED SHALL COMPLY WITH CHAPTER #33 OF 2022 THE NYC BUILDING CODE. LIVE LOAD 300PSF.",1000,THE CENTURY ASSOCIATION,Christian potthoff,Signed-off,270788965,10036,40.754424,-73.981011,105,4,1012590029,96,Midtown-Times Square,,
M01315130-I1,M01315130-I1-SF,1,Initial Permit,1440,BROADWAY,MANHATTAN,11,1022563,993,105,Open Space,Supported Scaffold,GC,607447,WILLIAM,LAFFEY,SPRING SCAFFOLDING LLC,49-30 31ST PLACE,MD TOHFAZ,UDDIN,TOHFAZ UDDIN PE PC,2025-12-01T00:00:00.000,2025-12-01T00:00:00.000,2026-12-01T05:00:00.000,THE PIPE SCAFFOLD TOP OF THE SIDEWALK SHED ( PERMIT BY OTHER) TO THE SETBACKS TO THE 19TH FLOOR SETBACK AT WEST AND SOUTH ELEVATION BROADWAY.,1,VIKING RESTORATION SERVICES LLC,DOMINIC FONTANA,Permit Issued,429530897,10018,40.754424,-73.986822,105,4,1009930011,113,Midtown-Times Square,,
M01266993-I1,M01266993-I1-SH,2,Renewal Permit Without Changes,108,EAST   37 STREET,Manhattan,79,1018991,892,106,Open Space,Sidewalk Shed,GC,031021,JOHN,FALLON,JERRICK ASSOCIATES INC,86-88 HAUSMAN STREET,ELY,SEPULVEDA,AE DESIGN SOLUTION INC.,2025-08-14T00:00:00.000,2026-03-26T00:00:00.000,2026-06-24T04:00:00.000,"INSTALLATION OF TEMPORARY SIDEWALK SHED AS PER PLANS. NO CHANGE IN USE, EGRESS OR OCCUPANCY.",1,"JERRICK ASSOCIATES, INC.",JOHN FALLON,Permit Issued,862048976,10016,40.748711,-73.979327,106,4,1008920079,80,Murray Hill-Kips Bay,,
M01106361-I1,M01106361-I1-SC,3,Renewal Permit Without Changes,310,EAST   44 STREET,MANHATTAN,40,1038671,1336,106,,Suspended Scaffold,R,006310,ANTHONY,BALLATO,KNS BLDG RESTORATION INC,69-44 76TH STREET,,,,2024-09-16T00:00:00.000,2026-01-28T00:00:00.000,2027-01-28T05:00:00.000,Additional repair locations added,0,THE BRODSKY ORGANIZATION,Jon Adamski,Permit Issued,546618070,10017,40.750911,-73.970791,106,4,1013360040,88,Murray Hill-Kips Bay,,
M01346362-I1,M01346362-I1-SH,1,Initial Permit,304,EAST   38 STREET,MANHATTAN,57,1078849,943,106,Ground Floor,Sidewalk Shed,GC,607411,SHAUKAT,ALI,UNITED KING CONSTRUCTION,3203 WESTCHESTER AVE,,,,2026-01-22T00:00:00.000,2026-01-22T00:00:00.000,2026-12-06T05:00:00.000,"PROPOSED INSTALLATION OF HEAVY DUTY SIDEWALK SHED AS PER PLANS. LIVE LOAD 300 LBS PER SQUARE FEET. SIDEWALK SHED SHALL COMPLY WITH CHAPTER #33 OF THE NYC BUILDING CODE. NO CHANGE IN USE, OCCUPANCY, OR EGRESS UNDER THIS APPLICATION.",7000,UNITED KING CONSTRUCTION,SHAUKAT ALI,Permit Issued,904310935,10016,40.747138,-73.973683,106,4,1009430057,78,Murray Hill-Kips Bay,,
M01111022-I1,M01111022-I1-FN,2,Renewal Permit Without Changes,235,EAST   42 STREET,Manhattan,23,1037552,1316,106,Ground Floor,Construction Fence,GC,018914,PHILIP,SUSI,ARSENAL SCAFFOLD INC,95 JERSEY STREET,,,,2024-09-16T00:00:00.000,2025-09-09T00:00:00.000,2026-09-09T04:00:00.000,"INSTALLATION OF 8' HIGH TEMPORARY CONSTRUCTION PLYWOOD FENCE ENCLOSURE AS PER PLANS DURING CONSTRUCTION. NO CHANGE IN USE, EGRESS OR OCCUPANCY. FENCE SHALL COMPLY WITH CHAPTER 33 OF NYC BUILDING CODE OF 2022.",21000,235 GC LLC,Robert Travis,Permit Issued,381029559,10017,40.750242,-73.973177,106,4,1013160023,88,Murray Hill-Kips Bay,,
M00919918-I1,M00919918-I1-SH,3,Renewal Permit Without Changes,650,1 AVENUE,MANHATTAN,1,1022547,969,106,Open Space,Supported Scaffold,GC,616838,EDMUND,KIRSCH,DHS FRACO LLC,4612 QUEENS BLVD,CHARLIE,BATISTA,RIGID STRUCTURAL DESIGN,2023-08-18T00:00:00.000,2025-08-14T00:00:00.000,2026-05-30T00:00:00.000,"Installation of a temporarily supported scaffold and heavy-duty sidewalk per plan submitted. Work shall comply with 2022 building codes chapter 33. No change in use, egress and/or occupancy with this application.",5000,"DHS FRACO, LLC",EDMUND KIRSCH,Signed-off,117156917,10016,40.745817,-73.972016,106,4,1009690001,8601,Murray Hill-Kips Bay,,
M01096856-S1,M01096856-S1-SC,2,Renewal Permit Without Changes,310,EAST   48 STREET,Manhattan,44,1038915,1340,106,,Suspended Scaffold,R,005975,ANDON,IKSINO,XINOS CONSTRUCTION CORP,110-32A 15TH AVENUE,,,,2024-09-16T00:00:00.000,2025-09-09T00:00:00.000,2026-09-09T04:00:00.000,Outriggers system installation and inspection for facade repairs.,0,PR,Debra Fechter,Permit Issued,392707017,10017,40.753425,-73.968981,106,4,1013400044,90,East Midtown-Turtle Bay,,
M01266304-I1,M01266304-I1-SC,1,Initial Permit,6,EAST   32 STREET,Manhattan,72,1017003,861,105,,Suspended Scaffold,R,006175,JOHN,TSAMPAS,SKYLINE ACCESS LLC,49-28 31ST PLACE,REBECCA,NISCHAN,SKYLINE ACCESS,2025-08-12T00:00:00.000,2025-08-13T00:00:00.000,2026-08-13T04:00:00.000,IRA to assist with Condition Assessment.,0,6 E 32 FEE OWNERS LLC,,Permit Issued,655209023,10016,40.746958,-73.985059,105,4,1008610072,74,Midtown South-Flatiron-Union Square,,
M01368131-I1,M01368131-I1-SC,1,Initial Permit,235,EAST   42 STREET,MANHATTAN,23,1037552,1316,106,,Suspended Scaffold,R,006549,GUSTAVO,FELIPE,"SKYLINE WINDOWS, LLC",220 EAST 138TH STREET,MU/RO/BR/SE,KH/SC/GA/DA,MUNICIPAL BUILDING CONSULTANTS,2026-03-10T00:00:00.000,2026-03-10T00:00:00.000,2026-12-01T05:00:00.000,Installation of outrigger for facade repair & inspection.,0,235 GC LLC,,Permit Issued,544260248,10017,40.750242,-73.973177,106,4,1013160023,88,Murray Hill-Kips Bay,,A
M01091319-I1,M01091319-I1-SH,2,Renewal Permit Without Changes,225,EAST   45 STREET,MANHATTAN,11,1037587,1319,106,Open Space,Sidewalk Shed,GC,001982,JERIMIAH,HARRINGTON,ROCKLEDGE SCAFFOLD CORP,808 NEPPERHAN AVENUE,JEEWAN,ITWARIE,A1 EXPEDITING SERVICE CORP.,2024-11-25T00:00:00.000,2025-12-05T00:00:00.000,2026-12-05T05:00:00.000,"HEAVY DUTY SIDEWALK SHED DURING NB CONST, FILED SEP. SIDEWALK SHED SHALL COMPLY WITH CH #33 OF THE NYC BC. NO CHANGE IN USE, OCCUPANCY OR EGRESS UNDER THIS APPLICATION.",9000,"Project Renewal, Inc",Paul Woody,Permit Issued,236631653,10017,40.752451,-73.972447,106,4,1013197505,90,East Midtown-Turtle Bay,,
M01228326-I1,M01228326-I1-SH,1,Initial Permit,145,EAST   48 STREET,MANHATTAN,7501,1036233,1303,106,Sidewalk,Sidewalk Shed,GC,608938,ALAN,OBER,STEEL SYSTEMS LLC,570 TAXTER ROAD,,,,2025-06-03T00:00:00.000,2025-06-05T00:00:00.000,2026-06-05T04:00:00.000,"Installation of a temporarily heavy-duty sidewalk per plan submitted. Work shall comply with 2022 building codes chapter 33. No change in use, egress and/or occupancy with this application.",10000,STEEL SYSTEMS LLC,ALAN OBER,Permit Issued,632451397,10017,40.75507,-73.972839,106,4,1013037501,92,East Midtown-Turtle Bay,,
M01202592-I1,M01202592-I1-SH,1,Initial Permit,443,3 AVENUE,MANHATTAN,64,1019971,911,106,Ground Floor,Sidewalk Shed,GC,621472,LUCIO.GIL,RUMALDO,RELIABLE ENTERPRISES INC,1431 BRUCKNER BOULEVARD,,,,2025-04-22T00:00:00.000,2025-05-08T00:00:00.000,2026-05-08T04:00:00.000,"PROPOSED INSTALLATION OF HEAVY DUTY SIDEWALK SHED AS PER PLANS. LIVE LOAD 300 LBS PER SQUARE FEET. SIDEWALK SHED SHALL COMPLY WITH CHAPTER #33 OF THE NYC BUILDING CODE. NO CHANGE IN USE, OCCUPANCY, OR EGRESS UNDER THIS APPLICATION.",9000,RELIABLE ENTERPRISES INC,LUCIO.GIL RUMALDO,Permit Issued,730864798,10016,40.743584,-73.979672,106,2,1009110064,7002,Murray Hill-Kips Bay,,
M01362890-S6,M01362890-S6-SF,1,Initial Permit,419,PARK AVENUE SOUTH,Manhattan,84,1018236,884,105,Facade,Supported Scaffold,GC,001982,JERIMIAH,HARRINGTON,ROCKLEDGE SCAFFOLD CORP,808 NEPPERHAN AVENUE,JEEWAN,ITWARIE,A1 EXPEDITING SERVICE CORP.,2026-03-25T00:00:00.000,2026-03-25T00:00:00.000,2027-03-25T00:00:00.000,"TEMPORARY PIPE SCAFFOLD AS PER DRAWINGS. SCAFFOLD SHALL COMPLY WITH CH #33 OF THE NYC BC. NO CHANGE IN USE, OCCUPANCY OR EGRESS UNDER THIS APPLICATION.",3000,Not Applicable,Ofer Stark,Permit Issued,494567447,10016,40.743703,-73.983789,105,2,1008840084,72,Murray Hill-Kips Bay,,
M01272677-I1,M01272677-I1-SC,1,Initial Permit,225,EAST 45 STREET,MANHATTAN,11,1037587,1319,106,,Suspended Scaffold,R,006508,WOJCIECH,KWOLEK,WKR CONSTRUCTION INC,194 GORDON STREET,,,,2025-08-20T00:00:00.000,2025-08-25T00:00:00.000,2026-08-25T04:00:00.000,FILE SUSPENDED SCAFFOLD OUTRIGGER SYSTEMS FOR FACADE RESTORATION AND INSPECTION.,0,"PROJECT RENEWAL, INC",,Signed-off,771807468,10017,40.752451,-73.972447,106,4,1013197505,90,East Midtown-Turtle Bay,,
M01328366-I1,M01328366-I1-SC,1,Initial Permit,35,EAST   35 STREET,MANHATTAN,24,1017125,865,106,,Suspended Scaffold,R,006372,BOGUSLAW,PLIS,NEW AMSTERDAM RESTORATION,60-06 55TH DRIVE,ALDI,DILO,"Rigid Structural Design, LLC",2026-01-05T00:00:00.000,2026-01-05T00:00:00.000,2026-10-19T00:00:00.000,Installation of a suspended scaffold for Facade Inspection and repair as per plan submitted. No change to egress or occupancy.,0,PR,FirstService Residential,Permit Issued,479747785,10016,40.74833,-73.982207,106,4,1008650024,82,Midtown-Times Square,,
M01247584-I1,M01247584-I1-FN,1,Initial Permit,16,WEST 45 STREET,Manhattan,45,1034232,1260,105,Sidewalk,Construction Fence,GC,619584,ANTHONY,HU,EFIN MANAGEMENT CORP,"136-33 37TH AVENUE, SUITE 8B",HANCE,MERCEDES,SYNERGY BUILDING CONSULTANTS,2025-09-09T00:00:00.000,2025-09-09T00:00:00.000,2026-09-09T04:00:00.000,"Installation of temporary construction fence per plan submitted. Work shall comply with 2022 building codes chapter 33. No change in use, egress and/or occupancy with this application.",1,PR,Harry Song,Permit Issued,299736195,10036,40.755744,-73.980303,105,4,1012600045,96,Midtown-Times Square,,
M01067933-I1,M01067933-I1-SC,2,Renewal Permit Without Changes,525,LEXINGTON AVENUE,MANHATTAN,7503,1036232,1303,106,,Suspended Scaffold,R,006581,MOHAMMAD,ASIF,BUILDRITE CONTRACTING INC,129-06 18TH AVENUE,,,,2024-07-03T00:00:00.000,2026-04-07T00:00:00.000,2026-08-05T00:00:00.000,Installation of suspended scaffold for facade work or inspection,0,PR,,Signed-off,392102896,10017,40.755597,-73.973008,106,4,1013030053,92,East Midtown-Turtle Bay,,
M01321439-I1,M01321439-I1-SF,1,Initial Permit,1460,BROADWAY,MANHATTAN,7504,1022573,994,105,Roof,Supported Scaffold,GC,612539,WESLEY,LENARD,TRIBUTE RESTORATION INC,231 NORMAN STREET#206,,,,2025-12-05T00:00:00.000,2025-12-05T00:00:00.000,2026-09-27T04:00:00.000,"FILE-SUPPORTED PIPE SCAFFOLD AS SHOWN ON THE PLAN. NO CHANGE IN USE, EGRESS, OR OCCUPANCY UNDER THIS APPLICATION.",6000,1460 LEASEHOLD SWIGHM LLC,1460 Leasehold SwingHM LLC,Permit Issued,952808483,10036,40.754946,-73.986161,105,4,1009947504,113,Midtown-Times Square,,
M01125737-I1,M01125737-I1-SF,2,Renewal Permit Without Changes,307,EAST   44 STREET,MANHATTAN,6,1038755,1337,106,Facade,Supported Scaffold,GC,021579,ANTHONY,BALLATO,KNS BUILDING REST. INC,69-81 75TH STREET,JEEWAN,ITWARIE,A1 EXPEDITING SERVICE CORP.,2025-02-11T00:00:00.000,2026-01-28T00:00:00.000,2026-06-02T04:00:00.000,"TEMPORARY PIPE SCAFFOLD AS PER DRAWINGS. SCAFFOLD SHALL COMPLY WITH CH #33 OF THE NYC BC. NO CHANGE IN USE, OCCUPANCY OR EGRESS UNDER THIS APPLICATION.",20000,THE BRODSKY ORGANIZATION,Jon Adamski,Permit Issued,381212056,10017,40.750949,-73.970841,106,4,1013370006,90,East Midtown-Turtle Bay,,
M01376021-I1,M01376021-I1-FN,1,Initial Permit,675,THIRD AVENUE,MANHATTAN,1,1037549,1316,106,Sidewalk,Sidewalk Shed,GC,018914,PHILIP,SUSI,ARSENAL SCAFFOLD INC,95 JERSEY STREET,,,,2026-04-08T00:00:00.000,2026-04-08T00:00:00.000,2027-04-01T00:00:00.000,"INSTALLATION OF HEAVY DUTY SIDEWALK SHED AND CONSTRUCTION PLYWOOD FENCE AS PER PLANS. TEMPORARY EQUIPMENT SHALL COMPLY WITH CHAPTER #33 OF THE 2022 CODE. NO CHANGE IN USE, EGRESS OR OCCUPANCY UNDER THIS APPLICATION.",32000,675 GC LLC,Robert Travis,Permit Issued,540617151,10017,40.750714,-73.974295,106,4,1013160001,88,Murray Hill-Kips Bay,,
M01111013-I1,M01111013-I1-FN,2,Renewal Permit Without Changes,219,EAST   42 STREET,Manhattan,12,1037551,1316,106,Ground Floor,Construction Fence,GC,018914,PHILIP,SUSI,ARSENAL SCAFFOLD INC,95 JERSEY STREET,,,,2024-09-16T00:00:00.000,2025-09-09T00:00:00.000,2026-09-09T04:00:00.000,"INSTALLATION OF 8' HIGH TEMPORARY CONSTRUCTION PLYWOOD FENCE ENCLOSURE AS PER PLANS DURING CONSTRUCTION. NO CHANGE IN USE, EGRESS OR OCCUPANCY. FENCE SHALL COMPLY WITH CHAPTER 33 OF NYC BUILDING CODE OF 2022.",16000,219 GC LLC,ROBERT TRAVIS,Permit Issued,127640966,10017,40.750288,-73.973288,106,4,1013160012,88,Murray Hill-Kips Bay,,
M01270752-I1,M01270752-I1-SH,1,Initial Permit,326,EAST   48 STREET,Manhattan,39,1038912,1340,106,Ground Floor,Sidewalk Shed,GC,619106,ZUNAIR,KHALID,ZKW ENTERPRISES INC,"208-48 15TH ROAD, 2ND FLOOR",,,,2025-08-13T00:00:00.000,2025-08-13T00:00:00.000,2026-08-13T04:00:00.000,"INSTALLATION OF 300PSF SIDEWALK SHED AS PER PLANS. ALL EQUIPMENT SHALL COMPLY WITH CH #33 OF THE NYC CODE 2022. NO CHANGE IN USE, OCCUPANCY OR EGRESS UNDER THIS APPLICATION.",9000,ZKW ENTERPRISES INC.,ZUNAIR KHALID,Permit Issued,900793491,10017,40.753304,-73.9687,106,4,1013400039,90,East Midtown-Turtle Bay,,
M01032600-I1,M01032600-I1-SC,2,Renewal Permit Without Changes,50,EAST   42 STREET,MANHATTAN,51,1035336,1276,105,,Suspended Scaffold,R,005599,MACIEJ,JAWORSKI,BREND RESTORATION LLC,60 BAYARD STREET,,,,2024-04-10T00:00:00.000,2025-04-02T00:00:00.000,2026-04-02T04:00:00.000,Facade Repairs,0,PR,,Permit Issued,735437339,10017,40.752897,-73.979532,105,4,1012760051,82,Midtown-Times Square,,
M01279231-I1,M01279231-I1-SC,1,Initial Permit,400,MADISON AVENUE,Manhattan,17,1035420,1283,105,,Suspended Scaffold,R,007628,MARK,SCAGLIOLA,CERCONE EXTERIOR REST COR,18-63 43RD STREET,MU/RO/BR/SE,KH/SC/GA/DA,MUNICIPAL BUILDING CONSULTANTS,2025-09-09T00:00:00.000,2025-09-10T00:00:00.000,2026-09-10T04:00:00.000,Installation of  hoist for material and debris.,0,DS400OWNER LLC,,Permit Issued,282237253,10017,40.756265,-73.976766,105,4,1012830017,94,Midtown-Times Square,,J
M01376021-I1,M01376021-I1-FN,1,Initial Permit,675,THIRD AVENUE,MANHATTAN,1,1037549,1316,106,Sidewalk,Construction Fence,GC,018914,PHILIP,SUSI,ARSENAL SCAFFOLD INC,95 JERSEY STREET,,,,2026-04-08T00:00:00.000,2026-04-08T00:00:00.000,2027-04-01T00:00:00.000,"INSTALLATION OF HEAVY DUTY SIDEWALK SHED AND CONSTRUCTION PLYWOOD FENCE AS PER PLANS. TEMPORARY EQUIPMENT SHALL COMPLY WITH CHAPTER #33 OF THE 2022 CODE. NO CHANGE IN USE, EGRESS OR OCCUPANCY UNDER THIS APPLICATION.",32000,675 GC LLC,Robert Travis,Permit Issued,540617151,10017,40.750714,-73.974295,106,4,1013160001,88,Murray Hill-Kips Bay,,
M01377150-I1,M01377150-I1-SF,1,Initial Permit,112,MADISON AVENUE,MANHATTAN,72,1016941,859,105,Open Space,Supported Scaffold,GC,612735,PETER,O'FARRELL,PRECISION HOIST & SCAFFO*,1470 BRUCKNER BLVD,,,,2026-04-08T00:00:00.000,2026-04-08T00:00:00.000,2027-04-01T00:00:00.000,"Installation of temporary supported scaffold per plan submitted. Work shall comply with 2022 building codes chapter 33. No change in use, egress and/or occupancy with this application.",1,SAMCO PROPERTIES,Adam Smith,Permit Issued,860617315,10016,40.745059,-73.98494,105,2,1008590072,74,Midtown South-Flatiron-Union Square,,
M01382801-I1,M01382801-I1-SH,1,Initial Permit,149,MADISON AVENUE,Manhattan,57,1016997,861,105,Open Space,Sidewalk Shed,GC,620254,PRABHJIT,SINGH,PLATINUM SERVICES NY LLC,53-28 11TH STREET 2ND FL,,,,2026-04-24T00:00:00.000,2026-04-24T00:00:00.000,2026-07-23T04:00:00.000,"INSTALLATION OF TEMPORARY HEAVY DUTY SIDEWALK SHED AS PER PLANS. NO CHANGE IN USE, EGRESS OR OCCUPANCY. SIDEWALK SHED SHALL COMPLY WITH CHAPTER #33 OF 2022 THE NYC BUILDING CODE. LIVE LOAD 300PSF.",1000,PLATINUM SERVICES NY LLC,PRABHJIT SINGH,Permit Issued,487600287,10016,40.746286,-73.984023,105,4,1008610057,74,Midtown South-Flatiron-Union Square,,
M01279494-I1,M01279494-I1-SH,1,Initial Permit,326,EAST   48 STREET,Manhattan,39,1038912,1340,106,Ground Floor,Supported Scaffold,GC,619106,ZUNAIR,KHALID,ZKW ENTERPRISES INC,"208-48 15TH ROAD, 2ND FLOOR",,,,2026-03-16T00:00:00.000,2026-03-16T00:00:00.000,2026-06-14T04:00:00.000,"INSTALLATION OF 300PSF SIDEWALK SHED AND PIPE SCAFFOLDING AS PER PLANS. ALL EQUIPMENT SHALL COMPLY WITH CH #33 OF THE NYC CODE 2022. NO CHANGE IN USE, OCCUPANCY OR EGRESS UNDER THIS APPLICATION.",9000,ZKW ENTERPRISES INC.,ZUNAIR KHALID,Permit Issued,141743656,10017,40.753304,-73.9687,106,4,1013400039,90,East Midtown-Turtle Bay,,
M01288472-I1,M01288472-I1-SC,1,Initial Permit,310,5 AVENUE,Manhattan,43,1015819,833,105,,Suspended Scaffold,R,006219,NORBERT,WLODKOWSKI,CONSTRUCTORS TRADES & SKI,64-00 METROPOLITAN AVENUE,,,,2025-09-24T00:00:00.000,2025-09-24T00:00:00.000,2026-09-24T04:00:00.000,Installation  of suspended scaffold for facade Inspection.,0,MAIDEN/MCKETTRICK /379,,Permit Issued,936957089,10001,40.746871,-73.985716,105,3,1008330043,76,Midtown South-Flatiron-Union Square,,
M01205470-I1,M01205470-I1-SH,1,Initial Permit,207,MADISON AVENUE,MANHATTAN,19,1017124,865,106,Sidewalk,Supported Scaffold,GC,620022,EDWARD,KELLY,CONSOLIDATED SCAFFOLDING,20 PARK ROAD,,,,2025-04-10T00:00:00.000,2025-04-10T00:00:00.000,2026-04-10T04:00:00.000,"INSTALLATION OF A HEAVY DUTY SIDEWALK SHED AND MEDIUM DUTY PIPE SCAFFOLD AS PER PLANS DURING GENERAL CONSTRUCTION WORK. NO CHANGE IN USE, EGRESS OR OCCUPANCY. SIDEWALK SHED & PIPE SCAFFOLD TO COMPLY WITH CHAPTER 33 OF NYC BUILDING CODE OF 2022",5000,CONSOLIDATED SCAFFOLDING INC.,TOM BOWES,Permit Issued,564026965,10016,40.748643,-73.982305,106,4,1008650019,82,Midtown-Times Square,,J
M01343039-S1,M01343039-S1-FN,1,Initial Permit,290,5 AVENUE,Manhattan,43,1015787,832,105,Floor Number(s) 1 through 1,Construction Fence,GC,618556,SONG NAM,CHON,STONEGATE BUILD INC,"36-34 170TH STREET, 1ST FL",,,,2026-04-09T00:00:00.000,2026-04-20T00:00:00.000,2026-09-10T04:00:00.000,"INSTALLATION OF TEMPORARY CONSTRUCTION FENCE AS PER PLAN, CONJUNCTION WITH APPLICATION M01343039-I1. NO CHANGE IN USE, EGRESS OR OCCUPANCY.",2000,SERGIO KIELMANOWICZ,Sergio Kielmanowicz,Permit Issued,840662658,10001,40.746234,-73.986181,105,3,1008320043,76,Midtown South-Flatiron-Union Square,,
M00919918-I1,M00919918-I1-SH,3,Renewal Permit Without Changes,650,1 AVENUE,MANHATTAN,1,1022547,969,106,Open Space,Sidewalk Shed,GC,616838,EDMUND,KIRSCH,DHS FRACO LLC,4612 QUEENS BLVD,CHARLIE,BATISTA,RIGID STRUCTURAL DESIGN,2023-08-18T00:00:00.000,2025-08-14T00:00:00.000,2026-05-30T00:00:00.000,"Installation of a temporarily supported scaffold and heavy-duty sidewalk per plan submitted. Work shall comply with 2022 building codes chapter 33. No change in use, egress and/or occupancy with this application.",5000,"DHS FRACO, LLC",EDMUND KIRSCH,Signed-off,117156917,10016,40.745817,-73.972016,106,4,1009690001,8601,Murray Hill-Kips Bay,,
M01225604-I1,M01225604-I1-SC,1,Initial Permit,33,WEST   37 STREET,MANHATTAN,7503,1084661,839,105,,Suspended Scaffold,R,006625,ROBERT,AMRHEIN,4 STAR CONTRACTING INC,555 LONGFELLOW AVENUE,EMMANUEL,ANDRADE,RIGGING CONSULTANTS INC.,2025-05-30T00:00:00.000,2025-05-30T00:00:00.000,2026-05-30T04:00:00.000,Use of Suspended Scaffold for Facade Restoration,0,"MARRIOTT VACATION CLUB PULSE, NEW Y",,Permit Issued,303335861,10018,40.750864,-73.98439,105,4,1008397503,84,Midtown-Times Square,,L
M01333871-I1,M01333871-I1-SH,2,Renewal Permit Without Changes,366,MADISON AVENUE,Manhattan,56,1035394,1281,105,Open Space,Supported Scaffold,GC,612137,DANIEL,CHIRILA,DYNAMIC HOISTING SCAFF IN,2174 POND RD,ALDI,DILO,"Rigid Structural Design, LLC",2025-12-16T00:00:00.000,2026-03-20T00:00:00.000,2026-06-18T04:00:00.000,"Installation of a temporarily supported scaffold and heavy-duty sidewalk shed per plan submitted. Work shall comply with 2022 building codes chapter 33. No change in use, egress and/or occupancy with this application.",5000,DYNAMIC HOISTING SCAFFOLDING,DANIEL CHIRILA,Permit Issued,342045028,10017,40.755046,-73.977654,105,4,1012810056,94,Midtown-Times Square,,
M01366685-I1,M01366685-I1-SH,1,Initial Permit,420,5 AVENUE,Manhattan,7501,1081017,839,105,Sidewalk,Sidewalk Shed,GC,027194,MATTHEW,CARUSO,EXTERIOR WALL & BUILDING,72 WHITEHALL STREET,,,,2026-03-18T00:00:00.000,2026-03-18T00:00:00.000,2026-06-16T04:00:00.000,"INSTALLATION OF 300 PSF SIDEWALK SHED AS PER PLANS. ALL EQUIPMENT SHALL COMPLY WITH CHAPTER #33 OF THE 2022 CODE. NO CHANGE IN USE, EGRESS OR OCCUPANCY UNDER THIS APPLICATION.",100000,PR,MARK ESHELMAN,Signed-off,484489796,10018,40.750809,-73.982845,105,4,1008397501,84,Midtown-Times Square,,
M01311382-I1,M01311382-I1-SF,1,Initial Permit,310,5 AVENUE,Manhattan,43,1015819,833,105,Facade,Sidewalk Shed,GC,623678,NORBERT,WLODKOWSKI,CONSTRUCTORS TRADES & SKI,64-00 METROPOLITAN AVENUE,HANCE,MERCEDES,SYNERGY BUILDING CONSULTANTS,2025-11-26T00:00:00.000,2025-11-26T00:00:00.000,2026-11-26T05:00:00.000,"Installation of temporary supported scaffold and sidewalk shed per plan submitted. Work shall comply with 2022 building codes chapter 33. No change in use, egress and/or occupancy with this application.",1,MAIDEN/MCKETTRICK /379,Andrew Stempel,Permit Issued,865501635,10001,40.746871,-73.985716,105,3,1008330043,76,Midtown South-Flatiron-Union Square,,D
M01279494-I1,M01279494-I1-SH,1,Initial Permit,326,EAST   48 STREET,Manhattan,39,1038912,1340,106,Ground Floor,Sidewalk Shed,GC,619106,ZUNAIR,KHALID,ZKW ENTERPRISES INC,"208-48 15TH ROAD, 2ND FLOOR",,,,2026-03-16T00:00:00.000,2026-03-16T00:00:00.000,2026-06-14T04:00:00.000,"INSTALLATION OF 300PSF SIDEWALK SHED AND PIPE SCAFFOLDING AS PER PLANS. ALL EQUIPMENT SHALL COMPLY WITH CH #33 OF THE NYC CODE 2022. NO CHANGE IN USE, OCCUPANCY OR EGRESS UNDER THIS APPLICATION.",9000,ZKW ENTERPRISES INC.,ZUNAIR KHALID,Permit Issued,141743656,10017,40.753304,-73.9687,106,4,1013400039,90,East Midtown-Turtle Bay,,
M01007897-I1,M01007897-I1-SF,3,Renewal Permit Without Changes,45,TUDOR CITY PLACE,Manhattan,22,1038660,1335,106,Facade,Supported Scaffold,GC,616729,MACIEJ,JAWORSKI,BREND RESTORATION LLC,60 BAYARD STREET,SELMA,GEZLEV,LOMBARDO BUILDING CONSULTANTS,2024-02-28T00:00:00.000,2026-02-13T00:00:00.000,2027-02-13T05:00:00.000,"INSTALLATION AND USE OF TEMPORARY SUPPORTED SCAFFOLD AS PER PLANS FILED HEREWITH. NO CHANGE IN USE, EGRESS, OR OCCUPANCY.",1000,ORSID REALTY,NICOLAS PESOLA,Signed-off,790816377,10017,40.749294,-73.970246,106,4,1013350022,88,Murray Hill-Kips Bay,,
M00891504-I1,M00891504-I1-SH,3,Renewal Permit with Changes,50,MADISON AVENUE,Manhattan,7501,1087100,856,105,Roof,Sidewalk Shed,GC,620254,MANDIP,KAUR,PLATINUM SERVICES NY LLC,53-28 11TH STREET 2ND FL,RAMANI,MARIAPPAN,ROYAL EXPEDITING,2023-06-16T00:00:00.000,2025-05-19T00:00:00.000,2026-05-19T04:00:00.000,"INSTALLATION OF 300PSF SIDEWALK SHED AS PER PLANS. SIDEWALK SHALL COMPLY WITH CHAPTER # 33 OF THE NYC CODE 2022, NO CHANGES IN USE EGRESS OR OCCUPANCY UNDER THIS APPLICATION.",5000,PLATINUM SERVICES NY LLC,MANDIP KAUR,Permit Issued,636115576,10010,40.742992,-73.986449,105,3,1008567501,56,Midtown South-Flatiron-Union Square,,
M01362989-I1,M01362989-I1-SH,1,Initial Permit,28,WEST   37 STREET,Manhattan,66,1088178,838,105,Open Space,Sidewalk Shed,GC,612137,DANIEL,CHIRILA,DYNAMIC HOISTING SCAFF IN,2174 POND RD,ALDI,DILO,"Rigid Structural Design, LLC",2026-03-31T00:00:00.000,2026-03-31T00:00:00.000,2026-06-29T04:00:00.000,"Installation of a temporarily heavy-duty sidewalk with shed legs on Roadway per plan submitted. Work shall comply with 2022 building codes chapter 33. No change in use, egress and/or occupancy with this application.",2500,DYNAMIC HOISTING SCAFFOLDING,DANIEL CHIRILA,Permit Issued,548568932,10018,40.750796,-73.984275,105,4,1008380066,84,Midtown-Times Square,,
M01118717-I1,M01118717-I1-FN,3,Renewal Permit Without Changes,76,MADISON AVENUE,MANHATTAN,7501,1087536,857,105,Sidewalk,Construction Fence,GC,003365,JOHN,TSAMPAS,SKYLINE RESTORATION INC,49-28 31ST PLACE,DENISSE,TROCHE,LOMBARDO BUILDING CONSULTANTS,2024-10-01T00:00:00.000,2026-03-02T00:00:00.000,2027-02-28T00:00:00.000,"INSTALLATION AND USE OF TEMPORARY CONSTRUCTION FENCE ATTACHED TO EXISTING SIDEWALK SHED TO ENCLOSE DEBRIS CONTAINER AND STORAGE AREA AS PER PLANS FILED HEREWITH. NO CHANGE TO USE, EGRESS OR OCCUPANCY.",1000,SKYLINE RESTORATION INC.,JOHN TSAMPAS,Permit Issued,515893010,10016,40.743865,-73.98581,105,3,1008577501,56,Midtown South-Flatiron-Union Square,,
M01286316-I1,M01286316-I1-SC,1,Initial Permit,33,WEST   37 STREET,MANHATTAN,7503,1084661,839,105,,Suspended Scaffold,R,006625,ROBERT,AMRHEIN,4 STAR CONTRACTING INC,555 LONGFELLOW AVENUE,MEGAN,TROXELL,"Rigging Consultants, Inc.",2025-09-30T00:00:00.000,2025-09-30T00:00:00.000,2026-09-30T04:00:00.000,Suspended Scaffold for Facade Restoration as Shown on Plans,0,"MARRIOTT VACATION CLUB PULSE, NEW Y",Orlando Carrasquillo,Permit Issued,593406147,10018,40.750864,-73.98439,105,4,1008397503,84,Midtown-Times Square,,L
M00900497-I1,M00900497-I1-SH,3,Renewal Permit with Changes,228,EAST   45 STREET,Manhattan,33,1037578,1318,106,Sidewalk,Sidewalk Shed,GC,620254,MANDIP,KAUR,PLATINUM SERVICES NY LLC,53-28 11TH STREET 2ND FL,RAMANI,MARIAPPAN,ROYAL EXPEDITING,2023-07-27T00:00:00.000,2025-07-03T00:00:00.000,2026-07-03T04:00:00.000,"INSTALLATION OF 300 PSF SIDEWALK SHED AS PER PLANS. SIDEWALK SHED SHALL COMPLY WITH CHAPTER # 33 OF THE NYC CODE 2022, NO CHANGES IN USE EGRESS OR OCCUPANCY UNDER THIS APPLICATION.",5000,PLATINUM SERVICES NY LLC,MANDIP KAUR,Permit Issued,893618196,10017,40.752355,-73.972266,106,4,1013180033,90,East Midtown-Turtle Bay,,
M01335743-I1,M01335743-I1-SF,1,Initial Permit,36,WEST   36 STREET,Manhattan,66,1015906,837,105,Open Space,Supported Scaffold,GC,613066,JOHN,MCBRIDE,BUNLIN LLC,46-12 QUEENS BLVD #203,,,,2025-12-18T00:00:00.000,2025-12-18T00:00:00.000,2026-09-10T04:00:00.000,"INSTALLATION OF PIPE SCAFFOLDING AS PER PLANS. PIPE SCAFFOLDING SHALL COMPLY WITH CHAPTER # 33 OF THE 2022 CODE, NO CHANGESS IN USE IN EGRESS OR OCCUPANCY UNDER THIS APPLICATION.",13000,BUNLIN LLC,JOHN MCBRIDE,Permit Issued,279692796,10018,40.750477,-73.985437,105,4,1008370066,84,Midtown-Times Square,,F
M01004730-I1,M01004730-I1-SH,3,Renewal Permit with Changes,304,EAST   41 STREET,Manhattan,42,1080448,1333,106,Sidewalk,Sidewalk Shed,GC,620254,PRABHJIT,SINGH,PLATINUM SERVICES NY LLC,53-28 11TH STREET 2ND FL,RAMANI,MARIAPPAN,ROYAL EXPEDITING,2024-02-27T00:00:00.000,2026-02-20T00:00:00.000,2026-05-21T04:00:00.000,"INSTALLATION OF 300PSF SIDEWALK SHED PER PLANS. SIDEWALK SHED SHALL COMPLY WITH CHAPTER # 33 OF THE NYC CODE 2022, NO CHANGES IN USE EGRESS OR OCCUPANCY UNDER THIS APPLICATION.",5000,PLATINUM SERVICES NY LLC,MANDIP KAUR,Permit Issued,667500791,10017,40.749017,-73.972383,106,4,1013330042,88,Murray Hill-Kips Bay,,
M01333871-I1,M01333871-I1-SH,2,Renewal Permit Without Changes,366,MADISON AVENUE,Manhattan,56,1035394,1281,105,Open Space,Sidewalk Shed,GC,612137,DANIEL,CHIRILA,DYNAMIC HOISTING SCAFF IN,2174 POND RD,ALDI,DILO,"Rigid Structural Design, LLC",2025-12-16T00:00:00.000,2026-03-20T00:00:00.000,2026-06-18T04:00:00.000,"Installation of a temporarily supported scaffold and heavy-duty sidewalk shed per plan submitted. Work shall comply with 2022 building codes chapter 33. No change in use, egress and/or occupancy with this application.",5000,DYNAMIC HOISTING SCAFFOLDING,DANIEL CHIRILA,Permit Issued,342045028,10017,40.755046,-73.977654,105,4,1012810056,94,Midtown-Times Square,,
M01124638-I1,M01124638-I1-SH,3,Renewal Permit Without Changes,452,5 AVENUE,MANHATTAN,49,1016047,841,105,Sidewalk,Sidewalk Shed,GC,027194,MATTHEW,CARUSO,EXTERIOR WALL & BUILDING,72 WHITEHALL STREET,,,,2024-11-01T00:00:00.000,2025-12-02T00:00:00.000,2026-05-22T04:00:00.000,"INSTALLATION OF 300 PSF SIDEWALK SHED AS PER PLANS. ALL EQUIPMENT SHALL COMPLY WITH CHAPTER #33 OF THE 2022 CODE. NO CHANGE IN USE, EGRESS OR OCCUPANCY UNDER THIS APPLICATION.",10000,PR,Michael Dougherty,Signed-off,900802111,10018,40.752335,-73.982416,105,4,1008410049,84,Midtown-Times Square,,
M01084720-I1,M01084720-I1-SH,2,Renewal Permit Without Changes,51,WEST   35 STREET,MANHATTAN,12,1015887,837,105,Ground Floor,Sidewalk Shed,GC,621472,LUCIO.GIL,RUMALDO,RELIABLE ENTERPRISES INC,1431 BRUCKNER BOULEVARD,,,,2024-07-24T00:00:00.000,2025-06-10T00:00:00.000,2026-06-10T04:00:00.000,"PROPOSED INSTALLATION OF HEAVY DUTY SIDEWALK SHED AS PER PLANS. LIVE LOAD 300 LBS PER SQUARE FEET. SIDEWALK SHED SHALL COMPLY WITH CHAPTER #33 OF THE NYC BUILDING CODE. NO CHANGE IN USE, OCCUPANCY, OR EGRESS UNDER THIS APPLICATION.",5000,RELIABLE ENTERPRISES INC,LUCIO.GIL RUMALDO,Permit Issued,106722232,10001,40.749854,-73.985845,105,4,1008370012,84,Midtown-Times Square,,
M01203096-I1,M01203096-I1-SF,1,Initial Permit,108,EAST   37 STREET,MANHATTAN,79,1018991,892,106,Roof,Supported Scaffold,GC,612539,WESLEY,LENARD,TRIBUTE RESTORATION INC,231 NORMAN STREET#206,,,,2025-04-08T00:00:00.000,2025-04-08T00:00:00.000,2026-04-08T04:00:00.000,"FILE-SUPPORTED PIPE SCAFFOLD AS SHOWN ON THE PLAN. NO CHANGE IN USE, EGRESS, OR OCCUPANCY UNDER THIS APPLICATION.",7000,IRVINE REALTY GROUP,Paul Irvine,Permit Issued,967308877,10016,40.748711,-73.979327,106,4,1008920079,80,Murray Hill-Kips Bay,,
M01266051-I1,M01266051-I1-SC,1,Initial Permit,100,PARK AVENUE,Manhattan,27,1035319,1275,105,,Suspended Scaffold,R,006175,JOHN,TSAMPAS,SKYLINE ACCESS LLC,49-28 31ST PLACE,REBECCA,NISCHAN,SKYLINE ACCESS,2025-08-11T00:00:00.000,2025-08-13T00:00:00.000,2026-08-13T04:00:00.000,IRA to assist with Condition Assessment.,0,SL GREEN REALTY CORP,,Permit Issued,179081763,10017,40.751,-73.978504,105,4,1012750027,82,Midtown-Times Square,,
M01311382-I1,M01311382-I1-SH,1,Initial Permit,310,5 AVENUE,Manhattan,43,1015819,833,105,Sidewalk,Sidewalk Shed,GC,623678,NORBERT,WLODKOWSKI,CONSTRUCTORS TRADES & SKI,64-00 METROPOLITAN AVENUE,HANCE,MERCEDES,SYNERGY BUILDING CONSULTANTS,2025-11-26T00:00:00.000,2025-11-26T00:00:00.000,2026-11-26T05:00:00.000,"Installation of temporary supported scaffold and sidewalk shed per plan submitted. Work shall comply with 2022 building codes chapter 33. No change in use, egress and/or occupancy with this application.",1,MAIDEN/MCKETTRICK /379,Andrew Stempel,Permit Issued,221181828,10001,40.746871,-73.985716,105,3,1008330043,76,Midtown South-Flatiron-Union Square,,D
M01311382-I1,M01311382-I1-SH,1,Initial Permit,310,5 AVENUE,Manhattan,43,1015819,833,105,Sidewalk,Supported Scaffold,GC,623678,NORBERT,WLODKOWSKI,CONSTRUCTORS TRADES & SKI,64-00 METROPOLITAN AVENUE,HANCE,MERCEDES,SYNERGY BUILDING CONSULTANTS,2025-11-26T00:00:00.000,2025-11-26T00:00:00.000,2026-11-26T05:00:00.000,"Installation of temporary supported scaffold and sidewalk shed per plan submitted. Work shall comply with 2022 building codes chapter 33. No change in use, egress and/or occupancy with this application.",1,MAIDEN/MCKETTRICK /379,Andrew Stempel,Permit Issued,221181828,10001,40.746871,-73.985716,105,3,1008330043,76,Midtown South-Flatiron-Union Square,,D
M01208304-I1,M01208304-I1-SC,2,Renewal Permit Without Changes,650,1 AVENUE,MANHATTAN,1,1022547,969,106,,Suspended Scaffold,R,006529,VERONIKA,SIKORSKI,ELM SUSPENSION SYSTEMS,37-01 VERNON BLVD,HAROLD,SUERO,HS DESIGN STUDIO LLC,2025-04-15T00:00:00.000,2025-04-29T00:00:00.000,2026-04-29T00:00:00.000,INSTALLATION OF TEMPORARY MATERIAL HOIST (COUNTERWEIGHTED SYSTEM),0,HUDSON 37 LLC,DAVID SANI,Signed-off,224571569,10016,40.745817,-73.972016,106,4,1009690001,8601,Murray Hill-Kips Bay,,
M01188310-I1,M01188310-I1-SF,2,Renewal Permit Without Changes,299,MADISON AVENUE,Manhattan,23,1035332,1276,105,"Facade, Open Space",Supported Scaffold,GC,603235,CHARLES,TALISSE,CS BRIDGE CORP,1470 BRUCKNER BLVD,,,,2025-03-10T00:00:00.000,2026-03-16T00:00:00.000,2027-03-16T00:00:00.000,"Installation of temporary supported scaffold per plan submitted. Work shall comply with 2022 building codes chapter 33. No change in use, egress and/or occupancy with this application.",1,LIBRARY HOTEL,Robert Rawlins,Permit Issued,934861873,10017,40.752101,-73.979416,105,4,1012760023,82,Midtown-Times Square,,
M00839661-I1,M00839661-I1-SH,3,Renewal Permit Without Changes,36,WEST   38 STREET,MANHATTAN,67,1090634,839,105,Sidewalk,Sidewalk Shed,GC,018914,PHILIP,SUSI,ARSENAL SCAFFOLD INC,95 JERSEY STREET,,,,2023-04-17T00:00:00.000,2025-04-10T00:00:00.000,2026-04-10T04:00:00.000,"INSTALLATION OF TEMORARY PLYWOOD FENCE AND HEAVY DUTY SIDEWALK SHED AS PER PLANS. SW SHED AND PLYWOOD FENCE SHALL COMPLY WITH CHAPTER #33 OF THE 2022 CODE. NO CHANGE IN USE, EGRESS OR OCCUPANCY UNDER THIS APPLICATION.",10000,OMNIBUILD CONSTRUCTION,PETER SERPICO,Signed-off,315379902,10018,40.751473,-73.983964,105,4,1008390067,84,Midtown-Times Square,,
M01307400-I1,M01307400-I1-SF,1,Initial Permit,211,EAST   51 STREET,Manhattan,7503,1038465,1325,106,Facade,Supported Scaffold,GC,623088,RENE,NUNEZ,ANDAMIO SCAFFOLDING LLC,20 BURLING LANE (BOX 4-1),,,,2025-10-27T00:00:00.000,2025-10-27T00:00:00.000,2026-10-27T04:00:00.000,"PROPOSED INSTALLATION OF TEMPORARY PIPE SCAFFOLD AS PER PLANS. WORK SHALL COMPLY WITH CHAPTER #33 OF 2022 THE NYC BUILDING CODE. NO CHANGE IN USE, OCCUPANCY, OR EGRESS UNDER THIS APPLICATION.",1000,211 EAST 51 STREET CONDOMINIUM,FELISA HSIEH,Signed-off,940094445,10022,40.756263,-73.969846,106,4,1013257503,98,East Midtown-Turtle Bay,,
M01269914-I1,M01269914-I1-SF,1,Initial Permit,108,EAST   37 STREET,Manhattan,79,1018991,892,106,"Floor Number(s) 001 through 006, Open Space, Roof",Supported Scaffold,GC,031021,JOHN,FALLON,JERRICK ASSOCIATES INC,86-88 HAUSMAN STREET,ELY,SEPULVEDA,AE DESIGN SOLUTION INC.,2025-08-13T00:00:00.000,2025-08-13T00:00:00.000,2026-08-13T04:00:00.000,"INSTALLATION OF TEMPORARY PIPE SCAFFOLD AS PER PLANS. NO CHANGE IN USE, EGRESS OR OCCUPANCY.",1,"JERRICK ASSOCIATES, INC.",JOHN FALLON,Permit Issued,862613340,10016,40.748711,-73.979327,106,4,1008920079,80,Murray Hill-Kips Bay,,
M01311382-I1,M01311382-I1-SF,1,Initial Permit,310,5 AVENUE,Manhattan,43,1015819,833,105,Facade,Supported Scaffold,GC,623678,NORBERT,WLODKOWSKI,CONSTRUCTORS TRADES & SKI,64-00 METROPOLITAN AVENUE,HANCE,MERCEDES,SYNERGY BUILDING CONSULTANTS,2025-11-26T00:00:00.000,2025-11-26T00:00:00.000,2026-11-26T05:00:00.000,"Installation of temporary supported scaffold and sidewalk shed per plan submitted. Work shall comply with 2022 building codes chapter 33. No change in use, egress and/or occupancy with this application.",1,MAIDEN/MCKETTRICK /379,Andrew Stempel,Permit Issued,865501635,10001,40.746871,-73.985716,105,3,1008330043,76,Midtown South-Flatiron-Union Square,,D
M00839661-I1,M00839661-I1-SH,3,Renewal Permit Without Changes,36,WEST   38 STREET,MANHATTAN,67,1090634,839,105,Sidewalk,Construction Fence,GC,018914,PHILIP,SUSI,ARSENAL SCAFFOLD INC,95 JERSEY STREET,,,,2023-04-17T00:00:00.000,2025-04-10T00:00:00.000,2026-04-10T04:00:00.000,"INSTALLATION OF TEMORARY PLYWOOD FENCE AND HEAVY DUTY SIDEWALK SHED AS PER PLANS. SW SHED AND PLYWOOD FENCE SHALL COMPLY WITH CHAPTER #33 OF THE 2022 CODE. NO CHANGE IN USE, EGRESS OR OCCUPANCY UNDER THIS APPLICATION.",10000,OMNIBUILD CONSTRUCTION,PETER SERPICO,Signed-off,315379902,10018,40.751473,-73.983964,105,4,1008390067,84,Midtown-Times Square,,
M00863275-S1,M00863275-S1-SC,4,Renewal Permit Without Changes,36,WEST   38 STREET,MANHATTAN,67,1090634,839,105,,Suspended Scaffold,R,006456,VICTOR,BOBER,VIK XS SERVICES INC,"379 FIFTH AVENUE, 4TH FLOOR",,,,2023-11-20T00:00:00.000,2025-09-04T00:00:00.000,2026-05-16T04:00:00.000,"Suspended Hanging Scaffold Installation as per plans filed herewith. No change in use, egress or occupancy",0,VIK XS SERVICES INC,VICTOR BOBER,Permit Issued,900537646,10018,40.751473,-73.983964,105,4,1008390067,84,Midtown-Times Square,,
M00839661-I1,M00839661-I1-SH,4,Renewal Permit Without Changes,36,WEST   38 STREET,MANHATTAN,67,1090634,839,105,Sidewalk,Construction Fence,GC,018914,PHILIP,SUSI,ARSENAL SCAFFOLD INC,95 JERSEY STREET,,,,2023-04-17T00:00:00.000,2026-03-31T00:00:00.000,2026-06-29T00:00:00.000,"INSTALLATION OF TEMORARY PLYWOOD FENCE AND HEAVY DUTY SIDEWALK SHED AS PER PLANS. SW SHED AND PLYWOOD FENCE SHALL COMPLY WITH CHAPTER #33 OF THE 2022 CODE. NO CHANGE IN USE, EGRESS OR OCCUPANCY UNDER THIS APPLICATION.",10000,OMNIBUILD CONSTRUCTION,PETER SERPICO,Signed-off,671376031,10018,40.751473,-73.983964,105,4,1008390067,84,Midtown-Times Square,,
M01359004-I1,M01359004-I1-SH,1,Initial Permit,50,WEST   36 STREET,Manhattan,72,1015912,837,105,Sidewalk,Sidewalk Shed,GC,612491,JIMMY,HSU,MC SUPERSTRUCTURE INC,135-53 NORTHERN BLVD #2B,,,,2026-02-27T00:00:00.000,2026-02-27T00:00:00.000,2026-05-28T04:00:00.000,"INSTALLATION OF 300 PSF SIDEWALK SHED AS PER PLANS. ALL EQUIPMENT SHALL COMPLY WITH CHAPTER #33 OF THE 2022 CODE. NO CHANGE IN USE, EGRESS OR OCCUPANCY UNDER THIS APPLICATION.",20000,,JASMIN PATEL,Permit Issued,762502216,10018,40.750571,-73.985661,105,4,1008370072,84,Midtown-Times Square,,
M01093756-I1,M01093756-I1-SF,2,Renewal Permit Without Changes,148,MADISON AVENUE,Manhattan,64,1017000,861,105,"Floor Number(s) 001 through 016, Open Space, Roof",Supported Scaffold,GC,617232,ERIND,GAZHELI,CORE SCAFFOLD SYSTEMS INC,417 MYRTLE AVE SUITE 14,ELY,SEPULVEDA,AE DESIGN SOLUTION INC.,2024-08-09T00:00:00.000,2025-08-05T00:00:00.000,2026-08-05T04:00:00.000,"INSTALLATION OF TEMPORARY PIPE SCAFFOLD AS PER PLANS. NO CHANGE IN USE, EGRESS OR OCCUPANCY.",1,OWNERS REP,EDDIE GAZHELI,Signed-off,969293998,10016,40.746335,-73.984012,105,4,1008610064,74,Midtown South-Flatiron-Union Square,,
M00441468-I1,M00441468-I1-SH,6,Renewal Permit with Changes,216,EAST 29 STREET,Manhattan,46,1019906,909,106,Open Space,Sidewalk Shed,GC,626569,PRITPAL,KAUR,PARK CONTRACTING GROUP,12 HARBOR CT E,,,,2020-12-16T00:00:00.000,2025-07-09T00:00:00.000,2026-07-09T04:00:00.000,"INSTALLATION OF TEMPORARY HEAVY DUTY SIDEWALK SHED AS PER PLANS. NO CHANGE IN USE, EGRESS OR OCCUPANCY. SIDEWALK SHED SHALL COMPLY WITH CHAPTER #33 OF THE NYC BUILDING CODE. LIVE LOAD 300 PSF",1000,MNK ENTERPRISES LLC,SINGH GURVINDER,Permit Issued,719021169,10016,40.742344,-73.979856,106,2,1009090046,66,Murray Hill-Kips Bay,,
M01307399-I1,M01307399-I1-SH,1,Initial Permit,211,EAST   51 STREET,Manhattan,7503,1038465,1325,106,Open Space,Sidewalk Shed,GC,623088,RENE,NUNEZ,ANDAMIO SCAFFOLDING LLC,20 BURLING LANE (BOX 4-1),,,,2025-10-27T00:00:00.000,2025-10-27T00:00:00.000,2026-10-27T04:00:00.000,"INSTALLATION OF TEMPORARY HEAVY DUTY SIDEWALK SHED AS PER PLANS. NO CHANGE IN USE, EGRESS OR OCCUPANCY. SIDEWALK SHED SHALL COMPLY WITH CHAPTER #33 OF 2022 THE NYC BUILDING CODE. LIVE LOAD 300PSF.",1000,211 EAST 51 STREET CONDOMINIUM,FELISA HSIEH,Signed-off,526906542,10022,40.756263,-73.969846,106,4,1013257503,98,East Midtown-Turtle Bay,,
M01068519-S1,M01068519-S1-SC,3,Renewal Permit Without Changes,310,EAST   46 STREET,MANHATTAN,5,1038770,1338,106,,Suspended Scaffold,R,006456,VICTOR,BOBER,VIK XS SERVICES INC,"379 FIFTH AVENUE, 4TH FLOOR",,,,2024-08-08T00:00:00.000,2025-09-04T00:00:00.000,2026-05-16T04:00:00.000,"Suspended Scaffold Installation as per plans filed herewith. No change in use, egress or occupancy",0,VIK XS SERVICES INC,VICTOR BOBER,Permit Issued,694216106,10017,40.752182,-73.969902,106,4,1013380005,90,East Midtown-Turtle Bay,,
M01305864-I1,M01305864-I1-SF,1,Initial Permit,333,EAST   43 STREET,MANHATTAN,15,1038666,1336,106,Facade,Supported Scaffold,GC,609527,PIOTR,SIWIEC,PHOENIX SUTTON STR INC,128 SUTTON STREET,,,,2025-10-21T00:00:00.000,2025-10-21T00:00:00.000,2026-10-21T04:00:00.000,"PROPOSED INSTALLATION OF TEMPORARY PIPE SCAFFOLD AS PER PLANS. WORK SHALL COMPLY WITH CHAPTER #33 OF 2022 THE NYC BUILDING CODE. NO CHANGE IN USE, OCCUPANCY, OR EGRESS UNDER THIS APPLICATION.",1000,PHOENIX SUTTON STR INC,PIOTR SIWIEC,Signed-off,966027023,10017,40.750041,-73.970618,106,4,1013360015,88,Murray Hill-Kips Bay,,
M01244425-I1,M01244425-I1-SC,1,Initial Permit,211,EAST   51 STREET,MANHATTAN,7503,1038465,1325,106,,Suspended Scaffold,R,005656,ALAN,SCHINDERMAN,A W R GROUP INC,37-15 HUNTERS POINT AVENUE,HANCE,MERCEDES,SYNERGY BUILDING CONSULTANTS,2025-08-01T00:00:00.000,2025-08-01T00:00:00.000,2026-06-29T04:00:00.000,Installation of suspended scaffold for facade inspection/repair.,0,211 EAST 51 STREET CONDOMINIUM,FELISA HSIEH,Permit Issued,579751605,10022,40.756263,-73.969846,106,4,1013257503,98,East Midtown-Turtle Bay,,
M01249229-I1,M01249229-I1-SH,1,Initial Permit,1,UN PLAZA,Manhattan,7502,1038758,1337,106,Sidewalk,Sidewalk Shed,GC,604197,PABLO,PERRONE,PJP INSTALLERS INC,129 OLD TURNPIKE ROAD,,,,2025-07-16T00:00:00.000,2025-07-16T00:00:00.000,2026-07-16T04:00:00.000,"INSTALLATION OF SIDEWALK SHED AS PER PLANS. NO CHANGE IN USE, EGRESS OR OCCUPANCY.",1326000,"PJP INSTALLERS, INC.",PABLO PERRONE,Permit Issued,151792379,10017,40.750807,-73.970509,106,4,1013377502,90,East Midtown-Turtle Bay,,
M01004423-I1,M01004423-I1-SH,3,Renewal Permit with Changes,324,EAST   41 STREET,Manhattan,42,1080450,1333,106,Sidewalk,Sidewalk Shed,GC,620254,PRABHJIT,SINGH,PLATINUM SERVICES NY LLC,53-28 11TH STREET 2ND FL,RAMANI,MARIAPPAN,ROYAL EXPEDITING,2024-02-27T00:00:00.000,2026-02-20T00:00:00.000,2026-05-21T04:00:00.000,"INSTALLATION OF 300PSF SIDEWALK SHED PER PLANS. SIDEWALK SHED SHALL COMPLY WITH CHAPTER # 33 OF THE NYC CODE 2022, NO CHANGES IN USE EGRESS OR OCCUPANCY UNDER THIS APPLICATION.",5000,PLATINUM SERVICES NY LLC,MANDIP KAUR,Permit Issued,978864260,10017,40.748836,-73.971957,106,4,1013330042,88,Murray Hill-Kips Bay,,
M01235543-I1,M01235543-I1-SC,1,Initial Permit,157,EAST   32 STREET,MANHATTAN,7501,1069254,888,106,,Suspended Scaffold,R,005656,ALAN,SCHINDERMAN,A W R GROUP INC,37-15 HUNTERS POINT AVENUE,HANCE,MERCEDES,SYNERGY BUILDING CONSULTANTS,2025-07-03T00:00:00.000,2025-07-03T00:00:00.000,2026-06-29T04:00:00.000,Installation of a 3 point suspended scaffold for facade inspection/repair.,0,EBMG LLC,Mark Levine,Permit Issued,568134403,10016,40.744872,-73.980054,106,4,1008887501,72,Murray Hill-Kips Bay,,
M00839661-I1,M00839661-I1-SH,4,Renewal Permit Without Changes,36,WEST   38 STREET,MANHATTAN,67,1090634,839,105,Sidewalk,Sidewalk Shed,GC,018914,PHILIP,SUSI,ARSENAL SCAFFOLD INC,95 JERSEY STREET,,,,2023-04-17T00:00:00.000,2026-03-31T00:00:00.000,2026-06-29T00:00:00.000,"INSTALLATION OF TEMORARY PLYWOOD FENCE AND HEAVY DUTY SIDEWALK SHED AS PER PLANS. SW SHED AND PLYWOOD FENCE SHALL COMPLY WITH CHAPTER #33 OF THE 2022 CODE. NO CHANGE IN USE, EGRESS OR OCCUPANCY UNDER THIS APPLICATION.",10000,OMNIBUILD CONSTRUCTION,PETER SERPICO,Signed-off,671376031,10018,40.751473,-73.983964,105,4,1008390067,84,Midtown-Times Square,,
M01120806-I1,M01120806-I1-FN,2,Renewal Permit Without Changes,581,3 AVENUE,MANHATTAN,1,1085009,919,106,Open Space,Construction Fence,GC,002689,TOBY,"ROMANO, JR",BREEZE NATIONAL INC,843 S.OCEAN AVENUE,JEEWAN,ITWARIE,A1 EXPEDITING SERVICE CORP.,2024-10-09T00:00:00.000,2025-05-28T00:00:00.000,2026-05-28T04:00:00.000,"CONSTRUCTION FENCE AS PER DRAWINGS DURING BLDG DEMOLITION, FILED SEP. CONSTRUCTION FENCE SHALL COMPLY WITH CH #33 OF THE NYC BC. NO CHANGE IN USE, OCCUPANCY OR EGRESS UNDER THIS APPLICATION.",2000,BLDG MANAGEMENT,Lloyd Goldman,Permit Issued,999183357,10016,40.748384,-73.97618,106,4,1009190001,78,Murray Hill-Kips Bay,,
M01315130-I1,M01315130-I1-SF,2,Renewal Permit Without Changes,1440,BROADWAY,MANHATTAN,11,1022563,993,105,Open Space,Supported Scaffold,GC,607447,WILLIAM,LAFFEY,SPRING SCAFFOLDING LLC,49-30 31ST PLACE,MD TOHFAZ,UDDIN,TOHFAZ UDDIN PE PC,2025-12-01T00:00:00.000,2026-03-03T00:00:00.000,2027-03-01T00:00:00.000,THE PIPE SCAFFOLD TOP OF THE SIDEWALK SHED ( PERMIT BY OTHER) TO THE SETBACKS TO THE 19TH FLOOR SETBACK AT WEST AND SOUTH ELEVATION BROADWAY.,1,VIKING RESTORATION SERVICES LLC,DOMINIC FONTANA,Permit Issued,377871856,10018,40.754424,-73.986822,105,4,1009930011,113,Midtown-Times Square,,
M01199498-I1,M01199498-I1-FN,1,Initial Permit,885,2 AVENUE,MANHATTAN,22,1037988,1321,106,Ground Floor,Construction Fence,GC,018914,PHILIP,SUSI,ARSENAL SCAFFOLD INC,95 JERSEY STREET,,,,2025-06-03T00:00:00.000,2025-06-03T00:00:00.000,2026-04-01T00:00:00.000,"INSTALLATION OF TEMPORARY CONSTRUCTION PLYWOOD FENCE ENCLOSURE AS PER PLANS DURING CONSTRUCTION. NO CHANGE IN USE, EGRESS OR OCCUPANCY. FENCE SHALL COMPLY WITH CHAPTER 33 OF NYC BUILDING CODE OF 2022.",13000,885 SECOND AVENUE LESSEE LLC,Carolina Ramos,Signed-off,747832857,10017,40.753145,-73.969794,106,4,1013210022,90,East Midtown-Turtle Bay,,
M01114648-I1,M01114648-I1-SH,2,Renewal Permit Without Changes,76,MADISON AVENUE,MANHATTAN,7501,1087536,857,105,Sidewalk,Sidewalk Shed,GC,607447,WILLIAM,LAFFEY,SPRING SCAFFOLDING LLC,49-30 31ST PLACE,MD TOHFAZ,UDDIN,TOHFAZ UDDIN PE PC,2024-09-30T00:00:00.000,2025-09-29T00:00:00.000,2026-09-29T04:00:00.000,"INSTALLATION OF TEMPORARY SIDEWALK SHED AS PER  PLAN. NO CHANGE IN USE, EGRESS, OR OCCUPANCY. SIDEWALK SHED AT MADISON AVENUE AND EAST 28TH STREET ELEVATIONS.",1,SPRING SCAFFOLDING LLC,KENNETH LUPANO,Permit Issued,834293859,10016,40.743865,-73.98581,105,3,1008577501,56,Midtown South-Flatiron-Union Square,,
M01371235-I1,M01371235-I1-SF,1,Initial Permit,37,WEST   44 STREET,Manhattan,16,1034221,1260,105,Open Space,Supported Scaffold,GC,614164,ANGELA,TACOAMAN,A & J CONTRACTORS CO INC,727 EAST 135TH STREET,ALDI,DILO,"Rigid Structural Design, LLC",2026-03-18T00:00:00.000,2026-03-18T00:00:00.000,2026-10-01T04:00:00.000,"Installation of a temporarily supported scaffold and roof protection per plan submitted. Work shall comply with 2022 building codes chapter 33. No change in use, egress and/or occupancy with this application.",2500,AJ CONTRACTOR CO INC,ANGELA TACOAMAN,Permit Issued,682532483,10036,40.755343,-73.981245,105,4,1012600016,96,Midtown-Times Square,,E
M00887939-S1,M00887939-S1-SC,4,Renewal Permit Without Changes,31,WEST   34 STREET,MANHATTAN,10,1083638,836,105,,Suspended Scaffold,R,006456,VICTOR,BOBER,VIK XS SERVICES INC,"379 FIFTH AVENUE, 4TH FLOOR",,,,2023-12-21T00:00:00.000,2025-09-04T00:00:00.000,2026-05-16T04:00:00.000,"Suspended Hanging Scaffold Installation as per plans filed herewith. No change in use, egress or occupancy",0,VIK XS SERVICES INC,VICTOR BOBER,Permit Issued,876860124,10001,40.749256,-73.98648,105,4,1008360010,76,Midtown South-Flatiron-Union Square,,
M01343202-I1,M01343202-I1-SC,1,Initial Permit,8,WEST   36 STREET,MANHATTAN,52,1015901,837,105,,Suspended Scaffold,R,005322,FRANZ,HAAG,BIG APPLE RENOVATING & CO,19-20 22ND ROAD,HANCE,MERCEDES,Synergy Building Consultants,2026-01-12T00:00:00.000,2026-01-14T00:00:00.000,2027-01-14T05:00:00.000,Installation of suspended scaffold for facade inspection/repair.,0,"FIRST PIONEER PROPERTIES, INC.",,Permit Issued,207392636,10018,40.749903,-73.984069,105,4,1008370052,84,Midtown-Times Square,J,
M01228823-I1,M01228823-I1-SC,1,Initial Permit,244,MADISON AVENUE,MANHATTAN,57,1017221,867,105,,Suspended Scaffold,R,005975,ANDON,IKSINO,XINOS CONSTRUCTION CORP,110-32A 15TH AVENUE,,,,2025-05-27T00:00:00.000,2025-05-27T00:00:00.000,2026-05-27T04:00:00.000,"OUTRIGGERS SYSTEM INSTALLATION FOR FACADE REPAIRS. NO CHANGE IN USE, EGRESS, OR OCCUPANCY.",0,Douglas Elliman Property Management,Saed Hashimi,Permit Issued,812241745,10016,40.750131,-73.981247,105,4,1008670057,82,Midtown-Times Square,,
M00597351-I1,M00597351-I1-SH,4,Renewal Permit Without Changes,207,EAST   36 STREET,MANHATTAN,6,1020203,917,106,Ground Floor,Sidewalk Shed,GC,625195,LAKHVINDER,SINGH,TOPLINE NYC INC,118-14 ROCKAWAY BLVD,,,,2021-09-23T00:00:00.000,2026-02-10T00:00:00.000,2026-05-11T04:00:00.000,PROPOSED INSTALLATION OF HEAVY DUTY SIDEWALK SHED AS PER PLANS.  LIVE LOAD 300 PER SQUARE FEET. SIDEWALK SHED SHALL COMPLY WITH CHAPTER # 33 OF THE 2014 CODE. NO CHANGE IN USE OCCUPANCY OR EGRESS UNDER THIS APPLICATION.,9000,TOPLINE NYC CONTRACTING,JOGINDER SINGH,Permit Issued,171746358,10016,40.746864,-73.976823,106,4,1009170006,78,Murray Hill-Kips Bay,,
M01297076-I1,M01297076-I1-FN,1,Initial Permit,315,5 AVENUE,Manhattan,75,1017004,861,105,Open Space,Construction Fence,GC,616843,LUNG SIONG,HOONG,DE LUX CONSTRUCTION INC,196 VAN DYKE STREET UNIT M,,,,2025-10-06T00:00:00.000,2025-10-08T00:00:00.000,2026-10-05T04:00:00.000,INSTALL 10' HEIGHT TEMPORARY CONSTRUCTION FENCE.,2500,Not Applicable,JOSEPH KO,Permit Issued,129152104,10016,40.747002,-73.985596,105,4,1008610075,74,Midtown South-Flatiron-Union Square,,
M01374349-I1,M01374349-I1-SF,1,Initial Permit,1114,6 AVENUE,MANHATTAN,9,1034196,1258,105,Open Space,Supported Scaffold,GC,607447,WILLIAM,LAFFEY,SPRING SCAFFOLDING LLC,49-30 31ST PLACE,JOSEPH,CASTILLO,UNITED SAFETY CONSULTANTS,2026-03-19T00:00:00.000,2026-03-19T00:00:00.000,2027-03-01T00:00:00.000,"INSTALLATION OF TEMPORARY PIPE SCAFFOLD AS PER PLAN. NO CHANGE IN USE, EGRESS OR OCCUPANCY.",1000,BROOKFIELD PROPERTIES,Michael Fischetti,Signed-off,431369273,10036,40.755234,-73.983819,105,4,1012580009,96,Midtown-Times Square,,
M01134967-I1,M01134967-I1-SH,2,Renewal Permit Without Changes,450,LEXINGTON AVENUE,MANHATTAN,90,1085671,1280,105,Sidewalk,Sidewalk Shed,GC,003129,MICHAEL,PALADINO,EAGLE SCAFFOLDING SVCS IN,67 MILL STREET,,,,2024-12-04T00:00:00.000,2025-12-08T00:00:00.000,2026-12-08T05:00:00.000,"INSTALLATION OF 300 PSF SIDEWALK SHED AS PER PLANS. ALL EQUIPMENT SHALL COMPLY WITH CHAPTER #33 OF THE 2022 CODE. NO CHANGE IN USE, EGRESS OR OCCUPANCY UNDER THIS APPLICATION.",10000,RXR PO OWNER LLC,Terence Fraser,Permit Issued,595655273,10017,40.753014,-73.974919,105,4,1012800090,92,East Midtown-Turtle Bay,,
M01068519-S2,M01068519-S2-SC,3,Renewal Permit Without Changes,310,EAST   46 STREET,MANHATTAN,5,1038770,1338,106,,Suspended Scaffold,R,006456,VICTOR,BOBER,VIK XS SERVICES INC,"379 FIFTH AVENUE, 4TH FLOOR",,,,2024-08-15T00:00:00.000,2025-09-05T00:00:00.000,2026-05-16T04:00:00.000,Industrial Rope Access application for Facade repairs/inspections.,0,VIK XS SERVICES INC,VICTOR BOBER,Permit Issued,341136695,10017,40.752182,-73.969902,106,4,1013380005,90,East Midtown-Turtle Bay,,
M01241332-I1,M01241332-I1-SH,1,Initial Permit,450,LEXINGTON AVENUE,MANHATTAN,90,1085671,1280,105,Open Space,Sidewalk Shed,GC,003129,MICHAEL,PALADINO,EAGLE SCAFFOLDING SVCS IN,67 MILL STREET,ELY,SEPULVEDA,AE DESIGN SOLUTION INC.,2025-06-18T00:00:00.000,2025-06-18T00:00:00.000,2026-06-18T04:00:00.000,"INSTALLATION OF TEMPORARY SIDEWALK SHED AS PER PLANS. NO CHANGE IN USE, EGRESS OR OCCUPANCY.",1,RXR PO OWNER LLC,Terence Fraser,Permit Issued,534296472,10017,40.753014,-73.974919,105,4,1012800090,92,East Midtown-Turtle Bay,,
M01212345-I1,M01212345-I1-SC,1,Initial Permit,50,MADISON AVENUE,MANHATTAN,7501,1087100,856,105,,Suspended Scaffold,R,005926,MIKE,MORANO,A W R GROUP INC,37-15 HUNTERS POINT AVENUE,HANCE,MERCEDES,SYNERGY BUILDING CONSULTANTS,2025-04-21T00:00:00.000,2025-04-22T00:00:00.000,2026-04-22T04:00:00.000,Installation of suspended scaffold for facade inspection/ repair..,0,PR,,Permit Issued,306150561,10010,40.742992,-73.986449,105,3,1008567501,56,Midtown South-Flatiron-Union Square,,
M01258052-S1,M01258052-S1-FN,1,Initial Permit,124,EAST   40 STREET,MANHATTAN,78,1019491,895,106,Open Space,Construction Fence,GC,033913,GEORGE,TSIMOYIANIS,"ALL CITY REMODELING, INC",47-14 32ND PLACE,MU/RO/BR/SE,KH/SC/GA/DA,MUNICIPAL BUILDING CONSULTANTS,2025-07-21T00:00:00.000,2025-07-22T00:00:00.000,2026-06-30T04:00:00.000,"ERECT, MAINTAIN AND DISMANTLE TEMPORARY WOOD CONSTRUCTION FENCE AS PER PLANS FILED HEREWITH. NO CHANGE TO USE, EGRESS OR OCCUPANCY.",5000,"Solil Management, LLC",David Malanga,Signed-off,525566502,10016,40.750309,-73.977367,106,4,1008950078,80,Murray Hill-Kips Bay,,
M01240903-I1,M01240903-I1-SC,1,Initial Permit,60,WEST   36 STREET,MANHATTAN,78,1015915,837,105,,Suspended Scaffold,R,005975,ANDON,IKSINO,XINOS CONSTRUCTION CORP,110-32A 15TH AVENUE,,,,2025-06-17T00:00:00.000,2025-06-17T00:00:00.000,2026-06-17T04:00:00.000,"OUTRIGGER SYSTEM INSTALLATION FOR INSPECTION & FACADE REPAIRS. NO CHANGE IN USE, EGRESS OR OCCUPANCY.",0,HOLIDAY INN EXPRESS MANHATTAN TIMES,,Permit Issued,540219982,10018,40.750667,-73.985884,105,4,1008370078,84,Midtown-Times Square,,
M01313713-I1,M01313713-I1-SF,1,Initial Permit,20,WEST   46 STREET,MANHATTAN,50,1034257,1261,105,Open Space,Supported Scaffold,GC,036271,MICHAEL,DIFONZO,CENTRAL CONSTRUCTION MANA,25-04 4OTH AVE,CATALINA,HIDALGO,CH BUILDING CONSULTANTS Corp,2025-11-06T00:00:00.000,2025-11-06T00:00:00.000,2026-10-14T04:00:00.000,Installation of a pipe scaffold,5000,CENTRAL CONST MANAGEMENT,FRANCISCO SANLES,Permit Issued,539511885,10036,40.756405,-73.979938,105,4,1012610050,96,Midtown-Times Square,,
M01217015-I1,M01217015-I1-SF,1,Initial Permit,244,MADISON AVENUE,MANHATTAN,57,1017221,867,105,Facade,Supported Scaffold,GC,008573,ANDON,IKSINO,XINOS CONSTRUCTION CORP,110-32A 15TH. AVENUE,,,,2025-04-29T00:00:00.000,2025-04-29T00:00:00.000,2026-04-29T04:00:00.000,"INSTALLATION OF TEMPORARY PIPE SCAFFOLD AS INDICATED ON PLANS. THERE WILL BE NO CHANGE IN THE USE, EGRESS, OR OCCUPANCY UNDER THIS APPLICATION.",100000,XINOS CONSTRUCTION CORP.,ANDON IKSINO,Permit Issued,539018313,10016,40.750131,-73.981247,105,4,1008670057,82,Midtown-Times Square,,
M01290373-I1,M01290373-I1-SH,2,Renewal Permit Without Changes,27,EAST   30 STREET,MANHATTAN,24,1016959,860,105,Sidewalk,Sidewalk Shed,GC,625654,JOHN,DEGAETANO,XTREME SCAFFOLDING LLC,860 EAST 136 STREET,HANCE,MERCEDES,SYNERGY BUILDING CONSULTANTS,2025-09-22T00:00:00.000,2026-03-10T00:00:00.000,2026-06-08T04:00:00.000,"Installation of temporary heavy duty sidewalk shed as per plan submitted. Work shall comply with 2022 building codes chapter 33. No change in use, egress, and/or occupancy with this application.",1,XTREME SCAFFOLDING LLC,JOHN DEGAETANO,Permit Issued,648058119,10016,40.745128,-73.984496,105,2,1008600024,74,Midtown South-Flatiron-Union Square,,
M01290373-I1,M01290373-I1-SH,1,Initial Permit,27,EAST   30 STREET,MANHATTAN,24,1016959,860,105,Sidewalk,Sidewalk Shed,GC,625654,JOHN,DEGAETANO,XTREME SCAFFOLDING LLC,860 EAST 136 STREET,HANCE,MERCEDES,SYNERGY BUILDING CONSULTANTS,2025-09-22T00:00:00.000,2025-09-22T00:00:00.000,2026-09-22T04:00:00.000,"Installation of temporary heavy duty sidewalk shed as per plan submitted. Work shall comply with 2022 building codes chapter 33. No change in use, egress, and/or occupancy with this application.",1,XTREME SCAFFOLDING LLC,JOHN DEGAETANO,Permit Issued,292921739,10016,40.745128,-73.984496,105,2,1008600024,74,Midtown South-Flatiron-Union Square,,
M01116963-I1,M01116963-I1-SH,3,Renewal Permit Without Changes,400,MADISON AVENUE,Manhattan,17,1035420,1283,105,Sidewalk,Sidewalk Shed,GC,027194,MATTHEW,CARUSO,EXTERIOR WALL & BUILDING,72 WHITEHALL STREET,,,,2024-10-03T00:00:00.000,2025-12-02T00:00:00.000,2026-05-22T04:00:00.000,"INSTALLATION OF 300 PSF SIDEWALK SHED AND MATERIAL STORAGE AS PER PLANS. ALL EQUIPMENT SHALL COMPLY WITH CHAPTER #33 OF THE 2022 CODE. NO CHANGE IN USE, EGRESS OR OCCUPANCY UNDER THIS APPLICATION.",5000,DS400OWNER LLC,Sherika Cherry,Permit Issued,895425086,10017,40.756265,-73.976766,105,4,1012830017,94,Midtown-Times Square,,
M01350537-I1,M01350537-I1-SC,1,Initial Permit,249,EAST   48 STREET,MANHATTAN,7501,1038044,1322,106,,Suspended Scaffold,R,005739,ANDREW,ROSENWACH,"ROSENWACH TANK CO.,LLC",40-25 CRESCENT STREET,,,,2026-02-04T00:00:00.000,2026-02-05T00:00:00.000,2026-12-31T05:00:00.000,MATERIAL HOIST. MATERIALS ONLY. NO WORK FROM HOIST.,0,METRO HUDSON PRPERTY MGT GROUP LLC,,Permit Issued,362845759,10017,40.753724,-73.969375,106,4,1013227501,90,East Midtown-Turtle Bay,,
M01162082-I1,M01162082-I1-SH,2,Renewal Permit Without Changes,370,LEXINGTON AVENUE,Manhattan,58,1036150,1295,105,Open Space,Sidewalk Shed,GC,026349,MOHINDER,SINGH,J.K.CONSTRUCTION NEW YORK,305 MINEOLA BLVD,,,,2025-01-06T00:00:00.000,2026-01-07T00:00:00.000,2026-12-31T05:00:00.000,INSTALLATION OF HEAVY DUTY SIDEWALK SHED AS PER PLANS.  NO CHANGE IN USE OCCUPANCY OR EGRESS UNDER THIS APPLICATION.  SIDEWALK SHED SHALL COMPLY WITH CHAPTER 33 OF THE 2022 NYC BUILDING CODE.,9500,J.K. CONSTRUCTION NY INC,MOHINDER SINGH,Permit Issued,835931026,10017,40.750514,-73.976739,105,4,1012950058,80,Murray Hill-Kips Bay,,
M01334358-I1,M01334358-I1-SF,1,Initial Permit,245,EAST   35 STREET,MANHATTAN,23,1020185,916,106,"Open Space, Roof, Sidewalk",Supported Scaffold,GC,618716,MICHAEL,BRION,CANIDO BASONAS CONST SVC,314 48TH STREET,MU/RO/BR/SE,KH/SC/GA/DA,MUNICIPAL BUILDING CONSULTANTS,2026-01-06T00:00:00.000,2026-01-06T00:00:00.000,2026-12-13T00:00:00.000,"ERECT, MAINTAIN & DISMANTLE OF SCAFFOLD FOR FAADE REPAIRS PER DRAWINGS ATTACHED HEREWITH.",5000,"ALEXANDER WOLF & COMPANY, INC.",JOHN WOLF,Permit Issued,769966309,10016,40.745867,-73.976376,106,4,1009160023,78,Murray Hill-Kips Bay,,
M00930567-I1,M00930567-I1-SH,3,Renewal Permit Without Changes,260,MADISON AVENUE,MANHATTAN,16,1017230,868,,Open Space,Sidewalk Shed,GC,036271,MICHAEL,DIFONZO,CENTRAL CONSTRUCTION MANA,25-04 4OTH AVE,CATALINA,HIDALGO,CH BUILDING CONSULTANTS,2023-09-11T00:00:00.000,2025-10-01T00:00:00.000,2026-10-01T04:00:00.000,Installation of a sidewalk shed,5000,PR,FRANCISCO SANLES,Permit Issued,581174505,10016,40.750433,-73.981027,105,4,1008680016,82,Midtown-Times Square,,
M01280620-I1,M01280620-I1-SH,2,Renewal Permit Without Changes,121,MADISON AVENUE,MANHATTAN,22,1016958,860,105,Sidewalk,Sidewalk Shed,GC,625654,JOHN,DEGAETANO,XTREME SCAFFOLDING LLC,860 EAST 136 STREET,HANCE,MERCEDES,SYNERGY BUILDING CONSULTANTS,2025-09-10T00:00:00.000,2026-02-27T00:00:00.000,2026-05-28T04:00:00.000,"Installation of temporary heavy duty sidewalk shed per plan submitted. Work shall comply with 2022 building codes chapter 33. No change in use, egress and/or occupancy with this application.",1,XTREME SCAFFOLDING LLC,JOHN DEGAETANO,Permit Issued,156995252,10016,40.745331,-73.984716,105,2,1008600022,74,Midtown South-Flatiron-Union Square,,
M01271902-I1,M01271902-I1-SH,1,Initial Permit,220,EAST   32 STREET,Manhattan,54,1020068,912,106,Open Space,Supported Scaffold,GC,623763,MANUEL,BARRERA,A & D GENERAL CONTR INC,"50 N INDUSTRY CT, SUITE # 70",,,,2025-08-15T00:00:00.000,2025-08-15T00:00:00.000,2026-08-15T04:00:00.000,"INSTALLATION OF 300 PSF SIDEWALK SHED AND PIPE SCAFFOLDING AS PER PLANS. ALL EQUIPMENT SHALL COMPLY WITH CHAPTER #33 OF THE 2022 CODE. NO CHANGE IN USE, EGRESS OR OCCUPANCY UNDER THIS APPLICATION.",5000,A & D GENERAL CONTRACTORS INC,MANUEL BARRERA,Permit Issued,245540567,10016,40.744103,-73.978275,106,2,1009120054,7002,Murray Hill-Kips Bay,,
M01249232-I1,M01249232-I1-SH,1,Initial Permit,2,UN PLAZA,Manhattan,14,1038757,1337,106,Sidewalk,Sidewalk Shed,GC,604197,PABLO,PERRONE,PJP INSTALLERS INC,129 OLD TURNPIKE ROAD,,,,2025-07-16T00:00:00.000,2025-07-16T00:00:00.000,2026-07-16T04:00:00.000,"INSTALLATION OF SIDEWALK SHED AS PER PLANS. NO CHANGE IN USE, EGRESS OR OCCUPANCY.",495000,"PJP INSTALLERS, INC.",PABLO PERRONE,Permit Issued,785275981,10017,40.75087,-73.97065,106,4,1013370014,90,East Midtown-Turtle Bay,,
M01205470-I1,M01205470-I1-SF,1,Initial Permit,207,MADISON AVENUE,MANHATTAN,19,1017124,865,106,Floor Number(s) 1 through 4,Supported Scaffold,GC,620022,EDWARD,KELLY,CONSOLIDATED SCAFFOLDING,20 PARK ROAD,,,,2025-04-10T00:00:00.000,2025-04-10T00:00:00.000,2026-04-10T04:00:00.000,"INSTALLATION OF A HEAVY DUTY SIDEWALK SHED AND MEDIUM DUTY PIPE SCAFFOLD AS PER PLANS DURING GENERAL CONSTRUCTION WORK. NO CHANGE IN USE, EGRESS OR OCCUPANCY. SIDEWALK SHED & PIPE SCAFFOLD TO COMPLY WITH CHAPTER 33 OF NYC BUILDING CODE OF 2022",5000,CONSOLIDATED SCAFFOLDING INC.,TOM BOWES,Permit Issued,172018145,10016,40.748643,-73.982305,106,4,1008650019,82,Midtown-Times Square,,J
M01120822-I1,M01120822-I1-FN,2,Renewal Permit Without Changes,583,3 AVENUE,MANHATTAN,1,1020349,919,106,Open Space,Construction Fence,GC,002689,TOBY,"ROMANO, JR",BREEZE NATIONAL INC,843 S.OCEAN AVENUE,JEEWAN,ITWARIE,A1 EXPEDITING SERVICE CORP.,2024-10-09T00:00:00.000,2025-05-28T00:00:00.000,2026-05-28T04:00:00.000,"CONSTRUCTION FENCE AS PER DRAWINGS DURING BLDG DEMOLITION, FILED SEP. CONSTRUCTION FENCE SHALL COMPLY WITH CH #33 OF THE NYC BC. NO CHANGE IN USE, OCCUPANCY OR EGRESS UNDER THIS APPLICATION.",2000,BLDG MANAGEMENT,Lloyd Goldman,Permit Issued,276956085,10016,40.748428,-73.976148,106,4,1009190001,78,Murray Hill-Kips Bay,,
M01244785-I1,M01244785-I1-SC,2,Renewal Permit Without Changes,333,EAST   46 STREET,MANHATTAN,12,1038901,1339,106,,Suspended Scaffold,R,006523,ANDREW,HASAJ,TRIBUTE RESTORATION INC,"231 NORMAN AVENUE, STE 206",,,,2025-07-03T00:00:00.000,2025-10-02T00:00:00.000,2026-09-27T04:00:00.000,FILE SUSPENDED SCAFFOLD OUTRIGGER SYSTEMS FOR FACADE RESTORATION AND INSPECTION,0,ORSID REALTY,,Permit Issued,338696312,10017,40.75211,-73.969693,106,4,1013390012,90,East Midtown-Turtle Bay,,G
M01161186-I1,M01161186-I1-SH,2,Renewal Permit Without Changes,10,EAST   40 STREET,MANHATTAN,66,1017601,869,105,Sidewalk,Sidewalk Shed,GC,607447,WILLIAM,LAFFEY,SPRING SCAFFOLDING LLC,49-30 31ST PLACE,JOSEPH,CASTILLO,UNITED SAFETY CONSULTANTS,2025-01-03T00:00:00.000,2026-01-02T00:00:00.000,2027-01-02T05:00:00.000,"INSTALLATION OF TEMPORARY SIDEWALK SHED AS PER PLAN. NO CHANGE IN USE, EGRESS OR OCCUPANCY. THE SIDEWALK SHED ON THE SIDEWALK ALONG EAST 39TH  AND 40TH STREET ELEVATIONS.",1000,PR,Mariellen Sereduke,Permit Issued,234412088,10016,40.751931,-73.981214,105,4,1008690066,82,Midtown-Times Square,,
M01291174-I1,M01291174-I1-FN,2,Renewal Permit Without Changes,2,PARK AVENUE,MANHATTAN,29,1017019,862,105,Open Space,Construction Fence,GC,619004,JONATHAN,CREDENDINO,JC CONSULTING & MANAGEME*,22 EAST 41ST STREET 3RDFL,,,,2025-09-22T00:00:00.000,2026-03-02T00:00:00.000,2026-06-09T00:00:00.000,Install a temporary 10'-0 high construction fence as per drawings.,1000,HADDAD APPAREL GROUP,Franco Rauseo,Signed-off,116705820,10016,40.746077,-73.982092,105,4,1008620029,74,Midtown South-Flatiron-Union Square,,R
M01274186-I1,M01274186-I1-SC,1,Initial Permit,1430,BROADWAY,Manhattan,46,1015281,815,105,,Suspended Scaffold,R,004648,STEVE,KATZ,KAY WATERPROOFING CORP.,211 EAST 123RD STREET,MU/RO/BR/SE,KH/SC/GA/DA,MUNICIPAL BUILDING CONSULTANTS,2025-09-11T00:00:00.000,2025-09-11T00:00:00.000,2026-09-11T04:00:00.000,INSTALLATION OF OUTRIGGERS FOR FACADE REPAIR AND INSPECTION.,0,STEINBERG& POKOIK MANAGEMENT CORP,KEVIN MCCARVILL,Permit Issued,747758983,10018,40.75401,-73.986952,105,4,1008150046,113,Midtown-Times Square,,
M01193142-I1,M01193142-I1-SH,1,Initial Permit,218,EAST   29 STREET,Manhattan,45,1019905,909,106,Sidewalk,Sidewalk Shed,GC,607447,WILLIAM,LAFFEY,SPRING SCAFFOLDING LLC,49-30 31ST PLACE,,,,2025-08-18T00:00:00.000,2025-08-18T00:00:00.000,2026-08-18T04:00:00.000,"INSTALLATION OF 300 PSF SIDEWALK SHED AS PER PLANS. ALL EQUIPMENT SHALL COMPLY WITH CHAPTER #33 OF THE 2022 CODE. NO CHANGE IN USE, EGRESS OR OCCUPANCY UNDER THIS APPLICATION. THE SIDEWALK SHED AT EAST 29TH STREET FRONT OF THE BUILDING ELEVATION.",15000,Kips Bay Court Condominium,218 East 29th Street Owners Corp,Signed-off,441591263,10016,40.742319,-73.979791,106,2,1009090045,66,Murray Hill-Kips Bay,,
M01343847-I1,M01343847-I1-SC,1,Initial Permit,233,EAST   32 STREET,Manhattan,14,1020084,913,106,,Suspended Scaffold,R,006077,EDWARD,"ERHARD, IV",EDIFICE DESIGN INC,44-37 DOUGLASTON PARKWAY,HANCE,MERCEDES,Synergy Building Consultants,2026-01-13T00:00:00.000,2026-01-14T00:00:00.000,2026-11-30T05:00:00.000,Installation of suspended scaffold for facade inspection/repair.,0,PR,,Permit Issued,866082980,10016,40.74404,-73.978084,106,4,1009130014,7002,Murray Hill-Kips Bay,J,J
M01081288-I1,M01081288-I1-SC,2,Renewal Permit Without Changes,401,EAST   34 STREET,Manhattan,1,1022057,966,106,,Suspended Scaffold,R,006334,WILLIAM,MURPHY,MANHATTAN CONTRACTING COR,122 WEST 27TH STREET -12TH FL,,,,2024-07-29T00:00:00.000,2025-08-20T00:00:00.000,2026-04-02T04:00:00.000,"Installation of suspended scaffold for facade work or inspection. Amend #1, added suspended scaffold.",0,"UDR, INC.",,Permit Issued,179471309,10016,40.743948,-73.973378,106,4,1009660001,8601,Murray Hill-Kips Bay,,
M01271902-I1,M01271902-I1-SF,1,Initial Permit,220,EAST   32 STREET,Manhattan,54,1020068,912,106,Open Space,Supported Scaffold,GC,623763,MANUEL,BARRERA,A & D GENERAL CONTR INC,"50 N INDUSTRY CT, SUITE # 70",,,,2025-08-15T00:00:00.000,2025-08-15T00:00:00.000,2026-08-15T04:00:00.000,"INSTALLATION OF 300 PSF SIDEWALK SHED AND PIPE SCAFFOLDING AS PER PLANS. ALL EQUIPMENT SHALL COMPLY WITH CHAPTER #33 OF THE 2022 CODE. NO CHANGE IN USE, EGRESS OR OCCUPANCY UNDER THIS APPLICATION.",5000,A & D GENERAL CONTRACTORS INC,MANUEL BARRERA,Permit Issued,793930739,10016,40.744103,-73.978275,106,2,1009120054,7002,Murray Hill-Kips Bay,,
M00837231-I1,M00837231-I1-SH,4,Renewal Permit with Changes,660,1 AVENUE,Manhattan,5,1022549,969,106,Open Space,Sidewalk Shed,GC,601568,IBRAIM,REDZA,SKYLINE SCAFFOLDING GROUP,740 RAMSEY AVENUE,ALDI,DILO,"Rigid Structural Design, LLC",2023-03-02T00:00:00.000,2025-04-30T00:00:00.000,2026-04-30T04:00:00.000,"Installation of a temporarily heavy-duty sidewalk per plan submitted. Work shall comply with 2022 building codes chapter 33. No change in use, egress and/or occupancy with this application.",10000,SKYLINE SCAFFOLDING GROUP,IBRAIM REDZA,Permit Issued,899775784,10016,40.745921,-73.971937,106,4,1009690005,8601,Murray Hill-Kips Bay,,
M01205470-I1,M01205470-I1-SF,1,Initial Permit,207,MADISON AVENUE,MANHATTAN,19,1017124,865,106,Floor Number(s) 1 through 4,Sidewalk Shed,GC,620022,EDWARD,KELLY,CONSOLIDATED SCAFFOLDING,20 PARK ROAD,,,,2025-04-10T00:00:00.000,2025-04-10T00:00:00.000,2026-04-10T04:00:00.000,"INSTALLATION OF A HEAVY DUTY SIDEWALK SHED AND MEDIUM DUTY PIPE SCAFFOLD AS PER PLANS DURING GENERAL CONSTRUCTION WORK. NO CHANGE IN USE, EGRESS OR OCCUPANCY. SIDEWALK SHED & PIPE SCAFFOLD TO COMPLY WITH CHAPTER 33 OF NYC BUILDING CODE OF 2022",5000,CONSOLIDATED SCAFFOLDING INC.,TOM BOWES,Permit Issued,172018145,10016,40.748643,-73.982305,106,4,1008650019,82,Midtown-Times Square,,J
M01271902-I1,M01271902-I1-SH,1,Initial Permit,220,EAST   32 STREET,Manhattan,54,1020068,912,106,Open Space,Sidewalk Shed,GC,623763,MANUEL,BARRERA,A & D GENERAL CONTR INC,"50 N INDUSTRY CT, SUITE # 70",,,,2025-08-15T00:00:00.000,2025-08-15T00:00:00.000,2026-08-15T04:00:00.000,"INSTALLATION OF 300 PSF SIDEWALK SHED AND PIPE SCAFFOLDING AS PER PLANS. ALL EQUIPMENT SHALL COMPLY WITH CHAPTER #33 OF THE 2022 CODE. NO CHANGE IN USE, EGRESS OR OCCUPANCY UNDER THIS APPLICATION.",5000,A & D GENERAL CONTRACTORS INC,MANUEL BARRERA,Permit Issued,245540567,10016,40.744103,-73.978275,106,2,1009120054,7002,Murray Hill-Kips Bay,,
M01352240-I1,M01352240-I1-SH,1,Initial Permit,29,WEST   35 STREET,Manhattan,23,1015891,837,105,Open Space,Sidewalk Shed,GC,620254,PRABHJIT,SINGH,PLATINUM SERVICES NY LLC,53-28 11TH STREET 2ND FL,,,,2026-02-12T00:00:00.000,2026-02-12T00:00:00.000,2026-05-13T04:00:00.000,"INSTALLATION OF TEMPORARY HEAVY DUTY SIDEWALK SHED AS PER PLANS. NO CHANGE IN USE, EGRESS OR OCCUPANCY. SIDEWALK SHED SHALL COMPLY WITH CHAPTER #33 OF 2022 THE NYC BUILDING CODE. LIVE LOAD 300PSF.",1000,PLATINUM SERVICES NY LLC,PRABHJIT SINGH,Permit Issued,274016408,10001,40.74961,-73.985267,105,4,1008370023,84,Midtown-Times Square,,
M01204099-I1,M01204099-I1-SC,1,Initial Permit,150,EAST   42 STREET,MANHATTAN,7502,1036153,1296,106,,Suspended Scaffold,R,006591,FRANCISCO,SANLES,CENTRAL CONSTRUCTION MGMT,25-04 40TH AVENUE,HAROLD,SUERO,HS DESIGN STUDIO LLC,2025-04-03T00:00:00.000,2025-04-04T00:00:00.000,2026-04-04T04:00:00.000,INSTALLATION OF INDUSTRIAL ROPE ACCESS FOR FACADE INSPECTIONS.,0,,,Permit Issued,544531658,10017,40.751335,-73.975815,106,4,1012967502,80,Murray Hill-Kips Bay,,
M01056927-S1,M01056927-S1-SC,2,Renewal Permit Without Changes,747,THIRD AVENUE,MANHATTAN,46,1081179,1320,106,,Suspended Scaffold,R,005141,WALID,ABOUMOUSSA,AMERICAN VENTILATION SERV,26-16 123RD STREET,Jose,Evangelista,Hierarch-E LLC,2024-12-31T00:00:00.000,2026-01-06T00:00:00.000,2026-11-15T00:00:00.000,suspended Scaffold installation as per plans filed herewith.,0,VIKING RESTORATION SERVICES LLC,DOMINIC FONTANA,Signed-off,190425855,10017,40.753409,-73.972511,106,4,1013200046,90,East Midtown-Turtle Bay,,
M01271902-I1,M01271902-I1-SF,1,Initial Permit,220,EAST   32 STREET,Manhattan,54,1020068,912,106,Open Space,Sidewalk Shed,GC,623763,MANUEL,BARRERA,A & D GENERAL CONTR INC,"50 N INDUSTRY CT, SUITE # 70",,,,2025-08-15T00:00:00.000,2025-08-15T00:00:00.000,2026-08-15T04:00:00.000,"INSTALLATION OF 300 PSF SIDEWALK SHED AND PIPE SCAFFOLDING AS PER PLANS. ALL EQUIPMENT SHALL COMPLY WITH CHAPTER #33 OF THE 2022 CODE. NO CHANGE IN USE, EGRESS OR OCCUPANCY UNDER THIS APPLICATION.",5000,A & D GENERAL CONTRACTORS INC,MANUEL BARRERA,Permit Issued,793930739,10016,40.744103,-73.978275,106,2,1009120054,7002,Murray Hill-Kips Bay,,
M01022418-I1,M01022418-I1-SH,3,Renewal Permit Without Changes,345,PARK AVENUE SOUTH,Manhattan,1,1018102,881,105,Sidewalk,Sidewalk Shed,GC,027194,MATTHEW,CARUSO,EXTERIOR WALL & BUILDING,72 WHITEHALL STREET,ANDREW,SANTORO,"PATUXENT ENGINEERING, LLC",2024-03-25T00:00:00.000,2025-12-30T00:00:00.000,2026-12-30T05:00:00.000,"INSTALLATION OF SIDEWALK SHED IN ACCORDANCE WITH NYCC 2022 CHAPTER 33 BUILDING CODE. NO CHANGE IN EGRESS, USE, OR OCCUPANCY.",1000,345 PAS HOLDINGS LLC,KAREN NOY,Permit Issued,641504405,10010,40.74156,-73.985352,105,2,1008810001,68,Gramercy,,
M01122842-I1,M01122842-I1-SF,2,Renewal Permit Without Changes,1430,BROADWAY,Manhattan,46,1015281,815,105,Facade,Sidewalk Shed,GC,620254,PRABHJIT,SINGH,PLATINUM SERVICES NY LLC,53-28 11TH STREET 2ND FL,,,,2024-10-08T00:00:00.000,2025-09-29T00:00:00.000,2026-09-29T00:00:00.000,"INSTALLATION OF TEMPORARY HEAVY DUTY SIDEWALK SHED AND PIPE SCAFFOLD  AS PER PLANS. NO CHANGE IN USE, EGRESS OR OCCUPANCY.SIDEWALK SHED SHALL COMPLY WITH CHAPTER #33 OF THE NYC BUILDING CODE.LIVE LOAD 300PSF.",1000,PLATINUM SERVICES NY LLC,PRABHJIT SINGH,Permit Issued,811391441,10018,40.75401,-73.986952,105,4,1008150046,113,Midtown-Times Square,,
M01314799-I1,M01314799-I1-SC,1,Initial Permit,1460,BROADWAY,MANHATTAN,7504,1022573,994,105,,Suspended Scaffold,R,006523,ANDREW,HASAJ,TRIBUTE RESTORATION INC,"231 NORMAN AVENUE, STE 206",,,,2025-12-09T00:00:00.000,2025-12-29T00:00:00.000,2026-09-27T04:00:00.000,FILE SUSPENDED SCAFFOLD OUTRIGGER SYSTEMS FOR FACADE RESTORATION AND INSPECTION.,0,1460 LEASEHOLD SWIGHM LLC,,Permit Issued,614960856,10036,40.754946,-73.986161,105,4,1009947504,113,Midtown-Times Square,,G
M01209642-I1,M01209642-I1-SH,1,Initial Permit,90,LEXINGTON AVENUE,MANHATTAN,7502,1018153,882,105,Open Space,Sidewalk Shed,GC,615196,IRENEUSZ,JANCZYK,NOVA CONSTRUCTION SERVICE,129 FRANKLIN STREET,ELY,SEPULVEDA,AE DESIGN SOLUTION INC.,2025-04-25T00:00:00.000,2025-04-25T00:00:00.000,2026-04-25T04:00:00.000,"INSTALLATION OF TEMPORARY SIDEWALK SHED AS PER PLANS. NO CHANGE IN USE, EGRESS OR OCCUPANCY.",1,"GUMLEY HAFT, LLC",TATIANA NIZGURETSKY,Signed-off,962462482,10016,40.741751,-73.983126,105,2,1008827502,68,Gramercy,,
M01122842-I1,M01122842-I1-SH,2,Renewal Permit Without Changes,1430,BROADWAY,Manhattan,46,1015281,815,105,Open Space,Supported Scaffold,GC,620254,PRABHJIT,SINGH,PLATINUM SERVICES NY LLC,53-28 11TH STREET 2ND FL,,,,2024-10-08T00:00:00.000,2025-09-29T00:00:00.000,2026-09-29T00:00:00.000,"INSTALLATION OF TEMPORARY HEAVY DUTY SIDEWALK SHED AND PIPE SCAFFOLD  AS PER PLANS. NO CHANGE IN USE, EGRESS OR OCCUPANCY.SIDEWALK SHED SHALL COMPLY WITH CHAPTER #33 OF THE NYC BUILDING CODE.LIVE LOAD 300PSF.",1000,PLATINUM SERVICES NY LLC,PRABHJIT SINGH,Permit Issued,882745184,10018,40.75401,-73.986952,105,4,1008150046,113,Midtown-Times Square,,
M00977751-I1,M00977751-I1-SC,2,Renewal Permit with Changes,125,PARK AVENUE,MANHATTAN,1,1036151,1296,105,,Suspended Scaffold,R,007639,JEAN,CORTEZ NIEVES,STRUCTUAL PRESV SYSTEM,35-21 VERNON BLVD,TYRO,TROXELL,SMEP Design & Consultation LLC,2023-12-27T00:00:00.000,2026-04-13T00:00:00.000,2026-07-01T00:00:00.000,FISP INSPECTION (Facade Inspection Safety Program) INDUSTRIAL ROPE ACCESS TECHNIQUES AND METHODS. SEE ATTACHED PLANS Designated Primary Site supervisor: Kenneth Cole,0,SL GREEN REALTY CORP,,Signed-off,609894884,10017,40.751508,-73.978099,105,4,1012960001,80,Murray Hill-Kips Bay,,C
M01273391-I1,M01273391-I1-SH,2,Renewal Permit Without Changes,50,WEST   34 STREET,MANHATTAN,7501,1015859,835,105,Sidewalk,Sidewalk Shed,GC,607447,WILLIAM,LAFFEY,SPRING SCAFFOLDING LLC,49-30 31ST PLACE,MD TOHFAZ,UDDIN,TOHFAZ UDDIN PE PC,2025-08-19T00:00:00.000,2026-02-27T00:00:00.000,2026-05-28T04:00:00.000,"INSTALLATION OF TEMPORARY CUSTOM COLOR SIDEWALK SHED AS PER PLAN. NO CHANGE IN USE, EGRESS, OR OCCUPANCY OF THE SIDEWALK SHED AT WEST 34TH STREET,6TH AVENUE, AND WEST 33RD STREET ELEVATIONS.",1,"HERALD TOWERS, INC.",SEAN ABBOTT,Permit Issued,533674025,10001,40.749333,-73.986711,105,4,1008357501,76,Midtown South-Flatiron-Union Square,,
M01312010-I1,M01312010-I1-SH,2,Renewal Permit Without Changes,37,EAST   28 STREET,Manhattan,30,1016904,858,105,Sidewalk,Sidewalk Shed,GC,607447,WILLIAM,LAFFEY,SPRING SCAFFOLDING LLC,49-30 31ST PLACE,,,,2025-11-05T00:00:00.000,2026-03-02T00:00:00.000,2026-05-31T04:00:00.000,"INSTALLATION OF 300 PSF SIDEWALK SHED AS PER PLANS. ALL EQUIPMENT SHALL COMPLY WITH CHAPTER #33 OF THE 2022 CODE. NO CHANGE IN USE, EGRESS OR OCCUPANCY UNDER THIS APPLICATION. THE SIDEWALK SHED IS AT EAST 28TH STREET ELEVATION.",10000,SHARON REALTY NY CORP,MAYER CHEMTOB,Permit Issued,832170726,10016,40.743832,-73.985254,105,2,1008580030,74,Midtown South-Flatiron-Union Square,,
M01210216-I1,M01210216-I1-SH,1,Initial Permit,60,WEST   37 STREET,MANHATTAN,10,1090374,838,105,Sidewalk,Sidewalk Shed,GC,607447,WILLIAM,LAFFEY,SPRING SCAFFOLDING LLC,49-30 31ST PLACE,JOSEPH,CASTILLO,UNITED SAFETY CONSULTANTS,2026-01-02T00:00:00.000,2026-01-02T00:00:00.000,2027-01-02T05:00:00.000,"INSTALLATION OF TEMPORARY SIDEWALK SHED AS PER PLAN. NO CHANGE IN USE, EGRESS OR OCCUPANCY.",1000,SPRING SCAFFOLDING LLC,WILLIAM KNIGHT,Permit Issued,108575994,10018,40.751114,-73.985025,105,4,1008387502,84,Midtown-Times Square,,
M01122842-I1,M01122842-I1-SH,2,Renewal Permit Without Changes,1430,BROADWAY,Manhattan,46,1015281,815,105,Open Space,Sidewalk Shed,GC,620254,PRABHJIT,SINGH,PLATINUM SERVICES NY LLC,53-28 11TH STREET 2ND FL,,,,2024-10-08T00:00:00.000,2025-09-29T00:00:00.000,2026-09-29T00:00:00.000,"INSTALLATION OF TEMPORARY HEAVY DUTY SIDEWALK SHED AND PIPE SCAFFOLD  AS PER PLANS. NO CHANGE IN USE, EGRESS OR OCCUPANCY.SIDEWALK SHED SHALL COMPLY WITH CHAPTER #33 OF THE NYC BUILDING CODE.LIVE LOAD 300PSF.",1000,PLATINUM SERVICES NY LLC,PRABHJIT SINGH,Permit Issued,882745184,10018,40.75401,-73.986952,105,4,1008150046,113,Midtown-Times Square,,
M00590183-I1,M00590183-I1-SH,6,Renewal Permit Without Changes,420,LEXINGTON AVENUE,Manhattan,7501,1035385,1280,105,Open Space,Sidewalk Shed,GC,607447,WILLIAM,LAFFEY,SPRING SCAFFOLDING LLC,49-30 31ST PLACE,MD TOHFAZ,UDDIN,TOHFAZ UDDIN PE PC,2021-09-15T00:00:00.000,2026-02-27T00:00:00.000,2026-05-28T04:00:00.000,"INSTALLATION OF TEMPORARY SIDEWALK SHED AS PER  PLAN. NO CHANGE IN USE,EGRESS OR OCCUPANCY.",1,SPRING SCAFFOLDING LLC,Gary Cappellani,Permit Issued,835470134,10170,40.752262,-73.975464,105,4,1012807501,92,East Midtown-Turtle Bay,,
M01280824-I1,M01280824-I1-SC,1,Initial Permit,1466,BROADWAY,MANHATTAN,7502,1022579,994,105,,Suspended Scaffold,R,006523,ANDREW,HASAJ,TRIBUTE RESTORATION INC,"231 NORMAN AVENUE, STE 206",,,,2025-10-28T00:00:00.000,2025-10-28T00:00:00.000,2026-09-27T04:00:00.000,FILE SUSPENDED SCAFFOLD OUTRIGGER SYSTEMS FOR FACADE RESTORATION AND INSPECTION.,0,Not Applicable,Craig Amos,Permit Issued,588662709,10036,40.755448,-73.986501,105,4,1009947502,113,Midtown-Times Square,,G
M01224885-I1,M01224885-I1-FN,1,Initial Permit,38,EAST   35 STREET,MANHATTAN,47,1017107,864,106,Ground Floor,Construction Fence,GC,602362,CHRISTOPHER,MESBAH,CM AND ASSOCIATES CONST,1 RIVERFRONT PLAZA,JONATHAN,COHEN,HOWARD I. SHAPIRO & ASSOCIATES,2025-05-14T00:00:00.000,2025-05-14T00:00:00.000,2026-05-14T04:00:00.000,Installation of temporary construction fence as per plans filed herewith.,5000,,Garland deGraffenried,Permit Issued,583168987,10016,40.748248,-73.982056,106,4,1008640047,74,Midtown South-Flatiron-Union Square,,B
M01122842-I1,M01122842-I1-SF,2,Renewal Permit Without Changes,1430,BROADWAY,Manhattan,46,1015281,815,105,Facade,Supported Scaffold,GC,620254,PRABHJIT,SINGH,PLATINUM SERVICES NY LLC,53-28 11TH STREET 2ND FL,,,,2024-10-08T00:00:00.000,2025-09-29T00:00:00.000,2026-09-29T00:00:00.000,"INSTALLATION OF TEMPORARY HEAVY DUTY SIDEWALK SHED AND PIPE SCAFFOLD  AS PER PLANS. NO CHANGE IN USE, EGRESS OR OCCUPANCY.SIDEWALK SHED SHALL COMPLY WITH CHAPTER #33 OF THE NYC BUILDING CODE.LIVE LOAD 300PSF.",1000,PLATINUM SERVICES NY LLC,PRABHJIT SINGH,Permit Issued,811391441,10018,40.75401,-73.986952,105,4,1008150046,113,Midtown-Times Square,,
M01286472-I1,M01286472-I1-SF,2,Renewal Permit Without Changes,32,WEST   39 STREET,MANHATTAN,66,1016011,840,105,Ground Floor,Supported Scaffold,GC,025655,STEVE,MARKU,COLGATE RESTORATION CORP,147 28 ST,,,,2025-09-29T00:00:00.000,2026-04-14T00:00:00.000,2027-03-08T00:00:00.000,"INSTALLATION OF SIDEWALK SHED AND SUPPORTED SCAFFOLD AS SHOWN ON DRAWINGS. NO CHANGE IN USE, EGRESS OR OCCUPANCY. WE SHALL COMPLY WITH CHAPTER 33 OF 2022 B.C",5000,RESOLUTION REAL ESTATE,Laura Ammirati,Permit Issued,714523444,10018,40.75211,-73.98356,105,4,1008400066,84,Midtown-Times Square,,
M01211418-I1,M01211418-I1-SC,1,Initial Permit,44,WEST   44 STREET,MANHATTAN,11,1034203,1259,105,,Suspended Scaffold,R,007639,JEAN,CORTEZ NIEVES,STRUCTUAL PRESV SYSTEM,35-21 VERNON BLVD,BETHANY,TROXELL,SMEP DESIGN & CONSULTATION LLC,2025-05-02T00:00:00.000,2025-05-02T00:00:00.000,2026-05-02T04:00:00.000,FISP INSPECTION (Facade Inspection Safety Program) INDUSTRIAL ROPE ACCESS TECHNIQUES AND METHODS SEE ATTACHED PLANS Designated Primary Site supervisor: Jesus Decola,0,LEXINGTON HOTEL,,Signed-off,409729892,10036,40.755395,-73.981415,105,4,1012590011,96,Midtown-Times Square,,C
M01273355-I1,M01273355-I1-SH,1,Initial Permit,53,EAST   34 STREET,MANHATTAN,31,1017103,864,106,Open Space,Sidewalk Shed,GC,626569,PRITPAL,KAUR,PARK CONTRACTING GROUP,12 HARBOR CT E,,,,2025-08-19T00:00:00.000,2025-08-19T00:00:00.000,2026-08-19T04:00:00.000,"INSTALLATION OF TEMPORARY HEAVY DUTY SIDEWALK SHED AS PER PLANS. NO CHANGE IN USE, EGRESS OR OCCUPANCY. SIDEWALK SHED SHALL COMPLY WITH CHAPTER #33 OF 2022 THE NYC BUILDING CODE. LIVE LOAD 300PSF.",1000,Park Contracting Group LLC.,PRITPAL KAUR,Permit Issued,263033515,10016,40.747521,-73.982359,106,4,1008640031,74,Midtown South-Flatiron-Union Square,,
M01345663-I1,M01345663-I1-SF,1,Initial Permit,35,WEST   45 STREET,MANHATTAN,19,1034244,1261,105,Facade,Supported Scaffold,GC,018914,PHILIP,SUSI,ARSENAL SCAFFOLD INC,95 JERSEY STREET,HANCE,MERCEDES,Synergy Building Consultants,2026-01-23T00:00:00.000,2026-01-23T00:00:00.000,2027-01-23T05:00:00.000,"Installation of temporary supported scaffold per plan submitted. Work shall comply with 2022 building codes chapter 33. No change in use, egress and/or occupancy with this application.",1,THE STAHL ORGANIZATION,MARIANNE DZIUBA,Permit Issued,450296165,10036,40.75595,-73.980747,105,4,1012610019,96,Midtown-Times Square,J,
M01274373-I1,M01274373-I1-SC,1,Initial Permit,626,FIRST AVENUE,Manhattan,1,1089237,967,106,,Suspended Scaffold,R,006175,JOHN,TSAMPAS,SKYLINE ACCESS LLC,49-28 31ST PLACE,REBECCA,NISCHAN,SKYLINE ACCESS,2025-09-05T00:00:00.000,2025-09-12T00:00:00.000,2026-09-12T04:00:00.000,IRA to assist with Condition Assessment.,0,PR,,Permit Issued,146558883,10016,40.744985,-73.972399,106,4,1009670001,8601,Murray Hill-Kips Bay,,
M00912246-I1,M00912246-I1-FN,3,Renewal Permit Without Changes,331,EAST   50 STREET,Manhattan,14,1039604,1343,106,Open Space,Construction Fence,GC,623347,DEVESHWARI,PRASHAD,BUILDCOX CONSTRUCTION COR,47 WHITSON STREET,CHARLIE,BATISTA,RIGID STRUCTURAL DESIGN,2023-08-29T00:00:00.000,2025-08-06T00:00:00.000,2026-08-06T04:00:00.000,"Installation of a temporarily supported scaffold, heavy-duty sidewalk and construction fence per plan submitted. Work shall comply with 2022 building codes chapter 33. No change in use, egress and/or occupancy with this application",7500,STATE JOINT STOCK COMPANY SJSC,MITRA MEHR,Signed-off,308098831,10022,40.754519,-73.967656,106,4,1013430014,98,East Midtown-Turtle Bay,,
M00912246-I1,M00912246-I1-SH,3,Renewal Permit with Changes,331,EAST   50 STREET,Manhattan,14,1039604,1343,106,Open Space,Sidewalk Shed,GC,623347,DEVESHWARI,PRASHAD,BUILDCOX CONSTRUCTION COR,47 WHITSON STREET,ALDI,DILO,"Rigid Structural Design, LLC",2023-08-29T00:00:00.000,2025-08-06T00:00:00.000,2026-08-06T04:00:00.000,"Installation of a temporarily supported scaffold, heavy-duty sidewalk and construction fence per plan submitted. Work shall comply with 2022 building codes chapter 33. No change in use, egress and/or occupancy with this application",7500,STATE JOINT STOCK COMPANY SJSC,MITRA MEHR,Signed-off,878002449,10022,40.754519,-73.967656,106,4,1013430014,98,East Midtown-Turtle Bay,,
M01209411-I1,M01209411-I1-SH,2,Renewal Permit Without Changes,245,EAST   35 STREET,Manhattan,23,1020185,916,106,Open Space,Sidewalk Shed,GC,608938,ALAN,OBER,STEEL SYSTEMS LLC,570 TAXTER ROAD,,,,2025-04-14T00:00:00.000,2026-04-06T00:00:00.000,2026-07-05T04:00:00.000,"INSTALLATION OF 300 PSF SIDEWALK SHED AS PER PLANS. SIDEWALK SHED SHALL COMPLY WITH CHAPTER #33 OF THE 2022 CODE. NO CHANGE IN USE, EGRESS OR OCCUPANCY UNDER THIS APPLICATION.",5000,STEEL SYSTEMS LLC,ALAN OBER,Permit Issued,626174526,10016,40.745867,-73.976376,106,4,1009160023,78,Murray Hill-Kips Bay,,
M01209372-I1,M01209372-I1-SH,1,Initial Permit,145,EAST   49 STREET,MANHATTAN,26,1036443,1304,106,Ground Floor,Sidewalk Shed,GC,626129,PARAMJIT,KAUR,TITAN SERVICES USA INC,10958 134TH ST,,,,2025-04-14T00:00:00.000,2025-04-14T00:00:00.000,2026-04-14T04:00:00.000,"INSTALLATION OF 300PSF SIDEWALK SHED AS PER PLANS. ALL EQUIPMENT SHALL COMPLY WITH CH #33 OF THE NYC CODE 2022. NO CHANGE IN USE, OCCUPANCY OR EGRESS UNDER THIS APPLICATION.",9000,TITAN SERVICES USA INC.,PARAMJIT KAUR,Signed-off,486456890,10017,40.75564,-73.97225,106,4,1013040026,100,East Midtown-Turtle Bay,,
M01203515-I1,M01203515-I1-SF,1,Initial Permit,105,LEXINGTON AVENUE,MANHATTAN,25,1076152,883,106,Facade,Supported Scaffold,GC,624142,MORDECHAI,NACCA,NICHE WATERPROOFING LLC,114 TROUTMAN ST STUDIO 2,NIMROD,EYAL,NIMROD EYAL,2025-04-03T00:00:00.000,2025-04-03T00:00:00.000,2026-04-03T04:00:00.000,"INSTALLATION OF TEMPORARY PIPE SCAFFOLD AS PER PLANS. PIPE SCAFFOLD SHALL COMPLY WITH CHAPTER 33 OF THE 2022 NYC BUILDING CODE. NO CHANGE IN USE, EGRESS OR OCCUPANCY UNDER THIS APPLICATION.",1000,NICHE WATERPROOFING LLC,MORDECHAI NACCA,Signed-off,270730544,10016,40.742278,-73.982714,106,2,1008830025,68,Gramercy,,
M01084817-I1,M01084817-I1-SH,3,Renewal Permit Without Changes,352,PARK AVENUE SOUTH,Manhattan,16,1016745,855,105,Sidewalk,Sidewalk Shed,GC,027194,MATTHEW,CARUSO,EXTERIOR WALL & BUILDING,72 WHITEHALL STREET,ANDREW,SANTORO,"PATUXENT ENGINEERING, LLC",2024-07-29T00:00:00.000,2025-12-30T00:00:00.000,2026-12-30T05:00:00.000,"INSTALLATION OF SIDEWALK SHED IN ACCORDANCE WITH NYCC 2022 CHAPTER 33 BUILDING CODE. NO CHANGE IN EGRESS, USE, OR OCCUPANCY.",1000,MD CARLISLE REALTY,Ben Sloan,Permit Issued,230457081,10010,40.74176,-73.98523,105,2,1008550016,56,Midtown South-Flatiron-Union Square,,
M01067640-I1,M01067640-I1-SF,2,Renewal Permit Without Changes,95,MADISON AVENUE,Manhattan,58,1016920,858,105,"Floor Number(s) 001 through 017, Open Space, Roof",Supported Scaffold,GC,617232,ERIND,GAZHELI,CORE SCAFFOLD SYSTEMS INC,417 MYRTLE AVE SUITE 14,ELY,SEPULVEDA,AE DESIGN SOLUTION INC.,2024-06-21T00:00:00.000,2025-08-12T00:00:00.000,2026-08-12T04:00:00.000,"INSTALLATION OF TEMPORARY PIPE SCAFFOLD AS PER PLANS. NO CHANGE IN USE, EGRESS OR OCCUPANCY.",1,OWNERS REP,EDDIE GAZHELI,Permit Issued,908686381,10016,40.744367,-73.98542,105,2,1008580058,74,Midtown South-Flatiron-Union Square,,
M00985412-I1,M00985412-I1-SC,3,Renewal Permit Without Changes,145,EAST   39 STREET,MANHATTAN,34,1019481,895,106,,Suspended Scaffold,R,005763,JOHN,VENETIS,VEMA GROUP LLC,38-68 11TH STREET,HANCE,MERCEDES,SYNERGY BUILDING CONSULTANTS,2024-01-04T00:00:00.000,2025-04-14T00:00:00.000,2026-04-14T04:00:00.000,Installation of suspended scaffold for facade inspection /repairs,0,THE JANE HOTEL,,Permit Issued,938181442,10016,40.74937,-73.976999,106,4,1008950034,80,Murray Hill-Kips Bay,,
M01317675-I1,M01317675-I1-SF,1,Initial Permit,355,LEXINGTON AVENUE,MANHATTAN,23,1036147,1295,106,Facade,Supported Scaffold,GC,018914,PHILIP,SUSI,ARSENAL SCAFFOLD INC,95 JERSEY STREET,,,,2025-12-24T00:00:00.000,2025-12-24T00:00:00.000,2026-12-24T05:00:00.000,"INSTALLATION OF PIPE SCAFFOLDING AS PER PLANS. PIPE SCAFFOLD SHALL COMPLY WITH CHAPTER #33 OF THE 2022 CODE. NO CHANGE IN USE, EGRESS OR OCCUPANCY UNDER THIS APPLICATION.",36000,RUDIN MANAGEMENT INC,Paul Mandel,Permit Issued,130014072,10016,40.750064,-73.976739,106,4,1012950023,80,Murray Hill-Kips Bay,,
M00798106-I1,M00798106-I1-SF,4,Renewal Permit Without Changes,49,WEST   37 STREET,MANHATTAN,9,1015958,839,105,Facade,Supported Scaffold,GC,609527,PITOR,SIWIEC,PHOENIX SUTTON STR INC,128 SUTTON STREET,,,,2022-08-24T00:00:00.000,2025-08-14T00:00:00.000,2026-08-14T04:00:00.000,"PROPOSED INSTALLATION OF TEMPORARY PIPE SCAFFOLD AS PER PLANS. WORK SHALL COMPLY WITH CHAPTER #33 OF THE NYC BUILDING CODE. NO CHANGE IN USE, OCCUPANCY, OR EGRESS UNDER THIS APPLICATION.",1000,PHOENIX SUTTON STR INC,PIOTR SIWIEC,Signed-off,887790637,10018,40.751018,-73.984758,105,4,1008390009,84,Midtown-Times Square,,
M01300905-I1,M01300905-I1-SH,1,Initial Permit,226,EAST   49 STREET,MANHATTAN,37,1038025,1322,106,Open Space,Sidewalk Shed,GC,626569,PRITPAL,KAUR,PARK CONTRACTING GROUP,12 HARBOR CT E,,,,2025-10-14T00:00:00.000,2025-10-14T00:00:00.000,2026-10-14T04:00:00.000,"INSTALLATION OF TEMPORARY HEAVY DUTY SIDEWALK SHED AS PER PLANS. NO CHANGE IN USE, EGRESS OR OCCUPANCY. SIDEWALK SHED SHALL COMPLY WITH CHAPTER #33 OF 2022 THE NYC BUILDING CODE. LIVE LOAD 300PSF.",1000,Park Contracting Group LLC.,PRITPAL KAUR,Permit Issued,496175731,10017,40.754869,-73.970471,106,4,1013220037,90,East Midtown-Turtle Bay,,
M01100569-I1,M01100569-I1-SC,2,Renewal Permit Without Changes,183,MADISON AVENUE,Manhattan,60,1017089,863,105,,Suspended Scaffold,R,006419,SETH,ROBERTS,"M & L SIGNS, INC",203 INGRAHAM STREET,,,,2024-08-29T00:00:00.000,2025-07-22T00:00:00.000,2026-07-22T04:00:00.000,Facade Restoration Via Suspended Scaffolding As Shown On Plans,0,PR,,Permit Issued,950859593,10016,40.747595,-73.98307,105,4,1008630060,74,Midtown South-Flatiron-Union Square,,
M00912246-I1,M00912246-I1-FN,3,Renewal Permit Without Changes,331,EAST   50 STREET,Manhattan,14,1039604,1343,106,Open Space,Sidewalk Shed,GC,623347,DEVESHWARI,PRASHAD,BUILDCOX CONSTRUCTION COR,47 WHITSON STREET,CHARLIE,BATISTA,RIGID STRUCTURAL DESIGN,2023-08-29T00:00:00.000,2025-08-06T00:00:00.000,2026-08-06T04:00:00.000,"Installation of a temporarily supported scaffold, heavy-duty sidewalk and construction fence per plan submitted. Work shall comply with 2022 building codes chapter 33. No change in use, egress and/or occupancy with this application",7500,STATE JOINT STOCK COMPANY SJSC,MITRA MEHR,Signed-off,308098831,10022,40.754519,-73.967656,106,4,1013430014,98,East Midtown-Turtle Bay,,
M01153301-I1,M01153301-I1-SC,2,Renewal Permit with Changes,125,PARK AVENUE,MANHATTAN,1,1036151,1296,105,,Suspended Scaffold,R,007639,JEAN,CORTEZ NIEVES,STRUCTUAL PRESV SYSTEM,35-21 VERNON BLVD,TYRO,TROXELL,SMEP Design & Consultation LLC,2024-12-23T00:00:00.000,2026-04-13T00:00:00.000,2026-07-01T00:00:00.000,FISP INSPECTION (Facade Inspection Safety Program)INDUSTRIAL ROPE ACCESS TECHNIQUES AND METHODSSEE ATTACHED PLANSDesignated Primary Site supervisor: Jesus Decola,0,SL GREEN REALTY CORP.,,Signed-off,820581982,10017,40.751508,-73.978099,105,4,1012960001,80,Murray Hill-Kips Bay,,C
M00912246-I1,M00912246-I1-SH,3,Renewal Permit with Changes,331,EAST   50 STREET,Manhattan,14,1039604,1343,106,Open Space,Construction Fence,GC,623347,DEVESHWARI,PRASHAD,BUILDCOX CONSTRUCTION COR,47 WHITSON STREET,ALDI,DILO,"Rigid Structural Design, LLC",2023-08-29T00:00:00.000,2025-08-06T00:00:00.000,2026-08-06T04:00:00.000,"Installation of a temporarily supported scaffold, heavy-duty sidewalk and construction fence per plan submitted. Work shall comply with 2022 building codes chapter 33. No change in use, egress and/or occupancy with this application",7500,STATE JOINT STOCK COMPANY SJSC,MITRA MEHR,Signed-off,878002449,10022,40.754519,-73.967656,106,4,1013430014,98,East Midtown-Turtle Bay,,
M01118534-I1,M01118534-I1-SC,2,Renewal Permit Without Changes,70,WEST   37 STREET,Manhattan,1,1015919,838,105,,Suspended Scaffold,R,006419,SETH,ROBERTS,"M & L SIGNS, INC",203 INGRAHAM STREET,RAPHAEL,FORDE,RIGGING CONSULTANTS INC.,2024-10-16T00:00:00.000,2025-07-23T00:00:00.000,2026-07-23T04:00:00.000,SUSPENDED SCAFFOLD FOR FACADE RESTORATION AS SHOWN ON PLANS,0,VBG 990 AOA LLC,JOSEPH CHILELLI,Permit Issued,740366892,10018,40.751169,-73.986776,105,4,1008380001,84,Midtown-Times Square,,
M01120527-I1,M01120527-I1-SC,2,Renewal Permit Without Changes,340,EAST   34 STREET,MANHATTAN,38,1021891,939,106,,Suspended Scaffold,R,006380,PRABHJIT,SINGH,STREAMLINE CONSULTANTS NY,111-11 101ST STREET FL.1,,,,2024-11-06T00:00:00.000,2025-12-04T00:00:00.000,2026-10-31T00:00:00.000,Facade repair and inspection using industrial rope access techniques and methods. See attached plans designated primary site supervisor: Brian Barco,0,PYRAMID RESTORATION NY,,Permit Issued,907899651,10016,40.744272,-73.974695,106,4,1009390038,7001,Murray Hill-Kips Bay,,
M01286472-I1,M01286472-I1-SF,2,Renewal Permit Without Changes,32,WEST   39 STREET,MANHATTAN,66,1016011,840,105,Ground Floor,Sidewalk Shed,GC,025655,STEVE,MARKU,COLGATE RESTORATION CORP,147 28 ST,,,,2025-09-29T00:00:00.000,2026-04-14T00:00:00.000,2027-03-08T00:00:00.000,"INSTALLATION OF SIDEWALK SHED AND SUPPORTED SCAFFOLD AS SHOWN ON DRAWINGS. NO CHANGE IN USE, EGRESS OR OCCUPANCY. WE SHALL COMPLY WITH CHAPTER 33 OF 2022 B.C",5000,RESOLUTION REAL ESTATE,Laura Ammirati,Permit Issued,714523444,10018,40.75211,-73.98356,105,4,1008400066,84,Midtown-Times Square,,
M01258942-I1,M01258942-I1-SH,1,Initial Permit,16,WEST   39 STREET,Manhattan,58,1016006,840,105,Ground Floor,Sidewalk Shed,GC,621472,LUCIO.GIL,RUMALDO,RELIABLE ENTERPRISES INC,1431 BRUCKNER BOULEVARD,,,,2025-07-22T00:00:00.000,2025-07-22T00:00:00.000,2026-07-22T04:00:00.000,"PROPOSED INSTALLATION OF HEAVY DUTY SIDEWALK SHED AS PER PLANS. LIVE LOAD 300 LBS PER SQUARE FEET. SIDEWALK SHED SHALL COMPLY WITH CHAPTER #33 OF THE NYC BUILDING CODE. NO CHANGE IN USE, OCCUPANCY, OR EGRESS UNDER THIS APPLICATION.",8000,RELIABLE ENTERPRISES INC,LUCIO.GIL RUMALDO,Signed-off,505691632,10018,40.751912,-73.983091,105,4,1008400058,84,Midtown-Times Square,,
M01380668-I1,M01380668-I1-SC,1,Initial Permit,139,EAST   33 STREET,Manhattan,15,1018492,889,105,,Suspended Scaffold,R,006419,SETH,ROBERTS,"M & L SIGNS, INC",203 INGRAHAM STREET,MEGAN,TROXELL,"Rigging Consultants, Inc.",2026-04-03T00:00:00.000,2026-04-03T00:00:00.000,2027-04-01T04:00:00.000,Facade Inspection via Industrial Rope Access,0,PR,Saira Toppin,Permit Issued,449767096,10016,40.745838,-73.980144,105,4,1008890015,72,Murray Hill-Kips Bay,,
M01145443-I1,M01145443-I1-SF,2,Renewal Permit Without Changes,345,PARK AVENUE SOUTH,Manhattan,1,1018102,881,105,Open Space,Supported Scaffold,GC,615196,IRENEUSZ,JANCZYK,NOVA CONSTRUCTION SERVICE,129 FRANKLIN STREET,ALDI,DILO,"Rigid Structural Design, LLC",2024-11-27T00:00:00.000,2025-11-18T00:00:00.000,2026-11-18T05:00:00.000,"Installation of a temporarily supported scaffold per plan submitted. Work shall comply with 2022 building codes chapter 33. No change in use, egress and/or occupancy with this application.",2500,345 PAS HOLDINGS LLC,KAREN NOY,Permit Issued,521157906,10010,40.74156,-73.985352,105,2,1008810001,68,Gramercy,,
M00384872-I1,M00384872-I1-SH,7,Renewal Permit Without Changes,122,EAST   42 STREET,MANHATTAN,14,1036152,1296,105,Open Space,Sidewalk Shed,GC,604197,PABLO,PERRONE,PJP INSTALLERS INC,129 OLD TURNPIKE ROAD,ELY,SEPULVEDA,AE DESIGN SOLUTION INC.,2020-09-08T00:00:00.000,2026-01-08T00:00:00.000,2026-10-31T23:00:00.000,"INSTALLATION OF TEMPORARY SIDEWALK SHED AS PER PLANS. NO CHANGE IN USE, EGRESS OR OCCUPANCY.",1,"122 EAST 42ND ST., LLC.",DAVID KRAMER,Permit Issued,551386877,10168,40.751601,-73.97645,105,4,1012960014,80,Murray Hill-Kips Bay,,
M01363545-I1,M01363545-I1-SC,1,Initial Permit,420,5 AVENUE,Manhattan,7501,1081017,839,105,,Suspended Scaffold,R,006419,SETH,ROBERTS,"M & L SIGNS, INC",203 INGRAHAM STREET,MEGAN,TROXELL,"Rigging Consultants, Inc.",2026-03-25T00:00:00.000,2026-03-25T00:00:00.000,2027-03-25T04:00:00.000,Suspended Scaffold for Facade Restoration as Shown on Plans,0,PR,MARK ESHELMAN,Permit Issued,334241237,10018,40.750809,-73.982845,105,4,1008397501,84,Midtown-Times Square,,
M01287862-I1,M01287862-I1-SC,1,Initial Permit,475,PARK AVENUE SOUTH,Manhattan,95,1018471,887,105,,Suspended Scaffold,R,000176,GEORGE,COLE,COLE NYC LLC,127 WEST 26TH STREET,,,,2025-09-25T00:00:00.000,2025-09-29T00:00:00.000,2026-09-29T04:00:00.000,inspect windows and frames,0,COHEN BROTHERS REALTY,,Signed-off,446736587,10016,40.745377,-73.982573,105,2,1008870095,72,Murray Hill-Kips Bay,,
M01315426-I1,M01315426-I1-FN,1,Initial Permit,355,LEXINGTON AVENUE,MANHATTAN,23,1036147,1295,106,Ground Floor,Sidewalk Shed,GC,018914,PHILIP,SUSI,ARSENAL SCAFFOLD INC,95 JERSEY STREET,,,,2025-11-26T00:00:00.000,2025-11-26T00:00:00.000,2026-11-26T05:00:00.000,"INSTALLATION OF HEAVY DUTY SIDEWALK SHED AND CONSTRUCTION PLYWOOD FENCE AS PER PLANS. TEMPORARY EQUIPMENT SHALL COMPLY WITH CHAPTER #33 OF THE 2022 CODE. NO CHANGE IN USE, EGRESS OR OCCUPANCY UNDER THIS APPLICATION.",27000,RUDIN MANAGEMENT INC,Paul Mandel,Permit Issued,913891998,10016,40.750064,-73.976739,106,4,1012950023,80,Murray Hill-Kips Bay,,
M00912246-I1,M00912246-I1-SH,3,Renewal Permit with Changes,331,EAST   50 STREET,Manhattan,14,1039604,1343,106,Open Space,Supported Scaffold,GC,623347,DEVESHWARI,PRASHAD,BUILDCOX CONSTRUCTION COR,47 WHITSON STREET,ALDI,DILO,"Rigid Structural Design, LLC",2023-08-29T00:00:00.000,2025-08-06T00:00:00.000,2026-08-06T04:00:00.000,"Installation of a temporarily supported scaffold, heavy-duty sidewalk and construction fence per plan submitted. Work shall comply with 2022 building codes chapter 33. No change in use, egress and/or occupancy with this application",7500,STATE JOINT STOCK COMPANY SJSC,MITRA MEHR,Signed-off,878002449,10022,40.754519,-73.967656,106,4,1013430014,98,East Midtown-Turtle Bay,,
M00912246-I1,M00912246-I1-FN,3,Renewal Permit Without Changes,331,EAST   50 STREET,Manhattan,14,1039604,1343,106,Open Space,Supported Scaffold,GC,623347,DEVESHWARI,PRASHAD,BUILDCOX CONSTRUCTION COR,47 WHITSON STREET,CHARLIE,BATISTA,RIGID STRUCTURAL DESIGN,2023-08-29T00:00:00.000,2025-08-06T00:00:00.000,2026-08-06T04:00:00.000,"Installation of a temporarily supported scaffold, heavy-duty sidewalk and construction fence per plan submitted. Work shall comply with 2022 building codes chapter 33. No change in use, egress and/or occupancy with this application",7500,STATE JOINT STOCK COMPANY SJSC,MITRA MEHR,Signed-off,308098831,10022,40.754519,-73.967656,106,4,1013430014,98,East Midtown-Turtle Bay,,
M01338653-I1,M01338653-I1-SH,1,Initial Permit,299,PARK AVENUE,MANHATTAN,1,1036223,1303,105,Sidewalk,Sidewalk Shed,GC,018914,PHILIP,SUSI,ARSENAL SCAFFOLD INC,95 JERSEY STREET,HANCE,MERCEDES,Synergy Building Consultants,2026-01-02T00:00:00.000,2026-01-02T00:00:00.000,2027-01-02T05:00:00.000,"Installation of emergency heavy duty sidewalk shed as per AC -28-105.4.1 per plan submitted. Work shall comply with 2022 building codes chapter 33. No change in use, egress and/or occupancy with this application.",1,FISHER-PARK LANE OWNER,Gregory Minucci,Permit Issued,886821152,10171,40.756456,-73.974495,105,4,1013030001,92,East Midtown-Turtle Bay,,
M01180033-I1,M01180033-I1-SC,2,Renewal Permit with Changes,183,MADISON AVENUE,Manhattan,60,1017089,863,105,,Suspended Scaffold,R,006419,SETH,ROBERTS,"M & L SIGNS, INC",203 INGRAHAM STREET,MEGAN,TROXELL,"Rigging Consultants, Inc.",2025-02-18T00:00:00.000,2025-07-22T00:00:00.000,2026-07-22T04:00:00.000,Facade Restoration Via Suspended Scaffolding As Shown On Plans,0,183 MADISON OWNER APF LP,Ravel Diaz,Permit Issued,118202567,10016,40.747595,-73.98307,105,4,1008630060,74,Midtown South-Flatiron-Union Square,,
M01315426-I1,M01315426-I1-FN,1,Initial Permit,355,LEXINGTON AVENUE,MANHATTAN,23,1036147,1295,106,Ground Floor,Construction Fence,GC,018914,PHILIP,SUSI,ARSENAL SCAFFOLD INC,95 JERSEY STREET,,,,2025-11-26T00:00:00.000,2025-11-26T00:00:00.000,2026-11-26T05:00:00.000,"INSTALLATION OF HEAVY DUTY SIDEWALK SHED AND CONSTRUCTION PLYWOOD FENCE AS PER PLANS. TEMPORARY EQUIPMENT SHALL COMPLY WITH CHAPTER #33 OF THE 2022 CODE. NO CHANGE IN USE, EGRESS OR OCCUPANCY UNDER THIS APPLICATION.",27000,RUDIN MANAGEMENT INC,Paul Mandel,Permit Issued,913891998,10016,40.750064,-73.976739,106,4,1012950023,80,Murray Hill-Kips Bay,,
M01309581-S1,M01309581-S1-SH,1,Initial Permit,6,EAST   43 STREET,MANHATTAN,8,1035347,1277,105,Sidewalk,Sidewalk Shed,GC,607447,WILLIAM,LAFFEY,SPRING SCAFFOLDING LLC,49-30 31ST PLACE,JOSEPH,CASTILLO,UNITED SAFETY CONSULTANTS,2025-10-31T00:00:00.000,2025-10-31T00:00:00.000,2026-10-31T04:00:00.000,"INSTALLATION OF TEMPORARY CUSTOM COLOR SIDEWALK SHED AS PER PLAN. NO CHANGE IN USE, EGRESS, OR OCCUPANCY.. THE SIDEWALK SHED AT EAST 42ND STREET AND EAST 43RD STREET ELEVATIONS.",1000,East 43RD NYC LLC,Joseph Chilelli,Permit Issued,307117712,10017,40.753979,-73.979997,105,4,1012770008,94,Midtown-Times Square,,
M01307425-I1,M01307425-I1-SC,1,Initial Permit,57,WEST   35 STREET,Manhattan,9,1088537,837,105,,Suspended Scaffold,R,006419,SETH,ROBERTS,"M & L SIGNS, INC",203 INGRAHAM STREET,MEGAN,TROXELL,"Rigging Consultants, Inc.",2025-11-03T00:00:00.000,2025-11-03T00:00:00.000,2026-11-03T05:00:00.000,Facade Inspection via Industrial Rope Access as shown on plans,0,Hampton Inn Empire State Building,Felix O'Casey,Permit Issued,154982516,10001,40.74992,-73.986004,105,4,1008370009,84,Midtown-Times Square,,
M01236275-S2,M01236275-S2-FN,1,Initial Permit,109,WEST   38 STREET,Manhattan,30,1015267,814,105,Open Space,Construction Fence,GC,621060,NARESH,MAHANGU,NY BUILDING ASSOCIATES IN,124-15 METROPOLITAN AVE,,,,2025-09-11T00:00:00.000,2025-10-30T00:00:00.000,2026-10-30T04:00:00.000,"INSTALL CONSTRUCTION FENCE AS PER PLAN. NO CHANGE IN USE, OCCUPANCY & EGRESS.",3000,Not Applicable,Shiyang Li,Permit Issued,179777364,10018,40.752511,-73.986382,105,4,1008140030,113,Midtown-Times Square,,
M01299879-I1,M01299879-I1-SH,1,Initial Permit,1095,6 AVENUE,MANHATTAN,7501,1087119,994,105,Sidewalk,Sidewalk Shed,GC,607447,WILLIAM,LAFFEY,SPRING SCAFFOLDING LLC,49-30 31ST PLACE,JOSEPH,CASTILLO,UNITED SAFETY CONSULTANTS,2025-10-10T00:00:00.000,2025-10-10T00:00:00.000,2026-10-10T04:00:00.000,"INSTALLATION OF TEMPORARY SIDEWALK SHED AS PER PLAN. NO CHANGE IN USE, EGRESS OR OCCUPANCY.",1000,HINES INTERESTS LIMITED PARTNERSHIP,Robert McKeown,Permit Issued,888595797,10036,40.754979,-73.984469,105,4,1009947501,113,Midtown-Times Square,,
M01085123-S2,M01085123-S2-SF,1,Initial Permit,311,EAST   52 STREET,MANHATTAN,107,1039820,1345,106,Open Space,Construction Fence,GC,625918,HECTOR,CAJAMARCA,HBC REMODELING CORP,4555 39TH PLACE,MARTHA,CHIRIBOGA,ORION PLUMBING & HEATING CORP,2026-01-01T00:00:00.000,2026-01-28T00:00:00.000,2026-12-21T05:00:00.000,"FILING FOR A CONSTRUCTION FENCE TO SAFEGUARD THE PROPERTY DURING CONSTRUCTION & INSTALLATION OF TEMPORARY PIPE SCAFFOLD AS PER PLANS. NO CHANGE IN USE, EGRESS, OR OCCUPANCY.",13000,TAWAU LLC,JOHN GIBBONS,Permit Issued,581266143,10022,40.755903,-73.967038,106,4,1013450107,98,East Midtown-Turtle Bay,,
M01343661-I1,M01343661-I1-SC,1,Initial Permit,217,EAST   33 STREET,MANHATTAN,10,1020110,914,106,,Suspended Scaffold,R,006507,JOSEPH,CERINA,CERINA GENERAL CONTR. INC,41-08 BERRIAN BLVD,,,,2026-01-14T00:00:00.000,2026-04-15T00:00:00.000,2026-09-21T00:00:00.000,Rigging for Industrial Rope Access,0,PR,Joshua Salon,Permit Issued,938660584,10016,40.744811,-73.978007,106,4,1009140010,7002,Murray Hill-Kips Bay,,E
M01236692-I1,M01236692-I1-SH,1,Initial Permit,22,EAST   38 STREET,Manhattan,55,1017220,867,106,Sidewalk,Sidewalk Shed,GC,027194,MATTHEW,CARUSO,EXTERIOR WALL & BUILDING,72 WHITEHALL STREET,,,,2025-09-04T00:00:00.000,2025-09-04T00:00:00.000,2026-09-04T04:00:00.000,"INSTALLATION OF 300 PSF SIDEWALK SHED AS PER PLANS. ALL EQUIPMENT SHALL COMPLY WITH CHAPTER #33 OF THE 2022 CODE. NO CHANGE IN USE, EGRESS OR OCCUPANCY UNDER THIS APPLICATION.",25000,BENJAMIN MAINTENANCE,ILIRJAN RUSI,Permit Issued,365675762,10016,40.750177,-73.980897,106,4,1008670055,82,Midtown-Times Square,,
M01043037-I1,M01043037-I1-SH,2,Renewal Permit with Changes,112,WEST   38 STREET,MANHATTAN,23,1080610,813,105,Sidewalk,Sidewalk Shed,GC,620254,PRABHJIT,SINGH,PLATINUM SERVICES NY LLC,53-28 11TH STREET 2ND FL,RAMANI,MARIAPPAN,ROYAL EXPEDITING,2024-04-30T00:00:00.000,2025-04-28T00:00:00.000,2026-04-28T04:00:00.000,"INSTALLATION OF 300 PSF SIDEWALK SHED AS PER PLANS. SIDEWALK SHED SHALL COMPLY WITH CHAPTER # 33 OF THE NYC CODE 2022, NO CHANGES IN USE EGRESS OR OCCUPANCY UNDER THIS APPLICATION.",5000,PLATINUM SERVICES NY LLC,PRABHJIT SINGH,Signed-off,326316494,10018,40.752489,-73.986375,105,4,1008130023,109,Midtown-Times Square,,
M01210439-I1,M01210439-I1-SC,1,Initial Permit,185,MADISON AVENUE,MANHATTAN,25,1017098,864,106,,Suspended Scaffold,R,005489,TAHIR,BHUTTA,SASCO CONSTRUCTION SVC LL,"444 CONEY ISLAND AVE., 2ND FL",HANCE,MERCEDES,SYNERGY BUILDING CONSULTANTS,2025-04-18T00:00:00.000,2025-04-21T00:00:00.000,2026-04-21T04:00:00.000,Installation of suspended scaffold for facade inspection/repair.,0,PR,,Permit Issued,815506877,10016,40.747861,-73.982875,106,4,1008640025,74,Midtown South-Flatiron-Union Square,,
M01288893-I1,M01288893-I1-SH,1,Initial Permit,29,EAST   37 STREET,MANHATTAN,29,1017204,867,106,Ground Floor,Sidewalk Shed,GC,626129,PARAMJIT,KAUR,TITAN SERVICES USA INC,10958 134TH ST,,,,2025-09-19T00:00:00.000,2025-09-19T00:00:00.000,2026-07-26T00:00:00.000,"INSTALLATION OF 300PSF SIDEWALK SHED AND PIPE SCAFFOLDING AS PER PLANS. ALL EQUIPMENT SHALL COMPLY WITH CH #33 OF THE NYC CODE 2022. NO CHANGE IN USE, OCCUPANCY OR EGRESS UNDER THIS APPLICATION.",9000,TITAN SERVICES USA INC.,PARAMJIT KAUR,Signed-off,492535697,10016,40.749522,-73.981204,106,4,1008670029,82,Midtown-Times Square,,
M00981215-I1,M00981215-I1-SF,4,Renewal Permit Without Changes,304,EAST   41 STREET,MANHATTAN,42,1080448,1333,106,"Floor Number(s) 13 through 13, Floor Number(s) 15 through 15, Floor Number(s) 11 through 11, Roof, Roof",Supported Scaffold,GC,618716,MICHAEL,BRION,CANIDO BASONAS CONST SVC,314 48TH STREET,MU/RO/BR/SE,KH/SC/GA/DA,MUNICIPAL BUILDING CONSULTANTS,2024-04-10T00:00:00.000,2026-03-06T00:00:00.000,2026-12-13T00:00:00.000,"ERECT, MAINTAIN & DISMANTLE OF SCAFFOLD FOR FACADE REPAIRS PER DRAWINGS ATTACHED HEREWITH",5000,FIRST SERVICE RESIDENTIAL,DAVID VON HOLLWEG,Permit Issued,677244494,10017,40.749017,-73.972383,106,4,1013330042,88,Murray Hill-Kips Bay,,
M01169797-I1,M01169797-I1-SH,2,Renewal Permit Without Changes,110,EAST   40 STREET,Manhattan,7501,1019495,895,106,Sidewalk,Sidewalk Shed,GC,623678,NORBERT,WLODKOWSKI,CONSTRUCTORS TRADES & SKI,64-00 METROPOLITAN AVENUE,HANCE,MERCEDES,SYNERGY BUILDING CONSULTANTS,2025-02-03T00:00:00.000,2026-01-21T00:00:00.000,2027-01-07T05:00:00.000,"Installation of temporary heavy duty sidewalk shed per plan submitted. Work shall comply with 2022 building codes chapter 33. No change in use, egress and/or occupancy with this application.",1,110 EAST40TH LLC,RICHARD NEJAT,Signed-off,388916836,10016,40.750624,-73.978117,106,4,1008957501,80,Murray Hill-Kips Bay,,D
M01119468-I1,M01119468-I1-SH,2,Renewal Permit Without Changes,342,EAST   53 STREET,MANHATTAN,31,1039804,1345,106,Sidewalk,Sidewalk Shed,GC,615905,HARPREET,SINGH,KINGS GROUP NY CORP,183-02 LIBERTY AVE,,,,2024-10-04T00:00:00.000,2025-09-26T00:00:00.000,2026-09-26T00:00:00.000,"installation of heavy duty sidewalk shed. no change in use, occupancy or egress. work shall comply with chapter 33 of nycc.",1,KINGS GROUP NY CORP,HARPREET SINGH,Signed-off,386242281,10022,40.756303,-73.966092,106,4,1013450031,98,East Midtown-Turtle Bay,,
M00980406-I1,M00980406-I1-SF,4,Renewal Permit Without Changes,324,EAST   41 STREET,MANHATTAN,42,1080450,1333,106,Roof,Supported Scaffold,GC,618716,MICHAEL,BRION,CANIDO BASONAS CONST SVC,314 48TH STREET,MU/RO/BR/SE,KH/SC/GA/DA,MUNICIPAL BUILDING CONSULTANTS,2024-04-15T00:00:00.000,2026-03-06T00:00:00.000,2026-12-13T00:00:00.000,"ERECT, MAINTAIN & DISMANTLE OF SCAFFOLD FOR FACADE REPAIRS PER DRAWINGS ATTACHED HEREWITH.",5000,FIRST SERVICE RESIDENTIAL,DAVID VON HOLLWEG,Permit Issued,932766493,10017,40.748836,-73.971957,106,4,1013330042,88,Murray Hill-Kips Bay,,
M01276028-I1,M01276028-I1-SC,2,Renewal Permit with Changes,140,EAST   28 STREET,MANHATTAN,58,1018189,883,106,,Suspended Scaffold,R,007685,NAILA,ALAM,RH EXPERT CORP,80-60 PITKIN AVENUE,,,,2025-09-05T00:00:00.000,2025-10-29T00:00:00.000,2026-08-25T00:00:00.000,Installation of Suspended scaffold to perform exterior work repair and facade inspection,0,AARCO CONTRACTING LLC,ALI ANWAR,Signed-off,299941860,10016,40.742495,-73.982119,106,2,1008830058,68,Gramercy,,S
M01313468-S1,M01313468-S1-SF,1,Initial Permit,155,EAST   29 STREET,MANHATTAN,42,1018263,885,106,Open Space,Supported Scaffold,GC,607447,WILLIAM,LAFFEY,SPRING SCAFFOLDING LLC,49-30 31ST PLACE,JOSEPH,CASTILLO,UNITED SAFETY CONSULTANTS,2026-03-06T00:00:00.000,2026-03-06T00:00:00.000,2027-03-01T00:00:00.000,"INSTALLATION OF PIPE SCAFFOLD SHED AS PER PLAN. NO CHANGE IN USE, EGRESS OR OCCUPANCY.",1000,PR,Scott Wickers,Permit Issued,170856812,10016,40.742684,-73.980354,106,2,1008850042,72,Murray Hill-Kips Bay,,
M01357009-I1,M01357009-I1-SH,1,Initial Permit,57,WEST   35 STREET,MANHATTAN,9,1088537,837,105,Open Space,Sidewalk Shed,GC,620254,PRABHJIT,SINGH,PLATINUM SERVICES NY LLC,53-28 11TH STREET 2ND FL,,,,2026-02-17T00:00:00.000,2026-02-17T00:00:00.000,2026-05-18T04:00:00.000,"INSTALLATION OF TEMPORARY HEAVY DUTY SIDEWALK SHED AS PER PLANS. NO CHANGE IN USE, EGRESS OR OCCUPANCY. SIDEWALK SHED SHALL COMPLY WITH CHAPTER #33 OF 2022 THE NYC BUILDING CODE. LIVE LOAD 300PSF.",1000,PLATINUM SERVICES NY LLC,PRABHJIT SINGH,Signed-off,592804650,10001,40.74992,-73.986004,105,4,1008370009,84,Midtown-Times Square,,
M00956261-I1,M00956261-I1-SH,3,Renewal Permit Without Changes,140,EAST   28 STREET,MANHATTAN,58,1018189,883,,Sidewalk,Sidewalk Shed,GC,620254,MANDIP,KAUR,PLATINUM SERVICES NY LLC,53-28 11TH STREET 2ND FL,RAMANI,MARIAPPAN,ROYAL EXPEDITING,2023-11-08T00:00:00.000,2025-11-03T00:00:00.000,2026-09-29T00:00:00.000,"INSTALLATION OF 300 PSF SIDEWALK SHED AS PER PLANS. SIDEWALK SHED SHALL COMPLY WITH CHAPTER #33 OF THE 2022 CODE, NO CHANGE TO USE, EGRESS OR OCCUPANCY UNDER THIS APPLICATION.",5000,PLATINUM SERVICES NY LLC,MANDIP KAUR,Permit Issued,523254555,10016,40.742495,-73.982119,106,2,1008830058,68,Gramercy,,
M01293557-I1,M01293557-I1-SC,1,Initial Permit,225,EAST 45 STREET,Manhattan,11,1037587,1319,106,,Suspended Scaffold,R,007658,JOSEPH,GIOIA,VENEER RESTORATION AND MA,16032 20TH AVE,MEGAN,TROXELL,"Rigging Consultants, Inc.",2025-10-02T00:00:00.000,2025-10-02T00:00:00.000,2026-10-02T04:00:00.000,Suspended Scaffolding for Facade Restoration as shown on Plans,0,"PROJECT RENEWAL, INC",Paul Woody,Signed-off,745914751,10017,40.752451,-73.972447,106,4,1013197505,90,East Midtown-Turtle Bay,,D
M01209754-I1,M01209754-I1-SC,2,Renewal Permit Without Changes,117,EAST   37 STREET,MANHATTAN,14,1019086,893,106,,Suspended Scaffold,R,005278,CASTOR,MIRANDA,AM BUILDING RESTORATION I,68 CONWAY STREET,HANCE,MERCEDES,SYNERGY BUILDING CONSULTANTS,2025-04-17T00:00:00.000,2025-04-29T00:00:00.000,2026-04-29T04:00:00.000,Installation of suspended scaffold for facade inspection/ repair.,0,PR,,Signed-off,602097554,10016,40.748615,-73.979053,106,4,1008930014,80,Murray Hill-Kips Bay,,
M01233828-I1,M01233828-I1-FN,1,Initial Permit,400,MADISON AVENUE,MANHATTAN,17,1035420,1283,105,Open Space,Construction Fence,GC,027194,MATTHEW,CARUSO,EXTERIOR WALL & BUILDING,72 WHITEHALL STREET,,,,2025-06-02T00:00:00.000,2025-06-02T00:00:00.000,2026-05-22T04:00:00.000,"INSTALLATION OF PYLWOOD FENCE AS PER PLANS. PLYWOOD FENCE SHALL COMPLY WITH CHAPTER #33 OF THE 2022 CODE NO CHANGE IN USE, EGRESS OR OCCUPANCY UNDER THIS APPLICATION.",5000,DS400OWNER LLC,Sherika Cherry,Signed-off,616051854,10017,40.756265,-73.976766,105,4,1012830017,94,Midtown-Times Square,,
M00690292-I1,M00690292-I1-SH,5,Renewal Permit Without Changes,530,FIRST AVENUE,Manhattan,7501,1081694,962,106,Ground Floor,Sidewalk Shed,GC,002341,CHRISTOPHER,EVANS,UNIVERSAL BUILD SUPP LLC,27 HORTON AVENUE,JOANNA,GRABOWSKA,"EUROCELT EXPEDITING, INC.",2022-03-18T00:00:00.000,2026-03-09T00:00:00.000,2026-06-07T04:00:00.000,"INSTALLATION OF A HEAVY DUTY SIDEWALK SHED AS PER PLANS DURING GENERAL CONSTRUCTION WORK. NO CHANGE IN USE, EGRESS OR OCCUPANCY. SIDEWALK SHED TO COMPLY WITH CHAPTER 33 OF NYC BUILDING CODE OF 2014.",10000,NYU LANGONE MEDICAL CENTER,RICHARD COHEN,Permit Issued,491668231,10016,40.741533,-73.97514,106,4,1009627501,62,Murray Hill-Kips Bay,,
M01314285-I1,M01314285-I1-SF,1,Initial Permit,15,WEST   34 STREET,MANHATTAN,7501,1015874,836,105,Ground Floor,Supported Scaffold,GC,617185,MANDEEP,KAUR,"JASCO, INC",130-48 INWOOD ST,,,,2025-11-06T00:00:00.000,2025-12-08T00:00:00.000,2026-09-05T00:00:00.000,"INSTALLATION OF 300PSF SIDEWALK SHED AND PIPE SCAFFOLDING AS PER PLANS. ALL EQUIPMENT SHALL COMPLY WITH CHAPTER #33 OF THE 2022 NYC BUILDING CODE. NO CHANGE IN USE, OCCUPANCY, OR EGRESS UNDER THIS APPLICATION.",25000,"JASCO, INC",MANDEEP KAUR,Signed-off,669886699,10001,40.748839,-73.985491,105,4,1008367501,76,Midtown South-Flatiron-Union Square,,
M01383753-I1,M01383753-I1-SC,1,Initial Permit,16,WEST   40 STREET,MANHATTAN,7501,1090404,841,105,,Suspended Scaffold,R,000176,GEORGE,COLE,COLE NYC LLC,42 W 33RD STREET PHII D,,,,2026-04-16T00:00:00.000,2026-04-16T00:00:00.000,2027-02-09T00:00:00.000,inspect windows and frames,0,,,Permit Issued,840103531,10018,40.751904,-73.983026,105,4,1008417501,84,Midtown-Times Square,,
M01263206-I1,M01263206-I1-FN,1,Initial Permit,122,EAST   32 STREET,MANHATTAN,84,1802251,887,105,Open Space,Construction Fence,GC,039357,KINAM,HAN,HONEST & QUALITY CORP,"150-80 70TH ROAD, 3RD FLOOR",,,,2025-08-14T00:00:00.000,2025-08-26T00:00:00.000,2026-08-26T04:00:00.000,Install Temporary Construction Fence,12000,KOREAN CULTURAL CENTER NY,Jungje Jo,Signed-off,616191512,10016,40.74535,-73.981237,105,2,1008870084,72,Murray Hill-Kips Bay,,
M00924716-I1,M00924716-I1-FN,3,Renewal Permit with Changes,300,EAST   50 STREET,MANHATTAN,51,1091935,1342,106,Open Space,Construction Fence,GC,601568,IBRAIM,REDZA,SKYLINE SCAFFOLDING GROUP,740 RAMSEY AVENUE,ALDI,DILO,"Rigid Structural Design, LLC",2023-09-01T00:00:00.000,2025-04-30T00:00:00.000,2026-04-30T04:00:00.000,"Installation of a temporary construction fence per plan submitted.  Work shall comply with 2022 building codes chapter 33. No change in use, egress and/or occupancy with this application.",5000,SKYLINE SCAFFOLDING GROUP,IBRAIM REDZA,Signed-off,286623573,10022,40.75472,-73.968172,106,4,1013420051,98,East Midtown-Turtle Bay,,
M01193142-S1,M01193142-S1-SF,1,Initial Permit,218,EAST   29 STREET,Manhattan,45,1019905,909,106,Open Space,Supported Scaffold,GC,607447,WILLIAM,LAFFEY,SPRING SCAFFOLDING LLC,49-30 31ST PLACE,,,,2025-08-18T00:00:00.000,2025-08-18T00:00:00.000,2026-08-18T04:00:00.000,"INSTALLATION OF PIPE SCAFFOLDING AS PER PLANS. ALL EQUIPMENT SHALL COMPLY WITH CHAPTER # 33 OF THE 2022 CODE. NO CHANGE IN USE, OCCUPANCY OR EGRESS UNDER THIS APPLICATION. THE PIPE SCAFFOLD TOP OF THE SIDEWALK SHED FRONT OF THE BUILDING AT EAST 29TH STREE",5000,Kips Bay Court Condominium,218 East 29th Street Owners Corp,Permit Issued,481805014,10016,40.742319,-73.979791,106,2,1009090045,66,Murray Hill-Kips Bay,,
M01198293-I1,M01198293-I1-SF,1,Initial Permit,16,EAST   34 STREET,MANHATTAN,13,1017077,863,105,"Open Space, Sidewalk",Supported Scaffold,GC,615905,HARPREET,SINGH,KINGS GROUP NY CORP,120-05 ATLANTIC AVENUE STE 2,,,,2025-03-27T00:00:00.000,2025-04-01T00:00:00.000,2026-04-01T04:00:00.000,"installation of heavy duty sidewalk shed and pipe scaffolding. no change in use, occupancy or egress. work shall comply with chapter 33 of nycbc.",1,KINGS GROUP NY CORP,HARPREET SINGH,Signed-off,264257207,10016,40.748147,-73.983889,105,4,1008630013,74,Midtown South-Flatiron-Union Square,,
M01085123-S2,M01085123-S2-SF,1,Initial Permit,311,EAST   52 STREET,MANHATTAN,107,1039820,1345,106,Open Space,Supported Scaffold,GC,625918,HECTOR,CAJAMARCA,HBC REMODELING CORP,4555 39TH PLACE,MARTHA,CHIRIBOGA,ORION PLUMBING & HEATING CORP,2026-01-01T00:00:00.000,2026-01-28T00:00:00.000,2026-12-21T05:00:00.000,"FILING FOR A CONSTRUCTION FENCE TO SAFEGUARD THE PROPERTY DURING CONSTRUCTION & INSTALLATION OF TEMPORARY PIPE SCAFFOLD AS PER PLANS. NO CHANGE IN USE, EGRESS, OR OCCUPANCY.",13000,TAWAU LLC,JOHN GIBBONS,Permit Issued,581266143,10022,40.755903,-73.967038,106,4,1013450107,98,East Midtown-Turtle Bay,,
M01361531-I1,M01361531-I1-SH,1,Initial Permit,235,EAST   40 STREET,Manhattan,7501,1037178,1314,106,Ground Floor,Sidewalk Shed,GC,615512,ALEX,STAVRINOUDIS,EXO INDUSTRIES CORP,55-07 39TH AVENUE,,,,2026-02-23T00:00:00.000,2026-02-23T00:00:00.000,2026-05-24T04:00:00.000,"PROPOSED INSTALLATION OF HEAVY DUTY SIDEWALK SHED AS PER PLANS. LIVE LOAD 300 LBS PER SQUARE FEET. SIDEWALK SHED SHALL COMPLY WITH CHAPTER #33 OF THE NYC BUILDING CODE. NO CHANGE IN USE, OCCUPANCY, OR EGRESS UNDER THIS APPLICATION.",15000,Exo Industries Corp.,ALEX STAVRINOUDIS,Permit Issued,857848546,10016,40.748864,-73.973892,106,4,1013147501,88,Murray Hill-Kips Bay,,
M00994665-I1,M00994665-I1-SH,3,Renewal Permit with Changes,300,EAST   50 STREET,MANHATTAN,51,1091935,1342,106,Open Space,Sidewalk Shed,GC,601568,IBRAIM,REDZA,SKYLINE SCAFFOLDING GROUP,740 RAMSEY AVENUE,ALDI,DILO,"Rigid Structural Design, LLC",2024-01-31T00:00:00.000,2025-05-12T00:00:00.000,2026-05-12T04:00:00.000,"Installation of a temporarily heavy-duty sidewalk shed per plan submitted. Work shall comply with 2022 building codes chapter 33. No change in use, egress and/or occupancy with this application.",30000,SKYLINE SCAFFOLDING GROUP,IBRAIM REDZA,Signed-off,363441937,10022,40.75472,-73.968172,106,4,1013420051,98,East Midtown-Turtle Bay,,
M01386821-S1,M01386821-S1-FN,1,Initial Permit,420,PARK AVENUE SOUTH,MANHATTAN,45,1088542,858,105,Sidewalk,Construction Fence,GC,607447,WILLIAM,LAFFEY,SPRING SCAFFOLDING LLC,49-30 31ST PLACE,JOSEPH,CASTILLO,UNITED SAFETY CONSULTANTS,2026-04-16T00:00:00.000,2026-04-16T00:00:00.000,2027-03-01T00:00:00.000,"INSTALLATION OF TEMPORARY PLYWOOD FENCE AS PER PLAN. NO CHANGE IN USE, EGRESS OR OCCUPANCY.",1000,HIGHGATE HOTELS LP,JOSEPH MONACO,Permit Issued,296806510,10016,40.744359,-73.98463,105,2,1008580045,74,Midtown South-Flatiron-Union Square,,
M01283054-I1,M01283054-I1-SF,1,Initial Permit,630,2 AVENUE,Manhattan,1,1081682,940,106,Facade,Supported Scaffold,GC,018914,PHILIP,SUSI,ARSENAL SCAFFOLD INC,95 JERSEY STREET,,,,2025-09-15T00:00:00.000,2025-09-15T00:00:00.000,2026-09-15T04:00:00.000,"INSTALLATION OF SYSTEM PIPE SCAFFOLD AS PER PLANS. SYSTEM SCAFFOLD SHALL COMPLY WITH CHAPTER #33 OF THE 2022 CODE. NO CHANGE IN USE, EGRESS OR OCCUPANCY UNDER THIS APPLICATION.",21000,DIOCESE OF THE ARMENIAN CHURCH OF A,GREGORY KAZANJIAN,Permit Issued,537672821,10016,40.744876,-73.975799,106,4,1009400001,78,Murray Hill-Kips Bay,,
M01081288-I1,M01081288-I1-SC,4,Renewal Permit Without Changes,401,EAST   34 STREET,Manhattan,1,1022057,966,106,,Suspended Scaffold,R,006334,WILLIAM,MURPHY,MANHATTAN CONTRACTING COR,122 WEST 27TH STREET -12TH FL,,,,2024-07-29T00:00:00.000,2025-09-18T00:00:00.000,2026-09-18T04:00:00.000,"Installation of suspended scaffold for facade work or inspection. Amend #1, added suspended scaffold.",0,"UDR, INC.",,Permit Issued,898372676,10016,40.743948,-73.973378,106,4,1009660001,8601,Murray Hill-Kips Bay,,
M01335000-I1,M01335000-I1-SC,1,Initial Permit,39,WEST   37 STREET,MANHATTAN,16,1015961,839,105,,Suspended Scaffold,R,006104,STEVE,MARKU,COLGATE RESTORATION CORP,147 28TH STREET,MEGAN,TROXELL,"Rigging Consultants, Inc.",2025-12-17T00:00:00.000,2025-12-22T00:00:00.000,2026-12-22T05:00:00.000,Facade Inspection via Industrial Rope Access,0,WALTER & SAMUELS INC.,,Permit Issued,262068817,10018,40.750922,-73.984527,105,4,1008390016,84,Midtown-Times Square,,
M01309204-I1,M01309204-I1-SC,1,Initial Permit,461,5 AVENUE,MANHATTAN,1,1071438,1275,105,,Suspended Scaffold,R,006104,STEVE,MARKU,COLGATE RESTORATION CORP,147 28TH STREET,MEGAN,TROXELL,"Rigging Consultants, Inc.",2025-11-13T00:00:00.000,2025-11-13T00:00:00.000,2026-11-13T05:00:00.000,Suspended Scaffold for Facade Restoration as Shown on Plans,0,SL GREEN REALTY CORP,Patricia Hoban,Permit Issued,202392543,10017,40.752286,-73.981748,105,4,1012750001,82,Midtown-Times Square,,
M01314285-I1,M01314285-I1-SF,1,Initial Permit,15,WEST   34 STREET,MANHATTAN,7501,1015874,836,105,Ground Floor,Sidewalk Shed,GC,617185,MANDEEP,KAUR,"JASCO, INC",130-48 INWOOD ST,,,,2025-11-06T00:00:00.000,2025-12-08T00:00:00.000,2026-09-05T00:00:00.000,"INSTALLATION OF 300PSF SIDEWALK SHED AND PIPE SCAFFOLDING AS PER PLANS. ALL EQUIPMENT SHALL COMPLY WITH CHAPTER #33 OF THE 2022 NYC BUILDING CODE. NO CHANGE IN USE, OCCUPANCY, OR EGRESS UNDER THIS APPLICATION.",25000,"JASCO, INC",MANDEEP KAUR,Signed-off,669886699,10001,40.748839,-73.985491,105,4,1008367501,76,Midtown South-Flatiron-Union Square,,
M01136256-I1,M01136256-I1-SC,4,Renewal Permit with Changes,155,EAST   34 STREET,MANHATTAN,7501,1018549,890,106,,Suspended Scaffold,R,005370,ANTONIOS,MAMOUNAS,TOWER SERVICES INC,38-60 REVIEW AVENUE,ELY,SEPULVEDA,AE DESIGN SOLUTION INC.,2024-11-14T00:00:00.000,2025-08-21T00:00:00.000,2026-08-21T04:00:00.000,Installation of suspended scaffold for facade work or inspection,0,MAXWELL-KATES INC.,John Hackett,Permit Issued,627313892,10016,40.745964,-73.97796,106,4,1008907501,72,Murray Hill-Kips Bay,,
M01243387-I1,M01243387-I1-SC,2,Renewal Permit Without Changes,777,UNITED NATIONS PLAZA,MANHATTAN,30,1038669,1336,106,,Suspended Scaffold,R,005358,MICHAEL,DEPOMPO,BLADE CONTRACTING INC,188 VAN BUREN STREET,HANCE,MERCEDES,SYNERGY BUILDING CONSULTANTS,2025-06-20T00:00:00.000,2025-10-27T00:00:00.000,2026-10-25T04:00:00.000,Installation of suspended scaffold for facade inspection/ repair.,0,UNITED METHODIST WOMEN,,Permit Issued,136598520,10017,40.749859,-73.969095,106,4,1013360030,88,Murray Hill-Kips Bay,,
M01085123-S2,M01085123-S2-FN,1,Initial Permit,311,EAST   52 STREET,MANHATTAN,107,1039820,1345,106,Open Space,Supported Scaffold,GC,625918,HECTOR,CAJAMARCA,HBC REMODELING CORP,4555 39TH PLACE,MARTHA,CHIRIBOGA,ORION PLUMBING & HEATING CORP,2026-01-01T00:00:00.000,2026-01-28T00:00:00.000,2026-12-21T05:00:00.000,"FILING FOR A CONSTRUCTION FENCE TO SAFEGUARD THE PROPERTY DURING CONSTRUCTION & INSTALLATION OF TEMPORARY PIPE SCAFFOLD AS PER PLANS. NO CHANGE IN USE, EGRESS, OR OCCUPANCY.",13000,TAWAU LLC,JOHN GIBBONS,Permit Issued,918996267,10022,40.755903,-73.967038,106,4,1013450107,98,East Midtown-Turtle Bay,,
M01288893-I1,M01288893-I1-SH,1,Initial Permit,29,EAST   37 STREET,MANHATTAN,29,1017204,867,106,Ground Floor,Supported Scaffold,GC,626129,PARAMJIT,KAUR,TITAN SERVICES USA INC,10958 134TH ST,,,,2025-09-19T00:00:00.000,2025-09-19T00:00:00.000,2026-07-26T00:00:00.000,"INSTALLATION OF 300PSF SIDEWALK SHED AND PIPE SCAFFOLDING AS PER PLANS. ALL EQUIPMENT SHALL COMPLY WITH CH #33 OF THE NYC CODE 2022. NO CHANGE IN USE, OCCUPANCY OR EGRESS UNDER THIS APPLICATION.",9000,TITAN SERVICES USA INC.,PARAMJIT KAUR,Signed-off,492535697,10016,40.749522,-73.981204,106,4,1008670029,82,Midtown-Times Square,,
M01314285-I1,M01314285-I1-SH,1,Initial Permit,15,WEST   34 STREET,MANHATTAN,7501,1015874,836,105,Ground Floor,Sidewalk Shed,GC,617185,MANDEEP,KAUR,"JASCO, INC",130-48 INWOOD ST,,,,2025-11-06T00:00:00.000,2025-12-08T00:00:00.000,2026-09-05T00:00:00.000,"INSTALLATION OF 300PSF SIDEWALK SHED AND PIPE SCAFFOLDING AS PER PLANS. ALL EQUIPMENT SHALL COMPLY WITH CHAPTER #33 OF THE 2022 NYC BUILDING CODE. NO CHANGE IN USE, OCCUPANCY, OR EGRESS UNDER THIS APPLICATION.",25000,"JASCO, INC",MANDEEP KAUR,Signed-off,828820694,10001,40.748839,-73.985491,105,4,1008367501,76,Midtown South-Flatiron-Union Square,,
M01273361-I1,M01273361-I1-SF,1,Initial Permit,53,EAST   34 STREET,Manhattan,31,1017103,864,106,Facade,Supported Scaffold,GC,626569,PRITPAL,KAUR,PARK CONTRACTING GROUP,12 HARBOR CT E,,,,2025-08-19T00:00:00.000,2025-08-19T00:00:00.000,2026-08-19T04:00:00.000,"PROPOSED INSTALLATION OF TEMPORARY PIPE SCAFFOLD AS PER PLANS. WORK SHALL COMPLY WITH CHAPTER #33 OF 2022 THE NYC BUILDING CODE. NO CHANGE IN USE, OCCUPANCY, OR EGRESS UNDER THIS APPLICATION.",1000,Park Contracting Group LLC.,PRITPAL KAUR,Permit Issued,807928895,10016,40.747521,-73.982359,106,4,1008640031,74,Midtown South-Flatiron-Union Square,,
M01112901-I1,M01112901-I1-SF,2,Renewal Permit Without Changes,155,EAST   34 STREET,MANHATTAN,7501,1018549,890,106,"Open Space, Roof, Roof Terrace 015 through 019",Supported Scaffold,GC,617040,JOHN,KELLIS,EMPIRE NY INSTALLATIONS I,3537 36TH STREET,ELY,SEPULVEDA,AE DESIGN SOLUTION INC.,2024-10-10T00:00:00.000,2025-09-26T00:00:00.000,2026-09-26T04:00:00.000,"INSTALLATION OF TEMPORARY PIPE SCAFFOLD AS PER PLANS. NO CHANGE IN USE, EGRESS OR OCCUPANCY.",1,MAXWELL-KATES INC.,John Hackett,Permit Issued,859042820,10016,40.745964,-73.97796,106,4,1008907501,72,Murray Hill-Kips Bay,,
M01310960-I1,M01310960-I1-SC,1,Initial Permit,66,WEST   38 STREET,MANHATTAN,7502,1085979,839,105,,Suspended Scaffold,R,006104,STEVE,MARKU,COLGATE RESTORATION CORP,147 28TH STREET,MEGAN,TROXELL,"Rigging Consultants, Inc.",2025-11-03T00:00:00.000,2025-11-07T00:00:00.000,2026-11-07T05:00:00.000,Facade Inspection via Industrial Rope Access,0,"GOTHAM REAL ESTATE MANAGERS, LLC",,Permit Issued,528195409,10018,40.751789,-73.984715,105,4,1008397502,84,Midtown-Times Square,,
M01232615-I1,M01232615-I1-SC,1,Initial Permit,235,EAST   42 STREET,MANHATTAN,23,1037552,1316,106,,Suspended Scaffold,R,006549,GUSTAVO,FELIPE,"SKYLINE WINDOWS, LLC",220 EAST 138TH STREET,MU/RO/BR/SE,KH/SC/GA/DA,MUNICIPAL BUILDING CONSULTANTS,2025-06-10T00:00:00.000,2025-06-10T00:00:00.000,2026-06-10T04:00:00.000,Installation of outrigger for facade repair & inspection. AMEND TO ADD OUTRIGGER LOCATIONS AND TIEBACK DETAILS,0,235 GC LLC,,Permit Issued,988258890,10017,40.750242,-73.973177,106,4,1013160023,88,Murray Hill-Kips Bay,,A
M01097616-I1,M01097616-I1-SH,2,Renewal Permit Without Changes,162,EAST   36 STREET,Manhattan,44,1091704,891,106,Open Space,Sidewalk Shed,GC,617232,ERIND,GAZHELI,CORE SCAFFOLD SYSTEMS INC,417 MYRTLE AVE SUITE 14,ELY,SEPULVEDA,AE DESIGN SOLUTION INC.,2024-08-20T00:00:00.000,2025-08-19T00:00:00.000,2026-08-19T04:00:00.000,"INSTALLATION OF TEMPORARY SIDEWALK SHED AS PER PLANS. NO CHANGE IN USE, EGRESS OR OCCUPANCY.",1,OWNERS REP,EDDIE GAZHELI,Permit Issued,424109479,10016,40.747185,-73.977628,106,4,1008910044,80,Murray Hill-Kips Bay,,
M01101550-I1,M01101550-I1-SF,2,Renewal Permit Without Changes,162,EAST   36 STREET,Manhattan,44,1091704,891,106,"Floor Number(s) 001 through 022, Open Space, Roof",Supported Scaffold,GC,617232,ERIND,GAZHELI,CORE SCAFFOLD SYSTEMS INC,417 MYRTLE AVE SUITE 14,ELY,SEPULVEDA,AE DESIGN SOLUTION INC.,2024-08-27T00:00:00.000,2025-08-19T00:00:00.000,2026-08-19T04:00:00.000,"INSTALLATION OF TEMPORARY PIPE & SYSTEM SCAFFOLD AS PER PLANS. NO CHANGE IN USE, EGRESS OR OCCUPANCY.",1,OWNERS REP,EDDIE GAZHELI,Permit Issued,804851007,10016,40.747185,-73.977628,106,4,1008910044,80,Murray Hill-Kips Bay,,
M01038041-I1,M01038041-I1-SH,2,Renewal Permit with Changes,511,LEXINGTON AVENUE,Manhattan,51,1036219,1302,106,Sidewalk,Sidewalk Shed,GC,620254,PRABHJIT,SINGH,PLATINUM SERVICES NY LLC,53-28 11TH STREET 2ND FL,RAMANI,MARIAPPAN,ROYAL EXPEDITING,2024-05-02T00:00:00.000,2025-04-30T00:00:00.000,2026-04-30T04:00:00.000,"INSTALLATION OF 300 PSF SIDEWALK SHED AS PER PLANS. SIDEWALK SHED SHALL COMPLY WITH CHAPTER # 33 OF THE NYC CODE 2022, NO CHANGES IN USE EGRESS OR OCCUPANCY UNDER THIS APPLICATION.",5000,PLATINUM SERVICES NY LLC,PRABHJIT SINGH,Permit Issued,170925671,10017,40.75496,-73.973471,106,4,1013020051,92,East Midtown-Turtle Bay,,
M01354145-I1,M01354145-I1-SF,1,Initial Permit,265,MADISON AVENUE,MANHATTAN,24,1017591,869,106,"Floor Number(s) 001 through 005, Open Space, Roof",Supported Scaffold,GC,617040,JOHN,KELLIS,EMPIRE NY INSTALLATIONS I,3537 36TH STREET,ELY,SEPULVEDA,AE DESIGN SOLUTION INC.,2026-03-06T00:00:00.000,2026-03-06T00:00:00.000,2027-03-06T05:00:00.000,"INSTALLATION OF TEMPORARY PIPE SCAFFOLD AS PER PLANS. NO CHANGE IN USE, EGRESS OR OCCUPANCY.",1,"1040 AVENUE OF THE AMERICAS, LLC",Leonard Wilf,Permit Issued,218941753,10016,40.750866,-73.980319,106,4,1008690024,82,Midtown-Times Square,,
M01313468-I1,M01313468-I1-SH,2,Renewal Permit Without Changes,155,EAST   29 STREET,Manhattan,42,1018263,885,106,Sidewalk,Sidewalk Shed,GC,607447,WILLIAM,LAFFEY,SPRING SCAFFOLDING LLC,49-30 31ST PLACE,JOSEPH,CASTILLO,UNITED SAFETY CONSULTANTS,2025-11-12T00:00:00.000,2026-03-02T00:00:00.000,2026-05-31T04:00:00.000,"INSTALLATION OF TEMPORARY SIDEWALK SHED AS PER PLAN. NO CHANGE IN USE, EGRESS OR OCCUPANCY. THE SIDEWALK SHED ON THE SIDEWALK AND DRIVEWAY.",1000,PR,Scott Wickers,Permit Issued,430864403,10016,40.742684,-73.980354,106,2,1008850042,72,Murray Hill-Kips Bay,,
M01314285-I1,M01314285-I1-SH,1,Initial Permit,15,WEST   34 STREET,MANHATTAN,7501,1015874,836,105,Ground Floor,Supported Scaffold,GC,617185,MANDEEP,KAUR,"JASCO, INC",130-48 INWOOD ST,,,,2025-11-06T00:00:00.000,2025-12-08T00:00:00.000,2026-09-05T00:00:00.000,"INSTALLATION OF 300PSF SIDEWALK SHED AND PIPE SCAFFOLDING AS PER PLANS. ALL EQUIPMENT SHALL COMPLY WITH CHAPTER #33 OF THE 2022 NYC BUILDING CODE. NO CHANGE IN USE, OCCUPANCY, OR EGRESS UNDER THIS APPLICATION.",25000,"JASCO, INC",MANDEEP KAUR,Signed-off,828820694,10001,40.748839,-73.985491,105,4,1008367501,76,Midtown South-Flatiron-Union Square,,
M01188334-I1,M01188334-I1-SC,1,Initial Permit,66,WEST   38 STREET,MANHATTAN,7502,1085979,839,105,,Suspended Scaffold,R,006104,STEVE,MARKU,COLGATE RESTORATION CORP,147 28TH STREET,EMMANUEL,ANDRADE,RIGGING CONSULTANTS INC.,2025-04-03T00:00:00.000,2025-05-22T00:00:00.000,2026-05-22T04:00:00.000,Suspended Scaffold for Facade Restoration,0,"GOTHAM REAL ESTATE MANAGERS, LLC",,Permit Issued,805042771,10018,40.751789,-73.984715,105,4,1008397502,84,Midtown-Times Square,,
M01283645-I1,M01283645-I1-SC,1,Initial Permit,32,WEST   39 STREET,MANHATTAN,66,1016011,840,105,,Suspended Scaffold,R,006104,STEVE,MARKU,COLGATE RESTORATION CORP,147 28TH STREET,MEGAN,TROXELL,"Rigging Consultants, Inc.",2025-09-23T00:00:00.000,2025-09-23T00:00:00.000,2026-09-23T04:00:00.000,Suspended Scaffold for Facade Restoration as Shown on Plans,0,RESOLUTION REAL ESTATE,Laura Ammirati,Permit Issued,638384824,10018,40.75211,-73.98356,105,4,1008400066,84,Midtown-Times Square,,
M00729130-I1,M00729130-I1-SH,5,Renewal Permit Without Changes,333,EAST   38 STREET,Manhattan,7502,1021925,944,106,Floor Number(s) 001 through 001,Sidewalk Shed,GC,619466,CHAUNCEY,COLLINS,"PLATFORM SOLUTIONS, INC",332 ADAMS STREET,JOLANTA,SLIWINSKI,"EUROCELT EXPEDITING, INC",2022-05-04T00:00:00.000,2026-02-18T00:00:00.000,2026-05-19T04:00:00.000,"INSTALLATION OF A HEAVY DUTY SIDEWALK SHED AS PER PLANS DURING GENERAL CONSTRUCTION. NO CHANGE IN USE, EGRESS OR OCCUPANCY. SIDEWALK SHED TO COMPLY WITH 2014 NYC BUILDING CODE, CHAPTER 33.",5000,PLATFORM SOLUTIONS INC.,JERRY MCCARTHY,Permit Issued,649340939,10016,40.746767,-73.972752,106,4,1009447502,78,Murray Hill-Kips Bay,,
M01012796-I1,M01012796-I1-SF,3,Renewal Permit Without Changes,105,MADISON AVENUE,MANHATTAN,64,1016939,859,105,Facade,Supported Scaffold,GC,620254,PRABHJIT,SINGH,PLATINUM SERVICES NY LLC,53-28 11TH STREET 2ND FL,RAMANI,MARIAPPAN,ROYAL EXPEDITING,2024-03-13T00:00:00.000,2026-03-09T00:00:00.000,2026-09-29T00:00:00.000,"INSTALLATION OF PIPE SCAFFOLDING AS PER PLANS. PIPE SCAFFOLDING SHALL COMPLY WITH CHAPTER # 33 OF THE NYC CODE 2022, NO CHANGES IN USE EGRESS OR OCCUPANCY UNDER THIS APPLICATION.",5000,PLATINUM SERVICES NY LLC,MANDIP KAUR,Permit Issued,176701497,10016,40.744889,-73.985041,105,2,1008590064,74,Midtown South-Flatiron-Union Square,,
M01286472-I1,M01286472-I1-SF,1,Initial Permit,32,WEST   39 STREET,MANHATTAN,66,1016011,840,105,Ground Floor,Sidewalk Shed,GC,025655,STEVE,MARKU,COLGATE RESTORATION CORP,147 28 ST,,,,2025-09-29T00:00:00.000,2025-09-29T00:00:00.000,2026-09-29T04:00:00.000,"INSTALLATION OF SIDEWALK SHED AND SUPPORTED SCAFFOLD AS SHOWN ON DRAWINGS. NO CHANGE IN USE, EGRESS OR OCCUPANCY. WE SHALL COMPLY WITH CHAPTER 33 OF 2022 B.C",5000,RESOLUTION REAL ESTATE,Laura Ammirati,Permit Issued,903016780,10018,40.75211,-73.98356,105,4,1008400066,84,Midtown-Times Square,,
M01286472-I1,M01286472-I1-SF,1,Initial Permit,32,WEST   39 STREET,MANHATTAN,66,1016011,840,105,Ground Floor,Supported Scaffold,GC,025655,STEVE,MARKU,COLGATE RESTORATION CORP,147 28 ST,,,,2025-09-29T00:00:00.000,2025-09-29T00:00:00.000,2026-09-29T04:00:00.000,"INSTALLATION OF SIDEWALK SHED AND SUPPORTED SCAFFOLD AS SHOWN ON DRAWINGS. NO CHANGE IN USE, EGRESS OR OCCUPANCY. WE SHALL COMPLY WITH CHAPTER 33 OF 2022 B.C",5000,RESOLUTION REAL ESTATE,Laura Ammirati,Permit Issued,903016780,10018,40.75211,-73.98356,105,4,1008400066,84,Midtown-Times Square,,
M01288893-I1,M01288893-I1-SF,1,Initial Permit,29,EAST   37 STREET,MANHATTAN,29,1017204,867,106,Ground Floor,Supported Scaffold,GC,626129,PARAMJIT,KAUR,TITAN SERVICES USA INC,10958 134TH ST,,,,2025-09-19T00:00:00.000,2025-09-19T00:00:00.000,2026-07-26T00:00:00.000,"INSTALLATION OF 300PSF SIDEWALK SHED AND PIPE SCAFFOLDING AS PER PLANS. ALL EQUIPMENT SHALL COMPLY WITH CH #33 OF THE NYC CODE 2022. NO CHANGE IN USE, OCCUPANCY OR EGRESS UNDER THIS APPLICATION.",9000,TITAN SERVICES USA INC.,PARAMJIT KAUR,Signed-off,995350208,10016,40.749522,-73.981204,106,4,1008670029,82,Midtown-Times Square,,
M01288893-I1,M01288893-I1-SF,1,Initial Permit,29,EAST   37 STREET,MANHATTAN,29,1017204,867,106,Ground Floor,Sidewalk Shed,GC,626129,PARAMJIT,KAUR,TITAN SERVICES USA INC,10958 134TH ST,,,,2025-09-19T00:00:00.000,2025-09-19T00:00:00.000,2026-07-26T00:00:00.000,"INSTALLATION OF 300PSF SIDEWALK SHED AND PIPE SCAFFOLDING AS PER PLANS. ALL EQUIPMENT SHALL COMPLY WITH CH #33 OF THE NYC CODE 2022. NO CHANGE IN USE, OCCUPANCY OR EGRESS UNDER THIS APPLICATION.",9000,TITAN SERVICES USA INC.,PARAMJIT KAUR,Signed-off,995350208,10016,40.749522,-73.981204,106,4,1008670029,82,Midtown-Times Square,,
M01278932-I1,M01278932-I1-FN,1,Initial Permit,135,WEST   42 STREET,Manhattan,33,1087268,995,105,Floor Number(s) 1 through 1,Construction Fence,GC,619320,SATOSHI,KARASAWA,SHO INTERIOR CREATES INC,165 PROSPECT PARK WEST #B,,,,2025-09-12T00:00:00.000,2025-09-15T00:00:00.000,2026-09-15T04:00:00.000,TO INSTALL TEMPORARY CONSTRUCTION FENCE.,3000,THE DURST ORGANIZATION,Jeffrey Parras,Permit Issued,495581187,10036,40.755665,-73.984003,105,4,1009950033,119,Midtown-Times Square,,
M01365878-I1,M01365878-I1-FN,1,Initial Permit,885,2 AVENUE,MANHATTAN,22,1037988,1321,106,Floor Number(s) 001 through 001,Construction Fence,GC,604966,CHARLES,BALSAMO,UNITY CONSTRUCTION GROUP,180 VARICK STREET SUITE 418,,,,2026-03-17T00:00:00.000,2026-03-17T00:00:00.000,2026-06-12T04:00:00.000,"ERECTION OF CONSTRUCTION FENCES AT CERTAIN LOCATIONS ALONG FIRST FLOOR COMMERCIAL STOREFRONT. NO CHANGE TO USE, EGRESS OR OCCUPANCY.",1000,885 SECOND AVENUE LESSEE LLC,Carolina Ramos,Signed-off,158215034,10017,40.753145,-73.969794,106,4,1013210022,90,East Midtown-Turtle Bay,,D
M01115162-I1,M01115162-I1-SF,2,Renewal Permit Without Changes,140,EAST   28 STREET,Manhattan,58,1018189,883,106,Facade,Supported Scaffold,GC,620254,PRABHJIT,SINGH,PLATINUM SERVICES NY LLC,53-28 11TH STREET 2ND FL,,,,2024-09-23T00:00:00.000,2025-09-15T00:00:00.000,2026-09-15T04:00:00.000,"INSTALLATION OF PIPE SCAFFOLDING AS PER PLANS. PIPE SCAFFOLDING SHALL COMPLY WITH CHAPTER #33 OF THE NYC BUILDING CODE 2022. NO CHANGE IN USE, OCCUPANCY, OR EGRESS UNDER THIS APPLICATION.",1000,PLATINUM SERVICES NY LLC,PRABHJIT SINGH,Permit Issued,389394017,10016,40.742495,-73.982119,106,2,1008830058,68,Gramercy,,
M01278906-I1,M01278906-I1-SH,1,Initial Permit,385,5 AVENUE,Manhattan,71,1017134,865,105,Open Space,Sidewalk Shed,GC,038723,AHMED,SHARIF,EMPAC CONTRACTING CORP,2920 CONEY ISLAND AVENUE,,,,2025-09-02T00:00:00.000,2025-09-02T00:00:00.000,2026-09-02T04:00:00.000,"INSTALLATION OF 300 PSF SIDEWALK SHED AS PER PLANS. SIDEWALK SHED SHALL COMPLY WITH CHAPTER # 33 OF THE NYC CODE 2022, NO CHANGES IN USE EGRESS OR OCCUPANCY UNDER THIS APPLICATION.",5000,EMPAC CONTRACTING CORP,AHMED SHARIF,Permit Issued,823738069,10016,40.749563,-73.983726,105,4,1008650071,82,Midtown-Times Square,,
M01132219-I1,M01132219-I1-SC,2,Renewal Permit Without Changes,302,5 AVENUE,MANHATTAN,38,1015816,833,105,,Suspended Scaffold,R,006294,MAREK,BALABAN,M & A PROJECTS INC,18 DIVISION PLACE,HANCE,MERCEDES,SYNERGY BUILDING CONSULTANTS,2024-11-13T00:00:00.000,2025-11-03T00:00:00.000,2026-11-03T05:00:00.000,Installation of suspended scaffold for facade inspection/ repair.,0,302 FIFTH LLC,,Signed-off,113144596,10001,40.746681,-73.985856,105,3,1008330038,76,Midtown South-Flatiron-Union Square,,
M01304805-I1,M01304805-I1-SC,1,Initial Permit,383,MADISON AVENUE,MANHATTAN,21,1035404,1282,105,,Suspended Scaffold,GC,608211,ERIK,OH,"SAFWAY ATLANTIC, LLC",700 COMMERCIAL AVENUE,JEEWAN,ITWARIE,A1 EXPEDITING SERVICE CORP.,2025-10-27T00:00:00.000,2025-10-27T00:00:00.000,2026-09-30T04:00:00.000,"TEMPORARY SUSPENDED SCAFFOLD AS PER DRAWINGS. SUSPENDED SCAFFOLD SHALL COMPLY WITH CH 33 OF THE NYC BC. NO CHANGE IN USE, OCCUPANCY OR EGRESS UNDER THIS APPLICATION.",0,"SAFWAY ATLANTIC, LLC",MARK MCKELVEY,Permit Issued,540798078,10017,40.755257,-73.977477,105,4,1012820021,94,Midtown-Times Square,,
M01085123-S2,M01085123-S2-FN,1,Initial Permit,311,EAST   52 STREET,MANHATTAN,107,1039820,1345,106,Open Space,Construction Fence,GC,625918,HECTOR,CAJAMARCA,HBC REMODELING CORP,4555 39TH PLACE,MARTHA,CHIRIBOGA,ORION PLUMBING & HEATING CORP,2026-01-01T00:00:00.000,2026-01-28T00:00:00.000,2026-12-21T05:00:00.000,"FILING FOR A CONSTRUCTION FENCE TO SAFEGUARD THE PROPERTY DURING CONSTRUCTION & INSTALLATION OF TEMPORARY PIPE SCAFFOLD AS PER PLANS. NO CHANGE IN USE, EGRESS, OR OCCUPANCY.",13000,TAWAU LLC,JOHN GIBBONS,Permit Issued,918996267,10022,40.755903,-73.967038,106,4,1013450107,98,East Midtown-Turtle Bay,,
M01162082-S1,M01162082-S1-SF,1,Initial Permit,370,LEXINGTON AVENUE,MANHATTAN,58,1036150,1295,105,Open Space,Supported Scaffold,GC,026349,MOHINDER,SINGH,J.K.CONSTRUCTION NEW YORK,305 MINEOLA BLVD,,,,2025-04-02T00:00:00.000,2025-04-02T00:00:00.000,2026-04-02T04:00:00.000,INSTALL MEDIUM  DUTY SCAFFOLDING AS PER PLANS.  PIPE  SCAFFOLDING SHALL COMPLY WITH CHAPTER 33 OF THE 2022 NYC BUILDING CODE.,9500,J.K. CONSTRUCTION NY INC,MOHINDER SINGH,Permit Issued,895715012,10017,40.750514,-73.976739,105,4,1012950058,80,Murray Hill-Kips Bay,,
M00934127-S1,M00934127-S1-SH,2,Renewal Permit Without Changes,360,PARK AVENUE SOUTH,MANHATTAN,24,1016748,855,105,"Open Space, Sidewalk",Sidewalk Shed,GC,018914,PHILIP,SUSI,ARSENAL SCAFFOLD INC,95 JERSEY STREET,,,,2024-06-18T00:00:00.000,2025-06-04T00:00:00.000,2026-04-01T00:00:00.000,"Installation of sidewalk shed as per plan and in accordance with Chapter 33 of NYC Building Code. No change in use, egress, or occupancy",2500,BOSTON PROPERTIES,Patrick Cooper,Signed-off,390262499,10010,40.741809,-73.985193,105,2,1008550024,56,Midtown South-Flatiron-Union Square,,
M01185717-I1,M01185717-I1-SC,2,Renewal Permit Without Changes,39,WEST   37 STREET,MANHATTAN,16,1015961,839,105,,Suspended Scaffold,R,006104,STEVE,MARKU,COLGATE RESTORATION CORP,147 28TH STREET,ALDI,DILO,"Rigid Structural Design, LLC",2025-03-10T00:00:00.000,2026-03-10T00:00:00.000,2027-03-08T00:00:00.000,Installation of a suspended scaffold for facade inspection only as per plan submitted.,0,WALTER & SAMUELS INC.,,Permit Issued,599766809,10018,40.750922,-73.984527,105,4,1008390016,84,Midtown-Times Square,,
M01226447-I1,M01226447-I1-SF,1,Initial Permit,50,MADISON AVENUE,MANHATTAN,7501,1087100,856,105,Facade,Supported Scaffold,GC,620254,PRABHJIT,SINGH,PLATINUM SERVICES NY LLC,53-28 11TH STREET 2ND FL,,,,2025-05-19T00:00:00.000,2025-05-19T00:00:00.000,2026-05-19T04:00:00.000,"PROPOSED INSTALLATION OF TEMPORARY PIPE SCAFFOLD AS PER PLANS. WORK SHALL COMPLY WITH CHAPTER #33 OF 2022 THE NYC BUILDING CODE. NO CHANGE IN USE, OCCUPANCY, OR EGRESS UNDER THIS APPLICATION.",1000,PLATINUM SERVICES NY LLC,PRABHJIT SINGH,Permit Issued,230906448,10010,40.742992,-73.986449,105,3,1008567501,56,Midtown South-Flatiron-Union Square,,
M01004415-I1,M01004415-I1-SH,3,Renewal Permit with Changes,314,EAST   41 STREET,Manhattan,42,1080449,1333,106,Sidewalk,Sidewalk Shed,GC,620254,PRABHJIT,SINGH,PLATINUM SERVICES NY LLC,53-28 11TH STREET 2ND FL,RAMANI,MARIAPPAN,ROYAL EXPEDITING,2024-02-27T00:00:00.000,2026-02-20T00:00:00.000,2026-05-21T04:00:00.000,"INSTALLATION OF 300PSF SIDEWALK SHED PER PLANS. SIDEWALK SHED SHALL COMPLY WITH CHAPTER # 33 OF THE NYC CODE 2022, NO CHANGES IN USE EGRESS OR OCCUPANCY UNDER THIS APPLICATION.",5000,PLATINUM SERVICES NY LLC,MANDIP KAUR,Permit Issued,281757149,10017,40.748888,-73.97208,106,4,1013330042,88,Murray Hill-Kips Bay,,
M00003244-I1,M00003244-I1-SH,11,Renewal Permit Without Changes,152,MADISON AVENUE,Manhattan,16,1017012,862,105,Open Space 000 through 000,Sidewalk Shed,GC,623088,RENE,NUNEZ,ANDAMIO SCAFFOLDING LLC,20 BURLING LANE (BOX 4-1),RAMANI,MARIAPPAN,ROYAL EXPEDITING,2017-12-04T00:00:00.000,2026-03-02T00:00:00.000,2026-05-31T04:00:00.000,"INSTALLATION OF HEAVY DUTY SIDEWALK SHED AS PER PLANS. NO CHANGE IN USE, EGRESS OR OCCUPANCY.",1,,RAMIN SARRAF,Permit Issued,285871296,10016,40.746574,-73.983839,105,4,1008620016,74,Midtown South-Flatiron-Union Square,,
M01362890-S1,M01362890-S1-SH,1,Initial Permit,419,PARK AVENUE SOUTH,Manhattan,84,1018236,884,105,Open Space,Sidewalk Shed,GC,001982,JERIMIAH,HARRINGTON,ROCKLEDGE SCAFFOLD CORP,808 NEPPERHAN AVENUE,JEEWAN,ITWARIE,A1 EXPEDITING SERVICE CORP.,2026-03-20T00:00:00.000,2026-03-20T00:00:00.000,2026-06-18T04:00:00.000,"HEAVY DUTY SIDEWALK SHED DURING BUILDING CONVERSION FILED UNDER APPLICATION # M01223041, SIDEWALK SHED SHALL COMPLY WITH CH #33 OF THE NYC BC. NO CHANGE IN USE, OCCUPANCY OR EGRESS UNDER THIS APPLICATION.",3000,Not Applicable,Ofer Stark,Permit Issued,893920575,10016,40.743703,-73.983789,105,2,1008840084,72,Murray Hill-Kips Bay,,
M01366948-I1,M01366948-I1-SC,1,Initial Permit,265,MADISON AVENUE,MANHATTAN,24,1017591,869,106,,Suspended Scaffold,R,005370,ANTONIOS,MAMOUNAS,TOWER SERVICES INC,38-60 REVIEW AVENUE,ELY,SEPULVEDA,AE DESIGN SOLUTION INC.,2026-03-06T00:00:00.000,2026-03-10T00:00:00.000,2027-02-20T00:00:00.000,Installation of suspended scaffold for facade work or inspection.,0,"1040 AVENUE OF THE AMERICAS, LLC",,Permit Issued,351598327,10016,40.750866,-73.980319,106,4,1008690024,82,Midtown-Times Square,,
M00898942-I1,M00898942-I1-SF,3,Renewal Permit Without Changes,40,WEST   40 STREET,Manhattan,71,1080745,841,105,Facade,Supported Scaffold,GC,623088,RENE,NUNEZ,ANDAMIO SCAFFOLDING LLC,20 BURLING LANE (BOX 4-1),,,,2023-07-10T00:00:00.000,2025-06-26T00:00:00.000,2026-06-26T04:00:00.000,"PROPOSED INSTALLATION OF TEMPORARY PIPE SCAFFOLD AS PER PLANS. WORK SHALL COMPLY WITH CHAPTER #33 OF THE NYC BUILDING CODE. NO CHANGE IN USE, OCCUPANCY, OR EGRESS UNDER THIS APPLICATION.",1000,BRYANT PARK HOTEL,PHILIP BRYANT PARK LLC,Signed-off,405208161,10018,40.753046,-73.983859,105,4,1008410071,84,Midtown-Times Square,,
M01098778-I1,M01098778-I1-SH,2,Renewal Permit Without Changes,151,EAST   28 STREET,MANHATTAN,30,1018216,884,106,Sidewalk,Supported Scaffold,GC,620022,EDWARD,KELLY,CONSOLIDATED SCAFFOLDING,20 PARK ROAD,,,,2024-09-03T00:00:00.000,2025-09-26T00:00:00.000,2026-06-26T00:00:00.000,"TEMPORARY INSTALLATION OF A SIDEWALK SHED AND PIPE SCAFFOLD AS PER DRAWINGS DURING GENERAL CONSTRUCTION WORK . NO CHANGE IN USE, EGRESS, AND OCCUPANCY. SIDEWALK SHED AND PIPE SCAFFOLD TO COMPLY WITH CHAPTER 33 OF THE NYC BUILDING CODE OF 2022.",5000,CONSOLIDATED SCAFFOLDING INC.,TOM BOWES,Signed-off,759144786,10016,40.742481,-73.982046,106,2,1008840030,72,Murray Hill-Kips Bay,,J
M01235693-I1,M01235693-I1-SC,1,Initial Permit,333,EAST   53 STREET,MANHATTAN,14,1039834,1346,106,,Suspended Scaffold,R,006294,MAREK,BALABAN,M & A PROJECTS INC,18 DIVISION PLACE,HANCE,MERCEDES,SYNERGY BUILDING CONSULTANTS,2025-06-04T00:00:00.000,2025-06-04T00:00:00.000,2026-06-04T04:00:00.000,Installation of suspended scaffold for facade inspection/repair.,0,ORSID NEW YORK,,Signed-off,490753507,10022,40.756432,-73.966352,106,4,1013460014,98,East Midtown-Turtle Bay,,
M00804734-I1,M00804734-I1-SH,4,Renewal Permit Without Changes,23,WEST   35 STREET,MANHATTAN,28,1015894,837,105,Sidewalk,Sidewalk Shed,GC,620254,MANDIP,KAUR,PLATINUM SERVICES NY LLC,53-28 11TH STREET 2ND FL,RAMANI,MARIAPPAN,ROYAL EXPEDITING,2023-01-04T00:00:00.000,2025-12-08T00:00:00.000,2026-09-29T00:00:00.000,"INSTALLATION OF 300 psf SIDEWALK SHED AS PER PLANS. SIDEWALK SHED SHALL COMPLY WITH CHAPTER #33 OF THE NYC CODE. NO CHANGE IN USE, EGRESS OR OCCUPANCY UNDER THIS APPLICATION.",5000,PLATINUM SERVICES NY LLC,MANDIP KAUR,Permit Issued,123911991,10001,40.749544,-73.985109,105,4,1008370028,84,Midtown-Times Square,,
M00891033-I1,M00891033-I1-SF,3,Renewal Permit Without Changes,245,EAST   35 STREET,MANHATTAN,23,1020185,916,106,"Open Space, Roof, Roof Terrace 001 through 013",Supported Scaffold,GC,035835,PATRICK,MCDONOUGHN,VMMA CONSTRUCTION LLC,330 EAST 38TH STREET APT 43E,ELY,SEPULVEDA,AE DESIGN SOLUTION INC.,2023-07-06T00:00:00.000,2025-06-06T00:00:00.000,2026-06-03T04:00:00.000,"INSTALLATION OF TEMPORARY PIPE SCAFFOLD AS PER PLANS. NO CHANGE IN USE, EGRESS OR OCCUPANCY.",1,"ALEXANDER WOLF & COMPANY, INC.",JOHN WOLF,Permit Issued,932496586,10016,40.745867,-73.976376,106,4,1009160023,78,Murray Hill-Kips Bay,,
M01098778-I1,M01098778-I1-SF,2,Renewal Permit Without Changes,151,EAST   28 STREET,MANHATTAN,30,1018216,884,106,Floor Number(s) 1 through 4,Supported Scaffold,GC,620022,EDWARD,KELLY,CONSOLIDATED SCAFFOLDING,20 PARK ROAD,,,,2024-09-03T00:00:00.000,2025-09-26T00:00:00.000,2026-06-26T00:00:00.000,"TEMPORARY INSTALLATION OF A SIDEWALK SHED AND PIPE SCAFFOLD AS PER DRAWINGS DURING GENERAL CONSTRUCTION WORK . NO CHANGE IN USE, EGRESS, AND OCCUPANCY. SIDEWALK SHED AND PIPE SCAFFOLD TO COMPLY WITH CHAPTER 33 OF THE NYC BUILDING CODE OF 2022.",5000,CONSOLIDATED SCAFFOLDING INC.,TOM BOWES,Signed-off,785640702,10016,40.742481,-73.982046,106,2,1008840030,72,Murray Hill-Kips Bay,,J
M01040601-I1,M01040601-I1-FN,2,Renewal Permit Without Changes,575,5 AVENUE,MANHATTAN,7501,1035407,1282,105,Floor Number(s) 1 through 1,Construction Fence,GC,002920,DANIEL S.,BERNSTEIN,A.W. & S. CONSTRUCTION CO,211 EAST 43RD STREET 21ST FL,,,,2024-04-26T00:00:00.000,2025-06-26T00:00:00.000,2026-06-26T00:00:00.000,"INSTALLATION OF TEMPORARY CONSTRUCTION FENCE IN SUPPORT OF DEMOLITION OF AN EXISTING MARQUEE AS SHOWN ON DRAWINGS. NO CHANGE TO USE, EGRESS OR OCCUPANCY",498000,"CBRE, INC.",JEAWAN PERSAUD,Signed-off,586265324,10017,40.756369,-73.978765,105,4,1012827501,94,Midtown-Times Square,,
M01067408-I1,M01067408-I1-FN,2,Renewal Permit Without Changes,215,EAST   45 STREET,Manhattan,8,1071616,1319,106,Open Space,Construction Fence,GC,624455,ALPHONSE,LEMBO,MONADNOCK GEN'L CONT INC,"240 HUNTINGTON STREET, 3RD FL",PETER,NATAPOV,JM ZONING LLC,2024-07-05T00:00:00.000,2025-06-10T00:00:00.000,2026-06-10T04:00:00.000,TEMPORARY CONSTRUCTION FENCE  BEYOND CURB LINE FILED IN CONJUNCTION WITH NB#121253785,1000,NEW PROVIDENCE SUPPORTIVE HDFC,PAUL WOODY,Signed-off,998869061,10017,40.752465,-73.972479,106,4,1013197505,90,East Midtown-Turtle Bay,,M
M00804727-I1,M00804727-I1-SH,4,Renewal Permit Without Changes,25,WEST   35 STREET,MANHATTAN,27,1015893,837,105,Sidewalk,Sidewalk Shed,GC,620254,MANDIP,KAUR,PLATINUM SERVICES NY LLC,53-28 11TH STREET 2ND FL,RAMANI,MARIAPPAN,ROYAL EXPEDITING,2023-01-04T00:00:00.000,2025-12-08T00:00:00.000,2026-09-29T00:00:00.000,"INSTALLATION OF 300 psf SIDEWALK SHED AS PER PLANS. SIDEWALK SHED SHALL COMPLY WITH CHAPTER #33 OF THE NYC CODE. NO CHANGE IN USE, EGRESS OR OCCUPANCY UNDER THIS APPLICATION.",5000,PLATINUM SERVICES NY LLC,MANDIP KAUR,Permit Issued,767323182,10001,40.749566,-73.985163,105,4,1008370027,84,Midtown-Times Square,,
M01237771-S1,M01237771-S1-SH,1,Initial Permit,404,5 AVENUE,MANHATTAN,48,1015938,838,105,Open Space,Sidewalk Shed,GC,625013,LIZA,BERROSPI,GURNOOR CONSTRUCTION CORP,154-12 ROCKAWAY BLVD,HARPREET,SINGH,S&J ENGINEERS PLLC,2025-08-28T00:00:00.000,2025-08-28T00:00:00.000,2026-08-28T04:00:00.000,"INSTALLATION OF HEAVY DUTY SIDEWALK SHED AND SUPPORTED SCAFFOLDING AS PER PLANS. NO CHANGE IN USE, EGRESS OR OCCUPANCY UNDER THIS APPLICATION. WORK SHALL COMPLY WITH CH. 33 OF THE 2022 BUILDING CODE.",5000,GURNOOR CONSTRUCTION CORP,LIZA BERROSPI,Signed-off,913443138,10018,40.750109,-73.983355,105,4,1008380048,84,Midtown-Times Square,,
M01310287-I1,M01310287-I1-SF,1,Initial Permit,327,EAST   34 STREET,MANHATTAN,17,1021902,940,106,"Facade, Open Space",Supported Scaffold,GC,603235,CHARLES,TALISSE,CS BRIDGE CORP,1470 BRUCKNER BLVD,,,,2025-10-30T00:00:00.000,2025-10-30T00:00:00.000,2026-10-30T04:00:00.000,"Installation of temporary supported scaffold per plan submitted. Work shall comply with 2022 building codes chapter 33. No change in use, egress and/or occupancy with this application.",1,Malex 327 LLC,Maria Caiola,Permit Issued,470809668,10016,40.744344,-73.974817,106,4,1009400017,78,Murray Hill-Kips Bay,,
M01237771-S1,M01237771-S1-SH,1,Initial Permit,404,5 AVENUE,MANHATTAN,48,1015938,838,105,Open Space,Supported Scaffold,GC,625013,LIZA,BERROSPI,GURNOOR CONSTRUCTION CORP,154-12 ROCKAWAY BLVD,HARPREET,SINGH,S&J ENGINEERS PLLC,2025-08-28T00:00:00.000,2025-08-28T00:00:00.000,2026-08-28T04:00:00.000,"INSTALLATION OF HEAVY DUTY SIDEWALK SHED AND SUPPORTED SCAFFOLDING AS PER PLANS. NO CHANGE IN USE, EGRESS OR OCCUPANCY UNDER THIS APPLICATION. WORK SHALL COMPLY WITH CH. 33 OF THE 2022 BUILDING CODE.",5000,GURNOOR CONSTRUCTION CORP,LIZA BERROSPI,Signed-off,913443138,10018,40.750109,-73.983355,105,4,1008380048,84,Midtown-Times Square,,
M01098778-I1,M01098778-I1-SF,2,Renewal Permit Without Changes,151,EAST   28 STREET,MANHATTAN,30,1018216,884,106,Floor Number(s) 1 through 4,Sidewalk Shed,GC,620022,EDWARD,KELLY,CONSOLIDATED SCAFFOLDING,20 PARK ROAD,,,,2024-09-03T00:00:00.000,2025-09-26T00:00:00.000,2026-06-26T00:00:00.000,"TEMPORARY INSTALLATION OF A SIDEWALK SHED AND PIPE SCAFFOLD AS PER DRAWINGS DURING GENERAL CONSTRUCTION WORK . NO CHANGE IN USE, EGRESS, AND OCCUPANCY. SIDEWALK SHED AND PIPE SCAFFOLD TO COMPLY WITH CHAPTER 33 OF THE NYC BUILDING CODE OF 2022.",5000,CONSOLIDATED SCAFFOLDING INC.,TOM BOWES,Signed-off,785640702,10016,40.742481,-73.982046,106,2,1008840030,72,Murray Hill-Kips Bay,,J
M01237771-S1,M01237771-S1-SF,1,Initial Permit,404,5 AVENUE,MANHATTAN,48,1015938,838,105,Open Space,Supported Scaffold,GC,625013,LIZA,BERROSPI,GURNOOR CONSTRUCTION CORP,154-12 ROCKAWAY BLVD,HARPREET,SINGH,S&J ENGINEERS PLLC,2025-08-28T00:00:00.000,2025-08-28T00:00:00.000,2026-08-28T04:00:00.000,"INSTALLATION OF HEAVY DUTY SIDEWALK SHED AND SUPPORTED SCAFFOLDING AS PER PLANS. NO CHANGE IN USE, EGRESS OR OCCUPANCY UNDER THIS APPLICATION. WORK SHALL COMPLY WITH CH. 33 OF THE 2022 BUILDING CODE.",5000,GURNOOR CONSTRUCTION CORP,LIZA BERROSPI,Signed-off,514934449,10018,40.750109,-73.983355,105,4,1008380048,84,Midtown-Times Square,,
M01211665-I1,M01211665-I1-SC,2,Renewal Permit Without Changes,1114,6 AVENUE,MANHATTAN,9,1034196,1258,105,,Suspended Scaffold,R,005633,BENJAMIN,RUSI,BENJAMIN MAINTENANCE,104 22ND STREET,ELY,SEPULVEDA,AE DESIGN SOLUTION INC.,2025-04-18T00:00:00.000,2025-12-30T00:00:00.000,2026-12-30T05:00:00.000,"Installation of suspended scaffold for facade work and/or inspection.  Amend #2, added scaffold drops",0,BROOKFIELD PROPERTIES,,Permit Issued,735690713,10036,40.755234,-73.983819,105,4,1012580009,96,Midtown-Times Square,,
M01237771-S1,M01237771-S1-SF,1,Initial Permit,404,5 AVENUE,MANHATTAN,48,1015938,838,105,Open Space,Sidewalk Shed,GC,625013,LIZA,BERROSPI,GURNOOR CONSTRUCTION CORP,154-12 ROCKAWAY BLVD,HARPREET,SINGH,S&J ENGINEERS PLLC,2025-08-28T00:00:00.000,2025-08-28T00:00:00.000,2026-08-28T04:00:00.000,"INSTALLATION OF HEAVY DUTY SIDEWALK SHED AND SUPPORTED SCAFFOLDING AS PER PLANS. NO CHANGE IN USE, EGRESS OR OCCUPANCY UNDER THIS APPLICATION. WORK SHALL COMPLY WITH CH. 33 OF THE 2022 BUILDING CODE.",5000,GURNOOR CONSTRUCTION CORP,LIZA BERROSPI,Signed-off,514934449,10018,40.750109,-73.983355,105,4,1008380048,84,Midtown-Times Square,,
M01205919-I1,M01205919-I1-SC,1,Initial Permit,19,WEST   44 STREET,MANHATTAN,24,1034224,1260,105,,Suspended Scaffold,R,006425,JOHN,PAPADA,RALLY RESTORATION CORP,5 PENN PLAZA 19TH FL,SELMA,GEZLEV,LOMBARDO BUILDING CONSULTANTS,2025-04-16T00:00:00.000,2025-04-17T00:00:00.000,2026-04-17T04:00:00.000,APPLICATION FOR THE INSTALLATION AND USE OF SUSPENDED SCAFFOLD FOR FACADE REPAIR AND INSPECTION.,0,CUSHMAN WAKEFIELD,,Signed-off,750707844,10036,40.755167,-73.98083,105,4,1012600024,96,Midtown-Times Square,,D
M01383546-I1,M01383546-I1-SF,1,Initial Permit,2,GRAND CENTRAL TOWER,MANHATTAN,27,1036176,1299,106,Open Space,Supported Scaffold,GC,602114,JOSEPH,CERINA,CEPRINE CONSTRUCTION INC,41-08 BERRIAN BLVD,ALDI,DILO,"Rigid Structural Design, LLC",2026-04-17T00:00:00.000,2026-04-17T00:00:00.000,2026-09-21T00:00:00.000,"Installation of a temporarily supported scaffold per plan submitted. Work shall comply with 2022 building codes chapter 33. No change in use, egress and/or occupancy with this application.",2500,"2GC OWNERS, LLC",GABRIEL HUTTNER,Permit Issued,377657760,10017,40.753157,-73.974172,106,4,1012990027,92,East Midtown-Turtle Bay,,
M00858787-I1,M00858787-I1-SF,5,Renewal Permit Without Changes,122,EAST   42 STREET,MANHATTAN,14,1036152,1296,105,"Floor Number(s) 052 through 055, Open Space, Roof",Supported Scaffold,GC,032892,ILIRJAN,RUSI,BENJAMIN GROUP ENTERPRIS,104 22ND STEET,ELY,SEPULVEDA,AE DESIGN SOLUTION INC.,2023-05-17T00:00:00.000,2025-12-26T00:00:00.000,2026-12-26T05:00:00.000,"INSTALLATION OF TEMPORARY PIPE SCAFFOLD AS PER PLANS. NO CHANGE IN USE, EGRESS OR OCCUPANCY.",1,"122 EAST 42ND ST., LLC.",DAVID KRAMER,Permit Issued,782757896,10168,40.751601,-73.97645,105,4,1012960014,80,Murray Hill-Kips Bay,,
M01060922-S1,M01060922-S1-SF,2,Renewal Permit Without Changes,347,5 AVENUE,MANHATTAN,4,1017075,863,105,Open Space,Supported Scaffold,GC,621959,HANSEL,GONZALEZ,AVARGA CONSTRUCTION CORP,505 8TH AVENUE STE 12A-04,JOSE,EVANGELISTA,"JME BUILDING CONSULTING, LLC",2025-07-21T00:00:00.000,2026-03-27T00:00:00.000,2027-03-24T04:00:00.000,"Installation and use of Temporary Pipe Scaffold equipment as per plans filed herewith. No change to use, egress or occupancy under this application.",1000,Avarga Construction Corp.,HANSEL GONZALEZ,Permit Issued,590997232,10016,40.748023,-73.984849,105,4,1008630004,74,Midtown South-Flatiron-Union Square,,J
M01362297-I1,M01362297-I1-FN,1,Initial Permit,28,WEST   37 STREET,MANHATTAN,66,1088178,838,105,Open Space,Construction Fence,GC,612137,DANIEL,CHIRILA,DYNAMIC HOISTING SCAFF IN,4330 48TH STREET APT 1B,ALDI,DILO,"Rigid Structural Design, LLC",2026-02-20T00:00:00.000,2026-03-05T00:00:00.000,2026-12-19T05:00:00.000,"Installation of a temporary construction fence per plan submitted. Work shall comply with 2022 building codes chapter 33. No change in use, egress and/or occupancy with this application.",2500,DYNAMIC HOISTING SCAFFOLDING,DANIEL CHIRILA,Permit Issued,822047253,10018,40.750796,-73.984275,105,4,1008380066,84,Midtown-Times Square,,
M01098778-I1,M01098778-I1-SH,2,Renewal Permit Without Changes,151,EAST   28 STREET,MANHATTAN,30,1018216,884,106,Sidewalk,Sidewalk Shed,GC,620022,EDWARD,KELLY,CONSOLIDATED SCAFFOLDING,20 PARK ROAD,,,,2024-09-03T00:00:00.000,2025-09-26T00:00:00.000,2026-06-26T00:00:00.000,"TEMPORARY INSTALLATION OF A SIDEWALK SHED AND PIPE SCAFFOLD AS PER DRAWINGS DURING GENERAL CONSTRUCTION WORK . NO CHANGE IN USE, EGRESS, AND OCCUPANCY. SIDEWALK SHED AND PIPE SCAFFOLD TO COMPLY WITH CHAPTER 33 OF THE NYC BUILDING CODE OF 2022.",5000,CONSOLIDATED SCAFFOLDING INC.,TOM BOWES,Signed-off,759144786,10016,40.742481,-73.982046,106,2,1008840030,72,Murray Hill-Kips Bay,,J
M01210439-I1,M01210439-I1-SC,2,Renewal Permit Without Changes,185,MADISON AVENUE,Manhattan,25,1017098,864,106,,Suspended Scaffold,R,005489,TAHIR,BHUTTA,SASCO CONSTRUCTION SVC LL,"444 CONEY ISLAND AVE., 2ND FL",HANCE,MERCEDES,SYNERGY BUILDING CONSULTANTS,2025-04-18T00:00:00.000,2026-04-23T00:00:00.000,2026-10-04T04:00:00.000,Installation of suspended scaffold for facade inspection/repair.,0,PR,,Permit Issued,447838827,10016,40.747861,-73.982875,106,4,1008640025,74,Midtown South-Flatiron-Union Square,,
M01096067-I1,M01096067-I1-SH,2,Renewal Permit Without Changes,172,MADISON AVENUE,Manhattan,7502,1089701,863,105,Open Space,Sidewalk Shed,GC,028542,PAUL,GROSMAN,POWERS BRIDGING & SCAFFOL,211 COOK STREET,ELY,SEPULVEDA,AE DESIGN SOLUTION INC.,2024-08-26T00:00:00.000,2025-08-20T00:00:00.000,2026-08-20T04:00:00.000,"INSTALLATION OF TEMPORARY SIDEWALK SHED AS PER PLANS. NO CHANGE IN USE, EGRESS OR OCCUPANCY.",1,PR,DANIEL BEKTESHI,Permit Issued,135429265,10016,40.747203,-73.983381,105,4,1008637502,74,Midtown South-Flatiron-Union Square,,
M01004467-I1,M01004467-I1-SC,3,Renewal Permit with Changes,122,EAST   42 STREET,MANHATTAN,14,1036152,1296,105,,Suspended Scaffold,R,005633,BENJAMIN,RUSI,BENJAMIN MAINTENANCE,104 22ND STREET,ELY,SEPULVEDA,AE DESIGN SOLUTION INC.,2024-02-14T00:00:00.000,2025-12-30T00:00:00.000,2026-12-30T05:00:00.000,Installation of suspended scaffold for facade work and/or inspection. Amend 1 added hoist,0,"122 EAST 42ND ST., LLC.",,Permit Issued,748830687,10168,40.751601,-73.97645,105,4,1012960014,80,Murray Hill-Kips Bay,,
M01292242-I1,M01292242-I1-SF,1,Initial Permit,335,MADISON AVENUE,MANHATTAN,20,1035360,1278,105,Roof Terrace 8 through 9,Supported Scaffold,GC,038845,JOHN,KINGSTON,KING HOIST & SCAFFOLDING,337 KIMBALL AVENUE,Dennis,Hickey,N/A,2025-09-24T00:00:00.000,2025-09-24T00:00:00.000,2026-09-24T04:00:00.000,"INSTALLATION OF STEEL PIPE SCAFFOLDING AS PER PLANS. NO CHANGE IN EGRESS, USE, OR OCCUPANCY.",1000,KING HOIST AND SCAFFOLDING INC.,JOHN KINGSTON,Permit Issued,328528439,10017,40.753196,-73.977817,105,4,1012780020,94,Midtown-Times Square,J,
M01328338-I1,M01328338-I1-SH,1,Initial Permit,216,EAST   49 STREET,MANHATTAN,42,1038029,1322,106,Ground Floor,Sidewalk Shed,GC,617185,MANDEEP,KAUR,"JASCO, INC",130-48 INWOOD ST,,,,2025-12-04T00:00:00.000,2025-12-04T00:00:00.000,2026-09-05T00:00:00.000,"INSTALLATION OF 300PSF SIDEWALK SHED AND PIPE SCAFFOLDING AS PER PLANS. ALL EQUIPMENT SHALL COMPLY WITH CHAPTER #33 OF THE 2022 NYC BUILDING CODE. NO CHANGE IN USE, OCCUPANCY, OR EGRESS UNDER THIS APPLICATION.",19000,"JASCO, INC",MANDEEP KAUR,Signed-off,767860545,10017,40.754937,-73.97063,106,4,1013220042,90,East Midtown-Turtle Bay,,
M00942013-I1,M00942013-I1-FN,3,Renewal Permit Without Changes,125,LEXINGTON AVENUE,MANHATTAN,19,1091809,885,,Open Space,Construction Fence,GC,621481,ENNING,XU,345 MANAGEMENT GROUP INC,543 DEKALB AVENUE UNIT 2A,DAVID,OHANA,JM ZONING,2023-10-05T00:00:00.000,2025-10-22T00:00:00.000,2026-10-22T04:00:00.000,INSTALL 8' TEMPORARY FENCE,1000,IRVING AT DECATUR,IDAN MAGEN,Permit Issued,169850084,10016,40.743404,-73.98232,105,2,1008850019,72,Murray Hill-Kips Bay,,
M01215322-I1,M01215322-I1-SF,1,Initial Permit,7,WEST   43 STREET,MANHATTAN,29,1034208,1259,105,Facade,Supported Scaffold,GC,623088,RENE,NUNEZ,ANDAMIO SCAFFOLDING LLC,20 BURLING LANE (BOX 4-1),,,,2025-04-28T00:00:00.000,2025-04-28T00:00:00.000,2026-04-01T04:00:00.000,"PROPOSED INSTALLATION OF TEMPORARY PIPE SCAFFOLD AS PER PLANS. WORK SHALL COMPLY WITH CHAPTER #33 OF 2022 THE NYC BUILDING CODE. NO CHANGE IN USE, OCCUPANCY, OR EGRESS UNDER THIS APPLICATION.",1000,THE CENTURY ASSOCIATION,Christian potthoff,Signed-off,421732604,10036,40.754424,-73.981011,105,4,1012590029,96,Midtown-Times Square,,
M01238300-S3,M01238300-S3-FN,1,Initial Permit,416,3 AVENUE,MANHATTAN,42,1018263,885,106,Open Space,Construction Fence,GC,626264,SAM,YIN,KALE CONSTRUCTION INC,145-12 24 AVE,,,,2026-01-13T00:00:00.000,2026-01-14T00:00:00.000,2026-10-18T00:00:00.000,PROPOSED TEMPORARY CONSTRUCTION WOOD FENCE.,5000,PR,Scott Wickers,Permit Issued,712779986,10016,40.742684,-73.980354,106,2,1008850042,72,Murray Hill-Kips Bay,,
M01136256-I1,M01136256-I1-SC,5,Renewal Permit Without Changes,155,EAST   34 STREET,MANHATTAN,7501,1018549,890,106,,Suspended Scaffold,R,005370,ANTONIOS,MAMOUNAS,TOWER SERVICES INC,38-60 REVIEW AVENUE,ELY,SEPULVEDA,AE DESIGN SOLUTION INC.,2024-11-14T00:00:00.000,2026-03-12T00:00:00.000,2027-02-20T00:00:00.000,Installation of suspended scaffold for facade work or inspection,0,MAXWELL-KATES INC.,John Hackett,Permit Issued,637858047,10016,40.745964,-73.97796,106,4,1008907501,72,Murray Hill-Kips Bay,,
M01120861-I1,M01120861-I1-FN,2,Renewal Permit Without Changes,211,EAST   38 STREET,MANHATTAN,9,1020353,919,106,Open Space,Construction Fence,GC,002689,TOBY,"ROMANO, JR",BREEZE NATIONAL INC,843 S.OCEAN AVENUE,JEEWAN,ITWARIE,A1 EXPEDITING SERVICE CORP.,2024-10-15T00:00:00.000,2025-05-19T00:00:00.000,2026-05-19T04:00:00.000,"CONSTRUCTION FENCE AS PER DRAWINGS DURING BLDG DEMOLITION, FILED SEP. CONSTRUCTION FENCE SHALL COMPLY WITH CH #33 OF THE NYC BC. NO CHANGE IN USE, OCCUPANCY OR EGRESS UNDER THIS APPLICATION.",2000,BLDG MANAGEMENT,Lloyd Goldman,Permit Issued,513103967,10016,40.748041,-73.975776,106,4,1009190009,78,Murray Hill-Kips Bay,,
M01120836-I1,M01120836-I1-FN,2,Renewal Permit Without Changes,205,EAST   38 STREET,MANHATTAN,6,1020352,919,106,Open Space,Construction Fence,GC,002689,TOBY,"ROMANO, JR",BREEZE NATIONAL INC,843 S.OCEAN AVENUE,JEEWAN,ITWARIE,A1 EXPEDITING SERVICE CORP.,2024-10-15T00:00:00.000,2025-05-19T00:00:00.000,2026-05-19T04:00:00.000,"CONSTRUCTION FENCE AS PER DRAWINGS DURING BLDG DEMOLITION, FILED SEP. CONSTRUCTION FENCE SHALL COMPLY WITH CH #33 OF THE NYC BC. NO CHANGE IN USE, OCCUPANCY OR EGRESS UNDER THIS APPLICATION.",2000,BLDG MANAGEMENT,Lloyd Goldman,Permit Issued,865960287,10016,40.748134,-73.976003,106,4,1009190006,78,Murray Hill-Kips Bay,,
M01059988-I1,M01059988-I1-SC,2,Renewal Permit Without Changes,424,EAST   34 STREET,MANHATTAN,7501,1090574,962,106,,Suspended Scaffold,R,006529,VERONIKA,SIKORSKI,ELM SUSPENSION SYSTEMS,37-01 VERNON BLVD,,,,2024-06-07T00:00:00.000,2025-09-25T00:00:00.000,2026-09-25T04:00:00.000,INSTALLATION OF TEMPORARY MATERIAL HOIST WITH COUNTERWEIGHT SYSTEM.,0,NYU LANGONE MEDICAL CENTER,,Permit Issued,684463238,10016,40.743696,-73.97332,106,4,1009627501,62,Murray Hill-Kips Bay,,
M01360122-I1,M01360122-I1-SH,1,Initial Permit,221,EAST   33 STREET,MANHATTAN,11,1020111,914,106,Ground Floor,Sidewalk Shed,GC,626129,PARAMJIT,KAUR,TITAN SERVICES USA INC,10958 134TH ST,,,,2026-02-18T00:00:00.000,2026-02-19T00:00:00.000,2026-05-20T04:00:00.000,"INSTALLATION OF 300PSF SIDEWALK SHED AS PER PLANS. ALL EQUIPMENT SHALL COMPLY WITH CH #33 OF THE NYC CODE 2022. NO CHANGE IN USE, OCCUPANCY OR EGRESS UNDER THIS APPLICATION.",9000,TITAN SERVICES USA INC.,PARAMJIT KAUR,Permit Issued,836086068,10016,40.744784,-73.977943,106,4,1009140011,7002,Murray Hill-Kips Bay,,
M01374141-I1,M01374141-I1-SH,1,Initial Permit,517,LEXINGTON AVENUE,MANHATTAN,7502,1090523,1303,106,Sidewalk,Sidewalk Shed,GC,027194,MATTHEW,CARUSO,EXTERIOR WALL & BUILDING,72 WHITEHALL STREET,,,,2026-03-18T00:00:00.000,2026-03-18T00:00:00.000,2026-05-22T04:00:00.000,"INSTALLATION OF 300 PSF SIDEWALK SHED AS PER PLANS. ALL EQUIPMENT SHALL COMPLY WITH CHAPTER #33 OF THE 2022 CODE. NO CHANGE IN USE, EGRESS OR OCCUPANCY UNDER THIS APPLICATION.",50000,HOLIDAY INN EXPRESS CHELSEA,Juan Aguilar,Signed-off,470199345,10017,40.755108,-73.972936,106,4,1013037502,92,East Midtown-Turtle Bay,,
M01120872-I1,M01120872-I1-FN,2,Renewal Permit Without Changes,213,EAST   38 STREET,MANHATTAN,10,1020354,919,106,Open Space,Construction Fence,GC,002689,TOBY,"ROMANO, JR",BREEZE NATIONAL INC,843 S.OCEAN AVENUE,JEEWAN,ITWARIE,A1 EXPEDITING SERVICE CORP.,2024-10-15T00:00:00.000,2025-05-19T00:00:00.000,2026-05-19T04:00:00.000,"CONSTRUCTION FENCE AS PER DRAWINGS DURING BLDG DEMOLITION, FILED SEP. CONSTRUCTION FENCE SHALL COMPLY WITH CH #33 OF THE NYC BC. NO CHANGE IN USE, OCCUPANCY OR EGRESS UNDER THIS APPLICATION.",2000,BLDG MANAGEMENT,Lloyd Goldman,Permit Issued,299123466,10016,40.748008,-73.9757,106,4,1009190010,78,Murray Hill-Kips Bay,,
M01328338-I1,M01328338-I1-SH,1,Initial Permit,216,EAST   49 STREET,MANHATTAN,42,1038029,1322,106,Ground Floor,Supported Scaffold,GC,617185,MANDEEP,KAUR,"JASCO, INC",130-48 INWOOD ST,,,,2025-12-04T00:00:00.000,2025-12-04T00:00:00.000,2026-09-05T00:00:00.000,"INSTALLATION OF 300PSF SIDEWALK SHED AND PIPE SCAFFOLDING AS PER PLANS. ALL EQUIPMENT SHALL COMPLY WITH CHAPTER #33 OF THE 2022 NYC BUILDING CODE. NO CHANGE IN USE, OCCUPANCY, OR EGRESS UNDER THIS APPLICATION.",19000,"JASCO, INC",MANDEEP KAUR,Signed-off,767860545,10017,40.754937,-73.97063,106,4,1013220042,90,East Midtown-Turtle Bay,,
M01222276-I1,M01222276-I1-SC,1,Initial Permit,3,EAST   43 STREET,MANHATTAN,8,1035356,1278,105,,Suspended Scaffold,R,005100,RICHARD,COHEN,FRAN-CO REMODELING CORP,1361 EAST BAY AVENUE,ROBERT,FAUERBACH,LOMBARDO BUILDING CONSULTANTS,2025-05-16T00:00:00.000,2025-05-16T00:00:00.000,2026-04-01T00:00:00.000,"Application for the installation and use of suspended scaffold as per plans filed herein. No change in egress, use, or occupancy.",0,BERKELEY COLLEGE,,Signed-off,395421234,10017,40.754014,-73.980033,105,4,1012780008,94,Midtown-Times Square,,
M01275080-I1,M01275080-I1-SC,1,Initial Permit,19,WEST   44 STREET,Manhattan,24,1034224,1260,105,,Suspended Scaffold,R,006425,JOHN,PAPADA,RALLY RESTORATION CORP,5 PENN PLAZA 19TH FL,ROBERT,FAUERBACH,LOMBARDO BUILDING CONSULTANTS,2025-08-21T00:00:00.000,2025-08-21T00:00:00.000,2026-08-21T04:00:00.000,"Application for the installation and use of suspended scaffold as per plans filed herein. No change in egress, use, or occupancy.",0,CUSHMAN WAKEFIELD,Andrew Lanzetta,Permit Issued,103782731,10036,40.755167,-73.98083,105,4,1012600024,96,Midtown-Times Square,,D
M01328338-I1,M01328338-I1-SF,1,Initial Permit,216,EAST   49 STREET,MANHATTAN,42,1038029,1322,106,Ground Floor,Supported Scaffold,GC,617185,MANDEEP,KAUR,"JASCO, INC",130-48 INWOOD ST,,,,2025-12-04T00:00:00.000,2025-12-04T00:00:00.000,2026-09-05T00:00:00.000,"INSTALLATION OF 300PSF SIDEWALK SHED AND PIPE SCAFFOLDING AS PER PLANS. ALL EQUIPMENT SHALL COMPLY WITH CHAPTER #33 OF THE 2022 NYC BUILDING CODE. NO CHANGE IN USE, OCCUPANCY, OR EGRESS UNDER THIS APPLICATION.",19000,"JASCO, INC",MANDEEP KAUR,Signed-off,931851074,10017,40.754937,-73.97063,106,4,1013220042,90,East Midtown-Turtle Bay,,
M01120879-I1,M01120879-I1-FN,2,Renewal Permit Without Changes,215,EAST   38 STREET,MANHATTAN,11,1020355,919,106,Open Space,Construction Fence,GC,002689,TOBY,"ROMANO, JR",BREEZE NATIONAL INC,843 S.OCEAN AVENUE,JEEWAN,ITWARIE,A1 EXPEDITING SERVICE CORP.,2024-10-15T00:00:00.000,2025-05-19T00:00:00.000,2026-05-19T04:00:00.000,"CONSTRUCTION FENCE AS PER DRAWINGS DURING BLDG DEMOLITION, FILED SEP. CONSTRUCTION FENCE SHALL COMPLY WITH CH #33 OF THE NYC BC. NO CHANGE IN USE, OCCUPANCY OR EGRESS UNDER THIS APPLICATION.",2000,BLDG MANAGEMENT,Lloyd Goldman,Permit Issued,977321495,10016,40.747975,-73.975624,106,4,1009190011,78,Murray Hill-Kips Bay,,
M01342584-I1,M01342584-I1-SF,1,Initial Permit,35,EAST   35 STREET,MANHATTAN,24,1017125,865,106,Open Space,Supported Scaffold,GC,622709,GABRIEL,SERAFIN,NEW AMSTERDAM RESTORATION,60-06 55TH DRIVE,ALDI,DILO,"Rigid Structural Design, LLC",2026-01-14T00:00:00.000,2026-01-14T00:00:00.000,2026-10-19T00:00:00.000,"Installation of a temporarily supported scaffold per plan submitted. Work shall comply with 2022 building codes chapter 33. No change in use, egress and/or occupancy with this application.",2500,PR,FirstService Residential,Permit Issued,162117520,10016,40.74833,-73.982207,106,4,1008650024,82,Midtown-Times Square,,
M01164853-I1,M01164853-I1-SC,3,Renewal Permit with Changes,15,WEST   38 STREET,Manhattan,31,1016002,840,105,,Suspended Scaffold,R,005489,TAHIR,BHUTTA,SASCO CONSTRUCTION SVC LL,"444 CONEY ISLAND AVE., 2ND FL",WENDYANN,SINGH-LEWIS,WSCONSULTANT & EXPEDITING SERVICES,2025-01-10T00:00:00.000,2025-08-21T00:00:00.000,2026-08-21T04:00:00.000,Installation of suspended scaffold for facade inspection/ repair,0,JAY SUITES,,Permit Issued,415842695,10018,40.751306,-73.983524,105,4,1008400031,84,Midtown-Times Square,,
M01227559-I1,M01227559-I1-SF,1,Initial Permit,989,6 AVENUE,MANHATTAN,42,1015242,812,105,Open Space,Supported Scaffold,GC,612137,DANIEL,CHIRILA,DYNAMIC HOISTING SCAFF IN,4330 48TH STREET APT 1B,ALDI,DILO,"Rigid Structural Design, LLC",2025-08-21T00:00:00.000,2025-08-21T00:00:00.000,2026-08-21T04:00:00.000,"Installation of a temporarily supported scaffold per plan submitted. Work shall comply with 2022 building codes chapter 33. No change in use, egress and/or occupancy with this application.",2500,DYNAMIC HOISTING SCAFFOLDING,DANIEL CHIRILA,Permit Issued,932048081,10018,40.751394,-73.986635,105,4,1008120042,109,Midtown-Times Square,,
M01089006-S2,M01089006-S2-SF,2,Renewal Permit Without Changes,219,EAST   42 STREET,MANHATTAN,12,1037551,1316,106,Open Space,Supported Scaffold,GC,032202,JOSE,MOLINA,JEM CONTRACTING CORP,59-43 60TH STREET,Jose,Evangelista,Hierarch-E LLC,2025-06-27T00:00:00.000,2025-12-11T00:00:00.000,2026-12-06T05:00:00.000,Supported Scaffold installation as per plans filed herewith.,1000,JEM CONTRACTING CORP,JOSE MOLINA,Permit Issued,702717467,10017,40.750288,-73.973288,106,4,1013160012,88,Murray Hill-Kips Bay,,
M01328338-I1,M01328338-I1-SF,1,Initial Permit,216,EAST   49 STREET,MANHATTAN,42,1038029,1322,106,Ground Floor,Sidewalk Shed,GC,617185,MANDEEP,KAUR,"JASCO, INC",130-48 INWOOD ST,,,,2025-12-04T00:00:00.000,2025-12-04T00:00:00.000,2026-09-05T00:00:00.000,"INSTALLATION OF 300PSF SIDEWALK SHED AND PIPE SCAFFOLDING AS PER PLANS. ALL EQUIPMENT SHALL COMPLY WITH CHAPTER #33 OF THE 2022 NYC BUILDING CODE. NO CHANGE IN USE, OCCUPANCY, OR EGRESS UNDER THIS APPLICATION.",19000,"JASCO, INC",MANDEEP KAUR,Signed-off,931851074,10017,40.754937,-73.97063,106,4,1013220042,90,East Midtown-Turtle Bay,,
M01180183-I1,M01180183-I1-SH,2,Renewal Permit with Changes,65,WEST   36 STREET,MANHATTAN,8,1015920,838,105,Sidewalk,Sidewalk Shed,GC,612137,DANIEL,CHIRILA,DYNAMIC HOISTING SCAFF IN,4330 48TH STREET APT 1B,ALDI,DILO,"Rigid Structural Design, LLC",2025-02-20T00:00:00.000,2025-07-15T00:00:00.000,2026-04-01T04:00:00.000,"INSTALLATION OF 300 PSF SIDEWALK SHED AS PER PLANS. ALL EQUIPMENT SHALL COMPLY WITH CHAPTER #33 OF THE 2022 CODE. NO CHANGE IN USE, EGRESS OR OCCUPANCY UNDER THIS APPLICATION.",10000,DYNAMIC HOISTING SCAFFOLDING,DANIEL CHIRILA,Signed-off,783589414,10018,40.750719,-73.985967,105,4,1008380008,84,Midtown-Times Square,,
M01351565-I1,M01351565-I1-SC,1,Initial Permit,277,FIFTH AVENUE,MANHATTAN,7504,1090386,859,105,,Suspended Scaffold,R,006175,JOHN,TSAMPAS,SKYLINE ACCESS LLC,49-28 31ST PLACE,REBECCA,NISCHAN,SKYLINE ACCESS,2026-02-05T00:00:00.000,2026-02-20T00:00:00.000,2027-02-20T05:00:00.000,IRA to assist with Condition Assessment.,0,PR,,Permit Issued,423263226,10016,40.745652,-73.986124,105,2,1008597504,74,Midtown South-Flatiron-Union Square,,
M01262644-I1,M01262644-I1-SF,1,Initial Permit,215,EAST   45 STREET,Manhattan,8,1071616,1319,106,"Floor Number(s) 007 through 016, Open Space, Roof",Supported Scaffold,GC,601961,GRZEGORZ,DEC,SNG BRICK AND STONE INC,1117 38TH STREET,ELY,SEPULVEDA,AE DESIGN SOLUTION INC.,2025-07-31T00:00:00.000,2025-08-01T00:00:00.000,2026-08-01T04:00:00.000,"INSTALLATION OF TEMPORARY PIPE SCAFFOLD AS PER PLANS. NO CHANGE IN USE, EGRESS OR OCCUPANCY.",1,"PROJECT RENEWAL, INC",Paul Woody,Signed-off,545684305,10017,40.752465,-73.972479,106,4,1013197505,90,East Midtown-Turtle Bay,,
M01294915-I1,M01294915-I1-SC,2,Renewal Permit Without Changes,35,WEST   45 STREET,MANHATTAN,19,1034244,1261,105,,Suspended Scaffold,R,006349,THOMAS,TERRONO,3J'S RESTORATION INC,35 WEST 45TH STREET,,,,2025-10-23T00:00:00.000,2026-03-13T00:00:00.000,2027-01-19T00:00:00.000,Installation of suspended scaffold for facade work or inspection.,0,THE STAHL ORGANIZATION,MARIANNE DZIUBA,Permit Issued,532575093,10036,40.75595,-73.980747,105,4,1012610019,96,Midtown-Times Square,,J
M01333871-I1,M01333871-I1-SF,1,Initial Permit,366,MADISON AVENUE,MANHATTAN,56,1035394,1281,105,Open Space,Supported Scaffold,GC,612137,DANIEL,CHIRILA,DYNAMIC HOISTING SCAFF IN,4330 48TH STREET APT 1B,ALDI,DILO,"Rigid Structural Design, LLC",2025-12-16T00:00:00.000,2025-12-16T00:00:00.000,2026-12-16T05:00:00.000,"Installation of a temporarily supported scaffold and heavy-duty sidewalk shed per plan submitted. Work shall comply with 2022 building codes chapter 33. No change in use, egress and/or occupancy with this application.",5000,DYNAMIC HOISTING SCAFFOLDING,DANIEL CHIRILA,Permit Issued,896768603,10017,40.755046,-73.977654,105,4,1012810056,94,Midtown-Times Square,,
M01091319-S1,M01091319-S1-FN,2,Renewal Permit Without Changes,225,EAST   45 STREET,Manhattan,11,1037587,1319,106,Open Space,Construction Fence,GC,001982,JERIMIAH,HARRINGTON,ROCKLEDGE SCAFFOLD CORP,808 NEPPERHAN AVENUE,JEEWAN,ITWARIE,A1 EXPEDITING SERVICE CORP.,2024-11-25T00:00:00.000,2025-12-05T00:00:00.000,2026-12-05T05:00:00.000,"CONSTRUCTION FENCE AS PER DRAWINGS DURING NB CONST, FILED SEP. FENCE SHALL COMPLY WITH CH #33 OF THE NYC BC. NO CHANGE IN USE, OCCUPANCY OR EGRESS UNDER THIS APPLICATION. DOT PERMITS BY OTHERS FOR FENCE ON SIDEWALK/ROADWAY.",6000,"Project Renewal, Inc",Paul Woody,Signed-off,953845797,10017,40.752451,-73.972447,106,4,1013197505,90,East Midtown-Turtle Bay,,
M01318279-I1,M01318279-I1-SF,1,Initial Permit,1440,BROADWAY,MANHATTAN,11,1022563,993,105,"Open Space, Roof, Roof Terrace 012 through 025",Supported Scaffold,GC,613609,DOMINIC,FONTANA,VIKING RESTORATION SVCE,1 12TH STREET,ELY,SEPULVEDA,AE DESIGN SOLUTION INC.,2025-12-02T00:00:00.000,2025-12-09T00:00:00.000,2026-06-14T04:00:00.000,"INSTALLATION OF TEMPORARY PIPE SCAFFOLD AS PER PLANS. NO CHANGE IN USE, EGRESS OR OCCUPANCY.",1,Not Applicable,Marina Sheykman,Permit Issued,101033533,10018,40.754424,-73.986822,105,4,1009930011,113,Midtown-Times Square,,
M01092683-I1,M01092683-I1-SF,2,Renewal Permit Without Changes,105,LEXINGTON AVENUE,MANHATTAN,25,1076152,883,106,"Facade, Open Space",Supported Scaffold,GC,603235,CHARLES,TALISSE,CS BRIDGE CORP,1470 BRUCKNER BLVD,,,,2024-08-07T00:00:00.000,2025-07-18T00:00:00.000,2026-04-01T00:00:00.000,"Installation of temporary supported scaffold per plan submitted. Work shall comply with 2022 building codes chapter 33. No change in use, egress and/or occupancy with this application.",1,BETTINA EQUITIES MANAGEMENT LLC,Benny Caiola,Signed-off,709802412,10016,40.742278,-73.982714,106,2,1008830025,68,Gramercy,,
M00992190-I1,M00992190-I1-SC,3,Renewal Permit Without Changes,49,WEST   37 STREET,MANHATTAN,9,1015958,839,105,,Suspended Scaffold,R,007628,MARK,SCAGLIOLA,CERCONE EXTERIOR REST COR,18-63 43RD STREET,MU/RO/BR/SE,KH/SC/GA/DA,MUNICIPAL BUILDING CONSULTANTS,2024-02-21T00:00:00.000,2025-04-15T00:00:00.000,2026-04-15T04:00:00.000,Installation of outriggers for facade repair and inspection,0,SAMCO PROPERTIES,ZAC SMITH,Signed-off,558505696,10018,40.751018,-73.984758,105,4,1008390009,84,Midtown-Times Square,,
M01282988-I1,M01282988-I1-SF,1,Initial Permit,225,EAST   36 STREET,Manhattan,17,1020204,917,106,Ground Floor,Sidewalk Shed,GC,025655,STEVE,MARKU,COLGATE RESTORATION CORP,147 28 ST,,,,2025-09-18T00:00:00.000,2025-09-18T00:00:00.000,2026-09-18T04:00:00.000,INSTALLATION OF SIDEWALK SHED AS SHOWN ON DRAWINGS. NO CHANGE IN USE EGRESS OR OCCUPANCY. WE SHALL COMPLY WITH CHAPTER 33 OF 2022 BC.,10000,PR,Adam Zerka,Permit Issued,385779990,10016,40.746551,-73.976083,106,4,1009170017,78,Murray Hill-Kips Bay,,
M01333871-I1,M01333871-I1-SF,1,Initial Permit,366,MADISON AVENUE,MANHATTAN,56,1035394,1281,105,Open Space,Sidewalk Shed,GC,612137,DANIEL,CHIRILA,DYNAMIC HOISTING SCAFF IN,4330 48TH STREET APT 1B,ALDI,DILO,"Rigid Structural Design, LLC",2025-12-16T00:00:00.000,2025-12-16T00:00:00.000,2026-12-16T05:00:00.000,"Installation of a temporarily supported scaffold and heavy-duty sidewalk shed per plan submitted. Work shall comply with 2022 building codes chapter 33. No change in use, egress and/or occupancy with this application.",5000,DYNAMIC HOISTING SCAFFOLDING,DANIEL CHIRILA,Permit Issued,896768603,10017,40.755046,-73.977654,105,4,1012810056,94,Midtown-Times Square,,
M01293103-I1,M01293103-I1-FN,1,Initial Permit,129,EAST   28 STREET,Manhattan,17,1082100,884,105,Open Space,Construction Fence,GC,609534,FARI,HAMA,REPUBLIC SCAFFOLD&HOIST C,420 MANIDA STREET,ALDI,DILO,"Rigid Structural Design, LLC",2025-10-03T00:00:00.000,2025-10-03T00:00:00.000,2026-07-14T04:00:00.000,"Installation of a temporary construction fence per plan submitted.  Work shall comply with 2022 building codes chapter 33. No change in use, egress and/or occupancy with this application.",2500,REPUBLIC SCAFFOLD & HOIST CORP,FARI HAMA,Permit Issued,386988813,10016,40.74275,-73.982682,105,2,1008840017,72,Murray Hill-Kips Bay,,
M01309466-I1,M01309466-I1-SC,2,Renewal Permit Without Changes,24,EAST   39 STREET,MANHATTAN,51,1017241,868,106,,Suspended Scaffold,R,005739,ANDREW,ROSENWACH,"ROSENWACH TANK CO.,LLC",40-25 CRESCENT STREET,,,,2025-10-30T00:00:00.000,2026-01-16T00:00:00.000,2026-05-01T00:00:00.000,MATERIAL HOIST,0,THE WILLIAM HOTEL,,Signed-off,233059029,10016,40.750636,-73.980063,106,4,1008680051,82,Midtown-Times Square,,
M01240193-I1,M01240193-I1-SC,1,Initial Permit,211,MADISON AVENUE,MANHATTAN,7501,1017135,865,106,,Suspended Scaffold,R,006218,DAMIAN,CHOLEWA,WINSTAR CONTRACTING INC,310 NASSAU AVENUE,JULIO,GUADALUPE,ACA ASSOCIATES,2025-06-16T00:00:00.000,2025-06-16T00:00:00.000,2026-06-16T04:00:00.000,MASONRY FACADE INSPECTION,0,MATTHEW ADAM PROPERTIES,,Permit Issued,902897292,10016,40.74883,-73.982171,106,4,1008657501,82,Midtown-Times Square,,
M01179079-I1,M01179079-I1-SC,2,Renewal Permit Without Changes,63,MADISON AVENUE,MANHATTAN,24,1016889,857,105,,Suspended Scaffold,R,006529,VERONIKA,SIKORSKI,ELM SUSPENSION SYSTEMS,37-01 VERNON BLVD,HAROLD,SUERO,HS DESIGN STUDIO LLC,2025-02-13T00:00:00.000,2025-04-29T00:00:00.000,2026-04-29T00:00:00.000,INSTALLATION OF TEMPORARY HOIST (COUNTERWEIGHTED SYSTEM).,0,"GEORGE COMFORT & SONS, INC.",,Signed-off,693829381,10016,40.743901,-73.985467,105,2,1008570024,56,Midtown South-Flatiron-Union Square,,
M01028103-S1,M01028103-S1-SC,3,Renewal Permit Without Changes,926,2 AVENUE,MANHATTAN,7502,1039577,1342,106,,Suspended Scaffold,R,005480,PANAGIOTIS,RIZOS,MILLENIUM RESTORATION COR,36-14 11TH STREET,,,,2024-09-30T00:00:00.000,2026-01-20T00:00:00.000,2027-01-10T00:00:00.000,FACADE RESTORATION,0,PEREGRINE TOWER CONDO,,Permit Issued,912929020,10022,40.754407,-73.968851,106,4,1013427502,98,East Midtown-Turtle Bay,,
M01375888-I1,M01375888-I1-SC,1,Initial Permit,30,WEST   39 STREET,Manhattan,7504,1090669,840,105,,Suspended Scaffold,R,007705,PAWEL,SABAT,STRUCTURAL PRESERVATION S,35-21 VERNON BLVD,TYRO,TROXELL,SMEP Design & Consultation LLC,2026-04-02T00:00:00.000,2026-04-03T00:00:00.000,2027-04-03T04:00:00.000,FISP INSPECTION (Facade Inspection Safety Program). INDUSTRIAL ROPE ACCESS TECHNIQUES AND METHODS. SEE ATTACHED PLANS. Designated Primary Site supervisor: Jesus Decola,0,GRAYSON HOTEL,,Signed-off,982265188,10018,40.752053,-73.983419,105,4,1008400030,84,Midtown-Times Square,,
M01363000-I1,M01363000-I1-SC,1,Initial Permit,450,PARK AVENUE SOUTH,MANHATTAN,45,1087183,860,105,,Suspended Scaffold,R,006487,ANTONIOS,MARKATOS,SKYTRAC ACCESS GROUP LLC,50-05 47TH AVENUE,ROBERT,FAUERBACH,LOMBARDO BUILDING CONSULTANTS,2026-02-26T00:00:00.000,2026-02-26T00:00:00.000,2026-12-19T05:00:00.000,"Application for the installation and used of suspended scaffold as per plans filed herein. No change in egress, use, or occupancy..",0,THE MOINIAN GROUP,Gabriel Dagan,Signed-off,639047864,10016,40.74485,-73.982977,105,2,1008600045,74,Midtown South-Flatiron-Union Square,,G
M01293147-I1,M01293147-I1-SH,2,Renewal Permit Without Changes,129,EAST   28 STREET,Manhattan,17,1082100,884,105,Open Space,Sidewalk Shed,GC,609534,FARI,HAMA,REPUBLIC SCAFFOLD&HOIST C,420 MANIDA STREET,ALDI,DILO,"Rigid Structural Design, LLC",2025-10-03T00:00:00.000,2026-04-01T00:00:00.000,2026-06-30T04:00:00.000,"Installation of a temporarily heavy-duty sidewalk shed per plan submitted. Work shall comply with 2022 building codes chapter 33. No change in use, egress and/or occupancy with this application.",2500,REPUBLIC SCAFFOLD & HOIST CORP,FARI HAMA,Permit Issued,253097807,10016,40.74275,-73.982682,105,2,1008840017,72,Murray Hill-Kips Bay,,
M01301135-I1,M01301135-I1-SH,1,Initial Permit,3,TIMES SQUARE,MANHATTAN,33,1024686,1014,105,Open Space,Sidewalk Shed,GC,026349,MOHINDER,SINGH,J.K.CONSTRUCTION NEW YORK,305 MINEOLA BLVD,SANDEEP,KAUR,SANDEEP KAUR,2025-10-14T00:00:00.000,2025-10-14T00:00:00.000,2026-04-25T00:00:00.000,INSTALLATION OF HEAVY DUTY SIDEWALK SHED AS PER PLANS.  NO CHANGE IN USE OCCUPANCY OR EGRESS UNDER THIS APPLICATION.  SIDEWALK SHED SHALL COMPLY WITH CHAPTER 33 OF THE 2022 NYC BUILDING CODE.,4000,J.K. CONSTRUCTION NY INC,MOHINDER SINGH,Signed-off,278524792,10036,40.75614,-73.986883,105,3,1010147501,119,Midtown-Times Square,,
M01226097-I1,M01226097-I1-SC,2,Renewal Permit Without Changes,383,MADISON AVENUE,MANHATTAN,21,1035404,1282,105,,Suspended Scaffold,GC,608211,ERIK,OH,"SAFWAY ATLANTIC, LLC",700 COMMERCIAL AVENUE,JEEWAN,ITWARIE,A1 EXPEDITING SERVICE CORP.,2025-05-28T00:00:00.000,2025-09-25T00:00:00.000,2026-09-25T04:00:00.000,"TEMPORARY SUSPENDED SCAFFOLD AS PER DRAWINGS. SUSPENDED SCAFFOLD SHALL COMPLY WITH CH 33 OF THE NYC BC. NO CHANGE IN USE, OCCUPANCY OR EGRESS UNDER THIS APPLICATION.",0,"SAFWAY ATLANTIC, LLC",Eric Guhring,Signed-off,867811890,10017,40.755257,-73.977477,105,4,1012820021,94,Midtown-Times Square,,
M01040330-I1,M01040330-I1-SF,3,Renewal Permit Without Changes,6,EAST   32 STREET,MANHATTAN,72,1017003,861,105,Facade,Supported Scaffold,GC,626569,PRITPAL,KAUR,PARK CONTRACTING GROUP,12 HARBOR CT E,,,,2024-04-24T00:00:00.000,2026-04-21T00:00:00.000,2027-03-02T00:00:00.000,"PROPOSED INSTALLATION OF TEMPORARY LIGHT DUTY PIPE SCAFFOLD AS PER PLANS. WORK SHALL COMPLY WITH CHAPTER #33 OF 2022 THE NYC BUILDING CODE. NO CHANGE IN USE, OCCUPANCY, OR EGRESS UNDER THIS APPLICATION.",1000,MNK ENTERPRISES NY INC,PRITPAL KAUR,Permit Issued,347012026,10016,40.746958,-73.985059,105,4,1008610072,74,Midtown South-Flatiron-Union Square,,
M01207603-I1,M01207603-I1-SH,1,Initial Permit,319,EAST   50 STREET,MANHATTAN,7501,1039641,1343,106,Ground Floor,Sidewalk Shed,GC,615905,HARPREET,SINGH,KINGS GROUP NY CORP,120-05 ATLANTIC AVENUE STE 2,,,,2025-04-10T00:00:00.000,2025-04-10T00:00:00.000,2026-04-10T04:00:00.000,"INSTALLATION OF HEAVY DUTY SIDEWALK SHED. NO CHANGE IN USE, OCCUPANCY OR EGRESS. WORK SHALL COMPLY WITH CHAPTER 33 OF NYCBC",1,KINGS GROUP NY CORP,HARPREET SINGH,Signed-off,674635993,10022,40.754621,-73.967891,106,4,1013437501,98,East Midtown-Turtle Bay,,
M00858182-I1,M00858182-I1-SF,4,Renewal Permit Without Changes,8,EAST   41 STREET,Manhattan,66,1035327,1275,105,"Floor Number(s) 001 through 008, Open Space",Supported Scaffold,GC,615196,IRENEUSZ,JANCZYK,NOVA CONSTRUCTION SERVICE,129 FRANKLIN STREET,ELY,SEPULVEDA,AE DESIGN SOLUTION INC.,2023-06-28T00:00:00.000,2025-12-19T00:00:00.000,2026-12-19T05:00:00.000,"INSTALLATION OF TEMPORARY PIPE SCAFFOLD AS PER PLANS. NO CHANGE IN USE, EGRESS OR OCCUPANCY.",1,BERIK MANAGEMENT,RIKIN SHETH,Signed-off,482373127,10017,40.752598,-73.980878,105,4,1012750066,82,Midtown-Times Square,,
M01282988-I1,M01282988-I1-SF,1,Initial Permit,225,EAST   36 STREET,Manhattan,17,1020204,917,106,Ground Floor,Supported Scaffold,GC,025655,STEVE,MARKU,COLGATE RESTORATION CORP,147 28 ST,,,,2025-09-18T00:00:00.000,2025-09-18T00:00:00.000,2026-09-18T04:00:00.000,INSTALLATION OF SIDEWALK SHED AS SHOWN ON DRAWINGS. NO CHANGE IN USE EGRESS OR OCCUPANCY. WE SHALL COMPLY WITH CHAPTER 33 OF 2022 BC.,10000,PR,Adam Zerka,Permit Issued,385779990,10016,40.746551,-73.976083,106,4,1009170017,78,Murray Hill-Kips Bay,,
M01278814-I1,M01278814-I1-SH,1,Initial Permit,145,EAST   29 STREET,MANHATTAN,37,1018260,885,106,Open Space,Sidewalk Shed,GC,623088,RENE,NUNEZ,ANDAMIO SCAFFOLDING LLC,20 BURLING LANE (BOX 4-1),,,,2025-09-04T00:00:00.000,2025-09-04T00:00:00.000,2026-04-01T00:00:00.000,"INSTALLATION OF TEMPORARY HEAVY DUTY SIDEWALK SHED AS PER PLANS. NO CHANGE IN USE, EGRESS OR OCCUPANCY. SIDEWALK SHED SHALL COMPLY WITH CHAPTER #33 OF 2022 THE NYC BUILDING CODE. LIVE LOAD 300PSF.",1000,Synoptic Management,Joseph Houton,Signed-off,988111834,10016,40.74306,-73.981509,106,2,1008850037,72,Murray Hill-Kips Bay,,
M00912148-I1,M00912148-I1-SH,4,Renewal Permit with Changes,1440,BROADWAY,MANHATTAN,11,1022563,993,105,Sidewalk,Sidewalk Shed,GC,620254,MANDIP,KAUR,PLATINUM SERVICES NY LLC,53-28 11TH STREET 2ND FL,RAMANI,MARIAPPAN,ROYAL EXPEDITING,2023-08-07T00:00:00.000,2025-08-25T00:00:00.000,2026-08-25T04:00:00.000,"INSTALLATION OF 300 PSF SIDEWALK SHED AS PER PLANS. SIDEWALK SHED SHALL COMPLY WITH CHAPTER # 33 OF THE NYC CODE 2022, NO CHANGES IN USE EGRESS OR OCCUPANCY UNDER THIS APPLICATION.",5000,PLATINUM SERVICES NY LLC,MANDIP KAUR,Permit Issued,998848442,10018,40.754424,-73.986822,105,4,1009930011,113,Midtown-Times Square,,
M01236257-I1,M01236257-I1-SF,1,Initial Permit,123,EAST   38 STREET,MANHATTAN,16,1019132,894,106,Facade,Supported Scaffold,GC,623088,RENE,NUNEZ,ANDAMIO SCAFFOLDING LLC,20 BURLING LANE (BOX 4-1),,,,2025-06-09T00:00:00.000,2025-06-09T00:00:00.000,2026-06-09T04:00:00.000,"PROPOSED INSTALLATION OF TEMPORARY PIPE SCAFFOLD AS PER PLANS. WORK SHALL COMPLY WITH CHAPTER #33 OF 2022 THE NYC BUILDING CODE. NO CHANGE IN USE, OCCUPANCY, OR EGRESS UNDER THIS APPLICATION.",1000,CERCONE EXTERIOR RESTORATION,MARK SCAGLIOLA,Signed-off,683729369,10016,40.749093,-73.97827,106,4,1008940016,80,Murray Hill-Kips Bay,,
M01348184-I1,M01348184-I1-SF,1,Initial Permit,535,3 AVENUE,MANHATTAN,64,1020202,916,106,Facade,Supported Scaffold,GC,623088,RENE,NUNEZ,ANDAMIO SCAFFOLDING LLC,20 BURLING LANE (BOX 4-1),,,,2026-01-22T00:00:00.000,2026-01-22T00:00:00.000,2026-07-19T04:00:00.000,"PROPOSED INSTALLATION OF TEMPORARY PIPE SCAFFOLD AS PER PLANS. WORK SHALL COMPLY WITH CHAPTER #33 OF 2022 THE NYC BUILDING CODE. NO CHANGE IN USE, OCCUPANCY, OR EGRESS UNDER THIS APPLICATION.",1000,PR,Vito Vacca,Signed-off,150848140,10016,40.746751,-73.977361,106,4,1009160064,78,Murray Hill-Kips Bay,,
M01304971-I1,M01304971-I1-SF,1,Initial Permit,145,EAST   29 STREET,MANHATTAN,37,1018260,885,106,Facade,Supported Scaffold,GC,623088,RENE,NUNEZ,ANDAMIO SCAFFOLDING LLC,20 BURLING LANE (BOX 4-1),,,,2025-10-21T00:00:00.000,2025-10-21T00:00:00.000,2026-04-01T00:00:00.000,"PROPOSED INSTALLATION OF TEMPORARY PIPE SCAFFOLD AS PER PLANS. WORK SHALL COMPLY WITH CHAPTER #33 OF 2022 THE NYC BUILDING CODE. NO CHANGE IN USE, OCCUPANCY, OR EGRESS UNDER THIS APPLICATION.",1000,Synoptic Management,Joseph Houton,Signed-off,934962278,10016,40.74306,-73.981509,106,2,1008850037,72,Murray Hill-Kips Bay,,
M01311418-I1,M01311418-I1-SC,1,Initial Permit,220,EAST   42 STREET,Manhattan,7501,1037546,1315,106,,Suspended Scaffold,R,007705,PAWEL,SABAT,STRUCTURAL PRESERVATION S,35-21 VERNON BLVD,TYRO,TROXELL,SMEP Design & Consultation LLC,2025-11-26T00:00:00.000,2025-12-01T00:00:00.000,2026-12-01T05:00:00.000,FACADE INSPECTION Designated Primary Site supervisor: Jesus Decola,0,SL GREEN REALTY CORP,,Signed-off,142255413,10017,40.750275,-73.973299,106,4,1013157501,88,Murray Hill-Kips Bay,,
M01024228-I1,M01024228-I1-FN,2,Renewal Permit Without Changes,317,EAST   34 STREET,MANHATTAN,12,1021900,940,106,Open Space,Construction Fence,GC,618129,RALPH,IUELE,NATIONAL WALL CORP,2023 60TH STREET,MARTIN,BUTLER,"ARCHETYPE CONSULTANTS, INC.",2024-05-06T00:00:00.000,2026-04-21T00:00:00.000,2026-12-03T00:00:00.000,Installation of fence with 3' 0  from property line as indicated on drawings,20000,PR,KENNETH WALSH,Permit Issued,286045570,10016,40.744404,-73.974962,106,4,1009400012,78,Murray Hill-Kips Bay,,
M00856966-S1,M00856966-S1-SC,1,Initial Permit,140,EAST   45 STREET,MANHATTAN,27,1036176,1299,106,,Suspended Scaffold,R,005141,WALID,ABOUMOUSSA,AMERICAN VENTILATION SERV,26-16 123RD STREET,Jose,Evangelista,Hierarch-E LLC,2026-01-21T00:00:00.000,2026-01-21T00:00:00.000,2026-11-15T00:00:00.000,SUSPENDED SCAFFOLD INSTALLATION FOR FACADE REPAIRS AND INSPECTIONS,0,PHARAOHS RESTORATION,OMAR IBRAHIM,Permit Issued,118550569,10017,40.753157,-73.974172,106,4,1012990027,92,East Midtown-Turtle Bay,,
M01312079-I1,M01312079-I1-SF,1,Initial Permit,35,WEST   45 STREET,MANHATTAN,19,1034244,1261,105,"Open Space, Roof",Supported Scaffold,GC,028514,THOMAS,TERRONO,3 J'S RESTORATION INC,293 NORTH UTICA AVENUE,ELY,SEPULVEDA,AE DESIGN SOLUTION INC.,2025-11-12T00:00:00.000,2025-11-13T00:00:00.000,2026-11-13T05:00:00.000,"INSTALLATION OF TEMPORARY PIPE SCAFFOLD AS PER PLANS. NO CHANGE IN USE, EGRESS OR OCCUPANCY.",1,THE STAHL ORGANIZATION,MARIANNE DZIUBA,Permit Issued,249183054,10036,40.75595,-73.980747,105,4,1012610019,96,Midtown-Times Square,,
M01024430-I1,M01024430-I1-SC,2,Renewal Permit Without Changes,148,MADISON AVENUE,MANHATTAN,64,1017000,861,105,,Suspended Scaffold,R,006572,TIRON,OKSHE,CITILINE RESTORATION LLC,"40 WALL STREET, SUITE 1603",ELY,SEPULVEDA,AE DESIGN SOLUTION INC.,2024-04-08T00:00:00.000,2025-04-21T00:00:00.000,2026-04-21T04:00:00.000,Installation of suspended scaffold for facade work or inspection,0,GFP REAL ESTATE LLC,SAM MOHABIR,Signed-off,635300373,10016,40.746335,-73.984012,105,4,1008610064,74,Midtown South-Flatiron-Union Square,,
M01205398-I1,M01205398-I1-SF,2,Renewal Permit Without Changes,711,3 AVENUE,MANHATTAN,1,1037568,1318,106,Open Space,Supported Scaffold,GC,607447,WILLIAM,LAFFEY,SPRING SCAFFOLDING LLC,49-30 31ST PLACE,JOSEPH,CASTILLO,UNITED SAFETY CONSULTANTS,2025-04-22T00:00:00.000,2026-04-22T00:00:00.000,2027-03-01T00:00:00.000,"INSTALLATION OF TEMPORARY PIPE SCAFFOLD AS PER PLAN. NO CHANGE IN USE, EGRESS OR OCCUPANCY.",1000,SL GREEN REALTY CORP,Patricia Hoban,Permit Issued,883407850,10017,40.752155,-73.973425,106,4,1013180001,90,East Midtown-Turtle Bay,,
M01247876-I1,M01247876-I1-SF,1,Initial Permit,373,5 AVENUE,MANHATTAN,1,1017116,865,105,Open Space,Supported Scaffold,GC,615905,HARPREET,SINGH,KINGS GROUP NY CORP,120-05 ATLANTIC AVENUE STE 2,,,,2025-06-30T00:00:00.000,2025-06-30T00:00:00.000,2026-06-30T04:00:00.000,"INSTALLATION OF HEAVY DUTY SIDEWALK SHED AND PIPE SCAFFOLDING. NO CHANGE IN USE, OCCUPANCY OR EGRESS UNDER THIS APPLICATION, ALL WORK TO COMPLY WITH CHAPTER 33 OF NYCBC.",35000,KINGS GROUP NY CORP,HARPREET SINGH,Signed-off,156000871,10016,40.749193,-73.984001,105,4,1008650001,82,Midtown-Times Square,,
M01349278-I1,M01349278-I1-SF,1,Initial Permit,123,EAST   37 STREET,MANHATTAN,17,1019088,893,106,Open Space,Sidewalk Shed,GC,615905,HARPREET,SINGH,KINGS GROUP NY CORP,183-02 LIBERTY AVE,,,,2026-01-22T00:00:00.000,2026-01-22T00:00:00.000,2026-10-14T00:00:00.000,"INSTALLATION OF TEMPORARY HEAVY DUTY SIDEWALK SHED AND PIPE SCAFFOLDING. NO CHANGE IN USE, EGRESS OR OCCUPANCY. ALL WORK TO COMPLY WITH CHAPTER 33 OF NYCC.",17500,KINGS GROUP NY CORP,HARPREET SINGH,Permit Issued,738713014,10016,40.748525,-73.97884,106,4,1008930017,80,Murray Hill-Kips Bay,,
M01349278-I1,M01349278-I1-SH,1,Initial Permit,123,EAST   37 STREET,MANHATTAN,17,1019088,893,106,Sidewalk,Supported Scaffold,GC,615905,HARPREET,SINGH,KINGS GROUP NY CORP,183-02 LIBERTY AVE,,,,2026-01-22T00:00:00.000,2026-01-22T00:00:00.000,2026-10-14T00:00:00.000,"INSTALLATION OF TEMPORARY HEAVY DUTY SIDEWALK SHED AND PIPE SCAFFOLDING. NO CHANGE IN USE, EGRESS OR OCCUPANCY. ALL WORK TO COMPLY WITH CHAPTER 33 OF NYCC.",17500,KINGS GROUP NY CORP,HARPREET SINGH,Permit Issued,801924215,10016,40.748525,-73.97884,106,4,1008930017,80,Murray Hill-Kips Bay,,
M01349278-I1,M01349278-I1-SF,1,Initial Permit,123,EAST   37 STREET,MANHATTAN,17,1019088,893,106,Open Space,Supported Scaffold,GC,615905,HARPREET,SINGH,KINGS GROUP NY CORP,183-02 LIBERTY AVE,,,,2026-01-22T00:00:00.000,2026-01-22T00:00:00.000,2026-10-14T00:00:00.000,"INSTALLATION OF TEMPORARY HEAVY DUTY SIDEWALK SHED AND PIPE SCAFFOLDING. NO CHANGE IN USE, EGRESS OR OCCUPANCY. ALL WORK TO COMPLY WITH CHAPTER 33 OF NYCC.",17500,KINGS GROUP NY CORP,HARPREET SINGH,Permit Issued,738713014,10016,40.748525,-73.97884,106,4,1008930017,80,Murray Hill-Kips Bay,,
M00985346-I1,M00985346-I1-SC,3,Renewal Permit Without Changes,8,EAST   41 STREET,Manhattan,66,1035327,1275,105,,Suspended Scaffold,R,006236,IRENEUSZ,JANCZYK,NOVA RESTORATION LLC,75 KENT STREET,ROBERT,FAUERBACH,LOMBARDO BUILDING CONSULTANTS,2024-01-09T00:00:00.000,2025-12-19T00:00:00.000,2026-12-19T05:00:00.000,Facade restoration. Inspection. New Outriggers. Renewal of SR23-2830,0,BERIK MANAGEMENT,,Signed-off,454367896,10017,40.752598,-73.980878,105,4,1012750066,82,Midtown-Times Square,,
M01349278-I1,M01349278-I1-SH,1,Initial Permit,123,EAST   37 STREET,MANHATTAN,17,1019088,893,106,Sidewalk,Sidewalk Shed,GC,615905,HARPREET,SINGH,KINGS GROUP NY CORP,183-02 LIBERTY AVE,,,,2026-01-22T00:00:00.000,2026-01-22T00:00:00.000,2026-10-14T00:00:00.000,"INSTALLATION OF TEMPORARY HEAVY DUTY SIDEWALK SHED AND PIPE SCAFFOLDING. NO CHANGE IN USE, EGRESS OR OCCUPANCY. ALL WORK TO COMPLY WITH CHAPTER 33 OF NYCC.",17500,KINGS GROUP NY CORP,HARPREET SINGH,Permit Issued,801924215,10016,40.748525,-73.97884,106,4,1008930017,80,Murray Hill-Kips Bay,,
M01158150-I1,M01158150-I1-SF,1,Initial Permit,574,5 AVENUE,Manhattan,39,1814508,1262,105,Sub-cellar #3,Supported Scaffold,GC,027785,CYRIL,KEARNEY,KINGDOM ASSOCIATES INC,46-11 54TH AVENUE SUITE 3,,,,2024-12-20T00:00:00.000,2025-11-12T00:00:00.000,2026-09-30T04:00:00.000,Supported Scaffold Stair Tower,10000,EXTELL DEVELOPMENT,David Rothstein,Permit Issued,409106061,10036,40.756301,-73.979642,105,4,1012620037,96,Midtown-Times Square,,
M01247876-I1,M01247876-I1-SH,1,Initial Permit,373,5 AVENUE,MANHATTAN,1,1017116,865,105,Sidewalk,Sidewalk Shed,GC,615905,HARPREET,SINGH,KINGS GROUP NY CORP,120-05 ATLANTIC AVENUE STE 2,,,,2025-06-30T00:00:00.000,2025-06-30T00:00:00.000,2026-06-30T04:00:00.000,"INSTALLATION OF HEAVY DUTY SIDEWALK SHED AND PIPE SCAFFOLDING. NO CHANGE IN USE, OCCUPANCY OR EGRESS UNDER THIS APPLICATION, ALL WORK TO COMPLY WITH CHAPTER 33 OF NYCBC.",35000,KINGS GROUP NY CORP,HARPREET SINGH,Signed-off,914441369,10016,40.749193,-73.984001,105,4,1008650001,82,Midtown-Times Square,,
M01205470-I1,M01205470-I1-SH,1,Initial Permit,207,MADISON AVENUE,MANHATTAN,19,1017124,865,106,Sidewalk,Sidewalk Shed,GC,620022,EDWARD,KELLY,CONSOLIDATED SCAFFOLDING,20 PARK ROAD,,,,2025-04-10T00:00:00.000,2025-04-10T00:00:00.000,2026-04-10T04:00:00.000,"INSTALLATION OF A HEAVY DUTY SIDEWALK SHED AND MEDIUM DUTY PIPE SCAFFOLD AS PER PLANS DURING GENERAL CONSTRUCTION WORK. NO CHANGE IN USE, EGRESS OR OCCUPANCY. SIDEWALK SHED & PIPE SCAFFOLD TO COMPLY WITH CHAPTER 33 OF NYC BUILDING CODE OF 2022",5000,CONSOLIDATED SCAFFOLDING INC.,TOM BOWES,Permit Issued,564026965,10016,40.748643,-73.982305,106,4,1008650019,82,Midtown-Times Square,,J
M01100897-I1,M01100897-I1-SH,2,Renewal Permit with Changes,301,EAST   52 STREET,Manhattan,5,1039783,1345,106,Open Space,Sidewalk Shed,GC,626569,PRITPAL,KAUR,PARK CONTRACTING GROUP,12 HARBOR CT E,,,,2024-10-18T00:00:00.000,2025-07-14T00:00:00.000,2026-07-14T04:00:00.000,"INSTALLATION OF TEMPORARY HEAVY DUTY SIDEWALK SHED AS PER PLANS. NO CHANGE IN USE, EGRESS OR OCCUPANCY. SIDEWALK SHED SHALL COMPLY WITH CHAPTER #33 OF 2022 THE NYC BUILDING CODE. LIVE LOAD 300PSF.",1000,MNK ENTERPRISES NY INC,PRITPAL KAUR,Permit Issued,378972217,10022,40.755977,-73.967211,106,4,1013450005,98,East Midtown-Turtle Bay,,
M01266258-I1,M01266258-I1-SC,1,Initial Permit,60,WEST   37 STREET,MANHATTAN,10,1090374,838,105,,Suspended Scaffold,R,006490,MICHAL,SZTABINSKI,HARBOR RESTORATION SVCS,32-02 GREENPOINT AVENUE,HANCE,MERCEDES,SYNERGY BUILDING CONSULTANTS,2025-08-06T00:00:00.000,2025-08-07T00:00:00.000,2026-05-26T04:00:00.000,Installation of suspended scaffold for facade inspection/repair.,0,HILTON GARDEN INN FNANCIAL CENTER,,Signed-off,509478729,10018,40.751114,-73.985025,105,4,1008387502,84,Midtown-Times Square,,
M01043798-I1,M01043798-I1-SH,2,Renewal Permit Without Changes,573,3 AVENUE,MANHATTAN,57,1020345,918,106,Floor Number(s) 001 through 001,Sidewalk Shed,GC,615327,GEORGE,UNGER,UNIVERSAL SYSTEMS INC,"7610 34TH AVENUE, STE #1A",JOANNA,GRABOWSKA,"EUROCELT EXPEDITING, INC.",2024-05-10T00:00:00.000,2025-04-30T00:00:00.000,2026-04-30T04:00:00.000,"INSTALLATION OF A HEAVY DUTY SIDEWALK SHED AS PER PLANS DURING GENERAL CONSTRUCTION WORK. NO CHANGE IN USE, EGRESS OR OCCUPANCY. SIDEWALK SHED TO COMPLY WITH CHAPTER 33 OF NYC BUILDING CODE OF 2022.",10000,UNIVERSAL SYSTEMS INC.,GEORGE UNGER,Permit Issued,936811004,10016,40.748184,-73.976166,106,4,1009180057,78,Murray Hill-Kips Bay,,
M01333871-I1,M01333871-I1-SF,2,Renewal Permit Without Changes,366,MADISON AVENUE,MANHATTAN,56,1035394,1281,105,Open Space,Supported Scaffold,GC,612137,DANIEL,CHIRILA,DYNAMIC HOISTING SCAFF IN,4330 48TH STREET APT 1B,ALDI,DILO,"Rigid Structural Design, LLC",2025-12-16T00:00:00.000,2026-03-16T00:00:00.000,2026-12-19T00:00:00.000,"Installation of a temporarily supported scaffold and heavy-duty sidewalk shed per plan submitted. Work shall comply with 2022 building codes chapter 33. No change in use, egress and/or occupancy with this application.",5000,DYNAMIC HOISTING SCAFFOLDING,DANIEL CHIRILA,Permit Issued,373860194,10017,40.755046,-73.977654,105,4,1012810056,94,Midtown-Times Square,,
M01227559-I1,M01227559-I1-SF,2,Renewal Permit Without Changes,993,AVENUE OF THE AMERICAS,MANHATTAN,45,1090627,812,105,Open Space,Supported Scaffold,GC,612137,DANIEL,CHIRILA,DYNAMIC HOISTING SCAFF IN,4330 48TH STREET APT 1B,ALDI,DILO,"Rigid Structural Design, LLC",2025-08-21T00:00:00.000,2026-03-16T00:00:00.000,2026-12-19T00:00:00.000,"Installation of a temporarily supported scaffold per plan submitted. Work shall comply with 2022 building codes chapter 33. No change in use, egress and/or occupancy with this application.",2500,DYNAMIC HOISTING SCAFFOLDING,DANIEL CHIRILA,Permit Issued,993151893,10018,40.751504,-73.986556,105,4,1008120045,109,Midtown-Times Square,,
M01247876-I1,M01247876-I1-SF,1,Initial Permit,373,5 AVENUE,MANHATTAN,1,1017116,865,105,Open Space,Sidewalk Shed,GC,615905,HARPREET,SINGH,KINGS GROUP NY CORP,120-05 ATLANTIC AVENUE STE 2,,,,2025-06-30T00:00:00.000,2025-06-30T00:00:00.000,2026-06-30T04:00:00.000,"INSTALLATION OF HEAVY DUTY SIDEWALK SHED AND PIPE SCAFFOLDING. NO CHANGE IN USE, OCCUPANCY OR EGRESS UNDER THIS APPLICATION, ALL WORK TO COMPLY WITH CHAPTER 33 OF NYCBC.",35000,KINGS GROUP NY CORP,HARPREET SINGH,Signed-off,156000871,10016,40.749193,-73.984001,105,4,1008650001,82,Midtown-Times Square,,
M01314110-I1,M01314110-I1-SF,1,Initial Permit,770,3 AVENUE,MANHATTAN,33,1036217,1302,106,Open Space,Supported Scaffold,GC,623347,DEVESHWARI,PRASHAD,BUILDCOX CONSTRUCTION COR,47 WHITSON STREET,ALDI,DILO,"Rigid Structural Design, LLC",2026-01-28T00:00:00.000,2026-01-28T00:00:00.000,2026-11-14T05:00:00.000,"Installation of a temporarily supported scaffold per plan submitted. Work shall comply with 2022 building codes chapter 33. No change in use, egress and/or occupancy with this application.",2500,"DERMOT REALTY MANAGEMENT CO., LP",JOHN CALCATERRA,Permit Issued,878648366,10017,40.754987,-73.972691,106,4,1013020033,92,East Midtown-Turtle Bay,,
M01185855-S1,M01185855-S1-SC,2,Renewal Permit Without Changes,10,PARK AVENUE,MANHATTAN,35,1017105,864,106,,Suspended Scaffold,R,005480,PANAGIOTIS,RIZOS,MILLENIUM RESTORATION COR,36-14 11TH STREET,,,,2025-07-09T00:00:00.000,2026-01-23T00:00:00.000,2027-01-10T00:00:00.000,Facade Restoration & Inspection,0,"AKAM ASSOCIATES, INC.",,Permit Issued,868181574,10016,40.747183,-73.981276,106,4,1008640035,74,Midtown South-Flatiron-Union Square,,
M01372653-I1,M01372653-I1-SF,1,Initial Permit,152,EAST   38 STREET,MANHATTAN,57,1019100,893,106,Open Space,Supported Scaffold,GC,619646,DARIUSZ,MIKUCKI,"NY HILL RESTORATION, INC",24 CAYUGA AVENUE,ALDI,DILO,"Rigid Structural Design, LLC",2026-03-17T00:00:00.000,2026-03-17T00:00:00.000,2026-09-30T00:00:00.000,"Installation of a temporary supported scaffold per plan submitted. Work shall comply with 2022 building codes chapter 33. No change in use, egress and/or occupancy with this application.",2500,PR,Kathryn Flores,Permit Issued,503440364,10016,40.748618,-73.977194,106,4,1008930057,80,Murray Hill-Kips Bay,,
M01297641-I1,M01297641-I1-SC,1,Initial Permit,220,EAST   42 STREET,MANHATTAN,7501,1037546,1315,106,,Suspended Scaffold,R,006104,STEVE,MARKU,COLGATE RESTORATION CORP,147 28TH STREET,MEGAN,TROXELL,"Rigging Consultants, Inc.",2025-10-08T00:00:00.000,2025-10-08T00:00:00.000,2026-10-08T04:00:00.000,Suspended Scaffolding for Facade Restoration as shown on plans,0,SL Green,Gianna Pilalis,Permit Issued,551074722,10017,40.750275,-73.973299,106,4,1013157501,88,Murray Hill-Kips Bay,,
M01192102-I1,M01192102-I1-SH,2,Renewal Permit with Changes,145,EAST   35 STREET,Manhattan,30,1018905,891,106,Open Space,Sidewalk Shed,GC,626569,PRITPAL,KAUR,PARK CONTRACTING GROUP,12 HARBOR CT E,,,,2025-03-13T00:00:00.000,2025-07-11T00:00:00.000,2026-07-11T04:00:00.000,"INSTALLATION OF TEMPORARY HEAVY DUTY SIDEWALK SHED AS PER PLANS. NO CHANGE IN USE, EGRESS OR OCCUPANCY. SIDEWALK SHED SHALL COMPLY WITH CHAPTER #33 OF 2022 THE NYC BUILDING CODE. LIVE LOAD 300PSF.",1000,MNK ENTERPRISES NY INC,PRITPAL KAUR,Permit Issued,630039474,10016,40.746925,-73.97888,106,4,1008910030,80,Murray Hill-Kips Bay,,
M00606441-I1,M00606441-I1-SH,6,Renewal Permit Without Changes,220,EAST   42 STREET,Manhattan,7501,1037546,1315,106,Sidewalk,Sidewalk Shed,GC,607447,WILLIAM,LAFFEY,SPRING SCAFFOLDING LLC,49-30 31ST PLACE,,,,2021-10-13T00:00:00.000,2026-03-06T00:00:00.000,2026-06-04T04:00:00.000,"INSTALLATION OF 300 psf SIDEWALK SHED AS PER PLANS. SIDEWALK SHED SHALL COMPLY WITH CHAPTER #33 OF THE 2014 CODE. NO CHANGE INUSE, EGRESS OR OCCUPANCY UNDER THIS APPLICATION.",10000,SPRING SCAFFOLDING LLC,WILLIAM KNIGHT,Permit Issued,964719776,10017,40.750275,-73.973299,106,4,1013157501,88,Murray Hill-Kips Bay,,
M01274810-I1,M01274810-I1-SF,1,Initial Permit,17,WEST   32 STREET,Manhattan,29,1015849,834,105,Facade,Supported Scaffold,GC,621472,LUCIO.GIL,RUMALDO,RELIABLE ENTERPRISES INC,1431 BRUCKNER BOULEVARD,,,,2025-08-21T00:00:00.000,2025-08-21T00:00:00.000,2026-08-21T04:00:00.000,"PROPOSED INSTALLATION OF TEMPORARY PIPE SCAFFOLD AS PER PLANS. WORK SHALL COMPLY WITH CHAPTER #33 OF THE NYC BUILDING CODE. NO CHANGE IN USE, OCCUPANCY, OR EGRESS UNDER THIS APPLICATION.",15000,RELIABLE ENTERPRISES INC,LUCIO.GIL RUMALDO,Signed-off,619077164,10001,40.747466,-73.98621,105,4,1008340029,76,Midtown South-Flatiron-Union Square,,
M01310309-I1,M01310309-I1-SH,1,Initial Permit,3,TIMES SQUARE,MANHATTAN,33,1024686,1014,105,Open Space,Sidewalk Shed,GC,623088,RENE,NUNEZ,ANDAMIO SCAFFOLDING LLC,20 BURLING LANE (BOX 4-1),,,,2026-01-20T00:00:00.000,2026-01-20T00:00:00.000,2026-04-20T04:00:00.000,"INSTALLATION OF TEMPORARY HEAVY DUTY SIDEWALK SHED AS PER PLANS. NO CHANGE IN USE, EGRESS OR OCCUPANCY. SIDEWALK SHED SHALL COMPLY WITH CHAPTER #33 OF 2022 THE NYC BUILDING CODE. LIVE LOAD 300PSF.",1000,NYC ECONOMIC DEVELOPMENT CORP,David Lowin,Signed-off,142625059,10036,40.75614,-73.986883,105,3,1010147501,119,Midtown-Times Square,,
M01037448-I1,M01037448-I1-SH,3,Renewal Permit Without Changes,255,EAST   39 STREET,MANHATTAN,28,1091788,920,106,Open Space,Sidewalk Shed,GC,601568,IBRAIM,REXHA,SKYLINE SCAFFOLDING GROUP,740 RAMSEY AVENUE,ALDI,DILO,"Rigid Structural Design, LLC",2024-04-25T00:00:00.000,2026-03-23T00:00:00.000,2026-06-21T04:00:00.000,"Installation of a temporarily heavy-duty sidewalk shed per plan submitted. Work shall comply with 2022 building codes chapter 33. No change in use, egress and/or occupancy with this application.",20000,SKYLINE SCAFFOLDING GROUP,IBRAIM REDZA,Signed-off,354104772,10016,40.748247,-73.974347,106,4,1009200028,88,Murray Hill-Kips Bay,,
M01093435-I1,M01093435-I1-SF,3,Renewal Permit Without Changes,270,PARK AVENUE,MANHATTAN,21,1091010,1283,105,Floor Number(s) 056 through 058,Supported Scaffold,GC,608211,ERIK,OH,"SAFWAY ATLANTIC, LLC",700 COMMERCIAL AVENUE,JEEWAN,ITWARIE,A1 EXPEDITING SERVICE CORP.,2024-08-09T00:00:00.000,2025-09-26T00:00:00.000,2026-09-26T04:00:00.000,"TEMPORARY SUPPORTED SCAFFOLD PLATFORM AS PER DRAWINGS. SCAFFOLD SHALL COMPLY WITH CH #33 OF THE NYC BC. NO CHANGE IN USE, OCCUPANCY OR EGRESS UNDER THIS APPLICATION.",5000,"SAFWAY ATLANTIC, LLC",Eric Guhring,Signed-off,382084325,10017,40.755641,-73.975109,105,4,1012830021,94,Midtown-Times Square,,
M01315426-I1,M01315426-I1-FN,2,Renewal Permit Without Changes,355,LEXINGTON AVENUE,MANHATTAN,23,1036147,1295,106,Ground Floor,Sidewalk Shed,GC,018914,PHILIP,SUSI,ARSENAL SCAFFOLD INC,95 JERSEY STREET,,,,2025-11-26T00:00:00.000,2026-03-16T00:00:00.000,2027-03-16T00:00:00.000,"INSTALLATION OF HEAVY DUTY SIDEWALK SHED AND CONSTRUCTION PLYWOOD FENCE AS PER PLANS. TEMPORARY EQUIPMENT SHALL COMPLY WITH CHAPTER #33 OF THE 2022 CODE. NO CHANGE IN USE, EGRESS OR OCCUPANCY UNDER THIS APPLICATION.",27000,RUDIN MANAGEMENT INC,Paul Mandel,Permit Issued,329920625,10016,40.750064,-73.976739,106,4,1012950023,80,Murray Hill-Kips Bay,,
M01293147-I1,M01293147-I1-SH,1,Initial Permit,129,EAST   28 STREET,Manhattan,17,1082100,884,105,Open Space,Sidewalk Shed,GC,609534,FARI,HAMA,REPUBLIC SCAFFOLD&HOIST C,420 MANIDA STREET,ALDI,DILO,"Rigid Structural Design, LLC",2025-10-03T00:00:00.000,2025-10-03T00:00:00.000,2026-07-14T04:00:00.000,"Installation of a temporarily heavy-duty sidewalk shed per plan submitted. Work shall comply with 2022 building codes chapter 33. No change in use, egress and/or occupancy with this application.",2500,REPUBLIC SCAFFOLD & HOIST CORP,FARI HAMA,Permit Issued,402518437,10016,40.74275,-73.982682,105,2,1008840017,72,Murray Hill-Kips Bay,,
M01147653-I1,M01147653-I1-SH,2,Renewal Permit Without Changes,249,EAST   30 STREET,MANHATTAN,28,1019953,911,106,Open Space,Sidewalk Shed,GC,623347,DEVESHWARI,PRASHAD,BUILDCOX CONSTRUCTION COR,47 WHITSON STREET,ALDI,DILO,"Rigid Structural Design, LLC",2024-12-06T00:00:00.000,2025-12-23T00:00:00.000,2026-11-14T05:00:00.000,"Installation of a temporarily heavy-duty sidewalk shed per plan submitted. Work shall comply with 2022 building codes chapter 33. No change in use, egress and/or occupancy with this application.",8000,PR,DONNA AGOSTA,Permit Issued,475983583,10016,40.742426,-73.978059,106,2,1009110028,7002,Murray Hill-Kips Bay,,
M01157182-I1,M01157182-I1-SH,3,Renewal Permit Without Changes,535,3 AVENUE,MANHATTAN,64,1020202,916,106,Open Space,Sidewalk Shed,GC,623088,RENE,NUNEZ,ANDAMIO SCAFFOLDING LLC,20 BURLING LANE (BOX 4-1),ALDI,DILO,"Rigid Structural Design, LLC",2024-12-19T00:00:00.000,2025-12-27T00:00:00.000,2026-07-19T04:00:00.000,"Installation of a temporarily heavy-duty sidewalk shed per plan submitted. Work shall comply with 2022 building codes chapter 33. No change in use, egress and/or occupancy with this application.",5000,PR,Vito Vacca,Signed-off,468301642,10016,40.746751,-73.977361,106,4,1009160064,78,Murray Hill-Kips Bay,,
M01247876-I1,M01247876-I1-SH,1,Initial Permit,373,5 AVENUE,MANHATTAN,1,1017116,865,105,Sidewalk,Supported Scaffold,GC,615905,HARPREET,SINGH,KINGS GROUP NY CORP,120-05 ATLANTIC AVENUE STE 2,,,,2025-06-30T00:00:00.000,2025-06-30T00:00:00.000,2026-06-30T04:00:00.000,"INSTALLATION OF HEAVY DUTY SIDEWALK SHED AND PIPE SCAFFOLDING. NO CHANGE IN USE, OCCUPANCY OR EGRESS UNDER THIS APPLICATION, ALL WORK TO COMPLY WITH CHAPTER 33 OF NYCBC.",35000,KINGS GROUP NY CORP,HARPREET SINGH,Signed-off,914441369,10016,40.749193,-73.984001,105,4,1008650001,82,Midtown-Times Square,,
M01202084-I1,M01202084-I1-SH,2,Renewal Permit Without Changes,206,EAST   31 STREET,MANHATTAN,64,1086764,911,106,Ground Floor,Sidewalk Shed,GC,621472,LUCIO.GIL,RUMALDO,RELIABLE ENTERPRISES INC,1431 BRUCKNER BOULEVARD,,,,2025-03-28T00:00:00.000,2026-03-17T00:00:00.000,2026-06-15T00:00:00.000,"PROPOSED INSTALLATION OF HEAVY DUTY SIDEWALK SHED AS PER PLANS. LIVE LOAD 300 LBS PER SQUARE FEET. SIDEWALK SHED SHALL COMPLY WITH CHAPTER #33 OF THE NYC BUILDING CODE. NO CHANGE IN USE, OCCUPANCY, OR EGRESS UNDER THIS APPLICATION.",5000,RELIABLE ENTERPRISES INC,LUCIO.GIL RUMALDO,Permit Issued,649536688,10016,40.743631,-73.979072,106,2,1009110064,7002,Murray Hill-Kips Bay,,
M01341026-I1,M01341026-I1-SC,1,Initial Permit,451,PARK AVENUE SOUTH,MANHATTAN,5,1018297,886,105,,Suspended Scaffold,R,005739,ANDREW,ROSENWACH,"ROSENWACH TANK CO.,LLC",40-25 CRESCENT STREET,,,,2026-01-20T00:00:00.000,2026-01-21T00:00:00.000,2026-12-31T05:00:00.000,MATERIAL HOIST,0,451-453 PARK AVE. SOUTH CORP,,Signed-off,539303783,10016,40.744867,-73.982941,105,2,1008860005,72,Murray Hill-Kips Bay,,
M01274811-I1,M01274811-I1-SH,1,Initial Permit,17,WEST   32 STREET,Manhattan,29,1015849,834,105,Ground Floor,Sidewalk Shed,GC,621472,LUCIO.GIL,RUMALDO,RELIABLE ENTERPRISES INC,1431 BRUCKNER BOULEVARD,,,,2025-08-21T00:00:00.000,2025-08-21T00:00:00.000,2026-08-21T04:00:00.000,"PROPOSED INSTALLATION OF HEAVY DUTY SIDEWALK SHED AS PER PLANS. LIVE LOAD 300 LBS PER SQUARE FEET. SIDEWALK SHED SHALL COMPLY WITH CHAPTER #33 OF THE NYC BUILDING CODE. NO CHANGE IN USE, OCCUPANCY, OR EGRESS UNDER THIS APPLICATION.",15000,RELIABLE ENTERPRISES INC,LUCIO.GIL RUMALDO,Signed-off,413626285,10001,40.747466,-73.98621,105,4,1008340029,76,Midtown South-Flatiron-Union Square,,
M01371078-I1,M01371078-I1-SC,1,Initial Permit,250,PARK AVENUE,MANHATTAN,34,1035405,1282,105,,Suspended Scaffold,R,007652,ARUN,MAL,SUPERSTARS CONTRACTING IN,40-27 24TH STREET,,,,2026-03-17T00:00:00.000,2026-03-19T00:00:00.000,2026-06-26T04:00:00.000,IRA Rope Access Facade Inspection,0,Not Applicable,,Signed-off,125077721,10177,40.754777,-73.975745,105,4,1012820034,94,Midtown-Times Square,,
M01361896-I1,M01361896-I1-SF,1,Initial Permit,235,EAST   49 STREET,Manhattan,15,1038229,1323,106,"Open Space, Sidewalk",Supported Scaffold,GC,612491,JIMMY,HSU,MC SUPERSTRUCTURE INC,135-53 NORTHERN BLVD #2B,,,,2026-04-01T00:00:00.000,2026-04-01T00:00:00.000,2026-12-09T05:00:00.000,"INSTALLATION OF 300 PSF SIDEWALK SHED AS PER PLANS. ALL EQUIPMENT SHALL COMPLY WITH CHAPTER #33 OF THE 2022 CODE. NO CHANGE IN USE, EGRESS OR OCCUPANCY UNDER THIS APPLICATION.",25000,235 EAST 49 STREET TENANTS CORP.,NINA KULMALA,Permit Issued,407004882,10017,40.754858,-73.970396,106,4,1013230015,98,East Midtown-Turtle Bay,,
M01333871-I1,M01333871-I1-SF,2,Renewal Permit Without Changes,366,MADISON AVENUE,MANHATTAN,56,1035394,1281,105,Open Space,Sidewalk Shed,GC,612137,DANIEL,CHIRILA,DYNAMIC HOISTING SCAFF IN,4330 48TH STREET APT 1B,ALDI,DILO,"Rigid Structural Design, LLC",2025-12-16T00:00:00.000,2026-03-16T00:00:00.000,2026-12-19T00:00:00.000,"Installation of a temporarily supported scaffold and heavy-duty sidewalk shed per plan submitted. Work shall comply with 2022 building codes chapter 33. No change in use, egress and/or occupancy with this application.",5000,DYNAMIC HOISTING SCAFFOLDING,DANIEL CHIRILA,Permit Issued,373860194,10017,40.755046,-73.977654,105,4,1012810056,94,Midtown-Times Square,,
M01248834-I1,M01248834-I1-SF,1,Initial Permit,270,PARK AVENUE,MANHATTAN,21,1091010,1283,105,Floor Number(s) 016 through 016,Supported Scaffold,GC,608211,ERIK,OH,"SAFWAY ATLANTIC, LLC",700 COMMERCIAL AVENUE,JEEWAN,ITWARIE,A1 EXPEDITING SERVICE CORP.,2025-07-03T00:00:00.000,2025-07-03T00:00:00.000,2026-07-03T04:00:00.000,"TEMPORARY HAKI SYSTEM SCAFFOLD AS PER DRAWINGS. HAKI SYSTEM SCAFFOLD SHALL COMPLY WITH CH #33 OF THE NYC BC. NO CHANGE IN USE, OCCUPANCY OR EGRESS UNDER THIS APPLICATION.",4000,"SAFWAY ATLANTIC, LLC",Eric Guhring,Signed-off,688361329,10017,40.755641,-73.975109,105,4,1012830021,94,Midtown-Times Square,,
M01099301-I1,M01099301-I1-SC,2,Renewal Permit with Changes,255,EAST   39 STREET,MANHATTAN,28,1091788,920,106,,Suspended Scaffold,GC,626790,MILIVOJ,SOFRANIN,DORIA SCAFFOLDING LLC,205-02 JAMAICA AVENUE,,,,2024-08-27T00:00:00.000,2025-10-07T00:00:00.000,2026-10-07T04:00:00.000,"INSTALLATION OF TEMPORARY SUSPENDED SCAFFOLDS PER PLAN SUBMITTED. WORK SHALL COMPLY WITH 2022 BUILDING CODE CHAPTER 33. NO CHANGE IN USE, EGRESS AND/OR OCCUPANCY WITH THIS APPLICATION.",0,"DORIA, INC",MILIVOJ SOFRANIN,Permit Issued,609981995,10016,40.748247,-73.974347,106,4,1009200028,88,Murray Hill-Kips Bay,,
M01201902-I1,M01201902-I1-FN,3,Renewal Permit Without Changes,570,5 AVENUE,MANHATTAN,37,1091853,1262,105,Sidewalk,Construction Fence,GC,027785,CYRIL,KEARNEY,KINGDOM ASSOCIATES INC,46-11 54TH AVENUE SUITE 3,,,,2025-04-01T00:00:00.000,2025-10-01T00:00:00.000,2026-09-30T04:00:00.000,Installation of Temporary Construction Fence on sidewalk and roadway.,5000,EXTELL DEVELOPMENT,David Rothstein,Permit Issued,109015373,10036,40.756087,-73.979408,105,4,1012610041,96,Midtown-Times Square,,
M01293430-I1,M01293430-I1-SC,1,Initial Permit,27,EAST   30 STREET,MANHATTAN,24,1016959,860,105,,Suspended Scaffold,R,006238,JOSE,LOPEZ,SKYLIMIT CONTRACTING LLC,98-06 ASTORIA BOULEVARD,HANCE,MERCEDES,SYNERGY BUILDING CONSULTANTS,2025-10-01T00:00:00.000,2025-10-02T00:00:00.000,2026-08-06T00:00:00.000,Installation of suspended scaffold for facade inspection/repair.,0,PR,,Signed-off,638337670,10016,40.745128,-73.984496,105,2,1008600024,74,Midtown South-Flatiron-Union Square,,A
M00839417-I1,M00839417-I1-SH,4,Renewal Permit Without Changes,60,EAST   42 STREET,MANHATTAN,42,1035335,1276,105,Open Space,Sidewalk Shed,GC,623088,RENE,NUNEZ,ANDAMIO SCAFFOLDING LLC,20 BURLING LANE (BOX 4-1),,,,2023-03-07T00:00:00.000,2026-03-02T00:00:00.000,2026-05-31T00:00:00.000,"INSTALLATION OF TEMPORARY HEAVY DUTY SIDEWALK SHED AS PER PLANS. NO CHANGE IN USE, EGRESS OR OCCUPANCY. SIDEWALK SHED SHALL COMPLY WITH CHAPTER #33 OF THE NYC BUILDING CODE. LIVE LOAD 300PSF.",1000,ESRT,GARY D'ALESSIO,Signed-off,629555338,10017,40.752612,-73.978853,105,4,1012760042,82,Midtown-Times Square,,
M01211016-I1,M01211016-I1-SH,1,Initial Permit,63,MADISON AVENUE,MANHATTAN,24,1016889,857,105,Sidewalk,Sidewalk Shed,GC,620022,EDWARD,KELLY,CONSOLIDATED SCAFFOLDING,20 PARK ROAD,,,,2025-04-16T00:00:00.000,2025-04-16T00:00:00.000,2026-04-16T04:00:00.000,"INSTALLATION OF A HEAVY DUTY SIDEWALK SHED AS PER PLANS DURING GENERAL CONSTRUCTION WORK. NO CHANGE IN USE, EGRESS OR OCCUPANCY. SIDEWALK SHED TO COMPLY WITH CHAPTER 33 OF NYC BUILDING CODE OF 2022.",5000,CONSOLIDATED SCAFFOLDING INC.,TOM BOWES,Permit Issued,699199656,10016,40.743901,-73.985467,105,2,1008570024,56,Midtown South-Flatiron-Union Square,,J
M01021862-I1,M01021862-I1-FN,3,Renewal Permit Without Changes,993,AVENUE OF THE AMERICAS,Manhattan,45,1090627,812,105,Open Space,Sidewalk Shed,GC,616838,EDMUND,KIRCH,DHS FRACO LLC,4612 QUEENS BLVD,ALDI,DILO,"Rigid Structural Design, LLC",2024-03-19T00:00:00.000,2026-03-19T00:00:00.000,2027-03-19T04:00:00.000,"INSTALLATION OF 300 PSF SIDEWALK SHED, CONSTRUCTION FENCE, ROOF OF PROTECTION and OHP via Needle Beam AS PER PLANS. ALL EQUIPMENT SHALL COMPLY WITH CHAPTER #33 OF THE 2022 CODE. NO CHANGE IN USE, EGRESS OR OCCUPANCY UNDER THIS APPLICATION.",1000,"DHS FRACO, LLC",EDMUND KIRSCH,Permit Issued,741329993,10018,40.751504,-73.986556,105,4,1008120045,109,Midtown-Times Square,,
M01113090-I1,M01113090-I1-SH,2,Renewal Permit with Changes,217,EAST   49 STREET,Manhattan,109,1038244,1323,106,Open Space,Sidewalk Shed,GC,626569,PRITPAL,KAUR,PARK CONTRACTING GROUP,12 HARBOR CT E,,,,2024-09-20T00:00:00.000,2025-07-16T00:00:00.000,2026-07-16T04:00:00.000,"INSTALLATION OF TEMPORARY HEAVY DUTY SIDEWALK SHED AS PER PLANS. NO CHANGE IN USE, EGRESS OR OCCUPANCY. SIDEWALK SHED SHALL COMPLY WITH CHAPTER #33 OF 2022 THE NYC BUILDING CODE. LIVE LOAD 300PSF.",1000,MNK ENTERPRISES NY INC,PRITPAL KAUR,Signed-off,673955713,10017,40.754951,-73.970623,106,4,1013230109,98,East Midtown-Turtle Bay,,
M01317675-I1,M01317675-I1-SF,2,Renewal Permit Without Changes,355,LEXINGTON AVENUE,MANHATTAN,23,1036147,1295,106,Facade,Supported Scaffold,GC,018914,PHILIP,SUSI,ARSENAL SCAFFOLD INC,95 JERSEY STREET,,,,2025-12-24T00:00:00.000,2026-03-16T00:00:00.000,2027-03-16T00:00:00.000,"INSTALLATION OF PIPE SCAFFOLDING AS PER PLANS. PIPE SCAFFOLD SHALL COMPLY WITH CHAPTER #33 OF THE 2022 CODE. NO CHANGE IN USE, EGRESS OR OCCUPANCY UNDER THIS APPLICATION.",36000,RUDIN MANAGEMENT INC,Paul Mandel,Permit Issued,106547461,10016,40.750064,-73.976739,106,4,1012950023,80,Murray Hill-Kips Bay,,
M01315426-I1,M01315426-I1-FN,2,Renewal Permit Without Changes,355,LEXINGTON AVENUE,MANHATTAN,23,1036147,1295,106,Ground Floor,Construction Fence,GC,018914,PHILIP,SUSI,ARSENAL SCAFFOLD INC,95 JERSEY STREET,,,,2025-11-26T00:00:00.000,2026-03-16T00:00:00.000,2027-03-16T00:00:00.000,"INSTALLATION OF HEAVY DUTY SIDEWALK SHED AND CONSTRUCTION PLYWOOD FENCE AS PER PLANS. TEMPORARY EQUIPMENT SHALL COMPLY WITH CHAPTER #33 OF THE 2022 CODE. NO CHANGE IN USE, EGRESS OR OCCUPANCY UNDER THIS APPLICATION.",27000,RUDIN MANAGEMENT INC,Paul Mandel,Permit Issued,329920625,10016,40.750064,-73.976739,106,4,1012950023,80,Murray Hill-Kips Bay,,
M01319914-I1,M01319914-I1-SF,1,Initial Permit,570,FIFTH AVENUE,MANHATTAN,37,1091853,1262,105,Cellar,Supported Scaffold,GC,027785,CYRIL,KEARNEY,KINGDOM ASSOCIATES INC,46-11 54TH AVENUE SUITE 3,,,,2025-11-20T00:00:00.000,2025-11-20T00:00:00.000,2026-09-30T04:00:00.000,Supported Scaffold Stair Tower,5000,EXTELL DEVELOPMENT,David Rothstein,Permit Issued,678378443,10036,40.756087,-73.979408,105,4,1012610041,96,Midtown-Times Square,,
M01105493-S1,M01105493-S1-SF,2,Renewal Permit Without Changes,121,EAST   37 STREET,MANHATTAN,15,1019087,893,106,Open Space,Supported Scaffold,GC,615905,HARPREET,SINGH,KINGS GROUP NY CORP,183-02 LIBERTY AVE,,,,2025-04-25T00:00:00.000,2026-04-23T00:00:00.000,2026-10-14T00:00:00.000,"installation of pipe scaffolding. no change in use, occupancy or egress. all work shall comply with chapter 33 of nycbc",1,KINGS GROUP NY CORP,HARPREET SINGH,Permit Issued,907230263,10016,40.748555,-73.978912,106,4,1008930015,80,Murray Hill-Kips Bay,,
M01310888-I1,M01310888-I1-SH,1,Initial Permit,214,EAST   29 STREET,Manhattan,46,1019906,909,106,Open Space,Sidewalk Shed,GC,610421,SHARANJIT,KAUR,NEW SAFEWAY CONTRACTING,175-14 HILLSIDE AVENUE,,,,2025-10-30T00:00:00.000,2025-11-06T00:00:00.000,2026-11-06T05:00:00.000,INSTALLATION OF HEAVU DUTY SIDEWALK SHED AT EXP. # 2. SHED WILL BE PLACED IN FRONT OF BUILDING 218 E 29 ST FOR PUBLIC SAFETY AT ADJACENT BUILDING. DURING FACADE REPAIR AT 214 E 29 ST.,10000,Housing Preservation & Development,Samuel Demo,Permit Issued,129493846,10016,40.742344,-73.979856,106,2,1009090046,66,Murray Hill-Kips Bay,,
M01361896-I1,M01361896-I1-SF,1,Initial Permit,235,EAST   49 STREET,Manhattan,15,1038229,1323,106,"Open Space, Sidewalk",Sidewalk Shed,GC,612491,JIMMY,HSU,MC SUPERSTRUCTURE INC,135-53 NORTHERN BLVD #2B,,,,2026-04-01T00:00:00.000,2026-04-01T00:00:00.000,2026-12-09T05:00:00.000,"INSTALLATION OF 300 PSF SIDEWALK SHED AS PER PLANS. ALL EQUIPMENT SHALL COMPLY WITH CHAPTER #33 OF THE 2022 CODE. NO CHANGE IN USE, EGRESS OR OCCUPANCY UNDER THIS APPLICATION.",25000,235 EAST 49 STREET TENANTS CORP.,NINA KULMALA,Permit Issued,407004882,10017,40.754858,-73.970396,106,4,1013230015,98,East Midtown-Turtle Bay,,
M01361896-I1,M01361896-I1-SH,1,Initial Permit,235,EAST   49 STREET,Manhattan,15,1038229,1323,106,"Open Space, Sidewalk",Supported Scaffold,GC,612491,JIMMY,HSU,MC SUPERSTRUCTURE INC,135-53 NORTHERN BLVD #2B,,,,2026-04-01T00:00:00.000,2026-04-01T00:00:00.000,2026-06-30T04:00:00.000,"INSTALLATION OF 300 PSF SIDEWALK SHED AS PER PLANS. ALL EQUIPMENT SHALL COMPLY WITH CHAPTER #33 OF THE 2022 CODE. NO CHANGE IN USE, EGRESS OR OCCUPANCY UNDER THIS APPLICATION.",25000,235 EAST 49 STREET TENANTS CORP.,NINA KULMALA,Permit Issued,585016951,10017,40.754858,-73.970396,106,4,1013230015,98,East Midtown-Turtle Bay,,
M00997923-I1,M00997923-I1-SH,3,Renewal Permit Without Changes,44,WEST   44 STREET,MANHATTAN,11,1034203,1259,105,Sidewalk,Sidewalk Shed,GC,620254,MANDIP,KAUR,PLATINUM SERVICES NY LLC,53-28 11TH STREET 2ND FL,RAMANI,MARIAPPAN,ROYAL EXPEDITING,2024-02-07T00:00:00.000,2026-01-30T00:00:00.000,2026-09-29T00:00:00.000,"INSTALLATION OF 300PSF SIDEWALK SHED AS PER PLANS. SIDEWALK SHED SHALL COMPLY WITH CHAPTER # 33 OF THE NYC CODE 2022, NO CHANGES IN USE EGRESS OR OCCUPANCY UNDER THIS APPLICATION.",5000,PLATINUM SERVICES NY LLC,MANDIP KAUR,Permit Issued,561421040,10036,40.755395,-73.981415,105,4,1012590011,96,Midtown-Times Square,,
M01198293-I1,M01198293-I1-SH,1,Initial Permit,16,EAST   34 STREET,MANHATTAN,13,1017077,863,105,"Open Space, Sidewalk",Supported Scaffold,GC,615905,HARPREET,SINGH,KINGS GROUP NY CORP,120-05 ATLANTIC AVENUE STE 2,,,,2025-03-27T00:00:00.000,2025-04-01T00:00:00.000,2026-04-01T04:00:00.000,"installation of heavy duty sidewalk shed and pipe scaffolding. no change in use, occupancy or egress. work shall comply with chapter 33 of nycbc.",1,KINGS GROUP NY CORP,HARPREET SINGH,Signed-off,616918446,10016,40.748147,-73.983889,105,4,1008630013,74,Midtown South-Flatiron-Union Square,,
M01299660-I1,M01299660-I1-SH,1,Initial Permit,161,LEXINGTON AVENUE,MANHATTAN,7505,1018312,886,106,Open Space,Sidewalk Shed,GC,617232,ERIND,GAZHELI,CORE SCAFFOLD SYSTEMS INC,417 MYRTLE AVE SUITE 14,ELY,SEPULVEDA,AE DESIGN SOLUTION INC.,2025-10-09T00:00:00.000,2025-11-07T00:00:00.000,2026-11-07T05:00:00.000,"INSTALLATION OF TEMPORARY SIDEWALK SHED AS PER PLANS. NO CHANGE IN USE, EGRESS OR OCCUPANCY.",1,OWNERS REP,EDDIE GAZHELI,Permit Issued,856194539,10016,40.743969,-73.981483,106,2,1008867505,72,Murray Hill-Kips Bay,,
M01300907-I1,M01300907-I1-SF,1,Initial Permit,226,EAST   49 STREET,MANHATTAN,37,1038025,1322,106,Facade,Supported Scaffold,GC,626569,PRITPAL,KAUR,PARK CONTRACTING GROUP,12 HARBOR CT E,,,,2025-10-15T00:00:00.000,2025-10-15T00:00:00.000,2026-10-15T04:00:00.000,"PROPOSED INSTALLATION OF TEMPORARY PIPE SCAFFOLD AS PER PLANS. WORK SHALL COMPLY WITH CHAPTER #33 OF 2022 THE NYC BUILDING CODE. NO CHANGE IN USE, OCCUPANCY, OR EGRESS UNDER THIS APPLICATION.",1000,Park Contracting Group LLC.,PRITPAL KAUR,Permit Issued,659921466,10017,40.754869,-73.970471,106,4,1013220037,90,East Midtown-Turtle Bay,,
M00433390-I1,M00433390-I1-FN,10,Renewal Permit with Changes,7,WEST 44 STREET,MANHATTAN,28,1034225,1260,105,Ground Floor,Construction Fence,GC,626632,ANISH,AZEEM,A. TRICONE CONSTRUCTION I,42 MONTAGNE STREET,SATWANT,MINHAS,ATLANTIC BUILDING SUPPLY INC.,2020-12-11T00:00:00.000,2026-01-30T00:00:00.000,2026-12-27T00:00:00.000,"INSTALLATION OF PLYWOOD FENCE AS PER PLAN. NO CHANGE IN USE,OCCUPANCY, OR EGRESS UNDER THIS APPLICATION.",3000,TRICONE CONST & MNGMT INC,AFZAL BHATTI,Permit Issued,808683585,10036,40.755129,-73.98074,105,4,1012600028,96,Midtown-Times Square,,
M01314194-I1,M01314194-I1-SC,1,Initial Permit,292,MADISON AVENUE,MANHATTAN,59,1035322,1275,105,,Suspended Scaffold,R,006248,LOOMIS,LINDGREN,LAWRENCE EXTERIOR REST CO,150-44 11TH AVENUE,ELY,SEPULVEDA,AE DESIGN SOLUTION INC.,2025-11-10T00:00:00.000,2025-11-12T00:00:00.000,2026-11-12T05:00:00.000,Installation of suspended scaffold for facade work or inspection.,0,60 G,,Permit Issued,233785974,10017,40.75189,-73.979965,105,4,1012750059,82,Midtown-Times Square,,
M01198293-I1,M01198293-I1-SH,1,Initial Permit,16,EAST   34 STREET,MANHATTAN,13,1017077,863,105,"Open Space, Sidewalk",Sidewalk Shed,GC,615905,HARPREET,SINGH,KINGS GROUP NY CORP,120-05 ATLANTIC AVENUE STE 2,,,,2025-03-27T00:00:00.000,2025-04-01T00:00:00.000,2026-04-01T04:00:00.000,"installation of heavy duty sidewalk shed and pipe scaffolding. no change in use, occupancy or egress. work shall comply with chapter 33 of nycbc.",1,KINGS GROUP NY CORP,HARPREET SINGH,Signed-off,616918446,10016,40.748147,-73.983889,105,4,1008630013,74,Midtown South-Flatiron-Union Square,,
M01303828-I1,M01303828-I1-SF,1,Initial Permit,292,MADISON AVENUE,MANHATTAN,59,1035322,1275,105,"Open Space, Roof",Supported Scaffold,GC,015697,LOOMIS,LINDGREN,LAWRENCE EXTERIOR RESTORA,150-44 11TH AVENUE,ELY,SEPULVEDA,AE DESIGN SOLUTION INC.,2025-11-17T00:00:00.000,2025-11-17T00:00:00.000,2026-11-17T05:00:00.000,"INSTALLATION OF TEMPORARY PIPE SCAFFOLD AS PER PLANS. NO CHANGE IN USE, EGRESS OR OCCUPANCY.",1,"20 W 33RD ST. PROPERTY OWNER, LLC",Kevin Chisholm,Permit Issued,867823131,10017,40.75189,-73.979965,105,4,1012750059,82,Midtown-Times Square,,
M01040330-I1,M01040330-I1-SF,2,Renewal Permit with Changes,6,EAST   32 STREET,MANHATTAN,72,1017003,861,105,Facade,Supported Scaffold,GC,626569,PRITPAL,KAUR,PARK CONTRACTING GROUP,12 HARBOR CT E,,,,2024-04-24T00:00:00.000,2025-04-18T00:00:00.000,2026-04-18T04:00:00.000,"PROPOSED INSTALLATION OF TEMPORARY LIGHT DUTY PIPE SCAFFOLD AS PER PLANS. WORK SHALL COMPLY WITH CHAPTER #33 OF 2022 THE NYC BUILDING CODE. NO CHANGE IN USE, OCCUPANCY, OR EGRESS UNDER THIS APPLICATION.",1000,MNK ENTERPRISES NY INC,PRITPAL KAUR,Permit Issued,155981998,10016,40.746958,-73.985059,105,4,1008610072,74,Midtown South-Flatiron-Union Square,,
M01021862-I1,M01021862-I1-FN,3,Renewal Permit Without Changes,993,AVENUE OF THE AMERICAS,Manhattan,45,1090627,812,105,Open Space,Construction Fence,GC,616838,EDMUND,KIRCH,DHS FRACO LLC,4612 QUEENS BLVD,ALDI,DILO,"Rigid Structural Design, LLC",2024-03-19T00:00:00.000,2026-03-19T00:00:00.000,2027-03-19T04:00:00.000,"INSTALLATION OF 300 PSF SIDEWALK SHED, CONSTRUCTION FENCE, ROOF OF PROTECTION and OHP via Needle Beam AS PER PLANS. ALL EQUIPMENT SHALL COMPLY WITH CHAPTER #33 OF THE 2022 CODE. NO CHANGE IN USE, EGRESS OR OCCUPANCY UNDER THIS APPLICATION.",1000,"DHS FRACO, LLC",EDMUND KIRSCH,Permit Issued,741329993,10018,40.751504,-73.986556,105,4,1008120045,109,Midtown-Times Square,,
M01198293-I1,M01198293-I1-SF,1,Initial Permit,16,EAST   34 STREET,MANHATTAN,13,1017077,863,105,"Open Space, Sidewalk",Sidewalk Shed,GC,615905,HARPREET,SINGH,KINGS GROUP NY CORP,120-05 ATLANTIC AVENUE STE 2,,,,2025-03-27T00:00:00.000,2025-04-01T00:00:00.000,2026-04-01T04:00:00.000,"installation of heavy duty sidewalk shed and pipe scaffolding. no change in use, occupancy or egress. work shall comply with chapter 33 of nycbc.",1,KINGS GROUP NY CORP,HARPREET SINGH,Signed-off,264257207,10016,40.748147,-73.983889,105,4,1008630013,74,Midtown South-Flatiron-Union Square,,
M01361896-I1,M01361896-I1-SH,1,Initial Permit,235,EAST   49 STREET,Manhattan,15,1038229,1323,106,"Open Space, Sidewalk",Sidewalk Shed,GC,612491,JIMMY,HSU,MC SUPERSTRUCTURE INC,135-53 NORTHERN BLVD #2B,,,,2026-04-01T00:00:00.000,2026-04-01T00:00:00.000,2026-06-30T04:00:00.000,"INSTALLATION OF 300 PSF SIDEWALK SHED AS PER PLANS. ALL EQUIPMENT SHALL COMPLY WITH CHAPTER #33 OF THE 2022 CODE. NO CHANGE IN USE, EGRESS OR OCCUPANCY UNDER THIS APPLICATION.",25000,235 EAST 49 STREET TENANTS CORP.,NINA KULMALA,Permit Issued,585016951,10017,40.754858,-73.970396,106,4,1013230015,98,East Midtown-Turtle Bay,,
M01203858-I1,M01203858-I1-SC,1,Initial Permit,142,EAST   31 STREET,MANHATTAN,56,1018326,886,106,,Suspended Scaffold,R,006248,LOOMIS,LINDGREN,LAWRENCE EXTERIOR REST CO,150-44 11TH AVENUE,ELY,SEPULVEDA,AE DESIGN SOLUTION INC.,2025-04-04T00:00:00.000,2025-04-08T00:00:00.000,2026-04-08T04:00:00.000,Installation of suspended scaffold for facade work or inspection,0,GARAGE MANAGEMENT COMPANY,,Permit Issued,461442157,10016,40.744331,-73.980732,106,2,1008860056,72,Murray Hill-Kips Bay,,
M01343223-I1,M01343223-I1-SH,1,Initial Permit,8,WEST   36 STREET,MANHATTAN,52,1015901,837,105,Open Space,Sidewalk Shed,GC,626569,PRITPAL,KAUR,PARK CONTRACTING GROUP,12 HARBOR CT E,,,,2026-01-20T00:00:00.000,2026-01-20T00:00:00.000,2027-01-20T05:00:00.000,"INSTALLATION OF TEMPORARY HEAVY DUTY SIDEWALK SHED AS PER PLANS. NO CHANGE IN USE, EGRESS OR OCCUPANCY. SIDEWALK SHED SHALL COMPLY WITH CHAPTER #33 OF 2022 THE NYC BUILDING CODE. LIVE LOAD 300PSF.",1000,Park Contracting Group LLC.,PRITPAL KAUR,Permit Issued,125269675,10018,40.749903,-73.984069,105,4,1008370052,84,Midtown-Times Square,,
M01024228-I1,M01024228-I1-FN,1,Initial Permit,317,EAST   34 STREET,MANHATTAN,12,1021900,940,106,Open Space,Construction Fence,GC,618129,RALPH,IUELE,NATIONAL WALL CORP,2023 60TH STREET,MARTIN,BUTLER,"ARCHETYPE CONSULTANTS, INC.",2024-05-06T00:00:00.000,2025-05-21T00:00:00.000,2026-05-21T04:00:00.000,Installation of fence with 3' 0  from property line as indicated on drawings,20000,PR,KENNETH WALSH,Permit Issued,700815721,10016,40.744404,-73.974962,106,4,1009400012,78,Murray Hill-Kips Bay,,
M00840510-I1,M00840510-I1-SF,4,Renewal Permit Without Changes,60,EAST   42 STREET,MANHATTAN,42,1035335,1276,105,Facade,Supported Scaffold,GC,623088,RENE,NUNEZ,ANDAMIO SCAFFOLDING LLC,20 BURLING LANE (BOX 4-1),,,,2023-03-09T00:00:00.000,2026-03-03T00:00:00.000,2026-07-19T00:00:00.000,"PROPOSED INSTALLATION OF TEMPORARY PIPE SCAFFOLD AS PER PLANS. WORK SHALL COMPLY WITH CHAPTER #33 OF 2022 THE NYC BUILDING CODE. NO CHANGE IN USE, OCCUPANCY, OR EGRESS UNDER THIS APPLICATION.",1000,ESRT,GARY D'ALESSIO,Signed-off,743509258,10017,40.752612,-73.978853,105,4,1012760042,82,Midtown-Times Square,,
M00972260-I1,M00972260-I1-SC,3,Renewal Permit Without Changes,300,EAST   40 STREET,MANHATTAN,7501,1022051,945,106,,Suspended Scaffold,R,005763,JOHN,VENETIS,VEMA GROUP LLC,38-68 11TH STREET,,,,2023-12-19T00:00:00.000,2025-05-01T00:00:00.000,2026-05-01T04:00:00.000,"Installation of suspended scaffolding , Change to outrigger details",0,TRAFALGAR,,Permit Issued,502397543,10016,40.748013,-73.973528,106,4,1009457501,88,Murray Hill-Kips Bay,,
M01286012-I1,M01286012-I1-SC,1,Initial Permit,300,EAST   40 STREET,MANHATTAN,7501,1022051,945,106,,Suspended Scaffold,R,005763,JOHN,VENETIS,VEMA GROUP LLC,38-68 11TH STREET,HANCE,MERCEDES,SYNERGY BUILDING CONSULTANTS,2025-10-07T00:00:00.000,2025-10-07T00:00:00.000,2026-10-07T04:00:00.000,Installation of suspended scaffold for facade inspection/repair.,0,TRAFALGAR,THOMAS LAZZARI,Permit Issued,857431606,10016,40.748013,-73.973528,106,4,1009457501,88,Murray Hill-Kips Bay,,
M00830095-I1,M00830095-I1-SH,4,Renewal Permit Without Changes,404,5 AVENUE,MANHATTAN,48,1015938,838,105,Open Space,Sidewalk Shed,GC,001982,JERIMIAH,HARRINGTON,ROCKLEDGE SCAFFOLD CORP,808 NEPPERHAN AVENUE,JEEWAN,ITWARIE,A1 EXPEDITING SERVICE CORP.,2023-02-22T00:00:00.000,2026-01-21T00:00:00.000,2027-01-21T05:00:00.000,"INSTALLATION OF HEAVY DUTY SIDEWALK SHED DURING BLDG ALTERATION, FILED SEP. SIDEWALK SHED SHALL COMPLY WITH CH #33 OF THE NYC BC. NO CHANGE IN USE, OCCUPANCY OR EGRESS UNDER THIS APPLICATION.",21000,CHETRIT GROUP,JUDA CHETRIT,Permit Issued,240032843,10018,40.750109,-73.983355,105,4,1008380048,84,Midtown-Times Square,,
M00883110-I1,M00883110-I1-SF,3,Renewal Permit Without Changes,520,5 AVENUE,MANHATTAN,7503,1091887,1259,105,"Floor Number(s) 72 through 74, Roof Terrace 2 through 23",Supported Scaffold,GC,619945,MARTIN,DOOLEY,ALUBUILD USA LLC,"733 3RD AVE, SUITE 2020",DENISSE,TROCHE,LOMBARDO BUILDING CONSULTANTS,2023-06-09T00:00:00.000,2025-06-12T00:00:00.000,2026-06-08T04:00:00.000,"INSTALLATION AND USE OF TEMPORARY SUPPORTED SCAFFOLD AS PER PLANS FILED HEREWITH. NO CHANGE IN USE, EGRESS, OR OCCUPANCY.",1000,RABINA PROPERTIES,JOSHUA RABINA,Permit Issued,552411952,10036,40.754421,-73.980213,105,4,1012597503,96,Midtown-Times Square,,
M00329921-I1,M00329921-I1-SF,7,Renewal Permit Without Changes,108,EAST 38 STREET,MANHATTAN,82,1019118,893,106,Roof,Supported Scaffold,GC,001982,JERIMIAH,HARRINGTON,ROCKLEDGE SCAFFOLD CORP,808 NEPPERHAN AVENUE,JEEWAN,ITWARIE,A1 EXPEDITING SERVICE CORP.,2020-03-19T00:00:00.000,2026-02-18T00:00:00.000,2027-02-18T05:00:00.000,"INSTALLATION OF SCAFFOLD AS PER DRAWINGS. SCAFFOLD SHALL COMPLY WITH CHAPTER #33 OF THE NYC BUILDING CODE. NO CHANGE IN USE, OCCUPANCY OR EGRESS UNDER THIS APPLICATION.",25000,CHRIS OCZERETKO,MICHAEL FRANCISCO,Permit Issued,929956791,10016,40.749384,-73.979002,106,4,1008930082,80,Murray Hill-Kips Bay,,
M00806074-I1,M00806074-I1-SH,4,Renewal Permit Without Changes,401,5 AVENUE,MANHATTAN,76,1017190,866,105,Open Space,Sidewalk Shed,GC,001982,JERIMIAH,HARRINGTON,ROCKLEDGE SCAFFOLD CORP,808 NEPPERHAN AVENUE,JEEWAN,ITWARIE,A1 EXPEDITING SERVICE CORP.,2023-01-11T00:00:00.000,2026-01-21T00:00:00.000,2027-01-21T05:00:00.000,"INSTALLATION OF HEAVY DUTY SIDEWALK SHED DURING BLDG ALTERATION, FILED SEP. SIDEWALK SHED SHALL COMPLY WITH CH #33 OF THE NYC BC. NO CHANGE IN USE, OCCUPANCY OR EGRESS UNDER THIS APPLICATION.",30000,THE CHETRIT GROUP,VINCENT CHANONA,Permit Issued,303972867,10016,40.749986,-73.98342,105,4,1008660076,82,Midtown-Times Square,,
M01081915-S1,M01081915-S1-SF,1,Initial Permit,284,5 AVENUE,MANHATTAN,39,1015785,832,105,Facade,Supported Scaffold,GC,001982,JERIMIAH,HARRINGTON,ROCKLEDGE SCAFFOLD CORP,808 NEPPERHAN AVENUE,JEEWAN,ITWARIE,A1 EXPEDITING SERVICE CORP.,2025-05-28T00:00:00.000,2025-05-28T00:00:00.000,2026-05-28T04:00:00.000,"TEMPORARY PIPE SCAFFOLD AS PER DRAWINGS. SCAFFOLD SHALL COMPLY WITH CH #33 OF THE NYC BC. NO CHANGE IN USE, OCCUPANCY OR EGRESS UNDER THIS APPLICATION.",3000,,Mira Labiscase,Permit Issued,229573673,10001,40.746017,-73.986337,105,3,1008320039,76,Midtown South-Flatiron-Union Square,,
M01362890-I1,M01362890-I1-FN,1,Initial Permit,419,PARK AVENUE SOUTH,MANHATTAN,84,1018236,884,105,Open Space,Construction Fence,GC,001982,JERIMIAH,HARRINGTON,ROCKLEDGE SCAFFOLD CORP,808 NEPPERHAN AVENUE,JEEWAN,ITWARIE,A1 EXPEDITING SERVICE CORP.,2026-02-25T00:00:00.000,2026-02-25T00:00:00.000,2027-02-25T05:00:00.000,"CONSTRUCTION FENCE AS PER DRAWINGS. CONSTRUCTION FENCE SHALL COMPLY WITH CH #33 OF THE NYC BC. NO CHANGE IN USE, OCCUPANCY OR EGRESS UNDER THIS APPLICATION. DOT PERMITS BY OTHERS FOR FENCE INSTALLED ON SIDEWALK/ROADWAY.",3000,Not Applicable,Ofer Stark,Permit Issued,546637818,10016,40.743703,-73.983789,105,2,1008840084,72,Murray Hill-Kips Bay,,
M01326930-I1,M01326930-I1-SC,1,Initial Permit,355,LEXINGTON AVENUE,Manhattan,23,1036147,1295,106,,Suspended Scaffold,R,007685,NAILA,ALAM,RH EXPERT CORP,80-60 PITKIN AVENUE,,,,2025-12-04T00:00:00.000,2025-12-04T00:00:00.000,2026-08-25T04:00:00.000,Installation of Suspended scaffold to perform exterior work repair,0,RUDIN MANAGEMENT INC,,Permit Issued,468579529,10016,40.750064,-73.976739,106,4,1012950023,80,Murray Hill-Kips Bay,,S
M00985412-I1,M00985412-I1-SC,4,Renewal Permit Without Changes,145,EAST   39 STREET,MANHATTAN,34,1019481,895,106,,Suspended Scaffold,R,005763,JOHN,VENETIS,VEMA GROUP LLC,38-68 11TH STREET,HANCE,MERCEDES,SYNERGY BUILDING CONSULTANTS,2024-01-04T00:00:00.000,2026-03-19T00:00:00.000,2026-11-09T00:00:00.000,Installation of suspended scaffold for facade inspection /repairs,0,THE JANE HOTEL,,Permit Issued,376265810,10016,40.74937,-73.976999,106,4,1008950034,80,Murray Hill-Kips Bay,,
M00569549-I1,M00569549-I1-SH,6,Renewal Permit Without Changes,520,5 AVENUE,MANHATTAN,7503,1091887,1259,105,Open Space,Sidewalk Shed,GC,002341,KEVIN,O'CALLAGHAN,UNIVERSAL BUILD SUPP LLC,27 HORTON AVENUE,JOLANTA,SLIWINSKI,"EUROCELT EXPEDITING, INC",2021-08-18T00:00:00.000,2025-09-24T00:00:00.000,2026-09-24T00:00:00.000,"INSTALLATION OF A TEMPORARY SIDEWALK SHED TYPE OVERHEAD PROTECTION AS PER PLANS DURING NB CONSTRUCTION. NO CHANGE IN USE, EGRESS OR OCCUPANCY. SIDEWALK SHED TO COMPLY WITH 2014 NYC BUILDING CODE, CHAPTER 33.",5000,RABINA PROPERTIES,JOSHUA RABINA,Permit Issued,787284025,10036,40.754421,-73.980213,105,4,1012597503,96,Midtown-Times Square,,
M01354129-I1,M01354129-I1-SC,1,Initial Permit,140,EAST   28 STREET,Manhattan,58,1018189,883,106,,Suspended Scaffold,R,007685,NAILA,ALAM,RH EXPERT CORP,80-60 PITKIN AVENUE,HANSEL,MERCEDES,Synergy Building Consultants,2026-02-11T00:00:00.000,2026-02-11T00:00:00.000,2026-08-25T04:00:00.000,Installation of suspended scaffold for facade inspection/repair.,0,140 EAST 28 OWNERS CORP.,MARCUS MANLEY,Permit Issued,208094853,10016,40.742495,-73.982119,106,2,1008830058,68,Gramercy,J,S
M00686062-I1,M00686062-I1-FN,4,Renewal Permit Without Changes,520,5 AVENUE,MANHATTAN,7503,1091887,1259,105,Open Space,Construction Fence,GC,002341,CHRISTOPHER,EVANS,UNIVERSAL BUILD SUPP LLC,27 HORTON AVENUE,JOLANTA,SLIWINSKI,"EUROCELT EXPEDITING, INC",2023-02-24T00:00:00.000,2026-02-09T00:00:00.000,2026-09-30T00:00:00.000,"INSTALLATION OF A TEMPORARY CONSTRUCTION FENCE AS PER PANS DURING NB CONSTRUCTION. NO CHANGE IN USE, EGRESS OR OCCUPANCY. FENCE TO COMPLY WITH 2014 NYC BUILDING CODE, CHAPTER 33.",5000,RABINA PROPERTIES,JOSHUA RABINA,Permit Issued,985098735,10036,40.754421,-73.980213,105,4,1012597503,96,Midtown-Times Square,,
M00103356-I1,M00103356-I1-FN,15,Renewal Permit Without Changes,103,EAST 29 STREET,Manhattan,6,1018240,885,105,Sidewalk 001 through 001,Construction Fence,GC,034904,MICHAEL,MICELI,ALL DIMENSION HOME IMPROV,12 GRUBER DRIVE,MICHAEL,MICELI,ALL DIMENSION CONSTRUCTION,2018-11-30T00:00:00.000,2025-08-25T00:00:00.000,2026-08-25T04:00:00.000,"INSTALLATION OF TEMPORARY PLYWOOD FENCE AT THE EXTERIOR OF BUILDING. THERE IS NO CHANGE TO USE, EGRESS OR OCCUPANCY PROPOSED.",1000,WASHINGTON PLACE REALTY LLC,FRANK SAVINO,Permit Issued,810603807,10016,40.743791,-73.983237,105,2,1008850006,72,Murray Hill-Kips Bay,,P
M00874458-I1,M00874458-I1-SF,3,Renewal Permit Without Changes,500,5 AVENUE,Manhattan,34,1034199,1258,105,"Floor Number(s) 021 through 059, Open Space, Roof",Supported Scaffold,GC,617007,RAMON,CALVO,"EBRO DIQUE GROUP, LLC",157-44 20TH ROAD,ELY,SEPULVEDA,AE DESIGN SOLUTION INC.,2024-02-01T00:00:00.000,2026-02-03T00:00:00.000,2026-10-14T04:00:00.000,"INSTALLATION OF TEMPORARY PIPE SCAFFOLD AS PER PLANS. NO CHANGE IN USE, EGRESS OR OCCUPANCY.",1,CUSHMAN AND WAKEFIELD,DAVID LEEST,Permit Issued,209953587,10110,40.753543,-73.980856,105,4,1012580034,96,Midtown-Times Square,,
M00857555-I1,M00857555-I1-SH,4,Renewal Permit Without Changes,50,VANDERBILT AVENUE,MANHATTAN,28,1035374,1279,105,Sidewalk,Sidewalk Shed,GC,027194,MATTHEW,CARUSO,EXTERIOR WALL & BUILDING,72 WHITEHALL STREET,ANDREW,SANTORO,"PATUXENT ENGINEERING, LLC",2023-04-11T00:00:00.000,2025-12-31T00:00:00.000,2026-12-31T05:00:00.000,"INSTALLATION OF SIDEWALK SHED IN ACCORDANCE WITH NYC 2022 CHAPTER 33 BUILDING CODE. NO CHANGE IN EGRESS, USE, OR OCCUPANCY.",1000,212-716-2100,MANNY ROSA,Permit Issued,595091428,10017,40.753981,-73.977254,105,4,1012790028,94,Midtown-Times Square,,
M01368978-I1,M01368978-I1-SH,1,Initial Permit,18,WEST   38 STREET,MANHATTAN,58,1015971,839,105,Ground Floor,Supported Scaffold,GC,626129,PARAMJIT,KAUR,TITAN SERVICES USA INC,10958 134TH ST,,,,2026-03-11T00:00:00.000,2026-03-11T00:00:00.000,2026-06-09T04:00:00.000,"INSTALLATION OF 300PSF SIDEWALK SHED AND PIPE SCAFFOLDING AS PER PLANS. ALL EQUIPMENT SHALL COMPLY WITH CH #33 OF THE NYC CODE 2022. NO CHANGE IN USE, OCCUPANCY OR EGRESS UNDER THIS APPLICATION.",9000,TITAN SERVICES USA INC.,PARAMJIT KAUR,Signed-off,314380064,10018,40.751314,-73.983589,105,4,1008390058,84,Midtown-Times Square,,
M01022035-I1,M01022035-I1-SF,3,Renewal Permit Without Changes,11,WEST   42 STREET,MANHATTAN,21,1034198,1258,105,Open Space,Supported Scaffold,GC,607447,WILLIAM,LAFFEY,SPRING SCAFFOLDING LLC,49-30 31ST PLACE,JOSEPH,CASTILLO,UNITED SAFETY CONSULTANTS,2024-03-26T00:00:00.000,2026-02-27T00:00:00.000,2027-02-27T00:00:00.000,"INSTALLATION OF TEMPORARY PIPE SCAFFOLD AS PER PLAN. NO CHANGE IN USE, EGRESS OR OCCUPANCY",1000,SPRING SCAFFOLDING LLC,WILLIAM KNIGHT,Signed-off,584543334,10036,40.75379,-73.981599,105,4,1012580021,96,Midtown-Times Square,,
M01100416-I1,M01100416-I1-SH,2,Renewal Permit Without Changes,579,3 AVENUE,Manhattan,1,1020348,919,106,Sidewalk,Sidewalk Shed,GC,612491,GILBERTO,DEALMEIDA,MC SUPERSTRUCTURE INC,135-53 NORTHERN BLVD #2B,,,,2024-09-23T00:00:00.000,2025-08-26T00:00:00.000,2026-08-26T04:00:00.000,"INSTALLATION OF 300 PSF SIDEWALK SHED, PIPE SCAFFOLDING AND OVERHEAD PROTECTION AS PER PLANS. ALL EQUIPMENT SHALL COMPLY WITH CHAPTER #33 OF THE 2022 CODE. NO CHANGE IN USE, EGRESS OR OCCUPANCY UNDER THIS APPLICATION.",5000,MC SUPERSTRUCTURE INC.,GILBERTO DEALMEIDA,Permit Issued,820525693,10016,40.74834,-73.976213,106,4,1009190001,78,Murray Hill-Kips Bay,,
M01115447-I1,M01115447-I1-SF,2,Renewal Permit Without Changes,581,3 AVENUE,Manhattan,1,1085009,919,106,Open Space,Sidewalk Shed,GC,612491,GILBERTO,DEALMEIDA,MC SUPERSTRUCTURE INC,135-53 NORTHERN BLVD #2B,,,,2024-09-23T00:00:00.000,2025-08-26T00:00:00.000,2026-08-26T04:00:00.000,"INSTALLATION OF 300 PSF SIDEWALK SHED AND PIPE SCAFFOLD AS PER PLANS. ALL EQUIPMENT SHALL COMPLY WITH CHAPTER #33 OF THE 2022 CODE. NO CHANGE IN USE, EGRESS OR OCCUPANCY UNDER THIS APPLICATION.",5000,MC SUPERSTRUCTURE INC.,GILBERTO DEALMEIDA,Permit Issued,704110330,10016,40.748384,-73.97618,106,4,1009190001,78,Murray Hill-Kips Bay,,
M00992243-S2,M00992243-S2-SF,4,Renewal Permit Without Changes,11,WEST   42 STREET,MANHATTAN,21,1034198,1258,105,Open Space,Supported Scaffold,GC,607447,WILLIAM,LAFFEY,SPRING SCAFFOLDING LLC,49-30 31ST PLACE,MD TOHFAZ,UDDIN,TOHFAZ UDDIN PE PC,2024-02-02T00:00:00.000,2026-02-27T00:00:00.000,2027-02-27T00:00:00.000,"INSTALLATION OF TEMPORARY  STAIR TOWER WITH PLYWOOD ENCLUSRE AS PER  PLAN. NO CHANGE IN USE, EGRESS, OR OCCUPANCY.",1,SPRING SCAFFOLDING LLC,WILLIAM KNIGHT,Signed-off,604862449,10036,40.75379,-73.981599,105,4,1012580021,96,Midtown-Times Square,,
M01100542-I1,M01100542-I1-SH,2,Renewal Permit Without Changes,215,EAST   38 STREET,Manhattan,11,1020355,919,106,"Open Space, Sidewalk",Sidewalk Shed,GC,612491,GILBERTO,DEALMEIDA,MC SUPERSTRUCTURE INC,135-53 NORTHERN BLVD #2B,,,,2024-09-23T00:00:00.000,2025-08-26T00:00:00.000,2026-08-26T04:00:00.000,"INSTALLATION OF 300 PSF SIDEWALK SHED, PIPE SCAFFOLDING AND OVERHEAD PROTECTION AS PER PLANS. ALL EQUIPMENT SHALL COMPLY WITH CHAPTER # 33 OF THE 2022 CODE. NO CHANGE IN USE OCCUPANCY OR EGRESS UNDER THIS APPLICATION.",5000,MC SUPERSTRUCTURE INC.,GILBERTO DEALMEIDA,Permit Issued,222443753,10016,40.747975,-73.975624,106,4,1009190011,78,Murray Hill-Kips Bay,,
M00824143-I1,M00824143-I1-SH,5,Renewal Permit with Changes,60,WEST   36 STREET,Manhattan,78,1015915,837,105,Open Space,Sidewalk Shed,GC,623563,KAROLINA,OLEJARZ,INTERSYSTEM CONSTRUCTION,216 EAGLE ST,ALDI,DILO,"Rigid Structural Design, LLC",2023-02-07T00:00:00.000,2025-12-19T00:00:00.000,2026-11-17T05:00:00.000,"Installation of a temporary heavy-duty sidewalk shed per plan submitted. Work shall comply with 2014 building codes chapter 33. No change in use, egress and/or occupancy with this application.",6000,INTERSYSTEM INSTALLATION S & S CORP,STEVEN RODRIGUEZ,Permit Issued,742431613,10018,40.750667,-73.985884,105,4,1008370078,84,Midtown-Times Square,,
M01317864-I1,M01317864-I1-SF,2,Renewal Permit with Changes,233,MADISON AVENUE,Manhattan,23,1017198,867,106,Open Space,Supported Scaffold,GC,623563,KAROLINA,OLEJARZ,INTERSYSTEM CONSTRUCTION,216 EAGLE ST,ALDI,DILO,"Rigid Structural Design, LLC",2025-11-26T00:00:00.000,2026-01-15T00:00:00.000,2026-11-17T05:00:00.000,"Installation of a temporarily supported scaffold per plan submitted. Work shall comply with 2022 building codes chapter 33. No change in use, egress and/or occupancy with this application.",38625,INTERSYSTEM INSTALLATION S & S CORP,STEVEN RODRIGUEZ,Permit Issued,812146572,10016,40.749653,-73.981247,106,4,1008670023,82,Midtown-Times Square,,
M01224583-I1,M01224583-I1-SH,2,Renewal Permit with Changes,333,EAST   53 STREET,Manhattan,14,1039834,1346,106,Open Space,Sidewalk Shed,GC,623563,KAROLINA,OLEJARZ,INTERSYSTEM CONSTRUCTION,216 EAGLE ST,ALDI,DILO,"Rigid Structural Design, LLC",2025-05-21T00:00:00.000,2026-01-20T00:00:00.000,2026-11-17T05:00:00.000,"Installation of a temporarily heavy-duty sidewalk shed per plan submitted. Work shall comply with 2022 building codes chapter 33. No change in use, egress and/or occupancy with this application.",9025,INTERSYSTEM INSTALLATION S & S CORP,STEVEN RODRIGUEZ,Permit Issued,695344352,10022,40.756432,-73.966352,106,4,1013460014,98,East Midtown-Turtle Bay,,
M01115447-I1,M01115447-I1-SH,2,Renewal Permit Without Changes,581,3 AVENUE,Manhattan,1,1085009,919,106,Sidewalk,Sidewalk Shed,GC,612491,GILBERTO,DEALMEIDA,MC SUPERSTRUCTURE INC,135-53 NORTHERN BLVD #2B,,,,2024-09-23T00:00:00.000,2025-08-26T00:00:00.000,2026-08-26T04:00:00.000,"INSTALLATION OF 300 PSF SIDEWALK SHED AND PIPE SCAFFOLD AS PER PLANS. ALL EQUIPMENT SHALL COMPLY WITH CHAPTER #33 OF THE 2022 CODE. NO CHANGE IN USE, EGRESS OR OCCUPANCY UNDER THIS APPLICATION.",5000,MC SUPERSTRUCTURE INC.,GILBERTO DEALMEIDA,Permit Issued,885874719,10016,40.748384,-73.97618,106,4,1009190001,78,Murray Hill-Kips Bay,,
M01100542-I1,M01100542-I1-SH,2,Renewal Permit Without Changes,215,EAST   38 STREET,Manhattan,11,1020355,919,106,"Open Space, Sidewalk",Supported Scaffold,GC,612491,GILBERTO,DEALMEIDA,MC SUPERSTRUCTURE INC,135-53 NORTHERN BLVD #2B,,,,2024-09-23T00:00:00.000,2025-08-26T00:00:00.000,2026-08-26T04:00:00.000,"INSTALLATION OF 300 PSF SIDEWALK SHED, PIPE SCAFFOLDING AND OVERHEAD PROTECTION AS PER PLANS. ALL EQUIPMENT SHALL COMPLY WITH CHAPTER # 33 OF THE 2022 CODE. NO CHANGE IN USE OCCUPANCY OR EGRESS UNDER THIS APPLICATION.",5000,MC SUPERSTRUCTURE INC.,GILBERTO DEALMEIDA,Permit Issued,222443753,10016,40.747975,-73.975624,106,4,1009190011,78,Murray Hill-Kips Bay,,
M01100416-I1,M01100416-I1-SF,2,Renewal Permit Without Changes,579,3 AVENUE,Manhattan,1,1020348,919,106,Open Space,Sidewalk Shed,GC,612491,GILBERTO,DEALMEIDA,MC SUPERSTRUCTURE INC,135-53 NORTHERN BLVD #2B,,,,2024-09-23T00:00:00.000,2025-08-26T00:00:00.000,2026-08-26T04:00:00.000,"INSTALLATION OF 300 PSF SIDEWALK SHED, PIPE SCAFFOLDING AND OVERHEAD PROTECTION AS PER PLANS. ALL EQUIPMENT SHALL COMPLY WITH CHAPTER #33 OF THE 2022 CODE. NO CHANGE IN USE, EGRESS OR OCCUPANCY UNDER THIS APPLICATION.",5000,MC SUPERSTRUCTURE INC.,GILBERTO DEALMEIDA,Permit Issued,816151130,10016,40.74834,-73.976213,106,4,1009190001,78,Murray Hill-Kips Bay,,
M01115433-I1,M01115433-I1-SH,2,Renewal Permit Without Changes,583,3 AVENUE,Manhattan,1,1020349,919,106,Sidewalk,Supported Scaffold,GC,612491,GILBERTO,DEALMEIDA,MC SUPERSTRUCTURE INC,135-53 NORTHERN BLVD #2B,,,,2024-09-23T00:00:00.000,2025-08-26T00:00:00.000,2026-08-26T04:00:00.000,"INSTALLATION OF 300 PSF SIDEWALK SHED AND PIPE SCAFFOLD AS PER PLANS. ALL EQUIPMENT SHALL COMPLY WITH CHAPTER #33 OF THE 2022 CODE. NO CHANGE IN USE, EGRESS OR OCCUPANCY UNDER THIS APPLICATION.",5000,MC SUPERSTRUCTURE INC.,GILBERTO DEALMEIDA,Permit Issued,575962062,10016,40.748428,-73.976148,106,4,1009190001,78,Murray Hill-Kips Bay,,
M01100496-I1,M01100496-I1-SF,2,Renewal Permit Without Changes,211,EAST   38 STREET,Manhattan,9,1020353,919,106,"Open Space, Sidewalk",Supported Scaffold,GC,612491,GILBERTO,DEALMEIDA,MC SUPERSTRUCTURE INC,135-53 NORTHERN BLVD #2B,,,,2024-09-23T00:00:00.000,2025-08-26T00:00:00.000,2026-08-26T04:00:00.000,"INSTALLATION OF 300 PSF SIDEWALK SHED, PIPE SCAFFOLDING AND OVERHEAD PROTECTION AS PER PLANS. ALL EQUIPMENT SHALL COMPLY WITH CHAPTER # 33 OF THE 2022 CODE. NO CHANGE IN USE OCCUPANCY OR EGRESS UNDER THIS APPLICATION.",5000,MC SUPERSTRUCTURE INC.,GILBERTO DEALMEIDA,Permit Issued,667147929,10016,40.748041,-73.975776,106,4,1009190009,78,Murray Hill-Kips Bay,,
M01115433-I1,M01115433-I1-SF,2,Renewal Permit Without Changes,583,3 AVENUE,Manhattan,1,1020349,919,106,Open Space,Supported Scaffold,GC,612491,GILBERTO,DEALMEIDA,MC SUPERSTRUCTURE INC,135-53 NORTHERN BLVD #2B,,,,2024-09-23T00:00:00.000,2025-08-26T00:00:00.000,2026-08-26T04:00:00.000,"INSTALLATION OF 300 PSF SIDEWALK SHED AND PIPE SCAFFOLD AS PER PLANS. ALL EQUIPMENT SHALL COMPLY WITH CHAPTER #33 OF THE 2022 CODE. NO CHANGE IN USE, EGRESS OR OCCUPANCY UNDER THIS APPLICATION.",5000,MC SUPERSTRUCTURE INC.,GILBERTO DEALMEIDA,Permit Issued,798889629,10016,40.748428,-73.976148,106,4,1009190001,78,Murray Hill-Kips Bay,,
M01100416-I1,M01100416-I1-SF,2,Renewal Permit Without Changes,579,3 AVENUE,Manhattan,1,1020348,919,106,Open Space,Supported Scaffold,GC,612491,GILBERTO,DEALMEIDA,MC SUPERSTRUCTURE INC,135-53 NORTHERN BLVD #2B,,,,2024-09-23T00:00:00.000,2025-08-26T00:00:00.000,2026-08-26T04:00:00.000,"INSTALLATION OF 300 PSF SIDEWALK SHED, PIPE SCAFFOLDING AND OVERHEAD PROTECTION AS PER PLANS. ALL EQUIPMENT SHALL COMPLY WITH CHAPTER #33 OF THE 2022 CODE. NO CHANGE IN USE, EGRESS OR OCCUPANCY UNDER THIS APPLICATION.",5000,MC SUPERSTRUCTURE INC.,GILBERTO DEALMEIDA,Permit Issued,816151130,10016,40.74834,-73.976213,106,4,1009190001,78,Murray Hill-Kips Bay,,
M01100542-I1,M01100542-I1-SF,2,Renewal Permit Without Changes,215,EAST   38 STREET,Manhattan,11,1020355,919,106,"Open Space, Sidewalk",Sidewalk Shed,GC,612491,GILBERTO,DEALMEIDA,MC SUPERSTRUCTURE INC,135-53 NORTHERN BLVD #2B,,,,2024-09-23T00:00:00.000,2025-08-26T00:00:00.000,2026-08-26T04:00:00.000,"INSTALLATION OF 300 PSF SIDEWALK SHED, PIPE SCAFFOLDING AND OVERHEAD PROTECTION AS PER PLANS. ALL EQUIPMENT SHALL COMPLY WITH CHAPTER # 33 OF THE 2022 CODE. NO CHANGE IN USE OCCUPANCY OR EGRESS UNDER THIS APPLICATION.",5000,MC SUPERSTRUCTURE INC.,GILBERTO DEALMEIDA,Permit Issued,798582316,10016,40.747975,-73.975624,106,4,1009190011,78,Murray Hill-Kips Bay,,
M01115447-I1,M01115447-I1-SF,2,Renewal Permit Without Changes,581,3 AVENUE,Manhattan,1,1085009,919,106,Open Space,Supported Scaffold,GC,612491,GILBERTO,DEALMEIDA,MC SUPERSTRUCTURE INC,135-53 NORTHERN BLVD #2B,,,,2024-09-23T00:00:00.000,2025-08-26T00:00:00.000,2026-08-26T04:00:00.000,"INSTALLATION OF 300 PSF SIDEWALK SHED AND PIPE SCAFFOLD AS PER PLANS. ALL EQUIPMENT SHALL COMPLY WITH CHAPTER #33 OF THE 2022 CODE. NO CHANGE IN USE, EGRESS OR OCCUPANCY UNDER THIS APPLICATION.",5000,MC SUPERSTRUCTURE INC.,GILBERTO DEALMEIDA,Permit Issued,704110330,10016,40.748384,-73.97618,106,4,1009190001,78,Murray Hill-Kips Bay,,
M01097135-I1,M01097135-I1-FN,2,Renewal Permit Without Changes,95,MADISON AVENUE,Manhattan,58,1016920,858,105,Open Space,Construction Fence,GC,617232,ERIND,GAZHELI,CORE SCAFFOLD SYSTEMS INC,417 MYRTLE AVE SUITE 14,ELY,SEPULVEDA,AE DESIGN SOLUTION INC.,2024-09-05T00:00:00.000,2025-08-26T00:00:00.000,2026-08-26T04:00:00.000,"INSTALLATION OF TEMPORARY PLYWOOD FENCE AS PER PLANS. NO CHANGE IN USE, EGRESS OR OCCUPANCY.",1,OWNERS REP,EDDIE GAZHELI,Permit Issued,614858417,10016,40.744367,-73.98542,105,2,1008580058,74,Midtown South-Flatiron-Union Square,,
M01368978-I1,M01368978-I1-SF,1,Initial Permit,18,WEST   38 STREET,MANHATTAN,58,1015971,839,105,Ground Floor,Sidewalk Shed,GC,626129,PARAMJIT,KAUR,TITAN SERVICES USA INC,10958 134TH ST,,,,2026-03-11T00:00:00.000,2026-03-11T00:00:00.000,2026-07-26T00:00:00.000,"INSTALLATION OF 300PSF SIDEWALK SHED AND PIPE SCAFFOLDING AS PER PLANS. ALL EQUIPMENT SHALL COMPLY WITH CH #33 OF THE NYC CODE 2022. NO CHANGE IN USE, OCCUPANCY OR EGRESS UNDER THIS APPLICATION.",9000,TITAN SERVICES USA INC.,PARAMJIT KAUR,Signed-off,607323934,10018,40.751314,-73.983589,105,4,1008390058,84,Midtown-Times Square,,
M01115433-I1,M01115433-I1-SH,2,Renewal Permit Without Changes,583,3 AVENUE,Manhattan,1,1020349,919,106,Sidewalk,Sidewalk Shed,GC,612491,GILBERTO,DEALMEIDA,MC SUPERSTRUCTURE INC,135-53 NORTHERN BLVD #2B,,,,2024-09-23T00:00:00.000,2025-08-26T00:00:00.000,2026-08-26T04:00:00.000,"INSTALLATION OF 300 PSF SIDEWALK SHED AND PIPE SCAFFOLD AS PER PLANS. ALL EQUIPMENT SHALL COMPLY WITH CHAPTER #33 OF THE 2022 CODE. NO CHANGE IN USE, EGRESS OR OCCUPANCY UNDER THIS APPLICATION.",5000,MC SUPERSTRUCTURE INC.,GILBERTO DEALMEIDA,Permit Issued,575962062,10016,40.748428,-73.976148,106,4,1009190001,78,Murray Hill-Kips Bay,,
M01368978-I1,M01368978-I1-SF,1,Initial Permit,18,WEST   38 STREET,MANHATTAN,58,1015971,839,105,Ground Floor,Supported Scaffold,GC,626129,PARAMJIT,KAUR,TITAN SERVICES USA INC,10958 134TH ST,,,,2026-03-11T00:00:00.000,2026-03-11T00:00:00.000,2026-07-26T00:00:00.000,"INSTALLATION OF 300PSF SIDEWALK SHED AND PIPE SCAFFOLDING AS PER PLANS. ALL EQUIPMENT SHALL COMPLY WITH CH #33 OF THE NYC CODE 2022. NO CHANGE IN USE, OCCUPANCY OR EGRESS UNDER THIS APPLICATION.",9000,TITAN SERVICES USA INC.,PARAMJIT KAUR,Signed-off,607323934,10018,40.751314,-73.983589,105,4,1008390058,84,Midtown-Times Square,,
M01100416-I1,M01100416-I1-SH,2,Renewal Permit Without Changes,579,3 AVENUE,Manhattan,1,1020348,919,106,Sidewalk,Supported Scaffold,GC,612491,GILBERTO,DEALMEIDA,MC SUPERSTRUCTURE INC,135-53 NORTHERN BLVD #2B,,,,2024-09-23T00:00:00.000,2025-08-26T00:00:00.000,2026-08-26T04:00:00.000,"INSTALLATION OF 300 PSF SIDEWALK SHED, PIPE SCAFFOLDING AND OVERHEAD PROTECTION AS PER PLANS. ALL EQUIPMENT SHALL COMPLY WITH CHAPTER #33 OF THE 2022 CODE. NO CHANGE IN USE, EGRESS OR OCCUPANCY UNDER THIS APPLICATION.",5000,MC SUPERSTRUCTURE INC.,GILBERTO DEALMEIDA,Permit Issued,820525693,10016,40.74834,-73.976213,106,4,1009190001,78,Murray Hill-Kips Bay,,
M01368978-I1,M01368978-I1-SH,1,Initial Permit,18,WEST   38 STREET,MANHATTAN,58,1015971,839,105,Ground Floor,Sidewalk Shed,GC,626129,PARAMJIT,KAUR,TITAN SERVICES USA INC,10958 134TH ST,,,,2026-03-11T00:00:00.000,2026-03-11T00:00:00.000,2026-06-09T04:00:00.000,"INSTALLATION OF 300PSF SIDEWALK SHED AND PIPE SCAFFOLDING AS PER PLANS. ALL EQUIPMENT SHALL COMPLY WITH CH #33 OF THE NYC CODE 2022. NO CHANGE IN USE, OCCUPANCY OR EGRESS UNDER THIS APPLICATION.",9000,TITAN SERVICES USA INC.,PARAMJIT KAUR,Signed-off,314380064,10018,40.751314,-73.983589,105,4,1008390058,84,Midtown-Times Square,,
M01100496-I1,M01100496-I1-SH,2,Renewal Permit Without Changes,211,EAST   38 STREET,Manhattan,9,1020353,919,106,"Open Space, Sidewalk",Sidewalk Shed,GC,612491,GILBERTO,DEALMEIDA,MC SUPERSTRUCTURE INC,135-53 NORTHERN BLVD #2B,,,,2024-09-23T00:00:00.000,2025-08-26T00:00:00.000,2026-08-26T04:00:00.000,"INSTALLATION OF 300 PSF SIDEWALK SHED, PIPE SCAFFOLDING AND OVERHEAD PROTECTION AS PER PLANS. ALL EQUIPMENT SHALL COMPLY WITH CHAPTER # 33 OF THE 2022 CODE. NO CHANGE IN USE OCCUPANCY OR EGRESS UNDER THIS APPLICATION.",5000,MC SUPERSTRUCTURE INC.,GILBERTO DEALMEIDA,Permit Issued,157691265,10016,40.748041,-73.975776,106,4,1009190009,78,Murray Hill-Kips Bay,,
M01284205-I1,M01284205-I1-SH,2,Renewal Permit with Changes,233,MADISON AVENUE,Manhattan,23,1017198,867,106,Open Space,Sidewalk Shed,GC,623563,KAROLINA,OLEJARZ,INTERSYSTEM CONSTRUCTION,216 EAGLE ST,ALDI,DILO,"Rigid Structural Design, LLC",2025-09-29T00:00:00.000,2026-01-20T00:00:00.000,2026-11-17T05:00:00.000,"Installation of a temporarily heavy-duty sidewalk shed per plan submitted. Work shall comply with 2022 building codes chapter 33. No change in use, egress and/or occupancy with this application.",11420,INTERSYSTEM INSTALLATION S & S CORP,STEVEN RODRIGUEZ,Permit Issued,898434313,10016,40.749653,-73.981247,106,4,1008670023,82,Midtown-Times Square,,
M01378230-I1,M01378230-I1-SF,1,Initial Permit,333,EAST   53 STREET,Manhattan,14,1039834,1346,106,Open Space,Supported Scaffold,GC,623563,KAROLINA,OLEJARZ,INTERSYSTEM CONSTRUCTION,216 EAGLE ST,ALDI,DILO,"Rigid Structural Design, LLC",2026-03-30T00:00:00.000,2026-03-30T00:00:00.000,2026-11-17T05:00:00.000,"Installation of a temporary supported scaffold per plan submitted. Work shall comply with 2022 building codes chapter 33. No change in use, egress and/or occupancy with this application.",4230,INTERSYSTEM CONSTRUCTION CORP.,KAROLINA OLEJARZ,Permit Issued,702271623,10022,40.756432,-73.966352,106,4,1013460014,98,East Midtown-Turtle Bay,,
M01003988-I1,M01003988-I1-SC,3,Renewal Permit Without Changes,45,TUDOR CITY PLACE,MANHATTAN,22,1038660,1335,106,,Suspended Scaffold,R,005599,MACIEJ,JAWORSKI,BREND RESTORATION LLC,60 BAYARD STREET,,,,2024-02-20T00:00:00.000,2026-02-09T00:00:00.000,2027-02-09T05:00:00.000,Facade repairs & FISP,0,LOZANO-CABAN,,Signed-off,540430029,10017,40.749294,-73.970246,106,4,1013350022,88,Murray Hill-Kips Bay,,
M01082059-I1,M01082059-I1-SH,3,Renewal Permit with Changes,11,EAST   36 STREET,Manhattan,7501,1017178,866,105,Open Space,Sidewalk Shed,GC,623563,KAROLINA,OLEJARZ,INTERSYSTEM CONSTRUCTION,216 EAGLE ST,ALDI,DILO,"Rigid Structural Design, LLC",2024-08-02T00:00:00.000,2026-01-27T00:00:00.000,2026-11-17T05:00:00.000,"Installation of a temporarily heavy-duty sidewalk shed per plan submitted. Work shall comply with 2022 building codes chapter 33. No change in use, egress and/or occupancy with this application.",7500,INTERSYSTEM INSTALLATION S & S CORP,STEVEN RODRIGUEZ,Permit Issued,845583838,10016,40.749434,-73.982911,105,4,1008667501,82,Midtown-Times Square,,
M01276295-I1,M01276295-I1-SC,1,Initial Permit,221,EAST   50 STREET,Manhattan,9,1038430,1324,106,,Suspended Scaffold,R,005975,ANDON,IKSINO,XINOS CONSTRUCTION CORP,110-32A 15TH AVENUE,,,,2025-08-25T00:00:00.000,2025-08-26T00:00:00.000,2026-08-26T04:00:00.000,"OUTRIGGER SYSTEM INSTALLATION FOR FACADE INSPECTION. NO CHANGE IN USE, EGRESS OR OCCUPANCY.",0,PR,,Permit Issued,842840108,10022,40.75558,-73.970164,106,4,1013240009,98,East Midtown-Turtle Bay,,
M01100542-I1,M01100542-I1-SF,2,Renewal Permit Without Changes,215,EAST   38 STREET,Manhattan,11,1020355,919,106,"Open Space, Sidewalk",Supported Scaffold,GC,612491,GILBERTO,DEALMEIDA,MC SUPERSTRUCTURE INC,135-53 NORTHERN BLVD #2B,,,,2024-09-23T00:00:00.000,2025-08-26T00:00:00.000,2026-08-26T04:00:00.000,"INSTALLATION OF 300 PSF SIDEWALK SHED, PIPE SCAFFOLDING AND OVERHEAD PROTECTION AS PER PLANS. ALL EQUIPMENT SHALL COMPLY WITH CHAPTER # 33 OF THE 2022 CODE. NO CHANGE IN USE OCCUPANCY OR EGRESS UNDER THIS APPLICATION.",5000,MC SUPERSTRUCTURE INC.,GILBERTO DEALMEIDA,Permit Issued,798582316,10016,40.747975,-73.975624,106,4,1009190011,78,Murray Hill-Kips Bay,,
M01100496-I1,M01100496-I1-SF,2,Renewal Permit Without Changes,211,EAST   38 STREET,Manhattan,9,1020353,919,106,"Open Space, Sidewalk",Sidewalk Shed,GC,612491,GILBERTO,DEALMEIDA,MC SUPERSTRUCTURE INC,135-53 NORTHERN BLVD #2B,,,,2024-09-23T00:00:00.000,2025-08-26T00:00:00.000,2026-08-26T04:00:00.000,"INSTALLATION OF 300 PSF SIDEWALK SHED, PIPE SCAFFOLDING AND OVERHEAD PROTECTION AS PER PLANS. ALL EQUIPMENT SHALL COMPLY WITH CHAPTER # 33 OF THE 2022 CODE. NO CHANGE IN USE OCCUPANCY OR EGRESS UNDER THIS APPLICATION.",5000,MC SUPERSTRUCTURE INC.,GILBERTO DEALMEIDA,Permit Issued,667147929,10016,40.748041,-73.975776,106,4,1009190009,78,Murray Hill-Kips Bay,,
M01115447-I1,M01115447-I1-SH,2,Renewal Permit Without Changes,581,3 AVENUE,Manhattan,1,1085009,919,106,Sidewalk,Supported Scaffold,GC,612491,GILBERTO,DEALMEIDA,MC SUPERSTRUCTURE INC,135-53 NORTHERN BLVD #2B,,,,2024-09-23T00:00:00.000,2025-08-26T00:00:00.000,2026-08-26T04:00:00.000,"INSTALLATION OF 300 PSF SIDEWALK SHED AND PIPE SCAFFOLD AS PER PLANS. ALL EQUIPMENT SHALL COMPLY WITH CHAPTER #33 OF THE 2022 CODE. NO CHANGE IN USE, EGRESS OR OCCUPANCY UNDER THIS APPLICATION.",5000,MC SUPERSTRUCTURE INC.,GILBERTO DEALMEIDA,Permit Issued,885874719,10016,40.748384,-73.97618,106,4,1009190001,78,Murray Hill-Kips Bay,,
M01115433-I1,M01115433-I1-SF,2,Renewal Permit Without Changes,583,3 AVENUE,Manhattan,1,1020349,919,106,Open Space,Sidewalk Shed,GC,612491,GILBERTO,DEALMEIDA,MC SUPERSTRUCTURE INC,135-53 NORTHERN BLVD #2B,,,,2024-09-23T00:00:00.000,2025-08-26T00:00:00.000,2026-08-26T04:00:00.000,"INSTALLATION OF 300 PSF SIDEWALK SHED AND PIPE SCAFFOLD AS PER PLANS. ALL EQUIPMENT SHALL COMPLY WITH CHAPTER #33 OF THE 2022 CODE. NO CHANGE IN USE, EGRESS OR OCCUPANCY UNDER THIS APPLICATION.",5000,MC SUPERSTRUCTURE INC.,GILBERTO DEALMEIDA,Permit Issued,798889629,10016,40.748428,-73.976148,106,4,1009190001,78,Murray Hill-Kips Bay,,
M00936432-I1,M00936432-I1-SH,3,Renewal Permit Without Changes,213,EAST   38 STREET,Manhattan,10,1020354,919,,Sidewalk,Sidewalk Shed,GC,612491,GILBERTO,DEALMEIDA,MC SUPERSTRUCTURE INC,135-53 NORTHERN BLVD #2B,,,,2023-09-25T00:00:00.000,2025-08-26T00:00:00.000,2026-08-26T04:00:00.000,"INSTALLATION OF 300 PSF SIDEWALK SHED AS PER PLANS. ALL EQUIPMENT SHALL COMPLY WITH CHAPTER #33 OF THE 2022 CODE. NO CHANGE IN USE, EGRESS OR OCCUPANCY UNDER THIS APPLICATION.",5000,BLDG MANAGEMENT,LLOYD GOLDMAN,Permit Issued,208220825,10016,40.748008,-73.9757,106,4,1009190010,78,Murray Hill-Kips Bay,,
M01100496-I1,M01100496-I1-SH,2,Renewal Permit Without Changes,211,EAST   38 STREET,Manhattan,9,1020353,919,106,"Open Space, Sidewalk",Supported Scaffold,GC,612491,GILBERTO,DEALMEIDA,MC SUPERSTRUCTURE INC,135-53 NORTHERN BLVD #2B,,,,2024-09-23T00:00:00.000,2025-08-26T00:00:00.000,2026-08-26T04:00:00.000,"INSTALLATION OF 300 PSF SIDEWALK SHED, PIPE SCAFFOLDING AND OVERHEAD PROTECTION AS PER PLANS. ALL EQUIPMENT SHALL COMPLY WITH CHAPTER # 33 OF THE 2022 CODE. NO CHANGE IN USE OCCUPANCY OR EGRESS UNDER THIS APPLICATION.",5000,MC SUPERSTRUCTURE INC.,GILBERTO DEALMEIDA,Permit Issued,157691265,10016,40.748041,-73.975776,106,4,1009190009,78,Murray Hill-Kips Bay,,
M01390668-I1,M01390668-I1-SC,1,Initial Permit,135,EAST   50 STREET,MANHATTAN,23,1036453,1305,106,,Suspended Scaffold,R,005370,ANTONIOS,MAMOUNAS,TOWER SERVICES INC,38-60 REVIEW AVENUE,ELY,SEPULVEDA,AE DESIGN SOLUTION INC.,2026-04-27T00:00:00.000,2026-04-28T00:00:00.000,2027-02-20T00:00:00.000,Installation of suspended scaffold for facade work or inspection.,0,PR,Eleni Demetriades,Permit Issued,909126002,10022,40.756354,-73.971997,106,4,1013050023,100,East Midtown-Turtle Bay,,
M00908704-I1,M00908704-I1-SF,4,Renewal Permit Without Changes,270,PARK AVENUE,MANHATTAN,21,1091010,1283,105,"Floor Number(s) 001 through 002, Ground Floor, Lobby",Supported Scaffold,GC,608211,ERIK,OH,"SAFWAY ATLANTIC, LLC",700 COMMERCIAL AVENUE,JEEWAN,ITWARIE,A1 EXPEDITING SERVICE CORP.,2023-07-25T00:00:00.000,2025-10-03T00:00:00.000,2026-09-30T04:00:00.000,"TEMPORARY SYSTEM SCAFFOLD AS PER DRAWINGS. SYSTEM SCAFFOLD SHALL COMPLY WITH CH #33 OF THE NYC BC. NO CHANGE IN USE, OCCUPANCY OR EGRESS UNDER THIS APPLICATION.",50000,"SAFWAY ATLANTIC, LLC",MARK MCKELVEY,Signed-off,594796331,10017,40.755641,-73.975109,105,4,1012830021,94,Midtown-Times Square,,
M01210503-I1,M01210503-I1-SH,1,Initial Permit,38,EAST 35 STREET,Manhattan,47,1017107,864,106,Open Space,Sidewalk Shed,GC,601568,IBRAIM,REDZA,SKYLINE SCAFFOLDING GROUP,740 RAMSEY AVENUE,ALDI,DILO,"Rigid Structural Design, LLC",2025-08-27T00:00:00.000,2025-08-27T00:00:00.000,2026-08-27T04:00:00.000,"Installation of a temporarily heavy-duty sidewalk shed per plan submitted. Work shall comply with 2022 building codes chapter 33. No change in use, egress and/or occupancy with this application.",14400,SKYLINE SCAFFOLDING GROUP,IBRAIM REDZA,Permit Issued,156054257,10016,40.748248,-73.982056,106,4,1008640047,74,Midtown South-Flatiron-Union Square,,
M00875234-I1,M00875234-I1-SH,3,Renewal Permit Without Changes,55,EAST   34 STREET,Manhattan,32,1017104,864,106,Open Space,Sidewalk Shed,GC,602114,JOSEPH,CERINA,CEPRINE CONSTRUCTION INC,41-08 BERRIAN BLVD,CHARLIE,BATISTA,RIGID STRUCTURAL DESIGN,2023-05-20T00:00:00.000,2025-05-07T00:00:00.000,2026-05-07T04:00:00.000,"Installation of a temporarily heavy-duty sidewalk per plan submitted. Work shall comply with 2022 building codes chapter 33. No change in use, egress and/or occupancy with this application.",2000,MOUNT SINAI QUEENS,COLIN BARRETT,Signed-off,774904323,10016,40.747507,-73.982327,106,4,1008640032,74,Midtown South-Flatiron-Union Square,,
M01228823-I1,M01228823-I1-SC,2,Renewal Permit Without Changes,244,MADISON AVENUE,MANHATTAN,57,1017221,867,105,,Suspended Scaffold,R,005975,ANDON,IKSINO,XINOS CONSTRUCTION CORP,110-32A 15TH. AVENUE,,,,2025-05-27T00:00:00.000,2026-04-28T00:00:00.000,2027-02-28T00:00:00.000,"OUTRIGGERS SYSTEM INSTALLATION FOR FACADE REPAIRS. NO CHANGE IN USE, EGRESS, OR OCCUPANCY.",0,Douglas Elliman Property Management,Saed Hashimi,Permit Issued,460120245,10016,40.750131,-73.981247,105,4,1008670057,82,Midtown-Times Square,,
M01276747-I1,M01276747-I1-SC,1,Initial Permit,155,EAST   50 STREET,MANHATTAN,33,1036456,1305,106,,Suspended Scaffold,R,007639,JEAN,CORTEZ NIEVES,STRUCTUAL PRESV SYSTEM,35-21 VERNON BLVD,TYRO,TROXELL,SMEP Design & Consultation LLC,2025-09-12T00:00:00.000,2025-09-17T00:00:00.000,2026-07-01T04:00:00.000,FISP INSPECTION (Facade Inspection Safety Program). INDUSTRIAL ROPE ACCESS TECHNIQUES AND METHODS. SEE ATTACHED PLANS. Designated Primary Site supervisor: Jesus Decola,0,SONESTA FIFTY HOTEL,,Signed-off,454291071,10022,40.755923,-73.970702,106,4,1013050033,100,East Midtown-Turtle Bay,,C
M01100514-I1,M01100514-I1-SH,2,Renewal Permit Without Changes,213,EAST   38 STREET,Manhattan,10,1020354,919,106,"Open Space, Sidewalk",Sidewalk Shed,GC,612491,GILBERTO,DEALMEIDA,MC SUPERSTRUCTURE INC,135-53 NORTHERN BLVD #2B,,,,2024-09-25T00:00:00.000,2025-08-27T00:00:00.000,2026-08-27T04:00:00.000,INSTALLATION OF  300 PSF SIDEWALK SHED AND PIPE SCAFFOLDING AS PER PLANS. ALL EQUIPMENT SHALL COMPLY WITH CHAPTER # 33 OF THE 2022 CODE. NO CHANGE IN USE OCCUPANCY OR EGRESS UNDER THIS APPLICATION.,5000,MC SUPERSTRUCTURE INC.,GILBERTO DEALMEIDA,Permit Issued,994743934,10016,40.748008,-73.9757,106,4,1009190010,78,Murray Hill-Kips Bay,,
M01061539-I1,M01061539-I1-SC,2,Renewal Permit Without Changes,100,UNITED NATIONS PLAZA,MANHATTAN,7503,1039205,1341,106,,Suspended Scaffold,R,006441,MICHAEL,SCERBO,QUALITY BLDG CONSTRUCTION,"33-49 55TH STREET, #3",ROBERT,FAUERBACH,LOMBARDO BUILDING CONSULTANTS,2024-06-06T00:00:00.000,2025-05-30T00:00:00.000,2026-05-30T04:00:00.000,"Application for the installation and use of suspended scaffold as per plans filed herein. No change in egress, use, or occupancy.",0,PR,FirstService Residential,Permit Issued,172327536,10017,40.753318,-73.968689,106,4,1013417503,90,East Midtown-Turtle Bay,,
M01273962-I1,M01273962-I1-SC,1,Initial Permit,218,EAST   29 STREET,Manhattan,45,1019905,909,106,,Suspended Scaffold,R,005964,TIMOTHY,HENRY,HENRY RESTORATION LTD,139-19 109TH AVENUE,,,,2025-08-26T00:00:00.000,2025-08-27T00:00:00.000,2026-08-27T04:00:00.000,FILE SUSPENDED SCAFFOLD OUTRIGGER SYSTEMS FOR FACADE RESTORATION AND INSPECTION.,0,Kips Bay Court Condominium,,Permit Issued,926287144,10016,40.742319,-73.979791,106,2,1009090045,66,Murray Hill-Kips Bay,,D
M01112154-I1,M01112154-I1-SF,1,Initial Permit,216,EAST   29 STREET,MANHATTAN,46,1019906,909,106,Sidewalk,Supported Scaffold,GC,615445,JASON,SAKOW,CCM SERVICES GROUP,202 EAST 29TH STREET,,,,2024-09-23T00:00:00.000,2025-11-03T00:00:00.000,2026-05-31T04:00:00.000,PROPOSED INSTALLATION OF PIPE SCAFFOLD FOR REMEDIAL REPAIRS AS PER PLANS. NO CHANGE IN USE OCCUPANCY OR EGRESS UNDER THIS APPLICATION.,5000,CCM Services Group Inc,JASON SAKOW,Permit Issued,123619499,10016,40.742344,-73.979856,106,2,1009090046,66,Murray Hill-Kips Bay,,
M01369539-I1,M01369539-I1-SC,1,Initial Permit,52,VANDERBILT AVENUE,MANHATTAN,45,1035375,1279,105,,Suspended Scaffold,GC,626790,JOSHUA,STEINBERG,DORIA SCAFFOLDING LLC,205-02 JAMAICA AVENUE,,,,2026-03-10T00:00:00.000,2026-03-10T00:00:00.000,2026-12-31T05:00:00.000,"INSTALLATION OF TEMPORARY SUSPENDED SCAFFOLDS PER PLAN SUBMITTED. WORK SHALL COMPLY WITH 2022 BUILDING CODE CHAPTER 33. NO CHANGE IN USE, EGRESS AND/OR OCCUPANCY WITH THIS APPLICATION.",0,Doria Scaffolding LLC,JOSHUA STEINBERG,Permit Issued,651382218,10017,40.754036,-73.977214,105,4,1012790045,94,Midtown-Times Square,,
M01363211-I1,M01363211-I1-SC,1,Initial Permit,303,EAST 44 STREET,MANHATTAN,105,1038767,1337,106,,Suspended Scaffold,GC,626790,JOSHUA,STEINBERG,DORIA SCAFFOLDING LLC,205-02 JAMAICA AVENUE,,,,2026-02-23T00:00:00.000,2026-02-23T00:00:00.000,2026-12-31T05:00:00.000,"INSTALLATION OF TEMPORARY SUSPENDED SCAFFOLDS PER PLAN SUBMITTED. WORK SHALL COMPLY WITH 2022 BUILDING CODE CHAPTER 33. NO CHANGE IN USE, EGRESS AND/OR OCCUPANCY WITH THIS APPLICATION.",0,Doria Scaffolding LLC,JOSHUA STEINBERG,Permit Issued,827065805,10017,40.750971,-73.970888,106,4,1013370105,90,East Midtown-Turtle Bay,,
M01356801-I1,M01356801-I1-SH,1,Initial Permit,150,EAST   50 STREET,MANHATTAN,41,1036447,1304,106,Open Space,Sidewalk Shed,GC,623563,KAROLINA,OLEJARZ,INTERSYSTEM CONSTRUCTION,216 EAGLE ST,ALDI,DILO,"Rigid Structural Design, LLC",2026-03-02T00:00:00.000,2026-03-02T00:00:00.000,2026-05-31T04:00:00.000,"Installation of a temporarily heavy-duty sidewalk shed per plan submitted. Work shall comply with 2022 building codes chapter 33. No change in use, egress and/or occupancy with this application.",10744.5,INTERSYSTEM CONSTRUCTION CORP.,KAROLINA OLEJARZ,Permit Issued,870227986,10022,40.756244,-73.971785,106,4,1013040041,100,East Midtown-Turtle Bay,,
M01342219-I1,M01342219-I1-SC,1,Initial Permit,249,EAST   30 STREET,MANHATTAN,28,1019953,911,106,,Suspended Scaffold,R,005484,TARIQ,CHAUDHRY,RAPID MASONRY REST. CORP,79-06 37TH AVENUE,MU/RO/BR/SE,KH/SC/GA/DA,MUNICIPAL BUILDING CONSULTANTS,2026-03-18T00:00:00.000,2026-03-19T00:00:00.000,2027-03-04T05:00:00.000,Installation of outrigger for facade repair & inspection.,0,JORDAN COOPER LLC,Omar Padial,Permit Issued,699433190,10016,40.742426,-73.978059,106,2,1009110028,7002,Murray Hill-Kips Bay,,
M01355058-S1,M01355058-S1-SC,1,Initial Permit,38,EAST 35 STREET,MANHATTAN,47,1017107,864,106,,Suspended Scaffold,GC,626790,JOSHUA,STEINBERG,DORIA SCAFFOLDING LLC,205-02 JAMAICA AVENUE,,,,2026-03-17T00:00:00.000,2026-03-17T00:00:00.000,2026-12-31T05:00:00.000,"INSTALLATION OF TEMPORARY SUSPENDED SCAFFOLDS PER PLAN SUBMITTED. WORK SHALL COMPLY WITH 2022 BUILDING CODE CHAPTER 33. NO CHANGE IN USE, EGRESS AND/OR OCCUPANCY WITH THIS APPLICATION.",0,Doria Scaffolding LLC,JOSHUA STEINBERG,Permit Issued,773339595,10016,40.748248,-73.982056,106,4,1008640047,74,Midtown South-Flatiron-Union Square,,
M01343757-I1,M01343757-I1-SF,1,Initial Permit,415,EAST   37 STREET,Manhattan,7501,1076168,969,106,"Floor Number(s) 001 through 047, Open Space, Roof, Roof Terrace 004 through 044",Supported Scaffold,GC,622585,MOHAMMAD,SHAMSHAD,EXPERT PAINTING INC,"12619 22ND AVE, FL 2",ELY,SEPULVEDA,AE DESIGN SOLUTION INC.,2026-02-27T00:00:00.000,2026-02-27T00:00:00.000,2026-08-27T04:00:00.000,"INSTALLATION OF TEMPORARY PIPE SCAFFOLD AS PER PLANS. NO CHANGE IN USE, EGRESS OR OCCUPANCY.",1,PR,Jared Kasper,Permit Issued,430647554,10016,40.745564,-73.971822,106,4,1009697501,8601,Murray Hill-Kips Bay,,
M01383120-I1,M01383120-I1-SC,1,Initial Permit,993,AVENUE OF THE AMERICAS,MANHATTAN,45,1090627,812,105,,Suspended Scaffold,GC,626790,JOSHUA,STEINBERG,DORIA SCAFFOLDING LLC,205-02 JAMAICA AVENUE,,,,2026-04-07T00:00:00.000,2026-04-07T00:00:00.000,2026-12-31T05:00:00.000,"INSTALLATION OF TEMPORARY SUSPENDED SCAFFOLDS PER PLAN SUBMITTED. WORK SHALL COMPLY WITH 2022 BUILDING CODE CHAPTER 33. NO CHANGE IN USE, EGRESS AND/OR OCCUPANCY WITH THIS APPLICATION.",0,Doria Scaffolding LLC,JOSHUA STEINBERG,Permit Issued,528907802,10018,40.751504,-73.986556,105,4,1008120045,109,Midtown-Times Square,,
M01100514-I1,M01100514-I1-SH,2,Renewal Permit Without Changes,213,EAST   38 STREET,Manhattan,10,1020354,919,106,"Open Space, Sidewalk",Supported Scaffold,GC,612491,GILBERTO,DEALMEIDA,MC SUPERSTRUCTURE INC,135-53 NORTHERN BLVD #2B,,,,2024-09-25T00:00:00.000,2025-08-27T00:00:00.000,2026-08-27T04:00:00.000,INSTALLATION OF  300 PSF SIDEWALK SHED AND PIPE SCAFFOLDING AS PER PLANS. ALL EQUIPMENT SHALL COMPLY WITH CHAPTER # 33 OF THE 2022 CODE. NO CHANGE IN USE OCCUPANCY OR EGRESS UNDER THIS APPLICATION.,5000,MC SUPERSTRUCTURE INC.,GILBERTO DEALMEIDA,Permit Issued,994743934,10016,40.748008,-73.9757,106,4,1009190010,78,Murray Hill-Kips Bay,,
M01022165-S2,M01022165-S2-SC,2,Renewal Permit Without Changes,1,WEST   39 STREET,MANHATTAN,31,1016045,841,105,,Suspended Scaffold,R,005141,WALID,ABOUMOUSSA,AMERICAN VENTILATION SERV,26-16 123RD STREET,Jose,Evangelista,Hierarch-E LLC,2025-01-29T00:00:00.000,2026-02-17T00:00:00.000,2026-11-15T00:00:00.000,Suspended scaffold installation off C-hooks and outriggers as per plans filed herewith.,0,VIKING RESTORATION SERVICES LLC,DOMINIC FONTANA,Signed-off,704464468,10018,40.751885,-73.982982,105,4,1008410031,84,Midtown-Times Square,,
M00486192-I1,M00486192-I1-SH,6,Renewal Permit Without Changes,270,PARK AVENUE,MANHATTAN,21,1091010,1283,105,Open Space,Sidewalk Shed,GC,608211,ERIK,OH,"SAFWAY ATLANTIC, LLC",700 COMMERCIAL AVENUE,JEEWAN,ITWARIE,A1 EXPEDITING SERVICE CORP.,2021-03-15T00:00:00.000,2025-10-03T00:00:00.000,2026-09-30T04:00:00.000,"PHASE 3B: INSTALLATION OF HEAVY DUTY SIDEWALK SHED DURING NEW BUILDING CONSTRUCTION, FILED SEPARATELY. SIDEWALK SHED SHALL COMPLY WITH CHAPTER #33 OF THE NYC BUILDING CODE. NO CHANGE IN USE, OCCUPANCY OR EGRESS UNDER THIS APPLICATION.",3000,SAFWAY ATLANTIC LLC,MARK MCKELVEY,Signed-off,770538399,10017,40.755641,-73.975109,105,4,1012830021,94,Midtown-Times Square,,
M01275011-I1,M01275011-I1-SC,1,Initial Permit,11,EAST   29 STREET,MANHATTAN,7501,1087726,859,105,,Suspended Scaffold,R,007639,JEAN,CORTEZ NIEVES,STRUCTUAL PRESV SYSTEM,35-21 VERNON BLVD,TYRO,TROXELL,SMEP Design & Consultation LLC,2025-08-29T00:00:00.000,2025-09-02T00:00:00.000,2026-07-01T04:00:00.000,FISP INSPECTION (Facade Inspection Safety Program). INDUSTRIAL ROPE ACCESS TECHNIQUES AND METHODS. SEE ATTACHED PLANS. Designated Primary Site supervisor: Jesus Decola,0,SEQUOIA PROPERTY MANAGEMENT,,Signed-off,149255770,10016,40.744947,-73.985976,105,2,1008597501,74,Midtown South-Flatiron-Union Square,,C
M01309646-S1,M01309646-S1-FN,1,Initial Permit,306,5 AVENUE,MANHATTAN,7501,1015835,833,105,Open Space,Construction Fence,GC,618404,DO,LEE,BEAUTIFUL CONSULTING,51 TANNERS ROAD,DO K,LEE,BEAUTIFUL CONSULTING AND CONSTRUCTI,2025-12-09T00:00:00.000,2025-12-09T00:00:00.000,2026-12-09T05:00:00.000,INSTALLATION OF NEW PLYWOOD FENCE,5000,DYNAMITE DECORATOR,Jack Imir,Signed-off,987370736,10001,40.746775,-73.985784,105,3,1008337501,76,Midtown South-Flatiron-Union Square,,K
M01370248-I1,M01370248-I1-SH,1,Initial Permit,171,LEXINGTON AVENUE,MANHATTAN,63,1086019,886,106,Sidewalk,Sidewalk Shed,GC,612491,JIMMY,HSU,MC SUPERSTRUCTURE INC,135-53 NORTHERN BLVD #2B,,,,2026-03-23T00:00:00.000,2026-03-23T00:00:00.000,2026-06-21T04:00:00.000,"INSTALLATION OF 300 PSF SIDEWALK SHED AND ROOF PROTECTION AS PER PLANS. ALL EQUIPMENT SHALL COMPLY WITH CHAPTER #33 OF THE 2022 CODE. NO CHANGE IN USE, EGRESS OR OCCUPANCY UNDER THIS APPLICATION.",10000,MET COUNCIL,Dena Johnson-Herrera,Permit Issued,481509759,10016,40.744241,-73.981285,106,2,1008860063,72,Murray Hill-Kips Bay,,
M00677002-I1,M00677002-I1-SH,6,Renewal Permit Without Changes,777,UN PLAZA,MANHATTAN,30,1038669,1336,106,Sidewalk,Sidewalk Shed,GC,607447,WILLIAM,LAFFEY,SPRING SCAFFOLDING LLC,49-30 31ST PLACE,,,,2022-02-22T00:00:00.000,2026-03-03T00:00:00.000,2026-06-01T04:00:00.000,"INSTALLATION OF 300PSF SIDEWALK SHED AS PER PLANS, SIDEWALK SHED SHALL COMPLY WITH CHAPTER # 33 OF THE CODE 2014, NO CGANGES IN USE EGRESS OR OCCUPANCY UNDER THIS APPLICATION.",5000,SPRING SCAFFOLDING LLC,WILLIAM KNIGHT,Permit Issued,919338263,10017,40.749859,-73.969095,106,4,1013360030,88,Murray Hill-Kips Bay,,
M01174159-I1,M01174159-I1-SH,3,Renewal Permit Without Changes,52,WEST   36 STREET,MANHATTAN,74,1015913,837,105,Sidewalk,Sidewalk Shed,GC,607447,WILLIAM,LAFFEY,SPRING SCAFFOLDING LLC,49-30 31ST PLACE,JOSEPH,CASTILLO,UNITED SAFETY CONSULTANTS,2025-01-31T00:00:00.000,2026-03-04T00:00:00.000,2026-06-02T04:00:00.000,"INSTALLATION OF TEMPORARY SIDEWALK SHED AS PER PLAN. NO CHANGE IN USE, EGRESS OR OCCUPANCY.",1000,HYATT HERALD SQUARE,Brian Max,Permit Issued,368140787,10018,40.750604,-73.985736,105,4,1008370074,84,Midtown-Times Square,,
M01366501-I1,M01366501-I1-SH,1,Initial Permit,120,WEST   44 STREET,MANHATTAN,43,1022616,996,105,Open Space,Sidewalk Shed,GC,620254,PRABHJIT,SINGH,PLATINUM SERVICES NY LLC,53-28 11TH STREET 2ND FL,,,,2026-03-05T00:00:00.000,2026-03-05T00:00:00.000,2026-06-03T04:00:00.000,"INSTALLATION OF TEMPORARY HEAVY DUTY SIDEWALK SHED AS PER PLANS. NO CHANGE IN USE, EGRESS OR OCCUPANCY. SIDEWALK SHED SHALL COMPLY WITH CHAPTER #33 OF 2022 THE NYC BUILDING CODE. LIVE LOAD 300PSF.",1000,PLATINUM SERVICES NY LLC,PRABHJIT SINGH,Permit Issued,575697327,10036,40.756461,-73.983952,105,4,1009960043,119,Midtown-Times Square,,
M00978703-I1,M00978703-I1-SH,3,Renewal Permit Without Changes,556,3 AVENUE,MANHATTAN,7502,1018967,892,106,Ground Floor,Sidewalk Shed,GC,615512,ALEX,STAVRINOUDIS,EXO INDUSTRIES CORP,55-07 39TH AVENUE,,,,2023-12-27T00:00:00.000,2025-12-22T00:00:00.000,2026-12-22T05:00:00.000,"PROPOSED INSTALLATION OF HEAVY DUTY SIDEWALK SHED AS PER PLANS. LIVE LOAD 300 LBS PER SQUARE FEET. SIDEWALK SHED SHALL COMPLY WITH CHAPTER #33 OF THE NYC BUILDING CODE. NO CHANGE IN USE, OCCUPANCY, OR EGRESS UNDER THIS APPLICATION.",5000,"E-Z PERMIT NY, LLC",ALEX STAVRINOUDIS,Permit Issued,776858343,10016,40.747432,-73.976891,106,4,1008927502,80,Murray Hill-Kips Bay,,
M01353790-I1,M01353790-I1-SC,1,Initial Permit,235,EAST   40 STREET,MANHATTAN,7501,1037178,1314,106,,Suspended Scaffold,R,007666,EDISON,FIGUEROA CASANOVA,EXO INDUSTRIES CORP,55-07 39TH STREET,ELY,SEPULVEDA,AE DESIGN SOLUTION INC.,2026-02-12T00:00:00.000,2026-02-13T00:00:00.000,2027-02-13T05:00:00.000,"Installation of suspended scaffold for facade work and/or inspection. Amend #2, added anchor detail masonry",0,Allied Partners,,Permit Issued,823901412,10016,40.748864,-73.973892,106,4,1013147501,88,Murray Hill-Kips Bay,,F
M00983098-I1,M00983098-I1-SC,3,Renewal Permit Without Changes,556,3 AVENUE,MANHATTAN,7502,1018967,892,106,,Suspended Scaffold,R,007666,EDISON,FIGUEROA CASANOVA,EXO INDUSTRIES CORP,55-07 39TH STREET,,,,2024-01-30T00:00:00.000,2026-01-14T00:00:00.000,2027-01-14T05:00:00.000,"FACADE RESTORATION, INSPECTIONS",0,FASHIONWEAR REALTY CO INC,,Permit Issued,424074741,10016,40.747432,-73.976891,106,4,1008927502,80,Murray Hill-Kips Bay,,
M01282988-I1,M01282988-I1-SH,2,Renewal Permit Without Changes,225,EAST   36 STREET,MANHATTAN,17,1020204,917,106,Ground Floor,Supported Scaffold,GC,025655,STEVE,MARKU,COLGATE RESTORATION CORP,147 28 ST,,,,2025-09-18T00:00:00.000,2026-03-09T00:00:00.000,2026-06-07T04:00:00.000,INSTALLATION OF SIDEWALK SHED AS SHOWN ON DRAWINGS. NO CHANGE IN USE EGRESS OR OCCUPANCY. WE SHALL COMPLY WITH CHAPTER 33 OF 2022 BC.,10000,PR,Adam Zerka,Permit Issued,925447188,10016,40.746551,-73.976083,106,4,1009170017,78,Murray Hill-Kips Bay,,
M00877599-I1,M00877599-I1-SH,4,Renewal Permit Without Changes,39,WEST   37 STREET,MANHATTAN,16,1015961,839,105,Ground Floor,Sidewalk Shed,GC,025655,STEVE,MARKU,COLGATE RESTORATION CORP,147 28 ST,,,,2023-05-25T00:00:00.000,2026-03-09T00:00:00.000,2026-06-07T04:00:00.000,"SIDEWALK SHED INSTALLATION AS SHOWN ON DRAWINGS. NO CHANGE IN USE, EGRESS OR OCCUPANCY. WE SHALL COMPLY WITH CHAPTER 33 OF 2022 B.C",1000,WALTER & SAMUELS INC.,MEL FARRELL,Permit Issued,609467914,10018,40.750922,-73.984527,105,4,1008390016,84,Midtown-Times Square,,
M01282988-I1,M01282988-I1-SH,2,Renewal Permit Without Changes,225,EAST   36 STREET,MANHATTAN,17,1020204,917,106,Ground Floor,Sidewalk Shed,GC,025655,STEVE,MARKU,COLGATE RESTORATION CORP,147 28 ST,,,,2025-09-18T00:00:00.000,2026-03-09T00:00:00.000,2026-06-07T04:00:00.000,INSTALLATION OF SIDEWALK SHED AS SHOWN ON DRAWINGS. NO CHANGE IN USE EGRESS OR OCCUPANCY. WE SHALL COMPLY WITH CHAPTER 33 OF 2022 BC.,10000,PR,Adam Zerka,Permit Issued,925447188,10016,40.746551,-73.976083,106,4,1009170017,78,Murray Hill-Kips Bay,,
M01111972-I1,M01111972-I1-SH,3,Renewal Permit Without Changes,11,WEST   37 STREET,MANHATTAN,33,1090635,839,105,Sidewalk,Sidewalk Shed,GC,602410,ADALBERTO,LOPEZ,LCS RESTORATION CORP,725 EAST 135TH STREET,ABDELSALAM,MALI,AM PROFESSIONALS,2024-09-24T00:00:00.000,2026-03-10T00:00:00.000,2026-06-08T04:00:00.000,"INSTALLATION OF 300 PSF SIDEWALK SHED AS PER PLANS. ALL EQUIPMENT SHALL COMPLY WITH CHAPTER #33 OF THE 2022 CODE. NO CHANGE IN USE, EGRESS OR OCCUPANCY UNDER THIS APPLICATION.",5000,LCS RESTORATION CORP,ADALBERTO LOPEZ,Permit Issued,739092306,10018,40.75065,-73.983881,105,4,1008390033,84,Midtown-Times Square,,
M01021397-I1,M01021397-I1-SH,3,Renewal Permit Without Changes,307,EAST   44 STREET,MANHATTAN,6,1038755,1337,106,Open Space,Sidewalk Shed,GC,602114,JOSEPH,CERINA,CEPRINE CONSTRUCTION INC,41-08 BERRIAN BLVD,CHARLIE,BATISTA,RIGID STRUCTURAL DESIGN,2024-03-22T00:00:00.000,2026-03-10T00:00:00.000,2026-06-08T04:00:00.000,"Installation of a temporarily heavy-duty sidewalk shed and material storage per plan submitted. Work shall comply with 2022 building codes chapter 33. No change in use, egress and/or occupancy with this application.",5000,THE BRODSKY ORGANIZATION,JON ADAMSKI,Permit Issued,136856744,10017,40.750949,-73.970841,106,4,1013370006,90,East Midtown-Turtle Bay,,
M00675248-I1,M00675248-I1-SH,5,Renewal Permit Without Changes,15,WEST   37 STREET,MANHATTAN,29,1015967,839,105,Sidewalk,Sidewalk Shed,GC,602410,ADALBERTO,LOPEZ,LCS RESTORATION CORP,725 EAST 135TH STREET,ABDELSALAM,MALI,AM PROFESSIONALS,2022-02-10T00:00:00.000,2026-03-11T00:00:00.000,2026-06-09T04:00:00.000,"INSTALLATION OF 300PSF SIDEWALK SHED AS PER PLANS. SIDEWALK SHED SHALL COMPLY WITH CHAPTER # 33 OF THE CODE 2014, NO CHANGES IN USE, EGRESS AND OCCUPANCY UNDER THIS APPLICATION.",5000,LCS RESTORATION CORP,ADALBERTO LOPEZ,Permit Issued,209043553,10018,40.750669,-73.983928,105,4,1008390029,84,Midtown-Times Square,,
M01316166-I1,M01316166-I1-SH,1,Initial Permit,845,2 AVENUE,MANHATTAN,7502,1087512,1319,106,Sidewalk,Sidewalk Shed,GC,608938,ALAN,OBER,STEEL SYSTEMS LLC,570 TAXTER ROAD,,,,2025-11-14T00:00:00.000,2025-11-14T00:00:00.000,2026-11-14T05:00:00.000,"Installation of a temporarily heavy-duty sidewalk per plan submitted. Work shall comply with 2022 building codes chapter 33. No change in use, egress and/or occupancy with this application.",8000,STEEL SYSTEMS LLC,ALAN OBER,Permit Issued,601852074,10017,40.751902,-73.970704,106,4,1013197502,90,East Midtown-Turtle Bay,,
M01314649-I1,M01314649-I1-SH,1,Initial Permit,210,EAST   29 STREET,MANHATTAN,49,1019908,909,106,Sidewalk,Sidewalk Shed,GC,620024,GURJIT,SINGH,HD CONTRACTORS CORP,41 GREENTREE CIRCLE,,,,2025-11-06T00:00:00.000,2025-11-06T00:00:00.000,2026-09-22T04:00:00.000,PROPOSED INSTALLATION OF HEAVY DUTY SIDEWALK SHED FOR REMEDIAL REPAIRS AS PER PLANS. NO CHANGE IN USE OCCUPANCY OR EGRESS UNDER THIS APPLICATION. LIVE LOAD 300 PER SQUARE FEET. SIDEWALK SHED SHALL COMPLY WITH CHAPTER # 33 OF THE 2022 CODE.,5000,HD CONTRACTORS CORP,GURJIT SINGH,Permit Issued,479423628,10016,40.742371,-73.979921,106,2,1009090049,66,Murray Hill-Kips Bay,,
M01321278-I1,M01321278-I1-SH,1,Initial Permit,231,LEXINGTON AVENUE,MANHATTAN,65,1018511,889,106,Sidewalk,Sidewalk Shed,GC,620024,GURJIT,SINGH,HD CONTRACTORS CORP,41 GREENTREE CIRCLE,,,,2025-11-21T00:00:00.000,2025-11-21T00:00:00.000,2026-09-22T04:00:00.000,PROPOSED INSTALLATION OF HEAVY DUTY SIDEWALK SHED FOR REMEDIAL REPAIRS AS PER PLANS. NO CHANGE IN USE OCCUPANCY OR EGRESS UNDER THIS APPLICATION. LIVE LOAD 300 PER SQUARE FEET. SIDEWALK SHED SHALL COMPLY WITH CHAPTER # 33 OF THE 2022 CODE.,5000,HD CONTRACTORS CORP,GURJIT SINGH,Permit Issued,381030649,10016,40.746123,-73.979913,106,4,1008890065,72,Murray Hill-Kips Bay,,
M01322133-I1,M01322133-I1-SH,1,Initial Permit,411,PARK AVENUE SOUTH,MANHATTAN,87,1018237,884,105,Open Space,Sidewalk Shed,GC,623088,RENE,NUNEZ,ANDAMIO SCAFFOLDING LLC,20 BURLING LANE (BOX 4-1),,,,2025-11-25T00:00:00.000,2025-11-25T00:00:00.000,2026-07-19T04:00:00.000,"INSTALLATION OF TEMPORARY HEAVY DUTY SIDEWALK SHED AS PER PLANS. NO CHANGE IN USE, EGRESS OR OCCUPANCY. SIDEWALK SHED SHALL COMPLY WITH CHAPTER #33 OF 2022 THE NYC BUILDING CODE. LIVE LOAD 300PSF.",1000,PR,Vito Vacca,Signed-off,628468794,10016,40.743604,-73.983858,105,2,1008840087,72,Murray Hill-Kips Bay,,
M01351625-I1,M01351625-I1-SF,1,Initial Permit,411,PARK AVENUE SOUTH,MANHATTAN,87,1018237,884,105,Facade,Supported Scaffold,GC,623088,RENE,NUNEZ,ANDAMIO SCAFFOLDING LLC,20 BURLING LANE (BOX 4-1),,,,2026-02-09T00:00:00.000,2026-02-09T00:00:00.000,2026-07-19T04:00:00.000,"PROPOSED INSTALLATION OF TEMPORARY PIPE SCAFFOLD AS PER PLANS. WORK SHALL COMPLY WITH CHAPTER #33 OF 2022 THE NYC BUILDING CODE. NO CHANGE IN USE, OCCUPANCY, OR EGRESS UNDER THIS APPLICATION.",1000,PR,Vito Vacca,Signed-off,183723121,10016,40.743604,-73.983858,105,2,1008840087,72,Murray Hill-Kips Bay,,
M01315391-I1,M01315391-I1-SF,1,Initial Permit,243,EAST   48 STREET,MANHATTAN,19,1038013,1322,106,Ground Floor,Supported Scaffold,GC,620024,GURJIT,SINGH,HD CONTRACTORS CORP,41 GREENTREE CIRCLE,,,,2025-11-14T00:00:00.000,2025-11-14T00:00:00.000,2026-09-22T04:00:00.000,PROPOSED INSTALLATION OF PIPE SCAFFOLD FOR REMEDIAL REPAIRS AS PER PLANS. NO CHANGE IN USE OCCUPANCY OR EGRESS UNDER THIS APPLICATION.,5000,HD CONTRACTORS CORP,GURJIT SINGH,Permit Issued,310954906,10017,40.754152,-73.970663,106,4,1013220019,90,East Midtown-Turtle Bay,,
M01314677-I1,M01314677-I1-SH,1,Initial Permit,243,EAST   48 STREET,MANHATTAN,19,1038013,1322,106,Sidewalk,Sidewalk Shed,GC,620024,GURJIT,SINGH,HD CONTRACTORS CORP,41 GREENTREE CIRCLE,,,,2025-11-06T00:00:00.000,2025-11-06T00:00:00.000,2026-09-22T04:00:00.000,PROPOSED INSTALLATION OF HEAVY DUTY SIDEWALK SHED FOR REMEDIAL REPAIRS AS PER PLANS. NO CHANGE IN USE OCCUPANCY OR EGRESS UNDER THIS APPLICATION. LIVE LOAD 300 PER SQUARE FEET. SIDEWALK SHED SHALL COMPLY WITH CHAPTER # 33 OF THE 2022 CODE.,4000,HD CONTRACTORS CORP,GURJIT SINGH,Permit Issued,856831310,10017,40.754152,-73.970663,106,4,1013220019,90,East Midtown-Turtle Bay,,
M00839661-I1,M00839661-I1-FN,4,Renewal Permit Without Changes,36,WEST   38 STREET,MANHATTAN,67,1090634,839,105,Sidewalk,Construction Fence,GC,018914,PHILIP,SUSI,ARSENAL SCAFFOLD INC,95 JERSEY STREET,,,,2023-04-17T00:00:00.000,2026-04-13T00:00:00.000,2027-04-01T00:00:00.000,"INSTALLATION OF TEMORARY PLYWOOD FENCE AND HEAVY DUTY SIDEWALK SHED AS PER PLANS. SW SHED AND PLYWOOD FENCE SHALL COMPLY WITH CHAPTER #33 OF THE 2022 CODE. NO CHANGE IN USE, EGRESS OR OCCUPANCY UNDER THIS APPLICATION.",10000,OMNIBUILD CONSTRUCTION,PETER SERPICO,Signed-off,385003919,10018,40.751473,-73.983964,105,4,1008390067,84,Midtown-Times Square,,
M01370375-I1,M01370375-I1-SH,1,Initial Permit,37,WEST   44 STREET,MANHATTAN,16,1034221,1260,105,Open Space,Sidewalk Shed,GC,623563,KAROLINA,OLEJARZ,INTERSYSTEM CONSTRUCTION,216 EAGLE ST,ALDI,DILO,"Rigid Structural Design, LLC",2026-03-20T00:00:00.000,2026-03-20T00:00:00.000,2026-06-18T04:00:00.000,"Installation of a temporary heavy-duty sidewalk shed per plan submitted. Work shall comply with 2022 building codes chapter 33. No change in use, egress and/or occupancy with this application.",4000,INTERSYSTEM CONSTRUCTION CORP.,KAROLINA OLEJARZ,Signed-off,871813422,10036,40.755343,-73.981245,105,4,1012600016,96,Midtown-Times Square,,
M00839661-I1,M00839661-I1-FN,3,Renewal Permit Without Changes,36,WEST   38 STREET,MANHATTAN,67,1090634,839,105,Sidewalk,Sidewalk Shed,GC,018914,PHILIP,SUSI,ARSENAL SCAFFOLD INC,95 JERSEY STREET,,,,2023-04-17T00:00:00.000,2025-04-11T00:00:00.000,2026-04-11T04:00:00.000,"INSTALLATION OF TEMORARY PLYWOOD FENCE AND HEAVY DUTY SIDEWALK SHED AS PER PLANS. SW SHED AND PLYWOOD FENCE SHALL COMPLY WITH CHAPTER #33 OF THE 2022 CODE. NO CHANGE IN USE, EGRESS OR OCCUPANCY UNDER THIS APPLICATION.",10000,OMNIBUILD CONSTRUCTION,PETER SERPICO,Signed-off,865076224,10018,40.751473,-73.983964,105,4,1008390067,84,Midtown-Times Square,,
M00970496-I1,M00970496-I1-SC,4,Renewal Permit Without Changes,60,EAST   42 STREET,MANHATTAN,42,1035335,1276,,,Suspended Scaffold,R,006135,JOSE,GARCIA,TITAN CONST SERVICES LLC,153 WEST 27TH STREET #403,,,,2023-12-07T00:00:00.000,2026-04-01T00:00:00.000,2026-10-14T04:00:00.000,Installation of temporary suspended scaffold for facade inspection and repair.,0,ESRT,,Permit Issued,775869904,10017,40.752612,-73.978853,105,4,1012760042,82,Midtown-Times Square,,I
M00839661-I1,M00839661-I1-FN,3,Renewal Permit Without Changes,36,WEST   38 STREET,MANHATTAN,67,1090634,839,105,Sidewalk,Construction Fence,GC,018914,PHILIP,SUSI,ARSENAL SCAFFOLD INC,95 JERSEY STREET,,,,2023-04-17T00:00:00.000,2025-04-11T00:00:00.000,2026-04-11T04:00:00.000,"INSTALLATION OF TEMORARY PLYWOOD FENCE AND HEAVY DUTY SIDEWALK SHED AS PER PLANS. SW SHED AND PLYWOOD FENCE SHALL COMPLY WITH CHAPTER #33 OF THE 2022 CODE. NO CHANGE IN USE, EGRESS OR OCCUPANCY UNDER THIS APPLICATION.",10000,OMNIBUILD CONSTRUCTION,PETER SERPICO,Signed-off,865076224,10018,40.751473,-73.983964,105,4,1008390067,84,Midtown-Times Square,,
M00839661-I1,M00839661-I1-FN,4,Renewal Permit Without Changes,36,WEST   38 STREET,MANHATTAN,67,1090634,839,105,Sidewalk,Sidewalk Shed,GC,018914,PHILIP,SUSI,ARSENAL SCAFFOLD INC,95 JERSEY STREET,,,,2023-04-17T00:00:00.000,2026-04-13T00:00:00.000,2027-04-01T00:00:00.000,"INSTALLATION OF TEMORARY PLYWOOD FENCE AND HEAVY DUTY SIDEWALK SHED AS PER PLANS. SW SHED AND PLYWOOD FENCE SHALL COMPLY WITH CHAPTER #33 OF THE 2022 CODE. NO CHANGE IN USE, EGRESS OR OCCUPANCY UNDER THIS APPLICATION.",10000,OMNIBUILD CONSTRUCTION,PETER SERPICO,Signed-off,385003919,10018,40.751473,-73.983964,105,4,1008390067,84,Midtown-Times Square,,
M01265214-I1,M01265214-I1-SC,1,Initial Permit,550,5 AVENUE,MANHATTAN,36,1083858,1261,105,,Suspended Scaffold,R,007639,JEAN,CORTEZ NIEVES,STRUCTUAL PRESV SYSTEM,35-21 VERNON BLVD,TYRO,TROXELL,SMEP Design & Consultation LLC,2025-09-05T00:00:00.000,2025-09-11T00:00:00.000,2026-07-01T04:00:00.000,FISP INSPECTION (Facade Inspection Safety Program). INDUSTRIAL ROPE ACCESS TECHNIQUES AND METHODS. SEE ATTACHED PLANS.  Designated Primary Site supervisor: Jesus Decola,0,ESQUIRE MANAGEMENT CORP.,,Signed-off,388903360,10036,40.755626,-73.979336,105,4,1012610036,96,Midtown-Times Square,,C
M01265220-I1,M01265220-I1-SC,1,Initial Permit,546,5 AVENUE,MANHATTAN,34,1082895,1261,105,,Suspended Scaffold,R,007639,JEAN,CORTEZ NIEVES,STRUCTUAL PRESV SYSTEM,35-21 VERNON BLVD,TYRO,TROXELL,SMEP Design & Consultation LLC,2025-09-05T00:00:00.000,2025-09-09T00:00:00.000,2026-07-01T04:00:00.000,FISP INSPECTION (Facade Inspection Safety Program). INDUSTRIAL ROPE ACCESS TECHNIQUES AND METHODS. SEE ATTACHED PLANS.  Designated Primary Site supervisor: Jesus Decola,0,ESQUIRE MANAGEMENT CORP.,,Signed-off,364403825,10036,40.755447,-73.979466,105,4,1012610034,96,Midtown-Times Square,,C
M01003530-I1,M01003530-I1-SH,3,Renewal Permit Without Changes,292,MADISON AVENUE,MANHATTAN,59,1035322,1275,105,Sidewalk,Sidewalk Shed,GC,027194,MATTHEW,CARUSO,EXTERIOR WALL & BUILDING,72 WHITEHALL STREET,ANDREW,SANTORO,"PATUXENT ENGINEERING, LLC",2024-02-13T00:00:00.000,2025-12-30T00:00:00.000,2026-12-30T05:00:00.000,"INSTALLATION OF SIDEWALK SHED IN ACCORDANCE WITH NYCC 2022 CHAPTER 33 BUILDING CODE. NO CHANGE IN EGRESS, USE, OR OCCUPANCY.",1000,VANBARTON GROUP,JOEY CHILELLI,Signed-off,888879202,10017,40.75189,-73.979965,105,4,1012750059,82,Midtown-Times Square,,
M01274034-I1,M01274034-I1-SC,1,Initial Permit,111,EAST   30 STREET,MANHATTAN,7501,1018349,886,105,,Suspended Scaffold,R,006175,JOHN,TSAMPAS,SKYLINE RESTORATION INC,49-28 31ST PLACE,ELY,SEPULVEDA,AE DESIGN SOLUTION INC.,2025-09-02T00:00:00.000,2025-09-05T00:00:00.000,2026-09-05T04:00:00.000,Installation of material hoist,0,,,Signed-off,853281460,10016,40.744279,-73.982486,105,2,1008867501,72,Murray Hill-Kips Bay,,
M01021862-I1,M01021862-I1-SH,3,Renewal Permit Without Changes,993,AVENUE OF THE AMERICAS,Manhattan,45,1090627,812,105,Open Space,Sidewalk Shed,GC,616838,EDMUND,KIRCH,DHS FRACO LLC,4612 QUEENS BLVD,ALDI,DILO,"Rigid Structural Design, LLC",2024-03-19T00:00:00.000,2026-03-20T00:00:00.000,2026-06-18T04:00:00.000,"INSTALLATION OF 300 PSF SIDEWALK SHED, CONSTRUCTION FENCE, ROOF OF PROTECTION and OHP via Needle Beam AS PER PLANS. ALL EQUIPMENT SHALL COMPLY WITH CHAPTER #33 OF THE 2022 CODE. NO CHANGE IN USE, EGRESS OR OCCUPANCY UNDER THIS APPLICATION.",1000,"DHS FRACO, LLC",EDMUND KIRSCH,Permit Issued,750604796,10018,40.751504,-73.986556,105,4,1008120045,109,Midtown-Times Square,,
M01295465-I1,M01295465-I1-SH,1,Initial Permit,35,WEST   45 STREET,Manhattan,19,1034244,1261,105,Sidewalk,Sidewalk Shed,GC,018914,PHILIP,SUSI,ARSENAL SCAFFOLD INC,95 JERSEY STREET,HANCE,MERCEDES,SYNERGY BUILDING CONSULTANTS,2025-10-15T00:00:00.000,2025-10-15T00:00:00.000,2026-10-15T04:00:00.000,"Installation of temporary heavy duty sidewalk shed per plan submitted. Work shall comply with 2022 building codes chapter 33. No change in use, egress and/or occupancy with this application.",1,THE STAHL ORGANIZATION,MARIANNE DZIUBA,Permit Issued,357125037,10036,40.75595,-73.980747,105,4,1012610019,96,Midtown-Times Square,,
M01379337-I1,M01379337-I1-SH,1,Initial Permit,105,EAST   38 STREET,Manhattan,6,1019124,894,106,Open Space,Sidewalk Shed,GC,622709,GABRIEL,SERAFIN,NEW AMSTERDAM RESTORATION,60-06 55TH DRIVE,ALDI,DILO,"Rigid Structural Design, LLC",2026-04-22T00:00:00.000,2026-04-22T00:00:00.000,2026-07-21T04:00:00.000,"Installation of a temporarily heavy-duty sidewalk shed per plan submitted. Work shall comply with 2022 building codes chapter 33. No change in use, egress and/or occupancy with this application.",2500,Not Applicable,Jake Asher,Permit Issued,991514734,10016,40.749436,-73.979085,106,4,1008940006,80,Murray Hill-Kips Bay,,
M01324654-I1,M01324654-I1-SH,2,Renewal Permit Without Changes,767,THIRD AVENUE,Manhattan,47,1037996,1321,106,Sidewalk,Sidewalk Shed,GC,018914,PHILIP,SUSI,ARSENAL SCAFFOLD INC,95 JERSEY STREET,,,,2025-12-12T00:00:00.000,2026-03-25T00:00:00.000,2026-06-23T04:00:00.000,"INSTALLATION OF TEMPORARY SIDEWALK SHED AS PER PLANS. SIDEWALK SHED SHALL COMPLY WITH CHAPTER #33 OF THE 2022 CODE. NO CHANGE IN USE, EGRESS OR OCCUPANCY UNDER THIS APPLICATION.",35000,767 GC LLC,Robert Travis,Permit Issued,764761509,10017,40.754276,-73.971879,106,4,1013210047,90,East Midtown-Turtle Bay,,
M01376021-I1,M01376021-I1-SH,1,Initial Permit,675,THIRD AVENUE,Manhattan,1,1037549,1316,106,Sidewalk,Sidewalk Shed,GC,018914,PHILIP,SUSI,ARSENAL SCAFFOLD INC,95 JERSEY STREET,,,,2026-04-08T00:00:00.000,2026-04-08T00:00:00.000,2026-07-07T04:00:00.000,"INSTALLATION OF HEAVY DUTY SIDEWALK SHED AND CONSTRUCTION PLYWOOD FENCE AS PER PLANS. TEMPORARY EQUIPMENT SHALL COMPLY WITH CHAPTER #33 OF THE 2022 CODE. NO CHANGE IN USE, EGRESS OR OCCUPANCY UNDER THIS APPLICATION.",32000,675 GC LLC,Robert Travis,Permit Issued,318608341,10017,40.750714,-73.974295,106,4,1013160001,88,Murray Hill-Kips Bay,,
M01283008-I1,M01283008-I1-SH,2,Renewal Permit Without Changes,1435,BROADWAY,Manhattan,8,1022562,993,105,Open Space,Sidewalk Shed,GC,031021,JOHN,FALLON,JERRICK ASSOCIATES INC,86-88 HAUSMAN STREET,ELY,SEPULVEDA,AE DESIGN SOLUTION INC.,2025-09-08T00:00:00.000,2026-03-27T00:00:00.000,2026-06-25T04:00:00.000,"INSTALLATION OF TEMPORARY SIDEWALK SHED AS PER PLANS. NO CHANGE IN USE, EGRESS OR OCCUPANCY.",1,"JERRICK ASSOCIATES, INC.",JOHN FALLON,Permit Issued,905434528,10018,40.75454,-73.986808,105,3,1009930008,113,Midtown-Times Square,,
M01379903-I1,M01379903-I1-SH,1,Initial Permit,750,THIRD AVENUE,Manhattan,33,1036207,1301,106,Sidewalk,Sidewalk Shed,GC,018914,PHILIP,SUSI,ARSENAL SCAFFOLD INC,95 JERSEY STREET,,,,2026-04-21T00:00:00.000,2026-04-21T00:00:00.000,2026-07-20T04:00:00.000,"INSTALLATION OF SIDEWALK SHED AND CONSTRUCTION PLYWOOD FENCE AS PER PLANS. TEMPORARY EQUIPMENT SHALL COMPLY WITH CHAPTER #33 OF THE 2022 CODE. NO CHANGE IN USE, EGRESS OR OCCUPANCY UNDER THIS APPLICATION.",2500,SL Green Realty Corp,Michael Giunta,Permit Issued,350025665,10017,40.753505,-73.972464,106,4,1013010033,92,East Midtown-Turtle Bay,,
M01234856-I1,M01234856-I1-FN,1,Initial Permit,511,5 AVENUE,Manhattan,69,1035353,1277,105,Sidewalk,Construction Fence,GC,023337,NIKOLAOS,POUBOURIDIS,CLASSIC CONSULTING GROUP,211-04 39TH AVENUE,,,,2025-06-27T00:00:00.000,2025-07-03T00:00:00.000,2026-07-03T04:00:00.000,INSTALLATION OF TEMPORARY CONSTRUCTION OF FENCE OF PLYWOOD AS PER PLANS. NO CHANGE IN USE OCCUPANCY OR EGRESS UNDER THIS APPLICATION.,2000,CLASSIC CONSULTING GROUP,NIKOLAOS POUBOURIDIS,Permit Issued,164609849,10017,40.754001,-73.980495,105,4,1012770069,94,Midtown-Times Square,,
M01283008-I1,M01283008-I1-SH,1,Initial Permit,1435,BROADWAY,Manhattan,8,1022562,993,105,Open Space,Sidewalk Shed,GC,031021,JOHN,FALLON,JERRICK ASSOCIATES INC,86-88 HAUSMAN STREET,ELY,SEPULVEDA,AE DESIGN SOLUTION INC.,2025-09-08T00:00:00.000,2025-09-12T00:00:00.000,2026-09-12T04:00:00.000,"INSTALLATION OF TEMPORARY SIDEWALK SHED AS PER PLANS. NO CHANGE IN USE, EGRESS OR OCCUPANCY.",1,"JERRICK ASSOCIATES, INC.",JOHN FALLON,Permit Issued,815467336,10018,40.75454,-73.986808,105,3,1009930008,113,Midtown-Times Square,,
M01388161-I1,M01388161-I1-SH,1,Initial Permit,32,WEST   39 STREET,Manhattan,66,1016011,840,105,"Facade, Sidewalk",Supported Scaffold,GC,620254,PRABHJIT,SINGH,PLATINUM SERVICES NY LLC,53-28 11TH STREET 2ND FL,,,,2026-04-24T00:00:00.000,2026-04-24T00:00:00.000,2026-07-23T04:00:00.000,"INSTALLATION OF 300PSF SIDEWALK SHED AND PIPE SCAFFOLDING AS PER PLANS. SIDEWALK SHED AND PIPE SCAFFOLDING SHALL COMPLY WITH CHAPTER #33 OF THE 2022 CODE NO CHANGE IN USE, EGRESS OR OCCUPANCY UNDER THIS APPLICATION.",5000,PLATINUM SERVICES NY LLC,PRABHJIT SINGH,Permit Issued,367825822,10018,40.75211,-73.98356,105,4,1008400066,84,Midtown-Times Square,,
M01393553-I1,M01393553-I1-SH,1,Initial Permit,809,UN PLAZA,Manhattan,7503,1038775,1338,106,Ground Floor,Sidewalk Shed,GC,023337,NIKOLAOS,POUBOURIDIS,CLASSIC CONSULTING GROUP,211-04 39TH AVENUE,,,,2026-04-28T00:00:00.000,2026-04-28T00:00:00.000,2026-07-27T04:00:00.000,PROPOSED INSTALLATION OF HEAVY DUTY SIDEWALK SHED FOR REMEDIAL REPAIRS AS PER PLANS. NO CHANGE IN USE OCCUPANCY OR EGRESS UNDER THIS APPLICATION. LIVE LOAD 300 PER SQUARE FEET. SIDEWALK SHED SHALL COMPLY WITH CHAPTER # 33 OF THE 2022 CODE.,2000,CLASSIC CONSULTING GROUP,NIKOLAOS POUBOURIDIS,Permit Issued,755841974,10017,40.751028,-73.968243,106,4,1013387503,90,East Midtown-Turtle Bay,,
M01376021-I1,M01376021-I1-SH,1,Initial Permit,675,THIRD AVENUE,Manhattan,1,1037549,1316,106,Sidewalk,Construction Fence,GC,018914,PHILIP,SUSI,ARSENAL SCAFFOLD INC,95 JERSEY STREET,,,,2026-04-08T00:00:00.000,2026-04-08T00:00:00.000,2026-07-07T04:00:00.000,"INSTALLATION OF HEAVY DUTY SIDEWALK SHED AND CONSTRUCTION PLYWOOD FENCE AS PER PLANS. TEMPORARY EQUIPMENT SHALL COMPLY WITH CHAPTER #33 OF THE 2022 CODE. NO CHANGE IN USE, EGRESS OR OCCUPANCY UNDER THIS APPLICATION.",32000,675 GC LLC,Robert Travis,Permit Issued,318608341,10017,40.750714,-73.974295,106,4,1013160001,88,Murray Hill-Kips Bay,,
M01317579-I1,M01317579-I1-SC,1,Initial Permit,355,LEXINGTON AVENUE,Manhattan,23,1036147,1295,106,,Suspended Scaffold,R,007705,PAWEL,SABAT,STRUCTURAL PRESERVATION S,35-21 VERNON BLVD,TYRO,TROXELL,SMEP Design & Consultation LLC,2025-11-19T00:00:00.000,2025-11-21T00:00:00.000,2026-11-21T05:00:00.000,FISP INSPECTION (Facade Inspection Safety Program). INDUSTRIAL ROPE ACCESS TECHNIQUES AND METHODS. SEE ATTACHED PLANS. Designated Primary Site supervisor: Jesus Decola,0,RUDIN MANAGEMENT INC,,Permit Issued,938067781,10016,40.750064,-73.976739,106,4,1012950023,80,Murray Hill-Kips Bay,,
M01382910-I1,M01382910-I1-SH,1,Initial Permit,303,EAST   37 STREET,Manhattan,1,1021913,943,106,Open Space,Sidewalk Shed,GC,620254,PRABHJIT,SINGH,PLATINUM SERVICES NY LLC,53-28 11TH STREET 2ND FL,,,,2026-04-22T00:00:00.000,2026-04-22T00:00:00.000,2026-07-21T04:00:00.000,"INSTALLATION OF TEMPORARY HEAVY DUTY SIDEWALK SHED AS PER PLANS. NO CHANGE IN USE, EGRESS OR OCCUPANCY. SIDEWALK SHED SHALL COMPLY WITH CHAPTER #33 OF 2022 THE NYC BUILDING CODE. LIVE LOAD 300PSF.",1000,PLATINUM SERVICES NY LLC,PRABHJIT SINGH,Permit Issued,310595606,10016,40.746635,-73.974362,106,4,1009430001,78,Murray Hill-Kips Bay,,
M00133887-I1,M00133887-I1-SH,7,Renewal Permit Without Changes,108,EAST 38 STREET,Manhattan,82,1019118,893,106,Open Space 001 through 001,Sidewalk Shed,GC,001982,JERIMIAH,HARRINGTON,ROCKLEDGE SCAFFOLD CORP,808 NEPPERHAN AVENUE,JEEWAN,ITWARIE,A1 EXPEDITING SERVICE CORP.,2019-02-22T00:00:00.000,2025-07-02T00:00:00.000,2026-07-02T04:00:00.000,"INSTALLATION OF HEAVY DUTY SIDEWALK SHED DURING BUILDING ALTERATION, FILED SEPARATELY. SIDEWALK SHED SHALL COMPLY WITH CHAPTER #33 OF THE NYC BUILDING CODE. NO CHANGE IN USE, OCCUPANCY OR EGRESS UNDER THIS APPLICATION.",17000,CHRIS OCZERETKO,MICHAEL FRANCISCO,Permit Issued,887371984,10016,40.749384,-73.979002,106,4,1008930082,80,Murray Hill-Kips Bay,,
M01355776-S3,M01355776-S3-FN,1,Initial Permit,1013,6 AVENUE,Manhattan,37,1015257,813,105,Open Space,Construction Fence,GC,616444,WEI,GUO,DYKER SOLUTIONS INC,6713 11TH AVENUE,YAN BIN,LI,YBL NY INC,2026-03-18T00:00:00.000,2026-04-06T00:00:00.000,2026-07-15T04:00:00.000,"INSTALL 8' HT CONSTRUCTION FENCE ALIGNED WITH PROPERTY AND WORK IN-CONJUNCTION WITH ALT2#M01355776. NO CHANGE OF USE, EGRESS, OR OCCUPANCY UNDER THIS APPLICATION.",1000,"FIRST PIONEER PROPERTIES, INC.",John Vasapollo,Permit Issued,634520722,10018,40.7521,-73.986119,105,4,1008130037,109,Midtown-Times Square,,
M01386821-I1,M01386821-I1-SH,1,Initial Permit,420,PARK AVENUE SOUTH,Manhattan,45,1088542,858,105,Sidewalk,Sidewalk Shed,GC,607447,WILLIAM,LAFFEY,SPRING SCAFFOLDING LLC,49-30 31ST PLACE,JOSEPH,CASTILLO,UNITED SAFETY CONSULTANTS,2026-04-16T00:00:00.000,2026-04-16T00:00:00.000,2026-07-15T04:00:00.000,"INSTALLATION OF TEMPORARY SIDEWALK SHED AS PER PLAN. NO CHANGE IN USE, EGRESS OR OCCUPANCY.",1000,HIGHGATE HOTELS LP,JOSEPH MONACO,Permit Issued,293606296,10016,40.744359,-73.98463,105,2,1008580045,74,Midtown South-Flatiron-Union Square,,
M01275230-I1,M01275230-I1-SF,1,Initial Permit,150,EAST   46 STREET,Manhattan,46,1036198,1300,106,Ground Floor,Supported Scaffold,GC,620467,GURDEEP,SINGH,SAFETECH ENTERPRISES CORP,50 HENDRICKSON AVE,,,,2025-08-29T00:00:00.000,2025-09-17T00:00:00.000,2026-09-17T04:00:00.000,"INSTALLATION OF 300PSF SIDEWALK SHED AND PIPE SCAFFOLDING AS PER PLANS. ALL EQUIPMENT SHALL COMPLY WITH CH #33 OF THE NYC CODE 2022. NO CHANGE IN USE, OCCUPANCY OR EGRESS UNDER THIS APPLICATION.",9000,SAFETECH ENTERPRISES CORP,GURDEEP SINGH,Permit Issued,431224381,10017,40.753719,-73.973561,106,4,1013000046,92,East Midtown-Turtle Bay,,
M01112891-I1,M01112891-I1-SH,3,Renewal Permit Without Changes,155,EAST   34 STREET,Manhattan,7501,1018549,890,106,Open Space,Sidewalk Shed,GC,617040,JOHN,KELLIS,EMPIRE NY INSTALLATIONS I,3537 36TH STREET,ELY,SEPULVEDA,AE DESIGN SOLUTION INC.,2024-10-02T00:00:00.000,2026-03-24T00:00:00.000,2026-06-22T04:00:00.000,"INSTALLATION OF TEMPORARY SIDEWALK SHED AS PER PLANS. NO CHANGE IN USE, EGRESS OR OCCUPANCY.",1,MAXWELL-KATES INC.,John Hackett,Permit Issued,264897703,10016,40.745964,-73.97796,106,4,1008907501,72,Murray Hill-Kips Bay,,
M01060922-I1,M01060922-I1-SH,3,Renewal Permit Without Changes,347,5 AVENUE,Manhattan,4,1017075,863,105,Open Space,Sidewalk Shed,GC,621959,HANSEL,GONZALEZ,AVARGA CONSTRUCTION CORP,"505 8TH AVE.,13TH FL STE12A04",JOSE,EVANGELISTA,"JME BUILDING CONSULTING, LLC",2024-06-07T00:00:00.000,2026-04-02T00:00:00.000,2026-07-01T04:00:00.000,"INSTALLATION AND USE OF TEMPORARY SIDEWALK SHED AS PER PLANS FILED HEREWITH. NO CHANGE TO USE, EGRESS OR OCCUPANCY UNDER THIS APPLICATION.",1000,7185452505,HANSEL GONZALEZ,Permit Issued,139881725,10016,40.748023,-73.984849,105,4,1008630004,74,Midtown South-Flatiron-Union Square,,J
M01252171-I1,M01252171-I1-SF,1,Initial Permit,200,EAST   32 STREET,Manhattan,7502,1077352,912,106,Open Space,Supported Scaffold,GC,622810,JAN,SERAFIN,PRAT ENTERPRISES CORP,257 KENT STREET,ALDI,DILO,"Rigid Structural Design, LLC",2025-07-24T00:00:00.000,2025-07-24T00:00:00.000,2026-07-24T04:00:00.000,"Installation of a temporarily supported scaffold per plan submitted. Work shall comply with 2022 building codes chapter 33. No change in use, egress and/or occupancy with this application.",1100,PRAT ENTERPRISES CORP,JAN SERAFIN,Permit Issued,945231931,10016,40.74432,-73.978787,106,2,1009127502,7002,Murray Hill-Kips Bay,,
M01378295-I1,M01378295-I1-SH,1,Initial Permit,260,MADISON AVENUE,Manhattan,16,1017230,868,105,Sidewalk,Sidewalk Shed,GC,602114,JOSEPH,CERINA,CEPRINE CONSTRUCTION INC,41-08 BERRIAN BLVD,HANSEL,MERCEDES,Synergy Building Consultants,2026-03-26T00:00:00.000,2026-03-26T00:00:00.000,2026-06-24T04:00:00.000,"Installation of temporary heavy duty sidewalk shed per plan submitted. Work shall comply with 2022 building codes chapter 33. No change in use, egress and/or occupancy with this application.",1,"59 MAIDEN LANE ASSOCIATES, LLC",Erik Tanner,Permit Issued,199757142,10016,40.750433,-73.981027,105,4,1008680016,82,Midtown-Times Square,J,
M01364655-I1,M01364655-I1-SC,1,Initial Permit,63,WEST   35 STREET,Manhattan,6,1015885,837,105,,Suspended Scaffold,R,007705,PAWEL,SABAT,STRUCTURAL PRESERVATION S,35-21 VERNON BLVD,TYRO,TROXELL,SMEP Design & Consultation LLC,2026-03-04T00:00:00.000,2026-03-05T00:00:00.000,2027-03-05T05:00:00.000,FISP INSPECTION (Facade Inspection Safety Program). INDUSTRIAL ROPE ACCESS TECHNIQUES AND METHODS. SEE ATTACHED PLANS. Designated Primary Site supervisor: Jesus DecolaNO QEWI: FACADE INSPECTION Designated Primary Site supervisor: Jesus Decola,0,AIMBRIDGE/HGI NY W 35TH,,Permit Issued,967216372,10001,40.749986,-73.986159,105,4,1008370006,84,Midtown-Times Square,,
M01295465-I1,M01295465-I1-SH,2,Renewal Permit with Changes,35,WEST   45 STREET,Manhattan,19,1034244,1261,105,Sidewalk,Sidewalk Shed,GC,018914,PHILIP,SUSI,ARSENAL SCAFFOLD INC,95 JERSEY STREET,KARIM,ALY,KD DESIGNS,2025-10-15T00:00:00.000,2026-03-23T00:00:00.000,2026-06-21T04:00:00.000,"Installation of temporary heavy duty sidewalk shed per plan submitted. Work shall comply with 2022 building codes chapter 33. No change in use, egress and/or occupancy with this application.",1,THE STAHL ORGANIZATION,MARIANNE DZIUBA,Permit Issued,376594534,10036,40.75595,-73.980747,105,4,1012610019,96,Midtown-Times Square,,
M00592298-I1,M00592298-I1-SH,5,Renewal Permit Without Changes,205,EAST   42 STREET,Manhattan,7501,1037550,1316,106,Open Space,Sidewalk Shed,GC,623088,RENE,NUNEZ,ANDAMIO SCAFFOLDING LLC,20 BURLING LANE (BOX 4-1),,,,2021-09-14T00:00:00.000,2025-07-17T00:00:00.000,2026-07-17T04:00:00.000,"INSTALLATION OF TEMPORARY HEAVY DUTY SIDEWALK SHED AS PER PLANS. NO CHANGE IN USE, EGRESS OR OCCUPANCY. SIDEWALK SHED SHALL COMPLY WITH CHAPTER #33 OF THE NYC BUILDING CODE. LIVE LOAD 300 PSF",1000,THE DURST ORGANIZATION,JAMES MCMORROW,Permit Issued,260013741,10017,40.750643,-73.974126,106,4,1013167501,88,Murray Hill-Kips Bay,,
M01373145-I1,M01373145-I1-SC,1,Initial Permit,605,3 AVENUE,Manhattan,12,1082153,920,106,,Suspended Scaffold,R,007705,PAWEL,SABAT,STRUCTURAL PRESERVATION S,35-21 VERNON BLVD,TYRO,TROXELL,SMEP Design & Consultation LLC,2026-04-03T00:00:00.000,2026-04-03T00:00:00.000,2027-04-03T04:00:00.000,FISP INSPECTION (Facade Inspection Safety Program). INDUSTRIAL ROPE ACCESS TECHNIQUES AND METHODS. SEE ATTACHED PLANS. Designated Primary Site supervisor: Jesus Decola,0,605 THIRD AVENUE FEE LLC,,Permit Issued,326751954,10158,40.748972,-73.975761,106,4,1009200012,88,Murray Hill-Kips Bay,,
M01310009-I1,M01310009-I1-SC,2,Renewal Permit Without Changes,303,EAST   33 STREET,Manhattan,7501,1087841,939,106,,Suspended Scaffold,R,007720,NICHOLAS,KAGIOS,KLG CONTRACTING INC,18-16 45TH STREET FLR 2,ALDI,DILO,"Rigid Structural Design, LLC",2025-11-07T00:00:00.000,2025-12-24T00:00:00.000,2026-08-26T04:00:00.000,"FISP INSPECTION (Facade Inspection Safety Program) INDUSTRIAL ROPE ACCESS TECHNIQUES AND METHODS SEE ATTACHED PLANS Designated Primary Site supervisor: Nicholas Kagios, Special Rigger # 7720:",0,PR,,Signed-off,610549335,10016,40.743803,-73.97564,106,4,1009397501,7001,Murray Hill-Kips Bay,,
M01286102-I1,M01286102-I1-SH,2,Renewal Permit Without Changes,222,EAST   35 STREET,Manhattan,46,1020165,915,106,Open Space,Sidewalk Shed,GC,622256,FERNANDO,TORRES,AKM CONSTRUCTION NY CORP,62 BRYANT ROAD,JEEWAN,ITWARIE,A1 EXPEDITING SERVICE CORP.,2025-09-12T00:00:00.000,2026-03-31T00:00:00.000,2026-06-29T04:00:00.000,"HEAVY DUTY SIDEWALK SHED DURING BLDG ALTERATION, FILED SEP. SIDEWALK SHED SHALL COMPLY WITH CH #33 OF THE NYC BC. NO CHANGE IN USE, OCCUPANCY OR EGRESS UNDER THIS APPLICATION.",3000,,Carl Borenstein,Permit Issued,429679277,10016,40.74592,-73.976538,106,4,1009150046,78,Murray Hill-Kips Bay,,
M01245698-I1,M01245698-I1-FN,1,Initial Permit,232,EAST   32 STREET,Manhattan,48,1020063,912,106,Open Space,Construction Fence,GC,623088,RENE,NUNEZ,ANDAMIO SCAFFOLDING LLC,20 BURLING LANE (BOX 4-1),,,,2025-06-26T00:00:00.000,2025-06-26T00:00:00.000,2026-06-26T04:00:00.000,"INSTALLATION OF TEMPORARY CONSTRUCTION FENCE AS PER PLANS. NO CHANGE IN USE, OCCUPANCY OR EGRESS.",1000,232 32ND STREET LLC,Timothy Furey,Permit Issued,548722547,10016,40.743974,-73.977968,106,2,1009120048,7002,Murray Hill-Kips Bay,,
M00988806-I1,M00988806-I1-SC,2,Renewal Permit Without Changes,15,WEST   37 STREET,Manhattan,29,1015967,839,105,,Suspended Scaffold,R,005907,ARKADIUSZ,SWIECHOWIC,PEDROL CONTRACTING INC,232 INDIA STREET,,,,2024-02-06T00:00:00.000,2025-07-07T00:00:00.000,2026-07-07T04:00:00.000,Renewal of SR22-04041,0,"1537 REALTY, LLC C/O KAMBER MANAGEM",,Permit Issued,485469446,10018,40.750669,-73.983928,105,4,1008390029,84,Midtown-Times Square,,
M01084495-S1,M01084495-S1-SF,2,Renewal Permit Without Changes,303,5 AVENUE,Manhattan,1,1016981,861,105,Facade,Supported Scaffold,GC,623651,JASPREET,SINGH,COAST GROUP CORP,8 BARNYARD LANE,SANDEEP,KAUR,SANDEEP KAUR,2024-08-20T00:00:00.000,2025-07-21T00:00:00.000,2026-07-21T04:00:00.000,INSTALL MEDIUM DUTY SCAFFOLDING AS PER PLANS.  PIPE SCAFFOLDING SHALL COMPLY WITH CHAPTER 33 OF THE 2022 NYC BUILDING CODE.,15000,COAST GROUP CORP,JASPREET SINGH,Permit Issued,370710517,10016,40.746679,-73.985835,105,4,1008610001,74,Midtown South-Flatiron-Union Square,,
M01356979-I1,M01356979-I1-SC,1,Initial Permit,521,5 AVENUE,Manhattan,1,1035355,1278,105,,Suspended Scaffold,R,007705,PAWEL,SABAT,STRUCTURAL PRESERVATION S,35-21 VERNON BLVD,TYRO,TROXELL,SMEP Design & Consultation LLC,2026-02-23T00:00:00.000,2026-02-24T00:00:00.000,2027-02-24T05:00:00.000,FISP INSPECTION (Facade Inspection Safety Program). INDUSTRIAL ROPE ACCESS TECHNIQUES AND METHODS. SEE ATTACHED PLANS. Designated Primary Site supervisor: Jesus Decola,0,CBRE,,Permit Issued,117609518,10175,40.754412,-73.980195,105,4,1012780001,94,Midtown-Times Square,,
M01361748-I1,M01361748-I1-SH,1,Initial Permit,12,EAST   31 STREET,Manhattan,74,1016980,860,105,Open Space,Sidewalk Shed,GC,612969,JOHN,VENETIS,VEMA GROUP LLC,38-68 11TH STREET,ELY,SEPULVEDA,AE DESIGN SOLUTION INC.,2026-03-12T00:00:00.000,2026-04-03T00:00:00.000,2026-07-02T04:00:00.000,"INSTALLATION OF TEMPORARY SIDEWALK SHED AS PER PLANS. NO CHANGE IN USE, EGRESS OR OCCUPANCY.",1,PR,Jacob Shafran,Permit Issued,706719948,10016,40.746231,-73.985247,105,2,1008600074,74,Midtown South-Flatiron-Union Square,,
M01275230-I1,M01275230-I1-SH,1,Initial Permit,150,EAST   46 STREET,Manhattan,46,1036198,1300,106,Ground Floor,Sidewalk Shed,GC,620467,GURDEEP,SINGH,SAFETECH ENTERPRISES CORP,50 HENDRICKSON AVE,,,,2025-08-29T00:00:00.000,2025-09-17T00:00:00.000,2026-09-17T04:00:00.000,"INSTALLATION OF 300PSF SIDEWALK SHED AND PIPE SCAFFOLDING AS PER PLANS. ALL EQUIPMENT SHALL COMPLY WITH CH #33 OF THE NYC CODE 2022. NO CHANGE IN USE, OCCUPANCY OR EGRESS UNDER THIS APPLICATION.",9000,SAFETECH ENTERPRISES CORP,GURDEEP SINGH,Permit Issued,870724735,10017,40.753719,-73.973561,106,4,1013000046,92,East Midtown-Turtle Bay,,
M01230387-I1,M01230387-I1-SC,1,Initial Permit,90,PARK AVENUE,Manhattan,34,1017595,869,106,,Suspended Scaffold,R,006012,LUIS,VALVERDE,SPYDER WINDOW CLEANING IN,106-02 NORTHERN BLVD,ALBERT,SANCHEZ,"PROFESSIONAL DESIGN CONSULTANTS, LL",2025-06-24T00:00:00.000,2025-06-24T00:00:00.000,2026-06-24T04:00:00.000,Suspended Scaffold Installation for Facade Restoration and Inspection,0,Vornado Realty Trust,,Permit Issued,972723504,10016,40.750377,-73.978955,106,4,1008690034,82,Midtown-Times Square,,
M01318989-I1,M01318989-I1-SC,1,Initial Permit,1440,BROADWAY,Manhattan,11,1022563,993,105,,Suspended Scaffold,R,006280,JOSE,ADORNO,IGH RESTORATION LLC,99 WALL STREET UNIT 1190,ELY,SEPULVEDA,AE DESIGN SOLUTION INC.,2026-01-06T00:00:00.000,2026-01-06T00:00:00.000,2026-07-06T04:00:00.000,Installation of suspended scaffold for facade work or inspection.,0,Not Applicable,Marina Sheykman,Permit Issued,276490985,10018,40.754424,-73.986822,105,4,1009930011,113,Midtown-Times Square,,M
M00263105-I1,M00263105-I1-SH,7,Renewal Permit Without Changes,118,MADISON AVENUE,Manhattan,15,1016956,860,105,Sidewalk,Sidewalk Shed,GC,623200,FARI,HAMA,REPUBLIC EXTERIOR SERVICE,420 MANIDA STREET,ALDI,DILO,"Rigid Structural Design, LLC",2019-11-15T00:00:00.000,2026-04-07T00:00:00.000,2026-07-06T04:00:00.000,"INSTALLATION OF SIDEWALK SHED IN ACCORDANCE WITH NYCC 2014 CHAPTER 33. NO CHANGE IN EGRESS, USE, OR OCCUPANCY.",1000,REPUBLIC SCAFFOLD & HOIST CORP,FARI HAMA,Permit Issued,875928228,10016,40.745339,-73.984734,105,2,1008600015,74,Midtown South-Flatiron-Union Square,,
M01379903-I1,M01379903-I1-SH,1,Initial Permit,750,THIRD AVENUE,Manhattan,33,1036207,1301,106,Sidewalk,Construction Fence,GC,018914,PHILIP,SUSI,ARSENAL SCAFFOLD INC,95 JERSEY STREET,,,,2026-04-21T00:00:00.000,2026-04-21T00:00:00.000,2026-07-20T04:00:00.000,"INSTALLATION OF SIDEWALK SHED AND CONSTRUCTION PLYWOOD FENCE AS PER PLANS. TEMPORARY EQUIPMENT SHALL COMPLY WITH CHAPTER #33 OF THE 2022 CODE. NO CHANGE IN USE, EGRESS OR OCCUPANCY UNDER THIS APPLICATION.",2500,SL Green Realty Corp,Michael Giunta,Permit Issued,350025665,10017,40.753505,-73.972464,106,4,1013010033,92,East Midtown-Turtle Bay,,
M01315426-I1,M01315426-I1-SH,2,Renewal Permit Without Changes,355,LEXINGTON AVENUE,Manhattan,23,1036147,1295,106,Ground Floor,Sidewalk Shed,GC,018914,PHILIP,SUSI,ARSENAL SCAFFOLD INC,95 JERSEY STREET,,,,2025-11-26T00:00:00.000,2026-03-30T00:00:00.000,2026-06-28T04:00:00.000,"INSTALLATION OF HEAVY DUTY SIDEWALK SHED AND CONSTRUCTION PLYWOOD FENCE AS PER PLANS. TEMPORARY EQUIPMENT SHALL COMPLY WITH CHAPTER #33 OF THE 2022 CODE. NO CHANGE IN USE, EGRESS OR OCCUPANCY UNDER THIS APPLICATION.",27000,RUDIN MANAGEMENT INC,Paul Mandel,Permit Issued,607890675,10016,40.750064,-73.976739,106,4,1012950023,80,Murray Hill-Kips Bay,,
M01275230-I1,M01275230-I1-SH,1,Initial Permit,150,EAST   46 STREET,Manhattan,46,1036198,1300,106,Ground Floor,Supported Scaffold,GC,620467,GURDEEP,SINGH,SAFETECH ENTERPRISES CORP,50 HENDRICKSON AVE,,,,2025-08-29T00:00:00.000,2025-09-17T00:00:00.000,2026-09-17T04:00:00.000,"INSTALLATION OF 300PSF SIDEWALK SHED AND PIPE SCAFFOLDING AS PER PLANS. ALL EQUIPMENT SHALL COMPLY WITH CH #33 OF THE NYC CODE 2022. NO CHANGE IN USE, OCCUPANCY OR EGRESS UNDER THIS APPLICATION.",9000,SAFETECH ENTERPRISES CORP,GURDEEP SINGH,Permit Issued,870724735,10017,40.753719,-73.973561,106,4,1013000046,92,East Midtown-Turtle Bay,,
M08037561-I1,M08037561-I1-SH,4,Renewal Permit Without Changes,295,MADISON AVENUE,Manhattan,50,1035321,1275,105,Facade,Sidewalk Shed,GC,034424,STELIOS,BANAGOS,BAY RESTORATION CORP,32-47 62 STREET,NICOLAOS,PAROS,BAY RESTORATION CORP.,2022-12-06T00:00:00.000,2026-03-09T00:00:00.000,2026-06-07T04:00:00.000,ALTERATION TYPE 3 - CONSTRUCTION EQUIPMENT - SIDEWALK- SHED PROPOSED INSTALLATION OF HEAVY DUTY SIDEWALK SHED. NO CHANGE IN USE OCCUPANCY OR EGRESS UNDER THIS APPLICATION. LIVE LOAD 300 PER SQUARE FEET. SIDEWALK SHED SHALL COMPLY WITH CHAPTER # 33.,19500,BAY RESTORATION CORP.,STELIOS BANAGOS,Permit Issued,646610723,10017,40.751997,-73.979864,105,4,1012750050,82,Midtown-Times Square,,
M01286472-I1,M01286472-I1-SH,2,Renewal Permit Without Changes,32,WEST   39 STREET,Manhattan,66,1016011,840,105,Ground Floor,Sidewalk Shed,GC,025655,STEVE,MARKU,COLGATE RESTORATION CORP,147 28 ST,,,,2025-09-29T00:00:00.000,2026-04-14T00:00:00.000,2026-07-13T04:00:00.000,"INSTALLATION OF SIDEWALK SHED AND SUPPORTED SCAFFOLD AS SHOWN ON DRAWINGS. NO CHANGE IN USE, EGRESS OR OCCUPANCY. WE SHALL COMPLY WITH CHAPTER 33 OF 2022 B.C",5000,RESOLUTION REAL ESTATE,Laura Ammirati,Permit Issued,463515806,10018,40.75211,-73.98356,105,4,1008400066,84,Midtown-Times Square,,
M01060922-S2,M01060922-S2-SC,1,Initial Permit,347,5 AVENUE,Manhattan,4,1017075,863,105,,Suspended Scaffold,R,006407,HANSEL,GONZALEZ,AVARGA CONSTRUCTION CORP,"505 8TH AVE.,13TH FL STE12A04",JOSE,EVANGELISTA,"JME BUILDING CONSULTING, LLC",2025-07-25T00:00:00.000,2025-07-25T00:00:00.000,2026-07-25T04:00:00.000,"INSTALLATION AND USE OF TEMPORARY SUSPENDED SCAFFOLD FOR FACADE REPAIRS AS PER PLANS FILED HEREWITH. NO CHANGE TO USE, EGRESS OR OCCUPANCY UNDER THIS APPLICATION.",0,Avarga Construction Corp.,HANSEL GONZALEZ,Permit Issued,797607089,10016,40.748023,-73.984849,105,4,1008630004,74,Midtown South-Flatiron-Union Square,,J
M01114892-S1,M01114892-S1-FN,1,Initial Permit,304,EAST   48 STREET,Manhattan,1,1038905,1340,106,Open Space,Construction Fence,GC,601014,YOUNG JIN,KIM,DOMUS HOME IMPROVEMENT DE,171-20 ASHBY AVENUE,,,,2024-11-26T00:00:00.000,2025-09-12T00:00:00.000,2026-06-23T04:00:00.000,INSTALL 30 LF OF PLYWOOD CONSTRUCTION FENCE ON EAST 48TH ST IN FRONT OF EX. EATING & DRINKING ESTABLISHMENT.,4300,STELLAR MANAGEMENT,SMAJLJE SRDANOVIC,Permit Issued,475854566,10017,40.75309,-73.969812,106,4,1013400001,90,East Midtown-Turtle Bay,,J
M01223360-I1,M01223360-I1-SC,1,Initial Permit,400,MADISON AVENUE,Manhattan,17,1035420,1283,105,,Suspended Scaffold,R,007628,MARK,SCAGLIOLA,CERCONE EXTERIOR REST COR,18-63 43RD STREET,MU/RO/BR/SE,KH/SC/GA/DA,MUNICIPAL BUILDING CONSULTANTS,2025-06-26T00:00:00.000,2025-06-26T00:00:00.000,2026-06-26T04:00:00.000,Installation of outrigger for facade repair & inspection.,0,DS400OWNER LLC,Sherika Cherry,Permit Issued,288667802,10017,40.756265,-73.976766,105,4,1012830017,94,Midtown-Times Square,,J
M01324654-I1,M01324654-I1-SH,1,Initial Permit,767,THIRD AVENUE,Manhattan,47,1037996,1321,106,Sidewalk,Sidewalk Shed,GC,018914,PHILIP,SUSI,ARSENAL SCAFFOLD INC,95 JERSEY STREET,,,,2025-12-12T00:00:00.000,2025-12-12T00:00:00.000,2026-12-12T05:00:00.000,"INSTALLATION OF TEMPORARY SIDEWALK SHED AS PER PLANS. SIDEWALK SHED SHALL COMPLY WITH CHAPTER #33 OF THE 2022 CODE. NO CHANGE IN USE, EGRESS OR OCCUPANCY UNDER THIS APPLICATION.",35000,767 GC LLC,Robert Travis,Permit Issued,851826008,10017,40.754276,-73.971879,106,4,1013210047,90,East Midtown-Turtle Bay,,
M01000081-I1,M01000081-I1-SC,3,Renewal Permit Without Changes,500,5 AVENUE,Manhattan,34,1034199,1258,105,,Suspended Scaffold,R,006589,NESTOR,SEMINARIO,ARCHSTONE RESTORATION COR,"244 5TH AVENUE, STE N279",ALAN,CABELLO,"AC BUILDING CONSULTANTS, INC.",2024-05-23T00:00:00.000,2025-11-06T00:00:00.000,2026-09-09T04:00:00.000,"Installation of suspended scaffold for facade work or inspection. Amend #1, change in tieback, frame size, and added outrigger detail.",0,CUSHMAN AND WAKEFIELD,DAVID LEEST,Permit Issued,903463863,10110,40.753543,-73.980856,105,4,1012580034,96,Midtown-Times Square,,
M01061484-S1,M01061484-S1-SC,2,Renewal Permit Without Changes,320,EAST   46 STREET,Manhattan,40,1038778,1338,106,,Suspended Scaffold,R,005907,ARKADIUSZ,SWIECHOWICZ,PEDROL CONTRACTING INC,232 INDIA STREET,Jose,Evangelista,Hierarch-E LLC,2025-05-23T00:00:00.000,2025-07-03T00:00:00.000,2026-07-03T04:00:00.000,SUSPENDED SCAFFOLD INSTALLATION FOR FACADE REPAIRS AND INSPECTIONS,0,GLENWOOD MANAGEMENT CORP.,,Permit Issued,797585821,10017,40.752124,-73.969769,106,4,1013380040,90,East Midtown-Turtle Bay,,
M01382768-I1,M01382768-I1-SH,1,Initial Permit,150,EAST   27 STREET,Manhattan,52,1018148,882,106,Facade,Sidewalk Shed,GC,034424,STELIOS,BANAGOS,BAY RESTORATION CORP,32-47 62 STREET,,,,2026-04-07T00:00:00.000,2026-04-08T00:00:00.000,2026-07-07T04:00:00.000,"CONSTRUCTION EQUIPMENT- SIDEWALK- SHED PROPOSED INSTALLATION OF HEAVY-DUTY SIDEWALK SHED. NO CHANGE IN USE OCCUPANCY OR EGRESS UNDER THIS APPLICATION, LIVE LOAD 300 # PER SQUARE FEET. SIDEWALK SHED SHALL COMPLY WITH CHAPTER #33 OF THE 2022 BC.",10000,BAY RESTORATION CORP,STELIOS BANAGOS,Permit Issued,794406368,10016,40.741729,-73.982234,106,2,1008820052,68,Gramercy,,
M01000081-I1,M01000081-I1-SC,2,Renewal Permit with Changes,500,5 AVENUE,Manhattan,34,1034199,1258,105,,Suspended Scaffold,R,006589,NESTOR,SEMINARIO,ARCHSTONE RESTORATION COR,"244 5TH AVENUE, STE N279",ALAN,CABELLO,"AC BUILDING CONSULTANTS, INC.",2024-05-23T00:00:00.000,2025-05-22T00:00:00.000,2026-05-14T04:00:00.000,"Installation of suspended scaffold for facade work or inspection. Amend #1, change in tieback, frame size, and added outrigger detail.",0,CUSHMAN AND WAKEFIELD,DAVID LEEST,Permit Issued,879327601,10110,40.753543,-73.980856,105,4,1012580034,96,Midtown-Times Square,,
M01339218-I1,M01339218-I1-SH,1,Initial Permit,45,EAST   34 STREET,Manhattan,27,1017099,864,106,Ground Floor,Sidewalk Shed,GC,621472,LUCIO.GIL,RUMALDO,RELIABLE ENTERPRISES INC,1431 BRUCKNER BOULEVARD,,,,2026-01-21T00:00:00.000,2026-04-06T00:00:00.000,2026-07-05T04:00:00.000,"PROPOSED INSTALLATION OF HEAVY DUTY SIDEWALK SHED AS PER PLANS. LIVE LOAD 300 LBS PER SQUARE FEET. SIDEWALK SHED SHALL COMPLY WITH CHAPTER #33 OF THE NYC BUILDING CODE. NO CHANGE IN USE, OCCUPANCY, OR EGRESS UNDER THIS APPLICATION.",7000,RELIABLE ENTERPRISES INC,LUCIO.GIL RUMALDO,Permit Issued,963337842,10016,40.747573,-73.982482,106,4,1008640027,74,Midtown South-Flatiron-Union Square,,
M01209411-I1,M01209411-I1-SH,1,Initial Permit,245,EAST   35 STREET,Manhattan,23,1020185,916,106,Open Space,Sidewalk Shed,GC,608938,ALAN,OBER,STEEL SYSTEMS LLC,570 TAXTER ROAD,,,,2025-04-14T00:00:00.000,2025-04-14T00:00:00.000,2026-04-14T04:00:00.000,"INSTALLATION OF 300 PSF SIDEWALK SHED AS PER PLANS. SIDEWALK SHED SHALL COMPLY WITH CHAPTER #33 OF THE 2022 CODE. NO CHANGE IN USE, EGRESS OR OCCUPANCY UNDER THIS APPLICATION.",5000,STEEL SYSTEMS LLC,ALAN OBER,Permit Issued,852251945,10016,40.745867,-73.976376,106,4,1009160023,78,Murray Hill-Kips Bay,,
M01112693-I1,M01112693-I1-SC,4,Renewal Permit Without Changes,333,EAST   38 STREET,Manhattan,7502,1021925,944,106,,Suspended Scaffold,R,006605,MUNESH,PERSAUD,PULLMAN SST INC,"330 WEST 38TH STREET, STE 711",,,,2024-10-01T00:00:00.000,2026-02-17T00:00:00.000,2026-07-01T04:00:00.000,Facade Restoration Via Suspended Scaffolding & Inspection,0,NYU LANGONE HEALTH,,Permit Issued,250840644,10016,40.746767,-73.972752,106,4,1009447502,78,Murray Hill-Kips Bay,,
M01245696-I1,M01245696-I1-SH,1,Initial Permit,232,EAST   32 STREET,Manhattan,48,1020063,912,106,Open Space,Sidewalk Shed,GC,623088,RENE,NUNEZ,ANDAMIO SCAFFOLDING LLC,20 BURLING LANE (BOX 4-1),,,,2025-06-27T00:00:00.000,2025-06-27T00:00:00.000,2026-06-27T04:00:00.000,"INSTALLATION OF TEMPORARY HEAVY DUTY SIDEWALK SHED AS PER PLANS. NO CHANGE IN USE, EGRESS OR OCCUPANCY. SIDEWALK SHED SHALL COMPLY WITH CHAPTER #33 OF 2022 THE NYC BUILDING CODE. LIVE LOAD 300PSF.",1000,232 32ND STREET LLC,Timothy Furey,Permit Issued,288600995,10016,40.743974,-73.977968,106,2,1009120048,7002,Murray Hill-Kips Bay,,
M01007390-I1,M01007390-I1-SH,4,Renewal Permit with Changes,271,MADISON AVENUE,Manhattan,20,1017589,869,106,Ground Floor,Sidewalk Shed,GC,620008,ANDIS,HARASANI,BHA CONSULTANTS LLC,2319 80TH STREET,David,Salamon,SALAMON ENGINEERING PLLC,2024-02-20T00:00:00.000,2026-04-28T00:00:00.000,2026-07-27T04:00:00.000,"INSTALLATION OF 300PSF SIDEWALK SHED AS PER PLANS. ALL EQUIPMENT SHALL COMPLY WITH CH #33 OF THE NYC CODE 2022. NO CHANGE IN USE, OCCUPANCY OR EGRESS UNDER THIS APPLICATION.",9000,BHA CONSULTANTS LLC,ANDIS HARASANI,Permit Issued,636458162,10016,40.751179,-73.98046,106,4,1008690020,82,Midtown-Times Square,,
M01081915-I1,M01081915-I1-SH,2,Renewal Permit Without Changes,284,5 AVENUE,Manhattan,39,1015785,832,105,Open Space,Sidewalk Shed,GC,001982,JERIMIAH,HARRINGTON,ROCKLEDGE SCAFFOLD CORP,808 NEPPERHAN AVENUE,JEEWAN,ITWARIE,A1 EXPEDITING SERVICE CORP.,2024-07-24T00:00:00.000,2025-07-18T00:00:00.000,2026-07-18T04:00:00.000,"HEAVY DUTY SIDEWALK SHED DURING BLDG ALTERATION, FILED SEP. SIDEWALK SHED SHALL COMPLY WITH CH #33 OF THE NYC BC. NO CHANGE IN USE, OCCUPANCY OR EGRESS UNDER THIS APPLICATION.",5000,,Mira Labiscase,Permit Issued,595841651,10001,40.746017,-73.986337,105,3,1008320039,76,Midtown South-Flatiron-Union Square,,
M01209916-I1,M01209916-I1-SH,2,Renewal Permit Without Changes,35,PARK AVENUE,Manhattan,3,1018885,891,106,Open Space,Sidewalk Shed,GC,623088,RENE,NUNEZ,ANDAMIO SCAFFOLDING LLC,20 BURLING LANE (BOX 4-1),,,,2025-04-23T00:00:00.000,2026-04-17T00:00:00.000,2026-07-16T04:00:00.000,"INSTALLATION OF TEMPORARY HEAVY DUTY SIDEWALK SHED AS PER PLANS. NO CHANGE IN USE, EGRESS OR OCCUPANCY. SIDEWALK SHED SHALL COMPLY WITH CHAPTER #33 OF 2022 THE NYC BUILDING CODE. LIVE LOAD 300PSF.",1000,Maxwell kates,Maria Figueroa,Signed-off,801007867,10016,40.747946,-73.980695,106,4,1008910003,80,Murray Hill-Kips Bay,,
M01054855-S2,M01054855-S2-FN,1,Initial Permit,571,3 AVENUE,Manhattan,60,1020346,918,106,Sidewalk,Construction Fence,GC,625029,DAVID,FRIEDRICH,VOLK INDUSTRIAL SERVICES,599 N. MAPLE AVE,ALEXANDRA,SHERIDAN,EXPEDITE DEM INC,2026-03-06T00:00:00.000,2026-04-13T00:00:00.000,2026-12-28T05:00:00.000,installation of construction fence to protect site,5000,Midtown 3rd Avenue,KEVIN LALEZARIAN,Permit Issued,315334787,10016,40.748017,-73.97644,106,4,1009180060,78,Murray Hill-Kips Bay,M,
M01388161-I1,M01388161-I1-SH,1,Initial Permit,32,WEST   39 STREET,Manhattan,66,1016011,840,105,"Facade, Sidewalk",Sidewalk Shed,GC,620254,PRABHJIT,SINGH,PLATINUM SERVICES NY LLC,53-28 11TH STREET 2ND FL,,,,2026-04-24T00:00:00.000,2026-04-24T00:00:00.000,2026-07-23T04:00:00.000,"INSTALLATION OF 300PSF SIDEWALK SHED AND PIPE SCAFFOLDING AS PER PLANS. SIDEWALK SHED AND PIPE SCAFFOLDING SHALL COMPLY WITH CHAPTER #33 OF THE 2022 CODE NO CHANGE IN USE, EGRESS OR OCCUPANCY UNDER THIS APPLICATION.",5000,PLATINUM SERVICES NY LLC,PRABHJIT SINGH,Permit Issued,367825822,10018,40.75211,-73.98356,105,4,1008400066,84,Midtown-Times Square,,
M01377543-I1,M01377543-I1-SH,1,Initial Permit,300,EAST   42 STREET,Manhattan,7501,1038650,1334,106,Open Space,Sidewalk Shed,GC,001982,JERIMIAH,HARRINGTON,ROCKLEDGE SCAFFOLD CORP,808 NEPPERHAN AVENUE,JEEWAN,ITWARIE,A1 EXPEDITING SERVICE CORP.,2026-04-07T00:00:00.000,2026-04-07T00:00:00.000,2026-07-06T04:00:00.000,"HEAVY DUTY SIDEWALK SHED DURING BUILDING CONVERSTION FILED UNDER APPLICATION # M01254875. SIDEWALK SHED SHALL COMPLY WITH CH #33 OF THE NYC BC. NO CHANGE IN USE, OCCUPANCY OR EGRESS UNDER THIS APPLICATION.",10000,PR,Alberto Smeke,Permit Issued,912030566,10017,40.749413,-73.972275,106,4,1013347501,88,Murray Hill-Kips Bay,,
M01252273-I1,M01252273-I1-SF,1,Initial Permit,28,WEST   36 STREET,Manhattan,62,1015904,837,105,Facade,Supported Scaffold,GC,623088,RENE,NUNEZ,ANDAMIO SCAFFOLDING LLC,20 BURLING LANE (BOX 4-1),,,,2025-07-10T00:00:00.000,2025-07-10T00:00:00.000,2026-07-10T04:00:00.000,"PROPOSED INSTALLATION OF TEMPORARY PIPE SCAFFOLD AS PER PLANS. WORK SHALL COMPLY WITH CHAPTER #33 OF 2022 THE NYC BUILDING CODE. NO CHANGE IN USE, OCCUPANCY, OR EGRESS UNDER THIS APPLICATION.",1000,RESOLUTION REAL ESTATE,Laura Ammirati,Permit Issued,353286951,10018,40.750214,-73.984809,105,4,1008370062,84,Midtown-Times Square,,
M01192077-I1,M01192077-I1-SH,2,Renewal Permit Without Changes,185,MADISON AVENUE,Manhattan,25,1017098,864,106,Ground Floor,Sidewalk Shed,GC,619106,ZUNAIR,KHALID,ZKW ENTERPRISES INC,"208-48 15TH ROAD, 2ND FLOOR",,,,2025-03-11T00:00:00.000,2026-04-14T00:00:00.000,2026-07-13T04:00:00.000,"INSTALLATION OF 300PSF SIDEWALK SHED AS PER PLANS. ALL EQUIPMENT SHALL COMPLY WITH CH #33 OF THE NYC CODE 2022. NO CHANGE IN USE, OCCUPANCY OR EGRESS UNDER THIS APPLICATION.",9000,ZKW ENTERPRISES INC.,ZUNAIR KHALID,Permit Issued,769603654,10016,40.747861,-73.982875,106,4,1008640025,74,Midtown South-Flatiron-Union Square,,
M00679234-I1,M00679234-I1-SH,5,Renewal Permit Without Changes,125,EAST   38 STREET,Manhattan,17,1019133,894,106,Open Space,Sidewalk Shed,GC,623088,RENE,NUNEZ,ANDAMIO SCAFFOLDING LLC,20 BURLING LANE (BOX 4-1),,,,2022-02-14T00:00:00.000,2026-03-30T00:00:00.000,2026-06-28T04:00:00.000,"INSTALLATION OF TEMPORARY HEAVY DUTY SIDEWALK SHED AS PER PLANS. NO CHANGE IN USE, EGRESS OR OCCUPANCY. SIDEWALK SHED SHALL COMPLY WITH CHAPTER #33 OF THE NYC BUILDING CODE. LIVE LOAD 300PSF.",1000,ANDAMIO SCAFFOLDING LLC,RENE NUNEZ,Permit Issued,149416819,10016,40.74906,-73.97819,106,4,1008940017,80,Murray Hill-Kips Bay,,
M00706312-I1,M00706312-I1-FN,2,Renewal Permit Without Changes,162,EAST   36 STREET,Manhattan,44,1091704,891,106,Open Space,Construction Fence,GC,622986,ELIAS,HOFFMAN,CITY BUILDERS NYC LLC,1262 59TH STREET,PETER,NATAPOV,JM ZONING,2022-04-13T00:00:00.000,2025-07-15T00:00:00.000,2026-07-15T04:00:00.000,HEREWITH FILING  FENCE INSTALLATION IN CONJUNCTION WITH NB# 121207942.,1000,PR,ROBERT GILARDIAN,Permit Issued,197084506,10016,40.747185,-73.977628,106,4,1008910044,80,Murray Hill-Kips Bay,,
M01265710-I1,M01265710-I1-SC,1,Initial Permit,425,5 AVENUE,Manhattan,7503,1085975,868,105,,Suspended Scaffold,R,007639,JEAN,CORTEZ NIEVES,STRUCTUAL PRESV SYSTEM,35-21 VERNON BLVD,TYRO,TROXELL,SMEP Design & Consultation LLC,2025-08-07T00:00:00.000,2025-08-08T00:00:00.000,2026-07-01T04:00:00.000,FISP INSPECTION (Facade Inspection Safety Program). INDUSTRIAL ROPE ACCESS TECHNIQUES AND METHODS. SEE ATTACHED PLANS. Designated Primary Site supervisor: Jesus Decola,0,,,Signed-off,482754645,10016,40.750867,-73.982477,105,4,1008687503,82,Midtown-Times Square,,C
M00638871-I1,M00638871-I1-SH,6,Renewal Permit Without Changes,45,TUDOR CITY PLACE,Manhattan,22,1038660,1335,106,Open Space,Sidewalk Shed,GC,621959,HANSEL,GONZALEZ,AVARGA CONSTRUCTION CORP,"505 8TH AVE.,13TH FL STE12A04",JOSE,EVANGELISTA,"JME BUILDING CONSULTING, LLC",2021-12-02T00:00:00.000,2026-04-03T00:00:00.000,2026-07-02T04:00:00.000,"Proposed installation of a temporary sidewalk shed as per plans submitted. Work shall comply with 2014 building code, chapter 33. No change in use, egress or occupancy.",9000,7185452505,HANSEL GONZALEZ,Permit Issued,766536190,10017,40.749294,-73.970246,106,4,1013350022,88,Murray Hill-Kips Bay,,J
M01151785-I1,M01151785-I1-SH,3,Renewal Permit Without Changes,747,3 AVENUE,Manhattan,46,1081179,1320,106,Open Space,Sidewalk Shed,GC,603235,CHARLES,TALISSE,CS BRIDGE CORP,1470 BRUCKNER BLVD,,,,2024-12-10T00:00:00.000,2026-03-30T00:00:00.000,2026-06-28T04:00:00.000,"Installation of temporary sidewalk shed per plan submitted. Work shall comply with 2022 building codes chapter 33. No change in use, egress and/or occupancy with this application.",1,SAGE REALTY CORP,Peter Lauth,Permit Issued,160205286,10017,40.753409,-73.972511,106,4,1013200046,90,East Midtown-Turtle Bay,,
M01355343-I1,M01355343-I1-SH,1,Initial Permit,2,GRAND CENTRAL TOWER,Manhattan,27,1036176,1299,106,Open Space,Sidewalk Shed,GC,602114,JOSEPH,CERINA,CEPRINE CONSTRUCTION INC,41-08 BERRIAN BLVD,ALDI,DILO,"Rigid Structural Design, LLC",2026-04-17T00:00:00.000,2026-04-17T00:00:00.000,2026-07-16T04:00:00.000,"Installation of a temporarily heavy-duty sidewalk shed per plan submitted. Work shall comply with 2022 building codes chapter 33. No change in use, egress and/or occupancy with this application.",2500,"2GC OWNERS, LLC",GABRIEL HUTTNER,Permit Issued,411081192,10017,40.753157,-73.974172,106,4,1012990027,92,East Midtown-Turtle Bay,,
M00991694-I1,M00991694-I1-SH,4,Renewal Permit Without Changes,45,TUDOR CITY PLACE,Manhattan,22,1038660,1335,106,Open Space,Sidewalk Shed,GC,621959,HANSEL,GONZALEZ,AVARGA CONSTRUCTION CORP,"505 8TH AVE.,13TH FL STE12A04",JOSE,EVANGELISTA,"JME BUILDING CONSULTING, LLC",2024-02-12T00:00:00.000,2026-04-03T00:00:00.000,2026-07-02T04:00:00.000,"INSTALLATION AND USE OF TEMPORARY SIDEWALK SHED EQUIPMENT AS PER PLANS FILED HEREWITH. NO CHANGE TO USE, EGRESS OR OCCUPANCY UNDER THIS APPLICATION.",1000,7185452505,HANSEL GONZALEZ,Permit Issued,325754463,10017,40.749294,-73.970246,106,4,1013350022,88,Murray Hill-Kips Bay,,J
M01081501-I1,M01081501-I1-SC,2,Renewal Permit Without Changes,206,EAST   31 STREET,Manhattan,64,1086764,911,106,,Suspended Scaffold,R,006216,ZUBEER,SHEIKH,"FUTURA BUILDERS GROUP,INC",116-17 SUTPHIN BOULEVARD,,,,2024-07-24T00:00:00.000,2025-07-03T00:00:00.000,2026-07-03T04:00:00.000,Installation of suspended scaffold for facade work. or inspection,0,PR,,Permit Issued,336880472,10016,40.743631,-73.979072,106,2,1009110064,7002,Murray Hill-Kips Bay,,
M01337350-I1,M01337350-I1-SH,1,Initial Permit,270,PARK AVENUE,Manhattan,21,1091010,1283,105,Open Space,Sidewalk Shed,GC,608211,ERIK,OH,"SAFWAY ATLANTIC, LLC",700 COMMERCIAL AVENUE,JEEWAN,ITWARIE,A1 EXPEDITING SERVICE CORP.,2025-12-24T00:00:00.000,2025-12-24T00:00:00.000,2026-09-30T00:00:00.000,"HEAVY DUTY SIDEWALK SHED DURING NB CONST, FILED SEP. SIDEWALK SHED SHALL COMPLY WITH CH #33 OF THE NYC BC. NO CHANGE IN USE, OCCUPANCY OR EGRESS UNDER THIS APPLICATION.",2000,"SAFWAY ATLANTIC, LLC",MARK MCKELVEY,Permit Issued,820349877,10017,40.755641,-73.975109,105,4,1012830021,94,Midtown-Times Square,,
M01256850-I1,M01256850-I1-SC,1,Initial Permit,33,WEST   42 STREET,Manhattan,18,1034197,1258,105,,Suspended Scaffold,R,006593,CEMIL,GEZLEV,DNA CONTRACTING LLC,49-47 31ST STREET,ELY,SEPULVEDA,AE DESIGN SOLUTION INC.,2025-07-24T00:00:00.000,2025-07-25T00:00:00.000,2026-07-25T04:00:00.000,Installation of suspended scaffold for facade work or inspection,0,PR,,Permit Issued,333765326,10036,40.753965,-73.982014,105,4,1012580018,96,Midtown-Times Square,,
M01378231-I1,M01378231-I1-SH,1,Initial Permit,245,EAST   39 STREET,Manhattan,26,1020376,920,106,Sidewalk,Sidewalk Shed,GC,623037,MUHAMMAD,ALI,SARDAR RESTORATION CORP,2770 FISH AVE,,,,2026-03-26T00:00:00.000,2026-03-26T00:00:00.000,2026-06-24T04:00:00.000,INSTALLATION OF HEAVY-DUTY SIDEWALK SHED AS PER PLANS.  NO CHANGE IN USE OCCUPANCY OR EGRESS UNDER THIS APPLICATION.  SIDEWALK SHED SHALL COMPLY WITH CHAPTER 33 OF THE 2022 NYC BUILDING CODE.,9000,SARDAR RESTORATION CORP,MUHAMMAD ALI,Permit Issued,651555100,10016,40.748299,-73.974469,106,4,1009200026,88,Murray Hill-Kips Bay,,S
M01320648-I1,M01320648-I1-SC,1,Initial Permit,205,EAST   42 STREET,Manhattan,7501,1037550,1316,106,,Suspended Scaffold,R,006448,AFTAB,AZIZ,WALL CONTRACTOR CORP,2372 ARTHUR KILL ROAD,MOHAMMED,ISLAM,"AK CONSULTING SERVICES, INC",2025-12-05T00:00:00.000,2025-12-05T00:00:00.000,2026-07-25T04:00:00.000,"SUSPENDED SCAFFOLD OUTRIGGER SYSTEM FOR EXTERIOR FACADE RESTORATION WORK AND FACADE INSPECTION AT 205 EAST 42 STREET, MANHATTANNY, NY 10017",0,THE DURST ORGANIZATION,,Permit Issued,802982132,10017,40.750643,-73.974126,106,4,1013167501,88,Murray Hill-Kips Bay,,
M01245697-I1,M01245697-I1-SF,1,Initial Permit,232,EAST   32 STREET,Manhattan,48,1020063,912,106,Facade,Supported Scaffold,GC,623088,RENE,NUNEZ,ANDAMIO SCAFFOLDING LLC,20 BURLING LANE (BOX 4-1),,,,2025-06-27T00:00:00.000,2025-06-27T00:00:00.000,2026-06-27T04:00:00.000,"PROPOSED INSTALLATION OF TEMPORARY PIPE SCAFFOLD AS PER PLANS. WORK SHALL COMPLY WITH CHAPTER #33 OF 2022 THE NYC BUILDING CODE. NO CHANGE IN USE, OCCUPANCY, OR EGRESS UNDER THIS APPLICATION.",1000,232 32ND STREET LLC,Timothy Furey,Permit Issued,536132743,10016,40.743974,-73.977968,106,2,1009120048,7002,Murray Hill-Kips Bay,,
M01266993-I1,M01266993-I1-SH,1,Initial Permit,108,EAST   37 STREET,Manhattan,79,1018991,892,106,Open Space,Sidewalk Shed,GC,031021,JOHN,FALLON,JERRICK ASSOCIATES INC,86-88 HAUSMAN STREET,ELY,SEPULVEDA,AE DESIGN SOLUTION INC.,2025-08-14T00:00:00.000,2025-08-14T00:00:00.000,2026-08-14T04:00:00.000,"INSTALLATION OF TEMPORARY SIDEWALK SHED AS PER PLANS. NO CHANGE IN USE, EGRESS OR OCCUPANCY.",1,"JERRICK ASSOCIATES, INC.",JOHN FALLON,Permit Issued,575942449,10016,40.748711,-73.979327,106,4,1008920079,80,Murray Hill-Kips Bay,,
M01134672-I1,M01134672-I1-SC,2,Renewal Permit Without Changes,301,EAST   52 STREET,Manhattan,5,1039783,1345,106,,Suspended Scaffold,R,005322,FRANZ,HAAG,BIG APPLE RENOVATING & CO,19-20 22ND ROAD,HANCE,MERCEDES,SYNERGY BUILDING CONSULTANTS,2024-12-06T00:00:00.000,2025-07-14T00:00:00.000,2026-07-14T04:00:00.000,Installation of suspended scaffold for facade inspection/repair.,0,PR,,Permit Issued,587115892,10022,40.755977,-73.967211,106,4,1013450005,98,East Midtown-Turtle Bay,,
M00964348-I1,M00964348-I1-SH,3,Renewal Permit Without Changes,16,EAST   32 STREET,Manhattan,66,1017001,861,,Sidewalk,Sidewalk Shed,GC,620254,PRABHJIT,SINGH,PLATINUM SERVICES NY LLC,53-28 11TH STREET 2ND FL,RAMANI,MARIAPPAN,ROYAL EXPEDITING,2024-04-10T00:00:00.000,2026-04-06T00:00:00.000,2026-07-05T04:00:00.000,"INSTALLATION OF 300 PSF SIDEWALK SHED AS PER PLANS. SIDEWALK SHED SHALL COMPLY WITH CHAPTER #33 OF THE 2022 CODE. NO CHANGE IN USE, EGRESS OR OCCUPANCY UNDER THIS APPLICATION.",5000,PLATINUM SERVICES NY LLC,MANDIP KAUR,Permit Issued,295282507,10016,40.746786,-73.984651,105,4,1008610066,74,Midtown South-Flatiron-Union Square,,
M01338529-I1,M01338529-I1-SC,1,Initial Permit,102,MADISON AVENUE,Manhattan,15,1016928,859,105,,Suspended Scaffold,R,007705,PAWEL,SABAT,STRUCTURAL PRESERVATION S,35-21 VERNON BLVD,TYRO,TROXELL,SMEP Design & Consultation LLC,2025-12-24T00:00:00.000,2025-12-26T00:00:00.000,2026-12-26T05:00:00.000,FISP INSPECTION (Facade Inspection Safety Program). INDUSTRIAL ROPE ACCESS TECHNIQUES AND METHODS. SEE ATTACHED PLANS. Designated Primary Site supervisor: Jesus Decola,0,A. RUTH & SONS,,Permit Issued,172145151,10016,40.74482,-73.985113,105,2,1008590015,74,Midtown South-Flatiron-Union Square,,
M01009927-I1,M01009927-I1-SH,3,Renewal Permit Without Changes,234,EAST   50 STREET,Manhattan,34,1038236,1323,106,Open Space,Sidewalk Shed,GC,623088,RENE,NUNEZ,ANDAMIO SCAFFOLDING LLC,20 BURLING LANE (BOX 4-1),,,,2024-02-28T00:00:00.000,2026-03-30T00:00:00.000,2026-06-28T04:00:00.000,"INSTALLATION OF TEMPORARY HEAVY DUTY SIDEWALK SHED AS PER EMERGENCY LETTER. NO CHANGE IN USE, EGRESS OR OCCUPANCY. SIDEWALK SHED SHALL COMPLY WITH CHAPTER #33 OF THE NYC BUILDING CODE. LIVE LOAD 300PSF.",1000,EMPIRE MANAGEMENT,RAMIN SHALOM,Permit Issued,338167625,10022,40.755445,-73.969886,106,4,1013230034,98,East Midtown-Turtle Bay,,
M01369763-I1,M01369763-I1-SH,1,Initial Permit,135,EAST   50 STREET,Manhattan,23,1036453,1305,106,Open Space,Sidewalk Shed,GC,617040,JOHN,KELLIS,EMPIRE NY INSTALLATIONS I,3537 36TH STREET,ELY,SEPULVEDA,AE DESIGN SOLUTION INC.,2026-03-23T00:00:00.000,2026-04-01T00:00:00.000,2026-06-30T04:00:00.000,"INSTALLATION OF TEMPORARY SIDEWALK SHED AS PER PLANS. NO CHANGE IN USE, EGRESS OR OCCUPANCY.",1,PR,Eleni Demetriades,Permit Issued,893494617,10022,40.756354,-73.971997,106,4,1013050023,100,East Midtown-Turtle Bay,,
M01021862-I1,M01021862-I1-SH,3,Renewal Permit Without Changes,993,AVENUE OF THE AMERICAS,Manhattan,45,1090627,812,105,Open Space,Construction Fence,GC,616838,EDMUND,KIRCH,DHS FRACO LLC,4612 QUEENS BLVD,ALDI,DILO,"Rigid Structural Design, LLC",2024-03-19T00:00:00.000,2026-03-20T00:00:00.000,2026-06-18T04:00:00.000,"INSTALLATION OF 300 PSF SIDEWALK SHED, CONSTRUCTION FENCE, ROOF OF PROTECTION and OHP via Needle Beam AS PER PLANS. ALL EQUIPMENT SHALL COMPLY WITH CHAPTER #33 OF THE 2022 CODE. NO CHANGE IN USE, EGRESS OR OCCUPANCY UNDER THIS APPLICATION.",1000,"DHS FRACO, LLC",EDMUND KIRSCH,Permit Issued,750604796,10018,40.751504,-73.986556,105,4,1008120045,109,Midtown-Times Square,,
M01090530-I1,M01090530-I1-FN,1,Initial Permit,58,WEST   40 STREET,Manhattan,81,1016058,841,105,Open Space,Construction Fence,GC,614464,DARIUSZ,CIACH,CATTRO CONSULTING GROUP,19 SEBAGO STREET,MU/RO/BR/SE,KH/SC/GA/DA,MUNICIPAL BUILDING CONSULTANTS,2025-07-18T00:00:00.000,2025-07-22T00:00:00.000,2026-07-22T04:00:00.000,Temporary Construction Work during Sidewalk Vault repair.,1000,THE 58-64 40TH STREET CORP. INC,Laura Ponomarev,Permit Issued,840422235,10018,40.753183,-73.984184,105,4,1008410081,84,Midtown-Times Square,,
M00724755-I1,M00724755-I1-SH,5,Renewal Permit Without Changes,16,EAST   40 STREET,Manhattan,64,1017600,869,105,Ground Floor,Sidewalk Shed,GC,623200,FARI,HAMA,REPUBLIC EXTERIOR SERVICE,420 MANIDA STREET,ALDI,DILO,"Rigid Structural Design, LLC",2022-04-26T00:00:00.000,2026-04-01T00:00:00.000,2026-06-30T04:00:00.000,EMERGENCY SIDEWALK SHED TO PROTECT PUBLIC FROM FALLING DEBRIS. SEE ATTACHEDPE LETTER.,1,REPUBLIC EXTERIOR SERVICES CORP.,FARI HAMA,Permit Issued,526587651,10016,40.751723,-73.980716,105,4,1008690064,82,Midtown-Times Square,,
M01390663-I1,M01390663-I1-SH,1,Initial Permit,441,LEXINGTON AVENUE,Manhattan,22,1036174,1299,106,Open Space,Sidewalk Shed,GC,623563,KAROLINA,OLEJARZ,INTERSYSTEM CONSTRUCTION,216 EAGLE ST,ALDI,DILO,"Rigid Structural Design, LLC",2026-04-27T00:00:00.000,2026-04-27T00:00:00.000,2026-07-26T04:00:00.000,"Installation of a temporarily heavy-duty sidewalk shed per plan submitted. Work shall comply with 2022 building codes chapter 33. No change in use, egress and/or occupancy with this application.",9547.5,INTERSYSTEM CONSTRUCTION CORP.,KAROLINA OLEJARZ,Permit Issued,520658752,10017,40.752833,-73.975027,106,4,1012990022,92,East Midtown-Turtle Bay,,
M01339350-I1,M01339350-I1-SC,1,Initial Permit,401,PARK AVENUE SOUTH,Manhattan,88,1018203,883,105,,Suspended Scaffold,R,007705,PAWEL,SABAT,STRUCTURAL PRESERVATION S,35-21 VERNON BLVD,TYRO,TROXELL,SMEP Design & Consultation LLC,2026-01-09T00:00:00.000,2026-01-13T00:00:00.000,2027-01-13T05:00:00.000,FISP INSPECTION (Facade Inspection Safety Program). INDUSTRIAL ROPE ACCESS TECHNIQUES AND METHODS. SEE ATTACHED PLANS. Designated Primary Site supervisor: Starrett Merchant,0,401 PARK AVENUE SOUTH ASSOCIATES LL,,Permit Issued,271254970,10016,40.743042,-73.984269,105,2,1008830088,68,Gramercy,,
M01161972-I1,M01161972-I1-SC,2,Renewal Permit Without Changes,58,WEST   39 STREET,Manhattan,81,1091677,840,105,,Suspended Scaffold,R,005489,TAHIR,BHUTTA,SASCO CONSTRUCTION SVC LL,"444 CONEY ISLAND AVE., 2ND FL",HANCE,MERCEDES,SYNERGY BUILDING CONSULTANTS,2025-01-07T00:00:00.000,2025-06-11T00:00:00.000,2026-06-11T04:00:00.000,Installation of suspended scaffold for facade inspection/repair.,0,CROSSCITY CONSTRUCTION CO,,Permit Issued,560868040,10018,40.75233,-73.984076,105,4,1008400081,84,Midtown-Times Square,,
M08041414-I1,M08041414-I1-SH,5,Renewal Permit Without Changes,310,EAST   46 STREET,Manhattan,5,1038770,1338,106,Open Space,Sidewalk Shed,GC,623347,DEVESHWARI,PRASHAD,BUILDCOX CONSTRUCTION COR,47 WHITSON STREET,ALDI,DILO,"Rigid Structural Design, LLC",2022-11-29T00:00:00.000,2026-03-20T00:00:00.000,2026-06-18T04:00:00.000,"Installation of a temporary heavy-duty sidewalk shed per plan submitted. Work shall comply with 2014 building codes chapter 33. No change in use, egress and/or occupancy with this application.",2500,PR,ALEXANDRA BRUNO,Permit Issued,319449934,10017,40.752182,-73.969902,106,4,1013380005,90,East Midtown-Turtle Bay,,
M01032218-I1,M01032218-I1-SH,3,Renewal Permit Without Changes,500,5 AVENUE,Manhattan,34,1034199,1258,105,Open Space,Sidewalk Shed,GC,623088,RENE,NUNEZ,ANDAMIO SCAFFOLDING LLC,20 BURLING LANE (BOX 4-1),,,,2024-04-19T00:00:00.000,2026-04-10T00:00:00.000,2026-07-09T04:00:00.000,"INSTALLATION OF TEMPORARY HEAVY DUTY SIDEWALK SHED AS PER PLANS. NO CHANGE IN USE, EGRESS OR OCCUPANCY. SIDEWALK SHED SHALL COMPLY WITH CHAPTER #33 OF 2022 THE NYC BUILDING CODE. LIVE LOAD 300PSF.",1000,CUSHMAN AND WAKEFIELD,DAVID LEEST,Permit Issued,636138837,10110,40.753543,-73.980856,105,4,1012580034,96,Midtown-Times Square,,
M01232582-I1,M01232582-I1-SF,1,Initial Permit,22,EAST   38 STREET,Manhattan,55,1017220,867,106,Open Space,Supported Scaffold,GC,607447,WILLIAM,LAFFEY,SPRING SCAFFOLDING LLC,49-30 31ST PLACE,MD TOHFAZ,UDDIN,TOHFAZ UDDIN PE PC,2025-08-14T00:00:00.000,2025-08-14T00:00:00.000,2026-08-14T04:00:00.000,"INSTALLATION OF TEMPORARY PIPE SCAFFOLD AS PER  PLAN. NO CHANGE IN USE, EGRESS, OR OCCUPANCY. THE PIPE SCAFFOLD FROM THE TOP OF  THE SIDEWALK SHED TO THE EAST ROOFTOP, NORTH 3RD FLOOR TERRACE, AND WEST, SOUTH NEIGHBOR TERRACE ELEVATIONS.",1,"JOLLY HOTELS USA, INC.",Carlo Di Giulio,Permit Issued,292720951,10016,40.750177,-73.980897,106,4,1008670055,82,Midtown-Times Square,,
M00988813-I1,M00988813-I1-SC,3,Renewal Permit Without Changes,3,PARK AVENUE,Manhattan,7501,1087537,889,105,,Suspended Scaffold,R,005907,ARKADIUSZ,SWIECHOWIC,PEDROL CONTRACTING INC,232 INDIA STREET,,,,2024-02-06T00:00:00.000,2025-07-07T00:00:00.000,2026-07-07T04:00:00.000,renewal of SR23-1608,0,NYCSCA,,Permit Issued,166932183,10016,40.746744,-73.981576,105,4,1008897501,72,Murray Hill-Kips Bay,,
M01374339-I1,M01374339-I1-SH,1,Initial Permit,343,EAST   51 STREET,Manhattan,18,1039657,1344,106,Open Space,Sidewalk Shed,GC,626569,PRITPAL,KAUR,PARK CONTRACTING GROUP,12 HARBOR CT E,,,,2026-03-20T00:00:00.000,2026-04-01T00:00:00.000,2026-06-30T04:00:00.000,"INSTALLATION OF TEMPORARY HEAVY DUTY SIDEWALK SHED AS PER PLANS. NO CHANGE IN USE, EGRESS OR OCCUPANCY. SIDEWALK SHED SHALL COMPLY WITH CHAPTER #33 OF 2022 THE NYC BUILDING CODE. LIVE LOAD 300PSF.",1000,Park Contracting Group LLC.,PRITPAL KAUR,Permit Issued,932152063,10022,40.754958,-73.966746,106,4,1013440018,98,East Midtown-Turtle Bay,,
M01067057-I1,M01067057-I1-SH,2,Renewal Permit Without Changes,95,MADISON AVENUE,Manhattan,58,1016920,858,105,Open Space,Sidewalk Shed,GC,617232,ERIND,GAZHELI,CORE SCAFFOLD SYSTEMS INC,417 MYRTLE AVE SUITE 14,ELY,SEPULVEDA,AE DESIGN SOLUTION INC.,2024-06-18T00:00:00.000,2025-07-03T00:00:00.000,2026-07-03T04:00:00.000,"INSTALLATION OF TEMPORARY SIDEWALK SHED AS PER PLANS. NO CHANGE IN USE, EGRESS OR OCCUPANCY.",1,OWNERS REP,EDDIE GAZHELI,Permit Issued,341666375,10016,40.744367,-73.98542,105,2,1008580058,74,Midtown South-Flatiron-Union Square,,
M01309219-I1,M01309219-I1-SH,1,Initial Permit,461,5 AVENUE,Manhattan,1,1071438,1275,105,Ground Floor,Sidewalk Shed,GC,025655,STEVE,MARKU,COLGATE RESTORATION CORP,147 28 ST,,,,2026-04-08T00:00:00.000,2026-04-08T00:00:00.000,2026-07-07T04:00:00.000,"INSTALLATION OF SIEWALK SHED AS SHOWN ON DRAWINGS. NO CHANGE IN USE, EGRESS OR OCCUPANCY. WE SHALL COMPLY WITH CHAPTER 33 OF 2022 B.C",18000,SL GREEN REALTY CORP,Patricia Hoban,Permit Issued,854310623,10017,40.752286,-73.981748,105,4,1012750001,82,Midtown-Times Square,,
M01275230-I1,M01275230-I1-SF,1,Initial Permit,150,EAST   46 STREET,Manhattan,46,1036198,1300,106,Ground Floor,Sidewalk Shed,GC,620467,GURDEEP,SINGH,SAFETECH ENTERPRISES CORP,50 HENDRICKSON AVE,,,,2025-08-29T00:00:00.000,2025-09-17T00:00:00.000,2026-09-17T04:00:00.000,"INSTALLATION OF 300PSF SIDEWALK SHED AND PIPE SCAFFOLDING AS PER PLANS. ALL EQUIPMENT SHALL COMPLY WITH CH #33 OF THE NYC CODE 2022. NO CHANGE IN USE, OCCUPANCY OR EGRESS UNDER THIS APPLICATION.",9000,SAFETECH ENTERPRISES CORP,GURDEEP SINGH,Permit Issued,431224381,10017,40.753719,-73.973561,106,4,1013000046,92,East Midtown-Turtle Bay,,
M01030318-I1,M01030318-I1-SH,3,Renewal Permit Without Changes,424,EAST   34 STREET,Manhattan,7501,1090574,962,106,Open Space,Sidewalk Shed,GC,604197,PABLO,PERRONE,PJP INSTALLERS INC,129 OLD TURNPIKE ROAD,,,,2024-04-17T00:00:00.000,2026-04-08T00:00:00.000,2026-07-07T04:00:00.000,"LIGHT DUTY SIDEWALK SHED FOR EMERGENCY CONDITION. NO CHANGE IN USE, EGERESS OR OCCUPANCY.",50000,NYU LANGONE MEDICAL CENTER,RICHARD COHEN,Permit Issued,343995324,10016,40.743696,-73.97332,106,4,1009627501,62,Murray Hill-Kips Bay,,
M01209916-I1,M01209916-I1-SH,1,Initial Permit,35,PARK AVENUE,Manhattan,3,1018885,891,106,Open Space,Sidewalk Shed,GC,623088,RENE,NUNEZ,ANDAMIO SCAFFOLDING LLC,20 BURLING LANE (BOX 4-1),,,,2025-04-23T00:00:00.000,2025-04-23T00:00:00.000,2026-04-23T04:00:00.000,"INSTALLATION OF TEMPORARY HEAVY DUTY SIDEWALK SHED AS PER PLANS. NO CHANGE IN USE, EGRESS OR OCCUPANCY. SIDEWALK SHED SHALL COMPLY WITH CHAPTER #33 OF 2022 THE NYC BUILDING CODE. LIVE LOAD 300PSF.",1000,Maxwell kates,Maria Figueroa,Signed-off,413690651,10016,40.747946,-73.980695,106,4,1008910003,80,Murray Hill-Kips Bay,,
M00305632-I1,M00305632-I1-SH,9,Renewal Permit Without Changes,58,WEST 39 STREET,Manhattan,81,1091677,840,105,Sidewalk,Sidewalk Shed,GC,625974,QIAOYU,GE,NYC MODERN CONSTRUCTION *,61-27 186TH STREET,FEIXIANG,SUN,CROSSCITY CONSTRUCTION CORP,2020-02-12T00:00:00.000,2026-04-10T00:00:00.000,2026-07-09T04:00:00.000,"Installation of temporary sidewalk shed per plan submitted. Work shall comply with 2014 building codes chapter 33. No change in use, egress and/or occupancy with this application.",1,H HOTEL LLC,WEI HONG HU,Permit Issued,591392210,10018,40.75233,-73.984076,105,4,1008400081,84,Midtown-Times Square,,
M01315426-I1,M01315426-I1-SH,2,Renewal Permit Without Changes,355,LEXINGTON AVENUE,Manhattan,23,1036147,1295,106,Ground Floor,Construction Fence,GC,018914,PHILIP,SUSI,ARSENAL SCAFFOLD INC,95 JERSEY STREET,,,,2025-11-26T00:00:00.000,2026-03-30T00:00:00.000,2026-06-28T04:00:00.000,"INSTALLATION OF HEAVY DUTY SIDEWALK SHED AND CONSTRUCTION PLYWOOD FENCE AS PER PLANS. TEMPORARY EQUIPMENT SHALL COMPLY WITH CHAPTER #33 OF THE 2022 CODE. NO CHANGE IN USE, EGRESS OR OCCUPANCY UNDER THIS APPLICATION.",27000,RUDIN MANAGEMENT INC,Paul Mandel,Permit Issued,607890675,10016,40.750064,-73.976739,106,4,1012950023,80,Murray Hill-Kips Bay,,
M01369138-I1,M01369138-I1-SC,1,Initial Permit,301,EAST   47 STREET,Manhattan,1,1038905,1340,106,,Suspended Scaffold,R,007705,PAWEL,SABAT,STRUCTURAL PRESERVATION S,35-21 VERNON BLVD,TYRO,TROXELL,SMEP Design & Consultation LLC,2026-03-19T00:00:00.000,2026-03-22T00:00:00.000,2027-03-22T04:00:00.000,Facade Inspection,0,STELLAR MANAGEMENT,,Permit Issued,955446609,10017,40.75309,-73.969812,106,4,1013400001,90,East Midtown-Turtle Bay,,
M01074829-I1,M01074829-I1-SC,3,Renewal Permit Without Changes,500,5 AVENUE,Manhattan,34,1034199,1258,105,,Suspended Scaffold,R,006589,NESTOR,SEMINARIO,ARCHSTONE RESTORATION COR,"244 5TH AVENUE, STE N279",,,,2024-07-11T00:00:00.000,2025-11-05T00:00:00.000,2026-09-09T04:00:00.000,INSTALLATION OF  MATERIAL HOIST,0,CUSHMAN AND WAKEFIELD,,Permit Issued,910665402,10110,40.753543,-73.980856,105,4,1012580034,96,Midtown-Times Square,,
M01286472-I1,M01286472-I1-SH,2,Renewal Permit Without Changes,32,WEST   39 STREET,Manhattan,66,1016011,840,105,Ground Floor,Supported Scaffold,GC,025655,STEVE,MARKU,COLGATE RESTORATION CORP,147 28 ST,,,,2025-09-29T00:00:00.000,2026-04-14T00:00:00.000,2026-07-13T04:00:00.000,"INSTALLATION OF SIDEWALK SHED AND SUPPORTED SCAFFOLD AS SHOWN ON DRAWINGS. NO CHANGE IN USE, EGRESS OR OCCUPANCY. WE SHALL COMPLY WITH CHAPTER 33 OF 2022 B.C",5000,RESOLUTION REAL ESTATE,Laura Ammirati,Permit Issued,463515806,10018,40.75211,-73.98356,105,4,1008400066,84,Midtown-Times Square,,
