node_id,status,pano_id,pano_date,pano_lat,pano_lon,node_lat,node_lon,month,year,pano_offset_m,usable,typology,osm_name
n00000,OK,AOGAQVBozIBkqviD1iQlvA,2026-04,40.74369004814123,-73.97358597594356,40.74372095150434,-73.97355642793345,4,2026,4.241964494160284,True,avenue_secondary,1st Avenue
n00001,OK,LPZa1mc8znlMeU8qCJCSCw,2026-04,40.74386434340535,-73.97345854268615,40.74387806058934,-73.97344050907502,4,2026,2.153466514471518,True,avenue_secondary,1st Avenue
n00002,OK,xm7_tT2trKdcJdYVtT-pJg,2026-04,40.74400661944922,-73.9733556812972,40.74403530872556,-73.97332491575558,4,2026,4.109940872587657,True,avenue_secondary,1st Avenue
n00003,OK,5PCted7Iu0Pa9NBmrz0GJg,2026-04,40.74416948542586,-73.97323802286685,40.7441925571638,-73.97320932289391,4,2026,3.5259600299293226,True,avenue_secondary,1st Avenue
n00004,OK,Gf9GnRHa92-ohWBmfLcsTA,2026-04,40.74433483228417,-73.97311713592906,40.74435076772992,-73.97309603406518,4,2026,2.5107924490419045,True,avenue_secondary,1st Avenue
n00005,OK,eHm5hEjpa07S3aa9y2eo-Q,2026-04,40.74450081867798,-73.97299597987887,40.74450866648439,-73.97298201724142,4,2026,1.4658992629220993,True,avenue_secondary,1st Avenue
n00006,OK,c235-kD3mu4WCvClzotFmA,2026-04,40.74467918963136,-73.97286648361657,40.7446664948362,-73.97286780273622,4,2026,1.4137047871499615,True,avenue_secondary,1st Avenue
n00007,OK,QiI0HSlBVPnmhZ63Ilni7A,2026-04,40.7448363048991,-73.97275241204464,40.744824442227845,-73.97275386818092,4,2026,1.3226590614380114,True,avenue_secondary,1st Avenue
n00008,OK,5cr3c6n2v4QqYHggqQTrQQ,2026-04,40.74500094788971,-73.97263295966575,40.74498164722829,-73.97263817287363,4,2026,2.1874041312232295,True,avenue_secondary,1st Avenue
n00009,OK,TzOEHSY0blGhXA_HV5mdcA,2026-04,40.7451609329903,-73.97251574918886,40.74513890915338,-73.97252264507303,4,2026,2.51334280937408,True,avenue_secondary,1st Avenue
n00010,OK,lDAXFIGVbmi1Y7sP2EFXlg,2026-04,40.74532430356552,-73.97239531019298,40.74529620176514,-73.97240715438706,4,2026,3.2760800072185576,True,avenue_secondary,1st Avenue
n00011,OK,a00QIdd_B7_Y9UJmaHE5-w,2026-04,40.74548439875069,-73.972277292459,40.74545349425054,-73.97229166315148,4,2026,3.6390937518515902,True,avenue_secondary,1st Avenue
n00012,OK,O7UGZSBl-_462hHoSi-1zg,2026-04,40.74564350254781,-73.97216026112399,40.74561120787726,-73.97217718291232,4,2026,3.8593871613125414,True,avenue_secondary,1st Avenue
n00013,OK,eAoDIGgpoOMk-jmsA9BJ2Q,2026-04,40.74581046300579,-73.97203910447158,40.745769046378186,-73.97206305922597,4,2026,5.023046650511929,True,avenue_secondary,1st Avenue
n00014,OK,nBnuMvFyIMPRiZFIU_7Kqg,2026-04,40.74589643446903,-73.97197722576699,40.745926517888414,-73.97194798976862,4,2026,4.1529309781905885,True,avenue_secondary,1st Avenue
n00015,OK,_EP7GcHB2pV9c18rdZ9w5w,2026-04,40.74606180434043,-73.97185284054267,40.7460840473104,-73.97183305846798,4,2026,2.9811242243480964,True,avenue_secondary,1st Avenue
n00016,OK,sw6tbaXaZWpclH47HnHFVg,2026-04,40.74622815557777,-73.97172953139092,40.74624221699925,-73.9717196599893,4,2026,1.7695903475869836,True,avenue_secondary,1st Avenue
n00017,OK,uwurmuX8C2FUhEs_vYQNgw,2026-04,40.74638813105349,-73.97161016805681,40.74639924495754,-73.97160359881198,4,2026,1.352744567169126,True,avenue_secondary,1st Avenue
n00018,OK,E39Q5r_kKEXgUdkOWWnkGQ,2026-04,40.74654859319235,-73.97148945945585,40.74655665073457,-73.97148837567677,4,2026,0.8991752900162784,True,avenue_secondary,1st Avenue
n00019,OK,MRCQSipmx5vssWtfHLFHxg,2026-04,40.74671977856522,-73.97136570167348,40.7467146745045,-73.9713746213853,4,2026,0.9424537145111408,True,avenue_secondary,1st Avenue
n00020,OK,-Wlcjz8DFGQBPCkE1AZcLg,2026-04,40.74688753770086,-73.97125709966994,40.74687254044123,-73.97126050168312,4,2026,1.6895145449644884,True,avenue_secondary,1st Avenue
n00021,OK,NqxZwBcKWcQuhdbtVYHYjA,2026-04,40.74702326133314,-73.97116975168872,40.74702921503312,-73.97114371820552,4,2026,2.295234380309381,True,avenue_secondary,1st Avenue
n00022,OK,pSeFIxMnRjwPGCZxJJfs_Q,2026-04,40.74719024732895,-73.97105200224269,40.74718919100595,-73.9710347828618,4,2026,1.4585523919157757,True,avenue_secondary,1st Avenue
n00023,OK,FTly5K7kri5lW3S9yIAJkQ,2026-04,40.74736077994118,-73.97093003777485,40.747349189152736,-73.97092590359465,4,2026,1.3332520612186698,True,avenue_secondary,1st Avenue
n00024,OK,Xro_CQMmdwj3em3ijnvFCQ,2026-04,40.74751652885244,-73.97082340848195,40.747509027062925,-73.97081662292068,4,2026,1.0108361305945888,True,avenue_secondary,1st Avenue
n00025,OK,NG_enqdDCeNDp80I1Q2OtQ,2026-04,40.74768229478143,-73.97071247449554,40.74766729898733,-73.97070355823043,4,2026,1.827050883357859,True,avenue_secondary,1st Avenue
n00026,OK,V7S7Jk9pULdcXEdre1XHww,2026-04,40.74785518328086,-73.9705949041298,40.74782343964526,-73.97058539189153,4,2026,3.61437221367575,True,avenue_secondary,1st Avenue
n00027,OK,R6R5nH8fiMVjOxFy5GHdAQ,2026-04,40.74795383571172,-73.97044827737167,40.747959406191555,-73.9704302888864,4,2026,1.63982446213404,True,avenue_secondary,1st Avenue
n00028,OK,t5pEPpxAFzeCzKTW1Q-vUQ,2026-04,40.74760000277315,-73.97089255162142,40.74759050000001,-73.9708704,4,2026,2.1472647437957773,True,avenue_secondary,1st Avenue
n00029,OK,NG_enqdDCeNDp80I1Q2OtQ,2026-04,40.74768229478143,-73.97071247449554,40.74774875494476,-73.97075728393001,4,2026,8.2914853760261,True,avenue_secondary,1st Avenue
n00030,OK,V7S7Jk9pULdcXEdre1XHww,2026-04,40.74785518328086,-73.9705949041298,40.74790703346073,-73.97064414173288,4,2026,7.100319785962612,True,avenue_secondary,1st Avenue
n00031,OK,aDzATF7cayiLo5tXwEbCVQ,2026-04,40.74811384841718,-73.97051069464749,40.74806994897408,-73.970543760441,4,2026,5.6164542951951475,True,avenue_secondary,1st Avenue
n00032,OK,T14_UCYOsYUospXF4h92ig,2026-04,40.74825979348726,-73.97042899616888,40.74823515571742,-73.97044935052058,4,2026,3.230218022492677,True,avenue_secondary,1st Avenue
n00033,OK,YQ3IP7KThShiLsm7juzSlA,2026-04,40.74841739369751,-73.97031366763184,40.748395310960674,-73.97034131748974,4,2026,3.38518775503125,True,avenue_secondary,1st Avenue
n00034,OK,-2HjgUdgQGf4k05o3nWLoQ,2026-04,40.74857973278601,-73.97019349629893,40.748552654348906,-73.97022594120945,4,2026,4.066973934137379,True,avenue_secondary,1st Avenue
n00035,OK,NYZXhwwSR_CDdB7ZfpZkgA,2026-04,40.74873361555316,-73.97007960250376,40.748710090834265,-73.9701107850295,4,2026,3.7082912524853224,True,avenue_secondary,1st Avenue
n00036,OK,vu4v1CRZYr9k-oXd5YcoQw,2026-04,40.7488726303033,-73.96996983393191,40.748864547076906,-73.9699894341956,4,2026,1.882455731209452,True,avenue_secondary,1st Avenue
n00037,OK,UQgiaG2ofezmvvrNtetjLg,2017-11,40.74903682158623,-73.96979639228647,40.748992851228046,-73.96982374121474,11,2017,5.3999314266685685,False,avenue_secondary,1st Avenue
n00038,OK,godwKmfaciCQUpvxeTCSNQ,2026-04,40.7481153383799,-73.97020282303194,40.74810243500851,-73.97021677148618,4,2026,1.8544063709034564,True,avenue_secondary,1st Avenue
n00039,OK,Bj_pFg8i0fnmLkQNsoMgSw,2026-04,40.74822934478711,-73.97012076570208,40.74824927235844,-73.97008083793412,4,2026,4.032124984444928,True,avenue_secondary,1st Avenue
n00040,OK,9PV70_6DtFqH7jXfplgeFQ,2026-04,40.74839109913057,-73.97000337433552,40.748408204615664,-73.96996929069459,4,2026,3.4477243233036687,True,avenue_secondary,1st Avenue
n00041,OK,bg3Ye5x6i8fwtFHQvgqJcA,2026-04,40.74855229852549,-73.96988526545522,40.74856713675434,-73.96985774291817,4,2026,2.848326220764852,True,avenue_secondary,1st Avenue
n00042,OK,ZI0SRPp_Q_-LRfqglwAhcw,2026-04,40.74871207133275,-73.9697703849942,40.748729480782906,-73.96975611165989,4,2026,2.2776210024102497,True,avenue_secondary,1st Avenue
n00043,OK,KTDCyFC6PLAR_14LaneM5g,2026-04,40.74887729557047,-73.9696678803564,40.74889829595331,-73.96967359413445,4,2026,2.380742943347991,True,avenue_secondary,1st Avenue
n00044,OK,mFI0uKD0zgLqVWCUgOeing,2026-04,40.74605318239141,-73.97497814067115,40.7460796,-73.9749393,4,2026,4.399459750278375,True,avenue_secondary,2nd Avenue
n00045,OK,SvlPDBFedME2goosvSimKA,2026-04,40.74596154365739,-73.97504100486753,40.745922408750936,-73.97505503052079,4,2026,4.503054102698848,True,avenue_secondary,2nd Avenue
n00046,OK,VSnuL76akuo2j0bInfh5SA,2026-04,40.74580217388166,-73.9751524744263,40.74576523350365,-73.97517079837267,4,2026,4.38305834503171,True,avenue_secondary,2nd Avenue
n00047,OK,If_0BlTUmx-0Q3Hhudx2_Q,2026-04,40.74563731075568,-73.97526295746506,40.74560801949197,-73.9752864749558,4,2026,3.8100752070432145,True,avenue_secondary,2nd Avenue
n00048,OK,etyitxvPN55trfnsvEXFpg,2026-04,40.74547154703028,-73.97538249788931,40.745450847687614,-73.97540225033977,4,2026,2.839340074761517,True,avenue_secondary,2nd Avenue
n00049,OK,01MtM6ZbEhMwwWVV_R330Q,2026-04,40.74529715233892,-73.97551611763043,40.745293653107794,-73.97551797206138,4,2026,0.4188334943056286,True,avenue_secondary,2nd Avenue
n00050,OK,M_9pY_QWyr3mEBji6uPrTA,2026-04,40.74513209514688,-73.97563798951475,40.7451364658425,-73.97563371070821,4,2026,0.6049351793904423,True,avenue_secondary,2nd Avenue
n00051,OK,6rtclURjc4AjiryU_G9VNg,2026-04,40.74498328594642,-73.97574793420948,40.7449792814081,-73.97574945574905,4,2026,0.4627527798226548,True,avenue_secondary,2nd Avenue
n00052,OK,doAaqLI1jqrFh6Hh_7j7uQ,2026-04,40.74482271803476,-73.97586586013767,40.7448220847132,-73.97586517174051,4,2026,0.0912224847514494,True,avenue_secondary,2nd Avenue
n00053,OK,KdmrkcYVUvIqqGlRdk6UTg,2026-04,40.7446610154908,-73.97598217179984,40.74466478986386,-73.97598065518272,4,2026,0.4381413190695318,True,avenue_secondary,2nd Avenue
n00054,OK,ivo3ks2WtwtlgfvM5bvAJQ,2026-04,40.75002070313409,-73.97207156836372,40.74999415558861,-73.97208157686829,4,2026,3.0659143215688873,True,avenue_secondary,2nd Avenue
n00055,OK,zUEhNx2F0NQbIRo2ZK0WAw,2026-04,40.74986281499978,-73.97218644745188,40.74983688993566,-73.97219713872083,4,2026,3.01629232842665,True,avenue_secondary,2nd Avenue
n00056,OK,hbYAQO0v_39JuOkewOQyjQ,2026-04,40.74970381029639,-73.97230249230037,40.74968034100061,-73.97231437053809,4,2026,2.791777173695406,True,avenue_secondary,2nd Avenue
n00057,OK,zYrXx1gRYxArSxe5AXfrXg,2026-04,40.74954449589767,-73.97242113777253,40.74952377123653,-73.97243155438782,4,2026,2.4630988212908327,True,avenue_secondary,2nd Avenue
n00058,OK,CwJueWQ6lVqwdMicP4meEg,2026-04,40.74937761272185,-73.97254381872807,40.74936716161242,-73.97254864586264,4,2026,1.2297241411599675,True,avenue_secondary,2nd Avenue
n00059,OK,OliAiaLn8bm1lGeT4bXuGg,2026-04,40.74920963414628,-73.97266569249466,40.74921055768125,-73.97266575024442,4,2026,0.1026420318920752,True,avenue_secondary,2nd Avenue
n00060,OK,KbuWA4GZkLpI0t9kB0869w,2026-04,40.74904472541682,-73.97278370999052,40.74905350690453,-73.97278180700457,4,2026,0.9880265951825368,True,avenue_secondary,2nd Avenue
n00061,OK,MM0qtzN6nSAc8YwU2gSw6A,2026-04,40.74888018432669,-73.97290379002793,40.74889570042875,-73.97289608559963,4,2026,1.8412437490630411,True,avenue_secondary,2nd Avenue
n00062,OK,GpkQvkUs4UNoxhu6eP6fBg,2026-04,40.74872207888609,-73.97301929637113,40.74873788830246,-73.97301035044667,4,2026,1.9106976872283945,True,avenue_secondary,2nd Avenue
n00063,OK,NmzFmsHjQOKo9PC4Bboofg,2026-04,40.74856274549181,-73.97313040838588,40.74858003864463,-73.97312452538056,4,2026,1.9830091264817828,True,avenue_secondary,2nd Avenue
n00064,OK,97acvzf15fmfCUFJHp_vXA,2026-04,40.74842814841647,-73.97322779949374,40.74842222701561,-73.97323879088596,4,2026,1.137225772050877,True,avenue_secondary,2nd Avenue
n00065,OK,fzHnwvGbAeUVgqku628Gng,2026-04,40.74829154722402,-73.97332859834171,40.748264394881744,-73.97335300719962,4,2026,3.651438078881787,True,avenue_secondary,2nd Avenue
n00066,OK,nlhvUaahTjbLrjhDtt1uJw,2026-04,40.74813275117098,-73.9734456289664,40.74810656101996,-73.97346721913577,4,2026,3.4316533676344982,True,avenue_secondary,2nd Avenue
n00067,OK,Cc0QxHumRUzUcysUTjEyiA,2026-04,40.74796697850929,-73.97356768151911,40.74794878757301,-73.97358157479236,4,2026,2.3354125001314823,True,avenue_secondary,2nd Avenue
n00068,OK,CJPF6dR9rqWQicakS26sEw,2026-04,40.74780080059988,-73.97368847849543,40.74779092382107,-73.97369571425185,4,2026,1.2551709544909715,True,avenue_secondary,2nd Avenue
n00069,OK,zX7pkZxowUCkRwZZ0GBqaw,2026-04,40.74763882451801,-73.97380595729354,40.74763310946063,-73.97380997202066,4,2026,0.7193254799227965,True,avenue_secondary,2nd Avenue
n00070,OK,F3H7tH-jgB15cam2awwb7Q,2026-04,40.74747953299718,-73.97392164245211,40.747475285990184,-73.97392420778094,4,2026,0.518849907421386,True,avenue_secondary,2nd Avenue
n00071,OK,m5w_WVSv_-TBdGhQHXT6fQ,2026-04,40.74732097669725,-73.9740345475127,40.74731744759258,-73.97403840762172,4,2026,0.5096173750270103,True,avenue_secondary,2nd Avenue
n00072,OK,3_111niLyQKOOOz6XwwYkQ,2026-04,40.74715627497615,-73.97415355063035,40.74715961088552,-73.97415261125256,4,2026,0.3787330278711246,True,avenue_secondary,2nd Avenue
n00073,OK,fI0Eb40EVgd8rgvk39-BQQ,2026-04,40.74698840290307,-73.97427730662041,40.74700176886979,-73.97426680195616,4,2026,1.7286796049808937,True,avenue_secondary,2nd Avenue
n00074,OK,ddvYIqw-caJqaiq_uehpaA,2026-04,40.74683795112838,-73.9743915566449,40.74684392673031,-73.97438099211428,4,2026,1.1116104254075854,True,avenue_secondary,2nd Avenue
n00075,OK,rsVMKdjYxX-72xbIejLvyQ,2026-04,40.74667963119792,-73.97445253779192,40.74668616703319,-73.9744953785224,4,2026,3.689120362369557,True,avenue_secondary,2nd Avenue
n00076,OK,JRfca0prQB4nWzxEy4qpaA,2026-04,40.7456367475427,-73.97819252840051,40.745604626982555,-73.97822770525228,4,2026,4.64074231999467,True,avenue_secondary,3rd Avenue
n00077,OK,6_7H4KCQWq3DszNdqDrYXg,2026-04,40.74579812484885,-73.97807657678077,40.745761434667465,-73.97811109241691,4,2026,5.008311013176251,True,avenue_secondary,3rd Avenue
n00078,OK,yhrglYYmj1T2h-8CMAbqyw,2026-04,40.74596686357236,-73.97795354064685,40.74591944195726,-73.97799730330136,4,2026,6.431760148097948,True,avenue_secondary,3rd Avenue
n00079,OK,nzTmlTgRO64BVHxxmVklew,2026-04,40.74604834648191,-73.97789399543424,40.746077144535136,-73.97788278146062,4,2026,3.334263735563199,True,avenue_secondary,3rd Avenue
n00080,OK,XPyvOyT-HAMMLXB6LMC_IA,2026-04,40.7462239341864,-73.97776557858768,40.74623484698863,-73.97776825907336,4,2026,1.232439888792489,True,avenue_secondary,3rd Avenue
n00081,OK,EFOoQq4kAVLIloLqGIKVqA,2026-04,40.7463859079319,-73.97764747447083,40.74639246227128,-73.97765352936675,4,2026,0.8892631086214134,True,avenue_secondary,3rd Avenue
n00082,OK,jSbQro0Qcyqmn8v_1-J48Q,2026-04,40.74655098050566,-73.97752730771714,40.74654919360639,-73.97753673761508,4,2026,0.8205129154487825,True,avenue_secondary,3rd Avenue
n00083,OK,tkrp7HNl8Z9sTan-0tklyg,2026-04,40.74671383095578,-73.97740848603986,40.74670538345487,-73.97741868504977,4,2026,1.2731726723294845,True,avenue_secondary,3rd Avenue
n00084,OK,R2dnkktQ-xmwjd_iwwuDFg,2026-04,40.74687627929379,-73.97729002299643,40.74686157317181,-73.97730063192692,4,2026,1.8621699638267148,True,avenue_secondary,3rd Avenue
n00085,OK,yhc7dIFm5sN_a44yGen3jA,2026-04,40.74703907381765,-73.97717559533942,40.74701788379255,-73.97718286861884,4,2026,2.431236964105734,True,avenue_secondary,3rd Avenue
n00086,OK,ItA7OVlHwQzBIMKRKSmVig,2026-04,40.74719301941688,-73.97706627919912,40.74717782704806,-73.97707384971733,4,2026,1.8036330934221525,True,avenue_secondary,3rd Avenue
n00087,OK,dEhrHGTmoYZQu1KrQWjRBg,2026-04,40.74736523015302,-73.97694225597209,40.74733778316656,-73.97696486319619,4,2026,3.595490251700381,True,avenue_secondary,3rd Avenue
n00088,OK,V7N3uRpR31__-TQYucU7rw,2026-04,40.74745790370435,-73.97687553628542,40.74749773917148,-73.97685587614686,4,2026,4.7235816743485355,True,avenue_secondary,3rd Avenue
n00089,OK,3dpr9Xaw3kYy7tr8z0PkcA,2026-04,40.74767603956982,-73.97671393823875,40.74765764212587,-73.97674675546054,4,2026,3.4421371797652025,True,avenue_secondary,3rd Avenue
n00090,OK,U5KkQUrcc97LG9G9Old-Gw,2026-04,40.74783590469634,-73.97659377090181,40.74781554138748,-73.97663272902372,4,2026,3.9911466813520753,True,avenue_secondary,3rd Avenue
n00091,OK,oYiGY4tDiLuH_cmZXoAC0A,2026-04,40.74800687870117,-73.97646849188928,40.747972872410024,-73.97651732400615,4,2026,5.590164618544752,True,avenue_secondary,3rd Avenue
n00092,OK,_gNjEhXGivKelsDFUlqttA,2026-04,40.74809090124067,-73.97640562815933,40.74813030641846,-73.97640216200179,4,2026,4.384336559661355,True,avenue_secondary,3rd Avenue
n00093,OK,CAoSF0NJSE0wb2dLRUlDQWdJQ0VyNTJkcXdF,2017-06,40.74827413823243,-73.97624833422866,40.748288156949606,-73.97628799354806,6,2017,3.692375403921295,False,avenue_secondary,3rd Avenue
n00094,OK,tgNS8Vjtznfh-_ChcUzI6Q,2026-04,40.7484129433282,-73.97617417108215,40.748445731611056,-73.97617316773116,4,2026,3.640971550065814,True,avenue_secondary,3rd Avenue
n00095,OK,B5xr9zXhZocS4Mm2YqBrPA,2026-04,40.74857252463644,-73.97605839760044,40.74860310961249,-73.97605787250657,4,2026,3.395675786263574,True,avenue_secondary,3rd Avenue
n00096,OK,rsTHepaS6uRTsgh34LEYdg,2026-04,40.74872822656317,-73.97594450727547,40.74876048748796,-73.97594257673296,4,2026,3.585148694934632,True,avenue_secondary,3rd Avenue
n00097,OK,USvMY0697K7CAqFa8nIrfQ,2026-04,40.74889457143499,-73.97581851042007,40.74891817779488,-73.97582802195481,4,2026,2.740932134115949,True,avenue_secondary,3rd Avenue
n00098,OK,wtzX87DyyTrvvHyStzaIlQ,2026-04,40.74906195060399,-73.97569502445396,40.74907588384075,-73.97571350396878,4,2026,2.19698324278086,True,avenue_secondary,3rd Avenue
n00099,OK,aUaP0EBG3n31LfiVcCfPBA,2026-04,40.74922169049561,-73.9755782642301,40.74923364489835,-73.97559911645627,4,2026,2.2046733816033144,True,avenue_secondary,3rd Avenue
n00100,OK,4994o0_LX4D4dFeFhrnMGQ,2026-04,40.7494016203147,-73.97544868002771,40.74939140583181,-73.97548472839762,4,2026,3.2478447895247013,True,avenue_secondary,3rd Avenue
n00101,OK,IUEioSnyRBDJt51SrKPrcw,2026-04,40.74956621079019,-73.97533317514262,40.74954789326139,-73.97536735505592,4,2026,3.530222738357419,True,avenue_secondary,3rd Avenue
n00102,OK,S1JbtInUw6Ie6xc3HaUBtg,2026-04,40.74973426843121,-73.97521130306524,40.7497053987712,-73.97525236955867,4,2026,4.721504415686367,True,avenue_secondary,3rd Avenue
n00103,OK,HvSrXc-dammeY1KidQK21g,2026-04,40.74981692252375,-73.97515103958123,40.74986292259449,-73.975137417379,4,2026,5.234594693845295,True,avenue_secondary,3rd Avenue
n00104,OK,puz41qsd5_0Yz6AAVao2VQ,2026-04,40.74997865519183,-73.9750334719264,40.75002048043672,-73.97502254703595,4,2026,4.733948105239308,True,avenue_secondary,3rd Avenue
n00105,OK,7F-rf9k2_oLNBG6pwM0Q8w,2026-04,40.7501400357055,-73.9749160835556,40.750178843041915,-73.97490960440878,4,2026,4.342780369175406,True,avenue_secondary,3rd Avenue
n00106,OK,bVy0pzYRpSELV0LWhR2sBw,2026-04,40.75029812729137,-73.97480048867278,40.750336085597176,-73.97479399460865,4,2026,4.249454939322598,True,avenue_secondary,3rd Avenue
n00107,OK,hrOfoWm-mzQuXyf-pbn5Bw,2026-04,40.75045722154409,-73.9746839969402,40.750493162035895,-73.97467798749788,4,2026,4.022057929272385,True,avenue_secondary,3rd Avenue
n00108,OK,DsxWGUWv7NFwiKDld4xSHA,2026-04,40.75061285276131,-73.97457019547977,40.750650342222784,-73.97456222615868,4,2026,4.21592235048181,True,avenue_secondary,3rd Avenue
n00109,OK,3TQKJ0m1QhUjczhyHgO25Q,2026-04,40.75077492059101,-73.97445235843563,40.75080821555291,-73.97444810559905,4,2026,3.713635196585408,True,avenue_secondary,3rd Avenue
n00110,OK,_ejv3NUbk6OgUYkIT0JXzw,2026-04,40.75094619713475,-73.97432824384535,40.75096569612199,-73.97433304901344,4,2026,2.202363964713228,True,avenue_secondary,3rd Avenue
n00111,OK,NL8x7szoOAwMZu6hTDEE8w,2026-04,40.74782671330578,-73.98308359637221,40.74783232139179,-73.98310297518186,4,2026,1.7505806979373215,True,mid_block,East 34th Street
n00112,OK,sc4HSCw5im2V-q6dWieFlg,2026-04,40.74778508391786,-73.98295231341886,40.74774287534946,-73.98289739091182,4,2026,6.592321517432182,True,mid_block,East 34th Street
n00113,OK,lZn3WYScbMGIFhfaNoqXaw,2026-04,40.74766511840564,-73.98271422832586,40.747656929014674,-73.98268928060271,4,2026,2.29414497216073,True,mid_block,East 34th Street
n00114,OK,AqF39qP31-4seTS9SSM7Tg,2026-04,40.74757303162732,-73.98250259688442,40.74756392178129,-73.98248640460726,4,2026,1.7005143682638475,True,mid_block,East 34th Street
n00115,OK,9hu2fu1FkPnnJkX_RNMpuQ,2026-04,40.74748459935682,-73.98229706307494,40.74747351990065,-73.982281540577,4,2026,1.7973342297833617,True,mid_block,East 34th Street
n00116,OK,NBjXUrfLOLoYc4zH8oGBJQ,2026-04,40.74739157452633,-73.98208148549232,40.74738568090605,-73.98207472089801,4,2026,0.8684878732865786,True,mid_block,East 34th Street
n00117,OK,8D4WxpdrDH1Ba_xUZNAAnw,2026-04,40.74730059860294,-73.98187344034133,40.747297841545944,-73.98186790176862,4,2026,0.5588820728710958,True,mid_block,East 34th Street
n00118,OK,W2VbiE6Ye8j2sr3rUbYShQ,2026-04,40.74720128788951,-73.98164970187801,40.74721087852655,-73.98166044658856,4,2026,1.3987682008696898,True,mid_block,East 34th Street
n00119,OK,oNcoVLSc8N-OjTG0fvVk4A,2026-04,40.74710901115647,-73.98145214822073,40.74712422519607,-73.98145276493723,4,2026,1.6897846157058205,True,mid_block,East 34th Street
n00120,OK,8qkpS_wAtFPlMtItoWI0iw,2026-04,40.74703790529627,-73.98128158652486,40.74703741045787,-73.98124520001129,4,2026,3.072602145482701,True,mid_block,East 34th Street
n00121,OK,zIqgUTpCA-8ciHgJcIn98Q,2026-04,40.74696773715407,-73.98108842656663,40.74695037355031,-73.98103779687305,4,2026,4.6891875096297095,True,mid_block,East 34th Street
n00122,OK,Sie_635ejfTBw0n6UqWGXw,2026-04,40.74687692990614,-73.98087096445006,40.746862977880426,-73.98083065446164,4,2026,3.739253328919684,True,mid_block,East 34th Street
n00123,OK,LREGqAyylZCVv_MVmG3iEA,2026-04,40.74678974808803,-73.98066417344214,40.74677577192966,-73.98062337409472,4,2026,3.778001228610421,True,mid_block,East 34th Street
n00124,OK,ddMtPMixejzLPR21UZJdLw,2026-04,40.7467005085611,-73.98045245006779,40.746688565611784,-73.98041609427474,4,2026,3.343635187899475,True,mid_block,East 34th Street
n00125,OK,Zvnd4e7bMCj22cl8ytNy5w,2026-04,40.74661369101244,-73.98024610698681,40.746601358926746,-73.98020881500173,4,2026,3.433342404507853,True,mid_block,East 34th Street
n00126,OK,qC0G3TBqQ9ZcM3Q3LUEWPQ,2026-04,40.74652807050153,-73.98004182622171,40.74651415187457,-73.98000153627568,4,2026,3.7361949731642943,True,mid_block,East 34th Street
n00127,OK,PxedSVsTfAH2qmGv2lEy-g,2026-04,40.74643642682453,-73.97982857767607,40.746427157859515,-73.97979410374205,4,2026,3.0871930576270805,True,mid_block,East 34th Street
n00128,OK,lweXJwU9ljQsg785GEvnmQ,2026-04,40.74632261440679,-73.97953937353043,40.746343770090455,-73.97958418750794,4,2026,4.45332900138637,True,mid_block,East 34th Street
n00129,OK,FFfUbH0lbp8qaPRUW1-Ylw,2026-04,40.74623672796426,-73.97933482298674,40.74626783755668,-73.97936954694853,4,2026,4.5302131929489695,True,mid_block,East 34th Street
n00130,OK,p29lMy99J9TIxzs5UGglPg,2026-04,40.74614790051613,-73.97912336717621,40.74618076709182,-73.9791621700468,4,2026,4.903682368456526,True,mid_block,East 34th Street
n00131,OK,U3-BuSSgeZSFeLnvSdZlYw,2026-04,40.7460982233552,-73.97900499486522,40.7460936856503,-73.97895480139407,4,2026,4.267728214901856,True,mid_block,East 34th Street
n00132,OK,HxB0KBC6r_Iyz70nGvkaCA,2026-04,40.74600675713835,-73.97878717168737,40.74600658813563,-73.97874744469068,4,2026,3.354253582478971,True,mid_block,East 34th Street
n00133,OK,VL4DX6A6OTkeomlXswYkaw,2026-04,40.74591062050337,-73.97855822841068,40.74591949025353,-73.97854008853376,4,2026,1.820797483938499,True,mid_block,East 34th Street
n00134,OK,ZSjP5G18RlgihnIoAeMJSg,2026-04,40.74582378495286,-73.97835125556244,40.7458323776668,-73.9783327433361,4,2026,1.831113353012084,True,mid_block,East 34th Street
n00135,OK,bwNQoPS89yjdo15l9QtDxQ,2026-04,40.74562939147597,-73.97788323424928,40.74564601133677,-73.97792757616833,4,2026,4.1738162945392325,True,mid_block,East 34th Street
n00136,OK,2bTUsFPec0GPmO6KORwckg,2026-04,40.74554224214992,-73.9776772471176,40.74556043703138,-73.97771912734252,4,2026,4.072281318268991,True,mid_block,East 34th Street
n00137,OK,i1v8gtbrXqiUIM2AKKbIVg,2026-04,40.74549465770853,-73.97756353710452,40.74547441456373,-73.97751099861054,4,2026,4.972701337198814,True,mid_block,East 34th Street
n00138,OK,4oZdWtcunfl_u20E3lWqNw,2026-04,40.74540801501144,-73.97734678841545,40.74538797984482,-73.97730316551227,4,2026,4.3026524560194455,True,mid_block,East 34th Street
n00139,OK,iKTAi5twpYfDXk6vy_znRw,2026-04,40.74531697426636,-73.97712349306865,40.745300799414366,-73.97709587132209,4,2026,2.9433552893358117,True,mid_block,East 34th Street
n00140,OK,4ZTruxKVHDlG6AfyaMTxfQ,2026-04,40.74523153580456,-73.97691947801715,40.74521361861677,-73.97688857767876,4,2026,3.280734664100258,True,mid_block,East 34th Street
n00141,OK,ZOaQWic6VS39W6oXUPmnjQ,2026-04,40.74514252450766,-73.97670676407148,40.74512643745198,-73.97668128458228,4,2026,2.7959811405080015,True,mid_block,East 34th Street
n00142,OK,bH8SCIw-6VZ93dXr1a0jDA,2026-04,40.74505150063134,-73.97649315311868,40.74503925592002,-73.97647399203261,4,2026,2.1130910379435384,True,mid_block,East 34th Street
n00143,OK,36GaOIN8WtNNI0AklrwsyQ,2026-04,40.74496200042908,-73.97628815094846,40.7449519957075,-73.97626675703272,4,2026,2.120489047642259,True,mid_block,East 34th Street
n00144,OK,fxp1KAVWPpYV2nh7UEKP6A,2026-04,40.74486993798122,-73.9760773195298,40.74486466732329,-73.97605957193407,4,2026,1.608665368789372,True,mid_block,East 34th Street
n00145,OK,Wg9Mtp35wImk2gQmLu6MQw,2026-04,40.74468254253537,-73.97563476112146,40.74468918789123,-73.97564580462314,4,2026,1.1889854227558068,True,mid_block,East 34th Street
n00146,OK,m4ncSSbDDXPPzoZ09PUzwQ,2026-04,40.74459362911775,-73.97542222511062,40.74460137208404,-73.97543897684032,4,2026,1.6551173315727772,True,mid_block,East 34th Street
n00147,OK,6zAkCBSpU3M99ZZXtIStTA,2026-04,40.74450247487223,-73.97520771595362,40.74451414544424,-73.97523172499403,4,2026,2.405821225784186,True,mid_block,East 34th Street
n00148,OK,xXYoNUbMCxk1MYXtqFeRkQ,2026-04,40.74440961060124,-73.97499284784591,40.74442602769157,-73.97502513201026,4,2026,3.2790187420431196,True,mid_block,East 34th Street
n00149,OK,qpU0LeqIP4qUr-_yjOvAkg,2026-04,40.74431841507361,-73.97477699304034,40.74433881876875,-73.97481786162794,4,2026,4.127698984394385,True,mid_block,East 34th Street
n00150,OK,9NeXL0MZ2thl3t6hiCa83A,2026-04,40.7442301079505,-73.97456714642475,40.74425160947887,-73.97461059179257,4,2026,4.376499933727561,True,mid_block,East 34th Street
n00151,OK,rcxUTBgPvH3o5uYUWi3HQg,2026-04,40.7441427845518,-73.9743594518568,40.744164399821905,-73.97440332250413,4,2026,4.413497095621152,True,mid_block,East 34th Street
n00152,OK,CoUsNZWA6K3nWDxPcT1tCQ,2026-04,40.74409292499205,-73.97424089725769,40.7440770748777,-73.9741961375285,4,2026,4.16878695470582,True,mid_block,East 34th Street
n00153,OK,0-n3lsRX0CtL67oHumEUXg,2026-04,40.74400413675678,-73.97402979456074,40.74398958539641,-73.97398907276532,4,2026,3.7988780951022942,True,mid_block,East 34th Street
n00154,OK,WO7-Pl6R_dATJWUxjKIcxQ,2026-04,40.7439156506328,-73.97381922970285,40.74390209554882,-73.97378200855024,4,2026,3.484426290510863,True,mid_block,East 34th Street
n00155,OK,G5xzLLc8-W0MYiNmzOV-IQ,2026-04,40.74383572149968,-73.97362857324866,40.743814597699085,-73.97357495046165,4,2026,5.098860250281133,True,mid_block,East 34th Street
n00156,OK,xE90gPd_QSaovqkQMblltg,2026-04,40.74374498576388,-73.97341173044795,40.743727097589726,-73.97336789430413,4,2026,4.200359140549567,True,mid_block,East 34th Street
n00157,OK,cDrKhT8HX8ZpqDZrfi9clw,2026-04,40.74437564423597,-73.97283868316109,40.7443871760493,-73.9728833744543,4,2026,3.984690573998176,True,mid_block,East 35th Street
n00158,OK,CIqg5MLDMBO8arqpni1C2w,2026-04,40.74457386425447,-73.97330429542144,40.744566839488506,-73.97329394342592,4,2026,1.171382789037306,True,mid_block,East 35th Street
n00159,OK,L15CyTMg1wDO0A-ZAu9exQ,2026-04,40.74466319048756,-73.97352024155742,40.74465438991813,-73.97350096540039,4,2026,1.8982674292365973,True,mid_block,East 35th Street
n00160,OK,GLCg1IGTFaM3l3oiQYDarw,2026-04,40.74475064762085,-73.97373152417025,40.7447419399816,-73.97370798792325,4,2026,2.2098792574189634,True,mid_block,East 35th Street
n00161,OK,3pveiKT3d0EEtdaOnEFyPQ,2026-04,40.74483704600441,-73.97393482517508,40.74482948967889,-73.9739150109945,4,2026,1.8715002207750755,True,mid_block,East 35th Street
n00162,OK,iDkq1YoJB6Y0o9xDQiTBuA,2026-04,40.744928235492,-73.97414691443734,40.74491703901,-73.97412203461414,4,2026,2.4408619357132,True,mid_block,East 35th Street
n00163,OK,yIZylFnN8QAgS-5lPggu-Q,2026-04,40.74501807401323,-73.9743558647293,40.74500458797494,-73.97432905878215,4,2026,2.713662946464178,True,mid_block,East 35th Street
n00164,OK,Zj9aRWogaypQuG0wiWmSmA,2026-04,40.74510696057754,-73.9745666083562,40.745092136573675,-73.97453608349853,4,2026,3.057891106590337,True,mid_block,East 35th Street
n00165,OK,F106toC2b2kwsUMtqssyWw,2026-04,40.74519557264246,-73.97477860724419,40.74517934890097,-73.97474335215529,4,2026,3.4791439521188625,True,mid_block,East 35th Street
n00166,OK,zZUKiH74uIYXwNz4PPSEDQ,2026-04,40.74528427647184,-73.97499284784591,40.74526688764587,-73.97495038463546,4,2026,4.071932492962996,True,mid_block,East 35th Street
n00167,OK,BJwJvNaggHuYyxyAYadRlg,2026-04,40.74537063244775,-73.97520170754152,40.74535442602454,-73.97515741766401,4,2026,4.149787038538727,True,mid_block,East 35th Street
n00168,OK,Q0Rs53OUSXKwYdW0cdzbMA,2026-04,40.7455351512485,-73.97559996621254,40.74552945911546,-73.97557150307765,4,2026,2.484888091383465,True,mid_block,East 35th Street
n00169,OK,uLtLUviXUcpshqfe0L6YuQ,2026-04,40.74562371615701,-73.97581483364225,40.745616621647045,-73.97577881091334,4,2026,3.1417848007183076,True,mid_block,East 35th Street
n00170,OK,KoJdOEc-_ei8rqpzbwIUXw,2026-04,40.74567516464039,-73.97593769178931,40.74570400420709,-73.97598595882818,4,2026,5.1824878237185885,True,mid_block,East 35th Street
n00171,OK,-piZCTNJJPYO3XRrl4NcsA,2026-04,40.7457657917708,-73.97615381432473,40.745791388644086,-73.97619310565717,4,2026,4.368090357931962,True,mid_block,East 35th Street
n00172,OK,qOVBPhHAueOV8uEdj9LJyQ,2026-04,40.74585763426488,-73.97636841210412,40.74587877271442,-73.97640025303387,4,2026,3.5685124084682376,True,mid_block,East 35th Street
n00173,OK,BYmhcxgXbR30CaG22hRL9g,2026-04,40.74594702607255,-73.97657637353488,40.74596615641811,-73.97660740095827,4,2026,3.3724003864820093,True,mid_block,East 35th Street
n00174,OK,9bTYqTOub_YrMD5CsMCIUA,2026-04,40.74603757165161,-73.97678343797024,40.74604976830275,-73.97681717318035,4,2026,3.153757788623022,True,mid_block,East 35th Street
n00175,OK,10yKHxaXZaPolSPTCDlTxw,2026-04,40.74612899445155,-73.97699615183112,40.746137307244034,-73.97702415810001,4,2026,2.538302268371475,True,mid_block,East 35th Street
n00176,OK,mUD035JR0rd6EdhawMjq4Q,2026-04,40.74621541309801,-73.97720070486247,40.746226172515655,-73.97723021431108,4,2026,2.763034394228644,True,mid_block,East 35th Street
n00177,OK,ZBkMIntALvr7faUzc_eCBA,2026-04,40.74630996353875,-73.97742005434222,40.746315037424566,-73.97743627107599,4,2026,1.4805307618979415,True,mid_block,East 35th Street
n00178,OK,uzI9paD6B-nX3E789evjZA,2026-04,40.74648546912626,-73.97783947209088,40.74649001945578,-73.97785041229858,4,2026,1.052797279400289,True,mid_block,East 35th Street
n00179,OK,TK0G6Vs8ZOZHtNQAzGSA7g,2026-04,40.74657207941971,-73.97805335057784,40.74657700515777,-73.97805785158336,4,2026,0.6659127231894434,True,mid_block,East 35th Street
n00180,OK,uPotSN8x8DcK3vdDANHsIQ,2026-04,40.74665873710864,-73.97826597335782,40.74666399049205,-73.97826529141416,4,2026,0.5860383715141356,True,mid_block,East 35th Street
n00181,OK,LHNwh9u3UcnNbEVaB4ENig,2026-04,40.74675196825103,-73.97848666676651,40.74675097545859,-73.97847273179102,4,2026,1.1816857545996813,True,mid_block,East 35th Street
n00182,OK,c5_f2HvHgbqqojKVttTzGg,2026-04,40.74684002474356,-73.97869534331615,40.746837960057434,-73.97868017271392,4,2026,1.3012044997955663,True,mid_block,East 35th Street
n00183,OK,h-pJb30jgQmdAFCrqRPqmw,2026-04,40.74693135902722,-73.97891011761185,40.74692513473493,-73.97888747570585,4,2026,2.0327084210502706,True,mid_block,East 35th Street
n00184,OK,udoO96N95vD7HWyw29mqBw,2026-04,40.74701955319141,-73.97911233703213,40.747012505249664,-73.9790946365811,4,2026,1.686881016739952,True,mid_block,East 35th Street
n00185,OK,ngKWcBQzxax6lcZJtijWYA,2026-04,40.74711325098798,-73.97932836632422,40.74709983121617,-73.97930183006318,4,2026,2.690559998810668,True,mid_block,East 35th Street
n00186,OK,wlqmz-RzIXUQv9CDUSbkAQ,2026-04,40.747200856883,-73.97953228914434,40.74718723808738,-73.97950896494655,4,2026,2.4826949423377065,True,mid_block,East 35th Street
n00187,OK,Q488lbtXMon0WD1YYb2PnQ,2026-04,40.747285543652,-73.9797342388832,40.747274592203134,-73.97971613863824,4,2026,1.9528158259898656,True,mid_block,East 35th Street
n00188,OK,C-VeaCHYIkxcPQV5NcbXqg,2026-04,40.7473754803263,-73.97994874299161,40.74736196428601,-73.97992329951485,4,2026,2.6203284221071454,True,mid_block,East 35th Street
n00189,OK,aPo9mBUQbjhXeIsNNkhNlQ,2026-04,40.747464053494,-73.98016001854334,40.747449336002155,-73.98013046093912,4,2026,2.9828126252821248,True,mid_block,East 35th Street
n00190,OK,emcNdxRcv7r0RKO3vh4tpQ,2026-04,40.74755202106891,-73.98037021775826,40.747536707351586,-73.98033762291108,4,2026,3.234725734943433,True,mid_block,East 35th Street
n00191,OK,P0kWaivjxQwphlqFr0bpYw,2026-04,40.74763924300819,-73.98057835421176,40.74762407833428,-73.9805447854307,4,2026,3.296480791626954,True,mid_block,East 35th Street
n00192,OK,fI9z_Fgin-52mdhtirX6YQ,2026-04,40.74775399925056,-73.98074254959187,40.747711610154745,-73.98075183072315,4,2026,4.770609235652858,True,mid_block,East 35th Street
n00193,OK,QwHq90wqhtdue7BGHHYn6w,2026-04,40.74779141137967,-73.98095561777335,40.74779919909517,-73.98095883452392,4,2026,0.9062053759337766,True,mid_block,East 35th Street
n00194,OK,UxlG92VlS6L5pp3axNqp6g,2026-04,40.74790802438932,-73.98121997981832,40.74788593684715,-73.98116645493796,4,2026,5.141427068809538,True,mid_block,East 35th Street
n00195,OK,NGf9iHbjgmEZ2nAzutqbOg,2026-04,40.74795325590843,-73.98132776912307,40.7479721228856,-73.98137447498209,4,2026,4.465057528846586,True,mid_block,East 35th Street
n00196,OK,LxtQW1WJBumGNNS2QnbqCw,2026-04,40.7480432270545,-73.98154254047768,40.74805830855419,-73.98158249556887,4,2026,3.765991933440597,True,mid_block,East 35th Street
n00197,OK,sie_DAIVYjgD62b48M74sQ,2026-04,40.74813285696109,-73.98175650451965,40.748144493852934,-73.98179051669833,4,2026,3.148808705761323,True,mid_block,East 35th Street
n00198,OK,B0zFmBPa0_8g2EIS0S5ehw,2026-04,40.7482204164949,-73.98196544654363,40.74823067878182,-73.98199853837045,4,2026,3.0172421295844636,True,mid_block,East 35th Street
n00199,OK,RuZrY5HKjmspakcC2pgdmg,2026-04,40.74830932575771,-73.98217752694939,40.74831703322182,-73.98220643836974,4,2026,2.586565793634787,True,mid_block,East 35th Street
n00200,OK,MBRi_o7iTfo2z8NYp0RVkQ,2026-04,40.74839746495049,-73.98238790330667,40.74840378981073,-73.9824140493424,4,2026,2.3164432593789432,True,mid_block,East 35th Street
n00201,OK,wNWW1HAO94cZGYgDhdsdFQ,2026-04,40.74847530338936,-73.98257245322073,40.74849111368059,-73.98262124817609,4,2026,4.477976878174886,True,mid_block,East 35th Street
n00202,OK,qGc3fk01i0WqTFL2HY6gXA,2026-04,40.74912550354243,-73.98219752437092,40.74911587667626,-73.98216728683211,4,2026,2.767550083852546,True,mid_block,East 36th Street
n00203,OK,TVob8NQSb2LNtZMF_IizNw,2026-04,40.74902496117514,-73.98195872094554,40.74902849754329,-73.98196012556434,4,2026,0.4101088836144738,True,mid_block,East 36th Street
n00204,OK,CeMd1iqNlSbf3n9W5UaR2A,2026-04,40.74893695572402,-73.98174610224986,40.74894110204065,-73.98175297651665,4,2026,0.7407536737967113,True,mid_block,East 36th Street
n00205,OK,NjuyuSRwEngxrVw7oDsqjQ,2026-04,40.74884566872551,-73.98152577128242,40.74885369894122,-73.98154583328983,4,2026,1.9140638658980969,True,mid_block,East 36th Street
n00206,OK,uOzqdD7qFaifoAyt83UwMQ,2026-04,40.74875377039398,-73.98130804063587,40.74876629547511,-73.98133869061084,4,2026,2.937624735150082,True,mid_block,East 36th Street
n00207,OK,FDwMIs1h-5laL0SdBMtb3A,2026-04,40.74866839553771,-73.98110546482516,40.74867889164235,-73.98113154847971,4,2026,2.491459902058225,True,mid_block,East 36th Street
n00208,OK,BbED4k4_Hy0a1_2o-T1aiA,2026-04,40.74857589010886,-73.98088611954987,40.74859148744293,-73.9809244068964,4,2026,3.667072264483719,True,mid_block,East 36th Street
n00209,OK,kF6MBRMJpRABV1y452ltdA,2026-04,40.74848497429522,-73.98067054038454,40.74850408287685,-73.98071726586095,4,2026,4.479133551809121,True,mid_block,East 36th Street
n00210,OK,j_qTbaA-TW2S8PKTI9tB4w,2026-04,40.74839553454131,-73.98045845831584,40.7484166618983,-73.98051013720419,4,2026,4.953610975947121,True,mid_block,East 36th Street
n00211,OK,ycmLfsklx-lHAxyi4i4tAQ,2026-04,40.74833344165064,-73.98033757591574,40.7483292979983,-73.98030296709133,4,2026,2.957952626322406,True,mid_block,East 36th Street
n00212,OK,TDZM_7tJgzmSx93HM6ByJA,2026-04,40.74825201713219,-73.9801187678172,40.748241874060525,-73.98009584103632,4,2026,2.2393684456794385,True,mid_block,East 36th Street
n00213,OK,zlug_Gt51tu279MH5P57Qg,2026-04,40.7481606833767,-73.97990238071087,40.748154474759346,-73.9798886972814,4,2026,1.3452569950298756,True,mid_block,East 36th Street
n00214,OK,euu2X1UntJ1Umacy5IJ5pQ,2026-04,40.74807211232173,-73.97969218098439,40.74806707509152,-73.97968155407426,4,2026,1.0572173087422552,True,mid_block,East 36th Street
n00215,OK,5mgPowl6GJ6l1-XTEKJRvA,2026-04,40.74798291020699,-73.9794807255669,40.747979675057024,-73.97947441141497,4,2026,0.6427905827936344,True,mid_block,East 36th Street
n00216,OK,ovsT_VAZFELVQmYPiC_UWQ,2026-04,40.74789335512695,-73.97926891121325,40.74789227457958,-73.97926726935914,4,2026,0.1833169207273432,True,mid_block,East 36th Street
n00217,OK,nAkZCiPpxnqAZ5ZMLUqojg,2026-04,40.74780387899632,-73.97905924885015,40.747804873494566,-73.9790601280269,4,2026,0.1330369881944585,True,mid_block,East 36th Street
n00218,OK,eQMNVfd4Db7UXU7BFO1F_w,2014-08,40.74772478768283,-73.97887335042167,40.74771748426377,-73.97885297837989,8,2014,1.901513405919843,False,mid_block,East 36th Street
n00219,OK,dJiRcw8GpL5zQljlDsN2pQ,2026-04,40.74762602249915,-73.97863543962848,40.747630100351465,-73.97864582513785,4,2026,0.9868071363092106,True,mid_block,East 36th Street
n00220,OK,wePemfCF1Qq5Tis2Xhheng,2026-04,40.74753528833423,-73.9784190508527,40.747542726100896,-73.97843866507462,4,2026,1.8504519763579277,True,mid_block,East 36th Street
n00221,OK,mDaq-bknwFehoreaz7tLcA,2026-04,40.7474480738904,-73.9782104636796,40.747455351483616,-73.97823150555911,4,2026,1.951635535935475,True,mid_block,East 36th Street
n00222,OK,hqCQmBLyRyqyoYxfBndAyg,2026-04,40.74736068171306,-73.97800115886837,40.74736797649964,-73.9780243465913,4,2026,2.118614681764565,True,mid_block,East 36th Street
n00223,OK,r44hM4ZL9F4lLIFZ6xnllQ,2026-04,40.74727354884408,-73.9777963376586,40.74728060114896,-73.97781718817117,4,2026,1.9266458527943968,True,mid_block,East 36th Street
n00224,OK,518rMp6E8Do0kkS2n8kxiQ,2026-04,40.74718448549875,-73.97758748078006,40.74719324045393,-73.97761001934533,4,2026,2.13676776406405,True,mid_block,East 36th Street
n00225,OK,EOd4YXZxAHYB4cQjEiptCw,2026-04,40.7470968560698,-73.97737969979605,40.747105879478845,-73.97740285100394,4,2026,2.1963927109169052,True,mid_block,East 36th Street
n00226,OK,51eIRuPe8XWbD-Pvcd-YGw,2026-04,40.74598618534731,-73.97476757685095,40.74597086107472,-73.97475047468626,4,2026,2.2314059671594317,True,mid_block,East 36th Street
n00227,OK,pcDWcIUlS-tFsBfzPuvGRg,2026-04,40.74588583383577,-73.97457270646622,40.74587533314558,-73.97455024491457,4,2026,2.2260956530387195,True,mid_block,East 36th Street
n00228,OK,LMyv0fmBA75Ki8i0-uIQbg,2026-04,40.74580573352669,-73.97435694086755,40.74579112030298,-73.97434085638068,4,2026,2.115674163816606,True,mid_block,East 36th Street
n00229,OK,4T4fvwP9UWDyd-vEI0CPYQ,2026-04,40.74572243963544,-73.97414682475905,40.745711028774586,-73.97412867507344,4,2026,1.9882142523241892,True,mid_block,East 36th Street
n00230,OK,WwqbNpXb_bsii7cL386n8w,2026-04,40.74563198445404,-73.97393724649143,40.74562553039989,-73.97392018586727,4,2026,1.6088164355510413,True,mid_block,East 36th Street
n00231,OK,tRZpNTKlK-rBXvhXczN9_Q,2026-04,40.7455417432557,-73.973728116388,40.745539570108,-73.97371201204344,4,2026,1.3809575959934637,True,mid_block,East 36th Street
n00232,OK,4M29shBPDk2VfmxurP2mpg,2026-04,40.74544707212193,-73.9735090317349,40.74545360944577,-73.97350383876126,4,2026,0.8479032396703462,True,mid_block,East 36th Street
n00233,OK,1qqsztvkn_hcjRklaO9GYw,2026-04,40.7453589831896,-73.97330232249051,40.74536764841317,-73.97329566602076,4,2026,1.1141139652692156,True,mid_block,East 36th Street
n00234,OK,YeN_mgVxWzp2-Qw74-SQaw,2026-04,40.74526954246721,-73.97308556900104,40.74528168701025,-73.97308749382194,4,2026,1.3579842212281517,True,mid_block,East 36th Street
n00235,OK,vVpxUC3buP6WZ3EqkVWT6A,2026-04,40.74518263874711,-73.97287500311019,40.745195725236975,-73.9728793221648,4,2026,1.4978635121363992,True,mid_block,East 36th Street
n00236,OK,uKH9yEbSa7jVZLv0VOYSEA,2026-04,40.74510701129034,-73.9726870360897,40.74510974332441,-73.97267116517106,4,2026,1.3739163543464623,True,mid_block,East 36th Street
n00237,OK,MSn2Enpq-_0EP6E46Pl7gw,2026-04,40.74502672686699,-73.97248220922289,40.74502380565009,-73.97246297692227,4,2026,1.655899911028013,True,mid_block,East 36th Street
n00238,OK,v8EDKJBfKy5hXmUhE67enA,2024-09,40.74563051165143,-73.97201892663531,40.74562062572278,-73.97196418558536,9,2024,4.750403136083687,False,mid_block,East 37th Street
n00239,OK,Y_8WKrdM66DDQthvpYtpbg,2026-04,40.74572459220732,-73.97210116251476,40.745708174146,-73.97217120706722,4,2026,6.188477543207562,True,mid_block,East 37th Street
n00240,OK,9tTVIZgSddfGIJeYWE_3EQ,2024-09,40.74579701450637,-73.97237854020024,40.74579480869118,-73.97237889754692,9,2024,0.2467299788709846,False,mid_block,East 37th Street
n00241,OK,Wc3Za0uN6mxNmfmuXHkfeQ,2024-09,40.7458882134868,-73.97259439769574,40.74588144465925,-73.97258658729132,9,2024,0.9997647942120028,False,mid_block,East 37th Street
n00242,OK,pbaapGBx1ACVu1VJBN1pJw,2026-04,40.74597678614413,-73.97281034462814,40.745968562527935,-73.97279392787337,4,2026,1.6597321807361447,True,mid_block,East 37th Street
n00243,OK,EiFHAodaPkog00UcbIqGTA,2024-09,40.74604345022971,-73.97296387485798,40.74605552214384,-73.97300138253719,9,2024,3.4387205295729717,False,mid_block,East 37th Street
n00244,OK,4pNgL7y58eOF1LEMhdLY5w,2024-09,40.74614402484134,-73.9732011649139,40.74614172491678,-73.97320938451222,9,2024,0.7394687506464572,False,mid_block,East 37th Street
n00245,OK,Ea-T3kPlw5iwMHDrHOJFjw,2024-09,40.74623493098953,-73.97341603502205,40.74622794512868,-73.9734173742515,9,2024,0.7837339362279621,False,mid_block,East 37th Street
n00246,OK,25YdfkuLrcKfLecFzHSKhg,2021-05,40.74631740362523,-73.97361027882825,40.74631454208934,-73.97362509346348,5,2021,1.2905237929542157,False,mid_block,East 37th Street
n00247,OK,yG4FpFHUOJAfKk66xIgITg,2026-04,40.74640884717885,-73.9738241620169,40.74640161223056,-73.97383246936485,4,2026,1.0663328825773453,True,mid_block,East 37th Street
n00248,OK,sUqftFJ0UGLEbynhRfJ3TQ,2026-04,40.74649956729986,-73.9740345475127,40.74648931758069,-73.97403938363915,4,2026,1.2089142818980154,True,mid_block,East 37th Street
n00249,OK,iIOztCL2TLI3fy1iTxKsFg,2026-04,40.74659002256167,-73.9742446637438,40.746576985107,-73.97424632590096,4,2026,1.45413869349848,True,mid_block,East 37th Street
n00250,OK,WDFIzAGPBzCbwkLrbnKy9g,2026-04,40.74676809271338,-73.97465870773259,40.74675525063809,-73.97465802971305,4,2026,1.426809755572007,True,mid_block,East 37th Street
n00251,OK,VwCEt3ySzeNaQr0_A7GzwA,2026-04,40.74686526287564,-73.97487895689018,40.7468435678862,-73.9748644946543,4,2026,2.7003094424578107,True,mid_block,East 37th Street
n00252,OK,3XV-0O9Y5vZdwYpU1yClqw,2026-04,40.74695841186816,-73.97509265931309,40.74693188477015,-73.97507096014718,4,2026,3.4682707088044378,True,mid_block,East 37th Street
n00253,OK,d3TOtyBJVfYBInngXUgQgg,2026-04,40.74705183849609,-73.97530725827612,40.747020201289914,-73.97527742619165,4,2026,4.321980081774162,True,mid_block,East 37th Street
n00254,OK,QpAC2Gn3MrOdd5Y_COAHRQ,2026-04,40.74713887915053,-73.97552042215746,40.747114411953575,-73.97547900410615,4,2026,4.4279031579916985,True,mid_block,East 37th Street
n00255,OK,NzeZy6EPoYehbzyxVEHQzA,2026-04,40.74724186032865,-73.97570569608379,40.74722567216756,-73.97566529319056,4,2026,3.8556446079351265,True,mid_block,East 37th Street
n00256,OK,OA_b1wdPARfVAfChpaD-jA,2026-04,40.74731475191535,-73.97582667107298,40.74731504427755,-73.97587087060116,4,2026,3.731892615736659,True,mid_block,East 37th Street
n00257,OK,P8L-9dwWl-jh31TPNMqBjQ,2026-04,40.74738661673847,-73.97614000401231,40.74738786778905,-73.97608615060058,4,2026,4.548941177138112,True,mid_block,East 37th Street
n00258,OK,UB_D8QS-GzB7kc01SWa2JA,2021-09,40.74748384750266,-73.97630178189569,40.74745230045026,-73.97630612176096,9,2021,3.5213058801517674,False,mid_block,East 37th Street
n00259,OK,FNEHDjGly6ZPD5uojki8qw,2024-09,40.74757009562326,-73.97650247954641,40.747538525008586,-73.97651411261586,9,2024,3.639825266935138,False,mid_block,East 37th Street
n00260,OK,L5f9K-WS-m73QMW6cd8sxg,2026-04,40.74770343786415,-73.97691589093738,40.74771275394847,-73.9769288002764,4,2026,1.5025157220959773,True,mid_block,East 37th Street
n00261,OK,nsYw3kj9an7Zi-oobGJdrg,2026-04,40.74779255810681,-73.97712779755972,40.74780103353725,-73.977135296123,4,2026,1.1340638219552377,True,mid_block,East 37th Street
n00262,OK,9f-s2r5AUlqDpsc5xCdofA,2026-04,40.74787735892352,-73.97733477172467,40.74788930192982,-73.97734180052605,4,2026,1.4525989531064865,True,mid_block,East 37th Street
n00263,OK,tTfVbqRXDxh8u9JqxMrZdw,2026-04,40.74796458231322,-73.97754075922315,40.747977559687065,-73.97754831307097,4,2026,1.575532131434997,True,mid_block,East 37th Street
n00264,OK,FEDCn_XJlnZWCd08ZZOM-g,2026-04,40.7480601344261,-73.97776611664727,40.748065817079954,-73.97775482616728,4,2026,1.143087950593073,True,mid_block,East 37th Street
n00265,OK,9bE9azcD-Of9YcmMrElp_A,2026-04,40.74815195030043,-73.97798268551077,40.74815270559615,-73.97796234048772,4,2026,1.7197466394920995,True,mid_block,East 37th Street
n00266,OK,bk2ROnoF8P4rfxrQyWpbbw,2026-04,40.74824165843029,-73.9781945012813,40.748239560666,-73.97816987954106,4,2026,2.0917797707294525,True,mid_block,East 37th Street
n00267,OK,P_6MeCqqgDsOjjzUca_Vcw,2026-04,40.74832410012767,-73.97833125774078,40.74832694053087,-73.9783770337802,4,2026,3.8776378808659415,True,mid_block,East 37th Street
n00268,OK,oNguQykrpSpFe9NkmeTu2Q,2026-04,40.74839624509689,-73.97856432639416,40.74841383781187,-73.97858454129789,4,2026,2.5936973094816005,True,mid_block,East 37th Street
n00269,OK,yd8ECTM0DCFIPgPps82EJw,2026-04,40.74848567377641,-73.97877524476273,40.74850109785234,-73.97879178727541,4,2026,2.2096637725700177,True,mid_block,East 37th Street
n00270,OK,5bitZcu6T_TaWTBNinO94A,2026-04,40.74857526851867,-73.9789878667445,40.7485883575258,-73.97899903380018,4,2026,1.7321423946038197,True,mid_block,East 37th Street
n00271,OK,5xphdpuWsZlj7odnLn0xxg,2026-04,40.74866808134328,-73.97920829029685,40.74867561683224,-73.97920628087219,4,2026,0.8535799161153311,True,mid_block,East 37th Street
n00272,OK,VtbnMNKJ_CGXfFtFxNTLcg,2026-04,40.74876037664917,-73.97942772716245,40.74876287577165,-73.97941352849145,4,2026,1.2304486168009034,True,mid_block,East 37th Street
n00273,OK,6YdxuBl0VTJBg2F1fCCyNQ,2026-04,40.74884965965202,-73.97964241096429,40.74885013434402,-73.97962077665794,4,2026,1.8272940894600056,True,mid_block,East 37th Street
n00274,OK,BlyC9bZWbJJSM1eXcNAjlw,2026-04,40.74893938375341,-73.97985808095828,40.748937939705634,-73.97982762388146,4,2026,2.5764087752983453,True,mid_block,East 37th Street
n00275,OK,f96jbOv3WAFQTDGsBI6FWA,2026-04,40.74903588858096,-73.98006523153548,40.749026179758566,-73.98003415275701,4,2026,2.8366460596635124,True,mid_block,East 37th Street
n00276,OK,hQlfTPWKp4laxRJtl5MLtg,2026-04,40.74912395283535,-73.9802739960472,40.74911379740574,-73.98024113494378,4,2026,2.9946940912707167,True,mid_block,East 37th Street
n00277,OK,SQc65BP5vLZrzKgMXdOkyg,2026-04,40.74921343051559,-73.98048634734542,40.74919992013323,-73.98044920408778,4,2026,3.4761233641342533,True,mid_block,East 37th Street
n00278,OK,f68xvJTG804PGKiqgTFZcg,2026-04,40.7492988442709,-73.98068919283436,40.74928604249071,-73.98065727377417,4,2026,3.046620894856501,True,mid_block,East 37th Street
n00279,OK,zuWcYnLRGnsDw2Dz9IHL1A,2026-04,40.74938712153252,-73.9808984050441,40.74937216447815,-73.98086534400302,4,2026,3.2477914360014153,True,mid_block,East 37th Street
n00280,OK,SXs1NfDz070TwYV2JTfDWg,2026-04,40.74947387186457,-73.98110429904962,40.74945828609559,-73.98107341477429,4,2026,3.1293174691009917,True,mid_block,East 37th Street
n00281,OK,QCaHbTPSvujLOHo4xgD4-w,2026-04,40.74956175752089,-73.98131288308292,40.749544407342974,-73.98128148608798,4,2026,3.2766472172964525,True,mid_block,East 37th Street
n00282,OK,XOOhsEAV_Hq3lMzHXIfc_w,2026-04,40.74965090880176,-73.98152666803088,40.74963056179312,-73.98148953375036,4,2026,3.8640979543635527,True,mid_block,East 37th Street
n00283,OK,csF5JrZjDkQaDFVb5B8tIA,2026-04,40.74974022208449,-73.9817400043673,40.74971786280833,-73.98169675356391,4,2026,4.415305910152379,True,mid_block,East 37th Street
n00284,OK,zPAEp2PmVxEpouqQL_yM-Q,2026-04,40.75034538857874,-73.98123917026467,40.75034717200996,-73.98127697498454,4,2026,3.197826754000695,True,mid_block,East 38th Street
n00285,OK,Oou9vnCzxMtPZhbZaY59OA,2026-04,40.7502509168929,-73.98101552073805,40.75025949612175,-73.98107005049332,4,2026,4.701208614903482,True,mid_block,East 38th Street
n00286,OK,67Hd30XvFdQTEbtslb6m5g,2026-04,40.75020229142732,-73.98089975017118,40.75017198801297,-73.98086299713243,4,2026,4.576614818333944,True,mid_block,East 38th Street
n00287,OK,EEJ4rv2f_tDEWFIvI0eUIw,2026-04,40.75011227196624,-73.98068569550017,40.75008537241329,-73.98065527899317,4,2026,3.9385308255669704,True,mid_block,East 38th Street
n00288,OK,HjfX0EYUR5Mwz8k27XWboQ,2026-04,40.7500209272394,-73.98046868130464,40.74999875644486,-73.98044756139846,4,2026,3.039289169863741,True,mid_block,East 38th Street
n00289,OK,-ySALMcBPQ4NSK3_-AohgA,2026-04,40.74992668952754,-73.98024350639898,40.749912140107696,-73.98023984434832,4,2026,1.6445247488173484,True,mid_block,East 38th Street
n00290,OK,hl8fuJ2exVfRRU-Yjw2k4Q,2026-04,40.74983855819068,-73.98003214126346,40.74982552340178,-73.98003212784273,4,2026,1.447054791788137,True,mid_block,East 38th Street
n00291,OK,cMXcJUEu-lGfhNY_0V9I8g,2026-04,40.7497513202682,-73.97982176232757,40.749738906327146,-73.9798244118817,4,2026,1.3961675042960746,True,mid_block,East 38th Street
n00292,OK,6jYbC-WOIVeBuD86-OSJFQ,2026-04,40.74966485147889,-73.97961308700049,40.749649252692066,-73.97961895415699,4,2026,1.8011489304845285,True,mid_block,East 38th Street
n00293,OK,0oBFciNUutslp3SuqHhGgg,2026-04,40.74957696501957,-73.97942575429431,40.74955856472441,-73.97941426492895,4,2026,2.2613188846161867,True,mid_block,East 38th Street
n00294,OK,Ov0ot0PNQIQH1-PRii15uQ,2026-04,40.74948383798843,-73.97923124733254,40.74946942530723,-73.979208418146,4,2026,2.5049802874016955,True,mid_block,East 38th Street
n00295,OK,IYrM2t72m4cpyfnzfQfMWQ,2026-04,40.74939445183035,-73.97901530760736,40.74938217563693,-73.97900116160318,4,2026,1.8120966370584868,True,mid_block,East 38th Street
n00296,OK,guLGIeadrrt4HHlvQnCfNw,2026-04,40.74930497143539,-73.97880295468427,40.74929492559957,-73.97879390560759,4,2026,1.3518243980676747,True,mid_block,East 38th Street
n00297,OK,nngofH3CNfpp0uxQc4_CGA,2026-04,40.74921672725826,-73.9785934711655,40.749207673398224,-73.97858665146732,4,2026,1.1583437304397175,True,mid_block,East 38th Street
n00298,OK,DH-sR7KyXAudNbTajeiFsQ,2026-04,40.7491329506723,-73.97839474857547,40.74912040423558,-73.97837940995464,4,2026,1.90184810695068,True,mid_block,East 38th Street
n00299,OK,n2cyaulUshObA3XBwtldoQ,2026-04,40.74904286372331,-73.97818131885022,40.74903313470597,-73.97817216898925,4,2026,1.3278915110164975,True,mid_block,East 38th Street
n00300,OK,g-H7jhl2D5zHRnZcVy1BPw,2026-04,40.74895583040767,-73.97797506300833,40.74894575157654,-73.97796501116427,4,2026,1.4043317575729066,True,mid_block,East 38th Street
n00301,OK,lBgnn-GQSAYAdwphpHmgAg,2026-04,40.74887938579382,-73.97779400606738,40.74885830520097,-73.97775789971197,4,2026,3.843097932208083,True,mid_block,East 38th Street
n00302,OK,Phh_1mryAal0sj0QDf3yHw,2026-04,40.7487953431167,-73.97759501362118,40.748770982320046,-73.97755069844747,4,2026,4.6165076800558715,True,mid_block,East 38th Street
n00303,OK,FDCI2piTm616iDODzuZHkA,2026-04,40.74870651652255,-73.97738463201881,40.74868365907228,-73.97734349773049,4,2026,4.301150117664023,True,mid_block,East 38th Street
n00304,OK,yVXy1_vtENjKXjtkAOrt0Q,2026-04,40.74861632636632,-73.97717102181879,40.74859633545766,-73.97713629756103,4,2026,3.676969040415328,True,mid_block,East 38th Street
n00305,OK,MXeTYUzrzOQMczrdE3ZMrQ,2026-04,40.74852387663611,-73.97695212043993,40.74850901147621,-73.97692909793909,4,2026,2.5498013154687262,True,mid_block,East 38th Street
n00306,OK,TQQdIXxFXlfvpeRHlT6sxA,2026-04,40.74843561652203,-73.9767430832905,40.74842168008589,-73.97672190399685,4,2026,2.364548050059027,True,mid_block,East 38th Street
n00307,OK,6buAMABOPSPYPehbZd3tuA,2026-04,40.74834856003528,-73.97653296978781,40.748334334674674,-73.97651472055314,4,2026,2.2063259916813425,True,mid_block,East 38th Street
n00308,OK,-ekg0gp1kN93sn8zwT-AiQ,2026-04,40.7481612030867,-73.97608000985134,40.74815863852261,-73.97610109059273,4,2026,1.802444630765195,True,mid_block,East 38th Street
n00309,OK,gAVcr1GgLm8K_VGManLe8w,2026-04,40.74806924849765,-73.9758651427178,40.74807032073546,-73.97589462193643,4,2026,2.491737323769479,True,mid_block,East 38th Street
n00310,OK,aEZC-gv2VxNTFg9N2mJUEw,2026-04,40.74797128081916,-73.97564668824084,40.74798200258412,-73.9756881538318,4,2026,3.697701413061365,True,mid_block,East 38th Street
n00311,OK,MVZuKvCsK0PthwIwHh-sjA,2026-04,40.74787234914049,-73.97543684257374,40.74789433361816,-73.97548121106581,4,2026,4.470900506990754,True,mid_block,East 38th Street
n00312,OK,0TnJ6EhTOvMZmGUcXyE0Yg,2026-04,40.74782492104413,-73.9753136253959,40.74780714498904,-73.97527391517714,4,2026,3.890359876972996,True,mid_block,East 38th Street
n00313,OK,U9Q-e0Q-4w2tUGKWg8F2Xw,2026-04,40.74773090407102,-73.97509221092386,40.74771999928861,-73.97506658835309,4,2026,2.4789852101309027,True,mid_block,East 38th Street
n00314,OK,AxO7Q6FdTyMHnkDOaSfBdA,2026-04,40.74764207379796,-73.9748829027197,40.74763280404575,-73.97485929782813,4,2026,2.2429514576340104,True,mid_block,East 38th Street
n00315,OK,tkYlmQeseas3TstlBL0rTg,2026-04,40.74755351392616,-73.97467072459052,40.74754560602486,-73.97465200960124,4,2026,1.807594895463409,True,mid_block,East 38th Street
n00316,OK,pKM7lbgkErymgiaI6E3tyA,2026-04,40.74746578280767,-73.97445854622741,40.74745841500149,-73.9744447165659,4,2026,1.425616495188707,True,mid_block,East 38th Street
n00317,OK,Hy31hVms2gLpadMeQn2vcw,2026-04,40.74737712837477,-73.97424995475988,40.74737133914563,-73.97423734094838,4,2026,1.243877755437548,True,mid_block,East 38th Street
n00318,OK,EKP5z4E0hu5gwdXaemf4hA,2026-04,40.74720837499395,-73.97385904692533,40.74719721746698,-73.97382257285052,4,2026,3.319273897504636,True,mid_block,East 38th Street
n00319,OK,GeFx4F9_SRXYDdttGpgQEA,2026-04,40.74711716381923,-73.97364148695613,40.74711049104845,-73.97361494424143,4,2026,2.3602610465102343,True,mid_block,East 38th Street
n00320,OK,lr2YuqfJgHPDUh_oHTVSbg,2026-04,40.74702968926523,-73.97343325331751,40.74702376426156,-73.97340731617733,4,2026,2.2865264732626907,True,mid_block,East 38th Street
n00321,OK,zGpITbm_5nOQqrx7AtFYKw,2026-04,40.74694512877431,-73.97319246607725,40.74693699227827,-73.9731997212053,4,2026,1.0913844807979365,True,mid_block,East 38th Street
n00322,OK,zaFkwh_rpOSFwBUpNk5Tyg,2026-04,40.74683224341,-73.97296243999658,40.74685024088089,-73.97299211358563,4,2026,3.204486257391022,True,mid_block,East 38th Street
n00323,OK,NJEDwyTyORq03oa9CMNfqg,2026-04,40.74674342118172,-73.97274685195057,40.74676348957118,-73.9727845040723,4,2026,3.881937156472102,True,mid_block,East 38th Street
n00324,OK,BcRW1maDJMyO4VZrkdS0gA,2026-04,40.74669623244488,-73.97263224223381,40.74667671721422,-73.97257691004454,4,2026,5.149626664493606,True,mid_block,East 38th Street
n00325,OK,4z4wWSo7BAF49tn4v_84MQ,2026-04,40.74660852000622,-73.97241916483256,40.74658994448903,-73.97236931656197,4,2026,4.686771663577632,True,mid_block,East 38th Street
n00326,OK,0fhdGwguCxWvG0vuCDQ0Mg,2026-04,40.74652098332754,-73.97220626655383,40.74650318015622,-73.97216171729539,4,2026,4.248976751340241,True,mid_block,East 38th Street
n00327,OK,KTxs1xu7P79OxpHyTCjrFQ,2026-04,40.74643352364655,-73.97199444419114,40.74641644484005,-73.9719540973446,4,2026,3.898614097063439,True,mid_block,East 38th Street
n00328,OK,2V-4KGV_NGzd0fp9CcptLA,2024-09,40.7462263345716,-73.97147950502847,40.74624311694407,-73.97153875542632,9,2024,5.338247444108933,False,mid_block,East 38th Street
n00329,OK,dY1xfHLB0igeYnh2NH5XLQ,2026-04,40.74701151233113,-73.97141233505009,40.74701642543242,-73.9714238389094,4,2026,1.1139393068659766,True,mid_block,East 39th Street
n00330,OK,wlETha9wvl5doZsAsQJAXA,2026-04,40.74710193607494,-73.97162326125861,40.747103500703595,-73.97163121453285,4,2026,0.6935965285369649,True,mid_block,East 39th Street
n00331,OK,UBm3DmV9PTWtpjQqV6gSwA,2026-04,40.7471902518008,-73.97182943422976,40.747190583398115,-73.971838585044,4,2026,0.7734787045244123,True,mid_block,East 39th Street
n00332,OK,cQsrusG29t0zFks8Fb69Kw,2026-04,40.7472805100177,-73.97203973222646,40.7472777138799,-73.97204592112861,4,2026,0.6077756881688658,True,mid_block,East 39th Street
n00333,OK,Zl2mjfdT4gHLnJCFhvv_Mg,2026-04,40.74737122216337,-73.97225110614347,40.747364826451005,-73.97225327050599,4,2026,0.733157601978341,True,mid_block,East 39th Street
n00334,OK,YQPalxa6UulpdpK99yEW_g,2026-04,40.74746707142425,-73.97247476586068,40.74745193865476,-73.97246062042998,4,2026,2.061215377739339,True,mid_block,East 39th Street
n00335,OK,loz-gWScg87ub8lQhZxTcw,2026-04,40.7475445314162,-73.97265600716504,40.74753904507017,-73.97266797483269,4,2026,1.1797952685817013,True,mid_block,East 39th Street
n00336,OK,4k_uZ5VmD03qBOWYKEO64g,2026-04,40.74762655624048,-73.97285240403156,40.74762625279207,-73.9728752556414,4,2026,1.9296399318864423,True,mid_block,East 39th Street
n00337,OK,W5VoDVjRnXMxz6bPc7TrSQ,2026-04,40.74771881189572,-73.97308314767398,40.74771357892216,-73.97308245076941,4,2026,0.5839100697293017,True,mid_block,East 39th Street
n00338,OK,TvI6ZgEzA-JgB6LFtzdNfA,2026-04,40.74780269667497,-73.97329317526504,40.74780090468543,-73.97328964644494,4,2026,0.3582477369873523,True,mid_block,East 39th Street
n00339,OK,bQSHiMD5gT2Ze65garVK1g,2026-04,40.74796733228061,-73.97369170692139,40.74797554243423,-73.97370404865717,4,2026,1.3843775490556751,True,mid_block,East 39th Street
n00340,OK,vV-IDRwBBGArKTznJUpVWw,2026-04,40.748057749729,-73.97390209256199,40.7480629014893,-73.97391122090103,4,2026,0.9597210615405354,True,mid_block,East 39th Street
n00341,OK,1509MpyQJo9sLNagkEdZwA,2026-04,40.74815023797291,-73.97411803802723,40.7481502597037,-73.97411839404462,4,2026,0.030154717775314,True,mid_block,East 39th Street
n00342,OK,j1WAHka9HvGKnWsWheUpeA,2026-04,40.74823878801048,-73.97432483607368,40.74823757256656,-73.97432560052057,4,2026,0.1495737144953207,True,mid_block,East 39th Street
n00343,OK,uR3WhHAKv5EnihkZQLO8zw,2026-04,40.74832741296394,-73.97453163389793,40.748324897148095,-73.97453279873656,4,2026,0.2961020016354787,True,mid_block,East 39th Street
n00344,OK,6sO8CszOd-SLZPAzyY9-sA,2026-04,40.74841704707676,-73.97474076312818,40.74841225017853,-73.97473997650059,4,2026,0.5366524012045544,True,mid_block,East 39th Street
n00345,OK,8TA-CXCC3fseYRw-0BaBUQ,2026-04,40.74851176127452,-73.97497186321819,40.748499579317354,-73.97494717189274,4,2026,2.4848874972507384,True,mid_block,East 39th Street
n00346,OK,OUMBBGXOivSzwY6zi0VRQg,2026-04,40.74857363025652,-73.97509750191665,40.748588158870234,-73.97515344152526,4,2026,4.990686909103385,True,mid_block,East 39th Street
n00347,OK,opjfYayJ7gbp-eiWUBaXXg,2026-04,40.74866208342822,-73.97530734795386,40.74867764841331,-73.97535903754704,4,2026,4.693687123763514,True,mid_block,East 39th Street
n00348,OK,WI2cHrfffmnMEw9993ZzIg,2026-04,40.74875704742785,-73.9755253544279,40.74876713759531,-73.97556463412525,4,2026,3.500371583968826,True,mid_block,East 39th Street
n00349,OK,PAu6bUuRyaiaGFdivT6Ifw,2026-04,40.74893456438142,-73.9759371537246,40.74894245782629,-73.975978459407,4,2026,3.595750928329189,True,mid_block,East 39th Street
n00350,OK,eFgyJqiHn092lgdBFisDyg,2026-04,40.74903021461135,-73.9761600020618,40.74902667066133,-73.97618787458894,4,2026,2.3858697084640768,True,mid_block,East 39th Street
n00351,OK,HSkmkdufklVTtz37pF4zwg,2026-04,40.7491262580747,-73.97638509207192,40.749112973510485,-73.97639581168275,4,2026,1.7303364732685358,True,mid_block,East 39th Street
n00352,OK,mnBrL2p0HDMB_izi6y59yw,2026-04,40.74921326634922,-73.97659646121615,40.749199509656776,-73.97660358384991,4,2026,1.641324509610549,True,mid_block,East 39th Street
n00353,OK,zytsFOT5_T2v27qaymZN6Q,2026-04,40.74930614467365,-73.97682262684002,40.74928604543417,-73.9768113565613,4,2026,2.425726146923226,True,mid_block,East 39th Street
n00354,OK,pg0q2eymrBHe0YkTCV9Ssw,2026-04,40.74939346005329,-73.97703085681054,40.74937295508637,-73.9770188560249,4,2026,2.491656166946514,True,mid_block,East 39th Street
n00355,OK,Szij9PTocfNQ69EAjp9dQQ,2026-04,40.74948203409372,-73.97724052138514,40.7494615956887,-73.9772250894292,4,2026,2.6164258964048246,True,mid_block,East 39th Street
n00356,OK,kOJmCPU6jeyhiUX5eTNCoQ,2026-04,40.74953235298041,-73.97745153088236,40.74955018660237,-73.97743135996699,4,2026,2.6114534531582314,True,mid_block,East 39th Street
n00357,OK,qV6nwTrjw62pdtPGtyhpHQ,2026-04,40.74964833282673,-73.97763070493583,40.7496406565544,-73.97763621509277,4,2026,0.970889277514778,True,mid_block,East 39th Street
n00358,OK,3gzCPMaYcjz180GhxCOmJw,2026-04,40.749739787466,-73.97784951586581,40.74973119676651,-73.97784101756775,4,2026,1.1934466743380767,True,mid_block,East 39th Street
n00359,OK,l2g5WZhYA2G978tYiGM8hA,2026-04,40.74982750596783,-73.97805953825379,40.749821736620405,-73.9780458206034,4,2026,1.3234386551794444,True,mid_block,East 39th Street
n00360,OK,HsZmA3lPFbdYP-K4VSOzIw,2026-04,40.74991489596671,-73.9782688430015,40.74990871645402,-73.97825293732488,4,2026,1.5079416714388665,True,mid_block,East 39th Street
n00361,OK,jpXGHRUVRp6u23-yqC2MTQ,2026-04,40.75000278872522,-73.97847850622645,40.74998221688411,-73.9784688900733,4,2026,2.423789916967244,True,mid_block,East 39th Street
n00362,OK,lWxmqxObR63qYv5QR6kt9A,2026-04,40.75009113432417,-73.97868870727982,40.75006970131334,-73.97867597727085,4,2026,2.6108495959207447,True,mid_block,East 39th Street
n00363,OK,rM5tF0ar33DAemL55kZRxw,2026-04,40.75018048896357,-73.97890123968119,40.750157545572755,-73.97888280005343,4,2026,2.98514208458683,True,mid_block,East 39th Street
n00364,OK,ltK12NjeKyfU-fdmY-eB-A,2026-04,40.75026831303143,-73.97911520666317,40.750245948206654,-73.97908921247948,4,2026,3.3137019742586658,True,mid_block,East 39th Street
n00365,OK,wg9UJYpF68BxIJk1E8u9Fg,2026-04,40.75035508218865,-73.97934298349047,40.750334036272825,-73.97929585236598,4,2026,4.614314514656151,True,mid_block,East 39th Street
n00366,OK,SSfEaSTGjN1dnLSv1lEXcg,2026-04,40.75043672890182,-73.97955964025371,40.75041904846981,-73.97950471341325,4,2026,5.035523527265688,True,mid_block,East 39th Street
n00367,OK,1vl6tFP4CKAxCrJVn5WCEg,2026-04,40.75047513930747,-73.97966769951665,40.7505040602939,-73.97971357499821,4,2026,5.030800535703089,True,mid_block,East 39th Street
n00368,OK,SyyqH1AyhMlfMNwuu6h9yg,2026-04,40.75057057111085,-73.9798927854212,40.75058957933229,-73.97992207349635,4,2026,3.250686805014137,True,mid_block,East 39th Street
n00369,OK,chh9d0sDHNuBbwbqqYnJ2Q,2026-04,40.75065789995304,-73.98009850115285,40.7506769391651,-73.98012925356856,4,2026,3.347856045723003,True,mid_block,East 39th Street
n00370,OK,X1RRvFqMHxD0c3d0kZHGiA,2026-04,40.75074854761253,-73.98031219777609,40.7507643215516,-73.98033641735495,4,2026,2.6921128258223934,True,mid_block,East 39th Street
n00371,OK,OEQLMuyRWj2XdX5h4n5imQ,2026-04,40.75083518130415,-73.98051620922793,40.7508519561247,-73.98054339726596,4,2026,2.9557801353900177,True,mid_block,East 39th Street
n00372,OK,zpPPMlgKCF5gXjtYGRWDBA,2026-04,40.75093955725168,-73.98076182976111,40.75093739194098,-73.98075195267202,4,2026,0.8678294911943562,True,mid_block,East 39th Street
n00373,OK,DKSWWfMx4OX1dvIuFi1PzQ,2026-04,40.75159465895084,-73.98035640774864,40.75159081680261,-73.98037501335884,4,2026,1.6276456912276964,True,mid_block,East 40th Street
n00374,OK,ziiG4BAQ78YYiEb4QCUpng,2026-04,40.75150586860398,-73.9801478226774,40.751510239082435,-73.98016353385938,4,2026,1.4123593228230402,True,mid_block,East 40th Street
n00375,OK,7kxoJhwVk8D-RAlIVr1ltw,2026-04,40.75141721986953,-73.97994129991828,40.75142379886934,-73.97995568795695,4,2026,1.417369196708075,True,mid_block,East 40th Street
n00376,OK,v6lDbV13dO6K1ZtcAnqWhQ,2026-04,40.75132720668434,-73.97973101055868,40.75133760358284,-73.97974766388462,4,2026,1.819036401761361,True,mid_block,East 40th Street
n00377,OK,TQB7L8CQnGTtXXesRSnnrg,2026-04,40.75123930167836,-73.97951964485968,40.75125140792648,-73.97953964035511,4,2026,2.157773699644112,True,mid_block,East 40th Street
n00378,OK,xbQgdq-LcXcZWL0n8DxuIg,2026-04,40.75115070501508,-73.97930818925242,40.75116521190027,-73.97933161736842,4,2026,2.550643713733973,True,mid_block,East 40th Street
n00379,OK,w9nhDa7KR0Yaed2b_OyxYQ,2026-04,40.75106116507885,-73.97909646438467,40.75107901550422,-73.9791235949245,4,2026,3.0287520301405384,True,mid_block,East 40th Street
n00380,OK,MznzULp1RNKIaN76INwuZA,2026-04,40.75096862871422,-73.97888169029713,40.75099281873832,-73.97891557302341,4,2026,3.923568310676607,True,mid_block,East 40th Street
n00381,OK,3U3MsXOqGsdLQ0bO7H5yrg,2026-04,40.75087199116243,-73.97867095139766,40.75090423703946,-73.9787093149005,4,2026,4.82751084803224,True,mid_block,East 40th Street
n00382,OK,GlGDWEKb4yUoSSMokAiYlw,2026-04,40.75078931818715,-73.97845716327389,40.750815004486554,-73.9785035219436,4,2026,4.842473115359467,True,mid_block,East 40th Street
n00383,OK,ZCulNTU7DtFLav_SpTEoWw,2026-04,40.75070188039214,-73.97824857614215,40.75072771227334,-73.97829630821866,4,2026,4.946017482669821,True,mid_block,East 40th Street
n00384,OK,Q8IX8sdzcp3MtyCeUZ1HxQ,2026-04,40.75065640915864,-73.97814123349305,40.750639078167374,-73.97809006603624,4,2026,4.728924866586257,True,mid_block,East 40th Street
n00385,OK,PUVMjI75llwrd8G_vVfpzg,2026-04,40.75056496103244,-73.97792511319074,40.75055044369802,-73.97788382440685,4,2026,3.840361534134783,True,mid_block,East 40th Street
n00386,OK,yfvxWgikmcUB-JdGdF8HvA,2026-04,40.75047332342706,-73.97770872361565,40.750461808865275,-73.97767758333046,4,2026,2.9233309553789324,True,mid_block,East 40th Street
n00387,OK,-S4XuA0uAwWSqEkK8MRnSA,2026-04,40.75038581162697,-73.97750174985313,40.75037324180074,-73.97747129226502,4,2026,2.9256401431237165,True,mid_block,East 40th Street
n00388,OK,P7WOnQdA-NN37-v_LXgpJw,2026-04,40.75029792141823,-73.97729423780694,40.750285518678126,-73.97726437955902,4,2026,2.8723333595593963,True,mid_block,East 40th Street
n00389,OK,sZbbetq0QzQLbTXe2BIyIw,2026-04,40.75020639591028,-73.97707811655283,40.750197864115506,-73.97705741632505,4,2026,1.987797974142709,True,mid_block,East 40th Street
n00390,OK,YPSghTEif3NaEq9st4lwzQ,2026-04,40.75012833810072,-73.9768947271654,40.75011039927708,-73.97685031518996,4,2026,4.245580329150076,True,mid_block,East 40th Street
n00391,OK,2IwsssJx9MayFsuMQsmZ4Q,2026-04,40.75004221300645,-73.97669116025676,40.750022854519415,-73.97664327204171,4,2026,4.578707392339579,True,mid_block,East 40th Street
n00392,OK,2mTdlKx51TNELZiqZeUNSA,2026-04,40.74995290590378,-73.97647952218499,40.74993530939549,-73.97643622944194,4,2026,4.144325382855924,True,mid_block,East 40th Street
n00393,OK,Nr3XTL639QGUmGzFh4aH1Q,2026-04,40.749863750111,-73.97626842194418,40.74984776390529,-73.97622918739066,4,2026,3.7578986004388497,True,mid_block,East 40th Street
n00394,OK,WKiZa2kzddydzbag6a6TGQ,2026-04,40.74977435391297,-73.97605669372993,40.749760218048806,-73.97602214588787,4,2026,3.3121197839363457,True,mid_block,East 40th Street
n00395,OK,dqNxDHwat_3-mnos3KFo-Q,2026-04,40.74968195288739,-73.975837611728,40.74967267079803,-73.97581510568521,4,2026,2.1615380789926686,True,mid_block,East 40th Street
n00396,OK,sa_gRBBemBcuXKPrz7UHuw,2026-04,40.74959239115549,-73.97562525529645,40.74958512212216,-73.97560806680518,4,2026,1.6604499426764607,True,mid_block,East 40th Street
n00397,OK,k9Zx02dmno_pvESvLV7i3g,2026-04,40.7494228301788,-73.97522807281115,40.749410096908704,-73.97519393718214,4,2026,3.2099786410399167,True,mid_block,East 40th Street
n00398,OK,zfaY2gpFzOs-EUtrTBZOqQ,2026-04,40.74933959322721,-73.9750321267583,40.74932259049928,-73.97498686825121,4,2026,4.261837441986036,True,mid_block,East 40th Street
n00399,OK,-z67RVnqz7-j7AxtHUVoSQ,2026-04,40.74925008265529,-73.97482120428529,40.749235083723505,-73.97477979986861,4,2026,3.871978587200476,True,mid_block,East 40th Street
n00400,OK,2ToVKP8mgKYgnghv-Y1Q8Q,2026-04,40.74916106419192,-73.97461162675212,40.74914705605175,-73.97457311725782,4,2026,3.604030007867688,True,mid_block,East 40th Street
n00401,OK,VHLVCBVPHGZSZCqwoOsbUQ,2026-04,40.74904213871502,-73.97432842320177,40.74905875789434,-73.97436663631406,4,2026,3.716523253737618,True,mid_block,East 40th Street
n00402,OK,qo3itGneIffjWuppasHCZg,2026-04,40.74895310012714,-73.97411552703483,40.748971431022326,-73.97415943750278,4,2026,4.229063775921018,True,mid_block,East 40th Street
n00403,OK,yQGJCDk90s5onlv-Dvk8Mw,2026-04,40.74886585313391,-73.97390675583871,40.748884096249874,-73.97395224472949,4,2026,4.341807097727781,True,mid_block,East 40th Street
n00404,OK,3iAToWk61vyMntTeJVlx-g,2026-04,40.74881961670457,-73.97379618234284,40.74879679035178,-73.9737450311975,4,2026,5.007156126866671,True,mid_block,East 40th Street
n00405,OK,s6IAMFof02aPJv8rkHKpZg,2026-04,40.74872748424299,-73.9735758422675,40.74870947670662,-73.97353782359038,4,2026,3.7814654076907024,True,mid_block,East 40th Street
n00406,OK,CjF4g70oaRhbRhmsjs9OLg,2026-04,40.7486342152598,-73.97335281158024,40.748622342373295,-73.97333049120697,4,2026,2.2996763959213795,True,mid_block,East 40th Street
n00407,OK,QASl4v8S3GUEg7b73G7hIA,2026-04,40.74845526787909,-73.97292145676349,40.748452741050926,-73.972912512633,4,2026,0.805556703315939,True,mid_block,East 40th Street
n00408,OK,qfiYYrRWKCOIDDoocVhhWQ,2026-04,40.7483646366666,-73.97270533059785,40.74836553582995,-73.97270522720032,4,2026,0.1002015315489917,True,mid_block,East 40th Street
n00409,OK,v0fcbV6MgAOt5De1-xzj2A,2026-04,40.74827491376056,-73.97249135648691,40.74827833024185,-73.97249794231469,4,2026,0.6730711010241816,True,mid_block,East 40th Street
n00410,OK,lIYgiRT6Waj0ytwcBfxzRg,2026-04,40.74815308649116,-73.97232096620333,40.74819090975616,-73.97229081445388,4,2026,4.910355656276283,True,mid_block,East 40th Street
n00411,OK,xiODofxrgid2mjB_Nm8e9Q,2026-04,40.74810826011689,-73.97209084940204,40.74810343490579,-73.97208372645589,4,2026,0.8053584257635031,True,mid_block,East 40th Street
n00412,OK,zmraGEvhPJHuTQy_R23n5A,2026-04,40.74802189723728,-73.97188037210249,40.748016049597744,-73.97187657331237,4,2026,0.7240818721470196,True,mid_block,East 40th Street
n00413,OK,kInWtj5iJX4GwvD2uFG40Q,2026-04,40.7479344264046,-73.97167536501857,40.74792866392306,-73.97166942071664,4,2026,0.8130917437832057,True,mid_block,East 40th Street
n00414,OK,hBRFOjLat_mgo2n3Q0R6eA,2026-04,40.74784646352822,-73.97146955060057,40.74784127788176,-73.97146226866869,4,2026,0.8422585767542856,True,mid_block,East 40th Street
n00415,OK,UQ9dbMIxexx5DUGKU5CM2w,2026-04,40.74775478831765,-73.97126095589407,40.74775390501881,-73.97125510729136,4,2026,0.5034351072379466,True,mid_block,East 40th Street
n00416,OK,iBfjzNckTRLrw67StkRXmQ,2026-04,40.747643210337,-73.97100088479131,40.74766654321124,-73.97104793813267,4,2026,4.742555876364133,True,mid_block,East 40th Street
n00417,OK,f6xF35NNYXgiTrXzBI1xHQ,2026-04,40.75224352932342,-73.97996344978627,40.7522046513932,-73.97992980176923,4,2026,5.166967362287876,True,mid_block,East 41st Street
n00418,OK,LsbiJr1q_XVEaUFJS53Q1w,2026-04,40.75212223511866,-73.97967406649208,40.75211954476341,-73.97972111204957,4,2026,3.982965922012194,True,mid_block,East 41st Street
n00419,OK,_gJuQQh53nXMXVsO3AqLJw,2026-04,40.75203865996285,-73.97947991848471,40.75203481414759,-73.97951210503903,4,2026,2.750642132822343,True,mid_block,East 41st Street
n00420,OK,Fu1X1KHu9SZUacNqSUd7xQ,2026-04,40.75194899023506,-73.97927204986964,40.75194855429131,-73.97930412537502,4,2026,2.708367002069319,True,mid_block,East 41st Street
n00421,OK,kVPsP_zbhQaHWlACovLAlA,2026-04,40.75185879032456,-73.97906310491791,40.751862149120434,-73.97909625111289,4,2026,2.823063496692718,True,mid_block,East 41st Street
n00422,OK,Hy_Q9B9xj6PAzT07T2WGbg,2026-04,40.75176971302352,-73.97885676034574,40.75177473147663,-73.97888910959259,4,2026,2.7872984007633343,True,mid_block,East 41st Street
n00423,OK,u1rnPjRS1493VicEoQTPQA,2026-04,40.75167893151077,-73.97864638012372,40.7516873134662,-73.9786819686203,4,2026,3.1453221508173375,True,mid_block,East 41st Street
n00424,OK,xZsCrE8PEyFjB4xn48nP6w,2026-04,40.75158775782467,-73.97843483387979,40.75159989508912,-73.97847482819598,4,2026,3.635410291221416,True,mid_block,East 41st Street
n00425,OK,03adPYSS-9RFJd85ta395A,2026-04,40.75149706550049,-73.97822561898914,40.751512633518985,-73.97826757829382,4,2026,3.9415043595981336,True,mid_block,East 41st Street
n00426,OK,BL3VgrHdbgW5Uwf8UEJtbQ,2026-04,40.75141728092979,-73.97804438293117,40.75142541734064,-73.97806029110103,4,2026,1.61852868228557,True,mid_block,East 41st Street
n00427,OK,F_PbT_aIoyeIdXG1XDCC3A,2026-04,40.75132706135921,-73.97783319473128,40.7513334732162,-73.97785684151502,4,2026,2.119472985746783,True,mid_block,East 41st Street
n00428,OK,Mqy-oaNO16Slnzv1iwgakg,2026-04,40.75123685198056,-73.97762101985613,40.75124786146255,-73.97764840157478,4,2026,2.614906330454265,True,mid_block,East 41st Street
n00429,OK,ACyyWiJj0A3-qGo5rEarlg,2026-04,40.75114804232499,-73.97741180408013,40.751162249337554,-73.97743996217483,4,2026,2.852858631242331,True,mid_block,East 41st Street
n00430,OK,4IknqOIoaSLO4JJPls20WA,2026-04,40.7510533511274,-73.97718877783943,40.751076636841205,-73.97723152331518,4,2026,4.43912715204027,True,mid_block,East 41st Street
n00431,OK,SMbGA6BmvAl2Qe0r8wa7EA,2026-04,40.75096326554647,-73.97697642289944,40.75098801307848,-73.97702527917103,4,2026,4.9559036484678005,True,mid_block,East 41st Street
n00432,OK,XN_xOV9DKAh6v0mBoRj1Kg,2026-04,40.75087693340736,-73.97676926899476,40.75089982707658,-73.97681870881219,4,2026,4.88685817945934,True,mid_block,East 41st Street
n00433,OK,hfl9j9pgRcy2lea3cz79AQ,2026-04,40.75083486845502,-73.97666999646006,40.75081354259924,-73.97661075876836,4,2026,5.533222078677561,True,mid_block,East 41st Street
n00434,OK,Yff6alT0fN-bJ0_MG0pcng,2026-04,40.75073649240545,-73.97644598290988,40.75072803366637,-73.97640225234197,4,2026,3.809518880440017,True,mid_block,East 41st Street
n00435,OK,FAexfmTQdeaPd4s5uUXLsg,2026-04,40.75063294328798,-73.97619775622132,40.75064066721867,-73.9761950771158,4,2026,0.8868012567980822,True,mid_block,East 41st Street
n00436,OK,er3fzhhfFBlUYgxmA5d6rw,2026-04,40.75054405737938,-73.97598324792901,40.750553300404206,-73.97598790243741,4,2026,1.0987837669614224,True,mid_block,East 41st Street
n00437,OK,ElsCnyZMOhwKw9E0JYfEPQ,2026-04,40.75045354248294,-73.97576470390862,40.75046593322301,-73.97578072830676,4,2026,1.9293562601948784,True,mid_block,East 41st Street
n00438,OK,SHL2ZxrG5cfx_6YpUGIgFg,2026-04,40.75036792426155,-73.97555781773198,40.75037856567507,-73.9755735547239,4,2026,1.7778639246438517,True,mid_block,East 41st Street
n00439,OK,jbsXwpqy70FGNe-u8iRcIg,2026-04,40.75027912159191,-73.9753481513234,40.75029143898299,-73.97536620643352,4,2026,2.0477718951880344,True,mid_block,East 41st Street
n00440,OK,OpVDVXWCP3ZSYWzw4SF2Lg,2026-04,40.75019141408456,-73.97513982985369,40.75020455627785,-73.97515868115863,4,2026,2.1590791080723615,True,mid_block,East 41st Street
n00441,OK,FYZvaFUdKE7MZaioJsn_6A,2026-04,40.75002126144583,-73.97472946369874,40.75002738010458,-73.97474613468793,4,2026,1.562807362719184,True,mid_block,East 41st Street
n00442,OK,alyyCGTb0ZDhsQ5FmDfXpg,2026-04,40.74993284653286,-73.97451988606564,40.74993977518317,-73.97453913614751,4,2026,1.7980449213918646,True,mid_block,East 41st Street
n00443,OK,66tEhwNdMIRA0us4zyU9-w,2026-04,40.74984520083493,-73.97431201209028,40.74985221493676,-73.97433210496449,4,2026,1.8665477381665183,True,mid_block,East 41st Street
n00444,OK,9rZJuwIL2XiMHVRsWEwO2A,2026-04,40.74971312899729,-73.97409759137395,40.74976466977066,-73.9741250631456,4,2026,6.174002568263357,True,mid_block,East 41st Street
n00445,OK,S8PKgbBFFZ1fH_fZHbHZZA,2026-04,40.74969455748176,-73.97395410602675,40.749676984011735,-73.97391812465321,4,2026,3.610295974788991,True,mid_block,East 41st Street
n00446,OK,XL_mEX_HHuq58PB6cqY9vA,2026-04,40.74960635420656,-73.9737444378708,40.74959017961049,-73.97371054551195,4,2026,3.3781654960837915,True,mid_block,East 41st Street
n00447,OK,aM9X_AsLmrWxwfc77mGwyA,2026-04,40.74952117938091,-73.97354176441483,40.74950353228593,-73.9735028524032,4,2026,3.825011926027888,True,mid_block,East 41st Street
n00448,OK,SVUWrT2pkCkWOToNfsQm2Q,2026-04,40.74943340408049,-73.97333299259633,40.74941687696374,-73.97329516534218,4,2026,3.683162607448934,True,mid_block,East 41st Street
n00449,OK,Id-qD_10RUmNPQhKs1OE9g,2026-04,40.74934485858861,-73.97312251665491,40.74933020020626,-73.97308749403057,4,2026,3.3750741874631913,True,mid_block,East 41st Street
n00450,OK,bfLzUA0kOYrH1vVm3iuj9g,2026-04,40.7492611964859,-73.97291670378404,40.74924292092715,-73.97288026982194,4,2026,3.6848566725986314,True,mid_block,East 41st Street
n00451,OK,cPp-1FwaDhF1OOLLaM0bqw,2026-04,40.7490844110709,-73.97249261199372,40.74906572826099,-73.9724677617973,4,2026,2.950176328157778,True,mid_block,East 41st Street
n00452,OK,6rf8e_m_Too8QiGShaKAvg,2026-04,40.74899552706471,-73.97228348032071,40.74897797687974,-73.9722608733864,4,2026,2.727442400762315,True,mid_block,East 41st Street
n00453,OK,tmtI9BbP_ghkkrlk_gmMDg,2026-04,40.74890635167763,-73.97207336194876,40.7488902251328,-73.97205398552485,4,2026,2.425143559168063,True,mid_block,East 41st Street
n00454,OK,cwdcZ3GmZ_tXKjUkvBEi0w,2026-04,40.74881211463921,-73.97185149535234,40.7488024730202,-73.97184709821263,4,2026,1.132915850938875,True,mid_block,East 41st Street
n00455,OK,0ciedRCL316QVGkArLB5LA,2026-04,40.74872112060422,-73.97163707189516,40.74871472061981,-73.97164021139263,4,2026,0.7583264787665036,True,mid_block,East 41st Street
n00456,OK,7CmGe1MeobkMVpIEeHdNpA,2026-04,40.74863224738217,-73.97142802897237,40.74862696791776,-73.97143332507504,4,2026,0.7371882190206501,True,mid_block,East 41st Street
n00457,OK,fbgkykDIxl8fOz5BGCkmpg,2026-04,40.74855460674699,-73.97124499291927,40.74853921485001,-73.97122643930679,4,2026,2.3180850920045417,True,mid_block,East 41st Street
n00458,OK,FzJSA6avzuNEYNxDNpyyBQ,2026-04,40.74846720737767,-73.97103837092364,40.74845133106616,-73.97101965057207,4,2026,2.3673826209944164,True,mid_block,East 41st Street
n00459,OK,mNbS0r_aFkGh7BbNhrsg5g,2017-11,40.74838304690601,-73.9708370398162,40.74836328310489,-73.97081298799294,11,2017,2.98957244949037,False,mid_block,East 41st Street
n00460,OK,TXqKzQiBZkOMYwRWyHeBHg,2026-04,40.75286461299805,-73.97939876186925,40.75287307971193,-73.97942605064202,4,2026,2.4881545978283968,True,mid_block,East 42nd Street
n00461,OK,f7D_IMdlIjWItkwGRHVf0A,2026-04,40.75276969421768,-73.9791852435825,40.75278316484728,-73.97922076980952,4,2026,3.3513673908725927,True,mid_block,East 42nd Street
n00462,OK,OHaqv5nJ8YdTFRFXHUTiwQ,2026-04,40.75267568813727,-73.9789696625098,40.752696239803136,-73.97901328350635,4,2026,4.3320926462229,True,mid_block,East 42nd Street
n00463,OK,m8xyW-y2bimjZgucWZCY8w,2026-04,40.75258068181541,-73.9787634971896,40.7526027859603,-73.97881077718746,4,2026,4.685485683527199,True,mid_block,East 42nd Street
n00464,OK,9wkIAMnDPyr5_OBbASwRXw,2026-04,40.75253416068993,-73.97865830705636,40.75250671561534,-73.97861037612086,4,2026,5.0652760810427715,True,mid_block,East 42nd Street
n00465,OK,r6wdsU-bCb-erW9Y9Yqcyg,2026-04,40.75242927488753,-73.97841707797421,40.75241961642352,-73.97840302162136,4,2026,1.5993428628670303,True,mid_block,East 42nd Street
n00466,OK,VwQ3dQvfZD_ml6mHSCu29Q,2026-04,40.75233391380747,-73.97821001529765,40.7523333858031,-73.97819502076001,4,2026,1.2672444721365177,True,mid_block,East 42nd Street
n00467,OK,6lgZa5a4e3HYshaHKW2mcQ,2026-04,40.75224735942615,-73.97799649569089,40.752246420540104,-73.97798754882177,4,2026,0.7624827404282849,True,mid_block,East 42nd Street
n00468,OK,t3xm6w6DCeEG3FWmuzXCZA,2026-04,40.75216006553957,-73.97778414164273,40.752159598644226,-73.97777997392699,4,2026,0.3556504705694769,True,mid_block,East 42nd Street
n00469,OK,zlFALrkqgRcIv3MPQoHLCw,2026-04,40.7520739676042,-73.97757331186381,40.75207350630154,-73.97757187397445,4,2026,0.131751998666905,True,mid_block,East 42nd Street
n00470,OK,hIX0mTURLesMJEj2RtItrA,2026-04,40.75198777386363,-73.97735862575189,40.75198737104445,-73.97736380503896,4,2026,0.4395355507924048,True,mid_block,East 42nd Street
n00471,OK,2fIDodg8kSw_txslM7pxlw,2026-04,40.75189961973206,-73.97714393940034,40.75190088737309,-73.97715598641005,4,2026,1.0267447526671485,True,mid_block,East 42nd Street
n00472,OK,o9hCfMy1pA46ebz3Pgk-RQ,2026-04,40.75180877550541,-73.9769156219064,40.75181440333263,-73.97694816832521,4,2026,2.817833071772718,True,mid_block,East 42nd Street
n00473,OK,GgKN3VA7Hhhf6WqU2v4EBQ,2026-04,40.75172137622081,-73.97670201118554,40.75172791892308,-73.97674035078444,4,2026,3.31727968834504,True,mid_block,East 42nd Street
n00474,OK,3fjvZn_1bix6Xkj8EYJ_rw,2026-04,40.75163332245339,-73.97648804151866,40.75164124753723,-73.97653266906171,4,2026,3.869004359097802,True,mid_block,East 42nd Street
n00475,OK,3bMWgISwy0YPV-zMAd4xeg,2026-04,40.75154377020333,-73.97627254709978,40.751553782259144,-73.97632556312188,4,2026,4.611784378033575,True,mid_block,East 42nd Street
n00476,OK,Q4K2ZZ_vPy38epmqFbg56Q,2026-04,40.75149127484539,-73.97615237948712,40.75146615803277,-73.97611857385897,4,2026,3.990021414724388,True,mid_block,East 42nd Street
n00477,OK,sRwO0NezLWyrhfbsJVnXmA,2026-04,40.75136328514675,-73.97586263174821,40.75137817502357,-73.97591184803306,4,2026,4.47179422605337,True,mid_block,East 42nd Street
n00478,OK,wiMxb1HNkVK3rm9fCRmEQg,2026-04,40.75127401889793,-73.97565287599423,40.75129085197795,-73.9757046394063,4,2026,4.752890576396715,True,mid_block,East 42nd Street
n00479,OK,ZSbah7jnBpMQOueyyWLrmA,2026-04,40.75118604196197,-73.9754474245402,40.75120358216812,-73.97549739205873,4,2026,4.6462233427241255,True,mid_block,East 42nd Street
n00480,OK,Pkz7X8MbDdbrU1FtEzUYqg,2026-04,40.75113847232488,-73.9753412461384,40.751116311991275,-73.97529014525853,4,2026,4.966327893071662,True,mid_block,East 42nd Street
n00481,OK,IuPNVIU238I75sUnyy-o3w,2026-04,40.75104563752663,-73.9751318485273,40.75102904144743,-73.97508289900571,4,2026,4.524660286804014,True,mid_block,East 42nd Street
n00482,OK,Ag63ycsZU0OQZ7EmwFOFfw,2026-04,40.75095562979476,-73.97491635258937,40.75094177053657,-73.97487565330026,4,2026,3.764786748352124,True,mid_block,East 42nd Street
n00483,OK,ZCjX2TFsL5y9yHV6WYU46w,2026-04,40.75086663011946,-73.97470264997064,40.750854499258715,-73.97466840814221,4,2026,3.1891638887353126,True,mid_block,East 42nd Street
n00484,OK,ji8gjBaIITCNuwWjl2y65Q,2026-04,40.75066735509542,-73.97422789391219,40.75068157783274,-73.97425277422474,4,2026,2.627788273538205,True,mid_block,East 42nd Street
n00485,OK,TbA10hZdfO13EspcY_tkEg,2026-04,40.75057879965036,-73.97401732927105,40.750596748338985,-73.97404378420606,4,2026,2.9931161169469394,True,mid_block,East 42nd Street
n00486,OK,2uH-ZA1NXySVaG9SuRwYlg,2026-04,40.75049207521493,-73.97380532954442,40.750511924984686,-73.97383479015532,4,2026,3.3229905097355315,True,mid_block,East 42nd Street
n00487,OK,f5jFiWiRAWYp5OqpqvKmhQ,2026-04,40.75040491404319,-73.97358866629995,40.75042715240513,-73.97362576075905,4,2026,3.9878125473235015,True,mid_block,East 42nd Street
n00488,OK,NiKQvuF5jKFCzGcLjMkH3Q,2026-04,40.75031976400993,-73.97338563396539,40.750340732713696,-73.97341790315086,4,2026,3.5834262937646595,True,mid_block,East 42nd Street
n00489,OK,bjEIRgA8g1IIb4Cxm7HXDw,2026-04,40.750228122549,-73.97316556245627,40.75025385094357,-73.97321037714119,4,2026,4.740584856911457,True,mid_block,East 42nd Street
n00490,OK,VNjIw-bHtK3P60zGuKoSNA,2026-04,40.75018456347791,-73.97306216283802,40.750167167034455,-73.97300270961979,4,2026,5.378121376123311,True,mid_block,East 42nd Street
n00491,OK,hGtbBhwpDQ4JdE3lkJBpgg,2026-04,40.75009454657755,-73.97285087949044,40.750081626769955,-73.97279422280207,4,2026,4.993720020960413,True,mid_block,East 42nd Street
n00492,OK,Mxqp9sLvJ267v5YIMHRXNg,2026-04,40.75000369261387,-73.97263582939343,40.74999608613396,-73.9725857365243,4,2026,4.312636394739635,True,mid_block,East 42nd Street
n00493,OK,ynubjyFJw3WM-Lxn4jCEKA,2026-04,40.7499123275149,-73.97241665381799,40.74990991331763,-73.97237771288921,4,2026,3.2985500414621343,True,mid_block,East 42nd Street
n00494,OK,83wi4fVhtMRUqvMsVr_O2w,2026-04,40.74975322622713,-73.97200296372334,40.749730340650146,-73.97196699649604,4,2026,3.959261664814877,True,mid_block,East 42nd Street
n00495,OK,kBC1yAWvkcz8DmjoE-2_yQ,2026-04,40.74966112590317,-73.97179401087722,40.74964186277185,-73.97176064363707,4,2026,3.5368277591359605,True,mid_block,East 42nd Street
n00496,OK,x3M9aJ4WYo2cwNrcD4iNAw,2026-04,40.74956815872888,-73.97158532684274,40.749554363314736,-73.97155356907761,4,2026,3.087777127055397,True,mid_block,East 42nd Street
n00497,OK,P_tjgnHx4DwFoyKGaliW8A,2026-04,40.74947921605443,-73.97137897425104,40.749466863491264,-73.97134649506646,4,2026,3.0658995882200317,True,mid_block,East 42nd Street
n00498,OK,GAcB-4wTdknbsKT03h46kg,2026-04,40.74936888245663,-73.97111809619041,40.74937936330144,-73.97113942160364,4,2026,2.1436884714640616,True,mid_block,East 42nd Street
n00499,OK,n1u6NEIEb_-6GBxgkeMnEw,2026-04,40.7492775487791,-73.97090394095588,40.74929186274525,-73.97093234868912,4,2026,2.8770444909379704,True,mid_block,East 42nd Street
n00500,OK,n2FwwrfcEh3xg-EyChDJ5A,2026-04,40.74918732517092,-73.97069229652026,40.74920436182275,-73.97072527632291,4,2026,3.366002874741064,True,mid_block,East 42nd Street
n00501,OK,GVtoo24fB3xBUzq9O9q60w,2026-04,40.7491015837057,-73.9704856739316,40.74911685429508,-73.97051820906583,4,2026,3.227871790879239,True,mid_block,East 42nd Street
n00502,OK,_COazMYRwFmHfJoc0lnAnw,2026-04,40.74901023048137,-73.97026873791091,40.749029276177005,-73.97031119369362,4,2026,4.161575958162034,True,mid_block,East 42nd Street
n00503,OK,D6-FLOKD12pKMuD9Jk5AEg,2026-04,40.74891858054343,-73.97005449205167,40.74894169769281,-73.97010417887006,4,2026,4.917693484993426,True,mid_block,East 42nd Street
n00504,OK,xIYSU8oC8UIzyiBPz9rvFQ,2026-04,40.75162813151746,-73.97591912855606,40.751615054650166,-73.97592630428797,4,2026,1.5730582304396172,True,avenue_canyon,Lexington Avenue
n00505,OK,CAoSFkNJSE0wb2dLRUlDQWdJQ0V2OExWQlE.,2019-01,40.75131818122347,-73.97616870076429,40.75130072972796,-73.97615791056434,1,2019,2.1408574823832303,False,avenue_canyon,Lexington Avenue
n00506,OK,dHYCPRSsnu2w4CAqJWJ0Cw,2026-04,40.75117865375011,-73.97625523938109,40.751143741859735,-73.97627412627877,4,2026,4.190925897669931,True,avenue_canyon,Lexington Avenue
n00507,OK,hCX6qkNFC_2M0vmZQ6_Lzg,2026-04,40.751020536909,-73.97637065403536,40.75098675386371,-73.97639034144117,4,2026,4.102226639909707,True,avenue_canyon,Lexington Avenue
n00508,OK,hU1n3hneFjDmsBEYcDeVOg,2026-04,40.75069270126987,-73.9766126927785,40.75067253585632,-73.97662220270553,4,2026,2.378280388734684,True,avenue_canyon,Lexington Avenue
n00509,OK,_SFIn4r1E4wiX4OgtXJeog,2026-04,40.75053650095198,-73.97672622399955,40.75051521656731,-73.97673763988253,4,2026,2.5518842421715227,True,avenue_canyon,Lexington Avenue
n00510,OK,tHhnrK3SqudywaZT9DUl6Q,2026-04,40.7503693553626,-73.97684549448347,40.750357897152064,-73.97685307651,4,2026,1.4240141952998406,True,avenue_canyon,Lexington Avenue
n00511,OK,fZUi2xh3a0VDfWCpxiqwNQ,2026-04,40.75003267718113,-73.97708529070624,40.75004297934263,-73.97708328819058,4,2026,1.1561212904751372,True,avenue_canyon,Lexington Avenue
n00512,OK,V6TZu_4-h7cnwZoYNVm4tg,2026-04,40.74986509487996,-73.97720734095014,40.74988533683706,-73.97719795941815,4,2026,2.3826581210009667,True,avenue_canyon,Lexington Avenue
n00513,OK,CjMg2Wi60qaj-fLgkYM4Ug,2026-04,40.74969627157209,-73.97733127432946,40.74972769420679,-73.97731263009865,4,2026,3.827072080045883,True,avenue_canyon,Lexington Avenue
n00514,OK,WYyorQeJhw5eZOPDmyLoXw,2026-04,40.74937095440248,-73.97756936608947,40.74941243899947,-73.97754204202907,4,2026,5.150873325377936,True,avenue_canyon,Lexington Avenue
n00515,OK,M-aHJJmDkI_61mhOkGeVlA,2026-04,40.74929342910461,-73.9776259520727,40.74925477080241,-73.9776566511652,4,2026,5.013565074210262,True,avenue_canyon,Lexington Avenue
n00516,OK,vIUSW-_2AQdQ8mAnbeTwOg,2026-04,40.74913353510792,-73.97774271105362,40.74909710248079,-73.9777712597545,4,2026,4.708288806061139,True,avenue_canyon,Lexington Avenue
n00517,OK,RbPagxIFiGazyouGIBjQzg,2026-04,40.74881085899975,-73.97797820168583,40.74878157936213,-73.9780000224965,4,2026,3.7362522898628017,True,avenue_canyon,Lexington Avenue
n00518,OK,XUAWD4JdWwkwUsJ4_sk-aA,2026-04,40.74864610717794,-73.97809845783424,40.748624024856355,-73.97811490063899,4,2026,2.8172448159214887,True,avenue_canyon,Lexington Avenue
n00519,OK,30RCWmxB2baE6jsBzoF5PA,2026-04,40.74848485544033,-73.97821629264496,40.74846647022546,-73.97822977823377,4,2026,2.3371209138152182,True,avenue_canyon,Lexington Avenue
n00520,OK,7oMSWlhHlGzt9tMnU54Wcw,2026-04,40.74816326771024,-73.97844568471018,40.74815669619124,-73.97847014792754,4,2026,2.1904510163631556,True,avenue_canyon,Lexington Avenue
n00521,OK,9jUhfxuhRBzD1iA2UxhFow,2026-04,40.74800144793885,-73.97856325027945,40.74799910470038,-73.97858493733054,4,2026,1.8493973000219892,True,avenue_canyon,Lexington Avenue
n00522,OK,9A0AGCVP9hXMSsdpZyIw_w,2026-04,40.74784167256571,-73.9786792912819,40.74784152823389,-73.97869976211604,4,2026,1.7284054731609628,True,avenue_canyon,Lexington Avenue
n00523,OK,iq3sn94G3VM4ea6c-IDZ4g,2026-04,40.74750993152762,-73.97891101437249,40.74752561528853,-73.97892757796285,4,2026,2.2332045110809746,True,avenue_canyon,Lexington Avenue
n00524,OK,nSHZwBiGFhE6UL7wQEQlQw,2026-04,40.7473490017987,-73.9790290280373,40.74736826116868,-73.97904292798778,4,2026,2.438979501120606,True,avenue_canyon,Lexington Avenue
n00525,OK,oMgcqGZ9smvUIqZRGSHeRg,2026-04,40.74718002878721,-73.97915304991852,40.747210906922795,-73.97915827746355,4,2026,3.4562254415234865,True,avenue_canyon,Lexington Avenue
n00526,OK,g0O4vqL2Y7BHHstWJ-g43g,2026-04,40.74686100658226,-73.9793830685971,40.74689587467935,-73.97938818477648,4,2026,3.8949000974566497,True,avenue_canyon,Lexington Avenue
n00527,OK,kcwr9bFeAnOjYKWv44f5iw,2026-04,40.74670515750043,-73.97950502770686,40.74673775681938,-73.97950171237598,4,2026,3.629813908370671,True,avenue_canyon,Lexington Avenue
n00528,OK,L4lHYt1rr-AAdPaOhV2N6g,2026-04,40.74654832099142,-73.97963012538979,40.74657993785335,-73.97961595792327,4,2026,3.708163636719239,True,avenue_canyon,Lexington Avenue
n00529,OK,3FkNVsrT8Ms89eHMC3IVeQ,2026-04,40.74629853532122,-73.97980517233349,40.74626548635581,-73.97984725420136,4,2026,5.107335078417858,True,avenue_canyon,Lexington Avenue
n00530,OK,0pm5gYHMr2SK0UHVegI5PQ,2026-04,40.74769850731607,-73.98301687881697,40.747658283937064,-73.98304393553143,4,2026,5.015778716511919,True,avenue_canyon,Madison Avenue
n00531,OK,dtcdpdRFZtkHL3ttsr2S0A,2026-04,40.74794948002416,-73.98283053584507,40.7479719213522,-73.98281075779981,4,2026,2.999168633675154,True,avenue_canyon,Madison Avenue
n00532,OK,cD75gb5PPtc30zydEK0EtQ,2026-04,40.74811089231887,-73.98271270386293,40.74812909720879,-73.98269498700807,4,2026,2.514343998189437,True,avenue_canyon,Madison Avenue
n00533,OK,_6aOYvpspQ2bP0_VDTObRQ,2026-04,40.7482750393001,-73.9825928989729,40.74828627293848,-73.98257921566585,4,2026,1.6999645366651812,True,avenue_canyon,Madison Avenue
n00534,OK,ZByGY50ZuYl_Hx_RixghOQ,2026-04,40.74859965483149,-73.98235606887695,40.74860233503753,-73.98235178391229,4,2026,0.4684116883678096,True,avenue_canyon,Madison Avenue
n00535,OK,qE3n2-qHVvCusP5rEBLrdw,2026-04,40.74875471533802,-73.98224289967843,40.74875979630018,-73.98223668460798,4,2026,0.7703902890499352,True,avenue_canyon,Madison Avenue
n00536,OK,9GlyV_MSrbR9ybvAXSkEQA,2026-04,40.74891284927529,-73.98212748854917,40.74891725743731,-73.9821215847553,4,2026,0.698519266942849,True,avenue_canyon,Madison Avenue
n00537,OK,rwmrUclQdkQzqQh-DAVGig,2026-04,40.74927088414864,-73.98186590766784,40.7492318142909,-73.98189056571194,4,2026,4.81106608118442,True,avenue_canyon,Madison Avenue
n00538,OK,TBdyoJpAk0KJ6rJKQxqcmA,2026-04,40.74935158895588,-73.98180779846246,40.74938889577237,-73.98177457164088,4,2026,5.002227369873214,True,avenue_canyon,Madison Avenue
n00539,OK,D_Vyhuw7LjFXCmZbMz0Yyw,2026-04,40.74951835507866,-73.98168736528486,40.74954597712651,-73.9816585770186,4,2026,3.9128605165047703,True,avenue_canyon,Madison Avenue
n00540,OK,w0hVetQ4ywcQmRMH7p6yeg,2026-04,40.74982985840136,-73.98145223789561,40.749860896359046,-73.9814283864539,4,2026,3.990940129987999,True,avenue_canyon,Madison Avenue
n00541,OK,aJR5BHSuZNfPSRYemR_oHg,2026-04,40.74999219342303,-73.98133512246778,40.75001879367403,-73.98131432267051,4,2026,3.4356998942236148,True,avenue_canyon,Madison Avenue
n00542,OK,3EYIfF4E7a3bTIvjXGphtw,2026-04,40.75015709110876,-73.98122491194256,40.75017669086559,-73.98120025834203,4,2026,3.0110831793040624,True,avenue_canyon,Madison Avenue
n00543,OK,MxscpxbTHKUpbMQsEDGIxw,2026-04,40.75049209846512,-73.98098440348177,40.750493318050175,-73.9809741422399,4,2026,0.8768272763601522,True,avenue_canyon,Madison Avenue
n00544,OK,Mvic7G0VY-IxUCmqW_VbhA,2026-04,40.75066587734506,-73.98085446422168,40.75065171618861,-73.98086128447645,4,2026,1.6742281708522124,True,avenue_canyon,Madison Avenue
n00545,OK,hR-EQb2DbV4GFp0mDNiN-Q,2026-04,40.75082328332294,-73.98073716907918,40.75081011420597,-73.98074842617179,4,2026,1.7437237980706006,True,avenue_canyon,Madison Avenue
n00546,OK,sTB7LbyCqDIaAaC3Zap46A,2026-04,40.75098243918318,-73.98062211574677,40.75096717714499,-73.98063243087243,4,2026,1.905014550963536,True,avenue_canyon,Madison Avenue
n00547,OK,sTvGhV0WnB-GA5sReTsE3Q,2026-04,40.75114277601581,-73.98050742104677,40.75112527385817,-73.98051884391307,4,2026,2.169160790932957,True,avenue_canyon,Madison Avenue
n00548,OK,NyHAATmzSw0Rz35p3uIpPQ,2026-04,40.75130046711192,-73.98039586491637,40.751283370448846,-73.98040525641014,4,2026,2.056936071070815,True,avenue_canyon,Madison Avenue
n00549,OK,4kqh3wdHzdtIeU6ZTEFQDQ,2026-04,40.75147705004604,-73.98026924324942,40.75144158891373,-73.98029196409313,4,2026,4.3791730965137345,True,avenue_canyon,Madison Avenue
n00550,OK,R2D66FWvihTJCVVHGNx8Aw,2026-04,40.75176949900843,-73.9800455029187,40.751755703166744,-73.98005992173704,4,2026,1.956381486919237,True,avenue_canyon,Madison Avenue
n00551,OK,F-8wFYqsK1Yp7DT3ns6CRg,2026-04,40.75192948454483,-73.97992623441957,40.7519131508803,-73.9799447853512,4,2026,2.395991334149991,True,avenue_canyon,Madison Avenue
n00552,OK,kHna0nnlLbd9n7o3qYvMnA,2026-04,40.7520909112922,-73.97980544136044,40.75207061928298,-73.97982969769541,4,2026,3.0443772181917854,True,avenue_canyon,Madison Avenue
n00553,OK,h8Xalkle41XwQgLbGFfqsA,2026-04,40.7522538260918,-73.97968133022435,40.75222809795156,-73.97971463445174,4,2026,4.007906606939459,True,avenue_canyon,Madison Avenue
n00554,OK,KFv2fZjQmDIh4wvukP2p9A,2026-04,40.75241665864193,-73.97956726269334,40.75238545835333,-73.97959929109525,4,2026,4.394140813894179,True,avenue_canyon,Madison Avenue
n00555,OK,lSQygwLpOgZKwTZMiLhsbA,2026-04,40.75249993522132,-73.97951085663296,40.752542818629045,-73.97948394718952,4,2026,5.274958510241468,True,avenue_canyon,Madison Avenue
n00556,OK,hx62zFnOHgKO_9Wg1h1Dig,2026-04,40.75266278706779,-73.97939427807734,40.752700178778746,-73.97936860273454,4,2026,4.682896519885531,True,avenue_canyon,Madison Avenue
n00557,OK,8dcsoYSWNfJdgZH9R94U3A,2026-04,40.74688062774294,-73.98140040580847,40.74687676083878,-73.98140185439074,4,2026,0.4463657214171502,True,avenue_canyon,Park Avenue
n00558,OK,_QvKtXNSgmC66-JeVbt0Mw,2026-04,40.74719766394756,-73.98115953886725,40.74718405878149,-73.98115483336738,4,2026,1.5617500751585027,True,avenue_canyon,Park Avenue
n00559,OK,o3BPaXZcpDqtHL4tvYF4RA,2026-04,40.74735262955437,-73.98104143683527,40.74734156085472,-73.9810398331041,4,2026,1.2362262142008522,True,avenue_canyon,Park Avenue
n00560,OK,r-V4vI2DSV0zXG9tXYkPoQ,2026-04,40.74751433211827,-73.98091822324848,40.7474990757698,-73.98092486300258,4,2026,1.784043467183842,True,avenue_canyon,Park Avenue
n00561,OK,CpacIjUi98DrNT3JKZAY6A,2026-04,40.74783567878912,-73.98068757868013,40.74781377932324,-73.98069416901862,4,2026,2.4940236350243645,True,avenue_canyon,Park Avenue
n00562,OK,sXujW_LuO-PxH_eBFnLMkA,2026-04,40.74800256877816,-73.9805780851859,40.747971809469654,-73.980580427166,4,2026,3.4204567529717043,True,avenue_canyon,Park Avenue
n00563,OK,CK5iy91aho4M-3TdIMIG6g,2026-04,40.74816516169143,-73.9804622246802,40.748129839493245,-73.98046668476937,4,2026,3.939323844874368,True,avenue_canyon,Park Avenue
n00564,OK,a6TkK4Rx0QMwY-suDWkeDg,2026-04,40.74841353646705,-73.98027569988034,40.74844557871244,-73.98023843640728,4,2026,4.748817721753776,True,avenue_canyon,Park Avenue
n00565,OK,zykSeI_DcG4Ks1ohXiKimw,2026-04,40.74856832161037,-73.98015795600725,40.74860312182287,-73.98012353135734,4,2026,4.834517644742055,True,avenue_canyon,Park Avenue
n00566,OK,yZCk2tOOtcg7ndgQiAfSaA,2026-04,40.74872423585123,-73.98003967400881,40.748760664808145,-73.98000862575962,4,2026,4.819394800473619,True,avenue_canyon,Park Avenue
n00567,OK,T_ZgIriK3mHpGJhM4lG54g,2026-04,40.74910061373528,-73.97976132093684,40.74907617073191,-73.97977983172592,4,2026,3.1314002880959664,True,avenue_canyon,Park Avenue
n00568,OK,2w6zsmnFi4KyKUdg4_2JEg,2026-04,40.74925965302707,-73.97964913664345,40.749233519308795,-73.9796644657211,4,2026,3.176800246254107,True,avenue_canyon,Park Avenue
n00569,OK,UUWYSVfhqWuFZa_McMSDug,2026-04,40.74941773811929,-73.97953766969076,40.749390867759615,-73.97954909916703,4,2026,3.135199053042089,True,avenue_canyon,Park Avenue
n00570,OK,jQ56E4EJ86hvjfTXD6QcwQ,2026-04,40.74973399292357,-73.97930738216951,40.749705385592755,-73.97931794988259,4,2026,3.298780837697276,True,avenue_canyon,Park Avenue
n00571,OK,99ltcoPMZKzrLr2wtGqt4g,2026-04,40.74989088210302,-73.97918909964774,40.749863091659805,-73.97920342998043,4,2026,3.3138966950549795,True,avenue_canyon,Park Avenue
n00572,OK,dW4QKQl3qkVwTJfM45heZw,2026-04,40.75004655375824,-73.97907180348909,40.750020797602495,-73.9790889095317,4,2026,3.2033402047706936,True,avenue_canyon,Park Avenue
n00573,OK,Qy2yuSG9nfZahp0EyDI03A,2026-04,40.75034525309832,-73.97883577613956,40.75033427168969,-73.97885539505002,4,2026,2.0566166257598733,True,avenue_canyon,Park Avenue
n00574,OK,pCRLF446XMkKqywK3mot_g,2026-04,40.7505034119034,-73.97871265081525,40.75049055605245,-73.97873755237606,4,2026,2.5409957759178607,True,avenue_canyon,Park Avenue
n00575,OK,9rX19T-7gd8eikjVAsXHPA,2026-04,40.75065965335288,-73.97859248472716,40.75065692626706,-73.97864992897738,4,2026,4.859193927103234,True,avenue_canyon,Park Avenue
n00576,OK,pumU2xxURdjyphbZK2maig,2026-04,40.75081238739694,-73.97874968706458,40.750781867476555,-73.97878558345371,4,2026,4.5457619067831665,True,avenue_canyon,Park Avenue
n00577,OK,KDeqBEXZcS1JUxjF3hx90g,2026-04,40.75065314254892,-73.978869404674,40.75062387630503,-73.97889942333194,4,2026,4.120532050746234,True,avenue_canyon,Park Avenue
n00578,OK,edpBcuvxP4eMgq7fno4fWg,2026-04,40.75048976672218,-73.97899082605342,40.750465885010485,-73.97901326266575,4,2026,3.258385566705271,True,avenue_canyon,Park Avenue
n00579,OK,wXme8kfEA6KHSiWrJZZzMA,2019-06,40.7501550604091,-73.97923393760996,40.75014853406565,-73.97923758692815,6,2019,0.7873083289530044,False,avenue_canyon,Park Avenue
n00580,OK,TTFAqa-_zpknnUzDw5DQnA,2026-04,40.75001339547045,-73.97933679585582,40.749990650151744,-73.97935168281187,4,2026,2.820573424883692,True,avenue_canyon,Park Avenue
n00581,OK,LB3NE5BmisRvHS_BepBv3g,2026-04,40.7498530474304,-73.97945301574303,40.74983276611433,-73.97946577815036,4,2026,2.4960654961331454,True,avenue_canyon,Park Avenue
n00582,OK,GWMJF4CILLH_ocp9JPj_mA,2026-04,40.74950515922468,-73.979704735582,40.74951751886242,-73.97969518594276,4,2026,1.5914451815116464,True,avenue_canyon,Park Avenue
n00583,OK,HMxVCFQTpYHqC5RLUeHTmg,2026-04,40.7493657512784,-73.9798065174682,40.749360101417075,-73.97981038986657,4,2026,0.7073111891673488,True,avenue_canyon,Park Avenue
n00584,OK,WA1kgeRbn45YH9YWAsp8Mw,2026-04,40.7492156278616,-73.9799161907531,40.74920268384599,-73.97992559324165,4,2026,1.641664565177586,True,avenue_canyon,Park Avenue
n00585,OK,G1eMQdBmPFJ7XN0fOZfixA,2026-04,40.74891917893845,-73.98013840675097,40.748888357345045,-73.98015718143135,4,2026,3.770974468669463,True,avenue_canyon,Park Avenue
n00586,OK,al5TCQNdLtjsg62UPfAj7g,2026-04,40.74876288013066,-73.98025238426764,40.74873056052806,-73.98027148346247,4,2026,3.9336462124740095,True,avenue_canyon,Park Avenue
n00587,OK,EY0TsX9ef-5ymjZQ2_JwfA,2026-04,40.74856634189265,-73.98039568556564,40.748572763587134,-73.98038578494777,4,2026,1.0986089917176312,True,avenue_canyon,Park Avenue
n00588,OK,niPqBNHanWKDGQN-tsLv0g,2026-04,40.74825066147181,-73.98062319184996,40.74825822283561,-73.9806168700799,4,2026,0.9947391415918164,True,avenue_canyon,Park Avenue
n00589,OK,l8DkJaQhx5QrOF-ELlEEHg,2026-04,40.74808955181833,-73.98073941095949,40.74810113549329,-73.98073284843316,4,2026,1.4002420271416078,True,avenue_canyon,Park Avenue
n00590,OK,l6WAUWLHrV3oqv2LCSFrJA,2026-04,40.74794135270684,-73.98084621410696,40.74794404802367,-73.98084882623526,4,2026,0.3717121572062684,True,avenue_canyon,Park Avenue
n00591,OK,yb_1nYypvIbQe8-2vQoJow,2026-04,40.74763086861358,-73.98107371985805,40.74762947762325,-73.98107981238287,4,2026,0.5370657144327031,True,avenue_canyon,Park Avenue
n00592,OK,_tGMU6hbFV-rqb7DxTPHdQ,2026-04,40.74747229593662,-73.98119083544516,40.74747301035023,-73.98119722997058,4,2026,0.545680206695822,True,avenue_canyon,Park Avenue
n00593,OK,BvRFhjAenEZn5eEPIGYbow,2026-04,40.74731186533705,-73.98130920641016,40.74731654294695,-73.98131464700268,4,2026,0.693292890041529,True,avenue_canyon,Park Avenue
n00594,OK,43Pi6IRpO9uN5zEqpG0Lrg,2026-04,40.74702844891409,-73.98150756728806,40.74700079489591,-73.98154285326169,4,2026,4.277909528352281,True,avenue_canyon,Park Avenue
n00595,OK,_dG0QcfE9v0TbgEUM0507w,2024-07,40.75132445214679,-73.9784093658127,40.751356118343566,-73.97838492735615,7,2024,4.076147802507852,False,avenue_canyon,Park Avenue
n00596,OK,T1ZWyuHQCjr7KF3yIhTSUQ,2024-07,40.75115962463719,-73.97853222230248,40.751198836523535,-73.97850045407498,7,2024,5.1129978548846715,False,avenue_canyon,Park Avenue
n00597,OK,DhexN-k0OoCxKA8Up9LYjQ,2024-07,40.75107707256889,-73.97859374019414,40.7510415545771,-73.97861598024397,7,2024,4.367250094024968,False,avenue_canyon,Park Avenue
n00598,OK,g5gjCjVOEWChkWQ85-YOhw,2024-09,40.75097071316441,-73.97835807096307,40.75096440587589,-73.97836960344833,9,2024,1.1992662196186037,False,avenue_canyon,Park Avenue
n00599,OK,KZtpyQqXvUjjkc_zl66Qpw,2024-07,40.75110865988876,-73.97825772313203,40.75112242671374,-73.97825583427739,7,2024,1.5366188899011617,False,avenue_canyon,Park Avenue
n00600,OK,nmao-iaqH5YVKmM5GF61Qg,2024-09,40.7512462969509,-73.97815997586467,40.75128044742869,-73.97814206456226,9,2024,4.081652735997837,False,avenue_canyon,Park Avenue
