node_id,osm_name,street_category,chain,chain_pos_m,lat,lon,typology,northing_m,easting_m,along_dist,cross_dist,n_images,directions,name_resolved,excluded_by_pattern,collides_m,intersection_dup,axis_mismatch,frame_ok,nearest_img_m,nearest_img_node,reusable
1st_avenue_001,1st Avenue,1st_avenue,1st_avenue#0,0.0,40.743686,-73.973583,avenue_secondary,5.714837760288958,919.8196294697968,-339.74209065682527,463.7657666678082,2,Northbound/Southbound,True,False,12.790373577863054,False,False,True,4.482092397577062,n00000,True
1st_avenue_002,1st Avenue,1st_avenue,1st_avenue#0,19.922120332799324,40.743843,-73.973467,avenue_secondary,25.63644891278824,919.9620641676502,-319.74646911701194,463.8765050764937,2,Northbound/Southbound,True,False,7.13197639520351,False,False,True,4.489160154462523,n00001,True
1st_avenue_003,1st Avenue,1st_avenue,1st_avenue#0,39.844240665598704,40.744,-73.973351,avenue_secondary,45.55806006528758,920.1044988655035,-299.7508475771988,463.9872434851792,2,Northbound/Southbound,True,False,27.053988161660353,False,False,True,4.496143300898177,n00002,True
1st_avenue_004,1st Avenue,1st_avenue,1st_avenue#0,59.76636099780961,40.744157,-73.973235,avenue_secondary,65.47967121720592,920.2469335623088,-279.755226037967,464.0979818928157,2,Northbound/Southbound,True,False,37.527630021191555,False,False,True,4.5035568872333345,n00003,True
1st_avenue_005,1st Avenue,1st_avenue,1st_avenue#0,79.70296691627912,40.744315,-73.973121,avenue_secondary,85.41619078753001,920.1882567318069,-259.7443180677121,464.007238403909,2,Northbound/Southbound,True,False,18.27100218449214,False,False,True,4.495591181685417,n00004,True
1st_avenue_006,1st Avenue,1st_avenue,1st_avenue#0,99.59904125066852,40.744473,-73.973008,avenue_secondary,105.31182433654655,920.055819566343,-239.7743302173832,463.8426730645041,2,Northbound/Southbound,True,False,7.283001978646952,False,False,True,4.526644380585943,n00005,True
1st_avenue_007,1st Avenue,1st_avenue,1st_avenue#0,119.53564716913806,40.744631,-73.972894,avenue_secondary,125.24834390687067,919.997142735841,-219.76342224712823,463.7519295755974,2,Northbound/Southbound,True,False,23.807562914966972,False,False,True,4.518821092989789,n00006,True
1st_avenue_008,1st Avenue,1st_avenue,1st_avenue#0,139.4722530876076,40.744789,-73.97278,avenue_secondary,145.18486347719482,919.9384659053392,-199.75251427687337,463.6611860866907,2,Northbound/Southbound,True,False,35.61485749878819,False,False,True,4.511021577455334,n00007,True
1st_avenue_009,1st Avenue,1st_avenue,1st_avenue#0,159.39437342040696,40.744946,-73.972664,avenue_secondary,165.10647462969413,920.0809006031925,-179.75689273706013,463.77192449537625,2,Northbound/Southbound,True,False,15.78070257484304,False,False,True,4.518411225528663,n00008,True
1st_avenue_010,1st Avenue,1st_avenue,1st_avenue#0,179.37178470685527,40.745104,-73.972549,avenue_secondary,185.0838802219069,920.0959841087008,-159.70506464629744,463.75500285801695,2,Northbound/Southbound,True,False,4.831966609091057,True,False,False,4.468843377384486,n00009,True
1st_avenue_011,1st Avenue,1st_avenue,1st_avenue#0,199.29390503965462,40.745261,-73.972433,avenue_secondary,205.0054913744062,920.2384188065541,-139.70944310648423,463.86574126670246,2,Northbound/Southbound,True,False,24.36617874090784,False,False,True,4.475918445420491,n00010,True
1st_avenue_012,1st Avenue,1st_avenue,1st_avenue#0,219.1747487808952,40.745418,-73.972318,avenue_secondary,224.88621650443588,920.3070931673491,-119.75474168776024,463.9026578227915,2,Northbound/Southbound,True,False,34.86950157020755,False,False,True,4.524533101324312,n00011,True
1st_avenue_013,1st Avenue,1st_avenue,1st_avenue#0,239.05559252272042,40.745575,-73.972203,avenue_secondary,244.7669416350466,920.3757675291923,-99.8000402684546,463.9395743799298,2,Northbound/Southbound,True,False,16.138840000095882,False,False,True,4.572608860620772,n00012,True
1st_avenue_014,1st Avenue,1st_avenue,1st_avenue#0,259.08910713138846,40.745734,-73.972089,avenue_secondary,264.80014166755376,920.2634998434037,-79.69200562616103,463.79499269757457,2,Northbound/Southbound,True,False,9.72089910084695,False,False,True,4.464794099699732,n00013,True
1st_avenue_015,1st Avenue,1st_avenue,1st_avenue#0,278.96995087262906,40.745891,-73.971974,avenue_secondary,284.68086679758346,920.3321742041987,-59.737304207437035,463.83190925366375,2,Northbound/Southbound,True,False,26.946344069141666,False,False,True,4.51332912265353,n00014,True
1st_avenue_016,1st Avenue,1st_avenue,1st_avenue#0,298.85079461445423,40.746048,-73.971859,avenue_secondary,304.56159192819416,920.4008485660419,-39.78260278813147,463.868825810802,2,Northbound/Southbound,True,False,31.93182905837566,False,False,True,4.561975643518128,n00015,True
1st_avenue_017,1st Avenue,1st_avenue,1st_avenue#0,318.8843092231224,40.746207,-73.971745,avenue_secondary,324.5947919607014,920.2885808802532,-19.674568145837924,463.72424412844686,2,Northbound/Southbound,True,False,11.964360661617267,False,False,True,4.456731602752497,n00016,True
1st_avenue_018,1st Avenue,1st_avenue,1st_avenue#0,338.7651529643629,40.746364,-73.97163,avenue_secondary,344.47551709073105,920.3572552410482,0.2801332728861609,463.7611606845359,2,Northbound/Southbound,True,False,8.212847471940274,False,False,True,4.5031235242302925,n00017,True
1st_avenue_019,1st Avenue,1st_avenue,1st_avenue#0,358.6872732971623,40.746521,-73.971514,avenue_secondary,364.3971282432303,920.4996899389016,20.275754812699347,463.8718990932215,2,Northbound/Southbound,True,False,28.01437124214848,False,False,True,4.510491165604973,n00018,True
1st_avenue_020,1st Avenue,1st_avenue,1st_avenue#0,378.6238792156319,40.746679,-73.9714,avenue_secondary,384.33364781355453,920.4410131083997,40.28666278295435,463.7811556043149,2,Northbound/Southbound,True,False,31.69362232545458,False,False,True,4.502895866657048,n00019,True
1st_avenue_021,1st Avenue,1st_avenue,1st_avenue#0,398.5199535494472,40.746837,-73.971287,avenue_secondary,404.22928136199,920.3085759418875,60.25665063270159,463.6165902638608,2,Northbound/Southbound,True,False,11.801494129012488,False,False,True,4.5356870538846765,n00020,True
1st_avenue_022,1st Avenue,1st_avenue,1st_avenue#0,418.47190688599505,40.746993,-73.971168,avenue_secondary,424.17687011797216,920.7258825030582,80.27790586199927,464.0026324206368,2,Northbound/Southbound,True,False,8.150830165364177,False,False,True,4.512943351347189,n00021,True
1st_avenue_023,1st Avenue,1st_avenue,1st_avenue#0,438.4045292575496,40.747153,-73.971059,avenue_secondary,444.10232050321923,920.1912222819319,100.27846657379304,463.4351032870965,2,Northbound/Southbound,True,False,28.07873018326416,False,False,True,4.508086677722318,n00022,True
1st_avenue_024,1st Avenue,1st_avenue,1st_avenue#0,442.1250243906718,40.747183,-73.971039,avenue_secondary,447.8204548157845,920.0587033424897,104.01066915444116,463.2963945135277,2,Northbound/Southbound,True,False,31.798533282136564,False,False,True,0.7740455469183057,n00022,True
1st_avenue_025,1st Avenue,1st_avenue,1st_avenue#0,461.8230009613663,40.747361,-73.971028,avenue_secondary,465.4793233695906,911.3308947756714,121.74933814754031,454.5252364247152,2,Northbound/Southbound,True,False,31.053129743390848,False,False,True,8.7191192925919,n00023,False
1st_avenue_026,1st Avenue,1st_avenue,1st_avenue#0,470.323887562775,40.747343,-73.97093,avenue_secondary,467.74590520171853,919.5240431209827,124.01122986692506,462.7288653796049,2,Northbound/Southbound,True,False,33.15642349891828,False,False,True,0.7692257907621485,n00023,True
1st_avenue_027,1st Avenue,1st_avenue,1st_avenue#0,490.02601594579454,40.747521,-73.970918,avenue_secondary,485.4456597774133,910.8699948901744,141.7908189805319,454.0315291423396,2,Northbound/Southbound,True,False,14.316475275175723,False,False,True,8.661805196815788,n00024,False
1st_avenue_028,1st Avenue,1st_avenue,1st_avenue#0,498.4449341343562,40.747503,-73.970821,avenue_secondary,487.6713555870716,918.9893828984275,144.01179057882746,462.16133624463293,2,Northbound/Southbound,True,False,20.509298221493324,False,False,True,0.7643672934191995,n00024,True
1st_avenue_029,1st Avenue,1st_avenue,1st_avenue#0,517.9410578140511,40.747679,-73.970806,avenue_secondary,505.3004073039601,910.6637973876523,161.71988670977152,453.7931419503383,2,Northbound/Southbound,True,False,15.69933019046981,False,False,True,8.746088128241613,n00025,False
1st_avenue_030,1st Avenue,1st_avenue,1st_avenue#0,526.4419444142947,40.747661,-73.970708,avenue_secondary,507.5669891355071,918.8569457319154,163.9817784285747,461.9967709041789,2,Northbound/Southbound,True,False,21.575834736275226,False,False,True,0.7934932158720008,n00025,True
1st_avenue_031,1st Avenue,1st_avenue,1st_avenue#0,546.0431158722255,40.747838,-73.970694,avenue_secondary,525.251835293377,910.4040090294625,181.74608111173984,453.5009165645059,2,Northbound/Southbound,True,False,9.654681492025663,False,False,True,8.743727127623009,n00030,False
1st_avenue_032,1st Avenue,1st_avenue,1st_avenue#0,555.1158639975041,40.747817,-73.97059,avenue_secondary,527.4736918689136,919.2004919574566,183.96211353667456,462.3089912097901,2,Northbound/Southbound,True,False,1.6662088346673136,True,False,False,0.8139066236438072,n00026,True
1st_avenue_033,1st Avenue,1st_avenue,1st_avenue#0,575.0194970574469,40.747997,-73.970584,avenue_secondary,545.1214912377486,909.9966999985849,201.6904352714211,453.0610474749123,2,Northbound/Southbound,True,False,8.096835916792926,False,False,True,8.78218050476437,n00031,False
1st_avenue_034,1st Avenue,1st_avenue,1st_avenue#0,588.2966125888983,40.747954,-73.970437,avenue_secondary,546.9744765863084,923.143876202376,203.52924609315812,466.227902003669,2,Northbound/Southbound,True,False,5.355710537621521,False,False,True,0.8253793564633392,n00027,True
1st_avenue_035,1st Avenue,1st_avenue,1st_avenue#0,611.8604982719004,40.748163,-73.970492,avenue_secondary,564.9319620243052,907.8865689292782,221.57811396714175,450.9155177000816,2,Northbound/Southbound,True,False,10.001038493817404,False,False,True,8.782479653900502,n00032,False
1st_avenue_036,1st Avenue,1st_avenue,1st_avenue#0,633.8604131873877,40.748072,-73.97026,avenue_secondary,565.619597045648,929.8757347698939,222.2330547711691,472.941462918128,2,Northbound/Southbound,True,False,8.428330828025544,False,False,True,4.973572523058426,n00038,True
1st_avenue_037,1st Avenue,1st_avenue,1st_avenue#0,664.063903502135,40.748326,-73.970392,avenue_secondary,584.7794795987346,906.5272931142939,241.50177361011788,449.5220773183576,2,Northbound/Southbound,True,False,11.239166138653937,False,False,True,8.80433822805392,n00033,False
1st_avenue_038,1st Avenue,1st_avenue,1st_avenue#0,691.2312746378208,40.74821,-73.970108,avenue_secondary,585.1761762033373,933.6917678235164,241.85639387918357,476.732713667011,2,Northbound/Southbound,True,False,11.44624979343295,False,False,True,4.926159020252647,n00039,True
1st_avenue_039,1st Avenue,1st_avenue,1st_avenue#0,724.6692287852711,40.748484,-73.970276,avenue_secondary,604.797771213417,906.6161369568606,261.59452182196975,449.5789775335947,2,Northbound/Southbound,True,False,11.072128719640078,False,False,True,8.715041284627883,n00034,False
1st_avenue_040,1st Avenue,1st_avenue,1st_avenue#0,751.4128719407234,40.748369,-73.969997,avenue_secondary,605.0867181695974,933.358219128649,261.84166815937255,476.3666664289648,2,Northbound/Southbound,True,False,11.111415671740719,False,False,True,4.941208675913359,n00040,True
1st_avenue_041,1st Avenue,1st_avenue,1st_avenue#0,784.5083165859445,40.748641,-73.970161,avenue_secondary,624.6784963434467,906.6848113176554,281.5492232406938,449.61589408968376,2,Northbound/Southbound,True,False,10.97360675134143,False,False,True,8.763816668762946,n00035,False
1st_avenue_042,1st Avenue,1st_avenue,1st_avenue#0,810.9243844346494,40.748528,-73.969885,avenue_secondary,625.0381461590143,933.0984307704593,281.8678625613409,476.0744410431325,2,Northbound/Southbound,True,False,10.781272048131221,False,False,True,4.91658563603786,n00041,True
1st_avenue_043,1st Avenue,1st_avenue,1st_avenue#0,843.8141859214355,40.748799,-73.970046,avenue_secondary,644.6559019362405,906.699894824212,301.60105133203797,449.5989724533736,2,Northbound/Southbound,True,False,14.010519923924447,False,False,True,8.703909768226515,n00036,False
1st_avenue_044,1st Avenue,1st_avenue,1st_avenue#0,869.6056813915708,40.748688,-73.969777,avenue_secondary,644.9227105230598,932.490010212942,301.82750315331714,475.4330900576622,2,Northbound/Southbound,True,False,6.660713247809712,False,False,True,4.931131812184883,n00042,True
1st_avenue_045,1st Avenue,1st_avenue,1st_avenue#0,898.9316486517537,40.748937,-73.969897,avenue_secondary,664.0898230276827,910.2946468687558,321.1016300779478,453.1687576465654,2,Northbound/Southbound,True,False,11.912110243869565,False,False,True,11.207061237960408,n00036,False
1st_avenue_046,1st Avenue,1st_avenue,1st_avenue#0,918.125673713001,40.748857,-73.969695,avenue_secondary,664.614362476223,929.4815032141479,321.59736065902223,472.38782718348295,2,Northbound/Southbound,True,False,14.165779598535538,False,False,True,4.927830267165967,n00043,True
2nd_avenue_001,2nd Avenue,2nd_avenue,2nd_avenue#0,0.0,40.744777,-73.975898,avenue_secondary,16.542081357575512,690.5968279098503,-328.50697040922375,234.130710703842,2,Northbound/Southbound,True,False,9.859505526813752,False,False,True,5.72132003891583,n00052,False
2nd_avenue_002,2nd Avenue,2nd_avenue,2nd_avenue#0,19.922120332799324,40.744934,-73.975782,avenue_secondary,36.46369251007479,690.7392626077037,-308.51134886941054,234.24144911252756,2,Northbound/Southbound,True,False,20.45424690298708,False,False,True,5.728889159765041,n00051,False
2nd_avenue_003,2nd Avenue,2nd_avenue,2nd_avenue#0,39.899531619247654,40.745092,-73.975667,avenue_secondary,56.44109810228758,690.7543461132119,-288.4595207786479,234.2245274751682,2,Northbound/Southbound,True,False,39.24258356818233,False,False,True,5.6804687448667455,n00050,False
2nd_avenue_004,2nd Avenue,2nd_avenue,2nd_avenue#0,59.821651952047034,40.745249,-73.975551,avenue_secondary,76.36270925478692,690.8967808110654,-268.46389923883464,234.33526588385376,2,Northbound/Southbound,True,False,26.412790671283098,False,False,True,5.687689441100507,n00049,False
2nd_avenue_005,2nd Avenue,2nd_avenue,2nd_avenue#0,79.74377228425789,40.745406,-73.975435,avenue_secondary,96.2843204067052,691.0392155078705,-248.46827769960296,234.4460042914902,2,Northbound/Southbound,True,False,6.906058310013679,False,False,True,5.695078293822569,n00048,False
2nd_avenue_006,2nd Avenue,2nd_avenue,2nd_avenue#0,99.665892616373,40.745563,-73.975319,avenue_secondary,116.20593155851753,691.1816502061047,-228.47265616047983,234.5567427005583,2,Northbound/Southbound,True,False,13.839563893758394,False,False,True,5.702599883417117,n00047,False
2nd_avenue_007,2nd Avenue,2nd_avenue,2nd_avenue#0,119.54673635761358,40.74572,-73.975204,avenue_secondary,136.08665668854724,691.2503245668997,-208.51795474175583,234.5936592566474,2,Northbound/Southbound,True,False,33.56764502692496,False,False,True,5.751058081583693,n00046,False
2nd_avenue_008,2nd Avenue,2nd_avenue,2nd_avenue#0,139.56522512172432,40.745878,-73.975088,avenue_secondary,156.1049483032297,691.3391684094663,-188.42520652990396,234.6505594718845,2,Northbound/Southbound,True,False,25.54421973969193,False,False,True,5.66162165193695,n00045,False
2nd_avenue_009,2nd Avenue,2nd_avenue,2nd_avenue#0,159.48734545452368,40.746035,-73.974972,avenue_secondary,176.026559455729,691.4816031073196,-168.42958499009077,234.76129788057003,2,Northbound/Southbound,True,False,8.451509757195618,False,False,True,5.669000610940787,n00044,False
2nd_avenue_010,2nd Avenue,2nd_avenue,2nd_avenue#0,179.4094657867346,40.746192,-73.974856,avenue_secondary,195.94817060764734,691.6240378041248,-148.43396345085898,234.87203628820652,2,Northbound/Southbound,True,False,16.85617481364384,False,False,True,14.323646931875908,n00044,False
2nd_avenue_011,2nd Avenue,2nd_avenue,2nd_avenue#0,199.2903095285598,40.746349,-73.974741,avenue_secondary,215.82889573825804,691.692712165968,-128.47926203155347,234.90895284534471,2,Northbound/Southbound,True,False,35.89908739528516,False,False,True,34.27491216431106,n00044,False
2nd_avenue_012,2nd Avenue,2nd_avenue,2nd_avenue#0,219.26772081500806,40.746507,-73.974626,avenue_secondary,235.80630133047077,691.7077956714763,-108.4274339407908,234.89203120798535,2,Northbound/Southbound,True,False,22.470004346712837,False,False,True,22.743058466129234,n00075,False
2nd_avenue_013,2nd Avenue,2nd_avenue,2nd_avenue#0,239.14856455624866,40.746664,-73.974511,avenue_secondary,255.68702646050048,691.7764700322713,-88.47273252206678,234.9289477640745,2,Northbound/Southbound,True,False,2.8167585571098526,True,False,False,2.7920339213491396,n00075,True
2nd_avenue_014,2nd Avenue,2nd_avenue,2nd_avenue#0,259.08517047529614,40.746822,-73.974397,avenue_secondary,275.6235460314056,691.7177932028176,-68.46182455123031,234.8382042762169,2,Northbound/Southbound,True,False,17.427015079866557,False,False,True,2.7842382156038417,n00074,True
2nd_avenue_015,2nd Avenue,2nd_avenue,2nd_avenue#0,279.02177639376566,40.74698,-73.974283,avenue_secondary,295.5600656017297,691.6591163723157,-48.45091658097532,234.74746078731025,2,Northbound/Southbound,True,False,37.34172052170207,False,False,True,2.7768003030088155,n00073,True
2nd_avenue_016,2nd Avenue,2nd_avenue,2nd_avenue#0,298.999187680214,40.747138,-73.974168,avenue_secondary,315.5374711939425,691.6741998778239,-28.399088490212677,234.73053914995089,2,Northbound/Southbound,True,False,21.086325462091484,False,False,True,2.7283557869472372,n00072,True
2nd_avenue_017,2nd Avenue,2nd_avenue,2nd_avenue#0,318.93579359926144,40.747296,-73.974054,avenue_secondary,335.47399076484766,691.6155230483703,-8.38818051937622,234.6397956620933,2,Northbound/Southbound,True,False,7.430050398777613,False,False,True,2.720704846288123,n00071,True
2nd_avenue_018,2nd Avenue,2nd_avenue,2nd_avenue#0,338.7756333593015,40.747453,-73.97394,avenue_secondary,355.31382987298866,691.610437073155,11.52560077884013,234.60289036663508,2,Northbound/Southbound,True,False,21.35497074284216,False,False,True,2.8104839633825573,n00070,True
2nd_avenue_019,2nd Avenue,2nd_avenue,2nd_avenue#0,358.712239277771,40.747611,-73.973826,avenue_secondary,375.25034944331276,691.5517602426531,31.53650874909509,234.5121468777284,2,Northbound/Southbound,True,False,40.65241803581638,False,False,True,2.802802455153807,n00069,True
2nd_avenue_020,2nd Avenue,2nd_avenue,2nd_avenue#0,378.6488451962406,40.747769,-73.973712,avenue_secondary,395.1868690136369,691.4930834121512,51.54741671935006,234.42140338882172,2,Northbound/Southbound,True,False,22.400859289118458,False,False,True,2.795411519141943,n00068,True
2nd_avenue_021,2nd Avenue,2nd_avenue,2nd_avenue#0,398.6262564832707,40.747927,-73.973597,avenue_secondary,415.1642746064307,691.5081669187077,71.59924481069422,234.40448175251143,2,Northbound/Southbound,True,False,9.47141901848831,False,False,True,2.74707103188341,n00067,True
2nd_avenue_022,2nd Avenue,2nd_avenue,2nd_avenue#0,418.5628624024283,40.748085,-73.973483,avenue_secondary,435.1007941774418,691.449490087825,91.61015278163931,234.31373826322223,2,Northbound/Southbound,True,False,21.80836370948307,False,False,True,2.7394290129678684,n00066,True
2nd_avenue_023,2nd Avenue,2nd_avenue,2nd_avenue#0,438.49946832089785,40.748243,-73.973369,avenue_secondary,455.0373137477659,691.3908132573231,111.62106075189426,234.2229947743155,2,Northbound/Southbound,True,False,39.7054270810826,False,False,True,2.7321256783786123,n00065,True
2nd_avenue_024,2nd Avenue,2nd_avenue,2nd_avenue#0,458.3393080808316,40.7484,-73.973255,avenue_secondary,474.877152855801,691.3857272835369,131.534842050002,234.18608948028896,2,Northbound/Southbound,True,False,20.787137620562234,False,False,True,2.82161630193066,n00064,True
2nd_avenue_025,2nd Avenue,2nd_avenue,2nd_avenue#0,478.3167193679665,40.748558,-73.97314,avenue_secondary,494.8545584487007,691.4008107886643,151.5866701414548,234.1691678425471,2,Northbound/Southbound,True,False,8.651700155060704,False,False,True,2.77360122868294,n00063,True
2nd_avenue_026,2nd Avenue,2nd_avenue,2nd_avenue#0,498.25332528643605,40.748716,-73.973026,avenue_secondary,514.7910780190248,691.3421339581624,171.59757811170974,234.0784243536404,2,Northbound/Southbound,True,False,22.701202437868883,False,False,True,2.7659131816141453,n00062,True
2nd_avenue_027,2nd Avenue,2nd_avenue,2nd_avenue#0,518.1899312054835,40.748874,-73.972912,avenue_secondary,534.7275975899299,691.2834571287087,191.6084860825462,233.9876808657828,2,Northbound/Southbound,True,False,37.4310211798104,False,False,True,2.758428873444452,n00061,True
2nd_avenue_028,2nd Avenue,2nd_avenue,2nd_avenue#0,538.1265371239531,40.749032,-73.972798,avenue_secondary,554.6641171602541,691.2247802982068,211.61939405280117,233.89693737687608,2,Northbound/Southbound,True,False,18.37313514925977,False,False,True,2.751296043260843,n00060,True
2nd_avenue_029,2nd Avenue,2nd_avenue,2nd_avenue#0,558.0486574561639,40.749189,-73.972682,avenue_secondary,574.5857283121725,691.367214995012,231.61501559203293,234.0076757845126,2,Northbound/Southbound,True,False,8.11558872122936,False,False,True,2.7585679100080043,n00059,True
2nd_avenue_030,2nd Avenue,2nd_avenue,2nd_avenue#0,577.9163059844074,40.749345,-73.972565,avenue_secondary,594.4515450236903,691.6370008845431,251.5544305796251,234.24607423857643,2,Northbound/Southbound,True,False,24.15597527178974,False,False,True,2.821232222030192,n00058,True
2nd_avenue_031,2nd Avenue,2nd_avenue,2nd_avenue#0,597.8799738270187,40.749502,-73.972448,avenue_secondary,614.4140421980783,691.8531959184065,271.59097223994604,234.4306344988094,2,Northbound/Southbound,True,False,42.62936959987903,False,False,True,2.7873577396104965,n00057,True
2nd_avenue_032,2nd Avenue,2nd_avenue,2nd_avenue#0,617.8436416696301,40.749659,-73.972331,avenue_secondary,634.3765393724663,692.0693909522702,291.62751390026693,234.61519475904225,2,Northbound/Southbound,True,False,23.130660467486756,False,False,True,2.7539247377975835,n00056,True
2nd_avenue_033,2nd Avenue,2nd_avenue,2nd_avenue#0,637.7533086112267,40.749815,-73.972213,avenue_secondary,654.2832421058729,692.4129371778114,311.60784900836677,234.92741506465347,2,Northbound/Southbound,True,False,6.958667085920608,False,False,True,2.774645633835351,n00055,True
2nd_avenue_034,2nd Avenue,2nd_avenue,2nd_avenue#0,657.6341523524671,40.749972,-73.972098,avenue_secondary,674.1639672359025,692.4816115386063,331.5625504270908,234.9643316207426,2,Northbound/Southbound,True,False,18.900032825326786,False,False,True,2.8234990972064664,n00054,True
3rd_avenue_001,3rd Avenue,3rd_avenue,3rd_avenue#0,0.0,40.745606,-73.978227,avenue_secondary,1.4666394908203415,474.38218576315194,-343.2919199887736,17.567755534146784,2,Northbound/Southbound,True,False,17.71973697504192,False,False,True,0.16364329602311284,n00076,True
3rd_avenue_002,3rd Avenue,3rd_avenue,3rd_avenue#0,19.86764852824354,40.745762,-73.97811,avenue_secondary,21.332456202338335,474.651971652683,-323.35250500118144,17.806153988210696,2,Northbound/Southbound,True,False,6.934893801094192,False,False,True,0.11156187996686806,n00077,True
3rd_avenue_003,3rd Avenue,3rd_avenue,3rd_avenue#0,39.76372286205884,40.74592,-73.977997,avenue_secondary,41.22808975077379,474.5195344861709,-303.3825171514342,17.641588647756677,2,Northbound/Southbound,True,False,24.03887722768952,False,False,True,0.06703507574318582,n00078,True
3rd_avenue_004,3rd Avenue,3rd_avenue,3rd_avenue#0,59.741134149088964,40.746078,-73.977882,avenue_secondary,61.20549534356758,474.53461799272736,-283.33068906009,17.624667011446405,2,Northbound/Southbound,True,False,41.14234318307157,False,False,True,0.11563939440994489,n00079,True
3rd_avenue_005,3rd Avenue,3rd_avenue,3rd_avenue#0,79.6777400682466,40.746236,-73.977768,avenue_secondary,81.14201491457868,474.47594116184473,-263.3197810891449,17.53392352215718,2,Northbound/Southbound,True,False,21.206275107545213,False,False,True,0.12985682004934107,n00080,True
3rd_avenue_006,3rd Avenue,3rd_avenue,3rd_avenue#0,99.5585838088015,40.746393,-73.977653,avenue_secondary,101.02274004392137,474.54461552302047,-243.365079671111,17.570840078628862,2,Northbound/Southbound,True,False,1.3687020333183162,True,False,False,0.07457360698254388,n00081,True
3rd_avenue_007,3rd Avenue,3rd_avenue,3rd_avenue#0,119.52225165141287,40.74655,-73.977536,avenue_secondary,120.98523721830935,474.76081055688405,-223.32853801079008,17.755400338861733,2,Northbound/Southbound,True,False,18.647326137412833,False,False,True,0.10905310243986015,n00082,True
3rd_avenue_008,3rd Avenue,3rd_avenue,3rd_avenue#0,139.43191859368963,40.746706,-73.977418,avenue_secondary,140.89193995240285,475.10435678204453,-203.34820290200008,18.06762064409044,2,Northbound/Southbound,True,False,38.55617853495474,False,False,True,0.08961114642255158,n00083,True
3rd_avenue_009,3rd Avenue,3rd_avenue,3rd_avenue#0,159.4374031763319,40.746863,-73.9773,avenue_secondary,160.8953231479925,475.394312152299,-183.2707411218616,18.326002756253168,2,Northbound/Southbound,True,False,19.647647010215625,False,False,True,0.16714326916253436,n00084,True
3rd_avenue_010,3rd Avenue,3rd_avenue,3rd_avenue#0,179.34707011860868,40.747019,-73.977182,avenue_secondary,180.80202588208604,475.7378583774595,-163.29040601307162,18.638223061481867,2,Northbound/Southbound,True,False,3.4886365141063562,True,False,False,0.14399114982982575,n00085,True
3rd_avenue_011,3rd Avenue,3rd_avenue,3rd_avenue#0,199.2796924903075,40.747179,-73.977073,avenue_secondary,200.72747626743907,475.2031981549042,-143.28984530116924,18.070693926509943,2,Northbound/Southbound,True,False,20.930053075378403,False,False,True,0.14867007865038173,n00086,True
3rd_avenue_012,3rd Avenue,3rd_avenue,3rd_avenue#0,219.2123148618621,40.747339,-73.976964,avenue_secondary,220.65292665268618,474.66853793377794,-123.28928458937548,17.503164792969642,2,Northbound/Southbound,True,False,37.49732535958223,False,False,True,0.15349190631398543,n00087,True
3rd_avenue_013,3rd Avenue,3rd_avenue,3rd_avenue#0,239.1449372335609,40.747499,-73.976855,avenue_secondary,240.5783770380392,474.1338777112227,-103.28872387747312,16.935635657997718,2,Northbound/Southbound,True,False,17.5680725115972,False,False,True,0.15831525619318085,n00088,True
3rd_avenue_014,3rd Avenue,3rd_avenue,3rd_avenue#0,259.07755960525975,40.747659,-73.976746,avenue_secondary,260.50382742339224,473.5992174886674,-83.28816316557074,16.368106523025794,2,Northbound/Southbound,True,False,2.417396047114033,True,False,False,0.16368280535963234,n00089,True
3rd_avenue_015,3rd Avenue,3rd_avenue,3rd_avenue#0,279.0141655243072,40.747817,-73.976632,avenue_secondary,280.4403469942974,473.5405406592137,-63.27725519473427,16.277363035168193,2,Northbound/Southbound,True,False,22.301809395963865,False,False,True,0.17323118990164135,n00090,True
3rd_avenue_016,3rd Avenue,3rd_avenue,3rd_avenue#0,298.89500926554774,40.747974,-73.976517,avenue_secondary,300.32107212432703,473.6092150200087,-43.32255377601024,16.314279591257332,2,Northbound/Southbound,True,False,35.38229483695934,False,False,True,0.12813334451708236,n00091,True
3rd_avenue_017,3rd Avenue,3rd_avenue,3rd_avenue#0,318.81712959834715,40.748131,-73.976401,avenue_secondary,320.24268327682637,473.75164971786205,-23.326932236197003,16.425017999942874,2,Northbound/Southbound,True,False,16.04019106192371,False,False,True,0.12471365898213839,n00092,True
3rd_avenue_018,3rd Avenue,3rd_avenue,3rd_avenue#0,338.75373551681673,40.748289,-73.976287,avenue_secondary,340.1792028471505,473.69297288736016,-3.3160242659420422,16.334274511036195,2,Northbound/Southbound,True,False,7.675194466385775,False,False,True,19.87389000432057,n00307,False
3rd_avenue_019,3rd Avenue,3rd_avenue,3rd_avenue#0,358.731146803265,40.748447,-73.976172,avenue_secondary,360.15660843936325,473.7080563928684,16.735803824820607,16.317352873676846,2,Northbound/Southbound,True,False,25.62497851496942,False,False,True,0.1718933967001997,n00094,True
3rd_avenue_020,3rd Avenue,3rd_avenue,3rd_avenue#0,378.6119905450902,40.748604,-73.976057,avenue_secondary,380.03733356997395,473.7767307547116,36.69050524412616,16.35426943081506,2,Northbound/Southbound,True,False,36.985957918408225,False,False,True,0.1232759694258613,n00095,True
3rd_avenue_021,3rd Avenue,3rd_avenue,3rd_avenue#0,398.4928342863307,40.748761,-73.975942,avenue_secondary,399.9180587000036,473.8454051155066,56.645206662850185,16.391185986904198,2,Northbound/Southbound,True,False,17.97275911603507,False,False,True,0.074887564698268,n00096,True
3rd_avenue_022,3rd Avenue,3rd_avenue,3rd_avenue#0,418.4702455733609,40.748919,-73.975827,avenue_secondary,419.89546429279744,473.8604886220631,76.69703475419435,16.374264350593926,2,Northbound/Southbound,True,False,8.371254465283828,False,False,True,0.12560230489778884,n00097,True
3rd_avenue_023,3rd Avenue,3rd_avenue,3rd_avenue#0,438.4068514918304,40.749077,-73.975713,avenue_secondary,439.83198386312154,473.80181179156114,96.70794272444932,16.283520861687244,2,Northbound/Southbound,True,False,24.789347442921635,False,False,True,0.13101203472048198,n00098,True
3rd_avenue_024,3rd Avenue,3rd_avenue,3rd_avenue#0,458.38426277827875,40.749235,-73.975598,avenue_secondary,459.8093894553343,473.81689529706944,116.75977081521197,16.266599224327898,2,Northbound/Southbound,True,False,34.0784814147354,False,False,True,0.1775272919741434,n00099,True
3rd_avenue_025,3rd Avenue,3rd_avenue,3rd_avenue#0,478.2241025388995,40.749392,-73.975484,avenue_secondary,479.64922856405633,473.81180932290243,136.6735521140098,16.22969392991878,2,Northbound/Southbound,True,False,15.095169980161844,False,False,True,0.0901816760663795,n00100,True
3rd_avenue_026,3rd Avenue,3rd_avenue,3rd_avenue#0,498.1877703809185,40.749549,-73.975367,avenue_secondary,499.61172573786325,474.0280043557178,156.71009377374924,16.4142541891026,2,Northbound/Southbound,True,False,8.962274204068843,False,False,True,0.12646837006610978,n00101,True
3rd_avenue_027,3rd Avenue,3rd_avenue,3rd_avenue#0,518.0686141227437,40.749706,-73.975252,avenue_secondary,519.492450868474,474.09667871756096,176.66479519305477,16.45117074624079,2,Northbound/Southbound,True,False,26.970383092133563,False,False,True,0.07367780264326543,n00102,True
3rd_avenue_028,3rd Avenue,3rd_avenue,3rd_avenue#0,538.0460254091921,40.749864,-73.975137,avenue_secondary,539.4698564606867,474.11176222306926,196.71662328381743,16.434249108881446,2,Northbound/Southbound,True,False,32.28798606058527,False,False,True,0.12469078122645406,n00103,True
3rd_avenue_029,3rd Avenue,3rd_avenue,3rd_avenue#0,557.9268691503318,40.750021,-73.975022,avenue_secondary,559.3505815906105,474.18043658529325,216.67132470243288,16.4711656664022,2,Northbound/Southbound,True,False,13.009460011639952,False,False,True,0.07389098217776181,n00104,True
3rd_avenue_030,3rd Avenue,3rd_avenue,3rd_avenue#0,577.9200486361383,40.75018,-73.974909,avenue_secondary,579.342895601916,473.9944085631136,236.73843922490883,16.25276213211717,2,Northbound/Southbound,True,False,9.530350766623632,False,False,True,0.1382048065051274,n00105,True
3rd_avenue_031,3rd Avenue,3rd_avenue,3rd_avenue#0,597.8421689683491,40.750337,-73.974793,avenue_secondary,599.2645067538343,474.1368432599188,256.73406076414057,16.36350053975363,2,Northbound/Southbound,True,False,28.363400192022002,False,False,True,0.13174153473409342,n00106,True
3rd_avenue_032,3rd Avenue,3rd_avenue,3rd_avenue#0,617.7642893011486,40.750494,-73.974677,avenue_secondary,619.1861179063337,474.2792779577722,276.72968230395384,16.47423894843918,2,Northbound/Southbound,True,False,35.73256280881255,False,False,True,0.12491803593409957,n00107,True
3rd_avenue_033,3rd Avenue,3rd_avenue,3rd_avenue#0,637.6451330417034,40.750651,-73.974562,avenue_secondary,639.0668430356764,474.347952318948,296.68438372198773,16.511155504910846,2,Northbound/Southbound,True,False,16.297312830254796,False,False,True,0.07547803737754381,n00108,True
3rd_avenue_034,3rd Avenue,3rd_avenue,3rd_avenue#0,657.6225443287335,40.750809,-73.974447,avenue_secondary,659.0442486284701,474.3630358255044,316.73621181333186,16.49423386860059,2,Northbound/Southbound,True,False,6.803664990001794,False,False,True,0.12765697557969313,n00109,True
Park_Ave_East_001,Park Avenue,Park_Ave_East,Park_Ave_East#0,0.0,40.74692,-73.98137,avenue_canyon,0.0,172.13506507366662,-344.2794116878882,-285.1977108344562,2,Northbound/Southbound,True,False,8.04590208661339,False,False,True,5.502272485769005,n00557,False
Park_Ave_East_002,Park Avenue,Park_Ave_East,Park_Ave_East#0,19.8802423693368,40.747072,-73.981244,avenue_canyon,19.84706905967738,173.28305740986525,-324.36022230398993,-284.0795629412407,2,Northbound/Southbound,True,False,8.776073223503644,False,False,True,3.841284473337464,n00120,True
Park_Ave_East_003,Park Avenue,Park_Ave_East,Park_Ave_East#0,39.82251371363715,40.747227,-73.981123,avenue_canyon,39.77974939714778,173.901475499772,-304.35425350582415,-283.4920388864899,2,Northbound/Southbound,True,False,9.723903971742734,False,False,True,5.472563265773349,n00558,False
Park_Ave_East_004,Park Avenue,Park_Ave_East,Park_Ave_East#0,59.79992500008548,40.747385,-73.981008,avenue_canyon,59.75715498936057,173.91655900528025,-284.3024254150614,-283.5089605238492,2,Northbound/Southbound,True,False,9.723903970776036,False,False,True,5.520767863410341,n00559,False
Park_Ave_East_005,Park Avenue,Park_Ave_East,Park_Ave_East#0,79.68076874191068,40.747542,-73.980893,avenue_canyon,79.63788011997127,173.98523336712344,-264.3477239957559,-283.4720439667111,2,Northbound/Southbound,True,False,9.656010639322373,False,False,True,5.47214434116709,n00560,False
Park_Ave_East_006,Park Avenue,Park_Ave_East,Park_Ave_East#0,99.65818002835896,40.7477,-73.980778,avenue_canyon,99.615285712184,174.00031687263174,-244.29589590499324,-283.4889656040704,2,Northbound/Southbound,True,False,2.3519026264813663,True,False,False,2.5579134450521908,n00192,True
Park_Ave_East_007,Park Avenue,Park_Ave_East,Park_Ave_East#0,119.53902376959954,40.747857,-73.980663,avenue_canyon,119.4960108422137,174.06899123342674,-224.3411944862692,-283.45204904798123,2,Northbound/Southbound,True,False,9.656010638359453,False,False,True,5.472405080247741,n00561,False
Park_Ave_East_008,Park Avenue,Park_Ave_East,Park_Ave_East#0,139.475629688647,40.748015,-73.980549,avenue_canyon,139.43253041311883,174.01031440397304,-204.33028651543273,-283.5427925358389,2,Northbound/Southbound,True,False,9.588378328542131,False,False,True,5.479987913818205,n00562,False
Park_Ave_East_009,Park Avenue,Park_Ave_East,Park_Ave_East#0,159.37170402246232,40.748173,-73.980436,avenue_canyon,159.3281639615543,173.87787723746095,-184.36029866568543,-283.7073578762929,2,Northbound/Southbound,True,False,9.387119958203392,False,False,True,5.4469801505663815,n00563,False
Park_Ave_East_010,Park Avenue,Park_Ave_East,Park_Ave_East#0,179.30830994093185,40.748331,-73.980322,avenue_canyon,179.26468353187843,173.819200406959,-164.34939069543051,-283.79810136519956,2,Northbound/Southbound,True,False,5.9529734176952145,False,False,True,1.6179868603967884,n00211,True
Park_Ave_East_011,Park Avenue,Park_Ave_East,Park_Ave_East#0,199.28572122796197,40.748489,-73.980207,avenue_canyon,199.24208912467222,173.8342839135155,-144.29756260408635,-283.8150230015098,2,Northbound/Southbound,True,False,9.253379053517463,False,False,True,5.502784083675321,n00564,False
Park_Ave_East_012,Park Avenue,Park_Ave_East,Park_Ave_East#0,219.16656496920254,40.748646,-73.980092,avenue_canyon,219.1228142547019,173.90295827431044,-124.34286118536232,-283.7781064454207,2,Northbound/Southbound,True,False,9.31982575784382,False,False,True,5.453950738187524,n00565,False
Park_Ave_East_013,Park Avenue,Park_Ave_East,Park_Ave_East#0,239.14397625565084,40.748804,-73.979977,avenue_canyon,239.10021984691465,173.91804177981874,-104.29103309459964,-283.79502808278005,2,Northbound/Southbound,True,False,9.253379052556223,False,False,True,5.5021479858768085,n00566,False
Park_Ave_East_014,Park Avenue,Park_Ave_East,Park_Ave_East#0,259.08058217469835,40.748962,-73.979863,avenue_canyon,259.03673941781983,173.85936495036503,-84.28012512376317,-283.88577157063764,2,Northbound/Southbound,True,False,1.2618661367363793,True,False,False,4.006867434067794,n00274,True
Park_Ave_East_015,Park Avenue,Park_Ave_East,Park_Ave_East#0,278.9614259159389,40.749119,-73.979748,avenue_canyon,278.9174645478495,173.92803931115998,-64.32542370503916,-283.84885501454846,2,Northbound/Southbound,True,False,9.185879350680938,False,False,True,5.461637613531586,n00567,False
Park_Ave_East_016,Park Avenue,Park_Ave_East,Park_Ave_East#0,298.9388372023872,40.749277,-73.979633,avenue_canyon,298.89487014006227,173.94312281666828,-44.2735956142765,-283.8657766519079,2,Northbound/Southbound,True,False,9.185879350680988,False,False,True,5.509740795818601,n00568,False
Park_Ave_East_017,Park Avenue,Park_Ave_East,Park_Ave_East#0,318.86095753518657,40.749434,-73.979517,avenue_canyon,318.81648129256155,174.08555751452167,-24.2779740744633,-283.7550382432223,2,Northbound/Southbound,True,False,9.185879350680995,False,False,True,5.502023855995749,n00569,False
Park_Ave_East_018,Park Avenue,Park_Ave_East,Park_Ave_East#0,338.783077867986,40.749591,-73.979401,avenue_canyon,338.7380924450609,174.227992212375,-4.282352534650045,-283.64429983453675,2,Northbound/Southbound,True,False,6.912343337386272,False,False,True,3.7709332950802166,n00293,True
Park_Ave_East_019,Park Avenue,Park_Ave_East,Park_Ave_East#0,358.71968378645556,40.749749,-73.979287,avenue_canyon,358.67461201538504,174.1693153818731,15.728555435604918,-283.73504332344345,2,Northbound/Southbound,True,False,9.185879351638238,False,False,True,5.501925972448201,n00570,False
Park_Ave_East_020,Park Avenue,Park_Ave_East,Park_Ave_East#0,378.6005275276961,40.749906,-73.979172,avenue_canyon,378.5553371454147,174.2379897426681,35.68325685432896,-283.6981267673543,2,Northbound/Southbound,True,False,9.185879350208413,False,False,True,5.452680550222681,n00571,False
Park_Ave_East_021,Park Avenue,Park_Ave_East,Park_Ave_East#0,398.53713344674355,40.750064,-73.979058,avenue_canyon,398.49185671631983,174.17931291321435,55.694164825165416,-283.7888702552119,2,Northbound/Southbound,True,False,9.118659963258823,False,False,True,5.460083000766076,n00572,False
Park_Ave_East_022,Park Avenue,Park_Ave_East,Park_Ave_East#0,418.5426180300672,40.750221,-73.97894,avenue_canyon,418.49523991259645,174.46926828308813,75.77162660599404,-283.53048814343174,2,Northbound/Southbound,True,False,8.46199076929192,False,False,True,8.54073288155144,n00363,False
Park_Ave_East_023,Park Avenue,Park_Ave_East,Park_Ave_East#0,438.4102665577155,40.750377,-73.978823,avenue_canyon,438.36105662353333,174.73905417157096,95.71104159300472,-283.2920896904169,2,Northbound/Southbound,True,False,9.185879350680947,False,False,True,5.475460098367865,n00573,False
Park_Ave_East_024,Park Avenue,Park_Ave_East,Park_Ave_East#0,458.319933499312,40.750533,-73.978705,avenue_canyon,458.2677593569399,175.08260039711223,115.69137670110456,-282.9798693848057,2,Northbound/Southbound,True,False,8.917516643788339,False,False,True,5.45481151878431,n00574,False
Park_Ave_East_025,Park Avenue,Park_Ave_East,Park_Ave_East#0,478.25244177567794,40.750704,-73.97863,avenue_canyon,477.86657008193583,171.45058933529265,135.3690467080233,-286.6495616070957,2,Northbound/Southbound,True,False,4.855582922536249,True,False,False,5.490054031150284,n00575,False
Park_Ave_East_026,Park Avenue,Park_Ave_East,Park_Ave_East#0,494.89912437353695,40.750807,-73.978486,avenue_canyon,493.712244878702,176.55221963834208,151.26559132118012,-281.5645488974019,2,Northbound/Southbound,True,False,4.359875585586388,True,False,False,1.7256736600423397,n00382,True
Park_Ave_East_027,Park Avenue,Park_Ave_East,Park_Ave_East#0,505.2208028835647,40.750877,-73.978567,avenue_canyon,497.1681094675781,166.826272527252,154.74992861187258,-291.3127924383805,2,Northbound/Southbound,True,False,6.746734434774152,False,False,True,8.722853173223566,n00382,False
Park_Ave_East_028,Park Avenue,Park_Ave_East,Park_Ave_East#0,524.4173069773979,40.750964,-73.97837,avenue_canyon,513.6338560312013,176.69465433619547,171.2612128609934,-281.4538104887164,2,Northbound/Southbound,True,False,14.9120353597923,False,False,True,20.016663174964606,n00382,False
Park_Ave_East_029,Park Avenue,Park_Ave_East,Park_Ave_East#0,544.3539128958674,40.751122,-73.978256,avenue_canyon,533.5703756015255,176.63597750569352,191.2721208312484,-281.544553977623,2,Northbound/Southbound,True,False,14.766375800277384,False,False,True,37.517975734818066,n00426,False
Park_Ave_East_030,Park Avenue,Park_Ave_East,Park_Ave_East#0,564.2905188143368,40.75128,-73.978142,avenue_canyon,553.5068951718495,176.57730067519162,211.2830288015033,-281.63529746652966,2,Northbound/Southbound,True,False,14.62204658138604,False,False,True,17.555562169345063,n00426,False
Park_Ave_East_031,Park Avenue,Park_Ave_East,Park_Ave_East#0,596.5390076278138,40.751568,-73.978081,avenue_canyon,583.8449156922487,165.6425148219256,241.7516377763831,-292.6375642627871,2,Northbound/Southbound,True,False,14.147601448427055,False,False,True,15.925055589615189,n00426,False
Park_Ave_East_032,Park Avenue,Park_Ave_East,Park_Ave_East#0,616.516418914844,40.751726,-73.977966,avenue_canyon,603.8223212850426,165.6575983284821,261.80346586772725,-292.6544858990974,2,Northbound/Southbound,True,False,33.40308658297506,False,False,True,34.30551747632457,n00426,False
Park_Ave_East_033,Park Avenue,Park_Ave_East,Park_Ave_East#0,636.3972626560844,40.751883,-73.977851,avenue_canyon,623.7030464150721,165.7262726892771,281.7581672864513,-292.61756934300826,2,Northbound/Southbound,True,False,30.252714030266105,False,False,True,31.286554286124726,n00468,False
Park_Ave_East_034,Park Avenue,Park_Ave_East,Park_Ave_East#0,656.4157514201952,40.752041,-73.977735,avenue_canyon,643.7213380297546,165.81511653184373,301.8509154983032,-292.56066912777123,2,Northbound/Southbound,True,False,11.28012522386881,False,False,True,13.702749304394283,n00468,False
Park_Ave_East_035,Park Avenue,Park_Ave_East,Park_Ave_East#0,675.924835140126,40.752195,-73.977622,avenue_canyon,663.2302497287708,165.89704278685934,321.43239665920584,-292.5098816940487,2,Northbound/Southbound,True,False,4.32070976129406,True,False,False,13.903716837734354,n00468,False
Park_Ave_East_036,Park Avenue,Park_Ave_East,Park_Ave_East#0,694.0430061219487,40.752267,-73.977429,avenue_canyon,678.082245268077,176.2742460819187,336.32310034168455,-282.1386142479829,2,Northbound/Southbound,True,False,15.720363318315055,False,False,True,24.635534847838578,n00469,False
Park_Ave_East_037,Park Avenue,Park_Ave_East,Park_Ave_East#0,713.9948721527486,40.752181,-73.977221,avenue_canyon,678.2720180733709,196.22520957728295,336.48159161208457,-262.15358443889374,2,Northbound/Southbound,True,False,24.755965545392634,False,False,True,24.645789424197254,n00470,False
Park_Ave_East_038,Park Avenue,Park_Ave_East,Park_Ave_East#0,733.3053012229444,40.75213,-73.977002,avenue_canyon,682.2953533059406,215.11185683086995,340.48963773955535,-243.24085103635588,2,Northbound/Southbound,True,False,28.81435264740422,False,False,True,28.56461932436821,n00471,False
Park_Ave_Tunnel_Segment_001,Park Ave Tunnel Segment,Park_Ave_Tunnel_Segment,Park_Ave_Tunnel_Segment#0,0.0,40.746964,-73.981446,avenue_canyon,1.1466026746892908,164.17128188389023,-343.11576727456264,-293.17705208421194,2,Northbound/Southbound,False,True,8.04590208661339,False,False,False,9.14078577388153,n00594,False
Park_Ave_Tunnel_Segment_002,Park Ave Tunnel Segment,Park_Ave_Tunnel_Segment,Park_Ave_Tunnel_Segment#2,0.0,40.744502,-73.975202,avenue_canyon,18.411625496445026,756.671507144081,-326.73640134201764,300.31622274669235,2,Northbound/Southbound,False,True,3.5136261349238245,True,False,False,2.8490276928183547,n00147,True
Park_Ave_Tunnel_Segment_003,Park Ave Tunnel Segment,Park_Ave_Tunnel_Segment,Park_Ave_Tunnel_Segment#0,19.977411287030122,40.747122,-73.981331,avenue_canyon,21.124008267483077,164.18636539044672,-323.06393918321845,-293.1939737205222,2,Northbound/Southbound,False,True,5.4566174726837735,False,False,False,10.28355998129113,n00119,False
Park_Ave_Tunnel_Segment_004,Park Ave Tunnel Segment,Park_Ave_Tunnel_Segment,Park_Ave_Tunnel_Segment#2,19.958754696617092,40.744666,-73.975103,avenue_canyon,38.314937511855874,755.184880137419,-306.7565351468205,298.79512231958995,2,Northbound/Southbound,False,True,20.594346406857383,False,False,False,20.05799598257214,n00147,False
Park_Ave_Tunnel_Segment_005,Park Ave Tunnel Segment,Park_Ave_Tunnel_Segment,Park_Ave_Tunnel_Segment#0,39.858255028270655,40.747279,-73.981216,avenue_canyon,41.00473339751272,164.25503975124167,-303.1092377644944,-293.157057164433,2,Northbound/Southbound,False,True,9.723903971742734,False,False,False,9.313346638083784,n00593,False
Park_Ave_Tunnel_Segment_006,Park Ave Tunnel Segment,Park_Ave_Tunnel_Segment,Park_Ave_Tunnel_Segment#2,39.85262499630596,40.744826,-73.974995,avenue_canyon,58.199501875320266,754.5764595788536,-286.7968945554258,298.1537713330707,2,Northbound/Southbound,False,True,40.255389799171994,False,False,False,39.975908265185275,n00147,False
Park_Ave_Tunnel_Segment_007,Park Ave Tunnel Segment,Park_Ave_Tunnel_Segment,Park_Ave_Tunnel_Segment#0,59.835666315300834,40.747437,-73.981101,avenue_canyon,60.98213899030657,164.27012325779816,-283.0574096731503,-293.1739788007434,2,Northbound/Southbound,False,True,9.723903970776036,False,False,False,9.05489962607451,n00592,False
Park_Ave_Tunnel_Segment_008,Park Ave Tunnel Segment,Park_Ave_Tunnel_Segment,Park_Ave_Tunnel_Segment#2,59.748699330695274,40.744984,-73.974882,avenue_canyon,78.09513542433672,754.4440224133897,-266.82690670509703,297.9892059936658,2,Northbound/Southbound,False,True,24.593615592031973,False,False,False,24.64445041529691,n00165,False
Park_Ave_Tunnel_Segment_009,Park Ave Tunnel Segment,Park_Ave_Tunnel_Segment,Park_Ave_Tunnel_Segment#0,79.75778664751168,40.747594,-73.980985,avenue_canyon,80.90375014222485,164.41255795460336,-263.0617881339185,-293.06324039310687,2,Northbound/Southbound,False,True,9.656010639322373,False,False,False,8.921382755018461,n00591,False
Park_Ave_Tunnel_Segment_010,Park Ave Tunnel Segment,Park_Ave_Tunnel_Segment,Park_Ave_Tunnel_Segment#2,79.74187881581148,40.745143,-73.974769,avenue_canyon,98.08744943495532,754.257994391591,-246.75979218331116,297.77080245976333,2,Northbound/Southbound,False,True,4.629269912024719,True,False,False,4.579607381576222,n00165,True
Park_Ave_Tunnel_Segment_011,Park Ave Tunnel Segment,Park_Ave_Tunnel_Segment,Park_Ave_Tunnel_Segment#0,99.73519793454183,40.747752,-73.98087,avenue_canyon,100.88115573501867,164.42764146115985,-243.0099600425744,-293.0801620294171,2,Northbound/Southbound,False,True,9.601141348770343,False,False,False,9.149241082737358,n00193,False
Park_Ave_Tunnel_Segment_012,Park Ave Tunnel Segment,Park_Ave_Tunnel_Segment,Park_Ave_Tunnel_Segment#2,99.63795314962681,40.745301,-73.974656,avenue_canyon,117.9830829833908,754.1255572250788,-226.78980433356384,297.6062371193093,2,Northbound/Southbound,False,True,15.314974401262031,False,False,False,15.387745509361329,n00165,False
Park_Ave_Tunnel_Segment_013,Park Ave Tunnel Segment,Park_Ave_Tunnel_Segment,Park_Ave_Tunnel_Segment#0,119.61604167578236,40.747909,-73.980755,avenue_canyon,120.76188086504831,164.4963158219548,-223.0552586238503,-293.043245473328,2,Northbound/Southbound,False,True,9.656010638359453,False,False,False,8.825590293248238,n00590,False
Park_Ave_Tunnel_Segment_014,Park Ave Tunnel Segment,Park_Ave_Tunnel_Segment,Park_Ave_Tunnel_Segment#2,119.60960851999006,40.745461,-73.974546,avenue_canyon,137.9494193906324,753.6646573385337,-206.7483235011538,297.11252983588474,2,Northbound/Southbound,False,True,35.27371803347967,False,False,False,35.430277268970194,n00165,False
Park_Ave_Tunnel_Segment_015,Park Ave Tunnel Segment,Park_Ave_Tunnel_Segment,Park_Ave_Tunnel_Segment#0,139.59345296281245,40.748067,-73.98064,avenue_canyon,140.73928645784207,164.51139932851123,-203.00343053250617,-293.06016710963826,2,Northbound/Southbound,False,True,9.588378328542131,False,False,False,8.706984543970327,n00589,False
Park_Ave_Tunnel_Segment_016,Park Ave Tunnel Segment,Park_Ave_Tunnel_Segment,Park_Ave_Tunnel_Segment#2,139.52294415649527,40.74562,-73.974435,avenue_canyon,157.85996135816072,753.3311086443337,-186.7630492196932,296.746482598505,2,Northbound/Southbound,False,True,21.25864302628098,False,False,False,20.592809482788926,n00228,False
Park_Ave_Tunnel_Segment_017,Park Ave Tunnel Segment,Park_Ave_Tunnel_Segment,Park_Ave_Tunnel_Segment#0,159.47429670405302,40.748224,-73.980525,avenue_canyon,160.62001158787174,164.58007368930623,-183.04872911378217,-293.02325055354913,2,Northbound/Southbound,False,True,9.387119958203392,False,False,False,8.636936782805197,n00588,False
Park_Ave_Tunnel_Segment_018,Park Ave Tunnel Segment,Park_Ave_Tunnel_Segment,Park_Ave_Tunnel_Segment#2,159.41901849031058,40.745778,-73.974322,avenue_canyon,177.75559490659617,753.1986714778216,-166.79306136994586,296.58191725805096,2,Northbound/Southbound,False,True,5.122089482129004,False,False,False,2.157831084326773,n00228,True
Park_Ave_Tunnel_Segment_019,Park Ave Tunnel Segment,Park_Ave_Tunnel_Segment,Park_Ave_Tunnel_Segment#0,179.45170799050132,40.748382,-73.98041,avenue_canyon,180.5974171800845,164.59515719481453,-162.99690102301952,-293.0401721909085,2,Northbound/Southbound,False,True,4.846506807781131,True,False,False,9.288915750374262,n00210,False
Park_Ave_Tunnel_Segment_020,Park Ave Tunnel Segment,Park_Ave_Tunnel_Segment,Park_Ave_Tunnel_Segment#0,199.33255173232652,40.748539,-73.980295,avenue_canyon,200.4781423106952,164.66383155665773,-143.04219960371393,-293.0032556337702,2,Northbound/Southbound,False,True,9.253379053517463,False,False,False,8.532203592166773,n00587,False
Park_Ave_Tunnel_Segment_021,Park Ave Tunnel Segment,Park_Ave_Tunnel_Segment,Park_Ave_Tunnel_Segment#0,219.30996301877485,40.748697,-73.98018,avenue_canyon,220.455547902908,164.67891506216597,-122.9903715129513,-293.0201772711296,2,Northbound/Southbound,False,True,9.31982575784382,False,False,False,8.575387207322374,n00586,False
Park_Ave_Tunnel_Segment_022,Park Ave Tunnel Segment,Park_Ave_Tunnel_Segment,Park_Ave_Tunnel_Segment#0,239.19080676060005,40.748854,-73.980065,avenue_canyon,240.3362730335187,164.74758942400922,-103.03567009364576,-292.9832607139914,2,Northbound/Southbound,False,True,9.253379052556223,False,False,False,8.667047562679816,n00585,False
Park_Ave_Tunnel_Segment_023,Park Ave Tunnel Segment,Park_Ave_Tunnel_Segment,Park_Ave_Tunnel_Segment#0,259.16821804704836,40.749012,-73.97995,avenue_canyon,260.3136786257314,164.76267292951746,-82.98384200288311,-293.00018235135076,2,Northbound/Southbound,False,True,9.185879351638238,False,False,False,7.277101650710503,n00275,False
Park_Ave_Tunnel_Segment_024,Park Ave Tunnel Segment,Park_Ave_Tunnel_Segment,Park_Ave_Tunnel_Segment#3,0.0,40.746458,-73.973556,avenue_canyon,274.81700220237593,773.2573073174336,-69.4021118293926,316.51948404881387,2,Northbound/Southbound,False,True,16.704931936110373,False,False,False,24.16733423056236,n00247,False
Park_Ave_Tunnel_Segment_025,Park Ave Tunnel Segment,Park_Ave_Tunnel_Segment,Park_Ave_Tunnel_Segment#0,279.0490617888736,40.749169,-73.979835,avenue_canyon,280.1944037563421,164.83134729136066,-63.02914058357756,-292.96326579421253,2,Northbound/Southbound,False,True,9.185879350680938,False,False,False,8.513710798302553,n00584,False
Park_Ave_Tunnel_Segment_026,Park Ave Tunnel Segment,Park_Ave_Tunnel_Segment,Park_Ave_Tunnel_Segment#3,19.93660591915758,40.746616,-73.973442,avenue_canyon,294.753521773387,773.1986304865509,-49.39120385844748,316.42874055952467,2,Northbound/Southbound,False,True,36.63692501273424,False,False,False,40.660965412920795,n00247,False
Park_Ave_Tunnel_Segment_027,Park Ave Tunnel Segment,Park_Ave_Tunnel_Segment,Park_Ave_Tunnel_Segment#0,299.02647307532186,40.749327,-73.97972,avenue_canyon,300.17180934855486,164.8464307968689,-42.9773124928149,-292.9801874315719,2,Northbound/Southbound,False,True,9.185879350680988,False,False,False,8.470020790350153,n00583,False
Park_Ave_Tunnel_Segment_028,Park Ave Tunnel Segment,Park_Ave_Tunnel_Segment,Park_Ave_Tunnel_Segment#3,39.92978540427377,40.746775,-73.973329,avenue_canyon,314.7458357840056,773.012602464752,-29.32408933666163,316.21033702562215,2,Northbound/Southbound,False,True,21.79634135720073,False,False,False,21.03678552923858,n00321,False
Park_Ave_Tunnel_Segment_029,Park Ave Tunnel Segment,Park_Ave_Tunnel_Segment,Park_Ave_Tunnel_Segment#0,318.94859340812127,40.749484,-73.979604,avenue_canyon,320.0934205010542,164.9888654947223,-22.981690953001703,-292.86944902288633,2,Northbound/Southbound,False,True,9.185879350680995,False,False,False,8.550675278687551,n00582,False
Park_Ave_Tunnel_Segment_030,Park Ave Tunnel Segment,Park_Ave_Tunnel_Segment,Park_Ave_Tunnel_Segment#3,59.79743393251725,40.746931,-73.973212,avenue_canyon,334.6116524955235,773.2823883542832,-9.384674349069428,316.4487354796861,2,Northbound/Southbound,False,True,5.759979215406923,False,False,False,1.2317802170814744,n00321,True
Park_Ave_Tunnel_Segment_031,Park Ave Tunnel Segment,Park_Ave_Tunnel_Segment,Park_Ave_Tunnel_Segment#0,338.8294371486762,40.749641,-73.979489,avenue_canyon,339.97414563039695,165.05753985589809,-3.026989534967754,-292.83253246641465,2,Northbound/Southbound,False,True,6.783822586662801,False,False,False,11.009781398233676,n00292,False
Park_Ave_Tunnel_Segment_032,Park Ave Tunnel Segment,Park_Ave_Tunnel_Segment,Park_Ave_Tunnel_Segment#3,79.81592269731321,40.747089,-73.973096,avenue_canyon,354.6299441108929,773.371232196469,10.708073863472508,316.50563569454056,2,Northbound/Southbound,False,True,19.708987541589167,False,False,False,19.01204872341519,n00321,False
Park_Ave_Tunnel_Segment_033,Park Ave Tunnel Segment,Park_Ave_Tunnel_Segment,Park_Ave_Tunnel_Segment#0,358.80684843581116,40.749799,-73.979374,avenue_canyon,359.95155122329663,165.07262336102553,17.024838556485022,-292.84945410415656,2,Northbound/Southbound,False,True,9.185879351638238,False,False,False,8.607603956072088,n00581,False
Park_Ave_Tunnel_Segment_034,Park Ave Tunnel Segment,Park_Ave_Tunnel_Segment,Park_Ave_Tunnel_Segment#3,99.69676643786812,40.747246,-73.972981,avenue_canyon,374.5106692402356,773.4399065576448,30.662775281506455,316.5425522510123,2,Northbound/Southbound,False,True,39.17551742718603,False,False,False,38.95910635922156,n00321,False
Park_Ave_Tunnel_Segment_035,Park Ave Tunnel Segment,Park_Ave_Tunnel_Segment,Park_Ave_Tunnel_Segment#0,378.6876921769508,40.749956,-73.979259,avenue_canyon,379.83227635322044,165.14129772324952,36.97953997510042,-292.8125375466358,2,Northbound/Southbound,False,True,9.185879350208413,False,False,False,8.719255644072344,n00580,False
Park_Ave_Tunnel_Segment_036,Park Ave Tunnel Segment,Park_Ave_Tunnel_Segment,Park_Ave_Tunnel_Segment#3,119.6188867706675,40.747403,-73.972865,avenue_canyon,394.4322803927349,773.5823412554981,50.658396821319656,316.65329065969775,2,Northbound/Southbound,False,True,22.405887247605243,False,False,False,22.46811149124623,n00335,False
Park_Ave_Tunnel_Segment_037,Park Ave Tunnel Segment,Park_Ave_Tunnel_Segment,Park_Ave_Tunnel_Segment#0,398.66510346408575,40.750114,-73.979144,avenue_canyon,399.8096819461201,165.15638122837703,57.0313680665532,-292.8294591843777,2,Northbound/Southbound,False,True,9.118659963258823,False,False,False,11.34414995136744,n00572,False
Park_Ave_Tunnel_Segment_038,Park Ave Tunnel Segment,Park_Ave_Tunnel_Segment,Park_Ave_Tunnel_Segment#3,139.54100710346688,40.74756,-73.972749,avenue_canyon,414.35389154523426,773.7247759533516,70.65401836113288,316.7640290683833,2,Northbound/Southbound,False,True,7.214715366300972,False,False,False,7.225630350030376,n00335,False
Park_Ave_Tunnel_Segment_039,Park Ave Tunnel Segment,Park_Ave_Tunnel_Segment,Park_Ave_Tunnel_Segment#0,418.5459472052253,40.750271,-73.979029,avenue_canyon,419.6904070760438,165.22505559060096,76.98606948516863,-292.79254262685697,2,Northbound/Southbound,False,True,5.765504888480259,False,False,False,5.79452550820501,n00364,False
Park_Ave_Tunnel_Segment_040,Park Ave Tunnel Segment,Park_Ave_Tunnel_Segment,Park_Ave_Tunnel_Segment#3,159.47761302193643,40.747718,-73.972635,avenue_canyon,434.2904111155584,773.6660991228496,90.66492633138787,316.67328557947667,2,Northbound/Southbound,False,True,19.981420333224534,False,False,False,20.060787172838744,n00335,False
Park_Ave_Tunnel_Segment_041,Park Ave Tunnel Segment,Park_Ave_Tunnel_Segment,Park_Ave_Tunnel_Segment#0,438.49790054177316,40.750427,-73.97891,avenue_canyon,439.63799583202604,165.64236215177164,97.00732471446628,-292.4065004700809,2,Northbound/Southbound,False,True,9.185879350680947,False,False,False,9.728243377343148,n00578,False
Park_Ave_Tunnel_Segment_042,Park Ave Tunnel Segment,Park_Ave_Tunnel_Segment,Park_Ave_Tunnel_Segment#3,179.45502430838476,40.747876,-73.97252,avenue_canyon,454.2678167077712,773.6811826283579,110.71675442215052,316.65636394211737,2,Northbound/Southbound,False,True,39.28736215715833,False,False,False,39.4381789804814,n00335,False
Park_Ave_Tunnel_Segment_043,Park Ave Tunnel Segment,Park_Ave_Tunnel_Segment,Park_Ave_Tunnel_Segment#0,458.44017188546024,40.750582,-73.978789,avenue_canyon,459.5706761689154,166.26078024063014,117.0132935120506,-291.8189764163792,2,Northbound/Southbound,False,True,8.917516643788339,False,False,False,10.417387141190265,n00577,False
Park_Ave_Tunnel_Segment_044,Park Ave Tunnel Segment,Park_Ave_Tunnel_Segment,Park_Ave_Tunnel_Segment#3,199.29486406842474,40.748033,-73.972406,avenue_canyon,474.10765581591215,773.6760966531426,130.63053572036685,316.6194586466591,2,Northbound/Southbound,False,True,20.857528290633873,False,False,False,20.047137447661157,n00410,False
Park_Ave_Tunnel_Segment_045,Park Ave Tunnel Segment,Park_Ave_Tunnel_Segment,Park_Ave_Tunnel_Segment#0,478.38244322976067,40.750737,-73.978668,avenue_canyon,479.50335650638584,166.8791983305369,137.01926231021645,-291.23145236162844,2,Northbound/Southbound,False,True,4.855582922536249,True,False,False,9.019343198523424,n00575,False
Park_Ave_Tunnel_Segment_046,Park Ave Tunnel Segment,Park_Ave_Tunnel_Segment,Park_Ave_Tunnel_Segment#3,219.23146998747222,40.748191,-73.972292,avenue_canyon,494.0441753868173,773.617419823689,150.64144369120334,316.5287151588015,2,Northbound/Southbound,False,True,6.167617863679766,False,False,False,0.10059413605277788,n00410,True
Park_Ave_Tunnel_Segment_047,Park Ave Tunnel Segment,Park_Ave_Tunnel_Segment,Park_Ave_Tunnel_Segment#1,0.0,40.74783,-73.97058,avenue_canyon,529.139398100777,919.2414141990234,185.6339614828671,462.3473132106185,2,Northbound/Southbound,False,True,1.6662088346673136,True,False,False,0.8588677202910582,n00026,True
Park_Ave_Tunnel_Segment_048,Park Ave Tunnel Segment,Park_Ave_Tunnel_Segment,Park_Ave_Tunnel_Segment#1,19.922535127238902,40.747996,-73.970488,avenue_canyon,548.9498688867526,917.1312831286685,205.5216401780062,460.2017834347387,2,Northbound/Southbound,False,True,6.328779519832308,False,False,False,6.343871292614444,n00027,False
Park_Ave_Tunnel_Segment_049,Park Ave Tunnel Segment,Park_Ave_Tunnel_Segment,Park_Ave_Tunnel_Segment#1,27.700940817019372,40.747991,-73.970396,avenue_canyon,552.2279805980958,924.18518833662,208.8006579130258,467.2625847629348,2,Northbound/Southbound,False,True,5.355710537621521,False,False,False,4.547814930219879,n00027,True
Park_Ave_Tunnel_Segment_050,Park Ave Tunnel Segment,Park_Ave_Tunnel_Segment,Park_Ave_Tunnel_Segment#1,45.81423360573909,40.748154,-73.970374,avenue_canyon,568.8863884570767,917.0726062981666,225.5325481482612,460.111039945832,2,Northbound/Southbound,False,True,10.001038493817404,False,False,False,11.029180032281946,n00032,False
Park_Ave_Tunnel_Segment_051,Park Ave Tunnel Segment,Park_Ave_Tunnel_Segment,Park_Ave_Tunnel_Segment#1,53.947207740650704,40.748147,-73.970278,avenue_canyon,572.1346833321893,924.5287345617803,228.78099302181585,467.5748050681635,2,Northbound/Southbound,False,True,8.428330828025544,False,False,False,7.155399394336568,n00038,False
Park_Ave_Tunnel_Segment_052,Park Ave Tunnel Segment,Park_Ave_Tunnel_Segment,Park_Ave_Tunnel_Segment#1,72.2493698829784,40.748312,-73.97026,avenue_canyon,588.8229080279818,917.0139294687128,245.54345611909764,460.0202964579744,2,Northbound/Southbound,False,True,11.239166138653937,False,False,False,11.518455583103115,n00033,False
Park_Ave_Tunnel_Segment_053,Park Ave Tunnel Segment,Park_Ave_Tunnel_Segment,Park_Ave_Tunnel_Segment#1,80.55026277476101,40.748305,-73.970162,avenue_canyon,592.1529749462907,924.6175784032989,248.8737412330861,467.6317052823515,2,Northbound/Southbound,False,True,11.44624979343295,False,False,False,9.231974464259526,n00039,False
Park_Ave_Tunnel_Segment_054,Park Ave Tunnel Segment,Park_Ave_Tunnel_Segment,Park_Ave_Tunnel_Segment#1,98.83920768183418,40.74847,-73.970146,avenue_canyon,608.759427598306,916.955252638211,265.55436408935265,459.92955296906786,2,Northbound/Southbound,False,True,11.072128719640078,False,False,False,11.390766864301915,n00034,False
Park_Ave_Tunnel_Segment_055,Park Ave Tunnel Segment,Park_Ave_Tunnel_Segment,Park_Ave_Tunnel_Segment#1,107.23499372166953,40.748462,-73.970047,avenue_canyon,612.0337000769014,924.6862527651421,268.8284426523917,467.6686218394898,2,Northbound/Southbound,False,True,11.111415671740719,False,False,False,8.871914910214933,n00040,False
Park_Ave_Tunnel_Segment_056,Park Ave Tunnel Segment,Park_Ave_Tunnel_Segment,Park_Ave_Tunnel_Segment#1,125.62818662684461,40.748628,-73.970032,avenue_canyon,628.69594716863,916.896575807709,285.56527205960754,459.83880948016105,2,Northbound/Southbound,False,True,10.97360675134143,False,False,False,11.282601630106033,n00035,False
Park_Ave_Tunnel_Segment_057,Park Ave Tunnel Segment,Park_Ave_Tunnel_Segment,Park_Ave_Tunnel_Segment#1,134.20384108430258,40.748619,-73.969931,avenue_canyon,631.9553112281327,924.8286874623279,288.8240641909333,467.77936024750875,2,Northbound/Southbound,False,True,10.781272048131221,False,False,False,8.450067429907346,n00041,False
Park_Ave_West_001,Park Avenue,Park_Ave_West,Park_Ave_West#1,0.0,40.747059,-73.981501,avenue_canyon,8.082515396335225,155.0233321287107,-336.13934004058626,-302.3518823193697,2,Northbound/Southbound,True,False,10.525563899803988,False,False,True,7.364738898471983,n00594,False
Park_Ave_West_002,Park Avenue,Park_Ave_West,Park_Ave_West#1,19.896074333815307,40.747217,-73.981388,avenue_canyon,27.97814894477068,154.89089496219862,-316.16935219083894,-302.51644765982365,2,Northbound/Southbound,True,False,11.549243044740363,False,False,True,11.660916549052624,n00119,False
Park_Ave_West_003,Park Avenue,Park_Ave_West,Park_Ave_West#1,39.8597421758343,40.747374,-73.981271,avenue_canyon,47.940646118577604,155.1070899950139,-296.13281053109955,-302.33188740063986,2,Northbound/Southbound,True,False,11.480064024938947,False,False,True,7.366559650988669,n00593,False
Park_Ave_West_004,Park Avenue,Park_Ave_West,Park_Ave_West#1,59.82341001844573,40.747531,-73.981154,avenue_canyon,67.90314329296564,155.32328502887754,-276.09626887077866,-302.147327140407,2,Northbound/Southbound,True,False,11.311331259047316,False,False,True,7.400382154028504,n00592,False
Park_Ave_West_005,Park Avenue,Park_Ave_West,Park_Ave_West#1,79.69105854668915,40.747687,-73.981037,avenue_canyon,87.76896000448352,155.59307091840856,-256.1568538831865,-301.90892868634313,2,Northbound/Southbound,True,False,11.176513679786815,False,False,True,7.337865277206737,n00591,False
Park_Ave_West_006,Park Avenue,Park_Ave_West,Park_Ave_West#1,99.66846983313745,40.747845,-73.980922,avenue_canyon,107.74636559669628,155.60815442391686,-236.1050257924238,-301.92585032370243,2,Northbound/Southbound,True,False,6.016824525230528,False,False,True,5.960233572839039,n00193,False
Park_Ave_West_007,Park Avenue,Park_Ave_West,Park_Ave_West#1,119.5905901659368,40.748002,-73.980806,avenue_canyon,127.66797674919559,155.7505891217702,-216.10940425261057,-301.8151119150169,2,Northbound/Southbound,True,False,11.143693098580822,False,False,True,7.379972075992926,n00590,False
Park_Ave_West_008,Park Avenue,Park_Ave_West,Park_Ave_West#1,139.51271049873625,40.748159,-73.98069,avenue_canyon,147.58958790169498,155.89302381962358,-196.11378271279733,-301.70437350633136,2,Northbound/Southbound,True,False,11.009224599573207,False,False,True,7.3724240976206,n00589,False
Park_Ave_West_009,Park Avenue,Park_Ave_West,Park_Ave_West#1,159.4348308309471,40.748316,-73.980574,avenue_canyon,167.51119905361327,156.03545851642878,-176.11816117356562,-301.5936350986949,2,Northbound/Southbound,True,False,10.977199694847531,False,False,True,7.364871090721528,n00588,False
Park_Ave_West_010,Park Avenue,Park_Ave_West,Park_Ave_West#1,179.31567457208666,40.748473,-73.980459,avenue_canyon,187.39192418353701,156.1041328786527,-156.1634597549502,-301.5567185411741,2,Northbound/Southbound,True,False,8.411615744397835,False,False,True,7.599812169932459,n00210,False
Park_Ave_West_011,Park Avenue,Park_Ave_West,Park_Ave_West#1,199.29308585922163,40.748631,-73.980344,avenue_canyon,207.36932977643673,156.1192163837802,-136.1116316634974,-301.57364017891604,2,Northbound/Southbound,True,False,10.977199694847576,False,False,True,7.364987322660323,n00587,False
Park_Ave_West_012,Park Avenue,Park_Ave_West,Park_Ave_West#1,219.27049714625176,40.748789,-73.980229,avenue_canyon,227.34673536923052,156.1342998903367,-116.05980357215324,-301.5905618152263,2,Northbound/Southbound,True,False,10.977199694396356,False,False,True,7.413133497525526,n00586,False
Park_Ave_West_013,Park Avenue,Park_Ave_West,Park_Ave_West#1,239.11033690560475,40.748946,-73.980115,avenue_canyon,247.1865744766846,156.1292139155023,-96.14602227462704,-301.62746711030195,2,Northbound/Southbound,True,False,11.009224598847673,False,False,True,7.323405584177696,n00585,False
Park_Ave_West_014,Park Avenue,Park_Ave_West,Park_Ave_West#1,259.0324572378156,40.749103,-73.979999,avenue_canyon,267.1081856286029,156.27164861230744,-76.15040073539532,-301.51672870266555,2,Northbound/Southbound,True,False,8.967969820735625,False,False,True,9.029842315458943,n00275,False
Park_Ave_West_015,Park Avenue,Park_Ave_West,Park_Ave_West#1,279.0509460019263,40.749261,-73.979883,avenue_canyon,287.1264772432853,156.36049245487408,-56.05765252354344,-301.4598284874284,2,Northbound/Southbound,True,False,10.945730879626481,False,False,True,7.405640187398007,n00584,False
Park_Ave_West_016,Park Avenue,Park_Ave_West,Park_Ave_West#1,298.9317897431669,40.749418,-73.979768,avenue_canyon,307.007202373315,156.42916681566913,-36.10295110481944,-301.4229119313393,2,Northbound/Southbound,True,False,10.843105216318003,False,False,True,7.3567780673933845,n00583,False
Park_Ave_West_017,Park Avenue,Park_Ave_West,Park_Ave_West#1,318.81263348499203,40.749575,-73.979653,avenue_canyon,326.88792750392565,156.49784117751227,-16.14824968551389,-301.3859953742011,2,Northbound/Southbound,True,False,9.186081196933248,False,False,True,7.307913323754687,n00582,False
Park_Ave_West_018,Park Avenue,Park_Ave_West,Park_Ave_West#1,338.79004477144036,40.749733,-73.979538,avenue_canyon,346.86533309613844,156.51292468302057,3.90357840524878,-301.4029170115604,2,Northbound/Southbound,True,False,10.977199694847558,False,False,True,11.53909276769875,n00292,False
Park_Ave_West_019,Park Avenue,Park_Ave_West,Park_Ave_West#1,358.7266506904878,40.749891,-73.979424,avenue_canyon,366.8018526670436,156.4542478535668,23.914486376085236,-301.493660499418,2,Northbound/Southbound,True,False,11.009224598388665,False,False,True,7.364436705502519,n00581,False
Park_Ave_West_020,Park Avenue,Park_Ave_West,Park_Ave_West#1,378.66325660895734,40.750049,-73.97931,avenue_canyon,386.7383722373677,156.39557102306492,43.92539434634021,-301.5844039883247,2,Northbound/Southbound,True,False,11.143693098580805,False,False,True,7.371890793772172,n00580,False
Park_Ave_West_021,Park Avenue,Park_Ave_West,Park_Ave_West#1,398.59986252811495,40.750207,-73.979196,avenue_canyon,406.6748918083788,156.33689419218223,63.936302317285296,-301.6751474776139,2,Northbound/Southbound,True,False,10.000671689968557,False,False,True,9.99885917638804,n00364,False
Park_Ave_West_022,Park Avenue,Park_Ave_West,Park_Ave_West#1,418.51319816392686,40.750366,-73.979085,avenue_canyon,426.58543377522005,156.00334549836305,83.92157659805582,-302.0411947146111,2,Northbound/Southbound,True,False,11.514396649743999,False,False,True,12.634892775460084,n00578,False
Park_Ave_West_023,Park Avenue,Park_Ave_West,Park_Ave_West#1,438.44980408239644,40.750524,-73.978971,avenue_canyon,446.5219533455442,155.94466866786115,103.93248456831076,-302.13193820351773,2,Northbound/Southbound,True,False,11.89260820660477,False,False,True,7.372547395175158,n00578,False
Park_Ave_West_024,Park Avenue,Park_Ave_West,Park_Ave_West#1,458.34587841621175,40.750682,-73.978858,avenue_canyon,466.41758689397966,155.812231501349,123.90247241805804,-302.29650354397177,2,Northbound/Southbound,True,False,12.49209178777252,False,False,True,7.3393610680510735,n00577,False
Park_Ave_West_025,Park Avenue,Park_Ave_West,Park_Ave_West#1,478.0985295284805,40.750835,-73.978737,avenue_canyon,486.15690630708394,156.53783130182921,143.71418787214668,-301.601303102324,2,Northbound/Southbound,True,False,8.897400457615163,False,False,True,7.184424953124923,n00576,False
Park_Ave_West_026,Park Avenue,Park_Ave_West,Park_Ave_West#1,498.08952334447974,40.75094,-73.978544,avenue_canyon,504.19935710598895,165.14653636823795,161.81007173949104,-293.0066960442664,2,Northbound/Southbound,True,False,7.229104848911599,False,False,True,14.29096433778284,n00382,False
Park_Ave_West_027,Park Avenue,Park_Ave_West,Park_Ave_West#1,510.8956684978792,40.751042,-73.978616,avenue_canyon,511.1169706898594,154.36952490892384,168.77074362816126,-303.8133651148295,2,Northbound/Southbound,True,False,18.425516135872723,False,False,True,17.20357184901309,n00381,False
Park_Ave_West_028,Park Avenue,Park_Ave_West,Park_Ave_West#1,527.8761943184829,40.751097,-73.978428,avenue_canyon,524.1209682584883,165.28897106609134,181.80569327930425,-292.8959576355808,2,Northbound/Southbound,True,False,14.766375800277384,False,False,True,31.948375493669346,n00382,False
Park_Ave_West_029,Park Avenue,Park_Ave_West,Park_Ave_West#1,540.6823394718824,40.751199,-73.9785,avenue_canyon,531.0385818423588,154.51195960677717,188.76636516797447,-303.702626706144,2,Northbound/Southbound,True,False,22.268411430331675,False,False,True,37.18974144795821,n00381,False
Park_Ave_West_030,Park Avenue,Park_Ave_West,Park_Ave_West#1,557.662865291367,40.751254,-73.978312,avenue_canyon,544.0425794104066,165.43140576289647,201.801314818536,-292.78521922794437,2,Northbound/Southbound,True,False,14.62204658138604,False,False,True,28.525705045584647,n00426,False
Park_Ave_West_031,Park Avenue,Park_Ave_West,Park_Ave_West#1,570.5092122630133,40.751356,-73.978385,avenue_canyon,550.9193069723884,154.58063396757223,208.7210665866985,-303.66571015005485,2,Northbound/Southbound,True,False,20.693890033495865,False,False,True,20.015937730736386,n00425,False
Park_Ave_West_032,Park Avenue,Park_Ave_West,Park_Ave_West#1,587.4897380833356,40.751411,-73.978197,avenue_canyon,563.9233045403304,165.50008012512046,221.7560162371514,-292.7483026704236,2,Northbound/Southbound,True,False,8.972544596918366,False,False,True,11.652022255927575,n00426,False
Park_Ave_West_033,Park Avenue,Park_Ave_West,Park_Ave_West#1,600.2958832374267,40.751513,-73.978269,avenue_canyon,570.8409181248878,154.72306866542556,228.71668812651177,-303.5549717413693,2,Northbound/Southbound,True,False,5.162690477244064,False,False,True,0.12673450785636026,n00425,True
Park_Ave_West_034,Park Avenue,Park_Ave_West,Park_Ave_West#0,0.0,40.752233,-73.97761,avenue_canyon,667.3947395644844,164.74571431523214,325.6142516529001,-293.66987082939823,2,Northbound/Southbound,True,False,4.32070976129406,True,True,False,16.50202380704164,n00468,False
Park_Ave_West_035,Park Avenue,Park_Ave_West,Park_Ave_West#0,37.24146009990806,40.75246,-73.977908,avenue_canyon,677.1571699820805,130.60000994771258,335.4678103194552,-327.89005258989647,2,Northbound/Southbound,True,False,25.745692555918993,False,True,False,24.643240266006316,n00467,False
Park_Ave_West_036,Park Avenue,Park_Ave_West,Park_Ave_West#0,17.236689145145952,40.752373,-73.9777,avenue_canyon,677.2502623251912,150.60456429836353,335.52917491781665,-307.8511845873588,2,Northbound/Southbound,True,False,20.746581682891637,False,True,False,24.634032163481105,n00468,False
Park_Ave_West_037,Park Avenue,Park_Ave_West,Park_Ave_West#0,56.1371676256919,40.752597,-73.978042,avenue_canyon,684.9236663878025,113.37417770425128,343.2908682605754,-345.15801324360405,2,Northbound/Southbound,True,False,32.49073811154879,False,True,False,31.989581532849993,n00466,False
Tunnel_Exit_Street_001,Tunnel Exit Street,Tunnel_Exit_Street,Tunnel_Exit_Street#0,0.0,40.745437,-73.977308,mid_block,22.70189555161039,551.2247892947187,-322.10073676277466,94.50869199393811,2,Northbound/Southbound,False,True,10.406722176572593,False,False,False,5.457247702792419,n00138,False
Tunnel_Exit_Street_002,Tunnel Exit Street,Tunnel_Exit_Street,Tunnel_Exit_Street#0,19.951953335869053,40.745593,-73.977189,mid_block,42.64948430690566,551.6420958562701,-302.0794815341672,94.89473415109671,2,Northbound/Southbound,False,True,26.071994497519224,False,False,False,24.71728385225888,n00138,False
Tunnel_Exit_Street_003,Tunnel Exit Street,Tunnel_Exit_Street,Tunnel_Exit_Street#0,39.83219570520585,40.745745,-73.977063,mid_block,62.49655336658304,552.7900881924686,-282.1602921502689,96.01288204431214,2,Northbound/Southbound,False,True,39.513326790497544,False,False,False,39.692774443796715,n00174,False
Tunnel_Exit_Street_004,Tunnel Exit Street,Tunnel_Exit_Street,Tunnel_Exit_Street#0,59.81206638081093,40.745893,-73.976927,mid_block,82.36576079688962,554.8900473123931,-262.2204082489753,98.08460122927552,2,Northbound/Southbound,False,True,19.642733870163852,False,False,False,19.71980117769612,n00174,False
Tunnel_Exit_Street_005,Tunnel Exit Street,Tunnel_Exit_Street,Tunnel_Exit_Street#0,79.66961558076633,40.746038,-73.976788,mid_block,102.06758490551988,557.3720600080183,-242.44914400307317,100.53930055104053,2,Northbound/Southbound,False,True,3.332784585001492,True,False,False,2.7881584720857,n00174,True
Tunnel_Exit_Street_006,Tunnel Exit Street,Tunnel_Exit_Street,Tunnel_Exit_Street#1,0.0,40.747299,-73.975834,mid_block,262.98691300611574,560.1613520517245,-80.93461519059288,103.07538499456209,2,Northbound/Southbound,False,True,6.5698796403232915,False,False,False,3.586517182905896,n00256,True
Tunnel_Exit_Street_007,Tunnel Exit Street,Tunnel_Exit_Street,Tunnel_Exit_Street#1,19.99317948637794,40.747458,-73.975721,mid_block,282.97922701800235,559.9753240305931,-60.86750066753535,102.85698146132611,2,Northbound/Southbound,False,True,20.964427038129237,False,False,False,20.297161333638364,n00256,False
Tunnel_Exit_Street_008,Tunnel Exit Street,Tunnel_Exit_Street,Tunnel_Exit_Street#1,39.88925382019325,40.747616,-73.975608,mid_block,302.8748605664378,559.842886864081,-40.89751281778808,102.69241612087212,2,Northbound/Southbound,False,True,32.072949929307235,False,False,False,32.700891901590715,n00311,False
Tunnel_Exit_Street_009,Tunnel Exit Street,Tunnel_Exit_Street,Tunnel_Exit_Street#1,59.843182488266066,40.747777,-73.975501,mid_block,322.81521937019664,559.1071151142187,-20.881665674862457,101.92340508935705,2,Northbound/Southbound,False,True,12.130425646584566,False,False,False,13.132486606664774,n00311,False
Tunnel_Exit_Street_010,Tunnel Exit Street,Tunnel_Exit_Street,Tunnel_Exit_Street#1,79.77580485996488,40.747937,-73.975392,mid_block,342.7406697555497,558.5724548916634,-0.8811049629600873,101.35587595438513,2,Northbound/Southbound,False,True,7.833411627419215,False,False,False,8.897545773758827,n00311,False
Tunnel_Exit_Street_011,Tunnel Exit Street,Tunnel_Exit_Street,Tunnel_Exit_Street#1,99.6566486012054,40.748094,-73.975277,mid_block,362.6213948855793,558.6411292524584,19.073596455763948,101.39279251047424,2,Northbound/Southbound,False,True,27.686228103637774,False,False,False,28.081861627809086,n00311,False
Tunnel_Exit_Street_012,Tunnel Exit Street,Tunnel_Exit_Street,Tunnel_Exit_Street#1,119.57876893400478,40.748251,-73.975161,mid_block,382.54300603807866,558.7835639503118,39.069217995577176,101.5035309191598,2,Northbound/Southbound,False,True,32.91365494748314,False,False,False,32.97658892123373,n00345,False
Tunnel_Exit_Street_013,Tunnel Exit Street,Tunnel_Exit_Street,Tunnel_Exit_Street#1,139.55618022045311,40.748409,-73.975046,mid_block,402.52041163029145,558.7986474558201,59.12104608633983,101.48660928180044,2,Northbound/Southbound,False,True,13.072624025029324,False,False,False,13.066617524776463,n00345,False
Tunnel_Exit_Street_014,Tunnel Exit Street,Tunnel_Exit_Street,Tunnel_Exit_Street#1,159.47830055256821,40.748566,-73.97493,mid_block,422.4420227821038,558.9410821540541,79.11666762546292,101.59734769086852,2,Northbound/Southbound,False,True,7.4351734618299625,False,False,False,7.5148584792793605,n00345,False
Tunnel_Exit_Street_015,Tunnel Exit Street,Tunnel_Exit_Street,Tunnel_Exit_Street#1,179.3591442938088,40.748723,-73.974815,mid_block,442.3227479121335,559.0097565148492,99.07136904418698,101.63426424695768,2,Northbound/Southbound,False,True,27.04749747535068,False,False,False,27.197670682908285,n00345,False
Tunnel_Exit_Street_016,Tunnel Exit Street,Tunnel_Exit_Street,Tunnel_Exit_Street#1,199.37763305791952,40.748881,-73.974699,mid_block,462.3410395268159,559.0986003574159,119.16411725603882,101.69116446219472,2,Northbound/Southbound,False,True,30.81139783097477,False,False,False,31.390121626181603,n00400,False
Tunnel_Exit_Street_017,Tunnel Exit Street,Tunnel_Exit_Street,Tunnel_Exit_Street#1,219.25847679974473,40.749038,-73.974584,mid_block,482.2217646574266,559.167274719259,139.11881867534436,101.72808101933292,2,Northbound/Southbound,False,True,10.957297724144004,False,False,False,12.141659361330362,n00400,False
Tunnel_Exit_Street_018,Tunnel Exit Street,Tunnel_Exit_Street,Tunnel_Exit_Street#1,239.13932054098527,40.749195,-73.974469,mid_block,502.10248978745625,559.2359490800541,159.0735200940684,101.76499757542209,2,Northbound/Southbound,False,True,9.015453748853473,False,False,False,10.276139988143084,n00400,False
Tunnel_Exit_Street_019,Tunnel Exit Street,Tunnel_Exit_Street,Tunnel_Exit_Street#1,259.0759264594548,40.749353,-73.974355,mid_block,522.0390093577804,559.1772722495521,179.08442806432336,101.67425408651542,2,Northbound/Southbound,False,True,28.921377508575606,False,False,False,29.356827141820617,n00400,False
Tunnel_Exit_Street_020,Tunnel Exit Street,Tunnel_Exit_Street,Tunnel_Exit_Street#1,279.01253237792434,40.749511,-73.974241,mid_block,541.9755289281045,559.1185954190502,199.0953360345783,101.58351059760872,2,Northbound/Southbound,False,True,29.298748146015413,False,False,False,29.813709444723766,n00444,False
Tunnel_Exit_Street_021,Tunnel Exit Street,Tunnel_Exit_Street,Tunnel_Exit_Street#1,298.9491382969718,40.749669,-73.974127,mid_block,561.9120484990096,559.0599185895965,219.1062440054148,101.49276710975111,2,Northbound/Southbound,False,True,9.362215455723966,False,False,False,10.622029267744463,n00444,False
east_34th_street_001,East 34th Street,east_34th_street,east_34th_street#0,0.0,40.747805,-73.983036,mid_block,17.446096609281085,1.8224379221155118,-326.49522765494805,-455.8317171448648,2,Eastbound/Westbound,True,False,12.363486477817354,False,False,True,6.416738220805116,n00111,False
east_34th_street_002,East 34th Street,east_34th_street,east_34th_street#0,19.946606625638363,40.747715,-73.982831,mid_block,17.126489498908597,21.76648382992869,-326.84800343549716,-435.85280011729014,2,Eastbound/Westbound,True,False,15.94042123553315,False,False,True,6.402812328455334,n00112,False
east_34th_street_003,East 34th Street,east_34th_street,east_34th_street#0,39.93104098287249,40.747627,-73.982624,mid_block,17.082015357947512,41.75086869985614,-326.92468562968213,-415.8339157728513,2,Eastbound/Westbound,True,False,33.961144600318065,False,False,True,6.435603061134397,n00113,False
east_34th_street_004,East 34th Street,east_34th_street,east_34th_street#0,59.8280592284635,40.747534,-73.982422,mid_block,16.349708794672836,61.634406165879795,-327.6916017885603,-395.91494971919064,2,Eastbound/Westbound,True,False,53.28409855045513,False,False,True,6.371964957901202,n00114,False
east_34th_street_005,East 34th Street,east_34th_street,east_34th_street#0,79.86653211942297,40.747445,-73.982215,mid_block,16.208554190841767,81.6723818914748,-327.86541065547397,-375.8422271809208,2,Eastbound/Westbound,True,False,73.1002139633572,False,False,True,6.448726200887841,n00115,False
east_34th_street_006,East 34th Street,east_34th_street,east_34th_street#0,99.72356902380032,40.747358,-73.982009,mid_block,16.219874489594133,101.52941556905716,-327.8858862987094,-355.9510028825267,2,Eastbound/Westbound,True,False,54.1092942284763,False,False,True,6.342889077371695,n00116,False
east_34th_street_007,East 34th Street,east_34th_street,east_34th_street#0,119.7080033810345,40.74727,-73.981802,mid_block,16.175400348633104,121.51380043898467,-327.9625684928943,-335.9321185380879,2,Eastbound/Westbound,True,False,34.4729386753709,False,False,True,6.36489982505685,n00117,False
east_34th_street_008,East 34th Street,east_34th_street,east_34th_street#0,139.71277433579667,40.747183,-73.981594,mid_block,16.268492691743745,141.51835478963568,-327.90120389453296,-315.8932505355502,2,Eastbound/Westbound,True,False,15.792233445902253,False,False,True,6.40713876928308,n00118,False
east_34th_street_009,East 34th Street,east_34th_street,east_34th_street#0,159.71754529055877,40.747096,-73.981386,mid_block,16.361585034854443,161.52290914028663,-327.8398392961715,-295.8543825330125,2,Eastbound/Westbound,True,False,5.4566174726837735,False,False,True,6.449303150089153,n00119,False
east_34th_street_010,East 34th Street,east_34th_street,east_34th_street#0,179.5953060471826,40.74701,-73.981179,mid_block,16.5104718189466,181.4001122992599,-327.72226814558906,-275.9431745758531,2,Eastbound/Westbound,True,False,8.776073223503644,False,False,True,6.363921919721993,n00120,False
east_34th_street_011,East 34th Street,east_34th_street,east_34th_street#0,199.57974040479903,40.746922,-73.980972,mid_block,16.46599767729856,201.38449716956814,-327.7989503404641,-255.9242902310317,2,Eastbound/Westbound,True,False,28.304108540297662,False,False,True,6.386108722494117,n00121,False
east_34th_street_012,East 34th Street,east_34th_street,east_34th_street#0,219.58451135956113,40.746835,-73.980764,mid_block,16.559090020409258,221.38905152021908,-327.7375857421027,-235.885422228494,2,Eastbound/Westbound,True,False,48.21822762719576,False,False,True,6.42786057226447,n00122,False
east_34th_street_013,East 34th Street,east_34th_street,east_34th_street#0,239.51537374712913,40.746748,-73.980557,mid_block,16.611296341050263,241.31984553381167,-327.7171412648305,-215.92037607855272,2,Eastbound/Westbound,True,False,68.11368998453533,False,False,True,6.396100677201887,n00123,False
east_34th_street_014,East 34th Street,east_34th_street,east_34th_street#0,259.44623613536794,40.746661,-73.98035,mid_block,16.663502662959274,261.2506395480717,-327.6966967862867,-195.95532992794483,2,Eastbound/Westbound,True,False,58.417514060025184,False,False,True,6.36437325101189,n00124,False
east_34th_street_015,East 34th Street,east_34th_street,east_34th_street#0,279.43067049298435,40.746573,-73.980143,mid_block,16.619028521311236,281.2350244183799,-327.7733789811616,-175.93644558312343,2,Eastbound/Westbound,True,False,38.48192117337106,False,False,True,6.386665946770776,n00125,False
east_34th_street_016,East 34th Street,east_34th_street,east_34th_street#0,299.4354414477465,40.746486,-73.979935,mid_block,16.71212086442199,301.2395787690309,-327.71201438280025,-155.89757758058573,2,Eastbound/Westbound,True,False,18.656570550963043,False,False,True,6.428521092256708,n00126,False
east_34th_street_017,East 34th Street,east_34th_street,east_34th_street#0,319.3873074781721,40.7464,-73.979727,mid_block,16.90189367040273,321.19054226401437,-327.5535231117101,-135.91254777187902,2,Eastbound/Westbound,True,False,4.02295104354412,True,False,False,6.4178655259519095,n00127,False
east_34th_street_018,East 34th Street,east_34th_street,east_34th_street#0,339.3336186547219,40.74632,-73.979515,mid_block,17.8352933377235,341.11500197093744,-326.6485913256674,-115.95525971805652,2,Eastbound/Westbound,True,False,22.036807811211194,False,False,True,6.4099339740204,n00128,False
east_34th_street_019,East 34th Street,east_34th_street,east_34th_street#0,359.2799298319976,40.74624,-73.979303,mid_block,18.768693006312333,361.03946167852786,-325.74365953835303,-95.99797166356748,2,Eastbound/Westbound,True,False,41.842183512463805,False,False,True,6.412438036070885,n00129,False
east_34th_street_020,East 34th Street,east_34th_street,east_34th_street#0,379.2107922206153,40.746153,-73.979096,mid_block,18.820899327534335,380.9702556931686,-325.72321506049934,-76.03292551257712,2,Eastbound/Westbound,True,False,61.6584059179815,False,False,True,6.380797454828473,n00130,False
east_34th_street_021,East 34th Street,east_34th_street,east_34th_street#0,399.2155631753775,40.746066,-73.978888,mid_block,18.913991670645032,400.9748100438196,-325.6618504621379,-55.99405751003938,2,Eastbound/Westbound,True,False,73.71684416352637,False,False,True,6.4231968889863715,n00131,False
east_34th_street_022,East 34th Street,east_34th_street,east_34th_street#0,419.14642556399525,40.745979,-73.978681,mid_block,18.96619799186709,420.9056040584604,-325.64140598428423,-36.02901135904904,2,Eastbound/Westbound,True,False,53.79843127352249,False,False,True,6.391580122295355,n00132,False
east_34th_street_023,East 34th Street,east_34th_street,east_34th_street#0,439.07728795156316,40.745892,-73.978474,mid_block,19.018404312508096,440.83639807205293,-325.620961507012,-16.063965209107693,2,Eastbound/Westbound,True,False,33.89465817405207,False,False,True,6.359987988190966,n00133,False
east_34th_street_024,East 34th Street,east_34th_street,east_34th_street#0,459.13543347843273,40.745804,-73.978266,mid_block,19.014816193435763,460.8945432779906,-325.65672358068923,4.028740986878489,2,Eastbound/Westbound,True,False,13.951282761655236,False,False,True,6.456050388363598,n00134,False
east_34th_street_025,East 34th Street,east_34th_street,east_34th_street#0,479.0041893860882,40.745709,-73.978066,mid_block,18.007376661330625,480.7377417829481,-326.69973332535017,23.90773972472404,2,Eastbound/Westbound,True,False,6.934893801094192,False,False,True,6.955520398899117,n00077,False
east_34th_street_026,East 34th Street,east_34th_street,east_34th_street#0,498.9507960117266,40.745619,-73.977861,mid_block,17.68776955095808,500.68178769076127,-327.0525091058993,43.88665675229869,2,Eastbound/Westbound,True,False,26.28374143387781,False,False,True,6.370965067627205,n00135,False
east_34th_street_027,East 34th Street,east_34th_street,east_34th_street#0,518.9768482438177,40.745533,-73.977652,mid_block,17.918428378827514,520.7065115217549,-326.85309771430144,63.94550841255271,2,Eastbound/Westbound,True,False,30.89088597662529,False,False,True,6.434305056598849,n00136,False
east_34th_street_028,East 34th Street,east_34th_street,east_34th_street#0,538.9287142746176,40.745447,-73.977444,mid_block,18.1082011841213,540.6574750171192,-326.6946064439014,83.9305382216419,2,Eastbound/Westbound,True,False,11.522593413961088,False,False,True,6.4235575464376256,n00137,False
east_34th_street_029,East 34th Street,east_34th_street,east_34th_street#0,558.8595766632352,40.74536,-73.977237,mid_block,18.1604075053433,560.5882690317599,-326.67416196604773,103.8955843726323,2,Eastbound/Westbound,True,False,10.406722176572593,False,False,True,6.391966393497876,n00138,False
east_34th_street_030,East 34th Street,east_34th_street,east_34th_street#0,578.7904390518529,40.745273,-73.97703,mid_block,18.21261382656536,580.5190630464007,-326.653717488194,123.86063052362267,2,Eastbound/Westbound,True,False,29.636263682274596,False,False,True,6.360532447587766,n00139,False
east_34th_street_031,East 34th Street,east_34th_street,east_34th_street#0,598.795210006615,40.745186,-73.976822,mid_block,18.305706169676114,600.5236173970516,-326.5923528898326,143.8994985261604,2,Eastbound/Westbound,True,False,49.49445356143655,False,False,True,6.40311794287675,n00140,False
east_34th_street_032,East 34th Street,east_34th_street,east_34th_street#0,618.7260723948538,40.745099,-73.976615,mid_block,18.35791249158507,620.4544114113116,-326.57190841128875,163.86454467676822,2,Eastbound/Westbound,True,False,69.36577518655756,False,False,True,6.3717715117369185,n00141,False
east_34th_street_033,East 34th Street,east_34th_street,east_34th_street#0,638.7105067514234,40.745011,-73.976408,mid_block,18.313438349356034,640.4387962805718,-326.6485906067453,183.88342902054055,2,Eastbound/Westbound,True,False,50.18930007995763,False,False,True,6.394174613469034,n00142,False
east_34th_street_034,East 34th Street,east_34th_street,east_34th_street#0,658.7152777061855,40.744924,-73.9762,mid_block,18.40653069246673,660.4433506312226,-326.5872260083839,203.92229702307827,2,Eastbound/Westbound,True,False,30.211063591258903,False,False,True,6.436545401294479,n00143,False
east_34th_street_035,East 34th Street,east_34th_street,east_34th_street#0,678.6461400948032,40.744837,-73.975993,mid_block,18.45873701368879,680.3741446458635,-326.5667815305302,223.88734317406863,2,Eastbound/Westbound,True,False,10.400808719513465,False,False,True,6.405309875190171,n00144,False
east_34th_street_036,East 34th Street,east_34th_street,east_34th_street#0,698.5569476044958,40.744749,-73.975787,mid_block,18.373376850839065,700.2847691797808,-326.6843838452227,243.8324056669602,2,Eastbound/Westbound,True,False,9.859505526813752,False,False,True,10.459067681177709,n00052,False
east_34th_street_037,East 34th Street,east_34th_street,east_34th_street#0,718.5413819617299,40.744661,-73.97558,mid_block,18.328902709878037,720.2691540497083,-326.76106603940764,263.8512900113991,2,Eastbound/Westbound,True,False,29.726077257101124,False,False,True,6.376707499501897,n00145,False
east_34th_street_038,East 34th Street,east_34th_street,east_34th_street#0,738.5258163179171,40.744573,-73.975373,mid_block,18.284428568335954,740.2535389185875,-326.83774823417406,283.87017435478884,2,Eastbound/Westbound,True,False,16.41846094223921,False,False,True,6.399427161037957,n00146,False
east_34th_street_039,East 34th Street,east_34th_street,east_34th_street#0,758.4566787065348,40.744486,-73.975166,mid_block,18.336634889558013,760.1843329332283,-326.81730375632037,303.83522050577926,2,Eastbound/Westbound,True,False,3.5136261349238245,True,False,False,6.368550100165795,n00147,False
east_34th_street_040,East 34th Street,east_34th_street,east_34th_street#0,778.4411130641513,40.744398,-73.974959,mid_block,18.292160747909975,780.1687178035367,-326.89398595119536,323.85410485060066,2,Eastbound/Westbound,True,False,23.497514349415287,False,False,True,6.392150905788357,n00148,False
east_34th_street_041,East 34th Street,east_34th_street,east_34th_street#0,798.37197545239,40.744311,-73.974752,mid_block,18.34436706981893,800.0995118177966,-326.87354147265154,343.8191510012085,2,Eastbound/Westbound,True,False,43.42805675638981,False,False,True,6.360932092981759,n00149,False
east_34th_street_042,East 34th Street,east_34th_street,east_34th_street#0,818.3767464071522,40.744224,-73.974544,mid_block,18.437459412929684,820.1040661684476,-326.8121768742901,363.8580190037462,2,Eastbound/Westbound,True,False,63.43256428500263,False,False,True,6.403752040887163,n00150,False
east_34th_street_043,East 34th Street,east_34th_street,east_34th_street#0,838.3076087947201,40.744137,-73.974337,mid_block,18.48966573357069,840.0348601820401,-326.79173239701794,383.82306515368754,2,Eastbound/Westbound,True,False,80.24608680034227,False,False,True,6.372662203067104,n00151,False
east_34th_street_044,East 34th Street,east_34th_street,east_34th_street#0,858.2920431523365,40.744049,-73.97413,mid_block,18.445191591922708,860.0192450523484,-326.86841459189304,403.84194949850894,2,Eastbound/Westbound,True,False,60.37264070209855,False,False,True,6.39513559919209,n00152,False
east_34th_street_045,East 34th Street,east_34th_street,east_34th_street#0,878.2229055405753,40.743962,-73.973923,mid_block,18.497397913831662,879.9500390666085,-326.8479701133491,423.80699564911674,2,Eastbound/Westbound,True,False,40.64391961723293,False,False,True,6.364042017254777,n00153,False
east_34th_street_046,East 34th Street,east_34th_street,east_34th_street#0,898.2073398981918,40.743874,-73.973716,mid_block,18.45292377218368,899.9344239369168,-326.92465230822415,443.8258799939382,2,Eastbound/Westbound,True,False,21.27696892551633,False,False,True,6.386762078973232,n00154,False
east_34th_street_047,East 34th Street,east_34th_street,east_34th_street#0,918.1382022857597,40.743787,-73.973509,mid_block,18.505130092824743,919.8652179505093,-326.9042078309519,463.79092614387946,2,Eastbound/Westbound,True,False,7.13197639520351,False,False,True,6.3556630604098086,n00155,False
east_35th_street_001,East 35th Street,east_35th_street,east_35th_street#0,0.0,40.748406,-73.982419,mid_block,100.7777300975342,15.12446124688961,-242.87438319484357,-442.64038896917066,2,Eastbound/Westbound,True,False,8.387733694475948,False,False,True,0.48467144744430196,n00200,True
east_35th_street_002,East 35th Street,east_35th_street,east_35th_street#0,19.930862387568038,40.748319,-73.982212,mid_block,100.82993641817524,35.05525526048223,-242.85393871757137,-422.67534281922934,2,Eastbound/Westbound,True,False,26.262231147073848,False,False,True,0.5178403144891874,n00199,True
east_35th_street_003,East 35th Street,east_35th_street,east_35th_street#0,39.882728418367854,40.748233,-73.982004,mid_block,101.01970922346902,55.00621875584642,-242.69544744717135,-402.6903130101402,2,Eastbound/Westbound,True,False,45.86605053433917,False,False,True,0.5282352252675473,n00198,True
east_35th_street_004,East 35th Street,east_35th_street,east_35th_street#0,59.83459444879348,40.748147,-73.981796,mid_block,101.20948202944976,74.95718225082987,-242.5369561760812,-382.7052832014335,2,Eastbound/Westbound,True,False,65.67981664544233,False,False,True,0.5401165950552579,n00197,True
east_35th_street_005,East 35th Street,east_35th_street,east_35th_street#0,79.78646047959342,40.748061,-73.981588,mid_block,101.39925483474357,94.90814574619418,-242.37846490568117,-362.72025339234426,2,Eastbound/Westbound,True,False,61.03095008682156,False,False,True,0.5524952664834922,n00196,True
east_35th_street_006,East 35th Street,east_35th_street,east_35th_street#0,99.79123143435552,40.747974,-73.98138,mid_block,101.49234717785424,114.91270009684513,-242.31710030731975,-342.68138538980656,2,Eastbound/Westbound,True,False,41.17320426284547,False,False,True,0.5109010530110499,n00195,True
east_35th_street_007,East 35th Street,east_35th_street,east_35th_street#0,119.7430974647811,40.747888,-73.981172,mid_block,101.68211998383498,134.86366359182853,-242.15860903622965,-322.69635558109985,2,Eastbound/Westbound,True,False,21.612704012587233,False,False,True,0.5211874404073976,n00194,True
east_35th_street_008,East 35th Street,east_35th_street,east_35th_street#0,139.7478684195432,40.747801,-73.980964,mid_block,101.77521232694565,154.86821794247948,-242.09724443786823,-302.65748757856215,2,Eastbound/Westbound,True,False,6.016824525230528,False,False,True,0.47975810146449,n00193,True
east_35th_street_009,East 35th Street,east_35th_street,east_35th_street#0,159.6787308081609,40.747714,-73.980757,mid_block,101.82741864816771,174.79901195712023,-242.0767999600145,-282.6924414275718,2,Eastbound/Westbound,True,False,2.3519026264813663,True,False,False,0.5107503378317381,n00192,True
east_35th_street_010,East 35th Street,east_35th_street,east_35th_street#0,179.6631651657774,40.747626,-73.98055,mid_block,101.7829445065197,194.78339682742853,-242.15348215488956,-262.67355708275034,2,Eastbound/Westbound,True,False,20.895816735799944,False,False,True,0.48922554294020426,n00191,True
east_35th_street_011,East 35th Street,east_35th_street,east_35th_street#0,199.59402755296642,40.747539,-73.980343,mid_block,101.83515082784766,214.71419084064033,-242.1330376769272,-242.70851093319155,2,Eastbound/Westbound,True,False,40.77434652590557,False,False,True,0.520462026337498,n00190,True
east_35th_street_012,East 35th Street,east_35th_street,east_35th_street#0,219.52488994158415,40.747452,-73.980136,mid_block,101.88735714906971,234.6449848552811,-242.1125931990735,-222.74346478220124,2,Eastbound/Westbound,True,False,60.687214990804186,False,False,True,0.5533259371821407,n00189,True
east_35th_street_013,East 35th Street,east_35th_street,east_35th_street#0,239.50932429920059,40.747364,-73.979929,mid_block,101.8428830074217,254.62936972558936,-242.18927539394852,-202.7245804373798,2,Eastbound/Westbound,True,False,65.44224751524467,False,False,True,0.5317075007541956,n00188,True
east_35th_street_014,East 35th Street,east_35th_street,east_35th_street#0,259.5140952539628,40.747277,-73.979721,mid_block,101.93597535053243,274.6339240762404,-242.12791079558713,-182.6857124348421,2,Eastbound/Westbound,True,False,45.724764470453565,False,False,True,0.4898095065242844,n00187,True
east_35th_street_015,East 35th Street,east_35th_street,east_35th_street#0,279.49852961119694,40.747189,-73.979514,mid_block,101.89150120957135,294.6183089461679,-242.204592989772,-162.6668280904032,2,Eastbound/Westbound,True,False,26.41427981492927,False,False,True,0.46794856305455546,n00186,True
east_35th_street_016,East 35th Street,east_35th_street,east_35th_street#0,299.4293919987649,40.747102,-73.979307,mid_block,101.94370753021238,314.54910295976043,-242.1841485124998,-142.7017819404619,2,Eastbound/Westbound,True,False,10.280565913490358,False,False,True,0.49849627159087034,n00185,True
east_35th_street_017,East 35th Street,east_35th_street,east_35th_street#0,319.36025438738267,40.747015,-73.9791,mid_block,101.99591385143444,334.47989697440124,-242.1637040346461,-122.73673578947154,2,Eastbound/Westbound,True,False,17.554043520746177,False,False,True,0.5308123109291086,n00184,True
east_35th_street_018,East 35th Street,east_35th_street,east_35th_street#0,339.34468874461686,40.746927,-73.978893,mid_block,101.95143971047338,354.46428184432875,-242.240386228831,-102.71785144503264,2,Eastbound/Westbound,True,False,36.153410840316205,False,False,True,0.510316967201706,n00183,True
east_35th_street_019,East 35th Street,east_35th_street,east_35th_street#0,359.34945969937894,40.74684,-73.978685,mid_block,102.04453205358408,374.4688361949797,-242.1790216304696,-82.67898344249494,2,Eastbound/Westbound,True,False,55.76254571089692,False,False,True,0.46625979525759076,n00182,True
east_35th_street_020,East 35th Street,east_35th_street,east_35th_street#0,379.28032208799664,40.746753,-73.978478,mid_block,102.09673837480611,394.39963020962045,-242.1585771526159,-62.71393729150458,2,Eastbound/Westbound,True,False,75.50114013038588,False,False,True,0.4983557300302867,n00181,True
east_35th_street_021,East 35th Street,east_35th_street,east_35th_street#0,399.2111844755646,40.746666,-73.978271,mid_block,102.14894469544714,414.330424223213,-242.13813267534368,-42.74889114156325,2,Eastbound/Westbound,True,False,60.22472225595504,False,False,True,0.5311028192782042,n00180,True
east_35th_street_022,East 35th Street,east_35th_street,east_35th_street#0,419.21595543032674,40.746579,-73.978063,mid_block,102.24203703855784,434.334978573864,-242.0767680769823,-22.71002313902555,2,Eastbound/Westbound,True,False,40.22811937866468,False,False,True,0.48784539197847876,n00179,True
east_35th_street_023,East 35th Street,east_35th_street,east_35th_street#0,439.14681781856547,40.746492,-73.977856,mid_block,102.29424336046682,454.265772588124,-242.05632359843844,-2.7449769884177044,2,Eastbound/Westbound,True,False,20.31866608471598,False,False,True,0.5204928768562155,n00178,True
east_35th_street_024,East 35th Street,east_35th_street,east_35th_street#0,459.07768020718316,40.746405,-73.977649,mid_block,102.34644968168885,474.19656660276473,-242.03587912058472,17.220069162572656,2,Eastbound/Westbound,True,False,1.3687020333183162,True,False,False,1.4434522066456714,n00081,True
east_35th_street_025,East 35th Street,east_35th_street,east_35th_street#0,479.0621145647997,40.746317,-73.977442,mid_block,102.30197554004087,494.18095147307304,-242.11256131545977,37.238953507394086,2,Eastbound/Westbound,True,False,19.6779605904133,False,False,True,0.5305030213899753,n00177,True
east_35th_street_026,East 35th Street,east_35th_street,east_35th_street#0,499.1005874553735,40.746228,-73.977235,mid_block,102.16082093689673,514.2189271982872,-242.28637018168325,57.311676045281445,2,Eastbound/Westbound,True,False,39.690631577554484,False,False,True,0.4521331263005656,n00176,True
east_35th_street_027,East 35th Street,east_35th_street,east_35th_street#0,519.0113949644042,40.74614,-73.977029,mid_block,102.07546077277902,534.1295517315372,-242.4039724976475,77.25673853750644,2,Eastbound/Westbound,True,False,23.242509610874148,False,False,True,0.5064442941641534,n00175,True
east_35th_street_028,East 35th Street,east_35th_street,east_35th_street#0,538.9222024740968,40.746052,-73.976823,mid_block,101.99010060992939,554.0401762654545,-242.52157481234008,97.201801030398,2,Eastbound/Westbound,True,False,3.332784585001492,True,False,False,0.5508275364549707,n00174,True
east_35th_street_029,East 35th Street,east_35th_street,east_35th_street#0,558.918909985167,40.745968,-73.976613,mid_block,102.45500638405355,574.0314787218849,-242.0869899561573,117.22679815530236,2,Eastbound/Westbound,True,False,16.663922926068768,False,False,True,0.5151366878530853,n00173,True
east_35th_street_030,East 35th Street,east_35th_street,east_35th_street#0,578.8497723737846,40.745881,-73.976406,mid_block,102.5072127052756,593.9622727365256,-242.0665454783036,137.19184430629272,2,Eastbound/Westbound,True,False,36.592853675543545,False,False,True,0.5445929166706988,n00172,True
east_35th_street_031,East 35th Street,east_35th_street,east_35th_street#0,598.8545433285468,40.745794,-73.976198,mid_block,102.60030504838633,613.9668270871766,-242.0051808799422,157.23071230883045,2,Eastbound/Westbound,True,False,56.59727424085725,False,False,True,0.5047835525420787,n00171,True
east_35th_street_032,East 35th Street,east_35th_street,east_35th_street#0,618.838977685781,40.745706,-73.975991,mid_block,102.55583090742527,633.9512119571041,-242.08186307412709,177.2495966532693,2,Eastbound/Westbound,True,False,57.43145473843546,False,False,True,0.479848797489516,n00170,True
east_35th_street_033,East 35th Street,east_35th_street,east_35th_street#0,638.769840073349,40.745619,-73.975784,mid_block,102.60803722806625,653.8820059706967,-242.0614185968549,197.2146428032106,2,Eastbound/Westbound,True,False,37.691479342501324,False,False,True,0.5115327299416936,n00169,True
east_35th_street_034,East 35th Street,east_35th_street,east_35th_street#0,658.7007024619667,40.745532,-73.975577,mid_block,102.66024354928834,673.8127999853375,-242.04097411900116,217.17968895420097,2,Eastbound/Westbound,True,False,18.368499875468675,False,False,True,0.5431115732753155,n00168,True
east_35th_street_035,East 35th Street,east_35th_street,east_35th_street#0,678.6851368192008,40.745444,-73.97537,mid_block,102.61576940832731,693.797184855265,-242.1176563131861,237.19857329863987,2,Eastbound/Westbound,True,False,6.906058310013679,False,False,True,2.8270863639348156,n00048,True
east_35th_street_036,East 35th Street,east_35th_street,east_35th_street#0,698.6159992078184,40.745357,-73.975163,mid_block,102.66797572954934,713.7279788699057,-242.09721183533236,257.16361944963023,2,Eastbound/Westbound,True,False,23.56970594172327,False,False,True,0.5511836498758502,n00167,True
east_35th_street_037,East 35th Street,east_35th_street,east_35th_street#0,718.6004335640057,40.745269,-73.974956,mid_block,102.62350158800723,733.712363738785,-242.1738940300988,277.18250379302003,2,Eastbound/Westbound,True,False,21.040406556355446,False,False,True,0.5289416953544609,n00166,True
east_35th_street_038,East 35th Street,east_35th_street,east_35th_street#0,738.5312959526234,40.745182,-73.974749,mid_block,102.67570790922932,753.6431577534258,-242.15344955224504,297.1475499440104,2,Eastbound/Westbound,True,False,4.629269912024719,True,False,False,0.5603708751489067,n00165,True
east_35th_street_039,East 35th Street,east_35th_street,east_35th_street#0,758.589441479493,40.745094,-73.974541,mid_block,102.67211979015693,773.7013029593635,-242.18921162592233,317.24025613999663,2,Eastbound/Westbound,True,False,19.976522478336445,False,False,True,0.4638024617234447,n00164,True
east_35th_street_040,East 35th Street,east_35th_street,east_35th_street#0,778.5203038681107,40.745007,-73.974334,mid_block,102.72432611137896,793.6320969740043,-242.16876714806855,337.205302290987,2,Eastbound/Westbound,True,False,39.64619249666695,False,False,True,0.49573866625368684,n00163,True
east_35th_street_041,East 35th Street,east_35th_street,east_35th_street#0,798.5047382253448,40.744919,-73.974127,mid_block,102.67985197041787,813.6164818439318,-242.2454493422535,357.2241866354259,2,Eastbound/Westbound,True,False,59.53587316633076,False,False,True,0.4723937947932213,n00162,True
east_35th_street_042,East 35th Street,east_35th_street,east_35th_street#0,818.4356006129128,40.744832,-73.97392,mid_block,102.73205829105888,833.5472758575244,-242.2250048649813,377.1892327853671,2,Eastbound/Westbound,True,False,77.34678944474474,False,False,True,0.5050780207811916,n00161,True
east_35th_street_043,East 35th Street,east_35th_street,east_35th_street#0,838.4200349705293,40.744744,-73.973713,mid_block,102.6875841494109,853.5316607278327,-242.3016870598563,397.2081171301886,2,Eastbound/Westbound,True,False,66.57589913573173,False,False,True,0.48102532496824274,n00160,True
east_35th_street_044,East 35th Street,east_35th_street,east_35th_street#0,858.3508973591469,40.744657,-73.973506,mid_block,102.73979047063298,873.4624547424734,-242.28124258200256,417.173163281179,2,Eastbound/Westbound,True,False,46.664301171426686,False,False,True,0.514449469344353,n00159,True
east_35th_street_045,East 35th Street,east_35th_street,east_35th_street#0,878.3353317163811,40.744569,-73.973299,mid_block,102.69531632967187,893.4468396124009,-242.35792477618747,437.1920476256179,2,Eastbound/Westbound,True,False,26.73731340915403,False,False,True,0.4897014015894835,n00158,True
east_35th_street_046,East 35th Street,east_35th_street,east_35th_street#0,898.2819383420194,40.744479,-73.973094,mid_block,102.37570921929941,913.390885520214,-242.7107005567366,457.17096465319247,2,Eastbound/Westbound,True,False,7.283001978646952,False,False,True,10.012241982013068,n00005,False
east_35th_street_047,East 35th Street,east_35th_street,east_35th_street#0,918.2285449686966,40.744389,-73.972889,mid_block,102.05610210950795,933.3349314290755,-243.0634763367043,477.1498816818162,2,Eastbound/Westbound,True,False,13.672400633487769,False,False,True,0.5163431399287477,n00157,True
east_36th_street_001,East 36th Street,east_36th_street,east_36th_street#0,0.0,40.749097,-73.982122,mid_block,179.7270781654965,0.0,-163.6065768260573,-457.9174907716911,2,Eastbound/Westbound,True,False,12.061364597769792,False,False,True,4.360071968483678,n00202,True
east_36th_street_002,East 36th Street,east_36th_street,east_36th_street#0,20.058145526869577,40.749009,-73.981914,mid_block,179.7234900464241,20.05814520593765,-163.64233889973457,-437.82478457570494,2,Eastbound/Westbound,True,False,12.475092455964862,False,False,True,4.455379136769953,n00203,True
east_36th_street_003,East 36th Street,east_36th_street,east_36th_street#0,39.98900791548732,40.748922,-73.981707,mid_block,179.77569636764616,39.98893922057846,-163.62189442188088,-417.8597384247146,2,Eastbound/Westbound,True,False,31.015169693544124,False,False,True,4.423171765859424,n00204,True
east_36th_street_004,East 36th Street,east_36th_street,east_36th_street#0,59.97344227272144,40.748834,-73.9815,mid_block,179.73122222668508,59.97332409050591,-163.69857661606574,-397.8408540802757,2,Eastbound/Westbound,True,False,50.68988894263285,False,False,True,4.444793884763683,n00205,True
east_36th_street_005,East 36th Street,east_36th_street,east_36th_street#0,79.90430466133918,40.748747,-73.981293,mid_block,179.78342854790714,79.90411810514672,-163.67813213821202,-377.8758079292853,2,Eastbound/Westbound,True,False,70.47595962099439,False,False,True,4.412397806253975,n00206,True
east_36th_street_006,East 36th Street,east_36th_street,east_36th_street#0,99.8351670489071,40.74866,-73.981086,mid_block,179.83563486854817,99.83491211873923,-163.65768766093984,-357.91076177934406,2,Eastbound/Westbound,True,False,56.77431385001225,False,False,True,4.380274330241583,n00207,True
east_36th_street_007,East 36th Street,east_36th_street,east_36th_street#0,119.81960140614133,40.748572,-73.980879,mid_block,179.79116072758714,119.81929698866679,-163.73436985512473,-337.8918774349051,2,Eastbound/Westbound,True,False,37.072374090102635,False,False,True,4.40191548101121,n00208,True
east_36th_street_008,East 36th Street,east_36th_street,east_36th_street#0,139.750463794759,40.748485,-73.980672,mid_block,179.84336704880917,139.75009100330755,-163.713925377271,-317.92683128391474,2,Eastbound/Westbound,True,False,18.012090397196925,False,False,True,4.369603402219969,n00209,True
east_36th_street_009,East 36th Street,east_36th_street,east_36th_street#0,159.80860932200957,40.748397,-73.980464,mid_block,179.8397789290498,159.80823620962605,-163.74968745163832,-297.834125087546,2,Eastbound/Westbound,True,False,4.846506807781131,True,False,False,4.465161293105125,n00210,True
east_36th_street_010,East 36th Street,east_36th_street,east_36th_street#0,179.73947171062727,40.74831,-73.980257,mid_block,179.89198525027186,179.7390302242668,-163.7292429737846,-277.8690789365556,2,Eastbound/Westbound,True,False,5.9529734176952145,False,False,True,4.432978029203493,n00211,True
east_36th_street_011,East 36th Street,east_36th_street,east_36th_street#0,199.67033409781627,40.748223,-73.98005,mid_block,179.94419157159982,199.66982423747857,-163.7087984958223,-257.9040327869969,2,Eastbound/Westbound,True,False,25.859553043373975,False,False,True,4.401068392245306,n00212,True
east_36th_street_012,East 36th Street,east_36th_street,east_36th_street#0,219.65476845543282,40.748135,-73.979843,mid_block,179.89971742995183,219.65420910778693,-163.78548069069734,-237.88514844217548,2,Eastbound/Westbound,True,False,45.83940761677309,False,False,True,4.42261760637452,n00213,True
east_36th_street_013,East 36th Street,east_36th_street,east_36th_street#0,239.58563084405048,40.748048,-73.979636,mid_block,179.95192375117387,239.58500312242765,-163.7650362128436,-217.92010229118503,2,Eastbound/Westbound,True,False,65.7693933827047,False,False,True,4.390507338255384,n00214,True
east_36th_street_014,East 36th Street,east_36th_street,east_36th_street#0,259.5700652012847,40.74796,-73.979429,mid_block,179.90744961021284,259.5693879923552,-163.8417184070285,-197.9012179467462,2,Eastbound/Westbound,True,False,60.76677702658518,False,False,True,4.412552042254541,n00215,True
east_36th_street_015,East 36th Street,east_36th_street,east_36th_street#0,279.5009275899024,40.747873,-73.979222,mid_block,179.9596559314349,279.50018200699594,-163.8212739291748,-177.93617179575585,2,Eastbound/Westbound,True,False,41.05675195236042,False,False,True,4.380250166109518,n00216,True
east_36th_street_016,East 36th Street,east_36th_street,east_36th_street#0,299.5056985436136,40.747786,-73.979014,mid_block,180.05274827396454,299.5047363565987,-163.7599093313949,-157.8973037942672,2,Eastbound/Westbound,True,False,21.697466870637978,False,False,True,4.422384814119873,n00217,True
east_36th_street_017,East 36th Street,east_36th_street,east_36th_street#0,319.4901329008478,40.747698,-73.978807,mid_block,180.00827413300348,319.4891212265262,-163.83659152557982,-137.8784194498283,2,Eastbound/Westbound,True,False,7.366058954442584,False,False,True,15.55613383502812,n00219,False
east_36th_street_018,East 36th Street,east_36th_street,east_36th_street#0,339.4209952894655,40.747611,-73.9786,mid_block,180.0604804542255,339.41991524116696,-163.8161470477261,-117.91337329883795,2,Eastbound/Westbound,True,False,20.87632064227493,False,False,True,4.4119388213292074,n00219,True
east_36th_street_019,East 36th Street,east_36th_street,east_36th_street#0,359.4054296466997,40.747523,-73.978393,mid_block,180.01600631326448,359.40430011109447,-163.892829241911,-97.89448895439908,2,Eastbound/Westbound,True,False,40.182825008643285,False,False,True,4.433991697254056,n00220,True
east_36th_street_020,East 36th Street,east_36th_street,east_36th_street#0,379.33629203531746,40.747436,-73.978186,mid_block,180.06821263448654,379.3350941257353,-163.87238476405727,-77.92944280340868,2,Eastbound/Westbound,True,False,59.89411147068729,False,False,True,4.401844767338476,n00221,True
east_36th_street_021,East 36th Street,east_36th_street,east_36th_street#0,399.2671544228854,40.747349,-73.977979,mid_block,180.12041895512755,399.26588813932784,-163.85194028678507,-57.96439665346738,2,Eastbound/Westbound,True,False,76.47500781369406,False,False,True,4.36991947527952,n00222,True
east_36th_street_022,East 36th Street,east_36th_street,east_36th_street#0,419.32529994975505,40.747261,-73.977771,mid_block,180.11683083605513,419.32403334526555,-163.8877023604623,-37.871690457481186,2,Eastbound/Westbound,True,False,56.41798602408717,False,False,True,4.465685414930675,n00223,True
east_36th_street_023,East 36th Street,east_36th_street,east_36th_street#0,439.25616233837275,40.747174,-73.977564,mid_block,180.1690371572772,439.2548273599063,-163.86725788260856,-17.906644306490804,2,Eastbound/Westbound,True,False,36.488521852131555,False,False,True,4.433819647098948,n00224,True
east_36th_street_024,East 36th Street,east_36th_street,east_36th_street#0,459.18702472699044,40.747087,-73.977357,mid_block,180.22124347849922,459.18562137454705,-163.84681340475484,2.058401844499585,2,Eastbound/Westbound,True,False,16.562423071546604,False,False,True,4.402154697514759,n00225,True
east_36th_street_025,East 36th Street,east_36th_street,east_36th_street#0,479.17145908422464,40.746999,-73.97715,mid_block,180.1767693375382,479.17000624447456,-163.92349559893972,22.077286188938444,2,Eastbound/Westbound,True,False,3.4886365141063562,True,False,False,3.4779279698423387,n00085,True
east_36th_street_026,East 36th Street,east_36th_street,east_36th_street#0,499.1762300389868,40.746912,-73.976942,mid_block,180.2698616806489,499.1745605951255,-163.86213100057833,42.11615419147616,2,Eastbound/Westbound,True,False,23.442743217824223,False,False,True,23.4893138324314,n00085,False
east_36th_street_027,East 36th Street,east_36th_street,east_36th_street#0,519.1070924265548,40.746825,-73.976735,mid_block,180.3220680012899,519.1053546087181,-163.84168652330612,62.081200341417464,2,Eastbound/Westbound,True,False,43.37015205110044,False,False,True,43.45554091937098,n00085,False
east_36th_street_028,East 36th Street,east_36th_street,east_36th_street#0,539.0379548151725,40.746738,-73.976528,mid_block,180.37427432251195,539.0361486233589,-163.8212420454524,82.04624649240785,2,Eastbound/Westbound,True,False,63.299735540133575,False,False,True,63.423045504982184,n00085,False
east_36th_street_029,East 36th Street,east_36th_street,east_36th_street#0,558.9898208459723,40.746652,-73.97632,mid_block,180.5640471278057,558.9871121187231,-163.66275077505242,102.03127630149706,2,Eastbound/Westbound,True,False,78.51307518327783,False,False,True,78.94211513662385,n00174,False
east_36th_street_030,East 36th Street,east_36th_street,east_36th_street#0,578.9742552032066,40.746564,-73.976113,mid_block,180.51957298684468,578.9714969886506,-163.7394329692373,122.05016064593592,2,Eastbound/Westbound,True,False,78.22071553851698,False,False,True,78.40514236879498,n00173,False
east_36th_street_031,East 36th Street,east_36th_street,east_36th_street#0,598.9051175918241,40.746477,-73.975906,mid_block,180.5717793080667,598.9022910032913,-163.71898849138358,142.0152067969263,2,Eastbound/Westbound,True,False,78.22071553851696,False,False,True,78.43458908694821,n00172,False
east_36th_street_032,East 36th Street,east_36th_street,east_36th_street#0,618.8895519480114,40.746389,-73.975699,mid_block,180.52730516652466,618.8866758721707,-163.79567068615003,162.0340911403161,2,Eastbound/Westbound,True,False,72.73431220703068,False,False,True,72.75997457554384,n00044,False
east_36th_street_033,East 36th Street,east_36th_street,east_36th_street#0,638.8739863052457,40.746301,-73.975492,mid_block,180.4828310255636,638.8710607420983,-163.87235288033492,182.052975484755,2,Eastbound/Westbound,True,False,52.79893487814757,False,False,True,52.74220491637737,n00044,False
east_36th_street_034,East 36th Street,east_36th_street,east_36th_street#0,658.858420662862,40.746213,-73.975285,mid_block,180.43835688391562,658.8554456124065,-163.94903507520996,202.0718598295764,2,Eastbound/Westbound,True,False,32.923093861759604,False,False,True,32.72992945991395,n00044,False
east_36th_street_035,East 36th Street,east_36th_street,east_36th_street#0,678.7892830514797,40.746126,-73.975078,mid_block,180.49056320513765,678.7862396270473,-163.92859059735622,222.03690598056676,2,Eastbound/Westbound,True,False,13.457324524992613,False,False,True,12.793438719706797,n00044,False
east_36th_street_036,East 36th Street,east_36th_street,east_36th_street#0,698.5930203696064,40.74604,-73.974872,mid_block,180.59856396676008,698.5896824489621,-163.85193956786296,241.87429208512972,2,Eastbound/Westbound,True,False,8.451509757195618,False,False,True,7.184297714930877,n00044,False
east_36th_street_037,East 36th Street,east_36th_street,east_36th_street#0,718.5769768733725,40.745933,-73.974681,mid_block,178.06298468755017,718.4121281926955,-166.42875046548,261.7349524798632,2,Eastbound/Westbound,True,False,27.00741026271967,False,False,True,7.216268763918525,n00226,False
east_36th_street_038,East 36th Street,east_36th_street,east_36th_street#0,738.487784383065,40.745845,-73.974475,mid_block,177.9776245247005,738.3227527266127,-166.54635278017258,281.68001497275475,2,Eastbound/Westbound,True,False,14.877575603702425,False,False,True,7.190322226592713,n00227,False
east_36th_street_039,East 36th Street,east_36th_street,east_36th_street#0,758.433403525904,40.745762,-73.974265,mid_block,178.53921076100784,758.2604643277564,-166.01464125195122,301.6511739042106,2,Eastbound/Westbound,True,False,5.122089482129004,False,False,True,7.1743157700117965,n00228,False
east_36th_street_040,East 36th Street,east_36th_street,east_36th_street#0,778.4289681175156,40.745681,-73.974053,mid_block,179.37592996672663,778.2385148910143,-165.20683613736554,321.6623001525307,2,Eastbound/Westbound,True,False,25.09221480587758,False,False,True,7.206754178762537,n00229,False
east_36th_street_041,East 36th Street,east_36th_street,east_36th_street#0,798.3808341479412,40.745595,-73.973845,mid_block,179.56570277270728,798.1894783859977,-165.04834486627544,341.64732996123735,2,Eastbound/Westbound,True,False,45.02720507355249,False,False,True,7.19622720198,n00230,False
east_36th_street_042,East 36th Street,east_36th_street,east_36th_street#0,818.3327001787411,40.745509,-73.973637,mid_block,179.75547557800104,818.140441881362,-164.88985359587542,361.6323597703266,2,Eastbound/Westbound,True,False,64.97255625143603,False,False,True,7.185372426496983,n00231,False
east_36th_street_043,East 36th Street,east_36th_street,east_36th_street#0,838.2845662091667,40.745423,-73.973429,mid_block,179.94524838398183,838.0914053763454,-164.73136232478527,381.6173895790332,2,Eastbound/Westbound,True,False,77.34678944474474,False,False,True,7.17455469540745,n00232,False
east_36th_street_044,East 36th Street,east_36th_street,east_36th_street#0,858.2364322399666,40.745337,-73.973221,mid_block,180.13502118927553,858.0423688717096,-164.57287105438525,401.6024193881225,2,Eastbound/Westbound,True,False,62.25064152043253,False,False,True,7.163773824124765,n00233,False
east_36th_street_045,East 36th Street,east_36th_street,east_36th_street#0,878.1882982703921,40.745251,-73.973013,mid_block,180.32479399525639,877.993332366693,-164.41437978329515,421.58744919682914,2,Eastbound/Westbound,True,False,42.37077041335789,False,False,True,7.153029623474024,n00234,False
east_36th_street_046,East 36th Street,east_36th_street,east_36th_street#0,898.2143505028562,40.745165,-73.972804,mid_block,180.55545282243875,898.0180561980676,-164.21496839238742,441.6463008574657,2,Eastbound/Westbound,True,False,22.53755877506192,False,False,True,7.216616352760398,n00235,False
east_36th_street_047,East 36th Street,east_36th_street,east_36th_street#0,918.1662165336561,40.745079,-73.972596,mid_block,180.7452256277325,917.9690196934318,-164.05647712198737,461.63133066655496,2,Eastbound/Westbound,True,False,4.831966609091057,True,False,False,7.2058960882711185,n00236,False
east_37th_street_001,East 37th Street,east_37th_street,east_37th_street#0,0.0,40.749644,-73.981521,mid_block,257.1837903308491,15.01576413818475,-85.88529459901804,-443.0000497704147,2,Eastbound/Westbound,True,False,10.506716791729064,False,False,True,3.0468104830623006,n00282,True
east_37th_street_002,East 37th Street,east_37th_street,east_37th_street#0,19.951866030799817,40.749558,-73.981313,mid_block,257.3735631361428,34.96672763354894,-85.726803328618,-423.0150199613255,2,Eastbound/Westbound,True,False,26.387368605846383,False,False,True,3.05874519621319,n00281,True
east_37th_street_003,East 37th Street,east_37th_street,east_37th_street#0,39.956636985561985,40.749471,-73.981105,mid_block,257.4666554792535,54.97128198419995,-85.66543873025661,-402.9761519587878,2,Eastbound/Westbound,True,False,45.6605571182774,False,False,True,3.0171370010564034,n00280,True
east_37th_street_004,East 37th Street,east_37th_street,east_37th_street#0,59.908503016361806,40.749385,-73.980897,mid_block,257.6564282845473,74.92224547956414,-85.50694745985659,-382.9911221496985,2,Eastbound/Westbound,True,False,65.30848426310772,False,False,True,3.028750808335009,n00279,True
east_37th_street_005,East 37th Street,east_37th_street,east_37th_street#0,79.86036904678744,40.749299,-73.980689,mid_block,257.8462010905281,94.8732089745476,-85.34845618876642,-363.0060923409918,2,Eastbound/Westbound,True,False,62.0930974226216,False,False,True,3.040371066893598,n00278,True
east_37th_street_006,East 37th Street,east_37th_street,east_37th_street#0,99.81223507758726,40.749213,-73.980481,mid_block,258.0359738958218,114.82417246991179,-85.18996491836644,-343.0210625319027,2,Eastbound/Westbound,True,False,42.428743845403524,False,False,True,3.0519979812337668,n00277,True
east_37th_street_007,East 37th Street,east_37th_street,east_37th_street#0,119.76410110801295,40.749127,-73.980273,mid_block,258.22574670180256,134.7751359648953,-85.03147364727627,-323.03603272319606,2,Eastbound/Westbound,True,False,23.25935891826531,False,False,True,3.0636317605715297,n00276,True
east_37th_street_008,East 37th Street,east_37th_street,east_37th_street#0,139.69496349663063,40.74904,-73.980066,mid_block,258.2779530230246,154.70592997953605,-85.01102916942256,-303.0709865722056,2,Eastbound/Westbound,True,False,8.967969820735625,False,False,True,3.0957178135539056,n00275,True
east_37th_street_009,East 37th Street,east_37th_street,east_37th_street#0,159.73343638654603,40.748951,-73.979859,mid_block,258.1367984186125,174.74390570408286,-85.18483803691771,-282.99826403498474,2,Eastbound/Westbound,True,False,1.2618661367363793,True,False,False,3.019836990142384,n00274,True
east_37th_street_010,East 37th Street,east_37th_street,east_37th_street#0,179.71787074378022,40.748863,-73.979652,mid_block,258.09232427765147,194.72829057401037,-85.26152023110261,-262.9793796905459,2,Eastbound/Westbound,True,False,20.89028426427511,False,False,True,2.9981783492958347,n00273,True
east_37th_street_011,East 37th Street,east_37th_street,east_37th_street#0,199.64873313239792,40.748776,-73.979445,mid_block,258.14453059887353,214.65908458865113,-85.24107575324891,-243.0143335395555,2,Eastbound/Westbound,True,False,40.809473889519246,False,False,True,3.030316523551569,n00272,True
east_37th_street_012,East 37th Street,east_37th_street,east_37th_street#0,219.57959552101568,40.748689,-73.979238,mid_block,258.19673692009553,234.58987860329194,-85.22063127539519,-223.0492873885652,2,Eastbound/Westbound,True,False,60.73632268045642,False,False,True,3.0625093050828847,n00271,True
east_37th_street_013,East 37th Street,east_37th_street,east_37th_street#0,239.51045790858367,40.748602,-73.979031,mid_block,258.2489432407366,254.52067261688453,-85.20018679812297,-203.08424123862383,2,Eastbound/Westbound,True,False,65.67206981217817,False,False,True,3.094755190662725,n00270,True
east_37th_street_014,East 37th Street,east_37th_street,east_37th_street#0,259.56860343545327,40.748514,-73.978823,mid_block,258.24535512166415,274.5788178228222,-85.23594887180019,-182.99153504263765,2,Eastbound/Westbound,True,False,45.732500279371465,False,False,True,2.9993352363040304,n00269,True
east_37th_street_015,East 37th Street,east_37th_street,east_37th_street#0,279.49946582407097,40.748427,-73.978616,mid_block,258.2975614428862,294.50961183746296,-85.21550439394647,-163.02648889164726,2,Eastbound/Westbound,True,False,26.11291952725137,False,False,True,3.0314101344145725,n00268,True
east_37th_street_016,East 37th Street,east_37th_street,east_37th_street#0,299.43032821268866,40.74834,-73.978409,mid_block,258.34976776410826,314.4404058521037,-85.19505991609277,-143.06144274065687,2,Eastbound/Westbound,True,False,8.172276413505086,False,False,True,3.0636124386494026,n00267,True
east_37th_street_017,East 37th Street,east_37th_street,east_37th_street#0,319.43509916745086,40.748253,-73.978201,mid_block,258.44286010721896,334.4449602027547,-85.13369531773137,-123.02257473811918,2,Eastbound/Westbound,True,False,15.77354857514546,False,False,True,3.021500390033925,n00266,True
east_37th_street_018,East 37th Street,east_37th_street,east_37th_street#0,339.36596155606856,40.748166,-73.977994,mid_block,258.49506642844096,354.37575421739547,-85.11325083987764,-103.0575285871288,2,Eastbound/Westbound,True,False,35.00868385922392,False,False,True,3.053352690702534,n00265,True
east_37th_street_019,East 37th Street,east_37th_street,east_37th_street#0,359.37073251083063,40.748079,-73.977786,mid_block,258.58815877155166,374.3803085680464,-85.05188624151624,-83.01866058459107,2,Eastbound/Westbound,True,False,54.82181522520364,False,False,True,3.011490119186968,n00264,True
east_37th_street_020,East 37th Street,east_37th_street,east_37th_street#0,379.2815400194776,40.747991,-73.97758,mid_block,258.50279860812094,394.29093310091554,-85.16948855679034,-63.07359809274861,2,Eastbound/Westbound,True,False,74.62845957246572,False,False,True,3.0632427922038468,n00263,True
east_37th_street_021,East 37th Street,east_37th_street,east_37th_street#0,399.26597437671177,40.747903,-73.977373,mid_block,258.4583244671599,414.27531797084305,-85.24617075097524,-43.05471374830974,2,Eastbound/Westbound,True,False,59.359153770458,False,False,True,3.041574351125774,n00262,True
east_37th_street_022,East 37th Street,east_37th_street,east_37th_street#0,419.23101970376143,40.747814,-73.977167,mid_block,258.2762838414402,434.23953336042786,-85.46089973839656,-23.055813061587177,2,Eastbound/Westbound,True,False,39.42266714828271,False,False,True,3.039233744918766,n00261,True
east_37th_street_023,East 37th Street,east_37th_street,east_37th_street#0,439.2154540599487,40.747726,-73.97696,mid_block,258.2318096998981,454.2239182293072,-85.537581933163,-3.036928718197373,2,Eastbound/Westbound,True,False,19.50805694900538,False,False,True,3.016823336034769,n00260,True
east_37th_street_024,East 37th Street,east_37th_street,east_37th_street#0,459.1262615696413,40.747638,-73.976754,mid_block,258.1464495370484,474.1345427632245,-85.65518424785557,16.90813377469416,2,Eastbound/Westbound,True,False,2.417396047114033,True,False,False,2.264727138690582,n00089,True
east_37th_street_025,East 37th Street,east_37th_street,east_37th_street#0,479.0781276004412,40.747552,-73.976546,mid_block,258.3362223423422,494.08550625858874,-85.49669297745555,36.89316358378338,2,Eastbound/Westbound,True,False,20.60064414895802,False,False,True,20.611467126891007,n00089,False
east_37th_street_026,East 37th Street,east_37th_street,east_37th_street#0,499.0828985552033,40.747465,-73.976338,mid_block,258.4293146854529,514.0900606092397,-85.43532837909414,56.93203158632109,2,Eastbound/Westbound,True,False,40.54395120994828,False,False,True,22.922899492407883,n00257,False
east_37th_street_027,East 37th Street,east_37th_street,east_37th_street#0,518.9092452488893,40.747396,-73.976121,mid_block,260.6306295502468,533.793822587204,-83.25740259405607,76.66620876908324,2,Eastbound/Westbound,True,False,26.47260247476173,False,False,True,3.077707852961513,n00257,True
east_37th_street_028,East 37th Street,east_37th_street,east_37th_street#0,538.8494532011906,40.747328,-73.975902,mid_block,263.010396921582,553.59151438295,-80.9005098953825,96.4941914625406,2,Eastbound/Westbound,True,False,6.5698796403232915,False,False,True,2.996049185135471,n00256,True
east_37th_street_029,East 37th Street,east_37th_street,east_37th_street#0,558.7602607112669,40.74724,-73.975696,mid_block,262.9250367580454,573.5021389172481,-81.01811221076522,116.4392539558147,2,Eastbound/Westbound,True,False,13.34093035966388,False,False,True,3.0416160389662124,n00255,True
east_37th_street_030,East 37th Street,east_37th_street,east_37th_street#0,578.6738372935283,40.747131,-73.975508,mid_block,260.07343848822234,593.2104853624761,-83.91193681456403,136.18612518175408,2,Eastbound/Westbound,True,False,33.17730468796771,False,False,True,3.0634112654893277,n00254,True
east_37th_street_031,East 37th Street,east_37th_street,east_37th_street#0,598.5892032997644,40.747034,-73.975309,mid_block,258.8317520091755,613.0871052423777,-85.1901200245,156.09897845533183,2,Eastbound/Westbound,True,False,53.088611902256645,False,False,True,3.0745684877823134,n00253,True
east_37th_street_032,East 37th Street,east_37th_street,east_37th_street#0,618.6276761896797,40.746945,-73.975102,mid_block,258.69059740476337,633.1250809669244,-85.36392889199516,176.17170099255264,2,Eastbound/Westbound,True,False,58.7282459955336,False,False,True,2.9979924738807755,n00252,True
east_37th_street_033,East 37th Street,east_37th_street,east_37th_street#0,638.5384836993723,40.746857,-73.974896,mid_block,258.6052372419137,653.0357055008417,-85.48153120668773,196.11676348544415,2,Eastbound/Westbound,True,False,38.85051853765184,False,False,True,3.0494582420605285,n00251,True
east_37th_street_034,East 37th Street,east_37th_street,east_37th_street#0,658.5229180566065,40.746769,-73.974689,mid_block,258.5607631009526,673.0200903707693,-85.55821340087265,216.13564782988303,2,Eastbound/Westbound,True,False,18.97525073049323,False,False,True,3.027738184240238,n00250,True
east_37th_street_035,East 37th Street,east_37th_street,east_37th_street#0,678.4695246822448,40.746679,-73.974484,mid_block,258.2411559905801,692.9641362785824,-85.91098918142177,236.1145648574577,2,Eastbound/Westbound,True,False,2.8167585571098526,True,False,False,1.2473923070848487,n00075,True
east_37th_street_036,East 37th Street,east_37th_street,east_37th_street#0,698.4345700092945,40.74659,-73.974278,mid_block,258.05911536486036,712.9283516681672,-86.12571816884312,256.11346554418026,2,Eastbound/Westbound,True,False,21.284475622132206,False,False,True,3.039616306299128,n00249,True
east_37th_street_037,East 37th Street,east_37th_street,east_37th_street#0,718.3654323979122,40.746503,-73.974071,mid_block,258.1113216860824,732.859145682808,-86.10527369098939,276.0785116951707,2,Eastbound/Westbound,True,False,41.15414251260724,False,False,True,3.071297800109125,n00248,True
east_37th_street_038,East 37th Street,east_37th_street,east_37th_street#0,738.3498667540994,40.746415,-73.973864,mid_block,258.06684754454034,752.8435305516873,-86.1819558857558,296.0973960385604,2,Eastbound/Westbound,True,False,26.406248557929157,False,False,True,3.048934068045278,n00247,True
east_37th_street_039,East 37th Street,east_37th_street,east_37th_street#0,758.280729142717,40.746328,-73.973657,mid_block,258.1190538657624,772.774324566328,-86.16151140790208,316.06244218955084,2,Eastbound/Westbound,True,False,16.704931936110373,False,False,True,16.919448069534777,n00247,False
east_37th_street_040,East 37th Street,east_37th_street,east_37th_street#0,778.2855000974791,40.746241,-73.973449,mid_block,258.2121462088731,792.778878916979,-86.10014680954069,336.1013101920886,2,Eastbound/Westbound,True,False,25.628363199415293,False,False,True,36.96174926546362,n00247,False
east_37th_street_041,East 37th Street,east_37th_street,east_37th_street#0,798.2373661279048,40.746155,-73.973241,mid_block,258.40191901485383,812.7298424119625,-85.94165553845053,356.08634000079525,2,Eastbound/Westbound,True,False,42.74968985667716,False,False,True,43.04888289356269,n00242,False
east_37th_street_042,East 37th Street,east_37th_street,east_37th_street#0,818.1892321587047,40.746069,-73.973033,mid_block,258.5916918201476,832.6808059073268,-85.78316426805057,376.07136980988446,2,Eastbound/Westbound,True,False,61.5988058460769,False,False,True,23.06003601288497,n00242,False
east_37th_street_043,East 37th Street,east_37th_street,east_37th_street#0,838.1940031134668,40.745982,-73.972825,mid_block,258.6847841632583,852.6853602579777,-85.72179966968912,396.11023781242216,2,Eastbound/Westbound,True,False,67.85427434755061,False,False,True,3.0179306575424865,n00242,True
east_37th_street_044,East 37th Street,east_37th_street,east_37th_street#0,858.1248655020845,40.745895,-73.972618,mid_block,258.7369904844804,872.6161542726185,-85.70135519183543,416.0752839634125,2,Eastbound/Westbound,True,False,48.031566101998266,False,False,True,16.950783992822284,n00242,False
east_37th_street_045,East 37th Street,east_37th_street,east_37th_street#0,878.0557278907022,40.745808,-73.972411,mid_block,258.7891968057024,892.5469482872593,-85.68091071398169,436.04033011440293,2,Eastbound/Westbound,True,False,28.360865436312547,False,False,True,23.080719722596807,n00239,False
east_37th_street_046,East 37th Street,east_37th_street,east_37th_street#0,898.0604988450867,40.745721,-73.972203,mid_block,258.8822891495,912.5515026375294,-85.61954611493019,456.07919811655813,2,Eastbound/Westbound,True,False,9.72089910084695,False,False,True,3.038588764903762,n00239,True
east_37th_street_047,East 37th Street,east_37th_street,east_37th_street#0,917.9913612326548,40.745634,-73.971996,mid_block,258.9344954701411,932.482296651122,-85.59910163765795,476.0442442664994,2,Eastbound/Westbound,True,False,13.553774409423028,False,False,True,15.505455466972014,n00012,False
east_38th_street_001,East 38th Street,east_38th_street,east_38th_street#0,0.0,40.750325,-73.981224,mid_block,335.1663337748136,0.42721144673367917,-7.588754952796961,-457.73876963587105,2,Eastbound/Westbound,True,False,13.156827219000307,False,False,True,5.105039923432578,n00284,False
east_38th_street_002,East 38th Street,east_38th_street,east_38th_street#0,19.910807508646922,40.750237,-73.981018,mid_block,335.0809736113829,20.3378359796028,-7.706357268071059,-437.7937071440286,2,Eastbound/Westbound,True,False,13.525785774763758,False,False,True,5.054487472523614,n00285,False
east_38th_street_003,East 38th Street,east_38th_street,east_38th_street#0,39.915578463409034,40.75015,-73.98081,mid_block,335.1740659544936,40.34239033025375,-7.644992669709637,-417.7548391414908,2,Eastbound/Westbound,True,False,31.53569764381686,False,False,True,5.096874699261554,n00286,False
east_38th_street_004,East 38th Street,east_38th_street,east_38th_street#0,59.846440852026724,40.750063,-73.980603,mid_block,335.22627227571564,60.2731843448945,-7.624548191855922,-397.7897929905005,2,Eastbound/Westbound,True,False,50.97344173240282,False,False,True,5.064529708435204,n00287,False
east_38th_street_005,East 38th Street,east_38th_street,east_38th_street#0,79.79830688245235,40.749977,-73.980395,mid_block,335.4160450816963,80.22414783987796,-7.466056920765823,-377.8047631817938,2,Eastbound/Westbound,True,False,70.72407412679019,False,False,True,5.052281726508676,n00288,False
east_38th_street_006,East 38th Street,east_38th_street,east_38th_street#0,99.80307783721452,40.74989,-73.980187,mid_block,335.5091374248071,100.22870219052896,-7.404692322404401,-357.7658951792561,2,Eastbound/Westbound,True,False,56.925752193856425,False,False,True,5.093696714754435,n00289,False
east_38th_street_007,East 38th Street,east_38th_street,east_38th_street#0,119.75494386801434,40.749804,-73.979979,mid_block,335.69891023010086,120.17966568589316,-7.2462010520043805,-337.7808653701669,2,Eastbound/Westbound,True,False,37.37169099252804,False,False,True,5.082132878810817,n00290,False
east_38th_street_008,East 38th Street,east_38th_street,east_38th_street#0,139.68580625663202,40.749717,-73.979772,mid_block,335.75111655132287,140.1104597005339,-7.225756574150665,-317.8158192191765,2,Eastbound/Westbound,True,False,18.63068414637303,False,False,True,5.049206803109137,n00291,False
east_38th_street_009,East 38th Street,east_38th_street,east_38th_street#0,159.6877754459881,40.749626,-73.979567,mid_block,335.3348289787673,160.10809646363384,-7.675659026738416,-297.78306399815335,2,Eastbound/Westbound,True,False,6.783822586662801,False,False,True,5.089534592907108,n00292,False
east_38th_street_010,East 38th Street,east_38th_street,east_38th_street#0,179.63438207266523,40.749536,-73.979362,mid_block,335.0152218689758,180.0521423724952,-8.028434806706045,-277.8041469695296,2,Eastbound/Westbound,True,False,6.912343337386272,False,False,True,5.074032332190825,n00293,False
east_38th_street_011,East 38th Street,east_38th_street,east_38th_street#0,199.599427398285,40.749447,-73.979156,mid_block,334.833181243362,200.01635776065103,-8.243163794018756,-257.8052462842387,2,Eastbound/Westbound,True,False,26.082333659867626,False,False,True,5.0776846320949405,n00294,False
east_38th_street_012,East 38th Street,east_38th_street,east_38th_street#0,219.53028978690276,40.74936,-73.978949,mid_block,334.88538756458405,219.94715177529184,-8.22271931616504,-237.8402001332483,2,Eastbound/Westbound,True,False,45.88120406043744,False,False,True,5.045241350513765,n00295,False
east_38th_street_013,East 38th Street,east_38th_street,east_38th_street#0,239.53506074166486,40.749273,-73.978741,mid_block,334.97847990769475,239.9517061259428,-8.161354717803633,-217.8013321307106,2,Eastbound/Westbound,True,False,65.8311571903732,False,False,True,5.086826880793392,n00296,False
east_38th_street_014,East 38th Street,east_38th_street,east_38th_street#0,259.46592313028253,40.749186,-73.978534,mid_block,335.0306862289168,259.88250014058355,-8.140910239949932,-197.8362859797202,2,Eastbound/Westbound,True,False,61.16073966375434,False,False,True,5.054614749570767,n00297,False
east_38th_street_015,East 38th Street,east_38th_street,east_38th_street#0,279.45035748789905,40.749098,-73.978327,mid_block,334.98621208726877,279.86688501089185,-8.217592434824951,-177.81740163489877,2,Eastbound/Westbound,True,False,41.20988565472921,False,False,True,5.075956104322666,n00298,False
east_38th_street_016,East 38th Street,east_38th_street,east_38th_street#0,299.3812198750881,40.749011,-73.97812,mid_block,335.0384184085968,299.7976790241037,-8.197147956862622,-157.85235548534,2,Eastbound/Westbound,True,False,21.388678237300685,False,False,True,5.043591044026653,n00299,False
east_38th_street_017,East 38th Street,east_38th_street,east_38th_street#0,319.3120822637058,40.748924,-73.977913,mid_block,335.09062472981884,319.7284730387444,-8.176703479008907,-137.88730933434965,2,Eastbound/Westbound,True,False,3.3429012536475535,True,False,False,5.011331195206589,n00300,False
east_38th_street_018,East 38th Street,east_38th_street,east_38th_street#0,339.3702277909563,40.748836,-73.977705,mid_block,335.08703661005944,339.78661824506287,-8.21246555337624,-117.79460313798089,2,Eastbound/Westbound,True,False,19.073040539756573,False,False,True,5.106716847502601,n00301,False
east_38th_street_019,East 38th Street,east_38th_street,east_38th_street#0,359.30109017957403,40.748749,-73.977498,mid_block,335.1392429312815,359.7174122597037,-8.192021075522533,-97.82955698699053,2,Eastbound/Westbound,True,False,38.87811730000308,False,False,True,5.074532956981008,n00302,False
east_38th_street_020,East 38th Street,east_38th_street,east_38th_street#0,379.23195256781275,40.748662,-73.977291,mid_block,335.1914492531905,379.64820627396364,-8.171576596978689,-77.86451083638269,2,Eastbound/Westbound,True,False,58.76830510761853,False,False,True,5.042476846175886,n00303,False
east_38th_street_021,East 38th Street,east_38th_street,east_38th_street#0,399.21638692438233,40.748574,-73.977084,mid_block,335.1469751109615,399.63259114322375,-8.248258792435227,-57.84562649261034,2,Eastbound/Westbound,True,False,74.23114885326835,False,False,True,5.063974569122907,n00304,False
east_38th_street_022,East 38th Street,east_38th_street,east_38th_street#0,419.14724931300003,40.748487,-73.976877,mid_block,335.19918143218354,419.5633851578645,-8.227814314581511,-37.88058034161996,2,Eastbound/Westbound,True,False,54.35819056093292,False,False,True,5.031726693174117,n00305,False
east_38th_street_023,East 38th Street,east_38th_street,east_38th_street#0,439.15202026776217,40.7484,-73.976669,mid_block,335.2922737752942,439.56793950851545,-8.166449716220109,-17.84171233908225,2,Eastbound/Westbound,True,False,34.47317767280266,False,False,True,5.073774829406623,n00306,False
east_38th_street_024,East 38th Street,east_38th_street,east_38th_street#0,459.13645462499636,40.748312,-73.976462,mid_block,335.24779963433315,459.55232437844296,-8.243131910405012,2.177172005356617,2,Eastbound/Westbound,True,False,14.975869854540257,False,False,True,5.095116405297329,n00307,False
east_38th_street_025,East 38th Street,east_38th_street,east_38th_street#0,479.12088898223055,40.748224,-73.976255,mid_block,335.2033254933721,479.53670924837047,-8.31981410458991,22.196056349795487,2,Eastbound/Westbound,True,False,7.675194466385775,False,False,True,14.883010220864207,n00308,False
east_38th_street_026,East 38th Street,east_38th_street,east_38th_street#0,499.0316964908775,40.748136,-73.976049,mid_block,335.1179653299414,499.4473337812396,-8.437416419864006,42.141118841637955,2,Eastbound/Westbound,True,False,26.24696611530162,False,False,True,5.065380399121922,n00308,False
east_38th_street_027,East 38th Street,east_38th_street,east_38th_street#0,519.0161308484941,40.748048,-73.975842,mid_block,335.07349118829336,519.431718651548,-8.514098614739034,62.16000318645936,2,Eastbound/Westbound,True,False,39.88461934882266,False,False,True,5.087106264092649,n00309,False
east_38th_street_028,East 38th Street,east_38th_street,east_38th_street#0,538.9269383581866,40.74796,-73.975636,mid_block,334.9881310254437,539.3423431854652,-8.631700929431624,82.1050656793509,2,Eastbound/Westbound,True,False,20.73400716201894,False,False,True,5.035404788540031,n00310,False
east_38th_street_029,East 38th Street,east_38th_street,east_38th_street#0,558.9113727143738,40.747872,-73.975429,mid_block,334.9436568839016,559.3267280543445,-8.708383124198036,102.12395002274071,2,Eastbound/Westbound,True,False,7.833411627419215,False,False,True,5.057550184247277,n00311,False
east_38th_street_030,East 38th Street,east_38th_street,east_38th_street#0,578.916143669136,40.747785,-73.975221,mid_block,335.0367492270123,579.3312824049955,-8.647018525836629,122.16281802527844,2,Eastbound/Westbound,True,False,22.142251720145662,False,False,True,5.099323919488729,n00312,False
east_38th_street_031,East 38th Street,east_38th_street,east_38th_street#0,598.8470060577537,40.747698,-73.975014,mid_block,335.08895554823437,599.2620764196363,-8.62657404798292,142.1278641762688,2,Eastbound/Westbound,True,False,41.402826357630566,False,False,True,5.0673562390280225,n00313,False
east_38th_street_032,East 38th Street,east_38th_street,east_38th_street#0,618.7778684463713,40.747611,-73.974807,mid_block,335.1411618694564,619.192870434277,-8.606129570129198,162.09291032725918,2,Eastbound/Westbound,True,False,61.09490404829149,False,False,True,5.03542822272146,n00314,False
east_38th_street_033,East 38th Street,east_38th_street,east_38th_street#0,638.7826394011335,40.747524,-73.974599,mid_block,335.23425421256707,639.197424784928,-8.544764971767805,182.13177832979687,2,Eastbound/Westbound,True,False,52.418646483578634,False,False,True,5.077790135478396,n00315,False
east_38th_street_034,East 38th Street,east_38th_street,east_38th_street#0,658.7670737583676,40.747436,-73.974392,mid_block,335.18978007160604,659.1818096548554,-8.621447165952702,202.15066267423575,2,Eastbound/Westbound,True,False,32.43495861275017,False,False,True,5.099220807774066,n00316,False
east_38th_street_035,East 38th Street,east_38th_street,east_38th_street#0,678.6448345143145,40.74735,-73.974185,mid_block,335.33866685443013,679.0590128131613,-8.503876016641883,222.06187063072855,2,Eastbound/Westbound,True,False,12.55723941985811,False,False,True,5.014046950585048,n00317,False
east_38th_street_036,East 38th Street,east_38th_street,east_38th_street#0,698.6292688715488,40.747262,-73.973978,mid_block,335.2941927134691,699.0433976830889,-8.580558210826766,242.08075497516745,2,Eastbound/Westbound,True,False,7.430050398777613,False,False,True,7.993891058140407,n00071,False
east_38th_street_037,East 38th Street,east_38th_street,east_38th_street#0,718.6340398263109,40.747175,-73.97377,mid_block,335.3872850565798,719.0479520337398,-8.519193612465386,262.11962297770515,2,Eastbound/Westbound,True,False,27.432566010440695,False,False,True,5.077961362159264,n00318,False
east_38th_street_038,East 38th Street,east_38th_street,east_38th_street#0,738.5859058567365,40.747089,-73.973562,mid_block,335.57705786256054,738.9989155287233,-8.360702341375244,282.1046527864118,2,Eastbound/Westbound,True,False,34.29706279703275,False,False,True,5.066930889949206,n00319,False
east_38th_street_039,East 38th Street,east_38th_street,east_38th_street#0,758.5167682453541,40.747002,-73.973355,mid_block,335.62926418378254,758.929709543364,-8.34025786352153,302.0696989374022,2,Eastbound/Westbound,True,False,14.388708162913389,False,False,True,5.034702252761688,n00320,False
east_38th_street_040,East 38th Street,east_38th_street,east_38th_street#0,778.5215392001163,40.746915,-73.973147,mid_block,335.7223565268933,778.934263894015,-8.278893265160121,322.1085669399399,2,Eastbound/Westbound,True,False,5.759979215406923,False,False,True,5.076860068365008,n00321,False
east_38th_street_041,East 38th Street,east_38th_street,east_38th_street#0,798.4524015887339,40.746828,-73.97294,mid_block,335.77456284811535,798.8650579086557,-8.258448787306406,342.07361309093034,2,Eastbound/Westbound,True,False,25.60908709845751,False,False,True,5.045394302211987,n00322,False
east_38th_street_042,East 38th Street,east_38th_street,east_38th_street#0,818.4042676195338,40.746742,-73.972732,mid_block,335.9643356534091,818.8160214040199,-8.099957516906358,362.0586429000195,2,Eastbound/Westbound,True,False,45.55372092852247,False,False,True,5.034118697186104,n00323,False
east_38th_street_043,East 38th Street,east_38th_street,east_38th_street#0,838.4090385732451,40.746655,-73.972524,mid_block,336.0574279959387,838.8205757536227,-8.038592919126472,382.0975109015082,2,Eastbound/Westbound,True,False,65.55413239749689,False,False,True,5.076286899153512,n00324,False
east_38th_street_044,East 38th Street,east_38th_street,east_38th_street#0,858.3399009614839,40.746568,-73.972317,mid_block,336.10963431784774,858.7513697678828,-8.018148440582678,402.0625570521159,2,Eastbound/Westbound,True,False,62.171320715442356,False,False,True,5.044389045873132,n00325,False
east_38th_street_045,East 38th Street,east_38th_street,east_38th_street#0,878.3446719162459,40.746481,-73.972109,mid_block,336.20272666095843,878.7559241185337,-7.956783842221228,422.1014250546537,2,Eastbound/Westbound,True,False,42.41591461538968,False,False,True,5.086660541499597,n00326,False
east_38th_street_046,East 38th Street,east_38th_street,east_38th_street#0,898.349442871008,40.746394,-73.971901,mid_block,336.29581900406913,898.7604784691846,-7.895419243859834,442.14029305719146,2,Eastbound/Westbound,True,False,23.093900227606564,False,False,True,5.128977621666646,n00327,False
east_38th_street_047,East 38th Street,east_38th_street,east_38th_street#0,918.2272036280075,40.746308,-73.971694,mid_block,336.4447057874743,918.6376816285386,-7.77784809396752,462.0515010147333,2,Eastbound/Westbound,True,False,8.212847471940274,False,False,True,7.617477244440269,n00016,False
east_39th_street_001,East 39th Street,east_39th_street,east_39th_street#0,0.0,40.750937,-73.980752,mid_block,413.6329791608689,2.444486613100935,71.1670654137589,-455.84383009127913,2,Eastbound/Westbound,True,False,10.352183496205688,False,False,True,0.04369432614887025,n00372,True
east_39th_street_002,East 39th Street,east_39th_street,east_39th_street#0,19.973815442828684,40.750852,-73.980543,mid_block,413.9603184509213,22.415619588807886,71.46360347739528,-435.8388166244737,2,Eastbound/Westbound,True,False,15.19463446675592,False,False,True,0.03389106876487106,n00371,True
east_39th_street_003,East 39th Street,east_39th_street,east_39th_street#0,39.95824980044519,40.750764,-73.980336,mid_block,413.9158443092733,42.40000445911619,71.38692128252029,-415.8199322796523,2,Eastbound/Westbound,True,False,33.872648845301875,False,False,True,0.05015775825745236,n00370,True
east_39th_street_004,East 39th Street,east_39th_street,east_39th_street#0,59.88911218763411,40.750677,-73.980129,mid_block,413.9680506306013,62.3307984723279,71.40736576048263,-395.85488613009346,2,Eastbound/Westbound,True,False,53.46446225281495,False,False,True,0.022447644196832754,n00369,True
east_39th_street_005,East 39th Street,east_39th_street,east_39th_street#0,79.81997457625187,40.75059,-73.979922,mid_block,414.0202569518234,82.26159248696871,71.42781023833635,-375.88983997910304,2,Eastbound/Westbound,True,False,73.23946790746591,False,False,True,0.047110761083214686,n00368,True
east_39th_street_006,East 39th Street,east_39th_street,east_39th_street#0,99.77184060705174,40.750504,-73.979714,mid_block,414.2100297571171,102.21255598233296,71.58630150873637,-355.90481017001383,2,Eastbound/Westbound,True,False,54.64633830880772,False,False,True,0.03650001162531623,n00367,True
east_39th_street_007,East 39th Street,east_39th_street,east_39th_street#0,119.74565604988037,40.750419,-73.979505,mid_block,414.5373690471696,122.18368895803985,71.88283957237277,-335.8997967032083,2,Eastbound/Westbound,True,False,35.04654014444156,False,False,True,0.024786396452829533,n00366,True
east_39th_street_008,East 39th Street,east_39th_street,east_39th_street#0,139.719471492709,40.750334,-73.979296,mid_block,414.8647083372221,142.15482193374675,72.17937763600926,-315.89478323640276,2,Eastbound/Westbound,True,False,16.37694319217114,False,False,True,0.013098457445212949,n00365,True
east_39th_street_009,East 39th Street,east_39th_street,east_39th_street#0,159.7039058503255,40.750246,-73.979089,mid_block,414.8202341955741,162.13920680405505,72.10269544113423,-295.8758988915814,2,Eastbound/Westbound,True,False,5.765504888480259,False,False,True,0.01883773099401855,n00364,True
east_39th_street_010,East 39th Street,east_39th_street,east_39th_street#0,179.6147133600181,40.750158,-73.978883,mid_block,414.7348740327244,182.04983133797236,71.98509312644164,-275.93083639868985,2,Eastbound/Westbound,True,False,8.46199076929192,False,False,True,0.0531975042074022,n00363,True
east_39th_street_011,East 39th Street,east_39th_street,east_39th_street#0,199.59914771725227,40.75007,-73.978676,mid_block,414.6903998917633,202.03421620789987,71.90841093225674,-255.911952054251,2,Eastbound/Westbound,True,False,27.826303413887317,False,False,True,0.03321412445473979,n00362,True
east_39th_street_012,East 39th Street,east_39th_street,east_39th_street#0,219.58358207343952,40.749982,-73.978469,mid_block,414.6459257502213,222.01860107677916,71.83172873749034,-235.8930677108612,2,Eastbound/Westbound,True,False,47.70488726164065,False,False,True,0.0258040736304136,n00361,True
east_39th_street_013,East 39th Street,east_39th_street,east_39th_street#0,239.5070572052486,40.749909,-73.978253,mid_block,416.41963274360126,241.8629661416899,73.5802277130675,-216.01735960403823,2,Eastbound/Westbound,True,False,67.42565280497097,False,False,True,0.03191945643765044,n00360,True
east_39th_street_014,East 39th Street,east_39th_street,east_39th_street#0,259.4379195928166,40.749822,-73.978046,mid_block,416.47183906424226,261.7937601552825,73.60067219033971,-196.05231345409695,2,Eastbound/Westbound,True,False,59.33088084857236,False,False,True,0.032928976513107173,n00359,True
east_39th_street_015,East 39th Street,east_39th_street,east_39th_street#0,279.4398887836035,40.749731,-73.977841,mid_block,416.05555149158073,281.79139691981135,73.15076973764334,-176.01955823164218,2,Eastbound/Westbound,True,False,39.38211869129503,False,False,True,0.02189429782590204,n00358,True
east_39th_street_016,East 39th Street,east_39th_street,east_39th_street#0,299.3864954092419,40.749641,-73.977636,mid_block,415.73594438120824,301.7354428276245,72.79799395709418,-156.04064120406753,2,Eastbound/Westbound,True,False,19.614516975684033,False,False,True,0.04223127467298431,n00357,True
east_39th_street_017,East 39th Street,east_39th_street,east_39th_street#0,319.38846459963383,40.74955,-73.977431,mid_block,415.31965680923366,321.73307959177265,72.34809150508792,-136.00788598199532,2,Eastbound/Westbound,True,False,3.6903032199687247,True,False,False,0.036779643248620486,n00356,True
east_39th_street_018,East 39th Street,east_39th_street,east_39th_street#0,339.2992721082808,40.749462,-73.977225,mid_block,415.23429664580294,341.6437041246418,72.23048918981385,-116.06282349015284,2,Eastbound/Westbound,True,False,21.006470458534274,False,False,True,0.04551515481834897,n00355,True
east_39th_street_019,East 39th Street,east_39th_street,east_39th_street#0,359.26431743533044,40.749373,-73.977019,mid_block,415.0522560200832,361.6079195142266,72.0157602023925,-96.06392280343027,2,Eastbound/Westbound,True,False,40.81063783560434,False,False,True,0.013138285220873383,n00354,True
east_39th_street_020,East 39th Street,east_39th_street,east_39th_street#0,379.2690883900925,40.749286,-73.976811,mid_block,415.1453483631939,381.61247386487753,72.07712480075391,-76.02505480089258,2,Eastbound/Westbound,True,False,60.77544918914565,False,False,True,0.030523085574898107,n00353,True
east_39th_street_021,East 39th Street,east_39th_street,east_39th_street#0,399.14684914671636,40.7492,-73.976604,mid_block,415.294235147286,401.4896770238508,72.19469595133637,-56.11384684373323,2,Eastbound/Westbound,True,False,72.51693375366504,False,False,True,0.06478917610069623,n00352,True
east_39th_street_022,East 39th Street,east_39th_street,east_39th_street#0,419.15162010147844,40.749113,-73.976396,mid_block,415.3873274903967,421.49423137450174,72.25606054969776,-36.07497884119552,2,Eastbound/Westbound,True,False,52.559948587750085,False,False,True,0.016168806431003015,n00351,True
east_39th_street_023,East 39th Street,east_39th_street,east_39th_street#0,439.1034861322783,40.749027,-73.976188,mid_block,415.57710029569046,441.445194869866,72.41455182009778,-16.08994903210629,2,Eastbound/Westbound,True,False,32.701674829475294,False,False,True,0.03806377179186564,n00350,True
east_39th_street_024,East 39th Street,east_39th_street,east_39th_street#0,459.15176131391115,40.748942,-73.975978,mid_block,415.94532560763156,461.4900881815831,72.75201000424192,3.9888862862465544,2,Eastbound/Westbound,True,False,12.985776938245632,False,False,True,0.06393462663673252,n00349,True
east_39th_street_025,East 39th Street,east_39th_street,east_39th_street#0,479.0511958143635,40.748857,-73.97577,mid_block,416.2317788757954,481.3874608212798,73.00762794737068,23.920077901504747,2,Eastbound/Westbound,True,False,8.371254465283828,False,False,True,8.373964962991677,n00097,False
east_39th_street_026,East 39th Street,east_39th_street,east_39th_street#0,498.9978024400019,40.748767,-73.975565,mid_block,415.9121717654229,501.331506729093,72.65485216682154,43.8989949290794,2,Eastbound/Westbound,True,False,27.758304256481583,False,False,True,0.03446044503081129,n00348,True
east_39th_street_027,East 39th Street,east_39th_street,east_39th_street#0,518.9628477670515,40.748678,-73.975359,mid_block,415.7301311397032,521.2957221186778,72.44012317940022,63.89789561580198,2,Eastbound/Westbound,True,False,38.23901962148663,False,False,True,0.03915986773816235,n00347,True
east_39th_street_028,East 39th Street,east_39th_street,east_39th_street#0,538.9825943253978,40.748588,-73.975153,mid_block,415.4514100512193,541.3135283625012,72.12826751935874,83.95063449492396,2,Eastbound/Westbound,True,False,18.963104150620932,False,False,True,0.04123889223072902,n00346,True
east_39th_street_029,East 39th Street,east_39th_street,east_39th_street#0,558.8934018350903,40.7485,-73.974947,mid_block,415.3660498883696,561.2241528964184,72.01066520466617,103.8956969878155,2,Eastbound/Westbound,True,False,7.4351734618299625,False,False,True,0.048904956151818293,n00345,True
east_39th_street_030,East 39th Street,east_39th_street,east_39th_street#0,578.8778361923246,40.748412,-73.97474,mid_block,415.3215757474086,581.208537766346,71.93398301048127,123.9145813322544,2,Eastbound/Westbound,True,False,23.378202356453517,False,False,True,0.027844311023041253,n00344,True
east_39th_street_031,East 39th Street,east_39th_street,east_39th_street#0,598.8086985809423,40.748325,-73.974533,mid_block,415.3737820686306,601.1393317809868,71.95442748833497,143.87962748324475,2,Eastbound/Westbound,True,False,42.78612273109734,False,False,True,0.020472243700769836,n00343,True
east_39th_street_032,East 39th Street,east_39th_street,east_39th_street#0,618.7395609685102,40.748238,-73.974326,mid_block,415.42598838927165,621.0701257945793,71.97487196560718,163.84467363318603,2,Eastbound/Westbound,True,False,62.523937834142274,False,False,True,0.05821669429157414,n00342,True
east_39th_street_033,East 39th Street,east_39th_street,east_39th_street#0,638.7977064953799,40.74815,-73.974118,mid_block,415.4224002701992,641.1282710005171,71.93910989192997,183.93737982917227,2,Eastbound/Westbound,True,False,50.38055717820137,False,False,True,0.04402304165577916,n00341,True
east_39th_street_034,East 39th Street,east_39th_street,east_39th_street#0,658.7285688839975,40.748063,-73.973911,mid_block,415.47460659142126,661.0590650151578,71.95955436978369,203.90242598016263,2,Eastbound/Westbound,True,False,30.450683287467903,False,False,True,0.02162028697741571,n00340,True
east_39th_street_035,East 39th Street,east_39th_street,east_39th_street#0,678.6594312726152,40.747976,-73.973704,mid_block,415.5268129126433,680.9898590297986,71.9799988476374,223.86747213115305,2,Eastbound/Westbound,True,False,10.524553903579935,False,False,True,0.05096245379791551,n00339,True
east_39th_street_036,East 39th Street,east_39th_street,east_39th_street#0,698.6438656298493,40.747888,-73.973497,mid_block,415.4823387716823,700.974243899726,71.90331665345249,243.88635647559187,2,Eastbound/Westbound,True,False,9.47141901848831,False,False,True,9.824840534267418,n00067,False
east_39th_street_037,East 39th Street,east_39th_street,east_39th_street#0,718.5747280174173,40.747801,-73.97329,mid_block,415.5345450923233,720.9050379133187,71.9237611307247,263.8514026255332,2,Eastbound/Westbound,True,False,29.399202786921297,False,False,True,0.03167028742488773,n00338,True
east_39th_street_038,East 39th Street,east_39th_street,east_39th_street#0,738.5794989721795,40.747714,-73.973082,mid_block,415.62763743543394,740.9095922639697,71.9851257290861,283.8902706280709,2,Eastbound/Westbound,True,False,32.83989508449559,False,False,True,0.06027934383907683,n00337,True
east_39th_street_039,East 39th Street,east_39th_street,east_39th_street#0,758.5639333297959,40.747626,-73.972875,mid_block,415.58316329378596,760.8939771342779,71.90844353421107,303.9091549728923,2,Eastbound/Westbound,True,False,12.889550316722882,False,False,True,0.03540372140805412,n00336,True
east_39th_street_040,East 39th Street,east_39th_street,east_39th_street#0,778.4947957180345,40.747539,-73.972668,mid_block,415.63536961569497,780.8247711485378,71.92888801275492,323.87420112350014,2,Eastbound/Westbound,True,False,7.214715366300972,False,False,True,0.005435959131980755,n00335,True
east_39th_street_041,East 39th Street,east_39th_street,east_39th_street#0,798.4256581066523,40.747452,-73.972461,mid_block,415.687575936917,800.7555651631787,71.94933249060864,343.8392472744905,2,Eastbound/Westbound,True,False,27.063670840496247,False,False,True,0.03276254927571728,n00334,True
east_39th_street_042,East 39th Street,east_39th_street,east_39th_street#0,818.4304290614144,40.747365,-73.972253,mid_block,415.7806682800277,820.7601195138296,72.01069708897006,363.87811527702826,2,Eastbound/Westbound,True,False,47.05697860788718,False,False,True,0.029879866827938653,n00333,True
east_39th_street_043,East 39th Street,east_39th_street,east_39th_street#0,838.3612914489825,40.747278,-73.972046,mid_block,415.83287460066873,840.6909135274223,72.03114156624225,383.8431614269696,2,Eastbound/Westbound,True,False,66.982467649883,False,False,True,0.03245411234569944,n00332,True
east_39th_street_044,East 39th Street,east_39th_street,east_39th_street#0,858.2921538376,40.747191,-73.971839,mid_block,415.8850809218908,860.621707542063,72.05158604409596,403.80820757795993,2,Eastbound/Westbound,True,False,60.67343418510426,False,False,True,0.05802069465433604,n00331,True
east_39th_street_045,East 39th Street,east_39th_street,east_39th_street#0,878.2969247923622,40.747104,-73.971631,mid_block,415.9781732650015,880.626261892714,72.11295064245735,423.8470755804976,2,Eastbound/Westbound,True,False,40.92918522497675,False,False,True,0.05831374733352821,n00330,True
east_39th_street_046,East 39th Street,east_39th_street,east_39th_street#0,898.2813591495964,40.747016,-73.971424,mid_block,415.9336991240404,900.6106467626414,72.03626844827244,443.86595992493653,2,Eastbound/Westbound,True,False,21.7387344831234,False,False,True,0.04914870297920845,n00329,True
east_39th_street_047,East 39th Street,east_39th_street,east_39th_street#0,918.2861301043586,40.746929,-73.971216,mid_block,416.02679146715104,920.6152011132924,72.09763304663389,463.90482792747423,2,Eastbound/Westbound,True,False,8.150830165364177,False,False,True,7.307749141344435,n00020,False
east_40th_street_001,East 40th Street,east_40th_street,east_40th_street#0,0.0,40.751564,-73.980312,mid_block,492.24147877918256,1.2975681896483593,150.07034200460953,-457.1187627061363,2,Eastbound/Westbound,True,False,10.33869521031355,False,False,True,6.096206638404507,n00373,False
east_40th_street_002,East 40th Street,east_40th_street,east_40th_street#0,19.9463111776241,40.751484,-73.9801,mid_block,493.17487844708444,21.222027897619682,150.97527379123372,-437.1614746512647,2,Eastbound/Westbound,True,False,14.105048281718416,False,False,True,6.103729986721073,n00374,False
east_40th_street_003,East 40th Street,east_40th_street,east_40th_street#0,39.898177206995946,40.751398,-73.979892,mid_block,493.3646512524841,41.17299139155483,151.13376506174237,-417.1764448436071,2,Eastbound/Westbound,True,False,32.80884130823497,False,False,True,6.0920444528660465,n00375,False
east_40th_street_004,East 40th Street,east_40th_street,east_40th_street#0,59.90294816175817,40.751311,-73.979684,mid_block,493.4577435955948,61.17754574220589,151.19512966010376,-397.1375768410694,2,Eastbound/Westbound,True,False,52.47938818728961,False,False,True,6.132775494449854,n00376,False
east_40th_street_005,East 40th Street,east_40th_street,east_40th_street#0,79.85481419255798,40.751225,-73.979476,mid_block,493.6475164008886,81.12850923757009,151.35362093050378,-377.15254703198013,2,Eastbound/Westbound,True,False,72.29082501741162,False,False,True,6.120607362431169,n00377,False
east_40th_street_006,East 40th Street,east_40th_street,east_40th_street#0,99.80668022298362,40.751139,-73.979268,mid_block,493.8372892068694,101.07947273255354,151.51211220159394,-357.16751722327353,2,Eastbound/Westbound,True,False,55.98765771744402,False,False,True,6.108513596030842,n00378,False
east_40th_street_007,East 40th Street,east_40th_street,east_40th_street#0,119.75854625378344,40.751053,-73.97906,mid_block,494.0270620121632,121.03043622791773,151.6706034719939,-337.18248741418427,2,Eastbound/Westbound,True,False,36.36914153175773,False,False,True,6.096495035897752,n00379,False
east_40th_street_008,East 40th Street,east_40th_street,east_40th_street#0,139.71041228420907,40.750967,-73.978852,mid_block,494.21683481814387,140.9813997229012,151.82909474308408,-317.1974576054776,2,Eastbound/Westbound,True,False,17.52041697772247,False,False,True,6.084552522578881,n00380,False
east_40th_street_009,East 40th Street,east_40th_street,east_40th_street#0,159.65701891088617,40.750877,-73.978647,mid_block,493.8972277083524,160.92544563176256,151.47631896311643,-297.21854057685385,2,Eastbound/Westbound,True,False,6.746734434774152,False,False,True,6.067978576759685,n00381,False
east_40th_street_010,East 40th Street,east_40th_street,east_40th_street#0,179.64145326745572,40.750789,-73.97844,mid_block,493.8527535661234,180.9098305010226,151.3996367676599,-277.19965623308156,2,Eastbound/Westbound,True,False,4.359875585586388,True,False,False,6.090509017885052,n00382,False
east_40th_street_011,East 40th Street,east_40th_street,east_40th_street#0,199.62588762468988,40.750701,-73.978233,mid_block,493.8082794251623,200.89421537095012,151.32295457347502,-257.18077188864265,2,Eastbound/Westbound,True,False,24.342185170613213,False,False,True,6.112365976358785,n00383,False
east_40th_street_012,East 40th Street,east_40th_street,east_40th_street#0,219.5909329517396,40.750612,-73.978027,mid_block,493.6262387994426,220.858430760535,151.10822558605366,-237.1818712019201,2,Eastbound/Westbound,True,False,44.30629459851049,False,False,True,6.114369297237632,n00384,False
east_40th_street_013,East 40th Street,east_40th_street,east_40th_street#0,239.5559782773594,40.750523,-73.977821,mid_block,493.4441981738288,240.82264614869084,150.89349659874097,-217.18297051662913,2,Eastbound/Westbound,True,False,64.27098546667955,False,False,True,6.116730356808246,n00385,False
east_40th_street_014,East 40th Street,east_40th_street,east_40th_street#0,259.46678578705206,40.750435,-73.977615,mid_block,493.35883801097907,260.7332706826082,150.77589428404838,-197.2379080237376,2,Eastbound/Westbound,True,False,60.25397373694258,False,False,True,6.06419919454888,n00386,False
east_40th_street_015,East 40th Street,east_40th_street,east_40th_street#0,279.5052586780115,40.750346,-73.977408,mid_block,493.217683407148,280.7712464082032,150.60208541713473,-177.1651854854677,2,Eastbound/Westbound,True,False,40.225864557145044,False,False,True,6.139954605598293,n00387,False
east_40th_street_016,East 40th Street,east_40th_street,east_40th_street#0,299.4361210666292,40.750259,-73.977201,mid_block,493.26988972837,300.70204042284394,150.62252989498845,-157.2001393344773,2,Eastbound/Westbound,True,False,20.342420332771756,False,False,True,6.10727630511567,n00388,False
east_40th_street_017,East 40th Street,east_40th_street,east_40th_street#0,319.4205554228165,40.750171,-73.976994,mid_block,493.225415586828,320.68642529172325,150.54584770022203,-137.1812549910875,2,Eastbound/Westbound,True,False,1.8929531703561648,True,False,False,6.128572011272482,n00389,False
east_40th_street_018,East 40th Street,east_40th_street,east_40th_street#0,339.3514178114342,40.750084,-73.976787,mid_block,493.27762190805004,340.617219306364,150.56629217807577,-117.21620884009712,2,Eastbound/Westbound,True,False,19.757539862994463,False,False,True,6.09614467958213,n00390,False
east_40th_street_019,East 40th Street,east_40th_street,east_40th_street#0,359.3358521686684,40.749996,-73.97658,mid_block,493.233147767089,360.6016041762915,150.48960998389086,-97.19732449565824,2,Eastbound/Westbound,True,False,39.69243623545759,False,False,True,6.117426599501441,n00391,False
east_40th_street_020,East 40th Street,east_40th_street,east_40th_street#0,379.26671455728615,40.749909,-73.976373,mid_block,493.285354088311,380.5323981909323,150.51005446174457,-77.23227834466789,2,Eastbound/Westbound,True,False,59.60998094436566,False,False,True,6.085014746334299,n00392,False
east_40th_street_021,East 40th Street,east_40th_street,east_40th_street#0,399.2511489138557,40.749821,-73.976166,mid_block,493.2408799460819,400.5167830601924,150.43337226628802,-57.21339400089553,2,Eastbound/Westbound,True,False,73.78676935916337,False,False,True,6.106298499098413,n00393,False
east_40th_street_022,East 40th Street,east_40th_street,east_40th_street#0,419.18201130247337,40.749734,-73.975959,mid_block,493.29308626730403,420.44757707483313,150.45381674414176,-37.24834784990516,2,Eastbound/Westbound,True,False,53.95171352571743,False,False,True,6.073974004595066,n00394,False
east_40th_street_023,East 40th Street,east_40th_street,east_40th_street#0,439.16644565970756,40.749646,-73.975752,mid_block,493.248612126343,440.43196194476064,150.37713454995685,-17.229463505466292,2,Eastbound/Westbound,True,False,34.19332216255022,False,False,True,6.0952579142840015,n00395,False
east_40th_street_024,East 40th Street,east_40th_street,east_40th_street#0,459.15088001694176,40.749558,-73.975545,mid_block,493.2041379853819,460.41634681468815,150.30045235577194,2.7894208389725748,2,Eastbound/Westbound,True,False,15.04441430631378,False,False,True,6.116901964711966,n00396,False
east_40th_street_025,East 40th Street,east_40th_street,east_40th_street#0,479.0817424055595,40.749471,-73.975338,mid_block,493.256344306604,480.34714082932896,150.32089683362565,22.754466989962957,2,Eastbound/Westbound,True,False,8.962274204068843,False,False,True,8.888790604621029,n00101,False
east_40th_street_026,East 40th Street,east_40th_street,east_40th_street#0,499.06617676174676,40.749383,-73.975131,mid_block,493.2118701650619,500.3315256982082,150.24421463885923,42.77335133335276,2,Eastbound/Westbound,True,False,27.070895559023615,False,False,True,6.106011371849731,n00397,False
east_40th_street_027,East 40th Street,east_40th_street,east_40th_street#0,518.9970391503645,40.749296,-73.974924,mid_block,493.26407648628395,520.262319712849,150.26465911671295,62.73839748434314,2,Eastbound/Westbound,True,False,39.96324981448088,False,False,True,6.073431291625702,n00398,False
east_40th_street_028,East 40th Street,east_40th_street,east_40th_street#0,538.9814735075986,40.749208,-73.974717,mid_block,493.21960234532287,540.2467045827765,150.1879769225281,82.757281828782,2,Eastbound/Westbound,True,False,20.96418602967923,False,False,True,6.095215873147309,n00399,False
east_40th_street_029,East 40th Street,east_40th_street,east_40th_street#0,558.8922810166292,40.74912,-73.974511,mid_block,493.1342421812052,560.1573291160264,150.07037460656383,102.70234432100702,2,Eastbound/Westbound,True,False,9.015453748853473,False,False,True,6.043630367262091,n00400,False
east_40th_street_030,East 40th Street,east_40th_street,east_40th_street#0,578.8767153738635,40.749032,-73.974304,mid_block,493.08976804024417,580.141713985954,149.99369241237892,122.72122866544588,2,Eastbound/Westbound,True,False,22.76576727442819,False,False,True,6.06542388289558,n00401,False
east_40th_street_031,East 40th Street,east_40th_street,east_40th_street#0,598.8814863286256,40.748945,-73.974096,mid_block,493.18286038335486,600.1462683366049,150.05505701074034,142.7600966679836,2,Eastbound/Westbound,True,False,41.8713984765188,False,False,True,6.106976848438543,n00402,False
east_40th_street_032,East 40th Street,east_40th_street,east_40th_street#0,618.8123487172433,40.748858,-73.973889,mid_block,493.23506670457687,620.0770623512457,150.07550148859406,162.72514281897398,2,Eastbound/Westbound,True,False,61.48391867967386,False,False,True,6.074903383049438,n00403,False
east_40th_street_033,East 40th Street,east_40th_street,east_40th_street#0,638.7967830744775,40.74877,-73.973682,mid_block,493.19059256361584,640.0614472211732,149.99881929440917,182.74402716341285,2,Eastbound/Westbound,True,False,51.36632198222643,False,False,True,6.096288790429366,n00404,False
east_40th_street_034,East 40th Street,east_40th_street,east_40th_street#0,658.7276454630951,40.748683,-73.973475,mid_block,493.2427988848379,659.9922412358139,150.01926377226286,202.7090733144032,2,Eastbound/Westbound,True,False,31.449896824122398,False,False,True,6.064047070528196,n00405,False
east_40th_street_035,East 40th Street,east_40th_street,east_40th_street#0,678.753697695559,40.748597,-73.973266,mid_block,493.4734577120203,680.0169650671884,150.2186751631706,222.76792497503985,2,Eastbound/Westbound,True,False,11.467318023636798,False,False,True,6.128760151433701,n00406,False
east_40th_street_036,East 40th Street,east_40th_street,east_40th_street#0,698.7275131383877,40.748512,-73.973057,mid_block,493.80079700207284,699.9880980428953,150.51521322680702,242.77293844184533,2,Eastbound/Westbound,True,False,8.651700155060704,False,False,True,9.463312710740448,n00063,False
east_40th_street_037,East 40th Street,east_40th_street,east_40th_street#0,718.6793791688133,40.748426,-73.972849,mid_block,493.9905698080536,719.9390615378787,150.67370449789718,262.757968250552,2,Eastbound/Westbound,True,False,28.551326277358875,False,False,True,6.129174389396323,n00407,False
east_40th_street_038,East 40th Street,east_40th_street,east_40th_street#0,738.6102415574309,40.748339,-73.972642,mid_block,494.0427761292756,739.8698555525194,150.6941489757509,282.72301440154234,2,Eastbound/Westbound,True,False,33.74756430017795,False,False,True,6.097068319985873,n00408,False
east_40th_street_039,East 40th Street,east_40th_street,east_40th_street#0,758.5411039449989,40.748252,-73.972435,mid_block,494.0949824499166,759.800649566112,150.7145934530231,302.68806055148366,2,Eastbound/Westbound,True,False,13.816863671192712,False,False,True,6.064994335519108,n00409,False
east_40th_street_040,East 40th Street,east_40th_street,east_40th_street#0,778.525538302233,40.748164,-73.972228,mid_block,494.05050830895556,779.7850344360395,150.6379112588382,322.70694489592256,2,Eastbound/Westbound,True,False,6.167617863679766,False,False,True,6.086859812025049,n00410,False
east_40th_street_041,East 40th Street,east_40th_street,east_40th_street#0,798.4564006908507,40.748077,-73.972021,mid_block,494.1027146301776,799.7158284506803,150.65835573669187,342.67199104691286,2,Eastbound/Westbound,True,False,26.098474279245245,False,False,True,6.054668174306624,n00411,False
east_40th_street_042,East 40th Street,east_40th_street,east_40th_street#0,818.5145462181013,40.747989,-73.971813,mid_block,494.0991265104183,819.7739736569988,150.62259366232456,362.7646972432816,2,Eastbound/Westbound,True,False,43.168596461856104,False,False,True,6.150340065568863,n00412,False
east_40th_street_043,East 40th Street,east_40th_street,east_40th_street#0,838.4454086063399,40.747902,-73.971606,mid_block,494.1513328323272,839.7047676712588,150.6430381408684,382.7297433938895,2,Eastbound/Westbound,True,False,25.405164568917698,False,False,True,6.1182770775866615,n00413,False
east_40th_street_044,East 40th Street,east_40th_street,east_40th_street#0,858.376270993908,40.747815,-73.971399,mid_block,494.20353915296823,859.6355616848514,150.66348261814062,402.6947895438309,2,Eastbound/Westbound,True,False,14.892803771533012,False,False,True,6.086394667320186,n00414,False
east_40th_street_045,East 40th Street,east_40th_street,east_40th_street#0,878.3607053515244,40.747727,-73.971192,mid_block,494.1590650113203,879.6199465551597,150.58680042326557,422.7136738886522,2,Eastbound/Westbound,True,False,24.445778873849886,False,False,True,6.1081874656798805,n00415,False
east_40th_street_046,East 40th Street,east_40th_street,east_40th_street#0,898.291567740142,40.74764,-73.970985,mid_block,494.2112713325423,899.5507405698004,150.60724490111932,442.6787200396426,2,Eastbound/Westbound,True,False,14.316475275175723,False,False,True,6.076159641242052,n00416,False
east_41st_street_001,East 41st Street,east_41st_street,east_41st_street#0,0.0,40.752183,-73.979878,mid_block,569.8312185660578,0.1368145925226827,227.95108449345315,-458.405920882591,2,Eastbound/Westbound,True,False,10.554321245475217,False,False,True,4.990292970511553,n00417,True
east_41st_street_002,East 41st Street,east_41st_street,east_41st_street#0,19.996707511070262,40.752099,-73.979668,mid_block,570.296124340182,20.128117048953072,228.3856693496359,-438.3809237576866,2,Eastbound/Westbound,True,False,11.495520226798622,False,False,True,5.0306415695910385,n00418,False
east_41st_street_003,East 41st Street,east_41st_street,east_41st_street#0,39.94857354187013,40.752013,-73.97946,mid_block,570.4858971454757,40.07908054431732,228.5441606200359,-418.39589394859735,2,Eastbound/Westbound,True,False,30.77854141143224,False,False,True,5.021444521014314,n00419,False
east_41st_street_004,East 41st Street,east_41st_street,east_41st_street#0,59.90043957229571,40.751927,-73.979252,mid_block,570.6756699514566,60.03004403930072,228.7026518911261,-398.4108641398907,2,Eastbound/Westbound,True,False,50.58304215581193,False,False,True,5.009109172121657,n00420,False
east_41st_street_005,East 41st Street,east_41st_street,east_41st_street#0,79.90521052705787,40.75184,-73.979044,mid_block,570.7687622945673,80.03459838995173,228.76401648948752,-378.371996137353,2,Eastbound/Westbound,True,False,70.5167494281985,False,False,True,5.050262400588645,n00421,False
east_41st_street_006,East 41st Street,east_41st_street,east_41st_street#0,99.83607291567557,40.751753,-73.978837,mid_block,570.8209686157893,99.96539240459248,228.7844609673412,-358.40694998636263,2,Eastbound/Westbound,True,False,54.7576798948706,False,False,True,5.017377434637456,n00422,False
east_41st_street_007,East 41st Street,east_41st_street,east_41st_street#0,119.82050727290975,40.751665,-73.97863,mid_block,570.7764944748283,119.94977727451999,228.7077787731563,-338.38806564192373,2,Eastbound/Westbound,True,False,34.773351068936606,False,False,True,5.038399696581292,n00423,False
east_41st_street_008,East 41st Street,east_41st_street,east_41st_street#0,139.75136966047768,40.751578,-73.978423,mid_block,570.8287007954693,139.8805712881125,228.72822325042853,-318.4230194919824,2,Eastbound/Westbound,True,False,14.842502405547501,False,False,True,5.005365957004943,n00424,False
east_41st_street_009,East 41st Street,east_41st_street,east_41st_street#0,159.75614061523984,40.751491,-73.978215,mid_block,570.9217931385799,159.8851256387635,228.78958784878995,-298.3841514894447,2,Eastbound/Westbound,True,False,5.162690477244064,False,False,True,5.046940312502018,n00425,False
east_41st_street_010,East 41st Street,east_41st_street,east_41st_street#0,179.702747241917,40.751401,-73.97801,mid_block,570.6021860287884,179.82917154762492,228.43681206882223,-278.40523446082096,2,Eastbound/Westbound,True,False,15.809184638410626,False,False,True,5.037323975237485,n00426,False
east_41st_street_011,East 41st Street,east_41st_street,east_41st_street#0,199.66779256792375,40.751312,-73.977804,mid_block,570.4201454024877,199.79338693616148,228.2220830808194,-258.40633377514746,2,Eastbound/Westbound,True,False,28.723591255986403,False,False,True,5.058095732123626,n00427,False
east_41st_street_012,East 41st Street,east_41st_street,east_41st_street#0,219.61965859834942,40.751226,-73.977596,mid_block,570.6099182084683,219.74435043114497,228.3805743519096,-238.4213039664408,2,Eastbound/Westbound,True,False,46.43175186899658,False,False,True,5.045961421412292,n00428,False
east_41st_street_013,East 41st Street,east_41st_street,east_41st_street#0,239.51909309917258,40.751141,-73.977388,mid_block,570.8963714759453,239.64172307122243,228.6361922943482,-218.49011235080008,2,Eastbound/Westbound,True,False,65.41800408355259,False,False,True,4.980933560606326,n00429,True
east_41st_street_014,East 41st Street,east_41st_street,east_41st_street#0,259.54514533126365,40.751055,-73.977179,mid_block,571.1270303038146,259.6664469022161,228.835603685946,-198.43126069054605,2,Eastbound/Westbound,True,False,61.60238988226529,False,False,True,5.043060452531488,n00430,False
east_41st_street_015,East 41st Street,east_41st_street,east_41st_street#0,279.5101906583134,40.750966,-73.976973,mid_block,570.9449896780949,279.63066229180095,228.62087469852472,-178.4323600038235,2,Eastbound/Westbound,True,False,41.638672508365474,False,False,True,5.0450508963782035,n00431,False
east_41st_street_016,East 41st Street,east_41st_street,east_41st_street#0,299.420998168006,40.750878,-73.976767,mid_block,570.8596295152453,299.54128682571826,228.50327238383213,-158.48729751093194,2,Eastbound/Westbound,True,False,21.729479034017178,False,False,True,4.992930355927731,n00432,True
east_41st_street_017,East 41st Street,east_41st_street,east_41st_street#0,319.44705040046983,40.750792,-73.976558,mid_block,571.0902883424277,319.56601065709265,228.70268377473985,-138.42844585029542,2,Eastbound/Westbound,True,False,1.7038502809485814,True,False,False,5.055606200237852,n00433,False
east_41st_street_018,East 41st Street,east_41st_street,east_41st_street#0,339.39891643089544,40.750706,-73.97635,mid_block,571.2800611484084,339.5169741520761,228.86117504582995,-118.4434160415887,2,Eastbound/Westbound,True,False,18.248608706626957,False,False,True,5.0441929174783775,n00434,False
east_41st_street_019,East 41st Street,east_41st_street,east_41st_street#0,359.32977881951314,40.750619,-73.976143,mid_block,571.3322674696304,359.44776816671686,228.8816195236837,-98.47836989059836,2,Eastbound/Westbound,True,False,38.17937306056108,False,False,True,5.011613484036826,n00435,False
east_41st_street_020,East 41st Street,east_41st_street,east_41st_street#0,379.3142131757004,40.750531,-73.975936,mid_block,571.2877933280884,379.4321530355962,228.80493732891728,-78.45948554720854,2,Eastbound/Westbound,True,False,58.16348481030774,False,False,True,5.032888512696727,n00436,False
east_41st_street_021,East 41st Street,east_41st_street,east_41st_street#0,399.24507556431814,40.750444,-73.975729,mid_block,571.3399996493105,399.362947050237,228.825381806771,-58.49443939621817,2,Eastbound/Westbound,True,False,75.0593191494315,False,False,True,5.000122891187955,n00437,False
east_41st_street_022,East 41st Street,east_41st_street,east_41st_street#0,419.2498465190803,40.750357,-73.975521,mid_block,571.4330919924212,419.36750140088793,228.8867464051324,-38.45557139368047,2,Eastbound/Westbound,True,False,55.19659390987093,False,False,True,5.041677908512794,n00438,False
east_41st_street_023,East 41st Street,east_41st_street,east_41st_street#0,439.180708907698,40.75027,-73.975314,mid_block,571.4852983136432,439.2982954155287,228.90719088298613,-18.490525242690083,2,Eastbound/Westbound,True,False,35.574739671495664,False,False,True,5.0091266925182225,n00439,False
east_41st_street_024,East 41st Street,east_41st_street,east_41st_street#0,459.16514326493217,40.750182,-73.975107,mid_block,571.4408241726821,459.2826802854562,228.8305086888012,1.5283591017487907,2,Eastbound/Westbound,True,False,16.69963118719508,False,False,True,5.030730971393726,n00440,False
east_41st_street_025,East 41st Street,east_41st_street,east_41st_street#0,479.0759507739628,40.750094,-73.974901,mid_block,571.3554640085645,479.1933048187061,228.71290637283695,21.473421593973796,2,Eastbound/Westbound,True,False,9.530350766623632,False,False,True,9.446813618873257,n00105,False
east_41st_street_026,East 41st Street,east_41st_street,east_41st_street#0,499.1144236645366,40.750005,-73.974694,mid_block,571.2143094054203,499.2312805439203,228.53909750661347,41.546144131861155,2,Eastbound/Westbound,True,False,26.513649709715317,False,False,True,5.054344046978179,n00441,False
east_41st_street_027,East 41st Street,east_41st_street,east_41st_street#0,519.0452860531543,40.749918,-73.974487,mid_block,571.2665157266424,519.1620745585611,228.5595419844672,61.51119028285152,2,Eastbound/Westbound,True,False,40.97980009026004,False,False,True,5.021786810608575,n00442,False
east_41st_street_028,East 41st Street,east_41st_street,east_41st_street#0,539.0297204103884,40.74983,-73.97428,mid_block,571.2220415856814,539.1464594284886,228.4828597902823,81.5300746272904,2,Eastbound/Westbound,True,False,21.98230713630821,False,False,True,5.043177320315983,n00443,False
east_41st_street_029,East 41st Street,east_41st_street,east_41st_street#0,558.9605827979565,40.749743,-73.974073,mid_block,571.2742479063223,559.0772534420812,228.50330426755448,101.49512077723168,2,Eastbound/Westbound,True,False,9.362215455723966,False,False,True,5.010767118813884,n00444,False
east_41st_street_030,East 41st Street,east_41st_street,east_41st_street#0,578.9450171555729,40.749655,-73.973866,mid_block,571.2297737646743,579.0616383123895,228.42662207267944,121.51400512205312,2,Eastbound/Westbound,True,False,22.065556779641284,False,False,True,5.032154617217489,n00445,False
east_41st_street_031,East 41st Street,east_41st_street,east_41st_street#0,598.949788110335,40.749568,-73.973658,mid_block,571.322866107785,599.0661926630404,228.4879866710409,141.55287312459083,2,Eastbound/Westbound,True,False,41.098241486773475,False,False,True,5.073764594957221,n00446,False
east_41st_street_032,East 41st Street,east_41st_street,east_41st_street#0,618.8275488669589,40.749482,-73.973451,mid_block,571.471752891877,618.9433958220137,228.60555782162336,161.46408108175018,2,Eastbound/Westbound,True,False,60.64172485611242,False,False,True,4.987849696225523,n00447,True
east_41st_street_033,East 41st Street,east_41st_street,east_41st_street#0,638.832319821721,40.749395,-73.973243,mid_block,571.5648452349878,638.9479501726646,228.6669224199847,181.50294908428788,2,Eastbound/Westbound,True,False,52.5062382872874,False,False,True,5.029425187177092,n00448,False
east_41st_street_034,East 41st Street,east_41st_street,east_41st_street#0,658.8370907764831,40.749308,-73.973035,mid_block,571.6579375780984,658.9525045233156,228.72828701834612,201.54181708682555,2,Eastbound/Westbound,True,False,32.54666516782375,False,False,True,5.071091170414142,n00449,False
east_41st_street_035,East 41st Street,east_41st_street,east_41st_street#0,678.74789828513,40.74922,-73.972829,mid_block,571.5725774146678,678.8631290561847,228.610684703072,221.48687957866807,2,Eastbound/Westbound,True,False,12.862007755273362,False,False,True,5.021090196124423,n00450,False
east_41st_street_036,East 41st Street,east_41st_street,east_41st_street#0,698.7129436121796,40.749131,-73.972623,mid_block,571.3905367889481,698.8273444457695,228.39595571565073,241.48578026539067,2,Eastbound/Westbound,True,False,8.11558872122936,False,False,True,9.541110638359005,n00059,False
east_41st_street_037,East 41st Street,east_41st_street,east_41st_street#0,718.6438060007973,40.749044,-73.972416,mid_block,571.4427431101701,718.7581384604104,228.4164001935044,261.450826416381,2,Eastbound/Westbound,True,False,27.570655492159,False,False,True,4.9916401880594385,n00451,True
east_41st_street_038,East 41st Street,east_41st_street,east_41st_street#0,738.6282403569846,40.748956,-73.972209,mid_block,571.398268968628,738.7425233292897,228.339717998738,281.4697107597708,2,Eastbound/Westbound,True,False,47.48241502740394,False,False,True,5.013269508940888,n00452,False
east_41st_street_039,East 41st Street,east_41st_street,east_41st_street#0,758.6126747142188,40.748868,-73.972002,mid_block,571.3537948276669,758.7269081992172,228.2630358045531,301.4885951042097,2,Eastbound/Westbound,True,False,67.43718308628347,False,False,True,5.034995423179992,n00453,False
east_41st_street_040,East 41st Street,east_41st_street,east_41st_street#0,778.5971090718352,40.74878,-73.971795,mid_block,571.309320686019,778.7112930695255,228.1863536096781,321.5074794490311,2,Eastbound/Westbound,True,False,77.26627343438047,False,False,True,5.056816283687738,n00454,False
east_41st_street_041,East 41st Street,east_41st_street,east_41st_street#0,798.5279714600739,40.748693,-73.971588,mid_block,571.361527007928,798.6420870837854,228.2067980882219,341.4725255996389,2,Eastbound/Westbound,True,False,63.85116893668239,False,False,True,5.02451948720745,n00455,False
east_41st_street_042,East 41st Street,east_41st_street,east_41st_street#0,818.5124058176903,40.748605,-73.971381,mid_block,571.3170528662799,818.6264719540936,228.13011589334687,361.4914099444603,2,Eastbound/Westbound,True,False,43.887438126775756,False,False,True,5.046158141301523,n00456,False
east_41st_street_043,East 41st Street,east_41st_street,east_41st_street#0,838.4968401738776,40.748517,-73.971174,mid_block,571.2725787247379,838.610856822973,228.0534336985805,381.5102942878502,2,Eastbound/Westbound,True,False,23.9582534701252,False,False,True,5.067892113350286,n00457,False
east_41st_street_044,East 41st Street,east_41st_street,east_41st_street#0,858.4076476835701,40.748429,-73.970968,mid_block,571.1872185618881,858.5214813568903,227.93583138388792,401.45535678074174,2,Eastbound/Westbound,True,False,4.584841968357546,True,False,False,5.016190876371784,n00458,False
east_41st_street_045,East 41st Street,east_41st_street,east_41st_street#0,878.3920820408043,40.748341,-73.970761,mid_block,571.1427444209271,878.5058662268178,227.859149189703,421.4742411251805,2,Eastbound/Westbound,True,False,16.23198857081146,False,False,True,25.037918271653083,n00458,False
east_41st_street_046,East 41st Street,east_41st_street,east_41st_street#1,0.0,40.748054,-73.970072,mid_block,571.5659208564691,944.7073133718447,228.17775734496837,487.7890585280136,2,Eastbound/Westbound,True,False,15.979189300117307,False,False,True,13.35331662791241,n00038,False
east_42nd_street_001,East 42nd Street,east_42nd_street,east_42nd_street#0,0.0,40.752856,-73.979386,mid_block,655.0130925992237,0.36025430175146766,313.45003428075546,-458.3186741122965,2,Eastbound/Westbound,True,False,13.75156269950401,False,False,True,3.8765415009849136,n00460,True
east_42nd_street_002,East 42nd Street,east_42nd_street,east_42nd_street#0,19.94660662667711,40.752766,-73.979181,mid_block,654.6934854894323,20.304300210612837,313.09725850078786,-438.33975708367274,2,Eastbound/Westbound,True,False,14.058846900290956,False,False,True,3.860540368248918,n00461,True
east_42nd_street_003,East 42nd Street,east_42nd_street,east_42nd_street#0,39.95137758143922,40.752679,-73.978973,mid_block,654.786577832543,40.308854561263786,313.1586230991493,-418.3008890811351,2,Eastbound/Westbound,True,False,31.774458806857893,False,False,True,3.9023938721341724,n00462,True
east_42nd_street_004,East 42nd Street,east_42nd_street,east_42nd_street#0,59.891775649689535,40.752584,-73.978772,mid_block,653.8200243217454,60.225813401183245,312.1565334744146,-398.3480684927913,2,Eastbound/Westbound,True,False,51.00192442908084,False,False,True,3.8815469655741848,n00463,True
east_42nd_street_005,East 42nd Street,east_42nd_street,east_42nd_street#0,79.90391480350651,40.752489,-73.97857,mid_block,652.8943568334178,80.21653257816104,311.195363970769,-378.32142605185106,2,Eastbound/Westbound,True,False,46.10104229665898,False,False,True,3.9353485819703833,n00464,True
east_42nd_street_006,East 42nd Street,east_42nd_street,east_42nd_street#0,99.85578083393214,40.752403,-73.978362,mid_block,653.0841296393985,100.16749607314449,311.3538552418591,-358.33639624314435,2,Eastbound/Westbound,True,False,34.46987873576559,False,False,True,3.923823977014773,n00465,True
east_42nd_street_007,East 42nd Street,east_42nd_street,east_42nd_street#0,119.78664322254988,40.752316,-73.978155,mid_block,653.1363359606205,120.0982900877853,311.37429971971284,-338.371350092154,2,Eastbound/Westbound,True,False,26.216151264114306,False,False,True,3.891108819927847,n00466,True
east_42nd_street_008,East 42nd Street,east_42nd_street,east_42nd_street#0,139.791414177312,40.752229,-73.977947,mid_block,653.2294283037312,140.10284443843625,311.43566431807426,-318.3324820896163,2,Eastbound/Westbound,True,False,25.745692555918993,False,False,True,3.9317802744987858,n00467,True
east_42nd_street_009,East 42nd Street,east_42nd_street,east_42nd_street#0,159.7432802081118,40.752143,-73.977739,mid_block,653.4192011090249,160.05380793380044,311.5941555884743,-298.347452280527,2,Eastbound/Westbound,True,False,11.28012522386881,False,False,True,3.9193545603858144,n00468,True
east_42nd_street_010,East 42nd Street,east_42nd_street,east_42nd_street#0,179.6951462385375,40.752057,-73.977531,mid_block,653.6089739150057,180.00477142878395,311.7526468595644,-278.36242247182037,2,Eastbound/Westbound,True,False,17.076210227059214,False,False,True,3.9070946374150015,n00469,True
east_42nd_street_011,East 42nd Street,east_42nd_street,east_42nd_street#0,199.6470122693373,40.751971,-73.977323,mid_block,653.7987467202995,199.95573492414815,311.91113812996446,-258.37739266273115,2,Eastbound/Westbound,True,False,24.755965545392634,False,False,True,3.8949305686265854,n00470,True
east_42nd_street_012,East 42nd Street,east_42nd_street,east_42nd_street#0,219.6517832240994,40.751884,-73.977115,mid_block,653.8918390634102,219.9602892747991,311.9725027283258,-238.33852466019343,2,Eastbound/Westbound,True,False,28.81435264740422,False,False,True,3.935464945337327,n00471,True
east_42nd_street_013,East 42nd Street,east_42nd_street,east_42nd_street#0,239.52954398072325,40.751798,-73.976908,mid_block,654.0407258475022,239.83749243377238,312.0900738789083,-218.42731670303408,2,Eastbound/Westbound,True,False,37.54571918052248,False,False,True,3.8491717220842836,n00472,True
east_42nd_street_014,East 42nd Street,east_42nd_street,east_42nd_street#0,259.5343149354854,40.751711,-73.9767,mid_block,654.1338181906129,259.84204678442336,312.1514384772697,-198.3884487004964,2,Eastbound/Westbound,True,False,52.85699531124335,False,False,True,3.8900649765925945,n00473,True
east_42nd_street_015,East 42nd Street,east_42nd_street,east_42nd_street#0,279.5390858902474,40.751624,-73.976492,mid_block,654.2269105337236,279.84660113507425,312.2128030756311,-178.3495806979587,2,Eastbound/Westbound,True,False,42.260118160509734,False,False,True,3.931259688236683,n00474,True
east_42nd_street_016,East 42nd Street,east_42nd_street,east_42nd_street#0,299.46994827781543,40.751537,-73.976285,mid_block,654.2791168543647,299.77739514866687,312.2332475529033,-158.38453454801737,2,Eastbound/Westbound,True,False,22.46271816221027,False,False,True,3.898507781241512,n00475,True
east_42nd_street_017,East 42nd Street,east_42nd_street,east_42nd_street#0,319.4543826350496,40.751449,-73.976078,mid_block,654.2346427134037,319.7617800185944,312.1565653587184,-138.3656502035785,2,Eastbound/Westbound,True,False,4.097797784865639,True,False,False,3.9194115212994194,n00476,True
east_42nd_street_018,East 42nd Street,east_42nd_street,east_42nd_street#0,339.4388169922838,40.751361,-73.975871,mid_block,654.1901685724426,339.7461648885219,312.0798831645335,-118.34676585913964,2,Eastbound/Westbound,True,False,18.104292841577987,False,False,True,3.9405736560084863,n00477,True
east_42nd_street_019,East 42nd Street,east_42nd_street,east_42nd_street#0,359.3696793809015,40.751274,-73.975664,mid_block,654.2423748936646,359.67695890316264,312.10032764238724,-98.38171970814923,2,Eastbound/Westbound,True,False,37.8696373985038,False,False,True,3.907877880582328,n00478,True
east_42nd_street_020,East 42nd Street,east_42nd_street,east_42nd_street#0,379.3005417684695,40.751187,-73.975457,mid_block,654.2945812143057,379.6077529167552,312.1207721196595,-78.41667355820796,2,Eastbound/Westbound,True,False,57.74887016278163,False,False,True,3.875243032553283,n00479,True
east_42nd_street_021,East 42nd Street,east_42nd_street,east_42nd_street#0,399.28497612570374,40.751099,-73.97525,mid_block,654.2501070733445,399.59213778668277,312.0440899254745,-58.39778921376907,2,Eastbound/Westbound,True,False,74.92443517826776,False,False,True,3.896245828418309,n00480,True
east_42nd_street_022,East 42nd Street,east_42nd_street,east_42nd_street#0,419.21583851432143,40.751012,-73.975043,mid_block,654.3023133945667,419.5229318013235,312.06453440332825,-38.43274306277871,2,Eastbound/Westbound,True,False,55.044735980341635,False,False,True,3.863382771583855,n00481,True
east_42nd_street_023,East 42nd Street,east_42nd_street,east_42nd_street#0,439.22060946908357,40.750925,-73.974835,mid_block,654.3954057376774,439.5274861519745,312.1258990016896,-18.393875060240987,2,Eastbound/Westbound,True,False,35.144377377899964,False,False,True,3.9046049781179306,n00482,True
east_42nd_street_024,East 42nd Street,east_42nd_street,east_42nd_street#0,459.20504382670003,40.750837,-73.974628,mid_block,654.3509315960293,459.5118710222827,312.0492168068146,1.6250092845804147,2,Eastbound/Westbound,True,False,15.575118644153234,False,False,True,3.925825111401302,n00483,True
east_42nd_street_025,East 42nd Street,east_42nd_street,east_42nd_street#0,479.15690985712564,40.750751,-73.97442,mid_block,654.5407044020101,479.4628345172662,312.2077080779047,21.610039093287085,2,Eastbound/Westbound,True,False,6.803664990001794,False,False,True,6.780516333410695,n00109,False
east_42nd_street_026,East 42nd Street,east_42nd_street,east_42nd_street#0,499.1087758879255,40.750665,-73.974212,mid_block,654.7304772073038,499.4137980126304,312.36619934830475,41.59506890237631,2,Eastbound/Westbound,True,False,25.419467146854448,False,False,True,3.9034622523944917,n00484,True
east_42nd_street_027,East 42nd Street,east_42nd_street,east_42nd_street#0,519.0825913307542,40.75058,-73.974003,mid_block,655.0578164973563,519.3849309883374,312.66273741194124,61.60008236918185,2,Eastbound/Westbound,True,False,45.19803851041655,False,False,True,3.9131677460431513,n00485,True
east_42nd_street_028,East 42nd Street,east_42nd_street,east_42nd_street#0,539.0564067735828,40.750495,-73.973794,mid_block,655.3851557874088,539.3560639640442,312.95927547557767,81.60509583598736,2,Eastbound/Westbound,True,False,65.09594969763118,False,False,True,3.9229682924655194,n00486,True
east_42nd_street_029,East 42nd Street,east_42nd_street,east_42nd_street#0,559.0302222164115,40.75041,-73.973585,mid_block,655.7124950774612,559.3271969397512,313.2558135392141,101.61010930279284,2,Eastbound/Westbound,True,False,84.43861709600867,False,False,True,3.932955171496005,n00487,True
east_42nd_street_030,East 42nd Street,east_42nd_street,east_42nd_street#0,578.9820882472114,40.750324,-73.973377,mid_block,655.902267882755,579.2781604351154,313.4143048096141,121.59513911188212,2,Eastbound/Westbound,True,False,84.67277095977224,False,False,True,3.921196692905921,n00488,True
east_42nd_street_031,East 42nd Street,east_42nd_street,east_42nd_street#0,598.9129506358291,40.750237,-73.97317,mid_block,655.954474203977,599.2089544497562,313.43474928746787,141.56018526287244,2,Eastbound/Westbound,True,False,84.63172850577487,False,False,True,3.8884455872572787,n00489,True
east_42nd_street_032,East 42nd Street,east_42nd_street,east_42nd_street#0,618.9177215905912,40.75015,-73.972962,mid_block,656.0475665470877,619.2135088004071,313.49611388582923,161.59905326541016,2,Eastbound/Westbound,True,False,73.22068802949482,False,False,True,3.929977456724498,n00490,True
east_42nd_street_033,East 42nd Street,east_42nd_street,east_42nd_street#0,638.8171560910436,40.750065,-73.972754,mid_block,656.3340198152516,639.1108814401039,313.751731828958,181.53024488066836,2,Eastbound/Westbound,True,False,53.341492621400874,False,False,True,3.8650888190222785,n00491,True
east_42nd_street_034,East 42nd Street,east_42nd_street,east_42nd_street#0,658.8432083231346,40.749979,-73.972545,mid_block,656.5646786431209,659.1356052710975,313.9511432205559,201.58909654092236,2,Eastbound/Westbound,True,False,33.355445904725826,False,False,True,3.9276268282448425,n00492,True
east_42nd_street_035,East 42nd Street,east_42nd_street,east_42nd_street#0,678.7209690801341,40.749893,-73.972338,mid_block,656.7135654265261,679.0128084304515,314.0687143704482,221.5003044984643,2,Eastbound/Westbound,True,False,13.618734224909863,False,False,True,3.8427708940855076,n00493,True
east_42nd_street_036,East 42nd Street,east_42nd_street,east_42nd_street#0,698.7407156384803,40.749803,-73.972132,mid_block,656.4348443380422,699.0306146742748,313.75685871040673,241.55304337758625,2,Eastbound/Westbound,True,False,6.958667085920608,False,False,True,6.663230253317434,n00055,False
east_42nd_street_037,East 42nd Street,east_42nd_street,east_42nd_street#0,718.6873222651575,40.749713,-73.971927,mid_block,656.1152372282507,718.9746605831363,313.4040829304391,261.53196040621,2,Eastbound/Westbound,True,False,26.624825941016013,False,False,True,3.8869635224280943,n00494,True
east_42nd_street_038,East 42nd Street,east_42nd_street,east_42nd_street#0,738.6717566213447,40.749625,-73.97172,mid_block,656.0707630867087,738.9590454520155,313.32740073567265,281.55084474959983,2,Eastbound/Westbound,True,False,46.580418919658314,False,False,True,3.9088421757881773,n00495,True
east_42nd_street_039,East 42nd Street,east_42nd_street,east_42nd_street#0,758.6561909789611,40.749537,-73.971513,mid_block,656.0262889450607,758.9434303223238,313.25071854079766,301.5697290944212,2,Eastbound/Westbound,True,False,66.55332245902994,False,False,True,3.9302740444797863,n00496,True
east_42nd_street_040,East 42nd Street,east_42nd_street,east_42nd_street#0,778.5870533671999,40.74945,-73.971306,mid_block,656.0784952669696,778.8742243365839,313.2711630193415,321.53477524502904,2,Eastbound/Westbound,True,False,84.76933116247574,False,False,True,3.8978820067609337,n00497,True
east_42nd_street_041,East 42nd Street,east_42nd_street,east_42nd_street#0,798.5714877248164,40.749362,-73.971099,mid_block,656.0340211253217,798.8586092068922,313.1944808244665,341.55365958985044,2,Eastbound/Westbound,True,False,64.99758112624795,False,False,True,3.9194356385170557,n00498,True
east_42nd_street_042,East 42nd Street,east_42nd_street,east_42nd_street#0,818.5023501123843,40.749275,-73.970892,mid_block,656.0862274459628,818.7894032204847,313.2149253017387,361.51870573979176,2,Eastbound/Westbound,True,False,45.27057333309609,False,False,True,3.88701521828767,n00499,True
east_42nd_street_043,East 42nd Street,east_42nd_street,east_42nd_street#0,838.4867844696184,40.749187,-73.970685,mid_block,656.0417533050017,838.7737880904122,313.13824310755376,381.5375900842306,2,Eastbound/Westbound,True,False,25.778378239794982,False,False,True,3.908687587230261,n00500,True
east_42nd_street_044,East 42nd Street,east_42nd_street,east_42nd_street#0,858.4176468582361,40.7491,-73.970478,mid_block,656.0939596262238,858.704582105053,313.15868758540745,401.50263623522096,2,Eastbound/Westbound,True,False,8.963663667303656,False,False,True,3.876243665436208,n00501,True
east_42nd_street_045,East 42nd Street,east_42nd_street,east_42nd_street#0,878.4020812154704,40.749012,-73.970271,mid_block,656.0494854852627,878.6889669749805,313.0820053912226,421.52152057965986,2,Eastbound/Westbound,True,False,17.0530685598084,False,False,True,3.8979410706354236,n00502,True
east_42nd_street_046,East 42nd Street,east_42nd_street,east_42nd_street#0,898.332943604088,40.748925,-73.970064,mid_block,656.1016918064847,898.6197609896212,313.1024498690763,441.4865667306502,2,Eastbound/Westbound,True,False,14.010519923924447,False,False,True,3.8656524834167882,n00503,True
east_42nd_street_047,East 42nd Street,east_42nd_street,east_42nd_street#0,918.3180869198223,40.748833,-73.96986,mid_block,655.5478377491704,918.5972282723785,312.5145006232521,461.4993382939571,2,Eastbound/Westbound,True,False,11.912110243869565,False,False,True,11.47533103690939,n00036,False
east_42nd_street_048,East 42nd Street,east_42nd_street,east_42nd_street#0,937.158277271294,40.748711,-73.969704,mid_block,650.1310407641907,936.641925080671,307.0485854203471,479.5838067818796,2,Eastbound/Westbound,True,False,6.660713247809712,False,False,True,4.854528433766263,n00042,True
lexington_avenue_001,Lexington Avenue,lexington_avenue,lexington_avenue#0,0.0,40.746378,-73.979765,avenue_canyon,13.221254661043417,319.5666483076443,-331.24527448544336,-137.533337879094,2,Northbound/Southbound,True,False,4.02295104354412,True,False,False,5.984949638531966,n00127,False
lexington_avenue_002,Lexington Avenue,lexington_avenue,lexington_avenue#0,19.922120332799324,40.746535,-73.979649,avenue_canyon,33.1428658135427,319.7090830054977,-311.24965294563015,-137.42259947040844,2,Northbound/Southbound,True,False,16.308399605384132,False,False,True,5.715814329179795,n00528,False
lexington_avenue_003,Lexington Avenue,lexington_avenue,lexington_avenue#0,39.761960092839416,40.746692,-73.979535,avenue_canyon,52.98270492168376,319.70399703028244,-291.3358716474138,-137.45950476586663,2,Northbound/Southbound,True,False,36.11142142428762,False,False,True,5.8053421569178,n00527,False
lexington_avenue_004,Lexington Avenue,lexington_avenue,lexington_avenue#0,59.69856601130893,40.74685,-73.979421,avenue_canyon,72.91922449200786,319.6453201997806,-271.32496367715885,-137.5502482547733,2,Northbound/Southbound,True,False,29.468492424834032,False,False,True,5.797625447684007,n00526,False
lexington_avenue_005,Lexington Avenue,lexington_avenue,lexington_avenue#0,79.6917454964251,40.747009,-73.979308,avenue_canyon,92.91153850262643,319.45929217798175,-251.25784915537292,-137.7686517886758,2,Northbound/Southbound,True,False,10.280565913490358,False,False,True,10.09705168110763,n00185,False
lexington_avenue_006,Lexington Avenue,lexington_avenue,lexington_avenue#0,99.61386582922451,40.747166,-73.979192,avenue_canyon,112.8331496551258,319.60172687583514,-231.2622276155597,-137.65791337999025,2,Northbound/Southbound,True,False,12.004539067749704,False,False,True,5.741079655549321,n00525,False
lexington_avenue_007,Lexington Avenue,lexington_avenue,lexington_avenue#0,119.53598616143536,40.747323,-73.979076,avenue_canyon,132.75476080704408,319.7441615726403,-211.266606076328,-137.5471749723538,2,Northbound/Southbound,True,False,31.245953946375497,False,False,True,5.748380705631373,n00524,False
lexington_avenue_008,Lexington Avenue,lexington_avenue,lexington_avenue#0,139.41682990326058,40.74748,-73.978961,avenue_canyon,152.63548593765478,319.8128359344835,-191.31190465702244,-137.51025841521556,2,Northbound/Southbound,True,False,27.374702277825218,False,False,True,5.797099698376655,n00523,False
lexington_avenue_009,Lexington Avenue,lexington_avenue,lexington_avenue#0,159.4353186667856,40.747638,-73.978845,avenue_canyon,172.65377755175618,319.9016797760019,-171.2191564457521,-137.45335820102758,2,Northbound/Southbound,True,False,7.366058954442584,False,False,True,14.292249301672811,n00523,False
lexington_avenue_010,Lexington Avenue,lexington_avenue,lexington_avenue#0,179.29113687588907,40.747796,-73.978733,avenue_canyon,192.50852507830302,319.6954822734797,-151.2900887165125,-137.69174539302892,2,Northbound/Southbound,True,False,12.501954190332079,False,False,True,5.78109026177973,n00522,False
lexington_avenue_011,Lexington Avenue,lexington_avenue,lexington_avenue#0,199.2685481629192,40.747954,-73.978618,avenue_canyon,212.4859306710968,319.7105657800361,-131.23826062516835,-137.7086670293392,2,Northbound/Southbound,True,False,32.47841147434146,False,False,True,5.732807510373595,n00521,False
lexington_avenue_012,Lexington Avenue,lexington_avenue,lexington_avenue#0,219.14939190415973,40.748111,-73.978503,avenue_canyon,232.36665580112646,319.7792401408311,-111.28355920644432,-137.67175047325006,2,Northbound/Southbound,True,False,26.52593558846398,False,False,True,5.781696092759891,n00520,False
lexington_avenue_013,Lexington Avenue,lexington_avenue,lexington_avenue#0,239.0715122369591,40.748268,-73.978387,avenue_canyon,252.2882669536258,319.92167483868445,-91.28793766663108,-137.56101206456452,2,Northbound/Southbound,True,False,8.172276413505086,False,False,True,6.5971509747686365,n00267,False
lexington_avenue_014,Lexington Avenue,lexington_avenue,lexington_avenue#0,258.95604724802064,40.748421,-73.978263,avenue_canyon,272.150244431709,320.868555647576,-71.35346185170957,-136.64434606789223,2,Northbound/Southbound,True,False,15.224134328296705,False,False,True,5.774788031528233,n00519,False
lexington_avenue_015,Lexington Avenue,lexington_avenue,lexington_avenue#0,278.93345853446897,40.748579,-73.978148,avenue_canyon,292.1276500239218,320.88363915308423,-51.30163376094691,-136.66126770525156,2,Northbound/Southbound,True,False,34.38692462737383,False,False,True,5.726566304316035,n00518,False
lexington_avenue_016,Lexington Avenue,lexington_avenue,lexington_avenue#0,298.81430227629414,40.748736,-73.978033,avenue_canyon,312.0083751545325,320.9523135149275,-31.346932341641377,-136.62435114811336,2,Northbound/Southbound,True,False,23.114671335905943,False,False,True,5.77540577348819,n00517,False
lexington_avenue_017,Lexington Avenue,lexington_avenue,lexington_avenue#0,318.7917135627424,40.748894,-73.977918,avenue_canyon,331.9857807467452,320.9673970204357,-11.295104250878715,-136.6412727854727,2,Northbound/Southbound,True,False,3.3429012536475535,True,False,False,6.9828723157657375,n00300,False
lexington_avenue_018,Lexington Avenue,lexington_avenue,lexington_avenue#0,338.728319481212,40.749052,-73.977804,avenue_canyon,351.92230031706936,320.90872018993383,8.71580371937624,-136.7320162743794,2,Northbound/Southbound,True,False,16.873004664621405,False,False,True,5.7193659149458025,n00516,False
lexington_avenue_019,Lexington Avenue,lexington_avenue,lexington_avenue#0,358.5681592418328,40.749209,-73.97769,avenue_canyon,371.7621394257914,320.90363421576683,28.629585018174105,-136.7689215687885,2,Northbound/Southbound,True,False,36.690339244669204,False,False,True,5.80915599443096,n00515,False
lexington_avenue_020,Lexington Avenue,lexington_avenue,lexington_avenue#0,378.5455705282811,40.749367,-73.977575,avenue_canyon,391.73954501800415,320.9187177212751,48.68141310893675,-136.78584320614783,2,Northbound/Southbound,True,False,23.594169986312323,False,False,True,5.760950126438685,n00514,False
lexington_avenue_021,Lexington Avenue,lexington_avenue,lexington_avenue#0,398.5229818153112,40.749525,-73.97746,avenue_canyon,411.71695061079794,320.93380122783157,68.7332412002809,-136.80276484245817,2,Northbound/Southbound,True,False,3.6903032199687247,True,False,False,3.69658790654485,n00356,True
lexington_avenue_022,Lexington Avenue,lexington_avenue,lexington_avenue#0,418.36282157535123,40.749682,-73.977346,avenue_canyon,431.55678971893894,320.92871525261637,88.64702249849725,-136.8396701379163,2,Northbound/Southbound,True,False,16.25704423065708,False,False,True,5.802574085907169,n00513,False
lexington_avenue_023,Lexington Avenue,lexington_avenue,lexington_avenue#0,438.34023286179956,40.74984,-73.977231,avenue_canyon,451.53419531115173,320.9437987581247,108.6988505892599,-136.85659177527566,2,Northbound/Southbound,True,False,36.22313850484618,False,False,True,5.7543907704204456,n00512,False
lexington_avenue_024,Lexington Avenue,lexington_avenue,lexington_avenue#0,458.3176441488297,40.749998,-73.977116,avenue_canyon,471.5116009039455,320.9588822646811,128.75067868060407,-136.87351341158595,2,Northbound/Southbound,True,False,21.71552396062953,False,False,True,5.706222258178894,n00511,False
lexington_avenue_025,Lexington Avenue,lexington_avenue,lexington_avenue#0,478.1574839088697,40.750155,-73.977002,avenue_canyon,491.3514400120865,320.9537962894659,148.6644599788204,-136.91041870704413,2,Northbound/Southbound,True,False,1.8929531703561648,True,False,False,6.673301000071609,n00389,False
lexington_avenue_026,Lexington Avenue,lexington_avenue,lexington_avenue#0,498.17597267298044,40.750313,-73.976886,avenue_canyon,511.36973162676895,321.0426401320326,168.75720819067226,-136.85351849180708,2,Northbound/Southbound,True,False,18.14781236319452,False,False,True,5.706916574633874,n00510,False
lexington_avenue_027,Lexington Avenue,lexington_avenue,lexington_avenue#0,518.0568164142211,40.75047,-73.976771,avenue_canyon,531.2504567567987,321.11131449282755,188.7119096093963,-136.81660193571793,2,Northbound/Southbound,True,False,38.027414937268404,False,False,True,5.755856682479311,n00509,False
lexington_avenue_028,Lexington Avenue,lexington_avenue,lexington_avenue#0,537.9789367470204,40.750627,-73.976655,avenue_canyon,551.172067909298,321.25374919068094,208.70753114920953,-136.7058635270324,2,Northbound/Southbound,True,False,19.989596458670807,False,False,True,5.763815230521904,n00508,False
lexington_avenue_029,Lexington Avenue,lexington_avenue,lexington_avenue#0,557.9563480334688,40.750785,-73.97654,avenue_canyon,571.1494735015108,321.2688326961892,228.75935923997216,-136.72278516439175,2,Northbound/Southbound,True,False,1.7038502809485814,True,False,False,6.762171794998922,n00433,False
lexington_avenue_030,Lexington Avenue,lexington_avenue,lexington_avenue#0,577.8784683662681,40.750942,-73.976424,avenue_canyon,591.0710846540101,321.4112673940426,248.7549807797854,-136.6120467557062,2,Northbound/Southbound,True,False,20.065821529910078,False,False,True,5.723572812806694,n00507,False
lexington_avenue_031,Lexington Avenue,lexington_avenue,lexington_avenue#0,597.800588698479,40.751099,-73.976308,avenue_canyon,610.9926958059284,321.55370209084776,268.7506023190171,-136.50130834806973,2,Northbound/Southbound,True,False,39.95188404342229,False,False,True,5.731455023020883,n00506,False
lexington_avenue_032,Lexington Avenue,lexington_avenue,lexington_avenue#0,617.7642565404076,40.751256,-73.976191,avenue_canyon,630.9551929796294,321.7698971250921,288.7871439786479,-136.3167480874543,2,Northbound/Southbound,True,False,23.365900672149,False,False,True,14.302471195532585,n00506,False
lexington_avenue_033,Lexington Avenue,lexington_avenue,lexington_avenue#0,637.5901563407527,40.751412,-73.976075,avenue_canyon,650.7801236699456,321.96592267823223,308.68563884642253,-136.15217148532028,2,Northbound/Southbound,True,False,4.097797784865639,True,False,False,7.048486398255591,n00476,False
lexington_avenue_034,Lexington Avenue,lexington_avenue,lexington_avenue#0,657.5675676272011,40.75157,-73.97596,avenue_canyon,670.7575292621584,321.9810061837405,328.7374669371852,-136.1690931226796,2,Northbound/Southbound,True,False,16.671255041990374,False,False,True,5.754120199811906,n00504,False
madison_avenue_001,Madison Avenue,madison_avenue,madison_avenue#0,0.0,40.747694,-73.983018,avenue_canyon,7.450513675904972,9.098708925120604,-336.53972610726646,-448.5268843261642,2,Northbound/Southbound,True,False,12.363486477817354,False,False,True,4.529473617674294,n00530,True
madison_avenue_002,Madison Avenue,madison_avenue,madison_avenue#0,19.867648528243425,40.74785,-73.982901,avenue_canyon,27.316330387422852,9.36849481465174,-316.60031111967425,-448.28848587210024,2,Northbound/Southbound,True,False,12.424350665550461,False,False,True,11.89631337788458,n00112,False
madison_avenue_003,Madison Avenue,madison_avenue,madison_avenue#0,39.78976886045433,40.748007,-73.982785,avenue_canyon,47.23794153934119,9.51092951145688,-296.6046895804426,-448.1777474644639,2,Northbound/Southbound,True,False,30.767952925992997,False,False,True,4.460320493387131,n00531,True
madison_avenue_004,Madison Avenue,madison_avenue,madison_avenue#0,59.71188919325371,40.748164,-73.982669,avenue_canyon,67.15955269184053,9.653364209310269,-276.6090680406293,-448.0670090557782,2,Northbound/Southbound,True,False,34.06045734976708,False,False,True,4.452786749725657,n00532,True
madison_avenue_005,Madison Avenue,madison_avenue,madison_avenue#0,79.73037795736442,40.748322,-73.982553,avenue_canyon,87.17784430652296,9.7422080518769,-256.51631982877745,-448.0101088405412,2,Northbound/Southbound,True,False,14.626193728505516,False,False,True,4.542011596126962,n00533,True
madison_avenue_006,Madison Avenue,madison_avenue,madison_avenue#0,99.58619616646791,40.74848,-73.982441,avenue_canyon,107.03259183306983,9.536010549354614,-236.58725209953784,-448.2484960325425,2,Northbound/Southbound,True,False,8.387733694475948,False,False,True,8.761088633861446,n00200,False
madison_avenue_007,Madison Avenue,madison_avenue,madison_avenue#0,119.56360745291619,40.748638,-73.982326,avenue_canyon,127.00999742528256,9.551094054862915,-216.53542400877524,-448.2654176699019,2,Northbound/Southbound,True,False,26.817797654013532,False,False,True,4.518313380669115,n00534,True
madison_avenue_008,Madison Avenue,madison_avenue,madison_avenue#0,139.44445119415678,40.748795,-73.982211,avenue_canyon,146.89072255531227,9.619768415657916,-196.5807225900512,-448.2285011138128,2,Northbound/Southbound,True,False,34.21646086504808,False,False,True,4.469433359162042,n00535,True
madison_avenue_009,Madison Avenue,madison_avenue,madison_avenue#0,159.42186248118688,40.748953,-73.982096,avenue_canyon,166.86812814810602,9.634851922214352,-176.52889449870702,-448.245422750123,2,Northbound/Southbound,True,False,16.06807291223014,False,False,True,4.517796321952305,n00536,True
madison_avenue_010,Madison Avenue,madison_avenue,madison_avenue#0,179.3439828139863,40.74911,-73.98198,avenue_canyon,186.7897393006054,9.777286620067798,-156.5332729588938,-448.1346843414375,2,Northbound/Southbound,True,False,12.061364597769792,False,False,True,9.202246043644601,n00203,False
madison_avenue_011,Madison Avenue,madison_avenue,madison_avenue#0,199.26610314619714,40.749267,-73.981864,avenue_canyon,206.71135045252367,9.919721316872938,-136.5376514196621,-448.02394593380103,2,Northbound/Southbound,True,False,28.7498142927019,False,False,True,4.504255977863855,n00537,True
madison_avenue_012,Madison Avenue,madison_avenue,madison_avenue#0,219.1882234783123,40.749424,-73.981748,avenue_canyon,226.63296160433606,10.062156015107064,-116.54202988053896,-447.9132075247329,2,Northbound/Southbound,True,False,30.949820182252353,False,False,True,4.496661026325743,n00538,True
madison_avenue_013,Madison Avenue,madison_avenue,madison_avenue#0,239.11034381052315,40.749581,-73.981632,avenue_canyon,246.55457275625434,10.20459071191226,-96.54640834130726,-447.8024691170965,2,Northbound/Southbound,True,False,11.667375711176204,False,False,True,4.489060486191781,n00539,True
madison_avenue_014,Madison Avenue,madison_avenue,madison_avenue#0,259.08775509755327,40.749739,-73.981517,avenue_canyon,266.53197834904813,10.219674218468754,-76.4945802499631,-447.81939075340665,2,Northbound/Southbound,True,False,10.506716791729064,False,False,True,12.25954585212283,n00282,False
madison_avenue_015,Madison Avenue,madison_avenue,madison_avenue#0,278.92759485759336,40.749896,-73.981403,avenue_canyon,286.3718174571892,10.214588243253559,-56.58079895174674,-447.8562960488649,2,Northbound/Southbound,True,False,29.580267366980205,False,False,True,4.4475224311161625,n00540,True
madison_avenue_016,Madison Avenue,madison_avenue,madison_avenue#0,298.8642007760629,40.750054,-73.981289,avenue_canyon,306.3083370275133,10.155911412751607,-36.56989098149177,-447.9470395377716,2,Northbound/Southbound,True,False,30.453761332485566,False,False,True,4.454925381919378,n00541,True
madison_avenue_017,Madison Avenue,madison_avenue,madison_avenue#0,318.80080669511034,40.750212,-73.981175,avenue_canyon,326.24485659841844,10.097234583297904,-16.55898301065534,-448.0377830256292,2,Northbound/Southbound,True,False,13.156827219000307,False,False,True,4.462341742277346,n00542,True
madison_avenue_018,Madison Avenue,madison_avenue,madison_avenue#0,338.793986180917,40.750371,-73.981062,avenue_canyon,346.237170609724,9.911206561118263,3.508131511820693,-448.2561865599143,2,Northbound/Southbound,True,False,14.577708721019198,False,False,True,12.397223539815586,n00285,False
madison_avenue_019,Madison Avenue,madison_avenue,madison_avenue#0,358.6900605147323,40.750529,-73.980949,avenue_canyon,366.13280415815944,9.778769394606172,23.47811936156799,-448.42075190036826,2,Northbound/Southbound,True,False,32.34770353603254,False,False,True,4.494099132508204,n00543,True
madison_avenue_020,Madison Avenue,madison_avenue,madison_avenue#0,378.5861348485476,40.750687,-73.980836,avenue_canyon,386.0284377065949,9.646332228094082,43.44810721131526,-448.5853172408223,2,Northbound/Southbound,True,False,28.528534648013867,False,False,True,4.460921176971217,n00544,True
madison_avenue_021,Madison Avenue,madison_avenue,madison_avenue#0,398.57931433435425,40.750846,-73.980723,avenue_canyon,406.02075171790045,9.46030420591444,63.51522173379129,-448.8037207751073,2,Northbound/Southbound,True,False,10.352183496205688,False,False,True,4.5253751823585775,n00545,True
madison_avenue_022,Madison Avenue,madison_avenue,madison_avenue#0,418.5014346658809,40.751003,-73.980607,avenue_canyon,425.9423628691318,9.60273890310043,83.51084327233289,-448.6929823670883,2,Northbound/Southbound,True,False,14.239434789503788,False,False,True,4.519411646084488,n00546,True
madison_avenue_023,Madison Avenue,madison_avenue,madison_avenue#0,438.4380405856165,40.751161,-73.980493,avenue_canyon,445.87888244072394,9.54406207326599,103.52175124385948,-448.7837258553285,2,Northbound/Southbound,True,False,33.01821088503046,False,False,True,4.526668953507575,n00547,True
madison_avenue_024,Madison Avenue,madison_avenue,madison_avenue#0,458.33411491943184,40.751319,-73.98038,avenue_canyon,465.77451598915945,9.411624906753843,123.49173909360675,-448.9482911957824,2,Northbound/Southbound,True,False,27.682811196424257,False,False,True,4.49352748851485,n00548,True
madison_avenue_025,Madison Avenue,madison_avenue,madison_avenue#0,478.2301892532471,40.751477,-73.980267,avenue_canyon,485.67014953759485,9.279187740241753,143.46172694335402,-449.1128565362365,2,Northbound/Southbound,True,False,10.33869521031355,False,False,True,4.460478043793219,n00549,True
madison_avenue_026,Madison Avenue,madison_avenue,madison_avenue#0,498.2356738365708,40.751634,-73.980149,avenue_canyon,505.6735327338715,9.569143110115533,163.53918872418257,-448.8544744244562,2,Northbound/Southbound,True,False,15.77463232872884,False,False,True,13.793977222143056,n00374,False
madison_avenue_027,Madison Avenue,madison_avenue,madison_avenue#0,518.1165175771257,40.751791,-73.980034,avenue_canyon,525.5542578632142,9.637817471291271,183.49389014221651,-448.81755786798453,2,Northbound/Southbound,True,False,34.340952351113366,False,False,True,4.488160538932957,n00550,True
madison_avenue_028,Madison Avenue,madison_avenue,madison_avenue#0,538.0939288648426,40.751949,-73.979919,avenue_canyon,545.531663456695,9.65290097746697,203.54571823425084,-448.83447950467735,2,Northbound/Southbound,True,False,26.096441876215277,False,False,True,4.536249416006672,n00551,True
madison_avenue_029,Madison Avenue,madison_avenue,madison_avenue#0,557.9747726053974,40.752106,-73.979804,avenue_canyon,565.4123885860377,9.721575338642765,223.50041965228476,-448.7975629482057,2,Northbound/Southbound,True,False,10.554321245475217,False,False,True,4.487113011603634,n00552,True
madison_avenue_030,Madison Avenue,madison_avenue,madison_avenue#0,577.8556163472226,40.752263,-73.979689,avenue_canyon,585.2931137166483,9.790249700485958,243.45512107159027,-448.7606463910675,2,Northbound/Southbound,True,False,18.21486183511548,False,False,True,4.4380636028575955,n00553,True
madison_avenue_031,Madison Avenue,madison_avenue,madison_avenue#0,597.8741051107477,40.752421,-73.979573,avenue_canyon,605.3114053307497,9.879093542004398,263.5478692828606,-448.7037461768795,2,Northbound/Southbound,True,False,36.4844129142076,False,False,True,4.527105360404311,n00554,True
madison_avenue_032,Madison Avenue,madison_avenue,madison_avenue#0,617.7549488525729,40.752578,-73.979458,avenue_canyon,625.1921304613604,9.947767903847591,283.50257070216617,-448.6668296197413,2,Northbound/Southbound,True,False,31.26639905575016,False,False,True,4.478012927414436,n00555,True
madison_avenue_033,Madison Avenue,madison_avenue,madison_avenue#0,637.7323601390212,40.752736,-73.979343,avenue_canyon,645.1695360535732,9.962851409355835,303.55439879292885,-448.68375125710065,2,Northbound/Southbound,True,False,13.75156269950401,False,False,True,4.526138440963722,n00556,True
madison_avenue_034,Madison Avenue,madison_avenue,madison_avenue#0,657.6000086679464,40.752892,-73.979226,avenue_canyon,665.035352765778,10.23263729850612,323.4938137812111,-448.44535280341927,2,Northbound/Southbound,True,False,14.068036283743108,False,False,True,12.090384972673052,n00461,False
tudor_city_place_001,Tudor City Place,tudor_city_place,tudor_city_place#0,0.0,40.74793,-73.971307,mid_block,509.0833063551348,860.2585642424026,165.5977010267794,403.2950076421414,2,Eastbound/Westbound,False,False,14.892803771533012,False,True,False,16.39703806716858,n00414,False
tudor_city_place_002,Tudor City Place,tudor_city_place,tudor_city_place#0,19.94227134436195,40.748085,-73.971186,mid_block,529.0159866927112,860.8769823308804,185.60366982505383,403.8825316954605,2,Eastbound/Westbound,False,False,34.83457519373162,False,True,False,35.72294354484114,n00414,False
tudor_city_place_003,Tudor City Place,tudor_city_place,tudor_city_place#0,39.8845426886623,40.74824,-73.971065,mid_block,548.9486670301816,861.4954004207871,205.6096386232197,404.4700557502113,2,Eastbound/Westbound,False,False,22.436518643207027,False,True,False,23.77127820145571,n00458,False
tudor_city_place_004,Tudor City Place,tudor_city_place,tudor_city_place#0,59.76907769972392,40.748393,-73.970941,mid_block,568.8106445082649,862.4422812296787,225.5441144381412,405.38672174688367,2,Eastbound/Westbound,False,False,4.584841968357546,True,True,False,9.27511371251651,n00458,False
tudor_city_place_005,Tudor City Place,tudor_city_place,tudor_city_place#0,139.46381084015667,40.749019,-73.970473,mid_block,648.4672722794955,863.4142430754197,305.4960277333859,406.2326391744282,2,Eastbound/Westbound,False,False,8.963663667303656,False,True,False,11.514327748427327,n00501,False
tudor_city_place_006,Tudor City Place,tudor_city_place,tudor_city_place#0,119.52720492168729,40.748861,-73.970587,mid_block,628.5307527091716,863.4729199059216,285.4851197631309,406.3233826633348,2,Eastbound/Westbound,False,False,27.972619128988008,False,True,False,28.991357460023796,n00501,False
tudor_city_place_007,Tudor City Place,tudor_city_place,tudor_city_place#0,99.63113058787192,40.748703,-73.9707,mid_block,608.635119160736,863.6053570724337,265.51513191338364,406.4879480037888,2,Eastbound/Westbound,False,False,37.791415050938305,False,True,False,38.84474151126695,n00458,False
tudor_city_place_008,Tudor City Place,tudor_city_place,tudor_city_place#0,159.37347778243355,40.749175,-73.970355,mid_block,668.3739750135892,863.7577893005803,325.4763628421759,406.5448594796568,2,Eastbound/Westbound,False,False,13.279069277432846,False,True,False,15.21635038670142,n00501,False
tudor_city_place_009,Tudor City Place,tudor_city_place,tudor_city_place#0,79.69452466882444,40.748545,-73.970814,mid_block,588.6985995898309,863.6640339018875,245.5042239425472,406.5786914916464,2,Eastbound/Westbound,False,False,18.25087154587012,False,True,False,20.238475739597927,n00458,False
